model,station,method,period,scenario,y0,y1,n_days,wet_day_pct,PRCPTOT,SDII,mean_daily,sd_daily,sd_wet,q50,q90,q95,q99,Rx1day,Rx5day,R10mm,R20mm,R50mm,CDD,CWD,R95p,R99p,n_days_obs,wet_day_pct_obs,PRCPTOT_obs,SDII_obs,mean_daily_obs,sd_daily_obs,sd_wet_obs,q50_obs,q90_obs,q95_obs,q99_obs,Rx1day_obs,Rx5day_obs,R10mm_obs,R20mm_obs,R50mm_obs,CDD_obs,CWD_obs,R95p_obs,R99p_obs,wet_day_pct_bias_pct,PRCPTOT_bias_pct,SDII_bias_pct,mean_daily_bias_pct,sd_daily_bias_pct,sd_wet_bias_pct,q50_bias_pct,q90_bias_pct,q95_bias_pct,q99_bias_pct,Rx1day_bias_pct,Rx5day_bias_pct,R10mm_bias_pct,R20mm_bias_pct,R50mm_bias_pct,CDD_bias_pct,CWD_bias_pct,R95p_bias_pct,R99p_bias_pct,homogeneous_gauge
ACCESS-ESM1-5,351001,raw,validation,historical,2003,2014,4383,45.493953912845086,603.6341666666667,3.632703109327984,1.855997262149213,3.970765353832957,5.36366692199429,2.127,6.8942000000000005,10.39359999999999,25.492169999999973,35.85075,94.519,9.166666666666666,2.833333333333333,0.3333333333333333,15.5,13.583333333333334,32.417750000000005,19.572166666666664,4383,22.86105407255305,981.1,11.749700598802397,2.718046999771845,9.121942570414795,16.072904114176634,5.5,28.8,41.374999999999964,74.37000000000003,93.41666666666669,162.36666666666665,28.75,15.0,3.083333333333333,53.833333333333336,8.0,263.3916666666667,90.1,99.00199600798403,-38.473736961913495,-69.0825899878823,-31.71577745693852,-56.47017810974448,-66.62913631604742,-61.32727272727273,-76.06180555555555,-74.87951661631419,-65.72250907624047,-61.62274754683319,-41.786696776842525,-68.11594202898551,-81.1111111111111,-89.18918918918918,-71.20743034055728,69.79166666666667,-87.69218843926978,-78.27728449870514,True
ACCESS-ESM1-5,351001,qm,validation,historical,2003,2014,4383,24.412502851927904,1138.1863724214804,12.764706980427816,3.1161844556371814,9.236623939178054,15.048083197951112,6.9,31.001815397425368,40.74373240066151,74.08962667835173,67.6801708710122,207.72787720078327,35.416666666666664,20.0,3.1666666666666665,38.66666666666666,8.833333333333334,239.76684398745772,79.38485076400356,4383,22.86105407255305,981.1,11.749700598802397,2.718046999771845,9.121942570414795,16.072904114176634,5.5,28.8,41.374999999999964,74.37000000000003,93.41666666666669,162.36666666666665,28.75,15.0,3.083333333333333,53.833333333333336,8.0,263.3916666666667,90.1,6.786427145708588,16.01124986458877,8.638572303100867,14.647923891630857,1.2572033629679216,-6.376078081132886,25.45454545454546,7.645192352171413,-1.5257222944736142,-0.3769978777037758,-27.55021851452754,27.937514186481195,23.18840579710144,33.333333333333336,2.702702702702693,-28.173374613003105,10.416666666666677,-8.969464743585519,-11.892507476133684,True
ACCESS-ESM1-5,351001,detqm,validation,historical,2003,2014,4383,24.412502851927904,1150.3623391275248,12.9012598780657,3.149520435667419,9.202111959237875,14.872277521277384,7.342667553689998,30.985151143603588,40.75560502582195,73.50254302438182,67.62519716374332,205.7876921998073,35.916666666666664,20.166666666666668,3.1666666666666665,38.66666666666666,8.833333333333334,244.622928970497,79.3527004977593,4383,22.86105407255305,981.1,11.749700598802397,2.718046999771845,9.121942570414795,16.072904114176634,5.5,28.8,41.374999999999964,74.37000000000003,93.41666666666669,162.36666666666665,28.75,15.0,3.083333333333333,53.833333333333336,8.0,263.3916666666667,90.1,6.786427145708588,17.25230242865404,9.800754236926489,15.874392014994278,0.8788631171949443,-7.469879645709288,33.503046430727245,7.587330359734677,-1.497027127922695,-1.1664071206376367,-27.609066372442477,26.74257372190969,24.927536231884048,34.44444444444445,2.702702702702693,-28.173374613003105,10.416666666666677,-7.125790247541262,-11.928190346549064,True
ACCESS-ESM1-5,351001,qdm,validation,historical,2003,2014,4383,24.412502851927904,1114.586644373933,12.500037133165604,3.0515719216261,9.326868622436988,15.43927051961458,6.586180010669294,31.168733477978627,40.17073620718601,70.52954471203611,73.32638123047082,207.63285717497675,33.833333333333336,19.25,3.1666666666666665,38.66666666666666,8.833333333333334,242.0222616830281,54.76843591809834,4383,22.86105407255305,981.1,11.749700598802397,2.718046999771845,9.121942570414795,16.072904114176634,5.5,28.8,41.374999999999964,74.37000000000003,93.41666666666669,162.36666666666665,28.75,15.0,3.083333333333333,53.833333333333336,8.0,263.3916666666667,90.1,6.786427145708588,13.605814328196209,6.3860055671519484,12.270756240868929,2.246517673623888,-3.9422470890196792,19.74872746671443,8.224769020759117,-2.9106073542331243,-5.163984520591527,-21.50610394597237,27.8789923064936,17.681159420289863,28.33333333333333,2.702702702702693,-28.173374613003105,10.416666666666677,-8.113166697366513,-39.21372262142249,True
ACCESS-ESM1-5,351002,raw,validation,historical,2003,2014,4383,45.493953912845086,603.6341666666667,3.632703109327984,1.855997262149213,3.970765353832957,5.36366692199429,2.127,6.8942000000000005,10.39359999999999,25.492169999999973,35.85075,94.519,9.166666666666666,2.833333333333333,0.3333333333333333,15.5,13.583333333333334,39.32633333333333,19.572166666666664,4260,22.558685446009388,953.3833333333332,11.904890738813735,2.704319248826291,8.907471195086408,15.573592332506047,6.4,27.3,40.5,76.75999999999995,83.525,155.54166666666666,28.916666666666668,14.083333333333334,2.583333333333333,55.5,11.583333333333334,241.15833333333333,104.84166666666664,101.66934825048916,-36.68505148331381,-69.48562411006247,-31.369150925700097,-55.42208033158351,-65.55921840332911,-66.765625,-74.74652014652014,-74.33679012345681,-66.78977331943722,-57.07782101167316,-39.23236003214572,-68.29971181556196,-79.88165680473372,-87.09677419354838,-72.07207207207207,17.26618705035971,-83.69273299008259,-81.33169064462284,True
ACCESS-ESM1-5,351002,qm,validation,historical,2003,2014,4383,26.465890942276975,1214.6430939770305,12.56527338596928,3.3255115509295843,9.126417903439204,14.09652459599848,7.3,31.59594961344358,40.0,70.71442582074116,61.80708561945482,201.7085968085392,38.75,20.166666666666668,3.1666666666666665,37.66666666666666,9.333333333333334,249.2246470332062,70.51764308617912,4260,22.558685446009388,953.3833333333332,11.904890738813735,2.704319248826291,8.907471195086408,15.573592332506047,6.4,27.3,40.5,76.75999999999995,83.525,155.54166666666666,28.916666666666668,14.083333333333334,2.583333333333333,55.5,11.583333333333334,241.15833333333333,104.84166666666664,17.320182532882345,27.403432754613974,5.547154204468988,22.97037608902494,2.4580119717206887,-9.484438175670965,14.062499999999991,15.736079170123,-1.2345679012345678,-7.875943433114639,-26.001693361921795,29.681390929679623,34.0057636887608,43.19526627218935,22.58064516129031,-32.132132132132135,-19.42446043165468,3.3448206364585635,-32.73891447149276,True
ACCESS-ESM1-5,351002,detqm,validation,historical,2003,2014,4383,26.465890942276975,1224.373166130849,12.665929304801889,3.352151036634768,9.060711886469848,13.86811976105152,7.315468848444345,31.582387249437925,39.41625044764051,69.92398800908525,60.87428255931144,199.3961576249998,38.75,20.0,3.083333333333333,37.66666666666666,9.333333333333334,246.2861177043492,50.745093997115966,4260,22.558685446009388,953.3833333333332,11.904890738813735,2.704319248826291,8.907471195086408,15.573592332506047,6.4,27.3,40.5,76.75999999999995,83.525,155.54166666666666,28.916666666666668,14.083333333333334,2.583333333333333,55.5,11.583333333333334,241.15833333333333,104.84166666666664,17.320182532882345,28.42401616672368,6.392654772604703,23.955447866950045,1.720361346416379,-10.951054419825626,14.304200756942883,15.6864001810913,-2.6759248206407222,-8.905695662994663,-27.118488405493643,28.19469014197684,34.0057636887608,42.01183431952662,19.35483870967742,-32.132132132132135,-19.42446043165468,2.1263144010570576,-51.59835243896418,True
ACCESS-ESM1-5,351002,qdm,validation,historical,2003,2014,4383,26.14647501711157,1170.843788134977,12.260144378376722,3.2087848990911785,8.756874974318904,13.506668272209208,6.83875252151579,31.656204864313374,39.52382854353527,66.31430689615203,59.352916711147365,187.120923090282,37.75,19.08333333333333,3.0,38.25,9.333333333333334,223.17142187406543,6.151959097416765,4260,22.558685446009388,953.3833333333332,11.904890738813735,2.704319248826291,8.907471195086408,15.573592332506047,6.4,27.3,40.5,76.75999999999995,83.525,155.54166666666666,28.916666666666668,14.083333333333334,2.583333333333333,55.5,11.583333333333334,241.15833333333333,104.84166666666664,15.904249295416523,22.809340922851295,2.984098278237421,18.65407164793254,-1.690673115514275,-13.271980004142302,6.855508148684214,15.956794374774258,-2.4102998925055146,-13.60825052611767,-28.939938089018423,20.302763304762053,30.54755043227665,35.50295857988164,16.12903225806451,-31.08108108108108,-19.42446043165468,-7.45854858534208,-94.1321429799697,True
ACCESS-ESM1-5,351003,raw,validation,historical,2003,2014,4383,31.94159251654118,431.4455833333333,3.698105,1.3863798767967146,3.997896064108271,6.482900353818858,2.0065,6.675200000000004,11.105199999999996,31.69672,42.72608333333333,91.52783333333332,7.0,2.0,0.3333333333333333,23.666666666666668,10.5,28.38475,18.27433333333333,4323,54.61485079805691,1439.4833333333331,7.316306649724693,4.049201943095073,8.192055563250843,9.96630897017431,4.6,14.3,20.5,56.700000000000045,61.36666666666667,124.44166666666663,38.583333333333336,10.75,2.333333333333333,36.5,77.66666666666667,164.33333333333334,41.266666666666666,-41.51482234264823,-70.02774722411976,-49.45393656867626,-65.76165139995432,-51.19788881751932,-34.95184252043641,-56.380434782608695,-53.32027972027969,-45.82829268292686,-44.09749559082897,-30.375746876697452,-26.44920645550124,-81.8574514038877,-81.3953488372093,-85.71428571428571,-35.15981735159817,-86.48068669527896,-82.72733265720082,-55.716478190630056,False
ACCESS-ESM1-5,351003,qm,validation,historical,2003,2014,4383,26.694045174537987,1657.702373486732,17.002075625504943,4.538541748081402,12.351585989526187,18.96814920594305,10.25,39.12625653472743,55.1148017243947,87.84720456737014,97.20011542864964,277.624812670107,49.833333333333336,28.75,6.166666666666667,29.166666666666668,9.916666666666666,418.4678298230196,147.4184562489462,4323,54.61485079805691,1439.4833333333331,7.316306649724693,4.049201943095073,8.192055563250843,9.96630897017431,4.6,14.3,20.5,56.700000000000045,61.36666666666667,124.44166666666663,38.583333333333336,10.75,2.333333333333333,36.5,77.66666666666667,164.33333333333334,41.266666666666666,-51.123101529213166,15.15953919717018,132.38604448249473,12.084845652629854,50.775173509989294,90.32270886551991,122.82608695652176,173.6101855575344,168.85269133851074,54.93334138865973,58.39236626070014,123.0963471533707,29.15766738660907,167.4418604651163,164.28571428571428,-20.09132420091324,-87.23175965665236,154.64573822901798,257.2337388908228,False
ACCESS-ESM1-5,351003,detqm,validation,historical,2003,2014,4383,26.694045174537987,1637.365144476592,16.793488661298383,4.482861449627904,12.546417701478568,19.574124822289274,9.765503561939113,40.34105341574716,55.62091159191407,89.28707346835346,99.6958889617278,281.955603326635,47.333333333333336,27.416666666666668,6.25,29.166666666666668,9.916666666666666,432.8776077220705,149.59507497946717,4323,54.61485079805691,1439.4833333333331,7.316306649724693,4.049201943095073,8.192055563250843,9.96630897017431,4.6,14.3,20.5,56.700000000000045,61.36666666666667,124.44166666666663,38.583333333333336,10.75,2.333333333333333,36.5,77.66666666666667,164.33333333333334,41.266666666666666,-51.123101529213166,13.746724714417825,129.53505730832524,10.70975250499254,53.15347417516524,96.40294998748092,112.29355569432852,182.10526864158848,171.32151996055646,57.472792713145296,62.45935192025171,126.5765244706101,22.678185745140382,155.0387596899225,167.85714285714283,-20.09132420091324,-87.23175965665236,163.41436575379538,262.50825923941966,False
ACCESS-ESM1-5,351003,qdm,validation,historical,2003,2014,4383,26.648414328085785,1661.4585926946163,17.069780061930988,4.549281693697161,12.687094750918982,19.761143074305075,10.098018943994434,40.46566045201913,56.954356479401255,91.93256382146122,100.35922468384996,286.3626434650077,48.91666666666666,27.83333333333333,7.166666666666667,29.166666666666668,9.916666666666666,461.8234837143518,180.4491533817244,4323,54.61485079805691,1439.4833333333331,7.316306649724693,4.049201943095073,8.192055563250843,9.96630897017431,4.6,14.3,20.5,56.700000000000045,61.36666666666667,124.44166666666663,38.583333333333336,10.75,2.333333333333333,36.5,77.66666666666667,164.33333333333334,41.266666666666666,-51.20665178300938,15.420481378361425,133.31143538896518,12.350081760057725,54.870711666467,98.27945464507762,119.52215095640076,182.97664651761627,177.826129167811,62.1385605316775,63.54029008775115,130.11797506061023,26.781857451403877,158.91472868217053,207.14285714285717,-20.09132420091324,-87.23175965665236,181.02848907567045,337.2758159492513,False
ACCESS-ESM1-5,351004,raw,validation,historical,2003,2014,4383,31.94159251654118,431.4455833333333,3.698105,1.3863798767967146,3.997896064108271,6.482900353818858,2.0065,6.675200000000004,11.105199999999996,31.69672,42.72608333333333,91.52783333333332,7.0,2.0,0.3333333333333333,23.666666666666668,10.5,35.587,18.27433333333333,4293,20.17237363149313,983.225,13.624364896073905,2.752830188679245,9.574806251378996,17.511262631813235,7.8,33.95,43.05,93.17500000000024,98.99166666666667,153.82500000000002,28.33333333333333,14.666666666666666,2.5,58.75,6.75,271.5083333333334,130.24166666666667,58.34325250982827,-56.11934365650453,-72.8566797189521,-49.63801681273071,-58.24567140946084,-62.97868126287376,-74.27564102564104,-80.3381443298969,-74.20394889663183,-65.98151864770603,-56.83870696186548,-40.49872690828324,-75.29411764705881,-86.36363636363636,-86.66666666666666,-59.71631205673759,55.55555555555556,-86.89285166201161,-85.96890396058609,True
ACCESS-ESM1-5,351004,qm,validation,historical,2003,2014,4383,28.38238649326945,1422.8066792979168,13.72482327297026,3.8954323868526126,10.833760590430774,16.695972383404357,7.3,33.8,44.23852646617408,78.0785604437433,88.87073659389317,245.4423180755041,43.0,23.75,3.1666666666666665,28.416666666666668,10.0,376.7580126969383,135.63663446303573,4293,20.17237363149313,983.225,13.624364896073905,2.752830188679245,9.574806251378996,17.511262631813235,7.8,33.95,43.05,93.17500000000024,98.99166666666667,153.82500000000002,28.33333333333333,14.666666666666666,2.5,58.75,6.75,271.5083333333334,130.24166666666667,40.69929008730455,44.70814709734972,0.7373435581228777,41.50645408032111,13.148614248674315,-4.655805041309336,-6.410256410256411,-0.441826215022108,2.76080479947522,-16.202242614710922,-10.224022297607714,59.5594461729264,51.76470588235295,61.93181818181819,26.666666666666664,-51.63120567375886,48.14814814814815,38.76480624791317,4.142274845251053,True
ACCESS-ESM1-5,351004,detqm,validation,historical,2003,2014,4383,28.38238649326945,1405.4717014961486,13.557604837583426,3.847971804233124,11.000759533979082,17.172070607374977,6.932098233073162,34.88445126212665,46.03623566869,75.89733824075276,90.86461269868228,248.21154895242185,41.833333333333336,22.83333333333333,3.5,28.416666666666668,10.0,403.1233481460468,154.50582190637627,4293,20.17237363149313,983.225,13.624364896073905,2.752830188679245,9.574806251378996,17.511262631813235,7.8,33.95,43.05,93.17500000000024,98.99166666666667,153.82500000000002,28.33333333333333,14.666666666666666,2.5,58.75,6.75,271.5083333333334,130.24166666666667,40.69929008730455,42.94507376197194,-0.4900049213282221,39.78238905027799,14.89276383419993,-1.936993531363284,-11.126945729831249,2.752433761786893,6.936668219953559,-18.543237734636367,-8.209836485883722,61.35969377696852,47.64705882352943,55.68181818181818,40.0,-51.63120567375886,48.14814814814815,48.4754973067911,18.63010191800596,True
ACCESS-ESM1-5,351004,qdm,validation,historical,2003,2014,4383,28.38238649326945,1426.8191014245776,13.763528309561842,3.906417799930397,11.204364574217582,17.515303351159996,7.328424345289111,34.89104464694187,47.33390205038104,78.36094361113612,93.6387170840665,254.16313375674335,41.833333333333336,22.666666666666668,4.25,28.416666666666668,10.0,441.96096844511175,165.6678944657258,4293,20.17237363149313,983.225,13.624364896073905,2.752830188679245,9.574806251378996,17.511262631813235,7.8,33.95,43.05,93.17500000000024,98.99166666666667,153.82500000000002,28.33333333333333,14.666666666666666,2.5,58.75,6.75,271.5083333333334,130.24166666666667,40.69929008730455,45.116234984319725,1.021430463360837,41.90551295154971,17.019230259660773,0.0230749742706767,-6.045841727062676,2.771854630167507,9.95099198694784,-15.8991750886655,-5.4074749550637335,65.22875589581885,47.64705882352943,54.54545454545456,70.0,-51.63120567375886,48.14814814814815,62.77989077503269,27.200379652486365,True
ACCESS-ESM1-5,351005,raw,validation,historical,2003,2014,4383,45.493953912845086,603.6341666666667,3.632703109327984,1.855997262149213,3.970765353832957,5.36366692199429,2.127,6.8942000000000005,10.39359999999999,25.492169999999973,35.85075,94.519,9.166666666666666,2.833333333333333,0.3333333333333333,15.5,13.583333333333334,32.417750000000005,6.878166666666666,4321,34.390187456607265,1116.3166666666666,9.014670255720054,3.15464012959963,8.682538477501115,12.917248672151468,4.7,21.0,30.75,63.71500000000019,74.35,148.82500000000002,32.916666666666664,13.166666666666666,2.1666666666666665,48.583333333333336,26.5,183.75833333333333,75.14166666666667,32.28760084616664,-45.92626046969945,-59.702318484440006,-41.1661176584105,-54.267229979776985,-58.4767077097624,-54.74468085106384,-67.1704761904762,-66.199674796748,-59.99031625206011,-51.78110289172831,-36.48983705694608,-72.15189873417722,-78.48101265822784,-84.61538461538461,-68.09605488850772,-48.74213836477987,-82.3584871434402,-90.84640124209824,False
ACCESS-ESM1-5,351005,qm,validation,historical,2003,2014,4383,25.849874515172257,1320.5177382586835,13.986066071583588,3.6153805291134393,9.973843057401911,15.488925516304748,8.489470812875073,34.27722921499135,43.8269379696188,75.78464727158256,66.65502817315557,218.68015847496332,41.41666666666666,21.666666666666668,3.25,38.25,9.333333333333334,265.5105192071449,75.66691788929586,4321,34.390187456607265,1116.3166666666666,9.014670255720054,3.15464012959963,8.682538477501115,12.917248672151468,4.7,21.0,30.75,63.71500000000019,74.35,148.82500000000002,32.916666666666664,13.166666666666666,2.1666666666666665,48.583333333333336,26.5,183.75833333333333,75.14166666666667,-24.83357484518215,18.29239656537277,55.14783874328679,14.605165108715086,14.872431412160498,19.908859149685675,80.62703857181006,63.22490102376834,42.52662754347579,18.94318021122551,-10.349659484659616,46.93778496553894,25.822784810126585,64.55696202531648,50.00000000000001,-21.269296740994857,-64.77987421383648,44.488967869291145,0.6990146025895896,False
ACCESS-ESM1-5,351005,detqm,validation,historical,2003,2014,4383,24.412502851927904,1327.1578909787588,14.884013730602904,3.647543811872176,9.903493818422028,15.323029507596972,9.436688987289529,34.81055710828291,43.94912526973364,76.03022961681036,65.60585694198062,216.05447880384136,42.75,21.416666666666668,3.333333333333333,38.66666666666666,8.833333333333334,258.40665424692685,41.71847380963855,4321,34.390187456607265,1116.3166666666666,9.014670255720054,3.15464012959963,8.682538477501115,12.917248672151468,4.7,21.0,30.75,63.71500000000019,74.35,148.82500000000002,32.916666666666664,13.166666666666666,2.1666666666666665,48.583333333333336,26.5,183.75833333333333,75.14166666666667,-29.01317306650035,18.887223545776337,65.10879830749873,15.624719841977768,14.06219326392563,18.624560821780666,100.78061675084103,65.76455765849003,42.923984617019954,19.328619032896704,-11.760784207154508,45.17351171096344,29.873417721519,62.65822784810128,53.84615384615387,-20.411663807890232,-66.66666666666666,40.62309423441668,-44.48023891364505,False
ACCESS-ESM1-5,351005,qdm,validation,historical,2003,2014,4383,25.09696554871093,1267.8569066417035,13.831166254273132,3.4787147833444405,9.571370761858994,14.900842036920697,8.181400278875726,35.142771746577274,43.39864664910585,68.8350255423245,63.82059089195592,202.1537878583415,40.0,21.416666666666668,3.1666666666666665,38.41666666666666,9.083333333333334,240.8289246664076,6.540061369659838,4321,34.390187456607265,1116.3166666666666,9.014670255720054,3.15464012959963,8.682538477501115,12.917248672151468,4.7,21.0,30.75,63.71500000000019,74.35,148.82500000000002,32.916666666666664,13.166666666666666,2.1666666666666665,48.583333333333336,26.5,183.75833333333333,75.14166666666667,-27.02288819920597,13.575022616793666,53.42953055323216,10.27295160243652,10.23700944903488,15.356159930912332,74.072346359058,67.34653212655846,41.13381024099464,8.035824440593734,-14.16194903570151,35.833218786051724,21.51898734177216,62.65822784810128,46.15384615384616,-20.92624356775301,-65.72327044025157,31.057416715654227,-91.29635838572496,False
ACCESS-ESM1-5,351006,raw,validation,historical,2003,2014,4383,31.94159251654118,431.4455833333333,3.698105,1.3863798767967146,3.997896064108271,6.482900353818858,2.0065,6.675200000000004,11.105199999999996,31.69672,42.72608333333333,91.52783333333332,7.0,2.0,0.3333333333333333,23.666666666666668,10.5,91.37241666666668,70.332,4321,30.849340430455914,1029.2583333333332,9.265641410352588,2.9246239296459158,9.08685533163311,14.474928266861166,5.0,20.2,30.37999999999997,82.88000000000022,71.50833333333333,163.71666666666667,28.416666666666668,11.583333333333334,2.333333333333333,49.833333333333336,28.58333333333333,514.9833333333333,344.3333333333333,3.5406010982553933,-58.08189553966852,-60.08797625312726,-52.59630263079452,-56.003524671612,-55.212901685593984,-59.870000000000005,-66.95445544554454,-63.44568795260037,-61.75588803088813,-40.25020393893486,-44.093759543927526,-75.36656891495602,-82.73381294964028,-85.71428571428571,-52.50836120401338,-63.265306122448976,-82.25720897116412,-79.57444336882865,False
ACCESS-ESM1-5,351006,qm,validation,historical,2003,2014,4383,59.3429158110883,1312.9915266973169,6.057631034359017,3.594774884866028,5.479418866925776,5.973041787105673,4.1,13.172411255411244,18.2,29.303893165333573,34.469225404830404,117.27629538873371,35.166666666666664,8.25,0.0,10.166666666666666,16.333333333333332,335.7000555089428,82.26700708770274,4321,30.849340430455914,1029.2583333333332,9.265641410352588,2.9246239296459158,9.08685533163311,14.474928266861166,5.0,20.2,30.37999999999997,82.88000000000022,71.50833333333333,163.71666666666667,28.416666666666668,11.583333333333334,2.333333333333333,49.833333333333336,28.58333333333333,514.9833333333333,344.3333333333333,92.36364532611591,27.566761829859725,-34.62264762814187,22.914089857058908,-39.69950365721292,-58.73525811675124,-18.000000000000007,-34.79004329004335,-40.092165898617466,-64.64298604568835,-51.796911215713216,-28.3663063898603,23.753665689149543,-28.77697841726619,-100.0,-79.59866220735786,-42.85714285714286,-34.813413603881784,-76.10832320783076,False
ACCESS-ESM1-5,351006,detqm,validation,historical,2003,2014,4383,59.3429158110883,1345.7644989415314,6.208832751748703,3.68450239272151,5.786735269208737,6.3842094466697565,4.0829781932424485,13.836759432654963,19.053898235131427,32.20599108016127,37.16889606741272,125.58666809519676,35.333333333333336,10.083333333333334,0.1666666666666666,10.166666666666666,16.333333333333332,365.8212569190939,124.91614712346248,4321,30.849340430455914,1029.2583333333332,9.265641410352588,2.9246239296459158,9.08685533163311,14.474928266861166,5.0,20.2,30.37999999999997,82.88000000000022,71.50833333333333,163.71666666666667,28.416666666666668,11.583333333333334,2.333333333333333,49.833333333333336,28.58333333333333,514.9833333333333,344.3333333333333,92.36364532611591,30.75089657842928,-32.99079387195455,25.982091419445965,-36.31751515770272,-55.89470753174137,-18.34043613515103,-31.50119092745068,-37.281440964017634,-61.14142002876305,-48.02158806561559,-23.290236325849477,24.340175953079186,-12.949640287769784,-92.85714285714286,-79.59866220735786,-42.85714285714286,-28.964447344102936,-63.72231932522871,False
ACCESS-ESM1-5,351006,qdm,validation,historical,2003,2014,4383,58.90942276979238,1353.122480910704,6.288717959306138,3.708964942267051,5.860197425127427,6.488118197731501,4.083581893004115,14.02904039797149,19.28696491102096,30.499574338784385,38.2196018230546,128.23145025103022,35.833333333333336,10.333333333333334,0.0833333333333333,10.25,16.0,384.7410135249637,130.7914183967479,4321,30.849340430455914,1029.2583333333332,9.265641410352588,2.9246239296459158,9.08685533163311,14.474928266861166,5.0,20.2,30.37999999999997,82.88000000000022,71.50833333333333,163.71666666666667,28.416666666666668,11.583333333333334,2.333333333333333,49.833333333333336,28.58333333333333,514.9833333333333,344.3333333333333,90.95845145406815,31.46577852117181,-32.128627897474054,26.81852544084517,-35.50907094639286,-55.17685422603876,-18.328362139917704,-30.54930496053717,-36.51426954897638,-63.20032053718111,-46.55224077885383,-21.674773337454816,26.09970674486804,-10.79136690647482,-96.42857142857142,-79.4314381270903,-44.02332361516035,-25.29058930224985,-62.01604499610419,False
ACCESS-ESM1-5,351007,raw,validation,historical,2003,2014,4383,31.94159251654118,431.4455833333333,3.698105,1.3863798767967146,3.997896064108271,6.482900353818858,2.0065,6.675200000000004,11.105199999999996,31.69672,42.72608333333333,91.52783333333332,7.0,2.0,0.3333333333333333,23.666666666666668,10.5,98.17983333333332,75.08333333333333,4383,33.85808806753365,1182.6,9.562803234501349,3.2811316449920147,9.860763540229142,15.084697866912617,5.2,20.7,29.954999999999973,79.57100000000118,85.41666666666664,172.9416666666667,31.75,13.0,2.5,44.25,27.83333333333333,613.2083333333334,420.60833333333335,-5.66037735849056,-63.51720080049608,-61.32823284852585,-57.74689872889606,-59.45652638562947,-57.02333310872131,-61.41346153846154,-67.7526570048309,-62.927057252545474,-60.165487426324255,-49.97921951219512,-47.07589264202768,-77.95275590551181,-84.61538461538461,-86.66666666666666,-46.51600753295668,-62.2754491017964,-83.98915539851872,-82.1488716739643,False
ACCESS-ESM1-5,351007,qm,validation,historical,2003,2014,4383,60.16427104722793,1312.7190794323922,5.973693194231591,3.5940289649073027,5.177456656807642,5.508242411070128,4.1,12.740000000000007,16.910062542832605,26.4,32.012894837896255,108.88250820029413,35.166666666666664,7.083333333333333,0.0,9.916666666666666,16.833333333333332,306.1860572128225,75.55060661874404,4383,33.85808806753365,1182.6,9.562803234501349,3.2811316449920147,9.860763540229142,15.084697866912617,5.2,20.7,29.954999999999973,79.57100000000118,85.41666666666664,172.9416666666667,31.75,13.0,2.5,44.25,27.83333333333333,613.2083333333334,420.60833333333335,77.69541778975743,11.002797178453578,-37.53198672247815,9.536262295140236,-47.49436353802548,-63.48456919941281,-21.153846153846164,-38.45410628019319,-43.54844752851738,-66.82208342235286,-62.52148897026779,-37.04090500633502,10.761154855643037,-45.51282051282052,-100.0,-77.5894538606403,-39.52095808383234,-50.06818391582701,-82.03777704069644,False
ACCESS-ESM1-5,351007,detqm,validation,historical,2003,2014,4383,60.16427104722793,1351.7909259442874,6.151494543546245,3.701001850634599,5.490747802974584,5.919261250055542,4.202168335063838,13.333366555040405,17.830822394730337,29.074461993955204,34.188251128330485,117.06521717261536,36.16666666666666,8.416666666666666,0.0,9.916666666666666,16.833333333333332,363.7161591890701,121.01087005278109,4383,33.85808806753365,1182.6,9.562803234501349,3.2811316449920147,9.860763540229142,15.084697866912617,5.2,20.7,29.954999999999973,79.57100000000118,85.41666666666664,172.9416666666667,31.75,13.0,2.5,44.25,27.83333333333333,613.2083333333334,420.60833333333335,77.69541778975743,14.306690845956982,-35.67268516670453,12.796505933659548,-44.3172145790346,-60.75982891882053,-19.189070479541574,-35.5876011833797,-40.47463730685912,-63.4609820236584,-59.97473038634479,-32.309420032217794,13.910761154855637,-35.25641025641026,-100.0,-77.5894538606403,-39.52095808383234,-40.686363929213286,-71.22955955395216,False
ACCESS-ESM1-5,351007,qdm,validation,historical,2003,2014,4383,60.16427104722793,1361.08988038157,6.1938106046942885,3.7264610003602185,5.562652229140004,6.012545321844025,4.26185303932474,13.413283318123112,18.058960013546702,27.79523132119212,35.59703724437563,119.61372383284456,36.75,8.666666666666666,0.0833333333333333,9.916666666666666,16.833333333333332,370.336347652519,122.00338284530828,4383,33.85808806753365,1182.6,9.562803234501349,3.2811316449920147,9.860763540229142,15.084697866912617,5.2,20.7,29.954999999999973,79.57100000000118,85.41666666666664,172.9416666666667,31.75,13.0,2.5,44.25,27.83333333333333,613.2083333333334,420.60833333333335,77.69541778975743,15.09300527495093,-35.23017829805567,13.572431817781808,-43.588017231668246,-60.14142692886025,-18.04128770529346,-35.20152986413955,-39.71303617577459,-65.06864143822283,-58.32541981146267,-30.835797909018712,15.748031496062993,-33.333333333333336,-96.66666666666666,-77.5894538606403,-39.52095808383234,-39.60676534850544,-70.99358876738654,False
ACCESS-ESM1-5,351008,raw,validation,historical,2003,2014,4383,31.94159251654118,431.4455833333333,3.698105,1.3863798767967146,3.997896064108271,6.482900353818858,2.0065,6.675200000000004,11.105199999999996,31.69672,42.72608333333333,91.52783333333332,7.0,2.0,0.3333333333333333,23.666666666666668,10.5,91.37241666666668,54.80566666666666,4355,40.34443168771527,1038.25,7.091064314171884,2.950011481056257,7.324940993951135,10.207165336579784,4.0,15.8,23.019999999999985,49.97600000000002,63.82500000000001,128.46666666666667,28.75,9.833333333333334,1.5,38.583333333333336,30.0,411.35833333333335,184.725,-20.827754462415005,-58.44492334858335,-47.84837880247211,-53.004254874956665,-45.420774482556325,-36.48677042012972,-49.8375,-57.75189873417719,-51.758470894874,-36.57611653593728,-33.05744875310095,-28.7536325895174,-75.65217391304348,-79.66101694915254,-77.77777777777779,-38.6609071274298,-65.0,-77.78763446305939,-70.33121306446519,True
ACCESS-ESM1-5,351008,qm,validation,historical,2003,2014,4383,54.91672370522473,1293.9690381349494,6.451029687419773,3.5426941495823394,6.951866583953689,8.321663729332464,4.1,13.4,18.120938410115887,35.92793694733907,63.69281065409088,158.9577737078378,34.333333333333336,8.25,1.1666666666666667,12.833333333333334,14.833333333333334,369.5188941614514,131.20250094223763,4355,40.34443168771527,1038.25,7.091064314171884,2.950011481056257,7.324940993951135,10.207165336579784,4.0,15.8,23.019999999999985,49.97600000000002,63.82500000000001,128.46666666666667,28.75,9.833333333333334,1.5,38.583333333333336,30.0,411.35833333333335,184.725,36.11971072069078,24.629813449068088,-9.02593176983273,20.090859724853388,-5.093207034780591,-18.472333356746763,2.499999999999991,-15.18987341772152,-21.28176190218983,-28.1096187223086,-0.2071121753374471,23.734644816687428,19.420289855072472,-16.101694915254242,-22.222222222222214,-66.73866090712743,-50.55555555555555,-10.171044508287236,-28.97415025457429,True
ACCESS-ESM1-5,351008,detqm,validation,historical,2003,2014,4383,54.91672370522473,1311.1946632691745,6.536907336614082,3.5898553409149203,7.108158362860169,8.52931609477646,3.9818739151295848,13.773078830359465,19.112994792622008,35.94248401668259,63.95213491833147,161.3316122960197,34.75,9.0,1.0,12.833333333333334,14.833333333333334,412.7819873515688,154.5913461647714,4355,40.34443168771527,1038.25,7.091064314171884,2.950011481056257,7.324940993951135,10.207165336579784,4.0,15.8,23.019999999999985,49.97600000000002,63.82500000000001,128.46666666666667,28.75,9.833333333333334,1.5,38.583333333333336,30.0,411.35833333333335,184.725,36.11971072069078,26.288915316077485,-7.814863227940116,21.689537954935894,-2.959513684410337,-16.437954970616136,-0.4531521217603806,-12.828614997724925,-16.97222070972188,-28.08051061172848,0.1991929781926469,25.5824693534144,20.869565217391305,-8.474576271186447,-33.333333333333336,-66.73866090712743,-50.55555555555555,0.3460861013071689,-16.312710155760502,True
ACCESS-ESM1-5,351008,qdm,validation,historical,2003,2014,4383,54.91672370522473,1322.5323866468968,6.593431092547886,3.620896335788903,7.344707008593602,8.867981712635034,4.01197361574539,13.885875003246658,19.34354712707416,35.350260036609164,68.5267031086618,167.23770260205706,34.583333333333336,9.166666666666666,1.5,12.833333333333334,14.833333333333334,420.0196663970348,148.04814544883396,4355,40.34443168771527,1038.25,7.091064314171884,2.950011481056257,7.324940993951135,10.207165336579784,4.0,15.8,23.019999999999985,49.97600000000002,63.82500000000001,128.46666666666667,28.75,9.833333333333334,1.5,38.583333333333336,30.0,411.35833333333335,184.725,36.11971072069078,27.380918530883395,-7.017750785724101,22.74177097413989,0.269845377031557,-13.12003460104119,0.2993403936347505,-12.11471516932495,-15.97069015171948,-29.265527379924063,7.366554028455615,30.17984115365105,20.289855072463777,-6.779661016949164,0.0,-66.73866090712743,-50.55555555555555,2.105544573150289,-19.854840736860755,True
ACCESS-ESM1-5,351009,raw,validation,historical,2003,2014,4383,45.493953912845086,603.6341666666667,3.632703109327984,1.855997262149213,3.970765353832957,5.36366692199429,2.127,6.8942000000000005,10.39359999999999,25.492169999999973,35.85075,94.519,9.166666666666666,2.833333333333333,0.3333333333333333,15.5,13.583333333333334,146.34375,99.68375,4383,62.582705909194615,1140.9083333333333,4.991213999270872,3.237782340862424,4.133892245155648,4.364028005110439,3.7,10.0,12.8,20.315999999999985,29.70833333333333,82.75833333333334,23.666666666666668,2.5,0.0833333333333333,35.333333333333336,80.33333333333333,211.24166666666667,75.76666666666667,-27.305869485964266,-47.09179089760351,-27.218045352119574,-42.676898359546776,-3.946084746496551,22.90633597477462,-42.51351351351352,-31.057999999999996,-18.80000000000008,25.478292971057257,20.67573632538569,14.21085489880173,-61.26760563380282,13.33333333333334,300.0,-56.13207547169812,-83.09128630705395,-30.72211921574816,31.56676198856136,True
ACCESS-ESM1-5,351009,qm,validation,historical,2003,2014,4383,63.92881587953457,1291.9287305072603,5.532885355491479,3.53710809173788,4.213880775890157,4.09061216431842,4.5,11.091724309282451,13.1,19.4,22.448453468789324,82.63278493838756,32.0,2.0,0.0,11.166666666666666,20.416666666666668,224.55043095060415,65.82141070003003,4383,62.582705909194615,1140.9083333333333,4.991213999270872,3.237782340862424,4.133892245155648,4.364028005110439,3.7,10.0,12.8,20.315999999999985,29.70833333333333,82.75833333333334,23.666666666666668,2.5,0.0833333333333333,35.333333333333336,80.33333333333333,211.24166666666667,75.76666666666667,2.150929639081302,13.236856350474598,10.85249713395852,9.2447768059581,1.9349447443446184,-6.265217374220308,21.621621621621617,10.917243092824531,2.343749999999992,-4.50876156723758,-24.43718327476244,-0.1517048373123929,35.2112676056338,-20.0,-100.0,-68.39622641509435,-74.5850622406639,6.300255292407988,-13.126162736431988,True
ACCESS-ESM1-5,351009,detqm,validation,historical,2003,2014,4383,63.86036960985626,1307.6813345726691,5.606350844898903,3.5809208338745213,4.327968613565495,4.2401527474432426,4.516787128861568,11.34448860272208,13.560865542698329,20.32696846588209,23.20030816642596,85.31696407092532,32.916666666666664,2.6666666666666665,0.0,11.166666666666666,20.416666666666668,269.1393791602729,71.46216298069085,4383,62.582705909194615,1140.9083333333333,4.991213999270872,3.237782340862424,4.133892245155648,4.364028005110439,3.7,10.0,12.8,20.315999999999985,29.70833333333333,82.75833333333334,23.666666666666668,2.5,0.0833333333333333,35.333333333333336,80.33333333333333,211.24166666666667,75.76666666666667,2.0415603353992,14.617563599705132,12.324393338331957,10.597948128925148,4.694761181481624,-2.8385532247303056,22.075327807069385,13.444886027220786,5.944262052330673,0.0539892984943125,-21.906396073741508,3.091689542956781,39.08450704225351,6.66666666666666,-100.0,-68.39622641509435,-74.5850622406639,27.40828237497631,-5.681263113914409,True
ACCESS-ESM1-5,351009,qdm,validation,historical,2003,2014,4383,63.79192334017796,1320.9393397971553,5.669267552777491,3.617901016889257,4.349228787817547,4.245924716892455,4.496158309028758,11.630571578774848,14.151734290623214,20.05119384775349,22.81994047918428,81.68086082424507,35.5,2.5,0.0,11.25,20.416666666666668,301.4610753915733,64.59987886515646,4383,62.582705909194615,1140.9083333333333,4.991213999270872,3.237782340862424,4.133892245155648,4.364028005110439,3.7,10.0,12.8,20.315999999999985,29.70833333333333,82.75833333333334,23.666666666666668,2.5,0.0833333333333333,35.333333333333336,80.33333333333333,211.24166666666667,75.76666666666667,1.9321910317170967,15.77962060613885,13.584942533132642,11.740093558160051,5.209050693429272,-2.706290795560432,21.51779213591236,16.305715787748483,10.560424145493853,-1.3034364650841537,-23.18673611494772,-1.3019504691430068,49.99999999999999,0.0,-100.0,-68.16037735849056,-74.5850622406639,42.709097191166485,-14.738391291038552,True
ACCESS-ESM1-5,351010,raw,validation,historical,2003,2014,4383,31.94159251654118,431.4455833333333,3.698105,1.3863798767967146,3.997896064108271,6.482900353818858,2.0065,6.675200000000004,11.105199999999996,31.69672,42.72608333333333,91.52783333333332,7.0,2.0,0.3333333333333333,23.666666666666668,10.5,113.18616666666668,78.95641666666667,4383,61.054072553045856,1118.8166666666668,5.017115097159941,3.183185033082364,4.202766653503559,4.49956492719434,3.7,10.4,12.9,21.45,30.425,87.3,24.416666666666668,2.75,0.25,38.333333333333336,67.5,171.35000000000002,71.28333333333335,-47.6831091180867,-61.43732961909159,-26.290210043349383,-56.4467706907303,-4.87466010573064,44.07838221508244,-45.770270270270274,-35.81538461538458,-13.913178294573688,47.770256410256415,40.430840865516295,4.84287896143565,-71.33105802047781,-27.272727272727277,33.33333333333333,-38.26086956521739,-84.44444444444444,-33.944460655578254,10.764203881225145,True
ACCESS-ESM1-5,351010,qm,validation,historical,2003,2014,4383,61.21378051562856,1277.2776073534212,5.712758586746572,3.496995502678772,4.644573565949429,4.7521355100332405,4.3,11.980000000000018,15.086385483119354,21.54839286067535,28.23205265063628,93.89677772060344,33.916666666666664,3.75,0.0,9.833333333333334,16.833333333333332,268.31174478286727,65.55035816416866,4383,61.054072553045856,1118.8166666666668,5.017115097159941,3.183185033082364,4.202766653503559,4.49956492719434,3.7,10.4,12.9,21.45,30.425,87.3,24.416666666666668,2.75,0.25,38.333333333333336,67.5,171.35000000000002,71.28333333333335,0.2615844544095696,14.163262436808624,13.865408229929129,9.85837977795895,10.512287473242548,5.613222320949776,16.216216216216207,15.192307692307864,16.94872467534383,0.4587079751764575,-7.207715199223403,7.556446415353328,38.90784982935152,36.36363636363637,-100.0,-74.34782608695652,-75.06172839506173,56.58695347701619,-8.042518357490795,True
ACCESS-ESM1-5,351010,detqm,validation,historical,2003,2014,4383,61.19096509240247,1323.4056274722254,5.921277975267229,3.623515293102146,4.951777802408913,5.144653231085603,4.323774307688675,12.743755854240304,16.15483888937242,23.39604626685178,29.7048813166019,100.86245358915797,35.166666666666664,5.25,0.0833333333333333,9.833333333333334,16.833333333333332,332.92959565826493,115.20286185035968,4383,61.054072553045856,1118.8166666666668,5.017115097159941,3.183185033082364,4.202766653503559,4.49956492719434,3.7,10.4,12.9,21.45,30.425,87.3,24.416666666666668,2.75,0.25,38.333333333333336,67.5,171.35000000000002,71.28333333333335,0.2242152466367773,18.286191732833075,18.02156937996321,13.833008620092636,17.821859043279378,14.336681753217889,16.85876507266688,22.53611398307984,25.231309219941245,9.07247676853977,-2.366865023494161,15.53545657406411,44.02730375426619,90.9090909090909,-66.66666666666667,-74.34782608695652,-75.06172839506173,94.29798404334106,61.61261891563196,True
ACCESS-ESM1-5,351010,qdm,validation,historical,2003,2014,4383,61.21378051562856,1333.709776980608,5.9651574072930655,3.651498362712137,5.0369476013566965,5.257927135914793,4.297036452916103,12.809536339612414,16.36885632320278,23.23485208375625,31.10430210472821,103.46528298710292,34.833333333333336,5.5,0.0833333333333333,9.833333333333334,16.833333333333332,345.47095896037087,120.4214611234918,4383,61.054072553045856,1118.8166666666668,5.017115097159941,3.183185033082364,4.202766653503559,4.49956492719434,3.7,10.4,12.9,21.45,30.425,87.3,24.416666666666668,2.75,0.25,38.333333333333336,67.5,171.35000000000002,71.28333333333335,0.2615844544095696,19.207178147799716,18.89616426519269,14.712098880921545,19.8483764773792,16.854123031697686,16.136120349083864,23.168618650119363,26.8903590945952,8.320988735460402,2.232710286699135,18.51693354765513,42.66211604095563,100.0,-66.66666666666667,-74.34782608695652,-75.06172839506173,101.61713391325988,68.93354377857158,True
ACCESS-ESM1-5,351011,raw,validation,historical,2003,2014,4383,45.493953912845086,603.6341666666667,3.632703109327984,1.855997262149213,3.970765353832957,5.36366692199429,2.127,6.8942000000000005,10.39359999999999,25.492169999999973,35.85075,94.519,9.166666666666666,2.833333333333333,0.3333333333333333,15.5,13.583333333333334,39.32633333333333,0.0,4383,25.644535706137347,1097.1833333333334,11.71370106761566,3.0422313483915127,10.2173523319798,17.494523987494723,5.6,27.510000000000016,41.7,87.44099999999995,104.975,174.70000000000002,31.916666666666668,15.75,2.9166666666666665,44.75,9.583333333333334,333.3,124.3,77.40213523131675,-44.98329054700673,-68.98757200342807,-38.99223794631809,-61.13704191833866,-69.34088103324046,-62.017857142857146,-74.93929480189023,-75.07529976019187,-70.84643359522421,-65.8482972136223,-45.89639381797368,-71.27937336814621,-82.010582010582,-88.57142857142857,-65.36312849162012,41.73913043478261,-88.2009200920092,-100.0,True
ACCESS-ESM1-5,351011,qm,validation,historical,2003,2014,4383,27.355692448094917,1245.545525165826,12.46584345453704,3.4101177964841227,10.167001589856955,16.282317508590552,7.1,29.2836917671291,38.22028181132678,85.14432195510538,80.18212566131369,235.88265009588545,38.75,19.0,3.1666666666666665,35.916666666666664,9.75,309.39943018369,106.6086428681242,4383,25.644535706137347,1097.1833333333334,11.71370106761566,3.0422313483915127,10.2173523319798,17.494523987494723,5.6,27.510000000000016,41.7,87.44099999999995,104.975,174.70000000000002,31.916666666666668,15.75,2.9166666666666665,44.75,9.583333333333334,333.3,124.3,6.672597864768695,13.522096747656194,6.421048160438338,12.092651937437925,-0.4927963770540588,-6.929062372721144,26.78571428571429,6.447443719116984,-8.344647934468163,-2.6265459508635125,-23.61788458079192,35.021551285566936,21.409921671018274,20.63492063492064,8.571428571428571,-19.739292364990696,1.7391304347826024,-7.170888033696369,-14.232789325724704,True
ACCESS-ESM1-5,351011,detqm,validation,historical,2003,2014,4383,27.33287702486881,1257.6304333991168,12.597299833714024,3.4434267132431318,10.161762821716868,16.205336814982097,7.403033499853238,28.78932897790689,38.78187855977438,83.95947611262768,79.94749955265394,235.65475354136984,38.75,19.166666666666668,3.1666666666666665,35.916666666666664,9.75,298.6986393143533,106.94200791767032,4383,25.644535706137347,1097.1833333333334,11.71370106761566,3.0422313483915127,10.2173523319798,17.494523987494723,5.6,27.510000000000016,41.7,87.44099999999995,104.975,174.70000000000002,31.916666666666668,15.75,2.9166666666666665,44.75,9.583333333333334,333.3,124.3,6.583629893238439,14.62354514430436,7.543292773120289,13.18753634774484,-0.5440696225081834,-7.369089741648024,32.197026783093534,4.650414314456118,-6.9978931420278805,-3.9815691579147816,-23.84139123348041,34.891101054018215,21.409921671018274,21.6931216931217,8.571428571428571,-19.739292364990696,1.7391304347826024,-10.381446350329057,-13.964595400104324,True
ACCESS-ESM1-5,351011,qdm,validation,historical,2003,2014,4383,26.899383983572896,1213.9021638177762,12.355238308577874,3.328032172710463,9.926392454293392,15.966898999076896,6.859933419849912,29.22539608531533,39.51538381478497,82.73714008401427,81.0145631446777,227.6194945144128,38.083333333333336,18.75,3.1666666666666665,37.583333333333336,9.5,290.427965344825,77.60068499218646,4383,25.644535706137347,1097.1833333333334,11.71370106761566,3.0422313483915127,10.2173523319798,17.494523987494723,5.6,27.510000000000016,41.7,87.44099999999995,104.975,174.70000000000002,31.916666666666668,15.75,2.9166666666666665,44.75,9.583333333333334,333.3,124.3,4.893238434163712,10.638042607687217,5.476810764241237,9.39444741669824,-2.8477032819521955,-8.732018027525585,22.498811068748434,6.235536478790689,-5.238887734328619,-5.379467201868319,-22.82489817130013,30.29163967625232,19.32114882506528,19.047619047619047,8.571428571428571,-16.014897579143383,-0.8695652173913104,-12.862896686221124,-37.569843127766326,True
ACCESS-ESM1-5,351012,raw,validation,historical,2003,2014,4383,31.94159251654118,431.4455833333333,3.698105,1.3863798767967146,3.997896064108271,6.482900353818858,2.0065,6.675200000000004,11.105199999999996,31.69672,42.72608333333333,91.52783333333332,7.0,2.0,0.3333333333333333,23.666666666666668,10.5,32.07333333333333,10.73,4383,21.6746520647958,887.6083333333335,11.211894736842106,2.470910335386721,9.498049970029244,17.855301656627983,4.8,27.2,43.34999999999995,80.77099999999999,100.90833333333336,179.25833333333333,24.416666666666668,12.083333333333334,3.1666666666666665,56.333333333333336,7.583333333333333,285.62499999999994,98.875,47.36842105263159,-51.39234647413932,-67.01623510745168,-43.891939058171744,-57.90824351605342,-63.69201440283497,-58.19791666666666,-75.45882352941175,-74.38246828143019,-60.7573015067289,-57.65851845734579,-48.94082097531496,-71.33105802047781,-83.44827586206897,-89.47368421052632,-57.98816568047337,38.46153846153847,-88.7708242159008,-89.14791403286978,True
ACCESS-ESM1-5,351012,qm,validation,historical,2003,2014,4383,25.09696554871093,1198.8318247961683,13.078165361412744,3.282222655157203,11.735370071600263,20.515646003898063,6.0,29.546338340073188,47.697583658285886,102.25619904349496,113.07279902237876,273.63027714731186,32.833333333333336,18.166666666666668,4.416666666666667,34.0,9.166666666666666,410.52940539315847,174.52999761779697,4383,21.6746520647958,887.6083333333335,11.211894736842106,2.470910335386721,9.498049970029244,17.855301656627983,4.8,27.2,43.34999999999995,80.77099999999999,100.90833333333336,179.25833333333333,24.416666666666668,12.083333333333334,3.1666666666666665,56.333333333333336,7.583333333333333,285.62499999999994,98.875,15.78947368421054,35.06315564817457,16.645452605241676,32.83455122395218,23.5555730769032,14.89946458721713,25.000000000000004,8.6262438973279,10.029028046795707,26.60013995554713,12.054966410813854,52.64577777731126,34.47098976109215,50.3448275862069,39.47368421052633,-39.64497041420118,20.87912087912088,43.73020757747345,76.51580037198175,True
ACCESS-ESM1-5,351012,detqm,validation,historical,2003,2014,4383,25.09696554871093,1179.7296924665643,12.86977846327161,3.229923867122695,11.76937128553593,20.69135471605181,5.870076757726116,30.1899362754692,48.246706850486085,104.96010738851446,112.77048185675694,273.47236643337163,31.5,17.833333333333332,4.416666666666667,34.0,9.166666666666666,417.2223175008881,151.58398171451762,4383,21.6746520647958,887.6083333333335,11.211894736842106,2.470910335386721,9.498049970029244,17.855301656627983,4.8,27.2,43.34999999999995,80.77099999999999,100.90833333333336,179.25833333333333,24.416666666666668,12.083333333333334,3.1666666666666665,56.333333333333336,7.583333333333333,285.62499999999994,98.875,15.78947368421054,32.91106540608911,14.786829214349684,30.717971464439252,23.91355407345467,15.88353484003485,22.29326578596075,10.992412777460288,11.295748213347494,29.947762672883183,11.755370574042708,52.557686634766384,29.010238907849825,47.5862068965517,39.47368421052633,-39.64497041420118,20.87912087912088,46.07345908127376,53.308704641737165,True
ACCESS-ESM1-5,351012,qdm,validation,historical,2003,2014,4383,24.86881131644992,1189.388405077505,13.094184276082624,3.258647658375625,11.902558518647984,21.00428873815842,5.945260970144134,30.18632381831264,47.9772253218134,103.47561605309473,115.63111340566674,277.88847303377474,32.0,17.75,4.333333333333333,34.0,9.083333333333334,407.65321870423264,176.12804796666606,4383,21.6746520647958,887.6083333333335,11.211894736842106,2.470910335386721,9.498049970029244,17.855301656627983,4.8,27.2,43.34999999999995,80.77099999999999,100.90833333333336,179.25833333333333,24.416666666666668,12.083333333333334,3.1666666666666665,56.333333333333336,7.583333333333333,285.62499999999994,98.875,14.736842105263172,33.99923822378543,16.78832689229006,31.880449553650656,25.315812784793536,17.636146070719086,23.85960354466947,10.979131684972948,10.674106855394356,28.109861278298805,14.590251950450137,55.02122990122714,31.058020477815692,46.89655172413793,36.84210526315789,-39.64497041420118,19.78021978021979,42.72322755509242,78.13203334176087,True
ACCESS-ESM1-5,351201,raw,validation,historical,2003,2014,4383,45.493953912845086,603.6341666666667,3.632703109327984,1.855997262149213,3.970765353832957,5.36366692199429,2.127,6.8942000000000005,10.39359999999999,25.492169999999973,35.85075,94.519,9.166666666666666,2.833333333333333,0.3333333333333333,15.5,13.583333333333334,42.678083333333326,19.572166666666664,4321,26.081925480212917,1034.375,11.013753327417923,2.9156676695209445,9.807500546383295,16.737824153456426,5.1,28.279999999999998,39.870000000000005,79.792,93.48333333333336,169.6833333333333,29.166666666666668,14.916666666666666,3.0,47.833333333333336,8.416666666666666,310.02500000000003,135.35833333333332,74.42712942094377,-41.64261832829808,-67.01666542426878,-36.34400512956402,-59.51297341199484,-67.95481376301429,-58.29411764705883,-75.62164073550211,-73.93127664910963,-68.0517219771406,-61.65011588518453,-44.29682742363224,-68.57142857142857,-81.00558659217877,-88.88888888888887,-67.59581881533101,61.3861386138614,-86.23398650646453,-85.54047897555871,True
ACCESS-ESM1-5,351201,qm,validation,historical,2003,2014,4383,28.291124800365047,1230.767988655538,11.910657954731011,3.370115016807154,9.260351119199074,14.194603161280645,6.7,29.81686146118312,38.53768792355829,72.61246428234347,64.66874394173466,208.8698924632655,38.75,19.08333333333333,3.1666666666666665,32.083333333333336,9.833333333333334,285.0593823521149,82.2869190674276,4321,26.081925480212917,1034.375,11.013753327417923,2.9156676695209445,9.807500546383295,16.737824153456426,5.1,28.279999999999998,39.870000000000005,79.792,93.48333333333336,169.6833333333333,29.166666666666668,14.916666666666666,3.0,47.833333333333336,8.416666666666666,310.02500000000003,135.35833333333332,8.470230933786489,18.986633344342057,8.143496596027006,15.586390453095673,-5.57888755240493,-15.19445400345299,31.372549019607856,5.43444646811572,-3.3416405228034027,-8.997813963375444,-30.82323700295812,23.093935249935488,32.857142857142854,27.932960893854748,5.55555555555555,-32.92682926829268,16.83168316831685,-8.052775630315347,-39.20808786497991,True
ACCESS-ESM1-5,351201,detqm,validation,historical,2003,2014,4383,28.268309377138944,1238.6178317359615,11.996298612454831,3.391821084516695,9.225482067377357,14.069556324147282,6.757014991819552,29.867964818912508,38.58744251857584,71.18247580070016,64.4251446657947,207.67080255558295,38.66666666666666,19.33333333333333,3.1666666666666665,32.083333333333336,9.833333333333334,283.4679195353161,75.63438150682565,4321,26.081925480212917,1034.375,11.013753327417923,2.9156676695209445,9.807500546383295,16.737824153456426,5.1,28.279999999999998,39.870000000000005,79.792,93.48333333333336,169.6833333333333,29.166666666666668,14.916666666666666,3.0,47.833333333333336,8.416666666666666,310.02500000000003,135.35833333333332,8.382754941097943,19.745530560576345,8.921075820637238,16.33085347734382,-5.934422091065504,-15.94154535766309,32.49049003567749,5.615151410581734,-3.216848461058849,-10.78995914289633,-31.083817437195904,22.387271911747185,32.571428571428555,29.608938547486037,5.55555555555555,-32.92682926829268,16.83168316831685,-8.566109334629111,-44.122848114147146,True
ACCESS-ESM1-5,351201,qdm,validation,historical,2003,2014,4383,28.15423226100844,1195.588115304285,11.62646465449872,3.275165463702053,9.098783582435855,14.037894426000031,6.233023835901649,30.846075199660884,38.05931580578008,69.58137306948306,67.41042885271,199.32763029256068,36.583333333333336,18.83333333333333,3.1666666666666665,32.083333333333336,9.833333333333334,280.51026681168617,45.79299193448825,4321,26.081925480212917,1034.375,11.013753327417923,2.9156676695209445,9.807500546383295,16.737824153456426,5.1,28.279999999999998,39.870000000000005,79.792,93.48333333333336,169.6833333333333,29.166666666666668,14.916666666666666,3.0,47.833333333333336,8.416666666666666,310.02500000000003,135.35833333333332,7.945374977655262,15.585557975036629,5.563147356455657,12.329861799379076,-7.226275039146388,-16.130709121465163,22.21615364513039,9.073816123270475,-4.541470263907526,-12.79655470538016,-27.890430893874147,17.47036457669819,25.42857142857143,26.256983240223462,5.55555555555555,-32.92682926829268,16.83168316831685,-9.52011392252685,-66.16906339876508,True
CESM2,351001,raw,validation,historical,2003,2014,4380,66.94063926940639,1063.5935833333333,4.353043315143247,3.06710296803653,5.0651885435872535,5.769448715450306,2.6125,8.274400000000002,13.46709999999999,30.32879000000001,49.055416666666666,110.9025,19.416666666666668,7.083333333333333,0.5833333333333334,12.833333333333334,30.58333333333333,56.67225,6.672166666666667,4383,22.86105407255305,981.1,11.749700598802397,2.718046999771845,9.121942570414795,16.072904114176634,5.5,28.8,41.374999999999964,74.37000000000003,93.41666666666669,162.36666666666665,28.75,15.0,3.083333333333333,53.833333333333336,8.0,263.3916666666667,90.1,192.81519153473872,8.408274725648077,-62.95187882841086,12.842160871169051,-44.47247935965763,-64.10450361387068,-52.5,-71.26944444444443,-67.45111782477342,-59.21905338173995,-47.48751115075826,-31.696263600903304,-32.463768115942024,-52.777777777777786,-81.08108108108108,-76.1609907120743,282.29166666666663,-78.4836586832031,-92.594709581946,True
CESM2,351001,qm,validation,historical,2003,2014,4380,23.881278538812783,1102.5713145360958,12.649001696398804,3.0207433274961524,11.227750728354549,20.15815677300279,5.5,31.250969555943385,43.3,76.33342848352171,128.66373364656815,233.7430336831065,31.58333333333333,17.25,3.083333333333333,49.5,9.25,323.3719550442992,134.19047063681597,4383,22.86105407255305,981.1,11.749700598802397,2.718046999771845,9.121942570414795,16.072904114176634,5.5,28.8,41.374999999999964,74.37000000000003,93.41666666666669,162.36666666666665,28.75,15.0,3.083333333333333,53.833333333333336,8.0,263.3916666666667,90.1,4.462718398818806,12.381134903281596,7.653821389185619,11.136537659198511,23.085084582416915,25.417016301508824,0.0,8.51031095813675,4.652567975830899,2.6400813278495106,37.73102620506848,43.95998789762256,9.855072463768112,15.0,0.0,-8.049535603715174,15.625,22.772280207915653,48.93503955251494,True
CESM2,351001,detqm,validation,historical,2003,2014,4380,23.42465753424657,1105.9372450505768,12.934938538603236,3.034490658145683,11.231755947581084,20.26820939184533,5.844239960416813,31.587915798903925,43.17163186712278,77.88981937235876,128.56011180709757,233.61544565272985,31.58333333333333,17.25,3.083333333333333,51.583333333333336,9.083333333333334,319.80664915380765,140.59128204319944,4383,22.86105407255305,981.1,11.749700598802397,2.718046999771845,9.121942570414795,16.072904114176634,5.5,28.8,41.374999999999964,74.37000000000003,93.41666666666669,162.36666666666665,28.75,15.0,3.083333333333333,53.833333333333336,8.0,263.3916666666667,90.1,2.4653432860306737,12.724212114012518,10.087388438830924,11.642317384519112,23.12899210754788,26.101725287892137,6.258908371214776,9.680263190638623,4.342312669783236,4.73284842323346,37.62010184524271,43.88140771057065,9.855072463768112,15.0,0.0,-4.179566563467492,13.541666666666677,21.418666429768447,56.03915876048772,True
CESM2,351001,qdm,validation,historical,2003,2014,4380,23.17351598173516,1101.313115842529,13.02045063065059,3.02435078337174,10.880405243095096,19.519795580783388,6.234905053293421,31.685144699824853,43.76283194938227,76.68901683132671,118.9430046569382,223.64540034404925,31.5,17.25,3.083333333333333,51.583333333333336,8.666666666666666,324.1255516471105,136.63797645966136,4383,22.86105407255305,981.1,11.749700598802397,2.718046999771845,9.121942570414795,16.072904114176634,5.5,28.8,41.374999999999964,74.37000000000003,93.41666666666669,162.36666666666665,28.75,15.0,3.083333333333333,53.833333333333336,8.0,263.3916666666667,90.1,1.3667869739972167,12.252891228471,10.815169468894515,11.269260010058908,19.277282871562072,21.445355749783417,13.361910059880376,10.017863541058516,5.771195043824302,3.118215451562024,27.32525030180715,37.74095689430258,9.565217391304348,15.0,0.0,-4.179566563467492,8.333333333333325,23.05839275367246,51.651472208281184,True
CESM2,351002,raw,validation,historical,2003,2014,4380,66.94063926940639,1063.5935833333333,4.353043315143247,3.06710296803653,5.0651885435872535,5.769448715450306,2.6125,8.274400000000002,13.46709999999999,30.32879000000001,49.055416666666666,110.9025,19.416666666666668,7.083333333333333,0.5833333333333334,12.833333333333334,30.58333333333333,60.25,6.672166666666667,4260,22.558685446009388,953.3833333333332,11.904890738813735,2.704319248826291,8.907471195086408,15.573592332506047,6.4,27.3,40.5,76.75999999999995,83.525,155.54166666666666,28.916666666666668,14.083333333333334,2.583333333333333,55.5,11.583333333333334,241.15833333333333,104.84166666666664,196.73998260943932,11.55990944530881,-63.43483186325315,13.414973818926574,-43.13550464938531,-62.95364234359725,-59.17968750000001,-69.69084249084248,-66.74790123456793,-60.488809275664366,-41.268582260800166,-28.699169568711497,-32.85302593659942,-49.70414201183433,-77.41935483870968,-76.87687687687686,164.02877697841726,-75.01641383599986,-93.6359589857722,True
CESM2,351002,qm,validation,historical,2003,2014,4380,25.95890410958904,1131.5627717660454,11.94261500544639,3.100400217215343,9.273587831412344,15.027186533420704,6.0,30.592873134328347,42.874411159748966,73.34233503478272,82.92636524124008,194.16025443006268,34.75,17.5,2.833333333333333,45.0,10.583333333333334,295.71776259648635,93.01998157066971,4260,22.558685446009388,953.3833333333332,11.904890738813735,2.704319248826291,8.907471195086408,15.573592332506047,6.4,27.3,40.5,76.75999999999995,83.525,155.54166666666666,28.916666666666668,14.083333333333334,2.583333333333333,55.5,11.583333333333334,241.15833333333333,104.84166666666664,15.07276951805341,18.68917068329061,0.3168804104153713,14.646235593706484,4.110219705542188,-3.508540530785936,-6.250000000000005,12.061806352851084,5.862743604318435,-4.452403550309054,-0.7167132699909348,24.828451816809658,20.172910662824204,24.2603550295858,9.67741935483871,-18.91891891891892,-8.633093525179856,22.62390376854198,-11.275750826799404,True
CESM2,351002,detqm,validation,historical,2003,2014,4380,25.93607305936073,1134.864793356301,11.98800838052431,3.109672210772647,9.270216164353858,15.001127412048472,5.966688172244558,30.875592213991325,42.61606438899464,73.2609489573833,82.74666574302769,193.8839964253477,34.083333333333336,17.25,2.833333333333333,45.0,10.583333333333334,302.1712934189074,92.97404625660764,4260,22.558685446009388,953.3833333333332,11.904890738813735,2.704319248826291,8.907471195086408,15.573592332506047,6.4,27.3,40.5,76.75999999999995,83.525,155.54166666666666,28.916666666666668,14.083333333333334,2.583333333333333,55.5,11.583333333333334,241.15833333333333,104.84166666666664,14.971562156999706,19.035518419275355,0.698180634615857,14.989094283978654,4.072367581357424,-3.675869434842576,-6.770497308678791,13.0974073772576,5.224850343196652,-4.558430227483904,-0.9318578353454828,24.6508415271456,17.867435158501443,22.485207100591712,9.67741935483871,-18.91891891891892,-8.633093525179856,25.299959260060437,-11.3195648136641,True
CESM2,351002,qdm,validation,historical,2003,2014,4380,25.95890410958904,1141.059229895712,12.042841476471892,3.1264178877968622,9.281103270896216,14.98574038135824,6.184289315516681,30.87670431634843,42.23382224372875,74.31608857226624,82.92269594177135,193.56253043730095,34.416666666666664,17.25,2.833333333333333,45.0,10.583333333333334,305.68707763218487,98.87541590679454,4260,22.558685446009388,953.3833333333332,11.904890738813735,2.704319248826291,8.907471195086408,15.573592332506047,6.4,27.3,40.5,76.75999999999995,83.525,155.54166666666666,28.916666666666668,14.083333333333334,2.583333333333333,55.5,11.583333333333334,241.15833333333333,104.84166666666664,15.07276951805341,19.685250412990083,1.1587736560100754,15.60831396491991,4.19459201861817,-3.774671499014479,-3.370479445051866,13.101481012265308,4.281042577108032,-3.18383458537482,-0.7211063253261347,24.444166367404872,19.02017291066281,22.485207100591712,9.67741935483871,-18.91891891891892,-8.633093525179856,26.757833082906057,-5.690724832562224,True
CESM2,351003,raw,validation,historical,2003,2014,4380,62.57990867579909,962.6898333333332,4.21462167092302,2.806991095890411,4.854817483118632,5.685353387852955,2.468,7.917,13.464,32.923199999999994,43.614916666666666,109.56016666666666,17.916666666666668,6.416666666666667,0.4166666666666667,13.916666666666666,29.666666666666668,23.24408333333333,0.0,4323,54.61485079805691,1439.4833333333331,7.316306649724693,4.049201943095073,8.192055563250843,9.96630897017431,4.6,14.3,20.5,56.700000000000045,61.36666666666667,124.44166666666663,38.583333333333336,10.75,2.333333333333333,36.5,77.66666666666667,164.33333333333334,41.266666666666666,14.584051336501252,-33.12254396832198,-42.394135829700176,-30.67791788757164,-40.73749322578934,-42.954273193142654,-46.34782608695652,-44.63636363636364,-34.321951219512194,-41.9343915343916,-28.927349266702883,-11.958615147659538,-53.56371490280778,-40.310077519379846,-82.14285714285714,-61.87214611872147,-61.802575107296136,-85.85552738336715,-100.0,False
CESM2,351003,qm,validation,historical,2003,2014,4380,25.136986301369863,1520.3356580293264,16.57041589132781,4.165303172683086,11.563261055148182,18.07038048054091,10.4,38.36492841031677,51.92397737543367,91.97903483723564,91.7285651622796,242.3799961834245,47.5,26.08333333333333,5.166666666666667,41.16666666666666,10.583333333333334,357.8455108617606,130.30079659116146,4323,54.61485079805691,1439.4833333333331,7.316306649724693,4.049201943095073,8.192055563250843,9.96630897017431,4.6,14.3,20.5,56.700000000000045,61.36666666666667,124.44166666666663,38.583333333333336,10.75,2.333333333333333,36.5,77.66666666666667,164.33333333333334,41.266666666666666,-53.97408226140537,5.616760043255778,126.48607671401172,2.86726202396488,41.15213167035146,81.31467260968188,126.08695652173915,168.28621265955783,153.2876945143106,62.22051999512444,49.47620613081956,94.77398742389973,23.11015118790496,142.63565891472868,121.42857142857144,12.785388127853874,-86.37339055793991,117.7558889625318,215.7531419818129,False
CESM2,351003,detqm,validation,historical,2003,2014,4380,25.136986301369863,1503.6430364400285,16.38847996119922,4.1195699628493925,11.559840592380343,18.18562525942327,10.245634820936967,38.49248376200114,52.93632290425974,85.87774034748834,91.06641202310954,241.8344086106563,46.41666666666666,25.5,5.0,41.16666666666666,10.583333333333334,354.34235945147606,135.9739072243373,4323,54.61485079805691,1439.4833333333331,7.316306649724693,4.049201943095073,8.192055563250843,9.96630897017431,4.6,14.3,20.5,56.700000000000045,61.36666666666667,124.44166666666663,38.583333333333336,10.75,2.333333333333333,36.5,77.66666666666667,164.33333333333334,41.266666666666666,-53.97408226140537,4.457134141186893,123.99935849894844,1.7378244094324509,41.11037825765266,82.47101623927682,122.7311917594993,169.17820812588212,158.22596538663288,51.45985951937967,48.39719504037404,94.33555905229198,20.30237580993519,137.2093023255814,114.28571428571426,12.785388127853874,-86.37339055793991,115.6241538244276,229.5005829345815,False
CESM2,351003,qdm,validation,historical,2003,2014,4380,25.136986301369863,1502.1510470669275,16.37221849664226,4.115482320731307,11.508428750058464,18.066401527228443,10.132968343661616,38.59728409228665,53.2737920556441,87.5373586352202,87.9394104904526,240.5785813959077,46.0,25.916666666666668,5.083333333333333,41.16666666666666,10.583333333333334,352.35558610739173,119.24621629945956,4323,54.61485079805691,1439.4833333333331,7.316306649724693,4.049201943095073,8.192055563250843,9.96630897017431,4.6,14.3,20.5,56.700000000000045,61.36666666666667,124.44166666666663,38.583333333333336,10.75,2.333333333333333,36.5,77.66666666666667,164.33333333333334,41.266666666666666,-53.97408226140537,4.353486579693697,123.77709519950666,1.6368750822432852,40.48279654845979,81.27474856835049,120.28192051438296,169.91107756843812,159.87215636899563,54.38687589985914,43.301592325561,93.326389657195,19.22246220302375,141.08527131782947,117.85714285714282,12.785388127853874,-86.37339055793991,114.41516395987324,188.96498295507163,False
CESM2,351004,raw,validation,historical,2003,2014,4380,66.94063926940639,1063.5935833333333,4.353043315143247,3.06710296803653,5.0651885435872535,5.769448715450306,2.6125,8.274400000000002,13.46709999999999,30.32879000000001,49.055416666666666,110.9025,19.416666666666668,7.083333333333333,0.5833333333333334,12.833333333333334,30.58333333333333,60.25,6.672166666666667,4293,20.17237363149313,983.225,13.624364896073905,2.752830188679245,9.574806251378996,17.511262631813235,7.8,33.95,43.05,93.17500000000024,98.99166666666667,153.82500000000002,28.33333333333333,14.666666666666666,2.5,58.75,6.75,271.5083333333334,130.24166666666667,231.8431459394476,8.173976794053576,-68.04956892781364,11.41635182038115,-47.09878810490032,-67.05292566985561,-66.50641025641026,-75.62768777614139,-68.71753774680606,-67.44964851086672,-50.444902769593405,-27.903461725987334,-31.47058823529411,-51.70454545454545,-76.66666666666666,-78.15602836879431,353.0864197530864,-77.80915257358583,-94.8770874656088,True
CESM2,351004,qm,validation,historical,2003,2014,4380,26.91780821917808,1271.5863128570406,12.942354329333746,3.483798117416549,10.354473667811911,16.614233488089205,7.0,33.15295334507043,42.85592430122531,73.55208431396474,100.77251215774866,213.99185710269543,37.41666666666666,20.5,2.6666666666666665,40.16666666666666,10.833333333333334,337.4146254645101,124.95825589598478,4293,20.17237363149313,983.225,13.624364896073905,2.752830188679245,9.574806251378996,17.511262631813235,7.8,33.95,43.05,93.17500000000024,98.99166666666667,153.82500000000002,28.33333333333333,14.666666666666666,2.5,58.75,6.75,271.5083333333334,130.24166666666667,33.4389730772881,29.32811033660053,-5.005815477950757,26.55332434755116,8.142905412009,-5.122584033971201,-10.256410256410255,-2.347707378290349,-0.4508146313000916,-21.0602797810952,1.798985259111363,39.11383526910152,32.05882352941176,39.77272727272727,6.66666666666666,-31.631205673758867,60.49382716049383,24.274132334002054,-4.056620976913607,True
CESM2,351004,detqm,validation,historical,2003,2014,4380,26.91780821917808,1266.3006415993125,12.888556148593512,3.4693168262994867,10.310098349402027,16.54208084667451,6.948981809524896,33.06515114682933,42.57917362920493,72.30163607396499,99.08200706153262,212.3054567497152,37.16666666666666,20.5,2.6666666666666665,40.16666666666666,10.833333333333334,335.7835692287403,123.01851561164868,4293,20.17237363149313,983.225,13.624364896073905,2.752830188679245,9.574806251378996,17.511262631813235,7.8,33.95,43.05,93.17500000000024,98.99166666666667,153.82500000000002,28.33333333333333,14.666666666666666,2.5,58.75,6.75,271.5083333333334,130.24166666666667,33.4389730772881,28.790525220505224,-5.400682916914732,26.027273333703093,7.679446233359882,-5.534619664592231,-10.91048962147569,-2.606329464420246,-1.093673335180194,-22.402322432020608,0.0912606059762074,38.01752429690568,31.176470588235293,39.77272727272727,6.66666666666666,-31.631205673758867,60.49382716049383,23.673393411647368,-5.545960244431244,True
CESM2,351004,qdm,validation,historical,2003,2014,4380,26.91780821917808,1267.5458247785446,12.901229768738366,3.472728287064505,10.24272327657416,16.37845595416748,7.119457682580313,33.80134686963952,43.34138191572597,72.50901348383196,97.13340744995963,210.47799437049744,38.083333333333336,20.416666666666668,2.6666666666666665,40.16666666666666,10.833333333333334,332.5687384264533,114.16543646159278,4293,20.17237363149313,983.225,13.624364896073905,2.752830188679245,9.574806251378996,17.511262631813235,7.8,33.95,43.05,93.17500000000024,98.99166666666667,153.82500000000002,28.33333333333333,14.666666666666666,2.5,58.75,6.75,271.5083333333334,130.24166666666667,33.4389730772881,28.917167970560605,-5.3076611853219,26.15119891324113,6.975775881616076,-6.469017691435622,-8.724901505380602,-0.4378589995890613,0.6768453326967967,-22.179754779896133,-1.877187524243144,36.82951039850312,34.41176470588237,39.20454545454548,6.66666666666666,-31.631205673758867,60.49382716049383,22.48933001189156,-12.343384890964666,True
CESM2,351005,raw,validation,historical,2003,2014,4380,66.94063926940639,1063.5935833333333,4.353043315143247,3.06710296803653,5.0651885435872535,5.769448715450306,2.6125,8.274400000000002,13.46709999999999,30.32879000000001,49.055416666666666,110.9025,19.416666666666668,7.083333333333333,0.5833333333333334,12.833333333333334,30.58333333333333,45.6715,6.672166666666667,4321,34.390187456607265,1116.3166666666666,9.014670255720054,3.15464012959963,8.682538477501115,12.917248672151468,4.7,21.0,30.75,63.71500000000019,74.35,148.82500000000002,32.916666666666664,13.166666666666666,2.1666666666666665,48.583333333333336,26.5,183.75833333333333,75.14166666666667,94.65040530491588,-4.722950477015182,-51.71156357736854,-2.77486996826512,-41.662354198457365,-55.33531279080532,-44.41489361702128,-60.598095238095226,-56.2045528455285,-52.39929372989104,-34.02095942613764,-25.48126994792543,-41.01265822784809,-46.202531645569614,-73.07692307692308,-73.58490566037736,15.408805031446535,-75.14588907532539,-91.12055007208606,False
CESM2,351005,qm,validation,historical,2003,2014,4380,25.707762557077626,1221.280022226096,13.015417643617363,3.346200904422292,9.988597727139789,16.198722837025297,6.5,33.885608965293414,46.2885271363433,78.03755355134302,85.7644035393356,208.07153028902644,36.16666666666666,19.0,3.4166666666666665,45.0,10.416666666666666,312.642488132799,97.1812043936986,4321,34.390187456607265,1116.3166666666666,9.014670255720054,3.15464012959963,8.682538477501115,12.917248672151468,4.7,21.0,30.75,63.71500000000019,74.35,148.82500000000002,32.916666666666664,13.166666666666666,2.1666666666666665,48.583333333333336,26.5,183.75833333333333,75.14166666666667,-25.24680887676149,9.40265058237024,44.380407429309216,6.072349521749533,15.042366388850873,25.403816618847166,38.29787234042553,61.3600426918734,50.53179556534406,22.479092131119504,15.352257618474257,39.80952816329677,9.873417721518988,44.30379746835443,57.69230769230769,-7.375643224699833,-60.69182389937107,70.13785577042256,29.330647967659218,False
CESM2,351005,detqm,validation,historical,2003,2014,4380,23.42465753424657,1221.2882891584486,14.284073557408757,3.368707452054304,9.971229326848148,16.39902788894062,7.833666168479069,35.616758259158544,46.393062108889154,78.88968314697458,85.16108685111269,207.44764669990084,36.333333333333336,19.08333333333333,3.4166666666666665,51.583333333333336,9.083333333333334,318.8569073313327,83.89434794180363,4321,34.390187456607265,1116.3166666666666,9.014670255720054,3.15464012959963,8.682538477501115,12.917248672151468,4.7,21.0,30.75,63.71500000000019,74.35,148.82500000000002,32.916666666666664,13.166666666666666,2.1666666666666665,48.583333333333336,26.5,183.75833333333333,75.14166666666667,-31.885635797120152,9.403391136784546,58.45364447296473,6.7857921556916985,14.84232811275632,26.954495536619827,66.6737482655121,69.60361075789783,50.87174669557448,23.816500269911863,14.54080275872588,39.39032198884651,10.379746835443052,44.936708860759495,57.69230769230769,6.174957118353344,-65.72327044025157,73.519699241576,11.648239470072484,False
CESM2,351005,qdm,validation,historical,2003,2014,4380,23.264840182648403,1232.165994068882,14.51029629914287,3.4003134508197737,10.04142944414648,16.511059341029515,8.287260655079875,35.62552443896533,46.88772965389322,79.0002231430749,86.2135687091582,208.5041109819761,37.25,19.0,3.583333333333333,51.583333333333336,8.75,321.19766489068166,103.69803759813358,4321,34.390187456607265,1116.3166666666666,9.014670255720054,3.15464012959963,8.682538477501115,12.917248672151468,4.7,21.0,30.75,63.71500000000019,74.35,148.82500000000002,32.916666666666664,13.166666666666666,2.1666666666666665,48.583333333333336,26.5,183.75833333333333,75.14166666666667,-32.35035368154525,10.377819382392888,60.96313994331288,7.787681355949891,15.650848771550276,27.821796731574967,76.3246947889335,69.64535447126347,52.48042163867716,23.98999159236392,15.956380240965974,40.10019215990332,13.164556962025326,44.30379746835443,65.3846153846154,6.174957118353344,-66.98113207547169,74.79352313673667,38.00337708523933,False
CESM2,351006,raw,validation,historical,2003,2014,4380,57.80821917808219,933.2465,4.422969194312796,2.7087390410958903,4.757484277487644,5.66803737815035,2.6,9.0569,14.571449999999995,31.249980000000004,41.223083333333335,103.55741666666668,17.5,5.916666666666667,0.25,15.166666666666666,22.666666666666668,226.6398333333333,100.54625,4321,30.849340430455914,1029.2583333333332,9.265641410352588,2.9246239296459158,9.08685533163311,14.474928266861166,5.0,20.2,30.37999999999997,82.88000000000022,71.50833333333333,163.71666666666667,28.416666666666668,11.583333333333334,2.333333333333333,49.833333333333336,28.58333333333333,514.9833333333333,344.3333333333333,87.38883350974729,-9.328254163596746,-52.26483522909735,-7.381629014304151,-47.64432684510871,-60.84238019246887,-48.0,-55.16386138613861,-52.03604344963789,-62.2949083011584,-42.35205686982869,-36.74595337473277,-38.41642228739003,-48.92086330935252,-89.28571428571428,-69.56521739130434,-20.699708454810487,-55.99084112754459,-70.79973378509196,False
CESM2,351006,qm,validation,historical,2003,2014,4380,60.8675799086758,1295.085882206817,5.829343805882146,3.5486366036617265,5.264402837823741,5.678037228836206,3.95,12.5,17.026056537574966,30.81014628447497,34.64836665673631,105.83392140710458,33.25,7.333333333333333,0.0,14.416666666666666,25.83333333333333,290.69663242384166,87.86850332321113,4321,30.849340430455914,1029.2583333333332,9.265641410352588,2.9246239296459158,9.08685533163311,14.474928266861166,5.0,20.2,30.37999999999997,82.88000000000022,71.50833333333333,163.71666666666667,28.416666666666668,11.583333333333334,2.333333333333333,49.833333333333336,28.58333333333333,514.9833333333333,344.3333333333333,97.30593607305936,25.8270970721782,-37.086451463910905,21.33650989073869,-42.06573511193327,-60.77329625297365,-21.0,-38.11881188118812,-43.95636426078018,-62.825595699233965,-51.5463932081534,-35.355438415695055,17.00879765395894,-36.6906474820144,-100.0,-71.07023411371237,-9.620991253644316,-43.55222516770608,-74.4815576021652,False
CESM2,351006,detqm,validation,historical,2003,2014,4380,60.8675799086758,1300.557189721727,5.853970846459385,3.5636264872642203,5.35344132667041,5.803526830480709,3.906630591556731,12.866759539600292,17.421460746131366,31.1402485115812,35.49613993345998,107.8496999413199,34.416666666666664,8.666666666666666,0.0,14.416666666666666,25.83333333333333,306.3767841886569,89.98826922230212,4321,30.849340430455914,1029.2583333333332,9.265641410352588,2.9246239296459158,9.08685533163311,14.474928266861166,5.0,20.2,30.37999999999997,82.88000000000022,71.50833333333333,163.71666666666667,28.416666666666668,11.583333333333334,2.333333333333333,49.833333333333336,28.58333333333333,514.9833333333333,344.3333333333333,97.30593607305936,26.3586747468705,-36.82066262656476,21.849050441697955,-41.08587480165949,-59.9063517035364,-21.867388168865386,-36.30317059603816,-42.65483625368209,-62.42730633255173,-50.36083449463701,-34.12417798555234,21.114369501466264,-25.179856115107924,-100.0,-71.07023411371237,-9.620991253644316,-40.5074369678002,-73.86594311065767,False
CESM2,351006,qdm,validation,historical,2003,2014,4380,60.59360730593608,1301.108801767073,5.882933542277647,3.5678736546454006,5.330261670808976,5.76931100872342,3.9187947267583176,13.060146662446764,17.59341826914807,31.34824108853408,34.88973954562861,106.8386895183288,34.75,8.5,0.0,14.416666666666666,25.83333333333333,304.6340547611192,90.57797416212776,4321,30.849340430455914,1029.2583333333332,9.265641410352588,2.9246239296459158,9.08685533163311,14.474928266861166,5.0,20.2,30.37999999999997,82.88000000000022,71.50833333333333,163.71666666666667,28.416666666666668,11.583333333333334,2.333333333333333,49.833333333333336,28.58333333333333,514.9833333333333,344.3333333333333,96.41783733604636,26.41226790492245,-36.50808096561356,21.9942714165429,-41.34096476419848,-60.142731609028736,-21.624105464833647,-35.345808601748686,-42.08881412393652,-62.17635003796573,-51.20884808908713,-34.74171463809703,22.28739002932551,-26.618705035971225,-100.0,-71.07023411371237,-9.620991253644316,-40.84584198301837,-73.69468320557762,False
CESM2,351007,raw,validation,historical,2003,2014,4380,57.80821917808219,933.2465,4.422969194312796,2.7087390410958903,4.757484277487644,5.66803737815035,2.6,9.0569,14.571449999999995,31.249980000000004,41.223083333333335,103.55741666666668,17.5,5.916666666666667,0.25,15.166666666666666,22.666666666666668,236.07775,116.56966666666666,4383,33.85808806753365,1182.6,9.562803234501349,3.2811316449920147,9.860763540229142,15.084697866912617,5.2,20.7,29.954999999999973,79.57100000000118,85.41666666666664,172.9416666666667,31.75,13.0,2.5,44.25,27.83333333333333,613.2083333333334,420.60833333333335,70.73680906841932,-21.08519364112972,-53.74819406138883,-17.44497526546264,-51.75338848682005,-62.42525088564849,-50.0,-56.24685990338164,-51.3555332999499,-60.72692312525977,-51.73882926829267,-40.12003083891487,-44.881889763779526,-54.48717948717948,-90.0,-65.7250470809793,-18.562874251497,-61.501216280491946,-72.2854595526321,False
CESM2,351007,qm,validation,historical,2003,2014,4380,61.75799086757991,1299.5471148851625,5.765088864555249,3.5604030544798966,4.979207875904301,5.237880099375585,4.1,12.1,16.0,28.049850614960512,31.63771867898221,98.89183601930394,33.166666666666664,5.916666666666667,0.0,14.333333333333334,26.416666666666668,267.03216558998565,80.06223282781438,4383,33.85808806753365,1182.6,9.562803234501349,3.2811316449920147,9.860763540229142,15.084697866912617,5.2,20.7,29.954999999999973,79.57100000000118,85.41666666666664,172.9416666666667,31.75,13.0,2.5,44.25,27.83333333333333,613.2083333333334,420.60833333333335,82.40247572277814,9.88898316295976,-39.71340073425793,8.511435678423123,-49.50484457323682,-65.27686437217572,-21.153846153846164,-41.54589371980676,-46.58654648639621,-64.74865137429452,-62.96071959533789,-42.81780792022131,4.46194225721784,-54.48717948717948,-100.0,-67.60828625235405,-5.089820359281429,-56.45327190215631,-80.96513395411857,False
CESM2,351007,detqm,validation,historical,2003,2014,4380,61.75799086757991,1307.4217929261945,5.80002274126223,3.5819775148662867,5.073505652115284,5.368052293703132,4.123357020539874,12.475798164710389,16.43541486095794,28.08262533658182,32.374208105668494,100.78444652844172,34.583333333333336,6.75,0.0,14.333333333333334,26.416666666666668,284.5374466555508,83.95166268952073,4383,33.85808806753365,1182.6,9.562803234501349,3.2811316449920147,9.860763540229142,15.084697866912617,5.2,20.7,29.954999999999973,79.57100000000118,85.41666666666664,172.9416666666667,31.75,13.0,2.5,44.25,27.83333333333333,613.2083333333334,420.60833333333335,82.40247572277814,10.554861569947075,-39.34809073205121,9.1689667597901,-48.54855172810089,-64.41392236646891,-20.704672681925494,-39.73044364874208,-45.13298327171439,-64.70746209475637,-62.09848807141248,-41.723444401228704,8.923884514435704,-48.07692307692308,-100.0,-67.60828625235405,-5.089820359281429,-53.59856818826378,-80.04041859461002,False
CESM2,351007,qdm,validation,historical,2003,2014,4380,61.75799086757991,1310.2322456809586,5.812490553852681,3.589677385427284,5.05936087792209,5.34120638930613,4.113948457800324,12.462543476713115,16.485266398784102,28.337444379253636,31.8251139316692,99.74389832349584,34.5,6.166666666666667,0.0,14.333333333333334,26.416666666666668,288.47498308702285,84.71874432448764,4383,33.85808806753365,1182.6,9.562803234501349,3.2811316449920147,9.860763540229142,15.084697866912617,5.2,20.7,29.954999999999973,79.57100000000118,85.41666666666664,172.9416666666667,31.75,13.0,2.5,44.25,27.83333333333333,613.2083333333334,420.60833333333335,82.40247572277814,10.79251189590381,-39.217712512561455,9.40363794626168,-48.69199674770295,-64.59189016293294,-20.88560658076301,-39.79447595790765,-44.966561846823176,-64.38722099853815,-62.74133003121654,-42.32512022927047,8.661417322834646,-52.56410256410256,-100.0,-67.60828625235405,-5.089820359281429,-52.95644768574745,-79.85804426339129,False
CESM2,351008,raw,validation,historical,2003,2014,4380,66.94063926940639,1063.5935833333333,4.353043315143247,3.06710296803653,5.0651885435872535,5.769448715450306,2.6125,8.274400000000002,13.46709999999999,30.32879000000001,49.055416666666666,110.9025,19.416666666666668,7.083333333333333,0.5833333333333334,12.833333333333334,30.58333333333333,263.862,96.81441666666667,4355,40.34443168771527,1038.25,7.091064314171884,2.950011481056257,7.324940993951135,10.207165336579784,4.0,15.8,23.019999999999985,49.97600000000002,63.82500000000001,128.46666666666667,28.75,9.833333333333334,1.5,38.583333333333336,30.0,411.35833333333335,184.725,65.92287081289973,2.44099044867164,-38.61227141257979,3.969187500868573,-30.850111314616232,-43.476484163785166,-34.68750000000001,-47.63037974683544,-41.498262380538655,-39.3132903793821,-23.140749445097285,-13.672158796056054,-32.463768115942024,-27.966101694915263,-61.11111111111111,-66.73866090712743,1.9444444444444404,-35.85592447784779,-47.589976090585104,True
CESM2,351008,qm,validation,historical,2003,2014,4380,57.28310502283105,1236.823700102171,5.915458111289777,3.388558082471701,6.746323348741549,8.03195714963096,3.7,12.1,17.25999999999999,36.99106974176072,73.56794870264393,141.03029476267776,30.58333333333333,7.083333333333333,0.9166666666666666,15.583333333333334,26.416666666666668,329.3349936678322,139.766252582642,4355,40.34443168771527,1038.25,7.091064314171884,2.950011481056257,7.324940993951135,10.207165336579784,4.0,15.8,23.019999999999985,49.97600000000002,63.82500000000001,128.46666666666667,28.75,9.833333333333334,1.5,38.583333333333336,30.0,411.35833333333335,184.725,41.98515786820104,19.12580785958786,-16.57869892016906,14.865928632197113,-7.899280631576464,-21.31060010513842,-7.499999999999996,-23.41772151898735,-25.021720243266707,-25.9823320358558,15.265097849814213,9.779679368975936,6.376811594202894,-27.966101694915263,-38.88888888888889,-59.61123110151188,-11.94444444444444,-19.939632436967244,-24.33820404241872,True
CESM2,351008,detqm,validation,historical,2003,2014,4380,57.28310502283105,1230.4746836282388,5.88509214967671,3.371163516789696,6.627218959243254,7.866659651758303,3.753139425866144,12.172344083890197,17.290900347367124,36.70149548205774,69.935087212693,137.17489240661908,30.33333333333333,6.916666666666667,0.8333333333333334,15.583333333333334,26.416666666666668,329.32703889541267,132.4958690097889,4355,40.34443168771527,1038.25,7.091064314171884,2.950011481056257,7.324940993951135,10.207165336579784,4.0,15.8,23.019999999999985,49.97600000000002,63.82500000000001,128.46666666666667,28.75,9.833333333333334,1.5,38.583333333333336,30.0,411.35833333333335,184.725,41.98515786820104,18.51429652089948,-17.00692746623341,14.276284632717577,-9.525292221248655,-22.93002618889426,-6.171514353346397,-22.959847570315222,-24.887487630898622,-26.56175868005098,9.573187955649033,6.778587758136283,5.507246376811589,-29.661016949152543,-44.44444444444444,-59.61123110151188,-11.94444444444444,-19.94156621872755,-28.273991603849563,True
CESM2,351008,qdm,validation,historical,2003,2014,4380,55.47945205479452,1221.6221696248324,6.032702072221395,3.364827532346569,6.594655956083367,7.897995037456271,3.862048832271761,12.371626097187235,17.716833656857073,35.03403307693015,69.5800685757272,136.8681914276386,30.58333333333333,7.083333333333333,0.8333333333333334,18.0,21.416666666666668,326.4538834979241,131.62387471896133,4355,40.34443168771527,1038.25,7.091064314171884,2.950011481056257,7.324940993951135,10.207165336579784,4.0,15.8,23.019999999999985,49.97600000000002,63.82500000000001,128.46666666666667,28.75,9.833333333333334,1.5,38.583333333333336,30.0,411.35833333333335,184.725,37.51452117167338,17.66165852394244,-14.925294639272895,14.061506334944394,-9.96984192051282,-22.62303218355891,-3.4487791932059757,-21.698569005144076,-23.037212611394065,-29.898285022950745,9.016950373250586,6.539848023589988,6.376811594202894,-27.966101694915263,-44.44444444444444,-53.347732181425485,-28.611111111111107,-20.64002183872356,-28.746041565050025,True
CESM2,351009,raw,validation,historical,2003,2014,4380,66.94063926940639,1063.5935833333333,4.353043315143247,3.06710296803653,5.0651885435872535,5.769448715450306,2.6125,8.274400000000002,13.46709999999999,30.32879000000001,49.055416666666666,110.9025,19.416666666666668,7.083333333333333,0.5833333333333334,12.833333333333334,30.58333333333333,311.68458333333336,223.5080833333333,4383,62.582705909194615,1140.9083333333333,4.991213999270872,3.237782340862424,4.133892245155648,4.364028005110439,3.7,10.0,12.8,20.315999999999985,29.70833333333333,82.75833333333334,23.666666666666668,2.5,0.0833333333333333,35.333333333333336,80.33333333333333,211.24166666666667,75.76666666666667,6.963478643021585,-6.776596133197964,-12.785881034570949,-5.271490015614544,22.528315766405285,32.204667538660786,-29.3918918918919,-17.255999999999982,5.211718749999914,49.28524315810216,65.12342215988781,34.007652804349995,-17.95774647887324,183.3333333333333,600.0,-63.67924528301887,-61.92946058091287,47.5488184938262,194.99527056753183,True
CESM2,351009,qm,validation,historical,2003,2014,4380,65.77625570776256,1280.4086722305735,5.333184334178022,3.50796896501527,4.299000801737355,4.285222755965923,4.2,10.4,12.7,19.499999999999908,32.7861290317155,84.46856615639724,27.916666666666668,2.333333333333333,0.0833333333333333,12.916666666666666,28.58333333333333,213.74895661590585,68.09744633468924,4383,62.582705909194615,1140.9083333333333,4.991213999270872,3.237782340862424,4.133892245155648,4.364028005110439,3.7,10.0,12.8,20.315999999999985,29.70833333333333,82.75833333333334,23.666666666666668,2.5,0.0833333333333333,35.333333333333336,80.33333333333333,211.24166666666667,75.76666666666667,5.102927002232335,12.227129456550577,6.851446060159044,8.344805045816607,3.9940217787532175,-1.8057915543216456,13.513513513513512,4.000000000000004,-0.7812500000000111,-4.016538688718634,10.360041621482742,2.0665385033497987,17.95774647887324,-6.66666666666666,0.0,-63.443396226415096,-64.41908713692946,1.1869296378898635,-10.12215617946867,True
CESM2,351009,detqm,validation,historical,2003,2014,4380,65.77625570776256,1284.8801562059798,5.351809050493494,3.5202196060437805,4.351068838146647,4.356583347371881,4.225692997547762,10.512699652435897,12.986276041244343,19.74738483732071,32.971824284829204,85.3785326239966,28.25,2.333333333333333,0.0833333333333333,12.916666666666666,28.58333333333333,223.9572455733279,71.74731151669802,4383,62.582705909194615,1140.9083333333333,4.991213999270872,3.237782340862424,4.133892245155648,4.364028005110439,3.7,10.0,12.8,20.315999999999985,29.70833333333333,82.75833333333334,23.666666666666668,2.5,0.0833333333333333,35.333333333333336,80.33333333333333,211.24166666666667,75.76666666666667,5.102927002232335,12.619052615034498,7.2245960857478595,8.723170227252723,5.253562021252485,-0.1705914290613954,14.207918852642214,5.126996524358969,1.4552815722214256,-2.798853921437665,10.985102782033788,3.1660851362359463,19.366197183098585,-6.66666666666666,0.0,-63.443396226415096,-64.41908713692946,6.019446403405841,-5.304912208493594,True
CESM2,351009,qdm,validation,historical,2003,2014,4380,65.45662100456622,1279.5411701196715,5.3555961079302605,3.508780476262446,4.299487422707298,4.285133803808325,4.251712704402894,10.488730651481314,12.882119245706066,19.7421677127266,31.73043712926116,84.54062745493506,28.5,2.4166666666666665,0.0833333333333333,12.916666666666666,28.58333333333333,220.9070175454441,68.83526081801485,4383,62.582705909194615,1140.9083333333333,4.991213999270872,3.237782340862424,4.133892245155648,4.364028005110439,3.7,10.0,12.8,20.315999999999985,29.70833333333333,82.75833333333334,23.666666666666668,2.5,0.0833333333333333,35.333333333333336,80.33333333333333,211.24166666666667,75.76666666666667,4.59218733613333,12.151093364468796,7.30047056112238,8.3698688444832,4.005793274986891,-1.807829858326428,14.911154173051177,4.887306514813137,0.6415566070786388,-2.824533802290742,6.80652049120166,2.1536128747578966,20.4225352112676,-3.3333333333333397,0.0,-63.443396226415096,-64.41908713692946,4.575494518337173,-9.148357917270332,True
CESM2,351010,raw,validation,historical,2003,2014,4380,62.57990867579909,962.6898333333332,4.21462167092302,2.806991095890411,4.854817483118632,5.685353387852955,2.468,7.917,13.464,32.923199999999994,43.614916666666666,109.56016666666666,17.916666666666668,6.416666666666667,0.4166666666666667,13.916666666666666,29.666666666666668,269.89608333333337,180.0631666666667,4383,61.054072553045856,1118.8166666666668,5.017115097159941,3.183185033082364,4.202766653503559,4.49956492719434,3.7,10.4,12.9,21.45,30.425,87.3,24.416666666666668,2.75,0.25,38.333333333333336,67.5,171.35000000000002,71.28333333333335,2.4991553535229527,-13.954639574550514,-15.995116928674635,-11.818161158783598,15.514799734872325,26.353402603260168,-33.2972972972973,-23.875000000000007,4.372093023255815,53.48811188811187,43.35223226513285,25.498472699503623,-26.621160409556317,133.33333333333334,66.66666666666667,-63.69565217391305,-56.04938271604938,57.51157474953798,152.6020575169511,True
CESM2,351010,qm,validation,historical,2003,2014,4380,62.009132420091326,1234.9772688616529,5.456453323394637,3.383499366744254,4.403270334749494,4.467311090388831,4.0,11.2,14.354526942355893,22.103742167919812,26.326756807760148,86.37242712020743,31.166666666666668,3.333333333333333,0.0,14.416666666666666,28.25,223.943039418156,68.2244217741214,4383,61.054072553045856,1118.8166666666668,5.017115097159941,3.183185033082364,4.202766653503559,4.49956492719434,3.7,10.4,12.9,21.45,30.425,87.3,24.416666666666668,2.75,0.25,38.333333333333336,67.5,171.35000000000002,71.28333333333335,1.5642852755083323,10.382451893666166,8.756789862831612,6.29289003246916,4.770754547573762,-0.7168212333280133,8.108108108108103,7.692307692307681,11.275402653921644,3.047749034591217,-13.469985841379948,-1.0625118897967512,27.64505119453925,21.212121212121215,-100.0,-62.39130434782609,-58.14814814814815,30.693340775112905,-4.291201626203343,True
CESM2,351010,detqm,validation,historical,2003,2014,4380,62.009132420091326,1239.1669026228535,5.4749642236650375,3.3949778154050785,4.4750825653037785,4.57255984208338,3.971329421159038,11.495953587565635,14.84023099485746,22.853423550118464,26.10107859555032,87.54182765949467,31.416666666666668,3.6666666666666665,0.0,14.416666666666666,28.25,248.99006797193627,74.54987415472534,4383,61.054072553045856,1118.8166666666668,5.017115097159941,3.183185033082364,4.202766653503559,4.49956492719434,3.7,10.4,12.9,21.45,30.425,87.3,24.416666666666668,2.75,0.25,38.333333333333336,67.5,171.35000000000002,71.28333333333335,1.5642852755083323,10.75692198211086,9.12574492788242,6.653486370461786,6.479444000851392,1.622266065056092,7.333227598892919,10.5380152650542,15.040550347732234,6.542767133419416,-14.211738387673552,0.2770076282871416,28.668941979522184,33.33333333333333,-100.0,-62.39130434782609,-58.14814814814815,45.31080710355194,4.58247484880804,True
CESM2,351010,qdm,validation,historical,2003,2014,4380,61.36986301369863,1245.988841194627,5.562450183904585,3.4200373863688367,4.525079307177641,4.633997230803658,4.009718593143219,11.442736602203412,15.130977237897511,23.25372651508053,26.836123413988147,89.21963744809524,31.416666666666668,3.6666666666666665,0.0,14.416666666666666,27.75,264.44577944032494,77.82624296882177,4383,61.054072553045856,1118.8166666666668,5.017115097159941,3.183185033082364,4.202766653503559,4.49956492719434,3.7,10.4,12.9,21.45,30.425,87.3,24.416666666666668,2.75,0.25,38.333333333333336,67.5,171.35000000000002,71.28333333333335,0.5172307881319487,11.366667865866624,10.86949524146544,7.440734698891264,7.669058985356518,2.987673381416045,8.370772787654571,10.026313482725117,17.29439719300396,8.408981422286839,-11.795814580153984,2.198897420498562,28.668941979522184,33.33333333333333,-100.0,-62.39130434782609,-58.888888888888886,54.33077294445574,9.178736921424026,True
CESM2,351011,raw,validation,historical,2003,2014,4380,66.94063926940639,1063.5935833333333,4.353043315143247,3.06710296803653,5.0651885435872535,5.769448715450306,2.6125,8.274400000000002,13.46709999999999,30.32879000000001,49.055416666666666,110.9025,19.416666666666668,7.083333333333333,0.5833333333333334,12.833333333333334,30.58333333333333,60.25,0.0,4383,25.644535706137347,1097.1833333333334,11.71370106761566,3.0422313483915127,10.2173523319798,17.494523987494723,5.6,27.510000000000016,41.7,87.44099999999995,104.975,174.70000000000002,31.916666666666668,15.75,2.9166666666666665,44.75,9.583333333333334,333.3,124.3,161.0327597133525,-3.061452810985714,-62.83801942685809,0.817545307925621,-50.42562516187811,-67.02140212803519,-53.34821428571429,-69.92221010541623,-67.70479616306957,-65.315138207477,-53.269429229181554,-36.5183171150544,-39.1644908616188,-55.02645502645503,-80.0,-71.32216014897578,219.1304347826087,-81.92319231923192,-100.0,True
CESM2,351011,qm,validation,historical,2003,2014,4380,26.621004566210047,1211.4320427953571,12.467568193434207,3.3189918980694717,12.184091955208125,21.067583669086613,6.2,28.317541859866047,41.84011429268689,87.95199647167193,143.05890383839014,250.22581366444865,34.166666666666664,16.0,2.833333333333333,41.91666666666666,10.583333333333334,399.8257132069525,170.39775346040366,4383,25.644535706137347,1097.1833333333334,11.71370106761566,3.0422313483915127,10.2173523319798,17.494523987494723,5.6,27.510000000000016,41.7,87.44099999999995,104.975,174.70000000000002,31.916666666666668,15.75,2.9166666666666665,44.75,9.583333333333334,333.3,124.3,3.807707307561071,10.412909674350113,6.435772276131671,9.097288075224368,19.249014415138905,20.423874831609886,10.714285714285726,2.935448418269832,0.3360054980500925,0.5843900134627779,36.27902247048357,43.2317193271028,7.049608355091373,1.5873015873015872,-2.857142857142847,-6.331471135940416,10.434782608695652,19.959709933079058,37.08588371713891,True
CESM2,351011,detqm,validation,historical,2003,2014,4380,26.02739726027397,1209.7227827526954,12.73392402897574,3.320240825045079,12.18469962089944,21.23371169509179,6.295498084235406,28.497168723740845,43.34848365945271,88.31969757080694,143.08123432292356,250.2253326983334,34.083333333333336,16.0,2.833333333333333,45.0,10.583333333333334,399.89668995180415,170.39421912622575,4383,25.644535706137347,1097.1833333333334,11.71370106761566,3.0422313483915127,10.2173523319798,17.494523987494723,5.6,27.510000000000016,41.7,87.44099999999995,104.975,174.70000000000002,31.916666666666668,15.75,2.9166666666666665,44.75,9.583333333333334,333.3,124.3,1.4929556866377458,10.257123490698485,8.709655090829031,9.138341066683026,19.254961804164687,21.373474981484957,12.41960864706082,3.5883995773930533,3.9531982241072137,1.0049033872062216,36.30029466341848,43.23144401736312,6.788511749347262,1.5873015873015872,-2.857142857142847,0.5586592178770949,10.434782608695652,19.981005086049844,37.083040326810746,True
CESM2,351011,qdm,validation,historical,2003,2014,4380,26.36986301369863,1203.2193543633236,12.500980305073492,3.298999776379992,11.843010792309096,20.423298711147,6.353130612349437,28.35450381671708,42.134711973480485,89.17938208282858,135.91011145103667,241.40505201697025,34.416666666666664,16.083333333333332,2.9166666666666665,43.75,10.583333333333334,389.6503213651725,169.34413892194345,4383,25.644535706137347,1097.1833333333334,11.71370106761566,3.0422313483915127,10.2173523319798,17.494523987494723,5.6,27.510000000000016,41.7,87.44099999999995,104.975,174.70000000000002,31.916666666666668,15.75,2.9166666666666665,44.75,9.583333333333334,333.3,124.3,2.828389314093509,9.664384958149528,6.721011855376676,8.440134841297901,15.910760513181744,16.741094103193635,13.448760934811384,3.06980667654331,1.0424747565479189,1.988062902790038,29.469027340830348,38.18262851572421,7.832898172323749,2.1164021164021087,0.0,-2.23463687150838,10.434782608695652,16.906787088260568,36.238245311298016,True
CESM2,351012,raw,validation,historical,2003,2014,4380,62.57990867579909,962.6898333333332,4.21462167092302,2.806991095890411,4.854817483118632,5.685353387852955,2.468,7.917,13.464,32.923199999999994,43.614916666666666,109.56016666666666,17.916666666666668,6.416666666666667,0.4166666666666667,13.916666666666666,29.666666666666668,38.46875,0.0,4383,21.6746520647958,887.6083333333335,11.211894736842106,2.470910335386721,9.498049970029244,17.855301656627983,4.8,27.2,43.34999999999995,80.77099999999999,100.90833333333336,179.25833333333333,24.416666666666668,12.083333333333334,3.1666666666666665,56.333333333333336,7.583333333333333,285.62499999999994,98.875,188.72393655371303,8.458854787678472,-62.40937174451129,13.60149559822412,-48.88616612422723,-68.15873796373234,-48.583333333333336,-70.89338235294119,-68.9411764705882,-59.23883572074135,-56.77768601866381,-38.88140951141277,-26.621160409556317,-46.896551724137936,-86.8421052631579,-75.29585798816568,291.20879120879124,-86.53172866520786,-100.0,True
CESM2,351012,qm,validation,historical,2003,2014,4380,23.812785388127853,1074.8548110087013,12.366498304989852,2.944807701393702,10.165339910742023,17.822347508432863,5.7,29.44000000000002,43.70452965196349,103.46474127785989,96.99750806862453,218.33202917368865,29.916666666666668,15.166666666666666,3.6666666666666665,47.75,10.583333333333334,327.5974153350573,131.7491830042252,4383,21.6746520647958,887.6083333333335,11.211894736842106,2.470910335386721,9.498049970029244,17.855301656627983,4.8,27.2,43.34999999999995,80.77099999999999,100.90833333333336,179.25833333333333,24.416666666666668,12.083333333333334,3.1666666666666665,56.333333333333336,7.583333333333333,285.62499999999994,98.875,9.86467195385725,21.09561961548744,10.298023619092112,19.17905960488087,7.025546747157493,-0.1845622595958078,18.750000000000007,8.235294117647133,0.8178308003772525,28.096397565784628,-3.875621700925413,21.797422252999095,22.525597269624573,25.51724137931033,15.789473684210527,-15.23668639053255,39.560439560439576,14.69493753524984,33.24822554156783,True
CESM2,351012,detqm,validation,historical,2003,2014,4380,23.812785388127853,1065.2066207514429,12.255493239709796,2.9183743034286107,10.124134233356989,17.782208284645574,5.686939160244383,29.69847119125809,44.15625445206169,102.2384587787756,96.53327016462156,217.3387689416884,29.916666666666668,14.916666666666666,3.583333333333333,47.75,10.583333333333334,326.06855351555095,131.0983665083271,4383,21.6746520647958,887.6083333333335,11.211894736842106,2.470910335386721,9.498049970029244,17.855301656627983,4.8,27.2,43.34999999999995,80.77099999999999,100.90833333333336,179.25833333333333,24.416666666666668,12.083333333333334,3.1666666666666665,56.333333333333336,7.583333333333333,285.62499999999994,98.875,9.86467195385725,20.00863227040185,9.307958443798444,18.10927582573962,6.591713723378279,-0.4093650916016686,18.47789917175798,9.185555850213568,1.859871861734112,26.578176299384214,-4.335680735365552,21.243327939206026,22.525597269624573,23.448275862068957,13.157894736842117,-15.23668639053255,39.560439560439576,14.159668626888756,32.59000405393386,True
CESM2,351012,qdm,validation,historical,2003,2014,4380,23.744292237442924,1069.3398700393516,12.338536961992515,2.930383014783301,10.373550603686176,18.367079096017594,5.765152556634806,29.51698934854184,44.38719074113866,95.4926121078486,99.12796381145884,221.0134902802897,29.916666666666668,15.0,3.583333333333333,49.333333333333336,10.583333333333334,341.52617714948263,113.88348838665496,4383,21.6746520647958,887.6083333333335,11.211894736842106,2.470910335386721,9.498049970029244,17.855301656627983,4.8,27.2,43.34999999999995,80.77099999999999,100.90833333333336,179.25833333333333,24.416666666666668,12.083333333333334,3.1666666666666665,56.333333333333336,7.583333333333333,285.62499999999994,98.875,9.54866618601299,20.47429365872914,10.048633630569883,18.59527935175632,9.217688224630772,2.866249191593113,20.1073449298918,8.518343193168537,2.392596865371879,18.226358603766982,-1.7643434026339273,23.293286382012752,22.525597269624573,24.137931034482754,13.157894736842117,-12.42603550295858,39.560439560439576,19.571528104851712,15.179255005466471,True
CESM2,351201,raw,validation,historical,2003,2014,4380,66.94063926940639,1063.5935833333333,4.353043315143247,3.06710296803653,5.0651885435872535,5.769448715450306,2.6125,8.274400000000002,13.46709999999999,30.32879000000001,49.055416666666666,110.9025,19.416666666666668,7.083333333333333,0.5833333333333334,12.833333333333334,30.58333333333333,63.61500000000001,6.672166666666667,4321,26.081925480212917,1034.375,11.013753327417923,2.9156676695209445,9.807500546383295,16.737824153456426,5.1,28.279999999999998,39.870000000000005,79.792,93.48333333333336,169.6833333333333,29.166666666666668,14.916666666666666,3.0,47.833333333333336,8.416666666666666,310.02500000000003,135.35833333333332,156.65528152893077,2.824757301107751,-60.47629553944459,5.193846339163433,-48.35393054905168,-65.53047359946787,-48.77450980392157,-70.74115983026874,-66.2224730373715,-61.99018698616401,-47.52495988589767,-34.641489048227086,-33.42857142857143,-52.513966480446925,-80.55555555555556,-73.17073170731707,263.36633663366337,-79.48068704136763,-95.07073816413224,True
CESM2,351201,qm,validation,historical,2003,2014,4380,27.69406392694064,1167.7315119828863,11.552166647810912,3.199264416391469,10.108158602318705,16.510232634341232,5.8,29.43889892930365,40.67999249330885,74.27084619143032,104.1731256899467,209.3492299263402,34.083333333333336,16.083333333333332,2.9166666666666665,36.583333333333336,10.833333333333334,344.10351963196734,123.78365418354588,4321,26.081925480212917,1034.375,11.013753327417923,2.9156676695209445,9.807500546383295,16.737824153456426,5.1,28.279999999999998,39.870000000000005,79.792,93.48333333333336,169.6833333333333,29.166666666666668,14.916666666666666,3.0,47.833333333333336,8.416666666666666,310.02500000000003,135.35833333333332,6.181056103203645,12.892472457560007,4.888554377304318,9.726648542120056,3.065593058226044,-1.359743757782252,13.725490196078436,4.0979452945674,2.031583880884994,-6.919432785955584,11.434971321034071,23.37642466928999,16.85714285714286,7.821229050279325,-2.7777777777777826,-23.5191637630662,28.71287128712873,10.992184382539248,-8.551138939693969,True
CESM2,351201,detqm,validation,historical,2003,2014,4380,27.671232876712327,1166.9138053469287,11.553602033137908,3.1972524347404434,10.105345820807596,16.511720551260918,5.807355244093925,29.45753301578781,40.66058715667658,74.23616665294597,104.11488587321097,209.2945526622071,34.083333333333336,16.083333333333332,2.9166666666666665,36.583333333333336,10.833333333333334,344.0583034256396,123.71034288184522,4321,26.081925480212917,1034.375,11.013753327417923,2.9156676695209445,9.807500546383295,16.737824153456426,5.1,28.279999999999998,39.870000000000005,79.792,93.48333333333336,169.6833333333333,29.166666666666668,14.916666666666666,3.0,47.833333333333336,8.416666666666666,310.02500000000003,135.35833333333332,6.093520195451615,12.813419248041448,4.901587040051745,9.65764267865838,3.0369131565752,-1.350854209737988,13.86971066850834,4.163836689490156,1.9829123568512157,-6.962895211367096,11.37267164187299,23.344201549282275,16.85714285714286,7.821229050279325,-2.7777777777777826,-23.5191637630662,28.71287128712873,10.977599685715534,-8.605299847186924,True
CESM2,351201,qdm,validation,historical,2003,2014,4380,27.26027397260274,1168.552059262707,11.744241801635246,3.2058373419606947,10.08917676743988,16.532016378099772,5.906069708871322,30.146120397471226,41.0654254163477,75.0978720744226,102.32590262269632,210.47187944769243,34.083333333333336,16.333333333333332,3.083333333333333,38.583333333333336,10.833333333333334,343.22145615401706,133.73973035512975,4321,26.081925480212917,1034.375,11.013753327417923,2.9156676695209445,9.807500546383295,16.737824153456426,5.1,28.279999999999998,39.870000000000005,79.792,93.48333333333336,169.6833333333333,29.166666666666668,14.916666666666666,3.0,47.833333333333336,8.416666666666666,310.02500000000003,135.35833333333332,4.517873855915209,12.97180029125868,6.63251166519978,9.952083204579562,2.872048996830872,-1.2295969504145705,15.80528840924162,6.59872842104396,2.998308042005758,-5.882955591509681,9.458979450201086,24.038039159822688,16.85714285714286,9.49720670391061,2.7777777777777826,-19.33797909407665,28.71287128712873,10.707670721398928,-1.1957911554788418,True
CanESM5,351001,raw,validation,historical,2003,2014,4380,57.37442922374429,1309.5798333333332,6.253465181058496,3.753763698630137,5.6698740362743605,6.42762448637904,4.303,13.728800000000003,16.791800000000002,25.57732000000004,40.41524999999999,111.37591666666668,45.833333333333336,4.75,0.4166666666666667,22.58333333333333,22.58333333333333,35.784749999999995,16.553250000000002,4383,22.86105407255305,981.1,11.749700598802397,2.718046999771845,9.121942570414795,16.072904114176634,5.5,28.8,41.374999999999964,74.37000000000003,93.41666666666669,162.36666666666665,28.75,15.0,3.083333333333333,53.833333333333336,8.0,263.3916666666667,90.1,150.9701829218276,33.48076988414363,-46.77766357982017,38.10517989369684,-37.84356794063287,-60.00956366864814,-21.763636363636365,-52.33055555555554,-59.41558912386702,-65.60801398413335,-56.736574487065134,-31.404691028536227,59.42028985507247,-68.33333333333333,-86.48648648648648,-58.04953560371518,182.29166666666663,-86.41386401746448,-81.62791342952275,True
CanESM5,351001,qm,validation,historical,2003,2014,4380,17.488584474885844,702.1978843466326,11.000489049816698,1.9240580125027624,7.554261750031532,15.056119088698663,5.413178294573649,26.310281517747853,36.34345099667774,60.27701810028015,65.53335125719256,155.5032735647859,21.25,11.083333333333334,1.6666666666666667,128.08333333333334,6.833333333333333,157.64279597523637,29.705433959125667,4383,22.86105407255305,981.1,11.749700598802397,2.718046999771845,9.121942570414795,16.072904114176634,5.5,28.8,41.374999999999964,74.37000000000003,93.41666666666669,162.36666666666665,28.75,15.0,3.083333333333333,53.833333333333336,8.0,263.3916666666667,90.1,-23.500533180214912,-28.4274911480346,-6.376430979543962,-29.211746056478447,-17.18582207991229,-6.326081573404927,-1.5785764622972855,-8.644855841153289,-12.160843512561282,-18.949821029608557,-29.848330500775138,-4.227094909801322,-26.08695652173913,-26.111111111111107,-45.94594594594595,137.92569659442725,-14.583333333333336,-40.14890525191141,-67.03059493992713,True
CanESM5,351001,detqm,validation,historical,2003,2014,4380,17.511415525114156,783.5381723989025,12.258745852394824,2.1466799243805545,7.890119710904064,15.223827954110272,6.808070151190841,28.6213521206934,38.79252471495172,58.03738511525446,65.57725698047513,160.21326010447694,25.25,13.0,1.5833333333333333,128.08333333333334,6.833333333333333,159.5541819114754,30.29582862502064,4383,22.86105407255305,981.1,11.749700598802397,2.718046999771845,9.121942570414795,16.072904114176634,5.5,28.8,41.374999999999964,74.37000000000003,93.41666666666669,162.36666666666665,28.75,15.0,3.083333333333333,53.833333333333336,8.0,263.3916666666667,90.1,-23.400664424575503,-20.13676766905489,4.3324104245201855,-21.02123603599393,-13.503953242436594,-5.282655542737042,23.78309365801529,-0.6203051364812584,-6.241632108877943,-21.96129472199216,-29.80133061858149,-1.3262614835904547,-12.173913043478262,-13.333333333333334,-48.64864864864865,137.92569659442725,-14.583333333333336,-39.4232232436579,-66.3753289400437,True
CanESM5,351001,qdm,validation,historical,2003,2014,4380,17.123287671232877,734.9973421909084,11.759957475054534,2.017559812668684,7.814265416684256,15.566019296977071,6.184272358316498,28.712960086055425,38.96404111637456,47.38863195794807,65.93533895900113,155.67273283304772,22.83333333333333,12.416666666666666,0.4166666666666667,128.08333333333334,6.833333333333333,142.43257929329823,50.05702777510013,4383,22.86105407255305,981.1,11.749700598802397,2.718046999771845,9.121942570414795,16.072904114176634,5.5,28.8,41.374999999999964,74.37000000000003,93.41666666666669,162.36666666666665,28.75,15.0,3.083333333333333,53.833333333333336,8.0,263.3916666666667,90.1,-25.09843327044541,-25.08436018847127,0.0872947882023734,-25.77170987705367,-14.33551180174858,-3.153660431237686,12.441315605754513,-0.3022219234186662,-5.827090957402796,-36.27990862182594,-29.418013603210213,-4.122726647681541,-20.57971014492754,-17.222222222222225,-86.48648648648648,137.92569659442725,-14.583333333333336,-45.923657685968976,-44.44281046048822,True
CanESM5,351002,raw,validation,historical,2003,2014,4380,57.37442922374429,1309.5798333333332,6.253465181058496,3.753763698630137,5.6698740362743605,6.42762448637904,4.303,13.728800000000003,16.791800000000002,25.57732000000004,40.41524999999999,111.37591666666668,45.833333333333336,4.75,0.4166666666666667,22.58333333333333,22.58333333333333,39.25416666666666,16.553250000000002,4260,22.558685446009388,953.3833333333332,11.904890738813735,2.704319248826291,8.907471195086408,15.573592332506047,6.4,27.3,40.5,76.75999999999995,83.525,155.54166666666666,28.916666666666668,14.083333333333334,2.583333333333333,55.5,11.583333333333334,241.15833333333333,104.84166666666664,154.3340983279404,37.36130972151809,-47.47146094612857,38.806233778031874,-36.34698432253129,-58.72741273082542,-32.76562500000001,-49.7113553113553,-58.53876543209876,-66.67884314747256,-51.61299012271776,-28.3948031074203,58.5014409221902,-66.27218934911242,-83.87096774193549,-59.30930930930931,94.9640287769784,-83.72265800476866,-84.21119147921469,True
CanESM5,351002,qm,validation,historical,2003,2014,4380,19.246575342465757,750.3799064018123,10.681564503940388,2.055835360004965,6.917237084783132,12.51394688087808,5.9,26.33792135096302,36.1493650106553,60.053075275127725,56.63575974856434,142.64744305493548,24.0,11.166666666666666,1.5833333333333333,110.58333333333331,7.583333333333333,147.4810419943302,21.0827030039596,4260,22.558685446009388,953.3833333333332,11.904890738813735,2.704319248826291,8.907471195086408,15.573592332506047,6.4,27.3,40.5,76.75999999999995,83.525,155.54166666666666,28.916666666666668,14.083333333333334,2.583333333333333,55.5,11.583333333333334,241.15833333333333,104.84166666666664,-14.68219463173349,-21.29294899898828,-10.275829167292686,-23.97956118171981,-22.34342460070083,-19.646369227488456,-7.8125,-3.524097615520082,-10.74230861566592,-21.76514424813996,-32.19304429983318,-8.289883918605632,-17.002881844380408,-20.71005917159764,-38.70967741935485,99.24924924924925,-34.53237410071943,-38.84472497557059,-79.89091200639734,True
CanESM5,351002,detqm,validation,historical,2003,2014,4380,19.246575342465757,829.7030653337815,11.810719791228207,2.2731590831062505,7.246973379331477,12.663136436693208,6.996025564560658,28.361531439644608,37.73189787819714,57.55366108748533,56.0996371455219,146.50685449407302,26.75,13.416666666666666,1.5,110.58333333333331,7.583333333333333,145.3294307131575,15.306474220972197,4260,22.558685446009388,953.3833333333332,11.904890738813735,2.704319248826291,8.907471195086408,15.573592332506047,6.4,27.3,40.5,76.75999999999995,83.525,155.54166666666666,28.916666666666668,14.083333333333334,2.583333333333333,55.5,11.583333333333334,241.15833333333333,104.84166666666664,-14.68219463173349,-12.972774295007444,-0.7910273991721828,-15.943390038257116,-18.641629923775728,-18.68840427868386,9.312899446260278,3.888393551811749,-6.8348200538342265,-25.02128571197841,-32.83491512059635,-5.808612165610693,-7.492795389048996,-4.733727810650896,-41.935483870967744,99.24924924924925,-34.53237410071943,-39.73692357863472,-85.40039021924598,True
CanESM5,351002,qdm,validation,historical,2003,2014,4380,19.246575342465757,774.8655844429023,11.030115081037756,2.1229194094326096,6.833051506751173,12.019162931859851,6.2348536197275095,28.23438753936508,37.63945075374543,46.55637736126031,51.276846193829165,136.52107432273502,25.33333333333333,12.25,0.4166666666666667,110.58333333333331,7.583333333333333,122.8459230921997,15.49807730407199,4260,22.558685446009388,953.3833333333332,11.904890738813735,2.704319248826291,8.907471195086408,15.573592332506047,6.4,27.3,40.5,76.75999999999995,83.525,155.54166666666666,28.916666666666668,14.083333333333334,2.583333333333333,55.5,11.583333333333334,241.15833333333333,104.84166666666664,-14.68219463173349,-18.72465593312564,-7.348036004429102,-21.49893507011113,-23.28853658802219,-22.82343935013118,-2.580412191757669,3.4226649793592667,-7.063084558653263,-39.348127460577984,-38.608983904424825,-12.22861549033912,-12.39193083573488,-13.017751479289943,-83.87096774193549,99.24924924924925,-34.53237410071943,-49.06005469759161,-85.21763550998618,True
CanESM5,351003,raw,validation,historical,2003,2014,4380,57.37442922374429,1309.5798333333332,6.253465181058496,3.753763698630137,5.6698740362743605,6.42762448637904,4.303,13.728800000000003,16.791800000000002,25.57732000000004,40.41524999999999,111.37591666666668,45.833333333333336,4.75,0.4166666666666667,22.58333333333333,22.58333333333333,31.97375,16.553250000000002,4323,54.61485079805691,1439.4833333333331,7.316306649724693,4.049201943095073,8.192055563250843,9.96630897017431,4.6,14.3,20.5,56.700000000000045,61.36666666666667,124.44166666666663,38.583333333333336,10.75,2.333333333333333,36.5,77.66666666666667,164.33333333333334,41.266666666666666,5.05279861679228,-9.024314279428973,-14.5270218916561,-7.296209194227373,-30.788139893616744,-35.50646979122682,-6.456521739130429,-3.994405594405564,-18.08878048780487,-54.89008818342148,-34.141363389462256,-10.499497756646338,18.790496760259177,-55.81395348837209,-82.14285714285714,-38.12785388127854,-70.92274678111589,-80.5433569979716,-59.88711631663973,False
CanESM5,351003,qm,validation,historical,2003,2014,4380,19.08675799086758,983.66047899812,14.119528406671575,2.694960216433205,8.659855281079311,15.22446824215534,8.55,32.8,45.2,65.4715947024541,67.92048820389205,175.26553192077168,31.666666666666668,17.416666666666668,2.6666666666666665,115.66666666666669,7.583333333333333,174.3734540252727,28.89760665466258,4323,54.61485079805691,1439.4833333333331,7.316306649724693,4.049201943095073,8.192055563250843,9.96630897017431,4.6,14.3,20.5,56.700000000000045,61.36666666666667,124.44166666666663,38.583333333333336,10.75,2.333333333333333,36.5,77.66666666666667,164.33333333333334,41.266666666666666,-65.0520733610671,-31.66572642975235,92.98710514276878,-33.444657631146235,5.710407042732895,52.75934438433392,85.86956521739134,129.37062937062933,120.4878048780488,15.470184660412778,10.679774368102198,40.84151764878192,-17.926565874730024,62.015503875969,14.28571428571427,216.8949771689498,-90.23605150214593,6.109606911930648,-29.973489528281306,False
CanESM5,351003,detqm,validation,historical,2003,2014,4380,19.08675799086758,1083.9127540545396,15.558556278294828,2.969623983711068,9.021271259805696,15.188790907276244,10.41557519603235,35.53898819571671,46.21000970695548,61.59249179518965,66.01767579953683,178.87746207228102,36.333333333333336,19.5,2.6666666666666665,115.66666666666669,7.583333333333333,169.6163436823405,28.91374849862184,4323,54.61485079805691,1439.4833333333331,7.316306649724693,4.049201943095073,8.192055563250843,9.96630897017431,4.6,14.3,20.5,56.700000000000045,61.36666666666667,124.44166666666663,38.583333333333336,10.75,2.333333333333333,36.5,77.66666666666667,164.33333333333334,41.266666666666666,-65.0520733610671,-24.701264060863995,112.65587984724893,-26.661499588208056,10.12219326581076,52.401364966017006,126.42554773983372,148.52439297703992,125.41468149734378,8.628733324849387,7.579048016627103,43.74402630867023,-5.8315334773218135,81.3953488372093,14.28571428571427,216.8949771689498,-90.23605150214593,3.214813599801515,-29.93437358976937,False
CanESM5,351003,qdm,validation,historical,2003,2014,4380,18.94977168949772,1016.9629942049534,14.703079434288483,2.7875682066202714,8.668041686651486,14.882533360208464,9.621810980669856,35.536916665888576,45.69407551717112,52.90189638130702,62.25928325119676,170.70459690808954,33.333333333333336,18.58333333333333,1.9166666666666667,115.66666666666669,7.583333333333333,112.91026636984908,36.55311926536879,4323,54.61485079805691,1439.4833333333331,7.316306649724693,4.049201943095073,8.192055563250843,9.96630897017431,4.6,14.3,20.5,56.700000000000045,61.36666666666667,124.44166666666663,38.583333333333336,10.75,2.333333333333333,36.5,77.66666666666667,164.33333333333334,41.266666666666666,-65.30289580105945,-29.3522216856775,100.96313807242824,-31.15758992031036,5.810338073583064,49.32843648282128,109.1698039276056,148.50990675446556,122.89792935205426,-6.698595447430377,1.454562603796994,37.17639877433033,-13.606911447084231,72.86821705426355,-17.857142857142858,216.8949771689498,-90.23605150214593,-31.29192715830685,-11.42216656211118,False
CanESM5,351004,raw,validation,historical,2003,2014,4380,57.37442922374429,1309.5798333333332,6.253465181058496,3.753763698630137,5.6698740362743605,6.42762448637904,4.303,13.728800000000003,16.791800000000002,25.57732000000004,40.41524999999999,111.37591666666668,45.833333333333336,4.75,0.4166666666666667,22.58333333333333,22.58333333333333,35.784749999999995,16.553250000000002,4293,20.17237363149313,983.225,13.624364896073905,2.752830188679245,9.574806251378996,17.511262631813235,7.8,33.95,43.05,93.17500000000024,98.99166666666667,153.82500000000002,28.33333333333333,14.666666666666666,2.5,58.75,6.75,271.5083333333334,130.24166666666667,184.4208136923028,33.19228389568341,-54.10086834315088,36.36016177340458,-40.78340712682551,-63.29434021107203,-44.833333333333336,-59.56170839469807,-60.99465737514518,-72.5491601824524,-59.17307854196482,-27.59569857522077,61.76470588235296,-67.61363636363636,-83.33333333333334,-61.56028368794327,234.5679012345679,-86.82001780178632,-87.29035766843688,True
CanESM5,351004,qm,validation,historical,2003,2014,4380,20.684931506849317,846.1877394180734,11.207784628053954,2.3183225737481465,7.564216300861551,13.308453257865114,6.641147428046544,28.1,36.34223076667553,57.36012479446772,60.05603663940689,153.91662178675654,27.25,13.416666666666666,1.25,109.08333333333331,8.25,151.6257146378687,28.7086108450022,4293,20.17237363149313,983.225,13.624364896073905,2.752830188679245,9.574806251378996,17.511262631813235,7.8,33.95,43.05,93.17500000000024,98.99166666666667,153.82500000000002,28.33333333333333,14.666666666666666,2.5,58.75,6.75,271.5083333333334,130.24166666666667,2.540890252776091,-13.937528091934867,-17.737195725845016,-15.784032619155736,-20.99875337141024,-24.000607279527355,-14.857084255813536,-17.231222385861564,-15.581345489720023,-38.438288388014406,-39.332230013226486,0.0595623512150296,-3.823529411764702,-8.522727272727273,-50.0,85.67375886524822,22.22222222222222,-44.154305403320215,-77.95742976901744,True
CanESM5,351004,detqm,validation,historical,2003,2014,4380,20.684931506849317,934.0184123106376,12.371104798816392,2.558954554275719,7.869966342203229,13.347982540991431,7.520467314413825,29.52479760473576,38.07273206811831,54.515018096762994,59.0934910722282,156.45195804335836,30.666666666666668,15.25,1.0,109.08333333333331,8.25,144.0657313241887,28.502495310592707,4293,20.17237363149313,983.225,13.624364896073905,2.752830188679245,9.574806251378996,17.511262631813235,7.8,33.95,43.05,93.17500000000024,98.99166666666667,153.82500000000002,28.33333333333333,14.666666666666666,2.5,58.75,6.75,271.5083333333334,130.24166666666667,2.540890252776091,-5.004611120482323,-9.198668024655287,-7.042774930354267,-17.805476835943605,-23.774870940820943,-3.583752379309937,-13.034469500041965,-11.561597983465004,-41.49179705203879,-40.30458011055322,1.7077575448453388,8.235294117647067,3.977272727272732,-60.0,85.67375886524822,22.22222222222222,-46.938744179421626,-78.11568598585242,True
CanESM5,351004,qdm,validation,historical,2003,2014,4380,20.2054794520548,879.5046574659283,11.925486880893944,2.4143580951129984,7.624777586773455,13.208713965080166,7.093160440217297,30.11918685495732,38.25942656817019,44.50446486474567,56.6572477441945,150.85407611763412,28.916666666666668,14.416666666666666,0.5,110.58333333333331,8.25,108.01785602949136,36.854312571750135,4293,20.17237363149313,983.225,13.624364896073905,2.752830188679245,9.574806251378996,17.511262631813235,7.8,33.95,43.05,93.17500000000024,98.99166666666667,153.82500000000002,28.33333333333333,14.666666666666666,2.5,58.75,6.75,271.5083333333334,130.24166666666667,0.1641146508905666,-10.548993621406265,-12.469410707500357,-12.29542217889724,-20.3662467250937,-24.570179530723845,-9.062045638239772,-11.28369114887388,-11.12792899379746,-52.23561592192589,-42.76563911690093,-1.931366086374708,2.058823529411773,-1.7045454545454546,-80.0,88.22695035460993,22.22222222222222,-60.21563879703212,-71.70313194311846,True
CanESM5,351005,raw,validation,historical,2003,2014,4380,57.37442922374429,1309.5798333333332,6.253465181058496,3.753763698630137,5.6698740362743605,6.42762448637904,4.303,13.728800000000003,16.791800000000002,25.57732000000004,40.41524999999999,111.37591666666668,45.833333333333336,4.75,0.4166666666666667,22.58333333333333,22.58333333333333,35.784749999999995,16.553250000000002,4321,34.390187456607265,1116.3166666666666,9.014670255720054,3.15464012959963,8.682538477501115,12.917248672151468,4.7,21.0,30.75,63.71500000000019,74.35,148.82500000000002,32.916666666666664,13.166666666666666,2.1666666666666665,48.583333333333336,26.5,183.75833333333333,75.14166666666667,66.83372050861313,17.312575583391805,-30.630128405523187,18.991819808826968,-34.697968215555974,-50.23998802286377,-8.446808510638302,-34.62476190476188,-45.39252032520324,-59.85667425253085,-45.64189643577674,-25.16316703062882,39.24050632911394,-63.9240506329114,-80.76923076923076,-53.51629502572899,-14.779874213836482,-80.52618928846763,-77.97061106798269,False
CanESM5,351005,qm,validation,historical,2003,2014,4380,18.90410958904109,813.0418073848813,11.783214599780887,2.227511801054469,7.599515544537247,13.894948965823216,6.7,29.775317614267696,39.2,64.9312899006988,61.25529873613311,155.3997808364668,25.666666666666668,12.5,2.083333333333333,115.66666666666669,7.583333333333333,161.10241898986925,22.889788276013604,4321,34.390187456607265,1116.3166666666666,9.014670255720054,3.15464012959963,8.682538477501115,12.917248672151468,4.7,21.0,30.75,63.71500000000019,74.35,148.82500000000002,32.916666666666664,13.166666666666666,2.1666666666666665,48.583333333333336,26.5,183.75833333333333,75.14166666666667,-45.0305130994303,-27.167457795588348,30.71154313497065,-29.38935315778243,-12.473574816515733,7.568951550647086,42.5531914893617,41.78722673460808,27.47967479674797,1.9089537796415423,-17.612241108092647,4.417793271605423,-22.025316455696192,-5.063291139240501,-3.846153846153833,138.07890222984562,-71.38364779874215,-12.32919015561965,-69.53782196826403,False
CanESM5,351005,detqm,validation,historical,2003,2014,4380,18.036529680365295,904.1032317847636,13.733213647363495,2.4850554252830097,7.932516611267911,13.951244297198064,8.500827081582353,32.33101447421485,41.60459954551996,61.292733845787744,59.890515110721104,158.64249236116493,30.33333333333333,14.5,2.1666666666666665,126.25,7.166666666666667,157.31630523600342,15.583971649445074,4321,34.390187456607265,1116.3166666666666,9.014670255720054,3.15464012959963,8.682538477501115,12.917248672151468,4.7,21.0,30.75,63.71500000000019,74.35,148.82500000000002,32.916666666666664,13.166666666666666,2.1666666666666665,48.583333333333336,26.5,183.75833333333333,75.14166666666667,-47.55326732916658,-19.01014660253838,52.34293942864298,-21.22539106866685,-8.6382786344883,8.004766737020438,80.86866131026281,53.95721178197546,35.29951071713808,-3.801720402122635,-19.447861317120232,6.596668813146251,-7.848101265822781,10.12658227848102,0.0,159.86277873070324,-72.95597484276729,-14.389566784633756,-79.26054565893969,False
CanESM5,351005,qdm,validation,historical,2003,2014,4380,17.21461187214612,835.46917340653,13.296591619202069,2.305637400600561,7.453943899255181,13.30048672483147,8.256269351805605,32.47226799049389,41.87588825528919,51.1356423233474,55.09259200847654,147.92293237671427,27.5,13.75,1.1666666666666667,128.08333333333334,6.916666666666667,117.08773039758516,15.421495341440629,4321,34.390187456607265,1116.3166666666666,9.014670255720054,3.15464012959963,8.682538477501115,12.917248672151468,4.7,21.0,30.75,63.71500000000019,74.35,148.82500000000002,32.916666666666664,13.166666666666666,2.1666666666666665,48.583333333333336,26.5,183.75833333333333,75.14166666666667,-49.9432450204957,-25.15840725542065,47.4994785390516,-26.91282346385479,-14.150177179514564,2.9668705961063746,75.66530535756606,54.62984757378043,36.181750423704685,-19.743165152087816,-25.90101949095287,-0.6061264057018279,-16.455696202531637,4.430379746835448,-46.15384615384615,163.63636363636363,-73.8993710691824,-36.28167589809886,-79.47677230816375,False
CanESM5,351006,raw,validation,historical,2003,2014,4380,57.37442922374429,1309.5798333333332,6.253465181058496,3.753763698630137,5.6698740362743605,6.42762448637904,4.303,13.728800000000003,16.791800000000002,25.57732000000004,40.41524999999999,111.37591666666668,45.833333333333336,4.75,0.4166666666666667,22.58333333333333,22.58333333333333,258.4984166666667,70.12933333333335,4321,30.849340430455914,1029.2583333333332,9.265641410352588,2.9246239296459158,9.08685533163311,14.474928266861166,5.0,20.2,30.37999999999997,82.88000000000022,71.50833333333333,163.71666666666667,28.416666666666668,11.583333333333334,2.333333333333333,49.833333333333336,28.58333333333333,514.9833333333333,344.3333333333333,85.98267717614334,27.23529078381683,-32.50909565665427,28.35030379733663,-37.60356218573848,-55.59477485567639,-13.94,-32.035643564356405,-44.727452271231016,-69.13933397683401,-43.48176203239717,-31.970324748040312,61.29032258064516,-58.992805755395686,-82.14285714285714,-54.68227424749165,-20.99125364431487,-49.8045082365125,-79.63330106485962,False
CanESM5,351006,qm,validation,historical,2003,2014,4380,53.94977168949772,976.6378458879929,4.959650508106607,2.6757201257205288,4.267026667717331,4.735324981505238,3.5,10.4,14.29000000000001,25.293344647101467,29.12226988817568,84.68601914084867,21.25,3.75,0.0,25.0,20.916666666666668,153.70834157383496,33.201764025159655,4321,30.849340430455914,1029.2583333333332,9.265641410352588,2.9246239296459158,9.08685533163311,14.474928266861166,5.0,20.2,30.37999999999997,82.88000000000022,71.50833333333333,163.71666666666667,28.416666666666668,11.583333333333334,2.333333333333333,49.833333333333336,28.58333333333333,514.9833333333333,344.3333333333333,74.88144296348058,-5.112466495648856,-46.47266941967835,-8.510625978346605,-53.04176734427606,-67.28602108276924,-30.0,-48.51485148514851,-52.96247531270565,-69.48196833120005,-59.27429918912618,-48.27281738317296,-25.21994134897361,-67.62589928057554,-100.0,-49.83277591973244,-26.822157434402325,-70.15275415246417,-90.357667756488,False
CanESM5,351006,detqm,validation,historical,2003,2014,4380,53.94977168949772,994.4524418542768,5.050118198159679,2.724527237956923,4.359629449801609,4.846352813779543,3.3767193255235752,11.11532208970876,15.44404786252626,24.88108976701582,27.38458379634241,84.2177393755263,25.33333333333333,3.9166666666666665,0.0,25.0,20.916666666666668,177.06956514958492,14.365441344568609,4321,30.849340430455914,1029.2583333333332,9.265641410352588,2.9246239296459158,9.08685533163311,14.474928266861166,5.0,20.2,30.37999999999997,82.88000000000022,71.50833333333333,163.71666666666667,28.416666666666668,11.583333333333334,2.333333333333333,49.833333333333336,28.58333333333333,514.9833333333333,344.3333333333333,74.88144296348058,-3.3816477702283656,-45.49629135747543,-6.841792192858721,-52.02268231755719,-66.51898562513253,-32.465613489528494,-44.97365302124376,-49.16376608780028,-69.97938010736516,-61.70434616523611,-48.55884798400104,-10.850439882697955,-66.18705035971223,-100.0,-49.83277591973244,-26.822157434402325,-65.61644742879997,-95.82804220390068,False
CanESM5,351006,qdm,validation,historical,2003,2014,4380,53.67579908675799,973.6151828134834,4.969537300621779,2.670170648594724,4.165453521758506,4.57261420456338,3.364069764902933,11.083193587774064,15.235366887013456,21.030512428163803,25.5324541616783,79.1652733336763,24.0,3.25,0.0,25.0,20.916666666666668,159.13016929452306,9.213664774794507,4321,30.849340430455914,1029.2583333333332,9.265641410352588,2.9246239296459158,9.08685533163311,14.474928266861166,5.0,20.2,30.37999999999997,82.88000000000022,71.50833333333333,163.71666666666667,28.416666666666668,11.583333333333334,2.333333333333333,49.833333333333336,28.58333333333333,514.9833333333333,344.3333333333333,73.99334422646756,-5.406140394282269,-46.365965608497774,-8.700376088422354,-54.1595703933158,-68.41010801392432,-32.71860470194134,-45.13270501101948,-49.85066857467588,-74.62534697374065,-64.2944353874677,-51.6449516438911,-15.5425219941349,-71.94244604316546,-100.0,-49.83277591973244,-26.822157434402325,-69.09993799905698,-97.32420190470634,False
CanESM5,351007,raw,validation,historical,2003,2014,4380,57.37442922374429,1309.5798333333332,6.253465181058496,3.753763698630137,5.6698740362743605,6.42762448637904,4.303,13.728800000000003,16.791800000000002,25.57732000000004,40.41524999999999,111.37591666666668,45.833333333333336,4.75,0.4166666666666667,22.58333333333333,22.58333333333333,300.0455833333333,83.71316666666667,4383,33.85808806753365,1182.6,9.562803234501349,3.2811316449920147,9.860763540229142,15.084697866912617,5.2,20.7,29.954999999999973,79.57100000000118,85.41666666666664,172.9416666666667,31.75,13.0,2.5,44.25,27.83333333333333,613.2083333333334,420.60833333333335,69.45560868441459,10.737344269688236,-34.606359372774634,14.404544065139836,-42.50065917164661,-57.389769797924494,-17.250000000000004,-33.67729468599031,-43.943248205641744,-67.85597768031109,-52.68458536585365,-35.59914229268058,44.35695538057743,-63.46153846153846,-83.33333333333334,-48.96421845574389,-18.8622754491018,-51.0695522185228,-80.09712123313456,False
CanESM5,351007,qm,validation,historical,2003,2014,4380,54.97716894977169,992.0370740583306,4.943706349127893,2.717909791940632,4.088981225910983,4.405636628502048,3.6,10.2,13.6,23.22558422406157,26.75974105368965,79.67656793177355,21.25,3.083333333333333,0.0,23.25,22.08333333333333,142.5742467132929,30.3837346099349,4383,33.85808806753365,1182.6,9.562803234501349,3.2811316449920147,9.860763540229142,15.084697866912617,5.2,20.7,29.954999999999973,79.57100000000118,85.41666666666664,172.9416666666667,31.75,13.0,2.5,44.25,27.83333333333333,613.2083333333334,420.60833333333335,62.37529077280952,-16.113895310474334,-48.30274943552488,-17.165475634329617,-58.53281331380588,-70.79400152809458,-30.769230769230766,-50.72463768115942,-54.598564513436784,-70.81149636920333,-68.67152266885114,-53.928645729230354,-33.07086614173228,-76.28205128205128,-100.0,-47.45762711864407,-20.65868263473054,-76.74946034437026,-92.77624045887468,False
CanESM5,351007,detqm,validation,historical,2003,2014,4380,54.97716894977169,1001.3389504639272,4.990061214936514,2.743394384832677,4.145657685872435,4.477868095577574,3.456821647285637,10.81364720432943,14.27046885161507,22.457912663941705,25.08089993175197,79.11405158474042,24.416666666666668,3.0,0.0,23.25,22.08333333333333,157.7441957960092,15.461961338076613,4383,33.85808806753365,1182.6,9.562803234501349,3.2811316449920147,9.860763540229142,15.084697866912617,5.2,20.7,29.954999999999973,79.57100000000118,85.41666666666664,172.9416666666667,31.75,13.0,2.5,44.25,27.83333333333333,613.2083333333334,420.60833333333335,62.37529077280952,-15.327333801460592,-47.81800804043502,-16.388774311450895,-57.958045855583926,-70.31516219228023,-33.52266062912236,-47.76015843319116,-52.360310961057976,-71.77625936089609,-70.63699520185133,-54.253909361688194,-23.097112860892388,-76.92307692307692,-100.0,-47.45762711864407,-20.65868263473054,-74.27559489634966,-96.32390513627249,False
CanESM5,351007,qdm,validation,historical,2003,2014,4380,54.018264840182646,980.0056244300775,4.970442727456015,2.694498523889163,3.980527365176642,4.248581009380361,3.525403022499903,10.74486199026578,14.368581526382863,19.444857811036123,23.20836015917185,74.44608614614125,23.166666666666668,1.5,0.0,24.916666666666668,21.08333333333333,143.5686341823469,8.582034742378498,4383,33.85808806753365,1182.6,9.562803234501349,3.2811316449920147,9.860763540229142,15.084697866912617,5.2,20.7,29.954999999999973,79.57100000000118,85.41666666666664,172.9416666666667,31.75,13.0,2.5,44.25,27.83333333333333,613.2083333333334,420.60833333333335,59.54316360816749,-17.13126801707445,-48.02316218822421,-17.878987635202897,-59.63266587889254,-71.83516006177777,-32.20378802884802,-48.09245415330541,-52.03277741150767,-75.56288370004671,-72.8292368868232,-56.953065400005066,-27.034120734908136,-88.46153846153847,-100.0,-43.69114877589454,-24.251497005988025,-76.58729890346997,-97.95961371607508,False
CanESM5,351008,raw,validation,historical,2003,2014,4380,57.37442922374429,1309.5798333333332,6.253465181058496,3.753763698630137,5.6698740362743605,6.42762448637904,4.303,13.728800000000003,16.791800000000002,25.57732000000004,40.41524999999999,111.37591666666668,45.833333333333336,4.75,0.4166666666666667,22.58333333333333,22.58333333333333,258.4984166666667,52.3485,4355,40.34443168771527,1038.25,7.091064314171884,2.950011481056257,7.324940993951135,10.207165336579784,4.0,15.8,23.019999999999985,49.97600000000002,63.82500000000001,128.46666666666667,28.75,9.833333333333334,1.5,38.583333333333336,30.0,411.35833333333335,184.725,42.21151921992396,26.133381491291427,-11.81203689606087,27.24573184664675,-22.59495276540129,-37.02831026608209,7.574999999999998,-13.108860759493645,-27.055603822762748,-48.82079398111088,-36.67802585193892,-13.303645563051376,59.42028985507247,-51.69491525423729,-72.22222222222221,-41.46868250539958,-24.722222222222225,-37.15979579847254,-71.66138855054811,True
CanESM5,351008,qm,validation,historical,2003,2014,4380,49.45205479452055,917.9502330793111,5.085596859165158,2.51493214542277,4.832165772155107,5.843690701354693,3.3,10.607334689162805,14.4,28.14991973781326,38.67238055763732,99.17078687914344,20.5,3.75,0.1666666666666666,32.916666666666664,20.08333333333333,155.65919421641794,46.544974218635325,4355,40.34443168771527,1038.25,7.091064314171884,2.950011481056257,7.324940993951135,10.207165336579784,4.0,15.8,23.019999999999985,49.97600000000002,63.82500000000001,128.46666666666667,28.75,9.833333333333334,1.5,38.583333333333336,30.0,411.35833333333335,184.725,22.57467195796072,-11.586782270232492,-28.281614242289244,-14.74839465633896,-34.03133518556037,-42.74913250976303,-17.500000000000004,-32.8649703217544,-37.44569939183314,-43.67312362371288,-39.40872611416011,-22.80426553258164,-28.695652173913043,-61.86440677966102,-88.88888888888887,-14.686825053995694,-33.05555555555556,-62.15970806885693,-74.80309962450382,True
CanESM5,351008,detqm,validation,historical,2003,2014,4380,49.26940639269407,943.7733379710912,5.248044511424048,2.587479980271317,4.988164051036374,6.045657980582687,3.314131177331623,11.223260446477086,15.406231418947002,27.348397450902837,38.83460147283309,101.56484863275456,23.416666666666668,4.666666666666667,0.25,33.0,20.08333333333333,184.82715292780156,45.81442568747352,4355,40.34443168771527,1038.25,7.091064314171884,2.950011481056257,7.324940993951135,10.207165336579784,4.0,15.8,23.019999999999985,49.97600000000002,63.82500000000001,128.46666666666667,28.75,9.833333333333334,1.5,38.583333333333336,30.0,411.35833333333335,184.725,22.121949254514885,-9.099606263318918,-25.9907359613769,-12.289155588477046,-31.90164869374988,-40.77045113674561,-17.146720566709426,-28.966706034955152,-33.074581151403066,-45.27693802844801,-39.15456095129951,-20.940699040409022,-18.55072463768116,-52.54237288135594,-83.33333333333333,-14.470842332613396,-33.05555555555556,-55.06906316201166,-75.1985785965768,True
CanESM5,351008,qdm,validation,historical,2003,2014,4380,49.31506849315068,934.0059921061408,5.188922178367449,2.560289485031884,4.968852651591862,6.036125659064362,3.319235471456776,11.130451933393855,15.195952008230638,25.561621815405832,37.777814820513456,98.8286686712588,22.08333333333333,4.666666666666667,0.3333333333333333,33.0,20.08333333333333,181.92839144047844,35.13508349055534,4355,40.34443168771527,1038.25,7.091064314171884,2.950011481056257,7.324940993951135,10.207165336579784,4.0,15.8,23.019999999999985,49.97600000000002,63.82500000000001,128.46666666666667,28.75,9.833333333333334,1.5,38.583333333333336,30.0,411.35833333333335,184.725,22.23512993037633,-10.040357129194245,-26.824494201849213,-13.210863704328103,-32.16528766996086,-40.86383966533311,-17.019113213580606,-29.55410168738065,-33.98804514235165,-48.8522054277937,-40.81031755501223,-23.07057446451054,-23.188405797101453,-52.54237288135594,-77.77777777777779,-14.470842332613396,-33.05555555555556,-55.77374354707492,-80.97978969248595,True
CanESM5,351009,raw,validation,historical,2003,2014,4380,57.37442922374429,1309.5798333333332,6.253465181058496,3.753763698630137,5.6698740362743605,6.42762448637904,4.303,13.728800000000003,16.791800000000002,25.57732000000004,40.41524999999999,111.37591666666668,45.833333333333336,4.75,0.4166666666666667,22.58333333333333,22.58333333333333,486.3945,157.71033333333335,4383,62.582705909194615,1140.9083333333333,4.991213999270872,3.237782340862424,4.133892245155648,4.364028005110439,3.7,10.0,12.8,20.315999999999985,29.70833333333333,82.75833333333334,23.666666666666668,2.5,0.0833333333333333,35.333333333333336,80.33333333333333,211.24166666666667,75.76666666666667,-8.322229935227401,14.783965992009286,25.289462282563257,15.936258322734432,37.155825552024766,47.28650867620587,16.29729729729729,37.28800000000005,31.18593750000001,25.89742075211685,36.04011220196352,34.57969992951364,93.66197183098592,90.0,400.00000000000006,-36.084905660377366,-71.88796680497926,130.2550001972464,108.15266168059836,True
CanESM5,351009,qm,validation,historical,2003,2014,4380,59.08675799086758,1029.600695747779,4.774037229124168,2.820823823966517,3.610656107372325,3.569182235477362,3.9,9.5,11.79172908900281,17.508443514141078,21.59774094524724,67.00629030520611,19.25,0.9166666666666666,0.0,21.916666666666668,24.416666666666668,119.43566219014292,26.194321188504745,4383,62.582705909194615,1140.9083333333333,4.991213999270872,3.237782340862424,4.133892245155648,4.364028005110439,3.7,10.0,12.8,20.315999999999985,29.70833333333333,82.75833333333334,23.666666666666668,2.5,0.0833333333333333,35.333333333333336,80.33333333333333,211.24166666666667,75.76666666666667,-5.586124581125551,-9.756054393989094,-4.351181299347791,-12.877904472875832,-12.657227299441184,-18.21358086387811,5.405405405405397,-5.0,-7.877116492165547,-13.819435350752654,-27.30073174110325,-19.033784748517448,-18.66197183098592,-63.333333333333336,-100.0,-37.971698113207545,-69.6058091286307,-43.460178062972304,-65.42764471380808,True
CanESM5,351009,detqm,validation,historical,2003,2014,4380,59.08675799086758,1014.6023796921568,4.704493259778162,2.7797325471018,3.6019841306290856,3.592072021624163,3.6333329935526417,9.570730812285008,11.608942003790148,16.395509444218103,21.084963077185144,66.84553119739086,19.25,0.5833333333333334,0.0833333333333333,21.916666666666668,24.416666666666668,122.11710794232096,18.37811499658666,4383,62.582705909194615,1140.9083333333333,4.991213999270872,3.237782340862424,4.133892245155648,4.364028005110439,3.7,10.0,12.8,20.315999999999985,29.70833333333333,82.75833333333334,23.666666666666668,2.5,0.0833333333333333,35.333333333333336,80.33333333333333,211.24166666666667,75.76666666666667,-5.586124581125551,-11.070648706031868,-5.744509041980457,-14.147022422718388,-12.867004822147589,-17.689070340114377,-1.801810985063742,-4.292691877149917,-9.305140595389476,-19.29755146575057,-29.02677225070919,-19.228036011611096,-18.66197183098592,-76.66666666666666,0.0,-37.971698113207545,-69.6058091286307,-42.19080455608302,-75.74379894863178,True
CanESM5,351009,qdm,validation,historical,2003,2014,4380,58.81278538812786,1004.0772090452924,4.677378303006021,2.7536328145093454,3.5207359059402945,3.476535214113575,3.70085663491624,9.500499139982855,11.699268205499958,14.93063074004748,19.445317981970938,63.56945481685586,19.166666666666668,0.3333333333333333,0.0833333333333333,21.916666666666668,24.416666666666668,113.01666763062572,11.207396649681783,4383,62.582705909194615,1140.9083333333333,4.991213999270872,3.237782340862424,4.133892245155648,4.364028005110439,3.7,10.0,12.8,20.315999999999985,29.70833333333333,82.75833333333334,23.666666666666668,2.5,0.0833333333333333,35.333333333333336,80.33333333333333,211.24166666666667,75.76666666666667,-6.023901437781845,-11.993174235853663,-6.287762782976169,-14.953121469682202,-14.832421912639072,-20.33655123105481,0.0231522950334953,-4.995008600171431,-8.59946714453158,-26.508019590236803,-34.54591422618478,-23.186642049917403,-19.01408450704225,-86.66666666666666,0.0,-37.971698113207545,-69.6058091286307,-46.49887523896372,-85.20801146104472,True
CanESM5,351010,raw,validation,historical,2003,2014,4380,57.37442922374429,1309.5798333333332,6.253465181058496,3.753763698630137,5.6698740362743605,6.42762448637904,4.303,13.728800000000003,16.791800000000002,25.57732000000004,40.41524999999999,111.37591666666668,45.833333333333336,4.75,0.4166666666666667,22.58333333333333,22.58333333333333,384.0974166666667,120.65725000000002,4383,61.054072553045856,1118.8166666666668,5.017115097159941,3.183185033082364,4.202766653503559,4.49956492719434,3.7,10.4,12.9,21.45,30.425,87.3,24.416666666666668,2.75,0.25,38.333333333333336,67.5,171.35000000000002,71.28333333333335,-6.026859757970385,17.05044019723217,24.64264941018436,17.924772189421436,34.90813323047031,42.84991083319965,16.29729729729729,32.00769230769235,30.16899224806203,19.24158508158527,32.835661462612975,27.578369606720127,87.71331058020479,72.72727272727273,66.66666666666667,-41.08695652173914,-66.54320987654322,124.15956619005932,69.26432078559738,True
CanESM5,351010,qm,validation,historical,2003,2014,4380,56.64383561643836,989.3765009580212,4.785376062674831,2.710620550569921,3.754797039940294,3.868022483061546,3.6,9.8,12.8,19.330492265164544,22.70298133798181,70.56084903960239,20.416666666666668,1.5833333333333333,0.0,22.58333333333333,22.08333333333333,122.79537878884462,25.29560291136505,4383,61.054072553045856,1118.8166666666668,5.017115097159941,3.183185033082364,4.202766653503559,4.49956492719434,3.7,10.4,12.9,21.45,30.425,87.3,24.416666666666668,2.75,0.25,38.333333333333336,67.5,171.35000000000002,71.28333333333335,-7.223493457829096,-11.56938125477623,-4.6189698660947895,-14.845649172170356,-10.658921860194724,-14.035633541276315,-2.702702702702705,-5.769230769230766,-0.7751937984496097,-9.881154940957831,-25.380505051826404,-19.174285178004137,-16.38225255972696,-42.42424242424243,-100.0,-41.08695652173914,-67.28395061728395,-28.336516609953545,-64.51400105957673,True
CanESM5,351010,detqm,validation,historical,2003,2014,4380,56.64383561643836,984.9594077470414,4.764011645693066,2.6985189253343598,3.751169606266782,3.8732430171623338,3.432336796457262,10.20900175356519,12.761252191956489,17.89250885789835,20.932272330723872,69.21886548591495,22.166666666666668,0.75,0.0,22.58333333333333,22.08333333333333,122.34485590085126,10.29460967273272,4383,61.054072553045856,1118.8166666666668,5.017115097159941,3.183185033082364,4.202766653503559,4.49956492719434,3.7,10.4,12.9,21.45,30.425,87.3,24.416666666666668,2.75,0.25,38.333333333333336,67.5,171.35000000000002,71.28333333333335,-7.223493457829096,-11.964181702658353,-5.04480057892533,-15.225822649671398,-10.745232473478191,-13.91961045492777,-7.234140636290215,-1.836521600334719,-1.0755644034380745,-16.585040289518183,-31.200419619642155,-20.71149428875722,-9.215017064846416,-72.72727272727273,-100.0,-41.08695652173914,-67.28395061728395,-28.599442135482207,-85.55818142707592,True
CanESM5,351010,qdm,validation,historical,2003,2014,4380,55.54794520547945,967.665377188774,4.772702230277554,2.6620063035354606,3.651996569683693,3.7375456318871487,3.530419136297689,10.22896500032038,12.864708718360356,16.335592662104677,20.057789924152825,65.70220118900195,21.5,0.3333333333333333,0.0,22.666666666666668,22.08333333333333,110.32734000712036,8.811362528383968,4383,61.054072553045856,1118.8166666666668,5.017115097159941,3.183185033082364,4.202766653503559,4.49956492719434,3.7,10.4,12.9,21.45,30.425,87.3,24.416666666666668,2.75,0.25,38.333333333333336,67.5,171.35000000000002,71.28333333333335,-9.018444007617171,-13.509924725042175,-4.871581818418769,-16.372869441467305,-13.104940845591006,-16.935399480552473,-4.5832665865489535,-1.6445673046117446,-0.273575826663907,-23.84339085265885,-34.07464281297345,-24.73974663344564,-11.94539249146758,-87.87878787878788,-100.0,-40.869565217391305,-67.28395061728395,-35.61287422986848,-87.63895834222497,True
CanESM5,351011,raw,validation,historical,2003,2014,4380,57.37442922374429,1309.5798333333332,6.253465181058496,3.753763698630137,5.6698740362743605,6.42762448637904,4.303,13.728800000000003,16.791800000000002,25.57732000000004,40.41524999999999,111.37591666666668,45.833333333333336,4.75,0.4166666666666667,22.58333333333333,22.58333333333333,39.25416666666666,16.553250000000002,4383,25.644535706137347,1097.1833333333334,11.71370106761566,3.0422313483915127,10.2173523319798,17.494523987494723,5.6,27.510000000000016,41.7,87.44099999999995,104.975,174.70000000000002,31.916666666666668,15.75,2.9166666666666665,44.75,9.583333333333334,333.3,124.3,123.72964705308831,19.35834181464658,-46.61409621979198,23.38850234433438,-44.50740414884256,-63.25922047965651,-23.16071428571428,-50.0952380952381,-59.73189448441247,-70.74905364760232,-61.50011907597047,-36.24732875405457,43.60313315926893,-69.84126984126983,-85.71428571428572,-49.53445065176909,135.65217391304344,-88.22257225722572,-86.68282381335479,True
CanESM5,351011,qm,validation,historical,2003,2014,4380,20.022831050228312,768.9576943047367,10.52165602241373,2.106733409054073,7.938839057504603,15.047055803309314,6.0,23.49526559705133,33.5,64.97538256006673,70.33235843499624,163.2093386314972,23.75,10.75,1.5833333333333333,110.58333333333331,8.25,173.6433016065677,40.72653590401856,4383,25.644535706137347,1097.1833333333334,11.71370106761566,3.0422313483915127,10.2173523319798,17.494523987494723,5.6,27.510000000000016,41.7,87.44099999999995,104.975,174.70000000000002,31.916666666666668,15.75,2.9166666666666665,44.75,9.583333333333334,333.3,124.3,-21.92164724808657,-29.915295744733942,-10.176502185953188,-30.750387863567827,-22.30042774725077,-13.989910133793217,7.1428571428571495,-14.593727382583369,-19.6642685851319,-25.69231532111164,-33.00084931174448,-6.577367698055425,-25.587467362924283,-31.746031746031747,-45.71428571428571,147.11359404096834,-13.913043478260876,-47.90179969799949,-67.2352888945949,True
CanESM5,351011,detqm,validation,historical,2003,2014,4380,20.022831050228312,849.0019350401441,11.616902189830936,2.326032698740121,8.327005939500904,15.445441212893156,6.894034039479606,24.6880948711094,36.484993874142816,61.767436704871386,72.47519862414455,169.57634122732563,27.58333333333333,12.583333333333334,1.5833333333333333,110.58333333333331,8.25,174.42191683616042,42.366726960022326,4383,25.644535706137347,1097.1833333333334,11.71370106761566,3.0422313483915127,10.2173523319798,17.494523987494723,5.6,27.510000000000016,41.7,87.44099999999995,104.975,174.70000000000002,31.916666666666668,15.75,2.9166666666666665,44.75,9.583333333333334,333.3,124.3,-21.92164724808657,-22.619865865004872,-0.8263731268705509,-23.54188645219437,-18.501333134634177,-11.712709508794145,23.107750704992966,-10.257743107563122,-12.506009894141934,-29.361012905992126,-30.95956311107926,-2.93283272620171,-13.577023498694524,-20.105820105820104,-45.71428571428571,147.11359404096834,-13.913043478260876,-47.668191768328704,-65.91574661301503,True
CanESM5,351011,qdm,validation,historical,2003,2014,4380,19.474885844748854,811.8084439260048,11.420517382311909,2.229598209390863,8.383601887481076,16.005844035405914,6.513850953760305,26.16508168536261,37.865673999196105,51.36166077664736,71.89524493256626,167.70123563515486,25.5,11.666666666666666,1.1666666666666667,110.58333333333331,7.75,173.69002815645936,55.9670691192008,4383,25.644535706137347,1097.1833333333334,11.71370106761566,3.0422313483915127,10.2173523319798,17.494523987494723,5.6,27.510000000000016,41.7,87.44099999999995,104.975,174.70000000000002,31.916666666666668,15.75,2.9166666666666665,44.75,9.583333333333334,333.3,124.3,-24.05834105201579,-26.00977254551764,-2.502912474984549,-26.71174693635001,-17.94741323306604,-8.509405303927867,16.318767031434028,-4.888834295301357,-9.195026380824697,-41.2613524815048,-31.51203150029412,-4.006161628417376,-20.10443864229765,-25.925925925925927,-59.99999999999999,147.11359404096834,-19.130434782608702,-47.8877803310953,-54.97420022590444,True
CanESM5,351012,raw,validation,historical,2003,2014,4380,57.37442922374429,1309.5798333333332,6.253465181058496,3.753763698630137,5.6698740362743605,6.42762448637904,4.303,13.728800000000003,16.791800000000002,25.57732000000004,40.41524999999999,111.37591666666668,45.833333333333336,4.75,0.4166666666666667,22.58333333333333,22.58333333333333,35.784749999999995,9.086666666666668,4383,21.6746520647958,887.6083333333335,11.211894736842106,2.470910335386721,9.498049970029244,17.855301656627983,4.8,27.2,43.34999999999995,80.77099999999999,100.90833333333336,179.25833333333333,24.416666666666668,12.083333333333334,3.1666666666666665,56.333333333333336,7.583333333333333,285.62499999999994,98.875,164.7074981975487,47.54028146798979,-44.22472447489443,51.91824830190111,-40.30486200677565,-64.00159118010157,-10.354166666666664,-49.52647058823528,-61.26459054209915,-68.33353555112596,-59.9485506647948,-37.86848589093952,87.71331058020479,-60.689655172413794,-86.8421052631579,-59.91124260355029,197.8021978021978,-87.47142231947484,-90.80994521702485,True
CanESM5,351012,qm,validation,historical,2003,2014,4380,17.64840182648402,664.1233772243514,10.309806632202092,1.8195161019845243,7.412559963669087,14.967387991997642,5.1,24.3,36.785973339624846,63.81725873214721,69.06481176473126,154.87660742786704,19.5,9.333333333333334,1.9166666666666667,128.08333333333334,7.0,165.26258412155278,28.096196636881164,4383,21.6746520647958,887.6083333333335,11.211894736842106,2.470910335386721,9.498049970029244,17.855301656627983,4.8,27.2,43.34999999999995,80.77099999999999,100.90833333333336,179.25833333333333,24.416666666666668,12.083333333333334,3.1666666666666665,56.333333333333336,7.583333333333333,285.62499999999994,98.875,-18.575847152126883,-25.17833009405222,-8.045813181564808,-26.36252008311938,-21.957033422027106,-16.17398417661755,6.2499999999999964,-10.66176470588235,-15.14193001239934,-20.98988655315989,-31.556879909424808,-13.60144627704874,-20.136518771331065,-22.75862068965517,-39.47368421052631,127.36686390532545,-7.692307692307688,-42.140014311928994,-71.58412476674472,True
CanESM5,351012,detqm,validation,historical,2003,2014,4380,17.64840182648402,746.5375205545635,11.589198249229964,2.045308275491955,7.940837751462061,15.713914166138084,6.058164797743346,27.284375608441696,38.14367179666762,61.96321483643262,71.27389940772893,164.0064452066657,23.25,11.083333333333334,1.5833333333333333,128.08333333333334,7.0,170.90951765557838,38.99691551326139,4383,21.6746520647958,887.6083333333335,11.211894736842106,2.470910335386721,9.498049970029244,17.855301656627983,4.8,27.2,43.34999999999995,80.77099999999999,100.90833333333336,179.25833333333333,24.416666666666668,12.083333333333334,3.1666666666666665,56.333333333333336,7.583333333333333,285.62499999999994,98.875,-18.575847152126883,-15.8933628134147,3.365207409128134,-17.224504418455787,-16.39507292003,-11.993006512410306,26.21176661965304,0.3102044428003554,-12.009984321412547,-23.28531919075828,-29.367677521451228,-8.50832864673942,-4.778156996587035,-8.275862068965516,-49.99999999999999,127.36686390532545,-7.692307692307688,-40.16296974859399,-60.55937748342716,True
CanESM5,351012,qdm,validation,historical,2003,2014,4380,17.328767123287673,702.2781324607596,11.103211580407269,1.9272394773810957,7.773746968315636,15.71984021226822,5.602205423077453,27.30945419644769,39.04707993267066,53.89508800021557,68.94166597166462,158.81690112942303,21.33333333333333,10.333333333333334,0.8333333333333334,128.08333333333334,6.833333333333333,163.6051849795286,40.43142695480295,4383,21.6746520647958,887.6083333333335,11.211894736842106,2.470910335386721,9.498049970029244,17.855301656627983,4.8,27.2,43.34999999999995,80.77099999999999,100.90833333333336,179.25833333333333,24.416666666666668,12.083333333333334,3.1666666666666665,56.333333333333336,7.583333333333333,285.62499999999994,98.875,-20.050540735400133,-20.87972745553018,-0.9693558402551558,-22.00285660792852,-18.154284375788546,-11.959817232026824,16.71261298078027,0.4024051339988588,-9.925997848510482,-33.27420980275645,-31.67891719712814,-11.403337197104902,-12.627986348122878,-14.482758620689657,-73.68421052631578,127.36686390532545,-9.89010989010989,-42.720285346335714,-59.10854416707666,True
CanESM5,351201,raw,validation,historical,2003,2014,4380,57.37442922374429,1309.5798333333332,6.253465181058496,3.753763698630137,5.6698740362743605,6.42762448637904,4.303,13.728800000000003,16.791800000000002,25.57732000000004,40.41524999999999,111.37591666666668,45.833333333333336,4.75,0.4166666666666667,22.58333333333333,22.58333333333333,46.03708333333333,16.553250000000002,4321,26.081925480212917,1034.375,11.013753327417923,2.9156676695209445,9.807500546383295,16.737824153456426,5.1,28.279999999999998,39.870000000000005,79.792,93.48333333333336,169.6833333333333,29.166666666666668,14.916666666666666,3.0,47.833333333333336,8.416666666666666,310.02500000000003,135.35833333333332,119.97773618083326,26.60590533736152,-43.221307077116414,28.74456639452654,-42.188389289815184,-61.59820758391879,-15.627450980392153,-51.45403111739743,-57.88362177075495,-67.9450070182474,-56.76742734890356,-34.3624889500049,57.142857142857146,-68.15642458100558,-86.11111111111113,-52.78745644599304,168.31683168316832,-85.15052549525576,-87.77079357261589,True
CanESM5,351201,qm,validation,historical,2003,2014,4380,21.118721461187214,770.6549051503711,9.997685256004813,2.111383301781838,7.36777486907725,13.354097537543304,5.4,23.752216189536032,33.30416485686079,61.55557039726332,65.18830699290184,152.95722341733014,23.666666666666668,10.75,1.5833333333333333,109.08333333333331,8.25,160.12731094516803,30.173893065282787,4321,26.081925480212917,1034.375,11.013753327417923,2.9156676695209445,9.807500546383295,16.737824153456426,5.1,28.279999999999998,39.870000000000005,79.792,93.48333333333336,169.6833333333333,29.166666666666668,14.916666666666666,3.0,47.833333333333336,8.416666666666666,310.02500000000003,135.35833333333332,-19.02928532937892,-25.49559829361972,-9.225447866929107,-27.58491223628559,-24.8761207380788,-20.21604830407044,5.882352941176485,-16.010550956378935,-16.46810921278961,-22.85495989915867,-30.26745552551061,-9.857249729497989,-18.857142857142858,-27.932960893854748,-47.22222222222223,128.04878048780486,-1.9801980198019733,-48.35019403429788,-77.70813785732972,True
CanESM5,351201,detqm,validation,historical,2003,2014,4380,21.118721461187214,853.6229192609563,11.074027060682678,2.3386929294820726,7.640539268206872,13.409807164698146,6.312752071629322,26.158348729336947,35.84445279267387,57.49601466690866,63.69831673703416,155.75321292267876,27.5,12.75,1.5833333333333333,109.08333333333331,8.25,177.60353912758546,29.4355917916196,4321,26.081925480212917,1034.375,11.013753327417923,2.9156676695209445,9.807500546383295,16.737824153456426,5.1,28.279999999999998,39.870000000000005,79.792,93.48333333333336,169.6833333333333,29.166666666666668,14.916666666666666,3.0,47.833333333333336,8.416666666666666,310.02500000000003,135.35833333333332,-19.02928532937892,-17.474521400753467,0.5472587906495715,-19.788769003762045,-22.09493915323342,-19.88321157066901,23.779452384888668,-7.502302937280934,-10.096682235580973,-27.9426325108925,-31.861312101585863,-8.209480646687686,-5.714285714285719,-14.525139664804463,-47.22222222222223,128.04878048780486,-1.9801980198019733,-42.71315567209566,-78.2535799113812,True
CanESM5,351201,qdm,validation,historical,2003,2014,4380,20.93607305936073,804.8826619814035,10.532815642068533,2.206981923564079,7.393594322039097,13.17388311652557,5.759047323447638,26.64922798200992,36.195266574530336,48.26790827487096,59.82069274082298,149.29008684929553,25.5,12.083333333333334,0.6666666666666666,109.08333333333331,8.25,158.67948154500272,32.31441169954343,4321,26.081925480212917,1034.375,11.013753327417923,2.9156676695209445,9.807500546383295,16.737824153456426,5.1,28.279999999999998,39.870000000000005,79.792,93.48333333333336,169.6833333333333,29.166666666666668,14.916666666666666,3.0,47.833333333333336,8.416666666666666,310.02500000000003,135.35833333333332,-19.729572591395105,-22.186570442885458,-4.366701078660746,-24.306122174524283,-24.61285842328476,-21.29273795838564,12.922496538188993,-5.766520572807893,-9.21678812508068,-39.50783502748275,-36.00924292299201,-12.018414586408667,-12.571428571428577,-18.99441340782122,-77.77777777777779,128.04878048780486,-1.9801980198019733,-48.817198114667306,-76.12676596721533,True
EC-Earth3,351001,raw,validation,historical,2003,2014,4314,34.4923504867872,456.24894166666667,3.679426948924731,1.5089011842929996,3.120456860727786,4.570531935285607,1.8885,8.424489999999999,13.2449,24.812829999999988,24.636916666666664,69.80786833333333,9.75,2.333333333333333,0.0,23.58333333333333,13.833333333333334,0.0,0.0,4383,22.86105407255305,981.1,11.749700598802397,2.718046999771845,9.121942570414795,16.072904114176634,5.5,28.8,41.374999999999964,74.37000000000003,93.41666666666669,162.36666666666665,28.75,15.0,3.083333333333333,53.833333333333336,8.0,263.3916666666667,90.1,50.87821575208415,-53.496183705364736,-68.68493015643513,-44.48583176009622,-65.7917506425839,-71.56374540146541,-65.66363636363636,-70.74829861111111,-67.98815709969784,-66.63596880462555,-73.62685102586975,-57.00603469513446,-66.08695652173913,-84.44444444444443,-100.0,-56.19195046439629,72.91666666666667,-100.0,-100.0,True
EC-Earth3,351001,qm,validation,historical,2003,2014,4314,21.7663421418637,1080.377715700087,13.80674397060814,3.0052231312937057,12.732731301172196,24.416374018216857,5.4,33.48234180342018,43.94606482027076,163.49078434501098,124.58382719110368,277.377958228797,28.0,15.0,3.5,43.75,9.75,384.8891261673012,255.79318075284996,4383,22.86105407255305,981.1,11.749700598802397,2.718046999771845,9.121942570414795,16.072904114176634,5.5,28.8,41.374999999999964,74.37000000000003,93.41666666666669,162.36666666666665,28.75,15.0,3.083333333333333,53.833333333333336,8.0,263.3916666666667,90.1,-4.788545301608188,10.119021068197636,17.50719820056871,10.565532220228931,39.58355035547224,51.91015789536821,-1.818181818181812,16.258131261875608,6.214053946273822,119.83432075435108,33.36359734997717,70.83429987402816,-2.608695652173913,0.0,13.513513513513509,-18.730650154798766,21.875,46.12805751914492,183.8992017234738,True
EC-Earth3,351001,detqm,validation,historical,2003,2014,4314,21.7663421418637,1064.4362026869137,13.603018564688991,2.9608795624114426,12.487590257713588,23.91871222873265,5.297526068964383,33.010819485164035,44.26805479250474,162.86392380348886,120.33898273469482,268.03512104952034,27.916666666666668,15.416666666666666,3.4166666666666665,43.75,9.75,378.1350507589536,246.70538881655597,4383,22.86105407255305,981.1,11.749700598802397,2.718046999771845,9.121942570414795,16.072904114176634,5.5,28.8,41.374999999999964,74.37000000000003,93.41666666666669,162.36666666666665,28.75,15.0,3.083333333333333,53.833333333333336,8.0,263.3916666666667,90.1,-4.788545301608188,8.494159890624164,15.773320777854511,8.934082547504902,36.8961727320516,48.81387992376472,-3.681344200647581,14.620900990152895,6.992277444120315,118.99142638629662,28.819606852483304,65.08014024811355,-2.898550724637677,2.7777777777777737,10.8108108108108,-18.730650154798766,21.875,43.56378679113621,173.81286217153823,True
EC-Earth3,351001,qdm,validation,historical,2003,2014,4314,21.74316179879462,1029.1002081947845,13.165461085647562,2.862819213907752,11.131845616603158,20.84733164822976,5.837798700176524,32.361668698107394,45.19785306872345,92.55848884506251,102.01362984053816,247.0001312290954,27.916666666666668,15.083333333333334,3.25,43.75,9.75,334.69691306097235,179.4611022698147,4383,22.86105407255305,981.1,11.749700598802397,2.718046999771845,9.121942570414795,16.072904114176634,5.5,28.8,41.374999999999964,74.37000000000003,93.41666666666669,162.36666666666665,28.75,15.0,3.083333333333333,53.833333333333336,8.0,263.3916666666667,90.1,-4.889941951979219,4.892488858911882,12.049332448432503,5.32633225798004,22.03371738720524,29.7048218550746,6.141794548664075,12.366905201761782,9.239524033168545,24.456755203795176,9.2028151727438,52.124901188110506,-2.898550724637677,0.5555555555555595,5.4054054054054,-18.730650154798766,21.875,27.071944718944145,99.17991372898408,True
EC-Earth3,351002,raw,validation,historical,2003,2014,4314,34.4923504867872,456.24894166666667,3.679426948924731,1.5089011842929996,3.120456860727786,4.570531935285607,1.8885,8.424489999999999,13.2449,24.812829999999988,24.636916666666664,69.80786833333333,9.75,2.333333333333333,0.0,23.58333333333333,13.833333333333334,0.0,0.0,4260,22.558685446009388,953.3833333333332,11.904890738813735,2.704319248826291,8.907471195086408,15.573592332506047,6.4,27.3,40.5,76.75999999999995,83.525,155.54166666666666,28.916666666666668,14.083333333333334,2.583333333333333,55.5,11.583333333333334,241.15833333333333,104.84166666666664,52.90053389564359,-52.14422932363687,-69.09314810484882,-44.20402898260322,-64.96809484549205,-70.6520381572738,-70.49218749999999,-69.14106227106228,-67.29654320987653,-67.67479155810317,-70.50354185373641,-55.119506027323865,-66.28242074927954,-83.43195266272188,-100.0,-57.50750750750751,19.42446043165468,-100.0,-100.0,True
EC-Earth3,351002,qm,validation,historical,2003,2014,4314,23.59758924432081,1052.908991818411,12.411500885875183,2.9295101307872384,9.549369805907304,16.39921627366422,5.7,32.5,42.946368506702974,83.85739768364684,77.57394848474989,209.53287477779875,31.5,15.416666666666666,3.25,37.66666666666666,10.083333333333334,312.04021187685464,157.90134787914738,4260,22.558685446009388,953.3833333333332,11.904890738813735,2.704319248826291,8.907471195086408,15.573592332506047,6.4,27.3,40.5,76.75999999999995,83.525,155.54166666666666,28.916666666666668,14.083333333333334,2.583333333333333,55.5,11.583333333333334,241.15833333333333,104.84166666666664,4.605338377530364,10.43920687569652,4.255479182263616,8.327082021055135,7.206294544909484,5.301435426910997,-10.937500000000002,19.047619047619044,6.04041606593327,9.246218972963645,-7.124874606704717,34.71173304760703,8.933717579250715,9.467455621301765,25.80645161290322,-32.132132132132135,-12.949640287769784,29.39225759432792,50.60934540575223,True
EC-Earth3,351002,detqm,validation,historical,2003,2014,4314,23.59758924432081,1047.318704379359,12.345603587968869,2.913959957104199,9.542115029133376,16.41933290684505,5.74992869810767,32.23068027655403,43.31823471937472,84.55692051003427,77.31028400085087,209.12627855300136,31.166666666666668,15.0,3.1666666666666665,37.66666666666666,10.083333333333334,311.5707451940023,158.16055207449543,4260,22.558685446009388,953.3833333333332,11.904890738813735,2.704319248826291,8.907471195086408,15.573592332506047,6.4,27.3,40.5,76.75999999999995,83.525,155.54166666666666,28.916666666666668,14.083333333333334,2.583333333333333,55.5,11.583333333333334,241.15833333333333,104.84166666666664,4.605338377530364,9.852843841689308,3.701947870199842,7.75206952244617,7.12484856978323,5.430606865018065,-10.15736409206766,18.06109991411733,6.958604245369683,10.15753062797594,-7.440545943309349,34.45032642035986,7.780979827089337,6.5088757396449655,22.58064516129031,-32.132132132132135,-12.949640287769784,29.197586037113503,50.85657935728045,True
EC-Earth3,351002,qdm,validation,historical,2003,2014,4314,23.57440890125174,1058.1608778619322,12.485674075067047,2.944350105342548,9.564640009745984,16.40458064793275,6.016167306127692,32.257541685983185,43.053532026389405,87.98688488083607,75.38315699321583,207.86396832434195,30.916666666666668,14.916666666666666,3.0,37.66666666666666,10.083333333333334,317.8948061775061,143.7043587560242,4260,22.558685446009388,953.3833333333332,11.904890738813735,2.704319248826291,8.907471195086408,15.573592332506047,6.4,27.3,40.5,76.75999999999995,83.525,155.54166666666666,28.916666666666668,14.083333333333334,2.583333333333333,55.5,11.583333333333334,241.15833333333333,104.84166666666664,4.502582642385451,10.990075121437574,4.878527228811725,8.875832859616445,7.377725959103714,5.335880750468967,-5.997385841754812,18.15949335524976,6.305017349109642,14.62595737472138,-9.747791687260309,33.63876881286382,6.916426512968299,5.917159763313601,16.12903225806451,-32.132132132132135,-12.949640287769784,31.819954875084623,37.06798387030367,True
EC-Earth3,351003,raw,validation,historical,2003,2014,4193,27.33126639637491,406.1266416666666,4.252634991273997,1.4071560202313378,3.381172543500241,5.520725225515138,1.85225,10.8365,16.66325,27.90659999999995,27.748166666666677,76.79494833333332,11.25,3.0,0.0,27.0,10.666666666666666,0.0,0.0,4323,54.61485079805691,1439.4833333333331,7.316306649724693,4.049201943095073,8.192055563250843,9.96630897017431,4.6,14.3,20.5,56.700000000000045,61.36666666666667,124.44166666666663,38.583333333333336,10.75,2.333333333333333,36.5,77.66666666666667,164.33333333333334,41.266666666666666,-49.95634704297809,-71.78663814563095,-41.87456602254336,-65.24855909864165,-58.72620104448493,-44.6061200587224,-59.7336956521739,-24.22027972027972,-18.715853658536577,-50.78201058201071,-54.78299837045084,-38.28839616955736,-70.84233261339092,-72.09302325581395,-100.0,-26.02739726027397,-86.26609442060085,-100.0,-100.0,False
EC-Earth3,351003,qm,validation,historical,2003,2014,4193,23.8254233245886,1385.1876263413778,16.638890406503037,3.9642860758637095,12.13446660041232,20.183818380125487,9.2,42.83294425904688,58.2,107.43460431960224,96.29953604422305,268.01453844800625,40.0,22.166666666666668,6.416666666666667,30.83333333333333,10.25,451.4752325646807,181.52876055227003,4323,54.61485079805691,1439.4833333333331,7.316306649724693,4.049201943095073,8.192055563250843,9.96630897017431,4.6,14.3,20.5,56.700000000000045,61.36666666666667,124.44166666666663,38.583333333333336,10.75,2.333333333333333,36.5,77.66666666666667,164.33333333333334,41.266666666666666,-56.37555907149661,-3.7718885474155432,127.4219931326846,-2.097101315881936,48.12480831852434,102.52049620906416,100.0,199.53107873459356,183.90243902439028,89.47901996402496,56.92482788303592,115.37363298574132,3.6717062634989137,106.20155038759692,175.0,-15.525114155251144,-86.80257510729614,174.73137884260487,339.8919884142246,False
EC-Earth3,351003,detqm,validation,historical,2003,2014,4193,23.8254233245886,1370.8455898946695,16.466613692428464,3.923240419445751,12.09900258371425,20.20211512654047,8.998711854249434,42.48229084680547,59.328716527435226,95.1241413284489,96.36641899216578,265.8920879132476,39.25,21.5,6.5,30.83333333333333,10.25,449.90276343825616,171.5386108214619,4323,54.61485079805691,1439.4833333333331,7.316306649724693,4.049201943095073,8.192055563250843,9.96630897017431,4.6,14.3,20.5,56.700000000000045,61.36666666666667,124.44166666666663,38.583333333333336,10.75,2.333333333333333,36.5,77.66666666666667,164.33333333333334,41.266666666666666,-56.37555907149661,-4.76822078097446,125.06729803415348,-3.110774059172796,47.691900894688494,102.70408219330103,95.62417074455291,197.0789569706676,189.40837330456208,67.76744502371926,57.03381693454499,113.66805430650048,1.727861771058309,100.0,178.57142857142856,-15.525114155251144,-86.80257510729614,173.77450107804634,315.68322493084463,False
EC-Earth3,351003,qdm,validation,historical,2003,2014,4193,23.73002623419986,1388.1451342220105,16.74144885493882,3.9737035613281457,11.998693462104024,19.829419607124787,9.378589459358606,43.96802238333981,59.4748378142744,94.38649235823873,92.90002764211285,260.3769690085616,39.25,21.5,6.666666666666667,30.916666666666668,10.25,470.4644455235894,141.7682380350379,4323,54.61485079805691,1439.4833333333331,7.316306649724693,4.049201943095073,8.192055563250843,9.96630897017431,4.6,14.3,20.5,56.700000000000045,61.36666666666667,124.44166666666663,38.583333333333336,10.75,2.333333333333333,36.5,77.66666666666667,164.33333333333334,41.266666666666666,-56.55023150764677,-3.566432338778233,128.82377210868805,-1.8645249811675,46.46743261763959,98.96452805614726,103.88237955127408,207.4686879953833,190.12116006963123,66.46647682229039,51.38516182853802,109.23616340338442,1.727861771058309,100.0,185.7142857142857,-15.296803652968034,-86.80257510729614,186.2866808459976,243.5417722981533,False
EC-Earth3,351004,raw,validation,historical,2003,2014,4193,27.33126639637491,406.1266416666666,4.252634991273997,1.4071560202313378,3.381172543500241,5.520725225515138,1.85225,10.8365,16.66325,27.90659999999995,27.748166666666677,76.79494833333332,11.25,3.0,0.0,27.0,10.666666666666666,0.0,0.0,4293,20.17237363149313,983.225,13.624364896073905,2.752830188679245,9.574806251378996,17.511262631813235,7.8,33.95,43.05,93.17500000000024,98.99166666666667,153.82500000000002,28.33333333333333,14.666666666666666,2.5,58.75,6.75,271.5083333333334,130.24166666666667,35.488598891036354,-58.69443498012493,-68.78654510714502,-48.88329741448875,-64.68677846078323,-68.47328863947554,-76.25320512820511,-68.08100147275405,-61.293263646922185,-70.0492621411324,-71.96918932570081,-50.07641909095835,-60.294117647058826,-79.54545454545453,-100.0,-54.04255319148936,58.02469135802468,-100.0,-100.0,True
EC-Earth3,351004,qm,validation,historical,2003,2014,4193,25.68566658716909,1190.0616859544473,13.259740233475735,3.40632947100779,10.539057481543692,17.376850685158512,7.0,35.22420898860194,47.44771238355029,90.69657453341576,89.69408759872572,235.2371964258324,33.916666666666664,17.833333333333332,3.5,27.25,10.666666666666666,397.6496367265757,169.03485243089753,4293,20.17237363149313,983.225,13.624364896073905,2.752830188679245,9.574806251378996,17.511262631813235,7.8,33.95,43.05,93.17500000000024,98.99166666666667,153.82500000000002,28.33333333333333,14.666666666666666,2.5,58.75,6.75,271.5083333333334,130.24166666666667,27.330908381890183,21.03655683637492,-2.676269061930649,23.739178864573606,10.070712710513808,-0.7675742719461729,-10.256410256410255,3.7531928972074646,10.215359775958868,-2.659968303283565,-9.39228460436834,52.92520489246375,19.70588235294117,21.59090909090909,40.0,-53.61702127659574,58.02469135802468,46.459459216074,29.78554156828781,True
EC-Earth3,351004,detqm,validation,historical,2003,2014,4193,25.68566658716909,1176.9052459167297,13.11315037233125,3.3686768880236224,10.384805378585634,17.09550275809618,6.756597524694179,35.882730238837375,47.29618267285925,90.07429672354822,83.47277491250404,230.9400368781514,33.25,17.833333333333332,3.75,27.25,10.666666666666666,402.1624478035167,150.343029234606,4293,20.17237363149313,983.225,13.624364896073905,2.752830188679245,9.574806251378996,17.511262631813235,7.8,33.95,43.05,93.17500000000024,98.99166666666667,153.82500000000002,28.33333333333333,14.666666666666666,2.5,58.75,6.75,271.5083333333334,130.24166666666667,27.330908381890183,19.698466364944917,-3.7522081039533,22.37140168968609,8.459692091314942,-2.374242694308806,-13.37695481161309,5.692872573895058,9.863374385271207,-3.3278275035707168,-15.676967846616014,50.13166707502121,17.352941176470594,21.59090909090909,50.0,-53.61702127659574,58.02469135802468,48.12158539155335,15.433895374961416,True
EC-Earth3,351004,qdm,validation,historical,2003,2014,4193,25.23253040782256,1194.3236825632655,13.54620433909186,3.423048720122299,10.399823203919777,17.08009503859526,7.133626338619397,37.8636544554104,49.71575877012946,80.28708994506381,84.04740618914543,228.78409850968876,32.75,17.833333333333332,4.25,27.33333333333333,10.666666666666666,404.7089514944087,145.75066316385065,4293,20.17237363149313,983.225,13.624364896073905,2.752830188679245,9.574806251378996,17.511262631813235,7.8,33.95,43.05,93.17500000000024,98.99166666666667,153.82500000000002,28.33333333333333,14.666666666666666,2.5,58.75,6.75,271.5083333333334,130.24166666666667,25.08458780690791,21.47002797561755,-0.5736822052128572,24.346526502043783,8.616539393911584,-2.46223017884878,-8.543252068982088,11.52770089958879,15.483760209359964,-13.831939957001763,-15.096483351313651,48.730114422030695,15.588235294117652,21.59090909090909,70.0,-53.47517730496455,58.02469135802468,49.05949534799128,11.907860897447542,True
EC-Earth3,351005,raw,validation,historical,2003,2014,4297,31.649988363974867,468.949075,4.137785955882353,1.5583879719222713,3.4976374421493013,5.361752112728919,1.873,9.871970000000006,15.53244999999999,27.27630000000001,27.37775,77.78430666666667,11.25,3.6666666666666665,0.0,27.416666666666668,14.083333333333334,0.0,0.0,4321,34.390187456607265,1116.3166666666666,9.014670255720054,3.15464012959963,8.682538477501115,12.917248672151468,4.7,21.0,30.75,63.71500000000019,74.35,148.82500000000002,32.916666666666664,13.166666666666666,2.1666666666666665,48.583333333333336,26.5,183.75833333333333,75.14166666666667,-7.967967886449927,-57.9913935711193,-54.09941974020831,-50.60013478874836,-59.71641874996974,-58.491531371627005,-60.14893617021277,-52.99061904761902,-49.48796747967483,-57.19014360825562,-63.17720242098183,-47.7343815443194,-65.82278481012658,-72.15189873417722,-100.0,-43.56775300171527,-46.85534591194968,-100.0,-100.0,False
EC-Earth3,351005,qm,validation,historical,2003,2014,4297,22.643704910402608,1149.8500490074616,14.18109001859151,3.211356656550836,10.52619091869915,18.27542525664012,6.9,36.95496318447128,54.85334075723821,85.18654986728494,80.15517793794429,226.4212896101243,32.083333333333336,18.166666666666668,4.416666666666667,34.833333333333336,10.5,352.63207346225425,145.3455597087477,4321,34.390187456607265,1116.3166666666666,9.014670255720054,3.15464012959963,8.682538477501115,12.917248672151468,4.7,21.0,30.75,63.71500000000019,74.35,148.82500000000002,32.916666666666664,13.166666666666666,2.1666666666666665,48.583333333333336,26.5,183.75833333333333,75.14166666666667,-34.156494671702774,3.0039309939648264,57.31124507403054,1.7978762908339911,21.23402557875734,41.480788366646856,46.80851063829788,75.97601516414893,78.38484799101856,33.699364148606584,7.80790576724182,52.13928413245373,-2.531645569620239,37.974683544303815,103.84615384615388,-28.30188679245283,-60.37735849056604,91.899908464335,93.42871426250107,False
EC-Earth3,351005,detqm,validation,historical,2003,2014,4297,22.643704910402608,1138.2313533027316,14.037796751935026,3.178909752092665,10.543791937173957,18.40547092619696,6.620519537039703,36.40010602342032,53.19622214337781,85.88309153999184,80.67476757273367,227.1730788258968,32.0,18.25,4.333333333333333,34.833333333333336,10.5,383.4939116489614,146.92848006348427,4321,34.390187456607265,1116.3166666666666,9.014670255720054,3.15464012959963,8.682538477501115,12.917248672151468,4.7,21.0,30.75,63.71500000000019,74.35,148.82500000000002,32.916666666666664,13.166666666666666,2.1666666666666665,48.583333333333336,26.5,183.75833333333333,75.14166666666667,-34.156494671702774,1.9631245586883923,55.7216886888088,0.7693309377927486,21.43674300431688,42.48754818723626,40.86211780935538,73.3338382067634,72.99584436870832,34.792578733409066,8.50674858471241,52.64443394987186,-2.784810126582272,38.607594936708864,100.0,-28.30188679245283,-60.37735849056604,108.69470499240563,95.53529563733072,False
EC-Earth3,351005,qdm,validation,historical,2003,2014,4297,20.61903653711892,1144.3355593937777,15.4989014816313,3.216064850551489,10.459681221649006,18.458370559916744,8.240242166619618,38.5272007149614,54.51834750235189,87.08681231439398,80.42441265889254,223.898625372302,32.166666666666664,18.25,4.833333333333333,38.91666666666666,10.166666666666666,378.7309628870701,133.59696489225885,4321,34.390187456607265,1116.3166666666666,9.014670255720054,3.15464012959963,8.682538477501115,12.917248672151468,4.7,21.0,30.75,63.71500000000019,74.35,148.82500000000002,32.916666666666664,13.166666666666666,2.1666666666666665,48.583333333333336,26.5,183.75833333333333,75.14166666666667,-40.04383790249606,2.509941270587293,71.92976605879538,1.9471229182535927,20.468008851938464,42.89707528594292,75.32430141743868,83.46286054743521,77.29543903203864,36.68180540593851,8.170023751032335,50.44423005026171,-2.278481012658228,38.607594936708864,123.07692307692308,-19.897084048027452,-61.63522012578617,106.10274158291423,77.79345444239839,False
EC-Earth3,351006,raw,validation,historical,2003,2014,4193,27.33126639637491,406.1266416666666,4.252634991273997,1.4071560202313378,3.381172543500241,5.520725225515138,1.85225,10.8365,16.66325,27.90659999999995,27.748166666666677,76.79494833333332,11.25,3.0,0.0,27.0,10.666666666666666,113.06883333333332,21.787166666666668,4321,30.849340430455914,1029.2583333333332,9.265641410352588,2.9246239296459158,9.08685533163311,14.474928266861166,5.0,20.2,30.37999999999997,82.88000000000022,71.50833333333333,163.71666666666667,28.416666666666668,11.583333333333334,2.333333333333333,49.833333333333336,28.58333333333333,514.9833333333333,344.3333333333333,-11.404049438307586,-60.54181651836677,-54.1031775034755,-51.88591579356658,-62.79050980673454,-61.8600857722089,-62.955,-46.3539603960396,-45.15059249506249,-66.32890926640941,-61.19589791399601,-53.09277308357936,-60.410557184750736,-74.10071942446044,-100.0,-45.81939799331104,-62.68221574344023,-78.04417618693162,-93.67265246853825,False
EC-Earth3,351006,qm,validation,historical,2003,2014,4193,56.618173145719055,1147.980833367018,5.802767481214919,3.285420939757743,5.347709744469635,5.992143577557231,3.9,11.989207109664555,18.97759957245725,32.32133754227424,35.19562798215175,112.721594283998,26.5,8.166666666666666,0.0,12.0,21.83333333333333,300.6877028284756,105.59167391278758,4321,30.849340430455914,1029.2583333333332,9.265641410352588,2.9246239296459158,9.08685533163311,14.474928266861166,5.0,20.2,30.37999999999997,82.88000000000022,71.50833333333333,163.71666666666667,28.416666666666668,11.583333333333334,2.333333333333333,49.833333333333336,28.58333333333333,514.9833333333333,344.3333333333333,83.53122742884624,11.53476208924078,-37.3732780686782,12.336526636965232,-41.14895033209984,-58.603293452751565,-22.000000000000004,-40.647489556116064,-37.5325886357562,-61.00224717389701,-50.78108195014322,-31.148369571008043,-6.7448680351906205,-29.49640287769785,-100.0,-75.91973244147157,-23.61516034985423,-41.612148711257525,-69.33446062552152,False
EC-Earth3,351006,detqm,validation,historical,2003,2014,4193,56.618173145719055,1161.8026892736254,5.872633644180079,3.3249778848756275,5.483335408862745,6.176305837992204,3.8757657838905257,12.3486204281179,19.00708614827697,33.48734263183385,35.97738232798833,115.71753318456972,29.0,9.083333333333334,0.0,12.0,21.83333333333333,309.547355034435,111.15396849013656,4321,30.849340430455914,1029.2583333333332,9.265641410352588,2.9246239296459158,9.08685533163311,14.474928266861166,5.0,20.2,30.37999999999997,82.88000000000022,71.50833333333333,163.71666666666667,28.416666666666668,11.583333333333334,2.333333333333333,49.833333333333336,28.58333333333333,514.9833333333333,344.3333333333333,83.53122742884624,12.877656818287496,-36.619243243986,13.689074727573027,-39.65640247650705,-57.33100901002592,-22.484684322189487,-38.86821570238664,-37.43552946584271,-59.59538775116583,-49.68784664539564,-29.31841605340341,2.0527859237536616,-21.58273381294964,-100.0,-75.91973244147157,-23.61516034985423,-39.89177221895175,-67.7190798189342,False
EC-Earth3,351006,qdm,validation,historical,2003,2014,4193,56.28428332935845,1158.2731733799226,5.889524610406386,3.31821024344109,5.512458722525108,6.233963200937722,3.86876421702762,12.278433879529016,18.91797274852612,33.20543022766119,35.65252879604104,116.91611537316878,25.58333333333333,9.083333333333334,0.0,12.333333333333334,21.5,315.5210569240233,123.87039969026556,4321,30.849340430455914,1029.2583333333332,9.265641410352588,2.9246239296459158,9.08685533163311,14.474928266861166,5.0,20.2,30.37999999999997,82.88000000000022,71.50833333333333,163.71666666666667,28.416666666666668,11.583333333333334,2.333333333333333,49.833333333333336,28.58333333333333,514.9833333333333,344.3333333333333,82.44890342547475,12.534738448875588,-36.43694646086816,13.457672619222066,-39.33590311122081,-56.93268328514118,-22.62471565944761,-39.21567386371774,-37.72885862894623,-59.93553302647069,-50.142134302238375,-28.58630843540541,-9.970674486803528,-21.58273381294964,-100.0,-75.25083612040133,-24.78134110787172,-38.731792564673945,-64.02602138714455,False
EC-Earth3,351007,raw,validation,historical,2003,2014,3972,16.565961732124872,265.6086416666667,4.843926595744682,1.0185181479431018,2.961821240526129,5.924367769463745,2.34625,12.060700000000022,17.151399999999995,29.975539999999903,29.62625,72.5434535,7.166666666666667,1.6666666666666667,0.0,23.666666666666668,9.333333333333334,73.74316666666668,30.77316666666667,4383,33.85808806753365,1182.6,9.562803234501349,3.2811316449920147,9.860763540229142,15.084697866912617,5.2,20.7,29.954999999999973,79.57100000000118,85.41666666666664,172.9416666666667,31.75,13.0,2.5,44.25,27.83333333333333,613.2083333333334,420.60833333333335,-51.072365045887246,-77.54028059642596,-49.34616474938619,-68.95832724366107,-69.96357099079871,-60.725976604022726,-54.87980769230769,-41.73574879227043,-42.74278083792352,-62.328561913260536,-65.31560975609754,-58.05322401580496,-77.4278215223097,-87.1794871794872,-100.0,-46.51600753295668,-66.46706586826348,-87.974206699735,-92.68365264596912,False
EC-Earth3,351007,qm,validation,historical,2003,2014,3972,58.00604229607251,1118.5947747902544,5.826014452032576,3.3794404072213124,5.155375633948255,5.618503228695835,4.0,12.149929165942352,17.630747750861254,28.50478372978726,33.60704140532894,113.2449885087413,27.75,7.166666666666667,0.0,9.25,22.166666666666668,274.8318925243894,95.28822730683568,4383,33.85808806753365,1182.6,9.562803234501349,3.2811316449920147,9.860763540229142,15.084697866912617,5.2,20.7,29.954999999999973,79.57100000000118,85.41666666666664,172.9416666666667,31.75,13.0,2.5,44.25,27.83333333333333,613.2083333333334,420.60833333333335,71.32108044722764,-5.412246339400112,-39.076290610967774,2.9961846358510558,-47.71829166254953,-62.75362437971206,-23.07692307692308,-41.30469001960216,-41.14255466245612,-64.17691906625927,-60.65517103766366,-34.5183895289888,-12.598425196850394,-44.87179487179487,-100.0,-79.09604519774011,-20.35928143712574,-55.1813180635636,-77.34514041800512,False
EC-Earth3,351007,detqm,validation,historical,2003,2014,3972,58.00604229607251,1164.101844253164,6.063030438818562,3.516924000764846,5.505508066815178,6.067944358364661,4.006988884166077,13.394791412783745,18.414976057660372,29.60961154393987,36.92392086050632,121.25349007895566,30.666666666666668,8.083333333333334,0.0,9.25,22.166666666666668,316.23819589838337,125.50370200771032,4383,33.85808806753365,1182.6,9.562803234501349,3.2811316449920147,9.860763540229142,15.084697866912617,5.2,20.7,29.954999999999973,79.57100000000118,85.41666666666664,172.9416666666667,31.75,13.0,2.5,44.25,27.83333333333333,613.2083333333334,420.60833333333335,71.32108044722764,-1.5641937888412072,-36.597770652187656,7.186311958336712,-44.16752775427325,-59.774173722933256,-22.942521458344675,-35.29086274017516,-38.52453327437693,-62.78843857191762,-56.77199509013893,-29.88763644063664,-3.4120734908136447,-37.82051282051282,-100.0,-79.09604519774011,-20.35928143712574,-48.42891417027111,-70.16138481777338,False
EC-Earth3,351007,qdm,validation,historical,2003,2014,3972,58.00604229607251,1167.6883253334818,6.081710027778551,3.527759291037709,5.575184469350309,6.168945386869138,4.059210357894932,13.53853224549282,19.53268161310782,31.51417588897965,36.30187676448968,122.58712550641854,29.25,9.0,0.0,9.25,22.166666666666668,326.5969326703004,165.59767866741493,4383,33.85808806753365,1182.6,9.562803234501349,3.2811316449920147,9.860763540229142,15.084697866912617,5.2,20.7,29.954999999999973,79.57100000000118,85.41666666666664,172.9416666666667,31.75,13.0,2.5,44.25,27.83333333333333,613.2083333333334,420.60833333333335,71.32108044722764,-1.2609229381463185,-36.4024347396741,7.516542239995818,-43.46092524574669,-59.10461421703148,-21.938262348174398,-34.596462582160285,-34.79325116639013,-60.39489777811114,-57.500241836695,-29.116488889460687,-7.874015748031496,-30.76923076923077,-100.0,-79.09604519774011,-20.35928143712574,-46.73964541627228,-60.629006716284366,False
EC-Earth3,351008,raw,validation,historical,2003,2014,4288,33.53544776119403,464.836875,3.879028164116829,1.5445331249953358,3.340837881827289,4.991860103198218,1.8208,9.0177,14.384299999999984,24.688359999999896,26.9345,73.84377416666668,11.0,3.0,0.0,25.08333333333333,13.583333333333334,98.38016666666664,12.641166666666663,4355,40.34443168771527,1038.25,7.091064314171884,2.950011481056257,7.324940993951135,10.207165336579784,4.0,15.8,23.019999999999985,49.97600000000002,63.82500000000001,128.46666666666667,28.75,9.833333333333334,1.5,38.583333333333336,30.0,411.35833333333335,184.725,-16.877134319863412,-55.22881049843487,-45.29695413473578,-47.64314868217689,-54.39092431480171,-51.09455036151212,-54.48,-42.92594936708861,-37.51390095569072,-50.59956779254065,-57.79945162553859,-42.519117151011926,-61.73913043478261,-69.49152542372882,-100.0,-34.9892008639309,-54.72222222222221,-76.08407106537285,-93.15676455993142,True
EC-Earth3,351008,qm,validation,historical,2003,2014,4288,51.84235074626866,1152.4941804883615,6.221291122744193,3.22526356479952,7.121790036719406,8.899916837159811,3.9,12.2,17.5,44.462631738127534,65.29927786835857,155.7870873073322,28.58333333333333,6.916666666666667,1.5,14.583333333333334,23.75,342.2641030502413,211.958897495694,4355,40.34443168771527,1038.25,7.091064314171884,2.950011481056257,7.324940993951135,10.207165336579784,4.0,15.8,23.019999999999985,49.97600000000002,63.82500000000001,128.46666666666667,28.75,9.833333333333334,1.5,38.583333333333336,30.0,411.35833333333335,184.725,28.4993952760387,11.003532914843412,-12.265763683589798,9.330542796555765,-2.7734142486538724,-12.807164930846568,-2.500000000000002,-22.78481012658229,-23.979148566463884,-11.032031899056514,2.3098752344043283,21.26654434924665,-0.5797101449275404,-29.661016949152543,0.0,-62.20302375809935,-20.83333333333333,-16.796604002939535,14.742940855701184,True
EC-Earth3,351008,detqm,validation,historical,2003,2014,4288,51.79570895522388,1147.044197087348,6.197447260264825,3.2104781634907127,7.055003328275252,8.808967421805232,3.838652746807793,12.688879913059097,17.91371281843637,43.35613153536969,62.74742919927997,153.2831146517407,29.83333333333333,7.0,1.0833333333333333,14.583333333333334,23.75,347.0006752432291,206.66108661323827,4355,40.34443168771527,1038.25,7.091064314171884,2.950011481056257,7.324940993951135,10.207165336579784,4.0,15.8,23.019999999999985,49.97600000000002,63.82500000000001,128.46666666666667,28.75,9.833333333333334,1.5,38.583333333333336,30.0,411.35833333333335,184.725,28.38378628343767,10.478612770271903,-12.60201592194159,8.829344702794009,-3.685185531170773,-13.698199927885764,-4.033681329805172,-19.6906334616513,-22.18195995466384,-13.246095054886998,-1.6883208785272843,19.31742188770683,3.768115942028981,-28.8135593220339,-27.777777777777786,-62.20302375809935,-20.83333333333333,-15.645157244925365,11.874996136547992,True
EC-Earth3,351008,qdm,validation,historical,2003,2014,4288,51.30597014925373,1135.3684441252435,6.192918786137692,3.182687601072369,6.79910721510726,8.455439401104382,3.8851703812562817,12.4878387285604,17.86948423445478,40.5812945079747,60.4517109825475,146.78602221709028,30.25,7.0,1.0,14.75,23.666666666666668,331.30450601604645,170.81011767869418,4355,40.34443168771527,1038.25,7.091064314171884,2.950011481056257,7.324940993951135,10.207165336579784,4.0,15.8,23.019999999999985,49.97600000000002,63.82500000000001,128.46666666666667,28.75,9.833333333333334,1.5,38.583333333333336,30.0,411.35833333333335,184.725,27.169891861126917,9.35405192634178,-12.665877620644324,7.8872954058064115,-7.178675968558703,-17.16172784228036,-2.8707404685929583,-20.963046021769628,-22.374091075348417,-18.79843423248223,-5.285215851864483,14.26000691522336,5.217391304347826,-28.8135593220339,-33.333333333333336,-61.77105831533477,-21.111111111111107,-19.46084978237633,-7.532755350551258,True
EC-Earth3,351009,raw,validation,historical,2003,2014,4193,27.33126639637491,406.1266416666666,4.252634991273997,1.4071560202313378,3.381172543500241,5.520725225515138,1.85225,10.8365,16.66325,27.90659999999995,27.748166666666677,76.79494833333332,11.25,3.0,0.0,27.0,10.666666666666666,148.81425,83.46791666666667,4383,62.582705909194615,1140.9083333333333,4.991213999270872,3.237782340862424,4.133892245155648,4.364028005110439,3.7,10.0,12.8,20.315999999999985,29.70833333333333,82.75833333333334,23.666666666666668,2.5,0.0833333333333333,35.333333333333336,80.33333333333333,211.24166666666667,75.76666666666667,-56.32776499624089,-64.40321892644019,-14.79758247401871,-56.53951155170844,-18.20849835980825,26.50526575563136,-49.93918918918919,8.365000000000009,30.181640625000004,37.36266981689296,-6.598036465638122,-7.205781895076044,-52.46478873239437,20.0,-100.0,-23.58490566037737,-86.72199170124482,-29.55260562546847,10.1644302683678,True
EC-Earth3,351009,qm,validation,historical,2003,2014,4193,61.841163844502745,1156.132042952525,5.350398964685808,3.308748990085929,4.262972158969024,4.296851682277759,4.3,10.3,13.9,22.663951196263486,26.31646139364122,86.12725268353677,24.25,2.833333333333333,0.0,10.333333333333334,25.5,224.31859638662624,80.87441699191749,4383,62.582705909194615,1140.9083333333333,4.991213999270872,3.237782340862424,4.133892245155648,4.364028005110439,3.7,10.0,12.8,20.315999999999985,29.70833333333333,82.75833333333334,23.666666666666668,2.5,0.0833333333333333,35.333333333333336,80.33333333333333,211.24166666666667,75.76666666666667,-1.184899332681177,1.3343499363102436,7.196344726301196,2.191828904860932,3.122478917166742,-1.5393192425441276,16.216216216216207,3.000000000000007,8.593749999999996,11.557152964478751,-11.417240750716788,4.070791682855817,2.464788732394361,13.33333333333334,-100.0,-70.75471698113208,-68.25726141078839,6.190506790781285,6.741421458756031,True
EC-Earth3,351009,detqm,validation,historical,2003,2014,4193,61.841163844502745,1177.8332619845585,5.45082882522742,3.3708559846922737,4.39997396238682,4.468590016493296,4.292769807144823,10.731924517862057,14.067171018776277,22.038588564996363,27.0210763272835,88.240904227433,26.666666666666668,3.1666666666666665,0.0,10.333333333333334,25.5,260.27775099307263,91.95181083244783,4383,62.582705909194615,1140.9083333333333,4.991213999270872,3.237782340862424,4.133892245155648,4.364028005110439,3.7,10.0,12.8,20.315999999999985,29.70833333333333,82.75833333333334,23.666666666666668,2.5,0.0833333333333333,35.333333333333336,80.33333333333333,211.24166666666667,75.76666666666667,-1.184899332681177,3.236450078626694,9.208477657413416,4.110024387692612,6.436590541105253,2.3959977172559603,16.02080559850872,7.319245178620565,9.89977358418964,8.478975019671097,-9.045465378007854,6.624796166468229,12.676056338028168,26.666666666666664,-100.0,-70.75471698113208,-68.25726141078839,23.21326332071764,21.361826879605587,True
EC-Earth3,351009,qdm,validation,historical,2003,2014,4193,60.195564035296925,1167.207380988109,5.54932193813681,3.3566865529035943,4.420292939268999,4.511740814990033,4.425694750728036,10.285453205110738,14.559268498941558,22.42324150065653,27.510888975215384,90.51515499240446,23.5,3.8333333333333335,0.0,10.666666666666666,23.83333333333333,272.46422453391693,123.01080726769425,4383,62.582705909194615,1140.9083333333333,4.991213999270872,3.237782340862424,4.133892245155648,4.364028005110439,3.7,10.0,12.8,20.315999999999985,29.70833333333333,82.75833333333334,23.666666666666668,2.5,0.0833333333333333,35.333333333333336,80.33333333333333,211.24166666666667,75.76666666666667,-3.814379450708558,2.305097340987869,11.181807451002264,3.672396706243674,6.928112227622124,3.384781438309232,19.61337164129827,2.854532051107377,13.744285147980914,10.372324771886923,-7.396727152150178,9.372858716025926,-0.704225352112681,53.333333333333336,-100.0,-69.81132075471699,-70.33195020746888,28.982235765000716,62.35478301939408,True
EC-Earth3,351010,raw,validation,historical,2003,2014,4193,27.33126639637491,406.1266416666666,4.252634991273997,1.4071560202313378,3.381172543500241,5.520725225515138,1.85225,10.8365,16.66325,27.90659999999995,27.748166666666677,76.79494833333332,11.25,3.0,0.0,27.0,10.666666666666666,139.97225,66.50550000000001,4383,61.054072553045856,1118.8166666666668,5.017115097159941,3.183185033082364,4.202766653503559,4.49956492719434,3.7,10.4,12.9,21.45,30.425,87.3,24.416666666666668,2.75,0.25,38.333333333333336,67.5,171.35000000000002,71.28333333333335,-55.23432712432314,-63.70034038939952,-15.237444050639713,-55.79408656402387,-19.54888714362504,22.69464525668112,-49.93918918918919,4.1971153846153895,29.17248062015505,30.10069930069908,-8.798137496576249,-12.033277968690347,-53.92491467576792,9.090909090909092,-100.0,-29.56521739130435,-84.19753086419755,-18.31208053691276,-6.702595277063361,True
EC-Earth3,351010,qm,validation,historical,2003,2014,4193,58.40686859050799,1119.5469343987872,5.485734264101857,3.2040456028584416,4.432088979889082,4.59520279457533,4.1,11.0,15.6,22.97703363502616,26.30499435075273,88.91031260505554,25.33333333333333,4.0,0.0,12.0,22.916666666666668,233.64212464072617,79.2464451626842,4383,61.054072553045856,1118.8166666666668,5.017115097159941,3.183185033082364,4.202766653503559,4.49956492719434,3.7,10.4,12.9,21.45,30.425,87.3,24.416666666666668,2.75,0.25,38.333333333333336,67.5,171.35000000000002,71.28333333333335,-4.335835189762133,0.0652714384650815,9.340410930719708,0.6553363866466129,5.4564610717645365,2.12549144036075,10.810810810810796,5.769230769230766,20.93023255813953,7.119037925529871,-13.54151404847088,1.84457343076236,3.7542662116040857,45.45454545454545,-100.0,-68.69565217391305,-66.04938271604938,36.353734835556544,11.171071072271474,True
EC-Earth3,351010,detqm,validation,historical,2003,2014,4193,58.35917004531362,1139.5910040621436,5.588513301489875,3.26188696607339,4.591909199315204,4.809479593687637,4.108706598115212,11.569252789429676,15.569835529699752,24.037653574607205,26.50328052900812,91.97102729461956,27.666666666666668,5.083333333333333,0.0,12.0,22.916666666666668,263.82188114980994,93.8550506642867,4383,61.054072553045856,1118.8166666666668,5.017115097159941,3.183185033082364,4.202766653503559,4.49956492719434,3.7,10.4,12.9,21.45,30.425,87.3,24.416666666666668,2.75,0.25,38.333333333333336,67.5,171.35000000000002,71.28333333333335,-4.413960273314797,1.8568133649072776,11.388979388840164,2.4724272127786646,9.25919942491318,6.887658507164631,11.046124273384107,11.24281528297765,20.696399455036836,12.06365302847182,-12.889792838099844,5.350546729232031,13.310580204778155,84.84848484848484,-100.0,-68.69565217391305,-66.04938271604938,53.96666539236061,31.66478933498248,True
EC-Earth3,351010,qdm,validation,historical,2003,2014,4193,58.31147150011925,1139.5603911730684,5.592934435205243,3.2622754149337485,4.653584354750413,4.909959975810963,4.1055487973687015,10.97376643812978,16.01506086642885,24.759064266127368,27.35786720371658,94.78978292593555,24.666666666666668,6.583333333333333,0.0,12.0,22.916666666666668,279.57849164387375,111.71992722673605,4383,61.054072553045856,1118.8166666666668,5.017115097159941,3.183185033082364,4.202766653503559,4.49956492719434,3.7,10.4,12.9,21.45,30.425,87.3,24.416666666666668,2.75,0.25,38.333333333333336,67.5,171.35000000000002,71.28333333333335,-4.492085356867462,1.8540771803305491,11.477100423134772,2.4846303632811213,10.726688831773192,9.120771791430084,10.960778307262196,5.51698498201712,24.14775865448721,15.426873035558827,-10.080962354259382,8.579361885378662,1.023890784982935,139.39393939393938,-100.0,-68.69565217391305,-66.04938271604938,63.16223615049531,56.72657548758851,True
EC-Earth3,351011,raw,validation,historical,2003,2014,4297,31.649988363974867,468.949075,4.137785955882353,1.5583879719222713,3.4976374421493013,5.361752112728919,1.873,9.871970000000006,15.53244999999999,27.27630000000001,27.37775,77.78430666666667,11.25,3.6666666666666665,0.0,27.416666666666668,14.083333333333334,0.0,0.0,4383,25.644535706137347,1097.1833333333334,11.71370106761566,3.0422313483915127,10.2173523319798,17.494523987494723,5.6,27.510000000000016,41.7,87.44099999999995,104.975,174.70000000000002,31.916666666666668,15.75,2.9166666666666665,44.75,9.583333333333334,333.3,124.3,23.418059607919798,-57.25882259118045,-64.67567396506385,-48.77483683986684,-65.767673184746,-69.35182622538596,-66.55357142857142,-64.11497637222827,-62.751918465227845,-68.80605208083162,-73.91974279590379,-55.47549704254914,-64.75195822454309,-76.71957671957674,-100.0,-38.73370577281192,46.95652173913043,-100.0,-100.0,True
EC-Earth3,351011,qm,validation,historical,2003,2014,4297,23.760763323248774,1171.6732322928608,13.770890095508648,3.2723012515347683,13.027494966054023,23.876512599497243,6.0,30.396859581007828,47.32822667868408,123.51881530616654,128.30409096143407,286.9504701099717,30.08333333333333,15.5,4.083333333333333,34.0,10.75,472.87636949810855,251.8719708252797,4383,25.644535706137347,1097.1833333333334,11.71370106761566,3.0422313483915127,10.2173523319798,17.494523987494723,5.6,27.510000000000016,41.7,87.44099999999995,104.975,174.70000000000002,31.916666666666668,15.75,2.9166666666666665,44.75,9.583333333333334,333.3,124.3,-7.345706720819038,6.789193446205655,17.56224626203247,7.562538045139074,27.50362856019577,36.47992146893756,7.1428571428571495,10.493855256298838,13.496946471664442,41.25960968672205,22.223473171168436,64.25327424726486,-5.744125326370765,-1.5873015873015872,40.0,-24.022346368715084,12.173913043478253,41.87709855928849,102.63231763900218,True
EC-Earth3,351011,detqm,validation,historical,2003,2014,4297,23.760763323248774,1129.0779507504728,13.270259950054529,3.1533477075485794,12.106715625587562,21.976022900019963,5.815126685897321,30.448880911160867,47.156103764273226,119.5520052356931,119.02751689220251,269.8803932747479,30.5,15.333333333333334,4.083333333333333,34.0,10.75,449.3592845800231,199.66510737216947,4383,25.644535706137347,1097.1833333333334,11.71370106761566,3.0422313483915127,10.2173523319798,17.494523987494723,5.6,27.510000000000016,41.7,87.44099999999995,104.975,174.70000000000002,31.916666666666668,15.75,2.9166666666666665,44.75,9.583333333333334,333.3,124.3,-7.345706720819038,2.906954238927506,13.288360983892764,3.6524624997969375,18.491711279194604,25.61658102688969,3.841547962452175,10.682954966051796,13.08418168890461,36.72305352831415,13.386536691786157,54.482194204206,-4.438642297650135,-2.6455026455026416,40.0,-24.022346368715084,12.173913043478253,34.821267500757,60.63162298645976,True
EC-Earth3,351011,qdm,validation,historical,2003,2014,4297,23.481498720037237,1118.304952722564,13.299959794520086,3.126052150982685,11.84869661415302,21.51548931641883,6.202062407015467,30.397325900122546,47.84186198930049,97.1427618117635,115.66567207003256,259.6190762332285,29.75,15.416666666666666,3.9166666666666665,34.0,10.75,412.16127503388367,171.9991997194878,4383,25.644535706137347,1097.1833333333334,11.71370106761566,3.0422313483915127,10.2173523319798,17.494523987494723,5.6,27.510000000000016,41.7,87.44099999999995,104.975,174.70000000000002,31.916666666666668,15.75,2.9166666666666665,44.75,9.583333333333334,333.3,124.3,-8.434689599712453,1.9250765799605545,13.54190889581334,2.755240906826187,15.966409194554194,22.98413681788848,10.751114410990494,10.495550345774369,14.72868582566064,11.095209125883244,10.184017213653297,48.60851530236321,-6.788511749347262,-2.1164021164021203,34.285714285714285,-24.022346368715084,12.173913043478253,23.6607485850236,38.37425560698938,True
EC-Earth3,351012,raw,validation,historical,2003,2014,3972,16.565961732124872,265.6086416666667,4.843926595744682,1.0185181479431018,2.961821240526129,5.924367769463745,2.34625,12.060700000000022,17.151399999999995,29.975539999999903,29.62625,72.5434535,7.166666666666667,1.6666666666666667,0.0,23.666666666666668,9.333333333333334,3.609833333333333,0.0,4383,21.6746520647958,887.6083333333335,11.211894736842106,2.470910335386721,9.498049970029244,17.855301656627983,4.8,27.2,43.34999999999995,80.77099999999999,100.90833333333336,179.25833333333333,24.416666666666668,12.083333333333334,3.1666666666666665,56.333333333333336,7.583333333333333,285.62499999999994,98.875,-23.569883924312297,-70.0759184324918,-56.796538770314925,-58.77963949737198,-68.81653339504372,-66.82011940546191,-51.11979166666667,-55.65919117647051,-60.435063437139526,-62.88823959094241,-70.6404327359815,-59.53133550276603,-70.64846416382252,-86.20689655172414,-100.0,-57.98816568047337,23.076923076923087,-98.73616338439096,-100.0,True
EC-Earth3,351012,qm,validation,historical,2003,2014,3972,22.88519637462236,1020.8867354805798,13.477052613605014,3.084249956134682,11.407348613121,20.709289891357614,5.6,36.40902751124232,53.25396237848666,103.82856465890758,115.5541830010808,274.80524374081534,26.0,14.333333333333334,5.333333333333333,16.666666666666668,10.25,419.0403650619928,121.32487190186556,4383,21.6746520647958,887.6083333333335,11.211894736842106,2.470910335386721,9.498049970029244,17.855301656627983,4.8,27.2,43.34999999999995,80.77099999999999,100.90833333333336,179.25833333333333,24.416666666666668,12.083333333333334,3.1666666666666665,56.333333333333336,7.583333333333333,285.62499999999994,98.875,5.585069168389258,15.015451876925402,20.203167528139872,24.8224151222374,20.10200671839463,15.98398217859408,16.666666666666664,33.85671879133204,22.84651067701666,28.546835694627525,14.514014040215498,53.3012377337076,6.48464163822525,18.620689655172413,68.42105263157895,-70.41420118343196,35.16483516483517,46.70997463877211,22.705306601128257,True
EC-Earth3,351012,detqm,validation,historical,2003,2014,3972,22.88519637462236,1009.9218515476368,13.332301670595864,3.0511234185729204,11.51657198796889,21.043304705511105,5.411639693540812,35.605091559257644,57.40119935198034,96.8019514958576,116.58413593307915,276.5466252652845,25.666666666666668,14.333333333333334,4.916666666666667,16.666666666666668,10.25,417.933410841074,130.54827098866528,4383,21.6746520647958,887.6083333333335,11.211894736842106,2.470910335386721,9.498049970029244,17.855301656627983,4.8,27.2,43.34999999999995,80.77099999999999,100.90833333333336,179.25833333333333,24.416666666666668,12.083333333333334,3.1666666666666665,56.333333333333336,7.583333333333333,285.62499999999994,98.875,5.585069168389258,13.780122788501298,18.91211952593645,23.48175386523647,21.25196250081881,17.85465801805548,12.74249361543358,30.901071909035466,32.41337797457993,19.84740995636754,15.534695779746457,54.272674593622526,5.119453924914676,18.620689655172413,55.263157894736864,-70.41420118343196,35.16483516483517,46.32241955048544,32.03364954605844,True
EC-Earth3,351012,qdm,validation,historical,2003,2014,3972,22.784491440080565,1019.962080770252,13.52435908203649,3.082462360789387,11.450327011285909,20.84609706226273,5.602885568355233,33.54665850206018,55.494148107411824,97.60836812732722,116.80510941822168,274.95134789515504,25.916666666666668,14.333333333333334,5.083333333333333,16.666666666666668,10.25,415.9467228330584,129.3266744641644,4383,21.6746520647958,887.6083333333335,11.211894736842106,2.470910335386721,9.498049970029244,17.855301656627983,4.8,27.2,43.34999999999995,80.77099999999999,100.90833333333336,179.25833333333333,24.416666666666668,12.083333333333334,3.1666666666666665,56.333333333333336,7.583333333333333,285.62499999999994,98.875,5.120448401971707,14.91127814673346,20.625098607068285,24.750069504523385,20.55450379200999,16.750181336334634,16.726782674067355,23.333303316397732,28.014182485379205,20.84580867802459,15.753680156797415,53.382742538322745,6.143344709897611,18.620689655172413,60.526315789473685,-70.41420118343196,35.16483516483517,45.6268613857535,30.798153693213045,True
EC-Earth3,351201,raw,validation,historical,2003,2014,4297,31.649988363974867,468.949075,4.137785955882353,1.5583879719222713,3.4976374421493013,5.361752112728919,1.873,9.871970000000006,15.53244999999999,27.27630000000001,27.37775,77.78430666666667,11.25,3.6666666666666665,0.0,27.416666666666668,14.083333333333334,0.0,0.0,4321,26.081925480212917,1034.375,11.013753327417923,2.9156676695209445,9.807500546383295,16.737824153456426,5.1,28.279999999999998,39.870000000000005,79.792,93.48333333333336,169.6833333333333,29.166666666666668,14.916666666666666,3.0,47.833333333333336,8.416666666666666,310.02500000000003,135.35833333333332,21.34835822602964,-54.6635335347432,-62.43073698062911,-46.55124833968747,-64.33711702989278,-67.96625377605191,-63.27450980392156,-65.09204384724184,-61.04226235264613,-65.81574593944255,-70.71376359422356,-54.1591356448286,-61.42857142857143,-75.41899441340783,-100.0,-42.68292682926829,67.32673267326734,-100.0,-100.0,True
EC-Earth3,351201,qm,validation,historical,2003,2014,4297,25.133814289038863,1103.592761782504,12.262141797583377,3.081943947263218,10.504360184991016,18.073402014028545,5.3,30.78690794746902,45.87971405992741,83.70837171058464,92.65971187882003,231.56158785346324,29.58333333333333,15.833333333333334,4.083333333333333,31.166666666666668,10.75,395.9340908318968,186.14338280421464,4321,26.081925480212917,1034.375,11.013753327417923,2.9156676695209445,9.807500546383295,16.737824153456426,5.1,28.279999999999998,39.870000000000005,79.792,93.48333333333336,169.6833333333333,29.166666666666668,14.916666666666666,3.0,47.833333333333336,8.416666666666666,310.02500000000003,135.35833333333332,-3.6351272910941166,6.691747362658986,11.334814146033969,5.702854254634354,7.105374456131925,7.9793995224661085,3.921568627450984,8.864596702507173,15.073273288004524,4.908226025898137,-0.8810356083223195,36.46690178968467,1.4285714285714204,6.145251396648053,36.1111111111111,-34.84320557491289,27.722772277227733,27.71037523809266,37.51896778000221,True
EC-Earth3,351201,detqm,validation,historical,2003,2014,4297,25.133814289038863,1086.0700013806195,12.06744445978466,3.033009079955186,10.292430614636444,17.681893650721694,5.131904407884988,30.97687452201697,45.561463464643005,85.89034116562077,88.48180700398693,226.9557812337387,29.5,15.75,4.083333333333333,31.166666666666668,10.75,401.87698505181726,174.88277602645204,4321,26.081925480212917,1034.375,11.013753327417923,2.9156676695209445,9.807500546383295,16.737824153456426,5.1,28.279999999999998,39.870000000000005,79.792,93.48333333333336,169.6833333333333,29.166666666666668,14.916666666666666,3.0,47.833333333333336,8.416666666666666,310.02500000000003,135.35833333333332,-3.6351272910941166,4.997704060966234,9.567048589545315,4.024512521124229,4.944481684805765,5.640335856141217,0.625576625195842,9.536331407415066,14.275052582500626,7.642797731126887,-5.350179706913623,33.7525476281733,1.1428571428571388,5.586592178770954,36.1111111111111,-34.84320557491289,27.722772277227733,29.627283300320045,29.1998591588638,True
EC-Earth3,351201,qdm,validation,historical,2003,2014,4297,25.133814289038863,1094.8826335177762,12.16536259464196,3.057619642125509,10.306989480175323,17.6653708211263,5.46625573319599,31.755598794805287,46.39882511593083,81.97930713059033,91.9530098045265,226.3094378963386,29.666666666666668,15.75,4.0,31.166666666666668,10.75,384.9964626363988,146.5386254428779,4321,26.081925480212917,1034.375,11.013753327417923,2.9156676695209445,9.807500546383295,16.737824153456426,5.1,28.279999999999998,39.870000000000005,79.792,93.48333333333336,169.6833333333333,29.166666666666668,14.916666666666666,3.0,47.833333333333336,8.416666666666666,310.02500000000003,135.35833333333332,-3.6351272910941166,5.849680581778967,10.456101866356398,4.868592332674468,5.092927922152626,5.541620339453326,7.181484964627254,12.289953305534986,16.37528245781497,2.741261192337987,-1.6370014570941482,33.37163612395952,1.7142857142857142,5.586592178770954,33.333333333333336,-34.84320557491289,27.722772277227733,24.18239259298404,8.259773768056084,True
FGOALS-g3,351001,raw,validation,historical,2003,2014,4380,9.97716894977169,220.4138083333333,6.05255308924485,0.714075311489526,3.786858960524069,10.581997222792312,2.6731,12.848200000000004,21.795199999999998,59.24395999999999,52.47666666666667,73.8137225,4.583333333333333,2.083333333333333,0.6666666666666666,75.25,5.333333333333333,58.8635,7.997666666666666,4383,22.86105407255305,981.1,11.749700598802397,2.718046999771845,9.121942570414795,16.072904114176634,5.5,28.8,41.374999999999964,74.37000000000003,93.41666666666669,162.36666666666665,28.75,15.0,3.083333333333333,53.833333333333336,8.0,263.3916666666667,90.1,-56.35735378557952,-77.53401199334081,-48.4875972936556,-73.72836777474907,-58.48626615118153,-34.162506367105294,-51.39818181818182,-55.38819444444443,-47.32277945619333,-20.33890009412403,-43.82515611061552,-54.53886932867994,-84.05797101449276,-86.1111111111111,-78.37837837837839,39.78328173374612,-33.333333333333336,-77.65172271965072,-91.12356640769517,True
FGOALS-g3,351001,qm,validation,historical,2003,2014,4380,17.465753424657535,864.942572589414,13.567726628853553,2.3699339346619674,12.07451105732314,26.14416145775717,5.81785714285714,31.072838484378643,48.01968711553848,83.31331732769577,160.596276752343,237.95013607686144,24.0,12.75,3.083333333333333,40.91666666666666,6.833333333333333,329.56700737998807,160.34376164107485,4383,22.86105407255305,981.1,11.749700598802397,2.718046999771845,9.121942570414795,16.072904114176634,5.5,28.8,41.374999999999964,74.37000000000003,93.41666666666669,162.36666666666665,28.75,15.0,3.083333333333333,53.833333333333336,8.0,263.3916666666667,90.1,-23.600401935854315,-11.839509470042405,15.47295622355229,-12.807470405739815,32.3677600918516,62.65984835122285,5.779220779220735,7.8918002929813955,16.059666744503982,12.025436772483172,71.91394478395323,46.55110002680854,-16.52173913043478,-15.0,0.0,-23.993808049535613,-14.583333333333336,25.12431070838284,77.96199960163689,True
FGOALS-g3,351001,detqm,validation,historical,2003,2014,4380,17.465753424657535,863.1135857681948,13.539036639501097,2.364923011864106,11.841404875523825,25.538325646152064,5.616209260595097,31.085896115519816,50.04836060614476,82.33445823996216,153.3488174196613,233.8917539927668,24.0,12.416666666666666,3.25,40.91666666666666,6.833333333333333,346.9417267297767,159.07780787558707,4383,22.86105407255305,981.1,11.749700598802397,2.718046999771845,9.121942570414795,16.072904114176634,5.5,28.8,41.374999999999964,74.37000000000003,93.41666666666669,162.36666666666665,28.75,15.0,3.083333333333333,53.833333333333336,8.0,263.3916666666667,90.1,-23.600401935854315,-12.02593152908014,15.22877987955777,-12.991827879995494,29.81231556893443,58.89054936641308,2.112895647183583,7.937139289999359,20.962805090380197,10.70923522920818,64.15573675610484,44.05158324333823,-16.52173913043478,-17.222222222222225,5.4054054054054,-23.993808049535613,-14.583333333333336,31.72084414077007,76.55694547789906,True
FGOALS-g3,351001,qdm,validation,historical,2003,2014,4380,16.963470319634702,847.2064251475,13.683010904131898,2.326323152459168,10.78637858583602,23.044896709027068,6.0985811378525785,31.34947885983118,56.13617960379325,84.40566939221407,129.43663602603365,215.35853409553877,24.0,12.333333333333334,3.8333333333333335,41.0,6.75,330.21234098236954,135.26035640936138,4383,22.86105407255305,981.1,11.749700598802397,2.718046999771845,9.121942570414795,16.072904114176634,5.5,28.8,41.374999999999964,74.37000000000003,93.41666666666669,162.36666666666665,28.75,15.0,3.083333333333333,53.833333333333336,8.0,263.3916666666667,90.1,-25.797514559921257,-13.647291290643158,16.454123992968434,-14.41196003400821,18.24650837881276,43.37730471931947,10.883293415501427,8.852357152191596,35.67656701823154,13.494244174013753,38.5583971732742,32.63715916374796,-16.52173913043478,-17.777777777777775,24.324324324324323,-23.8390092879257,-15.625,25.369319827520293,50.12248214135556,True
FGOALS-g3,351002,raw,validation,historical,2003,2014,4380,9.97716894977169,220.4138083333333,6.05255308924485,0.714075311489526,3.786858960524069,10.581997222792312,2.6731,12.848200000000004,21.795199999999998,59.24395999999999,52.47666666666667,73.8137225,4.583333333333333,2.083333333333333,0.6666666666666666,75.25,5.333333333333333,58.8635,14.148666666666664,4260,22.558685446009388,953.3833333333332,11.904890738813735,2.704319248826291,8.907471195086408,15.573592332506047,6.4,27.3,40.5,76.75999999999995,83.525,155.54166666666666,28.916666666666668,14.083333333333334,2.583333333333333,55.5,11.583333333333334,241.15833333333333,104.84166666666664,-55.77238321953444,-76.88088299564708,-49.15910425358547,-73.59500688391566,-57.48671112612749,-32.05166157646883,-58.23281250000001,-52.93699633699632,-46.1846913580247,-22.819228764981727,-37.17250324254216,-52.54408411465309,-84.14985590778099,-85.20710059171597,-74.19354838709678,35.585585585585584,-53.95683453237411,-75.59134731676976,-86.50472935378745,True
FGOALS-g3,351002,qm,validation,historical,2003,2014,4380,19.22374429223744,858.6208173866063,12.236876257291302,2.352385801059196,8.837750325501345,16.899404468644462,6.0,30.464713540561643,44.0946937178656,75.10861081513059,95.73396375502512,182.16695670587964,25.916666666666668,12.916666666666666,2.833333333333333,37.5,7.083333333333333,278.8861384640773,94.68408509828906,4260,22.558685446009388,953.3833333333332,11.904890738813735,2.704319248826291,8.907471195086408,15.573592332506047,6.4,27.3,40.5,76.75999999999995,83.525,155.54166666666666,28.916666666666668,14.083333333333334,2.583333333333333,55.5,11.583333333333334,241.15833333333333,104.84166666666664,-14.783401992787196,-9.939602742519837,2.7886481762926865,-13.013753754104265,-0.7827234919774265,8.513206894282868,-6.250000000000005,11.592357291434588,8.87578695769283,-2.1513668380267847,14.617137090721473,17.117786256124074,-10.374639769452449,-8.284023668639062,9.67741935483871,-32.432432432432435,-38.84892086330936,15.64441278444064,-9.688496846079897,True
FGOALS-g3,351002,detqm,validation,historical,2003,2014,4380,19.22374429223744,862.8552759138282,12.297224834876411,2.363987057298159,8.889133517685192,17.003977522758404,5.997579752015877,30.99949931664415,46.25317762711861,77.80251929172712,94.19151197853466,182.20839317829328,25.5,12.416666666666666,3.083333333333333,37.5,7.083333333333333,286.5307220008844,99.36099032045227,4260,22.558685446009388,953.3833333333332,11.904890738813735,2.704319248826291,8.907471195086408,15.573592332506047,6.4,27.3,40.5,76.75999999999995,83.525,155.54166666666666,28.916666666666668,14.083333333333334,2.583333333333333,55.5,11.583333333333334,241.15833333333333,104.84166666666664,-14.783401992787196,-9.495452065748834,3.2955707420610074,-12.584763861583305,-0.2058685007180518,9.184683660087709,-6.287816374751925,13.55127954814707,14.205376857082989,1.3581543665023126,12.7704423568209,17.14442636697131,-11.815561959654184,-11.834319526627228,19.35483870967742,-32.432432432432435,-38.84892086330936,18.81435654344009,-5.227574608900133,True
FGOALS-g3,351002,qdm,validation,historical,2003,2014,4380,19.06392694063927,867.7283461145798,12.470347489071806,2.3789301212029925,8.806329404837706,16.769279352353045,5.983184932078984,30.55859094630849,51.925659961114405,79.10308991189447,89.66303555871353,178.41526450763172,25.58333333333333,12.166666666666666,3.9166666666666665,37.5,7.0,291.88741418164466,95.09486618882929,4260,22.558685446009388,953.3833333333332,11.904890738813735,2.704319248826291,8.907471195086408,15.573592332506047,6.4,27.3,40.5,76.75999999999995,83.525,155.54166666666666,28.916666666666668,14.083333333333334,2.583333333333333,55.5,11.583333333333334,241.15833333333333,104.84166666666664,-15.491853520163064,-8.984317663628147,4.749785299704608,-12.03220099714638,-1.1354714265536396,7.677657115444671,-6.512735436265876,11.936230572558587,28.211506076825696,3.052488160362852,7.34874056715178,14.70576876997486,-11.52737752161384,-13.60946745562131,51.61290322580644,-32.432432432432435,-39.568345323741006,21.03559107708407,-9.296685933872396,True
FGOALS-g3,351003,raw,validation,historical,2003,2014,4380,9.97716894977169,220.4138083333333,6.05255308924485,0.714075311489526,3.786858960524069,10.581997222792312,2.6731,12.848200000000004,21.795199999999998,59.24395999999999,52.47666666666667,73.8137225,4.583333333333333,2.083333333333333,0.6666666666666666,75.25,5.333333333333333,39.23216666666666,7.997666666666666,4323,54.61485079805691,1439.4833333333331,7.316306649724693,4.049201943095073,8.192055563250843,9.96630897017431,4.6,14.3,20.5,56.700000000000045,61.36666666666667,124.44166666666663,38.583333333333336,10.75,2.333333333333333,36.5,77.66666666666667,164.33333333333334,41.266666666666666,-81.73176562055781,-84.68799164051917,-17.273108153926223,-82.36503583855067,-53.77400786303585,6.177695819591205,-41.88913043478261,-10.15244755244753,6.318048780487776,4.486701940035167,-14.486692015209126,-40.68407754637379,-88.12095032397407,-80.62015503875969,-71.42857142857143,106.16438356164385,-93.13304721030045,-76.12647058823529,-80.61954765751211,False
FGOALS-g3,351003,qm,validation,historical,2003,2014,4380,18.881278538812783,1112.667264815571,16.14511146044359,3.0484034652481395,10.981935005861292,20.680105437190264,8.738658428949694,38.1837045713454,55.79674572567072,97.35351089199048,121.61269232825768,222.63560808435452,32.75,18.166666666666668,4.583333333333333,37.833333333333336,6.916666666666667,335.18363662082,122.1630721027284,4323,54.61485079805691,1439.4833333333331,7.316306649724693,4.049201943095073,8.192055563250843,9.96630897017431,4.6,14.3,20.5,56.700000000000045,61.36666666666667,124.44166666666663,38.583333333333336,10.75,2.333333333333333,36.5,77.66666666666667,164.33333333333334,41.266666666666666,-65.42830702105562,-22.70370631947313,120.67297385698178,-24.715943830698578,34.05591455123559,107.50014372501006,89.97083541194989,167.01891308633148,172.17924744229617,71.69931374248749,98.1738603936844,78.90760711258655,-15.118790496760266,68.9922480620155,96.4285714285714,3.652968036529687,-91.09442060085836,103.9657017976592,196.03329265604623,False
FGOALS-g3,351003,detqm,validation,historical,2003,2014,4380,18.881278538812783,1121.8221525537413,16.277951427623815,3.0734853494623047,11.12418765804614,20.996188266559184,8.883830059383497,38.43314099499956,58.60289983541272,90.50974049898628,121.28485708487165,226.2948940090463,32.5,18.0,4.583333333333333,37.833333333333336,6.916666666666667,346.84368334450545,120.86265999694588,4323,54.61485079805691,1439.4833333333331,7.316306649724693,4.049201943095073,8.192055563250843,9.96630897017431,4.6,14.3,20.5,56.700000000000045,61.36666666666667,124.44166666666663,38.583333333333336,10.75,2.333333333333333,36.5,77.66666666666667,164.33333333333334,41.266666666666666,-65.42830702105562,-22.067722037739845,122.48864361414296,-24.096515988702794,35.792385344024005,110.6716571741199,93.12674042138038,168.76322374125562,185.867804075184,59.629171955883976,97.63963674884026,81.84817036821508,-15.766738660907134,67.44186046511628,96.4285714285714,3.652968036529687,-91.09442060085836,111.06106491552056,192.8820516888834,False
FGOALS-g3,351003,qdm,validation,historical,2003,2014,4380,18.83561643835617,1128.0816964811183,16.408461039725356,3.091090273611966,11.12745405363537,20.95811801708871,9.168523267229572,38.37064651644254,62.4035830082713,92.78948608842992,117.6982157056947,225.71058670631064,32.5,18.08333333333333,4.75,37.833333333333336,6.833333333333333,355.0831582866206,116.98669701750607,4323,54.61485079805691,1439.4833333333331,7.316306649724693,4.049201943095073,8.192055563250843,9.96630897017431,4.6,14.3,20.5,56.700000000000045,61.36666666666667,124.44166666666663,38.583333333333336,10.75,2.333333333333333,36.5,77.66666666666667,164.33333333333334,41.266666666666666,-65.51191450105306,-21.63287546588811,124.27246184853112,-23.661740830608192,35.832258066614926,110.28966771759792,99.31572320064288,168.32619941568208,204.4077219915673,63.64988728118137,91.79502830911682,81.37862723335752,-15.766738660907134,68.21705426356588,103.57142857142856,3.652968036529687,-91.20171673819743,116.07494419064132,183.48957274032168,False
FGOALS-g3,351004,raw,validation,historical,2003,2014,4380,9.97716894977169,220.4138083333333,6.05255308924485,0.714075311489526,3.786858960524069,10.581997222792312,2.6731,12.848200000000004,21.795199999999998,59.24395999999999,52.47666666666667,73.8137225,4.583333333333333,2.083333333333333,0.6666666666666666,75.25,5.333333333333333,58.8635,14.148666666666664,4293,20.17237363149313,983.225,13.624364896073905,2.752830188679245,9.574806251378996,17.511262631813235,7.8,33.95,43.05,93.17500000000024,98.99166666666667,153.82500000000002,28.33333333333333,14.666666666666666,2.5,58.75,6.75,271.5083333333334,130.24166666666667,-50.5404315226676,-77.58256672345259,-55.57552124144152,-74.06032110421872,-60.44975886610059,-39.57033570173471,-65.7294871794872,-62.15552282768777,-49.37235772357725,-36.41646364368143,-46.98880377136123,-52.01448236632538,-83.82352941176471,-85.79545454545455,-73.33333333333334,28.08510638297872,-20.98765432098766,-78.31981829900865,-89.13660502911254,True
FGOALS-g3,351004,qm,validation,historical,2003,2014,4380,20.89041095890411,974.0021972783652,12.773799308568725,2.6684991706256582,10.32944256884688,19.54394781503973,6.5,31.11085503409202,44.0,78.23012629107959,123.93540788119569,209.4330907546511,27.75,14.75,2.333333333333333,36.833333333333336,7.25,307.86261472990805,131.22901551453654,4293,20.17237363149313,983.225,13.624364896073905,2.752830188679245,9.574806251378996,17.511262631813235,7.8,33.95,43.05,93.17500000000024,98.99166666666667,153.82500000000002,28.33333333333333,14.666666666666666,2.5,58.75,6.75,271.5083333333334,130.24166666666667,3.559508367869899,-0.9380154818718828,-6.242974215629556,-3.063429716819808,7.8814787229684065,11.60787332110279,-16.666666666666664,-8.362724494574326,2.2067363530778232,-16.03957468089146,25.197819225048235,36.15022964709967,-2.0588235294117605,0.5681818181818222,-6.66666666666666,-37.30496453900709,7.407407407407407,13.389747913167056,0.7580898441639523,True
FGOALS-g3,351004,detqm,validation,historical,2003,2014,4380,20.89041095890411,977.9230633653128,12.825220503151646,2.679241269494008,10.356289557292389,19.58530335937045,6.167808677107157,31.537096800209376,45.23059696545248,78.75556394234636,123.60526694281144,210.62189661346164,27.416666666666668,14.666666666666666,2.833333333333333,36.833333333333336,7.25,310.34045962433635,123.9798838344456,4293,20.17237363149313,983.225,13.624364896073905,2.752830188679245,9.574806251378996,17.511262631813235,7.8,33.95,43.05,93.17500000000024,98.99166666666667,153.82500000000002,28.33333333333333,14.666666666666666,2.5,58.75,6.75,271.5083333333334,130.24166666666667,3.559508367869899,-0.5392394044788407,-5.865553359867395,-2.673209538600104,8.16187069895893,11.84403872619236,-20.925529780677472,-7.10722591985457,5.065265889552816,-15.475649109368227,24.86431545700289,36.923059719461484,-3.2352941176470504,0.0,13.33333333333334,-37.30496453900709,7.407407407407407,14.302369954637228,-4.807818413631893,True
FGOALS-g3,351004,qdm,validation,historical,2003,2014,4380,20.319634703196343,969.3908123956844,13.070437919941812,2.661493938256763,9.861592710769193,18.516993167777823,6.586426383863159,31.40920953060825,51.4085384884972,76.94950954026761,109.67840639167696,199.47415912667495,27.416666666666668,14.416666666666666,4.083333333333333,36.833333333333336,7.166666666666667,306.3970161885988,109.1742926879203,4293,20.17237363149313,983.225,13.624364896073905,2.752830188679245,9.574806251378996,17.511262631813235,7.8,33.95,43.05,93.17500000000024,98.99166666666667,153.82500000000002,28.33333333333333,14.666666666666666,2.5,58.75,6.75,271.5083333333334,130.24166666666667,0.7300136037204465,-1.40702154688047,-4.065708606290435,-3.3179035451621277,2.995219452601376,5.743335344291206,-15.558636104318468,-7.483918908370402,19.415884990701983,-17.413995663785975,10.79559531106352,29.67603388699818,-3.2352941176470504,-1.7045454545454546,63.33333333333333,-37.30496453900709,6.172839506172845,12.849949180908656,-16.17560226149827,True
FGOALS-g3,351005,raw,validation,historical,2003,2014,4380,9.97716894977169,220.4138083333333,6.05255308924485,0.714075311489526,3.786858960524069,10.581997222792312,2.6731,12.848200000000004,21.795199999999998,59.24395999999999,52.47666666666667,73.8137225,4.583333333333333,2.083333333333333,0.6666666666666666,75.25,5.333333333333333,51.48283333333334,7.997666666666666,4321,34.390187456607265,1116.3166666666666,9.014670255720054,3.15464012959963,8.682538477501115,12.917248672151468,4.7,21.0,30.75,63.71500000000019,74.35,148.82500000000002,32.916666666666664,13.166666666666666,2.1666666666666665,48.583333333333336,26.5,183.75833333333333,75.14166666666667,-70.98832635803267,-80.25526135057257,-32.85885209828567,-77.36428618943128,-56.38534778352116,-18.07855146733969,-43.12553191489362,-38.81809523809522,-29.121300813008148,-7.017248685553147,-29.419412687738166,-50.402336636989766,-86.07594936708861,-84.17721518987342,-69.23076923076924,54.8885077186964,-79.87421383647799,-71.98340211328285,-89.35654874126651,False
FGOALS-g3,351005,qm,validation,historical,2003,2014,4380,18.56164383561644,918.484563545765,13.556967727612768,2.516396064508945,9.201607176630832,17.514277482451444,6.9,34.16000000000002,50.36425986233437,81.30261254776184,92.26554726507231,187.31772723094227,26.83333333333333,13.916666666666666,3.5,39.0,6.833333333333333,292.40806679418034,91.14638360735208,4321,34.390187456607265,1116.3166666666666,9.014670255720054,3.15464012959963,8.682538477501115,12.917248672151468,4.7,21.0,30.75,63.71500000000019,74.35,148.82500000000002,32.916666666666664,13.166666666666666,2.1666666666666665,48.583333333333336,26.5,183.75833333333333,75.14166666666667,-46.0263371374841,-17.72186235574448,50.38783830180037,-20.23191358982957,5.978305773994193,35.5882969119484,46.80851063829788,62.66666666666676,63.78621093442072,27.60356673901216,24.09623034979465,25.86442279922207,-18.481012658227847,5.69620253164557,61.53846153846155,-19.725557461406524,-74.21383647798743,59.12642517482946,21.29939040570313,False
FGOALS-g3,351005,detqm,validation,historical,2003,2014,4380,18.56164383561644,927.8703925881896,13.695503949641177,2.542110664625177,9.39131150304026,17.96365540685881,6.693971324972733,34.50879931558592,52.89364013596399,83.60664403085538,93.36889016465882,191.20710929629868,26.83333333333333,14.166666666666666,3.6666666666666665,39.0,6.833333333333333,304.95340514450345,98.6357243208758,4321,34.390187456607265,1116.3166666666666,9.014670255720054,3.15464012959963,8.682538477501115,12.917248672151468,4.7,21.0,30.75,63.71500000000019,74.35,148.82500000000002,32.916666666666664,13.166666666666666,2.1666666666666665,48.583333333333336,26.5,183.75833333333333,75.14166666666667,-46.0263371374841,-16.881076822151154,51.92462465225508,-19.416777819668184,8.163200513027082,39.06719505669177,42.42492180793048,64.32761578850437,72.01183784053327,31.21971910987229,25.58021541985048,28.477815754274257,-18.481012658227847,7.59493670886076,69.23076923076924,-19.725557461406524,-74.21383647798743,65.95351057702787,31.26635154158917,False
FGOALS-g3,351005,qdm,validation,historical,2003,2014,4380,17.831050228310502,936.7498939172648,14.393084157499588,2.573703843757955,9.54194798145029,18.463102037099954,7.412867312968982,35.2087103649643,60.41808883121239,86.61629985897207,95.03001067037208,193.040258554668,26.83333333333333,13.75,4.5,39.833333333333336,6.833333333333333,315.7651423957072,100.42487685997686,4321,34.390187456607265,1116.3166666666666,9.014670255720054,3.15464012959963,8.682538477501115,12.917248672151468,4.7,21.0,30.75,63.71500000000019,74.35,148.82500000000002,32.916666666666664,13.166666666666666,2.1666666666666665,48.583333333333336,26.5,183.75833333333333,75.14166666666667,-48.15076175199887,-16.085648285229862,59.66290223834624,-18.415294993264546,9.898136428374553,42.933704426585,57.720581126999605,67.66052554744904,96.48158969499964,35.94334122101831,27.81440574360738,29.70956395408565,-18.481012658227847,4.430379746835448,107.69230769230772,-18.010291595197256,-74.21383647798743,71.83718238395022,33.64739074190111,False
FGOALS-g3,351006,raw,validation,historical,2003,2014,4380,9.97716894977169,220.4138083333333,6.05255308924485,0.714075311489526,3.786858960524069,10.581997222792312,2.6731,12.848200000000004,21.795199999999998,59.24395999999999,52.47666666666667,73.8137225,4.583333333333333,2.083333333333333,0.6666666666666666,75.25,5.333333333333333,101.98866666666667,69.28433333333332,4321,30.849340430455914,1029.2583333333332,9.265641410352588,2.9246239296459158,9.08685533163311,14.474928266861166,5.0,20.2,30.37999999999997,82.88000000000022,71.50833333333333,163.71666666666667,28.416666666666668,11.583333333333334,2.333333333333333,49.833333333333336,28.58333333333333,514.9833333333333,344.3333333333333,-67.65840432710917,-78.58518107698909,-34.677451660472464,-75.58402965074627,-58.32596842010594,-26.894302840735403,-46.538,-36.39504950495047,-28.25806451612899,-28.51838803088824,-26.614613681389105,-54.91373969255829,-83.87096774193549,-82.01438848920863,-71.42857142857143,51.00334448160535,-81.34110787172013,-80.19573448978932,-79.87870280735721,False
FGOALS-g3,351006,qm,validation,historical,2003,2014,4380,54.885844748858446,1021.2977174858248,5.0979919342054485,2.798304220390959,4.814556959087828,5.523861440519475,3.3,10.8,15.1736483836317,28.773986542333617,41.44072124390648,98.20960616116923,24.08333333333333,5.25,0.1666666666666666,10.5,15.833333333333334,207.4726795359652,68.55145291246218,4321,30.849340430455914,1029.2583333333332,9.265641410352588,2.9246239296459158,9.08685533163311,14.474928266861166,5.0,20.2,30.37999999999997,82.88000000000022,71.50833333333333,163.71666666666667,28.416666666666668,11.583333333333334,2.333333333333333,49.833333333333336,28.58333333333333,514.9833333333333,344.3333333333333,77.91578031494173,-0.7734322462784751,-44.97961114155125,-4.319177859912051,-47.016247278336,-61.83841923993656,-34.00000000000001,-46.53465346534653,-50.05382362201543,-65.28235214486783,-42.04770365611493,-40.0124567884541,-15.249266862170098,-54.67625899280576,-92.85714285714286,-78.92976588628763,-44.60641399416909,-59.71273901369652,-80.09154320064022,False
FGOALS-g3,351006,detqm,validation,historical,2003,2014,4380,54.90867579908676,980.974213487876,4.894673830292937,2.687600584898291,4.621868105965899,5.301310029391503,3.210701326666289,10.237550515884502,14.520948058665828,26.76971787948121,40.963463717515175,94.22714771629546,20.75,4.833333333333333,0.1666666666666666,10.5,15.833333333333334,190.5340698833029,47.72723042926426,4321,30.849340430455914,1029.2583333333332,9.265641410352588,2.9246239296459158,9.08685533163311,14.474928266861166,5.0,20.2,30.37999999999997,82.88000000000022,71.50833333333333,163.71666666666667,28.416666666666668,11.583333333333334,2.333333333333333,49.833333333333336,28.58333333333333,514.9833333333333,344.3333333333333,77.98978854302617,-4.691156562131998,-47.17393417768065,-8.104404205443293,-49.136770232532726,-63.37591501901741,-35.78597346667422,-49.31905685205693,-52.202277621244775,-67.70062997166852,-42.71511891269291,-42.44498765165705,-26.979472140762464,-58.27338129496403,-92.85714285714286,-78.92976588628763,-44.60641399416909,-63.001895876895134,-86.13923608056218,False
FGOALS-g3,351006,qdm,validation,historical,2003,2014,4380,53.88127853881279,934.165851043166,4.749995852761861,2.5696019530986414,4.578414203842765,5.346034445356126,3.073241892782918,9.975409295549545,14.28111581785324,27.637838743097536,41.3221508199892,93.55791743834313,19.416666666666668,4.833333333333333,0.1666666666666666,11.166666666666666,14.416666666666666,196.0809103793036,50.73903163901113,4321,30.849340430455914,1029.2583333333332,9.265641410352588,2.9246239296459158,9.08685533163311,14.474928266861166,5.0,20.2,30.37999999999997,82.88000000000022,71.50833333333333,163.71666666666667,28.416666666666668,11.583333333333334,2.333333333333333,49.833333333333336,28.58333333333333,514.9833333333333,344.3333333333333,74.65941827922734,-9.238932463359586,-48.73538007358405,-12.139064204068676,-49.61497639448033,-63.06693652088549,-38.53516214434164,-50.61678566559631,-52.99171883524274,-66.65318684471832,-42.213517091263206,-42.85376110861664,-31.67155425219941,-58.27338129496403,-92.85714285714286,-77.59197324414716,-49.56268221574344,-61.92480461258225,-85.2645600273927,False
FGOALS-g3,351007,raw,validation,historical,2003,2014,4380,12.534246575342468,238.425625,5.211489071038251,0.7777094212318818,3.501141866687341,8.667908749992787,2.3032,11.863599999999993,18.743200000000005,52.8192,40.479833333333325,61.61385066666667,5.416666666666667,2.1666666666666665,0.5833333333333334,58.91666666666666,4.583333333333333,100.636,68.41091666666667,4383,33.85808806753365,1182.6,9.562803234501349,3.2811316449920147,9.860763540229142,15.084697866912617,5.2,20.7,29.954999999999973,79.57100000000118,85.41666666666664,172.9416666666667,31.75,13.0,2.5,44.25,27.83333333333333,613.2083333333334,420.60833333333335,-62.980052062179226,-79.83886140706917,-45.502496043880974,-76.29752459280631,-64.49421130114655,-42.5383999966925,-55.70769230769231,-42.68792270531405,-37.42880988148883,-33.62003745083106,-52.608975609756094,-64.37304447549752,-82.93963254593174,-83.33333333333334,-76.66666666666666,33.145009416195855,-83.53293413173652,-83.58861180947204,-83.7352445862144,False
FGOALS-g3,351007,qm,validation,historical,2003,2014,4380,55.54794520547945,1035.4840085513051,5.107196096430605,2.836942489181658,4.365820296309328,4.766578512915903,3.7,10.1,13.529778140183511,25.73106922226343,31.81037985521504,76.74653902568524,21.33333333333333,4.583333333333333,0.0,11.083333333333334,17.75,177.62675642290276,63.43905811334082,4383,33.85808806753365,1182.6,9.562803234501349,3.2811316449920147,9.860763540229142,15.084697866912617,5.2,20.7,29.954999999999973,79.57100000000118,85.41666666666664,172.9416666666667,31.75,13.0,2.5,44.25,27.83333333333333,613.2083333333334,420.60833333333335,64.06108075176311,-12.440046630195756,-46.59310694583251,-13.53768162543316,-55.725332237224734,-68.40123312399179,-28.846153846153847,-51.20772946859904,-54.83298901624595,-67.66275499583635,-62.758579681699466,-55.62287532847189,-32.808398950131235,-64.74358974358975,-100.0,-74.95291902071563,-36.22754491017964,-71.03321224332632,-84.91730831612765,False
FGOALS-g3,351007,detqm,validation,historical,2003,2014,4380,55.25114155251141,968.455889089472,4.802260607055233,2.656166077139568,4.043852065880158,4.393288572210855,3.506782880459608,9.55598334925243,12.628801848255138,24.144224313393373,29.267842902710427,70.91956262647959,18.75,3.583333333333333,0.0,11.166666666666666,17.75,143.24617366636488,47.82710599764892,4383,33.85808806753365,1182.6,9.562803234501349,3.2811316449920147,9.860763540229142,15.084697866912617,5.2,20.7,29.954999999999973,79.57100000000118,85.41666666666664,172.9416666666667,31.75,13.0,2.5,44.25,27.83333333333333,613.2083333333334,420.60833333333335,63.18446996270724,-18.107907230722827,-49.7818736902449,-19.0472567233421,-58.99047726494627,-70.87585968925987,-32.56186768346908,-53.83582923066459,-57.840754971606906,-69.65700529917557,-65.73520830902193,-58.99220587299402,-40.94488188976378,-72.43589743589743,-100.0,-74.76459510357816,-36.22754491017964,-76.63988470481242,-88.62906361873107,False
FGOALS-g3,351007,qdm,validation,historical,2003,2014,4380,55.41095890410959,956.1281992509362,4.72745710383652,2.6208970834784835,4.078110452108833,4.4789102351695504,3.668502552593256,8.901506338469662,11.534713252663597,24.80721991004408,32.54308114726544,73.23930622557052,15.25,4.083333333333333,0.0,11.083333333333334,17.75,147.88460926282244,65.2012521137256,4383,33.85808806753365,1182.6,9.562803234501349,3.2811316449920147,9.860763540229142,15.084697866912617,5.2,20.7,29.954999999999973,79.57100000000118,85.41666666666664,172.9416666666667,31.75,13.0,2.5,44.25,27.83333333333333,613.2083333333334,420.60833333333335,63.656491156814255,-19.150329845177065,-50.56410774216842,-20.122160063929343,-58.64305603241281,-70.30825360451023,-29.45187398859124,-56.99755392043642,-61.49319561788147,-68.82379270080341,-61.90078304710386,-57.65086133538061,-51.968503937007874,-68.58974358974359,-100.0,-74.95291902071563,-36.22754491017964,-75.88346386962195,-84.49834514760947,False
FGOALS-g3,351008,raw,validation,historical,2003,2014,4380,9.97716894977169,220.4138083333333,6.05255308924485,0.714075311489526,3.786858960524069,10.581997222792312,2.6731,12.848200000000004,21.795199999999998,59.24395999999999,52.47666666666667,73.8137225,4.583333333333333,2.083333333333333,0.6666666666666666,75.25,5.333333333333333,101.98866666666667,61.75583333333333,4355,40.34443168771527,1038.25,7.091064314171884,2.950011481056257,7.324940993951135,10.207165336579784,4.0,15.8,23.019999999999985,49.97600000000002,63.82500000000001,128.46666666666667,28.75,9.833333333333334,1.5,38.583333333333336,30.0,411.35833333333335,184.725,-75.27002232427108,-78.77064210610804,-14.645350527303949,-75.79415144398523,-48.30185029952842,3.672242722171152,-33.17250000000001,-18.68227848101264,-5.320590790616806,18.5448215143268,-17.780389084736925,-42.5425097301505,-84.05797101449276,-78.8135593220339,-55.55555555555557,95.03239740820732,-82.22222222222223,-75.2068553369933,-66.56877340190373,True
FGOALS-g3,351008,qm,validation,historical,2003,2014,4380,51.05022831050229,1009.9662833870532,5.4202126120950975,2.7670309133891866,7.221685273107403,9.36988731388053,3.1,10.8,15.3,31.65060976247157,94.13671639212316,146.61614216119943,23.166666666666668,5.25,0.8333333333333334,12.166666666666666,12.833333333333334,264.4861863542946,121.3544832760028,4355,40.34443168771527,1038.25,7.091064314171884,2.950011481056257,7.324940993951135,10.207165336579784,4.0,15.8,23.019999999999985,49.97600000000002,63.82500000000001,128.46666666666667,28.75,9.833333333333334,1.5,38.583333333333336,30.0,411.35833333333335,184.725,26.535995613111805,-2.724172079262888,-23.56277743437607,-6.20270696714556,-1.4096457695563651,-8.20284569799874,-22.5,-31.645569620253163,-33.5360556038227,-36.66838129807997,47.49191757481104,14.127770234457264,-19.42028985507246,-46.61016949152543,-44.44444444444444,-68.46652267818575,-57.22222222222221,-35.70418661241142,-34.305327770468104,True
FGOALS-g3,351008,detqm,validation,historical,2003,2014,4380,50.61643835616438,983.6099979260224,5.324005401494032,2.698794186528161,7.440719236228657,9.769110134265514,3.10967711595272,10.335103355960513,14.485093575692725,29.430684047478064,102.03919015670522,153.10817768719235,19.75,5.0,0.9166666666666666,12.916666666666666,12.833333333333334,263.6440912300659,130.187917095579,4355,40.34443168771527,1038.25,7.091064314171884,2.950011481056257,7.324940993951135,10.207165336579784,4.0,15.8,23.019999999999985,49.97600000000002,63.82500000000001,128.46666666666667,28.75,9.833333333333334,1.5,38.583333333333336,30.0,411.35833333333335,184.725,25.460779192427925,-5.2627018612065966,-24.91951608937303,-8.515807349947918,1.580603070702274,-4.291644035042681,-22.258072101182,-34.58795344328791,-37.07604875893686,-41.11036488018638,59.8733884163027,19.18124884835938,-31.30434782608696,-49.15254237288136,-38.88888888888889,-66.52267818574515,-57.22222222222221,-35.90889745840426,-29.523390393515225,True
FGOALS-g3,351008,qdm,validation,historical,2003,2014,4380,50.06849315068493,918.2435923173558,5.024588740450648,2.5255069009453397,6.423903785883278,8.360995103346252,3.000108294611599,9.84908450387915,14.16415798958318,31.09704259170175,80.4419800252849,130.15265893604078,18.0,4.916666666666667,0.75,12.416666666666666,12.75,244.1233555818928,96.7377815580398,4355,40.34443168771527,1038.25,7.091064314171884,2.950011481056257,7.324940993951135,10.207165336579784,4.0,15.8,23.019999999999985,49.97600000000002,63.82500000000001,128.46666666666667,28.75,9.833333333333334,1.5,38.583333333333336,30.0,411.35833333333335,184.725,24.10261108209041,-11.558527106442977,-29.141966313734745,-14.389929762541913,-12.300948346367916,-18.08700233959517,-24.99729263471002,-37.66402212734716,-38.47020855958649,-37.7760473193098,26.03522134788076,1.3123966808828058,-37.391304347826086,-50.0,-50.0,-67.81857451403889,-57.5,-40.654330835186,-47.63146214208159,True
FGOALS-g3,351009,raw,validation,historical,2003,2014,4380,9.97716894977169,220.4138083333333,6.05255308924485,0.714075311489526,3.786858960524069,10.581997222792312,2.6731,12.848200000000004,21.795199999999998,59.24395999999999,52.47666666666667,73.8137225,4.583333333333333,2.083333333333333,0.6666666666666666,75.25,5.333333333333333,115.27758333333334,88.50658333333335,4383,62.582705909194615,1140.9083333333333,4.991213999270872,3.237782340862424,4.133892245155648,4.364028005110439,3.7,10.0,12.8,20.315999999999985,29.70833333333333,82.75833333333334,23.666666666666668,2.5,0.0833333333333333,35.333333333333336,80.33333333333333,211.24166666666667,75.76666666666667,-84.05762613676656,-80.68084859286095,21.26414716197345,-77.94554308121518,-8.394831409508907,142.48233994833214,-27.754054054054063,28.48200000000004,70.27499999999993,191.61232526087824,76.63955119214587,-10.808108951767204,-80.63380281690141,-16.66666666666666,700.0,112.97169811320754,-93.36099585062242,-45.42857706418399,16.814672239331305,True
FGOALS-g3,351009,qm,validation,historical,2003,2014,4380,60.09132420091324,1071.8165658153105,4.88670166785096,2.936483741959755,4.344002694402023,4.676944482182074,3.7,9.8,12.0,19.23871072469528,43.21723510184305,87.65642096169171,20.75,1.5833333333333333,0.3333333333333333,9.666666666666666,16.583333333333332,170.73873437300418,67.20283120679262,4383,62.582705909194615,1140.9083333333333,4.991213999270872,3.237782340862424,4.133892245155648,4.364028005110439,3.7,10.0,12.8,20.315999999999985,29.70833333333333,82.75833333333334,23.666666666666668,2.5,0.0833333333333333,35.333333333333336,80.33333333333333,211.24166666666667,75.76666666666667,-3.980942773385804,-6.055856154206619,-2.0939260756036324,-9.30570888290205,5.082630044181608,7.170359051435927,0.0,-1.999999999999993,-6.250000000000005,-5.3026642808855495,45.47175910858812,5.918543101429908,-12.323943661971835,-36.66666666666667,300.0,-72.64150943396227,-79.35684647302905,-19.17374206177561,-11.302906458258745,True
FGOALS-g3,351009,detqm,validation,historical,2003,2014,4380,59.7945205479452,1024.374021878352,4.693580856258198,2.8092149028465663,4.305241835182203,4.707818961520442,3.561903578321458,9.133086098260147,11.233695900859985,17.80424079279456,47.43840150732657,88.05930953660805,16.166666666666668,1.4166666666666667,0.5,9.666666666666666,16.333333333333332,153.50023762924187,58.0183071510721,4383,62.582705909194615,1140.9083333333333,4.991213999270872,3.237782340862424,4.133892245155648,4.364028005110439,3.7,10.0,12.8,20.315999999999985,29.70833333333333,82.75833333333334,23.666666666666668,2.5,0.0833333333333333,35.333333333333336,80.33333333333333,211.24166666666667,75.76666666666667,-4.45520103476346,-10.214169539327417,-5.963141293003106,-13.236449918424809,4.1449941088172535,7.877835706081903,-3.732335721041684,-8.66913901739851,-12.236750774531371,-12.363453471182456,59.680453881604166,6.405368486486414,-31.69014084507042,-43.33333333333333,500.00000000000006,-72.64150943396227,-79.66804979253112,-27.334299122217747,-23.425023557757896,True
FGOALS-g3,351009,qdm,validation,historical,2003,2014,4380,59.86301369863013,954.26140148298,4.367329068571991,2.616696497973412,3.770549082840272,4.013799638140643,3.434083097327339,8.204863635506085,10.358825113316202,18.92729812552103,34.93837914050565,75.73085449990872,13.333333333333334,1.25,0.1666666666666666,9.666666666666666,16.5,144.21772809348408,46.630475537141,4383,62.582705909194615,1140.9083333333333,4.991213999270872,3.237782340862424,4.133892245155648,4.364028005110439,3.7,10.0,12.8,20.315999999999985,29.70833333333333,82.75833333333334,23.666666666666668,2.5,0.0833333333333333,35.333333333333336,80.33333333333333,211.24166666666667,75.76666666666667,-4.345756820599389,-16.359502897576053,-12.499663023665578,-19.18244580713778,-8.78937187444024,-8.02534645881431,-7.186943315477333,-17.951363644939153,-19.07167880221717,-6.83550834061309,17.604642268181728,-8.491566408327005,-43.66197183098592,-50.0,100.0,-72.64150943396227,-79.46058091286307,-31.728559820039884,-38.45515767205323,True
FGOALS-g3,351010,raw,validation,historical,2003,2014,4380,9.97716894977169,220.4138083333333,6.05255308924485,0.714075311489526,3.786858960524069,10.581997222792312,2.6731,12.848200000000004,21.795199999999998,59.24395999999999,52.47666666666667,73.8137225,4.583333333333333,2.083333333333333,0.6666666666666666,75.25,5.333333333333333,110.96500000000002,83.45475,4383,61.054072553045856,1118.8166666666668,5.017115097159941,3.183185033082364,4.202766653503559,4.49956492719434,3.7,10.4,12.9,21.45,30.425,87.3,24.416666666666668,2.75,0.25,38.333333333333336,67.5,171.35000000000002,71.28333333333335,-83.65847103630445,-80.29938104247046,20.63811517242337,-77.56726976068785,-9.896045326065789,135.1782315405017,-27.754054054054063,23.54038461538465,68.95503875968987,176.19561771561766,72.47877293892086,-15.448198739977093,-81.22866894197952,-24.24242424242424,166.66666666666666,96.30434782608695,-92.09876543209876,-35.24073533702947,17.07470189385082,True
FGOALS-g3,351010,qm,validation,historical,2003,2014,4380,57.48858447488585,1025.4395918381354,4.886924186678962,2.809423539282563,4.228523460599944,4.577245081586846,3.5,10.2,13.2,20.819741945087525,36.97882083655603,84.84566938050378,23.08333333333333,3.083333333333333,0.1666666666666666,10.25,16.25,170.095649399476,60.17764994771255,4383,61.054072553045856,1118.8166666666668,5.017115097159941,3.183185033082364,4.202766653503559,4.49956492719434,3.7,10.4,12.9,21.45,30.425,87.3,24.416666666666668,2.75,0.25,38.333333333333336,67.5,171.35000000000002,71.28333333333335,-5.839885742367458,-8.34605683044867,-2.5949356943131923,-11.741745764551982,0.6128536085845507,1.7263925657128492,-5.40540540540541,-1.9230769230769331,2.325581395348829,-2.9382659902679444,21.540906611523532,-2.811375280064397,-5.46075085324233,12.121212121212126,-33.333333333333336,-73.26086956521739,-75.92592592592592,-0.7320400353218677,-15.579635331710262,True
FGOALS-g3,351010,detqm,validation,historical,2003,2014,4380,56.0730593607306,972.0531761137348,4.749445485897727,2.6773124352669138,4.063138482339883,4.432183204323407,3.454007944225828,9.563570976121252,12.543502534293795,19.532963768311035,38.425039555737946,81.27379877120343,18.416666666666668,1.75,0.1666666666666666,10.25,16.0,151.76618497880324,41.41102192586424,4383,61.054072553045856,1118.8166666666668,5.017115097159941,3.183185033082364,4.202766653503559,4.49956492719434,3.7,10.4,12.9,21.45,30.425,87.3,24.416666666666668,2.75,0.25,38.333333333333336,67.5,171.35000000000002,71.28333333333335,-8.158363535843716,-13.117742604799597,-5.335129971679038,-15.892026148589926,-3.322291782420938,-1.4975164035014434,-6.648433939842502,-8.042586768064892,-2.763546245784523,-8.937231849365803,26.29429599256516,-6.902865095986903,-24.573378839590443,-36.36363636363637,-33.333333333333336,-73.26086956521739,-76.29629629629629,-11.429130447153067,-41.90644574346846,True
FGOALS-g3,351010,qdm,validation,historical,2003,2014,4380,56.64383561643836,916.9196117314946,4.434919524698885,2.5204677255118866,3.848284141900412,4.20450764776713,3.2310185762373766,8.795347531638896,11.685336424969371,20.37836212830492,33.70529474715713,77.8472458345587,16.0,3.25,0.1666666666666666,10.25,16.0,149.7710094951025,42.27898452693588,4383,61.054072553045856,1118.8166666666668,5.017115097159941,3.183185033082364,4.202766653503559,4.49956492719434,3.7,10.4,12.9,21.45,30.425,87.3,24.416666666666668,2.75,0.25,38.333333333333336,67.5,171.35000000000002,71.28333333333335,-7.223493457829096,-18.04558878593504,-11.604190081081091,-20.81931463873309,-8.434503764505687,-6.557462425843697,-12.675173615206042,-15.42935065731831,-9.41599670566379,-4.995980753823224,10.781576818922389,-10.82789709672542,-34.47098976109215,18.181818181818183,-33.333333333333336,-73.26086956521739,-76.29629629629629,-12.593516489581276,-40.68882226756716,True
FGOALS-g3,351011,raw,validation,historical,2003,2014,4380,9.97716894977169,220.4138083333333,6.05255308924485,0.714075311489526,3.786858960524069,10.581997222792312,2.6731,12.848200000000004,21.795199999999998,59.24395999999999,52.47666666666667,73.8137225,4.583333333333333,2.083333333333333,0.6666666666666666,75.25,5.333333333333333,58.8635,7.997666666666666,4383,25.644535706137347,1097.1833333333334,11.71370106761566,3.0422313483915127,10.2173523319798,17.494523987494723,5.6,27.510000000000016,41.7,87.44099999999995,104.975,174.70000000000002,31.916666666666668,15.75,2.9166666666666665,44.75,9.583333333333334,333.3,124.3,-61.09436698678886,-79.91094089410764,-48.329285045713945,-76.52790896829488,-62.93698369712288,-39.51251700042574,-52.26607142857143,-53.29625590694295,-47.73333333333336,-32.246932217152114,-50.01031991744066,-57.7482985117344,-85.63968668407311,-86.77248677248676,-77.14285714285715,68.15642458100558,-44.34782608695653,-82.33918391839184,-93.5658353445964,True
FGOALS-g3,351011,qm,validation,historical,2003,2014,4380,20.09132420091324,954.7706461025114,13.0195997195797,2.615809989321949,13.437141945274304,27.63856103139453,5.8,26.809025317901984,44.5744740175946,99.86433226967624,184.84166777808937,260.75999801128734,25.666666666666668,11.666666666666666,3.083333333333333,36.833333333333336,7.166666666666667,385.0512387345647,195.713191945874,4383,25.644535706137347,1097.1833333333334,11.71370106761566,3.0422313483915127,10.2173523319798,17.494523987494723,5.6,27.510000000000016,41.7,87.44099999999995,104.975,174.70000000000002,31.916666666666668,15.75,2.9166666666666665,44.75,9.583333333333334,333.3,124.3,-21.654560522595425,-12.97984419779332,11.148471729182164,-14.016730164029806,31.51295471348995,57.98407005043907,3.5714285714285747,-2.548072272257475,6.893223063776003,14.207674054135133,76.08160779051141,49.261590161011625,-19.5822454308094,-25.925925925925927,5.714285714285725,-17.69087523277467,-25.217391304347828,15.526924312800691,57.45228636031696,True
FGOALS-g3,351011,detqm,validation,historical,2003,2014,4380,20.09132420091324,952.2755066374622,12.985575090510848,2.608973990787568,13.20194967307004,27.08108947605477,5.84390124088198,27.22021037405565,46.16522921965628,95.40599730301992,179.49857697642972,257.1723949107016,25.75,12.0,3.083333333333333,36.833333333333336,7.166666666666667,381.7909799803738,188.5323457155313,4383,25.644535706137347,1097.1833333333334,11.71370106761566,3.0422313483915127,10.2173523319798,17.494523987494723,5.6,27.510000000000016,41.7,87.44099999999995,104.975,174.70000000000002,31.916666666666668,15.75,2.9166666666666665,44.75,9.583333333333334,333.3,124.3,-21.654560522595425,-13.207257373809108,10.85800308163473,-14.241433605403351,29.211064120286814,54.79752118670181,4.355379301463934,-1.0533974043779055,10.707983740182923,9.108996126553876,70.99173801041172,47.20801082467177,-19.32114882506528,-23.80952380952381,5.714285714285725,-17.69087523277467,-25.217391304347828,14.548748868999049,51.67525801732205,True
FGOALS-g3,351011,qdm,validation,historical,2003,2014,4380,19.52054794520548,928.8647190140704,13.036697810723794,2.5504878368402863,11.891991731124188,24.255452296389315,6.1057738191191335,28.153754763090014,51.04644280441863,95.53599631988094,152.99232186941808,232.5050410843624,25.666666666666668,11.416666666666666,3.8333333333333335,37.5,7.083333333333333,362.7518861728964,154.2521549896481,4383,25.644535706137347,1097.1833333333334,11.71370106761566,3.0422313483915127,10.2173523319798,17.494523987494723,5.6,27.510000000000016,41.7,87.44099999999995,104.975,174.70000000000002,31.916666666666668,15.75,2.9166666666666665,44.75,9.583333333333334,333.3,124.3,-23.88028323502169,-15.340974402873696,11.294438328853758,-16.163909158691062,16.3901502535334,38.6459689542132,9.031675341413106,2.3400754747001,22.413531905080625,9.257666677966853,45.741673607447545,33.0881746332927,-19.5822454308094,-27.51322751322752,31.42857142857144,-16.201117318435752,-26.086956521739136,8.836449496818592,24.096665317496456,True
FGOALS-g3,351012,raw,validation,historical,2003,2014,4380,9.97716894977169,220.4138083333333,6.05255308924485,0.714075311489526,3.786858960524069,10.581997222792312,2.6731,12.848200000000004,21.795199999999998,59.24395999999999,52.47666666666667,73.8137225,4.583333333333333,2.083333333333333,0.6666666666666666,75.25,5.333333333333333,58.8635,7.997666666666666,4383,21.6746520647958,887.6083333333335,11.211894736842106,2.470910335386721,9.498049970029244,17.855301656627983,4.8,27.2,43.34999999999995,80.77099999999999,100.90833333333336,179.25833333333333,24.416666666666668,12.083333333333334,3.1666666666666665,56.333333333333336,7.583333333333333,285.62499999999994,98.875,-53.96849315068493,-75.1676724906819,-46.016679327569335,-71.10071938819397,-60.13014279274833,-40.73470487201644,-44.31041666666667,-52.76397058823528,-49.722722029988425,-26.65194190984388,-47.99570567346602,-58.822710706150346,-81.22866894197952,-82.75862068965517,-78.94736842105263,33.57988165680473,-29.67032967032967,-79.39133479212254,-91.91133586177834,True
FGOALS-g3,351012,qm,validation,historical,2003,2014,4380,17.511415525114156,847.8298163973335,13.264612512083444,2.322821414787215,13.017782322724782,28.69565819939992,5.5,29.442864916608364,50.86090370245013,108.14809765986908,176.1545284143921,248.6772825437313,21.916666666666668,10.416666666666666,3.25,40.91666666666666,6.833333333333333,364.65489027100097,179.4543475798583,4383,21.6746520647958,887.6083333333335,11.211894736842106,2.470910335386721,9.498049970029244,17.855301656627983,4.8,27.2,43.34999999999995,80.77099999999999,100.90833333333336,179.25833333333333,24.416666666666668,12.083333333333334,3.1666666666666665,56.333333333333336,7.583333333333333,285.62499999999994,98.875,-19.20785868781542,-4.481539372959164,18.30839321471811,-5.993293988805508,37.05742087904285,60.71225651204799,14.583333333333336,8.24582689929546,17.326190778431805,33.89471178996061,74.56886125796557,38.72564690273701,-10.238907849829353,-13.793103448275872,2.6315789473684257,-27.36686390532545,-9.89010989010989,27.669108191160102,81.49617960036238,True
FGOALS-g3,351012,detqm,validation,historical,2003,2014,4380,17.511415525114156,835.2783824663866,13.068240664402396,2.2884339245654424,12.337339738256857,27.001540052877125,5.377580575877736,29.085683608001315,50.800467235335134,103.87528223647392,159.87347905599617,235.1007094434796,21.916666666666668,10.833333333333334,3.5,40.91666666666666,6.833333333333333,361.52179382317,154.57042022968042,4383,21.6746520647958,887.6083333333335,11.211894736842106,2.470910335386721,9.498049970029244,17.855301656627983,4.8,27.2,43.34999999999995,80.77099999999999,100.90833333333336,179.25833333333333,24.416666666666668,12.083333333333334,3.1666666666666665,56.333333333333336,7.583333333333333,285.62499999999994,98.875,-19.20785868781542,-5.895612839778831,16.556933249296108,-7.384987152628496,29.893396825526185,51.22421660601858,12.0329286641195,6.932660323534248,17.1867756293776,28.60467523798631,58.434366890077946,31.15189964770373,-10.238907849829353,-10.344827586206897,10.52631578947369,-27.36686390532545,-9.89010989010989,26.57218164487353,56.329122861876535,True
FGOALS-g3,351012,qdm,validation,historical,2003,2014,4380,17.511415525114156,821.0303506853305,12.845324912938676,2.2493982210557,11.049064103161792,23.6985350095486,5.403334639160507,29.559219339449346,56.48951972602929,101.43069991614404,136.16710512093016,213.9134645577335,21.416666666666668,10.5,3.583333333333333,40.91666666666666,6.833333333333333,344.36471570158693,130.65541409842737,4383,21.6746520647958,887.6083333333335,11.211894736842106,2.470910335386721,9.498049970029244,17.855301656627983,4.8,27.2,43.34999999999995,80.77099999999999,100.90833333333336,179.25833333333333,24.416666666666668,12.083333333333334,3.1666666666666665,56.333333333333336,7.583333333333333,285.62499999999994,98.875,-19.20785868781542,-7.500828929577002,14.568725576143212,-8.964797757274868,16.329816520514427,32.72548101001462,12.569471649177231,8.673600512681407,30.310310786688248,25.578115804117896,34.94138751764487,19.33250777243281,-12.286689419795222,-13.103448275862071,13.157894736842117,-27.36686390532545,-9.89010989010989,20.565327160293045,32.14201173039431,True
FGOALS-g3,351201,raw,validation,historical,2003,2014,4380,9.97716894977169,220.4138083333333,6.05255308924485,0.714075311489526,3.786858960524069,10.581997222792312,2.6731,12.848200000000004,21.795199999999998,59.24395999999999,52.47666666666667,73.8137225,4.583333333333333,2.083333333333333,0.6666666666666666,75.25,5.333333333333333,58.8635,14.148666666666664,4321,26.081925480212917,1034.375,11.013753327417923,2.9156676695209445,9.807500546383295,16.737824153456426,5.1,28.279999999999998,39.870000000000005,79.792,93.48333333333336,169.6833333333333,29.166666666666668,14.916666666666666,3.0,47.833333333333336,8.416666666666666,310.02500000000003,135.35833333333332,-61.74680831236604,-78.69111218529709,-45.04549984629247,-75.50902940845617,-61.38813408559487,-36.77794003704425,-47.58627450980392,-54.56789250353605,-45.33433659393029,-25.75200521355526,-43.865216616152615,-56.49913220705235,-84.28571428571429,-86.03351955307262,-77.77777777777779,57.3170731707317,-36.63366336633664,-81.0133053785985,-89.54725112356091,True
FGOALS-g3,351201,qm,validation,historical,2003,2014,4380,21.32420091324201,914.3129937859044,11.747062018662586,2.504967106262752,10.68511528326884,20.66825223408601,5.25,27.5017383390918,44.09026328778503,78.29026017398797,135.4514937863072,216.8942431626734,25.5,11.916666666666666,3.083333333333333,36.75,7.25,328.3171541604121,141.41219721702765,4321,26.081925480212917,1034.375,11.013753327417923,2.9156676695209445,9.807500546383295,16.737824153456426,5.1,28.279999999999998,39.870000000000005,79.792,93.48333333333336,169.6833333333333,29.166666666666668,14.916666666666666,3.0,47.833333333333336,8.416666666666666,310.02500000000003,135.35833333333332,-18.24146215961072,-11.607203017676907,6.658117986165032,-14.085986806777331,8.948403650195882,23.482311945653564,2.9411764705882426,-2.751986071103948,10.585059663368506,-1.882068159730333,44.893735553190055,27.82295049366866,-12.571428571428577,-20.11173184357542,2.7777777777777826,-23.170731707317078,-13.861386138613854,5.900219066337248,4.472472240616368,True
FGOALS-g3,351201,detqm,validation,historical,2003,2014,4380,21.32420091324201,917.1972452962864,11.784118783249934,2.5128691651953057,10.697807463894192,20.68244803849761,5.209737423207776,27.357738145802976,44.89602894555,78.47797898222636,134.59964907531196,217.4231266533086,25.58333333333333,12.333333333333334,3.083333333333333,36.75,7.25,333.6411771954148,140.27541495554314,4321,26.081925480212917,1034.375,11.013753327417923,2.9156676695209445,9.807500546383295,16.737824153456426,5.1,28.279999999999998,39.870000000000005,79.792,93.48333333333336,169.6833333333333,29.166666666666668,14.916666666666666,3.0,47.833333333333336,8.416666666666666,310.02500000000003,135.35833333333332,-18.24146215961072,-11.328362992504024,6.994576988702321,-13.814966243797604,9.07781664961736,23.56712466851078,2.1517141805446345,-3.2611805311068527,12.606042000376211,-1.6468079729467122,43.9825092622342,28.13463902562143,-12.285714285714294,-17.318435754189935,2.7777777777777826,-23.170731707317078,-13.861386138613854,7.617507360830502,3.632640489227228,True
FGOALS-g3,351201,qdm,validation,historical,2003,2014,4380,20.93607305936073,896.5064751464284,11.731818649680635,2.460046446380782,9.83989638311084,18.81502446141102,5.368636866336796,27.0467110350463,48.45437215936128,78.61476842859737,111.135552785181,197.09810268770005,25.416666666666668,11.5,3.583333333333333,36.75,7.166666666666667,313.60175223794494,116.8532906942156,4321,26.081925480212917,1034.375,11.013753327417923,2.9156676695209445,9.807500546383295,16.737824153456426,5.1,28.279999999999998,39.870000000000005,79.792,93.48333333333336,169.6833333333333,29.166666666666668,14.916666666666666,3.0,47.833333333333336,8.416666666666666,310.02500000000003,135.35833333333332,-19.729572591395105,-13.328679139922324,6.519714950171812,-15.626651415146464,0.3303169505250574,12.41021705635284,5.267389536015608,-4.360993511151676,21.53090584239097,-1.475375440398322,18.882745001085027,16.15643022553781,-12.857142857142856,-22.90502793296089,19.44444444444445,-23.170731707317078,-14.851485148514842,1.153698004336715,-13.671151367937735,True
MIROC6,351001,raw,validation,historical,2003,2014,4383,42.39105635409537,1129.4338333333335,7.294513455328311,3.242773442847365,7.592684901124606,10.364201144496262,3.5055,17.6499,25.918599999999994,51.54051000000007,68.36275,164.9819166666667,32.0,12.5,1.75,35.75,15.75,167.89266666666666,51.72741666666667,4383,22.86105407255305,981.1,11.749700598802397,2.718046999771845,9.121942570414795,16.072904114176634,5.5,28.8,41.374999999999964,74.37000000000003,93.41666666666669,162.36666666666665,28.75,15.0,3.083333333333333,53.833333333333336,8.0,263.3916666666667,90.1,85.42914171656687,15.119134984541176,-37.91745250026359,19.30527482120675,-16.764605318279827,-35.51755755604351,-36.26363636363637,-38.71562500000001,-37.35685800604225,-30.69717628075831,-26.819536128456733,1.610706220488643,11.304347826086955,-16.666666666666668,-43.24324324324324,-33.591331269349844,96.875,-36.25741133293259,-42.58888272290048,True
MIROC6,351001,qm,validation,historical,2003,2014,4383,22.49600730093543,1246.4471943323144,15.169742730210723,3.4128140911350986,13.577839184836495,25.33041022097086,6.9,35.07643369628376,49.34906673813633,157.37177422792232,146.38242882300776,286.83332569500504,33.083333333333336,20.0,3.9166666666666665,59.583333333333336,8.166666666666666,444.9084357876664,206.7926912531194,4383,22.86105407255305,981.1,11.749700598802397,2.718046999771845,9.121942570414795,16.072904114176634,5.5,28.8,41.374999999999964,74.37000000000003,93.41666666666669,162.36666666666665,28.75,15.0,3.083333333333333,53.833333333333336,8.0,263.3916666666667,90.1,-1.5968063872255502,27.04588669170466,29.10748323031244,25.56126113424721,48.84811080562501,57.59697215283526,25.45454545454546,21.79317255654082,19.27266885350181,111.60652713180347,56.69840730384416,76.65776577397152,15.072463768115952,33.333333333333336,27.02702702702701,10.68111455108359,2.083333333333326,68.91515263871915,129.51464068048767,True
MIROC6,351001,detqm,validation,historical,2003,2014,4383,22.49600730093543,1187.0980998897896,14.447441377969044,3.2503251262000545,12.778306367991602,23.758785934201327,6.55679686375876,34.32567241997205,47.94090295074336,89.13424738363334,131.89289939764708,271.6119273193204,32.333333333333336,19.166666666666668,3.9166666666666665,59.583333333333336,8.166666666666666,417.2196487386478,212.4906177478508,4383,22.86105407255305,981.1,11.749700598802397,2.718046999771845,9.121942570414795,16.072904114176634,5.5,28.8,41.374999999999964,74.37000000000003,93.41666666666669,162.36666666666665,28.75,15.0,3.083333333333333,53.833333333333336,8.0,263.3916666666667,90.1,-1.5968063872255502,20.99664660990619,22.960081037653147,19.583109728157343,40.08317054566307,47.81887433301856,19.21448843197745,19.186362569347395,15.869251844697054,19.852423535879115,41.18776028294067,67.28305932210246,12.463768115942038,27.777777777777786,27.02702702702701,10.68111455108359,2.083333333333326,58.40275207592535,135.8386434493349,True
MIROC6,351001,qdm,validation,historical,2003,2014,4383,21.857175450604608,1175.645533437395,14.726248853078015,3.225336830913158,12.090586159801305,22.357950319537245,6.928000192457588,34.66616168155439,48.39464084909472,90.3792662080904,127.28927040739951,254.54337751340407,32.25,18.83333333333333,3.9166666666666665,59.66666666666666,8.083333333333334,398.20446289531975,181.3785130760874,4383,22.86105407255305,981.1,11.749700598802397,2.718046999771845,9.121942570414795,16.072904114176634,5.5,28.8,41.374999999999964,74.37000000000003,93.41666666666669,162.36666666666665,28.75,15.0,3.083333333333333,53.833333333333336,8.0,263.3916666666667,90.1,-4.391217564870263,19.82932763606105,25.33297107654819,18.66376229638025,32.543984644397014,39.10336402627495,25.96363986286523,20.36861694984164,16.965899333159545,21.52651096959846,36.259700703728285,56.77071084791877,12.173913043478262,25.555555555555543,27.02702702702701,10.835913312693489,1.041666666666674,51.18339465130624,101.30800563383728,True
MIROC6,351002,raw,validation,historical,2003,2014,4383,42.39105635409537,1129.4338333333335,7.294513455328311,3.242773442847365,7.592684901124606,10.364201144496262,3.5055,17.6499,25.918599999999994,51.54051000000007,68.36275,164.9819166666667,32.0,12.5,1.75,35.75,15.75,174.99158333333332,51.72741666666667,4260,22.558685446009388,953.3833333333332,11.904890738813735,2.704319248826291,8.907471195086408,15.573592332506047,6.4,27.3,40.5,76.75999999999995,83.525,155.54166666666666,28.916666666666668,14.083333333333334,2.583333333333333,55.5,11.583333333333334,241.15833333333333,104.84166666666664,87.9145682293926,18.465867174798543,-38.72675007805091,19.910896032514284,-14.760488865651032,-33.450157656538,-45.22656250000001,-35.34835164835165,-36.00345679012347,-32.85498957790502,-18.152948219096075,6.069274042325239,10.66282420749279,-11.242603550295865,-32.25806451612903,-35.585585585585584,35.97122302158273,-27.437057258371063,-50.66139416580557,True
MIROC6,351002,qm,validation,historical,2003,2014,4383,24.3212411590235,1231.4115440776486,13.862043648153644,3.3714210652365466,10.320206317372053,17.107582598438974,7.3,33.65914093006746,45.3733102036741,80.63109886302051,89.33891690181683,216.69770124534952,36.333333333333336,20.0,3.583333333333333,58.66666666666666,9.083333333333334,350.9593071366708,120.19456681384104,4260,22.558685446009388,953.3833333333332,11.904890738813735,2.704319248826291,8.907471195086408,15.573592332506047,6.4,27.3,40.5,76.75999999999995,83.525,155.54166666666666,28.916666666666668,14.083333333333334,2.583333333333333,55.5,11.583333333333334,241.15833333333333,104.84166666666664,7.813202224183266,29.162268840198795,16.439906524794598,24.66801272445131,15.860114406712263,9.849944914322029,14.062499999999991,23.29355652039362,12.03286470042988,5.043119936191462,6.960690693584943,39.3181042027428,25.64841498559078,42.01183431952662,38.70967741935484,5.705705705705701,-21.58273381294964,45.53065709388887,14.643891722922868,True
MIROC6,351002,detqm,validation,historical,2003,2014,4383,24.3212411590235,1202.5980937361946,13.537689610538775,3.2925341375392057,10.298035876520672,17.248785593703484,6.895690913647724,34.06825818190767,46.351546272466415,83.3135564830692,89.4619518541162,216.6182918886503,35.333333333333336,19.25,3.75,58.66666666666666,9.083333333333334,365.80594917034455,158.3469916873156,4260,22.558685446009388,953.3833333333332,11.904890738813735,2.704319248826291,8.907471195086408,15.573592332506047,6.4,27.3,40.5,76.75999999999995,83.525,155.54166666666666,28.916666666666668,14.083333333333334,2.583333333333333,55.5,11.583333333333334,241.15833333333333,104.84166666666664,7.813202224183266,26.14003745288128,13.715362094013996,21.750941164517,15.611217268952116,10.756627150826858,7.745170525745679,24.79215451248232,14.44826240115164,8.537723401601436,7.107993839109473,39.26705077223701,22.19020172910663,36.68639053254437,45.16129032258064,5.705705705705701,-21.58273381294964,51.68704481993623,51.03440904918428,True
MIROC6,351002,qdm,validation,historical,2003,2014,4383,24.13871777321469,1209.5492990951886,13.718895641911402,3.313382365703302,10.261727995589414,17.13723058673717,7.052271297240146,34.3268520054222,46.588813931648446,83.7546384698139,88.19324037819611,215.4374186384885,35.583333333333336,19.08333333333333,3.75,58.66666666666666,9.083333333333334,362.0360836727469,151.96901594444793,4260,22.558685446009388,953.3833333333332,11.904890738813735,2.704319248826291,8.907471195086408,15.573592332506047,6.4,27.3,40.5,76.75999999999995,83.525,155.54166666666666,28.916666666666668,14.083333333333334,2.583333333333333,55.5,11.583333333333334,241.15833333333333,104.84166666666664,7.00409751705994,26.86914662816866,15.237476285132402,22.521864500330437,15.203605724260424,10.040318385421015,10.191739019377268,25.73938463524614,15.034108473206038,9.112348188918649,5.58903367637965,38.50785018279468,23.05475504322767,35.50295857988164,45.16129032258064,5.705705705705701,-21.58273381294964,50.12381229734831,44.95097300161954,True
MIROC6,351003,raw,validation,historical,2003,2014,4383,44.19347478895733,1222.171,7.571529168817759,3.487511065480265,8.083239947572128,10.857580939593085,3.515,18.4914,29.713199999999997,54.74331999999998,71.23666666666666,174.64341666666667,32.916666666666664,14.5,2.1666666666666665,30.33333333333333,16.916666666666668,141.98933333333335,46.34241666666667,4323,54.61485079805691,1439.4833333333331,7.316306649724693,4.049201943095073,8.192055563250843,9.96630897017431,4.6,14.3,20.5,56.700000000000045,61.36666666666667,124.44166666666663,38.583333333333336,10.75,2.333333333333333,36.5,77.66666666666667,164.33333333333334,41.266666666666666,-19.08157919836402,-15.096550845789574,3.488406532313268,-13.871643980924077,-1.3283066116745654,8.942849073674523,-23.58695652173912,29.31048951048952,44.94243902439021,-3.450934744268185,16.083650190114064,40.34159244625998,-14.686825053995694,34.88372093023256,-7.142857142857155,-16.894977168949772,-78.21888412017167,-13.59675456389452,12.299878836833615,False
MIROC6,351003,qm,validation,historical,2003,2014,4383,23.705224731918776,1538.4815663355075,17.76879576133406,4.2121329673798975,12.517986188027413,20.503752059804476,10.5,45.94998280810537,56.80105144681362,96.8553912538642,105.98203094106132,261.70605850745227,44.5,25.916666666666668,6.666666666666667,65.33333333333333,8.666666666666666,462.5297778749015,132.63009951092852,4323,54.61485079805691,1439.4833333333331,7.316306649724693,4.049201943095073,8.192055563250843,9.96630897017431,4.6,14.3,20.5,56.700000000000045,61.36666666666667,124.44166666666663,38.583333333333336,10.75,2.333333333333333,36.5,77.66666666666667,164.33333333333334,41.266666666666666,-56.59564315286537,6.877344857680939,142.86565082674176,4.023781144397193,52.80641215597315,105.7306483389694,128.2608695652174,221.32855110563196,177.07829974055426,70.82079586219425,72.70292929015969,110.30420559093469,15.33477321814254,141.08527131782947,185.7142857142857,78.99543378995433,-88.8412017167382,181.45828268249585,221.3976563269673,False
MIROC6,351003,detqm,validation,historical,2003,2014,4383,23.705224731918776,1512.1574818869906,17.464763987145226,4.140061552051994,12.601141302726218,20.91416935138677,9.496792690574194,45.70052255559744,59.39132086247014,83.99102796670647,104.77830634922192,263.120325804632,42.083333333333336,24.75,7.5,65.33333333333333,8.666666666666666,478.25178982570577,116.15724930629308,4323,54.61485079805691,1439.4833333333331,7.316306649724693,4.049201943095073,8.192055563250843,9.96630897017431,4.6,14.3,20.5,56.700000000000045,61.36666666666667,124.44166666666663,38.583333333333336,10.75,2.333333333333333,36.5,77.66666666666667,164.33333333333334,41.266666666666666,-56.59564315286537,5.048627300558573,138.7101145876986,2.2438892955650034,53.82148235485994,109.84869537935852,106.45201501248248,219.58407381536668,189.7137603047324,48.13232445627232,70.74140089498411,111.44069575139518,9.071274298056156,130.2325581395349,221.4285714285714,78.99543378995433,-88.8412017167382,191.02542991422257,181.4796025192886,False
MIROC6,351003,qdm,validation,historical,2003,2014,4383,23.591147615788277,1540.8324493585965,17.882001346521427,4.219708826660765,12.663055521460125,20.87317484854597,10.264094216968784,47.31072906285095,59.460647764412144,86.68150177698705,105.68063069238252,265.13280363043424,43.41666666666666,24.666666666666668,7.416666666666667,65.33333333333333,8.666666666666666,499.7138973596345,129.84651738583756,4323,54.61485079805691,1439.4833333333331,7.316306649724693,4.049201943095073,8.192055563250843,9.96630897017431,4.6,14.3,20.5,56.700000000000045,61.36666666666667,124.44166666666663,38.583333333333336,10.75,2.333333333333333,36.5,77.66666666666667,164.33333333333334,41.266666666666666,-56.8045187873559,7.040659219761459,144.41295591668938,4.210876265542896,54.57726603156801,109.43736453497588,123.13248297758226,230.8442591807758,190.0519403142056,52.87742817810754,72.21178276868415,113.0579015311867,12.526997840172774,129.45736434108528,217.8571428571429,78.99543378995433,-88.8412017167382,204.08553591864165,214.65230384290203,False
MIROC6,351004,raw,validation,historical,2003,2014,4383,42.39105635409537,1129.4338333333335,7.294513455328311,3.242773442847365,7.592684901124606,10.364201144496262,3.5055,17.6499,25.918599999999994,51.54051000000007,68.36275,164.9819166666667,32.0,12.5,1.75,35.75,15.75,174.99158333333332,57.70625,4293,20.17237363149313,983.225,13.624364896073905,2.752830188679245,9.574806251378996,17.511262631813235,7.8,33.95,43.05,93.17500000000024,98.99166666666667,153.82500000000002,28.33333333333333,14.666666666666666,2.5,58.75,6.75,271.5083333333334,130.24166666666667,110.14411654518638,14.870333172298658,-46.45979088955293,17.797801556484146,-20.701425159061763,-40.81408427015818,-55.05769230769232,-48.01207658321061,-39.794192799070856,-44.68418567212242,-30.94090411650812,7.252993119887331,12.94117647058824,-14.772727272727268,-30.0,-39.14893617021277,133.33333333333334,-35.54835640403918,-55.69294260669268,True
MIROC6,351004,qm,validation,historical,2003,2014,4383,25.69016655258955,1384.415420866702,14.753983170870717,3.79032284973772,11.845778471071222,19.61300992137305,8.0,34.77228035444951,45.26589635854344,89.57781900679967,112.8369164584104,248.1136184795391,40.333333333333336,22.666666666666668,3.5,53.0,9.166666666666666,392.1739858110288,161.9300265424874,4293,20.17237363149313,983.225,13.624364896073905,2.752830188679245,9.574806251378996,17.511262631813235,7.8,33.95,43.05,93.17500000000024,98.99166666666667,153.82500000000002,28.33333333333333,14.666666666666666,2.5,58.75,6.75,271.5083333333334,130.24166666666667,27.35321594719045,40.80352115402905,8.291162805851823,37.6882186676485,23.71820546619575,12.002260109682249,2.5641025641025665,2.4220334446229854,5.147262156895346,-3.860671846740604,13.986278095877168,61.29603021585507,42.35294117647061,54.54545454545456,40.0,-9.787234042553193,35.80246913580246,44.44270678408719,24.33043179409104,True
MIROC6,351004,detqm,validation,historical,2003,2014,4383,25.69016655258955,1351.865024815889,14.407087298215512,3.70120472228854,11.646083546648342,19.337040826271927,7.821405360361748,36.64887083140933,46.92843216217049,83.92301577782334,108.584674253225,244.73971665361137,38.583333333333336,21.33333333333333,3.75,53.0,9.166666666666666,418.3532938139485,169.34101216563909,4293,20.17237363149313,983.225,13.624364896073905,2.752830188679245,9.574806251378996,17.511262631813235,7.8,33.95,43.05,93.17500000000024,98.99166666666667,153.82500000000002,28.33333333333333,14.666666666666666,2.5,58.75,6.75,271.5083333333334,130.24166666666667,27.35321594719045,37.49294666184129,5.745019368698539,34.45089121404567,21.63257658577721,10.426308101517172,0.2744276969454887,7.949545895167392,9.009133942324022,-9.92968523979273,9.69072237046047,59.10269244505857,36.17647058823531,45.45454545454545,50.0,-9.787234042553193,35.80246913580246,54.08488154959582,30.02061206652178,True
MIROC6,351004,qdm,validation,historical,2003,2014,4383,24.982888432580424,1352.268143489923,14.81937691495806,3.7093425081545055,11.385047306697237,18.827382275234413,8.071074325205492,37.14266693039016,47.10275154519972,81.64440865084934,105.50751512663555,238.6849964797626,39.16666666666666,21.416666666666668,3.8333333333333335,55.833333333333336,9.083333333333334,413.27133743625626,161.3994023286964,4293,20.17237363149313,983.225,13.624364896073905,2.752830188679245,9.574806251378996,17.511262631813235,7.8,33.95,43.05,93.17500000000024,98.99166666666667,153.82500000000002,28.33333333333333,14.666666666666666,2.5,58.75,6.75,271.5083333333334,130.24166666666667,23.847043927329967,37.53394629814365,8.771139264102652,34.746506464831256,18.90629437078712,7.515846635925294,3.4753118616088763,9.404026304536554,9.414057015562648,-12.37519865752709,6.582219169932377,55.16658311702426,38.23529411764706,46.02272727272729,53.333333333333336,-4.964539007092194,34.56790123456791,52.21313186320476,23.92301669616461,True
MIROC6,351005,raw,validation,historical,2003,2014,4383,42.39105635409537,1129.4338333333335,7.294513455328311,3.242773442847365,7.592684901124606,10.364201144496262,3.5055,17.6499,25.918599999999994,51.54051000000007,68.36275,164.9819166666667,32.0,12.5,1.75,35.75,15.75,149.42600000000004,38.99183333333334,4321,34.390187456607265,1116.3166666666666,9.014670255720054,3.15464012959963,8.682538477501115,12.917248672151468,4.7,21.0,30.75,63.71500000000019,74.35,148.82500000000002,32.916666666666664,13.166666666666666,2.1666666666666665,48.583333333333336,26.5,183.75833333333333,75.14166666666667,23.2649761144321,1.1750399378910008,-19.081749543753485,2.7937675813095275,-12.552245857598262,-19.76463868160538,-25.41489361702129,-15.952857142857148,-15.711869918699206,-19.107729733971723,-8.05279085406858,10.85631894282996,-2.784810126582272,-5.063291139240501,-19.230769230769223,-26.415094339622645,-40.56603773584906,-18.683415718107995,-48.108905400909386,False
MIROC6,351005,qm,validation,historical,2003,2014,4383,23.84211727127538,1326.8736403181076,15.236826491691188,3.632782040569768,10.937047799657211,18.03055392711908,8.4,37.30284885789511,51.83816472024174,88.58522217801139,86.72458109010388,227.4026039044907,38.91666666666666,21.416666666666668,4.5,59.5,9.083333333333334,369.9675559677039,119.55282935208766,4321,34.390187456607265,1116.3166666666666,9.014670255720054,3.15464012959963,8.682538477501115,12.917248672151468,4.7,21.0,30.75,63.71500000000019,74.35,148.82500000000002,32.916666666666664,13.166666666666666,2.1666666666666665,48.583333333333336,26.5,183.75833333333333,75.14166666666667,-30.67174378924568,18.86176028170988,69.0225605537042,15.156781481468732,25.966015906502,39.585095748690485,78.72340425531915,77.63261360902432,68.5793974642008,39.03354340110042,16.64368673853919,52.79865876330634,18.227848101265824,62.65822784810128,107.69230769230772,22.46998284734133,-65.72327044025157,101.33375681884934,59.103244119446806,False
MIROC6,351005,detqm,validation,historical,2003,2014,4383,23.84211727127538,1300.691584780605,14.936171308485411,3.5610994792076784,11.05928224087894,18.528401175494537,7.978750663618532,37.77020909559736,50.99864425009594,89.29715070343788,89.7555513039318,231.84499579520696,36.66666666666666,21.33333333333333,4.5,59.5,9.083333333333334,383.1205468790608,163.6160495011957,4321,34.390187456607265,1116.3166666666666,9.014670255720054,3.15464012959963,8.682538477501115,12.917248672151468,4.7,21.0,30.75,63.71500000000019,74.35,148.82500000000002,32.916666666666664,13.166666666666666,2.1666666666666665,48.583333333333336,26.5,183.75833333333333,75.14166666666667,-30.67174378924568,16.516363467409615,65.68738383978054,12.884491825051192,27.373835077571307,43.4392233652686,69.76065241741557,79.85813855046361,65.84924959380794,40.150907484011015,20.72031110145501,55.78363567626872,11.39240506329114,62.0253164556962,107.69230769230772,22.46998284734133,-65.72327044025157,108.49152249552084,117.74343950475198,False
MIROC6,351005,qdm,validation,historical,2003,2014,4383,23.454255076431668,1311.108874416382,15.304772853109515,3.593492581195384,11.131214395089916,18.689642751469812,8.292720767273394,38.02053349983166,51.235544677572776,91.59329605262364,92.17304057528132,233.55786731439767,37.25,21.33333333333333,4.5,59.583333333333336,8.75,386.1226005916961,153.84298993069805,4321,34.390187456607265,1116.3166666666666,9.014670255720054,3.15464012959963,8.682538477501115,12.917248672151468,4.7,21.0,30.75,63.71500000000019,74.35,148.82500000000002,32.916666666666664,13.166666666666666,2.1666666666666665,48.583333333333336,26.5,183.75833333333333,75.14166666666667,-31.79957188071249,17.44954756712241,69.77629152212442,13.91133167545964,28.202304244709136,44.68748899882339,76.44086738879562,81.05015952300789,66.61965748804154,43.75468265341501,23.97180978518,56.93456564044861,13.164556962025326,62.0253164556962,107.69230769230772,22.641509433962263,-66.98113207547169,110.12521913293516,104.73726063750436,False
MIROC6,351006,raw,validation,historical,2003,2014,4383,44.19347478895733,1222.171,7.571529168817759,3.487511065480265,8.083239947572128,10.857580939593085,3.515,18.4914,29.713199999999997,54.74331999999998,71.23666666666666,174.64341666666667,32.916666666666664,14.5,2.1666666666666665,30.33333333333333,16.916666666666668,589.9879999999999,372.4335,4321,30.849340430455914,1029.2583333333332,9.265641410352588,2.9246239296459158,9.08685533163311,14.474928266861166,5.0,20.2,30.37999999999997,82.88000000000022,71.50833333333333,163.71666666666667,28.416666666666668,11.583333333333334,2.333333333333333,49.833333333333336,28.58333333333333,514.9833333333333,344.3333333333333,43.25581737665763,18.74288120086472,-18.283809684691462,19.246479184162947,-11.044694203144203,-24.99043353154032,-29.7,-8.458415841584143,-2.1948650427912484,-33.94869691119711,-0.3799091015033136,6.6741830398045385,15.835777126099694,25.17985611510791,-7.142857142857155,-39.1304347826087,-40.81632653061224,14.564484287517384,8.160745401742515,False
MIROC6,351006,qm,validation,historical,2003,2014,4383,58.84097650011408,1249.1292566270076,5.812156292952342,3.419929518485989,5.482382121346922,6.097514968739389,3.8,12.5,19.7,31.339899643384737,37.42434359731059,111.11991417975852,31.58333333333333,9.666666666666666,0.0,22.58333333333333,27.5,344.6914487540395,108.99991619982204,4321,30.849340430455914,1029.2583333333332,9.265641410352588,2.9246239296459158,9.08685533163311,14.474928266861166,5.0,20.2,30.37999999999997,82.88000000000022,71.50833333333333,163.71666666666667,28.416666666666668,11.583333333333334,2.333333333333333,49.833333333333336,28.58333333333333,514.9833333333333,344.3333333333333,90.73657873742904,21.362073657602103,-37.27194874541157,16.93570184594779,-39.6668933171888,-57.87533550201412,-24.000000000000004,-38.11881188118812,-35.15470704410792,-62.18641452294322,-47.66436042795395,-32.12669397551145,11.143695014662748,-16.54676258992807,-100.0,-54.68227424749165,-3.7900874635568473,-33.0674554993936,-68.34465163606329,False
MIROC6,351006,detqm,validation,historical,2003,2014,4383,58.84097650011408,1284.6940293417294,5.977637980651707,3.517300559457165,5.650476179447047,6.289455915825525,3.938101202775939,12.68943720894469,20.15668382400524,32.24147013159603,38.89453965967143,115.12454219376916,32.916666666666664,10.916666666666666,0.0,22.58333333333333,27.5,354.4237262441773,118.96549260158868,4321,30.849340430455914,1029.2583333333332,9.265641410352588,2.9246239296459158,9.08685533163311,14.474928266861166,5.0,20.2,30.37999999999997,82.88000000000022,71.50833333333333,163.71666666666667,28.416666666666668,11.583333333333334,2.333333333333333,49.833333333333336,28.58333333333333,514.9833333333333,344.3333333333333,90.73657873742904,24.817452308707363,-35.48597753877205,20.26505438198357,-37.81703380071827,-56.54931202509255,-21.237975944481224,-37.18100391611539,-33.651468650410614,-61.09861229295856,-45.60838178346845,-29.68062168760919,15.835777126099694,-5.755395683453247,-100.0,-54.68227424749165,-3.7900874635568473,-31.17763172060378,-65.45048617572449,False
MIROC6,351006,qdm,validation,historical,2003,2014,4383,58.15651380333105,1273.817501968966,5.996786984553782,3.494334776506796,5.699579169770051,6.394070062371412,3.822037687472191,12.772741227255022,20.3354396601941,33.827447724004564,38.920640465288336,117.094675840312,32.416666666666664,11.083333333333334,0.0,22.666666666666668,25.33333333333333,361.4677147185624,127.02231639725908,4321,30.849340430455914,1029.2583333333332,9.265641410352588,2.9246239296459158,9.08685533163311,14.474928266861166,5.0,20.2,30.37999999999997,82.88000000000022,71.50833333333333,163.71666666666667,28.416666666666668,11.583333333333334,2.333333333333333,49.833333333333336,28.58333333333333,514.9833333333333,344.3333333333333,88.51785157103785,23.7607178601711,-35.27931074632873,19.47979844813262,-37.27665994715787,-55.82658549673115,-23.55924625055619,-36.76860778586622,-33.06306892628664,-59.18502929053514,-45.57188141435029,-28.47724167343255,14.076246334310838,-4.316546762589928,-100.0,-54.51505016722408,-11.370262390670554,-29.80982270263199,-63.11065351483279,False
MIROC6,351007,raw,validation,historical,2003,2014,4383,44.19347478895733,1222.171,7.571529168817759,3.487511065480265,8.083239947572128,10.857580939593085,3.515,18.4914,29.713199999999997,54.74331999999998,71.23666666666666,174.64341666666667,32.916666666666664,14.5,2.1666666666666665,30.33333333333333,16.916666666666668,604.72525,409.2724166666667,4383,33.85808806753365,1182.6,9.562803234501349,3.2811316449920147,9.860763540229142,15.084697866912617,5.2,20.7,29.954999999999973,79.57100000000118,85.41666666666664,172.9416666666667,31.75,13.0,2.5,44.25,27.83333333333333,613.2083333333334,420.60833333333335,30.52560646900269,3.3461018095721213,-20.823120761277742,6.289885405946654,-18.0262267258029,-28.022549504232764,-32.40384615384615,-10.669565217391291,-0.8072108162242706,-31.2019202975969,-16.600975609756077,0.9840023129186,3.674540682414691,11.538461538461538,-13.33333333333334,-31.45009416195857,-39.22155688622754,-1.383393354623917,-2.6951241257702128,False
MIROC6,351007,qm,validation,historical,2003,2014,4383,59.84485512206251,1251.2970812829071,5.724576811054093,3.425864698926508,5.165276907683784,5.605777562231027,3.9,11.980000000000018,18.3,28.379676847710297,34.46329618797733,103.74066328071814,31.58333333333333,8.583333333333334,0.0,21.83333333333333,27.666666666666668,318.0847119396934,101.91097435148096,4383,33.85808806753365,1182.6,9.562803234501349,3.2811316449920147,9.860763540229142,15.084697866912617,5.2,20.7,29.954999999999973,79.57100000000118,85.41666666666664,172.9416666666667,31.75,13.0,2.5,44.25,27.83333333333333,613.2083333333334,420.60833333333335,76.75202156334232,5.8089870863273285,-40.13704276168137,4.411071227678387,-47.617880840455136,-62.83798580727981,-25.000000000000004,-42.12560386473421,-38.90836254381567,-64.33414579720014,-59.65272641407531,-40.01407221275876,-0.5249343832021035,-33.97435897435897,-100.0,-50.65913370998118,-0.5988023952095723,-48.1277904018982,-75.77057650193626,False
MIROC6,351007,detqm,validation,historical,2003,2014,4383,59.84485512206251,1289.8328327607094,5.900874568482086,3.5313698364427366,5.332307475615963,5.790666567709926,4.042356568324292,12.3776802150466,18.98516250457517,29.059790741238967,35.79401246872545,107.13041108374922,32.916666666666664,9.083333333333334,0.0,21.83333333333333,27.666666666666668,331.5080887529079,112.7671042296208,4383,33.85808806753365,1182.6,9.562803234501349,3.2811316449920147,9.860763540229142,15.084697866912617,5.2,20.7,29.954999999999973,79.57100000000118,85.41666666666664,172.9416666666667,31.75,13.0,2.5,44.25,27.83333333333333,613.2083333333334,420.60833333333335,76.75202156334232,9.067548855125082,-38.29346454403141,7.626581878622883,-45.92399002509646,-61.61231322762249,-22.262373686071303,-40.20444340557197,-36.62105656960377,-63.47941996300344,-58.09481467076044,-38.05401951501033,3.674540682414691,-30.128205128205124,-100.0,-50.65913370998118,-0.5988023952095723,-45.93875022035884,-73.18952210577042,False
MIROC6,351007,qdm,validation,historical,2003,2014,4383,58.40748345881816,1275.20051688616,5.977502422903875,3.5055336550282097,5.384678617632606,5.910126827124772,4.023186528059595,12.297572228858916,19.14016680139174,30.493171340296204,35.582186711185805,108.85127576510094,32.416666666666664,9.75,0.0,22.666666666666668,26.166666666666668,343.6543448736643,116.1029108545678,4383,33.85808806753365,1182.6,9.562803234501349,3.2811316449920147,9.860763540229142,15.084697866912617,5.2,20.7,29.954999999999973,79.57100000000118,85.41666666666664,172.9416666666667,31.75,13.0,2.5,44.25,27.83333333333333,613.2083333333334,420.60833333333335,72.5067385444744,7.830248341464549,-37.49215291455727,6.839165090455891,-45.392883668038166,-60.820383150740575,-22.63102830654625,-40.59143850792794,-36.103599394452495,-61.67803428347545,-58.34280580153856,-37.058964526516114,2.099737532808392,-25.0,-100.0,-48.7758945386064,-5.9880239520958005,-43.95797868473233,-72.39643115616639,False
MIROC6,351008,raw,validation,historical,2003,2014,4383,42.39105635409537,1129.4338333333335,7.294513455328311,3.242773442847365,7.592684901124606,10.364201144496262,3.5055,17.6499,25.918599999999994,51.54051000000007,68.36275,164.9819166666667,32.0,12.5,1.75,35.75,15.75,518.8734166666667,257.08433333333335,4355,40.34443168771527,1038.25,7.091064314171884,2.950011481056257,7.324940993951135,10.207165336579784,4.0,15.8,23.019999999999985,49.97600000000002,63.82500000000001,128.46666666666667,28.75,9.833333333333334,1.5,38.583333333333336,30.0,411.35833333333335,184.725,5.072880149166377,8.782454450597976,2.869091749031561,9.924095674579686,3.6552363683826417,1.5384859825254564,-12.36250000000001,11.708227848101254,12.591659426585643,3.130522650872514,7.10967489228358,28.42391022314481,11.304347826086955,27.118644067796605,16.666666666666668,-7.343412526997847,-47.5,26.136600287664848,39.171380881490514,True
MIROC6,351008,qm,validation,historical,2003,2014,4383,54.52886151038102,1270.968034003003,6.381429459429303,3.4797208323148605,7.934520342334608,9.846459004750113,3.7,13.2,18.350192307692225,41.26425145348835,84.22502171049872,171.08161666405655,32.666666666666664,8.333333333333334,1.1666666666666667,22.166666666666668,20.83333333333333,411.4114403897199,188.40496140911043,4355,40.34443168771527,1038.25,7.091064314171884,2.950011481056257,7.324940993951135,10.207165336579784,4.0,15.8,23.019999999999985,49.97600000000002,63.82500000000001,128.46666666666667,28.75,9.833333333333334,1.5,38.583333333333336,30.0,411.35833333333335,184.725,35.15833345344868,22.414450662461157,-10.00745196069279,17.956179311849326,8.321969404079256,-3.533854110670624,-7.499999999999996,-16.45569620253165,-20.285871817149264,-17.431864387929544,31.962431195454304,33.17199013808242,13.623188405797093,-15.254237288135592,-22.222222222222214,-42.54859611231102,-30.55555555555556,0.0129101690869329,1.9921296029830469,True
MIROC6,351008,detqm,validation,historical,2003,2014,4383,54.506046087154914,1286.505493928889,6.462145637148041,3.5224882334352423,7.654766504918966,9.40849345112282,3.792476060507779,13.49675303886592,19.2072079002072,40.59871568973748,77.98416846681421,166.13775366564042,34.333333333333336,8.833333333333334,1.0,22.166666666666668,20.83333333333333,417.1778675999917,173.41398666967507,4355,40.34443168771527,1038.25,7.091064314171884,2.950011481056257,7.324940993951135,10.207165336579784,4.0,15.8,23.019999999999985,49.97600000000002,63.82500000000001,128.46666666666667,28.75,9.833333333333334,1.5,38.583333333333336,30.0,411.35833333333335,184.725,35.10178184949325,23.91095535072373,-8.869171807776654,19.40591608050315,4.502773622889207,-7.824619854003288,-5.188098487305526,-14.577512412241015,-16.562954386588977,-18.763575136590635,22.18436109175746,29.323627658775624,19.420289855072472,-10.169491525423728,-33.333333333333336,-42.54859611231102,-30.55555555555556,1.4147116504244148,-6.12316325907426,True
MIROC6,351008,qdm,validation,historical,2003,2014,4383,54.1181838923112,1271.055011089128,6.430295165712283,3.484052115949511,7.36065187865376,9.0109782939746,3.810046222624424,13.735383998411187,19.58940853933813,38.12656986354505,74.59837731757055,158.67565080851963,34.75,8.833333333333334,1.0,22.416666666666668,20.83333333333333,409.489877678634,166.7913600958725,4355,40.34443168771527,1038.25,7.091064314171884,2.950011481056257,7.324940993951135,10.207165336579784,4.0,15.8,23.019999999999985,49.97600000000002,63.82500000000001,128.46666666666667,28.75,9.833333333333334,1.5,38.583333333333336,30.0,411.35833333333335,184.725,34.14040458225115,22.422827940200136,-9.318335290500997,18.10300191448881,0.487524537496132,-11.71909147310826,-4.748844434389399,-13.067189883473503,-14.902656214864685,-23.7102411886805,16.879557097642834,23.51503695525659,20.869565217391305,-10.169491525423728,-33.333333333333336,-41.90064794816415,-30.55555555555556,-0.4542160698578318,-9.708290650495323,True
MIROC6,351009,raw,validation,historical,2003,2014,4383,42.39105635409537,1129.4338333333335,7.294513455328311,3.242773442847365,7.592684901124606,10.364201144496262,3.5055,17.6499,25.918599999999994,51.54051000000007,68.36275,164.9819166666667,32.0,12.5,1.75,35.75,15.75,612.3929166666666,450.54124999999993,4383,62.582705909194615,1140.9083333333333,4.991213999270872,3.237782340862424,4.133892245155648,4.364028005110439,3.7,10.0,12.8,20.315999999999985,29.70833333333333,82.75833333333334,23.666666666666668,2.5,0.0833333333333333,35.333333333333336,80.33333333333333,211.24166666666667,75.76666666666667,-32.263944586219466,-1.0057337355469522,46.14707877470113,0.15415186876374,83.66915368977473,137.4916277429796,-5.256756756756771,76.499,102.48906249999996,153.69418192557643,130.1130434782609,99.35384150639416,35.2112676056338,400.0,2000.0,1.1792452830188611,-80.39419087136929,189.90157402658875,494.64309282886046,True
MIROC6,351009,qm,validation,historical,2003,2014,4383,63.67784622404746,1268.5733246637808,5.454274416325823,3.4731644754655187,4.718265335022561,4.91483042091289,4.1,10.9,13.700573144868404,21.316760790262485,38.78406578601919,96.30764228675672,30.416666666666668,2.833333333333333,0.3333333333333333,17.666666666666668,28.83333333333333,277.7582242596606,97.3877011841739,4383,62.582705909194615,1140.9083333333333,4.991213999270872,3.237782340862424,4.133892245155648,4.364028005110439,3.7,10.0,12.8,20.315999999999985,29.70833333333333,82.75833333333334,23.666666666666668,2.5,0.0833333333333333,35.333333333333336,80.33333333333333,211.24166666666667,75.76666666666667,1.7499088589135996,11.189767626418789,9.277510784402272,7.269856643309704,14.136147127485437,12.621422574681947,10.810810810810796,9.000000000000004,7.035727694284399,4.9259735689235145,30.549450051116494,16.37213849975639,28.52112676056338,13.33333333333334,300.0,-50.0,-64.10788381742739,31.488369999444835,28.5363412021653,True
MIROC6,351009,detqm,validation,historical,2003,2014,4383,63.67784622404746,1328.6480890320668,5.712567921313078,3.6376402163780064,4.827921265414026,4.975102199568129,4.254840209579212,11.420886878344202,14.572586330810111,21.669241708671496,37.557398693835886,96.8271687215226,34.416666666666664,3.5,0.25,17.666666666666668,28.83333333333333,326.2731958432359,107.09307013952878,4383,62.582705909194615,1140.9083333333333,4.991213999270872,3.237782340862424,4.133892245155648,4.364028005110439,3.7,10.0,12.8,20.315999999999985,29.70833333333333,82.75833333333334,23.666666666666668,2.5,0.0833333333333333,35.333333333333336,80.33333333333333,211.24166666666667,75.76666666666667,1.7499088589135996,16.455288318407128,14.452474330845837,12.349745394221774,16.78875449817745,14.002526879802325,14.995681339978706,14.208868783442025,13.848330709453988,6.660965291747945,26.42041636073791,16.99990178816545,45.42253521126759,40.0,200.00000000000003,-50.0,-64.10788381742739,54.45494300046671,41.34589107724872,True
MIROC6,351009,qdm,validation,historical,2003,2014,4383,62.0351357517682,1306.707248662231,5.767005143047728,3.593776645865681,4.748543119180126,4.8871049727463545,4.274157303370787,11.59313244132614,15.204697175318833,21.66129568244183,33.99762593704571,93.7681036549512,34.75,3.6666666666666665,0.1666666666666666,18.08333333333333,28.58333333333333,341.30515600911,103.96271862386516,4383,62.582705909194615,1140.9083333333333,4.991213999270872,3.237782340862424,4.133892245155648,4.364028005110439,3.7,10.0,12.8,20.315999999999985,29.70833333333333,82.75833333333334,23.666666666666668,2.5,0.0833333333333333,35.333333333333336,80.33333333333333,211.24166666666667,75.76666666666667,-0.8749544294567998,14.532185495086315,15.543135275109131,10.995004219722633,14.86857512420078,11.986104741385102,15.517764955967207,15.931324413261407,18.78669668217836,6.621853132712368,14.438011569298332,13.303518664728042,46.83098591549295,46.66666666666666,100.0,-48.82075471698114,-64.41908713692946,61.57094449916444,37.21432286475824,True
MIROC6,351010,raw,validation,historical,2003,2014,4383,44.19347478895733,1222.171,7.571529168817759,3.487511065480265,8.083239947572128,10.857580939593085,3.515,18.4914,29.713199999999997,54.74331999999998,71.23666666666666,174.64341666666667,32.916666666666664,14.5,2.1666666666666665,30.33333333333333,16.916666666666668,641.8990833333334,501.3636666666667,4383,61.054072553045856,1118.8166666666668,5.017115097159941,3.183185033082364,4.202766653503559,4.49956492719434,3.7,10.4,12.9,21.45,30.425,87.3,24.416666666666668,2.75,0.25,38.333333333333336,67.5,171.35000000000002,71.28333333333335,-27.61584454409567,9.2378256789167,50.91400181558134,9.56042546176506,92.33140009887732,141.3029062870579,-5.000000000000002,77.80192307692309,130.33488372093018,155.21361305361296,134.13859216652975,100.04973272241314,34.81228668941978,427.27272727272725,766.6666666666666,-20.86956521739131,-74.93827160493827,274.6128294912946,603.3392564881925,True
MIROC6,351010,qm,validation,historical,2003,2014,4383,60.93999543691535,1220.1161600935732,5.481615095890258,3.3404959893047863,4.640424331425371,4.85794438493789,4.0,11.4,15.7,22.532574712643687,30.935059273500105,90.9930998929974,30.416666666666668,3.9166666666666665,0.0,18.166666666666668,28.5,274.36697009080194,87.17130904240094,4383,61.054072553045856,1118.8166666666668,5.017115097159941,3.183185033082364,4.202766653503559,4.49956492719434,3.7,10.4,12.9,21.45,30.425,87.3,24.416666666666668,2.75,0.25,38.333333333333336,67.5,171.35000000000002,71.28333333333335,-0.1868460388639733,9.054163782589312,9.258308604346322,4.941935658389735,10.413561208709185,7.964758005325949,8.108108108108103,9.615384615384617,21.705426356589136,5.046968357313228,1.676447899753847,4.230354974796558,24.573378839590443,42.42424242424242,-100.0,-52.60869565217392,-57.77777777777778,60.12078791409507,22.2884859140532,True
MIROC6,351010,detqm,validation,historical,2003,2014,4383,60.93999543691535,1264.5788355980228,5.681372529830129,3.4622281604326424,4.809404176472297,5.034780859817141,4.161713828037875,11.828028774423435,16.4724729073992,23.875095118743605,31.42342954656023,95.05661228686222,31.916666666666668,5.083333333333333,0.0,18.166666666666668,28.5,303.97034228368847,107.74674419877636,4383,61.054072553045856,1118.8166666666668,5.017115097159941,3.183185033082364,4.202766653503559,4.49956492719434,3.7,10.4,12.9,21.45,30.425,87.3,24.416666666666668,2.75,0.25,38.333333333333336,67.5,171.35000000000002,71.28333333333335,-0.1868460388639733,13.028244329397662,13.239828463297696,8.7661610760991,14.43424232137717,11.894837418348557,12.478752109131763,13.73104590791766,27.693588429451168,11.30580474938744,3.2816090273138263,8.885008346921216,30.71672354948805,84.84848484848484,-100.0,-52.60869565217392,-57.77777777777778,77.39734011303672,51.15278587623522,True
MIROC6,351010,qdm,validation,historical,2003,2014,4383,60.27834816335843,1251.9304619157135,5.686285216876821,3.434188956489157,4.8384711533759415,5.10484359765513,4.126162943899558,11.670436210135913,17.175610626779736,24.67336970067068,31.26794796791975,95.63974677809632,31.75,5.083333333333333,0.0,18.25,27.666666666666668,324.8702632451843,113.16816830338004,4383,61.054072553045856,1118.8166666666668,5.017115097159941,3.183185033082364,4.202766653503559,4.49956492719434,3.7,10.4,12.9,21.45,30.425,87.3,24.416666666666668,2.75,0.25,38.333333333333336,67.5,171.35000000000002,71.28333333333335,-1.270553064275033,11.897730809252035,13.337747027084951,7.885307350912607,15.125857614351222,13.451937692967238,11.517917402690763,12.21573278976837,33.14426842464911,15.027364571891283,2.770576722825808,9.552974545356616,30.03412969283276,84.84848484848484,-100.0,-52.391304347826086,-59.01234567901234,89.594551062261,58.75824405430911,True
MIROC6,351011,raw,validation,historical,2003,2014,4383,42.39105635409537,1129.4338333333335,7.294513455328311,3.242773442847365,7.592684901124606,10.364201144496262,3.5055,17.6499,25.918599999999994,51.54051000000007,68.36275,164.9819166666667,32.0,12.5,1.75,35.75,15.75,174.99158333333332,32.39933333333334,4383,25.644535706137347,1097.1833333333334,11.71370106761566,3.0422313483915127,10.2173523319798,17.494523987494723,5.6,27.510000000000016,41.7,87.44099999999995,104.975,174.70000000000002,31.916666666666668,15.75,2.9166666666666665,44.75,9.583333333333334,333.3,124.3,65.30249110320287,2.939390256869873,-37.7266551944447,6.591940963394615,-25.68833241308628,-40.75745557921607,-37.40178571428572,-35.84187568157038,-37.84508393285373,-41.05681545270514,-34.87711359847583,-5.562726578897144,0.2610966057441216,-20.63492063492064,-40.0,-20.11173184357542,64.34782608695652,-47.49727472747275,-73.93456690801823,True
MIROC6,351011,qm,validation,historical,2003,2014,4383,24.86881131644992,1353.280465326103,14.898500535700215,3.705079987203568,14.88931968976616,26.92846009954661,7.3,31.9,46.10405707561048,128.63311756520545,167.14403297687224,314.3081706439082,36.25,19.5,3.75,55.833333333333336,9.083333333333334,498.7398784189204,243.7960008012458,4383,25.644535706137347,1097.1833333333334,11.71370106761566,3.0422313483915127,10.2173523319798,17.494523987494723,5.6,27.510000000000016,41.7,87.44099999999995,104.975,174.70000000000002,31.916666666666668,15.75,2.9166666666666665,44.75,9.583333333333334,333.3,124.3,-3.0249110320284585,23.34132539315243,27.18866948798471,21.788239055603583,45.725812382561536,53.925080321107146,30.357142857142865,15.957833515085351,10.561287951104251,47.10847035739017,59.22270347880183,79.91309138174482,13.577023498694512,23.80952380952381,28.571428571428577,24.767225325884542,-5.217391304347826,49.63692721839795,96.13515752312615,True
MIROC6,351011,detqm,validation,historical,2003,2014,4383,24.86881131644992,1289.41838326458,14.195431742362349,3.530235135563532,13.929494962415578,25.084252701188376,6.980364753232462,31.38824669558811,45.85499080378597,102.83465424866094,154.0554498705827,296.9948306800548,35.583333333333336,18.33333333333333,3.9166666666666665,55.833333333333336,9.083333333333334,468.6244333327709,231.850472661208,4383,25.644535706137347,1097.1833333333334,11.71370106761566,3.0422313483915127,10.2173523319798,17.494523987494723,5.6,27.510000000000016,41.7,87.44099999999995,104.975,174.70000000000002,31.916666666666668,15.75,2.9166666666666665,44.75,9.583333333333334,333.3,124.3,-3.0249110320284585,17.520777439010182,21.18656315729122,16.040982137339302,36.33174730421068,43.38345369739053,24.649370593436828,14.097588860734607,9.964006723707364,17.60461825535047,46.75441759522046,70.00276512882357,11.488250652741518,16.402116402116395,34.285714285714285,24.767225325884542,-5.217391304347826,40.60139013884516,86.52491766790666,True
MIROC6,351011,qdm,validation,historical,2003,2014,4383,24.86881131644992,1278.2265897826,14.072219337056149,3.4995936749694736,13.129101007185582,23.33863056970432,7.023034236113782,30.97234684149426,46.02796509608695,99.44198283308602,142.53387898209434,280.25958921788936,35.833333333333336,18.08333333333333,3.9166666666666665,55.833333333333336,9.083333333333334,445.5248243727028,213.3260787248176,4383,25.644535706137347,1097.1833333333334,11.71370106761566,3.0422313483915127,10.2173523319798,17.494523987494723,5.6,27.510000000000016,41.7,87.44099999999995,104.975,174.70000000000002,31.916666666666668,15.75,2.9166666666666665,44.75,9.583333333333334,333.3,124.3,-3.0249110320284585,16.500729727569077,20.13469744384187,15.033778638162326,28.49807445801937,33.40534778989715,25.41132564488897,12.585775505249885,10.378813180064608,13.72466329649258,35.77887971621274,60.42334814990803,12.271540469973894,14.814814814814806,34.285714285714285,24.767225325884542,-5.217391304347826,33.67081439325017,71.62194587676393,True
MIROC6,351012,raw,validation,historical,2003,2014,4383,44.19347478895733,1222.171,7.571529168817759,3.487511065480265,8.083239947572128,10.857580939593085,3.515,18.4914,29.713199999999997,54.74331999999998,71.23666666666666,174.64341666666667,32.916666666666664,14.5,2.1666666666666665,30.33333333333333,16.916666666666668,193.42308333333332,24.599833333333333,4383,21.6746520647958,887.6083333333335,11.211894736842106,2.470910335386721,9.498049970029244,17.855301656627983,4.8,27.2,43.34999999999995,80.77099999999999,100.90833333333336,179.25833333333333,24.416666666666668,12.083333333333334,3.1666666666666665,56.333333333333336,7.583333333333333,285.62499999999994,98.875,103.89473684210526,37.69260090317612,-32.468781178101544,41.14276084949216,-14.895794683345498,-39.19127691935301,-26.77083333333333,-32.016911764705874,-31.45743944636672,-32.2240408067252,-29.40457510942275,-2.5744502812514485,34.81228668941978,19.999999999999996,-31.57894736842105,-46.15384615384616,123.07692307692312,-32.28075857038656,-75.12026970080068,True
MIROC6,351012,qm,validation,historical,2003,2014,4383,22.085329682865616,1150.7820896311723,14.265893673113707,3.150897674402827,12.33224789896281,23.0314846900783,5.968125361062972,38.4,52.35439028937555,105.13818773514022,131.72088375217962,267.9570143465344,29.416666666666668,16.416666666666668,4.916666666666667,71.66666666666667,8.666666666666666,449.4780354562072,164.4982145506849,4383,21.6746520647958,887.6083333333335,11.211894736842106,2.470910335386721,9.498049970029244,17.855301656627983,4.8,27.2,43.34999999999995,80.77099999999999,100.90833333333336,179.25833333333333,24.416666666666668,12.083333333333334,3.1666666666666665,56.333333333333336,7.583333333333333,285.62499999999994,98.875,1.8947368421052648,29.649761771559017,27.23891909398872,27.51970920505624,29.839787512981907,28.989614026088947,24.335945022145257,41.1764705882353,20.771373216552732,30.16823827257337,30.53518911769388,49.48092474354576,20.477815699658706,35.862068965517246,55.263157894736864,27.21893491124261,14.28571428571428,57.36648943762182,66.36987565176732,True
MIROC6,351012,detqm,validation,historical,2003,2014,4383,22.085329682865616,1093.2348112801617,13.55249766049787,2.993341813072202,11.370789474598944,21.039392777048924,5.644701533678178,38.01479949230944,52.29049233794196,93.40291991384824,114.5328851618383,249.03922374515776,28.0,16.416666666666668,4.333333333333333,71.66666666666667,8.666666666666666,385.6670646623149,122.7724896721366,4383,21.6746520647958,887.6083333333335,11.211894736842106,2.470910335386721,9.498049970029244,17.855301656627983,4.8,27.2,43.34999999999995,80.77099999999999,100.90833333333336,179.25833333333333,24.416666666666668,12.083333333333334,3.1666666666666665,56.333333333333336,7.583333333333333,285.62499999999994,98.875,1.8947368421052648,23.16635279601493,20.876069376254318,21.14327947087222,19.717094671843835,17.832748959684977,17.59794861829537,39.76029225113766,20.62397309790547,15.639177320880348,13.501909484025052,38.92755729356578,14.67576791808873,35.862068965517246,36.84210526315789,27.21893491124261,14.28571428571428,35.025668153108086,24.16939537004964,True
MIROC6,351012,qdm,validation,historical,2003,2014,4383,22.016883413187315,1102.091527654378,13.704765110728015,3.018272870247776,11.59055918906622,21.54221680121566,5.8701308545744,36.28737672103882,50.80368894365102,97.67709499580413,121.69323573983804,252.531869547801,28.5,16.25,4.25,71.91666666666667,8.666666666666666,415.2903734475545,134.77500599035395,4383,21.6746520647958,887.6083333333335,11.211894736842106,2.470910335386721,9.498049970029244,17.855301656627983,4.8,27.2,43.34999999999995,80.77099999999999,100.90833333333336,179.25833333333333,24.416666666666668,12.083333333333334,3.1666666666666665,56.333333333333336,7.583333333333333,285.62499999999994,98.875,1.5789473684210622,24.164170869776783,22.234157851075597,22.152262144930774,22.030935040769595,20.64885385579063,22.294392803633343,33.409473239113304,17.19420748247076,20.930897222770707,20.59780567165384,40.87594414827819,16.7235494880546,34.48275862068965,34.21052631578948,27.662721893491124,14.28571428571428,45.397067290172274,36.30847634928339,True
MIROC6,351201,raw,validation,historical,2003,2014,4383,42.39105635409537,1129.4338333333335,7.294513455328311,3.242773442847365,7.592684901124606,10.364201144496262,3.5055,17.6499,25.918599999999994,51.54051000000007,68.36275,164.9819166666667,32.0,12.5,1.75,35.75,15.75,191.97191666666663,51.72741666666667,4321,26.081925480212917,1034.375,11.013753327417923,2.9156676695209445,9.807500546383295,16.737824153456426,5.1,28.279999999999998,39.870000000000005,79.792,93.48333333333336,169.6833333333333,29.166666666666668,14.916666666666666,3.0,47.833333333333336,8.416666666666666,310.02500000000003,135.35833333333332,62.53039441530266,9.189977844914416,-33.76905003701908,11.218897707233054,-22.582875573485907,-38.07916100996907,-31.264705882352946,-37.58875530410183,-34.992224730373735,-35.40641918989363,-26.87172401497594,-2.770700324133152,9.71428571428571,-16.20111731843575,-41.66666666666666,-25.26132404181185,87.12871287128714,-38.078568932612974,-61.78483038847503,True
MIROC6,351201,qm,validation,historical,2003,2014,4383,26.35181382614648,1285.3418148979326,13.354200674264234,3.519302163022469,11.820172966457392,19.977146771781744,6.7,31.6,46.09562654874386,82.77681815771469,117.52056431559022,251.57813415012149,36.0,19.666666666666668,3.75,52.583333333333336,9.25,408.1266997519273,164.06652683392213,4321,26.081925480212917,1034.375,11.013753327417923,2.9156676695209445,9.807500546383295,16.737824153456426,5.1,28.279999999999998,39.870000000000005,79.792,93.48333333333336,169.6833333333333,29.166666666666668,14.916666666666666,3.0,47.833333333333336,8.416666666666666,310.02500000000003,135.35833333333332,1.034771555260802,24.262652799800133,21.25022485313831,20.703130875018537,20.52176709606513,19.353307745537432,31.372549019607856,11.739745403111767,15.614814519046536,3.74074864361676,25.712851826268714,48.26331449766517,23.428571428571423,31.843575418994423,25.0,9.930313588850174,9.90099009900991,31.643157729837043,21.20903293770028,True
MIROC6,351201,detqm,validation,historical,2003,2014,4383,26.35181382614648,1249.7720907161397,12.9846450983495,3.421917565673275,11.56013573932507,19.57485408254136,6.327600242448696,32.637095987366955,44.31063525556859,84.40896168540735,117.34940422681484,248.66940660327964,34.583333333333336,18.75,4.0,52.583333333333336,9.25,417.89356116986863,193.95053718997644,4321,26.081925480212917,1034.375,11.013753327417923,2.9156676695209445,9.807500546383295,16.737824153456426,5.1,28.279999999999998,39.870000000000005,79.792,93.48333333333336,169.6833333333333,29.166666666666668,14.916666666666666,3.0,47.833333333333336,8.416666666666666,310.02500000000003,135.35833333333332,1.034771555260802,20.823887924218923,17.894823974540895,17.36308638479053,17.870355292389867,16.94981320794362,24.07059298919013,15.406987225484306,11.137785943236988,5.786246347262065,25.52976027115153,46.54910515859719,18.571428571428573,25.698324022346373,33.333333333333336,9.930313588850174,9.90099009900991,34.79350412704414,43.28673559562381,True
MIROC6,351201,qdm,validation,historical,2003,2014,4383,25.827059091946158,1245.2563096345248,13.200596921920758,3.414755276803835,11.186150312022134,18.856491182220065,6.596532612524374,33.09984570520667,44.74607125701332,83.47882480151824,109.26964937156008,238.30528563558755,34.75,18.58333333333333,3.9166666666666665,52.583333333333336,9.166666666666666,407.9078620480022,171.00574851470364,4321,26.081925480212917,1034.375,11.013753327417923,2.9156676695209445,9.807500546383295,16.737824153456426,5.1,28.279999999999998,39.870000000000005,79.792,93.48333333333336,169.6833333333333,29.166666666666668,14.916666666666666,3.0,47.833333333333336,8.416666666666666,310.02500000000003,135.35833333333332,-0.9771762765755684,20.38731694351901,19.85557084394517,17.117438057160076,14.057095986063857,12.65795965675817,29.34377671616421,17.043301645002387,12.229925400083555,4.620544417382998,16.886770588226145,40.4411859162681,19.14285714285714,24.581005586592177,30.555555555555557,9.930313588850174,8.910891089108912,31.572570614628543,26.33558961869383,True
MRI-ESM2-0,351001,raw,validation,historical,2003,2014,4383,47.59297284964636,764.7863333333335,4.3995378715244495,2.2828254620123203,3.92023596780094,4.862930856723144,2.668,9.649,13.78425,24.5776,32.13083333333333,84.74341666666666,16.083333333333332,3.5,0.0833333333333333,31.166666666666668,20.08333333333333,4.557666666666667,0.0,4383,22.86105407255305,981.1,11.749700598802397,2.718046999771845,9.121942570414795,16.072904114176634,5.5,28.8,41.374999999999964,74.37000000000003,93.41666666666669,162.36666666666665,28.75,15.0,3.083333333333333,53.833333333333336,8.0,263.3916666666667,90.1,108.18363273453096,-22.04807528964087,-62.55617039320238,-16.01228888963502,-57.02411040697138,-69.74454135868366,-51.49090909090909,-66.49652777777777,-66.68459214501509,-66.95226569853436,-65.60481712756467,-47.80738041469924,-44.05797101449276,-76.66666666666667,-97.29729729729728,-42.10526315789474,151.04166666666666,-98.2696238175088,-100.0,True
MRI-ESM2-0,351001,qm,validation,historical,2003,2014,4383,16.929044033766825,713.9883541760064,11.546981469153742,1.954793577483933,7.665481530232184,15.380906934873876,5.8,28.33954270772805,37.040220859700746,73.4514990047668,77.38507962642622,166.21022988272105,21.75,11.5,2.083333333333333,90.75,10.166666666666666,158.2460624891285,45.33576211099007,4383,22.86105407255305,981.1,11.749700598802397,2.718046999771845,9.121942570414795,16.072904114176634,5.5,28.8,41.374999999999964,74.37000000000003,93.41666666666669,162.36666666666665,28.75,15.0,3.083333333333333,53.833333333333336,8.0,263.3916666666667,90.1,-25.94810379241517,-27.225730896340192,-1.7253131511224804,-28.08095012161235,-15.966566648932366,-4.305364944549135,5.454545454545452,-1.5988100426109393,-10.476807589847065,-1.2350423493790916,-17.161377741559804,2.367211999212322,-24.347826086956523,-23.33333333333333,-32.43243243243243,68.57585139318884,27.083333333333325,-39.9198674385566,-49.68283894451713,True
MRI-ESM2-0,351001,detqm,validation,historical,2003,2014,4383,16.929044033766825,740.6066084072914,11.97746536507749,2.027670385783139,7.915243106968912,15.848063899474871,6.188254637363874,28.83726661011565,38.6404316050502,71.45422350395395,82.00071407953051,172.5479344759373,22.58333333333333,11.75,2.1666666666666665,90.75,10.166666666666666,177.63598059762043,49.87329211758734,4383,22.86105407255305,981.1,11.749700598802397,2.718046999771845,9.121942570414795,16.072904114176634,5.5,28.8,41.374999999999964,74.37000000000003,93.41666666666669,162.36666666666665,28.75,15.0,3.083333333333333,53.833333333333336,8.0,263.3916666666667,90.1,-25.94810379241517,-24.512627825166504,1.9384729369045277,-25.39973054353576,-13.228536072563909,-1.3988773472707323,12.51372067934317,0.1293979517904553,-6.6092287491233135,-3.92063533151281,-12.220466641002137,6.270540633917461,-21.449275362318843,-21.666666666666668,-29.72972972972974,68.57585139318884,27.083333333333325,-32.55823813802497,-44.6467346086711,True
MRI-ESM2-0,351001,qdm,validation,historical,2003,2014,4383,16.678074378279717,735.7471261493823,12.077928199442663,2.016870845462862,7.926052098347144,15.982429716964493,6.229831810777757,28.71257706377997,39.95193781212133,72.07628400522134,83.08110520038716,173.58863497130224,22.08333333333333,11.75,2.1666666666666665,90.75,10.083333333333334,179.21008950686314,50.82977785391301,4383,22.86105407255305,981.1,11.749700598802397,2.718046999771845,9.121942570414795,16.072904114176634,5.5,28.8,41.374999999999964,74.37000000000003,93.41666666666669,162.36666666666665,28.75,15.0,3.083333333333333,53.833333333333336,8.0,263.3916666666667,90.1,-27.045908183632736,-25.007937401958788,2.7934975694080366,-25.797057753888755,-13.11004166970186,-0.5629001241433439,13.269669286868304,-0.3035518618751028,-3.439425227501236,-3.0841952329954188,-11.063937341244795,6.911497621413835,-23.188405797101453,-21.666666666666668,-29.72972972972974,68.57585139318884,26.041666666666675,-31.9606076475984,-43.58515221541287,True
MRI-ESM2-0,351002,raw,validation,historical,2003,2014,4383,47.59297284964636,764.7863333333335,4.3995378715244495,2.2828254620123203,3.92023596780094,4.862930856723144,2.668,9.649,13.78425,24.5776,32.13083333333333,84.74341666666666,16.083333333333332,3.5,0.0833333333333333,31.166666666666668,20.08333333333333,4.557666666666667,0.0,4260,22.558685446009388,953.3833333333332,11.904890738813735,2.704319248826291,8.907471195086408,15.573592332506047,6.4,27.3,40.5,76.75999999999995,83.525,155.54166666666666,28.916666666666668,14.083333333333334,2.583333333333333,55.5,11.583333333333334,241.15833333333333,104.84166666666664,110.9740523824074,-19.781864587521618,-63.04428181620722,-15.585947812814792,-55.98935004175547,-68.7745078149184,-58.31250000000001,-64.65567765567765,-65.96481481481482,-67.98124022928606,-61.53147760151652,-45.51722475221002,-44.38040345821326,-75.14792899408285,-96.77419354838707,-43.84384384384384,73.38129496402875,-98.1100936452538,-100.0,True
MRI-ESM2-0,351002,qm,validation,historical,2003,2014,4383,18.9596167008898,763.7468571573683,11.02883548241687,2.0910249340379687,7.255471604145206,13.387729044839402,5.7,27.8,37.10515799345672,70.33296953840559,64.79914596951322,159.96730398831434,23.916666666666668,11.833333333333334,1.8333333333333333,80.25,10.416666666666666,157.74678283848831,45.18520853218006,4260,22.558685446009388,953.3833333333332,11.904890738813735,2.704319248826291,8.907471195086408,15.573592332506047,6.4,27.3,40.5,76.75999999999995,83.525,155.54166666666666,28.916666666666668,14.083333333333334,2.583333333333333,55.5,11.583333333333334,241.15833333333333,104.84166666666664,-15.95424854756446,-19.890894831666003,-7.358784516523503,-22.67832524042788,-18.54622434089361,-14.03570377981575,-10.937500000000002,1.8315018315018317,-8.382325942082186,-8.372890127142211,-22.419460078403816,2.8453066091493286,-17.291066282420747,-15.976331360946745,-29.03225806451614,44.5945945945946,-10.071942446043176,-34.58787815536612,-56.9014782301756,True
MRI-ESM2-0,351002,detqm,validation,historical,2003,2014,4383,18.9596167008898,789.8801832537819,11.406212032545586,2.162574081461415,7.315114715337516,13.302250058308472,6.200253608907019,28.182970949577363,37.81215269068296,68.38428157407408,63.78831899321855,159.9958449779784,23.83333333333333,11.916666666666666,2.1666666666666665,80.25,10.416666666666666,164.64116693902858,26.212717480075543,4260,22.558685446009388,953.3833333333332,11.904890738813735,2.704319248826291,8.907471195086408,15.573592332506047,6.4,27.3,40.5,76.75999999999995,83.525,155.54166666666666,28.916666666666668,14.083333333333334,2.583333333333333,55.5,11.583333333333334,241.15833333333333,104.84166666666664,-15.95424854756446,-17.149780614256397,-4.18885580060217,-20.03258925883104,-17.8766391142222,-14.584575130149696,-3.121037360827833,3.2343258226277025,-6.636660023005026,-10.91156647462985,-23.629668969507872,2.8636560265599256,-17.579250720461104,-15.384615384615394,-16.129032258064527,44.5945945945946,-10.071942446043176,-31.72901609356429,-74.99780543987708,True
MRI-ESM2-0,351002,qdm,validation,historical,2003,2014,4383,18.68583162217659,781.012797408287,11.443410951037173,2.141016489864918,7.252720390248069,13.237161945724536,6.2276938827745045,28.60876174906155,38.17728357839653,67.84836211853865,61.74367114188491,158.32346981245647,23.83333333333333,12.0,2.0,80.25,10.416666666666666,155.28370630329712,6.280952459262653,4260,22.558685446009388,953.3833333333332,11.904890738813735,2.704319248826291,8.907471195086408,15.573592332506047,6.4,27.3,40.5,76.75999999999995,83.525,155.54166666666666,28.916666666666668,14.083333333333334,2.583333333333333,55.5,11.583333333333334,241.15833333333333,104.84166666666664,-17.167905608249452,-18.07987720137541,-3.8763882668153498,-20.82974335244826,-18.57711092853314,-15.002514107838737,-2.6922830816483723,4.793999080811536,-5.735102275564115,-11.609741898724998,-26.07761611267895,1.7884617063743748,-17.579250720461104,-14.792899408284027,-22.580645161290327,44.5945945945946,-10.071942446043176,-35.60923060093419,-94.00910662815738,True
MRI-ESM2-0,351003,raw,validation,historical,2003,2014,4383,47.59297284964636,764.7863333333335,4.3995378715244495,2.2828254620123203,3.92023596780094,4.862930856723144,2.668,9.649,13.78425,24.5776,32.13083333333333,84.74341666666666,16.083333333333332,3.5,0.0833333333333333,31.166666666666668,20.08333333333333,4.557666666666667,0.0,4323,54.61485079805691,1439.4833333333331,7.316306649724693,4.049201943095073,8.192055563250843,9.96630897017431,4.6,14.3,20.5,56.700000000000045,61.36666666666667,124.44166666666663,38.583333333333336,10.75,2.333333333333333,36.5,77.66666666666667,164.33333333333334,41.266666666666666,-12.85708529054587,-46.8707753939492,-39.86668298423493,-43.62283002691129,-52.14588161014282,-51.20630043403028,-41.99999999999999,-32.52447552447552,-32.75975609756098,-56.65326278659615,-47.641227593699085,-31.90109154222192,-58.31533477321815,-67.44186046511628,-96.42857142857142,-14.61187214611872,-74.14163090128756,-97.22657200811358,-100.0,False
MRI-ESM2-0,351003,qm,validation,historical,2003,2014,4383,18.571754506046087,995.4721124300318,14.675264556708084,2.725682126093388,9.0288937567863,16.242348742544824,8.649999999999999,35.26385571587128,45.87718178891107,79.59083462276591,79.43699229719711,194.3893701334002,32.083333333333336,17.416666666666668,2.6666666666666665,80.25,10.25,182.38183091955256,50.955966252208405,4323,54.61485079805691,1439.4833333333331,7.316306649724693,4.049201943095073,8.192055563250843,9.96630897017431,4.6,14.3,20.5,56.700000000000045,61.36666666666667,124.44166666666663,38.583333333333336,10.75,2.333333333333333,36.5,77.66666666666667,164.33333333333334,41.266666666666666,-65.99504670493975,-30.845179698963857,100.58296158568344,-32.68594245487374,10.21524069355036,62.9725587592409,88.04347826086955,146.60038962147746,123.79113067761496,40.37184236819373,29.446483917214188,56.20923067038122,-16.846652267818573,62.015503875969,14.28571428571427,119.86301369863014,-86.80257510729614,10.982858571735846,23.479724359147998,False
MRI-ESM2-0,351003,detqm,validation,historical,2003,2014,4383,18.59456992927219,1028.740969573081,15.14710630046254,2.8165392733007004,9.154577754319464,16.252751267644918,9.431431921313694,35.65081266256578,46.51402872979263,78.04992753877202,81.77930834805231,196.80988990808456,32.916666666666664,17.5,2.833333333333333,80.25,10.333333333333334,188.58125475231984,45.67672002212686,4323,54.61485079805691,1439.4833333333331,7.316306649724693,4.049201943095073,8.192055563250843,9.96630897017431,4.6,14.3,20.5,56.700000000000045,61.36666666666667,124.44166666666663,38.583333333333336,10.75,2.333333333333333,36.5,77.66666666666667,164.33333333333334,41.266666666666666,-65.95327157804165,-28.534013159368687,107.03214101930124,-30.442113955229583,11.7494587730392,63.07693566679238,105.03112872421076,149.30638225570473,126.89770112093964,37.65419319007401,33.263403065810394,58.15433462110862,-14.686825053995694,62.7906976744186,21.428571428571427,119.86301369863014,-86.69527896995709,14.755327435488738,10.68672057058205,False
MRI-ESM2-0,351003,qdm,validation,historical,2003,2014,4383,18.457677389915585,1014.9887866551516,15.055457898469491,2.7802528560363324,9.049234481122872,16.095951594324184,9.467214137744872,35.68212626428589,47.037001917042005,79.59602019707008,76.85902756964258,195.79828954540025,32.333333333333336,17.833333333333332,2.833333333333333,80.25,10.25,189.71087425260723,56.502350014327305,4323,54.61485079805691,1439.4833333333331,7.316306649724693,4.049201943095073,8.192055563250843,9.96630897017431,4.6,14.3,20.5,56.700000000000045,61.36666666666667,124.44166666666663,38.583333333333336,10.75,2.333333333333333,36.5,77.66666666666667,164.33333333333334,41.266666666666666,-66.20392233943029,-29.489368640010767,105.77948163279925,-31.338251460207463,10.46353886706153,61.503638332844766,105.80900299445376,149.5253584915097,129.4487898392293,40.38098800188715,25.24556366590317,57.34142332718164,-16.198704103671705,65.89147286821705,21.428571428571427,119.86301369863014,-86.80257510729614,15.44272266892934,36.92007273261868,False
MRI-ESM2-0,351004,raw,validation,historical,2003,2014,4383,47.59297284964636,764.7863333333335,4.3995378715244495,2.2828254620123203,3.92023596780094,4.862930856723144,2.668,9.649,13.78425,24.5776,32.13083333333333,84.74341666666666,16.083333333333332,3.5,0.0833333333333333,31.166666666666668,20.08333333333333,4.557666666666667,0.0,4293,20.17237363149313,983.225,13.624364896073905,2.752830188679245,9.574806251378996,17.511262631813235,7.8,33.95,43.05,93.17500000000024,98.99166666666667,153.82500000000002,28.33333333333333,14.666666666666666,2.5,58.75,6.75,271.5083333333334,130.24166666666667,135.93144623964412,-22.216549280852966,-67.70830857009523,-17.07350960476149,-59.05675932360163,-72.22969605921784,-65.79487179487178,-71.57879234167895,-67.9808362369338,-73.62210893480017,-67.54188062968264,-44.90920418224174,-43.23529411764706,-76.13636363636363,-96.66666666666666,-46.95035460992907,197.5308641975309,-98.32135293576012,-100.0,True
MRI-ESM2-0,351004,qm,validation,historical,2003,2014,4383,20.44261921058636,856.2602909275862,11.46777175349446,2.344312911506054,7.772239536146083,13.820958402473966,6.273332876274052,30.453909476805972,37.30724419389517,66.24852290022922,70.05558408522845,167.18347633318643,27.5,13.333333333333334,1.5,75.33333333333333,11.5,160.47053525865005,57.284096692575,4293,20.17237363149313,983.225,13.624364896073905,2.752830188679245,9.574806251378996,17.511262631813235,7.8,33.95,43.05,93.17500000000024,98.99166666666667,153.82500000000002,28.33333333333333,14.666666666666666,2.5,58.75,6.75,271.5083333333334,130.24166666666667,1.3396816062900996,-12.913087957732342,-15.828944387718977,-14.839901089910294,-18.82614298303218,-21.073890026838967,-19.572655432383943,-10.297762954916132,-13.339734741242331,-28.89882167938927,-29.230826751179283,8.684203694579175,-2.941176470588231,-9.090909090909085,-40.0,28.22695035460992,70.37037037037037,-40.89664457494245,-56.01707336931987,True
MRI-ESM2-0,351004,detqm,validation,historical,2003,2014,4383,20.44261921058636,891.0702072100277,11.933975989420016,2.4396172681999397,7.94145968562773,13.976714719270383,6.700433431669795,30.245012017953936,37.56023105223296,66.88964209002685,72.3532298897827,171.00659274682843,28.166666666666668,13.833333333333334,1.5,75.33333333333333,11.5,164.3339574479356,65.82808098933815,4293,20.17237363149313,983.225,13.624364896073905,2.752830188679245,9.574806251378996,17.511262631813235,7.8,33.95,43.05,93.17500000000024,98.99166666666667,153.82500000000002,28.33333333333333,14.666666666666666,2.5,58.75,6.75,271.5083333333334,130.24166666666667,1.3396816062900996,-9.372706429349575,-12.407102419438305,-11.377851120906923,-17.05879495489558,-20.18442637095473,-14.097007286284672,-10.913072112064995,-12.752076533721349,-28.21074098199444,-26.909777028588916,11.16957110146492,-0.5882352941176388,-5.681818181818174,-40.0,28.22695035460992,70.37037037037037,-39.473696652182966,-49.45697281514763,True
MRI-ESM2-0,351004,qdm,validation,historical,2003,2014,4383,19.872233629933834,881.219353413588,12.140794765744037,2.4182964599673027,7.876031576195841,13.93940828002366,6.936702170314392,30.38815704430883,38.1271058500983,66.98536880423394,70.10399959077739,170.11639390636668,28.08333333333333,13.833333333333334,1.5833333333333333,78.08333333333333,10.666666666666666,162.8808120246633,58.49503718945899,4293,20.17237363149313,983.225,13.624364896073905,2.752830188679245,9.574806251378996,17.511262631813235,7.8,33.95,43.05,93.17500000000024,98.99166666666667,153.82500000000002,28.33333333333333,14.666666666666666,2.5,58.75,6.75,271.5083333333334,130.24166666666667,-1.487876474242559,-10.374598549305803,-10.889095687369492,-12.15235614923437,-17.742131073811468,-20.39746891409464,-11.067920893405224,-10.491437277440864,-11.43529419257072,-28.108002356604487,-29.181918083228503,10.590862282702204,-0.8823529411764707,-5.681818181818174,-36.66666666666667,32.90780141843971,58.02469135802468,-40.00890874141496,-55.08730908736913,True
MRI-ESM2-0,351005,raw,validation,historical,2003,2014,4383,47.59297284964636,764.7863333333335,4.3995378715244495,2.2828254620123203,3.92023596780094,4.862930856723144,2.668,9.649,13.78425,24.5776,32.13083333333333,84.74341666666666,16.083333333333332,3.5,0.0833333333333333,31.166666666666668,20.08333333333333,4.557666666666667,0.0,4321,34.390187456607265,1116.3166666666666,9.014670255720054,3.15464012959963,8.682538477501115,12.917248672151468,4.7,21.0,30.75,63.71500000000019,74.35,148.82500000000002,32.916666666666664,13.166666666666666,2.1666666666666665,48.583333333333336,26.5,183.75833333333333,75.14166666666667,38.3911411058694,-31.490198420400407,-51.19579810772532,-27.63594678857888,-54.849195566948914,-62.35319935268239,-43.234042553191486,-54.05238095238095,-55.17317073170732,-61.42572392686191,-56.78435328401704,-43.05834593202308,-51.13924050632912,-73.41772151898734,-96.15384615384616,-35.84905660377358,-24.213836477987424,-97.51974967121672,-100.0,False
MRI-ESM2-0,351005,qm,validation,historical,2003,2014,4383,18.16107688797627,825.6035121280474,12.446284102432877,2.260379225538802,7.943809604076444,14.86238713942642,6.800000000000001,31.81123696021349,41.3,74.92824786607537,70.03845093612146,174.43795087729106,26.166666666666668,12.75,2.1666666666666665,85.66666666666667,10.25,163.76792838019415,42.10313310249902,4321,34.390187456607265,1116.3166666666666,9.014670255720054,3.15464012959963,8.682538477501115,12.917248672151468,4.7,21.0,30.75,63.71500000000019,74.35,148.82500000000002,32.916666666666664,13.166666666666666,2.1666666666666665,48.583333333333336,26.5,183.75833333333333,75.14166666666667,-47.19110818778905,-26.04217631245189,38.06699246193027,-28.347477598794207,-8.50821306855045,15.058458009471558,44.6808510638298,51.482080762921385,34.30894308943089,17.599070652240673,-5.798989998491635,17.21011313777325,-20.506329113924043,-3.164556962025312,0.0,76.32933104631218,-61.320754716981135,-10.878638584992524,-43.96832680159828,False
MRI-ESM2-0,351005,detqm,validation,historical,2003,2014,4383,17.225644535706138,845.9569272485465,13.44567301587094,2.3249900774062318,7.978873650272653,14.843608859366904,8.067255422360713,32.37732716006577,42.05777946813725,74.05361177234904,69.1067807810091,174.70836224791924,26.83333333333333,13.166666666666666,2.333333333333333,90.75,10.166666666666666,170.60445410091788,28.42979197522089,4321,34.390187456607265,1116.3166666666666,9.014670255720054,3.15464012959963,8.682538477501115,12.917248672151468,4.7,21.0,30.75,63.71500000000019,74.35,148.82500000000002,32.916666666666664,13.166666666666666,2.1666666666666665,48.583333333333336,26.5,183.75833333333333,75.14166666666667,-49.911164173091365,-24.21891094983085,49.15324281927333,-26.29935644350956,-8.104367507864835,14.913084327071228,71.64373239065345,54.17774838126556,36.77326656304796,16.226338809305226,-7.052076958965551,17.391810682290757,-18.481012658227847,0.0,7.692307692307707,86.79245283018867,-61.63522012578617,-7.1582490947796185,-62.165076666003024,False
MRI-ESM2-0,351005,qdm,validation,historical,2003,2014,4383,17.31690622861054,834.9092991051411,13.200147021425156,2.294251093936996,7.888788363851687,14.686142277951127,7.837000528232645,32.28401377355326,42.78619972464829,72.67304642183589,66.1743842470647,172.519833143836,26.58333333333333,13.083333333333334,2.333333333333333,85.66666666666667,10.166666666666666,171.10551528568263,6.625913011841991,4321,34.390187456607265,1116.3166666666666,9.014670255720054,3.15464012959963,8.682538477501115,12.917248672151468,4.7,21.0,30.75,63.71500000000019,74.35,148.82500000000002,32.916666666666664,13.166666666666666,2.1666666666666665,48.583333333333336,26.5,183.75833333333333,75.14166666666667,-49.64579285745212,-25.208560972381683,46.429615803742834,-27.27376183386819,-9.141912998211945,13.694043141038616,66.74469209005626,53.7333989216822,39.142112925685474,14.059556496642356,-10.996120716792603,15.921272060363496,-19.240506329113924,-0.6329113924050543,7.692307692307707,76.32933104631218,-61.63522012578617,-6.885575101891451,-91.1821053407892,False
MRI-ESM2-0,351006,raw,validation,historical,2003,2014,4383,40.01825233858088,670.5591666666667,4.587633979475485,2.0277056810403837,3.939306164431314,5.266977773931329,2.6905,10.5284,14.361349999999993,26.53981,34.97833333333333,84.24999999999999,15.833333333333334,3.6666666666666665,0.0833333333333333,36.0,18.33333333333333,140.1260833333333,37.553666666666665,4321,30.849340430455914,1029.2583333333332,9.265641410352588,2.9246239296459158,9.08685533163311,14.474928266861166,5.0,20.2,30.37999999999997,82.88000000000022,71.50833333333333,163.71666666666667,28.416666666666668,11.583333333333334,2.333333333333333,49.833333333333336,28.58333333333333,514.9833333333333,344.3333333333333,29.7215816616714,-34.85025625247953,-50.487680492904914,-30.667814740684356,-56.64830108257778,-63.61309930640884,-46.19,-47.87920792079208,-52.72761685319287,-67.97802847490355,-51.08495513343433,-48.53914282805661,-44.281524926686224,-68.34532374100719,-96.42857142857142,-27.75919732441472,-35.8600583090379,-72.79017120295156,-89.09380445304937,False
MRI-ESM2-0,351006,qm,validation,historical,2003,2014,4383,54.734200319415926,1028.5996498506354,5.145142058444195,2.816152360987365,4.69945408320693,5.326250111056842,3.5,11.030752920813525,14.807299643766408,29.28699395670128,35.302334764969864,98.22072187477517,23.58333333333333,5.583333333333333,0.0,23.33333333333333,28.0,204.86447022057183,73.93036718564369,4321,30.849340430455914,1029.2583333333332,9.265641410352588,2.9246239296459158,9.08685533163311,14.474928266861166,5.0,20.2,30.37999999999997,82.88000000000022,71.50833333333333,163.71666666666667,28.416666666666668,11.583333333333334,2.333333333333333,49.833333333333336,28.58333333333333,514.9833333333333,344.3333333333333,77.42421573908193,-0.0639959339036514,-44.47074055018491,-3.708906555780061,-48.28294375010884,-63.20361653707995,-30.0,-45.39231227320038,-51.25971150833963,-64.66337601749372,-50.63185908639571,-40.00566718429696,-17.008797653958954,-51.79856115107914,-100.0,-53.17725752508362,-2.0408163265306083,-60.219203814899146,-78.52941901675402,False
MRI-ESM2-0,351006,detqm,validation,historical,2003,2014,4383,54.734200319415926,1013.4891364687217,5.069557998176181,2.7747820300307238,4.611004967793106,5.2166788076821335,3.39590401755136,10.794068606860836,15.245983703721524,29.316748482290237,33.58799605281062,96.39598016994069,23.0,5.5,0.0,23.33333333333333,28.0,201.5661919059322,68.92636021154489,4321,30.849340430455914,1029.2583333333332,9.265641410352588,2.9246239296459158,9.08685533163311,14.474928266861166,5.0,20.2,30.37999999999997,82.88000000000022,71.50833333333333,163.71666666666667,28.416666666666668,11.583333333333334,2.333333333333333,49.833333333333336,28.58333333333333,514.9833333333333,344.3333333333333,77.42421573908193,-1.532093193119156,-45.28648613023253,-5.123458715368352,-49.25631806042623,-63.96058956903315,-32.0819196489728,-46.56401679771864,-49.815721844234574,-64.62747528681207,-53.02925618998631,-41.120240148666994,-19.06158357771261,-52.5179856115108,-100.0,-53.17725752508362,-2.0408163265306083,-60.85966693305307,-79.98266402375269,False
MRI-ESM2-0,351006,qdm,validation,historical,2003,2014,4383,54.734200319415926,1010.9697522592244,5.056955826223715,2.767884331989663,4.640368029377214,5.269528167148098,3.3645476627387425,10.85238700914042,15.258533500456782,29.26881178256377,34.45998988330566,97.32514947595595,22.75,5.5,0.0,23.33333333333333,28.0,203.3286847850684,75.55863204783479,4321,30.849340430455914,1029.2583333333332,9.265641410352588,2.9246239296459158,9.08685533163311,14.474928266861166,5.0,20.2,30.37999999999997,82.88000000000022,71.50833333333333,163.71666666666667,28.416666666666668,11.583333333333334,2.333333333333333,49.833333333333336,28.58333333333333,514.9833333333333,344.3333333333333,77.42421573908193,-1.7768698568492474,-45.42249583959152,-5.359307775178771,-48.93318029150095,-63.59547992225888,-32.70904674522515,-46.27531183593852,-49.77441244089271,-64.68531396891447,-51.80982652375388,-40.55269298017553,-19.94134897360704,-52.5179856115108,-100.0,-53.17725752508362,-2.0408163265306083,-60.51742423022071,-78.05654441979628,False
MRI-ESM2-0,351007,raw,validation,historical,2003,2014,4383,48.5284052019165,806.416,4.549596614950635,2.372801962126398,4.06345594363537,4.973614247404285,2.91,9.4568,13.881799999999991,26.44073999999985,34.158750000000005,87.75508333333333,15.916666666666666,4.083333333333333,0.0,24.83333333333333,24.75,163.8905,60.50075,4383,33.85808806753365,1182.6,9.562803234501349,3.2811316449920147,9.860763540229142,15.084697866912617,5.2,20.7,29.954999999999973,79.57100000000118,85.41666666666664,172.9416666666667,31.75,13.0,2.5,44.25,27.83333333333333,613.2083333333334,420.60833333333335,43.32884097035043,-31.809910366988,-52.42402773136351,-27.683426974105064,-58.79167037057919,-67.02874468362,-44.03846153846154,-54.314975845410615,-53.65782006342846,-66.77088386472526,-60.00926829268292,-49.257408567436045,-49.86876640419948,-68.58974358974359,-100.0,-43.879472693032014,-11.07784431137724,-73.27327580349257,-85.61589364610784,False
MRI-ESM2-0,351007,qm,validation,historical,2003,2014,4383,59.388546657540495,1123.3398242237226,5.178669954162379,3.0755368219677552,4.603876097246052,4.979938613959495,3.6,10.8,14.8,26.679534818143136,31.75265054995141,94.7723086278559,24.5,5.583333333333333,0.0,19.75,34.0,217.0358375683369,83.474050801079,4383,33.85808806753365,1182.6,9.562803234501349,3.2811316449920147,9.860763540229142,15.084697866912617,5.2,20.7,29.954999999999973,79.57100000000118,85.41666666666664,172.9416666666667,31.75,13.0,2.5,44.25,27.83333333333333,613.2083333333334,420.60833333333335,75.40431266846362,-5.011007591432224,-45.84569161186532,-6.2659730016641815,-53.31116015039269,-66.98681897446092,-30.769230769230766,-47.826086956521735,-50.59255549991649,-66.47078104065207,-62.82616520981297,-45.1998408165436,-22.834645669291337,-57.05128205128206,-100.0,-55.36723163841808,22.155688622754493,-64.60650878820354,-80.15397123981242,False
MRI-ESM2-0,351007,detqm,validation,historical,2003,2014,4383,59.13757700205339,1110.8221939165185,5.142695342206103,3.0436192115134717,4.531464092997004,4.892595522136878,3.65773095952429,10.68245016127736,14.724711811418295,26.557211471166134,30.528008612860265,93.03980507977155,24.0,5.5,0.0,19.75,33.916666666666664,213.64168202785584,81.13379768108116,4383,33.85808806753365,1182.6,9.562803234501349,3.2811316449920147,9.860763540229142,15.084697866912617,5.2,20.7,29.954999999999973,79.57100000000118,85.41666666666664,172.9416666666667,31.75,13.0,2.5,44.25,27.83333333333333,613.2083333333334,420.60833333333335,74.66307277628034,-6.0694914665551885,-46.221884774833306,-7.23873526504364,-54.04550494989658,-67.56583681487918,-29.659020009148268,-48.39396057353933,-50.84389313497477,-66.62450959373925,-64.25989235567579,-46.20162574291628,-24.40944881889764,-57.69230769230769,-100.0,-55.36723163841808,21.8562874251497,-65.16001652056438,-80.7103684708067,False
MRI-ESM2-0,351007,qdm,validation,historical,2003,2014,4383,58.11088295687885,1106.9039114802931,5.215094989306447,3.043223007200683,4.564378685566078,4.95692302935406,3.683520568974634,10.605287888424586,15.038246978189871,26.90734076287157,31.71709378038776,93.9533502323452,24.0,5.583333333333333,0.0,20.75,32.166666666666664,217.63914570415963,82.85165653205463,4383,33.85808806753365,1182.6,9.562803234501349,3.2811316449920147,9.860763540229142,15.084697866912617,5.2,20.7,29.954999999999973,79.57100000000118,85.41666666666664,172.9416666666667,31.75,13.0,2.5,44.25,27.83333333333333,613.2083333333334,420.60833333333335,71.63072776280326,-6.400819255852087,-45.464788290414006,-7.2508104987025215,-53.7117114010016,-67.13939468269514,-29.163065981257027,-48.76672517669282,-49.797205881522665,-66.18448836526979,-62.8677926473509,-45.67338684584677,-24.40944881889764,-57.05128205128206,-100.0,-53.10734463276836,15.568862275449098,-64.50812327988154,-80.30194602292998,False
MRI-ESM2-0,351008,raw,validation,historical,2003,2014,4383,47.59297284964636,764.7863333333335,4.3995378715244495,2.2828254620123203,3.92023596780094,4.862930856723144,2.668,9.649,13.78425,24.5776,32.13083333333333,84.74341666666666,16.083333333333332,3.5,0.0833333333333333,31.166666666666668,20.08333333333333,140.73591666666667,25.594666666666665,4355,40.34443168771527,1038.25,7.091064314171884,2.950011481056257,7.324940993951135,10.207165336579784,4.0,15.8,23.019999999999985,49.97600000000002,63.82500000000001,128.46666666666667,28.75,9.833333333333334,1.5,38.583333333333336,30.0,411.35833333333335,184.725,17.96664585100164,-26.33890360382052,-37.95659330388909,-22.616387201484702,-46.480989115977415,-52.35767525685427,-33.3,-38.93037974683544,-40.12054735013027,-50.82119417320315,-49.65791878835359,-34.034704203425015,-44.05797101449276,-64.40677966101696,-94.44444444444446,-19.22246220302376,-33.05555555555556,-65.78751291453113,-86.14444895565481,True
MRI-ESM2-0,351008,qm,validation,historical,2003,2014,4383,50.30800821355236,919.9029693710968,5.006274663244064,2.5185570687778136,4.900199908179979,5.939764921025303,3.2,10.6,14.744999999999989,29.26400000000003,46.88962647052785,105.46106886191076,20.666666666666668,3.9166666666666665,0.4166666666666667,28.83333333333333,21.33333333333333,179.74272386348426,62.21928603969145,4355,40.34443168771527,1038.25,7.091064314171884,2.950011481056257,7.324940993951135,10.207165336579784,4.0,15.8,23.019999999999985,49.97600000000002,63.82500000000001,128.46666666666667,28.75,9.833333333333334,1.5,38.583333333333336,30.0,411.35833333333335,184.725,24.69628672169637,-11.398702685182116,-29.40023610787528,-14.625516376768823,-33.102534037796126,-41.80788960340679,-20.0,-32.911392405063296,-35.947002606429194,-41.44389306867292,-26.53407525181693,-17.907834305725938,-28.115942028985504,-60.16949152542373,-72.22222222222221,-25.26997840172787,-28.888888888888893,-56.30507290152926,-66.31788548399435,True
MRI-ESM2-0,351008,detqm,validation,historical,2003,2014,4383,49.98859228838695,928.0785896472044,5.083041111714493,2.543991018509145,5.214746960336069,6.442803546690928,3.212166618751962,10.417837682438796,14.324526813353344,31.572641046483565,52.78891865976334,112.93151044630213,19.416666666666668,4.583333333333333,0.75,28.83333333333333,21.25,196.11089848577805,79.47038398892772,4355,40.34443168771527,1038.25,7.091064314171884,2.950011481056257,7.324940993951135,10.207165336579784,4.0,15.8,23.019999999999985,49.97600000000002,63.82500000000001,128.46666666666667,28.75,9.833333333333334,1.5,38.583333333333336,30.0,411.35833333333335,184.725,23.90456426632052,-10.61126032774337,-28.31765604557056,-13.763351944709555,-28.80834173760094,-36.87960041558628,-19.69583453120095,-34.064318465577244,-37.7735585866492,-36.82439361596856,-17.291157603191017,-12.092752636505873,-32.463768115942024,-53.38983050847458,-50.0,-25.26997840172787,-29.166666666666668,-52.32601783057479,-56.979085673878615,True
MRI-ESM2-0,351008,qdm,validation,historical,2003,2014,4383,48.756559434177504,916.8517663797588,5.148442300681846,2.525543297317434,5.07390703624962,6.273202322355555,3.32302101156107,10.46169154135244,14.292202961990318,30.263621412422516,49.76919649295703,109.32648846214784,19.58333333333333,4.416666666666667,0.6666666666666666,31.08333333333333,21.25,190.37114145990225,76.0778046636077,4355,40.34443168771527,1038.25,7.091064314171884,2.950011481056257,7.324940993951135,10.207165336579784,4.0,15.8,23.019999999999985,49.97600000000002,63.82500000000001,128.46666666666667,28.75,9.833333333333334,1.5,38.583333333333336,30.0,411.35833333333335,184.725,20.85077765272796,-11.692582096820734,-27.39535177543942,-14.388695992018352,-30.7310865652078,-38.54119027665737,-16.924474710973247,-33.78676239650355,-37.91397496963367,-39.44369014642528,-22.022410508488804,-14.898945151415802,-31.884057971014496,-55.08474576271187,-55.55555555555557,-19.438444924406056,-29.166666666666668,-53.72133586858929,-58.8156423528988,True
MRI-ESM2-0,351009,raw,validation,historical,2003,2014,4383,47.59297284964636,764.7863333333335,4.3995378715244495,2.2828254620123203,3.92023596780094,4.862930856723144,2.668,9.649,13.78425,24.5776,32.13083333333333,84.74341666666666,16.083333333333332,3.5,0.0833333333333333,31.166666666666668,20.08333333333333,206.9985,98.83991666666668,4383,62.582705909194615,1140.9083333333333,4.991213999270872,3.237782340862424,4.133892245155648,4.364028005110439,3.7,10.0,12.8,20.315999999999985,29.70833333333333,82.75833333333334,23.666666666666668,2.5,0.0833333333333333,35.333333333333336,80.33333333333333,211.24166666666667,75.76666666666667,-23.95187750637988,-32.96689041626188,-11.854353025794031,-29.494165398275,-5.168404609604512,11.432164299323288,-27.89189189189189,-3.509999999999991,7.689453124999995,20.97657019098257,8.154277699859735,2.3986506897593247,-32.04225352112677,40.0,0.0,-11.792452830188685,-75.0,-2.008678843346878,30.45303563572372,True
MRI-ESM2-0,351009,qm,validation,historical,2003,2014,4383,60.369609856262834,1028.6651818844325,4.665148217162958,2.816331777917679,3.6191986243045946,3.61556717387044,3.6,9.5,11.9,17.508669147088256,23.26426367612679,71.1399451988312,19.08333333333333,1.1666666666666667,0.0,20.166666666666668,30.0,132.7499441644212,34.389586845059135,4383,62.582705909194615,1140.9083333333333,4.991213999270872,3.237782340862424,4.133892245155648,4.364028005110439,3.7,10.0,12.8,20.315999999999985,29.70833333333333,82.75833333333334,23.666666666666668,2.5,0.0833333333333333,35.333333333333336,80.33333333333333,211.24166666666667,75.76666666666667,-3.536274152387896,-9.838051679486464,-6.532795070608992,-13.016642830675448,-12.450581445469544,-17.15068808824148,-2.702702702702705,-5.0,-7.031250000000002,-13.818324733765166,-21.69111806072328,-14.03893440882345,-19.366197183098603,-53.33333333333333,-100.0,-42.9245283018868,-62.65560165975104,-37.15731074310409,-54.61119202147936,True
MRI-ESM2-0,351009,detqm,validation,historical,2003,2014,4383,60.369609856262834,987.3564035684008,4.4778068189043125,2.7032345066896672,3.4479813328145896,3.4273509479622777,3.512911497440857,8.91079989594754,10.881457565243627,17.155056820434062,22.82933618592735,67.65923680474629,15.0,1.4166666666666667,0.0,20.166666666666668,30.0,110.16573608904196,35.51874806738872,4383,62.582705909194615,1140.9083333333333,4.991213999270872,3.237782340862424,4.133892245155648,4.364028005110439,3.7,10.0,12.8,20.315999999999985,29.70833333333333,82.75833333333334,23.666666666666668,2.5,0.0833333333333333,35.333333333333336,80.33333333333333,211.24166666666667,75.76666666666667,-3.536274152387896,-13.458743816543755,-10.286218552070874,-16.50969021068824,-16.592375215992906,-21.463589510683185,-5.056446015111982,-10.892001040524608,-14.988612771534155,-15.55888550682184,-23.15510961258676,-18.24480498872668,-36.61971830985916,-43.33333333333333,-100.0,-42.9245283018868,-62.65560165975104,-47.84848187034978,-53.12087804568141,True
MRI-ESM2-0,351009,qdm,validation,historical,2003,2014,4383,59.3657312343144,978.495823099424,4.512663288698343,2.688953742390084,3.449082461042981,3.440561296405501,3.594780299722688,8.960327940194832,10.840178046000794,17.405983215585376,23.02746920553504,67.69739967577344,14.666666666666666,1.3333333333333333,0.0,21.25,29.166666666666668,111.71876638913297,32.523843172044074,4383,62.582705909194615,1140.9083333333333,4.991213999270872,3.237782340862424,4.133892245155648,4.364028005110439,3.7,10.0,12.8,20.315999999999985,29.70833333333333,82.75833333333334,23.666666666666668,2.5,0.0833333333333333,35.333333333333336,80.33333333333333,211.24166666666667,75.76666666666667,-5.140357273058696,-14.235368915169284,-9.587862003962082,-16.950756434299187,-16.565738618735644,-21.160879527434822,-2.843775683170597,-10.396720598051685,-15.311109015618802,-14.323768381643092,-22.488182197357517,-18.1986913594521,-38.02816901408451,-46.66666666666667,-100.0,-39.85849056603774,-63.69294605809128,-47.11329059648919,-57.07367817152124,True
MRI-ESM2-0,351010,raw,validation,historical,2003,2014,4383,40.01825233858088,670.5591666666667,4.587633979475485,2.0277056810403837,3.939306164431314,5.266977773931329,2.6905,10.5284,14.361349999999993,26.53981,34.97833333333333,84.24999999999999,15.833333333333334,3.6666666666666665,0.0833333333333333,36.0,18.33333333333333,171.37166666666667,87.21875,4383,61.054072553045856,1118.8166666666668,5.017115097159941,3.183185033082364,4.202766653503559,4.49956492719434,3.7,10.4,12.9,21.45,30.425,87.3,24.416666666666668,2.75,0.25,38.333333333333336,67.5,171.35000000000002,71.28333333333335,-34.454409566517185,-40.065321991985584,-8.56032021126193,-36.29947175653496,-6.268739399381505,17.05526776819956,-27.283783783783782,1.2346153846153938,11.328294573643351,23.72871794871795,14.965762804711044,-3.493699885452476,-35.153583617747444,33.33333333333333,-66.66666666666667,-6.086956521739136,-72.8395061728395,0.0126446843692132,22.35503857844281,True
MRI-ESM2-0,351010,qm,validation,historical,2003,2014,4383,57.17545060460871,1026.6973694319545,4.916348137742798,2.810944201045734,4.0166656927135165,4.226997037291619,3.7,10.4,13.3,21.458138980017853,27.19475545479953,79.23033916693045,22.666666666666668,2.6666666666666665,0.0,22.166666666666668,30.916666666666668,161.26612581636832,60.59539492822572,4383,61.054072553045856,1118.8166666666668,5.017115097159941,3.183185033082364,4.202766653503559,4.49956492719434,3.7,10.4,12.9,21.45,30.425,87.3,24.416666666666668,2.75,0.25,38.333333333333336,67.5,171.35000000000002,71.28333333333335,-6.352765321375186,-8.233636482120625,-2.008464176438463,-11.693974059565711,-4.428058375187287,-6.057649890890202,0.0,0.0,3.1007751937984525,0.0379439627871989,-10.61707327921271,-9.24359774692961,-7.167235494880546,-3.030303030303036,-100.0,-42.17391304347826,-54.197530864197525,-5.884957212507561,-14.99360075535322,True
MRI-ESM2-0,351010,detqm,validation,historical,2003,2014,4383,57.17545060460871,1001.4290756395876,4.795350721338807,2.741763382996817,3.903889805665131,4.099801536707616,3.5567526952308186,10.031866576292051,12.859028975065268,21.15890551344216,26.61160923701232,77.31647517454839,21.0,2.5,0.0,22.166666666666668,30.916666666666668,149.18534786839936,52.12794041249137,4383,61.054072553045856,1118.8166666666668,5.017115097159941,3.183185033082364,4.202766653503559,4.49956492719434,3.7,10.4,12.9,21.45,30.425,87.3,24.416666666666668,2.75,0.25,38.333333333333336,67.5,171.35000000000002,71.28333333333335,-6.352765321375186,-10.492120337893834,-4.420157232323985,-13.867294722044663,-7.111430932984933,-8.884489877468962,-3.871548777545448,-3.5397444587302616,-0.3176048444552897,-1.3570838534165135,-12.533741209491131,-11.435881816095774,-13.993174061433452,-9.090909090909092,-100.0,-42.17391304347826,-54.197530864197525,-12.935309093434874,-26.872190209270943,True
MRI-ESM2-0,351010,qdm,validation,historical,2003,2014,4383,56.49098790782569,994.8523380548193,4.821578375063744,2.7305554511778376,3.930780889525767,4.158239134347824,3.6022517773014338,9.988485061319636,12.905705144679828,21.43423826673545,27.56572308433195,78.53447066783498,20.666666666666668,2.6666666666666665,0.0,22.58333333333333,29.916666666666668,153.1417301797584,55.55596226085786,4383,61.054072553045856,1118.8166666666668,5.017115097159941,3.183185033082364,4.202766653503559,4.49956492719434,3.7,10.4,12.9,21.45,30.425,87.3,24.416666666666668,2.75,0.25,38.333333333333336,67.5,171.35000000000002,71.28333333333335,-7.473841554559037,-11.079950120977312,-3.897393587938317,-14.219392752869062,-6.471588513034768,-7.585751030807909,-2.641843856718012,-3.956874410388133,0.0442259277506043,-0.0734812739606096,-9.397787726106976,-10.040697974988564,-15.358361774744026,-3.030303030303036,-100.0,-41.08695652173914,-55.679012345679006,-10.626361143998604,-22.063181303449355,True
MRI-ESM2-0,351011,raw,validation,historical,2003,2014,4383,47.59297284964636,764.7863333333335,4.3995378715244495,2.2828254620123203,3.92023596780094,4.862930856723144,2.668,9.649,13.78425,24.5776,32.13083333333333,84.74341666666666,16.083333333333332,3.5,0.0833333333333333,31.166666666666668,20.08333333333333,4.557666666666667,0.0,4383,25.644535706137347,1097.1833333333334,11.71370106761566,3.0422313483915127,10.2173523319798,17.494523987494723,5.6,27.510000000000016,41.7,87.44099999999995,104.975,174.70000000000002,31.916666666666668,15.75,2.9166666666666665,44.75,9.583333333333334,333.3,124.3,85.58718861209964,-30.29548389056827,-62.44109486720936,-24.962134677256056,-61.631586731811154,-72.20312561691179,-52.35714285714285,-64.9254816430389,-66.94424460431655,-71.8923617067508,-69.39191871080416,-51.49203396298417,-49.60835509138381,-77.77777777777777,-97.14285714285714,-30.35381750465549,109.56521739130432,-98.63256325632564,-100.0,True
MRI-ESM2-0,351011,qm,validation,historical,2003,2014,4383,19.50718685831622,786.0159866676207,11.031803321650816,2.1519944877963604,8.203977050125106,15.725078748199566,5.9,25.0,35.13459459459459,81.25031286840921,88.34518567108904,179.38944819265024,23.58333333333333,10.833333333333334,1.9166666666666667,78.08333333333333,10.666666666666666,188.87834473713667,76.27567691868266,4383,25.644535706137347,1097.1833333333334,11.71370106761566,3.0422313483915127,10.2173523319798,17.494523987494723,5.6,27.510000000000016,41.7,87.44099999999995,104.975,174.70000000000002,31.916666666666668,15.75,2.9166666666666665,44.75,9.583333333333334,333.3,124.3,-23.93238434163701,-28.36056082991715,-5.821368857107468,-29.262628598769712,-19.70545026183477,-10.114280563220674,5.35714285714287,-9.123954925481696,-15.744377470996197,-7.079844845771135,-15.84169023949604,2.684286315197606,-26.10966057441254,-31.21693121693121,-34.28571428571428,74.48789571694599,11.304347826086945,-43.33082966182518,-38.63581905174363,True
MRI-ESM2-0,351011,detqm,validation,historical,2003,2014,4383,19.50718685831622,820.7439790764435,11.519213741423767,2.247074549148374,8.585050032756753,16.469625913783297,6.225496911831232,25.016003353838222,36.92259150430947,82.14859499470583,95.09524329575076,187.00957768293347,24.666666666666668,11.166666666666666,2.1666666666666665,78.08333333333333,10.666666666666666,206.55069167450893,75.05035512129729,4383,25.644535706137347,1097.1833333333334,11.71370106761566,3.0422313483915127,10.2173523319798,17.494523987494723,5.6,27.510000000000016,41.7,87.44099999999995,104.975,174.70000000000002,31.916666666666668,15.75,2.9166666666666665,44.75,9.583333333333334,333.3,124.3,-23.93238434163701,-25.195365793339604,-1.660340528320141,-26.13728898900321,-15.975785567402069,-5.858393600443401,11.169587711272015,-9.065782065291865,-11.456615097579208,-6.0525440071523855,-9.411532940461296,7.046123459034601,-22.7154046997389,-29.1005291005291,-25.714285714285715,74.48789571694599,11.304347826086945,-38.02859535718304,-39.62159684529583,True
MRI-ESM2-0,351011,qdm,validation,historical,2003,2014,4383,19.005247547342,816.3838385292462,11.76063152743212,2.240143630625809,8.628701944188865,16.735298042072785,6.396979655712051,26.170947237347264,38.0581279515538,83.64599528728523,93.94258222141872,187.57182400523843,24.5,11.166666666666666,2.1666666666666665,80.16666666666667,10.416666666666666,208.5052852823661,83.89442308272508,4383,25.644535706137347,1097.1833333333334,11.71370106761566,3.0422313483915127,10.2173523319798,17.494523987494723,5.6,27.510000000000016,41.7,87.44099999999995,104.975,174.70000000000002,31.916666666666668,15.75,2.9166666666666665,44.75,9.583333333333334,333.3,124.3,-25.88967971530249,-25.59275977616204,0.4006458722615577,-26.365112508283865,-15.548552464208743,-4.339791959842072,14.23177956628663,-4.867512768639592,-8.73350611138178,-4.340074693467272,-10.509566828846175,7.367958789489644,-23.237597911227155,-29.1005291005291,-25.714285714285715,79.14338919925513,8.69565217391303,-37.44215863115329,-32.50649792218416,True
MRI-ESM2-0,351012,raw,validation,historical,2003,2014,4383,40.01825233858088,670.5591666666667,4.587633979475485,2.0277056810403837,3.939306164431314,5.266977773931329,2.6905,10.5284,14.361349999999993,26.53981,34.97833333333333,84.24999999999999,15.833333333333334,3.6666666666666665,0.0833333333333333,36.0,18.33333333333333,9.230416666666668,0.0,4383,21.6746520647958,887.6083333333335,11.211894736842106,2.470910335386721,9.498049970029244,17.855301656627983,4.8,27.2,43.34999999999995,80.77099999999999,100.90833333333336,179.25833333333333,24.416666666666668,12.083333333333334,3.1666666666666665,56.333333333333336,7.583333333333333,285.62499999999994,98.875,84.63157894736842,-24.45325922657329,-59.0824380075511,-17.93689750692521,-58.5251059231984,-70.50188299688458,-43.94791666666666,-61.292647058823526,-66.87116493656283,-67.14190736774337,-65.33652655049963,-53.0007902933383,-35.153583617747444,-69.65517241379311,-97.36842105263158,-36.09467455621302,141.75824175824175,-96.76834427425236,-100.0,True
MRI-ESM2-0,351012,qm,validation,historical,2003,2014,4383,17.864476386036962,803.5898581495013,12.315553381601552,2.200109125665986,9.40925341000821,19.27099064674229,5.6,27.9,45.03471206479395,104.41004012587796,106.86786541428576,201.70659351048548,22.33333333333333,10.666666666666666,2.9166666666666665,93.91666666666669,11.333333333333334,274.78559288230446,120.60810947605842,4383,21.6746520647958,887.6083333333335,11.211894736842106,2.470910335386721,9.498049970029244,17.855301656627983,4.8,27.2,43.34999999999995,80.77099999999999,100.90833333333336,179.25833333333333,24.416666666666668,12.083333333333334,3.1666666666666665,56.333333333333336,7.583333333333333,285.62499999999994,98.875,-17.578947368421044,-9.46571500385855,9.843640799916203,-10.959572504210376,-0.9348925337435252,7.928675848435172,16.666666666666664,2.5735294117647034,3.886302340931951,29.266741931978043,5.90588694123617,12.522854452411597,-8.532423208191135,-11.724137931034493,-7.894736842105264,66.71597633136095,49.45054945054947,-3.794978421950281,21.980388850627985,True
MRI-ESM2-0,351012,detqm,validation,historical,2003,2014,4383,17.864476386036962,802.5491421956953,12.299603711811422,2.197259800672677,9.403713112002686,19.264212982752426,5.612306992854982,27.96131519654536,45.02051917912815,104.63286350122782,106.87770453616577,201.6479447634389,22.25,10.666666666666666,3.0,93.91666666666669,11.333333333333334,274.7362527368602,120.58183107710116,4383,21.6746520647958,887.6083333333335,11.211894736842106,2.470910335386721,9.498049970029244,17.855301656627983,4.8,27.2,43.34999999999995,80.77099999999999,100.90833333333336,179.25833333333333,24.416666666666668,12.083333333333334,3.1666666666666665,56.333333333333336,7.583333333333333,285.62499999999994,98.875,-17.578947368421044,-9.582964461161158,9.701384114810862,-11.074887291335708,-0.9932234334861708,7.890717016261931,16.923062351145454,2.798952928475579,3.8535621202495984,29.542612449057007,5.915637495580892,12.490137007171528,-8.873720136518775,-11.724137931034493,-5.263157894736837,66.71597633136095,49.45054945054947,-3.8122528711211374,21.953811455980954,True
MRI-ESM2-0,351012,qdm,validation,historical,2003,2014,4383,17.704768423454254,796.5608592784092,12.31795143214035,2.1824553997448275,9.346644917225056,19.208073442954955,5.654802289993766,27.952042458997305,44.33762426867435,98.4313048166811,105.88709397355652,199.9448333088279,22.25,10.666666666666666,2.75,95.08333333333331,11.333333333333334,260.5599682251869,105.33421486715795,4383,21.6746520647958,887.6083333333335,11.211894736842106,2.470910335386721,9.498049970029244,17.855301656627983,4.8,27.2,43.34999999999995,80.77099999999999,100.90833333333336,179.25833333333333,24.416666666666668,12.083333333333334,3.1666666666666665,56.333333333333336,7.583333333333333,285.62499999999994,98.875,-18.31578947368421,-10.257618212416238,9.865029250263634,-11.674034929994656,-1.5940646057026588,7.576303175056221,17.808381041536798,2.76486198160774,2.2782566751427824,21.864660356664054,4.933943982383204,11.54004926344358,-8.873720136518775,-11.724137931034493,-13.1578947368421,68.78698224852069,49.45054945054947,-8.775503466017705,6.5327078302482615,True
MRI-ESM2-0,351201,raw,validation,historical,2003,2014,4383,47.59297284964636,764.7863333333335,4.3995378715244495,2.2828254620123203,3.92023596780094,4.862930856723144,2.668,9.649,13.78425,24.5776,32.13083333333333,84.74341666666666,16.083333333333332,3.5,0.0833333333333333,31.166666666666668,20.08333333333333,7.952416666666667,0.0,4321,26.081925480212917,1034.375,11.013753327417923,2.9156676695209445,9.807500546383295,16.737824153456426,5.1,28.279999999999998,39.870000000000005,79.792,93.48333333333336,169.6833333333333,29.166666666666668,14.916666666666666,3.0,47.833333333333336,8.416666666666666,310.02500000000003,135.35833333333332,82.4749207482892,-26.062952668680754,-60.05414556932081,-21.704881325264434,-60.028185068553455,-70.94645748372898,-47.68627450980392,-65.88048090523337,-65.42701279157261,-69.19791457790254,-65.6293456944197,-50.05790197426579,-44.85714285714286,-76.536312849162,-97.2222222222222,-34.84320557491289,138.6138613861386,-97.43491116307824,-100.0,True
MRI-ESM2-0,351201,qm,validation,historical,2003,2014,4383,20.876112251882272,779.575853366101,10.223945617916078,2.134362363767559,7.393574289406595,13.389651334044991,5.1,26.60542211786454,34.70731857492906,71.791928062455,69.77729221008308,162.17859726948743,23.58333333333333,11.166666666666666,2.0,73.83333333333333,11.75,165.62072318293326,55.76312643180168,4321,26.081925480212917,1034.375,11.013753327417923,2.9156676695209445,9.807500546383295,16.737824153456426,5.1,28.279999999999998,39.870000000000005,79.792,93.48333333333336,169.6833333333333,29.166666666666668,14.916666666666666,3.0,47.833333333333336,8.416666666666666,310.02500000000003,135.35833333333332,-19.9594666899882,-24.633150127748543,-7.171104037128537,-26.79678873970424,-24.61306268157062,-20.003632423871665,0.0,-5.921421082515756,-12.948787120820022,-10.026157932555895,-25.358574922357217,-4.422789154609089,-19.14285714285715,-25.139664804469277,-33.333333333333336,54.35540069686409,39.60396039603961,-46.57826846772575,-58.803329607731314,True
MRI-ESM2-0,351201,detqm,validation,historical,2003,2014,4383,20.876112251882272,814.8681863557116,10.686795886632282,2.230987505422893,7.632132962025714,13.74050993686237,5.486710066510366,27.188037476815285,35.018303467551675,68.35120034701424,72.13602803975665,165.78474415606726,24.25,11.5,2.1666666666666665,73.83333333333333,11.75,187.88594347066373,51.989473845811006,4321,26.081925480212917,1034.375,11.013753327417923,2.9156676695209445,9.807500546383295,16.737824153456426,5.1,28.279999999999998,39.870000000000005,79.792,93.48333333333336,169.6833333333333,29.166666666666668,14.916666666666666,3.0,47.833333333333336,8.416666666666666,310.02500000000003,135.35833333333332,-19.9594666899882,-21.2212025275445,-2.9686286869318628,-23.48279165199053,-22.180652186247304,-17.90743043488779,7.582550323732667,-3.861253618050597,-12.168789898290266,-14.338279091871064,-22.835413043583557,-2.297567533994331,-16.85714285714286,-22.90502793296089,-27.777777777777786,54.35540069686409,39.60396039603961,-39.39651851603461,-61.59122784277952,True
MRI-ESM2-0,351201,qdm,validation,historical,2003,2014,4383,20.55669632671686,809.1212714426989,10.776309941523182,2.2184388131724666,7.627251885818279,13.818164666739577,5.596294490492443,27.197638608746992,35.7124358525375,69.95877537545557,72.32192416161074,165.8395115770226,24.25,11.583333333333334,2.1666666666666665,74.58333333333333,11.25,197.2876391578401,51.56608286195516,4321,26.081925480212917,1034.375,11.013753327417923,2.9156676695209445,9.807500546383295,16.737824153456426,5.1,28.279999999999998,39.870000000000005,79.792,93.48333333333336,169.6833333333333,29.166666666666668,14.916666666666666,3.0,47.833333333333336,8.416666666666666,310.02500000000003,135.35833333333332,-21.18413058762772,-21.7767955100714,-2.155880732353458,-23.91317994286486,-22.230420995174207,-17.44348285624645,9.731264519459682,-3.8273033636952,-10.4278007209995,-12.323572068057484,-22.636558215428,-2.2652912815896578,-16.85714285714286,-22.34636871508379,-27.777777777777786,55.92334494773517,33.66336633663367,-36.3639580169857,-61.90402054155872,True
