2026-09-09 07:01:40,756 [INFO] Starting pipeline execution: CMIP6_PrachuapKhiriKhan_Rainfall_Trend_Analysis v3.0.0
2026-09-09 07:01:57,192 [INFO] Starting pipeline execution: CMIP6_PrachuapKhiriKhan_Rainfall_Trend_Analysis v3.0.0
2026-09-09 07:01:57,504 [INFO] Using categorical units to plot a list of strings that are all parsable as floats or dates. If these strings should be plotted as numbers, cast to the appropriate data type before plotting.
2026-09-09 07:01:57,505 [INFO] Using categorical units to plot a list of strings that are all parsable as floats or dates. If these strings should be plotted as numbers, cast to the appropriate data type before plotting.
2026-09-09 07:08:40,677 [INFO] Starting pipeline execution: CMIP6_PrachuapKhiriKhan_Rainfall_Trend_Analysis v3.0.0
2026-09-09 07:08:40,981 [INFO] Using categorical units to plot a list of strings that are all parsable as floats or dates. If these strings should be plotted as numbers, cast to the appropriate data type before plotting.
2026-09-09 07:08:40,982 [INFO] Using categorical units to plot a list of strings that are all parsable as floats or dates. If these strings should be plotted as numbers, cast to the appropriate data type before plotting.
2026-09-09 07:10:49,622 [INFO] Starting pipeline execution: CMIP6_PrachuapKhiriKhan_Rainfall_Trend_Analysis v3.0.0
2026-09-09 07:10:49,927 [INFO] Using categorical units to plot a list of strings that are all parsable as floats or dates. If these strings should be plotted as numbers, cast to the appropriate data type before plotting.
2026-09-09 07:10:49,927 [INFO] Using categorical units to plot a list of strings that are all parsable as floats or dates. If these strings should be plotted as numbers, cast to the appropriate data type before plotting.
2026-09-09 07:13:53,209 [INFO] Starting pipeline execution: CMIP6_PrachuapKhiriKhan_Rainfall_Trend_Analysis v3.0.0
2026-09-09 07:13:53,497 [INFO] Using categorical units to plot a list of strings that are all parsable as floats or dates. If these strings should be plotted as numbers, cast to the appropriate data type before plotting.
2026-09-09 07:13:53,497 [INFO] Using categorical units to plot a list of strings that are all parsable as floats or dates. If these strings should be plotted as numbers, cast to the appropriate data type before plotting.
2026-09-09 07:30:28,433 [INFO] Starting pipeline execution: CMIP6_PrachuapKhiriKhan_Rainfall_Trend_Analysis v3.0.0
2026-09-09 07:30:43,506 [INFO] Starting pipeline execution: CMIP6_PrachuapKhiriKhan_Rainfall_Trend_Analysis v3.0.0
2026-09-09 07:30:47,010 [INFO] maxp pruned
2026-09-09 07:30:47,024 [INFO] cmap pruned
2026-09-09 07:30:47,031 [INFO] kern dropped
2026-09-09 07:30:47,031 [INFO] post pruned
2026-09-09 07:30:47,032 [INFO] FFTM dropped
2026-09-09 07:30:47,034 [INFO] GPOS pruned
2026-09-09 07:30:47,037 [INFO] GSUB pruned
2026-09-09 07:30:47,074 [INFO] glyf pruned
2026-09-09 07:30:47,075 [INFO] Added gid0 to subset
2026-09-09 07:30:47,075 [INFO] Added first four glyphs to subset
2026-09-09 07:30:47,075 [INFO] Closing glyph list over 'GSUB': 49 glyphs before
2026-09-09 07:30:47,075 [INFO] Glyph names: ['.notdef', '.null', 'A', 'C', 'D', 'G', 'H', 'I', 'L', 'N', 'R', 'S', 'T', 'a', 'ampersand', 'b', 'c', 'd', 'e', 'eight', 'five', 'four', 'g', 'h', 'i', 'k', 'l', 'm', 'n', 'nine', 'nonmarkingreturn', 'o', 'one', 'p', 'parenleft', 'parenright', 'period', 'r', 'seven', 'six', 'space', 't', 'three', 'two', 'u', 'w', 'x', 'y', 'zero']
2026-09-09 07:30:47,076 [INFO] Glyph IDs:   [0, 1, 2, 3, 9, 11, 12, 17, 19, 20, 21, 22, 23, 24, 25, 26, 27, 28, 36, 38, 39, 42, 43, 44, 47, 49, 53, 54, 55, 68, 69, 70, 71, 72, 74, 75, 76, 78, 79, 80, 81, 82, 83, 85, 87, 88, 90, 91, 92]
2026-09-09 07:30:47,080 [INFO] Closed glyph list over 'GSUB': 49 glyphs after
2026-09-09 07:30:47,080 [INFO] Glyph names: ['.notdef', '.null', 'A', 'C', 'D', 'G', 'H', 'I', 'L', 'N', 'R', 'S', 'T', 'a', 'ampersand', 'b', 'c', 'd', 'e', 'eight', 'five', 'four', 'g', 'h', 'i', 'k', 'l', 'm', 'n', 'nine', 'nonmarkingreturn', 'o', 'one', 'p', 'parenleft', 'parenright', 'period', 'r', 'seven', 'six', 'space', 't', 'three', 'two', 'u', 'w', 'x', 'y', 'zero']
2026-09-09 07:30:47,080 [INFO] Glyph IDs:   [0, 1, 2, 3, 9, 11, 12, 17, 19, 20, 21, 22, 23, 24, 25, 26, 27, 28, 36, 38, 39, 42, 43, 44, 47, 49, 53, 54, 55, 68, 69, 70, 71, 72, 74, 75, 76, 78, 79, 80, 81, 82, 83, 85, 87, 88, 90, 91, 92]
2026-09-09 07:30:47,080 [INFO] Closing glyph list over 'glyf': 49 glyphs before
2026-09-09 07:30:47,080 [INFO] Glyph names: ['.notdef', '.null', 'A', 'C', 'D', 'G', 'H', 'I', 'L', 'N', 'R', 'S', 'T', 'a', 'ampersand', 'b', 'c', 'd', 'e', 'eight', 'five', 'four', 'g', 'h', 'i', 'k', 'l', 'm', 'n', 'nine', 'nonmarkingreturn', 'o', 'one', 'p', 'parenleft', 'parenright', 'period', 'r', 'seven', 'six', 'space', 't', 'three', 'two', 'u', 'w', 'x', 'y', 'zero']
2026-09-09 07:30:47,080 [INFO] Glyph IDs:   [0, 1, 2, 3, 9, 11, 12, 17, 19, 20, 21, 22, 23, 24, 25, 26, 27, 28, 36, 38, 39, 42, 43, 44, 47, 49, 53, 54, 55, 68, 69, 70, 71, 72, 74, 75, 76, 78, 79, 80, 81, 82, 83, 85, 87, 88, 90, 91, 92]
2026-09-09 07:30:47,081 [INFO] Closed glyph list over 'glyf': 49 glyphs after
2026-09-09 07:30:47,081 [INFO] Glyph names: ['.notdef', '.null', 'A', 'C', 'D', 'G', 'H', 'I', 'L', 'N', 'R', 'S', 'T', 'a', 'ampersand', 'b', 'c', 'd', 'e', 'eight', 'five', 'four', 'g', 'h', 'i', 'k', 'l', 'm', 'n', 'nine', 'nonmarkingreturn', 'o', 'one', 'p', 'parenleft', 'parenright', 'period', 'r', 'seven', 'six', 'space', 't', 'three', 'two', 'u', 'w', 'x', 'y', 'zero']
2026-09-09 07:30:47,081 [INFO] Glyph IDs:   [0, 1, 2, 3, 9, 11, 12, 17, 19, 20, 21, 22, 23, 24, 25, 26, 27, 28, 36, 38, 39, 42, 43, 44, 47, 49, 53, 54, 55, 68, 69, 70, 71, 72, 74, 75, 76, 78, 79, 80, 81, 82, 83, 85, 87, 88, 90, 91, 92]
2026-09-09 07:30:47,081 [INFO] Retaining 49 glyphs
2026-09-09 07:30:47,082 [INFO] head subsetting not needed
2026-09-09 07:30:47,082 [INFO] hhea subsetting not needed
2026-09-09 07:30:47,082 [INFO] maxp subsetting not needed
2026-09-09 07:30:47,082 [INFO] OS/2 subsetting not needed
2026-09-09 07:30:47,086 [INFO] hmtx subsetted
2026-09-09 07:30:47,088 [INFO] cmap subsetted
2026-09-09 07:30:47,088 [INFO] fpgm subsetting not needed
2026-09-09 07:30:47,088 [INFO] prep subsetting not needed
2026-09-09 07:30:47,088 [INFO] cvt  subsetting not needed
2026-09-09 07:30:47,088 [INFO] loca subsetting not needed
2026-09-09 07:30:47,088 [INFO] post subsetted
2026-09-09 07:30:47,088 [INFO] gasp subsetting not needed
2026-09-09 07:30:47,090 [INFO] GDEF subsetted
2026-09-09 07:30:47,115 [INFO] GPOS subsetted
2026-09-09 07:30:47,117 [INFO] GSUB subsetted
2026-09-09 07:30:47,117 [INFO] name subsetting not needed
2026-09-09 07:30:47,118 [INFO] glyf subsetted
2026-09-09 07:30:47,118 [INFO] head pruned
2026-09-09 07:30:47,119 [INFO] OS/2 Unicode ranges pruned: [0]
2026-09-09 07:30:47,119 [INFO] OS/2 CodePage ranges pruned: [0]
2026-09-09 07:30:47,120 [INFO] glyf pruned
2026-09-09 07:30:47,120 [INFO] GDEF pruned
2026-09-09 07:30:47,120 [INFO] GPOS pruned
2026-09-09 07:30:47,120 [INFO] GSUB pruned
2026-09-09 07:30:47,129 [INFO] name pruned
2026-09-09 07:30:47,139 [INFO] maxp pruned
2026-09-09 07:30:47,148 [INFO] cmap pruned
2026-09-09 07:30:47,149 [INFO] kern dropped
2026-09-09 07:30:47,149 [INFO] post pruned
2026-09-09 07:30:47,149 [INFO] FFTM dropped
2026-09-09 07:30:47,152 [INFO] GPOS pruned
2026-09-09 07:30:47,155 [INFO] GSUB pruned
2026-09-09 07:30:47,160 [INFO] glyf pruned
2026-09-09 07:30:47,161 [INFO] Added gid0 to subset
2026-09-09 07:30:47,161 [INFO] Added first four glyphs to subset
2026-09-09 07:30:47,161 [INFO] Closing glyph list over 'GSUB': 15 glyphs before
2026-09-09 07:30:47,161 [INFO] Glyph names: ['.notdef', '.null', 'A', 'D', 'F', 'G', 'H', 'I', 'L', 'N', 'O', 'T', 'U', 'nonmarkingreturn', 'space']
2026-09-09 07:30:47,162 [INFO] Glyph IDs:   [0, 1, 2, 3, 36, 39, 41, 42, 43, 44, 47, 49, 50, 55, 56]
2026-09-09 07:30:47,163 [INFO] Closed glyph list over 'GSUB': 15 glyphs after
2026-09-09 07:30:47,163 [INFO] Glyph names: ['.notdef', '.null', 'A', 'D', 'F', 'G', 'H', 'I', 'L', 'N', 'O', 'T', 'U', 'nonmarkingreturn', 'space']
2026-09-09 07:30:47,163 [INFO] Glyph IDs:   [0, 1, 2, 3, 36, 39, 41, 42, 43, 44, 47, 49, 50, 55, 56]
2026-09-09 07:30:47,163 [INFO] Closing glyph list over 'glyf': 15 glyphs before
2026-09-09 07:30:47,164 [INFO] Glyph names: ['.notdef', '.null', 'A', 'D', 'F', 'G', 'H', 'I', 'L', 'N', 'O', 'T', 'U', 'nonmarkingreturn', 'space']
2026-09-09 07:30:47,164 [INFO] Glyph IDs:   [0, 1, 2, 3, 36, 39, 41, 42, 43, 44, 47, 49, 50, 55, 56]
2026-09-09 07:30:47,164 [INFO] Closed glyph list over 'glyf': 15 glyphs after
2026-09-09 07:30:47,164 [INFO] Glyph names: ['.notdef', '.null', 'A', 'D', 'F', 'G', 'H', 'I', 'L', 'N', 'O', 'T', 'U', 'nonmarkingreturn', 'space']
2026-09-09 07:30:47,164 [INFO] Glyph IDs:   [0, 1, 2, 3, 36, 39, 41, 42, 43, 44, 47, 49, 50, 55, 56]
2026-09-09 07:30:47,165 [INFO] Retaining 15 glyphs
2026-09-09 07:30:47,165 [INFO] head subsetting not needed
2026-09-09 07:30:47,165 [INFO] hhea subsetting not needed
2026-09-09 07:30:47,165 [INFO] maxp subsetting not needed
2026-09-09 07:30:47,165 [INFO] OS/2 subsetting not needed
2026-09-09 07:30:47,168 [INFO] hmtx subsetted
2026-09-09 07:30:47,170 [INFO] cmap subsetted
2026-09-09 07:30:47,170 [INFO] fpgm subsetting not needed
2026-09-09 07:30:47,170 [INFO] prep subsetting not needed
2026-09-09 07:30:47,170 [INFO] cvt  subsetting not needed
2026-09-09 07:30:47,170 [INFO] loca subsetting not needed
2026-09-09 07:30:47,170 [INFO] post subsetted
2026-09-09 07:30:47,170 [INFO] gasp subsetting not needed
2026-09-09 07:30:47,172 [INFO] GDEF subsetted
2026-09-09 07:30:47,186 [INFO] GPOS subsetted
2026-09-09 07:30:47,187 [INFO] GSUB subsetted
2026-09-09 07:30:47,187 [INFO] name subsetting not needed
2026-09-09 07:30:47,188 [INFO] glyf subsetted
2026-09-09 07:30:47,189 [INFO] head pruned
2026-09-09 07:30:47,189 [INFO] OS/2 Unicode ranges pruned: [0]
2026-09-09 07:30:47,190 [INFO] OS/2 CodePage ranges pruned: [0]
2026-09-09 07:30:47,190 [INFO] glyf pruned
2026-09-09 07:30:47,191 [INFO] GDEF pruned
2026-09-09 07:30:47,191 [INFO] GPOS pruned
2026-09-09 07:30:47,192 [INFO] GSUB pruned
2026-09-09 07:30:47,195 [INFO] name pruned
2026-09-09 07:30:47,200 [INFO] maxp pruned
2026-09-09 07:30:47,210 [INFO] cmap pruned
2026-09-09 07:30:47,210 [INFO] kern dropped
2026-09-09 07:30:47,210 [INFO] post pruned
2026-09-09 07:30:47,211 [INFO] FFTM dropped
2026-09-09 07:30:47,212 [INFO] GPOS pruned
2026-09-09 07:30:47,215 [INFO] GSUB pruned
2026-09-09 07:30:47,221 [INFO] glyf pruned
2026-09-09 07:30:47,222 [INFO] Added gid0 to subset
2026-09-09 07:30:47,222 [INFO] Added first four glyphs to subset
2026-09-09 07:30:47,222 [INFO] Closing glyph list over 'GSUB': 48 glyphs before
2026-09-09 07:30:47,222 [INFO] Glyph names: ['.notdef', '.null', 'A', 'B', 'C', 'D', 'E', 'G', 'M', 'N', 'P', 'R', 'S', 'T', 'W', 'a', 'b', 'c', 'colon', 'd', 'e', 'eight', 'f', 'four', 'g', 'h', 'i', 'l', 'm', 'n', 'nonmarkingreturn', 'o', 'one', 'p', 'parenleft', 'parenright', 'period', 'r', 's', 'six', 'space', 't', 'three', 'two', 'u', 'v', 'y', 'zero']
2026-09-09 07:30:47,223 [INFO] Glyph IDs:   [0, 1, 2, 3, 11, 12, 17, 19, 20, 21, 22, 23, 25, 27, 29, 36, 37, 38, 39, 40, 42, 48, 49, 51, 53, 54, 55, 58, 68, 69, 70, 71, 72, 73, 74, 75, 76, 79, 80, 81, 82, 83, 85, 86, 87, 88, 89, 92]
2026-09-09 07:30:47,225 [INFO] Closed glyph list over 'GSUB': 53 glyphs after
2026-09-09 07:30:47,225 [INFO] Glyph names: ['.notdef', '.null', 'A', 'B', 'C', 'D', 'E', 'G', 'M', 'N', 'P', 'R', 'S', 'T', 'W', 'a', 'b', 'c', 'colon', 'd', 'e', 'eight', 'f', 'fi', 'fl', 'four', 'g', 'h', 'i', 'l', 'm', 'n', 'nonmarkingreturn', 'o', 'one', 'p', 'parenleft', 'parenright', 'period', 'r', 's', 'six', 'space', 't', 'three', 'two', 'u', 'uniFB00', 'uniFB03', 'uniFB04', 'v', 'y', 'zero']
2026-09-09 07:30:47,225 [INFO] Glyph IDs:   [0, 1, 2, 3, 11, 12, 17, 19, 20, 21, 22, 23, 25, 27, 29, 36, 37, 38, 39, 40, 42, 48, 49, 51, 53, 54, 55, 58, 68, 69, 70, 71, 72, 73, 74, 75, 76, 79, 80, 81, 82, 83, 85, 86, 87, 88, 89, 92, 4731, 4732, 4733, 4734, 4735]
2026-09-09 07:30:47,225 [INFO] Closing glyph list over 'glyf': 53 glyphs before
2026-09-09 07:30:47,226 [INFO] Glyph names: ['.notdef', '.null', 'A', 'B', 'C', 'D', 'E', 'G', 'M', 'N', 'P', 'R', 'S', 'T', 'W', 'a', 'b', 'c', 'colon', 'd', 'e', 'eight', 'f', 'fi', 'fl', 'four', 'g', 'h', 'i', 'l', 'm', 'n', 'nonmarkingreturn', 'o', 'one', 'p', 'parenleft', 'parenright', 'period', 'r', 's', 'six', 'space', 't', 'three', 'two', 'u', 'uniFB00', 'uniFB03', 'uniFB04', 'v', 'y', 'zero']
2026-09-09 07:30:47,226 [INFO] Glyph IDs:   [0, 1, 2, 3, 11, 12, 17, 19, 20, 21, 22, 23, 25, 27, 29, 36, 37, 38, 39, 40, 42, 48, 49, 51, 53, 54, 55, 58, 68, 69, 70, 71, 72, 73, 74, 75, 76, 79, 80, 81, 82, 83, 85, 86, 87, 88, 89, 92, 4731, 4732, 4733, 4734, 4735]
2026-09-09 07:30:47,226 [INFO] Closed glyph list over 'glyf': 53 glyphs after
2026-09-09 07:30:47,226 [INFO] Glyph names: ['.notdef', '.null', 'A', 'B', 'C', 'D', 'E', 'G', 'M', 'N', 'P', 'R', 'S', 'T', 'W', 'a', 'b', 'c', 'colon', 'd', 'e', 'eight', 'f', 'fi', 'fl', 'four', 'g', 'h', 'i', 'l', 'm', 'n', 'nonmarkingreturn', 'o', 'one', 'p', 'parenleft', 'parenright', 'period', 'r', 's', 'six', 'space', 't', 'three', 'two', 'u', 'uniFB00', 'uniFB03', 'uniFB04', 'v', 'y', 'zero']
2026-09-09 07:30:47,226 [INFO] Glyph IDs:   [0, 1, 2, 3, 11, 12, 17, 19, 20, 21, 22, 23, 25, 27, 29, 36, 37, 38, 39, 40, 42, 48, 49, 51, 53, 54, 55, 58, 68, 69, 70, 71, 72, 73, 74, 75, 76, 79, 80, 81, 82, 83, 85, 86, 87, 88, 89, 92, 4731, 4732, 4733, 4734, 4735]
2026-09-09 07:30:47,226 [INFO] Retaining 53 glyphs
2026-09-09 07:30:47,227 [INFO] head subsetting not needed
2026-09-09 07:30:47,227 [INFO] hhea subsetting not needed
2026-09-09 07:30:47,227 [INFO] maxp subsetting not needed
2026-09-09 07:30:47,227 [INFO] OS/2 subsetting not needed
2026-09-09 07:30:47,230 [INFO] hmtx subsetted
2026-09-09 07:30:47,233 [INFO] cmap subsetted
2026-09-09 07:30:47,234 [INFO] fpgm subsetting not needed
2026-09-09 07:30:47,234 [INFO] prep subsetting not needed
2026-09-09 07:30:47,234 [INFO] cvt  subsetting not needed
2026-09-09 07:30:47,234 [INFO] loca subsetting not needed
2026-09-09 07:30:47,234 [INFO] post subsetted
2026-09-09 07:30:47,234 [INFO] gasp subsetting not needed
2026-09-09 07:30:47,236 [INFO] GDEF subsetted
2026-09-09 07:30:47,252 [INFO] GPOS subsetted
2026-09-09 07:30:47,253 [INFO] GSUB subsetted
2026-09-09 07:30:47,253 [INFO] name subsetting not needed
2026-09-09 07:30:47,255 [INFO] glyf subsetted
2026-09-09 07:30:47,255 [INFO] head pruned
2026-09-09 07:30:47,255 [INFO] OS/2 Unicode ranges pruned: [0]
2026-09-09 07:30:47,255 [INFO] OS/2 CodePage ranges pruned: [0]
2026-09-09 07:30:47,256 [INFO] glyf pruned
2026-09-09 07:30:47,257 [INFO] GDEF pruned
2026-09-09 07:30:47,257 [INFO] GPOS pruned
2026-09-09 07:30:47,258 [INFO] GSUB pruned
2026-09-09 07:30:47,266 [INFO] name pruned
2026-09-09 07:30:47,275 [INFO] maxp pruned
2026-09-09 07:30:47,287 [INFO] cmap pruned
2026-09-09 07:30:47,287 [INFO] kern dropped
2026-09-09 07:30:47,288 [INFO] post pruned
2026-09-09 07:30:47,288 [INFO] FFTM dropped
2026-09-09 07:30:47,289 [INFO] GPOS pruned
2026-09-09 07:30:47,292 [INFO] GSUB pruned
2026-09-09 07:30:47,298 [INFO] glyf pruned
2026-09-09 07:30:47,299 [INFO] Added gid0 to subset
2026-09-09 07:30:47,300 [INFO] Added first four glyphs to subset
2026-09-09 07:30:47,300 [INFO] Closing glyph list over 'MATH': 50 glyphs before
2026-09-09 07:30:47,300 [INFO] Glyph names: ['.notdef', '.null', 'A', 'B', 'C', 'D', 'E', 'G', 'I', 'K', 'L', 'M', 'N', 'O', 'P', 'R', 'S', 'Y', 'a', 'c', 'd', 'e', 'eight', 'equal', 'five', 'four', 'g', 'h', 'i', 'l', 'n', 'nine', 'nonmarkingreturn', 'o', 'one', 'p', 'parenleft', 'parenright', 'period', 'r', 'seven', 'six', 'slash', 'space', 't', 'two', 'u', 'v', 'y', 'zero']
2026-09-09 07:30:47,300 [INFO] Glyph IDs:   [0, 1, 2, 3, 11, 12, 17, 18, 19, 20, 21, 23, 24, 25, 26, 27, 28, 32, 36, 37, 38, 39, 40, 42, 44, 46, 47, 48, 49, 50, 51, 53, 54, 60, 68, 70, 71, 72, 74, 75, 76, 79, 81, 82, 83, 85, 87, 88, 89, 92]
2026-09-09 07:30:47,301 [INFO] Closed glyph list over 'MATH': 56 glyphs after
2026-09-09 07:30:47,301 [INFO] Glyph names: ['.notdef', '.null', 'A', 'B', 'C', 'D', 'E', 'G', 'I', 'K', 'L', 'M', 'N', 'O', 'P', 'R', 'S', 'Y', 'a', 'c', 'd', 'e', 'eight', 'equal', 'five', 'four', 'g', 'h', 'i', 'l', 'n', 'nine', 'nonmarkingreturn', 'o', 'one', 'p', 'parenleft', 'parenright', 'period', 'r', 'seven', 'six', 'slash', 'space', 't', 'two', 'u', 'uni239B', 'uni239C', 'uni239D', 'uni239E', 'uni239F', 'uni23A0', 'v', 'y', 'zero']
2026-09-09 07:30:47,301 [INFO] Glyph IDs:   [0, 1, 2, 3, 11, 12, 17, 18, 19, 20, 21, 23, 24, 25, 26, 27, 28, 32, 36, 37, 38, 39, 40, 42, 44, 46, 47, 48, 49, 50, 51, 53, 54, 60, 68, 70, 71, 72, 74, 75, 76, 79, 81, 82, 83, 85, 87, 88, 89, 92, 3506, 3507, 3508, 3509, 3510, 3511]
2026-09-09 07:30:47,301 [INFO] Closing glyph list over 'GSUB': 56 glyphs before
2026-09-09 07:30:47,301 [INFO] Glyph names: ['.notdef', '.null', 'A', 'B', 'C', 'D', 'E', 'G', 'I', 'K', 'L', 'M', 'N', 'O', 'P', 'R', 'S', 'Y', 'a', 'c', 'd', 'e', 'eight', 'equal', 'five', 'four', 'g', 'h', 'i', 'l', 'n', 'nine', 'nonmarkingreturn', 'o', 'one', 'p', 'parenleft', 'parenright', 'period', 'r', 'seven', 'six', 'slash', 'space', 't', 'two', 'u', 'uni239B', 'uni239C', 'uni239D', 'uni239E', 'uni239F', 'uni23A0', 'v', 'y', 'zero']
2026-09-09 07:30:47,302 [INFO] Glyph IDs:   [0, 1, 2, 3, 11, 12, 17, 18, 19, 20, 21, 23, 24, 25, 26, 27, 28, 32, 36, 37, 38, 39, 40, 42, 44, 46, 47, 48, 49, 50, 51, 53, 54, 60, 68, 70, 71, 72, 74, 75, 76, 79, 81, 82, 83, 85, 87, 88, 89, 92, 3506, 3507, 3508, 3509, 3510, 3511]
2026-09-09 07:30:47,305 [INFO] Closed glyph list over 'GSUB': 56 glyphs after
2026-09-09 07:30:47,305 [INFO] Glyph names: ['.notdef', '.null', 'A', 'B', 'C', 'D', 'E', 'G', 'I', 'K', 'L', 'M', 'N', 'O', 'P', 'R', 'S', 'Y', 'a', 'c', 'd', 'e', 'eight', 'equal', 'five', 'four', 'g', 'h', 'i', 'l', 'n', 'nine', 'nonmarkingreturn', 'o', 'one', 'p', 'parenleft', 'parenright', 'period', 'r', 'seven', 'six', 'slash', 'space', 't', 'two', 'u', 'uni239B', 'uni239C', 'uni239D', 'uni239E', 'uni239F', 'uni23A0', 'v', 'y', 'zero']
2026-09-09 07:30:47,306 [INFO] Glyph IDs:   [0, 1, 2, 3, 11, 12, 17, 18, 19, 20, 21, 23, 24, 25, 26, 27, 28, 32, 36, 37, 38, 39, 40, 42, 44, 46, 47, 48, 49, 50, 51, 53, 54, 60, 68, 70, 71, 72, 74, 75, 76, 79, 81, 82, 83, 85, 87, 88, 89, 92, 3506, 3507, 3508, 3509, 3510, 3511]
2026-09-09 07:30:47,306 [INFO] Closing glyph list over 'glyf': 56 glyphs before
2026-09-09 07:30:47,306 [INFO] Glyph names: ['.notdef', '.null', 'A', 'B', 'C', 'D', 'E', 'G', 'I', 'K', 'L', 'M', 'N', 'O', 'P', 'R', 'S', 'Y', 'a', 'c', 'd', 'e', 'eight', 'equal', 'five', 'four', 'g', 'h', 'i', 'l', 'n', 'nine', 'nonmarkingreturn', 'o', 'one', 'p', 'parenleft', 'parenright', 'period', 'r', 'seven', 'six', 'slash', 'space', 't', 'two', 'u', 'uni239B', 'uni239C', 'uni239D', 'uni239E', 'uni239F', 'uni23A0', 'v', 'y', 'zero']
2026-09-09 07:30:47,306 [INFO] Glyph IDs:   [0, 1, 2, 3, 11, 12, 17, 18, 19, 20, 21, 23, 24, 25, 26, 27, 28, 32, 36, 37, 38, 39, 40, 42, 44, 46, 47, 48, 49, 50, 51, 53, 54, 60, 68, 70, 71, 72, 74, 75, 76, 79, 81, 82, 83, 85, 87, 88, 89, 92, 3506, 3507, 3508, 3509, 3510, 3511]
2026-09-09 07:30:47,306 [INFO] Closed glyph list over 'glyf': 56 glyphs after
2026-09-09 07:30:47,306 [INFO] Glyph names: ['.notdef', '.null', 'A', 'B', 'C', 'D', 'E', 'G', 'I', 'K', 'L', 'M', 'N', 'O', 'P', 'R', 'S', 'Y', 'a', 'c', 'd', 'e', 'eight', 'equal', 'five', 'four', 'g', 'h', 'i', 'l', 'n', 'nine', 'nonmarkingreturn', 'o', 'one', 'p', 'parenleft', 'parenright', 'period', 'r', 'seven', 'six', 'slash', 'space', 't', 'two', 'u', 'uni239B', 'uni239C', 'uni239D', 'uni239E', 'uni239F', 'uni23A0', 'v', 'y', 'zero']
2026-09-09 07:30:47,306 [INFO] Glyph IDs:   [0, 1, 2, 3, 11, 12, 17, 18, 19, 20, 21, 23, 24, 25, 26, 27, 28, 32, 36, 37, 38, 39, 40, 42, 44, 46, 47, 48, 49, 50, 51, 53, 54, 60, 68, 70, 71, 72, 74, 75, 76, 79, 81, 82, 83, 85, 87, 88, 89, 92, 3506, 3507, 3508, 3509, 3510, 3511]
2026-09-09 07:30:47,307 [INFO] Retaining 56 glyphs
2026-09-09 07:30:47,307 [INFO] head subsetting not needed
2026-09-09 07:30:47,307 [INFO] hhea subsetting not needed
2026-09-09 07:30:47,307 [INFO] maxp subsetting not needed
2026-09-09 07:30:47,307 [INFO] OS/2 subsetting not needed
2026-09-09 07:30:47,311 [INFO] hmtx subsetted
2026-09-09 07:30:47,314 [INFO] cmap subsetted
2026-09-09 07:30:47,314 [INFO] fpgm subsetting not needed
2026-09-09 07:30:47,314 [INFO] prep subsetting not needed
2026-09-09 07:30:47,314 [INFO] cvt  subsetting not needed
2026-09-09 07:30:47,314 [INFO] loca subsetting not needed
2026-09-09 07:30:47,314 [INFO] post subsetted
2026-09-09 07:30:47,314 [INFO] gasp subsetting not needed
2026-09-09 07:30:47,314 [INFO] MATH subsetted
2026-09-09 07:30:47,316 [INFO] GDEF subsetted
2026-09-09 07:30:47,345 [INFO] GPOS subsetted
2026-09-09 07:30:47,346 [INFO] GSUB subsetted
2026-09-09 07:30:47,346 [INFO] name subsetting not needed
2026-09-09 07:30:47,348 [INFO] glyf subsetted
2026-09-09 07:30:47,348 [INFO] head pruned
2026-09-09 07:30:47,349 [INFO] OS/2 Unicode ranges pruned: [0]
2026-09-09 07:30:47,349 [INFO] OS/2 CodePage ranges pruned: [0]
2026-09-09 07:30:47,350 [INFO] glyf pruned
2026-09-09 07:30:47,350 [INFO] GDEF pruned
2026-09-09 07:30:47,351 [INFO] GPOS pruned
2026-09-09 07:30:47,351 [INFO] GSUB pruned
2026-09-09 07:30:47,366 [INFO] name pruned
2026-09-09 07:30:49,770 [INFO] maxp pruned
2026-09-09 07:30:49,783 [INFO] cmap pruned
2026-09-09 07:30:49,783 [INFO] kern dropped
2026-09-09 07:30:49,783 [INFO] post pruned
2026-09-09 07:30:49,783 [INFO] FFTM dropped
2026-09-09 07:30:49,785 [INFO] GPOS pruned
2026-09-09 07:30:49,788 [INFO] GSUB pruned
2026-09-09 07:30:49,795 [INFO] glyf pruned
2026-09-09 07:30:49,796 [INFO] Added gid0 to subset
2026-09-09 07:30:49,796 [INFO] Added first four glyphs to subset
2026-09-09 07:30:49,796 [INFO] Closing glyph list over 'GSUB': 41 glyphs before
2026-09-09 07:30:49,796 [INFO] Glyph names: ['.notdef', '.null', 'A', 'G', 'M', 'P', 'R', 'S', 'a', 'ampersand', 'b', 'c', 'comma', 'd', 'e', 'eight', 'f', 'four', 'g', 'hyphen', 'i', 'k', 'l', 'm', 'n', 'nine', 'nonmarkingreturn', 'o', 'one', 'p', 'parenleft', 'parenright', 'r', 's', 'slash', 'space', 't', 'two', 'u', 'y', 'zero']
2026-09-09 07:30:49,797 [INFO] Glyph IDs:   [0, 1, 2, 3, 9, 11, 12, 15, 16, 18, 19, 20, 21, 23, 27, 28, 36, 42, 48, 51, 53, 54, 68, 69, 70, 71, 72, 73, 74, 76, 78, 79, 80, 81, 82, 83, 85, 86, 87, 88, 92]
2026-09-09 07:30:49,801 [INFO] Closed glyph list over 'GSUB': 46 glyphs after
2026-09-09 07:30:49,801 [INFO] Glyph names: ['.notdef', '.null', 'A', 'G', 'M', 'P', 'R', 'S', 'a', 'ampersand', 'b', 'c', 'comma', 'd', 'e', 'eight', 'f', 'fi', 'fl', 'four', 'g', 'hyphen', 'i', 'k', 'l', 'm', 'n', 'nine', 'nonmarkingreturn', 'o', 'one', 'p', 'parenleft', 'parenright', 'r', 's', 'slash', 'space', 't', 'two', 'u', 'uniFB00', 'uniFB03', 'uniFB04', 'y', 'zero']
2026-09-09 07:30:49,801 [INFO] Glyph IDs:   [0, 1, 2, 3, 9, 11, 12, 15, 16, 18, 19, 20, 21, 23, 27, 28, 36, 42, 48, 51, 53, 54, 68, 69, 70, 71, 72, 73, 74, 76, 78, 79, 80, 81, 82, 83, 85, 86, 87, 88, 92, 5034, 5035, 5036, 5037, 5038]
2026-09-09 07:30:49,801 [INFO] Closing glyph list over 'glyf': 46 glyphs before
2026-09-09 07:30:49,801 [INFO] Glyph names: ['.notdef', '.null', 'A', 'G', 'M', 'P', 'R', 'S', 'a', 'ampersand', 'b', 'c', 'comma', 'd', 'e', 'eight', 'f', 'fi', 'fl', 'four', 'g', 'hyphen', 'i', 'k', 'l', 'm', 'n', 'nine', 'nonmarkingreturn', 'o', 'one', 'p', 'parenleft', 'parenright', 'r', 's', 'slash', 'space', 't', 'two', 'u', 'uniFB00', 'uniFB03', 'uniFB04', 'y', 'zero']
2026-09-09 07:30:49,801 [INFO] Glyph IDs:   [0, 1, 2, 3, 9, 11, 12, 15, 16, 18, 19, 20, 21, 23, 27, 28, 36, 42, 48, 51, 53, 54, 68, 69, 70, 71, 72, 73, 74, 76, 78, 79, 80, 81, 82, 83, 85, 86, 87, 88, 92, 5034, 5035, 5036, 5037, 5038]
2026-09-09 07:30:49,801 [INFO] Closed glyph list over 'glyf': 46 glyphs after
2026-09-09 07:30:49,801 [INFO] Glyph names: ['.notdef', '.null', 'A', 'G', 'M', 'P', 'R', 'S', 'a', 'ampersand', 'b', 'c', 'comma', 'd', 'e', 'eight', 'f', 'fi', 'fl', 'four', 'g', 'hyphen', 'i', 'k', 'l', 'm', 'n', 'nine', 'nonmarkingreturn', 'o', 'one', 'p', 'parenleft', 'parenright', 'r', 's', 'slash', 'space', 't', 'two', 'u', 'uniFB00', 'uniFB03', 'uniFB04', 'y', 'zero']
2026-09-09 07:30:49,802 [INFO] Glyph IDs:   [0, 1, 2, 3, 9, 11, 12, 15, 16, 18, 19, 20, 21, 23, 27, 28, 36, 42, 48, 51, 53, 54, 68, 69, 70, 71, 72, 73, 74, 76, 78, 79, 80, 81, 82, 83, 85, 86, 87, 88, 92, 5034, 5035, 5036, 5037, 5038]
2026-09-09 07:30:49,802 [INFO] Retaining 46 glyphs
2026-09-09 07:30:49,802 [INFO] head subsetting not needed
2026-09-09 07:30:49,802 [INFO] hhea subsetting not needed
2026-09-09 07:30:49,803 [INFO] maxp subsetting not needed
2026-09-09 07:30:49,803 [INFO] OS/2 subsetting not needed
2026-09-09 07:30:49,807 [INFO] hmtx subsetted
2026-09-09 07:30:49,809 [INFO] cmap subsetted
2026-09-09 07:30:49,809 [INFO] fpgm subsetting not needed
2026-09-09 07:30:49,809 [INFO] prep subsetting not needed
2026-09-09 07:30:49,809 [INFO] cvt  subsetting not needed
2026-09-09 07:30:49,809 [INFO] loca subsetting not needed
2026-09-09 07:30:49,809 [INFO] post subsetted
2026-09-09 07:30:49,809 [INFO] gasp subsetting not needed
2026-09-09 07:30:49,811 [INFO] GDEF subsetted
2026-09-09 07:30:49,835 [INFO] GPOS subsetted
2026-09-09 07:30:49,837 [INFO] GSUB subsetted
2026-09-09 07:30:49,838 [INFO] name subsetting not needed
2026-09-09 07:30:49,839 [INFO] glyf subsetted
2026-09-09 07:30:49,839 [INFO] head pruned
2026-09-09 07:30:49,840 [INFO] OS/2 Unicode ranges pruned: [0]
2026-09-09 07:30:49,840 [INFO] OS/2 CodePage ranges pruned: [0]
2026-09-09 07:30:49,840 [INFO] glyf pruned
2026-09-09 07:30:49,841 [INFO] GDEF pruned
2026-09-09 07:30:49,841 [INFO] GPOS pruned
2026-09-09 07:30:49,841 [INFO] GSUB pruned
2026-09-09 07:30:49,848 [INFO] name pruned
2026-09-09 07:30:49,856 [INFO] maxp pruned
2026-09-09 07:30:49,868 [INFO] cmap pruned
2026-09-09 07:30:49,868 [INFO] kern dropped
2026-09-09 07:30:49,868 [INFO] post pruned
2026-09-09 07:30:49,868 [INFO] FFTM dropped
2026-09-09 07:30:49,870 [INFO] GPOS pruned
2026-09-09 07:30:49,873 [INFO] GSUB pruned
2026-09-09 07:30:49,888 [INFO] glyf pruned
2026-09-09 07:30:49,890 [INFO] Added gid0 to subset
2026-09-09 07:30:49,890 [INFO] Added first four glyphs to subset
2026-09-09 07:30:49,890 [INFO] Closing glyph list over 'MATH': 51 glyphs before
2026-09-09 07:30:49,890 [INFO] Glyph names: ['.notdef', '.null', 'A', 'D', 'E', 'L', 'M', 'N', 'O', 'P', 'R', 'S', 'W', 'a', 'c', 'd', 'e', 'eight', 'f', 'five', 'four', 'g', 'hyphen', 'i', 'k', 'l', 'm', 'n', 'nine', 'nonmarkingreturn', 'o', 'one', 'p', 'parenleft', 'parenright', 'percent', 'period', 'r', 's', 'seven', 'six', 'slash', 'space', 't', 'three', 'two', 'u', 'v', 'w', 'y', 'zero']
2026-09-09 07:30:49,891 [INFO] Glyph IDs:   [0, 1, 2, 3, 8, 11, 12, 16, 17, 18, 19, 20, 21, 22, 23, 24, 25, 26, 27, 28, 36, 39, 40, 47, 48, 49, 50, 51, 53, 54, 58, 68, 70, 71, 72, 73, 74, 76, 78, 79, 80, 81, 82, 83, 85, 86, 87, 88, 89, 90, 92]
2026-09-09 07:30:49,919 [INFO] Closed glyph list over 'MATH': 57 glyphs after
2026-09-09 07:30:49,919 [INFO] Glyph names: ['.notdef', '.null', 'A', 'D', 'E', 'L', 'M', 'N', 'O', 'P', 'R', 'S', 'W', 'a', 'c', 'd', 'e', 'eight', 'f', 'five', 'four', 'g', 'hyphen', 'i', 'k', 'l', 'm', 'n', 'nine', 'nonmarkingreturn', 'o', 'one', 'p', 'parenleft', 'parenright', 'percent', 'period', 'r', 's', 'seven', 'six', 'slash', 'space', 't', 'three', 'two', 'u', 'uni239B', 'uni239C', 'uni239D', 'uni239E', 'uni239F', 'uni23A0', 'v', 'w', 'y', 'zero']
2026-09-09 07:30:49,919 [INFO] Glyph IDs:   [0, 1, 2, 3, 8, 11, 12, 16, 17, 18, 19, 20, 21, 22, 23, 24, 25, 26, 27, 28, 36, 39, 40, 47, 48, 49, 50, 51, 53, 54, 58, 68, 70, 71, 72, 73, 74, 76, 78, 79, 80, 81, 82, 83, 85, 86, 87, 88, 89, 90, 92, 3506, 3507, 3508, 3509, 3510, 3511]
2026-09-09 07:30:49,919 [INFO] Closing glyph list over 'GSUB': 57 glyphs before
2026-09-09 07:30:49,920 [INFO] Glyph names: ['.notdef', '.null', 'A', 'D', 'E', 'L', 'M', 'N', 'O', 'P', 'R', 'S', 'W', 'a', 'c', 'd', 'e', 'eight', 'f', 'five', 'four', 'g', 'hyphen', 'i', 'k', 'l', 'm', 'n', 'nine', 'nonmarkingreturn', 'o', 'one', 'p', 'parenleft', 'parenright', 'percent', 'period', 'r', 's', 'seven', 'six', 'slash', 'space', 't', 'three', 'two', 'u', 'uni239B', 'uni239C', 'uni239D', 'uni239E', 'uni239F', 'uni23A0', 'v', 'w', 'y', 'zero']
2026-09-09 07:30:49,920 [INFO] Glyph IDs:   [0, 1, 2, 3, 8, 11, 12, 16, 17, 18, 19, 20, 21, 22, 23, 24, 25, 26, 27, 28, 36, 39, 40, 47, 48, 49, 50, 51, 53, 54, 58, 68, 70, 71, 72, 73, 74, 76, 78, 79, 80, 81, 82, 83, 85, 86, 87, 88, 89, 90, 92, 3506, 3507, 3508, 3509, 3510, 3511]
2026-09-09 07:30:49,923 [INFO] Closed glyph list over 'GSUB': 62 glyphs after
2026-09-09 07:30:49,924 [INFO] Glyph names: ['.notdef', '.null', 'A', 'D', 'E', 'L', 'M', 'N', 'O', 'P', 'R', 'S', 'W', 'a', 'c', 'd', 'e', 'eight', 'f', 'fi', 'five', 'fl', 'four', 'g', 'hyphen', 'i', 'k', 'l', 'm', 'n', 'nine', 'nonmarkingreturn', 'o', 'one', 'p', 'parenleft', 'parenright', 'percent', 'period', 'r', 's', 'seven', 'six', 'slash', 'space', 't', 'three', 'two', 'u', 'uni239B', 'uni239C', 'uni239D', 'uni239E', 'uni239F', 'uni23A0', 'uniFB00', 'uniFB03', 'uniFB04', 'v', 'w', 'y', 'zero']
2026-09-09 07:30:49,924 [INFO] Glyph IDs:   [0, 1, 2, 3, 8, 11, 12, 16, 17, 18, 19, 20, 21, 22, 23, 24, 25, 26, 27, 28, 36, 39, 40, 47, 48, 49, 50, 51, 53, 54, 58, 68, 70, 71, 72, 73, 74, 76, 78, 79, 80, 81, 82, 83, 85, 86, 87, 88, 89, 90, 92, 3506, 3507, 3508, 3509, 3510, 3511, 5038, 5039, 5040, 5041, 5042]
2026-09-09 07:30:49,925 [INFO] Closing glyph list over 'glyf': 62 glyphs before
2026-09-09 07:30:49,925 [INFO] Glyph names: ['.notdef', '.null', 'A', 'D', 'E', 'L', 'M', 'N', 'O', 'P', 'R', 'S', 'W', 'a', 'c', 'd', 'e', 'eight', 'f', 'fi', 'five', 'fl', 'four', 'g', 'hyphen', 'i', 'k', 'l', 'm', 'n', 'nine', 'nonmarkingreturn', 'o', 'one', 'p', 'parenleft', 'parenright', 'percent', 'period', 'r', 's', 'seven', 'six', 'slash', 'space', 't', 'three', 'two', 'u', 'uni239B', 'uni239C', 'uni239D', 'uni239E', 'uni239F', 'uni23A0', 'uniFB00', 'uniFB03', 'uniFB04', 'v', 'w', 'y', 'zero']
2026-09-09 07:30:49,926 [INFO] Glyph IDs:   [0, 1, 2, 3, 8, 11, 12, 16, 17, 18, 19, 20, 21, 22, 23, 24, 25, 26, 27, 28, 36, 39, 40, 47, 48, 49, 50, 51, 53, 54, 58, 68, 70, 71, 72, 73, 74, 76, 78, 79, 80, 81, 82, 83, 85, 86, 87, 88, 89, 90, 92, 3506, 3507, 3508, 3509, 3510, 3511, 5038, 5039, 5040, 5041, 5042]
2026-09-09 07:30:49,926 [INFO] Closed glyph list over 'glyf': 62 glyphs after
2026-09-09 07:30:49,926 [INFO] Glyph names: ['.notdef', '.null', 'A', 'D', 'E', 'L', 'M', 'N', 'O', 'P', 'R', 'S', 'W', 'a', 'c', 'd', 'e', 'eight', 'f', 'fi', 'five', 'fl', 'four', 'g', 'hyphen', 'i', 'k', 'l', 'm', 'n', 'nine', 'nonmarkingreturn', 'o', 'one', 'p', 'parenleft', 'parenright', 'percent', 'period', 'r', 's', 'seven', 'six', 'slash', 'space', 't', 'three', 'two', 'u', 'uni239B', 'uni239C', 'uni239D', 'uni239E', 'uni239F', 'uni23A0', 'uniFB00', 'uniFB03', 'uniFB04', 'v', 'w', 'y', 'zero']
2026-09-09 07:30:49,926 [INFO] Glyph IDs:   [0, 1, 2, 3, 8, 11, 12, 16, 17, 18, 19, 20, 21, 22, 23, 24, 25, 26, 27, 28, 36, 39, 40, 47, 48, 49, 50, 51, 53, 54, 58, 68, 70, 71, 72, 73, 74, 76, 78, 79, 80, 81, 82, 83, 85, 86, 87, 88, 89, 90, 92, 3506, 3507, 3508, 3509, 3510, 3511, 5038, 5039, 5040, 5041, 5042]
2026-09-09 07:30:49,927 [INFO] Retaining 62 glyphs
2026-09-09 07:30:49,927 [INFO] head subsetting not needed
2026-09-09 07:30:49,927 [INFO] hhea subsetting not needed
2026-09-09 07:30:49,927 [INFO] maxp subsetting not needed
2026-09-09 07:30:49,927 [INFO] OS/2 subsetting not needed
2026-09-09 07:30:49,930 [INFO] hmtx subsetted
2026-09-09 07:30:49,933 [INFO] cmap subsetted
2026-09-09 07:30:49,933 [INFO] fpgm subsetting not needed
2026-09-09 07:30:49,933 [INFO] prep subsetting not needed
2026-09-09 07:30:49,933 [INFO] cvt  subsetting not needed
2026-09-09 07:30:49,933 [INFO] loca subsetting not needed
2026-09-09 07:30:49,933 [INFO] post subsetted
2026-09-09 07:30:49,933 [INFO] gasp subsetting not needed
2026-09-09 07:30:49,933 [INFO] MATH subsetted
2026-09-09 07:30:49,935 [INFO] GDEF subsetted
2026-09-09 07:30:49,961 [INFO] GPOS subsetted
2026-09-09 07:30:49,963 [INFO] GSUB subsetted
2026-09-09 07:30:49,963 [INFO] name subsetting not needed
2026-09-09 07:30:49,966 [INFO] glyf subsetted
2026-09-09 07:30:49,966 [INFO] head pruned
2026-09-09 07:30:49,967 [INFO] OS/2 Unicode ranges pruned: [0]
2026-09-09 07:30:49,967 [INFO] OS/2 CodePage ranges pruned: [0]
2026-09-09 07:30:49,967 [INFO] glyf pruned
2026-09-09 07:30:49,968 [INFO] GDEF pruned
2026-09-09 07:30:49,968 [INFO] GPOS pruned
2026-09-09 07:30:49,968 [INFO] GSUB pruned
2026-09-09 07:30:49,980 [INFO] name pruned
2026-09-09 07:30:53,443 [INFO] maxp pruned
2026-09-09 07:30:53,455 [INFO] cmap pruned
2026-09-09 07:30:53,456 [INFO] kern dropped
2026-09-09 07:30:53,456 [INFO] post pruned
2026-09-09 07:30:53,456 [INFO] FFTM dropped
2026-09-09 07:30:53,457 [INFO] GPOS pruned
2026-09-09 07:30:53,461 [INFO] GSUB pruned
2026-09-09 07:30:53,467 [INFO] glyf pruned
2026-09-09 07:30:53,468 [INFO] Added gid0 to subset
2026-09-09 07:30:53,468 [INFO] Added first four glyphs to subset
2026-09-09 07:30:53,468 [INFO] Closing glyph list over 'GSUB': 38 glyphs before
2026-09-09 07:30:53,468 [INFO] Glyph names: ['.notdef', '.null', 'A', 'N', 'O', 'P', 'R', 'S', 'T', 'a', 'b', 'c', 'd', 'e', 'eight', 'f', 'four', 'hyphen', 'i', 'l', 'm', 'n', 'nine', 'nonmarkingreturn', 'o', 'one', 'p', 'parenleft', 'parenright', 'quotesingle', 'r', 's', 'space', 't', 'two', 'u', 'v', 'zero']
2026-09-09 07:30:53,469 [INFO] Glyph IDs:   [0, 1, 2, 3, 10, 11, 12, 16, 19, 20, 21, 23, 27, 28, 36, 49, 50, 51, 53, 54, 55, 68, 69, 70, 71, 72, 73, 76, 79, 80, 81, 82, 83, 85, 86, 87, 88, 89]
2026-09-09 07:30:53,474 [INFO] Closed glyph list over 'GSUB': 43 glyphs after
2026-09-09 07:30:53,474 [INFO] Glyph names: ['.notdef', '.null', 'A', 'N', 'O', 'P', 'R', 'S', 'T', 'a', 'b', 'c', 'd', 'e', 'eight', 'f', 'fi', 'fl', 'four', 'hyphen', 'i', 'l', 'm', 'n', 'nine', 'nonmarkingreturn', 'o', 'one', 'p', 'parenleft', 'parenright', 'quotesingle', 'r', 's', 'space', 't', 'two', 'u', 'uniFB00', 'uniFB03', 'uniFB04', 'v', 'zero']
2026-09-09 07:30:53,474 [INFO] Glyph IDs:   [0, 1, 2, 3, 10, 11, 12, 16, 19, 20, 21, 23, 27, 28, 36, 49, 50, 51, 53, 54, 55, 68, 69, 70, 71, 72, 73, 76, 79, 80, 81, 82, 83, 85, 86, 87, 88, 89, 5034, 5035, 5036, 5037, 5038]
2026-09-09 07:30:53,474 [INFO] Closing glyph list over 'glyf': 43 glyphs before
2026-09-09 07:30:53,475 [INFO] Glyph names: ['.notdef', '.null', 'A', 'N', 'O', 'P', 'R', 'S', 'T', 'a', 'b', 'c', 'd', 'e', 'eight', 'f', 'fi', 'fl', 'four', 'hyphen', 'i', 'l', 'm', 'n', 'nine', 'nonmarkingreturn', 'o', 'one', 'p', 'parenleft', 'parenright', 'quotesingle', 'r', 's', 'space', 't', 'two', 'u', 'uniFB00', 'uniFB03', 'uniFB04', 'v', 'zero']
2026-09-09 07:30:53,475 [INFO] Glyph IDs:   [0, 1, 2, 3, 10, 11, 12, 16, 19, 20, 21, 23, 27, 28, 36, 49, 50, 51, 53, 54, 55, 68, 69, 70, 71, 72, 73, 76, 79, 80, 81, 82, 83, 85, 86, 87, 88, 89, 5034, 5035, 5036, 5037, 5038]
2026-09-09 07:30:53,475 [INFO] Closed glyph list over 'glyf': 43 glyphs after
2026-09-09 07:30:53,475 [INFO] Glyph names: ['.notdef', '.null', 'A', 'N', 'O', 'P', 'R', 'S', 'T', 'a', 'b', 'c', 'd', 'e', 'eight', 'f', 'fi', 'fl', 'four', 'hyphen', 'i', 'l', 'm', 'n', 'nine', 'nonmarkingreturn', 'o', 'one', 'p', 'parenleft', 'parenright', 'quotesingle', 'r', 's', 'space', 't', 'two', 'u', 'uniFB00', 'uniFB03', 'uniFB04', 'v', 'zero']
2026-09-09 07:30:53,475 [INFO] Glyph IDs:   [0, 1, 2, 3, 10, 11, 12, 16, 19, 20, 21, 23, 27, 28, 36, 49, 50, 51, 53, 54, 55, 68, 69, 70, 71, 72, 73, 76, 79, 80, 81, 82, 83, 85, 86, 87, 88, 89, 5034, 5035, 5036, 5037, 5038]
2026-09-09 07:30:53,475 [INFO] Retaining 43 glyphs
2026-09-09 07:30:53,476 [INFO] head subsetting not needed
2026-09-09 07:30:53,476 [INFO] hhea subsetting not needed
2026-09-09 07:30:53,476 [INFO] maxp subsetting not needed
2026-09-09 07:30:53,476 [INFO] OS/2 subsetting not needed
2026-09-09 07:30:53,479 [INFO] hmtx subsetted
2026-09-09 07:30:53,481 [INFO] cmap subsetted
2026-09-09 07:30:53,482 [INFO] fpgm subsetting not needed
2026-09-09 07:30:53,482 [INFO] prep subsetting not needed
2026-09-09 07:30:53,482 [INFO] cvt  subsetting not needed
2026-09-09 07:30:53,482 [INFO] loca subsetting not needed
2026-09-09 07:30:53,482 [INFO] post subsetted
2026-09-09 07:30:53,482 [INFO] gasp subsetting not needed
2026-09-09 07:30:53,484 [INFO] GDEF subsetted
2026-09-09 07:30:53,506 [INFO] GPOS subsetted
2026-09-09 07:30:53,508 [INFO] GSUB subsetted
2026-09-09 07:30:53,508 [INFO] name subsetting not needed
2026-09-09 07:30:53,509 [INFO] glyf subsetted
2026-09-09 07:30:53,510 [INFO] head pruned
2026-09-09 07:30:53,510 [INFO] OS/2 Unicode ranges pruned: [0]
2026-09-09 07:30:53,510 [INFO] OS/2 CodePage ranges pruned: [0]
2026-09-09 07:30:53,511 [INFO] glyf pruned
2026-09-09 07:30:53,511 [INFO] GDEF pruned
2026-09-09 07:30:53,511 [INFO] GPOS pruned
2026-09-09 07:30:53,512 [INFO] GSUB pruned
2026-09-09 07:30:53,519 [INFO] name pruned
2026-09-09 07:30:53,527 [INFO] maxp pruned
2026-09-09 07:30:53,536 [INFO] cmap pruned
2026-09-09 07:30:53,537 [INFO] kern dropped
2026-09-09 07:30:53,537 [INFO] post pruned
2026-09-09 07:30:53,537 [INFO] FFTM dropped
2026-09-09 07:30:53,539 [INFO] GPOS pruned
2026-09-09 07:30:53,544 [INFO] GSUB pruned
2026-09-09 07:30:53,549 [INFO] glyf pruned
2026-09-09 07:30:53,550 [INFO] Added gid0 to subset
2026-09-09 07:30:53,550 [INFO] Added first four glyphs to subset
2026-09-09 07:30:53,550 [INFO] Closing glyph list over 'MATH': 45 glyphs before
2026-09-09 07:30:53,550 [INFO] Glyph names: ['.notdef', '.null', 'N', 'R', 'S', 'Y', 'Z', 'a', 'bracketleft', 'bracketright', 'colon', 'comma', 'e', 'eight', 'equal', 'f', 'five', 'four', 'g', 'hyphen', 'i', 'l', 'less', 'm', 'n', 'nine', 'nonmarkingreturn', 'o', 'one', 'p', 'parenleft', 'parenright', 'period', 'plus', 'r', 's', 'seven', 'six', 'slash', 'space', 't', 'three', 'two', 'y', 'zero']
2026-09-09 07:30:53,551 [INFO] Glyph IDs:   [0, 1, 2, 3, 11, 12, 14, 15, 16, 17, 18, 19, 20, 21, 22, 23, 24, 25, 26, 27, 28, 29, 31, 32, 49, 53, 54, 60, 61, 62, 64, 68, 72, 73, 74, 76, 79, 80, 81, 82, 83, 85, 86, 87, 92]
2026-09-09 07:30:53,553 [INFO] Closed glyph list over 'MATH': 57 glyphs after
2026-09-09 07:30:53,553 [INFO] Glyph names: ['.notdef', '.null', 'N', 'R', 'S', 'Y', 'Z', 'a', 'bracketleft', 'bracketright', 'colon', 'comma', 'e', 'eight', 'equal', 'f', 'five', 'four', 'g', 'hyphen', 'i', 'l', 'less', 'm', 'n', 'nine', 'nonmarkingreturn', 'o', 'one', 'p', 'parenleft', 'parenright', 'period', 'plus', 'r', 's', 'seven', 'six', 'slash', 'space', 't', 'three', 'two', 'uni239B', 'uni239C', 'uni239D', 'uni239E', 'uni239F', 'uni23A0', 'uni23A1', 'uni23A2', 'uni23A3', 'uni23A4', 'uni23A5', 'uni23A6', 'y', 'zero']
2026-09-09 07:30:53,553 [INFO] Glyph IDs:   [0, 1, 2, 3, 11, 12, 14, 15, 16, 17, 18, 19, 20, 21, 22, 23, 24, 25, 26, 27, 28, 29, 31, 32, 49, 53, 54, 60, 61, 62, 64, 68, 72, 73, 74, 76, 79, 80, 81, 82, 83, 85, 86, 87, 92, 3506, 3507, 3508, 3509, 3510, 3511, 3512, 3513, 3514, 3515, 3516, 3517]
2026-09-09 07:30:53,553 [INFO] Closing glyph list over 'GSUB': 57 glyphs before
2026-09-09 07:30:53,553 [INFO] Glyph names: ['.notdef', '.null', 'N', 'R', 'S', 'Y', 'Z', 'a', 'bracketleft', 'bracketright', 'colon', 'comma', 'e', 'eight', 'equal', 'f', 'five', 'four', 'g', 'hyphen', 'i', 'l', 'less', 'm', 'n', 'nine', 'nonmarkingreturn', 'o', 'one', 'p', 'parenleft', 'parenright', 'period', 'plus', 'r', 's', 'seven', 'six', 'slash', 'space', 't', 'three', 'two', 'uni239B', 'uni239C', 'uni239D', 'uni239E', 'uni239F', 'uni23A0', 'uni23A1', 'uni23A2', 'uni23A3', 'uni23A4', 'uni23A5', 'uni23A6', 'y', 'zero']
2026-09-09 07:30:53,554 [INFO] Glyph IDs:   [0, 1, 2, 3, 11, 12, 14, 15, 16, 17, 18, 19, 20, 21, 22, 23, 24, 25, 26, 27, 28, 29, 31, 32, 49, 53, 54, 60, 61, 62, 64, 68, 72, 73, 74, 76, 79, 80, 81, 82, 83, 85, 86, 87, 92, 3506, 3507, 3508, 3509, 3510, 3511, 3512, 3513, 3514, 3515, 3516, 3517]
2026-09-09 07:30:53,557 [INFO] Closed glyph list over 'GSUB': 62 glyphs after
2026-09-09 07:30:53,557 [INFO] Glyph names: ['.notdef', '.null', 'N', 'R', 'S', 'Y', 'Z', 'a', 'bracketleft', 'bracketright', 'colon', 'comma', 'e', 'eight', 'equal', 'f', 'fi', 'five', 'fl', 'four', 'g', 'hyphen', 'i', 'l', 'less', 'm', 'n', 'nine', 'nonmarkingreturn', 'o', 'one', 'p', 'parenleft', 'parenright', 'period', 'plus', 'r', 's', 'seven', 'six', 'slash', 'space', 't', 'three', 'two', 'uni239B', 'uni239C', 'uni239D', 'uni239E', 'uni239F', 'uni23A0', 'uni23A1', 'uni23A2', 'uni23A3', 'uni23A4', 'uni23A5', 'uni23A6', 'uniFB00', 'uniFB03', 'uniFB04', 'y', 'zero']
2026-09-09 07:30:53,558 [INFO] Glyph IDs:   [0, 1, 2, 3, 11, 12, 14, 15, 16, 17, 18, 19, 20, 21, 22, 23, 24, 25, 26, 27, 28, 29, 31, 32, 49, 53, 54, 60, 61, 62, 64, 68, 72, 73, 74, 76, 79, 80, 81, 82, 83, 85, 86, 87, 92, 3506, 3507, 3508, 3509, 3510, 3511, 3512, 3513, 3514, 3515, 3516, 3517, 5038, 5039, 5040, 5041, 5042]
2026-09-09 07:30:53,558 [INFO] Closing glyph list over 'glyf': 62 glyphs before
2026-09-09 07:30:53,558 [INFO] Glyph names: ['.notdef', '.null', 'N', 'R', 'S', 'Y', 'Z', 'a', 'bracketleft', 'bracketright', 'colon', 'comma', 'e', 'eight', 'equal', 'f', 'fi', 'five', 'fl', 'four', 'g', 'hyphen', 'i', 'l', 'less', 'm', 'n', 'nine', 'nonmarkingreturn', 'o', 'one', 'p', 'parenleft', 'parenright', 'period', 'plus', 'r', 's', 'seven', 'six', 'slash', 'space', 't', 'three', 'two', 'uni239B', 'uni239C', 'uni239D', 'uni239E', 'uni239F', 'uni23A0', 'uni23A1', 'uni23A2', 'uni23A3', 'uni23A4', 'uni23A5', 'uni23A6', 'uniFB00', 'uniFB03', 'uniFB04', 'y', 'zero']
2026-09-09 07:30:53,558 [INFO] Glyph IDs:   [0, 1, 2, 3, 11, 12, 14, 15, 16, 17, 18, 19, 20, 21, 22, 23, 24, 25, 26, 27, 28, 29, 31, 32, 49, 53, 54, 60, 61, 62, 64, 68, 72, 73, 74, 76, 79, 80, 81, 82, 83, 85, 86, 87, 92, 3506, 3507, 3508, 3509, 3510, 3511, 3512, 3513, 3514, 3515, 3516, 3517, 5038, 5039, 5040, 5041, 5042]
2026-09-09 07:30:53,558 [INFO] Closed glyph list over 'glyf': 62 glyphs after
2026-09-09 07:30:53,558 [INFO] Glyph names: ['.notdef', '.null', 'N', 'R', 'S', 'Y', 'Z', 'a', 'bracketleft', 'bracketright', 'colon', 'comma', 'e', 'eight', 'equal', 'f', 'fi', 'five', 'fl', 'four', 'g', 'hyphen', 'i', 'l', 'less', 'm', 'n', 'nine', 'nonmarkingreturn', 'o', 'one', 'p', 'parenleft', 'parenright', 'period', 'plus', 'r', 's', 'seven', 'six', 'slash', 'space', 't', 'three', 'two', 'uni239B', 'uni239C', 'uni239D', 'uni239E', 'uni239F', 'uni23A0', 'uni23A1', 'uni23A2', 'uni23A3', 'uni23A4', 'uni23A5', 'uni23A6', 'uniFB00', 'uniFB03', 'uniFB04', 'y', 'zero']
2026-09-09 07:30:53,558 [INFO] Glyph IDs:   [0, 1, 2, 3, 11, 12, 14, 15, 16, 17, 18, 19, 20, 21, 22, 23, 24, 25, 26, 27, 28, 29, 31, 32, 49, 53, 54, 60, 61, 62, 64, 68, 72, 73, 74, 76, 79, 80, 81, 82, 83, 85, 86, 87, 92, 3506, 3507, 3508, 3509, 3510, 3511, 3512, 3513, 3514, 3515, 3516, 3517, 5038, 5039, 5040, 5041, 5042]
2026-09-09 07:30:53,559 [INFO] Retaining 62 glyphs
2026-09-09 07:30:53,559 [INFO] head subsetting not needed
2026-09-09 07:30:53,559 [INFO] hhea subsetting not needed
2026-09-09 07:30:53,559 [INFO] maxp subsetting not needed
2026-09-09 07:30:53,559 [INFO] OS/2 subsetting not needed
2026-09-09 07:30:53,562 [INFO] hmtx subsetted
2026-09-09 07:30:53,564 [INFO] cmap subsetted
2026-09-09 07:30:53,564 [INFO] fpgm subsetting not needed
2026-09-09 07:30:53,564 [INFO] prep subsetting not needed
2026-09-09 07:30:53,564 [INFO] cvt  subsetting not needed
2026-09-09 07:30:53,564 [INFO] loca subsetting not needed
2026-09-09 07:30:53,564 [INFO] post subsetted
2026-09-09 07:30:53,564 [INFO] gasp subsetting not needed
2026-09-09 07:30:53,565 [INFO] MATH subsetted
2026-09-09 07:30:53,568 [INFO] GDEF subsetted
2026-09-09 07:30:53,592 [INFO] GPOS subsetted
2026-09-09 07:30:53,595 [INFO] GSUB subsetted
2026-09-09 07:30:53,595 [INFO] name subsetting not needed
2026-09-09 07:30:53,597 [INFO] glyf subsetted
2026-09-09 07:30:53,597 [INFO] head pruned
2026-09-09 07:30:53,598 [INFO] OS/2 Unicode ranges pruned: [0]
2026-09-09 07:30:53,598 [INFO] OS/2 CodePage ranges pruned: [0]
2026-09-09 07:30:53,598 [INFO] glyf pruned
2026-09-09 07:30:53,598 [INFO] GDEF pruned
2026-09-09 07:30:53,599 [INFO] GPOS pruned
2026-09-09 07:30:53,599 [INFO] GSUB pruned
2026-09-09 07:30:53,607 [INFO] name pruned
2026-09-09 07:30:56,136 [INFO] maxp pruned
2026-09-09 07:30:56,146 [INFO] cmap pruned
2026-09-09 07:30:56,147 [INFO] kern dropped
2026-09-09 07:30:56,147 [INFO] post pruned
2026-09-09 07:30:56,147 [INFO] FFTM dropped
2026-09-09 07:30:56,148 [INFO] GPOS pruned
2026-09-09 07:30:56,152 [INFO] GSUB pruned
2026-09-09 07:30:56,158 [INFO] glyf pruned
2026-09-09 07:30:56,159 [INFO] Added gid0 to subset
2026-09-09 07:30:56,159 [INFO] Added first four glyphs to subset
2026-09-09 07:30:56,159 [INFO] Closing glyph list over 'GSUB': 50 glyphs before
2026-09-09 07:30:56,159 [INFO] Glyph names: ['.notdef', '.null', 'A', 'C', 'D', 'G', 'M', 'S', 'T', 'Z', 'a', 'b', 'c', 'd', 'e', 'eight', 'f', 'five', 'four', 'g', 'hyphen', 'i', 'l', 'm', 'n', 'nine', 'nonmarkingreturn', 'o', 'one', 'p', 'parenleft', 'parenright', 'period', 'plus', 'quotesingle', 'r', 's', 'seven', 'six', 'slash', 'space', 't', 'three', 'two', 'u', 'v', 'w', 'y', 'z', 'zero']
2026-09-09 07:30:56,160 [INFO] Glyph IDs:   [0, 1, 2, 3, 10, 11, 12, 14, 16, 17, 18, 19, 20, 21, 22, 23, 24, 25, 26, 27, 28, 36, 38, 39, 42, 48, 54, 55, 61, 68, 69, 70, 71, 72, 73, 74, 76, 79, 80, 81, 82, 83, 85, 86, 87, 88, 89, 90, 92, 93]
2026-09-09 07:30:56,164 [INFO] Closed glyph list over 'GSUB': 55 glyphs after
2026-09-09 07:30:56,164 [INFO] Glyph names: ['.notdef', '.null', 'A', 'C', 'D', 'G', 'M', 'S', 'T', 'Z', 'a', 'b', 'c', 'd', 'e', 'eight', 'f', 'fi', 'five', 'fl', 'four', 'g', 'hyphen', 'i', 'l', 'm', 'n', 'nine', 'nonmarkingreturn', 'o', 'one', 'p', 'parenleft', 'parenright', 'period', 'plus', 'quotesingle', 'r', 's', 'seven', 'six', 'slash', 'space', 't', 'three', 'two', 'u', 'uniFB00', 'uniFB03', 'uniFB04', 'v', 'w', 'y', 'z', 'zero']
2026-09-09 07:30:56,164 [INFO] Glyph IDs:   [0, 1, 2, 3, 10, 11, 12, 14, 16, 17, 18, 19, 20, 21, 22, 23, 24, 25, 26, 27, 28, 36, 38, 39, 42, 48, 54, 55, 61, 68, 69, 70, 71, 72, 73, 74, 76, 79, 80, 81, 82, 83, 85, 86, 87, 88, 89, 90, 92, 93, 5034, 5035, 5036, 5037, 5038]
2026-09-09 07:30:56,164 [INFO] Closing glyph list over 'glyf': 55 glyphs before
2026-09-09 07:30:56,164 [INFO] Glyph names: ['.notdef', '.null', 'A', 'C', 'D', 'G', 'M', 'S', 'T', 'Z', 'a', 'b', 'c', 'd', 'e', 'eight', 'f', 'fi', 'five', 'fl', 'four', 'g', 'hyphen', 'i', 'l', 'm', 'n', 'nine', 'nonmarkingreturn', 'o', 'one', 'p', 'parenleft', 'parenright', 'period', 'plus', 'quotesingle', 'r', 's', 'seven', 'six', 'slash', 'space', 't', 'three', 'two', 'u', 'uniFB00', 'uniFB03', 'uniFB04', 'v', 'w', 'y', 'z', 'zero']
2026-09-09 07:30:56,165 [INFO] Glyph IDs:   [0, 1, 2, 3, 10, 11, 12, 14, 16, 17, 18, 19, 20, 21, 22, 23, 24, 25, 26, 27, 28, 36, 38, 39, 42, 48, 54, 55, 61, 68, 69, 70, 71, 72, 73, 74, 76, 79, 80, 81, 82, 83, 85, 86, 87, 88, 89, 90, 92, 93, 5034, 5035, 5036, 5037, 5038]
2026-09-09 07:30:56,165 [INFO] Closed glyph list over 'glyf': 55 glyphs after
2026-09-09 07:30:56,165 [INFO] Glyph names: ['.notdef', '.null', 'A', 'C', 'D', 'G', 'M', 'S', 'T', 'Z', 'a', 'b', 'c', 'd', 'e', 'eight', 'f', 'fi', 'five', 'fl', 'four', 'g', 'hyphen', 'i', 'l', 'm', 'n', 'nine', 'nonmarkingreturn', 'o', 'one', 'p', 'parenleft', 'parenright', 'period', 'plus', 'quotesingle', 'r', 's', 'seven', 'six', 'slash', 'space', 't', 'three', 'two', 'u', 'uniFB00', 'uniFB03', 'uniFB04', 'v', 'w', 'y', 'z', 'zero']
2026-09-09 07:30:56,165 [INFO] Glyph IDs:   [0, 1, 2, 3, 10, 11, 12, 14, 16, 17, 18, 19, 20, 21, 22, 23, 24, 25, 26, 27, 28, 36, 38, 39, 42, 48, 54, 55, 61, 68, 69, 70, 71, 72, 73, 74, 76, 79, 80, 81, 82, 83, 85, 86, 87, 88, 89, 90, 92, 93, 5034, 5035, 5036, 5037, 5038]
2026-09-09 07:30:56,165 [INFO] Retaining 55 glyphs
2026-09-09 07:30:56,166 [INFO] head subsetting not needed
2026-09-09 07:30:56,166 [INFO] hhea subsetting not needed
2026-09-09 07:30:56,166 [INFO] maxp subsetting not needed
2026-09-09 07:30:56,167 [INFO] OS/2 subsetting not needed
2026-09-09 07:30:56,170 [INFO] hmtx subsetted
2026-09-09 07:30:56,172 [INFO] cmap subsetted
2026-09-09 07:30:56,172 [INFO] fpgm subsetting not needed
2026-09-09 07:30:56,172 [INFO] prep subsetting not needed
2026-09-09 07:30:56,172 [INFO] cvt  subsetting not needed
2026-09-09 07:30:56,172 [INFO] loca subsetting not needed
2026-09-09 07:30:56,172 [INFO] post subsetted
2026-09-09 07:30:56,172 [INFO] gasp subsetting not needed
2026-09-09 07:30:56,174 [INFO] GDEF subsetted
2026-09-09 07:30:56,199 [INFO] GPOS subsetted
2026-09-09 07:30:56,201 [INFO] GSUB subsetted
2026-09-09 07:30:56,201 [INFO] name subsetting not needed
2026-09-09 07:30:56,202 [INFO] glyf subsetted
2026-09-09 07:30:56,203 [INFO] head pruned
2026-09-09 07:30:56,203 [INFO] OS/2 Unicode ranges pruned: [0]
2026-09-09 07:30:56,203 [INFO] OS/2 CodePage ranges pruned: [0]
2026-09-09 07:30:56,204 [INFO] glyf pruned
2026-09-09 07:30:56,204 [INFO] GDEF pruned
2026-09-09 07:30:56,204 [INFO] GPOS pruned
2026-09-09 07:30:56,204 [INFO] GSUB pruned
2026-09-09 07:30:56,213 [INFO] name pruned
2026-09-09 07:30:56,222 [INFO] maxp pruned
2026-09-09 07:30:56,235 [INFO] cmap pruned
2026-09-09 07:30:56,235 [INFO] kern dropped
2026-09-09 07:30:56,235 [INFO] post pruned
2026-09-09 07:30:56,235 [INFO] FFTM dropped
2026-09-09 07:30:56,237 [INFO] GPOS pruned
2026-09-09 07:30:56,240 [INFO] GSUB pruned
2026-09-09 07:30:56,245 [INFO] glyf pruned
2026-09-09 07:30:56,247 [INFO] Added gid0 to subset
2026-09-09 07:30:56,247 [INFO] Added first four glyphs to subset
2026-09-09 07:30:56,248 [INFO] Closing glyph list over 'GSUB': 5 glyphs before
2026-09-09 07:30:56,248 [INFO] Glyph names: ['.notdef', '.null', 'fi', 'nonmarkingreturn', 'space']
2026-09-09 07:30:56,249 [INFO] Glyph IDs:   [0, 1, 2, 3, 5035]
2026-09-09 07:30:56,252 [INFO] Closed glyph list over 'GSUB': 5 glyphs after
2026-09-09 07:30:56,252 [INFO] Glyph names: ['.notdef', '.null', 'fi', 'nonmarkingreturn', 'space']
2026-09-09 07:30:56,252 [INFO] Glyph IDs:   [0, 1, 2, 3, 5035]
2026-09-09 07:30:56,252 [INFO] Closing glyph list over 'glyf': 5 glyphs before
2026-09-09 07:30:56,253 [INFO] Glyph names: ['.notdef', '.null', 'fi', 'nonmarkingreturn', 'space']
2026-09-09 07:30:56,253 [INFO] Glyph IDs:   [0, 1, 2, 3, 5035]
2026-09-09 07:30:56,253 [INFO] Closed glyph list over 'glyf': 5 glyphs after
2026-09-09 07:30:56,253 [INFO] Glyph names: ['.notdef', '.null', 'fi', 'nonmarkingreturn', 'space']
2026-09-09 07:30:56,253 [INFO] Glyph IDs:   [0, 1, 2, 3, 5035]
2026-09-09 07:30:56,253 [INFO] Retaining 5 glyphs
2026-09-09 07:30:56,254 [INFO] head subsetting not needed
2026-09-09 07:30:56,254 [INFO] hhea subsetting not needed
2026-09-09 07:30:56,254 [INFO] maxp subsetting not needed
2026-09-09 07:30:56,254 [INFO] OS/2 subsetting not needed
2026-09-09 07:30:56,257 [INFO] hmtx subsetted
2026-09-09 07:30:56,259 [INFO] cmap subsetted
2026-09-09 07:30:56,259 [INFO] fpgm subsetting not needed
2026-09-09 07:30:56,259 [INFO] prep subsetting not needed
2026-09-09 07:30:56,259 [INFO] cvt  subsetting not needed
2026-09-09 07:30:56,259 [INFO] loca subsetting not needed
2026-09-09 07:30:56,259 [INFO] post subsetted
2026-09-09 07:30:56,260 [INFO] gasp subsetting not needed
2026-09-09 07:30:56,262 [INFO] GDEF subsetted
2026-09-09 07:30:56,284 [INFO] GPOS subsetted
2026-09-09 07:30:56,285 [INFO] GSUB subsetted
2026-09-09 07:30:56,285 [INFO] name subsetting not needed
2026-09-09 07:30:56,288 [INFO] glyf subsetted
2026-09-09 07:30:56,288 [INFO] head pruned
2026-09-09 07:30:56,289 [INFO] OS/2 Unicode ranges pruned: [62]
2026-09-09 07:30:56,289 [INFO] OS/2 CodePage ranges pruned: [0]
2026-09-09 07:30:56,289 [INFO] glyf pruned
2026-09-09 07:30:56,289 [INFO] GDEF pruned
2026-09-09 07:30:56,290 [INFO] GPOS pruned
2026-09-09 07:30:56,290 [INFO] GSUB pruned
2026-09-09 07:30:56,292 [INFO] name pruned
2026-09-09 07:30:56,296 [INFO] maxp pruned
2026-09-09 07:30:56,307 [INFO] cmap pruned
2026-09-09 07:30:56,307 [INFO] kern dropped
2026-09-09 07:30:56,308 [INFO] post pruned
2026-09-09 07:30:56,308 [INFO] FFTM dropped
2026-09-09 07:30:56,309 [INFO] GPOS pruned
2026-09-09 07:30:56,312 [INFO] GSUB pruned
2026-09-09 07:30:56,320 [INFO] glyf pruned
2026-09-09 07:30:56,321 [INFO] Added gid0 to subset
2026-09-09 07:30:56,322 [INFO] Added first four glyphs to subset
2026-09-09 07:30:56,322 [INFO] Closing glyph list over 'MATH': 53 glyphs before
2026-09-09 07:30:56,322 [INFO] Glyph names: ['.notdef', '.null', 'A', 'D', 'F', 'K', 'M', 'P', 'R', 'S', 'T', 'U', 'W', 'Y', 'Z', 'a', 'ampersand', 'c', 'd', 'e', 'eight', 'equal', 'five', 'four', 'g', 'h', 'hyphen', 'i', 'l', 'm', 'minus', 'n', 'nine', 'nonmarkingreturn', 'o', 'one', 'p', 'parenleft', 'parenright', 'period', 'r', 's', 'seven', 'six', 'space', 't', 'three', 'two', 'u', 'v', 'w', 'y', 'zero']
2026-09-09 07:30:56,323 [INFO] Glyph IDs:   [0, 1, 2, 3, 9, 11, 12, 16, 17, 19, 20, 21, 22, 23, 24, 25, 26, 27, 28, 32, 36, 39, 41, 46, 48, 51, 53, 54, 55, 56, 58, 60, 61, 68, 70, 71, 72, 74, 75, 76, 79, 80, 81, 82, 83, 85, 86, 87, 88, 89, 90, 92, 3228]
2026-09-09 07:30:56,324 [INFO] Closed glyph list over 'MATH': 59 glyphs after
2026-09-09 07:30:56,324 [INFO] Glyph names: ['.notdef', '.null', 'A', 'D', 'F', 'K', 'M', 'P', 'R', 'S', 'T', 'U', 'W', 'Y', 'Z', 'a', 'ampersand', 'c', 'd', 'e', 'eight', 'equal', 'five', 'four', 'g', 'h', 'hyphen', 'i', 'l', 'm', 'minus', 'n', 'nine', 'nonmarkingreturn', 'o', 'one', 'p', 'parenleft', 'parenright', 'period', 'r', 's', 'seven', 'six', 'space', 't', 'three', 'two', 'u', 'uni239B', 'uni239C', 'uni239D', 'uni239E', 'uni239F', 'uni23A0', 'v', 'w', 'y', 'zero']
2026-09-09 07:30:56,324 [INFO] Glyph IDs:   [0, 1, 2, 3, 9, 11, 12, 16, 17, 19, 20, 21, 22, 23, 24, 25, 26, 27, 28, 32, 36, 39, 41, 46, 48, 51, 53, 54, 55, 56, 58, 60, 61, 68, 70, 71, 72, 74, 75, 76, 79, 80, 81, 82, 83, 85, 86, 87, 88, 89, 90, 92, 3228, 3506, 3507, 3508, 3509, 3510, 3511]
2026-09-09 07:30:56,324 [INFO] Closing glyph list over 'GSUB': 59 glyphs before
2026-09-09 07:30:56,324 [INFO] Glyph names: ['.notdef', '.null', 'A', 'D', 'F', 'K', 'M', 'P', 'R', 'S', 'T', 'U', 'W', 'Y', 'Z', 'a', 'ampersand', 'c', 'd', 'e', 'eight', 'equal', 'five', 'four', 'g', 'h', 'hyphen', 'i', 'l', 'm', 'minus', 'n', 'nine', 'nonmarkingreturn', 'o', 'one', 'p', 'parenleft', 'parenright', 'period', 'r', 's', 'seven', 'six', 'space', 't', 'three', 'two', 'u', 'uni239B', 'uni239C', 'uni239D', 'uni239E', 'uni239F', 'uni23A0', 'v', 'w', 'y', 'zero']
2026-09-09 07:30:56,324 [INFO] Glyph IDs:   [0, 1, 2, 3, 9, 11, 12, 16, 17, 19, 20, 21, 22, 23, 24, 25, 26, 27, 28, 32, 36, 39, 41, 46, 48, 51, 53, 54, 55, 56, 58, 60, 61, 68, 70, 71, 72, 74, 75, 76, 79, 80, 81, 82, 83, 85, 86, 87, 88, 89, 90, 92, 3228, 3506, 3507, 3508, 3509, 3510, 3511]
2026-09-09 07:30:56,330 [INFO] Closed glyph list over 'GSUB': 59 glyphs after
2026-09-09 07:30:56,330 [INFO] Glyph names: ['.notdef', '.null', 'A', 'D', 'F', 'K', 'M', 'P', 'R', 'S', 'T', 'U', 'W', 'Y', 'Z', 'a', 'ampersand', 'c', 'd', 'e', 'eight', 'equal', 'five', 'four', 'g', 'h', 'hyphen', 'i', 'l', 'm', 'minus', 'n', 'nine', 'nonmarkingreturn', 'o', 'one', 'p', 'parenleft', 'parenright', 'period', 'r', 's', 'seven', 'six', 'space', 't', 'three', 'two', 'u', 'uni239B', 'uni239C', 'uni239D', 'uni239E', 'uni239F', 'uni23A0', 'v', 'w', 'y', 'zero']
2026-09-09 07:30:56,330 [INFO] Glyph IDs:   [0, 1, 2, 3, 9, 11, 12, 16, 17, 19, 20, 21, 22, 23, 24, 25, 26, 27, 28, 32, 36, 39, 41, 46, 48, 51, 53, 54, 55, 56, 58, 60, 61, 68, 70, 71, 72, 74, 75, 76, 79, 80, 81, 82, 83, 85, 86, 87, 88, 89, 90, 92, 3228, 3506, 3507, 3508, 3509, 3510, 3511]
2026-09-09 07:30:56,331 [INFO] Closing glyph list over 'glyf': 59 glyphs before
2026-09-09 07:30:56,331 [INFO] Glyph names: ['.notdef', '.null', 'A', 'D', 'F', 'K', 'M', 'P', 'R', 'S', 'T', 'U', 'W', 'Y', 'Z', 'a', 'ampersand', 'c', 'd', 'e', 'eight', 'equal', 'five', 'four', 'g', 'h', 'hyphen', 'i', 'l', 'm', 'minus', 'n', 'nine', 'nonmarkingreturn', 'o', 'one', 'p', 'parenleft', 'parenright', 'period', 'r', 's', 'seven', 'six', 'space', 't', 'three', 'two', 'u', 'uni239B', 'uni239C', 'uni239D', 'uni239E', 'uni239F', 'uni23A0', 'v', 'w', 'y', 'zero']
2026-09-09 07:30:56,331 [INFO] Glyph IDs:   [0, 1, 2, 3, 9, 11, 12, 16, 17, 19, 20, 21, 22, 23, 24, 25, 26, 27, 28, 32, 36, 39, 41, 46, 48, 51, 53, 54, 55, 56, 58, 60, 61, 68, 70, 71, 72, 74, 75, 76, 79, 80, 81, 82, 83, 85, 86, 87, 88, 89, 90, 92, 3228, 3506, 3507, 3508, 3509, 3510, 3511]
2026-09-09 07:30:56,331 [INFO] Closed glyph list over 'glyf': 59 glyphs after
2026-09-09 07:30:56,331 [INFO] Glyph names: ['.notdef', '.null', 'A', 'D', 'F', 'K', 'M', 'P', 'R', 'S', 'T', 'U', 'W', 'Y', 'Z', 'a', 'ampersand', 'c', 'd', 'e', 'eight', 'equal', 'five', 'four', 'g', 'h', 'hyphen', 'i', 'l', 'm', 'minus', 'n', 'nine', 'nonmarkingreturn', 'o', 'one', 'p', 'parenleft', 'parenright', 'period', 'r', 's', 'seven', 'six', 'space', 't', 'three', 'two', 'u', 'uni239B', 'uni239C', 'uni239D', 'uni239E', 'uni239F', 'uni23A0', 'v', 'w', 'y', 'zero']
2026-09-09 07:30:56,331 [INFO] Glyph IDs:   [0, 1, 2, 3, 9, 11, 12, 16, 17, 19, 20, 21, 22, 23, 24, 25, 26, 27, 28, 32, 36, 39, 41, 46, 48, 51, 53, 54, 55, 56, 58, 60, 61, 68, 70, 71, 72, 74, 75, 76, 79, 80, 81, 82, 83, 85, 86, 87, 88, 89, 90, 92, 3228, 3506, 3507, 3508, 3509, 3510, 3511]
2026-09-09 07:30:56,332 [INFO] Retaining 59 glyphs
2026-09-09 07:30:56,332 [INFO] head subsetting not needed
2026-09-09 07:30:56,332 [INFO] hhea subsetting not needed
2026-09-09 07:30:56,332 [INFO] maxp subsetting not needed
2026-09-09 07:30:56,332 [INFO] OS/2 subsetting not needed
2026-09-09 07:30:56,335 [INFO] hmtx subsetted
2026-09-09 07:30:56,337 [INFO] cmap subsetted
2026-09-09 07:30:56,337 [INFO] fpgm subsetting not needed
2026-09-09 07:30:56,337 [INFO] prep subsetting not needed
2026-09-09 07:30:56,337 [INFO] cvt  subsetting not needed
2026-09-09 07:30:56,337 [INFO] loca subsetting not needed
2026-09-09 07:30:56,338 [INFO] post subsetted
2026-09-09 07:30:56,338 [INFO] gasp subsetting not needed
2026-09-09 07:30:56,338 [INFO] MATH subsetted
2026-09-09 07:30:56,341 [INFO] GDEF subsetted
2026-09-09 07:30:56,369 [INFO] GPOS subsetted
2026-09-09 07:30:56,371 [INFO] GSUB subsetted
2026-09-09 07:30:56,371 [INFO] name subsetting not needed
2026-09-09 07:30:56,373 [INFO] glyf subsetted
2026-09-09 07:30:56,373 [INFO] head pruned
2026-09-09 07:30:56,374 [INFO] OS/2 Unicode ranges pruned: [0, 38]
2026-09-09 07:30:56,374 [INFO] OS/2 CodePage ranges pruned: [0]
2026-09-09 07:30:56,374 [INFO] glyf pruned
2026-09-09 07:30:56,374 [INFO] GDEF pruned
2026-09-09 07:30:56,375 [INFO] GPOS pruned
2026-09-09 07:30:56,375 [INFO] GSUB pruned
2026-09-09 07:30:56,391 [INFO] name pruned
2026-09-09 07:30:56,406 [INFO] maxp pruned
2026-09-09 07:30:56,416 [INFO] cmap pruned
2026-09-09 07:30:56,416 [INFO] kern dropped
2026-09-09 07:30:56,417 [INFO] post pruned
2026-09-09 07:30:56,417 [INFO] FFTM dropped
2026-09-09 07:30:56,418 [INFO] GPOS pruned
2026-09-09 07:30:56,424 [INFO] GSUB pruned
2026-09-09 07:30:56,429 [INFO] glyf pruned
2026-09-09 07:30:56,430 [INFO] Added gid0 to subset
2026-09-09 07:30:56,430 [INFO] Added first four glyphs to subset
2026-09-09 07:30:56,430 [INFO] Closing glyph list over 'MATH': 5 glyphs before
2026-09-09 07:30:56,430 [INFO] Glyph names: ['.notdef', '.null', 'fi', 'nonmarkingreturn', 'space']
2026-09-09 07:30:56,431 [INFO] Glyph IDs:   [0, 1, 2, 3, 5039]
2026-09-09 07:30:56,432 [INFO] Closed glyph list over 'MATH': 5 glyphs after
2026-09-09 07:30:56,432 [INFO] Glyph names: ['.notdef', '.null', 'fi', 'nonmarkingreturn', 'space']
2026-09-09 07:30:56,432 [INFO] Glyph IDs:   [0, 1, 2, 3, 5039]
2026-09-09 07:30:56,432 [INFO] Closing glyph list over 'GSUB': 5 glyphs before
2026-09-09 07:30:56,432 [INFO] Glyph names: ['.notdef', '.null', 'fi', 'nonmarkingreturn', 'space']
2026-09-09 07:30:56,432 [INFO] Glyph IDs:   [0, 1, 2, 3, 5039]
2026-09-09 07:30:56,435 [INFO] Closed glyph list over 'GSUB': 5 glyphs after
2026-09-09 07:30:56,435 [INFO] Glyph names: ['.notdef', '.null', 'fi', 'nonmarkingreturn', 'space']
2026-09-09 07:30:56,436 [INFO] Glyph IDs:   [0, 1, 2, 3, 5039]
2026-09-09 07:30:56,436 [INFO] Closing glyph list over 'glyf': 5 glyphs before
2026-09-09 07:30:56,436 [INFO] Glyph names: ['.notdef', '.null', 'fi', 'nonmarkingreturn', 'space']
2026-09-09 07:30:56,436 [INFO] Glyph IDs:   [0, 1, 2, 3, 5039]
2026-09-09 07:30:56,436 [INFO] Closed glyph list over 'glyf': 5 glyphs after
2026-09-09 07:30:56,436 [INFO] Glyph names: ['.notdef', '.null', 'fi', 'nonmarkingreturn', 'space']
2026-09-09 07:30:56,436 [INFO] Glyph IDs:   [0, 1, 2, 3, 5039]
2026-09-09 07:30:56,437 [INFO] Retaining 5 glyphs
2026-09-09 07:30:56,437 [INFO] head subsetting not needed
2026-09-09 07:30:56,437 [INFO] hhea subsetting not needed
2026-09-09 07:30:56,437 [INFO] maxp subsetting not needed
2026-09-09 07:30:56,437 [INFO] OS/2 subsetting not needed
2026-09-09 07:30:56,440 [INFO] hmtx subsetted
2026-09-09 07:30:56,442 [INFO] cmap subsetted
2026-09-09 07:30:56,442 [INFO] fpgm subsetting not needed
2026-09-09 07:30:56,442 [INFO] prep subsetting not needed
2026-09-09 07:30:56,442 [INFO] cvt  subsetting not needed
2026-09-09 07:30:56,442 [INFO] loca subsetting not needed
2026-09-09 07:30:56,443 [INFO] post subsetted
2026-09-09 07:30:56,443 [INFO] gasp subsetting not needed
2026-09-09 07:30:56,443 [INFO] MATH subsetted
2026-09-09 07:30:56,445 [INFO] GDEF subsetted
2026-09-09 07:30:56,468 [INFO] GPOS subsetted
2026-09-09 07:30:56,469 [INFO] GSUB subsetted
2026-09-09 07:30:56,469 [INFO] name subsetting not needed
2026-09-09 07:30:56,470 [INFO] glyf subsetted
2026-09-09 07:30:56,471 [INFO] head pruned
2026-09-09 07:30:56,471 [INFO] OS/2 Unicode ranges pruned: [62]
2026-09-09 07:30:56,472 [INFO] OS/2 CodePage ranges pruned: [0]
2026-09-09 07:30:56,472 [INFO] glyf pruned
2026-09-09 07:30:56,472 [INFO] GDEF pruned
2026-09-09 07:30:56,472 [INFO] GPOS pruned
2026-09-09 07:30:56,472 [INFO] GSUB pruned
2026-09-09 07:30:56,475 [INFO] name pruned
2026-09-09 07:30:59,416 [INFO] maxp pruned
2026-09-09 07:30:59,427 [INFO] cmap pruned
2026-09-09 07:30:59,427 [INFO] kern dropped
2026-09-09 07:30:59,427 [INFO] post pruned
2026-09-09 07:30:59,427 [INFO] FFTM dropped
2026-09-09 07:30:59,429 [INFO] GPOS pruned
2026-09-09 07:30:59,433 [INFO] GSUB pruned
2026-09-09 07:30:59,440 [INFO] glyf pruned
2026-09-09 07:30:59,441 [INFO] Added gid0 to subset
2026-09-09 07:30:59,441 [INFO] Added first four glyphs to subset
2026-09-09 07:30:59,442 [INFO] Closing glyph list over 'GSUB': 59 glyphs before
2026-09-09 07:30:59,442 [INFO] Glyph names: ['.notdef', '.null', 'A', 'B', 'C', 'D', 'F', 'I', 'K', 'L', 'M', 'R', 'S', 'T', 'V', 'W', 'Y', 'Z', 'a', 'ampersand', 'asterisk', 'b', 'c', 'colon', 'd', 'e', 'eight', 'f', 'five', 'four', 'g', 'hyphen', 'i', 'j', 'l', 'm', 'n', 'nine', 'nonmarkingreturn', 'o', 'one', 'p', 'parenleft', 'parenright', 'period', 'plus', 'r', 's', 'six', 'slash', 'space', 't', 'three', 'two', 'u', 'underscore', 'v', 'y', 'zero']
2026-09-09 07:30:59,442 [INFO] Glyph IDs:   [0, 1, 2, 3, 9, 11, 12, 13, 14, 16, 17, 18, 19, 20, 21, 22, 23, 24, 25, 27, 28, 29, 36, 37, 38, 39, 41, 44, 46, 47, 48, 53, 54, 55, 57, 58, 60, 61, 66, 68, 69, 70, 71, 72, 73, 74, 76, 77, 79, 80, 81, 82, 83, 85, 86, 87, 88, 89, 92]
2026-09-09 07:30:59,446 [INFO] Closed glyph list over 'GSUB': 64 glyphs after
2026-09-09 07:30:59,446 [INFO] Glyph names: ['.notdef', '.null', 'A', 'B', 'C', 'D', 'F', 'I', 'K', 'L', 'M', 'R', 'S', 'T', 'V', 'W', 'Y', 'Z', 'a', 'ampersand', 'asterisk', 'b', 'c', 'colon', 'd', 'e', 'eight', 'f', 'fi', 'five', 'fl', 'four', 'g', 'hyphen', 'i', 'j', 'l', 'm', 'n', 'nine', 'nonmarkingreturn', 'o', 'one', 'p', 'parenleft', 'parenright', 'period', 'plus', 'r', 's', 'six', 'slash', 'space', 't', 'three', 'two', 'u', 'underscore', 'uniFB00', 'uniFB03', 'uniFB04', 'v', 'y', 'zero']
2026-09-09 07:30:59,446 [INFO] Glyph IDs:   [0, 1, 2, 3, 9, 11, 12, 13, 14, 16, 17, 18, 19, 20, 21, 22, 23, 24, 25, 27, 28, 29, 36, 37, 38, 39, 41, 44, 46, 47, 48, 53, 54, 55, 57, 58, 60, 61, 66, 68, 69, 70, 71, 72, 73, 74, 76, 77, 79, 80, 81, 82, 83, 85, 86, 87, 88, 89, 92, 5034, 5035, 5036, 5037, 5038]
2026-09-09 07:30:59,446 [INFO] Closing glyph list over 'glyf': 64 glyphs before
2026-09-09 07:30:59,446 [INFO] Glyph names: ['.notdef', '.null', 'A', 'B', 'C', 'D', 'F', 'I', 'K', 'L', 'M', 'R', 'S', 'T', 'V', 'W', 'Y', 'Z', 'a', 'ampersand', 'asterisk', 'b', 'c', 'colon', 'd', 'e', 'eight', 'f', 'fi', 'five', 'fl', 'four', 'g', 'hyphen', 'i', 'j', 'l', 'm', 'n', 'nine', 'nonmarkingreturn', 'o', 'one', 'p', 'parenleft', 'parenright', 'period', 'plus', 'r', 's', 'six', 'slash', 'space', 't', 'three', 'two', 'u', 'underscore', 'uniFB00', 'uniFB03', 'uniFB04', 'v', 'y', 'zero']
2026-09-09 07:30:59,447 [INFO] Glyph IDs:   [0, 1, 2, 3, 9, 11, 12, 13, 14, 16, 17, 18, 19, 20, 21, 22, 23, 24, 25, 27, 28, 29, 36, 37, 38, 39, 41, 44, 46, 47, 48, 53, 54, 55, 57, 58, 60, 61, 66, 68, 69, 70, 71, 72, 73, 74, 76, 77, 79, 80, 81, 82, 83, 85, 86, 87, 88, 89, 92, 5034, 5035, 5036, 5037, 5038]
2026-09-09 07:30:59,447 [INFO] Closed glyph list over 'glyf': 64 glyphs after
2026-09-09 07:30:59,447 [INFO] Glyph names: ['.notdef', '.null', 'A', 'B', 'C', 'D', 'F', 'I', 'K', 'L', 'M', 'R', 'S', 'T', 'V', 'W', 'Y', 'Z', 'a', 'ampersand', 'asterisk', 'b', 'c', 'colon', 'd', 'e', 'eight', 'f', 'fi', 'five', 'fl', 'four', 'g', 'hyphen', 'i', 'j', 'l', 'm', 'n', 'nine', 'nonmarkingreturn', 'o', 'one', 'p', 'parenleft', 'parenright', 'period', 'plus', 'r', 's', 'six', 'slash', 'space', 't', 'three', 'two', 'u', 'underscore', 'uniFB00', 'uniFB03', 'uniFB04', 'v', 'y', 'zero']
2026-09-09 07:30:59,448 [INFO] Glyph IDs:   [0, 1, 2, 3, 9, 11, 12, 13, 14, 16, 17, 18, 19, 20, 21, 22, 23, 24, 25, 27, 28, 29, 36, 37, 38, 39, 41, 44, 46, 47, 48, 53, 54, 55, 57, 58, 60, 61, 66, 68, 69, 70, 71, 72, 73, 74, 76, 77, 79, 80, 81, 82, 83, 85, 86, 87, 88, 89, 92, 5034, 5035, 5036, 5037, 5038]
2026-09-09 07:30:59,448 [INFO] Retaining 64 glyphs
2026-09-09 07:30:59,449 [INFO] head subsetting not needed
2026-09-09 07:30:59,449 [INFO] hhea subsetting not needed
2026-09-09 07:30:59,449 [INFO] maxp subsetting not needed
2026-09-09 07:30:59,449 [INFO] OS/2 subsetting not needed
2026-09-09 07:30:59,452 [INFO] hmtx subsetted
2026-09-09 07:30:59,454 [INFO] cmap subsetted
2026-09-09 07:30:59,454 [INFO] fpgm subsetting not needed
2026-09-09 07:30:59,454 [INFO] prep subsetting not needed
2026-09-09 07:30:59,454 [INFO] cvt  subsetting not needed
2026-09-09 07:30:59,454 [INFO] loca subsetting not needed
2026-09-09 07:30:59,455 [INFO] post subsetted
2026-09-09 07:30:59,455 [INFO] gasp subsetting not needed
2026-09-09 07:30:59,456 [INFO] GDEF subsetted
2026-09-09 07:30:59,486 [INFO] GPOS subsetted
2026-09-09 07:30:59,489 [INFO] GSUB subsetted
2026-09-09 07:30:59,489 [INFO] name subsetting not needed
2026-09-09 07:30:59,491 [INFO] glyf subsetted
2026-09-09 07:30:59,492 [INFO] head pruned
2026-09-09 07:30:59,493 [INFO] OS/2 Unicode ranges pruned: [0]
2026-09-09 07:30:59,493 [INFO] OS/2 CodePage ranges pruned: [0]
2026-09-09 07:30:59,494 [INFO] glyf pruned
2026-09-09 07:30:59,494 [INFO] GDEF pruned
2026-09-09 07:30:59,495 [INFO] GPOS pruned
2026-09-09 07:30:59,495 [INFO] GSUB pruned
2026-09-09 07:30:59,508 [INFO] name pruned
2026-09-09 07:30:59,518 [INFO] maxp pruned
2026-09-09 07:30:59,529 [INFO] cmap pruned
2026-09-09 07:30:59,529 [INFO] kern dropped
2026-09-09 07:30:59,530 [INFO] post pruned
2026-09-09 07:30:59,530 [INFO] FFTM dropped
2026-09-09 07:30:59,531 [INFO] GPOS pruned
2026-09-09 07:30:59,534 [INFO] GSUB pruned
2026-09-09 07:30:59,589 [INFO] glyf pruned
2026-09-09 07:30:59,590 [INFO] Added gid0 to subset
2026-09-09 07:30:59,590 [INFO] Added first four glyphs to subset
2026-09-09 07:30:59,590 [INFO] Closing glyph list over 'GSUB': 5 glyphs before
2026-09-09 07:30:59,590 [INFO] Glyph names: ['.notdef', '.null', 'fi', 'nonmarkingreturn', 'space']
2026-09-09 07:30:59,591 [INFO] Glyph IDs:   [0, 1, 2, 3, 5035]
2026-09-09 07:30:59,592 [INFO] Closed glyph list over 'GSUB': 5 glyphs after
2026-09-09 07:30:59,592 [INFO] Glyph names: ['.notdef', '.null', 'fi', 'nonmarkingreturn', 'space']
2026-09-09 07:30:59,593 [INFO] Glyph IDs:   [0, 1, 2, 3, 5035]
2026-09-09 07:30:59,593 [INFO] Closing glyph list over 'glyf': 5 glyphs before
2026-09-09 07:30:59,593 [INFO] Glyph names: ['.notdef', '.null', 'fi', 'nonmarkingreturn', 'space']
2026-09-09 07:30:59,593 [INFO] Glyph IDs:   [0, 1, 2, 3, 5035]
2026-09-09 07:30:59,593 [INFO] Closed glyph list over 'glyf': 5 glyphs after
2026-09-09 07:30:59,593 [INFO] Glyph names: ['.notdef', '.null', 'fi', 'nonmarkingreturn', 'space']
2026-09-09 07:30:59,593 [INFO] Glyph IDs:   [0, 1, 2, 3, 5035]
2026-09-09 07:30:59,593 [INFO] Retaining 5 glyphs
2026-09-09 07:30:59,594 [INFO] head subsetting not needed
2026-09-09 07:30:59,595 [INFO] hhea subsetting not needed
2026-09-09 07:30:59,595 [INFO] maxp subsetting not needed
2026-09-09 07:30:59,595 [INFO] OS/2 subsetting not needed
2026-09-09 07:30:59,599 [INFO] hmtx subsetted
2026-09-09 07:30:59,601 [INFO] cmap subsetted
2026-09-09 07:30:59,601 [INFO] fpgm subsetting not needed
2026-09-09 07:30:59,602 [INFO] prep subsetting not needed
2026-09-09 07:30:59,602 [INFO] cvt  subsetting not needed
2026-09-09 07:30:59,602 [INFO] loca subsetting not needed
2026-09-09 07:30:59,602 [INFO] post subsetted
2026-09-09 07:30:59,602 [INFO] gasp subsetting not needed
2026-09-09 07:30:59,604 [INFO] GDEF subsetted
2026-09-09 07:30:59,629 [INFO] GPOS subsetted
2026-09-09 07:30:59,630 [INFO] GSUB subsetted
2026-09-09 07:30:59,630 [INFO] name subsetting not needed
2026-09-09 07:30:59,631 [INFO] glyf subsetted
2026-09-09 07:30:59,632 [INFO] head pruned
2026-09-09 07:30:59,632 [INFO] OS/2 Unicode ranges pruned: [62]
2026-09-09 07:30:59,632 [INFO] OS/2 CodePage ranges pruned: [0]
2026-09-09 07:30:59,632 [INFO] glyf pruned
2026-09-09 07:30:59,632 [INFO] GDEF pruned
2026-09-09 07:30:59,633 [INFO] GPOS pruned
2026-09-09 07:30:59,633 [INFO] GSUB pruned
2026-09-09 07:30:59,636 [INFO] name pruned
2026-09-09 07:30:59,640 [INFO] maxp pruned
2026-09-09 07:30:59,652 [INFO] cmap pruned
2026-09-09 07:30:59,653 [INFO] kern dropped
2026-09-09 07:30:59,653 [INFO] post pruned
2026-09-09 07:30:59,653 [INFO] FFTM dropped
2026-09-09 07:30:59,655 [INFO] GPOS pruned
2026-09-09 07:30:59,658 [INFO] GSUB pruned
2026-09-09 07:30:59,664 [INFO] glyf pruned
2026-09-09 07:30:59,665 [INFO] Added gid0 to subset
2026-09-09 07:30:59,666 [INFO] Added first four glyphs to subset
2026-09-09 07:30:59,666 [INFO] Closing glyph list over 'MATH': 54 glyphs before
2026-09-09 07:30:59,666 [INFO] Glyph names: ['.notdef', '.null', 'A', 'B', 'C', 'E', 'K', 'L', 'M', 'N', 'S', 'V', 'W', 'Y', 'a', 'asterisk', 'bracketleft', 'bracketright', 'c', 'colon', 'd', 'e', 'eight', 'equal', 'five', 'four', 'g', 'h', 'hyphen', 'i', 'l', 'minus', 'n', 'nine', 'nonmarkingreturn', 'o', 'one', 'parenleft', 'parenright', 'period', 'plus', 'r', 's', 'seven', 'six', 'slash', 'space', 't', 'three', 'two', 'u', 'v', 'y', 'zero']
2026-09-09 07:30:59,666 [INFO] Glyph IDs:   [0, 1, 2, 3, 11, 12, 13, 14, 16, 17, 18, 19, 20, 21, 22, 23, 24, 25, 26, 27, 28, 29, 32, 36, 37, 38, 40, 46, 47, 48, 49, 54, 57, 58, 60, 62, 64, 68, 70, 71, 72, 74, 75, 76, 79, 81, 82, 85, 86, 87, 88, 89, 92, 3228]
2026-09-09 07:30:59,667 [INFO] Closed glyph list over 'MATH': 66 glyphs after
2026-09-09 07:30:59,667 [INFO] Glyph names: ['.notdef', '.null', 'A', 'B', 'C', 'E', 'K', 'L', 'M', 'N', 'S', 'V', 'W', 'Y', 'a', 'asterisk', 'bracketleft', 'bracketright', 'c', 'colon', 'd', 'e', 'eight', 'equal', 'five', 'four', 'g', 'h', 'hyphen', 'i', 'l', 'minus', 'n', 'nine', 'nonmarkingreturn', 'o', 'one', 'parenleft', 'parenright', 'period', 'plus', 'r', 's', 'seven', 'six', 'slash', 'space', 't', 'three', 'two', 'u', 'uni239B', 'uni239C', 'uni239D', 'uni239E', 'uni239F', 'uni23A0', 'uni23A1', 'uni23A2', 'uni23A3', 'uni23A4', 'uni23A5', 'uni23A6', 'v', 'y', 'zero']
2026-09-09 07:30:59,667 [INFO] Glyph IDs:   [0, 1, 2, 3, 11, 12, 13, 14, 16, 17, 18, 19, 20, 21, 22, 23, 24, 25, 26, 27, 28, 29, 32, 36, 37, 38, 40, 46, 47, 48, 49, 54, 57, 58, 60, 62, 64, 68, 70, 71, 72, 74, 75, 76, 79, 81, 82, 85, 86, 87, 88, 89, 92, 3228, 3506, 3507, 3508, 3509, 3510, 3511, 3512, 3513, 3514, 3515, 3516, 3517]
2026-09-09 07:30:59,668 [INFO] Closing glyph list over 'GSUB': 66 glyphs before
2026-09-09 07:30:59,668 [INFO] Glyph names: ['.notdef', '.null', 'A', 'B', 'C', 'E', 'K', 'L', 'M', 'N', 'S', 'V', 'W', 'Y', 'a', 'asterisk', 'bracketleft', 'bracketright', 'c', 'colon', 'd', 'e', 'eight', 'equal', 'five', 'four', 'g', 'h', 'hyphen', 'i', 'l', 'minus', 'n', 'nine', 'nonmarkingreturn', 'o', 'one', 'parenleft', 'parenright', 'period', 'plus', 'r', 's', 'seven', 'six', 'slash', 'space', 't', 'three', 'two', 'u', 'uni239B', 'uni239C', 'uni239D', 'uni239E', 'uni239F', 'uni23A0', 'uni23A1', 'uni23A2', 'uni23A3', 'uni23A4', 'uni23A5', 'uni23A6', 'v', 'y', 'zero']
2026-09-09 07:30:59,668 [INFO] Glyph IDs:   [0, 1, 2, 3, 11, 12, 13, 14, 16, 17, 18, 19, 20, 21, 22, 23, 24, 25, 26, 27, 28, 29, 32, 36, 37, 38, 40, 46, 47, 48, 49, 54, 57, 58, 60, 62, 64, 68, 70, 71, 72, 74, 75, 76, 79, 81, 82, 85, 86, 87, 88, 89, 92, 3228, 3506, 3507, 3508, 3509, 3510, 3511, 3512, 3513, 3514, 3515, 3516, 3517]
2026-09-09 07:30:59,671 [INFO] Closed glyph list over 'GSUB': 66 glyphs after
2026-09-09 07:30:59,671 [INFO] Glyph names: ['.notdef', '.null', 'A', 'B', 'C', 'E', 'K', 'L', 'M', 'N', 'S', 'V', 'W', 'Y', 'a', 'asterisk', 'bracketleft', 'bracketright', 'c', 'colon', 'd', 'e', 'eight', 'equal', 'five', 'four', 'g', 'h', 'hyphen', 'i', 'l', 'minus', 'n', 'nine', 'nonmarkingreturn', 'o', 'one', 'parenleft', 'parenright', 'period', 'plus', 'r', 's', 'seven', 'six', 'slash', 'space', 't', 'three', 'two', 'u', 'uni239B', 'uni239C', 'uni239D', 'uni239E', 'uni239F', 'uni23A0', 'uni23A1', 'uni23A2', 'uni23A3', 'uni23A4', 'uni23A5', 'uni23A6', 'v', 'y', 'zero']
2026-09-09 07:30:59,672 [INFO] Glyph IDs:   [0, 1, 2, 3, 11, 12, 13, 14, 16, 17, 18, 19, 20, 21, 22, 23, 24, 25, 26, 27, 28, 29, 32, 36, 37, 38, 40, 46, 47, 48, 49, 54, 57, 58, 60, 62, 64, 68, 70, 71, 72, 74, 75, 76, 79, 81, 82, 85, 86, 87, 88, 89, 92, 3228, 3506, 3507, 3508, 3509, 3510, 3511, 3512, 3513, 3514, 3515, 3516, 3517]
2026-09-09 07:30:59,672 [INFO] Closing glyph list over 'glyf': 66 glyphs before
2026-09-09 07:30:59,672 [INFO] Glyph names: ['.notdef', '.null', 'A', 'B', 'C', 'E', 'K', 'L', 'M', 'N', 'S', 'V', 'W', 'Y', 'a', 'asterisk', 'bracketleft', 'bracketright', 'c', 'colon', 'd', 'e', 'eight', 'equal', 'five', 'four', 'g', 'h', 'hyphen', 'i', 'l', 'minus', 'n', 'nine', 'nonmarkingreturn', 'o', 'one', 'parenleft', 'parenright', 'period', 'plus', 'r', 's', 'seven', 'six', 'slash', 'space', 't', 'three', 'two', 'u', 'uni239B', 'uni239C', 'uni239D', 'uni239E', 'uni239F', 'uni23A0', 'uni23A1', 'uni23A2', 'uni23A3', 'uni23A4', 'uni23A5', 'uni23A6', 'v', 'y', 'zero']
2026-09-09 07:30:59,672 [INFO] Glyph IDs:   [0, 1, 2, 3, 11, 12, 13, 14, 16, 17, 18, 19, 20, 21, 22, 23, 24, 25, 26, 27, 28, 29, 32, 36, 37, 38, 40, 46, 47, 48, 49, 54, 57, 58, 60, 62, 64, 68, 70, 71, 72, 74, 75, 76, 79, 81, 82, 85, 86, 87, 88, 89, 92, 3228, 3506, 3507, 3508, 3509, 3510, 3511, 3512, 3513, 3514, 3515, 3516, 3517]
2026-09-09 07:30:59,672 [INFO] Closed glyph list over 'glyf': 66 glyphs after
2026-09-09 07:30:59,672 [INFO] Glyph names: ['.notdef', '.null', 'A', 'B', 'C', 'E', 'K', 'L', 'M', 'N', 'S', 'V', 'W', 'Y', 'a', 'asterisk', 'bracketleft', 'bracketright', 'c', 'colon', 'd', 'e', 'eight', 'equal', 'five', 'four', 'g', 'h', 'hyphen', 'i', 'l', 'minus', 'n', 'nine', 'nonmarkingreturn', 'o', 'one', 'parenleft', 'parenright', 'period', 'plus', 'r', 's', 'seven', 'six', 'slash', 'space', 't', 'three', 'two', 'u', 'uni239B', 'uni239C', 'uni239D', 'uni239E', 'uni239F', 'uni23A0', 'uni23A1', 'uni23A2', 'uni23A3', 'uni23A4', 'uni23A5', 'uni23A6', 'v', 'y', 'zero']
2026-09-09 07:30:59,672 [INFO] Glyph IDs:   [0, 1, 2, 3, 11, 12, 13, 14, 16, 17, 18, 19, 20, 21, 22, 23, 24, 25, 26, 27, 28, 29, 32, 36, 37, 38, 40, 46, 47, 48, 49, 54, 57, 58, 60, 62, 64, 68, 70, 71, 72, 74, 75, 76, 79, 81, 82, 85, 86, 87, 88, 89, 92, 3228, 3506, 3507, 3508, 3509, 3510, 3511, 3512, 3513, 3514, 3515, 3516, 3517]
2026-09-09 07:30:59,673 [INFO] Retaining 66 glyphs
2026-09-09 07:30:59,673 [INFO] head subsetting not needed
2026-09-09 07:30:59,673 [INFO] hhea subsetting not needed
2026-09-09 07:30:59,673 [INFO] maxp subsetting not needed
2026-09-09 07:30:59,673 [INFO] OS/2 subsetting not needed
2026-09-09 07:30:59,677 [INFO] hmtx subsetted
2026-09-09 07:30:59,680 [INFO] cmap subsetted
2026-09-09 07:30:59,680 [INFO] fpgm subsetting not needed
2026-09-09 07:30:59,680 [INFO] prep subsetting not needed
2026-09-09 07:30:59,680 [INFO] cvt  subsetting not needed
2026-09-09 07:30:59,680 [INFO] loca subsetting not needed
2026-09-09 07:30:59,680 [INFO] post subsetted
2026-09-09 07:30:59,680 [INFO] gasp subsetting not needed
2026-09-09 07:30:59,680 [INFO] MATH subsetted
2026-09-09 07:30:59,682 [INFO] GDEF subsetted
2026-09-09 07:30:59,710 [INFO] GPOS subsetted
2026-09-09 07:30:59,712 [INFO] GSUB subsetted
2026-09-09 07:30:59,712 [INFO] name subsetting not needed
2026-09-09 07:30:59,713 [INFO] glyf subsetted
2026-09-09 07:30:59,714 [INFO] head pruned
2026-09-09 07:30:59,714 [INFO] OS/2 Unicode ranges pruned: [0, 38]
2026-09-09 07:30:59,715 [INFO] OS/2 CodePage ranges pruned: [0]
2026-09-09 07:30:59,716 [INFO] glyf pruned
2026-09-09 07:30:59,716 [INFO] GDEF pruned
2026-09-09 07:30:59,716 [INFO] GPOS pruned
2026-09-09 07:30:59,717 [INFO] GSUB pruned
2026-09-09 07:30:59,729 [INFO] name pruned
2026-09-09 07:30:59,741 [INFO] maxp pruned
2026-09-09 07:30:59,752 [INFO] cmap pruned
2026-09-09 07:30:59,752 [INFO] kern dropped
2026-09-09 07:30:59,752 [INFO] post pruned
2026-09-09 07:30:59,752 [INFO] FFTM dropped
2026-09-09 07:30:59,754 [INFO] GPOS pruned
2026-09-09 07:30:59,758 [INFO] GSUB pruned
2026-09-09 07:30:59,764 [INFO] glyf pruned
2026-09-09 07:30:59,765 [INFO] Added gid0 to subset
2026-09-09 07:30:59,765 [INFO] Added first four glyphs to subset
2026-09-09 07:30:59,765 [INFO] Closing glyph list over 'MATH': 6 glyphs before
2026-09-09 07:30:59,765 [INFO] Glyph names: ['.notdef', '.null', 'fi', 'nonmarkingreturn', 'space', 'uniFB00']
2026-09-09 07:30:59,766 [INFO] Glyph IDs:   [0, 1, 2, 3, 5038, 5039]
2026-09-09 07:30:59,766 [INFO] Closed glyph list over 'MATH': 6 glyphs after
2026-09-09 07:30:59,766 [INFO] Glyph names: ['.notdef', '.null', 'fi', 'nonmarkingreturn', 'space', 'uniFB00']
2026-09-09 07:30:59,766 [INFO] Glyph IDs:   [0, 1, 2, 3, 5038, 5039]
2026-09-09 07:30:59,766 [INFO] Closing glyph list over 'GSUB': 6 glyphs before
2026-09-09 07:30:59,767 [INFO] Glyph names: ['.notdef', '.null', 'fi', 'nonmarkingreturn', 'space', 'uniFB00']
2026-09-09 07:30:59,767 [INFO] Glyph IDs:   [0, 1, 2, 3, 5038, 5039]
2026-09-09 07:30:59,770 [INFO] Closed glyph list over 'GSUB': 6 glyphs after
2026-09-09 07:30:59,770 [INFO] Glyph names: ['.notdef', '.null', 'fi', 'nonmarkingreturn', 'space', 'uniFB00']
2026-09-09 07:30:59,770 [INFO] Glyph IDs:   [0, 1, 2, 3, 5038, 5039]
2026-09-09 07:30:59,771 [INFO] Closing glyph list over 'glyf': 6 glyphs before
2026-09-09 07:30:59,771 [INFO] Glyph names: ['.notdef', '.null', 'fi', 'nonmarkingreturn', 'space', 'uniFB00']
2026-09-09 07:30:59,771 [INFO] Glyph IDs:   [0, 1, 2, 3, 5038, 5039]
2026-09-09 07:30:59,771 [INFO] Closed glyph list over 'glyf': 6 glyphs after
2026-09-09 07:30:59,771 [INFO] Glyph names: ['.notdef', '.null', 'fi', 'nonmarkingreturn', 'space', 'uniFB00']
2026-09-09 07:30:59,771 [INFO] Glyph IDs:   [0, 1, 2, 3, 5038, 5039]
2026-09-09 07:30:59,772 [INFO] Retaining 6 glyphs
2026-09-09 07:30:59,772 [INFO] head subsetting not needed
2026-09-09 07:30:59,772 [INFO] hhea subsetting not needed
2026-09-09 07:30:59,772 [INFO] maxp subsetting not needed
2026-09-09 07:30:59,772 [INFO] OS/2 subsetting not needed
2026-09-09 07:30:59,775 [INFO] hmtx subsetted
2026-09-09 07:30:59,778 [INFO] cmap subsetted
2026-09-09 07:30:59,778 [INFO] fpgm subsetting not needed
2026-09-09 07:30:59,778 [INFO] prep subsetting not needed
2026-09-09 07:30:59,778 [INFO] cvt  subsetting not needed
2026-09-09 07:30:59,778 [INFO] loca subsetting not needed
2026-09-09 07:30:59,778 [INFO] post subsetted
2026-09-09 07:30:59,778 [INFO] gasp subsetting not needed
2026-09-09 07:30:59,778 [INFO] MATH subsetted
2026-09-09 07:30:59,781 [INFO] GDEF subsetted
2026-09-09 07:30:59,804 [INFO] GPOS subsetted
2026-09-09 07:30:59,805 [INFO] GSUB subsetted
2026-09-09 07:30:59,805 [INFO] name subsetting not needed
2026-09-09 07:30:59,807 [INFO] glyf subsetted
2026-09-09 07:30:59,808 [INFO] head pruned
2026-09-09 07:30:59,809 [INFO] OS/2 Unicode ranges pruned: [62]
2026-09-09 07:30:59,809 [INFO] OS/2 CodePage ranges pruned: [0]
2026-09-09 07:30:59,809 [INFO] glyf pruned
2026-09-09 07:30:59,809 [INFO] GDEF pruned
2026-09-09 07:30:59,809 [INFO] GPOS pruned
2026-09-09 07:30:59,810 [INFO] GSUB pruned
2026-09-09 07:30:59,811 [INFO] name pruned
2026-09-09 07:30:59,825 [INFO] Using categorical units to plot a list of strings that are all parsable as floats or dates. If these strings should be plotted as numbers, cast to the appropriate data type before plotting.
2026-09-09 07:30:59,826 [INFO] Using categorical units to plot a list of strings that are all parsable as floats or dates. If these strings should be plotted as numbers, cast to the appropriate data type before plotting.
2026-09-09 07:41:28,468 [INFO] Starting pipeline execution: CMIP6_PrachuapKhiriKhan_Rainfall_Trend_Analysis v3.0.0
2026-09-09 07:42:30,967 [INFO] Starting pipeline execution: CMIP6_PrachuapKhiriKhan_Rainfall_Trend_Analysis v3.0.0
2026-09-09 07:42:34,501 [INFO] maxp pruned
2026-09-09 07:42:34,513 [INFO] cmap pruned
2026-09-09 07:42:34,519 [INFO] kern dropped
2026-09-09 07:42:34,519 [INFO] post pruned
2026-09-09 07:42:34,519 [INFO] FFTM dropped
2026-09-09 07:42:34,523 [INFO] GPOS pruned
2026-09-09 07:42:34,526 [INFO] GSUB pruned
2026-09-09 07:42:34,563 [INFO] glyf pruned
2026-09-09 07:42:34,564 [INFO] Added gid0 to subset
2026-09-09 07:42:34,564 [INFO] Added first four glyphs to subset
2026-09-09 07:42:34,564 [INFO] Closing glyph list over 'GSUB': 49 glyphs before
2026-09-09 07:42:34,564 [INFO] Glyph names: ['.notdef', '.null', 'A', 'C', 'D', 'G', 'H', 'I', 'L', 'N', 'R', 'S', 'T', 'a', 'ampersand', 'b', 'c', 'd', 'e', 'eight', 'five', 'four', 'g', 'h', 'i', 'k', 'l', 'm', 'n', 'nine', 'nonmarkingreturn', 'o', 'one', 'p', 'parenleft', 'parenright', 'period', 'r', 'seven', 'six', 'space', 't', 'three', 'two', 'u', 'w', 'x', 'y', 'zero']
2026-09-09 07:42:34,565 [INFO] Glyph IDs:   [0, 1, 2, 3, 9, 11, 12, 17, 19, 20, 21, 22, 23, 24, 25, 26, 27, 28, 36, 38, 39, 42, 43, 44, 47, 49, 53, 54, 55, 68, 69, 70, 71, 72, 74, 75, 76, 78, 79, 80, 81, 82, 83, 85, 87, 88, 90, 91, 92]
2026-09-09 07:42:34,569 [INFO] Closed glyph list over 'GSUB': 49 glyphs after
2026-09-09 07:42:34,569 [INFO] Glyph names: ['.notdef', '.null', 'A', 'C', 'D', 'G', 'H', 'I', 'L', 'N', 'R', 'S', 'T', 'a', 'ampersand', 'b', 'c', 'd', 'e', 'eight', 'five', 'four', 'g', 'h', 'i', 'k', 'l', 'm', 'n', 'nine', 'nonmarkingreturn', 'o', 'one', 'p', 'parenleft', 'parenright', 'period', 'r', 'seven', 'six', 'space', 't', 'three', 'two', 'u', 'w', 'x', 'y', 'zero']
2026-09-09 07:42:34,569 [INFO] Glyph IDs:   [0, 1, 2, 3, 9, 11, 12, 17, 19, 20, 21, 22, 23, 24, 25, 26, 27, 28, 36, 38, 39, 42, 43, 44, 47, 49, 53, 54, 55, 68, 69, 70, 71, 72, 74, 75, 76, 78, 79, 80, 81, 82, 83, 85, 87, 88, 90, 91, 92]
2026-09-09 07:42:34,569 [INFO] Closing glyph list over 'glyf': 49 glyphs before
2026-09-09 07:42:34,569 [INFO] Glyph names: ['.notdef', '.null', 'A', 'C', 'D', 'G', 'H', 'I', 'L', 'N', 'R', 'S', 'T', 'a', 'ampersand', 'b', 'c', 'd', 'e', 'eight', 'five', 'four', 'g', 'h', 'i', 'k', 'l', 'm', 'n', 'nine', 'nonmarkingreturn', 'o', 'one', 'p', 'parenleft', 'parenright', 'period', 'r', 'seven', 'six', 'space', 't', 'three', 'two', 'u', 'w', 'x', 'y', 'zero']
2026-09-09 07:42:34,569 [INFO] Glyph IDs:   [0, 1, 2, 3, 9, 11, 12, 17, 19, 20, 21, 22, 23, 24, 25, 26, 27, 28, 36, 38, 39, 42, 43, 44, 47, 49, 53, 54, 55, 68, 69, 70, 71, 72, 74, 75, 76, 78, 79, 80, 81, 82, 83, 85, 87, 88, 90, 91, 92]
2026-09-09 07:42:34,569 [INFO] Closed glyph list over 'glyf': 49 glyphs after
2026-09-09 07:42:34,570 [INFO] Glyph names: ['.notdef', '.null', 'A', 'C', 'D', 'G', 'H', 'I', 'L', 'N', 'R', 'S', 'T', 'a', 'ampersand', 'b', 'c', 'd', 'e', 'eight', 'five', 'four', 'g', 'h', 'i', 'k', 'l', 'm', 'n', 'nine', 'nonmarkingreturn', 'o', 'one', 'p', 'parenleft', 'parenright', 'period', 'r', 'seven', 'six', 'space', 't', 'three', 'two', 'u', 'w', 'x', 'y', 'zero']
2026-09-09 07:42:34,570 [INFO] Glyph IDs:   [0, 1, 2, 3, 9, 11, 12, 17, 19, 20, 21, 22, 23, 24, 25, 26, 27, 28, 36, 38, 39, 42, 43, 44, 47, 49, 53, 54, 55, 68, 69, 70, 71, 72, 74, 75, 76, 78, 79, 80, 81, 82, 83, 85, 87, 88, 90, 91, 92]
2026-09-09 07:42:34,570 [INFO] Retaining 49 glyphs
2026-09-09 07:42:34,570 [INFO] head subsetting not needed
2026-09-09 07:42:34,570 [INFO] hhea subsetting not needed
2026-09-09 07:42:34,571 [INFO] maxp subsetting not needed
2026-09-09 07:42:34,571 [INFO] OS/2 subsetting not needed
2026-09-09 07:42:34,574 [INFO] hmtx subsetted
2026-09-09 07:42:34,577 [INFO] cmap subsetted
2026-09-09 07:42:34,577 [INFO] fpgm subsetting not needed
2026-09-09 07:42:34,577 [INFO] prep subsetting not needed
2026-09-09 07:42:34,577 [INFO] cvt  subsetting not needed
2026-09-09 07:42:34,578 [INFO] loca subsetting not needed
2026-09-09 07:42:34,578 [INFO] post subsetted
2026-09-09 07:42:34,578 [INFO] gasp subsetting not needed
2026-09-09 07:42:34,580 [INFO] GDEF subsetted
2026-09-09 07:42:34,608 [INFO] GPOS subsetted
2026-09-09 07:42:34,610 [INFO] GSUB subsetted
2026-09-09 07:42:34,610 [INFO] name subsetting not needed
2026-09-09 07:42:34,611 [INFO] glyf subsetted
2026-09-09 07:42:34,612 [INFO] head pruned
2026-09-09 07:42:34,612 [INFO] OS/2 Unicode ranges pruned: [0]
2026-09-09 07:42:34,612 [INFO] OS/2 CodePage ranges pruned: [0]
2026-09-09 07:42:34,613 [INFO] glyf pruned
2026-09-09 07:42:34,613 [INFO] GDEF pruned
2026-09-09 07:42:34,614 [INFO] GPOS pruned
2026-09-09 07:42:34,615 [INFO] GSUB pruned
2026-09-09 07:42:34,622 [INFO] name pruned
2026-09-09 07:42:34,631 [INFO] maxp pruned
2026-09-09 07:42:34,640 [INFO] cmap pruned
2026-09-09 07:42:34,640 [INFO] kern dropped
2026-09-09 07:42:34,641 [INFO] post pruned
2026-09-09 07:42:34,641 [INFO] FFTM dropped
2026-09-09 07:42:34,643 [INFO] GPOS pruned
2026-09-09 07:42:34,646 [INFO] GSUB pruned
2026-09-09 07:42:34,650 [INFO] glyf pruned
2026-09-09 07:42:34,651 [INFO] Added gid0 to subset
2026-09-09 07:42:34,651 [INFO] Added first four glyphs to subset
2026-09-09 07:42:34,651 [INFO] Closing glyph list over 'GSUB': 15 glyphs before
2026-09-09 07:42:34,651 [INFO] Glyph names: ['.notdef', '.null', 'A', 'D', 'F', 'G', 'H', 'I', 'L', 'N', 'O', 'T', 'U', 'nonmarkingreturn', 'space']
2026-09-09 07:42:34,652 [INFO] Glyph IDs:   [0, 1, 2, 3, 36, 39, 41, 42, 43, 44, 47, 49, 50, 55, 56]
2026-09-09 07:42:34,652 [INFO] Closed glyph list over 'GSUB': 15 glyphs after
2026-09-09 07:42:34,652 [INFO] Glyph names: ['.notdef', '.null', 'A', 'D', 'F', 'G', 'H', 'I', 'L', 'N', 'O', 'T', 'U', 'nonmarkingreturn', 'space']
2026-09-09 07:42:34,653 [INFO] Glyph IDs:   [0, 1, 2, 3, 36, 39, 41, 42, 43, 44, 47, 49, 50, 55, 56]
2026-09-09 07:42:34,653 [INFO] Closing glyph list over 'glyf': 15 glyphs before
2026-09-09 07:42:34,653 [INFO] Glyph names: ['.notdef', '.null', 'A', 'D', 'F', 'G', 'H', 'I', 'L', 'N', 'O', 'T', 'U', 'nonmarkingreturn', 'space']
2026-09-09 07:42:34,653 [INFO] Glyph IDs:   [0, 1, 2, 3, 36, 39, 41, 42, 43, 44, 47, 49, 50, 55, 56]
2026-09-09 07:42:34,653 [INFO] Closed glyph list over 'glyf': 15 glyphs after
2026-09-09 07:42:34,653 [INFO] Glyph names: ['.notdef', '.null', 'A', 'D', 'F', 'G', 'H', 'I', 'L', 'N', 'O', 'T', 'U', 'nonmarkingreturn', 'space']
2026-09-09 07:42:34,654 [INFO] Glyph IDs:   [0, 1, 2, 3, 36, 39, 41, 42, 43, 44, 47, 49, 50, 55, 56]
2026-09-09 07:42:34,655 [INFO] Retaining 15 glyphs
2026-09-09 07:42:34,655 [INFO] head subsetting not needed
2026-09-09 07:42:34,655 [INFO] hhea subsetting not needed
2026-09-09 07:42:34,656 [INFO] maxp subsetting not needed
2026-09-09 07:42:34,656 [INFO] OS/2 subsetting not needed
2026-09-09 07:42:34,658 [INFO] hmtx subsetted
2026-09-09 07:42:34,661 [INFO] cmap subsetted
2026-09-09 07:42:34,661 [INFO] fpgm subsetting not needed
2026-09-09 07:42:34,661 [INFO] prep subsetting not needed
2026-09-09 07:42:34,661 [INFO] cvt  subsetting not needed
2026-09-09 07:42:34,661 [INFO] loca subsetting not needed
2026-09-09 07:42:34,661 [INFO] post subsetted
2026-09-09 07:42:34,661 [INFO] gasp subsetting not needed
2026-09-09 07:42:34,663 [INFO] GDEF subsetted
2026-09-09 07:42:34,681 [INFO] GPOS subsetted
2026-09-09 07:42:34,683 [INFO] GSUB subsetted
2026-09-09 07:42:34,683 [INFO] name subsetting not needed
2026-09-09 07:42:34,684 [INFO] glyf subsetted
2026-09-09 07:42:34,685 [INFO] head pruned
2026-09-09 07:42:34,685 [INFO] OS/2 Unicode ranges pruned: [0]
2026-09-09 07:42:34,685 [INFO] OS/2 CodePage ranges pruned: [0]
2026-09-09 07:42:34,685 [INFO] glyf pruned
2026-09-09 07:42:34,685 [INFO] GDEF pruned
2026-09-09 07:42:34,686 [INFO] GPOS pruned
2026-09-09 07:42:34,686 [INFO] GSUB pruned
2026-09-09 07:42:34,689 [INFO] name pruned
2026-09-09 07:42:34,695 [INFO] maxp pruned
2026-09-09 07:42:34,703 [INFO] cmap pruned
2026-09-09 07:42:34,703 [INFO] kern dropped
2026-09-09 07:42:34,704 [INFO] post pruned
2026-09-09 07:42:34,704 [INFO] FFTM dropped
2026-09-09 07:42:34,705 [INFO] GPOS pruned
2026-09-09 07:42:34,709 [INFO] GSUB pruned
2026-09-09 07:42:34,713 [INFO] glyf pruned
2026-09-09 07:42:34,714 [INFO] Added gid0 to subset
2026-09-09 07:42:34,715 [INFO] Added first four glyphs to subset
2026-09-09 07:42:34,715 [INFO] Closing glyph list over 'GSUB': 48 glyphs before
2026-09-09 07:42:34,715 [INFO] Glyph names: ['.notdef', '.null', 'A', 'B', 'C', 'D', 'E', 'G', 'M', 'N', 'P', 'R', 'S', 'T', 'W', 'a', 'b', 'c', 'colon', 'd', 'e', 'eight', 'f', 'four', 'g', 'h', 'i', 'l', 'm', 'n', 'nonmarkingreturn', 'o', 'one', 'p', 'parenleft', 'parenright', 'period', 'r', 's', 'six', 'space', 't', 'three', 'two', 'u', 'v', 'y', 'zero']
2026-09-09 07:42:34,715 [INFO] Glyph IDs:   [0, 1, 2, 3, 11, 12, 17, 19, 20, 21, 22, 23, 25, 27, 29, 36, 37, 38, 39, 40, 42, 48, 49, 51, 53, 54, 55, 58, 68, 69, 70, 71, 72, 73, 74, 75, 76, 79, 80, 81, 82, 83, 85, 86, 87, 88, 89, 92]
2026-09-09 07:42:34,718 [INFO] Closed glyph list over 'GSUB': 53 glyphs after
2026-09-09 07:42:34,718 [INFO] Glyph names: ['.notdef', '.null', 'A', 'B', 'C', 'D', 'E', 'G', 'M', 'N', 'P', 'R', 'S', 'T', 'W', 'a', 'b', 'c', 'colon', 'd', 'e', 'eight', 'f', 'fi', 'fl', 'four', 'g', 'h', 'i', 'l', 'm', 'n', 'nonmarkingreturn', 'o', 'one', 'p', 'parenleft', 'parenright', 'period', 'r', 's', 'six', 'space', 't', 'three', 'two', 'u', 'uniFB00', 'uniFB03', 'uniFB04', 'v', 'y', 'zero']
2026-09-09 07:42:34,718 [INFO] Glyph IDs:   [0, 1, 2, 3, 11, 12, 17, 19, 20, 21, 22, 23, 25, 27, 29, 36, 37, 38, 39, 40, 42, 48, 49, 51, 53, 54, 55, 58, 68, 69, 70, 71, 72, 73, 74, 75, 76, 79, 80, 81, 82, 83, 85, 86, 87, 88, 89, 92, 4731, 4732, 4733, 4734, 4735]
2026-09-09 07:42:34,718 [INFO] Closing glyph list over 'glyf': 53 glyphs before
2026-09-09 07:42:34,718 [INFO] Glyph names: ['.notdef', '.null', 'A', 'B', 'C', 'D', 'E', 'G', 'M', 'N', 'P', 'R', 'S', 'T', 'W', 'a', 'b', 'c', 'colon', 'd', 'e', 'eight', 'f', 'fi', 'fl', 'four', 'g', 'h', 'i', 'l', 'm', 'n', 'nonmarkingreturn', 'o', 'one', 'p', 'parenleft', 'parenright', 'period', 'r', 's', 'six', 'space', 't', 'three', 'two', 'u', 'uniFB00', 'uniFB03', 'uniFB04', 'v', 'y', 'zero']
2026-09-09 07:42:34,719 [INFO] Glyph IDs:   [0, 1, 2, 3, 11, 12, 17, 19, 20, 21, 22, 23, 25, 27, 29, 36, 37, 38, 39, 40, 42, 48, 49, 51, 53, 54, 55, 58, 68, 69, 70, 71, 72, 73, 74, 75, 76, 79, 80, 81, 82, 83, 85, 86, 87, 88, 89, 92, 4731, 4732, 4733, 4734, 4735]
2026-09-09 07:42:34,719 [INFO] Closed glyph list over 'glyf': 53 glyphs after
2026-09-09 07:42:34,719 [INFO] Glyph names: ['.notdef', '.null', 'A', 'B', 'C', 'D', 'E', 'G', 'M', 'N', 'P', 'R', 'S', 'T', 'W', 'a', 'b', 'c', 'colon', 'd', 'e', 'eight', 'f', 'fi', 'fl', 'four', 'g', 'h', 'i', 'l', 'm', 'n', 'nonmarkingreturn', 'o', 'one', 'p', 'parenleft', 'parenright', 'period', 'r', 's', 'six', 'space', 't', 'three', 'two', 'u', 'uniFB00', 'uniFB03', 'uniFB04', 'v', 'y', 'zero']
2026-09-09 07:42:34,719 [INFO] Glyph IDs:   [0, 1, 2, 3, 11, 12, 17, 19, 20, 21, 22, 23, 25, 27, 29, 36, 37, 38, 39, 40, 42, 48, 49, 51, 53, 54, 55, 58, 68, 69, 70, 71, 72, 73, 74, 75, 76, 79, 80, 81, 82, 83, 85, 86, 87, 88, 89, 92, 4731, 4732, 4733, 4734, 4735]
2026-09-09 07:42:34,719 [INFO] Retaining 53 glyphs
2026-09-09 07:42:34,720 [INFO] head subsetting not needed
2026-09-09 07:42:34,720 [INFO] hhea subsetting not needed
2026-09-09 07:42:34,721 [INFO] maxp subsetting not needed
2026-09-09 07:42:34,721 [INFO] OS/2 subsetting not needed
2026-09-09 07:42:34,724 [INFO] hmtx subsetted
2026-09-09 07:42:34,727 [INFO] cmap subsetted
2026-09-09 07:42:34,727 [INFO] fpgm subsetting not needed
2026-09-09 07:42:34,727 [INFO] prep subsetting not needed
2026-09-09 07:42:34,727 [INFO] cvt  subsetting not needed
2026-09-09 07:42:34,727 [INFO] loca subsetting not needed
2026-09-09 07:42:34,727 [INFO] post subsetted
2026-09-09 07:42:34,727 [INFO] gasp subsetting not needed
2026-09-09 07:42:34,729 [INFO] GDEF subsetted
2026-09-09 07:42:34,744 [INFO] GPOS subsetted
2026-09-09 07:42:34,746 [INFO] GSUB subsetted
2026-09-09 07:42:34,746 [INFO] name subsetting not needed
2026-09-09 07:42:34,749 [INFO] glyf subsetted
2026-09-09 07:42:34,749 [INFO] head pruned
2026-09-09 07:42:34,750 [INFO] OS/2 Unicode ranges pruned: [0]
2026-09-09 07:42:34,750 [INFO] OS/2 CodePage ranges pruned: [0]
2026-09-09 07:42:34,751 [INFO] glyf pruned
2026-09-09 07:42:34,751 [INFO] GDEF pruned
2026-09-09 07:42:34,751 [INFO] GPOS pruned
2026-09-09 07:42:34,751 [INFO] GSUB pruned
2026-09-09 07:42:34,758 [INFO] name pruned
2026-09-09 07:42:34,768 [INFO] maxp pruned
2026-09-09 07:42:34,779 [INFO] cmap pruned
2026-09-09 07:42:34,779 [INFO] kern dropped
2026-09-09 07:42:34,779 [INFO] post pruned
2026-09-09 07:42:34,780 [INFO] FFTM dropped
2026-09-09 07:42:34,782 [INFO] GPOS pruned
2026-09-09 07:42:34,785 [INFO] GSUB pruned
2026-09-09 07:42:34,794 [INFO] glyf pruned
2026-09-09 07:42:34,795 [INFO] Added gid0 to subset
2026-09-09 07:42:34,795 [INFO] Added first four glyphs to subset
2026-09-09 07:42:34,795 [INFO] Closing glyph list over 'MATH': 51 glyphs before
2026-09-09 07:42:34,795 [INFO] Glyph names: ['.notdef', '.null', 'A', 'B', 'C', 'D', 'E', 'G', 'I', 'K', 'L', 'M', 'N', 'O', 'P', 'R', 'S', 'Y', 'a', 'c', 'd', 'degree', 'e', 'eight', 'equal', 'five', 'four', 'g', 'h', 'i', 'l', 'n', 'nine', 'nonmarkingreturn', 'o', 'one', 'p', 'parenleft', 'parenright', 'period', 'r', 'seven', 'six', 'slash', 'space', 't', 'two', 'u', 'v', 'y', 'zero']
2026-09-09 07:42:34,796 [INFO] Glyph IDs:   [0, 1, 2, 3, 11, 12, 17, 18, 19, 20, 21, 23, 24, 25, 26, 27, 28, 32, 36, 37, 38, 39, 40, 42, 44, 46, 47, 48, 49, 50, 51, 53, 54, 60, 68, 70, 71, 72, 74, 75, 76, 79, 81, 82, 83, 85, 87, 88, 89, 92, 114]
2026-09-09 07:42:34,796 [INFO] Closed glyph list over 'MATH': 57 glyphs after
2026-09-09 07:42:34,796 [INFO] Glyph names: ['.notdef', '.null', 'A', 'B', 'C', 'D', 'E', 'G', 'I', 'K', 'L', 'M', 'N', 'O', 'P', 'R', 'S', 'Y', 'a', 'c', 'd', 'degree', 'e', 'eight', 'equal', 'five', 'four', 'g', 'h', 'i', 'l', 'n', 'nine', 'nonmarkingreturn', 'o', 'one', 'p', 'parenleft', 'parenright', 'period', 'r', 'seven', 'six', 'slash', 'space', 't', 'two', 'u', 'uni239B', 'uni239C', 'uni239D', 'uni239E', 'uni239F', 'uni23A0', 'v', 'y', 'zero']
2026-09-09 07:42:34,797 [INFO] Glyph IDs:   [0, 1, 2, 3, 11, 12, 17, 18, 19, 20, 21, 23, 24, 25, 26, 27, 28, 32, 36, 37, 38, 39, 40, 42, 44, 46, 47, 48, 49, 50, 51, 53, 54, 60, 68, 70, 71, 72, 74, 75, 76, 79, 81, 82, 83, 85, 87, 88, 89, 92, 114, 3506, 3507, 3508, 3509, 3510, 3511]
2026-09-09 07:42:34,797 [INFO] Closing glyph list over 'GSUB': 57 glyphs before
2026-09-09 07:42:34,797 [INFO] Glyph names: ['.notdef', '.null', 'A', 'B', 'C', 'D', 'E', 'G', 'I', 'K', 'L', 'M', 'N', 'O', 'P', 'R', 'S', 'Y', 'a', 'c', 'd', 'degree', 'e', 'eight', 'equal', 'five', 'four', 'g', 'h', 'i', 'l', 'n', 'nine', 'nonmarkingreturn', 'o', 'one', 'p', 'parenleft', 'parenright', 'period', 'r', 'seven', 'six', 'slash', 'space', 't', 'two', 'u', 'uni239B', 'uni239C', 'uni239D', 'uni239E', 'uni239F', 'uni23A0', 'v', 'y', 'zero']
2026-09-09 07:42:34,797 [INFO] Glyph IDs:   [0, 1, 2, 3, 11, 12, 17, 18, 19, 20, 21, 23, 24, 25, 26, 27, 28, 32, 36, 37, 38, 39, 40, 42, 44, 46, 47, 48, 49, 50, 51, 53, 54, 60, 68, 70, 71, 72, 74, 75, 76, 79, 81, 82, 83, 85, 87, 88, 89, 92, 114, 3506, 3507, 3508, 3509, 3510, 3511]
2026-09-09 07:42:34,804 [INFO] Closed glyph list over 'GSUB': 57 glyphs after
2026-09-09 07:42:34,804 [INFO] Glyph names: ['.notdef', '.null', 'A', 'B', 'C', 'D', 'E', 'G', 'I', 'K', 'L', 'M', 'N', 'O', 'P', 'R', 'S', 'Y', 'a', 'c', 'd', 'degree', 'e', 'eight', 'equal', 'five', 'four', 'g', 'h', 'i', 'l', 'n', 'nine', 'nonmarkingreturn', 'o', 'one', 'p', 'parenleft', 'parenright', 'period', 'r', 'seven', 'six', 'slash', 'space', 't', 'two', 'u', 'uni239B', 'uni239C', 'uni239D', 'uni239E', 'uni239F', 'uni23A0', 'v', 'y', 'zero']
2026-09-09 07:42:34,808 [INFO] Glyph IDs:   [0, 1, 2, 3, 11, 12, 17, 18, 19, 20, 21, 23, 24, 25, 26, 27, 28, 32, 36, 37, 38, 39, 40, 42, 44, 46, 47, 48, 49, 50, 51, 53, 54, 60, 68, 70, 71, 72, 74, 75, 76, 79, 81, 82, 83, 85, 87, 88, 89, 92, 114, 3506, 3507, 3508, 3509, 3510, 3511]
2026-09-09 07:42:34,808 [INFO] Closing glyph list over 'glyf': 57 glyphs before
2026-09-09 07:42:34,809 [INFO] Glyph names: ['.notdef', '.null', 'A', 'B', 'C', 'D', 'E', 'G', 'I', 'K', 'L', 'M', 'N', 'O', 'P', 'R', 'S', 'Y', 'a', 'c', 'd', 'degree', 'e', 'eight', 'equal', 'five', 'four', 'g', 'h', 'i', 'l', 'n', 'nine', 'nonmarkingreturn', 'o', 'one', 'p', 'parenleft', 'parenright', 'period', 'r', 'seven', 'six', 'slash', 'space', 't', 'two', 'u', 'uni239B', 'uni239C', 'uni239D', 'uni239E', 'uni239F', 'uni23A0', 'v', 'y', 'zero']
2026-09-09 07:42:34,809 [INFO] Glyph IDs:   [0, 1, 2, 3, 11, 12, 17, 18, 19, 20, 21, 23, 24, 25, 26, 27, 28, 32, 36, 37, 38, 39, 40, 42, 44, 46, 47, 48, 49, 50, 51, 53, 54, 60, 68, 70, 71, 72, 74, 75, 76, 79, 81, 82, 83, 85, 87, 88, 89, 92, 114, 3506, 3507, 3508, 3509, 3510, 3511]
2026-09-09 07:42:34,809 [INFO] Closed glyph list over 'glyf': 57 glyphs after
2026-09-09 07:42:34,809 [INFO] Glyph names: ['.notdef', '.null', 'A', 'B', 'C', 'D', 'E', 'G', 'I', 'K', 'L', 'M', 'N', 'O', 'P', 'R', 'S', 'Y', 'a', 'c', 'd', 'degree', 'e', 'eight', 'equal', 'five', 'four', 'g', 'h', 'i', 'l', 'n', 'nine', 'nonmarkingreturn', 'o', 'one', 'p', 'parenleft', 'parenright', 'period', 'r', 'seven', 'six', 'slash', 'space', 't', 'two', 'u', 'uni239B', 'uni239C', 'uni239D', 'uni239E', 'uni239F', 'uni23A0', 'v', 'y', 'zero']
2026-09-09 07:42:34,809 [INFO] Glyph IDs:   [0, 1, 2, 3, 11, 12, 17, 18, 19, 20, 21, 23, 24, 25, 26, 27, 28, 32, 36, 37, 38, 39, 40, 42, 44, 46, 47, 48, 49, 50, 51, 53, 54, 60, 68, 70, 71, 72, 74, 75, 76, 79, 81, 82, 83, 85, 87, 88, 89, 92, 114, 3506, 3507, 3508, 3509, 3510, 3511]
2026-09-09 07:42:34,810 [INFO] Retaining 57 glyphs
2026-09-09 07:42:34,811 [INFO] head subsetting not needed
2026-09-09 07:42:34,811 [INFO] hhea subsetting not needed
2026-09-09 07:42:34,811 [INFO] maxp subsetting not needed
2026-09-09 07:42:34,811 [INFO] OS/2 subsetting not needed
2026-09-09 07:42:34,817 [INFO] hmtx subsetted
2026-09-09 07:42:34,819 [INFO] cmap subsetted
2026-09-09 07:42:34,820 [INFO] fpgm subsetting not needed
2026-09-09 07:42:34,820 [INFO] prep subsetting not needed
2026-09-09 07:42:34,820 [INFO] cvt  subsetting not needed
2026-09-09 07:42:34,820 [INFO] loca subsetting not needed
2026-09-09 07:42:34,820 [INFO] post subsetted
2026-09-09 07:42:34,820 [INFO] gasp subsetting not needed
2026-09-09 07:42:34,821 [INFO] MATH subsetted
2026-09-09 07:42:34,823 [INFO] GDEF subsetted
2026-09-09 07:42:34,851 [INFO] GPOS subsetted
2026-09-09 07:42:34,853 [INFO] GSUB subsetted
2026-09-09 07:42:34,853 [INFO] name subsetting not needed
2026-09-09 07:42:34,855 [INFO] glyf subsetted
2026-09-09 07:42:34,856 [INFO] head pruned
2026-09-09 07:42:34,856 [INFO] OS/2 Unicode ranges pruned: [0, 1]
2026-09-09 07:42:34,856 [INFO] OS/2 CodePage ranges pruned: [0]
2026-09-09 07:42:34,857 [INFO] glyf pruned
2026-09-09 07:42:34,857 [INFO] GDEF pruned
2026-09-09 07:42:34,857 [INFO] GPOS pruned
2026-09-09 07:42:34,858 [INFO] GSUB pruned
2026-09-09 07:42:34,871 [INFO] name pruned
2026-09-09 07:42:42,984 [INFO] maxp pruned
2026-09-09 07:42:42,994 [INFO] cmap pruned
2026-09-09 07:42:42,995 [INFO] kern dropped
2026-09-09 07:42:42,995 [INFO] post pruned
2026-09-09 07:42:42,996 [INFO] FFTM dropped
2026-09-09 07:42:42,998 [INFO] GPOS pruned
2026-09-09 07:42:43,003 [INFO] GSUB pruned
2026-09-09 07:42:43,009 [INFO] glyf pruned
2026-09-09 07:42:43,010 [INFO] Added gid0 to subset
2026-09-09 07:42:43,010 [INFO] Added first four glyphs to subset
2026-09-09 07:42:43,011 [INFO] Closing glyph list over 'GSUB': 47 glyphs before
2026-09-09 07:42:43,011 [INFO] Glyph names: ['.notdef', '.null', 'A', 'D', 'I', 'M', 'P', 'R', 'S', 'W', 'a', 'ampersand', 'b', 'c', 'comma', 'd', 'e', 'eight', 'endash', 'f', 'five', 'four', 'g', 'i', 'k', 'l', 'm', 'n', 'nine', 'nonmarkingreturn', 'o', 'one', 'p', 'parenleft', 'parenright', 'r', 's', 'seven', 'six', 'slash', 'space', 't', 'three', 'two', 'u', 'y', 'zero']
2026-09-09 07:42:43,011 [INFO] Glyph IDs:   [0, 1, 2, 3, 9, 11, 12, 15, 18, 19, 20, 21, 22, 23, 24, 25, 26, 27, 28, 36, 39, 44, 48, 51, 53, 54, 58, 68, 69, 70, 71, 72, 73, 74, 76, 78, 79, 80, 81, 82, 83, 85, 86, 87, 88, 92, 2805]
2026-09-09 07:42:43,015 [INFO] Closed glyph list over 'GSUB': 52 glyphs after
2026-09-09 07:42:43,016 [INFO] Glyph names: ['.notdef', '.null', 'A', 'D', 'I', 'M', 'P', 'R', 'S', 'W', 'a', 'ampersand', 'b', 'c', 'comma', 'd', 'e', 'eight', 'endash', 'f', 'fi', 'five', 'fl', 'four', 'g', 'i', 'k', 'l', 'm', 'n', 'nine', 'nonmarkingreturn', 'o', 'one', 'p', 'parenleft', 'parenright', 'r', 's', 'seven', 'six', 'slash', 'space', 't', 'three', 'two', 'u', 'uniFB00', 'uniFB03', 'uniFB04', 'y', 'zero']
2026-09-09 07:42:43,016 [INFO] Glyph IDs:   [0, 1, 2, 3, 9, 11, 12, 15, 18, 19, 20, 21, 22, 23, 24, 25, 26, 27, 28, 36, 39, 44, 48, 51, 53, 54, 58, 68, 69, 70, 71, 72, 73, 74, 76, 78, 79, 80, 81, 82, 83, 85, 86, 87, 88, 92, 2805, 5034, 5035, 5036, 5037, 5038]
2026-09-09 07:42:43,016 [INFO] Closing glyph list over 'glyf': 52 glyphs before
2026-09-09 07:42:43,016 [INFO] Glyph names: ['.notdef', '.null', 'A', 'D', 'I', 'M', 'P', 'R', 'S', 'W', 'a', 'ampersand', 'b', 'c', 'comma', 'd', 'e', 'eight', 'endash', 'f', 'fi', 'five', 'fl', 'four', 'g', 'i', 'k', 'l', 'm', 'n', 'nine', 'nonmarkingreturn', 'o', 'one', 'p', 'parenleft', 'parenright', 'r', 's', 'seven', 'six', 'slash', 'space', 't', 'three', 'two', 'u', 'uniFB00', 'uniFB03', 'uniFB04', 'y', 'zero']
2026-09-09 07:42:43,016 [INFO] Glyph IDs:   [0, 1, 2, 3, 9, 11, 12, 15, 18, 19, 20, 21, 22, 23, 24, 25, 26, 27, 28, 36, 39, 44, 48, 51, 53, 54, 58, 68, 69, 70, 71, 72, 73, 74, 76, 78, 79, 80, 81, 82, 83, 85, 86, 87, 88, 92, 2805, 5034, 5035, 5036, 5037, 5038]
2026-09-09 07:42:43,016 [INFO] Closed glyph list over 'glyf': 52 glyphs after
2026-09-09 07:42:43,017 [INFO] Glyph names: ['.notdef', '.null', 'A', 'D', 'I', 'M', 'P', 'R', 'S', 'W', 'a', 'ampersand', 'b', 'c', 'comma', 'd', 'e', 'eight', 'endash', 'f', 'fi', 'five', 'fl', 'four', 'g', 'i', 'k', 'l', 'm', 'n', 'nine', 'nonmarkingreturn', 'o', 'one', 'p', 'parenleft', 'parenright', 'r', 's', 'seven', 'six', 'slash', 'space', 't', 'three', 'two', 'u', 'uniFB00', 'uniFB03', 'uniFB04', 'y', 'zero']
2026-09-09 07:42:43,017 [INFO] Glyph IDs:   [0, 1, 2, 3, 9, 11, 12, 15, 18, 19, 20, 21, 22, 23, 24, 25, 26, 27, 28, 36, 39, 44, 48, 51, 53, 54, 58, 68, 69, 70, 71, 72, 73, 74, 76, 78, 79, 80, 81, 82, 83, 85, 86, 87, 88, 92, 2805, 5034, 5035, 5036, 5037, 5038]
2026-09-09 07:42:43,018 [INFO] Retaining 52 glyphs
2026-09-09 07:42:43,018 [INFO] head subsetting not needed
2026-09-09 07:42:43,019 [INFO] hhea subsetting not needed
2026-09-09 07:42:43,019 [INFO] maxp subsetting not needed
2026-09-09 07:42:43,019 [INFO] OS/2 subsetting not needed
2026-09-09 07:42:43,023 [INFO] hmtx subsetted
2026-09-09 07:42:43,026 [INFO] cmap subsetted
2026-09-09 07:42:43,027 [INFO] fpgm subsetting not needed
2026-09-09 07:42:43,027 [INFO] prep subsetting not needed
2026-09-09 07:42:43,027 [INFO] cvt  subsetting not needed
2026-09-09 07:42:43,027 [INFO] loca subsetting not needed
2026-09-09 07:42:43,027 [INFO] post subsetted
2026-09-09 07:42:43,027 [INFO] gasp subsetting not needed
2026-09-09 07:42:43,031 [INFO] GDEF subsetted
2026-09-09 07:42:43,063 [INFO] GPOS subsetted
2026-09-09 07:42:43,066 [INFO] GSUB subsetted
2026-09-09 07:42:43,066 [INFO] name subsetting not needed
2026-09-09 07:42:43,068 [INFO] glyf subsetted
2026-09-09 07:42:43,068 [INFO] head pruned
2026-09-09 07:42:43,069 [INFO] OS/2 Unicode ranges pruned: [0, 31]
2026-09-09 07:42:43,069 [INFO] OS/2 CodePage ranges pruned: [0]
2026-09-09 07:42:43,070 [INFO] glyf pruned
2026-09-09 07:42:43,071 [INFO] GDEF pruned
2026-09-09 07:42:43,071 [INFO] GPOS pruned
2026-09-09 07:42:43,072 [INFO] GSUB pruned
2026-09-09 07:42:43,082 [INFO] name pruned
2026-09-09 07:42:43,093 [INFO] maxp pruned
2026-09-09 07:42:43,105 [INFO] cmap pruned
2026-09-09 07:42:43,106 [INFO] kern dropped
2026-09-09 07:42:43,106 [INFO] post pruned
2026-09-09 07:42:43,106 [INFO] FFTM dropped
2026-09-09 07:42:43,108 [INFO] GPOS pruned
2026-09-09 07:42:43,114 [INFO] GSUB pruned
2026-09-09 07:42:43,119 [INFO] glyf pruned
2026-09-09 07:42:43,120 [INFO] Added gid0 to subset
2026-09-09 07:42:43,120 [INFO] Added first four glyphs to subset
2026-09-09 07:42:43,120 [INFO] Closing glyph list over 'MATH': 51 glyphs before
2026-09-09 07:42:43,120 [INFO] Glyph names: ['.notdef', '.null', 'A', 'D', 'E', 'L', 'M', 'N', 'O', 'R', 'S', 'W', 'a', 'c', 'd', 'degree', 'e', 'eight', 'endash', 'f', 'five', 'four', 'g', 'i', 'k', 'l', 'm', 'n', 'nine', 'nonmarkingreturn', 'o', 'one', 'p', 'parenleft', 'parenright', 'percent', 'period', 'r', 's', 'seven', 'six', 'slash', 'space', 't', 'three', 'two', 'u', 'v', 'w', 'y', 'zero']
2026-09-09 07:42:43,121 [INFO] Glyph IDs:   [0, 1, 2, 3, 8, 11, 12, 17, 18, 19, 20, 21, 22, 23, 24, 25, 26, 27, 28, 36, 39, 40, 47, 48, 49, 50, 53, 54, 58, 68, 70, 71, 72, 73, 74, 76, 78, 79, 80, 81, 82, 83, 85, 86, 87, 88, 89, 90, 92, 114, 2805]
2026-09-09 07:42:43,122 [INFO] Closed glyph list over 'MATH': 57 glyphs after
2026-09-09 07:42:43,122 [INFO] Glyph names: ['.notdef', '.null', 'A', 'D', 'E', 'L', 'M', 'N', 'O', 'R', 'S', 'W', 'a', 'c', 'd', 'degree', 'e', 'eight', 'endash', 'f', 'five', 'four', 'g', 'i', 'k', 'l', 'm', 'n', 'nine', 'nonmarkingreturn', 'o', 'one', 'p', 'parenleft', 'parenright', 'percent', 'period', 'r', 's', 'seven', 'six', 'slash', 'space', 't', 'three', 'two', 'u', 'uni239B', 'uni239C', 'uni239D', 'uni239E', 'uni239F', 'uni23A0', 'v', 'w', 'y', 'zero']
2026-09-09 07:42:43,122 [INFO] Glyph IDs:   [0, 1, 2, 3, 8, 11, 12, 17, 18, 19, 20, 21, 22, 23, 24, 25, 26, 27, 28, 36, 39, 40, 47, 48, 49, 50, 53, 54, 58, 68, 70, 71, 72, 73, 74, 76, 78, 79, 80, 81, 82, 83, 85, 86, 87, 88, 89, 90, 92, 114, 2805, 3506, 3507, 3508, 3509, 3510, 3511]
2026-09-09 07:42:43,122 [INFO] Closing glyph list over 'GSUB': 57 glyphs before
2026-09-09 07:42:43,122 [INFO] Glyph names: ['.notdef', '.null', 'A', 'D', 'E', 'L', 'M', 'N', 'O', 'R', 'S', 'W', 'a', 'c', 'd', 'degree', 'e', 'eight', 'endash', 'f', 'five', 'four', 'g', 'i', 'k', 'l', 'm', 'n', 'nine', 'nonmarkingreturn', 'o', 'one', 'p', 'parenleft', 'parenright', 'percent', 'period', 'r', 's', 'seven', 'six', 'slash', 'space', 't', 'three', 'two', 'u', 'uni239B', 'uni239C', 'uni239D', 'uni239E', 'uni239F', 'uni23A0', 'v', 'w', 'y', 'zero']
2026-09-09 07:42:43,123 [INFO] Glyph IDs:   [0, 1, 2, 3, 8, 11, 12, 17, 18, 19, 20, 21, 22, 23, 24, 25, 26, 27, 28, 36, 39, 40, 47, 48, 49, 50, 53, 54, 58, 68, 70, 71, 72, 73, 74, 76, 78, 79, 80, 81, 82, 83, 85, 86, 87, 88, 89, 90, 92, 114, 2805, 3506, 3507, 3508, 3509, 3510, 3511]
2026-09-09 07:42:43,128 [INFO] Closed glyph list over 'GSUB': 62 glyphs after
2026-09-09 07:42:43,129 [INFO] Glyph names: ['.notdef', '.null', 'A', 'D', 'E', 'L', 'M', 'N', 'O', 'R', 'S', 'W', 'a', 'c', 'd', 'degree', 'e', 'eight', 'endash', 'f', 'fi', 'five', 'fl', 'four', 'g', 'i', 'k', 'l', 'm', 'n', 'nine', 'nonmarkingreturn', 'o', 'one', 'p', 'parenleft', 'parenright', 'percent', 'period', 'r', 's', 'seven', 'six', 'slash', 'space', 't', 'three', 'two', 'u', 'uni239B', 'uni239C', 'uni239D', 'uni239E', 'uni239F', 'uni23A0', 'uniFB00', 'uniFB03', 'uniFB04', 'v', 'w', 'y', 'zero']
2026-09-09 07:42:43,129 [INFO] Glyph IDs:   [0, 1, 2, 3, 8, 11, 12, 17, 18, 19, 20, 21, 22, 23, 24, 25, 26, 27, 28, 36, 39, 40, 47, 48, 49, 50, 53, 54, 58, 68, 70, 71, 72, 73, 74, 76, 78, 79, 80, 81, 82, 83, 85, 86, 87, 88, 89, 90, 92, 114, 2805, 3506, 3507, 3508, 3509, 3510, 3511, 5038, 5039, 5040, 5041, 5042]
2026-09-09 07:42:43,129 [INFO] Closing glyph list over 'glyf': 62 glyphs before
2026-09-09 07:42:43,129 [INFO] Glyph names: ['.notdef', '.null', 'A', 'D', 'E', 'L', 'M', 'N', 'O', 'R', 'S', 'W', 'a', 'c', 'd', 'degree', 'e', 'eight', 'endash', 'f', 'fi', 'five', 'fl', 'four', 'g', 'i', 'k', 'l', 'm', 'n', 'nine', 'nonmarkingreturn', 'o', 'one', 'p', 'parenleft', 'parenright', 'percent', 'period', 'r', 's', 'seven', 'six', 'slash', 'space', 't', 'three', 'two', 'u', 'uni239B', 'uni239C', 'uni239D', 'uni239E', 'uni239F', 'uni23A0', 'uniFB00', 'uniFB03', 'uniFB04', 'v', 'w', 'y', 'zero']
2026-09-09 07:42:43,129 [INFO] Glyph IDs:   [0, 1, 2, 3, 8, 11, 12, 17, 18, 19, 20, 21, 22, 23, 24, 25, 26, 27, 28, 36, 39, 40, 47, 48, 49, 50, 53, 54, 58, 68, 70, 71, 72, 73, 74, 76, 78, 79, 80, 81, 82, 83, 85, 86, 87, 88, 89, 90, 92, 114, 2805, 3506, 3507, 3508, 3509, 3510, 3511, 5038, 5039, 5040, 5041, 5042]
2026-09-09 07:42:43,129 [INFO] Closed glyph list over 'glyf': 62 glyphs after
2026-09-09 07:42:43,129 [INFO] Glyph names: ['.notdef', '.null', 'A', 'D', 'E', 'L', 'M', 'N', 'O', 'R', 'S', 'W', 'a', 'c', 'd', 'degree', 'e', 'eight', 'endash', 'f', 'fi', 'five', 'fl', 'four', 'g', 'i', 'k', 'l', 'm', 'n', 'nine', 'nonmarkingreturn', 'o', 'one', 'p', 'parenleft', 'parenright', 'percent', 'period', 'r', 's', 'seven', 'six', 'slash', 'space', 't', 'three', 'two', 'u', 'uni239B', 'uni239C', 'uni239D', 'uni239E', 'uni239F', 'uni23A0', 'uniFB00', 'uniFB03', 'uniFB04', 'v', 'w', 'y', 'zero']
2026-09-09 07:42:43,130 [INFO] Glyph IDs:   [0, 1, 2, 3, 8, 11, 12, 17, 18, 19, 20, 21, 22, 23, 24, 25, 26, 27, 28, 36, 39, 40, 47, 48, 49, 50, 53, 54, 58, 68, 70, 71, 72, 73, 74, 76, 78, 79, 80, 81, 82, 83, 85, 86, 87, 88, 89, 90, 92, 114, 2805, 3506, 3507, 3508, 3509, 3510, 3511, 5038, 5039, 5040, 5041, 5042]
2026-09-09 07:42:43,130 [INFO] Retaining 62 glyphs
2026-09-09 07:42:43,130 [INFO] head subsetting not needed
2026-09-09 07:42:43,130 [INFO] hhea subsetting not needed
2026-09-09 07:42:43,131 [INFO] maxp subsetting not needed
2026-09-09 07:42:43,131 [INFO] OS/2 subsetting not needed
2026-09-09 07:42:43,139 [INFO] hmtx subsetted
2026-09-09 07:42:43,142 [INFO] cmap subsetted
2026-09-09 07:42:43,142 [INFO] fpgm subsetting not needed
2026-09-09 07:42:43,142 [INFO] prep subsetting not needed
2026-09-09 07:42:43,142 [INFO] cvt  subsetting not needed
2026-09-09 07:42:43,142 [INFO] loca subsetting not needed
2026-09-09 07:42:43,142 [INFO] post subsetted
2026-09-09 07:42:43,142 [INFO] gasp subsetting not needed
2026-09-09 07:42:43,143 [INFO] MATH subsetted
2026-09-09 07:42:43,145 [INFO] GDEF subsetted
2026-09-09 07:42:43,209 [INFO] GPOS subsetted
2026-09-09 07:42:43,211 [INFO] GSUB subsetted
2026-09-09 07:42:43,211 [INFO] name subsetting not needed
2026-09-09 07:42:43,213 [INFO] glyf subsetted
2026-09-09 07:42:43,214 [INFO] head pruned
2026-09-09 07:42:43,214 [INFO] OS/2 Unicode ranges pruned: [0, 1, 31]
2026-09-09 07:42:43,214 [INFO] OS/2 CodePage ranges pruned: [0]
2026-09-09 07:42:43,215 [INFO] glyf pruned
2026-09-09 07:42:43,215 [INFO] GDEF pruned
2026-09-09 07:42:43,215 [INFO] GPOS pruned
2026-09-09 07:42:43,215 [INFO] GSUB pruned
2026-09-09 07:42:43,228 [INFO] name pruned
2026-09-09 07:42:50,068 [INFO] maxp pruned
2026-09-09 07:42:50,080 [INFO] cmap pruned
2026-09-09 07:42:50,080 [INFO] kern dropped
2026-09-09 07:42:50,080 [INFO] post pruned
2026-09-09 07:42:50,081 [INFO] FFTM dropped
2026-09-09 07:42:50,082 [INFO] GPOS pruned
2026-09-09 07:42:50,085 [INFO] GSUB pruned
2026-09-09 07:42:50,093 [INFO] glyf pruned
2026-09-09 07:42:50,094 [INFO] Added gid0 to subset
2026-09-09 07:42:50,094 [INFO] Added first four glyphs to subset
2026-09-09 07:42:50,094 [INFO] Closing glyph list over 'GSUB': 47 glyphs before
2026-09-09 07:42:50,094 [INFO] Glyph names: ['.notdef', '.null', 'A', 'D', 'I', 'M', 'P', 'R', 'S', 'W', 'a', 'ampersand', 'b', 'c', 'comma', 'd', 'e', 'eight', 'endash', 'f', 'five', 'four', 'g', 'i', 'k', 'l', 'm', 'n', 'nine', 'nonmarkingreturn', 'o', 'one', 'p', 'parenleft', 'parenright', 'r', 's', 'seven', 'six', 'slash', 'space', 't', 'three', 'two', 'u', 'y', 'zero']
2026-09-09 07:42:50,095 [INFO] Glyph IDs:   [0, 1, 2, 3, 9, 11, 12, 15, 18, 19, 20, 21, 22, 23, 24, 25, 26, 27, 28, 36, 39, 44, 48, 51, 53, 54, 58, 68, 69, 70, 71, 72, 73, 74, 76, 78, 79, 80, 81, 82, 83, 85, 86, 87, 88, 92, 2805]
2026-09-09 07:42:50,098 [INFO] Closed glyph list over 'GSUB': 52 glyphs after
2026-09-09 07:42:50,098 [INFO] Glyph names: ['.notdef', '.null', 'A', 'D', 'I', 'M', 'P', 'R', 'S', 'W', 'a', 'ampersand', 'b', 'c', 'comma', 'd', 'e', 'eight', 'endash', 'f', 'fi', 'five', 'fl', 'four', 'g', 'i', 'k', 'l', 'm', 'n', 'nine', 'nonmarkingreturn', 'o', 'one', 'p', 'parenleft', 'parenright', 'r', 's', 'seven', 'six', 'slash', 'space', 't', 'three', 'two', 'u', 'uniFB00', 'uniFB03', 'uniFB04', 'y', 'zero']
2026-09-09 07:42:50,099 [INFO] Glyph IDs:   [0, 1, 2, 3, 9, 11, 12, 15, 18, 19, 20, 21, 22, 23, 24, 25, 26, 27, 28, 36, 39, 44, 48, 51, 53, 54, 58, 68, 69, 70, 71, 72, 73, 74, 76, 78, 79, 80, 81, 82, 83, 85, 86, 87, 88, 92, 2805, 5034, 5035, 5036, 5037, 5038]
2026-09-09 07:42:50,099 [INFO] Closing glyph list over 'glyf': 52 glyphs before
2026-09-09 07:42:50,099 [INFO] Glyph names: ['.notdef', '.null', 'A', 'D', 'I', 'M', 'P', 'R', 'S', 'W', 'a', 'ampersand', 'b', 'c', 'comma', 'd', 'e', 'eight', 'endash', 'f', 'fi', 'five', 'fl', 'four', 'g', 'i', 'k', 'l', 'm', 'n', 'nine', 'nonmarkingreturn', 'o', 'one', 'p', 'parenleft', 'parenright', 'r', 's', 'seven', 'six', 'slash', 'space', 't', 'three', 'two', 'u', 'uniFB00', 'uniFB03', 'uniFB04', 'y', 'zero']
2026-09-09 07:42:50,099 [INFO] Glyph IDs:   [0, 1, 2, 3, 9, 11, 12, 15, 18, 19, 20, 21, 22, 23, 24, 25, 26, 27, 28, 36, 39, 44, 48, 51, 53, 54, 58, 68, 69, 70, 71, 72, 73, 74, 76, 78, 79, 80, 81, 82, 83, 85, 86, 87, 88, 92, 2805, 5034, 5035, 5036, 5037, 5038]
2026-09-09 07:42:50,099 [INFO] Closed glyph list over 'glyf': 52 glyphs after
2026-09-09 07:42:50,099 [INFO] Glyph names: ['.notdef', '.null', 'A', 'D', 'I', 'M', 'P', 'R', 'S', 'W', 'a', 'ampersand', 'b', 'c', 'comma', 'd', 'e', 'eight', 'endash', 'f', 'fi', 'five', 'fl', 'four', 'g', 'i', 'k', 'l', 'm', 'n', 'nine', 'nonmarkingreturn', 'o', 'one', 'p', 'parenleft', 'parenright', 'r', 's', 'seven', 'six', 'slash', 'space', 't', 'three', 'two', 'u', 'uniFB00', 'uniFB03', 'uniFB04', 'y', 'zero']
2026-09-09 07:42:50,100 [INFO] Glyph IDs:   [0, 1, 2, 3, 9, 11, 12, 15, 18, 19, 20, 21, 22, 23, 24, 25, 26, 27, 28, 36, 39, 44, 48, 51, 53, 54, 58, 68, 69, 70, 71, 72, 73, 74, 76, 78, 79, 80, 81, 82, 83, 85, 86, 87, 88, 92, 2805, 5034, 5035, 5036, 5037, 5038]
2026-09-09 07:42:50,101 [INFO] Retaining 52 glyphs
2026-09-09 07:42:50,102 [INFO] head subsetting not needed
2026-09-09 07:42:50,102 [INFO] hhea subsetting not needed
2026-09-09 07:42:50,102 [INFO] maxp subsetting not needed
2026-09-09 07:42:50,102 [INFO] OS/2 subsetting not needed
2026-09-09 07:42:50,105 [INFO] hmtx subsetted
2026-09-09 07:42:50,108 [INFO] cmap subsetted
2026-09-09 07:42:50,108 [INFO] fpgm subsetting not needed
2026-09-09 07:42:50,108 [INFO] prep subsetting not needed
2026-09-09 07:42:50,108 [INFO] cvt  subsetting not needed
2026-09-09 07:42:50,108 [INFO] loca subsetting not needed
2026-09-09 07:42:50,108 [INFO] post subsetted
2026-09-09 07:42:50,108 [INFO] gasp subsetting not needed
2026-09-09 07:42:50,110 [INFO] GDEF subsetted
2026-09-09 07:42:50,135 [INFO] GPOS subsetted
2026-09-09 07:42:50,137 [INFO] GSUB subsetted
2026-09-09 07:42:50,137 [INFO] name subsetting not needed
2026-09-09 07:42:50,138 [INFO] glyf subsetted
2026-09-09 07:42:50,139 [INFO] head pruned
2026-09-09 07:42:50,140 [INFO] OS/2 Unicode ranges pruned: [0, 31]
2026-09-09 07:42:50,140 [INFO] OS/2 CodePage ranges pruned: [0]
2026-09-09 07:42:50,141 [INFO] glyf pruned
2026-09-09 07:42:50,141 [INFO] GDEF pruned
2026-09-09 07:42:50,142 [INFO] GPOS pruned
2026-09-09 07:42:50,142 [INFO] GSUB pruned
2026-09-09 07:42:50,147 [INFO] name pruned
2026-09-09 07:42:50,156 [INFO] maxp pruned
2026-09-09 07:42:50,167 [INFO] cmap pruned
2026-09-09 07:42:50,167 [INFO] kern dropped
2026-09-09 07:42:50,168 [INFO] post pruned
2026-09-09 07:42:50,168 [INFO] FFTM dropped
2026-09-09 07:42:50,169 [INFO] GPOS pruned
2026-09-09 07:42:50,172 [INFO] GSUB pruned
2026-09-09 07:42:50,177 [INFO] glyf pruned
2026-09-09 07:42:50,178 [INFO] Added gid0 to subset
2026-09-09 07:42:50,178 [INFO] Added first four glyphs to subset
2026-09-09 07:42:50,178 [INFO] Closing glyph list over 'MATH': 51 glyphs before
2026-09-09 07:42:50,179 [INFO] Glyph names: ['.notdef', '.null', 'A', 'D', 'E', 'L', 'M', 'N', 'O', 'R', 'S', 'W', 'a', 'c', 'd', 'degree', 'e', 'eight', 'endash', 'f', 'five', 'four', 'g', 'i', 'k', 'l', 'm', 'n', 'nine', 'nonmarkingreturn', 'o', 'one', 'p', 'parenleft', 'parenright', 'percent', 'period', 'r', 's', 'seven', 'six', 'slash', 'space', 't', 'three', 'two', 'u', 'v', 'w', 'y', 'zero']
2026-09-09 07:42:50,180 [INFO] Glyph IDs:   [0, 1, 2, 3, 8, 11, 12, 17, 18, 19, 20, 21, 22, 23, 24, 25, 26, 27, 28, 36, 39, 40, 47, 48, 49, 50, 53, 54, 58, 68, 70, 71, 72, 73, 74, 76, 78, 79, 80, 81, 82, 83, 85, 86, 87, 88, 89, 90, 92, 114, 2805]
2026-09-09 07:42:50,181 [INFO] Closed glyph list over 'MATH': 57 glyphs after
2026-09-09 07:42:50,182 [INFO] Glyph names: ['.notdef', '.null', 'A', 'D', 'E', 'L', 'M', 'N', 'O', 'R', 'S', 'W', 'a', 'c', 'd', 'degree', 'e', 'eight', 'endash', 'f', 'five', 'four', 'g', 'i', 'k', 'l', 'm', 'n', 'nine', 'nonmarkingreturn', 'o', 'one', 'p', 'parenleft', 'parenright', 'percent', 'period', 'r', 's', 'seven', 'six', 'slash', 'space', 't', 'three', 'two', 'u', 'uni239B', 'uni239C', 'uni239D', 'uni239E', 'uni239F', 'uni23A0', 'v', 'w', 'y', 'zero']
2026-09-09 07:42:50,182 [INFO] Glyph IDs:   [0, 1, 2, 3, 8, 11, 12, 17, 18, 19, 20, 21, 22, 23, 24, 25, 26, 27, 28, 36, 39, 40, 47, 48, 49, 50, 53, 54, 58, 68, 70, 71, 72, 73, 74, 76, 78, 79, 80, 81, 82, 83, 85, 86, 87, 88, 89, 90, 92, 114, 2805, 3506, 3507, 3508, 3509, 3510, 3511]
2026-09-09 07:42:50,182 [INFO] Closing glyph list over 'GSUB': 57 glyphs before
2026-09-09 07:42:50,182 [INFO] Glyph names: ['.notdef', '.null', 'A', 'D', 'E', 'L', 'M', 'N', 'O', 'R', 'S', 'W', 'a', 'c', 'd', 'degree', 'e', 'eight', 'endash', 'f', 'five', 'four', 'g', 'i', 'k', 'l', 'm', 'n', 'nine', 'nonmarkingreturn', 'o', 'one', 'p', 'parenleft', 'parenright', 'percent', 'period', 'r', 's', 'seven', 'six', 'slash', 'space', 't', 'three', 'two', 'u', 'uni239B', 'uni239C', 'uni239D', 'uni239E', 'uni239F', 'uni23A0', 'v', 'w', 'y', 'zero']
2026-09-09 07:42:50,182 [INFO] Glyph IDs:   [0, 1, 2, 3, 8, 11, 12, 17, 18, 19, 20, 21, 22, 23, 24, 25, 26, 27, 28, 36, 39, 40, 47, 48, 49, 50, 53, 54, 58, 68, 70, 71, 72, 73, 74, 76, 78, 79, 80, 81, 82, 83, 85, 86, 87, 88, 89, 90, 92, 114, 2805, 3506, 3507, 3508, 3509, 3510, 3511]
2026-09-09 07:42:50,188 [INFO] Closed glyph list over 'GSUB': 62 glyphs after
2026-09-09 07:42:50,188 [INFO] Glyph names: ['.notdef', '.null', 'A', 'D', 'E', 'L', 'M', 'N', 'O', 'R', 'S', 'W', 'a', 'c', 'd', 'degree', 'e', 'eight', 'endash', 'f', 'fi', 'five', 'fl', 'four', 'g', 'i', 'k', 'l', 'm', 'n', 'nine', 'nonmarkingreturn', 'o', 'one', 'p', 'parenleft', 'parenright', 'percent', 'period', 'r', 's', 'seven', 'six', 'slash', 'space', 't', 'three', 'two', 'u', 'uni239B', 'uni239C', 'uni239D', 'uni239E', 'uni239F', 'uni23A0', 'uniFB00', 'uniFB03', 'uniFB04', 'v', 'w', 'y', 'zero']
2026-09-09 07:42:50,188 [INFO] Glyph IDs:   [0, 1, 2, 3, 8, 11, 12, 17, 18, 19, 20, 21, 22, 23, 24, 25, 26, 27, 28, 36, 39, 40, 47, 48, 49, 50, 53, 54, 58, 68, 70, 71, 72, 73, 74, 76, 78, 79, 80, 81, 82, 83, 85, 86, 87, 88, 89, 90, 92, 114, 2805, 3506, 3507, 3508, 3509, 3510, 3511, 5038, 5039, 5040, 5041, 5042]
2026-09-09 07:42:50,188 [INFO] Closing glyph list over 'glyf': 62 glyphs before
2026-09-09 07:42:50,188 [INFO] Glyph names: ['.notdef', '.null', 'A', 'D', 'E', 'L', 'M', 'N', 'O', 'R', 'S', 'W', 'a', 'c', 'd', 'degree', 'e', 'eight', 'endash', 'f', 'fi', 'five', 'fl', 'four', 'g', 'i', 'k', 'l', 'm', 'n', 'nine', 'nonmarkingreturn', 'o', 'one', 'p', 'parenleft', 'parenright', 'percent', 'period', 'r', 's', 'seven', 'six', 'slash', 'space', 't', 'three', 'two', 'u', 'uni239B', 'uni239C', 'uni239D', 'uni239E', 'uni239F', 'uni23A0', 'uniFB00', 'uniFB03', 'uniFB04', 'v', 'w', 'y', 'zero']
2026-09-09 07:42:50,188 [INFO] Glyph IDs:   [0, 1, 2, 3, 8, 11, 12, 17, 18, 19, 20, 21, 22, 23, 24, 25, 26, 27, 28, 36, 39, 40, 47, 48, 49, 50, 53, 54, 58, 68, 70, 71, 72, 73, 74, 76, 78, 79, 80, 81, 82, 83, 85, 86, 87, 88, 89, 90, 92, 114, 2805, 3506, 3507, 3508, 3509, 3510, 3511, 5038, 5039, 5040, 5041, 5042]
2026-09-09 07:42:50,188 [INFO] Closed glyph list over 'glyf': 62 glyphs after
2026-09-09 07:42:50,189 [INFO] Glyph names: ['.notdef', '.null', 'A', 'D', 'E', 'L', 'M', 'N', 'O', 'R', 'S', 'W', 'a', 'c', 'd', 'degree', 'e', 'eight', 'endash', 'f', 'fi', 'five', 'fl', 'four', 'g', 'i', 'k', 'l', 'm', 'n', 'nine', 'nonmarkingreturn', 'o', 'one', 'p', 'parenleft', 'parenright', 'percent', 'period', 'r', 's', 'seven', 'six', 'slash', 'space', 't', 'three', 'two', 'u', 'uni239B', 'uni239C', 'uni239D', 'uni239E', 'uni239F', 'uni23A0', 'uniFB00', 'uniFB03', 'uniFB04', 'v', 'w', 'y', 'zero']
2026-09-09 07:42:50,189 [INFO] Glyph IDs:   [0, 1, 2, 3, 8, 11, 12, 17, 18, 19, 20, 21, 22, 23, 24, 25, 26, 27, 28, 36, 39, 40, 47, 48, 49, 50, 53, 54, 58, 68, 70, 71, 72, 73, 74, 76, 78, 79, 80, 81, 82, 83, 85, 86, 87, 88, 89, 90, 92, 114, 2805, 3506, 3507, 3508, 3509, 3510, 3511, 5038, 5039, 5040, 5041, 5042]
2026-09-09 07:42:50,189 [INFO] Retaining 62 glyphs
2026-09-09 07:42:50,189 [INFO] head subsetting not needed
2026-09-09 07:42:50,189 [INFO] hhea subsetting not needed
2026-09-09 07:42:50,190 [INFO] maxp subsetting not needed
2026-09-09 07:42:50,190 [INFO] OS/2 subsetting not needed
2026-09-09 07:42:50,192 [INFO] hmtx subsetted
2026-09-09 07:42:50,196 [INFO] cmap subsetted
2026-09-09 07:42:50,196 [INFO] fpgm subsetting not needed
2026-09-09 07:42:50,196 [INFO] prep subsetting not needed
2026-09-09 07:42:50,196 [INFO] cvt  subsetting not needed
2026-09-09 07:42:50,196 [INFO] loca subsetting not needed
2026-09-09 07:42:50,196 [INFO] post subsetted
2026-09-09 07:42:50,196 [INFO] gasp subsetting not needed
2026-09-09 07:42:50,197 [INFO] MATH subsetted
2026-09-09 07:42:50,199 [INFO] GDEF subsetted
2026-09-09 07:42:50,228 [INFO] GPOS subsetted
2026-09-09 07:42:50,230 [INFO] GSUB subsetted
2026-09-09 07:42:50,230 [INFO] name subsetting not needed
2026-09-09 07:42:50,232 [INFO] glyf subsetted
2026-09-09 07:42:50,232 [INFO] head pruned
2026-09-09 07:42:50,232 [INFO] OS/2 Unicode ranges pruned: [0, 1, 31]
2026-09-09 07:42:50,232 [INFO] OS/2 CodePage ranges pruned: [0]
2026-09-09 07:42:50,234 [INFO] glyf pruned
2026-09-09 07:42:50,234 [INFO] GDEF pruned
2026-09-09 07:42:50,234 [INFO] GPOS pruned
2026-09-09 07:42:50,235 [INFO] GSUB pruned
2026-09-09 07:42:50,245 [INFO] name pruned
2026-09-09 07:42:53,867 [INFO] maxp pruned
2026-09-09 07:42:53,878 [INFO] cmap pruned
2026-09-09 07:42:53,879 [INFO] kern dropped
2026-09-09 07:42:53,879 [INFO] post pruned
2026-09-09 07:42:53,879 [INFO] FFTM dropped
2026-09-09 07:42:53,880 [INFO] GPOS pruned
2026-09-09 07:42:53,883 [INFO] GSUB pruned
2026-09-09 07:42:53,889 [INFO] glyf pruned
2026-09-09 07:42:53,890 [INFO] Added gid0 to subset
2026-09-09 07:42:53,890 [INFO] Added first four glyphs to subset
2026-09-09 07:42:53,890 [INFO] Closing glyph list over 'GSUB': 55 glyphs before
2026-09-09 07:42:53,890 [INFO] Glyph names: ['.notdef', '.null', 'A', 'B', 'D', 'M', 'N', 'P', 'R', 'S', 'W', 'Y', 'a', 'b', 'c', 'colon', 'comma', 'd', 'e', 'eight', 'endash', 'equal', 'f', 'five', 'four', 'g', 'h', 'hyphen', 'i', 'k', 'l', 'm', 'n', 'nine', 'nonmarkingreturn', 'o', 'one', 'p', 'parenleft', 'parenright', 'r', 's', 'seven', 'sigma', 'slash', 'space', 't', 'two', 'u', 'v', 'w', 'x', 'y', 'z', 'zero']
2026-09-09 07:42:53,892 [INFO] Glyph IDs:   [0, 1, 2, 3, 11, 12, 15, 16, 18, 19, 20, 21, 23, 24, 26, 27, 28, 29, 32, 36, 37, 39, 48, 49, 51, 53, 54, 58, 60, 68, 69, 70, 71, 72, 73, 74, 75, 76, 78, 79, 80, 81, 82, 83, 85, 86, 87, 88, 89, 90, 91, 92, 93, 855, 2805]
2026-09-09 07:42:53,903 [INFO] Closed glyph list over 'GSUB': 60 glyphs after
2026-09-09 07:42:53,903 [INFO] Glyph names: ['.notdef', '.null', 'A', 'B', 'D', 'M', 'N', 'P', 'R', 'S', 'W', 'Y', 'a', 'b', 'c', 'colon', 'comma', 'd', 'e', 'eight', 'endash', 'equal', 'f', 'fi', 'five', 'fl', 'four', 'g', 'h', 'hyphen', 'i', 'k', 'l', 'm', 'n', 'nine', 'nonmarkingreturn', 'o', 'one', 'p', 'parenleft', 'parenright', 'r', 's', 'seven', 'sigma', 'slash', 'space', 't', 'two', 'u', 'uniFB00', 'uniFB03', 'uniFB04', 'v', 'w', 'x', 'y', 'z', 'zero']
2026-09-09 07:42:53,903 [INFO] Glyph IDs:   [0, 1, 2, 3, 11, 12, 15, 16, 18, 19, 20, 21, 23, 24, 26, 27, 28, 29, 32, 36, 37, 39, 48, 49, 51, 53, 54, 58, 60, 68, 69, 70, 71, 72, 73, 74, 75, 76, 78, 79, 80, 81, 82, 83, 85, 86, 87, 88, 89, 90, 91, 92, 93, 855, 2805, 5034, 5035, 5036, 5037, 5038]
2026-09-09 07:42:53,903 [INFO] Closing glyph list over 'glyf': 60 glyphs before
2026-09-09 07:42:53,903 [INFO] Glyph names: ['.notdef', '.null', 'A', 'B', 'D', 'M', 'N', 'P', 'R', 'S', 'W', 'Y', 'a', 'b', 'c', 'colon', 'comma', 'd', 'e', 'eight', 'endash', 'equal', 'f', 'fi', 'five', 'fl', 'four', 'g', 'h', 'hyphen', 'i', 'k', 'l', 'm', 'n', 'nine', 'nonmarkingreturn', 'o', 'one', 'p', 'parenleft', 'parenright', 'r', 's', 'seven', 'sigma', 'slash', 'space', 't', 'two', 'u', 'uniFB00', 'uniFB03', 'uniFB04', 'v', 'w', 'x', 'y', 'z', 'zero']
2026-09-09 07:42:53,904 [INFO] Glyph IDs:   [0, 1, 2, 3, 11, 12, 15, 16, 18, 19, 20, 21, 23, 24, 26, 27, 28, 29, 32, 36, 37, 39, 48, 49, 51, 53, 54, 58, 60, 68, 69, 70, 71, 72, 73, 74, 75, 76, 78, 79, 80, 81, 82, 83, 85, 86, 87, 88, 89, 90, 91, 92, 93, 855, 2805, 5034, 5035, 5036, 5037, 5038]
2026-09-09 07:42:53,904 [INFO] Closed glyph list over 'glyf': 60 glyphs after
2026-09-09 07:42:53,904 [INFO] Glyph names: ['.notdef', '.null', 'A', 'B', 'D', 'M', 'N', 'P', 'R', 'S', 'W', 'Y', 'a', 'b', 'c', 'colon', 'comma', 'd', 'e', 'eight', 'endash', 'equal', 'f', 'fi', 'five', 'fl', 'four', 'g', 'h', 'hyphen', 'i', 'k', 'l', 'm', 'n', 'nine', 'nonmarkingreturn', 'o', 'one', 'p', 'parenleft', 'parenright', 'r', 's', 'seven', 'sigma', 'slash', 'space', 't', 'two', 'u', 'uniFB00', 'uniFB03', 'uniFB04', 'v', 'w', 'x', 'y', 'z', 'zero']
2026-09-09 07:42:53,904 [INFO] Glyph IDs:   [0, 1, 2, 3, 11, 12, 15, 16, 18, 19, 20, 21, 23, 24, 26, 27, 28, 29, 32, 36, 37, 39, 48, 49, 51, 53, 54, 58, 60, 68, 69, 70, 71, 72, 73, 74, 75, 76, 78, 79, 80, 81, 82, 83, 85, 86, 87, 88, 89, 90, 91, 92, 93, 855, 2805, 5034, 5035, 5036, 5037, 5038]
2026-09-09 07:42:53,905 [INFO] Retaining 60 glyphs
2026-09-09 07:42:53,905 [INFO] head subsetting not needed
2026-09-09 07:42:53,905 [INFO] hhea subsetting not needed
2026-09-09 07:42:53,905 [INFO] maxp subsetting not needed
2026-09-09 07:42:53,905 [INFO] OS/2 subsetting not needed
2026-09-09 07:42:53,908 [INFO] hmtx subsetted
2026-09-09 07:42:53,911 [INFO] cmap subsetted
2026-09-09 07:42:53,911 [INFO] fpgm subsetting not needed
2026-09-09 07:42:53,911 [INFO] prep subsetting not needed
2026-09-09 07:42:53,911 [INFO] cvt  subsetting not needed
2026-09-09 07:42:53,911 [INFO] loca subsetting not needed
2026-09-09 07:42:53,911 [INFO] post subsetted
2026-09-09 07:42:53,911 [INFO] gasp subsetting not needed
2026-09-09 07:42:53,913 [INFO] GDEF subsetted
2026-09-09 07:42:53,938 [INFO] GPOS subsetted
2026-09-09 07:42:53,939 [INFO] GSUB subsetted
2026-09-09 07:42:53,940 [INFO] name subsetting not needed
2026-09-09 07:42:53,942 [INFO] glyf subsetted
2026-09-09 07:42:53,943 [INFO] head pruned
2026-09-09 07:42:53,943 [INFO] OS/2 Unicode ranges pruned: [0, 7, 31]
2026-09-09 07:42:53,943 [INFO] OS/2 CodePage ranges pruned: [0]
2026-09-09 07:42:53,944 [INFO] glyf pruned
2026-09-09 07:42:53,944 [INFO] GDEF pruned
2026-09-09 07:42:53,944 [INFO] GPOS pruned
2026-09-09 07:42:53,944 [INFO] GSUB pruned
2026-09-09 07:42:53,953 [INFO] name pruned
2026-09-09 07:42:53,964 [INFO] maxp pruned
2026-09-09 07:42:53,976 [INFO] cmap pruned
2026-09-09 07:42:53,976 [INFO] kern dropped
2026-09-09 07:42:53,977 [INFO] post pruned
2026-09-09 07:42:53,977 [INFO] FFTM dropped
2026-09-09 07:42:53,978 [INFO] GPOS pruned
2026-09-09 07:42:53,983 [INFO] GSUB pruned
2026-09-09 07:42:53,989 [INFO] glyf pruned
2026-09-09 07:42:53,990 [INFO] Added gid0 to subset
2026-09-09 07:42:53,991 [INFO] Added first four glyphs to subset
2026-09-09 07:42:53,991 [INFO] Closing glyph list over 'MATH': 48 glyphs before
2026-09-09 07:42:53,991 [INFO] Glyph names: ['.notdef', '.null', 'D', 'G', 'M', 'N', 'P', 'S', 'a', 'c', 'comma', 'd', 'e', 'eight', 'five', 'four', 'g', 'hyphen', 'i', 'k', 'l', 'm', 'minus', 'n', 'nine', 'nonmarkingreturn', 'o', 'one', 'p', 'parenleft', 'parenright', 'period', 'plus', 'plusminus', 'quotesingle', 'r', 's', 'seven', 'six', 'slash', 'space', 't', 'three', 'two', 'v', 'w', 'y', 'zero']
2026-09-09 07:42:53,991 [INFO] Glyph IDs:   [0, 1, 2, 3, 10, 11, 12, 14, 15, 16, 17, 18, 19, 20, 21, 22, 23, 24, 25, 26, 27, 28, 39, 42, 48, 49, 51, 54, 68, 70, 71, 72, 74, 76, 78, 79, 80, 81, 82, 83, 85, 86, 87, 89, 90, 92, 115, 3228]
2026-09-09 07:42:53,992 [INFO] Closed glyph list over 'MATH': 54 glyphs after
2026-09-09 07:42:53,992 [INFO] Glyph names: ['.notdef', '.null', 'D', 'G', 'M', 'N', 'P', 'S', 'a', 'c', 'comma', 'd', 'e', 'eight', 'five', 'four', 'g', 'hyphen', 'i', 'k', 'l', 'm', 'minus', 'n', 'nine', 'nonmarkingreturn', 'o', 'one', 'p', 'parenleft', 'parenright', 'period', 'plus', 'plusminus', 'quotesingle', 'r', 's', 'seven', 'six', 'slash', 'space', 't', 'three', 'two', 'uni239B', 'uni239C', 'uni239D', 'uni239E', 'uni239F', 'uni23A0', 'v', 'w', 'y', 'zero']
2026-09-09 07:42:53,992 [INFO] Glyph IDs:   [0, 1, 2, 3, 10, 11, 12, 14, 15, 16, 17, 18, 19, 20, 21, 22, 23, 24, 25, 26, 27, 28, 39, 42, 48, 49, 51, 54, 68, 70, 71, 72, 74, 76, 78, 79, 80, 81, 82, 83, 85, 86, 87, 89, 90, 92, 115, 3228, 3506, 3507, 3508, 3509, 3510, 3511]
2026-09-09 07:42:53,992 [INFO] Closing glyph list over 'GSUB': 54 glyphs before
2026-09-09 07:42:53,992 [INFO] Glyph names: ['.notdef', '.null', 'D', 'G', 'M', 'N', 'P', 'S', 'a', 'c', 'comma', 'd', 'e', 'eight', 'five', 'four', 'g', 'hyphen', 'i', 'k', 'l', 'm', 'minus', 'n', 'nine', 'nonmarkingreturn', 'o', 'one', 'p', 'parenleft', 'parenright', 'period', 'plus', 'plusminus', 'quotesingle', 'r', 's', 'seven', 'six', 'slash', 'space', 't', 'three', 'two', 'uni239B', 'uni239C', 'uni239D', 'uni239E', 'uni239F', 'uni23A0', 'v', 'w', 'y', 'zero']
2026-09-09 07:42:53,993 [INFO] Glyph IDs:   [0, 1, 2, 3, 10, 11, 12, 14, 15, 16, 17, 18, 19, 20, 21, 22, 23, 24, 25, 26, 27, 28, 39, 42, 48, 49, 51, 54, 68, 70, 71, 72, 74, 76, 78, 79, 80, 81, 82, 83, 85, 86, 87, 89, 90, 92, 115, 3228, 3506, 3507, 3508, 3509, 3510, 3511]
2026-09-09 07:42:53,998 [INFO] Closed glyph list over 'GSUB': 54 glyphs after
2026-09-09 07:42:53,998 [INFO] Glyph names: ['.notdef', '.null', 'D', 'G', 'M', 'N', 'P', 'S', 'a', 'c', 'comma', 'd', 'e', 'eight', 'five', 'four', 'g', 'hyphen', 'i', 'k', 'l', 'm', 'minus', 'n', 'nine', 'nonmarkingreturn', 'o', 'one', 'p', 'parenleft', 'parenright', 'period', 'plus', 'plusminus', 'quotesingle', 'r', 's', 'seven', 'six', 'slash', 'space', 't', 'three', 'two', 'uni239B', 'uni239C', 'uni239D', 'uni239E', 'uni239F', 'uni23A0', 'v', 'w', 'y', 'zero']
2026-09-09 07:42:53,998 [INFO] Glyph IDs:   [0, 1, 2, 3, 10, 11, 12, 14, 15, 16, 17, 18, 19, 20, 21, 22, 23, 24, 25, 26, 27, 28, 39, 42, 48, 49, 51, 54, 68, 70, 71, 72, 74, 76, 78, 79, 80, 81, 82, 83, 85, 86, 87, 89, 90, 92, 115, 3228, 3506, 3507, 3508, 3509, 3510, 3511]
2026-09-09 07:42:53,998 [INFO] Closing glyph list over 'glyf': 54 glyphs before
2026-09-09 07:42:53,999 [INFO] Glyph names: ['.notdef', '.null', 'D', 'G', 'M', 'N', 'P', 'S', 'a', 'c', 'comma', 'd', 'e', 'eight', 'five', 'four', 'g', 'hyphen', 'i', 'k', 'l', 'm', 'minus', 'n', 'nine', 'nonmarkingreturn', 'o', 'one', 'p', 'parenleft', 'parenright', 'period', 'plus', 'plusminus', 'quotesingle', 'r', 's', 'seven', 'six', 'slash', 'space', 't', 'three', 'two', 'uni239B', 'uni239C', 'uni239D', 'uni239E', 'uni239F', 'uni23A0', 'v', 'w', 'y', 'zero']
2026-09-09 07:42:53,999 [INFO] Glyph IDs:   [0, 1, 2, 3, 10, 11, 12, 14, 15, 16, 17, 18, 19, 20, 21, 22, 23, 24, 25, 26, 27, 28, 39, 42, 48, 49, 51, 54, 68, 70, 71, 72, 74, 76, 78, 79, 80, 81, 82, 83, 85, 86, 87, 89, 90, 92, 115, 3228, 3506, 3507, 3508, 3509, 3510, 3511]
2026-09-09 07:42:53,999 [INFO] Closed glyph list over 'glyf': 54 glyphs after
2026-09-09 07:42:53,999 [INFO] Glyph names: ['.notdef', '.null', 'D', 'G', 'M', 'N', 'P', 'S', 'a', 'c', 'comma', 'd', 'e', 'eight', 'five', 'four', 'g', 'hyphen', 'i', 'k', 'l', 'm', 'minus', 'n', 'nine', 'nonmarkingreturn', 'o', 'one', 'p', 'parenleft', 'parenright', 'period', 'plus', 'plusminus', 'quotesingle', 'r', 's', 'seven', 'six', 'slash', 'space', 't', 'three', 'two', 'uni239B', 'uni239C', 'uni239D', 'uni239E', 'uni239F', 'uni23A0', 'v', 'w', 'y', 'zero']
2026-09-09 07:42:53,999 [INFO] Glyph IDs:   [0, 1, 2, 3, 10, 11, 12, 14, 15, 16, 17, 18, 19, 20, 21, 22, 23, 24, 25, 26, 27, 28, 39, 42, 48, 49, 51, 54, 68, 70, 71, 72, 74, 76, 78, 79, 80, 81, 82, 83, 85, 86, 87, 89, 90, 92, 115, 3228, 3506, 3507, 3508, 3509, 3510, 3511]
2026-09-09 07:42:54,000 [INFO] Retaining 54 glyphs
2026-09-09 07:42:54,000 [INFO] head subsetting not needed
2026-09-09 07:42:54,000 [INFO] hhea subsetting not needed
2026-09-09 07:42:54,001 [INFO] maxp subsetting not needed
2026-09-09 07:42:54,001 [INFO] OS/2 subsetting not needed
2026-09-09 07:42:54,003 [INFO] hmtx subsetted
2026-09-09 07:42:54,005 [INFO] cmap subsetted
2026-09-09 07:42:54,006 [INFO] fpgm subsetting not needed
2026-09-09 07:42:54,006 [INFO] prep subsetting not needed
2026-09-09 07:42:54,006 [INFO] cvt  subsetting not needed
2026-09-09 07:42:54,006 [INFO] loca subsetting not needed
2026-09-09 07:42:54,006 [INFO] post subsetted
2026-09-09 07:42:54,006 [INFO] gasp subsetting not needed
2026-09-09 07:42:54,006 [INFO] MATH subsetted
2026-09-09 07:42:54,010 [INFO] GDEF subsetted
2026-09-09 07:42:54,037 [INFO] GPOS subsetted
2026-09-09 07:42:54,039 [INFO] GSUB subsetted
2026-09-09 07:42:54,039 [INFO] name subsetting not needed
2026-09-09 07:42:54,040 [INFO] glyf subsetted
2026-09-09 07:42:54,041 [INFO] head pruned
2026-09-09 07:42:54,041 [INFO] OS/2 Unicode ranges pruned: [0, 1, 38]
2026-09-09 07:42:54,041 [INFO] OS/2 CodePage ranges pruned: [0]
2026-09-09 07:42:54,042 [INFO] glyf pruned
2026-09-09 07:42:54,042 [INFO] GDEF pruned
2026-09-09 07:42:54,042 [INFO] GPOS pruned
2026-09-09 07:42:54,042 [INFO] GSUB pruned
2026-09-09 07:42:54,052 [INFO] name pruned
2026-09-09 07:42:57,991 [INFO] maxp pruned
2026-09-09 07:42:58,002 [INFO] cmap pruned
2026-09-09 07:42:58,002 [INFO] kern dropped
2026-09-09 07:42:58,002 [INFO] post pruned
2026-09-09 07:42:58,002 [INFO] FFTM dropped
2026-09-09 07:42:58,003 [INFO] GPOS pruned
2026-09-09 07:42:58,007 [INFO] GSUB pruned
2026-09-09 07:42:58,013 [INFO] glyf pruned
2026-09-09 07:42:58,014 [INFO] Added gid0 to subset
2026-09-09 07:42:58,014 [INFO] Added first four glyphs to subset
2026-09-09 07:42:58,014 [INFO] Closing glyph list over 'GSUB': 55 glyphs before
2026-09-09 07:42:58,015 [INFO] Glyph names: ['.notdef', '.null', 'A', 'B', 'D', 'M', 'N', 'P', 'R', 'S', 'W', 'Y', 'a', 'b', 'c', 'colon', 'comma', 'd', 'e', 'eight', 'endash', 'equal', 'f', 'five', 'four', 'g', 'h', 'hyphen', 'i', 'k', 'l', 'm', 'n', 'nine', 'nonmarkingreturn', 'o', 'one', 'p', 'parenleft', 'parenright', 'r', 's', 'seven', 'sigma', 'slash', 'space', 't', 'two', 'u', 'v', 'w', 'x', 'y', 'z', 'zero']
2026-09-09 07:42:58,015 [INFO] Glyph IDs:   [0, 1, 2, 3, 11, 12, 15, 16, 18, 19, 20, 21, 23, 24, 26, 27, 28, 29, 32, 36, 37, 39, 48, 49, 51, 53, 54, 58, 60, 68, 69, 70, 71, 72, 73, 74, 75, 76, 78, 79, 80, 81, 82, 83, 85, 86, 87, 88, 89, 90, 91, 92, 93, 855, 2805]
2026-09-09 07:42:58,019 [INFO] Closed glyph list over 'GSUB': 60 glyphs after
2026-09-09 07:42:58,019 [INFO] Glyph names: ['.notdef', '.null', 'A', 'B', 'D', 'M', 'N', 'P', 'R', 'S', 'W', 'Y', 'a', 'b', 'c', 'colon', 'comma', 'd', 'e', 'eight', 'endash', 'equal', 'f', 'fi', 'five', 'fl', 'four', 'g', 'h', 'hyphen', 'i', 'k', 'l', 'm', 'n', 'nine', 'nonmarkingreturn', 'o', 'one', 'p', 'parenleft', 'parenright', 'r', 's', 'seven', 'sigma', 'slash', 'space', 't', 'two', 'u', 'uniFB00', 'uniFB03', 'uniFB04', 'v', 'w', 'x', 'y', 'z', 'zero']
2026-09-09 07:42:58,019 [INFO] Glyph IDs:   [0, 1, 2, 3, 11, 12, 15, 16, 18, 19, 20, 21, 23, 24, 26, 27, 28, 29, 32, 36, 37, 39, 48, 49, 51, 53, 54, 58, 60, 68, 69, 70, 71, 72, 73, 74, 75, 76, 78, 79, 80, 81, 82, 83, 85, 86, 87, 88, 89, 90, 91, 92, 93, 855, 2805, 5034, 5035, 5036, 5037, 5038]
2026-09-09 07:42:58,019 [INFO] Closing glyph list over 'glyf': 60 glyphs before
2026-09-09 07:42:58,019 [INFO] Glyph names: ['.notdef', '.null', 'A', 'B', 'D', 'M', 'N', 'P', 'R', 'S', 'W', 'Y', 'a', 'b', 'c', 'colon', 'comma', 'd', 'e', 'eight', 'endash', 'equal', 'f', 'fi', 'five', 'fl', 'four', 'g', 'h', 'hyphen', 'i', 'k', 'l', 'm', 'n', 'nine', 'nonmarkingreturn', 'o', 'one', 'p', 'parenleft', 'parenright', 'r', 's', 'seven', 'sigma', 'slash', 'space', 't', 'two', 'u', 'uniFB00', 'uniFB03', 'uniFB04', 'v', 'w', 'x', 'y', 'z', 'zero']
2026-09-09 07:42:58,019 [INFO] Glyph IDs:   [0, 1, 2, 3, 11, 12, 15, 16, 18, 19, 20, 21, 23, 24, 26, 27, 28, 29, 32, 36, 37, 39, 48, 49, 51, 53, 54, 58, 60, 68, 69, 70, 71, 72, 73, 74, 75, 76, 78, 79, 80, 81, 82, 83, 85, 86, 87, 88, 89, 90, 91, 92, 93, 855, 2805, 5034, 5035, 5036, 5037, 5038]
2026-09-09 07:42:58,019 [INFO] Closed glyph list over 'glyf': 60 glyphs after
2026-09-09 07:42:58,019 [INFO] Glyph names: ['.notdef', '.null', 'A', 'B', 'D', 'M', 'N', 'P', 'R', 'S', 'W', 'Y', 'a', 'b', 'c', 'colon', 'comma', 'd', 'e', 'eight', 'endash', 'equal', 'f', 'fi', 'five', 'fl', 'four', 'g', 'h', 'hyphen', 'i', 'k', 'l', 'm', 'n', 'nine', 'nonmarkingreturn', 'o', 'one', 'p', 'parenleft', 'parenright', 'r', 's', 'seven', 'sigma', 'slash', 'space', 't', 'two', 'u', 'uniFB00', 'uniFB03', 'uniFB04', 'v', 'w', 'x', 'y', 'z', 'zero']
2026-09-09 07:42:58,020 [INFO] Glyph IDs:   [0, 1, 2, 3, 11, 12, 15, 16, 18, 19, 20, 21, 23, 24, 26, 27, 28, 29, 32, 36, 37, 39, 48, 49, 51, 53, 54, 58, 60, 68, 69, 70, 71, 72, 73, 74, 75, 76, 78, 79, 80, 81, 82, 83, 85, 86, 87, 88, 89, 90, 91, 92, 93, 855, 2805, 5034, 5035, 5036, 5037, 5038]
2026-09-09 07:42:58,020 [INFO] Retaining 60 glyphs
2026-09-09 07:42:58,020 [INFO] head subsetting not needed
2026-09-09 07:42:58,020 [INFO] hhea subsetting not needed
2026-09-09 07:42:58,021 [INFO] maxp subsetting not needed
2026-09-09 07:42:58,021 [INFO] OS/2 subsetting not needed
2026-09-09 07:42:58,025 [INFO] hmtx subsetted
2026-09-09 07:42:58,027 [INFO] cmap subsetted
2026-09-09 07:42:58,027 [INFO] fpgm subsetting not needed
2026-09-09 07:42:58,027 [INFO] prep subsetting not needed
2026-09-09 07:42:58,027 [INFO] cvt  subsetting not needed
2026-09-09 07:42:58,027 [INFO] loca subsetting not needed
2026-09-09 07:42:58,028 [INFO] post subsetted
2026-09-09 07:42:58,028 [INFO] gasp subsetting not needed
2026-09-09 07:42:58,029 [INFO] GDEF subsetted
2026-09-09 07:42:58,053 [INFO] GPOS subsetted
2026-09-09 07:42:58,055 [INFO] GSUB subsetted
2026-09-09 07:42:58,055 [INFO] name subsetting not needed
2026-09-09 07:42:58,057 [INFO] glyf subsetted
2026-09-09 07:42:58,057 [INFO] head pruned
2026-09-09 07:42:58,057 [INFO] OS/2 Unicode ranges pruned: [0, 7, 31]
2026-09-09 07:42:58,058 [INFO] OS/2 CodePage ranges pruned: [0]
2026-09-09 07:42:58,058 [INFO] glyf pruned
2026-09-09 07:42:58,058 [INFO] GDEF pruned
2026-09-09 07:42:58,059 [INFO] GPOS pruned
2026-09-09 07:42:58,059 [INFO] GSUB pruned
2026-09-09 07:42:58,071 [INFO] name pruned
2026-09-09 07:42:58,080 [INFO] maxp pruned
2026-09-09 07:42:58,092 [INFO] cmap pruned
2026-09-09 07:42:58,093 [INFO] kern dropped
2026-09-09 07:42:58,093 [INFO] post pruned
2026-09-09 07:42:58,093 [INFO] FFTM dropped
2026-09-09 07:42:58,095 [INFO] GPOS pruned
2026-09-09 07:42:58,098 [INFO] GSUB pruned
2026-09-09 07:42:58,104 [INFO] glyf pruned
2026-09-09 07:42:58,105 [INFO] Added gid0 to subset
2026-09-09 07:42:58,105 [INFO] Added first four glyphs to subset
2026-09-09 07:42:58,105 [INFO] Closing glyph list over 'MATH': 48 glyphs before
2026-09-09 07:42:58,105 [INFO] Glyph names: ['.notdef', '.null', 'D', 'G', 'M', 'N', 'P', 'S', 'a', 'c', 'comma', 'd', 'e', 'eight', 'five', 'four', 'g', 'hyphen', 'i', 'k', 'l', 'm', 'minus', 'n', 'nine', 'nonmarkingreturn', 'o', 'one', 'p', 'parenleft', 'parenright', 'period', 'plus', 'plusminus', 'quotesingle', 'r', 's', 'seven', 'six', 'slash', 'space', 't', 'three', 'two', 'v', 'w', 'y', 'zero']
2026-09-09 07:42:58,106 [INFO] Glyph IDs:   [0, 1, 2, 3, 10, 11, 12, 14, 15, 16, 17, 18, 19, 20, 21, 22, 23, 24, 25, 26, 27, 28, 39, 42, 48, 49, 51, 54, 68, 70, 71, 72, 74, 76, 78, 79, 80, 81, 82, 83, 85, 86, 87, 89, 90, 92, 115, 3228]
2026-09-09 07:42:58,107 [INFO] Closed glyph list over 'MATH': 54 glyphs after
2026-09-09 07:42:58,107 [INFO] Glyph names: ['.notdef', '.null', 'D', 'G', 'M', 'N', 'P', 'S', 'a', 'c', 'comma', 'd', 'e', 'eight', 'five', 'four', 'g', 'hyphen', 'i', 'k', 'l', 'm', 'minus', 'n', 'nine', 'nonmarkingreturn', 'o', 'one', 'p', 'parenleft', 'parenright', 'period', 'plus', 'plusminus', 'quotesingle', 'r', 's', 'seven', 'six', 'slash', 'space', 't', 'three', 'two', 'uni239B', 'uni239C', 'uni239D', 'uni239E', 'uni239F', 'uni23A0', 'v', 'w', 'y', 'zero']
2026-09-09 07:42:58,107 [INFO] Glyph IDs:   [0, 1, 2, 3, 10, 11, 12, 14, 15, 16, 17, 18, 19, 20, 21, 22, 23, 24, 25, 26, 27, 28, 39, 42, 48, 49, 51, 54, 68, 70, 71, 72, 74, 76, 78, 79, 80, 81, 82, 83, 85, 86, 87, 89, 90, 92, 115, 3228, 3506, 3507, 3508, 3509, 3510, 3511]
2026-09-09 07:42:58,107 [INFO] Closing glyph list over 'GSUB': 54 glyphs before
2026-09-09 07:42:58,107 [INFO] Glyph names: ['.notdef', '.null', 'D', 'G', 'M', 'N', 'P', 'S', 'a', 'c', 'comma', 'd', 'e', 'eight', 'five', 'four', 'g', 'hyphen', 'i', 'k', 'l', 'm', 'minus', 'n', 'nine', 'nonmarkingreturn', 'o', 'one', 'p', 'parenleft', 'parenright', 'period', 'plus', 'plusminus', 'quotesingle', 'r', 's', 'seven', 'six', 'slash', 'space', 't', 'three', 'two', 'uni239B', 'uni239C', 'uni239D', 'uni239E', 'uni239F', 'uni23A0', 'v', 'w', 'y', 'zero']
2026-09-09 07:42:58,108 [INFO] Glyph IDs:   [0, 1, 2, 3, 10, 11, 12, 14, 15, 16, 17, 18, 19, 20, 21, 22, 23, 24, 25, 26, 27, 28, 39, 42, 48, 49, 51, 54, 68, 70, 71, 72, 74, 76, 78, 79, 80, 81, 82, 83, 85, 86, 87, 89, 90, 92, 115, 3228, 3506, 3507, 3508, 3509, 3510, 3511]
2026-09-09 07:42:58,111 [INFO] Closed glyph list over 'GSUB': 54 glyphs after
2026-09-09 07:42:58,111 [INFO] Glyph names: ['.notdef', '.null', 'D', 'G', 'M', 'N', 'P', 'S', 'a', 'c', 'comma', 'd', 'e', 'eight', 'five', 'four', 'g', 'hyphen', 'i', 'k', 'l', 'm', 'minus', 'n', 'nine', 'nonmarkingreturn', 'o', 'one', 'p', 'parenleft', 'parenright', 'period', 'plus', 'plusminus', 'quotesingle', 'r', 's', 'seven', 'six', 'slash', 'space', 't', 'three', 'two', 'uni239B', 'uni239C', 'uni239D', 'uni239E', 'uni239F', 'uni23A0', 'v', 'w', 'y', 'zero']
2026-09-09 07:42:58,111 [INFO] Glyph IDs:   [0, 1, 2, 3, 10, 11, 12, 14, 15, 16, 17, 18, 19, 20, 21, 22, 23, 24, 25, 26, 27, 28, 39, 42, 48, 49, 51, 54, 68, 70, 71, 72, 74, 76, 78, 79, 80, 81, 82, 83, 85, 86, 87, 89, 90, 92, 115, 3228, 3506, 3507, 3508, 3509, 3510, 3511]
2026-09-09 07:42:58,111 [INFO] Closing glyph list over 'glyf': 54 glyphs before
2026-09-09 07:42:58,111 [INFO] Glyph names: ['.notdef', '.null', 'D', 'G', 'M', 'N', 'P', 'S', 'a', 'c', 'comma', 'd', 'e', 'eight', 'five', 'four', 'g', 'hyphen', 'i', 'k', 'l', 'm', 'minus', 'n', 'nine', 'nonmarkingreturn', 'o', 'one', 'p', 'parenleft', 'parenright', 'period', 'plus', 'plusminus', 'quotesingle', 'r', 's', 'seven', 'six', 'slash', 'space', 't', 'three', 'two', 'uni239B', 'uni239C', 'uni239D', 'uni239E', 'uni239F', 'uni23A0', 'v', 'w', 'y', 'zero']
2026-09-09 07:42:58,111 [INFO] Glyph IDs:   [0, 1, 2, 3, 10, 11, 12, 14, 15, 16, 17, 18, 19, 20, 21, 22, 23, 24, 25, 26, 27, 28, 39, 42, 48, 49, 51, 54, 68, 70, 71, 72, 74, 76, 78, 79, 80, 81, 82, 83, 85, 86, 87, 89, 90, 92, 115, 3228, 3506, 3507, 3508, 3509, 3510, 3511]
2026-09-09 07:42:58,112 [INFO] Closed glyph list over 'glyf': 54 glyphs after
2026-09-09 07:42:58,112 [INFO] Glyph names: ['.notdef', '.null', 'D', 'G', 'M', 'N', 'P', 'S', 'a', 'c', 'comma', 'd', 'e', 'eight', 'five', 'four', 'g', 'hyphen', 'i', 'k', 'l', 'm', 'minus', 'n', 'nine', 'nonmarkingreturn', 'o', 'one', 'p', 'parenleft', 'parenright', 'period', 'plus', 'plusminus', 'quotesingle', 'r', 's', 'seven', 'six', 'slash', 'space', 't', 'three', 'two', 'uni239B', 'uni239C', 'uni239D', 'uni239E', 'uni239F', 'uni23A0', 'v', 'w', 'y', 'zero']
2026-09-09 07:42:58,112 [INFO] Glyph IDs:   [0, 1, 2, 3, 10, 11, 12, 14, 15, 16, 17, 18, 19, 20, 21, 22, 23, 24, 25, 26, 27, 28, 39, 42, 48, 49, 51, 54, 68, 70, 71, 72, 74, 76, 78, 79, 80, 81, 82, 83, 85, 86, 87, 89, 90, 92, 115, 3228, 3506, 3507, 3508, 3509, 3510, 3511]
2026-09-09 07:42:58,112 [INFO] Retaining 54 glyphs
2026-09-09 07:42:58,112 [INFO] head subsetting not needed
2026-09-09 07:42:58,113 [INFO] hhea subsetting not needed
2026-09-09 07:42:58,113 [INFO] maxp subsetting not needed
2026-09-09 07:42:58,113 [INFO] OS/2 subsetting not needed
2026-09-09 07:42:58,116 [INFO] hmtx subsetted
2026-09-09 07:42:58,119 [INFO] cmap subsetted
2026-09-09 07:42:58,119 [INFO] fpgm subsetting not needed
2026-09-09 07:42:58,120 [INFO] prep subsetting not needed
2026-09-09 07:42:58,120 [INFO] cvt  subsetting not needed
2026-09-09 07:42:58,120 [INFO] loca subsetting not needed
2026-09-09 07:42:58,120 [INFO] post subsetted
2026-09-09 07:42:58,120 [INFO] gasp subsetting not needed
2026-09-09 07:42:58,120 [INFO] MATH subsetted
2026-09-09 07:42:58,122 [INFO] GDEF subsetted
2026-09-09 07:42:58,148 [INFO] GPOS subsetted
2026-09-09 07:42:58,150 [INFO] GSUB subsetted
2026-09-09 07:42:58,150 [INFO] name subsetting not needed
2026-09-09 07:42:58,151 [INFO] glyf subsetted
2026-09-09 07:42:58,152 [INFO] head pruned
2026-09-09 07:42:58,152 [INFO] OS/2 Unicode ranges pruned: [0, 1, 38]
2026-09-09 07:42:58,152 [INFO] OS/2 CodePage ranges pruned: [0]
2026-09-09 07:42:58,153 [INFO] glyf pruned
2026-09-09 07:42:58,153 [INFO] GDEF pruned
2026-09-09 07:42:58,153 [INFO] GPOS pruned
2026-09-09 07:42:58,153 [INFO] GSUB pruned
2026-09-09 07:42:58,164 [INFO] name pruned
2026-09-09 07:43:01,025 [INFO] maxp pruned
2026-09-09 07:43:01,037 [INFO] cmap pruned
2026-09-09 07:43:01,037 [INFO] kern dropped
2026-09-09 07:43:01,037 [INFO] post pruned
2026-09-09 07:43:01,037 [INFO] FFTM dropped
2026-09-09 07:43:01,039 [INFO] GPOS pruned
2026-09-09 07:43:01,042 [INFO] GSUB pruned
2026-09-09 07:43:01,048 [INFO] glyf pruned
2026-09-09 07:43:01,049 [INFO] Added gid0 to subset
2026-09-09 07:43:01,049 [INFO] Added first four glyphs to subset
2026-09-09 07:43:01,049 [INFO] Closing glyph list over 'GSUB': 60 glyphs before
2026-09-09 07:43:01,049 [INFO] Glyph names: ['.notdef', '.null', 'C', 'F', 'K', 'M', 'P', 'R', 'S', 'T', 'U', 'V', 'W', 'Y', 'Z', 'a', 'ampersand', 'asterisk', 'b', 'c', 'colon', 'comma', 'd', 'e', 'eight', 'equal', 'f', 'five', 'four', 'g', 'hyphen', 'i', 'l', 'm', 'n', 'nine', 'nonmarkingreturn', 'o', 'one', 'p', 'parenleft', 'parenright', 'period', 'plus', 'quotesingle', 'r', 's', 'seven', 'six', 'slash', 'space', 't', 'three', 'two', 'u', 'v', 'w', 'y', 'z', 'zero']
2026-09-09 07:43:01,050 [INFO] Glyph IDs:   [0, 1, 2, 3, 9, 10, 11, 12, 13, 14, 15, 16, 17, 18, 19, 20, 21, 22, 23, 24, 25, 26, 27, 28, 29, 32, 38, 41, 46, 48, 51, 53, 54, 55, 56, 57, 58, 60, 61, 68, 69, 70, 71, 72, 73, 74, 76, 79, 80, 81, 82, 83, 85, 86, 87, 88, 89, 90, 92, 93]
2026-09-09 07:43:01,056 [INFO] Closed glyph list over 'GSUB': 65 glyphs after
2026-09-09 07:43:01,056 [INFO] Glyph names: ['.notdef', '.null', 'C', 'F', 'K', 'M', 'P', 'R', 'S', 'T', 'U', 'V', 'W', 'Y', 'Z', 'a', 'ampersand', 'asterisk', 'b', 'c', 'colon', 'comma', 'd', 'e', 'eight', 'equal', 'f', 'fi', 'five', 'fl', 'four', 'g', 'hyphen', 'i', 'l', 'm', 'n', 'nine', 'nonmarkingreturn', 'o', 'one', 'p', 'parenleft', 'parenright', 'period', 'plus', 'quotesingle', 'r', 's', 'seven', 'six', 'slash', 'space', 't', 'three', 'two', 'u', 'uniFB00', 'uniFB03', 'uniFB04', 'v', 'w', 'y', 'z', 'zero']
2026-09-09 07:43:01,056 [INFO] Glyph IDs:   [0, 1, 2, 3, 9, 10, 11, 12, 13, 14, 15, 16, 17, 18, 19, 20, 21, 22, 23, 24, 25, 26, 27, 28, 29, 32, 38, 41, 46, 48, 51, 53, 54, 55, 56, 57, 58, 60, 61, 68, 69, 70, 71, 72, 73, 74, 76, 79, 80, 81, 82, 83, 85, 86, 87, 88, 89, 90, 92, 93, 5034, 5035, 5036, 5037, 5038]
2026-09-09 07:43:01,056 [INFO] Closing glyph list over 'glyf': 65 glyphs before
2026-09-09 07:43:01,056 [INFO] Glyph names: ['.notdef', '.null', 'C', 'F', 'K', 'M', 'P', 'R', 'S', 'T', 'U', 'V', 'W', 'Y', 'Z', 'a', 'ampersand', 'asterisk', 'b', 'c', 'colon', 'comma', 'd', 'e', 'eight', 'equal', 'f', 'fi', 'five', 'fl', 'four', 'g', 'hyphen', 'i', 'l', 'm', 'n', 'nine', 'nonmarkingreturn', 'o', 'one', 'p', 'parenleft', 'parenright', 'period', 'plus', 'quotesingle', 'r', 's', 'seven', 'six', 'slash', 'space', 't', 'three', 'two', 'u', 'uniFB00', 'uniFB03', 'uniFB04', 'v', 'w', 'y', 'z', 'zero']
2026-09-09 07:43:01,057 [INFO] Glyph IDs:   [0, 1, 2, 3, 9, 10, 11, 12, 13, 14, 15, 16, 17, 18, 19, 20, 21, 22, 23, 24, 25, 26, 27, 28, 29, 32, 38, 41, 46, 48, 51, 53, 54, 55, 56, 57, 58, 60, 61, 68, 69, 70, 71, 72, 73, 74, 76, 79, 80, 81, 82, 83, 85, 86, 87, 88, 89, 90, 92, 93, 5034, 5035, 5036, 5037, 5038]
2026-09-09 07:43:01,057 [INFO] Closed glyph list over 'glyf': 65 glyphs after
2026-09-09 07:43:01,057 [INFO] Glyph names: ['.notdef', '.null', 'C', 'F', 'K', 'M', 'P', 'R', 'S', 'T', 'U', 'V', 'W', 'Y', 'Z', 'a', 'ampersand', 'asterisk', 'b', 'c', 'colon', 'comma', 'd', 'e', 'eight', 'equal', 'f', 'fi', 'five', 'fl', 'four', 'g', 'hyphen', 'i', 'l', 'm', 'n', 'nine', 'nonmarkingreturn', 'o', 'one', 'p', 'parenleft', 'parenright', 'period', 'plus', 'quotesingle', 'r', 's', 'seven', 'six', 'slash', 'space', 't', 'three', 'two', 'u', 'uniFB00', 'uniFB03', 'uniFB04', 'v', 'w', 'y', 'z', 'zero']
2026-09-09 07:43:01,057 [INFO] Glyph IDs:   [0, 1, 2, 3, 9, 10, 11, 12, 13, 14, 15, 16, 17, 18, 19, 20, 21, 22, 23, 24, 25, 26, 27, 28, 29, 32, 38, 41, 46, 48, 51, 53, 54, 55, 56, 57, 58, 60, 61, 68, 69, 70, 71, 72, 73, 74, 76, 79, 80, 81, 82, 83, 85, 86, 87, 88, 89, 90, 92, 93, 5034, 5035, 5036, 5037, 5038]
2026-09-09 07:43:01,057 [INFO] Retaining 65 glyphs
2026-09-09 07:43:01,058 [INFO] head subsetting not needed
2026-09-09 07:43:01,058 [INFO] hhea subsetting not needed
2026-09-09 07:43:01,058 [INFO] maxp subsetting not needed
2026-09-09 07:43:01,058 [INFO] OS/2 subsetting not needed
2026-09-09 07:43:01,061 [INFO] hmtx subsetted
2026-09-09 07:43:01,064 [INFO] cmap subsetted
2026-09-09 07:43:01,064 [INFO] fpgm subsetting not needed
2026-09-09 07:43:01,064 [INFO] prep subsetting not needed
2026-09-09 07:43:01,064 [INFO] cvt  subsetting not needed
2026-09-09 07:43:01,065 [INFO] loca subsetting not needed
2026-09-09 07:43:01,065 [INFO] post subsetted
2026-09-09 07:43:01,065 [INFO] gasp subsetting not needed
2026-09-09 07:43:01,067 [INFO] GDEF subsetted
2026-09-09 07:43:01,094 [INFO] GPOS subsetted
2026-09-09 07:43:01,096 [INFO] GSUB subsetted
2026-09-09 07:43:01,096 [INFO] name subsetting not needed
2026-09-09 07:43:01,097 [INFO] glyf subsetted
2026-09-09 07:43:01,098 [INFO] head pruned
2026-09-09 07:43:01,098 [INFO] OS/2 Unicode ranges pruned: [0]
2026-09-09 07:43:01,098 [INFO] OS/2 CodePage ranges pruned: [0]
2026-09-09 07:43:01,099 [INFO] glyf pruned
2026-09-09 07:43:01,099 [INFO] GDEF pruned
2026-09-09 07:43:01,099 [INFO] GPOS pruned
2026-09-09 07:43:01,099 [INFO] GSUB pruned
2026-09-09 07:43:01,113 [INFO] name pruned
2026-09-09 07:43:01,125 [INFO] maxp pruned
2026-09-09 07:43:01,138 [INFO] cmap pruned
2026-09-09 07:43:01,138 [INFO] kern dropped
2026-09-09 07:43:01,138 [INFO] post pruned
2026-09-09 07:43:01,138 [INFO] FFTM dropped
2026-09-09 07:43:01,140 [INFO] GPOS pruned
2026-09-09 07:43:01,144 [INFO] GSUB pruned
2026-09-09 07:43:01,152 [INFO] glyf pruned
2026-09-09 07:43:01,153 [INFO] Added gid0 to subset
2026-09-09 07:43:01,153 [INFO] Added first four glyphs to subset
2026-09-09 07:43:01,154 [INFO] Closing glyph list over 'MATH': 52 glyphs before
2026-09-09 07:43:01,154 [INFO] Glyph names: ['.notdef', '.null', 'A', 'B', 'D', 'F', 'K', 'M', 'P', 'R', 'S', 'T', 'U', 'W', 'Y', 'a', 'alpha', 'ampersand', 'c', 'd', 'e', 'eight', 'equal', 'five', 'four', 'g', 'hyphen', 'i', 'l', 'minus', 'n', 'nine', 'nonmarkingreturn', 'o', 'one', 'p', 'parenleft', 'parenright', 'period', 'r', 's', 'seven', 'six', 'space', 't', 'three', 'two', 'u', 'v', 'w', 'y', 'zero']
2026-09-09 07:43:01,155 [INFO] Glyph IDs:   [0, 1, 2, 3, 9, 11, 12, 16, 17, 19, 20, 21, 22, 23, 24, 25, 26, 27, 28, 32, 36, 37, 39, 41, 46, 48, 51, 53, 54, 55, 56, 58, 60, 68, 70, 71, 72, 74, 76, 79, 81, 82, 83, 85, 86, 87, 88, 89, 90, 92, 837, 3228]
2026-09-09 07:43:01,155 [INFO] Closed glyph list over 'MATH': 58 glyphs after
2026-09-09 07:43:01,156 [INFO] Glyph names: ['.notdef', '.null', 'A', 'B', 'D', 'F', 'K', 'M', 'P', 'R', 'S', 'T', 'U', 'W', 'Y', 'a', 'alpha', 'ampersand', 'c', 'd', 'e', 'eight', 'equal', 'five', 'four', 'g', 'hyphen', 'i', 'l', 'minus', 'n', 'nine', 'nonmarkingreturn', 'o', 'one', 'p', 'parenleft', 'parenright', 'period', 'r', 's', 'seven', 'six', 'space', 't', 'three', 'two', 'u', 'uni239B', 'uni239C', 'uni239D', 'uni239E', 'uni239F', 'uni23A0', 'v', 'w', 'y', 'zero']
2026-09-09 07:43:01,156 [INFO] Glyph IDs:   [0, 1, 2, 3, 9, 11, 12, 16, 17, 19, 20, 21, 22, 23, 24, 25, 26, 27, 28, 32, 36, 37, 39, 41, 46, 48, 51, 53, 54, 55, 56, 58, 60, 68, 70, 71, 72, 74, 76, 79, 81, 82, 83, 85, 86, 87, 88, 89, 90, 92, 837, 3228, 3506, 3507, 3508, 3509, 3510, 3511]
2026-09-09 07:43:01,156 [INFO] Closing glyph list over 'GSUB': 58 glyphs before
2026-09-09 07:43:01,156 [INFO] Glyph names: ['.notdef', '.null', 'A', 'B', 'D', 'F', 'K', 'M', 'P', 'R', 'S', 'T', 'U', 'W', 'Y', 'a', 'alpha', 'ampersand', 'c', 'd', 'e', 'eight', 'equal', 'five', 'four', 'g', 'hyphen', 'i', 'l', 'minus', 'n', 'nine', 'nonmarkingreturn', 'o', 'one', 'p', 'parenleft', 'parenright', 'period', 'r', 's', 'seven', 'six', 'space', 't', 'three', 'two', 'u', 'uni239B', 'uni239C', 'uni239D', 'uni239E', 'uni239F', 'uni23A0', 'v', 'w', 'y', 'zero']
2026-09-09 07:43:01,156 [INFO] Glyph IDs:   [0, 1, 2, 3, 9, 11, 12, 16, 17, 19, 20, 21, 22, 23, 24, 25, 26, 27, 28, 32, 36, 37, 39, 41, 46, 48, 51, 53, 54, 55, 56, 58, 60, 68, 70, 71, 72, 74, 76, 79, 81, 82, 83, 85, 86, 87, 88, 89, 90, 92, 837, 3228, 3506, 3507, 3508, 3509, 3510, 3511]
2026-09-09 07:43:01,161 [INFO] Closed glyph list over 'GSUB': 58 glyphs after
2026-09-09 07:43:01,161 [INFO] Glyph names: ['.notdef', '.null', 'A', 'B', 'D', 'F', 'K', 'M', 'P', 'R', 'S', 'T', 'U', 'W', 'Y', 'a', 'alpha', 'ampersand', 'c', 'd', 'e', 'eight', 'equal', 'five', 'four', 'g', 'hyphen', 'i', 'l', 'minus', 'n', 'nine', 'nonmarkingreturn', 'o', 'one', 'p', 'parenleft', 'parenright', 'period', 'r', 's', 'seven', 'six', 'space', 't', 'three', 'two', 'u', 'uni239B', 'uni239C', 'uni239D', 'uni239E', 'uni239F', 'uni23A0', 'v', 'w', 'y', 'zero']
2026-09-09 07:43:01,161 [INFO] Glyph IDs:   [0, 1, 2, 3, 9, 11, 12, 16, 17, 19, 20, 21, 22, 23, 24, 25, 26, 27, 28, 32, 36, 37, 39, 41, 46, 48, 51, 53, 54, 55, 56, 58, 60, 68, 70, 71, 72, 74, 76, 79, 81, 82, 83, 85, 86, 87, 88, 89, 90, 92, 837, 3228, 3506, 3507, 3508, 3509, 3510, 3511]
2026-09-09 07:43:01,161 [INFO] Closing glyph list over 'glyf': 58 glyphs before
2026-09-09 07:43:01,161 [INFO] Glyph names: ['.notdef', '.null', 'A', 'B', 'D', 'F', 'K', 'M', 'P', 'R', 'S', 'T', 'U', 'W', 'Y', 'a', 'alpha', 'ampersand', 'c', 'd', 'e', 'eight', 'equal', 'five', 'four', 'g', 'hyphen', 'i', 'l', 'minus', 'n', 'nine', 'nonmarkingreturn', 'o', 'one', 'p', 'parenleft', 'parenright', 'period', 'r', 's', 'seven', 'six', 'space', 't', 'three', 'two', 'u', 'uni239B', 'uni239C', 'uni239D', 'uni239E', 'uni239F', 'uni23A0', 'v', 'w', 'y', 'zero']
2026-09-09 07:43:01,161 [INFO] Glyph IDs:   [0, 1, 2, 3, 9, 11, 12, 16, 17, 19, 20, 21, 22, 23, 24, 25, 26, 27, 28, 32, 36, 37, 39, 41, 46, 48, 51, 53, 54, 55, 56, 58, 60, 68, 70, 71, 72, 74, 76, 79, 81, 82, 83, 85, 86, 87, 88, 89, 90, 92, 837, 3228, 3506, 3507, 3508, 3509, 3510, 3511]
2026-09-09 07:43:01,162 [INFO] Closed glyph list over 'glyf': 58 glyphs after
2026-09-09 07:43:01,162 [INFO] Glyph names: ['.notdef', '.null', 'A', 'B', 'D', 'F', 'K', 'M', 'P', 'R', 'S', 'T', 'U', 'W', 'Y', 'a', 'alpha', 'ampersand', 'c', 'd', 'e', 'eight', 'equal', 'five', 'four', 'g', 'hyphen', 'i', 'l', 'minus', 'n', 'nine', 'nonmarkingreturn', 'o', 'one', 'p', 'parenleft', 'parenright', 'period', 'r', 's', 'seven', 'six', 'space', 't', 'three', 'two', 'u', 'uni239B', 'uni239C', 'uni239D', 'uni239E', 'uni239F', 'uni23A0', 'v', 'w', 'y', 'zero']
2026-09-09 07:43:01,162 [INFO] Glyph IDs:   [0, 1, 2, 3, 9, 11, 12, 16, 17, 19, 20, 21, 22, 23, 24, 25, 26, 27, 28, 32, 36, 37, 39, 41, 46, 48, 51, 53, 54, 55, 56, 58, 60, 68, 70, 71, 72, 74, 76, 79, 81, 82, 83, 85, 86, 87, 88, 89, 90, 92, 837, 3228, 3506, 3507, 3508, 3509, 3510, 3511]
2026-09-09 07:43:01,162 [INFO] Retaining 58 glyphs
2026-09-09 07:43:01,163 [INFO] head subsetting not needed
2026-09-09 07:43:01,163 [INFO] hhea subsetting not needed
2026-09-09 07:43:01,163 [INFO] maxp subsetting not needed
2026-09-09 07:43:01,163 [INFO] OS/2 subsetting not needed
2026-09-09 07:43:01,165 [INFO] hmtx subsetted
2026-09-09 07:43:01,168 [INFO] cmap subsetted
2026-09-09 07:43:01,168 [INFO] fpgm subsetting not needed
2026-09-09 07:43:01,168 [INFO] prep subsetting not needed
2026-09-09 07:43:01,168 [INFO] cvt  subsetting not needed
2026-09-09 07:43:01,168 [INFO] loca subsetting not needed
2026-09-09 07:43:01,168 [INFO] post subsetted
2026-09-09 07:43:01,168 [INFO] gasp subsetting not needed
2026-09-09 07:43:01,169 [INFO] MATH subsetted
2026-09-09 07:43:01,172 [INFO] GDEF subsetted
2026-09-09 07:43:01,202 [INFO] GPOS subsetted
2026-09-09 07:43:01,204 [INFO] GSUB subsetted
2026-09-09 07:43:01,204 [INFO] name subsetting not needed
2026-09-09 07:43:01,205 [INFO] glyf subsetted
2026-09-09 07:43:01,206 [INFO] head pruned
2026-09-09 07:43:01,206 [INFO] OS/2 Unicode ranges pruned: [0, 7, 38]
2026-09-09 07:43:01,206 [INFO] OS/2 CodePage ranges pruned: [0]
2026-09-09 07:43:01,207 [INFO] glyf pruned
2026-09-09 07:43:01,207 [INFO] GDEF pruned
2026-09-09 07:43:01,207 [INFO] GPOS pruned
2026-09-09 07:43:01,207 [INFO] GSUB pruned
2026-09-09 07:43:01,225 [INFO] name pruned
2026-09-09 07:43:01,237 [INFO] maxp pruned
2026-09-09 07:43:01,248 [INFO] cmap pruned
2026-09-09 07:43:01,248 [INFO] kern dropped
2026-09-09 07:43:01,248 [INFO] post pruned
2026-09-09 07:43:01,248 [INFO] FFTM dropped
2026-09-09 07:43:01,252 [INFO] GPOS pruned
2026-09-09 07:43:01,257 [INFO] GSUB pruned
2026-09-09 07:43:01,261 [INFO] glyf pruned
2026-09-09 07:43:01,263 [INFO] Added gid0 to subset
2026-09-09 07:43:01,263 [INFO] Added first four glyphs to subset
2026-09-09 07:43:01,263 [INFO] Closing glyph list over 'MATH': 5 glyphs before
2026-09-09 07:43:01,263 [INFO] Glyph names: ['.notdef', '.null', 'fi', 'nonmarkingreturn', 'space']
2026-09-09 07:43:01,265 [INFO] Glyph IDs:   [0, 1, 2, 3, 5039]
2026-09-09 07:43:01,265 [INFO] Closed glyph list over 'MATH': 5 glyphs after
2026-09-09 07:43:01,266 [INFO] Glyph names: ['.notdef', '.null', 'fi', 'nonmarkingreturn', 'space']
2026-09-09 07:43:01,266 [INFO] Glyph IDs:   [0, 1, 2, 3, 5039]
2026-09-09 07:43:01,266 [INFO] Closing glyph list over 'GSUB': 5 glyphs before
2026-09-09 07:43:01,266 [INFO] Glyph names: ['.notdef', '.null', 'fi', 'nonmarkingreturn', 'space']
2026-09-09 07:43:01,266 [INFO] Glyph IDs:   [0, 1, 2, 3, 5039]
2026-09-09 07:43:01,268 [INFO] Closed glyph list over 'GSUB': 5 glyphs after
2026-09-09 07:43:01,268 [INFO] Glyph names: ['.notdef', '.null', 'fi', 'nonmarkingreturn', 'space']
2026-09-09 07:43:01,268 [INFO] Glyph IDs:   [0, 1, 2, 3, 5039]
2026-09-09 07:43:01,268 [INFO] Closing glyph list over 'glyf': 5 glyphs before
2026-09-09 07:43:01,268 [INFO] Glyph names: ['.notdef', '.null', 'fi', 'nonmarkingreturn', 'space']
2026-09-09 07:43:01,268 [INFO] Glyph IDs:   [0, 1, 2, 3, 5039]
2026-09-09 07:43:01,268 [INFO] Closed glyph list over 'glyf': 5 glyphs after
2026-09-09 07:43:01,268 [INFO] Glyph names: ['.notdef', '.null', 'fi', 'nonmarkingreturn', 'space']
2026-09-09 07:43:01,268 [INFO] Glyph IDs:   [0, 1, 2, 3, 5039]
2026-09-09 07:43:01,269 [INFO] Retaining 5 glyphs
2026-09-09 07:43:01,269 [INFO] head subsetting not needed
2026-09-09 07:43:01,269 [INFO] hhea subsetting not needed
2026-09-09 07:43:01,269 [INFO] maxp subsetting not needed
2026-09-09 07:43:01,269 [INFO] OS/2 subsetting not needed
2026-09-09 07:43:01,272 [INFO] hmtx subsetted
2026-09-09 07:43:01,274 [INFO] cmap subsetted
2026-09-09 07:43:01,274 [INFO] fpgm subsetting not needed
2026-09-09 07:43:01,274 [INFO] prep subsetting not needed
2026-09-09 07:43:01,274 [INFO] cvt  subsetting not needed
2026-09-09 07:43:01,274 [INFO] loca subsetting not needed
2026-09-09 07:43:01,274 [INFO] post subsetted
2026-09-09 07:43:01,274 [INFO] gasp subsetting not needed
2026-09-09 07:43:01,275 [INFO] MATH subsetted
2026-09-09 07:43:01,279 [INFO] GDEF subsetted
2026-09-09 07:43:01,301 [INFO] GPOS subsetted
2026-09-09 07:43:01,302 [INFO] GSUB subsetted
2026-09-09 07:43:01,302 [INFO] name subsetting not needed
2026-09-09 07:43:01,305 [INFO] glyf subsetted
2026-09-09 07:43:01,305 [INFO] head pruned
2026-09-09 07:43:01,306 [INFO] OS/2 Unicode ranges pruned: [62]
2026-09-09 07:43:01,306 [INFO] OS/2 CodePage ranges pruned: [0]
2026-09-09 07:43:01,306 [INFO] glyf pruned
2026-09-09 07:43:01,306 [INFO] GDEF pruned
2026-09-09 07:43:01,306 [INFO] GPOS pruned
2026-09-09 07:43:01,307 [INFO] GSUB pruned
2026-09-09 07:43:01,308 [INFO] name pruned
2026-09-09 07:43:03,448 [INFO] maxp pruned
2026-09-09 07:43:03,460 [INFO] cmap pruned
2026-09-09 07:43:03,460 [INFO] kern dropped
2026-09-09 07:43:03,460 [INFO] post pruned
2026-09-09 07:43:03,460 [INFO] FFTM dropped
2026-09-09 07:43:03,462 [INFO] GPOS pruned
2026-09-09 07:43:03,466 [INFO] GSUB pruned
2026-09-09 07:43:03,471 [INFO] glyf pruned
2026-09-09 07:43:03,472 [INFO] Added gid0 to subset
2026-09-09 07:43:03,472 [INFO] Added first four glyphs to subset
2026-09-09 07:43:03,472 [INFO] Closing glyph list over 'GSUB': 60 glyphs before
2026-09-09 07:43:03,472 [INFO] Glyph names: ['.notdef', '.null', 'C', 'F', 'K', 'M', 'P', 'R', 'S', 'T', 'U', 'V', 'W', 'Y', 'Z', 'a', 'ampersand', 'asterisk', 'b', 'c', 'colon', 'comma', 'd', 'e', 'eight', 'equal', 'f', 'five', 'four', 'g', 'hyphen', 'i', 'l', 'm', 'n', 'nine', 'nonmarkingreturn', 'o', 'one', 'p', 'parenleft', 'parenright', 'period', 'plus', 'quotesingle', 'r', 's', 'seven', 'six', 'slash', 'space', 't', 'three', 'two', 'u', 'v', 'w', 'y', 'z', 'zero']
2026-09-09 07:43:03,473 [INFO] Glyph IDs:   [0, 1, 2, 3, 9, 10, 11, 12, 13, 14, 15, 16, 17, 18, 19, 20, 21, 22, 23, 24, 25, 26, 27, 28, 29, 32, 38, 41, 46, 48, 51, 53, 54, 55, 56, 57, 58, 60, 61, 68, 69, 70, 71, 72, 73, 74, 76, 79, 80, 81, 82, 83, 85, 86, 87, 88, 89, 90, 92, 93]
2026-09-09 07:43:03,477 [INFO] Closed glyph list over 'GSUB': 65 glyphs after
2026-09-09 07:43:03,477 [INFO] Glyph names: ['.notdef', '.null', 'C', 'F', 'K', 'M', 'P', 'R', 'S', 'T', 'U', 'V', 'W', 'Y', 'Z', 'a', 'ampersand', 'asterisk', 'b', 'c', 'colon', 'comma', 'd', 'e', 'eight', 'equal', 'f', 'fi', 'five', 'fl', 'four', 'g', 'hyphen', 'i', 'l', 'm', 'n', 'nine', 'nonmarkingreturn', 'o', 'one', 'p', 'parenleft', 'parenright', 'period', 'plus', 'quotesingle', 'r', 's', 'seven', 'six', 'slash', 'space', 't', 'three', 'two', 'u', 'uniFB00', 'uniFB03', 'uniFB04', 'v', 'w', 'y', 'z', 'zero']
2026-09-09 07:43:03,477 [INFO] Glyph IDs:   [0, 1, 2, 3, 9, 10, 11, 12, 13, 14, 15, 16, 17, 18, 19, 20, 21, 22, 23, 24, 25, 26, 27, 28, 29, 32, 38, 41, 46, 48, 51, 53, 54, 55, 56, 57, 58, 60, 61, 68, 69, 70, 71, 72, 73, 74, 76, 79, 80, 81, 82, 83, 85, 86, 87, 88, 89, 90, 92, 93, 5034, 5035, 5036, 5037, 5038]
2026-09-09 07:43:03,477 [INFO] Closing glyph list over 'glyf': 65 glyphs before
2026-09-09 07:43:03,477 [INFO] Glyph names: ['.notdef', '.null', 'C', 'F', 'K', 'M', 'P', 'R', 'S', 'T', 'U', 'V', 'W', 'Y', 'Z', 'a', 'ampersand', 'asterisk', 'b', 'c', 'colon', 'comma', 'd', 'e', 'eight', 'equal', 'f', 'fi', 'five', 'fl', 'four', 'g', 'hyphen', 'i', 'l', 'm', 'n', 'nine', 'nonmarkingreturn', 'o', 'one', 'p', 'parenleft', 'parenright', 'period', 'plus', 'quotesingle', 'r', 's', 'seven', 'six', 'slash', 'space', 't', 'three', 'two', 'u', 'uniFB00', 'uniFB03', 'uniFB04', 'v', 'w', 'y', 'z', 'zero']
2026-09-09 07:43:03,477 [INFO] Glyph IDs:   [0, 1, 2, 3, 9, 10, 11, 12, 13, 14, 15, 16, 17, 18, 19, 20, 21, 22, 23, 24, 25, 26, 27, 28, 29, 32, 38, 41, 46, 48, 51, 53, 54, 55, 56, 57, 58, 60, 61, 68, 69, 70, 71, 72, 73, 74, 76, 79, 80, 81, 82, 83, 85, 86, 87, 88, 89, 90, 92, 93, 5034, 5035, 5036, 5037, 5038]
2026-09-09 07:43:03,478 [INFO] Closed glyph list over 'glyf': 65 glyphs after
2026-09-09 07:43:03,478 [INFO] Glyph names: ['.notdef', '.null', 'C', 'F', 'K', 'M', 'P', 'R', 'S', 'T', 'U', 'V', 'W', 'Y', 'Z', 'a', 'ampersand', 'asterisk', 'b', 'c', 'colon', 'comma', 'd', 'e', 'eight', 'equal', 'f', 'fi', 'five', 'fl', 'four', 'g', 'hyphen', 'i', 'l', 'm', 'n', 'nine', 'nonmarkingreturn', 'o', 'one', 'p', 'parenleft', 'parenright', 'period', 'plus', 'quotesingle', 'r', 's', 'seven', 'six', 'slash', 'space', 't', 'three', 'two', 'u', 'uniFB00', 'uniFB03', 'uniFB04', 'v', 'w', 'y', 'z', 'zero']
2026-09-09 07:43:03,479 [INFO] Glyph IDs:   [0, 1, 2, 3, 9, 10, 11, 12, 13, 14, 15, 16, 17, 18, 19, 20, 21, 22, 23, 24, 25, 26, 27, 28, 29, 32, 38, 41, 46, 48, 51, 53, 54, 55, 56, 57, 58, 60, 61, 68, 69, 70, 71, 72, 73, 74, 76, 79, 80, 81, 82, 83, 85, 86, 87, 88, 89, 90, 92, 93, 5034, 5035, 5036, 5037, 5038]
2026-09-09 07:43:03,479 [INFO] Retaining 65 glyphs
2026-09-09 07:43:03,480 [INFO] head subsetting not needed
2026-09-09 07:43:03,480 [INFO] hhea subsetting not needed
2026-09-09 07:43:03,480 [INFO] maxp subsetting not needed
2026-09-09 07:43:03,480 [INFO] OS/2 subsetting not needed
2026-09-09 07:43:03,484 [INFO] hmtx subsetted
2026-09-09 07:43:03,486 [INFO] cmap subsetted
2026-09-09 07:43:03,486 [INFO] fpgm subsetting not needed
2026-09-09 07:43:03,486 [INFO] prep subsetting not needed
2026-09-09 07:43:03,486 [INFO] cvt  subsetting not needed
2026-09-09 07:43:03,486 [INFO] loca subsetting not needed
2026-09-09 07:43:03,486 [INFO] post subsetted
2026-09-09 07:43:03,487 [INFO] gasp subsetting not needed
2026-09-09 07:43:03,488 [INFO] GDEF subsetted
2026-09-09 07:43:03,515 [INFO] GPOS subsetted
2026-09-09 07:43:03,517 [INFO] GSUB subsetted
2026-09-09 07:43:03,517 [INFO] name subsetting not needed
2026-09-09 07:43:03,520 [INFO] glyf subsetted
2026-09-09 07:43:03,520 [INFO] head pruned
2026-09-09 07:43:03,521 [INFO] OS/2 Unicode ranges pruned: [0]
2026-09-09 07:43:03,521 [INFO] OS/2 CodePage ranges pruned: [0]
2026-09-09 07:43:03,522 [INFO] glyf pruned
2026-09-09 07:43:03,522 [INFO] GDEF pruned
2026-09-09 07:43:03,522 [INFO] GPOS pruned
2026-09-09 07:43:03,523 [INFO] GSUB pruned
2026-09-09 07:43:03,537 [INFO] name pruned
2026-09-09 07:43:03,548 [INFO] maxp pruned
2026-09-09 07:43:03,561 [INFO] cmap pruned
2026-09-09 07:43:03,561 [INFO] kern dropped
2026-09-09 07:43:03,561 [INFO] post pruned
2026-09-09 07:43:03,561 [INFO] FFTM dropped
2026-09-09 07:43:03,563 [INFO] GPOS pruned
2026-09-09 07:43:03,566 [INFO] GSUB pruned
2026-09-09 07:43:03,571 [INFO] glyf pruned
2026-09-09 07:43:03,573 [INFO] Added gid0 to subset
2026-09-09 07:43:03,573 [INFO] Added first four glyphs to subset
2026-09-09 07:43:03,573 [INFO] Closing glyph list over 'MATH': 52 glyphs before
2026-09-09 07:43:03,574 [INFO] Glyph names: ['.notdef', '.null', 'A', 'B', 'D', 'F', 'K', 'M', 'P', 'R', 'S', 'T', 'U', 'W', 'Y', 'a', 'alpha', 'ampersand', 'c', 'd', 'e', 'eight', 'equal', 'five', 'four', 'g', 'hyphen', 'i', 'l', 'minus', 'n', 'nine', 'nonmarkingreturn', 'o', 'one', 'p', 'parenleft', 'parenright', 'period', 'r', 's', 'seven', 'six', 'space', 't', 'three', 'two', 'u', 'v', 'w', 'y', 'zero']
2026-09-09 07:43:03,574 [INFO] Glyph IDs:   [0, 1, 2, 3, 9, 11, 12, 16, 17, 19, 20, 21, 22, 23, 24, 25, 26, 27, 28, 32, 36, 37, 39, 41, 46, 48, 51, 53, 54, 55, 56, 58, 60, 68, 70, 71, 72, 74, 76, 79, 81, 82, 83, 85, 86, 87, 88, 89, 90, 92, 837, 3228]
2026-09-09 07:43:03,575 [INFO] Closed glyph list over 'MATH': 58 glyphs after
2026-09-09 07:43:03,575 [INFO] Glyph names: ['.notdef', '.null', 'A', 'B', 'D', 'F', 'K', 'M', 'P', 'R', 'S', 'T', 'U', 'W', 'Y', 'a', 'alpha', 'ampersand', 'c', 'd', 'e', 'eight', 'equal', 'five', 'four', 'g', 'hyphen', 'i', 'l', 'minus', 'n', 'nine', 'nonmarkingreturn', 'o', 'one', 'p', 'parenleft', 'parenright', 'period', 'r', 's', 'seven', 'six', 'space', 't', 'three', 'two', 'u', 'uni239B', 'uni239C', 'uni239D', 'uni239E', 'uni239F', 'uni23A0', 'v', 'w', 'y', 'zero']
2026-09-09 07:43:03,575 [INFO] Glyph IDs:   [0, 1, 2, 3, 9, 11, 12, 16, 17, 19, 20, 21, 22, 23, 24, 25, 26, 27, 28, 32, 36, 37, 39, 41, 46, 48, 51, 53, 54, 55, 56, 58, 60, 68, 70, 71, 72, 74, 76, 79, 81, 82, 83, 85, 86, 87, 88, 89, 90, 92, 837, 3228, 3506, 3507, 3508, 3509, 3510, 3511]
2026-09-09 07:43:03,575 [INFO] Closing glyph list over 'GSUB': 58 glyphs before
2026-09-09 07:43:03,575 [INFO] Glyph names: ['.notdef', '.null', 'A', 'B', 'D', 'F', 'K', 'M', 'P', 'R', 'S', 'T', 'U', 'W', 'Y', 'a', 'alpha', 'ampersand', 'c', 'd', 'e', 'eight', 'equal', 'five', 'four', 'g', 'hyphen', 'i', 'l', 'minus', 'n', 'nine', 'nonmarkingreturn', 'o', 'one', 'p', 'parenleft', 'parenright', 'period', 'r', 's', 'seven', 'six', 'space', 't', 'three', 'two', 'u', 'uni239B', 'uni239C', 'uni239D', 'uni239E', 'uni239F', 'uni23A0', 'v', 'w', 'y', 'zero']
2026-09-09 07:43:03,576 [INFO] Glyph IDs:   [0, 1, 2, 3, 9, 11, 12, 16, 17, 19, 20, 21, 22, 23, 24, 25, 26, 27, 28, 32, 36, 37, 39, 41, 46, 48, 51, 53, 54, 55, 56, 58, 60, 68, 70, 71, 72, 74, 76, 79, 81, 82, 83, 85, 86, 87, 88, 89, 90, 92, 837, 3228, 3506, 3507, 3508, 3509, 3510, 3511]
2026-09-09 07:43:03,579 [INFO] Closed glyph list over 'GSUB': 58 glyphs after
2026-09-09 07:43:03,579 [INFO] Glyph names: ['.notdef', '.null', 'A', 'B', 'D', 'F', 'K', 'M', 'P', 'R', 'S', 'T', 'U', 'W', 'Y', 'a', 'alpha', 'ampersand', 'c', 'd', 'e', 'eight', 'equal', 'five', 'four', 'g', 'hyphen', 'i', 'l', 'minus', 'n', 'nine', 'nonmarkingreturn', 'o', 'one', 'p', 'parenleft', 'parenright', 'period', 'r', 's', 'seven', 'six', 'space', 't', 'three', 'two', 'u', 'uni239B', 'uni239C', 'uni239D', 'uni239E', 'uni239F', 'uni23A0', 'v', 'w', 'y', 'zero']
2026-09-09 07:43:03,579 [INFO] Glyph IDs:   [0, 1, 2, 3, 9, 11, 12, 16, 17, 19, 20, 21, 22, 23, 24, 25, 26, 27, 28, 32, 36, 37, 39, 41, 46, 48, 51, 53, 54, 55, 56, 58, 60, 68, 70, 71, 72, 74, 76, 79, 81, 82, 83, 85, 86, 87, 88, 89, 90, 92, 837, 3228, 3506, 3507, 3508, 3509, 3510, 3511]
2026-09-09 07:43:03,579 [INFO] Closing glyph list over 'glyf': 58 glyphs before
2026-09-09 07:43:03,579 [INFO] Glyph names: ['.notdef', '.null', 'A', 'B', 'D', 'F', 'K', 'M', 'P', 'R', 'S', 'T', 'U', 'W', 'Y', 'a', 'alpha', 'ampersand', 'c', 'd', 'e', 'eight', 'equal', 'five', 'four', 'g', 'hyphen', 'i', 'l', 'minus', 'n', 'nine', 'nonmarkingreturn', 'o', 'one', 'p', 'parenleft', 'parenright', 'period', 'r', 's', 'seven', 'six', 'space', 't', 'three', 'two', 'u', 'uni239B', 'uni239C', 'uni239D', 'uni239E', 'uni239F', 'uni23A0', 'v', 'w', 'y', 'zero']
2026-09-09 07:43:03,579 [INFO] Glyph IDs:   [0, 1, 2, 3, 9, 11, 12, 16, 17, 19, 20, 21, 22, 23, 24, 25, 26, 27, 28, 32, 36, 37, 39, 41, 46, 48, 51, 53, 54, 55, 56, 58, 60, 68, 70, 71, 72, 74, 76, 79, 81, 82, 83, 85, 86, 87, 88, 89, 90, 92, 837, 3228, 3506, 3507, 3508, 3509, 3510, 3511]
2026-09-09 07:43:03,579 [INFO] Closed glyph list over 'glyf': 58 glyphs after
2026-09-09 07:43:03,580 [INFO] Glyph names: ['.notdef', '.null', 'A', 'B', 'D', 'F', 'K', 'M', 'P', 'R', 'S', 'T', 'U', 'W', 'Y', 'a', 'alpha', 'ampersand', 'c', 'd', 'e', 'eight', 'equal', 'five', 'four', 'g', 'hyphen', 'i', 'l', 'minus', 'n', 'nine', 'nonmarkingreturn', 'o', 'one', 'p', 'parenleft', 'parenright', 'period', 'r', 's', 'seven', 'six', 'space', 't', 'three', 'two', 'u', 'uni239B', 'uni239C', 'uni239D', 'uni239E', 'uni239F', 'uni23A0', 'v', 'w', 'y', 'zero']
2026-09-09 07:43:03,580 [INFO] Glyph IDs:   [0, 1, 2, 3, 9, 11, 12, 16, 17, 19, 20, 21, 22, 23, 24, 25, 26, 27, 28, 32, 36, 37, 39, 41, 46, 48, 51, 53, 54, 55, 56, 58, 60, 68, 70, 71, 72, 74, 76, 79, 81, 82, 83, 85, 86, 87, 88, 89, 90, 92, 837, 3228, 3506, 3507, 3508, 3509, 3510, 3511]
2026-09-09 07:43:03,580 [INFO] Retaining 58 glyphs
2026-09-09 07:43:03,580 [INFO] head subsetting not needed
2026-09-09 07:43:03,581 [INFO] hhea subsetting not needed
2026-09-09 07:43:03,581 [INFO] maxp subsetting not needed
2026-09-09 07:43:03,581 [INFO] OS/2 subsetting not needed
2026-09-09 07:43:03,583 [INFO] hmtx subsetted
2026-09-09 07:43:03,587 [INFO] cmap subsetted
2026-09-09 07:43:03,587 [INFO] fpgm subsetting not needed
2026-09-09 07:43:03,587 [INFO] prep subsetting not needed
2026-09-09 07:43:03,587 [INFO] cvt  subsetting not needed
2026-09-09 07:43:03,587 [INFO] loca subsetting not needed
2026-09-09 07:43:03,588 [INFO] post subsetted
2026-09-09 07:43:03,588 [INFO] gasp subsetting not needed
2026-09-09 07:43:03,588 [INFO] MATH subsetted
2026-09-09 07:43:03,590 [INFO] GDEF subsetted
2026-09-09 07:43:03,618 [INFO] GPOS subsetted
2026-09-09 07:43:03,620 [INFO] GSUB subsetted
2026-09-09 07:43:03,620 [INFO] name subsetting not needed
2026-09-09 07:43:03,622 [INFO] glyf subsetted
2026-09-09 07:43:03,622 [INFO] head pruned
2026-09-09 07:43:03,622 [INFO] OS/2 Unicode ranges pruned: [0, 7, 38]
2026-09-09 07:43:03,622 [INFO] OS/2 CodePage ranges pruned: [0]
2026-09-09 07:43:03,623 [INFO] glyf pruned
2026-09-09 07:43:03,623 [INFO] GDEF pruned
2026-09-09 07:43:03,623 [INFO] GPOS pruned
2026-09-09 07:43:03,623 [INFO] GSUB pruned
2026-09-09 07:43:03,639 [INFO] name pruned
2026-09-09 07:43:03,649 [INFO] maxp pruned
2026-09-09 07:43:03,660 [INFO] cmap pruned
2026-09-09 07:43:03,661 [INFO] kern dropped
2026-09-09 07:43:03,661 [INFO] post pruned
2026-09-09 07:43:03,661 [INFO] FFTM dropped
2026-09-09 07:43:03,663 [INFO] GPOS pruned
2026-09-09 07:43:03,667 [INFO] GSUB pruned
2026-09-09 07:43:03,672 [INFO] glyf pruned
2026-09-09 07:43:03,673 [INFO] Added gid0 to subset
2026-09-09 07:43:03,673 [INFO] Added first four glyphs to subset
2026-09-09 07:43:03,673 [INFO] Closing glyph list over 'MATH': 5 glyphs before
2026-09-09 07:43:03,673 [INFO] Glyph names: ['.notdef', '.null', 'fi', 'nonmarkingreturn', 'space']
2026-09-09 07:43:03,674 [INFO] Glyph IDs:   [0, 1, 2, 3, 5039]
2026-09-09 07:43:03,674 [INFO] Closed glyph list over 'MATH': 5 glyphs after
2026-09-09 07:43:03,674 [INFO] Glyph names: ['.notdef', '.null', 'fi', 'nonmarkingreturn', 'space']
2026-09-09 07:43:03,674 [INFO] Glyph IDs:   [0, 1, 2, 3, 5039]
2026-09-09 07:43:03,674 [INFO] Closing glyph list over 'GSUB': 5 glyphs before
2026-09-09 07:43:03,675 [INFO] Glyph names: ['.notdef', '.null', 'fi', 'nonmarkingreturn', 'space']
2026-09-09 07:43:03,675 [INFO] Glyph IDs:   [0, 1, 2, 3, 5039]
2026-09-09 07:43:03,676 [INFO] Closed glyph list over 'GSUB': 5 glyphs after
2026-09-09 07:43:03,676 [INFO] Glyph names: ['.notdef', '.null', 'fi', 'nonmarkingreturn', 'space']
2026-09-09 07:43:03,676 [INFO] Glyph IDs:   [0, 1, 2, 3, 5039]
2026-09-09 07:43:03,676 [INFO] Closing glyph list over 'glyf': 5 glyphs before
2026-09-09 07:43:03,676 [INFO] Glyph names: ['.notdef', '.null', 'fi', 'nonmarkingreturn', 'space']
2026-09-09 07:43:03,677 [INFO] Glyph IDs:   [0, 1, 2, 3, 5039]
2026-09-09 07:43:03,677 [INFO] Closed glyph list over 'glyf': 5 glyphs after
2026-09-09 07:43:03,677 [INFO] Glyph names: ['.notdef', '.null', 'fi', 'nonmarkingreturn', 'space']
2026-09-09 07:43:03,677 [INFO] Glyph IDs:   [0, 1, 2, 3, 5039]
2026-09-09 07:43:03,678 [INFO] Retaining 5 glyphs
2026-09-09 07:43:03,679 [INFO] head subsetting not needed
2026-09-09 07:43:03,679 [INFO] hhea subsetting not needed
2026-09-09 07:43:03,679 [INFO] maxp subsetting not needed
2026-09-09 07:43:03,679 [INFO] OS/2 subsetting not needed
2026-09-09 07:43:03,682 [INFO] hmtx subsetted
2026-09-09 07:43:03,684 [INFO] cmap subsetted
2026-09-09 07:43:03,684 [INFO] fpgm subsetting not needed
2026-09-09 07:43:03,684 [INFO] prep subsetting not needed
2026-09-09 07:43:03,684 [INFO] cvt  subsetting not needed
2026-09-09 07:43:03,684 [INFO] loca subsetting not needed
2026-09-09 07:43:03,685 [INFO] post subsetted
2026-09-09 07:43:03,685 [INFO] gasp subsetting not needed
2026-09-09 07:43:03,685 [INFO] MATH subsetted
2026-09-09 07:43:03,687 [INFO] GDEF subsetted
2026-09-09 07:43:03,723 [INFO] GPOS subsetted
2026-09-09 07:43:03,724 [INFO] GSUB subsetted
2026-09-09 07:43:03,725 [INFO] name subsetting not needed
2026-09-09 07:43:03,726 [INFO] glyf subsetted
2026-09-09 07:43:03,727 [INFO] head pruned
2026-09-09 07:43:03,727 [INFO] OS/2 Unicode ranges pruned: [62]
2026-09-09 07:43:03,727 [INFO] OS/2 CodePage ranges pruned: [0]
2026-09-09 07:43:03,727 [INFO] glyf pruned
2026-09-09 07:43:03,727 [INFO] GDEF pruned
2026-09-09 07:43:03,728 [INFO] GPOS pruned
2026-09-09 07:43:03,728 [INFO] GSUB pruned
2026-09-09 07:43:03,730 [INFO] name pruned
2026-09-09 07:43:06,492 [INFO] maxp pruned
2026-09-09 07:43:06,502 [INFO] cmap pruned
2026-09-09 07:43:06,502 [INFO] kern dropped
2026-09-09 07:43:06,502 [INFO] post pruned
2026-09-09 07:43:06,502 [INFO] FFTM dropped
2026-09-09 07:43:06,504 [INFO] GPOS pruned
2026-09-09 07:43:06,508 [INFO] GSUB pruned
2026-09-09 07:43:06,515 [INFO] glyf pruned
2026-09-09 07:43:06,516 [INFO] Added gid0 to subset
2026-09-09 07:43:06,516 [INFO] Added first four glyphs to subset
2026-09-09 07:43:06,516 [INFO] Closing glyph list over 'GSUB': 59 glyphs before
2026-09-09 07:43:06,516 [INFO] Glyph names: ['.notdef', '.null', 'A', 'B', 'C', 'D', 'F', 'I', 'K', 'L', 'M', 'R', 'S', 'T', 'V', 'W', 'Y', 'Z', 'a', 'ampersand', 'asterisk', 'b', 'c', 'colon', 'd', 'e', 'eight', 'f', 'five', 'four', 'g', 'hyphen', 'i', 'j', 'l', 'm', 'n', 'nine', 'nonmarkingreturn', 'o', 'one', 'p', 'parenleft', 'parenright', 'period', 'plus', 'r', 's', 'six', 'slash', 'space', 't', 'three', 'two', 'u', 'underscore', 'v', 'y', 'zero']
2026-09-09 07:43:06,517 [INFO] Glyph IDs:   [0, 1, 2, 3, 9, 11, 12, 13, 14, 16, 17, 18, 19, 20, 21, 22, 23, 24, 25, 27, 28, 29, 36, 37, 38, 39, 41, 44, 46, 47, 48, 53, 54, 55, 57, 58, 60, 61, 66, 68, 69, 70, 71, 72, 73, 74, 76, 77, 79, 80, 81, 82, 83, 85, 86, 87, 88, 89, 92]
2026-09-09 07:43:06,522 [INFO] Closed glyph list over 'GSUB': 64 glyphs after
2026-09-09 07:43:06,522 [INFO] Glyph names: ['.notdef', '.null', 'A', 'B', 'C', 'D', 'F', 'I', 'K', 'L', 'M', 'R', 'S', 'T', 'V', 'W', 'Y', 'Z', 'a', 'ampersand', 'asterisk', 'b', 'c', 'colon', 'd', 'e', 'eight', 'f', 'fi', 'five', 'fl', 'four', 'g', 'hyphen', 'i', 'j', 'l', 'm', 'n', 'nine', 'nonmarkingreturn', 'o', 'one', 'p', 'parenleft', 'parenright', 'period', 'plus', 'r', 's', 'six', 'slash', 'space', 't', 'three', 'two', 'u', 'underscore', 'uniFB00', 'uniFB03', 'uniFB04', 'v', 'y', 'zero']
2026-09-09 07:43:06,522 [INFO] Glyph IDs:   [0, 1, 2, 3, 9, 11, 12, 13, 14, 16, 17, 18, 19, 20, 21, 22, 23, 24, 25, 27, 28, 29, 36, 37, 38, 39, 41, 44, 46, 47, 48, 53, 54, 55, 57, 58, 60, 61, 66, 68, 69, 70, 71, 72, 73, 74, 76, 77, 79, 80, 81, 82, 83, 85, 86, 87, 88, 89, 92, 5034, 5035, 5036, 5037, 5038]
2026-09-09 07:43:06,522 [INFO] Closing glyph list over 'glyf': 64 glyphs before
2026-09-09 07:43:06,522 [INFO] Glyph names: ['.notdef', '.null', 'A', 'B', 'C', 'D', 'F', 'I', 'K', 'L', 'M', 'R', 'S', 'T', 'V', 'W', 'Y', 'Z', 'a', 'ampersand', 'asterisk', 'b', 'c', 'colon', 'd', 'e', 'eight', 'f', 'fi', 'five', 'fl', 'four', 'g', 'hyphen', 'i', 'j', 'l', 'm', 'n', 'nine', 'nonmarkingreturn', 'o', 'one', 'p', 'parenleft', 'parenright', 'period', 'plus', 'r', 's', 'six', 'slash', 'space', 't', 'three', 'two', 'u', 'underscore', 'uniFB00', 'uniFB03', 'uniFB04', 'v', 'y', 'zero']
2026-09-09 07:43:06,523 [INFO] Glyph IDs:   [0, 1, 2, 3, 9, 11, 12, 13, 14, 16, 17, 18, 19, 20, 21, 22, 23, 24, 25, 27, 28, 29, 36, 37, 38, 39, 41, 44, 46, 47, 48, 53, 54, 55, 57, 58, 60, 61, 66, 68, 69, 70, 71, 72, 73, 74, 76, 77, 79, 80, 81, 82, 83, 85, 86, 87, 88, 89, 92, 5034, 5035, 5036, 5037, 5038]
2026-09-09 07:43:06,523 [INFO] Closed glyph list over 'glyf': 64 glyphs after
2026-09-09 07:43:06,523 [INFO] Glyph names: ['.notdef', '.null', 'A', 'B', 'C', 'D', 'F', 'I', 'K', 'L', 'M', 'R', 'S', 'T', 'V', 'W', 'Y', 'Z', 'a', 'ampersand', 'asterisk', 'b', 'c', 'colon', 'd', 'e', 'eight', 'f', 'fi', 'five', 'fl', 'four', 'g', 'hyphen', 'i', 'j', 'l', 'm', 'n', 'nine', 'nonmarkingreturn', 'o', 'one', 'p', 'parenleft', 'parenright', 'period', 'plus', 'r', 's', 'six', 'slash', 'space', 't', 'three', 'two', 'u', 'underscore', 'uniFB00', 'uniFB03', 'uniFB04', 'v', 'y', 'zero']
2026-09-09 07:43:06,523 [INFO] Glyph IDs:   [0, 1, 2, 3, 9, 11, 12, 13, 14, 16, 17, 18, 19, 20, 21, 22, 23, 24, 25, 27, 28, 29, 36, 37, 38, 39, 41, 44, 46, 47, 48, 53, 54, 55, 57, 58, 60, 61, 66, 68, 69, 70, 71, 72, 73, 74, 76, 77, 79, 80, 81, 82, 83, 85, 86, 87, 88, 89, 92, 5034, 5035, 5036, 5037, 5038]
2026-09-09 07:43:06,524 [INFO] Retaining 64 glyphs
2026-09-09 07:43:06,524 [INFO] head subsetting not needed
2026-09-09 07:43:06,524 [INFO] hhea subsetting not needed
2026-09-09 07:43:06,524 [INFO] maxp subsetting not needed
2026-09-09 07:43:06,524 [INFO] OS/2 subsetting not needed
2026-09-09 07:43:06,527 [INFO] hmtx subsetted
2026-09-09 07:43:06,529 [INFO] cmap subsetted
2026-09-09 07:43:06,529 [INFO] fpgm subsetting not needed
2026-09-09 07:43:06,529 [INFO] prep subsetting not needed
2026-09-09 07:43:06,529 [INFO] cvt  subsetting not needed
2026-09-09 07:43:06,529 [INFO] loca subsetting not needed
2026-09-09 07:43:06,530 [INFO] post subsetted
2026-09-09 07:43:06,530 [INFO] gasp subsetting not needed
2026-09-09 07:43:06,532 [INFO] GDEF subsetted
2026-09-09 07:43:06,557 [INFO] GPOS subsetted
2026-09-09 07:43:06,559 [INFO] GSUB subsetted
2026-09-09 07:43:06,560 [INFO] name subsetting not needed
2026-09-09 07:43:06,562 [INFO] glyf subsetted
2026-09-09 07:43:06,562 [INFO] head pruned
2026-09-09 07:43:06,562 [INFO] OS/2 Unicode ranges pruned: [0]
2026-09-09 07:43:06,563 [INFO] OS/2 CodePage ranges pruned: [0]
2026-09-09 07:43:06,563 [INFO] glyf pruned
2026-09-09 07:43:06,563 [INFO] GDEF pruned
2026-09-09 07:43:06,564 [INFO] GPOS pruned
2026-09-09 07:43:06,564 [INFO] GSUB pruned
2026-09-09 07:43:06,578 [INFO] name pruned
2026-09-09 07:43:06,589 [INFO] maxp pruned
2026-09-09 07:43:06,598 [INFO] cmap pruned
2026-09-09 07:43:06,599 [INFO] kern dropped
2026-09-09 07:43:06,599 [INFO] post pruned
2026-09-09 07:43:06,600 [INFO] FFTM dropped
2026-09-09 07:43:06,603 [INFO] GPOS pruned
2026-09-09 07:43:06,607 [INFO] GSUB pruned
2026-09-09 07:43:06,612 [INFO] glyf pruned
2026-09-09 07:43:06,614 [INFO] Added gid0 to subset
2026-09-09 07:43:06,614 [INFO] Added first four glyphs to subset
2026-09-09 07:43:06,615 [INFO] Closing glyph list over 'GSUB': 5 glyphs before
2026-09-09 07:43:06,615 [INFO] Glyph names: ['.notdef', '.null', 'fi', 'nonmarkingreturn', 'space']
2026-09-09 07:43:06,616 [INFO] Glyph IDs:   [0, 1, 2, 3, 5035]
2026-09-09 07:43:06,618 [INFO] Closed glyph list over 'GSUB': 5 glyphs after
2026-09-09 07:43:06,618 [INFO] Glyph names: ['.notdef', '.null', 'fi', 'nonmarkingreturn', 'space']
2026-09-09 07:43:06,618 [INFO] Glyph IDs:   [0, 1, 2, 3, 5035]
2026-09-09 07:43:06,618 [INFO] Closing glyph list over 'glyf': 5 glyphs before
2026-09-09 07:43:06,618 [INFO] Glyph names: ['.notdef', '.null', 'fi', 'nonmarkingreturn', 'space']
2026-09-09 07:43:06,619 [INFO] Glyph IDs:   [0, 1, 2, 3, 5035]
2026-09-09 07:43:06,619 [INFO] Closed glyph list over 'glyf': 5 glyphs after
2026-09-09 07:43:06,619 [INFO] Glyph names: ['.notdef', '.null', 'fi', 'nonmarkingreturn', 'space']
2026-09-09 07:43:06,619 [INFO] Glyph IDs:   [0, 1, 2, 3, 5035]
2026-09-09 07:43:06,619 [INFO] Retaining 5 glyphs
2026-09-09 07:43:06,620 [INFO] head subsetting not needed
2026-09-09 07:43:06,620 [INFO] hhea subsetting not needed
2026-09-09 07:43:06,620 [INFO] maxp subsetting not needed
2026-09-09 07:43:06,620 [INFO] OS/2 subsetting not needed
2026-09-09 07:43:06,622 [INFO] hmtx subsetted
2026-09-09 07:43:06,624 [INFO] cmap subsetted
2026-09-09 07:43:06,624 [INFO] fpgm subsetting not needed
2026-09-09 07:43:06,624 [INFO] prep subsetting not needed
2026-09-09 07:43:06,625 [INFO] cvt  subsetting not needed
2026-09-09 07:43:06,625 [INFO] loca subsetting not needed
2026-09-09 07:43:06,625 [INFO] post subsetted
2026-09-09 07:43:06,625 [INFO] gasp subsetting not needed
2026-09-09 07:43:06,628 [INFO] GDEF subsetted
2026-09-09 07:43:06,649 [INFO] GPOS subsetted
2026-09-09 07:43:06,650 [INFO] GSUB subsetted
2026-09-09 07:43:06,650 [INFO] name subsetting not needed
2026-09-09 07:43:06,651 [INFO] glyf subsetted
2026-09-09 07:43:06,653 [INFO] head pruned
2026-09-09 07:43:06,653 [INFO] OS/2 Unicode ranges pruned: [62]
2026-09-09 07:43:06,654 [INFO] OS/2 CodePage ranges pruned: [0]
2026-09-09 07:43:06,654 [INFO] glyf pruned
2026-09-09 07:43:06,654 [INFO] GDEF pruned
2026-09-09 07:43:06,654 [INFO] GPOS pruned
2026-09-09 07:43:06,655 [INFO] GSUB pruned
2026-09-09 07:43:06,656 [INFO] name pruned
2026-09-09 07:43:06,660 [INFO] maxp pruned
2026-09-09 07:43:06,671 [INFO] cmap pruned
2026-09-09 07:43:06,671 [INFO] kern dropped
2026-09-09 07:43:06,671 [INFO] post pruned
2026-09-09 07:43:06,671 [INFO] FFTM dropped
2026-09-09 07:43:06,673 [INFO] GPOS pruned
2026-09-09 07:43:06,676 [INFO] GSUB pruned
2026-09-09 07:43:06,683 [INFO] glyf pruned
2026-09-09 07:43:06,684 [INFO] Added gid0 to subset
2026-09-09 07:43:06,684 [INFO] Added first four glyphs to subset
2026-09-09 07:43:06,684 [INFO] Closing glyph list over 'MATH': 53 glyphs before
2026-09-09 07:43:06,684 [INFO] Glyph names: ['.notdef', '.null', 'A', 'B', 'C', 'E', 'K', 'L', 'M', 'N', 'S', 'V', 'W', 'Y', 'a', 'asterisk', 'bracketleft', 'bracketright', 'c', 'colon', 'd', 'e', 'eight', 'equal', 'five', 'four', 'g', 'h', 'hyphen', 'i', 'l', 'minus', 'n', 'nine', 'nonmarkingreturn', 'o', 'one', 'parenleft', 'parenright', 'period', 'plusminus', 'r', 's', 'seven', 'six', 'space', 't', 'three', 'two', 'u', 'v', 'y', 'zero']
2026-09-09 07:43:06,685 [INFO] Glyph IDs:   [0, 1, 2, 3, 11, 12, 13, 16, 17, 19, 20, 21, 22, 23, 24, 25, 26, 27, 28, 29, 32, 36, 37, 38, 40, 46, 47, 48, 49, 54, 57, 58, 60, 62, 64, 68, 70, 71, 72, 74, 75, 76, 79, 81, 82, 85, 86, 87, 88, 89, 92, 115, 3228]
2026-09-09 07:43:06,685 [INFO] Closed glyph list over 'MATH': 65 glyphs after
2026-09-09 07:43:06,685 [INFO] Glyph names: ['.notdef', '.null', 'A', 'B', 'C', 'E', 'K', 'L', 'M', 'N', 'S', 'V', 'W', 'Y', 'a', 'asterisk', 'bracketleft', 'bracketright', 'c', 'colon', 'd', 'e', 'eight', 'equal', 'five', 'four', 'g', 'h', 'hyphen', 'i', 'l', 'minus', 'n', 'nine', 'nonmarkingreturn', 'o', 'one', 'parenleft', 'parenright', 'period', 'plusminus', 'r', 's', 'seven', 'six', 'space', 't', 'three', 'two', 'u', 'uni239B', 'uni239C', 'uni239D', 'uni239E', 'uni239F', 'uni23A0', 'uni23A1', 'uni23A2', 'uni23A3', 'uni23A4', 'uni23A5', 'uni23A6', 'v', 'y', 'zero']
2026-09-09 07:43:06,686 [INFO] Glyph IDs:   [0, 1, 2, 3, 11, 12, 13, 16, 17, 19, 20, 21, 22, 23, 24, 25, 26, 27, 28, 29, 32, 36, 37, 38, 40, 46, 47, 48, 49, 54, 57, 58, 60, 62, 64, 68, 70, 71, 72, 74, 75, 76, 79, 81, 82, 85, 86, 87, 88, 89, 92, 115, 3228, 3506, 3507, 3508, 3509, 3510, 3511, 3512, 3513, 3514, 3515, 3516, 3517]
2026-09-09 07:43:06,686 [INFO] Closing glyph list over 'GSUB': 65 glyphs before
2026-09-09 07:43:06,686 [INFO] Glyph names: ['.notdef', '.null', 'A', 'B', 'C', 'E', 'K', 'L', 'M', 'N', 'S', 'V', 'W', 'Y', 'a', 'asterisk', 'bracketleft', 'bracketright', 'c', 'colon', 'd', 'e', 'eight', 'equal', 'five', 'four', 'g', 'h', 'hyphen', 'i', 'l', 'minus', 'n', 'nine', 'nonmarkingreturn', 'o', 'one', 'parenleft', 'parenright', 'period', 'plusminus', 'r', 's', 'seven', 'six', 'space', 't', 'three', 'two', 'u', 'uni239B', 'uni239C', 'uni239D', 'uni239E', 'uni239F', 'uni23A0', 'uni23A1', 'uni23A2', 'uni23A3', 'uni23A4', 'uni23A5', 'uni23A6', 'v', 'y', 'zero']
2026-09-09 07:43:06,686 [INFO] Glyph IDs:   [0, 1, 2, 3, 11, 12, 13, 16, 17, 19, 20, 21, 22, 23, 24, 25, 26, 27, 28, 29, 32, 36, 37, 38, 40, 46, 47, 48, 49, 54, 57, 58, 60, 62, 64, 68, 70, 71, 72, 74, 75, 76, 79, 81, 82, 85, 86, 87, 88, 89, 92, 115, 3228, 3506, 3507, 3508, 3509, 3510, 3511, 3512, 3513, 3514, 3515, 3516, 3517]
2026-09-09 07:43:06,689 [INFO] Closed glyph list over 'GSUB': 65 glyphs after
2026-09-09 07:43:06,689 [INFO] Glyph names: ['.notdef', '.null', 'A', 'B', 'C', 'E', 'K', 'L', 'M', 'N', 'S', 'V', 'W', 'Y', 'a', 'asterisk', 'bracketleft', 'bracketright', 'c', 'colon', 'd', 'e', 'eight', 'equal', 'five', 'four', 'g', 'h', 'hyphen', 'i', 'l', 'minus', 'n', 'nine', 'nonmarkingreturn', 'o', 'one', 'parenleft', 'parenright', 'period', 'plusminus', 'r', 's', 'seven', 'six', 'space', 't', 'three', 'two', 'u', 'uni239B', 'uni239C', 'uni239D', 'uni239E', 'uni239F', 'uni23A0', 'uni23A1', 'uni23A2', 'uni23A3', 'uni23A4', 'uni23A5', 'uni23A6', 'v', 'y', 'zero']
2026-09-09 07:43:06,690 [INFO] Glyph IDs:   [0, 1, 2, 3, 11, 12, 13, 16, 17, 19, 20, 21, 22, 23, 24, 25, 26, 27, 28, 29, 32, 36, 37, 38, 40, 46, 47, 48, 49, 54, 57, 58, 60, 62, 64, 68, 70, 71, 72, 74, 75, 76, 79, 81, 82, 85, 86, 87, 88, 89, 92, 115, 3228, 3506, 3507, 3508, 3509, 3510, 3511, 3512, 3513, 3514, 3515, 3516, 3517]
2026-09-09 07:43:06,690 [INFO] Closing glyph list over 'glyf': 65 glyphs before
2026-09-09 07:43:06,690 [INFO] Glyph names: ['.notdef', '.null', 'A', 'B', 'C', 'E', 'K', 'L', 'M', 'N', 'S', 'V', 'W', 'Y', 'a', 'asterisk', 'bracketleft', 'bracketright', 'c', 'colon', 'd', 'e', 'eight', 'equal', 'five', 'four', 'g', 'h', 'hyphen', 'i', 'l', 'minus', 'n', 'nine', 'nonmarkingreturn', 'o', 'one', 'parenleft', 'parenright', 'period', 'plusminus', 'r', 's', 'seven', 'six', 'space', 't', 'three', 'two', 'u', 'uni239B', 'uni239C', 'uni239D', 'uni239E', 'uni239F', 'uni23A0', 'uni23A1', 'uni23A2', 'uni23A3', 'uni23A4', 'uni23A5', 'uni23A6', 'v', 'y', 'zero']
2026-09-09 07:43:06,690 [INFO] Glyph IDs:   [0, 1, 2, 3, 11, 12, 13, 16, 17, 19, 20, 21, 22, 23, 24, 25, 26, 27, 28, 29, 32, 36, 37, 38, 40, 46, 47, 48, 49, 54, 57, 58, 60, 62, 64, 68, 70, 71, 72, 74, 75, 76, 79, 81, 82, 85, 86, 87, 88, 89, 92, 115, 3228, 3506, 3507, 3508, 3509, 3510, 3511, 3512, 3513, 3514, 3515, 3516, 3517]
2026-09-09 07:43:06,690 [INFO] Closed glyph list over 'glyf': 65 glyphs after
2026-09-09 07:43:06,690 [INFO] Glyph names: ['.notdef', '.null', 'A', 'B', 'C', 'E', 'K', 'L', 'M', 'N', 'S', 'V', 'W', 'Y', 'a', 'asterisk', 'bracketleft', 'bracketright', 'c', 'colon', 'd', 'e', 'eight', 'equal', 'five', 'four', 'g', 'h', 'hyphen', 'i', 'l', 'minus', 'n', 'nine', 'nonmarkingreturn', 'o', 'one', 'parenleft', 'parenright', 'period', 'plusminus', 'r', 's', 'seven', 'six', 'space', 't', 'three', 'two', 'u', 'uni239B', 'uni239C', 'uni239D', 'uni239E', 'uni239F', 'uni23A0', 'uni23A1', 'uni23A2', 'uni23A3', 'uni23A4', 'uni23A5', 'uni23A6', 'v', 'y', 'zero']
2026-09-09 07:43:06,690 [INFO] Glyph IDs:   [0, 1, 2, 3, 11, 12, 13, 16, 17, 19, 20, 21, 22, 23, 24, 25, 26, 27, 28, 29, 32, 36, 37, 38, 40, 46, 47, 48, 49, 54, 57, 58, 60, 62, 64, 68, 70, 71, 72, 74, 75, 76, 79, 81, 82, 85, 86, 87, 88, 89, 92, 115, 3228, 3506, 3507, 3508, 3509, 3510, 3511, 3512, 3513, 3514, 3515, 3516, 3517]
2026-09-09 07:43:06,691 [INFO] Retaining 65 glyphs
2026-09-09 07:43:06,691 [INFO] head subsetting not needed
2026-09-09 07:43:06,691 [INFO] hhea subsetting not needed
2026-09-09 07:43:06,691 [INFO] maxp subsetting not needed
2026-09-09 07:43:06,691 [INFO] OS/2 subsetting not needed
2026-09-09 07:43:06,696 [INFO] hmtx subsetted
2026-09-09 07:43:06,699 [INFO] cmap subsetted
2026-09-09 07:43:06,699 [INFO] fpgm subsetting not needed
2026-09-09 07:43:06,699 [INFO] prep subsetting not needed
2026-09-09 07:43:06,700 [INFO] cvt  subsetting not needed
2026-09-09 07:43:06,700 [INFO] loca subsetting not needed
2026-09-09 07:43:06,700 [INFO] post subsetted
2026-09-09 07:43:06,700 [INFO] gasp subsetting not needed
2026-09-09 07:43:06,700 [INFO] MATH subsetted
2026-09-09 07:43:06,702 [INFO] GDEF subsetted
2026-09-09 07:43:06,731 [INFO] GPOS subsetted
2026-09-09 07:43:06,735 [INFO] GSUB subsetted
2026-09-09 07:43:06,735 [INFO] name subsetting not needed
2026-09-09 07:43:06,738 [INFO] glyf subsetted
2026-09-09 07:43:06,738 [INFO] head pruned
2026-09-09 07:43:06,739 [INFO] OS/2 Unicode ranges pruned: [0, 1, 38]
2026-09-09 07:43:06,739 [INFO] OS/2 CodePage ranges pruned: [0]
2026-09-09 07:43:06,740 [INFO] glyf pruned
2026-09-09 07:43:06,740 [INFO] GDEF pruned
2026-09-09 07:43:06,741 [INFO] GPOS pruned
2026-09-09 07:43:06,741 [INFO] GSUB pruned
2026-09-09 07:43:06,754 [INFO] name pruned
2026-09-09 07:43:06,765 [INFO] maxp pruned
2026-09-09 07:43:06,776 [INFO] cmap pruned
2026-09-09 07:43:06,776 [INFO] kern dropped
2026-09-09 07:43:06,777 [INFO] post pruned
2026-09-09 07:43:06,777 [INFO] FFTM dropped
2026-09-09 07:43:06,778 [INFO] GPOS pruned
2026-09-09 07:43:06,781 [INFO] GSUB pruned
2026-09-09 07:43:06,788 [INFO] glyf pruned
2026-09-09 07:43:06,789 [INFO] Added gid0 to subset
2026-09-09 07:43:06,790 [INFO] Added first four glyphs to subset
2026-09-09 07:43:06,790 [INFO] Closing glyph list over 'MATH': 6 glyphs before
2026-09-09 07:43:06,790 [INFO] Glyph names: ['.notdef', '.null', 'fi', 'nonmarkingreturn', 'space', 'uniFB00']
2026-09-09 07:43:06,791 [INFO] Glyph IDs:   [0, 1, 2, 3, 5038, 5039]
2026-09-09 07:43:06,791 [INFO] Closed glyph list over 'MATH': 6 glyphs after
2026-09-09 07:43:06,791 [INFO] Glyph names: ['.notdef', '.null', 'fi', 'nonmarkingreturn', 'space', 'uniFB00']
2026-09-09 07:43:06,792 [INFO] Glyph IDs:   [0, 1, 2, 3, 5038, 5039]
2026-09-09 07:43:06,792 [INFO] Closing glyph list over 'GSUB': 6 glyphs before
2026-09-09 07:43:06,792 [INFO] Glyph names: ['.notdef', '.null', 'fi', 'nonmarkingreturn', 'space', 'uniFB00']
2026-09-09 07:43:06,792 [INFO] Glyph IDs:   [0, 1, 2, 3, 5038, 5039]
2026-09-09 07:43:06,793 [INFO] Closed glyph list over 'GSUB': 6 glyphs after
2026-09-09 07:43:06,793 [INFO] Glyph names: ['.notdef', '.null', 'fi', 'nonmarkingreturn', 'space', 'uniFB00']
2026-09-09 07:43:06,793 [INFO] Glyph IDs:   [0, 1, 2, 3, 5038, 5039]
2026-09-09 07:43:06,794 [INFO] Closing glyph list over 'glyf': 6 glyphs before
2026-09-09 07:43:06,794 [INFO] Glyph names: ['.notdef', '.null', 'fi', 'nonmarkingreturn', 'space', 'uniFB00']
2026-09-09 07:43:06,794 [INFO] Glyph IDs:   [0, 1, 2, 3, 5038, 5039]
2026-09-09 07:43:06,794 [INFO] Closed glyph list over 'glyf': 6 glyphs after
2026-09-09 07:43:06,794 [INFO] Glyph names: ['.notdef', '.null', 'fi', 'nonmarkingreturn', 'space', 'uniFB00']
2026-09-09 07:43:06,794 [INFO] Glyph IDs:   [0, 1, 2, 3, 5038, 5039]
2026-09-09 07:43:06,794 [INFO] Retaining 6 glyphs
2026-09-09 07:43:06,795 [INFO] head subsetting not needed
2026-09-09 07:43:06,795 [INFO] hhea subsetting not needed
2026-09-09 07:43:06,795 [INFO] maxp subsetting not needed
2026-09-09 07:43:06,795 [INFO] OS/2 subsetting not needed
2026-09-09 07:43:06,798 [INFO] hmtx subsetted
2026-09-09 07:43:06,802 [INFO] cmap subsetted
2026-09-09 07:43:06,802 [INFO] fpgm subsetting not needed
2026-09-09 07:43:06,802 [INFO] prep subsetting not needed
2026-09-09 07:43:06,802 [INFO] cvt  subsetting not needed
2026-09-09 07:43:06,802 [INFO] loca subsetting not needed
2026-09-09 07:43:06,803 [INFO] post subsetted
2026-09-09 07:43:06,803 [INFO] gasp subsetting not needed
2026-09-09 07:43:06,803 [INFO] MATH subsetted
2026-09-09 07:43:06,806 [INFO] GDEF subsetted
2026-09-09 07:43:06,830 [INFO] GPOS subsetted
2026-09-09 07:43:06,831 [INFO] GSUB subsetted
2026-09-09 07:43:06,832 [INFO] name subsetting not needed
2026-09-09 07:43:06,833 [INFO] glyf subsetted
2026-09-09 07:43:06,834 [INFO] head pruned
2026-09-09 07:43:06,834 [INFO] OS/2 Unicode ranges pruned: [62]
2026-09-09 07:43:06,834 [INFO] OS/2 CodePage ranges pruned: [0]
2026-09-09 07:43:06,835 [INFO] glyf pruned
2026-09-09 07:43:06,835 [INFO] GDEF pruned
2026-09-09 07:43:06,835 [INFO] GPOS pruned
2026-09-09 07:43:06,835 [INFO] GSUB pruned
2026-09-09 07:43:06,837 [INFO] name pruned
2026-09-09 07:43:09,432 [INFO] maxp pruned
2026-09-09 07:43:09,444 [INFO] cmap pruned
2026-09-09 07:43:09,444 [INFO] kern dropped
2026-09-09 07:43:09,444 [INFO] post pruned
2026-09-09 07:43:09,444 [INFO] FFTM dropped
2026-09-09 07:43:09,447 [INFO] GPOS pruned
2026-09-09 07:43:09,450 [INFO] GSUB pruned
2026-09-09 07:43:09,458 [INFO] glyf pruned
2026-09-09 07:43:09,459 [INFO] Added gid0 to subset
2026-09-09 07:43:09,459 [INFO] Added first four glyphs to subset
2026-09-09 07:43:09,459 [INFO] Closing glyph list over 'GSUB': 59 glyphs before
2026-09-09 07:43:09,459 [INFO] Glyph names: ['.notdef', '.null', 'A', 'B', 'C', 'D', 'F', 'I', 'K', 'L', 'M', 'R', 'S', 'T', 'V', 'W', 'Y', 'Z', 'a', 'ampersand', 'asterisk', 'b', 'c', 'colon', 'd', 'e', 'eight', 'f', 'five', 'four', 'g', 'hyphen', 'i', 'j', 'l', 'm', 'n', 'nine', 'nonmarkingreturn', 'o', 'one', 'p', 'parenleft', 'parenright', 'period', 'plus', 'r', 's', 'six', 'slash', 'space', 't', 'three', 'two', 'u', 'underscore', 'v', 'y', 'zero']
2026-09-09 07:43:09,460 [INFO] Glyph IDs:   [0, 1, 2, 3, 9, 11, 12, 13, 14, 16, 17, 18, 19, 20, 21, 22, 23, 24, 25, 27, 28, 29, 36, 37, 38, 39, 41, 44, 46, 47, 48, 53, 54, 55, 57, 58, 60, 61, 66, 68, 69, 70, 71, 72, 73, 74, 76, 77, 79, 80, 81, 82, 83, 85, 86, 87, 88, 89, 92]
2026-09-09 07:43:09,464 [INFO] Closed glyph list over 'GSUB': 64 glyphs after
2026-09-09 07:43:09,464 [INFO] Glyph names: ['.notdef', '.null', 'A', 'B', 'C', 'D', 'F', 'I', 'K', 'L', 'M', 'R', 'S', 'T', 'V', 'W', 'Y', 'Z', 'a', 'ampersand', 'asterisk', 'b', 'c', 'colon', 'd', 'e', 'eight', 'f', 'fi', 'five', 'fl', 'four', 'g', 'hyphen', 'i', 'j', 'l', 'm', 'n', 'nine', 'nonmarkingreturn', 'o', 'one', 'p', 'parenleft', 'parenright', 'period', 'plus', 'r', 's', 'six', 'slash', 'space', 't', 'three', 'two', 'u', 'underscore', 'uniFB00', 'uniFB03', 'uniFB04', 'v', 'y', 'zero']
2026-09-09 07:43:09,464 [INFO] Glyph IDs:   [0, 1, 2, 3, 9, 11, 12, 13, 14, 16, 17, 18, 19, 20, 21, 22, 23, 24, 25, 27, 28, 29, 36, 37, 38, 39, 41, 44, 46, 47, 48, 53, 54, 55, 57, 58, 60, 61, 66, 68, 69, 70, 71, 72, 73, 74, 76, 77, 79, 80, 81, 82, 83, 85, 86, 87, 88, 89, 92, 5034, 5035, 5036, 5037, 5038]
2026-09-09 07:43:09,464 [INFO] Closing glyph list over 'glyf': 64 glyphs before
2026-09-09 07:43:09,464 [INFO] Glyph names: ['.notdef', '.null', 'A', 'B', 'C', 'D', 'F', 'I', 'K', 'L', 'M', 'R', 'S', 'T', 'V', 'W', 'Y', 'Z', 'a', 'ampersand', 'asterisk', 'b', 'c', 'colon', 'd', 'e', 'eight', 'f', 'fi', 'five', 'fl', 'four', 'g', 'hyphen', 'i', 'j', 'l', 'm', 'n', 'nine', 'nonmarkingreturn', 'o', 'one', 'p', 'parenleft', 'parenright', 'period', 'plus', 'r', 's', 'six', 'slash', 'space', 't', 'three', 'two', 'u', 'underscore', 'uniFB00', 'uniFB03', 'uniFB04', 'v', 'y', 'zero']
2026-09-09 07:43:09,465 [INFO] Glyph IDs:   [0, 1, 2, 3, 9, 11, 12, 13, 14, 16, 17, 18, 19, 20, 21, 22, 23, 24, 25, 27, 28, 29, 36, 37, 38, 39, 41, 44, 46, 47, 48, 53, 54, 55, 57, 58, 60, 61, 66, 68, 69, 70, 71, 72, 73, 74, 76, 77, 79, 80, 81, 82, 83, 85, 86, 87, 88, 89, 92, 5034, 5035, 5036, 5037, 5038]
2026-09-09 07:43:09,465 [INFO] Closed glyph list over 'glyf': 64 glyphs after
2026-09-09 07:43:09,465 [INFO] Glyph names: ['.notdef', '.null', 'A', 'B', 'C', 'D', 'F', 'I', 'K', 'L', 'M', 'R', 'S', 'T', 'V', 'W', 'Y', 'Z', 'a', 'ampersand', 'asterisk', 'b', 'c', 'colon', 'd', 'e', 'eight', 'f', 'fi', 'five', 'fl', 'four', 'g', 'hyphen', 'i', 'j', 'l', 'm', 'n', 'nine', 'nonmarkingreturn', 'o', 'one', 'p', 'parenleft', 'parenright', 'period', 'plus', 'r', 's', 'six', 'slash', 'space', 't', 'three', 'two', 'u', 'underscore', 'uniFB00', 'uniFB03', 'uniFB04', 'v', 'y', 'zero']
2026-09-09 07:43:09,465 [INFO] Glyph IDs:   [0, 1, 2, 3, 9, 11, 12, 13, 14, 16, 17, 18, 19, 20, 21, 22, 23, 24, 25, 27, 28, 29, 36, 37, 38, 39, 41, 44, 46, 47, 48, 53, 54, 55, 57, 58, 60, 61, 66, 68, 69, 70, 71, 72, 73, 74, 76, 77, 79, 80, 81, 82, 83, 85, 86, 87, 88, 89, 92, 5034, 5035, 5036, 5037, 5038]
2026-09-09 07:43:09,465 [INFO] Retaining 64 glyphs
2026-09-09 07:43:09,466 [INFO] head subsetting not needed
2026-09-09 07:43:09,466 [INFO] hhea subsetting not needed
2026-09-09 07:43:09,466 [INFO] maxp subsetting not needed
2026-09-09 07:43:09,466 [INFO] OS/2 subsetting not needed
2026-09-09 07:43:09,470 [INFO] hmtx subsetted
2026-09-09 07:43:09,473 [INFO] cmap subsetted
2026-09-09 07:43:09,473 [INFO] fpgm subsetting not needed
2026-09-09 07:43:09,473 [INFO] prep subsetting not needed
2026-09-09 07:43:09,473 [INFO] cvt  subsetting not needed
2026-09-09 07:43:09,473 [INFO] loca subsetting not needed
2026-09-09 07:43:09,473 [INFO] post subsetted
2026-09-09 07:43:09,473 [INFO] gasp subsetting not needed
2026-09-09 07:43:09,475 [INFO] GDEF subsetted
2026-09-09 07:43:09,507 [INFO] GPOS subsetted
2026-09-09 07:43:09,510 [INFO] GSUB subsetted
2026-09-09 07:43:09,510 [INFO] name subsetting not needed
2026-09-09 07:43:09,513 [INFO] glyf subsetted
2026-09-09 07:43:09,514 [INFO] head pruned
2026-09-09 07:43:09,514 [INFO] OS/2 Unicode ranges pruned: [0]
2026-09-09 07:43:09,514 [INFO] OS/2 CodePage ranges pruned: [0]
2026-09-09 07:43:09,515 [INFO] glyf pruned
2026-09-09 07:43:09,515 [INFO] GDEF pruned
2026-09-09 07:43:09,515 [INFO] GPOS pruned
2026-09-09 07:43:09,515 [INFO] GSUB pruned
2026-09-09 07:43:09,530 [INFO] name pruned
2026-09-09 07:43:09,539 [INFO] maxp pruned
2026-09-09 07:43:09,551 [INFO] cmap pruned
2026-09-09 07:43:09,552 [INFO] kern dropped
2026-09-09 07:43:09,552 [INFO] post pruned
2026-09-09 07:43:09,552 [INFO] FFTM dropped
2026-09-09 07:43:09,554 [INFO] GPOS pruned
2026-09-09 07:43:09,557 [INFO] GSUB pruned
2026-09-09 07:43:09,598 [INFO] glyf pruned
2026-09-09 07:43:09,600 [INFO] Added gid0 to subset
2026-09-09 07:43:09,600 [INFO] Added first four glyphs to subset
2026-09-09 07:43:09,600 [INFO] Closing glyph list over 'GSUB': 5 glyphs before
2026-09-09 07:43:09,600 [INFO] Glyph names: ['.notdef', '.null', 'fi', 'nonmarkingreturn', 'space']
2026-09-09 07:43:09,602 [INFO] Glyph IDs:   [0, 1, 2, 3, 5035]
2026-09-09 07:43:09,604 [INFO] Closed glyph list over 'GSUB': 5 glyphs after
2026-09-09 07:43:09,604 [INFO] Glyph names: ['.notdef', '.null', 'fi', 'nonmarkingreturn', 'space']
2026-09-09 07:43:09,605 [INFO] Glyph IDs:   [0, 1, 2, 3, 5035]
2026-09-09 07:43:09,605 [INFO] Closing glyph list over 'glyf': 5 glyphs before
2026-09-09 07:43:09,605 [INFO] Glyph names: ['.notdef', '.null', 'fi', 'nonmarkingreturn', 'space']
2026-09-09 07:43:09,605 [INFO] Glyph IDs:   [0, 1, 2, 3, 5035]
2026-09-09 07:43:09,605 [INFO] Closed glyph list over 'glyf': 5 glyphs after
2026-09-09 07:43:09,605 [INFO] Glyph names: ['.notdef', '.null', 'fi', 'nonmarkingreturn', 'space']
2026-09-09 07:43:09,606 [INFO] Glyph IDs:   [0, 1, 2, 3, 5035]
2026-09-09 07:43:09,606 [INFO] Retaining 5 glyphs
2026-09-09 07:43:09,607 [INFO] head subsetting not needed
2026-09-09 07:43:09,607 [INFO] hhea subsetting not needed
2026-09-09 07:43:09,607 [INFO] maxp subsetting not needed
2026-09-09 07:43:09,607 [INFO] OS/2 subsetting not needed
2026-09-09 07:43:09,611 [INFO] hmtx subsetted
2026-09-09 07:43:09,615 [INFO] cmap subsetted
2026-09-09 07:43:09,615 [INFO] fpgm subsetting not needed
2026-09-09 07:43:09,615 [INFO] prep subsetting not needed
2026-09-09 07:43:09,616 [INFO] cvt  subsetting not needed
2026-09-09 07:43:09,616 [INFO] loca subsetting not needed
2026-09-09 07:43:09,616 [INFO] post subsetted
2026-09-09 07:43:09,616 [INFO] gasp subsetting not needed
2026-09-09 07:43:09,619 [INFO] GDEF subsetted
2026-09-09 07:43:09,644 [INFO] GPOS subsetted
2026-09-09 07:43:09,645 [INFO] GSUB subsetted
2026-09-09 07:43:09,645 [INFO] name subsetting not needed
2026-09-09 07:43:09,647 [INFO] glyf subsetted
2026-09-09 07:43:09,647 [INFO] head pruned
2026-09-09 07:43:09,647 [INFO] OS/2 Unicode ranges pruned: [62]
2026-09-09 07:43:09,647 [INFO] OS/2 CodePage ranges pruned: [0]
2026-09-09 07:43:09,648 [INFO] glyf pruned
2026-09-09 07:43:09,648 [INFO] GDEF pruned
2026-09-09 07:43:09,648 [INFO] GPOS pruned
2026-09-09 07:43:09,648 [INFO] GSUB pruned
2026-09-09 07:43:09,650 [INFO] name pruned
2026-09-09 07:43:09,655 [INFO] maxp pruned
2026-09-09 07:43:09,665 [INFO] cmap pruned
2026-09-09 07:43:09,666 [INFO] kern dropped
2026-09-09 07:43:09,666 [INFO] post pruned
2026-09-09 07:43:09,666 [INFO] FFTM dropped
2026-09-09 07:43:09,669 [INFO] GPOS pruned
2026-09-09 07:43:09,672 [INFO] GSUB pruned
2026-09-09 07:43:09,677 [INFO] glyf pruned
2026-09-09 07:43:09,678 [INFO] Added gid0 to subset
2026-09-09 07:43:09,678 [INFO] Added first four glyphs to subset
2026-09-09 07:43:09,678 [INFO] Closing glyph list over 'MATH': 53 glyphs before
2026-09-09 07:43:09,678 [INFO] Glyph names: ['.notdef', '.null', 'A', 'B', 'C', 'E', 'K', 'L', 'M', 'N', 'S', 'V', 'W', 'Y', 'a', 'asterisk', 'bracketleft', 'bracketright', 'c', 'colon', 'd', 'e', 'eight', 'equal', 'five', 'four', 'g', 'h', 'hyphen', 'i', 'l', 'minus', 'n', 'nine', 'nonmarkingreturn', 'o', 'one', 'parenleft', 'parenright', 'period', 'plusminus', 'r', 's', 'seven', 'six', 'space', 't', 'three', 'two', 'u', 'v', 'y', 'zero']
2026-09-09 07:43:09,679 [INFO] Glyph IDs:   [0, 1, 2, 3, 11, 12, 13, 16, 17, 19, 20, 21, 22, 23, 24, 25, 26, 27, 28, 29, 32, 36, 37, 38, 40, 46, 47, 48, 49, 54, 57, 58, 60, 62, 64, 68, 70, 71, 72, 74, 75, 76, 79, 81, 82, 85, 86, 87, 88, 89, 92, 115, 3228]
2026-09-09 07:43:09,680 [INFO] Closed glyph list over 'MATH': 65 glyphs after
2026-09-09 07:43:09,680 [INFO] Glyph names: ['.notdef', '.null', 'A', 'B', 'C', 'E', 'K', 'L', 'M', 'N', 'S', 'V', 'W', 'Y', 'a', 'asterisk', 'bracketleft', 'bracketright', 'c', 'colon', 'd', 'e', 'eight', 'equal', 'five', 'four', 'g', 'h', 'hyphen', 'i', 'l', 'minus', 'n', 'nine', 'nonmarkingreturn', 'o', 'one', 'parenleft', 'parenright', 'period', 'plusminus', 'r', 's', 'seven', 'six', 'space', 't', 'three', 'two', 'u', 'uni239B', 'uni239C', 'uni239D', 'uni239E', 'uni239F', 'uni23A0', 'uni23A1', 'uni23A2', 'uni23A3', 'uni23A4', 'uni23A5', 'uni23A6', 'v', 'y', 'zero']
2026-09-09 07:43:09,680 [INFO] Glyph IDs:   [0, 1, 2, 3, 11, 12, 13, 16, 17, 19, 20, 21, 22, 23, 24, 25, 26, 27, 28, 29, 32, 36, 37, 38, 40, 46, 47, 48, 49, 54, 57, 58, 60, 62, 64, 68, 70, 71, 72, 74, 75, 76, 79, 81, 82, 85, 86, 87, 88, 89, 92, 115, 3228, 3506, 3507, 3508, 3509, 3510, 3511, 3512, 3513, 3514, 3515, 3516, 3517]
2026-09-09 07:43:09,681 [INFO] Closing glyph list over 'GSUB': 65 glyphs before
2026-09-09 07:43:09,681 [INFO] Glyph names: ['.notdef', '.null', 'A', 'B', 'C', 'E', 'K', 'L', 'M', 'N', 'S', 'V', 'W', 'Y', 'a', 'asterisk', 'bracketleft', 'bracketright', 'c', 'colon', 'd', 'e', 'eight', 'equal', 'five', 'four', 'g', 'h', 'hyphen', 'i', 'l', 'minus', 'n', 'nine', 'nonmarkingreturn', 'o', 'one', 'parenleft', 'parenright', 'period', 'plusminus', 'r', 's', 'seven', 'six', 'space', 't', 'three', 'two', 'u', 'uni239B', 'uni239C', 'uni239D', 'uni239E', 'uni239F', 'uni23A0', 'uni23A1', 'uni23A2', 'uni23A3', 'uni23A4', 'uni23A5', 'uni23A6', 'v', 'y', 'zero']
2026-09-09 07:43:09,681 [INFO] Glyph IDs:   [0, 1, 2, 3, 11, 12, 13, 16, 17, 19, 20, 21, 22, 23, 24, 25, 26, 27, 28, 29, 32, 36, 37, 38, 40, 46, 47, 48, 49, 54, 57, 58, 60, 62, 64, 68, 70, 71, 72, 74, 75, 76, 79, 81, 82, 85, 86, 87, 88, 89, 92, 115, 3228, 3506, 3507, 3508, 3509, 3510, 3511, 3512, 3513, 3514, 3515, 3516, 3517]
2026-09-09 07:43:09,685 [INFO] Closed glyph list over 'GSUB': 65 glyphs after
2026-09-09 07:43:09,685 [INFO] Glyph names: ['.notdef', '.null', 'A', 'B', 'C', 'E', 'K', 'L', 'M', 'N', 'S', 'V', 'W', 'Y', 'a', 'asterisk', 'bracketleft', 'bracketright', 'c', 'colon', 'd', 'e', 'eight', 'equal', 'five', 'four', 'g', 'h', 'hyphen', 'i', 'l', 'minus', 'n', 'nine', 'nonmarkingreturn', 'o', 'one', 'parenleft', 'parenright', 'period', 'plusminus', 'r', 's', 'seven', 'six', 'space', 't', 'three', 'two', 'u', 'uni239B', 'uni239C', 'uni239D', 'uni239E', 'uni239F', 'uni23A0', 'uni23A1', 'uni23A2', 'uni23A3', 'uni23A4', 'uni23A5', 'uni23A6', 'v', 'y', 'zero']
2026-09-09 07:43:09,685 [INFO] Glyph IDs:   [0, 1, 2, 3, 11, 12, 13, 16, 17, 19, 20, 21, 22, 23, 24, 25, 26, 27, 28, 29, 32, 36, 37, 38, 40, 46, 47, 48, 49, 54, 57, 58, 60, 62, 64, 68, 70, 71, 72, 74, 75, 76, 79, 81, 82, 85, 86, 87, 88, 89, 92, 115, 3228, 3506, 3507, 3508, 3509, 3510, 3511, 3512, 3513, 3514, 3515, 3516, 3517]
2026-09-09 07:43:09,686 [INFO] Closing glyph list over 'glyf': 65 glyphs before
2026-09-09 07:43:09,686 [INFO] Glyph names: ['.notdef', '.null', 'A', 'B', 'C', 'E', 'K', 'L', 'M', 'N', 'S', 'V', 'W', 'Y', 'a', 'asterisk', 'bracketleft', 'bracketright', 'c', 'colon', 'd', 'e', 'eight', 'equal', 'five', 'four', 'g', 'h', 'hyphen', 'i', 'l', 'minus', 'n', 'nine', 'nonmarkingreturn', 'o', 'one', 'parenleft', 'parenright', 'period', 'plusminus', 'r', 's', 'seven', 'six', 'space', 't', 'three', 'two', 'u', 'uni239B', 'uni239C', 'uni239D', 'uni239E', 'uni239F', 'uni23A0', 'uni23A1', 'uni23A2', 'uni23A3', 'uni23A4', 'uni23A5', 'uni23A6', 'v', 'y', 'zero']
2026-09-09 07:43:09,686 [INFO] Glyph IDs:   [0, 1, 2, 3, 11, 12, 13, 16, 17, 19, 20, 21, 22, 23, 24, 25, 26, 27, 28, 29, 32, 36, 37, 38, 40, 46, 47, 48, 49, 54, 57, 58, 60, 62, 64, 68, 70, 71, 72, 74, 75, 76, 79, 81, 82, 85, 86, 87, 88, 89, 92, 115, 3228, 3506, 3507, 3508, 3509, 3510, 3511, 3512, 3513, 3514, 3515, 3516, 3517]
2026-09-09 07:43:09,686 [INFO] Closed glyph list over 'glyf': 65 glyphs after
2026-09-09 07:43:09,686 [INFO] Glyph names: ['.notdef', '.null', 'A', 'B', 'C', 'E', 'K', 'L', 'M', 'N', 'S', 'V', 'W', 'Y', 'a', 'asterisk', 'bracketleft', 'bracketright', 'c', 'colon', 'd', 'e', 'eight', 'equal', 'five', 'four', 'g', 'h', 'hyphen', 'i', 'l', 'minus', 'n', 'nine', 'nonmarkingreturn', 'o', 'one', 'parenleft', 'parenright', 'period', 'plusminus', 'r', 's', 'seven', 'six', 'space', 't', 'three', 'two', 'u', 'uni239B', 'uni239C', 'uni239D', 'uni239E', 'uni239F', 'uni23A0', 'uni23A1', 'uni23A2', 'uni23A3', 'uni23A4', 'uni23A5', 'uni23A6', 'v', 'y', 'zero']
2026-09-09 07:43:09,686 [INFO] Glyph IDs:   [0, 1, 2, 3, 11, 12, 13, 16, 17, 19, 20, 21, 22, 23, 24, 25, 26, 27, 28, 29, 32, 36, 37, 38, 40, 46, 47, 48, 49, 54, 57, 58, 60, 62, 64, 68, 70, 71, 72, 74, 75, 76, 79, 81, 82, 85, 86, 87, 88, 89, 92, 115, 3228, 3506, 3507, 3508, 3509, 3510, 3511, 3512, 3513, 3514, 3515, 3516, 3517]
2026-09-09 07:43:09,687 [INFO] Retaining 65 glyphs
2026-09-09 07:43:09,687 [INFO] head subsetting not needed
2026-09-09 07:43:09,687 [INFO] hhea subsetting not needed
2026-09-09 07:43:09,687 [INFO] maxp subsetting not needed
2026-09-09 07:43:09,687 [INFO] OS/2 subsetting not needed
2026-09-09 07:43:09,690 [INFO] hmtx subsetted
2026-09-09 07:43:09,692 [INFO] cmap subsetted
2026-09-09 07:43:09,692 [INFO] fpgm subsetting not needed
2026-09-09 07:43:09,692 [INFO] prep subsetting not needed
2026-09-09 07:43:09,692 [INFO] cvt  subsetting not needed
2026-09-09 07:43:09,692 [INFO] loca subsetting not needed
2026-09-09 07:43:09,692 [INFO] post subsetted
2026-09-09 07:43:09,692 [INFO] gasp subsetting not needed
2026-09-09 07:43:09,693 [INFO] MATH subsetted
2026-09-09 07:43:09,696 [INFO] GDEF subsetted
2026-09-09 07:43:09,724 [INFO] GPOS subsetted
2026-09-09 07:43:09,726 [INFO] GSUB subsetted
2026-09-09 07:43:09,726 [INFO] name subsetting not needed
2026-09-09 07:43:09,727 [INFO] glyf subsetted
2026-09-09 07:43:09,728 [INFO] head pruned
2026-09-09 07:43:09,728 [INFO] OS/2 Unicode ranges pruned: [0, 1, 38]
2026-09-09 07:43:09,728 [INFO] OS/2 CodePage ranges pruned: [0]
2026-09-09 07:43:09,729 [INFO] glyf pruned
2026-09-09 07:43:09,729 [INFO] GDEF pruned
2026-09-09 07:43:09,729 [INFO] GPOS pruned
2026-09-09 07:43:09,730 [INFO] GSUB pruned
2026-09-09 07:43:09,742 [INFO] name pruned
2026-09-09 07:43:09,756 [INFO] maxp pruned
2026-09-09 07:43:09,768 [INFO] cmap pruned
2026-09-09 07:43:09,768 [INFO] kern dropped
2026-09-09 07:43:09,768 [INFO] post pruned
2026-09-09 07:43:09,768 [INFO] FFTM dropped
2026-09-09 07:43:09,770 [INFO] GPOS pruned
2026-09-09 07:43:09,780 [INFO] GSUB pruned
2026-09-09 07:43:09,786 [INFO] glyf pruned
2026-09-09 07:43:09,788 [INFO] Added gid0 to subset
2026-09-09 07:43:09,789 [INFO] Added first four glyphs to subset
2026-09-09 07:43:09,789 [INFO] Closing glyph list over 'MATH': 6 glyphs before
2026-09-09 07:43:09,789 [INFO] Glyph names: ['.notdef', '.null', 'fi', 'nonmarkingreturn', 'space', 'uniFB00']
2026-09-09 07:43:09,790 [INFO] Glyph IDs:   [0, 1, 2, 3, 5038, 5039]
2026-09-09 07:43:09,790 [INFO] Closed glyph list over 'MATH': 6 glyphs after
2026-09-09 07:43:09,791 [INFO] Glyph names: ['.notdef', '.null', 'fi', 'nonmarkingreturn', 'space', 'uniFB00']
2026-09-09 07:43:09,791 [INFO] Glyph IDs:   [0, 1, 2, 3, 5038, 5039]
2026-09-09 07:43:09,791 [INFO] Closing glyph list over 'GSUB': 6 glyphs before
2026-09-09 07:43:09,791 [INFO] Glyph names: ['.notdef', '.null', 'fi', 'nonmarkingreturn', 'space', 'uniFB00']
2026-09-09 07:43:09,791 [INFO] Glyph IDs:   [0, 1, 2, 3, 5038, 5039]
2026-09-09 07:43:09,793 [INFO] Closed glyph list over 'GSUB': 6 glyphs after
2026-09-09 07:43:09,793 [INFO] Glyph names: ['.notdef', '.null', 'fi', 'nonmarkingreturn', 'space', 'uniFB00']
2026-09-09 07:43:09,794 [INFO] Glyph IDs:   [0, 1, 2, 3, 5038, 5039]
2026-09-09 07:43:09,794 [INFO] Closing glyph list over 'glyf': 6 glyphs before
2026-09-09 07:43:09,794 [INFO] Glyph names: ['.notdef', '.null', 'fi', 'nonmarkingreturn', 'space', 'uniFB00']
2026-09-09 07:43:09,794 [INFO] Glyph IDs:   [0, 1, 2, 3, 5038, 5039]
2026-09-09 07:43:09,794 [INFO] Closed glyph list over 'glyf': 6 glyphs after
2026-09-09 07:43:09,794 [INFO] Glyph names: ['.notdef', '.null', 'fi', 'nonmarkingreturn', 'space', 'uniFB00']
2026-09-09 07:43:09,794 [INFO] Glyph IDs:   [0, 1, 2, 3, 5038, 5039]
2026-09-09 07:43:09,795 [INFO] Retaining 6 glyphs
2026-09-09 07:43:09,795 [INFO] head subsetting not needed
2026-09-09 07:43:09,795 [INFO] hhea subsetting not needed
2026-09-09 07:43:09,795 [INFO] maxp subsetting not needed
2026-09-09 07:43:09,795 [INFO] OS/2 subsetting not needed
2026-09-09 07:43:09,798 [INFO] hmtx subsetted
2026-09-09 07:43:09,802 [INFO] cmap subsetted
2026-09-09 07:43:09,802 [INFO] fpgm subsetting not needed
2026-09-09 07:43:09,802 [INFO] prep subsetting not needed
2026-09-09 07:43:09,802 [INFO] cvt  subsetting not needed
2026-09-09 07:43:09,803 [INFO] loca subsetting not needed
2026-09-09 07:43:09,803 [INFO] post subsetted
2026-09-09 07:43:09,803 [INFO] gasp subsetting not needed
2026-09-09 07:43:09,803 [INFO] MATH subsetted
2026-09-09 07:43:09,805 [INFO] GDEF subsetted
2026-09-09 07:43:09,828 [INFO] GPOS subsetted
2026-09-09 07:43:09,829 [INFO] GSUB subsetted
2026-09-09 07:43:09,830 [INFO] name subsetting not needed
2026-09-09 07:43:09,831 [INFO] glyf subsetted
2026-09-09 07:43:09,832 [INFO] head pruned
2026-09-09 07:43:09,832 [INFO] OS/2 Unicode ranges pruned: [62]
2026-09-09 07:43:09,832 [INFO] OS/2 CodePage ranges pruned: [0]
2026-09-09 07:43:09,832 [INFO] glyf pruned
2026-09-09 07:43:09,833 [INFO] GDEF pruned
2026-09-09 07:43:09,833 [INFO] GPOS pruned
2026-09-09 07:43:09,833 [INFO] GSUB pruned
2026-09-09 07:43:09,835 [INFO] name pruned
2026-09-09 07:43:09,848 [INFO] Using categorical units to plot a list of strings that are all parsable as floats or dates. If these strings should be plotted as numbers, cast to the appropriate data type before plotting.
2026-09-09 07:43:09,849 [INFO] Using categorical units to plot a list of strings that are all parsable as floats or dates. If these strings should be plotted as numbers, cast to the appropriate data type before plotting.
2026-09-09 07:57:41,550 [INFO] Starting pipeline execution: CMIP6_PrachuapKhiriKhan_Rainfall_Trend_Analysis v3.0.0
2026-09-09 07:57:44,970 [INFO] maxp pruned
2026-09-09 07:57:44,982 [INFO] cmap pruned
2026-09-09 07:57:44,988 [INFO] kern dropped
2026-09-09 07:57:44,988 [INFO] post pruned
2026-09-09 07:57:44,989 [INFO] FFTM dropped
2026-09-09 07:57:44,990 [INFO] GPOS pruned
2026-09-09 07:57:44,994 [INFO] GSUB pruned
2026-09-09 07:57:45,026 [INFO] glyf pruned
2026-09-09 07:57:45,027 [INFO] Added gid0 to subset
2026-09-09 07:57:45,028 [INFO] Added first four glyphs to subset
2026-09-09 07:57:45,028 [INFO] Closing glyph list over 'GSUB': 49 glyphs before
2026-09-09 07:57:45,028 [INFO] Glyph names: ['.notdef', '.null', 'A', 'C', 'D', 'G', 'H', 'I', 'L', 'N', 'R', 'S', 'T', 'a', 'ampersand', 'b', 'c', 'd', 'e', 'eight', 'five', 'four', 'g', 'h', 'i', 'k', 'l', 'm', 'n', 'nine', 'nonmarkingreturn', 'o', 'one', 'p', 'parenleft', 'parenright', 'period', 'r', 'seven', 'six', 'space', 't', 'three', 'two', 'u', 'w', 'x', 'y', 'zero']
2026-09-09 07:57:45,029 [INFO] Glyph IDs:   [0, 1, 2, 3, 9, 11, 12, 17, 19, 20, 21, 22, 23, 24, 25, 26, 27, 28, 36, 38, 39, 42, 43, 44, 47, 49, 53, 54, 55, 68, 69, 70, 71, 72, 74, 75, 76, 78, 79, 80, 81, 82, 83, 85, 87, 88, 90, 91, 92]
2026-09-09 07:57:45,032 [INFO] Closed glyph list over 'GSUB': 49 glyphs after
2026-09-09 07:57:45,033 [INFO] Glyph names: ['.notdef', '.null', 'A', 'C', 'D', 'G', 'H', 'I', 'L', 'N', 'R', 'S', 'T', 'a', 'ampersand', 'b', 'c', 'd', 'e', 'eight', 'five', 'four', 'g', 'h', 'i', 'k', 'l', 'm', 'n', 'nine', 'nonmarkingreturn', 'o', 'one', 'p', 'parenleft', 'parenright', 'period', 'r', 'seven', 'six', 'space', 't', 'three', 'two', 'u', 'w', 'x', 'y', 'zero']
2026-09-09 07:57:45,033 [INFO] Glyph IDs:   [0, 1, 2, 3, 9, 11, 12, 17, 19, 20, 21, 22, 23, 24, 25, 26, 27, 28, 36, 38, 39, 42, 43, 44, 47, 49, 53, 54, 55, 68, 69, 70, 71, 72, 74, 75, 76, 78, 79, 80, 81, 82, 83, 85, 87, 88, 90, 91, 92]
2026-09-09 07:57:45,033 [INFO] Closing glyph list over 'glyf': 49 glyphs before
2026-09-09 07:57:45,033 [INFO] Glyph names: ['.notdef', '.null', 'A', 'C', 'D', 'G', 'H', 'I', 'L', 'N', 'R', 'S', 'T', 'a', 'ampersand', 'b', 'c', 'd', 'e', 'eight', 'five', 'four', 'g', 'h', 'i', 'k', 'l', 'm', 'n', 'nine', 'nonmarkingreturn', 'o', 'one', 'p', 'parenleft', 'parenright', 'period', 'r', 'seven', 'six', 'space', 't', 'three', 'two', 'u', 'w', 'x', 'y', 'zero']
2026-09-09 07:57:45,034 [INFO] Glyph IDs:   [0, 1, 2, 3, 9, 11, 12, 17, 19, 20, 21, 22, 23, 24, 25, 26, 27, 28, 36, 38, 39, 42, 43, 44, 47, 49, 53, 54, 55, 68, 69, 70, 71, 72, 74, 75, 76, 78, 79, 80, 81, 82, 83, 85, 87, 88, 90, 91, 92]
2026-09-09 07:57:45,034 [INFO] Closed glyph list over 'glyf': 49 glyphs after
2026-09-09 07:57:45,034 [INFO] Glyph names: ['.notdef', '.null', 'A', 'C', 'D', 'G', 'H', 'I', 'L', 'N', 'R', 'S', 'T', 'a', 'ampersand', 'b', 'c', 'd', 'e', 'eight', 'five', 'four', 'g', 'h', 'i', 'k', 'l', 'm', 'n', 'nine', 'nonmarkingreturn', 'o', 'one', 'p', 'parenleft', 'parenright', 'period', 'r', 'seven', 'six', 'space', 't', 'three', 'two', 'u', 'w', 'x', 'y', 'zero']
2026-09-09 07:57:45,034 [INFO] Glyph IDs:   [0, 1, 2, 3, 9, 11, 12, 17, 19, 20, 21, 22, 23, 24, 25, 26, 27, 28, 36, 38, 39, 42, 43, 44, 47, 49, 53, 54, 55, 68, 69, 70, 71, 72, 74, 75, 76, 78, 79, 80, 81, 82, 83, 85, 87, 88, 90, 91, 92]
2026-09-09 07:57:45,035 [INFO] Retaining 49 glyphs
2026-09-09 07:57:45,035 [INFO] head subsetting not needed
2026-09-09 07:57:45,035 [INFO] hhea subsetting not needed
2026-09-09 07:57:45,035 [INFO] maxp subsetting not needed
2026-09-09 07:57:45,035 [INFO] OS/2 subsetting not needed
2026-09-09 07:57:45,038 [INFO] hmtx subsetted
2026-09-09 07:57:45,040 [INFO] cmap subsetted
2026-09-09 07:57:45,040 [INFO] fpgm subsetting not needed
2026-09-09 07:57:45,040 [INFO] prep subsetting not needed
2026-09-09 07:57:45,040 [INFO] cvt  subsetting not needed
2026-09-09 07:57:45,040 [INFO] loca subsetting not needed
2026-09-09 07:57:45,040 [INFO] post subsetted
2026-09-09 07:57:45,040 [INFO] gasp subsetting not needed
2026-09-09 07:57:45,042 [INFO] GDEF subsetted
2026-09-09 07:57:45,065 [INFO] GPOS subsetted
2026-09-09 07:57:45,066 [INFO] GSUB subsetted
2026-09-09 07:57:45,067 [INFO] name subsetting not needed
2026-09-09 07:57:45,068 [INFO] glyf subsetted
2026-09-09 07:57:45,068 [INFO] head pruned
2026-09-09 07:57:45,069 [INFO] OS/2 Unicode ranges pruned: [0]
2026-09-09 07:57:45,069 [INFO] OS/2 CodePage ranges pruned: [0]
2026-09-09 07:57:45,069 [INFO] glyf pruned
2026-09-09 07:57:45,070 [INFO] GDEF pruned
2026-09-09 07:57:45,070 [INFO] GPOS pruned
2026-09-09 07:57:45,070 [INFO] GSUB pruned
2026-09-09 07:57:45,078 [INFO] name pruned
2026-09-09 07:57:45,087 [INFO] maxp pruned
2026-09-09 07:57:45,095 [INFO] cmap pruned
2026-09-09 07:57:45,095 [INFO] kern dropped
2026-09-09 07:57:45,096 [INFO] post pruned
2026-09-09 07:57:45,096 [INFO] FFTM dropped
2026-09-09 07:57:45,097 [INFO] GPOS pruned
2026-09-09 07:57:45,100 [INFO] GSUB pruned
2026-09-09 07:57:45,106 [INFO] glyf pruned
2026-09-09 07:57:45,107 [INFO] Added gid0 to subset
2026-09-09 07:57:45,107 [INFO] Added first four glyphs to subset
2026-09-09 07:57:45,107 [INFO] Closing glyph list over 'GSUB': 15 glyphs before
2026-09-09 07:57:45,107 [INFO] Glyph names: ['.notdef', '.null', 'A', 'D', 'F', 'G', 'H', 'I', 'L', 'N', 'O', 'T', 'U', 'nonmarkingreturn', 'space']
2026-09-09 07:57:45,108 [INFO] Glyph IDs:   [0, 1, 2, 3, 36, 39, 41, 42, 43, 44, 47, 49, 50, 55, 56]
2026-09-09 07:57:45,108 [INFO] Closed glyph list over 'GSUB': 15 glyphs after
2026-09-09 07:57:45,108 [INFO] Glyph names: ['.notdef', '.null', 'A', 'D', 'F', 'G', 'H', 'I', 'L', 'N', 'O', 'T', 'U', 'nonmarkingreturn', 'space']
2026-09-09 07:57:45,109 [INFO] Glyph IDs:   [0, 1, 2, 3, 36, 39, 41, 42, 43, 44, 47, 49, 50, 55, 56]
2026-09-09 07:57:45,109 [INFO] Closing glyph list over 'glyf': 15 glyphs before
2026-09-09 07:57:45,109 [INFO] Glyph names: ['.notdef', '.null', 'A', 'D', 'F', 'G', 'H', 'I', 'L', 'N', 'O', 'T', 'U', 'nonmarkingreturn', 'space']
2026-09-09 07:57:45,109 [INFO] Glyph IDs:   [0, 1, 2, 3, 36, 39, 41, 42, 43, 44, 47, 49, 50, 55, 56]
2026-09-09 07:57:45,109 [INFO] Closed glyph list over 'glyf': 15 glyphs after
2026-09-09 07:57:45,109 [INFO] Glyph names: ['.notdef', '.null', 'A', 'D', 'F', 'G', 'H', 'I', 'L', 'N', 'O', 'T', 'U', 'nonmarkingreturn', 'space']
2026-09-09 07:57:45,109 [INFO] Glyph IDs:   [0, 1, 2, 3, 36, 39, 41, 42, 43, 44, 47, 49, 50, 55, 56]
2026-09-09 07:57:45,110 [INFO] Retaining 15 glyphs
2026-09-09 07:57:45,110 [INFO] head subsetting not needed
2026-09-09 07:57:45,110 [INFO] hhea subsetting not needed
2026-09-09 07:57:45,110 [INFO] maxp subsetting not needed
2026-09-09 07:57:45,110 [INFO] OS/2 subsetting not needed
2026-09-09 07:57:45,112 [INFO] hmtx subsetted
2026-09-09 07:57:45,115 [INFO] cmap subsetted
2026-09-09 07:57:45,115 [INFO] fpgm subsetting not needed
2026-09-09 07:57:45,115 [INFO] prep subsetting not needed
2026-09-09 07:57:45,115 [INFO] cvt  subsetting not needed
2026-09-09 07:57:45,115 [INFO] loca subsetting not needed
2026-09-09 07:57:45,115 [INFO] post subsetted
2026-09-09 07:57:45,115 [INFO] gasp subsetting not needed
2026-09-09 07:57:45,117 [INFO] GDEF subsetted
2026-09-09 07:57:45,132 [INFO] GPOS subsetted
2026-09-09 07:57:45,133 [INFO] GSUB subsetted
2026-09-09 07:57:45,133 [INFO] name subsetting not needed
2026-09-09 07:57:45,135 [INFO] glyf subsetted
2026-09-09 07:57:45,135 [INFO] head pruned
2026-09-09 07:57:45,135 [INFO] OS/2 Unicode ranges pruned: [0]
2026-09-09 07:57:45,135 [INFO] OS/2 CodePage ranges pruned: [0]
2026-09-09 07:57:45,136 [INFO] glyf pruned
2026-09-09 07:57:45,136 [INFO] GDEF pruned
2026-09-09 07:57:45,136 [INFO] GPOS pruned
2026-09-09 07:57:45,136 [INFO] GSUB pruned
2026-09-09 07:57:45,139 [INFO] name pruned
2026-09-09 07:57:45,145 [INFO] maxp pruned
2026-09-09 07:57:45,153 [INFO] cmap pruned
2026-09-09 07:57:45,155 [INFO] kern dropped
2026-09-09 07:57:45,159 [INFO] post pruned
2026-09-09 07:57:45,159 [INFO] FFTM dropped
2026-09-09 07:57:45,161 [INFO] GPOS pruned
2026-09-09 07:57:45,164 [INFO] GSUB pruned
2026-09-09 07:57:45,171 [INFO] glyf pruned
2026-09-09 07:57:45,172 [INFO] Added gid0 to subset
2026-09-09 07:57:45,173 [INFO] Added first four glyphs to subset
2026-09-09 07:57:45,173 [INFO] Closing glyph list over 'GSUB': 48 glyphs before
2026-09-09 07:57:45,173 [INFO] Glyph names: ['.notdef', '.null', 'A', 'B', 'C', 'D', 'E', 'G', 'M', 'N', 'P', 'R', 'S', 'T', 'W', 'a', 'b', 'c', 'colon', 'd', 'e', 'eight', 'f', 'four', 'g', 'h', 'i', 'l', 'm', 'n', 'nonmarkingreturn', 'o', 'one', 'p', 'parenleft', 'parenright', 'period', 'r', 's', 'six', 'space', 't', 'three', 'two', 'u', 'v', 'y', 'zero']
2026-09-09 07:57:45,174 [INFO] Glyph IDs:   [0, 1, 2, 3, 11, 12, 17, 19, 20, 21, 22, 23, 25, 27, 29, 36, 37, 38, 39, 40, 42, 48, 49, 51, 53, 54, 55, 58, 68, 69, 70, 71, 72, 73, 74, 75, 76, 79, 80, 81, 82, 83, 85, 86, 87, 88, 89, 92]
2026-09-09 07:57:45,176 [INFO] Closed glyph list over 'GSUB': 53 glyphs after
2026-09-09 07:57:45,176 [INFO] Glyph names: ['.notdef', '.null', 'A', 'B', 'C', 'D', 'E', 'G', 'M', 'N', 'P', 'R', 'S', 'T', 'W', 'a', 'b', 'c', 'colon', 'd', 'e', 'eight', 'f', 'fi', 'fl', 'four', 'g', 'h', 'i', 'l', 'm', 'n', 'nonmarkingreturn', 'o', 'one', 'p', 'parenleft', 'parenright', 'period', 'r', 's', 'six', 'space', 't', 'three', 'two', 'u', 'uniFB00', 'uniFB03', 'uniFB04', 'v', 'y', 'zero']
2026-09-09 07:57:45,177 [INFO] Glyph IDs:   [0, 1, 2, 3, 11, 12, 17, 19, 20, 21, 22, 23, 25, 27, 29, 36, 37, 38, 39, 40, 42, 48, 49, 51, 53, 54, 55, 58, 68, 69, 70, 71, 72, 73, 74, 75, 76, 79, 80, 81, 82, 83, 85, 86, 87, 88, 89, 92, 4731, 4732, 4733, 4734, 4735]
2026-09-09 07:57:45,177 [INFO] Closing glyph list over 'glyf': 53 glyphs before
2026-09-09 07:57:45,177 [INFO] Glyph names: ['.notdef', '.null', 'A', 'B', 'C', 'D', 'E', 'G', 'M', 'N', 'P', 'R', 'S', 'T', 'W', 'a', 'b', 'c', 'colon', 'd', 'e', 'eight', 'f', 'fi', 'fl', 'four', 'g', 'h', 'i', 'l', 'm', 'n', 'nonmarkingreturn', 'o', 'one', 'p', 'parenleft', 'parenright', 'period', 'r', 's', 'six', 'space', 't', 'three', 'two', 'u', 'uniFB00', 'uniFB03', 'uniFB04', 'v', 'y', 'zero']
2026-09-09 07:57:45,177 [INFO] Glyph IDs:   [0, 1, 2, 3, 11, 12, 17, 19, 20, 21, 22, 23, 25, 27, 29, 36, 37, 38, 39, 40, 42, 48, 49, 51, 53, 54, 55, 58, 68, 69, 70, 71, 72, 73, 74, 75, 76, 79, 80, 81, 82, 83, 85, 86, 87, 88, 89, 92, 4731, 4732, 4733, 4734, 4735]
2026-09-09 07:57:45,177 [INFO] Closed glyph list over 'glyf': 53 glyphs after
2026-09-09 07:57:45,177 [INFO] Glyph names: ['.notdef', '.null', 'A', 'B', 'C', 'D', 'E', 'G', 'M', 'N', 'P', 'R', 'S', 'T', 'W', 'a', 'b', 'c', 'colon', 'd', 'e', 'eight', 'f', 'fi', 'fl', 'four', 'g', 'h', 'i', 'l', 'm', 'n', 'nonmarkingreturn', 'o', 'one', 'p', 'parenleft', 'parenright', 'period', 'r', 's', 'six', 'space', 't', 'three', 'two', 'u', 'uniFB00', 'uniFB03', 'uniFB04', 'v', 'y', 'zero']
2026-09-09 07:57:45,177 [INFO] Glyph IDs:   [0, 1, 2, 3, 11, 12, 17, 19, 20, 21, 22, 23, 25, 27, 29, 36, 37, 38, 39, 40, 42, 48, 49, 51, 53, 54, 55, 58, 68, 69, 70, 71, 72, 73, 74, 75, 76, 79, 80, 81, 82, 83, 85, 86, 87, 88, 89, 92, 4731, 4732, 4733, 4734, 4735]
2026-09-09 07:57:45,178 [INFO] Retaining 53 glyphs
2026-09-09 07:57:45,178 [INFO] head subsetting not needed
2026-09-09 07:57:45,178 [INFO] hhea subsetting not needed
2026-09-09 07:57:45,178 [INFO] maxp subsetting not needed
2026-09-09 07:57:45,178 [INFO] OS/2 subsetting not needed
2026-09-09 07:57:45,182 [INFO] hmtx subsetted
2026-09-09 07:57:45,184 [INFO] cmap subsetted
2026-09-09 07:57:45,184 [INFO] fpgm subsetting not needed
2026-09-09 07:57:45,184 [INFO] prep subsetting not needed
2026-09-09 07:57:45,184 [INFO] cvt  subsetting not needed
2026-09-09 07:57:45,184 [INFO] loca subsetting not needed
2026-09-09 07:57:45,184 [INFO] post subsetted
2026-09-09 07:57:45,184 [INFO] gasp subsetting not needed
2026-09-09 07:57:45,186 [INFO] GDEF subsetted
2026-09-09 07:57:45,202 [INFO] GPOS subsetted
2026-09-09 07:57:45,204 [INFO] GSUB subsetted
2026-09-09 07:57:45,204 [INFO] name subsetting not needed
2026-09-09 07:57:45,205 [INFO] glyf subsetted
2026-09-09 07:57:45,205 [INFO] head pruned
2026-09-09 07:57:45,206 [INFO] OS/2 Unicode ranges pruned: [0]
2026-09-09 07:57:45,206 [INFO] OS/2 CodePage ranges pruned: [0]
2026-09-09 07:57:45,207 [INFO] glyf pruned
2026-09-09 07:57:45,207 [INFO] GDEF pruned
2026-09-09 07:57:45,208 [INFO] GPOS pruned
2026-09-09 07:57:45,208 [INFO] GSUB pruned
2026-09-09 07:57:45,216 [INFO] name pruned
2026-09-09 07:57:45,224 [INFO] maxp pruned
2026-09-09 07:57:45,235 [INFO] cmap pruned
2026-09-09 07:57:45,235 [INFO] kern dropped
2026-09-09 07:57:45,235 [INFO] post pruned
2026-09-09 07:57:45,235 [INFO] FFTM dropped
2026-09-09 07:57:45,237 [INFO] GPOS pruned
2026-09-09 07:57:45,240 [INFO] GSUB pruned
2026-09-09 07:57:45,245 [INFO] glyf pruned
2026-09-09 07:57:45,246 [INFO] Added gid0 to subset
2026-09-09 07:57:45,246 [INFO] Added first four glyphs to subset
2026-09-09 07:57:45,246 [INFO] Closing glyph list over 'MATH': 51 glyphs before
2026-09-09 07:57:45,246 [INFO] Glyph names: ['.notdef', '.null', 'A', 'B', 'C', 'D', 'E', 'G', 'I', 'K', 'L', 'M', 'N', 'O', 'P', 'R', 'S', 'Y', 'a', 'c', 'd', 'degree', 'e', 'eight', 'equal', 'five', 'four', 'g', 'h', 'i', 'l', 'n', 'nine', 'nonmarkingreturn', 'o', 'one', 'p', 'parenleft', 'parenright', 'period', 'r', 'seven', 'six', 'slash', 'space', 't', 'two', 'u', 'v', 'y', 'zero']
2026-09-09 07:57:45,248 [INFO] Glyph IDs:   [0, 1, 2, 3, 11, 12, 17, 18, 19, 20, 21, 23, 24, 25, 26, 27, 28, 32, 36, 37, 38, 39, 40, 42, 44, 46, 47, 48, 49, 50, 51, 53, 54, 60, 68, 70, 71, 72, 74, 75, 76, 79, 81, 82, 83, 85, 87, 88, 89, 92, 114]
2026-09-09 07:57:45,249 [INFO] Closed glyph list over 'MATH': 57 glyphs after
2026-09-09 07:57:45,249 [INFO] Glyph names: ['.notdef', '.null', 'A', 'B', 'C', 'D', 'E', 'G', 'I', 'K', 'L', 'M', 'N', 'O', 'P', 'R', 'S', 'Y', 'a', 'c', 'd', 'degree', 'e', 'eight', 'equal', 'five', 'four', 'g', 'h', 'i', 'l', 'n', 'nine', 'nonmarkingreturn', 'o', 'one', 'p', 'parenleft', 'parenright', 'period', 'r', 'seven', 'six', 'slash', 'space', 't', 'two', 'u', 'uni239B', 'uni239C', 'uni239D', 'uni239E', 'uni239F', 'uni23A0', 'v', 'y', 'zero']
2026-09-09 07:57:45,249 [INFO] Glyph IDs:   [0, 1, 2, 3, 11, 12, 17, 18, 19, 20, 21, 23, 24, 25, 26, 27, 28, 32, 36, 37, 38, 39, 40, 42, 44, 46, 47, 48, 49, 50, 51, 53, 54, 60, 68, 70, 71, 72, 74, 75, 76, 79, 81, 82, 83, 85, 87, 88, 89, 92, 114, 3506, 3507, 3508, 3509, 3510, 3511]
2026-09-09 07:57:45,249 [INFO] Closing glyph list over 'GSUB': 57 glyphs before
2026-09-09 07:57:45,249 [INFO] Glyph names: ['.notdef', '.null', 'A', 'B', 'C', 'D', 'E', 'G', 'I', 'K', 'L', 'M', 'N', 'O', 'P', 'R', 'S', 'Y', 'a', 'c', 'd', 'degree', 'e', 'eight', 'equal', 'five', 'four', 'g', 'h', 'i', 'l', 'n', 'nine', 'nonmarkingreturn', 'o', 'one', 'p', 'parenleft', 'parenright', 'period', 'r', 'seven', 'six', 'slash', 'space', 't', 'two', 'u', 'uni239B', 'uni239C', 'uni239D', 'uni239E', 'uni239F', 'uni23A0', 'v', 'y', 'zero']
2026-09-09 07:57:45,249 [INFO] Glyph IDs:   [0, 1, 2, 3, 11, 12, 17, 18, 19, 20, 21, 23, 24, 25, 26, 27, 28, 32, 36, 37, 38, 39, 40, 42, 44, 46, 47, 48, 49, 50, 51, 53, 54, 60, 68, 70, 71, 72, 74, 75, 76, 79, 81, 82, 83, 85, 87, 88, 89, 92, 114, 3506, 3507, 3508, 3509, 3510, 3511]
2026-09-09 07:57:45,253 [INFO] Closed glyph list over 'GSUB': 57 glyphs after
2026-09-09 07:57:45,253 [INFO] Glyph names: ['.notdef', '.null', 'A', 'B', 'C', 'D', 'E', 'G', 'I', 'K', 'L', 'M', 'N', 'O', 'P', 'R', 'S', 'Y', 'a', 'c', 'd', 'degree', 'e', 'eight', 'equal', 'five', 'four', 'g', 'h', 'i', 'l', 'n', 'nine', 'nonmarkingreturn', 'o', 'one', 'p', 'parenleft', 'parenright', 'period', 'r', 'seven', 'six', 'slash', 'space', 't', 'two', 'u', 'uni239B', 'uni239C', 'uni239D', 'uni239E', 'uni239F', 'uni23A0', 'v', 'y', 'zero']
2026-09-09 07:57:45,253 [INFO] Glyph IDs:   [0, 1, 2, 3, 11, 12, 17, 18, 19, 20, 21, 23, 24, 25, 26, 27, 28, 32, 36, 37, 38, 39, 40, 42, 44, 46, 47, 48, 49, 50, 51, 53, 54, 60, 68, 70, 71, 72, 74, 75, 76, 79, 81, 82, 83, 85, 87, 88, 89, 92, 114, 3506, 3507, 3508, 3509, 3510, 3511]
2026-09-09 07:57:45,253 [INFO] Closing glyph list over 'glyf': 57 glyphs before
2026-09-09 07:57:45,253 [INFO] Glyph names: ['.notdef', '.null', 'A', 'B', 'C', 'D', 'E', 'G', 'I', 'K', 'L', 'M', 'N', 'O', 'P', 'R', 'S', 'Y', 'a', 'c', 'd', 'degree', 'e', 'eight', 'equal', 'five', 'four', 'g', 'h', 'i', 'l', 'n', 'nine', 'nonmarkingreturn', 'o', 'one', 'p', 'parenleft', 'parenright', 'period', 'r', 'seven', 'six', 'slash', 'space', 't', 'two', 'u', 'uni239B', 'uni239C', 'uni239D', 'uni239E', 'uni239F', 'uni23A0', 'v', 'y', 'zero']
2026-09-09 07:57:45,254 [INFO] Glyph IDs:   [0, 1, 2, 3, 11, 12, 17, 18, 19, 20, 21, 23, 24, 25, 26, 27, 28, 32, 36, 37, 38, 39, 40, 42, 44, 46, 47, 48, 49, 50, 51, 53, 54, 60, 68, 70, 71, 72, 74, 75, 76, 79, 81, 82, 83, 85, 87, 88, 89, 92, 114, 3506, 3507, 3508, 3509, 3510, 3511]
2026-09-09 07:57:45,254 [INFO] Closed glyph list over 'glyf': 57 glyphs after
2026-09-09 07:57:45,254 [INFO] Glyph names: ['.notdef', '.null', 'A', 'B', 'C', 'D', 'E', 'G', 'I', 'K', 'L', 'M', 'N', 'O', 'P', 'R', 'S', 'Y', 'a', 'c', 'd', 'degree', 'e', 'eight', 'equal', 'five', 'four', 'g', 'h', 'i', 'l', 'n', 'nine', 'nonmarkingreturn', 'o', 'one', 'p', 'parenleft', 'parenright', 'period', 'r', 'seven', 'six', 'slash', 'space', 't', 'two', 'u', 'uni239B', 'uni239C', 'uni239D', 'uni239E', 'uni239F', 'uni23A0', 'v', 'y', 'zero']
2026-09-09 07:57:45,254 [INFO] Glyph IDs:   [0, 1, 2, 3, 11, 12, 17, 18, 19, 20, 21, 23, 24, 25, 26, 27, 28, 32, 36, 37, 38, 39, 40, 42, 44, 46, 47, 48, 49, 50, 51, 53, 54, 60, 68, 70, 71, 72, 74, 75, 76, 79, 81, 82, 83, 85, 87, 88, 89, 92, 114, 3506, 3507, 3508, 3509, 3510, 3511]
2026-09-09 07:57:45,254 [INFO] Retaining 57 glyphs
2026-09-09 07:57:45,255 [INFO] head subsetting not needed
2026-09-09 07:57:45,255 [INFO] hhea subsetting not needed
2026-09-09 07:57:45,255 [INFO] maxp subsetting not needed
2026-09-09 07:57:45,255 [INFO] OS/2 subsetting not needed
2026-09-09 07:57:45,258 [INFO] hmtx subsetted
2026-09-09 07:57:45,261 [INFO] cmap subsetted
2026-09-09 07:57:45,261 [INFO] fpgm subsetting not needed
2026-09-09 07:57:45,261 [INFO] prep subsetting not needed
2026-09-09 07:57:45,261 [INFO] cvt  subsetting not needed
2026-09-09 07:57:45,261 [INFO] loca subsetting not needed
2026-09-09 07:57:45,261 [INFO] post subsetted
2026-09-09 07:57:45,261 [INFO] gasp subsetting not needed
2026-09-09 07:57:45,262 [INFO] MATH subsetted
2026-09-09 07:57:45,265 [INFO] GDEF subsetted
2026-09-09 07:57:45,289 [INFO] GPOS subsetted
2026-09-09 07:57:45,291 [INFO] GSUB subsetted
2026-09-09 07:57:45,291 [INFO] name subsetting not needed
2026-09-09 07:57:45,292 [INFO] glyf subsetted
2026-09-09 07:57:45,293 [INFO] head pruned
2026-09-09 07:57:45,293 [INFO] OS/2 Unicode ranges pruned: [0, 1]
2026-09-09 07:57:45,293 [INFO] OS/2 CodePage ranges pruned: [0]
2026-09-09 07:57:45,294 [INFO] glyf pruned
2026-09-09 07:57:45,294 [INFO] GDEF pruned
2026-09-09 07:57:45,294 [INFO] GPOS pruned
2026-09-09 07:57:45,294 [INFO] GSUB pruned
2026-09-09 07:57:45,309 [INFO] name pruned
2026-09-09 07:57:52,237 [INFO] maxp pruned
2026-09-09 07:57:52,247 [INFO] cmap pruned
2026-09-09 07:57:52,247 [INFO] kern dropped
2026-09-09 07:57:52,247 [INFO] post pruned
2026-09-09 07:57:52,247 [INFO] FFTM dropped
2026-09-09 07:57:52,250 [INFO] GPOS pruned
2026-09-09 07:57:52,254 [INFO] GSUB pruned
2026-09-09 07:57:52,259 [INFO] glyf pruned
2026-09-09 07:57:52,260 [INFO] Added gid0 to subset
2026-09-09 07:57:52,260 [INFO] Added first four glyphs to subset
2026-09-09 07:57:52,260 [INFO] Closing glyph list over 'GSUB': 47 glyphs before
2026-09-09 07:57:52,260 [INFO] Glyph names: ['.notdef', '.null', 'A', 'D', 'I', 'M', 'P', 'R', 'S', 'W', 'a', 'ampersand', 'b', 'c', 'comma', 'd', 'e', 'eight', 'endash', 'f', 'five', 'four', 'g', 'i', 'k', 'l', 'm', 'n', 'nine', 'nonmarkingreturn', 'o', 'one', 'p', 'parenleft', 'parenright', 'r', 's', 'seven', 'six', 'slash', 'space', 't', 'three', 'two', 'u', 'y', 'zero']
2026-09-09 07:57:52,261 [INFO] Glyph IDs:   [0, 1, 2, 3, 9, 11, 12, 15, 18, 19, 20, 21, 22, 23, 24, 25, 26, 27, 28, 36, 39, 44, 48, 51, 53, 54, 58, 68, 69, 70, 71, 72, 73, 74, 76, 78, 79, 80, 81, 82, 83, 85, 86, 87, 88, 92, 2805]
2026-09-09 07:57:52,266 [INFO] Closed glyph list over 'GSUB': 52 glyphs after
2026-09-09 07:57:52,266 [INFO] Glyph names: ['.notdef', '.null', 'A', 'D', 'I', 'M', 'P', 'R', 'S', 'W', 'a', 'ampersand', 'b', 'c', 'comma', 'd', 'e', 'eight', 'endash', 'f', 'fi', 'five', 'fl', 'four', 'g', 'i', 'k', 'l', 'm', 'n', 'nine', 'nonmarkingreturn', 'o', 'one', 'p', 'parenleft', 'parenright', 'r', 's', 'seven', 'six', 'slash', 'space', 't', 'three', 'two', 'u', 'uniFB00', 'uniFB03', 'uniFB04', 'y', 'zero']
2026-09-09 07:57:52,267 [INFO] Glyph IDs:   [0, 1, 2, 3, 9, 11, 12, 15, 18, 19, 20, 21, 22, 23, 24, 25, 26, 27, 28, 36, 39, 44, 48, 51, 53, 54, 58, 68, 69, 70, 71, 72, 73, 74, 76, 78, 79, 80, 81, 82, 83, 85, 86, 87, 88, 92, 2805, 5034, 5035, 5036, 5037, 5038]
2026-09-09 07:57:52,267 [INFO] Closing glyph list over 'glyf': 52 glyphs before
2026-09-09 07:57:52,267 [INFO] Glyph names: ['.notdef', '.null', 'A', 'D', 'I', 'M', 'P', 'R', 'S', 'W', 'a', 'ampersand', 'b', 'c', 'comma', 'd', 'e', 'eight', 'endash', 'f', 'fi', 'five', 'fl', 'four', 'g', 'i', 'k', 'l', 'm', 'n', 'nine', 'nonmarkingreturn', 'o', 'one', 'p', 'parenleft', 'parenright', 'r', 's', 'seven', 'six', 'slash', 'space', 't', 'three', 'two', 'u', 'uniFB00', 'uniFB03', 'uniFB04', 'y', 'zero']
2026-09-09 07:57:52,267 [INFO] Glyph IDs:   [0, 1, 2, 3, 9, 11, 12, 15, 18, 19, 20, 21, 22, 23, 24, 25, 26, 27, 28, 36, 39, 44, 48, 51, 53, 54, 58, 68, 69, 70, 71, 72, 73, 74, 76, 78, 79, 80, 81, 82, 83, 85, 86, 87, 88, 92, 2805, 5034, 5035, 5036, 5037, 5038]
2026-09-09 07:57:52,267 [INFO] Closed glyph list over 'glyf': 52 glyphs after
2026-09-09 07:57:52,267 [INFO] Glyph names: ['.notdef', '.null', 'A', 'D', 'I', 'M', 'P', 'R', 'S', 'W', 'a', 'ampersand', 'b', 'c', 'comma', 'd', 'e', 'eight', 'endash', 'f', 'fi', 'five', 'fl', 'four', 'g', 'i', 'k', 'l', 'm', 'n', 'nine', 'nonmarkingreturn', 'o', 'one', 'p', 'parenleft', 'parenright', 'r', 's', 'seven', 'six', 'slash', 'space', 't', 'three', 'two', 'u', 'uniFB00', 'uniFB03', 'uniFB04', 'y', 'zero']
2026-09-09 07:57:52,267 [INFO] Glyph IDs:   [0, 1, 2, 3, 9, 11, 12, 15, 18, 19, 20, 21, 22, 23, 24, 25, 26, 27, 28, 36, 39, 44, 48, 51, 53, 54, 58, 68, 69, 70, 71, 72, 73, 74, 76, 78, 79, 80, 81, 82, 83, 85, 86, 87, 88, 92, 2805, 5034, 5035, 5036, 5037, 5038]
2026-09-09 07:57:52,268 [INFO] Retaining 52 glyphs
2026-09-09 07:57:52,268 [INFO] head subsetting not needed
2026-09-09 07:57:52,268 [INFO] hhea subsetting not needed
2026-09-09 07:57:52,268 [INFO] maxp subsetting not needed
2026-09-09 07:57:52,268 [INFO] OS/2 subsetting not needed
2026-09-09 07:57:52,271 [INFO] hmtx subsetted
2026-09-09 07:57:52,273 [INFO] cmap subsetted
2026-09-09 07:57:52,273 [INFO] fpgm subsetting not needed
2026-09-09 07:57:52,273 [INFO] prep subsetting not needed
2026-09-09 07:57:52,273 [INFO] cvt  subsetting not needed
2026-09-09 07:57:52,273 [INFO] loca subsetting not needed
2026-09-09 07:57:52,274 [INFO] post subsetted
2026-09-09 07:57:52,274 [INFO] gasp subsetting not needed
2026-09-09 07:57:52,276 [INFO] GDEF subsetted
2026-09-09 07:57:52,300 [INFO] GPOS subsetted
2026-09-09 07:57:52,302 [INFO] GSUB subsetted
2026-09-09 07:57:52,302 [INFO] name subsetting not needed
2026-09-09 07:57:52,304 [INFO] glyf subsetted
2026-09-09 07:57:52,305 [INFO] head pruned
2026-09-09 07:57:52,305 [INFO] OS/2 Unicode ranges pruned: [0, 31]
2026-09-09 07:57:52,306 [INFO] OS/2 CodePage ranges pruned: [0]
2026-09-09 07:57:52,306 [INFO] glyf pruned
2026-09-09 07:57:52,307 [INFO] GDEF pruned
2026-09-09 07:57:52,307 [INFO] GPOS pruned
2026-09-09 07:57:52,307 [INFO] GSUB pruned
2026-09-09 07:57:52,313 [INFO] name pruned
2026-09-09 07:57:52,323 [INFO] maxp pruned
2026-09-09 07:57:52,334 [INFO] cmap pruned
2026-09-09 07:57:52,335 [INFO] kern dropped
2026-09-09 07:57:52,335 [INFO] post pruned
2026-09-09 07:57:52,335 [INFO] FFTM dropped
2026-09-09 07:57:52,336 [INFO] GPOS pruned
2026-09-09 07:57:52,339 [INFO] GSUB pruned
2026-09-09 07:57:52,345 [INFO] glyf pruned
2026-09-09 07:57:52,346 [INFO] Added gid0 to subset
2026-09-09 07:57:52,347 [INFO] Added first four glyphs to subset
2026-09-09 07:57:52,347 [INFO] Closing glyph list over 'MATH': 51 glyphs before
2026-09-09 07:57:52,347 [INFO] Glyph names: ['.notdef', '.null', 'A', 'D', 'E', 'L', 'M', 'N', 'O', 'R', 'S', 'W', 'a', 'c', 'd', 'degree', 'e', 'eight', 'endash', 'f', 'five', 'four', 'g', 'i', 'k', 'l', 'm', 'n', 'nine', 'nonmarkingreturn', 'o', 'one', 'p', 'parenleft', 'parenright', 'percent', 'period', 'r', 's', 'seven', 'six', 'slash', 'space', 't', 'three', 'two', 'u', 'v', 'w', 'y', 'zero']
2026-09-09 07:57:52,348 [INFO] Glyph IDs:   [0, 1, 2, 3, 8, 11, 12, 17, 18, 19, 20, 21, 22, 23, 24, 25, 26, 27, 28, 36, 39, 40, 47, 48, 49, 50, 53, 54, 58, 68, 70, 71, 72, 73, 74, 76, 78, 79, 80, 81, 82, 83, 85, 86, 87, 88, 89, 90, 92, 114, 2805]
2026-09-09 07:57:52,348 [INFO] Closed glyph list over 'MATH': 57 glyphs after
2026-09-09 07:57:52,349 [INFO] Glyph names: ['.notdef', '.null', 'A', 'D', 'E', 'L', 'M', 'N', 'O', 'R', 'S', 'W', 'a', 'c', 'd', 'degree', 'e', 'eight', 'endash', 'f', 'five', 'four', 'g', 'i', 'k', 'l', 'm', 'n', 'nine', 'nonmarkingreturn', 'o', 'one', 'p', 'parenleft', 'parenright', 'percent', 'period', 'r', 's', 'seven', 'six', 'slash', 'space', 't', 'three', 'two', 'u', 'uni239B', 'uni239C', 'uni239D', 'uni239E', 'uni239F', 'uni23A0', 'v', 'w', 'y', 'zero']
2026-09-09 07:57:52,349 [INFO] Glyph IDs:   [0, 1, 2, 3, 8, 11, 12, 17, 18, 19, 20, 21, 22, 23, 24, 25, 26, 27, 28, 36, 39, 40, 47, 48, 49, 50, 53, 54, 58, 68, 70, 71, 72, 73, 74, 76, 78, 79, 80, 81, 82, 83, 85, 86, 87, 88, 89, 90, 92, 114, 2805, 3506, 3507, 3508, 3509, 3510, 3511]
2026-09-09 07:57:52,349 [INFO] Closing glyph list over 'GSUB': 57 glyphs before
2026-09-09 07:57:52,349 [INFO] Glyph names: ['.notdef', '.null', 'A', 'D', 'E', 'L', 'M', 'N', 'O', 'R', 'S', 'W', 'a', 'c', 'd', 'degree', 'e', 'eight', 'endash', 'f', 'five', 'four', 'g', 'i', 'k', 'l', 'm', 'n', 'nine', 'nonmarkingreturn', 'o', 'one', 'p', 'parenleft', 'parenright', 'percent', 'period', 'r', 's', 'seven', 'six', 'slash', 'space', 't', 'three', 'two', 'u', 'uni239B', 'uni239C', 'uni239D', 'uni239E', 'uni239F', 'uni23A0', 'v', 'w', 'y', 'zero']
2026-09-09 07:57:52,349 [INFO] Glyph IDs:   [0, 1, 2, 3, 8, 11, 12, 17, 18, 19, 20, 21, 22, 23, 24, 25, 26, 27, 28, 36, 39, 40, 47, 48, 49, 50, 53, 54, 58, 68, 70, 71, 72, 73, 74, 76, 78, 79, 80, 81, 82, 83, 85, 86, 87, 88, 89, 90, 92, 114, 2805, 3506, 3507, 3508, 3509, 3510, 3511]
2026-09-09 07:57:52,353 [INFO] Closed glyph list over 'GSUB': 62 glyphs after
2026-09-09 07:57:52,353 [INFO] Glyph names: ['.notdef', '.null', 'A', 'D', 'E', 'L', 'M', 'N', 'O', 'R', 'S', 'W', 'a', 'c', 'd', 'degree', 'e', 'eight', 'endash', 'f', 'fi', 'five', 'fl', 'four', 'g', 'i', 'k', 'l', 'm', 'n', 'nine', 'nonmarkingreturn', 'o', 'one', 'p', 'parenleft', 'parenright', 'percent', 'period', 'r', 's', 'seven', 'six', 'slash', 'space', 't', 'three', 'two', 'u', 'uni239B', 'uni239C', 'uni239D', 'uni239E', 'uni239F', 'uni23A0', 'uniFB00', 'uniFB03', 'uniFB04', 'v', 'w', 'y', 'zero']
2026-09-09 07:57:52,353 [INFO] Glyph IDs:   [0, 1, 2, 3, 8, 11, 12, 17, 18, 19, 20, 21, 22, 23, 24, 25, 26, 27, 28, 36, 39, 40, 47, 48, 49, 50, 53, 54, 58, 68, 70, 71, 72, 73, 74, 76, 78, 79, 80, 81, 82, 83, 85, 86, 87, 88, 89, 90, 92, 114, 2805, 3506, 3507, 3508, 3509, 3510, 3511, 5038, 5039, 5040, 5041, 5042]
2026-09-09 07:57:52,353 [INFO] Closing glyph list over 'glyf': 62 glyphs before
2026-09-09 07:57:52,353 [INFO] Glyph names: ['.notdef', '.null', 'A', 'D', 'E', 'L', 'M', 'N', 'O', 'R', 'S', 'W', 'a', 'c', 'd', 'degree', 'e', 'eight', 'endash', 'f', 'fi', 'five', 'fl', 'four', 'g', 'i', 'k', 'l', 'm', 'n', 'nine', 'nonmarkingreturn', 'o', 'one', 'p', 'parenleft', 'parenright', 'percent', 'period', 'r', 's', 'seven', 'six', 'slash', 'space', 't', 'three', 'two', 'u', 'uni239B', 'uni239C', 'uni239D', 'uni239E', 'uni239F', 'uni23A0', 'uniFB00', 'uniFB03', 'uniFB04', 'v', 'w', 'y', 'zero']
2026-09-09 07:57:52,353 [INFO] Glyph IDs:   [0, 1, 2, 3, 8, 11, 12, 17, 18, 19, 20, 21, 22, 23, 24, 25, 26, 27, 28, 36, 39, 40, 47, 48, 49, 50, 53, 54, 58, 68, 70, 71, 72, 73, 74, 76, 78, 79, 80, 81, 82, 83, 85, 86, 87, 88, 89, 90, 92, 114, 2805, 3506, 3507, 3508, 3509, 3510, 3511, 5038, 5039, 5040, 5041, 5042]
2026-09-09 07:57:52,353 [INFO] Closed glyph list over 'glyf': 62 glyphs after
2026-09-09 07:57:52,354 [INFO] Glyph names: ['.notdef', '.null', 'A', 'D', 'E', 'L', 'M', 'N', 'O', 'R', 'S', 'W', 'a', 'c', 'd', 'degree', 'e', 'eight', 'endash', 'f', 'fi', 'five', 'fl', 'four', 'g', 'i', 'k', 'l', 'm', 'n', 'nine', 'nonmarkingreturn', 'o', 'one', 'p', 'parenleft', 'parenright', 'percent', 'period', 'r', 's', 'seven', 'six', 'slash', 'space', 't', 'three', 'two', 'u', 'uni239B', 'uni239C', 'uni239D', 'uni239E', 'uni239F', 'uni23A0', 'uniFB00', 'uniFB03', 'uniFB04', 'v', 'w', 'y', 'zero']
2026-09-09 07:57:52,354 [INFO] Glyph IDs:   [0, 1, 2, 3, 8, 11, 12, 17, 18, 19, 20, 21, 22, 23, 24, 25, 26, 27, 28, 36, 39, 40, 47, 48, 49, 50, 53, 54, 58, 68, 70, 71, 72, 73, 74, 76, 78, 79, 80, 81, 82, 83, 85, 86, 87, 88, 89, 90, 92, 114, 2805, 3506, 3507, 3508, 3509, 3510, 3511, 5038, 5039, 5040, 5041, 5042]
2026-09-09 07:57:52,354 [INFO] Retaining 62 glyphs
2026-09-09 07:57:52,354 [INFO] head subsetting not needed
2026-09-09 07:57:52,355 [INFO] hhea subsetting not needed
2026-09-09 07:57:52,355 [INFO] maxp subsetting not needed
2026-09-09 07:57:52,355 [INFO] OS/2 subsetting not needed
2026-09-09 07:57:52,363 [INFO] hmtx subsetted
2026-09-09 07:57:52,366 [INFO] cmap subsetted
2026-09-09 07:57:52,366 [INFO] fpgm subsetting not needed
2026-09-09 07:57:52,366 [INFO] prep subsetting not needed
2026-09-09 07:57:52,366 [INFO] cvt  subsetting not needed
2026-09-09 07:57:52,366 [INFO] loca subsetting not needed
2026-09-09 07:57:52,366 [INFO] post subsetted
2026-09-09 07:57:52,366 [INFO] gasp subsetting not needed
2026-09-09 07:57:52,366 [INFO] MATH subsetted
2026-09-09 07:57:52,368 [INFO] GDEF subsetted
2026-09-09 07:57:52,427 [INFO] GPOS subsetted
2026-09-09 07:57:52,429 [INFO] GSUB subsetted
2026-09-09 07:57:52,429 [INFO] name subsetting not needed
2026-09-09 07:57:52,430 [INFO] glyf subsetted
2026-09-09 07:57:52,431 [INFO] head pruned
2026-09-09 07:57:52,431 [INFO] OS/2 Unicode ranges pruned: [0, 1, 31]
2026-09-09 07:57:52,431 [INFO] OS/2 CodePage ranges pruned: [0]
2026-09-09 07:57:52,432 [INFO] glyf pruned
2026-09-09 07:57:52,432 [INFO] GDEF pruned
2026-09-09 07:57:52,432 [INFO] GPOS pruned
2026-09-09 07:57:52,432 [INFO] GSUB pruned
2026-09-09 07:57:52,444 [INFO] name pruned
2026-09-09 07:57:56,014 [INFO] maxp pruned
2026-09-09 07:57:56,023 [INFO] cmap pruned
2026-09-09 07:57:56,024 [INFO] kern dropped
2026-09-09 07:57:56,024 [INFO] post pruned
2026-09-09 07:57:56,024 [INFO] FFTM dropped
2026-09-09 07:57:56,027 [INFO] GPOS pruned
2026-09-09 07:57:56,031 [INFO] GSUB pruned
2026-09-09 07:57:56,035 [INFO] glyf pruned
2026-09-09 07:57:56,036 [INFO] Added gid0 to subset
2026-09-09 07:57:56,036 [INFO] Added first four glyphs to subset
2026-09-09 07:57:56,037 [INFO] Closing glyph list over 'GSUB': 55 glyphs before
2026-09-09 07:57:56,037 [INFO] Glyph names: ['.notdef', '.null', 'A', 'B', 'D', 'M', 'N', 'P', 'R', 'S', 'W', 'Y', 'a', 'b', 'c', 'colon', 'comma', 'd', 'e', 'eight', 'endash', 'equal', 'f', 'five', 'four', 'g', 'h', 'hyphen', 'i', 'k', 'l', 'm', 'n', 'nine', 'nonmarkingreturn', 'o', 'one', 'p', 'parenleft', 'parenright', 'r', 's', 'seven', 'sigma', 'slash', 'space', 't', 'two', 'u', 'v', 'w', 'x', 'y', 'z', 'zero']
2026-09-09 07:57:56,039 [INFO] Glyph IDs:   [0, 1, 2, 3, 11, 12, 15, 16, 18, 19, 20, 21, 23, 24, 26, 27, 28, 29, 32, 36, 37, 39, 48, 49, 51, 53, 54, 58, 60, 68, 69, 70, 71, 72, 73, 74, 75, 76, 78, 79, 80, 81, 82, 83, 85, 86, 87, 88, 89, 90, 91, 92, 93, 855, 2805]
2026-09-09 07:57:56,042 [INFO] Closed glyph list over 'GSUB': 60 glyphs after
2026-09-09 07:57:56,042 [INFO] Glyph names: ['.notdef', '.null', 'A', 'B', 'D', 'M', 'N', 'P', 'R', 'S', 'W', 'Y', 'a', 'b', 'c', 'colon', 'comma', 'd', 'e', 'eight', 'endash', 'equal', 'f', 'fi', 'five', 'fl', 'four', 'g', 'h', 'hyphen', 'i', 'k', 'l', 'm', 'n', 'nine', 'nonmarkingreturn', 'o', 'one', 'p', 'parenleft', 'parenright', 'r', 's', 'seven', 'sigma', 'slash', 'space', 't', 'two', 'u', 'uniFB00', 'uniFB03', 'uniFB04', 'v', 'w', 'x', 'y', 'z', 'zero']
2026-09-09 07:57:56,043 [INFO] Glyph IDs:   [0, 1, 2, 3, 11, 12, 15, 16, 18, 19, 20, 21, 23, 24, 26, 27, 28, 29, 32, 36, 37, 39, 48, 49, 51, 53, 54, 58, 60, 68, 69, 70, 71, 72, 73, 74, 75, 76, 78, 79, 80, 81, 82, 83, 85, 86, 87, 88, 89, 90, 91, 92, 93, 855, 2805, 5034, 5035, 5036, 5037, 5038]
2026-09-09 07:57:56,043 [INFO] Closing glyph list over 'glyf': 60 glyphs before
2026-09-09 07:57:56,043 [INFO] Glyph names: ['.notdef', '.null', 'A', 'B', 'D', 'M', 'N', 'P', 'R', 'S', 'W', 'Y', 'a', 'b', 'c', 'colon', 'comma', 'd', 'e', 'eight', 'endash', 'equal', 'f', 'fi', 'five', 'fl', 'four', 'g', 'h', 'hyphen', 'i', 'k', 'l', 'm', 'n', 'nine', 'nonmarkingreturn', 'o', 'one', 'p', 'parenleft', 'parenright', 'r', 's', 'seven', 'sigma', 'slash', 'space', 't', 'two', 'u', 'uniFB00', 'uniFB03', 'uniFB04', 'v', 'w', 'x', 'y', 'z', 'zero']
2026-09-09 07:57:56,043 [INFO] Glyph IDs:   [0, 1, 2, 3, 11, 12, 15, 16, 18, 19, 20, 21, 23, 24, 26, 27, 28, 29, 32, 36, 37, 39, 48, 49, 51, 53, 54, 58, 60, 68, 69, 70, 71, 72, 73, 74, 75, 76, 78, 79, 80, 81, 82, 83, 85, 86, 87, 88, 89, 90, 91, 92, 93, 855, 2805, 5034, 5035, 5036, 5037, 5038]
2026-09-09 07:57:56,043 [INFO] Closed glyph list over 'glyf': 60 glyphs after
2026-09-09 07:57:56,043 [INFO] Glyph names: ['.notdef', '.null', 'A', 'B', 'D', 'M', 'N', 'P', 'R', 'S', 'W', 'Y', 'a', 'b', 'c', 'colon', 'comma', 'd', 'e', 'eight', 'endash', 'equal', 'f', 'fi', 'five', 'fl', 'four', 'g', 'h', 'hyphen', 'i', 'k', 'l', 'm', 'n', 'nine', 'nonmarkingreturn', 'o', 'one', 'p', 'parenleft', 'parenright', 'r', 's', 'seven', 'sigma', 'slash', 'space', 't', 'two', 'u', 'uniFB00', 'uniFB03', 'uniFB04', 'v', 'w', 'x', 'y', 'z', 'zero']
2026-09-09 07:57:56,043 [INFO] Glyph IDs:   [0, 1, 2, 3, 11, 12, 15, 16, 18, 19, 20, 21, 23, 24, 26, 27, 28, 29, 32, 36, 37, 39, 48, 49, 51, 53, 54, 58, 60, 68, 69, 70, 71, 72, 73, 74, 75, 76, 78, 79, 80, 81, 82, 83, 85, 86, 87, 88, 89, 90, 91, 92, 93, 855, 2805, 5034, 5035, 5036, 5037, 5038]
2026-09-09 07:57:56,044 [INFO] Retaining 60 glyphs
2026-09-09 07:57:56,044 [INFO] head subsetting not needed
2026-09-09 07:57:56,044 [INFO] hhea subsetting not needed
2026-09-09 07:57:56,044 [INFO] maxp subsetting not needed
2026-09-09 07:57:56,044 [INFO] OS/2 subsetting not needed
2026-09-09 07:57:56,047 [INFO] hmtx subsetted
2026-09-09 07:57:56,049 [INFO] cmap subsetted
2026-09-09 07:57:56,049 [INFO] fpgm subsetting not needed
2026-09-09 07:57:56,049 [INFO] prep subsetting not needed
2026-09-09 07:57:56,049 [INFO] cvt  subsetting not needed
2026-09-09 07:57:56,049 [INFO] loca subsetting not needed
2026-09-09 07:57:56,049 [INFO] post subsetted
2026-09-09 07:57:56,049 [INFO] gasp subsetting not needed
2026-09-09 07:57:56,053 [INFO] GDEF subsetted
2026-09-09 07:57:56,078 [INFO] GPOS subsetted
2026-09-09 07:57:56,080 [INFO] GSUB subsetted
2026-09-09 07:57:56,080 [INFO] name subsetting not needed
2026-09-09 07:57:56,081 [INFO] glyf subsetted
2026-09-09 07:57:56,082 [INFO] head pruned
2026-09-09 07:57:56,082 [INFO] OS/2 Unicode ranges pruned: [0, 7, 31]
2026-09-09 07:57:56,082 [INFO] OS/2 CodePage ranges pruned: [0]
2026-09-09 07:57:56,083 [INFO] glyf pruned
2026-09-09 07:57:56,083 [INFO] GDEF pruned
2026-09-09 07:57:56,083 [INFO] GPOS pruned
2026-09-09 07:57:56,083 [INFO] GSUB pruned
2026-09-09 07:57:56,094 [INFO] name pruned
2026-09-09 07:57:56,103 [INFO] maxp pruned
2026-09-09 07:57:56,114 [INFO] cmap pruned
2026-09-09 07:57:56,114 [INFO] kern dropped
2026-09-09 07:57:56,114 [INFO] post pruned
2026-09-09 07:57:56,114 [INFO] FFTM dropped
2026-09-09 07:57:56,116 [INFO] GPOS pruned
2026-09-09 07:57:56,120 [INFO] GSUB pruned
2026-09-09 07:57:56,125 [INFO] glyf pruned
2026-09-09 07:57:56,127 [INFO] Added gid0 to subset
2026-09-09 07:57:56,127 [INFO] Added first four glyphs to subset
2026-09-09 07:57:56,127 [INFO] Closing glyph list over 'MATH': 48 glyphs before
2026-09-09 07:57:56,127 [INFO] Glyph names: ['.notdef', '.null', 'D', 'G', 'M', 'N', 'P', 'S', 'a', 'c', 'comma', 'd', 'e', 'eight', 'five', 'four', 'g', 'hyphen', 'i', 'k', 'l', 'm', 'minus', 'n', 'nine', 'nonmarkingreturn', 'o', 'one', 'p', 'parenleft', 'parenright', 'period', 'plus', 'plusminus', 'quotesingle', 'r', 's', 'seven', 'six', 'slash', 'space', 't', 'three', 'two', 'v', 'w', 'y', 'zero']
2026-09-09 07:57:56,128 [INFO] Glyph IDs:   [0, 1, 2, 3, 10, 11, 12, 14, 15, 16, 17, 18, 19, 20, 21, 22, 23, 24, 25, 26, 27, 28, 39, 42, 48, 49, 51, 54, 68, 70, 71, 72, 74, 76, 78, 79, 80, 81, 82, 83, 85, 86, 87, 89, 90, 92, 115, 3228]
2026-09-09 07:57:56,129 [INFO] Closed glyph list over 'MATH': 54 glyphs after
2026-09-09 07:57:56,129 [INFO] Glyph names: ['.notdef', '.null', 'D', 'G', 'M', 'N', 'P', 'S', 'a', 'c', 'comma', 'd', 'e', 'eight', 'five', 'four', 'g', 'hyphen', 'i', 'k', 'l', 'm', 'minus', 'n', 'nine', 'nonmarkingreturn', 'o', 'one', 'p', 'parenleft', 'parenright', 'period', 'plus', 'plusminus', 'quotesingle', 'r', 's', 'seven', 'six', 'slash', 'space', 't', 'three', 'two', 'uni239B', 'uni239C', 'uni239D', 'uni239E', 'uni239F', 'uni23A0', 'v', 'w', 'y', 'zero']
2026-09-09 07:57:56,129 [INFO] Glyph IDs:   [0, 1, 2, 3, 10, 11, 12, 14, 15, 16, 17, 18, 19, 20, 21, 22, 23, 24, 25, 26, 27, 28, 39, 42, 48, 49, 51, 54, 68, 70, 71, 72, 74, 76, 78, 79, 80, 81, 82, 83, 85, 86, 87, 89, 90, 92, 115, 3228, 3506, 3507, 3508, 3509, 3510, 3511]
2026-09-09 07:57:56,129 [INFO] Closing glyph list over 'GSUB': 54 glyphs before
2026-09-09 07:57:56,130 [INFO] Glyph names: ['.notdef', '.null', 'D', 'G', 'M', 'N', 'P', 'S', 'a', 'c', 'comma', 'd', 'e', 'eight', 'five', 'four', 'g', 'hyphen', 'i', 'k', 'l', 'm', 'minus', 'n', 'nine', 'nonmarkingreturn', 'o', 'one', 'p', 'parenleft', 'parenright', 'period', 'plus', 'plusminus', 'quotesingle', 'r', 's', 'seven', 'six', 'slash', 'space', 't', 'three', 'two', 'uni239B', 'uni239C', 'uni239D', 'uni239E', 'uni239F', 'uni23A0', 'v', 'w', 'y', 'zero']
2026-09-09 07:57:56,130 [INFO] Glyph IDs:   [0, 1, 2, 3, 10, 11, 12, 14, 15, 16, 17, 18, 19, 20, 21, 22, 23, 24, 25, 26, 27, 28, 39, 42, 48, 49, 51, 54, 68, 70, 71, 72, 74, 76, 78, 79, 80, 81, 82, 83, 85, 86, 87, 89, 90, 92, 115, 3228, 3506, 3507, 3508, 3509, 3510, 3511]
2026-09-09 07:57:56,134 [INFO] Closed glyph list over 'GSUB': 54 glyphs after
2026-09-09 07:57:56,134 [INFO] Glyph names: ['.notdef', '.null', 'D', 'G', 'M', 'N', 'P', 'S', 'a', 'c', 'comma', 'd', 'e', 'eight', 'five', 'four', 'g', 'hyphen', 'i', 'k', 'l', 'm', 'minus', 'n', 'nine', 'nonmarkingreturn', 'o', 'one', 'p', 'parenleft', 'parenright', 'period', 'plus', 'plusminus', 'quotesingle', 'r', 's', 'seven', 'six', 'slash', 'space', 't', 'three', 'two', 'uni239B', 'uni239C', 'uni239D', 'uni239E', 'uni239F', 'uni23A0', 'v', 'w', 'y', 'zero']
2026-09-09 07:57:56,135 [INFO] Glyph IDs:   [0, 1, 2, 3, 10, 11, 12, 14, 15, 16, 17, 18, 19, 20, 21, 22, 23, 24, 25, 26, 27, 28, 39, 42, 48, 49, 51, 54, 68, 70, 71, 72, 74, 76, 78, 79, 80, 81, 82, 83, 85, 86, 87, 89, 90, 92, 115, 3228, 3506, 3507, 3508, 3509, 3510, 3511]
2026-09-09 07:57:56,135 [INFO] Closing glyph list over 'glyf': 54 glyphs before
2026-09-09 07:57:56,135 [INFO] Glyph names: ['.notdef', '.null', 'D', 'G', 'M', 'N', 'P', 'S', 'a', 'c', 'comma', 'd', 'e', 'eight', 'five', 'four', 'g', 'hyphen', 'i', 'k', 'l', 'm', 'minus', 'n', 'nine', 'nonmarkingreturn', 'o', 'one', 'p', 'parenleft', 'parenright', 'period', 'plus', 'plusminus', 'quotesingle', 'r', 's', 'seven', 'six', 'slash', 'space', 't', 'three', 'two', 'uni239B', 'uni239C', 'uni239D', 'uni239E', 'uni239F', 'uni23A0', 'v', 'w', 'y', 'zero']
2026-09-09 07:57:56,135 [INFO] Glyph IDs:   [0, 1, 2, 3, 10, 11, 12, 14, 15, 16, 17, 18, 19, 20, 21, 22, 23, 24, 25, 26, 27, 28, 39, 42, 48, 49, 51, 54, 68, 70, 71, 72, 74, 76, 78, 79, 80, 81, 82, 83, 85, 86, 87, 89, 90, 92, 115, 3228, 3506, 3507, 3508, 3509, 3510, 3511]
2026-09-09 07:57:56,135 [INFO] Closed glyph list over 'glyf': 54 glyphs after
2026-09-09 07:57:56,135 [INFO] Glyph names: ['.notdef', '.null', 'D', 'G', 'M', 'N', 'P', 'S', 'a', 'c', 'comma', 'd', 'e', 'eight', 'five', 'four', 'g', 'hyphen', 'i', 'k', 'l', 'm', 'minus', 'n', 'nine', 'nonmarkingreturn', 'o', 'one', 'p', 'parenleft', 'parenright', 'period', 'plus', 'plusminus', 'quotesingle', 'r', 's', 'seven', 'six', 'slash', 'space', 't', 'three', 'two', 'uni239B', 'uni239C', 'uni239D', 'uni239E', 'uni239F', 'uni23A0', 'v', 'w', 'y', 'zero']
2026-09-09 07:57:56,135 [INFO] Glyph IDs:   [0, 1, 2, 3, 10, 11, 12, 14, 15, 16, 17, 18, 19, 20, 21, 22, 23, 24, 25, 26, 27, 28, 39, 42, 48, 49, 51, 54, 68, 70, 71, 72, 74, 76, 78, 79, 80, 81, 82, 83, 85, 86, 87, 89, 90, 92, 115, 3228, 3506, 3507, 3508, 3509, 3510, 3511]
2026-09-09 07:57:56,136 [INFO] Retaining 54 glyphs
2026-09-09 07:57:56,136 [INFO] head subsetting not needed
2026-09-09 07:57:56,136 [INFO] hhea subsetting not needed
2026-09-09 07:57:56,136 [INFO] maxp subsetting not needed
2026-09-09 07:57:56,136 [INFO] OS/2 subsetting not needed
2026-09-09 07:57:56,139 [INFO] hmtx subsetted
2026-09-09 07:57:56,141 [INFO] cmap subsetted
2026-09-09 07:57:56,142 [INFO] fpgm subsetting not needed
2026-09-09 07:57:56,142 [INFO] prep subsetting not needed
2026-09-09 07:57:56,142 [INFO] cvt  subsetting not needed
2026-09-09 07:57:56,142 [INFO] loca subsetting not needed
2026-09-09 07:57:56,142 [INFO] post subsetted
2026-09-09 07:57:56,142 [INFO] gasp subsetting not needed
2026-09-09 07:57:56,142 [INFO] MATH subsetted
2026-09-09 07:57:56,146 [INFO] GDEF subsetted
2026-09-09 07:57:56,173 [INFO] GPOS subsetted
2026-09-09 07:57:56,175 [INFO] GSUB subsetted
2026-09-09 07:57:56,175 [INFO] name subsetting not needed
2026-09-09 07:57:56,177 [INFO] glyf subsetted
2026-09-09 07:57:56,177 [INFO] head pruned
2026-09-09 07:57:56,178 [INFO] OS/2 Unicode ranges pruned: [0, 1, 38]
2026-09-09 07:57:56,178 [INFO] OS/2 CodePage ranges pruned: [0]
2026-09-09 07:57:56,178 [INFO] glyf pruned
2026-09-09 07:57:56,178 [INFO] GDEF pruned
2026-09-09 07:57:56,179 [INFO] GPOS pruned
2026-09-09 07:57:56,179 [INFO] GSUB pruned
2026-09-09 07:57:56,187 [INFO] name pruned
2026-09-09 07:57:58,912 [INFO] maxp pruned
2026-09-09 07:57:58,922 [INFO] cmap pruned
2026-09-09 07:57:58,922 [INFO] kern dropped
2026-09-09 07:57:58,922 [INFO] post pruned
2026-09-09 07:57:58,922 [INFO] FFTM dropped
2026-09-09 07:57:58,924 [INFO] GPOS pruned
2026-09-09 07:57:58,927 [INFO] GSUB pruned
2026-09-09 07:57:58,933 [INFO] glyf pruned
2026-09-09 07:57:58,935 [INFO] Added gid0 to subset
2026-09-09 07:57:58,935 [INFO] Added first four glyphs to subset
2026-09-09 07:57:58,935 [INFO] Closing glyph list over 'GSUB': 60 glyphs before
2026-09-09 07:57:58,935 [INFO] Glyph names: ['.notdef', '.null', 'C', 'F', 'K', 'M', 'P', 'R', 'S', 'T', 'U', 'V', 'W', 'Y', 'Z', 'a', 'ampersand', 'asterisk', 'b', 'c', 'colon', 'comma', 'd', 'e', 'eight', 'equal', 'f', 'five', 'four', 'g', 'hyphen', 'i', 'l', 'm', 'n', 'nine', 'nonmarkingreturn', 'o', 'one', 'p', 'parenleft', 'parenright', 'period', 'plus', 'quotesingle', 'r', 's', 'seven', 'six', 'slash', 'space', 't', 'three', 'two', 'u', 'v', 'w', 'y', 'z', 'zero']
2026-09-09 07:57:58,936 [INFO] Glyph IDs:   [0, 1, 2, 3, 9, 10, 11, 12, 13, 14, 15, 16, 17, 18, 19, 20, 21, 22, 23, 24, 25, 26, 27, 28, 29, 32, 38, 41, 46, 48, 51, 53, 54, 55, 56, 57, 58, 60, 61, 68, 69, 70, 71, 72, 73, 74, 76, 79, 80, 81, 82, 83, 85, 86, 87, 88, 89, 90, 92, 93]
2026-09-09 07:57:58,941 [INFO] Closed glyph list over 'GSUB': 65 glyphs after
2026-09-09 07:57:58,941 [INFO] Glyph names: ['.notdef', '.null', 'C', 'F', 'K', 'M', 'P', 'R', 'S', 'T', 'U', 'V', 'W', 'Y', 'Z', 'a', 'ampersand', 'asterisk', 'b', 'c', 'colon', 'comma', 'd', 'e', 'eight', 'equal', 'f', 'fi', 'five', 'fl', 'four', 'g', 'hyphen', 'i', 'l', 'm', 'n', 'nine', 'nonmarkingreturn', 'o', 'one', 'p', 'parenleft', 'parenright', 'period', 'plus', 'quotesingle', 'r', 's', 'seven', 'six', 'slash', 'space', 't', 'three', 'two', 'u', 'uniFB00', 'uniFB03', 'uniFB04', 'v', 'w', 'y', 'z', 'zero']
2026-09-09 07:57:58,941 [INFO] Glyph IDs:   [0, 1, 2, 3, 9, 10, 11, 12, 13, 14, 15, 16, 17, 18, 19, 20, 21, 22, 23, 24, 25, 26, 27, 28, 29, 32, 38, 41, 46, 48, 51, 53, 54, 55, 56, 57, 58, 60, 61, 68, 69, 70, 71, 72, 73, 74, 76, 79, 80, 81, 82, 83, 85, 86, 87, 88, 89, 90, 92, 93, 5034, 5035, 5036, 5037, 5038]
2026-09-09 07:57:58,941 [INFO] Closing glyph list over 'glyf': 65 glyphs before
2026-09-09 07:57:58,941 [INFO] Glyph names: ['.notdef', '.null', 'C', 'F', 'K', 'M', 'P', 'R', 'S', 'T', 'U', 'V', 'W', 'Y', 'Z', 'a', 'ampersand', 'asterisk', 'b', 'c', 'colon', 'comma', 'd', 'e', 'eight', 'equal', 'f', 'fi', 'five', 'fl', 'four', 'g', 'hyphen', 'i', 'l', 'm', 'n', 'nine', 'nonmarkingreturn', 'o', 'one', 'p', 'parenleft', 'parenright', 'period', 'plus', 'quotesingle', 'r', 's', 'seven', 'six', 'slash', 'space', 't', 'three', 'two', 'u', 'uniFB00', 'uniFB03', 'uniFB04', 'v', 'w', 'y', 'z', 'zero']
2026-09-09 07:57:58,942 [INFO] Glyph IDs:   [0, 1, 2, 3, 9, 10, 11, 12, 13, 14, 15, 16, 17, 18, 19, 20, 21, 22, 23, 24, 25, 26, 27, 28, 29, 32, 38, 41, 46, 48, 51, 53, 54, 55, 56, 57, 58, 60, 61, 68, 69, 70, 71, 72, 73, 74, 76, 79, 80, 81, 82, 83, 85, 86, 87, 88, 89, 90, 92, 93, 5034, 5035, 5036, 5037, 5038]
2026-09-09 07:57:58,942 [INFO] Closed glyph list over 'glyf': 65 glyphs after
2026-09-09 07:57:58,942 [INFO] Glyph names: ['.notdef', '.null', 'C', 'F', 'K', 'M', 'P', 'R', 'S', 'T', 'U', 'V', 'W', 'Y', 'Z', 'a', 'ampersand', 'asterisk', 'b', 'c', 'colon', 'comma', 'd', 'e', 'eight', 'equal', 'f', 'fi', 'five', 'fl', 'four', 'g', 'hyphen', 'i', 'l', 'm', 'n', 'nine', 'nonmarkingreturn', 'o', 'one', 'p', 'parenleft', 'parenright', 'period', 'plus', 'quotesingle', 'r', 's', 'seven', 'six', 'slash', 'space', 't', 'three', 'two', 'u', 'uniFB00', 'uniFB03', 'uniFB04', 'v', 'w', 'y', 'z', 'zero']
2026-09-09 07:57:58,942 [INFO] Glyph IDs:   [0, 1, 2, 3, 9, 10, 11, 12, 13, 14, 15, 16, 17, 18, 19, 20, 21, 22, 23, 24, 25, 26, 27, 28, 29, 32, 38, 41, 46, 48, 51, 53, 54, 55, 56, 57, 58, 60, 61, 68, 69, 70, 71, 72, 73, 74, 76, 79, 80, 81, 82, 83, 85, 86, 87, 88, 89, 90, 92, 93, 5034, 5035, 5036, 5037, 5038]
2026-09-09 07:57:58,942 [INFO] Retaining 65 glyphs
2026-09-09 07:57:58,943 [INFO] head subsetting not needed
2026-09-09 07:57:58,943 [INFO] hhea subsetting not needed
2026-09-09 07:57:58,943 [INFO] maxp subsetting not needed
2026-09-09 07:57:58,943 [INFO] OS/2 subsetting not needed
2026-09-09 07:57:58,947 [INFO] hmtx subsetted
2026-09-09 07:57:58,950 [INFO] cmap subsetted
2026-09-09 07:57:58,950 [INFO] fpgm subsetting not needed
2026-09-09 07:57:58,951 [INFO] prep subsetting not needed
2026-09-09 07:57:58,951 [INFO] cvt  subsetting not needed
2026-09-09 07:57:58,951 [INFO] loca subsetting not needed
2026-09-09 07:57:58,951 [INFO] post subsetted
2026-09-09 07:57:58,951 [INFO] gasp subsetting not needed
2026-09-09 07:57:58,953 [INFO] GDEF subsetted
2026-09-09 07:57:58,980 [INFO] GPOS subsetted
2026-09-09 07:57:58,982 [INFO] GSUB subsetted
2026-09-09 07:57:58,982 [INFO] name subsetting not needed
2026-09-09 07:57:58,983 [INFO] glyf subsetted
2026-09-09 07:57:58,983 [INFO] head pruned
2026-09-09 07:57:58,984 [INFO] OS/2 Unicode ranges pruned: [0]
2026-09-09 07:57:58,984 [INFO] OS/2 CodePage ranges pruned: [0]
2026-09-09 07:57:58,984 [INFO] glyf pruned
2026-09-09 07:57:58,984 [INFO] GDEF pruned
2026-09-09 07:57:58,985 [INFO] GPOS pruned
2026-09-09 07:57:58,986 [INFO] GSUB pruned
2026-09-09 07:57:59,000 [INFO] name pruned
2026-09-09 07:57:59,010 [INFO] maxp pruned
2026-09-09 07:57:59,021 [INFO] cmap pruned
2026-09-09 07:57:59,021 [INFO] kern dropped
2026-09-09 07:57:59,021 [INFO] post pruned
2026-09-09 07:57:59,021 [INFO] FFTM dropped
2026-09-09 07:57:59,023 [INFO] GPOS pruned
2026-09-09 07:57:59,027 [INFO] GSUB pruned
2026-09-09 07:57:59,032 [INFO] glyf pruned
2026-09-09 07:57:59,033 [INFO] Added gid0 to subset
2026-09-09 07:57:59,033 [INFO] Added first four glyphs to subset
2026-09-09 07:57:59,033 [INFO] Closing glyph list over 'MATH': 52 glyphs before
2026-09-09 07:57:59,033 [INFO] Glyph names: ['.notdef', '.null', 'A', 'B', 'D', 'F', 'K', 'M', 'P', 'R', 'S', 'T', 'U', 'W', 'Y', 'a', 'alpha', 'ampersand', 'c', 'd', 'e', 'eight', 'equal', 'five', 'four', 'g', 'hyphen', 'i', 'l', 'minus', 'n', 'nine', 'nonmarkingreturn', 'o', 'one', 'p', 'parenleft', 'parenright', 'period', 'r', 's', 'seven', 'six', 'space', 't', 'three', 'two', 'u', 'v', 'w', 'y', 'zero']
2026-09-09 07:57:59,034 [INFO] Glyph IDs:   [0, 1, 2, 3, 9, 11, 12, 16, 17, 19, 20, 21, 22, 23, 24, 25, 26, 27, 28, 32, 36, 37, 39, 41, 46, 48, 51, 53, 54, 55, 56, 58, 60, 68, 70, 71, 72, 74, 76, 79, 81, 82, 83, 85, 86, 87, 88, 89, 90, 92, 837, 3228]
2026-09-09 07:57:59,035 [INFO] Closed glyph list over 'MATH': 58 glyphs after
2026-09-09 07:57:59,035 [INFO] Glyph names: ['.notdef', '.null', 'A', 'B', 'D', 'F', 'K', 'M', 'P', 'R', 'S', 'T', 'U', 'W', 'Y', 'a', 'alpha', 'ampersand', 'c', 'd', 'e', 'eight', 'equal', 'five', 'four', 'g', 'hyphen', 'i', 'l', 'minus', 'n', 'nine', 'nonmarkingreturn', 'o', 'one', 'p', 'parenleft', 'parenright', 'period', 'r', 's', 'seven', 'six', 'space', 't', 'three', 'two', 'u', 'uni239B', 'uni239C', 'uni239D', 'uni239E', 'uni239F', 'uni23A0', 'v', 'w', 'y', 'zero']
2026-09-09 07:57:59,035 [INFO] Glyph IDs:   [0, 1, 2, 3, 9, 11, 12, 16, 17, 19, 20, 21, 22, 23, 24, 25, 26, 27, 28, 32, 36, 37, 39, 41, 46, 48, 51, 53, 54, 55, 56, 58, 60, 68, 70, 71, 72, 74, 76, 79, 81, 82, 83, 85, 86, 87, 88, 89, 90, 92, 837, 3228, 3506, 3507, 3508, 3509, 3510, 3511]
2026-09-09 07:57:59,035 [INFO] Closing glyph list over 'GSUB': 58 glyphs before
2026-09-09 07:57:59,035 [INFO] Glyph names: ['.notdef', '.null', 'A', 'B', 'D', 'F', 'K', 'M', 'P', 'R', 'S', 'T', 'U', 'W', 'Y', 'a', 'alpha', 'ampersand', 'c', 'd', 'e', 'eight', 'equal', 'five', 'four', 'g', 'hyphen', 'i', 'l', 'minus', 'n', 'nine', 'nonmarkingreturn', 'o', 'one', 'p', 'parenleft', 'parenright', 'period', 'r', 's', 'seven', 'six', 'space', 't', 'three', 'two', 'u', 'uni239B', 'uni239C', 'uni239D', 'uni239E', 'uni239F', 'uni23A0', 'v', 'w', 'y', 'zero']
2026-09-09 07:57:59,036 [INFO] Glyph IDs:   [0, 1, 2, 3, 9, 11, 12, 16, 17, 19, 20, 21, 22, 23, 24, 25, 26, 27, 28, 32, 36, 37, 39, 41, 46, 48, 51, 53, 54, 55, 56, 58, 60, 68, 70, 71, 72, 74, 76, 79, 81, 82, 83, 85, 86, 87, 88, 89, 90, 92, 837, 3228, 3506, 3507, 3508, 3509, 3510, 3511]
2026-09-09 07:57:59,039 [INFO] Closed glyph list over 'GSUB': 58 glyphs after
2026-09-09 07:57:59,039 [INFO] Glyph names: ['.notdef', '.null', 'A', 'B', 'D', 'F', 'K', 'M', 'P', 'R', 'S', 'T', 'U', 'W', 'Y', 'a', 'alpha', 'ampersand', 'c', 'd', 'e', 'eight', 'equal', 'five', 'four', 'g', 'hyphen', 'i', 'l', 'minus', 'n', 'nine', 'nonmarkingreturn', 'o', 'one', 'p', 'parenleft', 'parenright', 'period', 'r', 's', 'seven', 'six', 'space', 't', 'three', 'two', 'u', 'uni239B', 'uni239C', 'uni239D', 'uni239E', 'uni239F', 'uni23A0', 'v', 'w', 'y', 'zero']
2026-09-09 07:57:59,040 [INFO] Glyph IDs:   [0, 1, 2, 3, 9, 11, 12, 16, 17, 19, 20, 21, 22, 23, 24, 25, 26, 27, 28, 32, 36, 37, 39, 41, 46, 48, 51, 53, 54, 55, 56, 58, 60, 68, 70, 71, 72, 74, 76, 79, 81, 82, 83, 85, 86, 87, 88, 89, 90, 92, 837, 3228, 3506, 3507, 3508, 3509, 3510, 3511]
2026-09-09 07:57:59,040 [INFO] Closing glyph list over 'glyf': 58 glyphs before
2026-09-09 07:57:59,040 [INFO] Glyph names: ['.notdef', '.null', 'A', 'B', 'D', 'F', 'K', 'M', 'P', 'R', 'S', 'T', 'U', 'W', 'Y', 'a', 'alpha', 'ampersand', 'c', 'd', 'e', 'eight', 'equal', 'five', 'four', 'g', 'hyphen', 'i', 'l', 'minus', 'n', 'nine', 'nonmarkingreturn', 'o', 'one', 'p', 'parenleft', 'parenright', 'period', 'r', 's', 'seven', 'six', 'space', 't', 'three', 'two', 'u', 'uni239B', 'uni239C', 'uni239D', 'uni239E', 'uni239F', 'uni23A0', 'v', 'w', 'y', 'zero']
2026-09-09 07:57:59,040 [INFO] Glyph IDs:   [0, 1, 2, 3, 9, 11, 12, 16, 17, 19, 20, 21, 22, 23, 24, 25, 26, 27, 28, 32, 36, 37, 39, 41, 46, 48, 51, 53, 54, 55, 56, 58, 60, 68, 70, 71, 72, 74, 76, 79, 81, 82, 83, 85, 86, 87, 88, 89, 90, 92, 837, 3228, 3506, 3507, 3508, 3509, 3510, 3511]
2026-09-09 07:57:59,040 [INFO] Closed glyph list over 'glyf': 58 glyphs after
2026-09-09 07:57:59,040 [INFO] Glyph names: ['.notdef', '.null', 'A', 'B', 'D', 'F', 'K', 'M', 'P', 'R', 'S', 'T', 'U', 'W', 'Y', 'a', 'alpha', 'ampersand', 'c', 'd', 'e', 'eight', 'equal', 'five', 'four', 'g', 'hyphen', 'i', 'l', 'minus', 'n', 'nine', 'nonmarkingreturn', 'o', 'one', 'p', 'parenleft', 'parenright', 'period', 'r', 's', 'seven', 'six', 'space', 't', 'three', 'two', 'u', 'uni239B', 'uni239C', 'uni239D', 'uni239E', 'uni239F', 'uni23A0', 'v', 'w', 'y', 'zero']
2026-09-09 07:57:59,041 [INFO] Glyph IDs:   [0, 1, 2, 3, 9, 11, 12, 16, 17, 19, 20, 21, 22, 23, 24, 25, 26, 27, 28, 32, 36, 37, 39, 41, 46, 48, 51, 53, 54, 55, 56, 58, 60, 68, 70, 71, 72, 74, 76, 79, 81, 82, 83, 85, 86, 87, 88, 89, 90, 92, 837, 3228, 3506, 3507, 3508, 3509, 3510, 3511]
2026-09-09 07:57:59,041 [INFO] Retaining 58 glyphs
2026-09-09 07:57:59,041 [INFO] head subsetting not needed
2026-09-09 07:57:59,041 [INFO] hhea subsetting not needed
2026-09-09 07:57:59,041 [INFO] maxp subsetting not needed
2026-09-09 07:57:59,042 [INFO] OS/2 subsetting not needed
2026-09-09 07:57:59,044 [INFO] hmtx subsetted
2026-09-09 07:57:59,047 [INFO] cmap subsetted
2026-09-09 07:57:59,047 [INFO] fpgm subsetting not needed
2026-09-09 07:57:59,047 [INFO] prep subsetting not needed
2026-09-09 07:57:59,047 [INFO] cvt  subsetting not needed
2026-09-09 07:57:59,047 [INFO] loca subsetting not needed
2026-09-09 07:57:59,047 [INFO] post subsetted
2026-09-09 07:57:59,047 [INFO] gasp subsetting not needed
2026-09-09 07:57:59,047 [INFO] MATH subsetted
2026-09-09 07:57:59,049 [INFO] GDEF subsetted
2026-09-09 07:57:59,086 [INFO] GPOS subsetted
2026-09-09 07:57:59,088 [INFO] GSUB subsetted
2026-09-09 07:57:59,089 [INFO] name subsetting not needed
2026-09-09 07:57:59,092 [INFO] glyf subsetted
2026-09-09 07:57:59,093 [INFO] head pruned
2026-09-09 07:57:59,093 [INFO] OS/2 Unicode ranges pruned: [0, 7, 38]
2026-09-09 07:57:59,093 [INFO] OS/2 CodePage ranges pruned: [0]
2026-09-09 07:57:59,094 [INFO] glyf pruned
2026-09-09 07:57:59,095 [INFO] GDEF pruned
2026-09-09 07:57:59,095 [INFO] GPOS pruned
2026-09-09 07:57:59,096 [INFO] GSUB pruned
2026-09-09 07:57:59,111 [INFO] name pruned
2026-09-09 07:57:59,122 [INFO] maxp pruned
2026-09-09 07:57:59,133 [INFO] cmap pruned
2026-09-09 07:57:59,133 [INFO] kern dropped
2026-09-09 07:57:59,133 [INFO] post pruned
2026-09-09 07:57:59,133 [INFO] FFTM dropped
2026-09-09 07:57:59,135 [INFO] GPOS pruned
2026-09-09 07:57:59,144 [INFO] GSUB pruned
2026-09-09 07:57:59,179 [INFO] glyf pruned
2026-09-09 07:57:59,180 [INFO] Added gid0 to subset
2026-09-09 07:57:59,180 [INFO] Added first four glyphs to subset
2026-09-09 07:57:59,180 [INFO] Closing glyph list over 'MATH': 5 glyphs before
2026-09-09 07:57:59,180 [INFO] Glyph names: ['.notdef', '.null', 'fi', 'nonmarkingreturn', 'space']
2026-09-09 07:57:59,181 [INFO] Glyph IDs:   [0, 1, 2, 3, 5039]
2026-09-09 07:57:59,182 [INFO] Closed glyph list over 'MATH': 5 glyphs after
2026-09-09 07:57:59,182 [INFO] Glyph names: ['.notdef', '.null', 'fi', 'nonmarkingreturn', 'space']
2026-09-09 07:57:59,182 [INFO] Glyph IDs:   [0, 1, 2, 3, 5039]
2026-09-09 07:57:59,182 [INFO] Closing glyph list over 'GSUB': 5 glyphs before
2026-09-09 07:57:59,182 [INFO] Glyph names: ['.notdef', '.null', 'fi', 'nonmarkingreturn', 'space']
2026-09-09 07:57:59,182 [INFO] Glyph IDs:   [0, 1, 2, 3, 5039]
2026-09-09 07:57:59,184 [INFO] Closed glyph list over 'GSUB': 5 glyphs after
2026-09-09 07:57:59,184 [INFO] Glyph names: ['.notdef', '.null', 'fi', 'nonmarkingreturn', 'space']
2026-09-09 07:57:59,184 [INFO] Glyph IDs:   [0, 1, 2, 3, 5039]
2026-09-09 07:57:59,184 [INFO] Closing glyph list over 'glyf': 5 glyphs before
2026-09-09 07:57:59,184 [INFO] Glyph names: ['.notdef', '.null', 'fi', 'nonmarkingreturn', 'space']
2026-09-09 07:57:59,185 [INFO] Glyph IDs:   [0, 1, 2, 3, 5039]
2026-09-09 07:57:59,185 [INFO] Closed glyph list over 'glyf': 5 glyphs after
2026-09-09 07:57:59,185 [INFO] Glyph names: ['.notdef', '.null', 'fi', 'nonmarkingreturn', 'space']
2026-09-09 07:57:59,185 [INFO] Glyph IDs:   [0, 1, 2, 3, 5039]
2026-09-09 07:57:59,186 [INFO] Retaining 5 glyphs
2026-09-09 07:57:59,186 [INFO] head subsetting not needed
2026-09-09 07:57:59,187 [INFO] hhea subsetting not needed
2026-09-09 07:57:59,187 [INFO] maxp subsetting not needed
2026-09-09 07:57:59,187 [INFO] OS/2 subsetting not needed
2026-09-09 07:57:59,189 [INFO] hmtx subsetted
2026-09-09 07:57:59,192 [INFO] cmap subsetted
2026-09-09 07:57:59,192 [INFO] fpgm subsetting not needed
2026-09-09 07:57:59,192 [INFO] prep subsetting not needed
2026-09-09 07:57:59,192 [INFO] cvt  subsetting not needed
2026-09-09 07:57:59,192 [INFO] loca subsetting not needed
2026-09-09 07:57:59,192 [INFO] post subsetted
2026-09-09 07:57:59,192 [INFO] gasp subsetting not needed
2026-09-09 07:57:59,192 [INFO] MATH subsetted
2026-09-09 07:57:59,195 [INFO] GDEF subsetted
2026-09-09 07:57:59,217 [INFO] GPOS subsetted
2026-09-09 07:57:59,218 [INFO] GSUB subsetted
2026-09-09 07:57:59,218 [INFO] name subsetting not needed
2026-09-09 07:57:59,220 [INFO] glyf subsetted
2026-09-09 07:57:59,220 [INFO] head pruned
2026-09-09 07:57:59,220 [INFO] OS/2 Unicode ranges pruned: [62]
2026-09-09 07:57:59,220 [INFO] OS/2 CodePage ranges pruned: [0]
2026-09-09 07:57:59,221 [INFO] glyf pruned
2026-09-09 07:57:59,221 [INFO] GDEF pruned
2026-09-09 07:57:59,221 [INFO] GPOS pruned
2026-09-09 07:57:59,221 [INFO] GSUB pruned
2026-09-09 07:57:59,223 [INFO] name pruned
2026-09-09 07:58:01,874 [INFO] maxp pruned
2026-09-09 07:58:01,885 [INFO] cmap pruned
2026-09-09 07:58:01,885 [INFO] kern dropped
2026-09-09 07:58:01,886 [INFO] post pruned
2026-09-09 07:58:01,886 [INFO] FFTM dropped
2026-09-09 07:58:01,887 [INFO] GPOS pruned
2026-09-09 07:58:01,890 [INFO] GSUB pruned
2026-09-09 07:58:01,897 [INFO] glyf pruned
2026-09-09 07:58:01,898 [INFO] Added gid0 to subset
2026-09-09 07:58:01,898 [INFO] Added first four glyphs to subset
2026-09-09 07:58:01,898 [INFO] Closing glyph list over 'GSUB': 59 glyphs before
2026-09-09 07:58:01,898 [INFO] Glyph names: ['.notdef', '.null', 'A', 'B', 'C', 'D', 'F', 'I', 'K', 'L', 'M', 'R', 'S', 'T', 'V', 'W', 'Y', 'Z', 'a', 'ampersand', 'asterisk', 'b', 'c', 'colon', 'd', 'e', 'eight', 'f', 'five', 'four', 'g', 'hyphen', 'i', 'j', 'l', 'm', 'n', 'nine', 'nonmarkingreturn', 'o', 'one', 'p', 'parenleft', 'parenright', 'period', 'plus', 'r', 's', 'six', 'slash', 'space', 't', 'three', 'two', 'u', 'underscore', 'v', 'y', 'zero']
2026-09-09 07:58:01,899 [INFO] Glyph IDs:   [0, 1, 2, 3, 9, 11, 12, 13, 14, 16, 17, 18, 19, 20, 21, 22, 23, 24, 25, 27, 28, 29, 36, 37, 38, 39, 41, 44, 46, 47, 48, 53, 54, 55, 57, 58, 60, 61, 66, 68, 69, 70, 71, 72, 73, 74, 76, 77, 79, 80, 81, 82, 83, 85, 86, 87, 88, 89, 92]
2026-09-09 07:58:01,903 [INFO] Closed glyph list over 'GSUB': 64 glyphs after
2026-09-09 07:58:01,903 [INFO] Glyph names: ['.notdef', '.null', 'A', 'B', 'C', 'D', 'F', 'I', 'K', 'L', 'M', 'R', 'S', 'T', 'V', 'W', 'Y', 'Z', 'a', 'ampersand', 'asterisk', 'b', 'c', 'colon', 'd', 'e', 'eight', 'f', 'fi', 'five', 'fl', 'four', 'g', 'hyphen', 'i', 'j', 'l', 'm', 'n', 'nine', 'nonmarkingreturn', 'o', 'one', 'p', 'parenleft', 'parenright', 'period', 'plus', 'r', 's', 'six', 'slash', 'space', 't', 'three', 'two', 'u', 'underscore', 'uniFB00', 'uniFB03', 'uniFB04', 'v', 'y', 'zero']
2026-09-09 07:58:01,903 [INFO] Glyph IDs:   [0, 1, 2, 3, 9, 11, 12, 13, 14, 16, 17, 18, 19, 20, 21, 22, 23, 24, 25, 27, 28, 29, 36, 37, 38, 39, 41, 44, 46, 47, 48, 53, 54, 55, 57, 58, 60, 61, 66, 68, 69, 70, 71, 72, 73, 74, 76, 77, 79, 80, 81, 82, 83, 85, 86, 87, 88, 89, 92, 5034, 5035, 5036, 5037, 5038]
2026-09-09 07:58:01,903 [INFO] Closing glyph list over 'glyf': 64 glyphs before
2026-09-09 07:58:01,903 [INFO] Glyph names: ['.notdef', '.null', 'A', 'B', 'C', 'D', 'F', 'I', 'K', 'L', 'M', 'R', 'S', 'T', 'V', 'W', 'Y', 'Z', 'a', 'ampersand', 'asterisk', 'b', 'c', 'colon', 'd', 'e', 'eight', 'f', 'fi', 'five', 'fl', 'four', 'g', 'hyphen', 'i', 'j', 'l', 'm', 'n', 'nine', 'nonmarkingreturn', 'o', 'one', 'p', 'parenleft', 'parenright', 'period', 'plus', 'r', 's', 'six', 'slash', 'space', 't', 'three', 'two', 'u', 'underscore', 'uniFB00', 'uniFB03', 'uniFB04', 'v', 'y', 'zero']
2026-09-09 07:58:01,904 [INFO] Glyph IDs:   [0, 1, 2, 3, 9, 11, 12, 13, 14, 16, 17, 18, 19, 20, 21, 22, 23, 24, 25, 27, 28, 29, 36, 37, 38, 39, 41, 44, 46, 47, 48, 53, 54, 55, 57, 58, 60, 61, 66, 68, 69, 70, 71, 72, 73, 74, 76, 77, 79, 80, 81, 82, 83, 85, 86, 87, 88, 89, 92, 5034, 5035, 5036, 5037, 5038]
2026-09-09 07:58:01,904 [INFO] Closed glyph list over 'glyf': 64 glyphs after
2026-09-09 07:58:01,904 [INFO] Glyph names: ['.notdef', '.null', 'A', 'B', 'C', 'D', 'F', 'I', 'K', 'L', 'M', 'R', 'S', 'T', 'V', 'W', 'Y', 'Z', 'a', 'ampersand', 'asterisk', 'b', 'c', 'colon', 'd', 'e', 'eight', 'f', 'fi', 'five', 'fl', 'four', 'g', 'hyphen', 'i', 'j', 'l', 'm', 'n', 'nine', 'nonmarkingreturn', 'o', 'one', 'p', 'parenleft', 'parenright', 'period', 'plus', 'r', 's', 'six', 'slash', 'space', 't', 'three', 'two', 'u', 'underscore', 'uniFB00', 'uniFB03', 'uniFB04', 'v', 'y', 'zero']
2026-09-09 07:58:01,904 [INFO] Glyph IDs:   [0, 1, 2, 3, 9, 11, 12, 13, 14, 16, 17, 18, 19, 20, 21, 22, 23, 24, 25, 27, 28, 29, 36, 37, 38, 39, 41, 44, 46, 47, 48, 53, 54, 55, 57, 58, 60, 61, 66, 68, 69, 70, 71, 72, 73, 74, 76, 77, 79, 80, 81, 82, 83, 85, 86, 87, 88, 89, 92, 5034, 5035, 5036, 5037, 5038]
2026-09-09 07:58:01,904 [INFO] Retaining 64 glyphs
2026-09-09 07:58:01,905 [INFO] head subsetting not needed
2026-09-09 07:58:01,905 [INFO] hhea subsetting not needed
2026-09-09 07:58:01,905 [INFO] maxp subsetting not needed
2026-09-09 07:58:01,905 [INFO] OS/2 subsetting not needed
2026-09-09 07:58:01,908 [INFO] hmtx subsetted
2026-09-09 07:58:01,912 [INFO] cmap subsetted
2026-09-09 07:58:01,912 [INFO] fpgm subsetting not needed
2026-09-09 07:58:01,912 [INFO] prep subsetting not needed
2026-09-09 07:58:01,912 [INFO] cvt  subsetting not needed
2026-09-09 07:58:01,912 [INFO] loca subsetting not needed
2026-09-09 07:58:01,912 [INFO] post subsetted
2026-09-09 07:58:01,913 [INFO] gasp subsetting not needed
2026-09-09 07:58:01,915 [INFO] GDEF subsetted
2026-09-09 07:58:01,939 [INFO] GPOS subsetted
2026-09-09 07:58:01,941 [INFO] GSUB subsetted
2026-09-09 07:58:01,941 [INFO] name subsetting not needed
2026-09-09 07:58:01,942 [INFO] glyf subsetted
2026-09-09 07:58:01,942 [INFO] head pruned
2026-09-09 07:58:01,943 [INFO] OS/2 Unicode ranges pruned: [0]
2026-09-09 07:58:01,943 [INFO] OS/2 CodePage ranges pruned: [0]
2026-09-09 07:58:01,943 [INFO] glyf pruned
2026-09-09 07:58:01,944 [INFO] GDEF pruned
2026-09-09 07:58:01,944 [INFO] GPOS pruned
2026-09-09 07:58:01,944 [INFO] GSUB pruned
2026-09-09 07:58:01,956 [INFO] name pruned
2026-09-09 07:58:01,967 [INFO] maxp pruned
2026-09-09 07:58:01,977 [INFO] cmap pruned
2026-09-09 07:58:01,977 [INFO] kern dropped
2026-09-09 07:58:01,977 [INFO] post pruned
2026-09-09 07:58:01,977 [INFO] FFTM dropped
2026-09-09 07:58:01,979 [INFO] GPOS pruned
2026-09-09 07:58:01,982 [INFO] GSUB pruned
2026-09-09 07:58:01,988 [INFO] glyf pruned
2026-09-09 07:58:01,989 [INFO] Added gid0 to subset
2026-09-09 07:58:01,990 [INFO] Added first four glyphs to subset
2026-09-09 07:58:01,990 [INFO] Closing glyph list over 'GSUB': 5 glyphs before
2026-09-09 07:58:01,990 [INFO] Glyph names: ['.notdef', '.null', 'fi', 'nonmarkingreturn', 'space']
2026-09-09 07:58:01,991 [INFO] Glyph IDs:   [0, 1, 2, 3, 5035]
2026-09-09 07:58:01,992 [INFO] Closed glyph list over 'GSUB': 5 glyphs after
2026-09-09 07:58:01,993 [INFO] Glyph names: ['.notdef', '.null', 'fi', 'nonmarkingreturn', 'space']
2026-09-09 07:58:01,993 [INFO] Glyph IDs:   [0, 1, 2, 3, 5035]
2026-09-09 07:58:01,993 [INFO] Closing glyph list over 'glyf': 5 glyphs before
2026-09-09 07:58:01,993 [INFO] Glyph names: ['.notdef', '.null', 'fi', 'nonmarkingreturn', 'space']
2026-09-09 07:58:01,993 [INFO] Glyph IDs:   [0, 1, 2, 3, 5035]
2026-09-09 07:58:01,993 [INFO] Closed glyph list over 'glyf': 5 glyphs after
2026-09-09 07:58:01,993 [INFO] Glyph names: ['.notdef', '.null', 'fi', 'nonmarkingreturn', 'space']
2026-09-09 07:58:01,993 [INFO] Glyph IDs:   [0, 1, 2, 3, 5035]
2026-09-09 07:58:01,994 [INFO] Retaining 5 glyphs
2026-09-09 07:58:01,994 [INFO] head subsetting not needed
2026-09-09 07:58:01,994 [INFO] hhea subsetting not needed
2026-09-09 07:58:01,994 [INFO] maxp subsetting not needed
2026-09-09 07:58:01,994 [INFO] OS/2 subsetting not needed
2026-09-09 07:58:01,997 [INFO] hmtx subsetted
2026-09-09 07:58:01,999 [INFO] cmap subsetted
2026-09-09 07:58:01,999 [INFO] fpgm subsetting not needed
2026-09-09 07:58:01,999 [INFO] prep subsetting not needed
2026-09-09 07:58:01,999 [INFO] cvt  subsetting not needed
2026-09-09 07:58:01,999 [INFO] loca subsetting not needed
2026-09-09 07:58:02,000 [INFO] post subsetted
2026-09-09 07:58:02,000 [INFO] gasp subsetting not needed
2026-09-09 07:58:02,002 [INFO] GDEF subsetted
2026-09-09 07:58:02,025 [INFO] GPOS subsetted
2026-09-09 07:58:02,026 [INFO] GSUB subsetted
2026-09-09 07:58:02,026 [INFO] name subsetting not needed
2026-09-09 07:58:02,028 [INFO] glyf subsetted
2026-09-09 07:58:02,029 [INFO] head pruned
2026-09-09 07:58:02,029 [INFO] OS/2 Unicode ranges pruned: [62]
2026-09-09 07:58:02,029 [INFO] OS/2 CodePage ranges pruned: [0]
2026-09-09 07:58:02,029 [INFO] glyf pruned
2026-09-09 07:58:02,030 [INFO] GDEF pruned
2026-09-09 07:58:02,030 [INFO] GPOS pruned
2026-09-09 07:58:02,030 [INFO] GSUB pruned
2026-09-09 07:58:02,032 [INFO] name pruned
2026-09-09 07:58:02,036 [INFO] maxp pruned
2026-09-09 07:58:02,048 [INFO] cmap pruned
2026-09-09 07:58:02,048 [INFO] kern dropped
2026-09-09 07:58:02,048 [INFO] post pruned
2026-09-09 07:58:02,048 [INFO] FFTM dropped
2026-09-09 07:58:02,050 [INFO] GPOS pruned
2026-09-09 07:58:02,055 [INFO] GSUB pruned
2026-09-09 07:58:02,060 [INFO] glyf pruned
2026-09-09 07:58:02,061 [INFO] Added gid0 to subset
2026-09-09 07:58:02,061 [INFO] Added first four glyphs to subset
2026-09-09 07:58:02,061 [INFO] Closing glyph list over 'MATH': 53 glyphs before
2026-09-09 07:58:02,062 [INFO] Glyph names: ['.notdef', '.null', 'A', 'B', 'C', 'E', 'K', 'L', 'M', 'N', 'S', 'V', 'W', 'Y', 'a', 'asterisk', 'bracketleft', 'bracketright', 'c', 'colon', 'd', 'e', 'eight', 'equal', 'five', 'four', 'g', 'h', 'hyphen', 'i', 'l', 'minus', 'n', 'nine', 'nonmarkingreturn', 'o', 'one', 'parenleft', 'parenright', 'period', 'plusminus', 'r', 's', 'seven', 'six', 'space', 't', 'three', 'two', 'u', 'v', 'y', 'zero']
2026-09-09 07:58:02,062 [INFO] Glyph IDs:   [0, 1, 2, 3, 11, 12, 13, 16, 17, 19, 20, 21, 22, 23, 24, 25, 26, 27, 28, 29, 32, 36, 37, 38, 40, 46, 47, 48, 49, 54, 57, 58, 60, 62, 64, 68, 70, 71, 72, 74, 75, 76, 79, 81, 82, 85, 86, 87, 88, 89, 92, 115, 3228]
2026-09-09 07:58:02,063 [INFO] Closed glyph list over 'MATH': 65 glyphs after
2026-09-09 07:58:02,063 [INFO] Glyph names: ['.notdef', '.null', 'A', 'B', 'C', 'E', 'K', 'L', 'M', 'N', 'S', 'V', 'W', 'Y', 'a', 'asterisk', 'bracketleft', 'bracketright', 'c', 'colon', 'd', 'e', 'eight', 'equal', 'five', 'four', 'g', 'h', 'hyphen', 'i', 'l', 'minus', 'n', 'nine', 'nonmarkingreturn', 'o', 'one', 'parenleft', 'parenright', 'period', 'plusminus', 'r', 's', 'seven', 'six', 'space', 't', 'three', 'two', 'u', 'uni239B', 'uni239C', 'uni239D', 'uni239E', 'uni239F', 'uni23A0', 'uni23A1', 'uni23A2', 'uni23A3', 'uni23A4', 'uni23A5', 'uni23A6', 'v', 'y', 'zero']
2026-09-09 07:58:02,063 [INFO] Glyph IDs:   [0, 1, 2, 3, 11, 12, 13, 16, 17, 19, 20, 21, 22, 23, 24, 25, 26, 27, 28, 29, 32, 36, 37, 38, 40, 46, 47, 48, 49, 54, 57, 58, 60, 62, 64, 68, 70, 71, 72, 74, 75, 76, 79, 81, 82, 85, 86, 87, 88, 89, 92, 115, 3228, 3506, 3507, 3508, 3509, 3510, 3511, 3512, 3513, 3514, 3515, 3516, 3517]
2026-09-09 07:58:02,064 [INFO] Closing glyph list over 'GSUB': 65 glyphs before
2026-09-09 07:58:02,064 [INFO] Glyph names: ['.notdef', '.null', 'A', 'B', 'C', 'E', 'K', 'L', 'M', 'N', 'S', 'V', 'W', 'Y', 'a', 'asterisk', 'bracketleft', 'bracketright', 'c', 'colon', 'd', 'e', 'eight', 'equal', 'five', 'four', 'g', 'h', 'hyphen', 'i', 'l', 'minus', 'n', 'nine', 'nonmarkingreturn', 'o', 'one', 'parenleft', 'parenright', 'period', 'plusminus', 'r', 's', 'seven', 'six', 'space', 't', 'three', 'two', 'u', 'uni239B', 'uni239C', 'uni239D', 'uni239E', 'uni239F', 'uni23A0', 'uni23A1', 'uni23A2', 'uni23A3', 'uni23A4', 'uni23A5', 'uni23A6', 'v', 'y', 'zero']
2026-09-09 07:58:02,064 [INFO] Glyph IDs:   [0, 1, 2, 3, 11, 12, 13, 16, 17, 19, 20, 21, 22, 23, 24, 25, 26, 27, 28, 29, 32, 36, 37, 38, 40, 46, 47, 48, 49, 54, 57, 58, 60, 62, 64, 68, 70, 71, 72, 74, 75, 76, 79, 81, 82, 85, 86, 87, 88, 89, 92, 115, 3228, 3506, 3507, 3508, 3509, 3510, 3511, 3512, 3513, 3514, 3515, 3516, 3517]
2026-09-09 07:58:02,068 [INFO] Closed glyph list over 'GSUB': 65 glyphs after
2026-09-09 07:58:02,069 [INFO] Glyph names: ['.notdef', '.null', 'A', 'B', 'C', 'E', 'K', 'L', 'M', 'N', 'S', 'V', 'W', 'Y', 'a', 'asterisk', 'bracketleft', 'bracketright', 'c', 'colon', 'd', 'e', 'eight', 'equal', 'five', 'four', 'g', 'h', 'hyphen', 'i', 'l', 'minus', 'n', 'nine', 'nonmarkingreturn', 'o', 'one', 'parenleft', 'parenright', 'period', 'plusminus', 'r', 's', 'seven', 'six', 'space', 't', 'three', 'two', 'u', 'uni239B', 'uni239C', 'uni239D', 'uni239E', 'uni239F', 'uni23A0', 'uni23A1', 'uni23A2', 'uni23A3', 'uni23A4', 'uni23A5', 'uni23A6', 'v', 'y', 'zero']
2026-09-09 07:58:02,069 [INFO] Glyph IDs:   [0, 1, 2, 3, 11, 12, 13, 16, 17, 19, 20, 21, 22, 23, 24, 25, 26, 27, 28, 29, 32, 36, 37, 38, 40, 46, 47, 48, 49, 54, 57, 58, 60, 62, 64, 68, 70, 71, 72, 74, 75, 76, 79, 81, 82, 85, 86, 87, 88, 89, 92, 115, 3228, 3506, 3507, 3508, 3509, 3510, 3511, 3512, 3513, 3514, 3515, 3516, 3517]
2026-09-09 07:58:02,069 [INFO] Closing glyph list over 'glyf': 65 glyphs before
2026-09-09 07:58:02,069 [INFO] Glyph names: ['.notdef', '.null', 'A', 'B', 'C', 'E', 'K', 'L', 'M', 'N', 'S', 'V', 'W', 'Y', 'a', 'asterisk', 'bracketleft', 'bracketright', 'c', 'colon', 'd', 'e', 'eight', 'equal', 'five', 'four', 'g', 'h', 'hyphen', 'i', 'l', 'minus', 'n', 'nine', 'nonmarkingreturn', 'o', 'one', 'parenleft', 'parenright', 'period', 'plusminus', 'r', 's', 'seven', 'six', 'space', 't', 'three', 'two', 'u', 'uni239B', 'uni239C', 'uni239D', 'uni239E', 'uni239F', 'uni23A0', 'uni23A1', 'uni23A2', 'uni23A3', 'uni23A4', 'uni23A5', 'uni23A6', 'v', 'y', 'zero']
2026-09-09 07:58:02,069 [INFO] Glyph IDs:   [0, 1, 2, 3, 11, 12, 13, 16, 17, 19, 20, 21, 22, 23, 24, 25, 26, 27, 28, 29, 32, 36, 37, 38, 40, 46, 47, 48, 49, 54, 57, 58, 60, 62, 64, 68, 70, 71, 72, 74, 75, 76, 79, 81, 82, 85, 86, 87, 88, 89, 92, 115, 3228, 3506, 3507, 3508, 3509, 3510, 3511, 3512, 3513, 3514, 3515, 3516, 3517]
2026-09-09 07:58:02,070 [INFO] Closed glyph list over 'glyf': 65 glyphs after
2026-09-09 07:58:02,070 [INFO] Glyph names: ['.notdef', '.null', 'A', 'B', 'C', 'E', 'K', 'L', 'M', 'N', 'S', 'V', 'W', 'Y', 'a', 'asterisk', 'bracketleft', 'bracketright', 'c', 'colon', 'd', 'e', 'eight', 'equal', 'five', 'four', 'g', 'h', 'hyphen', 'i', 'l', 'minus', 'n', 'nine', 'nonmarkingreturn', 'o', 'one', 'parenleft', 'parenright', 'period', 'plusminus', 'r', 's', 'seven', 'six', 'space', 't', 'three', 'two', 'u', 'uni239B', 'uni239C', 'uni239D', 'uni239E', 'uni239F', 'uni23A0', 'uni23A1', 'uni23A2', 'uni23A3', 'uni23A4', 'uni23A5', 'uni23A6', 'v', 'y', 'zero']
2026-09-09 07:58:02,070 [INFO] Glyph IDs:   [0, 1, 2, 3, 11, 12, 13, 16, 17, 19, 20, 21, 22, 23, 24, 25, 26, 27, 28, 29, 32, 36, 37, 38, 40, 46, 47, 48, 49, 54, 57, 58, 60, 62, 64, 68, 70, 71, 72, 74, 75, 76, 79, 81, 82, 85, 86, 87, 88, 89, 92, 115, 3228, 3506, 3507, 3508, 3509, 3510, 3511, 3512, 3513, 3514, 3515, 3516, 3517]
2026-09-09 07:58:02,070 [INFO] Retaining 65 glyphs
2026-09-09 07:58:02,071 [INFO] head subsetting not needed
2026-09-09 07:58:02,071 [INFO] hhea subsetting not needed
2026-09-09 07:58:02,071 [INFO] maxp subsetting not needed
2026-09-09 07:58:02,071 [INFO] OS/2 subsetting not needed
2026-09-09 07:58:02,074 [INFO] hmtx subsetted
2026-09-09 07:58:02,077 [INFO] cmap subsetted
2026-09-09 07:58:02,077 [INFO] fpgm subsetting not needed
2026-09-09 07:58:02,077 [INFO] prep subsetting not needed
2026-09-09 07:58:02,077 [INFO] cvt  subsetting not needed
2026-09-09 07:58:02,077 [INFO] loca subsetting not needed
2026-09-09 07:58:02,077 [INFO] post subsetted
2026-09-09 07:58:02,077 [INFO] gasp subsetting not needed
2026-09-09 07:58:02,078 [INFO] MATH subsetted
2026-09-09 07:58:02,080 [INFO] GDEF subsetted
2026-09-09 07:58:02,107 [INFO] GPOS subsetted
2026-09-09 07:58:02,109 [INFO] GSUB subsetted
2026-09-09 07:58:02,109 [INFO] name subsetting not needed
2026-09-09 07:58:02,110 [INFO] glyf subsetted
2026-09-09 07:58:02,111 [INFO] head pruned
2026-09-09 07:58:02,111 [INFO] OS/2 Unicode ranges pruned: [0, 1, 38]
2026-09-09 07:58:02,111 [INFO] OS/2 CodePage ranges pruned: [0]
2026-09-09 07:58:02,112 [INFO] glyf pruned
2026-09-09 07:58:02,112 [INFO] GDEF pruned
2026-09-09 07:58:02,112 [INFO] GPOS pruned
2026-09-09 07:58:02,112 [INFO] GSUB pruned
2026-09-09 07:58:02,125 [INFO] name pruned
2026-09-09 07:58:02,136 [INFO] maxp pruned
2026-09-09 07:58:02,147 [INFO] cmap pruned
2026-09-09 07:58:02,148 [INFO] kern dropped
2026-09-09 07:58:02,148 [INFO] post pruned
2026-09-09 07:58:02,148 [INFO] FFTM dropped
2026-09-09 07:58:02,150 [INFO] GPOS pruned
2026-09-09 07:58:02,154 [INFO] GSUB pruned
2026-09-09 07:58:02,159 [INFO] glyf pruned
2026-09-09 07:58:02,161 [INFO] Added gid0 to subset
2026-09-09 07:58:02,161 [INFO] Added first four glyphs to subset
2026-09-09 07:58:02,161 [INFO] Closing glyph list over 'MATH': 6 glyphs before
2026-09-09 07:58:02,161 [INFO] Glyph names: ['.notdef', '.null', 'fi', 'nonmarkingreturn', 'space', 'uniFB00']
2026-09-09 07:58:02,162 [INFO] Glyph IDs:   [0, 1, 2, 3, 5038, 5039]
2026-09-09 07:58:02,163 [INFO] Closed glyph list over 'MATH': 6 glyphs after
2026-09-09 07:58:02,163 [INFO] Glyph names: ['.notdef', '.null', 'fi', 'nonmarkingreturn', 'space', 'uniFB00']
2026-09-09 07:58:02,163 [INFO] Glyph IDs:   [0, 1, 2, 3, 5038, 5039]
2026-09-09 07:58:02,163 [INFO] Closing glyph list over 'GSUB': 6 glyphs before
2026-09-09 07:58:02,163 [INFO] Glyph names: ['.notdef', '.null', 'fi', 'nonmarkingreturn', 'space', 'uniFB00']
2026-09-09 07:58:02,164 [INFO] Glyph IDs:   [0, 1, 2, 3, 5038, 5039]
2026-09-09 07:58:02,165 [INFO] Closed glyph list over 'GSUB': 6 glyphs after
2026-09-09 07:58:02,165 [INFO] Glyph names: ['.notdef', '.null', 'fi', 'nonmarkingreturn', 'space', 'uniFB00']
2026-09-09 07:58:02,166 [INFO] Glyph IDs:   [0, 1, 2, 3, 5038, 5039]
2026-09-09 07:58:02,166 [INFO] Closing glyph list over 'glyf': 6 glyphs before
2026-09-09 07:58:02,166 [INFO] Glyph names: ['.notdef', '.null', 'fi', 'nonmarkingreturn', 'space', 'uniFB00']
2026-09-09 07:58:02,166 [INFO] Glyph IDs:   [0, 1, 2, 3, 5038, 5039]
2026-09-09 07:58:02,166 [INFO] Closed glyph list over 'glyf': 6 glyphs after
2026-09-09 07:58:02,166 [INFO] Glyph names: ['.notdef', '.null', 'fi', 'nonmarkingreturn', 'space', 'uniFB00']
2026-09-09 07:58:02,166 [INFO] Glyph IDs:   [0, 1, 2, 3, 5038, 5039]
2026-09-09 07:58:02,167 [INFO] Retaining 6 glyphs
2026-09-09 07:58:02,167 [INFO] head subsetting not needed
2026-09-09 07:58:02,167 [INFO] hhea subsetting not needed
2026-09-09 07:58:02,167 [INFO] maxp subsetting not needed
2026-09-09 07:58:02,167 [INFO] OS/2 subsetting not needed
2026-09-09 07:58:02,170 [INFO] hmtx subsetted
2026-09-09 07:58:02,172 [INFO] cmap subsetted
2026-09-09 07:58:02,172 [INFO] fpgm subsetting not needed
2026-09-09 07:58:02,172 [INFO] prep subsetting not needed
2026-09-09 07:58:02,172 [INFO] cvt  subsetting not needed
2026-09-09 07:58:02,172 [INFO] loca subsetting not needed
2026-09-09 07:58:02,172 [INFO] post subsetted
2026-09-09 07:58:02,172 [INFO] gasp subsetting not needed
2026-09-09 07:58:02,173 [INFO] MATH subsetted
2026-09-09 07:58:02,176 [INFO] GDEF subsetted
2026-09-09 07:58:02,202 [INFO] GPOS subsetted
2026-09-09 07:58:02,203 [INFO] GSUB subsetted
2026-09-09 07:58:02,203 [INFO] name subsetting not needed
2026-09-09 07:58:02,205 [INFO] glyf subsetted
2026-09-09 07:58:02,206 [INFO] head pruned
2026-09-09 07:58:02,206 [INFO] OS/2 Unicode ranges pruned: [62]
2026-09-09 07:58:02,206 [INFO] OS/2 CodePage ranges pruned: [0]
2026-09-09 07:58:02,206 [INFO] glyf pruned
2026-09-09 07:58:02,206 [INFO] GDEF pruned
2026-09-09 07:58:02,207 [INFO] GPOS pruned
2026-09-09 07:58:02,207 [INFO] GSUB pruned
2026-09-09 07:58:02,209 [INFO] name pruned
2026-09-09 09:16:09,495 [INFO] Starting pipeline execution: CMIP6_PrachuapKhiriKhan_Rainfall_Trend_Analysis v3.0.0
2026-09-09 09:16:12,800 [INFO] maxp pruned
2026-09-09 09:16:12,813 [INFO] cmap pruned
2026-09-09 09:16:12,819 [INFO] kern dropped
2026-09-09 09:16:12,820 [INFO] post pruned
2026-09-09 09:16:12,821 [INFO] FFTM dropped
2026-09-09 09:16:12,822 [INFO] GPOS pruned
2026-09-09 09:16:12,826 [INFO] GSUB pruned
2026-09-09 09:16:12,860 [INFO] glyf pruned
2026-09-09 09:16:12,861 [INFO] Added gid0 to subset
2026-09-09 09:16:12,861 [INFO] Added first four glyphs to subset
2026-09-09 09:16:12,861 [INFO] Closing glyph list over 'GSUB': 49 glyphs before
2026-09-09 09:16:12,861 [INFO] Glyph names: ['.notdef', '.null', 'A', 'C', 'D', 'G', 'H', 'I', 'L', 'N', 'R', 'S', 'T', 'a', 'ampersand', 'b', 'c', 'd', 'e', 'eight', 'five', 'four', 'g', 'h', 'i', 'k', 'l', 'm', 'n', 'nine', 'nonmarkingreturn', 'o', 'one', 'p', 'parenleft', 'parenright', 'period', 'r', 'seven', 'six', 'space', 't', 'three', 'two', 'u', 'w', 'x', 'y', 'zero']
2026-09-09 09:16:12,862 [INFO] Glyph IDs:   [0, 1, 2, 3, 9, 11, 12, 17, 19, 20, 21, 22, 23, 24, 25, 26, 27, 28, 36, 38, 39, 42, 43, 44, 47, 49, 53, 54, 55, 68, 69, 70, 71, 72, 74, 75, 76, 78, 79, 80, 81, 82, 83, 85, 87, 88, 90, 91, 92]
2026-09-09 09:16:12,867 [INFO] Closed glyph list over 'GSUB': 49 glyphs after
2026-09-09 09:16:12,867 [INFO] Glyph names: ['.notdef', '.null', 'A', 'C', 'D', 'G', 'H', 'I', 'L', 'N', 'R', 'S', 'T', 'a', 'ampersand', 'b', 'c', 'd', 'e', 'eight', 'five', 'four', 'g', 'h', 'i', 'k', 'l', 'm', 'n', 'nine', 'nonmarkingreturn', 'o', 'one', 'p', 'parenleft', 'parenright', 'period', 'r', 'seven', 'six', 'space', 't', 'three', 'two', 'u', 'w', 'x', 'y', 'zero']
2026-09-09 09:16:12,868 [INFO] Glyph IDs:   [0, 1, 2, 3, 9, 11, 12, 17, 19, 20, 21, 22, 23, 24, 25, 26, 27, 28, 36, 38, 39, 42, 43, 44, 47, 49, 53, 54, 55, 68, 69, 70, 71, 72, 74, 75, 76, 78, 79, 80, 81, 82, 83, 85, 87, 88, 90, 91, 92]
2026-09-09 09:16:12,868 [INFO] Closing glyph list over 'glyf': 49 glyphs before
2026-09-09 09:16:12,868 [INFO] Glyph names: ['.notdef', '.null', 'A', 'C', 'D', 'G', 'H', 'I', 'L', 'N', 'R', 'S', 'T', 'a', 'ampersand', 'b', 'c', 'd', 'e', 'eight', 'five', 'four', 'g', 'h', 'i', 'k', 'l', 'm', 'n', 'nine', 'nonmarkingreturn', 'o', 'one', 'p', 'parenleft', 'parenright', 'period', 'r', 'seven', 'six', 'space', 't', 'three', 'two', 'u', 'w', 'x', 'y', 'zero']
2026-09-09 09:16:12,868 [INFO] Glyph IDs:   [0, 1, 2, 3, 9, 11, 12, 17, 19, 20, 21, 22, 23, 24, 25, 26, 27, 28, 36, 38, 39, 42, 43, 44, 47, 49, 53, 54, 55, 68, 69, 70, 71, 72, 74, 75, 76, 78, 79, 80, 81, 82, 83, 85, 87, 88, 90, 91, 92]
2026-09-09 09:16:12,868 [INFO] Closed glyph list over 'glyf': 49 glyphs after
2026-09-09 09:16:12,868 [INFO] Glyph names: ['.notdef', '.null', 'A', 'C', 'D', 'G', 'H', 'I', 'L', 'N', 'R', 'S', 'T', 'a', 'ampersand', 'b', 'c', 'd', 'e', 'eight', 'five', 'four', 'g', 'h', 'i', 'k', 'l', 'm', 'n', 'nine', 'nonmarkingreturn', 'o', 'one', 'p', 'parenleft', 'parenright', 'period', 'r', 'seven', 'six', 'space', 't', 'three', 'two', 'u', 'w', 'x', 'y', 'zero']
2026-09-09 09:16:12,869 [INFO] Glyph IDs:   [0, 1, 2, 3, 9, 11, 12, 17, 19, 20, 21, 22, 23, 24, 25, 26, 27, 28, 36, 38, 39, 42, 43, 44, 47, 49, 53, 54, 55, 68, 69, 70, 71, 72, 74, 75, 76, 78, 79, 80, 81, 82, 83, 85, 87, 88, 90, 91, 92]
2026-09-09 09:16:12,869 [INFO] Retaining 49 glyphs
2026-09-09 09:16:12,870 [INFO] head subsetting not needed
2026-09-09 09:16:12,870 [INFO] hhea subsetting not needed
2026-09-09 09:16:12,870 [INFO] maxp subsetting not needed
2026-09-09 09:16:12,870 [INFO] OS/2 subsetting not needed
2026-09-09 09:16:12,873 [INFO] hmtx subsetted
2026-09-09 09:16:12,875 [INFO] cmap subsetted
2026-09-09 09:16:12,875 [INFO] fpgm subsetting not needed
2026-09-09 09:16:12,875 [INFO] prep subsetting not needed
2026-09-09 09:16:12,875 [INFO] cvt  subsetting not needed
2026-09-09 09:16:12,875 [INFO] loca subsetting not needed
2026-09-09 09:16:12,875 [INFO] post subsetted
2026-09-09 09:16:12,875 [INFO] gasp subsetting not needed
2026-09-09 09:16:12,878 [INFO] GDEF subsetted
2026-09-09 09:16:12,903 [INFO] GPOS subsetted
2026-09-09 09:16:12,906 [INFO] GSUB subsetted
2026-09-09 09:16:12,906 [INFO] name subsetting not needed
2026-09-09 09:16:12,908 [INFO] glyf subsetted
2026-09-09 09:16:12,908 [INFO] head pruned
2026-09-09 09:16:12,909 [INFO] OS/2 Unicode ranges pruned: [0]
2026-09-09 09:16:12,909 [INFO] OS/2 CodePage ranges pruned: [0]
2026-09-09 09:16:12,910 [INFO] glyf pruned
2026-09-09 09:16:12,910 [INFO] GDEF pruned
2026-09-09 09:16:12,910 [INFO] GPOS pruned
2026-09-09 09:16:12,911 [INFO] GSUB pruned
2026-09-09 09:16:12,917 [INFO] name pruned
2026-09-09 09:16:12,929 [INFO] maxp pruned
2026-09-09 09:16:12,938 [INFO] cmap pruned
2026-09-09 09:16:12,939 [INFO] kern dropped
2026-09-09 09:16:12,939 [INFO] post pruned
2026-09-09 09:16:12,939 [INFO] FFTM dropped
2026-09-09 09:16:12,941 [INFO] GPOS pruned
2026-09-09 09:16:12,945 [INFO] GSUB pruned
2026-09-09 09:16:12,949 [INFO] glyf pruned
2026-09-09 09:16:12,950 [INFO] Added gid0 to subset
2026-09-09 09:16:12,950 [INFO] Added first four glyphs to subset
2026-09-09 09:16:12,950 [INFO] Closing glyph list over 'GSUB': 15 glyphs before
2026-09-09 09:16:12,950 [INFO] Glyph names: ['.notdef', '.null', 'A', 'D', 'F', 'G', 'H', 'I', 'L', 'N', 'O', 'T', 'U', 'nonmarkingreturn', 'space']
2026-09-09 09:16:12,951 [INFO] Glyph IDs:   [0, 1, 2, 3, 36, 39, 41, 42, 43, 44, 47, 49, 50, 55, 56]
2026-09-09 09:16:12,952 [INFO] Closed glyph list over 'GSUB': 15 glyphs after
2026-09-09 09:16:12,952 [INFO] Glyph names: ['.notdef', '.null', 'A', 'D', 'F', 'G', 'H', 'I', 'L', 'N', 'O', 'T', 'U', 'nonmarkingreturn', 'space']
2026-09-09 09:16:12,952 [INFO] Glyph IDs:   [0, 1, 2, 3, 36, 39, 41, 42, 43, 44, 47, 49, 50, 55, 56]
2026-09-09 09:16:12,952 [INFO] Closing glyph list over 'glyf': 15 glyphs before
2026-09-09 09:16:12,952 [INFO] Glyph names: ['.notdef', '.null', 'A', 'D', 'F', 'G', 'H', 'I', 'L', 'N', 'O', 'T', 'U', 'nonmarkingreturn', 'space']
2026-09-09 09:16:12,953 [INFO] Glyph IDs:   [0, 1, 2, 3, 36, 39, 41, 42, 43, 44, 47, 49, 50, 55, 56]
2026-09-09 09:16:12,953 [INFO] Closed glyph list over 'glyf': 15 glyphs after
2026-09-09 09:16:12,953 [INFO] Glyph names: ['.notdef', '.null', 'A', 'D', 'F', 'G', 'H', 'I', 'L', 'N', 'O', 'T', 'U', 'nonmarkingreturn', 'space']
2026-09-09 09:16:12,953 [INFO] Glyph IDs:   [0, 1, 2, 3, 36, 39, 41, 42, 43, 44, 47, 49, 50, 55, 56]
2026-09-09 09:16:12,953 [INFO] Retaining 15 glyphs
2026-09-09 09:16:12,953 [INFO] head subsetting not needed
2026-09-09 09:16:12,954 [INFO] hhea subsetting not needed
2026-09-09 09:16:12,954 [INFO] maxp subsetting not needed
2026-09-09 09:16:12,954 [INFO] OS/2 subsetting not needed
2026-09-09 09:16:12,956 [INFO] hmtx subsetted
2026-09-09 09:16:12,959 [INFO] cmap subsetted
2026-09-09 09:16:12,959 [INFO] fpgm subsetting not needed
2026-09-09 09:16:12,959 [INFO] prep subsetting not needed
2026-09-09 09:16:12,959 [INFO] cvt  subsetting not needed
2026-09-09 09:16:12,959 [INFO] loca subsetting not needed
2026-09-09 09:16:12,959 [INFO] post subsetted
2026-09-09 09:16:12,960 [INFO] gasp subsetting not needed
2026-09-09 09:16:12,962 [INFO] GDEF subsetted
2026-09-09 09:16:12,978 [INFO] GPOS subsetted
2026-09-09 09:16:12,978 [INFO] GSUB subsetted
2026-09-09 09:16:12,979 [INFO] name subsetting not needed
2026-09-09 09:16:12,980 [INFO] glyf subsetted
2026-09-09 09:16:12,980 [INFO] head pruned
2026-09-09 09:16:12,980 [INFO] OS/2 Unicode ranges pruned: [0]
2026-09-09 09:16:12,981 [INFO] OS/2 CodePage ranges pruned: [0]
2026-09-09 09:16:12,981 [INFO] glyf pruned
2026-09-09 09:16:12,981 [INFO] GDEF pruned
2026-09-09 09:16:12,981 [INFO] GPOS pruned
2026-09-09 09:16:12,981 [INFO] GSUB pruned
2026-09-09 09:16:12,986 [INFO] name pruned
2026-09-09 09:16:12,991 [INFO] maxp pruned
2026-09-09 09:16:13,000 [INFO] cmap pruned
2026-09-09 09:16:13,001 [INFO] kern dropped
2026-09-09 09:16:13,001 [INFO] post pruned
2026-09-09 09:16:13,001 [INFO] FFTM dropped
2026-09-09 09:16:13,003 [INFO] GPOS pruned
2026-09-09 09:16:13,006 [INFO] GSUB pruned
2026-09-09 09:16:13,010 [INFO] glyf pruned
2026-09-09 09:16:13,012 [INFO] Added gid0 to subset
2026-09-09 09:16:13,012 [INFO] Added first four glyphs to subset
2026-09-09 09:16:13,012 [INFO] Closing glyph list over 'GSUB': 48 glyphs before
2026-09-09 09:16:13,012 [INFO] Glyph names: ['.notdef', '.null', 'A', 'B', 'C', 'D', 'E', 'G', 'M', 'N', 'P', 'R', 'S', 'T', 'W', 'a', 'b', 'c', 'colon', 'd', 'e', 'eight', 'f', 'four', 'g', 'h', 'i', 'l', 'm', 'n', 'nonmarkingreturn', 'o', 'one', 'p', 'parenleft', 'parenright', 'period', 'r', 's', 'six', 'space', 't', 'three', 'two', 'u', 'v', 'y', 'zero']
2026-09-09 09:16:13,013 [INFO] Glyph IDs:   [0, 1, 2, 3, 11, 12, 17, 19, 20, 21, 22, 23, 25, 27, 29, 36, 37, 38, 39, 40, 42, 48, 49, 51, 53, 54, 55, 58, 68, 69, 70, 71, 72, 73, 74, 75, 76, 79, 80, 81, 82, 83, 85, 86, 87, 88, 89, 92]
2026-09-09 09:16:13,016 [INFO] Closed glyph list over 'GSUB': 53 glyphs after
2026-09-09 09:16:13,016 [INFO] Glyph names: ['.notdef', '.null', 'A', 'B', 'C', 'D', 'E', 'G', 'M', 'N', 'P', 'R', 'S', 'T', 'W', 'a', 'b', 'c', 'colon', 'd', 'e', 'eight', 'f', 'fi', 'fl', 'four', 'g', 'h', 'i', 'l', 'm', 'n', 'nonmarkingreturn', 'o', 'one', 'p', 'parenleft', 'parenright', 'period', 'r', 's', 'six', 'space', 't', 'three', 'two', 'u', 'uniFB00', 'uniFB03', 'uniFB04', 'v', 'y', 'zero']
2026-09-09 09:16:13,016 [INFO] Glyph IDs:   [0, 1, 2, 3, 11, 12, 17, 19, 20, 21, 22, 23, 25, 27, 29, 36, 37, 38, 39, 40, 42, 48, 49, 51, 53, 54, 55, 58, 68, 69, 70, 71, 72, 73, 74, 75, 76, 79, 80, 81, 82, 83, 85, 86, 87, 88, 89, 92, 4731, 4732, 4733, 4734, 4735]
2026-09-09 09:16:13,016 [INFO] Closing glyph list over 'glyf': 53 glyphs before
2026-09-09 09:16:13,016 [INFO] Glyph names: ['.notdef', '.null', 'A', 'B', 'C', 'D', 'E', 'G', 'M', 'N', 'P', 'R', 'S', 'T', 'W', 'a', 'b', 'c', 'colon', 'd', 'e', 'eight', 'f', 'fi', 'fl', 'four', 'g', 'h', 'i', 'l', 'm', 'n', 'nonmarkingreturn', 'o', 'one', 'p', 'parenleft', 'parenright', 'period', 'r', 's', 'six', 'space', 't', 'three', 'two', 'u', 'uniFB00', 'uniFB03', 'uniFB04', 'v', 'y', 'zero']
2026-09-09 09:16:13,016 [INFO] Glyph IDs:   [0, 1, 2, 3, 11, 12, 17, 19, 20, 21, 22, 23, 25, 27, 29, 36, 37, 38, 39, 40, 42, 48, 49, 51, 53, 54, 55, 58, 68, 69, 70, 71, 72, 73, 74, 75, 76, 79, 80, 81, 82, 83, 85, 86, 87, 88, 89, 92, 4731, 4732, 4733, 4734, 4735]
2026-09-09 09:16:13,017 [INFO] Closed glyph list over 'glyf': 53 glyphs after
2026-09-09 09:16:13,017 [INFO] Glyph names: ['.notdef', '.null', 'A', 'B', 'C', 'D', 'E', 'G', 'M', 'N', 'P', 'R', 'S', 'T', 'W', 'a', 'b', 'c', 'colon', 'd', 'e', 'eight', 'f', 'fi', 'fl', 'four', 'g', 'h', 'i', 'l', 'm', 'n', 'nonmarkingreturn', 'o', 'one', 'p', 'parenleft', 'parenright', 'period', 'r', 's', 'six', 'space', 't', 'three', 'two', 'u', 'uniFB00', 'uniFB03', 'uniFB04', 'v', 'y', 'zero']
2026-09-09 09:16:13,017 [INFO] Glyph IDs:   [0, 1, 2, 3, 11, 12, 17, 19, 20, 21, 22, 23, 25, 27, 29, 36, 37, 38, 39, 40, 42, 48, 49, 51, 53, 54, 55, 58, 68, 69, 70, 71, 72, 73, 74, 75, 76, 79, 80, 81, 82, 83, 85, 86, 87, 88, 89, 92, 4731, 4732, 4733, 4734, 4735]
2026-09-09 09:16:13,017 [INFO] Retaining 53 glyphs
2026-09-09 09:16:13,017 [INFO] head subsetting not needed
2026-09-09 09:16:13,017 [INFO] hhea subsetting not needed
2026-09-09 09:16:13,017 [INFO] maxp subsetting not needed
2026-09-09 09:16:13,018 [INFO] OS/2 subsetting not needed
2026-09-09 09:16:13,020 [INFO] hmtx subsetted
2026-09-09 09:16:13,022 [INFO] cmap subsetted
2026-09-09 09:16:13,022 [INFO] fpgm subsetting not needed
2026-09-09 09:16:13,022 [INFO] prep subsetting not needed
2026-09-09 09:16:13,022 [INFO] cvt  subsetting not needed
2026-09-09 09:16:13,022 [INFO] loca subsetting not needed
2026-09-09 09:16:13,022 [INFO] post subsetted
2026-09-09 09:16:13,022 [INFO] gasp subsetting not needed
2026-09-09 09:16:13,024 [INFO] GDEF subsetted
2026-09-09 09:16:13,039 [INFO] GPOS subsetted
2026-09-09 09:16:13,041 [INFO] GSUB subsetted
2026-09-09 09:16:13,041 [INFO] name subsetting not needed
2026-09-09 09:16:13,043 [INFO] glyf subsetted
2026-09-09 09:16:13,043 [INFO] head pruned
2026-09-09 09:16:13,044 [INFO] OS/2 Unicode ranges pruned: [0]
2026-09-09 09:16:13,044 [INFO] OS/2 CodePage ranges pruned: [0]
2026-09-09 09:16:13,045 [INFO] glyf pruned
2026-09-09 09:16:13,045 [INFO] GDEF pruned
2026-09-09 09:16:13,045 [INFO] GPOS pruned
2026-09-09 09:16:13,046 [INFO] GSUB pruned
2026-09-09 09:16:13,052 [INFO] name pruned
2026-09-09 09:16:13,060 [INFO] maxp pruned
2026-09-09 09:16:13,070 [INFO] cmap pruned
2026-09-09 09:16:13,070 [INFO] kern dropped
2026-09-09 09:16:13,070 [INFO] post pruned
2026-09-09 09:16:13,070 [INFO] FFTM dropped
2026-09-09 09:16:13,072 [INFO] GPOS pruned
2026-09-09 09:16:13,075 [INFO] GSUB pruned
2026-09-09 09:16:13,082 [INFO] glyf pruned
2026-09-09 09:16:13,083 [INFO] Added gid0 to subset
2026-09-09 09:16:13,083 [INFO] Added first four glyphs to subset
2026-09-09 09:16:13,083 [INFO] Closing glyph list over 'MATH': 51 glyphs before
2026-09-09 09:16:13,083 [INFO] Glyph names: ['.notdef', '.null', 'A', 'B', 'C', 'D', 'E', 'G', 'I', 'K', 'L', 'M', 'N', 'O', 'P', 'R', 'S', 'Y', 'a', 'c', 'd', 'degree', 'e', 'eight', 'equal', 'five', 'four', 'g', 'h', 'i', 'l', 'n', 'nine', 'nonmarkingreturn', 'o', 'one', 'p', 'parenleft', 'parenright', 'period', 'r', 'seven', 'six', 'slash', 'space', 't', 'two', 'u', 'v', 'y', 'zero']
2026-09-09 09:16:13,084 [INFO] Glyph IDs:   [0, 1, 2, 3, 11, 12, 17, 18, 19, 20, 21, 23, 24, 25, 26, 27, 28, 32, 36, 37, 38, 39, 40, 42, 44, 46, 47, 48, 49, 50, 51, 53, 54, 60, 68, 70, 71, 72, 74, 75, 76, 79, 81, 82, 83, 85, 87, 88, 89, 92, 114]
2026-09-09 09:16:13,085 [INFO] Closed glyph list over 'MATH': 57 glyphs after
2026-09-09 09:16:13,085 [INFO] Glyph names: ['.notdef', '.null', 'A', 'B', 'C', 'D', 'E', 'G', 'I', 'K', 'L', 'M', 'N', 'O', 'P', 'R', 'S', 'Y', 'a', 'c', 'd', 'degree', 'e', 'eight', 'equal', 'five', 'four', 'g', 'h', 'i', 'l', 'n', 'nine', 'nonmarkingreturn', 'o', 'one', 'p', 'parenleft', 'parenright', 'period', 'r', 'seven', 'six', 'slash', 'space', 't', 'two', 'u', 'uni239B', 'uni239C', 'uni239D', 'uni239E', 'uni239F', 'uni23A0', 'v', 'y', 'zero']
2026-09-09 09:16:13,085 [INFO] Glyph IDs:   [0, 1, 2, 3, 11, 12, 17, 18, 19, 20, 21, 23, 24, 25, 26, 27, 28, 32, 36, 37, 38, 39, 40, 42, 44, 46, 47, 48, 49, 50, 51, 53, 54, 60, 68, 70, 71, 72, 74, 75, 76, 79, 81, 82, 83, 85, 87, 88, 89, 92, 114, 3506, 3507, 3508, 3509, 3510, 3511]
2026-09-09 09:16:13,085 [INFO] Closing glyph list over 'GSUB': 57 glyphs before
2026-09-09 09:16:13,085 [INFO] Glyph names: ['.notdef', '.null', 'A', 'B', 'C', 'D', 'E', 'G', 'I', 'K', 'L', 'M', 'N', 'O', 'P', 'R', 'S', 'Y', 'a', 'c', 'd', 'degree', 'e', 'eight', 'equal', 'five', 'four', 'g', 'h', 'i', 'l', 'n', 'nine', 'nonmarkingreturn', 'o', 'one', 'p', 'parenleft', 'parenright', 'period', 'r', 'seven', 'six', 'slash', 'space', 't', 'two', 'u', 'uni239B', 'uni239C', 'uni239D', 'uni239E', 'uni239F', 'uni23A0', 'v', 'y', 'zero']
2026-09-09 09:16:13,085 [INFO] Glyph IDs:   [0, 1, 2, 3, 11, 12, 17, 18, 19, 20, 21, 23, 24, 25, 26, 27, 28, 32, 36, 37, 38, 39, 40, 42, 44, 46, 47, 48, 49, 50, 51, 53, 54, 60, 68, 70, 71, 72, 74, 75, 76, 79, 81, 82, 83, 85, 87, 88, 89, 92, 114, 3506, 3507, 3508, 3509, 3510, 3511]
2026-09-09 09:16:13,089 [INFO] Closed glyph list over 'GSUB': 57 glyphs after
2026-09-09 09:16:13,089 [INFO] Glyph names: ['.notdef', '.null', 'A', 'B', 'C', 'D', 'E', 'G', 'I', 'K', 'L', 'M', 'N', 'O', 'P', 'R', 'S', 'Y', 'a', 'c', 'd', 'degree', 'e', 'eight', 'equal', 'five', 'four', 'g', 'h', 'i', 'l', 'n', 'nine', 'nonmarkingreturn', 'o', 'one', 'p', 'parenleft', 'parenright', 'period', 'r', 'seven', 'six', 'slash', 'space', 't', 'two', 'u', 'uni239B', 'uni239C', 'uni239D', 'uni239E', 'uni239F', 'uni23A0', 'v', 'y', 'zero']
2026-09-09 09:16:13,089 [INFO] Glyph IDs:   [0, 1, 2, 3, 11, 12, 17, 18, 19, 20, 21, 23, 24, 25, 26, 27, 28, 32, 36, 37, 38, 39, 40, 42, 44, 46, 47, 48, 49, 50, 51, 53, 54, 60, 68, 70, 71, 72, 74, 75, 76, 79, 81, 82, 83, 85, 87, 88, 89, 92, 114, 3506, 3507, 3508, 3509, 3510, 3511]
2026-09-09 09:16:13,090 [INFO] Closing glyph list over 'glyf': 57 glyphs before
2026-09-09 09:16:13,090 [INFO] Glyph names: ['.notdef', '.null', 'A', 'B', 'C', 'D', 'E', 'G', 'I', 'K', 'L', 'M', 'N', 'O', 'P', 'R', 'S', 'Y', 'a', 'c', 'd', 'degree', 'e', 'eight', 'equal', 'five', 'four', 'g', 'h', 'i', 'l', 'n', 'nine', 'nonmarkingreturn', 'o', 'one', 'p', 'parenleft', 'parenright', 'period', 'r', 'seven', 'six', 'slash', 'space', 't', 'two', 'u', 'uni239B', 'uni239C', 'uni239D', 'uni239E', 'uni239F', 'uni23A0', 'v', 'y', 'zero']
2026-09-09 09:16:13,090 [INFO] Glyph IDs:   [0, 1, 2, 3, 11, 12, 17, 18, 19, 20, 21, 23, 24, 25, 26, 27, 28, 32, 36, 37, 38, 39, 40, 42, 44, 46, 47, 48, 49, 50, 51, 53, 54, 60, 68, 70, 71, 72, 74, 75, 76, 79, 81, 82, 83, 85, 87, 88, 89, 92, 114, 3506, 3507, 3508, 3509, 3510, 3511]
2026-09-09 09:16:13,090 [INFO] Closed glyph list over 'glyf': 57 glyphs after
2026-09-09 09:16:13,090 [INFO] Glyph names: ['.notdef', '.null', 'A', 'B', 'C', 'D', 'E', 'G', 'I', 'K', 'L', 'M', 'N', 'O', 'P', 'R', 'S', 'Y', 'a', 'c', 'd', 'degree', 'e', 'eight', 'equal', 'five', 'four', 'g', 'h', 'i', 'l', 'n', 'nine', 'nonmarkingreturn', 'o', 'one', 'p', 'parenleft', 'parenright', 'period', 'r', 'seven', 'six', 'slash', 'space', 't', 'two', 'u', 'uni239B', 'uni239C', 'uni239D', 'uni239E', 'uni239F', 'uni23A0', 'v', 'y', 'zero']
2026-09-09 09:16:13,091 [INFO] Glyph IDs:   [0, 1, 2, 3, 11, 12, 17, 18, 19, 20, 21, 23, 24, 25, 26, 27, 28, 32, 36, 37, 38, 39, 40, 42, 44, 46, 47, 48, 49, 50, 51, 53, 54, 60, 68, 70, 71, 72, 74, 75, 76, 79, 81, 82, 83, 85, 87, 88, 89, 92, 114, 3506, 3507, 3508, 3509, 3510, 3511]
2026-09-09 09:16:13,092 [INFO] Retaining 57 glyphs
2026-09-09 09:16:13,092 [INFO] head subsetting not needed
2026-09-09 09:16:13,092 [INFO] hhea subsetting not needed
2026-09-09 09:16:13,092 [INFO] maxp subsetting not needed
2026-09-09 09:16:13,092 [INFO] OS/2 subsetting not needed
2026-09-09 09:16:13,096 [INFO] hmtx subsetted
2026-09-09 09:16:13,099 [INFO] cmap subsetted
2026-09-09 09:16:13,099 [INFO] fpgm subsetting not needed
2026-09-09 09:16:13,099 [INFO] prep subsetting not needed
2026-09-09 09:16:13,099 [INFO] cvt  subsetting not needed
2026-09-09 09:16:13,099 [INFO] loca subsetting not needed
2026-09-09 09:16:13,099 [INFO] post subsetted
2026-09-09 09:16:13,099 [INFO] gasp subsetting not needed
2026-09-09 09:16:13,099 [INFO] MATH subsetted
2026-09-09 09:16:13,101 [INFO] GDEF subsetted
2026-09-09 09:16:13,129 [INFO] GPOS subsetted
2026-09-09 09:16:13,131 [INFO] GSUB subsetted
2026-09-09 09:16:13,132 [INFO] name subsetting not needed
2026-09-09 09:16:13,134 [INFO] glyf subsetted
2026-09-09 09:16:13,134 [INFO] head pruned
2026-09-09 09:16:13,135 [INFO] OS/2 Unicode ranges pruned: [0, 1]
2026-09-09 09:16:13,135 [INFO] OS/2 CodePage ranges pruned: [0]
2026-09-09 09:16:13,136 [INFO] glyf pruned
2026-09-09 09:16:13,136 [INFO] GDEF pruned
2026-09-09 09:16:13,136 [INFO] GPOS pruned
2026-09-09 09:16:13,136 [INFO] GSUB pruned
2026-09-09 09:16:13,148 [INFO] name pruned
2026-09-09 09:16:20,034 [INFO] maxp pruned
2026-09-09 09:16:20,045 [INFO] cmap pruned
2026-09-09 09:16:20,046 [INFO] kern dropped
2026-09-09 09:16:20,046 [INFO] post pruned
2026-09-09 09:16:20,046 [INFO] FFTM dropped
2026-09-09 09:16:20,047 [INFO] GPOS pruned
2026-09-09 09:16:20,050 [INFO] GSUB pruned
2026-09-09 09:16:20,057 [INFO] glyf pruned
2026-09-09 09:16:20,058 [INFO] Added gid0 to subset
2026-09-09 09:16:20,058 [INFO] Added first four glyphs to subset
2026-09-09 09:16:20,058 [INFO] Closing glyph list over 'GSUB': 47 glyphs before
2026-09-09 09:16:20,058 [INFO] Glyph names: ['.notdef', '.null', 'A', 'D', 'I', 'M', 'P', 'R', 'S', 'W', 'a', 'ampersand', 'b', 'c', 'comma', 'd', 'e', 'eight', 'endash', 'f', 'five', 'four', 'g', 'i', 'k', 'l', 'm', 'n', 'nine', 'nonmarkingreturn', 'o', 'one', 'p', 'parenleft', 'parenright', 'r', 's', 'seven', 'six', 'slash', 'space', 't', 'three', 'two', 'u', 'y', 'zero']
2026-09-09 09:16:20,059 [INFO] Glyph IDs:   [0, 1, 2, 3, 9, 11, 12, 15, 18, 19, 20, 21, 22, 23, 24, 25, 26, 27, 28, 36, 39, 44, 48, 51, 53, 54, 58, 68, 69, 70, 71, 72, 73, 74, 76, 78, 79, 80, 81, 82, 83, 85, 86, 87, 88, 92, 2805]
2026-09-09 09:16:20,063 [INFO] Closed glyph list over 'GSUB': 52 glyphs after
2026-09-09 09:16:20,063 [INFO] Glyph names: ['.notdef', '.null', 'A', 'D', 'I', 'M', 'P', 'R', 'S', 'W', 'a', 'ampersand', 'b', 'c', 'comma', 'd', 'e', 'eight', 'endash', 'f', 'fi', 'five', 'fl', 'four', 'g', 'i', 'k', 'l', 'm', 'n', 'nine', 'nonmarkingreturn', 'o', 'one', 'p', 'parenleft', 'parenright', 'r', 's', 'seven', 'six', 'slash', 'space', 't', 'three', 'two', 'u', 'uniFB00', 'uniFB03', 'uniFB04', 'y', 'zero']
2026-09-09 09:16:20,064 [INFO] Glyph IDs:   [0, 1, 2, 3, 9, 11, 12, 15, 18, 19, 20, 21, 22, 23, 24, 25, 26, 27, 28, 36, 39, 44, 48, 51, 53, 54, 58, 68, 69, 70, 71, 72, 73, 74, 76, 78, 79, 80, 81, 82, 83, 85, 86, 87, 88, 92, 2805, 5034, 5035, 5036, 5037, 5038]
2026-09-09 09:16:20,064 [INFO] Closing glyph list over 'glyf': 52 glyphs before
2026-09-09 09:16:20,064 [INFO] Glyph names: ['.notdef', '.null', 'A', 'D', 'I', 'M', 'P', 'R', 'S', 'W', 'a', 'ampersand', 'b', 'c', 'comma', 'd', 'e', 'eight', 'endash', 'f', 'fi', 'five', 'fl', 'four', 'g', 'i', 'k', 'l', 'm', 'n', 'nine', 'nonmarkingreturn', 'o', 'one', 'p', 'parenleft', 'parenright', 'r', 's', 'seven', 'six', 'slash', 'space', 't', 'three', 'two', 'u', 'uniFB00', 'uniFB03', 'uniFB04', 'y', 'zero']
2026-09-09 09:16:20,064 [INFO] Glyph IDs:   [0, 1, 2, 3, 9, 11, 12, 15, 18, 19, 20, 21, 22, 23, 24, 25, 26, 27, 28, 36, 39, 44, 48, 51, 53, 54, 58, 68, 69, 70, 71, 72, 73, 74, 76, 78, 79, 80, 81, 82, 83, 85, 86, 87, 88, 92, 2805, 5034, 5035, 5036, 5037, 5038]
2026-09-09 09:16:20,064 [INFO] Closed glyph list over 'glyf': 52 glyphs after
2026-09-09 09:16:20,064 [INFO] Glyph names: ['.notdef', '.null', 'A', 'D', 'I', 'M', 'P', 'R', 'S', 'W', 'a', 'ampersand', 'b', 'c', 'comma', 'd', 'e', 'eight', 'endash', 'f', 'fi', 'five', 'fl', 'four', 'g', 'i', 'k', 'l', 'm', 'n', 'nine', 'nonmarkingreturn', 'o', 'one', 'p', 'parenleft', 'parenright', 'r', 's', 'seven', 'six', 'slash', 'space', 't', 'three', 'two', 'u', 'uniFB00', 'uniFB03', 'uniFB04', 'y', 'zero']
2026-09-09 09:16:20,064 [INFO] Glyph IDs:   [0, 1, 2, 3, 9, 11, 12, 15, 18, 19, 20, 21, 22, 23, 24, 25, 26, 27, 28, 36, 39, 44, 48, 51, 53, 54, 58, 68, 69, 70, 71, 72, 73, 74, 76, 78, 79, 80, 81, 82, 83, 85, 86, 87, 88, 92, 2805, 5034, 5035, 5036, 5037, 5038]
2026-09-09 09:16:20,065 [INFO] Retaining 52 glyphs
2026-09-09 09:16:20,065 [INFO] head subsetting not needed
2026-09-09 09:16:20,065 [INFO] hhea subsetting not needed
2026-09-09 09:16:20,065 [INFO] maxp subsetting not needed
2026-09-09 09:16:20,065 [INFO] OS/2 subsetting not needed
2026-09-09 09:16:20,069 [INFO] hmtx subsetted
2026-09-09 09:16:20,073 [INFO] cmap subsetted
2026-09-09 09:16:20,073 [INFO] fpgm subsetting not needed
2026-09-09 09:16:20,073 [INFO] prep subsetting not needed
2026-09-09 09:16:20,073 [INFO] cvt  subsetting not needed
2026-09-09 09:16:20,073 [INFO] loca subsetting not needed
2026-09-09 09:16:20,073 [INFO] post subsetted
2026-09-09 09:16:20,073 [INFO] gasp subsetting not needed
2026-09-09 09:16:20,075 [INFO] GDEF subsetted
2026-09-09 09:16:20,100 [INFO] GPOS subsetted
2026-09-09 09:16:20,102 [INFO] GSUB subsetted
2026-09-09 09:16:20,102 [INFO] name subsetting not needed
2026-09-09 09:16:20,104 [INFO] glyf subsetted
2026-09-09 09:16:20,104 [INFO] head pruned
2026-09-09 09:16:20,104 [INFO] OS/2 Unicode ranges pruned: [0, 31]
2026-09-09 09:16:20,104 [INFO] OS/2 CodePage ranges pruned: [0]
2026-09-09 09:16:20,105 [INFO] glyf pruned
2026-09-09 09:16:20,105 [INFO] GDEF pruned
2026-09-09 09:16:20,105 [INFO] GPOS pruned
2026-09-09 09:16:20,106 [INFO] GSUB pruned
2026-09-09 09:16:20,114 [INFO] name pruned
2026-09-09 09:16:20,122 [INFO] maxp pruned
2026-09-09 09:16:20,134 [INFO] cmap pruned
2026-09-09 09:16:20,134 [INFO] kern dropped
2026-09-09 09:16:20,134 [INFO] post pruned
2026-09-09 09:16:20,134 [INFO] FFTM dropped
2026-09-09 09:16:20,137 [INFO] GPOS pruned
2026-09-09 09:16:20,141 [INFO] GSUB pruned
2026-09-09 09:16:20,146 [INFO] glyf pruned
2026-09-09 09:16:20,148 [INFO] Added gid0 to subset
2026-09-09 09:16:20,148 [INFO] Added first four glyphs to subset
2026-09-09 09:16:20,148 [INFO] Closing glyph list over 'MATH': 51 glyphs before
2026-09-09 09:16:20,148 [INFO] Glyph names: ['.notdef', '.null', 'A', 'D', 'E', 'L', 'M', 'N', 'O', 'R', 'S', 'W', 'a', 'c', 'd', 'degree', 'e', 'eight', 'endash', 'f', 'five', 'four', 'g', 'i', 'k', 'l', 'm', 'n', 'nine', 'nonmarkingreturn', 'o', 'one', 'p', 'parenleft', 'parenright', 'percent', 'period', 'r', 's', 'seven', 'six', 'slash', 'space', 't', 'three', 'two', 'u', 'v', 'w', 'y', 'zero']
2026-09-09 09:16:20,149 [INFO] Glyph IDs:   [0, 1, 2, 3, 8, 11, 12, 17, 18, 19, 20, 21, 22, 23, 24, 25, 26, 27, 28, 36, 39, 40, 47, 48, 49, 50, 53, 54, 58, 68, 70, 71, 72, 73, 74, 76, 78, 79, 80, 81, 82, 83, 85, 86, 87, 88, 89, 90, 92, 114, 2805]
2026-09-09 09:16:20,151 [INFO] Closed glyph list over 'MATH': 57 glyphs after
2026-09-09 09:16:20,151 [INFO] Glyph names: ['.notdef', '.null', 'A', 'D', 'E', 'L', 'M', 'N', 'O', 'R', 'S', 'W', 'a', 'c', 'd', 'degree', 'e', 'eight', 'endash', 'f', 'five', 'four', 'g', 'i', 'k', 'l', 'm', 'n', 'nine', 'nonmarkingreturn', 'o', 'one', 'p', 'parenleft', 'parenright', 'percent', 'period', 'r', 's', 'seven', 'six', 'slash', 'space', 't', 'three', 'two', 'u', 'uni239B', 'uni239C', 'uni239D', 'uni239E', 'uni239F', 'uni23A0', 'v', 'w', 'y', 'zero']
2026-09-09 09:16:20,151 [INFO] Glyph IDs:   [0, 1, 2, 3, 8, 11, 12, 17, 18, 19, 20, 21, 22, 23, 24, 25, 26, 27, 28, 36, 39, 40, 47, 48, 49, 50, 53, 54, 58, 68, 70, 71, 72, 73, 74, 76, 78, 79, 80, 81, 82, 83, 85, 86, 87, 88, 89, 90, 92, 114, 2805, 3506, 3507, 3508, 3509, 3510, 3511]
2026-09-09 09:16:20,151 [INFO] Closing glyph list over 'GSUB': 57 glyphs before
2026-09-09 09:16:20,151 [INFO] Glyph names: ['.notdef', '.null', 'A', 'D', 'E', 'L', 'M', 'N', 'O', 'R', 'S', 'W', 'a', 'c', 'd', 'degree', 'e', 'eight', 'endash', 'f', 'five', 'four', 'g', 'i', 'k', 'l', 'm', 'n', 'nine', 'nonmarkingreturn', 'o', 'one', 'p', 'parenleft', 'parenright', 'percent', 'period', 'r', 's', 'seven', 'six', 'slash', 'space', 't', 'three', 'two', 'u', 'uni239B', 'uni239C', 'uni239D', 'uni239E', 'uni239F', 'uni23A0', 'v', 'w', 'y', 'zero']
2026-09-09 09:16:20,152 [INFO] Glyph IDs:   [0, 1, 2, 3, 8, 11, 12, 17, 18, 19, 20, 21, 22, 23, 24, 25, 26, 27, 28, 36, 39, 40, 47, 48, 49, 50, 53, 54, 58, 68, 70, 71, 72, 73, 74, 76, 78, 79, 80, 81, 82, 83, 85, 86, 87, 88, 89, 90, 92, 114, 2805, 3506, 3507, 3508, 3509, 3510, 3511]
2026-09-09 09:16:20,155 [INFO] Closed glyph list over 'GSUB': 62 glyphs after
2026-09-09 09:16:20,155 [INFO] Glyph names: ['.notdef', '.null', 'A', 'D', 'E', 'L', 'M', 'N', 'O', 'R', 'S', 'W', 'a', 'c', 'd', 'degree', 'e', 'eight', 'endash', 'f', 'fi', 'five', 'fl', 'four', 'g', 'i', 'k', 'l', 'm', 'n', 'nine', 'nonmarkingreturn', 'o', 'one', 'p', 'parenleft', 'parenright', 'percent', 'period', 'r', 's', 'seven', 'six', 'slash', 'space', 't', 'three', 'two', 'u', 'uni239B', 'uni239C', 'uni239D', 'uni239E', 'uni239F', 'uni23A0', 'uniFB00', 'uniFB03', 'uniFB04', 'v', 'w', 'y', 'zero']
2026-09-09 09:16:20,156 [INFO] Glyph IDs:   [0, 1, 2, 3, 8, 11, 12, 17, 18, 19, 20, 21, 22, 23, 24, 25, 26, 27, 28, 36, 39, 40, 47, 48, 49, 50, 53, 54, 58, 68, 70, 71, 72, 73, 74, 76, 78, 79, 80, 81, 82, 83, 85, 86, 87, 88, 89, 90, 92, 114, 2805, 3506, 3507, 3508, 3509, 3510, 3511, 5038, 5039, 5040, 5041, 5042]
2026-09-09 09:16:20,156 [INFO] Closing glyph list over 'glyf': 62 glyphs before
2026-09-09 09:16:20,156 [INFO] Glyph names: ['.notdef', '.null', 'A', 'D', 'E', 'L', 'M', 'N', 'O', 'R', 'S', 'W', 'a', 'c', 'd', 'degree', 'e', 'eight', 'endash', 'f', 'fi', 'five', 'fl', 'four', 'g', 'i', 'k', 'l', 'm', 'n', 'nine', 'nonmarkingreturn', 'o', 'one', 'p', 'parenleft', 'parenright', 'percent', 'period', 'r', 's', 'seven', 'six', 'slash', 'space', 't', 'three', 'two', 'u', 'uni239B', 'uni239C', 'uni239D', 'uni239E', 'uni239F', 'uni23A0', 'uniFB00', 'uniFB03', 'uniFB04', 'v', 'w', 'y', 'zero']
2026-09-09 09:16:20,156 [INFO] Glyph IDs:   [0, 1, 2, 3, 8, 11, 12, 17, 18, 19, 20, 21, 22, 23, 24, 25, 26, 27, 28, 36, 39, 40, 47, 48, 49, 50, 53, 54, 58, 68, 70, 71, 72, 73, 74, 76, 78, 79, 80, 81, 82, 83, 85, 86, 87, 88, 89, 90, 92, 114, 2805, 3506, 3507, 3508, 3509, 3510, 3511, 5038, 5039, 5040, 5041, 5042]
2026-09-09 09:16:20,156 [INFO] Closed glyph list over 'glyf': 62 glyphs after
2026-09-09 09:16:20,156 [INFO] Glyph names: ['.notdef', '.null', 'A', 'D', 'E', 'L', 'M', 'N', 'O', 'R', 'S', 'W', 'a', 'c', 'd', 'degree', 'e', 'eight', 'endash', 'f', 'fi', 'five', 'fl', 'four', 'g', 'i', 'k', 'l', 'm', 'n', 'nine', 'nonmarkingreturn', 'o', 'one', 'p', 'parenleft', 'parenright', 'percent', 'period', 'r', 's', 'seven', 'six', 'slash', 'space', 't', 'three', 'two', 'u', 'uni239B', 'uni239C', 'uni239D', 'uni239E', 'uni239F', 'uni23A0', 'uniFB00', 'uniFB03', 'uniFB04', 'v', 'w', 'y', 'zero']
2026-09-09 09:16:20,156 [INFO] Glyph IDs:   [0, 1, 2, 3, 8, 11, 12, 17, 18, 19, 20, 21, 22, 23, 24, 25, 26, 27, 28, 36, 39, 40, 47, 48, 49, 50, 53, 54, 58, 68, 70, 71, 72, 73, 74, 76, 78, 79, 80, 81, 82, 83, 85, 86, 87, 88, 89, 90, 92, 114, 2805, 3506, 3507, 3508, 3509, 3510, 3511, 5038, 5039, 5040, 5041, 5042]
2026-09-09 09:16:20,157 [INFO] Retaining 62 glyphs
2026-09-09 09:16:20,157 [INFO] head subsetting not needed
2026-09-09 09:16:20,157 [INFO] hhea subsetting not needed
2026-09-09 09:16:20,157 [INFO] maxp subsetting not needed
2026-09-09 09:16:20,157 [INFO] OS/2 subsetting not needed
2026-09-09 09:16:20,164 [INFO] hmtx subsetted
2026-09-09 09:16:20,167 [INFO] cmap subsetted
2026-09-09 09:16:20,167 [INFO] fpgm subsetting not needed
2026-09-09 09:16:20,167 [INFO] prep subsetting not needed
2026-09-09 09:16:20,167 [INFO] cvt  subsetting not needed
2026-09-09 09:16:20,168 [INFO] loca subsetting not needed
2026-09-09 09:16:20,168 [INFO] post subsetted
2026-09-09 09:16:20,168 [INFO] gasp subsetting not needed
2026-09-09 09:16:20,168 [INFO] MATH subsetted
2026-09-09 09:16:20,170 [INFO] GDEF subsetted
2026-09-09 09:16:20,227 [INFO] GPOS subsetted
2026-09-09 09:16:20,230 [INFO] GSUB subsetted
2026-09-09 09:16:20,230 [INFO] name subsetting not needed
2026-09-09 09:16:20,232 [INFO] glyf subsetted
2026-09-09 09:16:20,232 [INFO] head pruned
2026-09-09 09:16:20,233 [INFO] OS/2 Unicode ranges pruned: [0, 1, 31]
2026-09-09 09:16:20,233 [INFO] OS/2 CodePage ranges pruned: [0]
2026-09-09 09:16:20,233 [INFO] glyf pruned
2026-09-09 09:16:20,233 [INFO] GDEF pruned
2026-09-09 09:16:20,234 [INFO] GPOS pruned
2026-09-09 09:16:20,234 [INFO] GSUB pruned
2026-09-09 09:16:20,246 [INFO] name pruned
2026-09-09 09:16:24,053 [INFO] maxp pruned
2026-09-09 09:16:24,065 [INFO] cmap pruned
2026-09-09 09:16:24,065 [INFO] kern dropped
2026-09-09 09:16:24,065 [INFO] post pruned
2026-09-09 09:16:24,066 [INFO] FFTM dropped
2026-09-09 09:16:24,067 [INFO] GPOS pruned
2026-09-09 09:16:24,073 [INFO] GSUB pruned
2026-09-09 09:16:24,078 [INFO] glyf pruned
2026-09-09 09:16:24,079 [INFO] Added gid0 to subset
2026-09-09 09:16:24,079 [INFO] Added first four glyphs to subset
2026-09-09 09:16:24,079 [INFO] Closing glyph list over 'GSUB': 55 glyphs before
2026-09-09 09:16:24,079 [INFO] Glyph names: ['.notdef', '.null', 'A', 'B', 'D', 'M', 'N', 'P', 'R', 'S', 'W', 'Y', 'a', 'b', 'c', 'colon', 'comma', 'd', 'e', 'eight', 'endash', 'equal', 'f', 'five', 'four', 'g', 'h', 'hyphen', 'i', 'k', 'l', 'm', 'n', 'nine', 'nonmarkingreturn', 'o', 'one', 'p', 'parenleft', 'parenright', 'r', 's', 'seven', 'sigma', 'slash', 'space', 't', 'two', 'u', 'v', 'w', 'x', 'y', 'z', 'zero']
2026-09-09 09:16:24,080 [INFO] Glyph IDs:   [0, 1, 2, 3, 11, 12, 15, 16, 18, 19, 20, 21, 23, 24, 26, 27, 28, 29, 32, 36, 37, 39, 48, 49, 51, 53, 54, 58, 60, 68, 69, 70, 71, 72, 73, 74, 75, 76, 78, 79, 80, 81, 82, 83, 85, 86, 87, 88, 89, 90, 91, 92, 93, 855, 2805]
2026-09-09 09:16:24,085 [INFO] Closed glyph list over 'GSUB': 60 glyphs after
2026-09-09 09:16:24,085 [INFO] Glyph names: ['.notdef', '.null', 'A', 'B', 'D', 'M', 'N', 'P', 'R', 'S', 'W', 'Y', 'a', 'b', 'c', 'colon', 'comma', 'd', 'e', 'eight', 'endash', 'equal', 'f', 'fi', 'five', 'fl', 'four', 'g', 'h', 'hyphen', 'i', 'k', 'l', 'm', 'n', 'nine', 'nonmarkingreturn', 'o', 'one', 'p', 'parenleft', 'parenright', 'r', 's', 'seven', 'sigma', 'slash', 'space', 't', 'two', 'u', 'uniFB00', 'uniFB03', 'uniFB04', 'v', 'w', 'x', 'y', 'z', 'zero']
2026-09-09 09:16:24,085 [INFO] Glyph IDs:   [0, 1, 2, 3, 11, 12, 15, 16, 18, 19, 20, 21, 23, 24, 26, 27, 28, 29, 32, 36, 37, 39, 48, 49, 51, 53, 54, 58, 60, 68, 69, 70, 71, 72, 73, 74, 75, 76, 78, 79, 80, 81, 82, 83, 85, 86, 87, 88, 89, 90, 91, 92, 93, 855, 2805, 5034, 5035, 5036, 5037, 5038]
2026-09-09 09:16:24,085 [INFO] Closing glyph list over 'glyf': 60 glyphs before
2026-09-09 09:16:24,085 [INFO] Glyph names: ['.notdef', '.null', 'A', 'B', 'D', 'M', 'N', 'P', 'R', 'S', 'W', 'Y', 'a', 'b', 'c', 'colon', 'comma', 'd', 'e', 'eight', 'endash', 'equal', 'f', 'fi', 'five', 'fl', 'four', 'g', 'h', 'hyphen', 'i', 'k', 'l', 'm', 'n', 'nine', 'nonmarkingreturn', 'o', 'one', 'p', 'parenleft', 'parenright', 'r', 's', 'seven', 'sigma', 'slash', 'space', 't', 'two', 'u', 'uniFB00', 'uniFB03', 'uniFB04', 'v', 'w', 'x', 'y', 'z', 'zero']
2026-09-09 09:16:24,086 [INFO] Glyph IDs:   [0, 1, 2, 3, 11, 12, 15, 16, 18, 19, 20, 21, 23, 24, 26, 27, 28, 29, 32, 36, 37, 39, 48, 49, 51, 53, 54, 58, 60, 68, 69, 70, 71, 72, 73, 74, 75, 76, 78, 79, 80, 81, 82, 83, 85, 86, 87, 88, 89, 90, 91, 92, 93, 855, 2805, 5034, 5035, 5036, 5037, 5038]
2026-09-09 09:16:24,086 [INFO] Closed glyph list over 'glyf': 60 glyphs after
2026-09-09 09:16:24,086 [INFO] Glyph names: ['.notdef', '.null', 'A', 'B', 'D', 'M', 'N', 'P', 'R', 'S', 'W', 'Y', 'a', 'b', 'c', 'colon', 'comma', 'd', 'e', 'eight', 'endash', 'equal', 'f', 'fi', 'five', 'fl', 'four', 'g', 'h', 'hyphen', 'i', 'k', 'l', 'm', 'n', 'nine', 'nonmarkingreturn', 'o', 'one', 'p', 'parenleft', 'parenright', 'r', 's', 'seven', 'sigma', 'slash', 'space', 't', 'two', 'u', 'uniFB00', 'uniFB03', 'uniFB04', 'v', 'w', 'x', 'y', 'z', 'zero']
2026-09-09 09:16:24,087 [INFO] Glyph IDs:   [0, 1, 2, 3, 11, 12, 15, 16, 18, 19, 20, 21, 23, 24, 26, 27, 28, 29, 32, 36, 37, 39, 48, 49, 51, 53, 54, 58, 60, 68, 69, 70, 71, 72, 73, 74, 75, 76, 78, 79, 80, 81, 82, 83, 85, 86, 87, 88, 89, 90, 91, 92, 93, 855, 2805, 5034, 5035, 5036, 5037, 5038]
2026-09-09 09:16:24,087 [INFO] Retaining 60 glyphs
2026-09-09 09:16:24,087 [INFO] head subsetting not needed
2026-09-09 09:16:24,088 [INFO] hhea subsetting not needed
2026-09-09 09:16:24,088 [INFO] maxp subsetting not needed
2026-09-09 09:16:24,088 [INFO] OS/2 subsetting not needed
2026-09-09 09:16:24,090 [INFO] hmtx subsetted
2026-09-09 09:16:24,093 [INFO] cmap subsetted
2026-09-09 09:16:24,093 [INFO] fpgm subsetting not needed
2026-09-09 09:16:24,093 [INFO] prep subsetting not needed
2026-09-09 09:16:24,093 [INFO] cvt  subsetting not needed
2026-09-09 09:16:24,093 [INFO] loca subsetting not needed
2026-09-09 09:16:24,094 [INFO] post subsetted
2026-09-09 09:16:24,094 [INFO] gasp subsetting not needed
2026-09-09 09:16:24,096 [INFO] GDEF subsetted
2026-09-09 09:16:24,120 [INFO] GPOS subsetted
2026-09-09 09:16:24,122 [INFO] GSUB subsetted
2026-09-09 09:16:24,122 [INFO] name subsetting not needed
2026-09-09 09:16:24,124 [INFO] glyf subsetted
2026-09-09 09:16:24,125 [INFO] head pruned
2026-09-09 09:16:24,125 [INFO] OS/2 Unicode ranges pruned: [0, 7, 31]
2026-09-09 09:16:24,125 [INFO] OS/2 CodePage ranges pruned: [0]
2026-09-09 09:16:24,126 [INFO] glyf pruned
2026-09-09 09:16:24,127 [INFO] GDEF pruned
2026-09-09 09:16:24,127 [INFO] GPOS pruned
2026-09-09 09:16:24,127 [INFO] GSUB pruned
2026-09-09 09:16:24,137 [INFO] name pruned
2026-09-09 09:16:24,145 [INFO] maxp pruned
2026-09-09 09:16:24,157 [INFO] cmap pruned
2026-09-09 09:16:24,157 [INFO] kern dropped
2026-09-09 09:16:24,157 [INFO] post pruned
2026-09-09 09:16:24,157 [INFO] FFTM dropped
2026-09-09 09:16:24,159 [INFO] GPOS pruned
2026-09-09 09:16:24,163 [INFO] GSUB pruned
2026-09-09 09:16:24,169 [INFO] glyf pruned
2026-09-09 09:16:24,170 [INFO] Added gid0 to subset
2026-09-09 09:16:24,170 [INFO] Added first four glyphs to subset
2026-09-09 09:16:24,171 [INFO] Closing glyph list over 'MATH': 48 glyphs before
2026-09-09 09:16:24,171 [INFO] Glyph names: ['.notdef', '.null', 'D', 'G', 'M', 'N', 'P', 'S', 'a', 'c', 'comma', 'd', 'e', 'eight', 'five', 'four', 'g', 'hyphen', 'i', 'k', 'l', 'm', 'minus', 'n', 'nine', 'nonmarkingreturn', 'o', 'one', 'p', 'parenleft', 'parenright', 'period', 'plus', 'plusminus', 'quotesingle', 'r', 's', 'seven', 'six', 'slash', 'space', 't', 'three', 'two', 'v', 'w', 'y', 'zero']
2026-09-09 09:16:24,171 [INFO] Glyph IDs:   [0, 1, 2, 3, 10, 11, 12, 14, 15, 16, 17, 18, 19, 20, 21, 22, 23, 24, 25, 26, 27, 28, 39, 42, 48, 49, 51, 54, 68, 70, 71, 72, 74, 76, 78, 79, 80, 81, 82, 83, 85, 86, 87, 89, 90, 92, 115, 3228]
2026-09-09 09:16:24,172 [INFO] Closed glyph list over 'MATH': 54 glyphs after
2026-09-09 09:16:24,172 [INFO] Glyph names: ['.notdef', '.null', 'D', 'G', 'M', 'N', 'P', 'S', 'a', 'c', 'comma', 'd', 'e', 'eight', 'five', 'four', 'g', 'hyphen', 'i', 'k', 'l', 'm', 'minus', 'n', 'nine', 'nonmarkingreturn', 'o', 'one', 'p', 'parenleft', 'parenright', 'period', 'plus', 'plusminus', 'quotesingle', 'r', 's', 'seven', 'six', 'slash', 'space', 't', 'three', 'two', 'uni239B', 'uni239C', 'uni239D', 'uni239E', 'uni239F', 'uni23A0', 'v', 'w', 'y', 'zero']
2026-09-09 09:16:24,172 [INFO] Glyph IDs:   [0, 1, 2, 3, 10, 11, 12, 14, 15, 16, 17, 18, 19, 20, 21, 22, 23, 24, 25, 26, 27, 28, 39, 42, 48, 49, 51, 54, 68, 70, 71, 72, 74, 76, 78, 79, 80, 81, 82, 83, 85, 86, 87, 89, 90, 92, 115, 3228, 3506, 3507, 3508, 3509, 3510, 3511]
2026-09-09 09:16:24,172 [INFO] Closing glyph list over 'GSUB': 54 glyphs before
2026-09-09 09:16:24,172 [INFO] Glyph names: ['.notdef', '.null', 'D', 'G', 'M', 'N', 'P', 'S', 'a', 'c', 'comma', 'd', 'e', 'eight', 'five', 'four', 'g', 'hyphen', 'i', 'k', 'l', 'm', 'minus', 'n', 'nine', 'nonmarkingreturn', 'o', 'one', 'p', 'parenleft', 'parenright', 'period', 'plus', 'plusminus', 'quotesingle', 'r', 's', 'seven', 'six', 'slash', 'space', 't', 'three', 'two', 'uni239B', 'uni239C', 'uni239D', 'uni239E', 'uni239F', 'uni23A0', 'v', 'w', 'y', 'zero']
2026-09-09 09:16:24,173 [INFO] Glyph IDs:   [0, 1, 2, 3, 10, 11, 12, 14, 15, 16, 17, 18, 19, 20, 21, 22, 23, 24, 25, 26, 27, 28, 39, 42, 48, 49, 51, 54, 68, 70, 71, 72, 74, 76, 78, 79, 80, 81, 82, 83, 85, 86, 87, 89, 90, 92, 115, 3228, 3506, 3507, 3508, 3509, 3510, 3511]
2026-09-09 09:16:24,177 [INFO] Closed glyph list over 'GSUB': 54 glyphs after
2026-09-09 09:16:24,177 [INFO] Glyph names: ['.notdef', '.null', 'D', 'G', 'M', 'N', 'P', 'S', 'a', 'c', 'comma', 'd', 'e', 'eight', 'five', 'four', 'g', 'hyphen', 'i', 'k', 'l', 'm', 'minus', 'n', 'nine', 'nonmarkingreturn', 'o', 'one', 'p', 'parenleft', 'parenright', 'period', 'plus', 'plusminus', 'quotesingle', 'r', 's', 'seven', 'six', 'slash', 'space', 't', 'three', 'two', 'uni239B', 'uni239C', 'uni239D', 'uni239E', 'uni239F', 'uni23A0', 'v', 'w', 'y', 'zero']
2026-09-09 09:16:24,177 [INFO] Glyph IDs:   [0, 1, 2, 3, 10, 11, 12, 14, 15, 16, 17, 18, 19, 20, 21, 22, 23, 24, 25, 26, 27, 28, 39, 42, 48, 49, 51, 54, 68, 70, 71, 72, 74, 76, 78, 79, 80, 81, 82, 83, 85, 86, 87, 89, 90, 92, 115, 3228, 3506, 3507, 3508, 3509, 3510, 3511]
2026-09-09 09:16:24,177 [INFO] Closing glyph list over 'glyf': 54 glyphs before
2026-09-09 09:16:24,177 [INFO] Glyph names: ['.notdef', '.null', 'D', 'G', 'M', 'N', 'P', 'S', 'a', 'c', 'comma', 'd', 'e', 'eight', 'five', 'four', 'g', 'hyphen', 'i', 'k', 'l', 'm', 'minus', 'n', 'nine', 'nonmarkingreturn', 'o', 'one', 'p', 'parenleft', 'parenright', 'period', 'plus', 'plusminus', 'quotesingle', 'r', 's', 'seven', 'six', 'slash', 'space', 't', 'three', 'two', 'uni239B', 'uni239C', 'uni239D', 'uni239E', 'uni239F', 'uni23A0', 'v', 'w', 'y', 'zero']
2026-09-09 09:16:24,178 [INFO] Glyph IDs:   [0, 1, 2, 3, 10, 11, 12, 14, 15, 16, 17, 18, 19, 20, 21, 22, 23, 24, 25, 26, 27, 28, 39, 42, 48, 49, 51, 54, 68, 70, 71, 72, 74, 76, 78, 79, 80, 81, 82, 83, 85, 86, 87, 89, 90, 92, 115, 3228, 3506, 3507, 3508, 3509, 3510, 3511]
2026-09-09 09:16:24,178 [INFO] Closed glyph list over 'glyf': 54 glyphs after
2026-09-09 09:16:24,178 [INFO] Glyph names: ['.notdef', '.null', 'D', 'G', 'M', 'N', 'P', 'S', 'a', 'c', 'comma', 'd', 'e', 'eight', 'five', 'four', 'g', 'hyphen', 'i', 'k', 'l', 'm', 'minus', 'n', 'nine', 'nonmarkingreturn', 'o', 'one', 'p', 'parenleft', 'parenright', 'period', 'plus', 'plusminus', 'quotesingle', 'r', 's', 'seven', 'six', 'slash', 'space', 't', 'three', 'two', 'uni239B', 'uni239C', 'uni239D', 'uni239E', 'uni239F', 'uni23A0', 'v', 'w', 'y', 'zero']
2026-09-09 09:16:24,179 [INFO] Glyph IDs:   [0, 1, 2, 3, 10, 11, 12, 14, 15, 16, 17, 18, 19, 20, 21, 22, 23, 24, 25, 26, 27, 28, 39, 42, 48, 49, 51, 54, 68, 70, 71, 72, 74, 76, 78, 79, 80, 81, 82, 83, 85, 86, 87, 89, 90, 92, 115, 3228, 3506, 3507, 3508, 3509, 3510, 3511]
2026-09-09 09:16:24,179 [INFO] Retaining 54 glyphs
2026-09-09 09:16:24,180 [INFO] head subsetting not needed
2026-09-09 09:16:24,180 [INFO] hhea subsetting not needed
2026-09-09 09:16:24,180 [INFO] maxp subsetting not needed
2026-09-09 09:16:24,180 [INFO] OS/2 subsetting not needed
2026-09-09 09:16:24,183 [INFO] hmtx subsetted
2026-09-09 09:16:24,186 [INFO] cmap subsetted
2026-09-09 09:16:24,186 [INFO] fpgm subsetting not needed
2026-09-09 09:16:24,186 [INFO] prep subsetting not needed
2026-09-09 09:16:24,186 [INFO] cvt  subsetting not needed
2026-09-09 09:16:24,186 [INFO] loca subsetting not needed
2026-09-09 09:16:24,186 [INFO] post subsetted
2026-09-09 09:16:24,186 [INFO] gasp subsetting not needed
2026-09-09 09:16:24,187 [INFO] MATH subsetted
2026-09-09 09:16:24,189 [INFO] GDEF subsetted
2026-09-09 09:16:24,213 [INFO] GPOS subsetted
2026-09-09 09:16:24,215 [INFO] GSUB subsetted
2026-09-09 09:16:24,215 [INFO] name subsetting not needed
2026-09-09 09:16:24,217 [INFO] glyf subsetted
2026-09-09 09:16:24,218 [INFO] head pruned
2026-09-09 09:16:24,218 [INFO] OS/2 Unicode ranges pruned: [0, 1, 38]
2026-09-09 09:16:24,218 [INFO] OS/2 CodePage ranges pruned: [0]
2026-09-09 09:16:24,219 [INFO] glyf pruned
2026-09-09 09:16:24,219 [INFO] GDEF pruned
2026-09-09 09:16:24,219 [INFO] GPOS pruned
2026-09-09 09:16:24,220 [INFO] GSUB pruned
2026-09-09 09:16:24,228 [INFO] name pruned
2026-09-09 09:16:27,062 [INFO] maxp pruned
2026-09-09 09:16:27,073 [INFO] cmap pruned
2026-09-09 09:16:27,073 [INFO] kern dropped
2026-09-09 09:16:27,074 [INFO] post pruned
2026-09-09 09:16:27,074 [INFO] FFTM dropped
2026-09-09 09:16:27,075 [INFO] GPOS pruned
2026-09-09 09:16:27,078 [INFO] GSUB pruned
2026-09-09 09:16:27,084 [INFO] glyf pruned
2026-09-09 09:16:27,085 [INFO] Added gid0 to subset
2026-09-09 09:16:27,085 [INFO] Added first four glyphs to subset
2026-09-09 09:16:27,085 [INFO] Closing glyph list over 'GSUB': 60 glyphs before
2026-09-09 09:16:27,085 [INFO] Glyph names: ['.notdef', '.null', 'C', 'F', 'K', 'M', 'P', 'R', 'S', 'T', 'U', 'V', 'W', 'Y', 'Z', 'a', 'ampersand', 'asterisk', 'b', 'c', 'colon', 'comma', 'd', 'e', 'eight', 'equal', 'f', 'five', 'four', 'g', 'hyphen', 'i', 'l', 'm', 'n', 'nine', 'nonmarkingreturn', 'o', 'one', 'p', 'parenleft', 'parenright', 'period', 'plus', 'quotesingle', 'r', 's', 'seven', 'six', 'slash', 'space', 't', 'three', 'two', 'u', 'v', 'w', 'y', 'z', 'zero']
2026-09-09 09:16:27,086 [INFO] Glyph IDs:   [0, 1, 2, 3, 9, 10, 11, 12, 13, 14, 15, 16, 17, 18, 19, 20, 21, 22, 23, 24, 25, 26, 27, 28, 29, 32, 38, 41, 46, 48, 51, 53, 54, 55, 56, 57, 58, 60, 61, 68, 69, 70, 71, 72, 73, 74, 76, 79, 80, 81, 82, 83, 85, 86, 87, 88, 89, 90, 92, 93]
2026-09-09 09:16:27,090 [INFO] Closed glyph list over 'GSUB': 65 glyphs after
2026-09-09 09:16:27,090 [INFO] Glyph names: ['.notdef', '.null', 'C', 'F', 'K', 'M', 'P', 'R', 'S', 'T', 'U', 'V', 'W', 'Y', 'Z', 'a', 'ampersand', 'asterisk', 'b', 'c', 'colon', 'comma', 'd', 'e', 'eight', 'equal', 'f', 'fi', 'five', 'fl', 'four', 'g', 'hyphen', 'i', 'l', 'm', 'n', 'nine', 'nonmarkingreturn', 'o', 'one', 'p', 'parenleft', 'parenright', 'period', 'plus', 'quotesingle', 'r', 's', 'seven', 'six', 'slash', 'space', 't', 'three', 'two', 'u', 'uniFB00', 'uniFB03', 'uniFB04', 'v', 'w', 'y', 'z', 'zero']
2026-09-09 09:16:27,090 [INFO] Glyph IDs:   [0, 1, 2, 3, 9, 10, 11, 12, 13, 14, 15, 16, 17, 18, 19, 20, 21, 22, 23, 24, 25, 26, 27, 28, 29, 32, 38, 41, 46, 48, 51, 53, 54, 55, 56, 57, 58, 60, 61, 68, 69, 70, 71, 72, 73, 74, 76, 79, 80, 81, 82, 83, 85, 86, 87, 88, 89, 90, 92, 93, 5034, 5035, 5036, 5037, 5038]
2026-09-09 09:16:27,090 [INFO] Closing glyph list over 'glyf': 65 glyphs before
2026-09-09 09:16:27,090 [INFO] Glyph names: ['.notdef', '.null', 'C', 'F', 'K', 'M', 'P', 'R', 'S', 'T', 'U', 'V', 'W', 'Y', 'Z', 'a', 'ampersand', 'asterisk', 'b', 'c', 'colon', 'comma', 'd', 'e', 'eight', 'equal', 'f', 'fi', 'five', 'fl', 'four', 'g', 'hyphen', 'i', 'l', 'm', 'n', 'nine', 'nonmarkingreturn', 'o', 'one', 'p', 'parenleft', 'parenright', 'period', 'plus', 'quotesingle', 'r', 's', 'seven', 'six', 'slash', 'space', 't', 'three', 'two', 'u', 'uniFB00', 'uniFB03', 'uniFB04', 'v', 'w', 'y', 'z', 'zero']
2026-09-09 09:16:27,091 [INFO] Glyph IDs:   [0, 1, 2, 3, 9, 10, 11, 12, 13, 14, 15, 16, 17, 18, 19, 20, 21, 22, 23, 24, 25, 26, 27, 28, 29, 32, 38, 41, 46, 48, 51, 53, 54, 55, 56, 57, 58, 60, 61, 68, 69, 70, 71, 72, 73, 74, 76, 79, 80, 81, 82, 83, 85, 86, 87, 88, 89, 90, 92, 93, 5034, 5035, 5036, 5037, 5038]
2026-09-09 09:16:27,091 [INFO] Closed glyph list over 'glyf': 65 glyphs after
2026-09-09 09:16:27,091 [INFO] Glyph names: ['.notdef', '.null', 'C', 'F', 'K', 'M', 'P', 'R', 'S', 'T', 'U', 'V', 'W', 'Y', 'Z', 'a', 'ampersand', 'asterisk', 'b', 'c', 'colon', 'comma', 'd', 'e', 'eight', 'equal', 'f', 'fi', 'five', 'fl', 'four', 'g', 'hyphen', 'i', 'l', 'm', 'n', 'nine', 'nonmarkingreturn', 'o', 'one', 'p', 'parenleft', 'parenright', 'period', 'plus', 'quotesingle', 'r', 's', 'seven', 'six', 'slash', 'space', 't', 'three', 'two', 'u', 'uniFB00', 'uniFB03', 'uniFB04', 'v', 'w', 'y', 'z', 'zero']
2026-09-09 09:16:27,091 [INFO] Glyph IDs:   [0, 1, 2, 3, 9, 10, 11, 12, 13, 14, 15, 16, 17, 18, 19, 20, 21, 22, 23, 24, 25, 26, 27, 28, 29, 32, 38, 41, 46, 48, 51, 53, 54, 55, 56, 57, 58, 60, 61, 68, 69, 70, 71, 72, 73, 74, 76, 79, 80, 81, 82, 83, 85, 86, 87, 88, 89, 90, 92, 93, 5034, 5035, 5036, 5037, 5038]
2026-09-09 09:16:27,091 [INFO] Retaining 65 glyphs
2026-09-09 09:16:27,092 [INFO] head subsetting not needed
2026-09-09 09:16:27,092 [INFO] hhea subsetting not needed
2026-09-09 09:16:27,092 [INFO] maxp subsetting not needed
2026-09-09 09:16:27,092 [INFO] OS/2 subsetting not needed
2026-09-09 09:16:27,095 [INFO] hmtx subsetted
2026-09-09 09:16:27,099 [INFO] cmap subsetted
2026-09-09 09:16:27,099 [INFO] fpgm subsetting not needed
2026-09-09 09:16:27,099 [INFO] prep subsetting not needed
2026-09-09 09:16:27,099 [INFO] cvt  subsetting not needed
2026-09-09 09:16:27,099 [INFO] loca subsetting not needed
2026-09-09 09:16:27,099 [INFO] post subsetted
2026-09-09 09:16:27,100 [INFO] gasp subsetting not needed
2026-09-09 09:16:27,102 [INFO] GDEF subsetted
2026-09-09 09:16:27,129 [INFO] GPOS subsetted
2026-09-09 09:16:27,131 [INFO] GSUB subsetted
2026-09-09 09:16:27,131 [INFO] name subsetting not needed
2026-09-09 09:16:27,133 [INFO] glyf subsetted
2026-09-09 09:16:27,133 [INFO] head pruned
2026-09-09 09:16:27,133 [INFO] OS/2 Unicode ranges pruned: [0]
2026-09-09 09:16:27,133 [INFO] OS/2 CodePage ranges pruned: [0]
2026-09-09 09:16:27,134 [INFO] glyf pruned
2026-09-09 09:16:27,134 [INFO] GDEF pruned
2026-09-09 09:16:27,134 [INFO] GPOS pruned
2026-09-09 09:16:27,135 [INFO] GSUB pruned
2026-09-09 09:16:27,149 [INFO] name pruned
2026-09-09 09:16:27,160 [INFO] maxp pruned
2026-09-09 09:16:27,172 [INFO] cmap pruned
2026-09-09 09:16:27,172 [INFO] kern dropped
2026-09-09 09:16:27,172 [INFO] post pruned
2026-09-09 09:16:27,172 [INFO] FFTM dropped
2026-09-09 09:16:27,174 [INFO] GPOS pruned
2026-09-09 09:16:27,178 [INFO] GSUB pruned
2026-09-09 09:16:27,185 [INFO] glyf pruned
2026-09-09 09:16:27,186 [INFO] Added gid0 to subset
2026-09-09 09:16:27,186 [INFO] Added first four glyphs to subset
2026-09-09 09:16:27,186 [INFO] Closing glyph list over 'MATH': 52 glyphs before
2026-09-09 09:16:27,186 [INFO] Glyph names: ['.notdef', '.null', 'A', 'B', 'D', 'F', 'K', 'M', 'P', 'R', 'S', 'T', 'U', 'W', 'Y', 'a', 'alpha', 'ampersand', 'c', 'd', 'e', 'eight', 'equal', 'five', 'four', 'g', 'hyphen', 'i', 'l', 'minus', 'n', 'nine', 'nonmarkingreturn', 'o', 'one', 'p', 'parenleft', 'parenright', 'period', 'r', 's', 'seven', 'six', 'space', 't', 'three', 'two', 'u', 'v', 'w', 'y', 'zero']
2026-09-09 09:16:27,187 [INFO] Glyph IDs:   [0, 1, 2, 3, 9, 11, 12, 16, 17, 19, 20, 21, 22, 23, 24, 25, 26, 27, 28, 32, 36, 37, 39, 41, 46, 48, 51, 53, 54, 55, 56, 58, 60, 68, 70, 71, 72, 74, 76, 79, 81, 82, 83, 85, 86, 87, 88, 89, 90, 92, 837, 3228]
2026-09-09 09:16:27,188 [INFO] Closed glyph list over 'MATH': 58 glyphs after
2026-09-09 09:16:27,188 [INFO] Glyph names: ['.notdef', '.null', 'A', 'B', 'D', 'F', 'K', 'M', 'P', 'R', 'S', 'T', 'U', 'W', 'Y', 'a', 'alpha', 'ampersand', 'c', 'd', 'e', 'eight', 'equal', 'five', 'four', 'g', 'hyphen', 'i', 'l', 'minus', 'n', 'nine', 'nonmarkingreturn', 'o', 'one', 'p', 'parenleft', 'parenright', 'period', 'r', 's', 'seven', 'six', 'space', 't', 'three', 'two', 'u', 'uni239B', 'uni239C', 'uni239D', 'uni239E', 'uni239F', 'uni23A0', 'v', 'w', 'y', 'zero']
2026-09-09 09:16:27,188 [INFO] Glyph IDs:   [0, 1, 2, 3, 9, 11, 12, 16, 17, 19, 20, 21, 22, 23, 24, 25, 26, 27, 28, 32, 36, 37, 39, 41, 46, 48, 51, 53, 54, 55, 56, 58, 60, 68, 70, 71, 72, 74, 76, 79, 81, 82, 83, 85, 86, 87, 88, 89, 90, 92, 837, 3228, 3506, 3507, 3508, 3509, 3510, 3511]
2026-09-09 09:16:27,188 [INFO] Closing glyph list over 'GSUB': 58 glyphs before
2026-09-09 09:16:27,188 [INFO] Glyph names: ['.notdef', '.null', 'A', 'B', 'D', 'F', 'K', 'M', 'P', 'R', 'S', 'T', 'U', 'W', 'Y', 'a', 'alpha', 'ampersand', 'c', 'd', 'e', 'eight', 'equal', 'five', 'four', 'g', 'hyphen', 'i', 'l', 'minus', 'n', 'nine', 'nonmarkingreturn', 'o', 'one', 'p', 'parenleft', 'parenright', 'period', 'r', 's', 'seven', 'six', 'space', 't', 'three', 'two', 'u', 'uni239B', 'uni239C', 'uni239D', 'uni239E', 'uni239F', 'uni23A0', 'v', 'w', 'y', 'zero']
2026-09-09 09:16:27,188 [INFO] Glyph IDs:   [0, 1, 2, 3, 9, 11, 12, 16, 17, 19, 20, 21, 22, 23, 24, 25, 26, 27, 28, 32, 36, 37, 39, 41, 46, 48, 51, 53, 54, 55, 56, 58, 60, 68, 70, 71, 72, 74, 76, 79, 81, 82, 83, 85, 86, 87, 88, 89, 90, 92, 837, 3228, 3506, 3507, 3508, 3509, 3510, 3511]
2026-09-09 09:16:27,192 [INFO] Closed glyph list over 'GSUB': 58 glyphs after
2026-09-09 09:16:27,192 [INFO] Glyph names: ['.notdef', '.null', 'A', 'B', 'D', 'F', 'K', 'M', 'P', 'R', 'S', 'T', 'U', 'W', 'Y', 'a', 'alpha', 'ampersand', 'c', 'd', 'e', 'eight', 'equal', 'five', 'four', 'g', 'hyphen', 'i', 'l', 'minus', 'n', 'nine', 'nonmarkingreturn', 'o', 'one', 'p', 'parenleft', 'parenright', 'period', 'r', 's', 'seven', 'six', 'space', 't', 'three', 'two', 'u', 'uni239B', 'uni239C', 'uni239D', 'uni239E', 'uni239F', 'uni23A0', 'v', 'w', 'y', 'zero']
2026-09-09 09:16:27,193 [INFO] Glyph IDs:   [0, 1, 2, 3, 9, 11, 12, 16, 17, 19, 20, 21, 22, 23, 24, 25, 26, 27, 28, 32, 36, 37, 39, 41, 46, 48, 51, 53, 54, 55, 56, 58, 60, 68, 70, 71, 72, 74, 76, 79, 81, 82, 83, 85, 86, 87, 88, 89, 90, 92, 837, 3228, 3506, 3507, 3508, 3509, 3510, 3511]
2026-09-09 09:16:27,193 [INFO] Closing glyph list over 'glyf': 58 glyphs before
2026-09-09 09:16:27,193 [INFO] Glyph names: ['.notdef', '.null', 'A', 'B', 'D', 'F', 'K', 'M', 'P', 'R', 'S', 'T', 'U', 'W', 'Y', 'a', 'alpha', 'ampersand', 'c', 'd', 'e', 'eight', 'equal', 'five', 'four', 'g', 'hyphen', 'i', 'l', 'minus', 'n', 'nine', 'nonmarkingreturn', 'o', 'one', 'p', 'parenleft', 'parenright', 'period', 'r', 's', 'seven', 'six', 'space', 't', 'three', 'two', 'u', 'uni239B', 'uni239C', 'uni239D', 'uni239E', 'uni239F', 'uni23A0', 'v', 'w', 'y', 'zero']
2026-09-09 09:16:27,193 [INFO] Glyph IDs:   [0, 1, 2, 3, 9, 11, 12, 16, 17, 19, 20, 21, 22, 23, 24, 25, 26, 27, 28, 32, 36, 37, 39, 41, 46, 48, 51, 53, 54, 55, 56, 58, 60, 68, 70, 71, 72, 74, 76, 79, 81, 82, 83, 85, 86, 87, 88, 89, 90, 92, 837, 3228, 3506, 3507, 3508, 3509, 3510, 3511]
2026-09-09 09:16:27,193 [INFO] Closed glyph list over 'glyf': 58 glyphs after
2026-09-09 09:16:27,194 [INFO] Glyph names: ['.notdef', '.null', 'A', 'B', 'D', 'F', 'K', 'M', 'P', 'R', 'S', 'T', 'U', 'W', 'Y', 'a', 'alpha', 'ampersand', 'c', 'd', 'e', 'eight', 'equal', 'five', 'four', 'g', 'hyphen', 'i', 'l', 'minus', 'n', 'nine', 'nonmarkingreturn', 'o', 'one', 'p', 'parenleft', 'parenright', 'period', 'r', 's', 'seven', 'six', 'space', 't', 'three', 'two', 'u', 'uni239B', 'uni239C', 'uni239D', 'uni239E', 'uni239F', 'uni23A0', 'v', 'w', 'y', 'zero']
2026-09-09 09:16:27,194 [INFO] Glyph IDs:   [0, 1, 2, 3, 9, 11, 12, 16, 17, 19, 20, 21, 22, 23, 24, 25, 26, 27, 28, 32, 36, 37, 39, 41, 46, 48, 51, 53, 54, 55, 56, 58, 60, 68, 70, 71, 72, 74, 76, 79, 81, 82, 83, 85, 86, 87, 88, 89, 90, 92, 837, 3228, 3506, 3507, 3508, 3509, 3510, 3511]
2026-09-09 09:16:27,194 [INFO] Retaining 58 glyphs
2026-09-09 09:16:27,195 [INFO] head subsetting not needed
2026-09-09 09:16:27,195 [INFO] hhea subsetting not needed
2026-09-09 09:16:27,195 [INFO] maxp subsetting not needed
2026-09-09 09:16:27,195 [INFO] OS/2 subsetting not needed
2026-09-09 09:16:27,198 [INFO] hmtx subsetted
2026-09-09 09:16:27,200 [INFO] cmap subsetted
2026-09-09 09:16:27,200 [INFO] fpgm subsetting not needed
2026-09-09 09:16:27,200 [INFO] prep subsetting not needed
2026-09-09 09:16:27,200 [INFO] cvt  subsetting not needed
2026-09-09 09:16:27,200 [INFO] loca subsetting not needed
2026-09-09 09:16:27,200 [INFO] post subsetted
2026-09-09 09:16:27,200 [INFO] gasp subsetting not needed
2026-09-09 09:16:27,201 [INFO] MATH subsetted
2026-09-09 09:16:27,204 [INFO] GDEF subsetted
2026-09-09 09:16:27,237 [INFO] GPOS subsetted
2026-09-09 09:16:27,239 [INFO] GSUB subsetted
2026-09-09 09:16:27,239 [INFO] name subsetting not needed
2026-09-09 09:16:27,241 [INFO] glyf subsetted
2026-09-09 09:16:27,241 [INFO] head pruned
2026-09-09 09:16:27,242 [INFO] OS/2 Unicode ranges pruned: [0, 7, 38]
2026-09-09 09:16:27,242 [INFO] OS/2 CodePage ranges pruned: [0]
2026-09-09 09:16:27,243 [INFO] glyf pruned
2026-09-09 09:16:27,243 [INFO] GDEF pruned
2026-09-09 09:16:27,244 [INFO] GPOS pruned
2026-09-09 09:16:27,244 [INFO] GSUB pruned
2026-09-09 09:16:27,260 [INFO] name pruned
2026-09-09 09:16:27,272 [INFO] maxp pruned
2026-09-09 09:16:27,284 [INFO] cmap pruned
2026-09-09 09:16:27,285 [INFO] kern dropped
2026-09-09 09:16:27,285 [INFO] post pruned
2026-09-09 09:16:27,285 [INFO] FFTM dropped
2026-09-09 09:16:27,287 [INFO] GPOS pruned
2026-09-09 09:16:27,295 [INFO] GSUB pruned
2026-09-09 09:16:27,337 [INFO] glyf pruned
2026-09-09 09:16:27,339 [INFO] Added gid0 to subset
2026-09-09 09:16:27,339 [INFO] Added first four glyphs to subset
2026-09-09 09:16:27,339 [INFO] Closing glyph list over 'MATH': 5 glyphs before
2026-09-09 09:16:27,339 [INFO] Glyph names: ['.notdef', '.null', 'fi', 'nonmarkingreturn', 'space']
2026-09-09 09:16:27,340 [INFO] Glyph IDs:   [0, 1, 2, 3, 5039]
2026-09-09 09:16:27,341 [INFO] Closed glyph list over 'MATH': 5 glyphs after
2026-09-09 09:16:27,341 [INFO] Glyph names: ['.notdef', '.null', 'fi', 'nonmarkingreturn', 'space']
2026-09-09 09:16:27,341 [INFO] Glyph IDs:   [0, 1, 2, 3, 5039]
2026-09-09 09:16:27,341 [INFO] Closing glyph list over 'GSUB': 5 glyphs before
2026-09-09 09:16:27,341 [INFO] Glyph names: ['.notdef', '.null', 'fi', 'nonmarkingreturn', 'space']
2026-09-09 09:16:27,342 [INFO] Glyph IDs:   [0, 1, 2, 3, 5039]
2026-09-09 09:16:27,343 [INFO] Closed glyph list over 'GSUB': 5 glyphs after
2026-09-09 09:16:27,343 [INFO] Glyph names: ['.notdef', '.null', 'fi', 'nonmarkingreturn', 'space']
2026-09-09 09:16:27,343 [INFO] Glyph IDs:   [0, 1, 2, 3, 5039]
2026-09-09 09:16:27,344 [INFO] Closing glyph list over 'glyf': 5 glyphs before
2026-09-09 09:16:27,344 [INFO] Glyph names: ['.notdef', '.null', 'fi', 'nonmarkingreturn', 'space']
2026-09-09 09:16:27,344 [INFO] Glyph IDs:   [0, 1, 2, 3, 5039]
2026-09-09 09:16:27,344 [INFO] Closed glyph list over 'glyf': 5 glyphs after
2026-09-09 09:16:27,344 [INFO] Glyph names: ['.notdef', '.null', 'fi', 'nonmarkingreturn', 'space']
2026-09-09 09:16:27,344 [INFO] Glyph IDs:   [0, 1, 2, 3, 5039]
2026-09-09 09:16:27,344 [INFO] Retaining 5 glyphs
2026-09-09 09:16:27,345 [INFO] head subsetting not needed
2026-09-09 09:16:27,345 [INFO] hhea subsetting not needed
2026-09-09 09:16:27,345 [INFO] maxp subsetting not needed
2026-09-09 09:16:27,345 [INFO] OS/2 subsetting not needed
2026-09-09 09:16:27,347 [INFO] hmtx subsetted
2026-09-09 09:16:27,353 [INFO] cmap subsetted
2026-09-09 09:16:27,353 [INFO] fpgm subsetting not needed
2026-09-09 09:16:27,353 [INFO] prep subsetting not needed
2026-09-09 09:16:27,354 [INFO] cvt  subsetting not needed
2026-09-09 09:16:27,354 [INFO] loca subsetting not needed
2026-09-09 09:16:27,354 [INFO] post subsetted
2026-09-09 09:16:27,354 [INFO] gasp subsetting not needed
2026-09-09 09:16:27,354 [INFO] MATH subsetted
2026-09-09 09:16:27,358 [INFO] GDEF subsetted
2026-09-09 09:16:27,387 [INFO] GPOS subsetted
2026-09-09 09:16:27,388 [INFO] GSUB subsetted
2026-09-09 09:16:27,388 [INFO] name subsetting not needed
2026-09-09 09:16:27,390 [INFO] glyf subsetted
2026-09-09 09:16:27,391 [INFO] head pruned
2026-09-09 09:16:27,391 [INFO] OS/2 Unicode ranges pruned: [62]
2026-09-09 09:16:27,391 [INFO] OS/2 CodePage ranges pruned: [0]
2026-09-09 09:16:27,391 [INFO] glyf pruned
2026-09-09 09:16:27,392 [INFO] GDEF pruned
2026-09-09 09:16:27,392 [INFO] GPOS pruned
2026-09-09 09:16:27,392 [INFO] GSUB pruned
2026-09-09 09:16:27,394 [INFO] name pruned
2026-09-09 09:16:30,099 [INFO] maxp pruned
2026-09-09 09:16:30,109 [INFO] cmap pruned
2026-09-09 09:16:30,109 [INFO] kern dropped
2026-09-09 09:16:30,109 [INFO] post pruned
2026-09-09 09:16:30,109 [INFO] FFTM dropped
2026-09-09 09:16:30,111 [INFO] GPOS pruned
2026-09-09 09:16:30,116 [INFO] GSUB pruned
2026-09-09 09:16:30,122 [INFO] glyf pruned
2026-09-09 09:16:30,123 [INFO] Added gid0 to subset
2026-09-09 09:16:30,123 [INFO] Added first four glyphs to subset
2026-09-09 09:16:30,123 [INFO] Closing glyph list over 'GSUB': 59 glyphs before
2026-09-09 09:16:30,123 [INFO] Glyph names: ['.notdef', '.null', 'A', 'B', 'C', 'D', 'F', 'I', 'K', 'L', 'M', 'R', 'S', 'T', 'V', 'W', 'Y', 'Z', 'a', 'ampersand', 'asterisk', 'b', 'c', 'colon', 'd', 'e', 'eight', 'f', 'five', 'four', 'g', 'hyphen', 'i', 'j', 'l', 'm', 'n', 'nine', 'nonmarkingreturn', 'o', 'one', 'p', 'parenleft', 'parenright', 'period', 'plus', 'r', 's', 'six', 'slash', 'space', 't', 'three', 'two', 'u', 'underscore', 'v', 'y', 'zero']
2026-09-09 09:16:30,124 [INFO] Glyph IDs:   [0, 1, 2, 3, 9, 11, 12, 13, 14, 16, 17, 18, 19, 20, 21, 22, 23, 24, 25, 27, 28, 29, 36, 37, 38, 39, 41, 44, 46, 47, 48, 53, 54, 55, 57, 58, 60, 61, 66, 68, 69, 70, 71, 72, 73, 74, 76, 77, 79, 80, 81, 82, 83, 85, 86, 87, 88, 89, 92]
2026-09-09 09:16:30,128 [INFO] Closed glyph list over 'GSUB': 64 glyphs after
2026-09-09 09:16:30,129 [INFO] Glyph names: ['.notdef', '.null', 'A', 'B', 'C', 'D', 'F', 'I', 'K', 'L', 'M', 'R', 'S', 'T', 'V', 'W', 'Y', 'Z', 'a', 'ampersand', 'asterisk', 'b', 'c', 'colon', 'd', 'e', 'eight', 'f', 'fi', 'five', 'fl', 'four', 'g', 'hyphen', 'i', 'j', 'l', 'm', 'n', 'nine', 'nonmarkingreturn', 'o', 'one', 'p', 'parenleft', 'parenright', 'period', 'plus', 'r', 's', 'six', 'slash', 'space', 't', 'three', 'two', 'u', 'underscore', 'uniFB00', 'uniFB03', 'uniFB04', 'v', 'y', 'zero']
2026-09-09 09:16:30,129 [INFO] Glyph IDs:   [0, 1, 2, 3, 9, 11, 12, 13, 14, 16, 17, 18, 19, 20, 21, 22, 23, 24, 25, 27, 28, 29, 36, 37, 38, 39, 41, 44, 46, 47, 48, 53, 54, 55, 57, 58, 60, 61, 66, 68, 69, 70, 71, 72, 73, 74, 76, 77, 79, 80, 81, 82, 83, 85, 86, 87, 88, 89, 92, 5034, 5035, 5036, 5037, 5038]
2026-09-09 09:16:30,129 [INFO] Closing glyph list over 'glyf': 64 glyphs before
2026-09-09 09:16:30,129 [INFO] Glyph names: ['.notdef', '.null', 'A', 'B', 'C', 'D', 'F', 'I', 'K', 'L', 'M', 'R', 'S', 'T', 'V', 'W', 'Y', 'Z', 'a', 'ampersand', 'asterisk', 'b', 'c', 'colon', 'd', 'e', 'eight', 'f', 'fi', 'five', 'fl', 'four', 'g', 'hyphen', 'i', 'j', 'l', 'm', 'n', 'nine', 'nonmarkingreturn', 'o', 'one', 'p', 'parenleft', 'parenright', 'period', 'plus', 'r', 's', 'six', 'slash', 'space', 't', 'three', 'two', 'u', 'underscore', 'uniFB00', 'uniFB03', 'uniFB04', 'v', 'y', 'zero']
2026-09-09 09:16:30,129 [INFO] Glyph IDs:   [0, 1, 2, 3, 9, 11, 12, 13, 14, 16, 17, 18, 19, 20, 21, 22, 23, 24, 25, 27, 28, 29, 36, 37, 38, 39, 41, 44, 46, 47, 48, 53, 54, 55, 57, 58, 60, 61, 66, 68, 69, 70, 71, 72, 73, 74, 76, 77, 79, 80, 81, 82, 83, 85, 86, 87, 88, 89, 92, 5034, 5035, 5036, 5037, 5038]
2026-09-09 09:16:30,129 [INFO] Closed glyph list over 'glyf': 64 glyphs after
2026-09-09 09:16:30,129 [INFO] Glyph names: ['.notdef', '.null', 'A', 'B', 'C', 'D', 'F', 'I', 'K', 'L', 'M', 'R', 'S', 'T', 'V', 'W', 'Y', 'Z', 'a', 'ampersand', 'asterisk', 'b', 'c', 'colon', 'd', 'e', 'eight', 'f', 'fi', 'five', 'fl', 'four', 'g', 'hyphen', 'i', 'j', 'l', 'm', 'n', 'nine', 'nonmarkingreturn', 'o', 'one', 'p', 'parenleft', 'parenright', 'period', 'plus', 'r', 's', 'six', 'slash', 'space', 't', 'three', 'two', 'u', 'underscore', 'uniFB00', 'uniFB03', 'uniFB04', 'v', 'y', 'zero']
2026-09-09 09:16:30,130 [INFO] Glyph IDs:   [0, 1, 2, 3, 9, 11, 12, 13, 14, 16, 17, 18, 19, 20, 21, 22, 23, 24, 25, 27, 28, 29, 36, 37, 38, 39, 41, 44, 46, 47, 48, 53, 54, 55, 57, 58, 60, 61, 66, 68, 69, 70, 71, 72, 73, 74, 76, 77, 79, 80, 81, 82, 83, 85, 86, 87, 88, 89, 92, 5034, 5035, 5036, 5037, 5038]
2026-09-09 09:16:30,130 [INFO] Retaining 64 glyphs
2026-09-09 09:16:30,130 [INFO] head subsetting not needed
2026-09-09 09:16:30,130 [INFO] hhea subsetting not needed
2026-09-09 09:16:30,131 [INFO] maxp subsetting not needed
2026-09-09 09:16:30,131 [INFO] OS/2 subsetting not needed
2026-09-09 09:16:30,133 [INFO] hmtx subsetted
2026-09-09 09:16:30,136 [INFO] cmap subsetted
2026-09-09 09:16:30,136 [INFO] fpgm subsetting not needed
2026-09-09 09:16:30,136 [INFO] prep subsetting not needed
2026-09-09 09:16:30,136 [INFO] cvt  subsetting not needed
2026-09-09 09:16:30,136 [INFO] loca subsetting not needed
2026-09-09 09:16:30,136 [INFO] post subsetted
2026-09-09 09:16:30,136 [INFO] gasp subsetting not needed
2026-09-09 09:16:30,139 [INFO] GDEF subsetted
2026-09-09 09:16:30,164 [INFO] GPOS subsetted
2026-09-09 09:16:30,167 [INFO] GSUB subsetted
2026-09-09 09:16:30,167 [INFO] name subsetting not needed
2026-09-09 09:16:30,169 [INFO] glyf subsetted
2026-09-09 09:16:30,169 [INFO] head pruned
2026-09-09 09:16:30,169 [INFO] OS/2 Unicode ranges pruned: [0]
2026-09-09 09:16:30,169 [INFO] OS/2 CodePage ranges pruned: [0]
2026-09-09 09:16:30,170 [INFO] glyf pruned
2026-09-09 09:16:30,170 [INFO] GDEF pruned
2026-09-09 09:16:30,170 [INFO] GPOS pruned
2026-09-09 09:16:30,171 [INFO] GSUB pruned
2026-09-09 09:16:30,183 [INFO] name pruned
2026-09-09 09:16:30,193 [INFO] maxp pruned
2026-09-09 09:16:30,202 [INFO] cmap pruned
2026-09-09 09:16:30,202 [INFO] kern dropped
2026-09-09 09:16:30,202 [INFO] post pruned
2026-09-09 09:16:30,202 [INFO] FFTM dropped
2026-09-09 09:16:30,204 [INFO] GPOS pruned
2026-09-09 09:16:30,208 [INFO] GSUB pruned
2026-09-09 09:16:30,213 [INFO] glyf pruned
2026-09-09 09:16:30,214 [INFO] Added gid0 to subset
2026-09-09 09:16:30,214 [INFO] Added first four glyphs to subset
2026-09-09 09:16:30,214 [INFO] Closing glyph list over 'GSUB': 5 glyphs before
2026-09-09 09:16:30,214 [INFO] Glyph names: ['.notdef', '.null', 'fi', 'nonmarkingreturn', 'space']
2026-09-09 09:16:30,215 [INFO] Glyph IDs:   [0, 1, 2, 3, 5035]
2026-09-09 09:16:30,216 [INFO] Closed glyph list over 'GSUB': 5 glyphs after
2026-09-09 09:16:30,216 [INFO] Glyph names: ['.notdef', '.null', 'fi', 'nonmarkingreturn', 'space']
2026-09-09 09:16:30,217 [INFO] Glyph IDs:   [0, 1, 2, 3, 5035]
2026-09-09 09:16:30,217 [INFO] Closing glyph list over 'glyf': 5 glyphs before
2026-09-09 09:16:30,217 [INFO] Glyph names: ['.notdef', '.null', 'fi', 'nonmarkingreturn', 'space']
2026-09-09 09:16:30,217 [INFO] Glyph IDs:   [0, 1, 2, 3, 5035]
2026-09-09 09:16:30,217 [INFO] Closed glyph list over 'glyf': 5 glyphs after
2026-09-09 09:16:30,217 [INFO] Glyph names: ['.notdef', '.null', 'fi', 'nonmarkingreturn', 'space']
2026-09-09 09:16:30,218 [INFO] Glyph IDs:   [0, 1, 2, 3, 5035]
2026-09-09 09:16:30,218 [INFO] Retaining 5 glyphs
2026-09-09 09:16:30,218 [INFO] head subsetting not needed
2026-09-09 09:16:30,218 [INFO] hhea subsetting not needed
2026-09-09 09:16:30,218 [INFO] maxp subsetting not needed
2026-09-09 09:16:30,219 [INFO] OS/2 subsetting not needed
2026-09-09 09:16:30,221 [INFO] hmtx subsetted
2026-09-09 09:16:30,224 [INFO] cmap subsetted
2026-09-09 09:16:30,224 [INFO] fpgm subsetting not needed
2026-09-09 09:16:30,224 [INFO] prep subsetting not needed
2026-09-09 09:16:30,224 [INFO] cvt  subsetting not needed
2026-09-09 09:16:30,224 [INFO] loca subsetting not needed
2026-09-09 09:16:30,224 [INFO] post subsetted
2026-09-09 09:16:30,224 [INFO] gasp subsetting not needed
2026-09-09 09:16:30,226 [INFO] GDEF subsetted
2026-09-09 09:16:30,247 [INFO] GPOS subsetted
2026-09-09 09:16:30,248 [INFO] GSUB subsetted
2026-09-09 09:16:30,248 [INFO] name subsetting not needed
2026-09-09 09:16:30,249 [INFO] glyf subsetted
2026-09-09 09:16:30,249 [INFO] head pruned
2026-09-09 09:16:30,250 [INFO] OS/2 Unicode ranges pruned: [62]
2026-09-09 09:16:30,250 [INFO] OS/2 CodePage ranges pruned: [0]
2026-09-09 09:16:30,250 [INFO] glyf pruned
2026-09-09 09:16:30,250 [INFO] GDEF pruned
2026-09-09 09:16:30,250 [INFO] GPOS pruned
2026-09-09 09:16:30,250 [INFO] GSUB pruned
2026-09-09 09:16:30,252 [INFO] name pruned
2026-09-09 09:16:30,256 [INFO] maxp pruned
2026-09-09 09:16:30,268 [INFO] cmap pruned
2026-09-09 09:16:30,268 [INFO] kern dropped
2026-09-09 09:16:30,268 [INFO] post pruned
2026-09-09 09:16:30,268 [INFO] FFTM dropped
2026-09-09 09:16:30,271 [INFO] GPOS pruned
2026-09-09 09:16:30,274 [INFO] GSUB pruned
2026-09-09 09:16:30,279 [INFO] glyf pruned
2026-09-09 09:16:30,280 [INFO] Added gid0 to subset
2026-09-09 09:16:30,280 [INFO] Added first four glyphs to subset
2026-09-09 09:16:30,280 [INFO] Closing glyph list over 'MATH': 53 glyphs before
2026-09-09 09:16:30,280 [INFO] Glyph names: ['.notdef', '.null', 'A', 'B', 'C', 'E', 'K', 'L', 'M', 'N', 'S', 'V', 'W', 'Y', 'a', 'asterisk', 'bracketleft', 'bracketright', 'c', 'colon', 'd', 'e', 'eight', 'equal', 'five', 'four', 'g', 'h', 'hyphen', 'i', 'l', 'minus', 'n', 'nine', 'nonmarkingreturn', 'o', 'one', 'parenleft', 'parenright', 'period', 'plusminus', 'r', 's', 'seven', 'six', 'space', 't', 'three', 'two', 'u', 'v', 'y', 'zero']
2026-09-09 09:16:30,281 [INFO] Glyph IDs:   [0, 1, 2, 3, 11, 12, 13, 16, 17, 19, 20, 21, 22, 23, 24, 25, 26, 27, 28, 29, 32, 36, 37, 38, 40, 46, 47, 48, 49, 54, 57, 58, 60, 62, 64, 68, 70, 71, 72, 74, 75, 76, 79, 81, 82, 85, 86, 87, 88, 89, 92, 115, 3228]
2026-09-09 09:16:30,282 [INFO] Closed glyph list over 'MATH': 65 glyphs after
2026-09-09 09:16:30,282 [INFO] Glyph names: ['.notdef', '.null', 'A', 'B', 'C', 'E', 'K', 'L', 'M', 'N', 'S', 'V', 'W', 'Y', 'a', 'asterisk', 'bracketleft', 'bracketright', 'c', 'colon', 'd', 'e', 'eight', 'equal', 'five', 'four', 'g', 'h', 'hyphen', 'i', 'l', 'minus', 'n', 'nine', 'nonmarkingreturn', 'o', 'one', 'parenleft', 'parenright', 'period', 'plusminus', 'r', 's', 'seven', 'six', 'space', 't', 'three', 'two', 'u', 'uni239B', 'uni239C', 'uni239D', 'uni239E', 'uni239F', 'uni23A0', 'uni23A1', 'uni23A2', 'uni23A3', 'uni23A4', 'uni23A5', 'uni23A6', 'v', 'y', 'zero']
2026-09-09 09:16:30,282 [INFO] Glyph IDs:   [0, 1, 2, 3, 11, 12, 13, 16, 17, 19, 20, 21, 22, 23, 24, 25, 26, 27, 28, 29, 32, 36, 37, 38, 40, 46, 47, 48, 49, 54, 57, 58, 60, 62, 64, 68, 70, 71, 72, 74, 75, 76, 79, 81, 82, 85, 86, 87, 88, 89, 92, 115, 3228, 3506, 3507, 3508, 3509, 3510, 3511, 3512, 3513, 3514, 3515, 3516, 3517]
2026-09-09 09:16:30,282 [INFO] Closing glyph list over 'GSUB': 65 glyphs before
2026-09-09 09:16:30,282 [INFO] Glyph names: ['.notdef', '.null', 'A', 'B', 'C', 'E', 'K', 'L', 'M', 'N', 'S', 'V', 'W', 'Y', 'a', 'asterisk', 'bracketleft', 'bracketright', 'c', 'colon', 'd', 'e', 'eight', 'equal', 'five', 'four', 'g', 'h', 'hyphen', 'i', 'l', 'minus', 'n', 'nine', 'nonmarkingreturn', 'o', 'one', 'parenleft', 'parenright', 'period', 'plusminus', 'r', 's', 'seven', 'six', 'space', 't', 'three', 'two', 'u', 'uni239B', 'uni239C', 'uni239D', 'uni239E', 'uni239F', 'uni23A0', 'uni23A1', 'uni23A2', 'uni23A3', 'uni23A4', 'uni23A5', 'uni23A6', 'v', 'y', 'zero']
2026-09-09 09:16:30,282 [INFO] Glyph IDs:   [0, 1, 2, 3, 11, 12, 13, 16, 17, 19, 20, 21, 22, 23, 24, 25, 26, 27, 28, 29, 32, 36, 37, 38, 40, 46, 47, 48, 49, 54, 57, 58, 60, 62, 64, 68, 70, 71, 72, 74, 75, 76, 79, 81, 82, 85, 86, 87, 88, 89, 92, 115, 3228, 3506, 3507, 3508, 3509, 3510, 3511, 3512, 3513, 3514, 3515, 3516, 3517]
2026-09-09 09:16:30,288 [INFO] Closed glyph list over 'GSUB': 65 glyphs after
2026-09-09 09:16:30,288 [INFO] Glyph names: ['.notdef', '.null', 'A', 'B', 'C', 'E', 'K', 'L', 'M', 'N', 'S', 'V', 'W', 'Y', 'a', 'asterisk', 'bracketleft', 'bracketright', 'c', 'colon', 'd', 'e', 'eight', 'equal', 'five', 'four', 'g', 'h', 'hyphen', 'i', 'l', 'minus', 'n', 'nine', 'nonmarkingreturn', 'o', 'one', 'parenleft', 'parenright', 'period', 'plusminus', 'r', 's', 'seven', 'six', 'space', 't', 'three', 'two', 'u', 'uni239B', 'uni239C', 'uni239D', 'uni239E', 'uni239F', 'uni23A0', 'uni23A1', 'uni23A2', 'uni23A3', 'uni23A4', 'uni23A5', 'uni23A6', 'v', 'y', 'zero']
2026-09-09 09:16:30,288 [INFO] Glyph IDs:   [0, 1, 2, 3, 11, 12, 13, 16, 17, 19, 20, 21, 22, 23, 24, 25, 26, 27, 28, 29, 32, 36, 37, 38, 40, 46, 47, 48, 49, 54, 57, 58, 60, 62, 64, 68, 70, 71, 72, 74, 75, 76, 79, 81, 82, 85, 86, 87, 88, 89, 92, 115, 3228, 3506, 3507, 3508, 3509, 3510, 3511, 3512, 3513, 3514, 3515, 3516, 3517]
2026-09-09 09:16:30,289 [INFO] Closing glyph list over 'glyf': 65 glyphs before
2026-09-09 09:16:30,289 [INFO] Glyph names: ['.notdef', '.null', 'A', 'B', 'C', 'E', 'K', 'L', 'M', 'N', 'S', 'V', 'W', 'Y', 'a', 'asterisk', 'bracketleft', 'bracketright', 'c', 'colon', 'd', 'e', 'eight', 'equal', 'five', 'four', 'g', 'h', 'hyphen', 'i', 'l', 'minus', 'n', 'nine', 'nonmarkingreturn', 'o', 'one', 'parenleft', 'parenright', 'period', 'plusminus', 'r', 's', 'seven', 'six', 'space', 't', 'three', 'two', 'u', 'uni239B', 'uni239C', 'uni239D', 'uni239E', 'uni239F', 'uni23A0', 'uni23A1', 'uni23A2', 'uni23A3', 'uni23A4', 'uni23A5', 'uni23A6', 'v', 'y', 'zero']
2026-09-09 09:16:30,289 [INFO] Glyph IDs:   [0, 1, 2, 3, 11, 12, 13, 16, 17, 19, 20, 21, 22, 23, 24, 25, 26, 27, 28, 29, 32, 36, 37, 38, 40, 46, 47, 48, 49, 54, 57, 58, 60, 62, 64, 68, 70, 71, 72, 74, 75, 76, 79, 81, 82, 85, 86, 87, 88, 89, 92, 115, 3228, 3506, 3507, 3508, 3509, 3510, 3511, 3512, 3513, 3514, 3515, 3516, 3517]
2026-09-09 09:16:30,289 [INFO] Closed glyph list over 'glyf': 65 glyphs after
2026-09-09 09:16:30,289 [INFO] Glyph names: ['.notdef', '.null', 'A', 'B', 'C', 'E', 'K', 'L', 'M', 'N', 'S', 'V', 'W', 'Y', 'a', 'asterisk', 'bracketleft', 'bracketright', 'c', 'colon', 'd', 'e', 'eight', 'equal', 'five', 'four', 'g', 'h', 'hyphen', 'i', 'l', 'minus', 'n', 'nine', 'nonmarkingreturn', 'o', 'one', 'parenleft', 'parenright', 'period', 'plusminus', 'r', 's', 'seven', 'six', 'space', 't', 'three', 'two', 'u', 'uni239B', 'uni239C', 'uni239D', 'uni239E', 'uni239F', 'uni23A0', 'uni23A1', 'uni23A2', 'uni23A3', 'uni23A4', 'uni23A5', 'uni23A6', 'v', 'y', 'zero']
2026-09-09 09:16:30,289 [INFO] Glyph IDs:   [0, 1, 2, 3, 11, 12, 13, 16, 17, 19, 20, 21, 22, 23, 24, 25, 26, 27, 28, 29, 32, 36, 37, 38, 40, 46, 47, 48, 49, 54, 57, 58, 60, 62, 64, 68, 70, 71, 72, 74, 75, 76, 79, 81, 82, 85, 86, 87, 88, 89, 92, 115, 3228, 3506, 3507, 3508, 3509, 3510, 3511, 3512, 3513, 3514, 3515, 3516, 3517]
2026-09-09 09:16:30,290 [INFO] Retaining 65 glyphs
2026-09-09 09:16:30,290 [INFO] head subsetting not needed
2026-09-09 09:16:30,290 [INFO] hhea subsetting not needed
2026-09-09 09:16:30,290 [INFO] maxp subsetting not needed
2026-09-09 09:16:30,290 [INFO] OS/2 subsetting not needed
2026-09-09 09:16:30,293 [INFO] hmtx subsetted
2026-09-09 09:16:30,295 [INFO] cmap subsetted
2026-09-09 09:16:30,295 [INFO] fpgm subsetting not needed
2026-09-09 09:16:30,295 [INFO] prep subsetting not needed
2026-09-09 09:16:30,295 [INFO] cvt  subsetting not needed
2026-09-09 09:16:30,295 [INFO] loca subsetting not needed
2026-09-09 09:16:30,295 [INFO] post subsetted
2026-09-09 09:16:30,295 [INFO] gasp subsetting not needed
2026-09-09 09:16:30,296 [INFO] MATH subsetted
2026-09-09 09:16:30,298 [INFO] GDEF subsetted
2026-09-09 09:16:30,325 [INFO] GPOS subsetted
2026-09-09 09:16:30,327 [INFO] GSUB subsetted
2026-09-09 09:16:30,327 [INFO] name subsetting not needed
2026-09-09 09:16:30,329 [INFO] glyf subsetted
2026-09-09 09:16:30,329 [INFO] head pruned
2026-09-09 09:16:30,329 [INFO] OS/2 Unicode ranges pruned: [0, 1, 38]
2026-09-09 09:16:30,330 [INFO] OS/2 CodePage ranges pruned: [0]
2026-09-09 09:16:30,330 [INFO] glyf pruned
2026-09-09 09:16:30,330 [INFO] GDEF pruned
2026-09-09 09:16:30,331 [INFO] GPOS pruned
2026-09-09 09:16:30,331 [INFO] GSUB pruned
2026-09-09 09:16:30,344 [INFO] name pruned
2026-09-09 09:16:30,354 [INFO] maxp pruned
2026-09-09 09:16:30,366 [INFO] cmap pruned
2026-09-09 09:16:30,366 [INFO] kern dropped
2026-09-09 09:16:30,366 [INFO] post pruned
2026-09-09 09:16:30,366 [INFO] FFTM dropped
2026-09-09 09:16:30,369 [INFO] GPOS pruned
2026-09-09 09:16:30,372 [INFO] GSUB pruned
2026-09-09 09:16:30,378 [INFO] glyf pruned
2026-09-09 09:16:30,379 [INFO] Added gid0 to subset
2026-09-09 09:16:30,379 [INFO] Added first four glyphs to subset
2026-09-09 09:16:30,379 [INFO] Closing glyph list over 'MATH': 6 glyphs before
2026-09-09 09:16:30,379 [INFO] Glyph names: ['.notdef', '.null', 'fi', 'nonmarkingreturn', 'space', 'uniFB00']
2026-09-09 09:16:30,380 [INFO] Glyph IDs:   [0, 1, 2, 3, 5038, 5039]
2026-09-09 09:16:30,380 [INFO] Closed glyph list over 'MATH': 6 glyphs after
2026-09-09 09:16:30,380 [INFO] Glyph names: ['.notdef', '.null', 'fi', 'nonmarkingreturn', 'space', 'uniFB00']
2026-09-09 09:16:30,381 [INFO] Glyph IDs:   [0, 1, 2, 3, 5038, 5039]
2026-09-09 09:16:30,381 [INFO] Closing glyph list over 'GSUB': 6 glyphs before
2026-09-09 09:16:30,381 [INFO] Glyph names: ['.notdef', '.null', 'fi', 'nonmarkingreturn', 'space', 'uniFB00']
2026-09-09 09:16:30,381 [INFO] Glyph IDs:   [0, 1, 2, 3, 5038, 5039]
2026-09-09 09:16:30,383 [INFO] Closed glyph list over 'GSUB': 6 glyphs after
2026-09-09 09:16:30,383 [INFO] Glyph names: ['.notdef', '.null', 'fi', 'nonmarkingreturn', 'space', 'uniFB00']
2026-09-09 09:16:30,383 [INFO] Glyph IDs:   [0, 1, 2, 3, 5038, 5039]
2026-09-09 09:16:30,383 [INFO] Closing glyph list over 'glyf': 6 glyphs before
2026-09-09 09:16:30,383 [INFO] Glyph names: ['.notdef', '.null', 'fi', 'nonmarkingreturn', 'space', 'uniFB00']
2026-09-09 09:16:30,384 [INFO] Glyph IDs:   [0, 1, 2, 3, 5038, 5039]
2026-09-09 09:16:30,384 [INFO] Closed glyph list over 'glyf': 6 glyphs after
2026-09-09 09:16:30,384 [INFO] Glyph names: ['.notdef', '.null', 'fi', 'nonmarkingreturn', 'space', 'uniFB00']
2026-09-09 09:16:30,384 [INFO] Glyph IDs:   [0, 1, 2, 3, 5038, 5039]
2026-09-09 09:16:30,384 [INFO] Retaining 6 glyphs
2026-09-09 09:16:30,385 [INFO] head subsetting not needed
2026-09-09 09:16:30,385 [INFO] hhea subsetting not needed
2026-09-09 09:16:30,385 [INFO] maxp subsetting not needed
2026-09-09 09:16:30,385 [INFO] OS/2 subsetting not needed
2026-09-09 09:16:30,387 [INFO] hmtx subsetted
2026-09-09 09:16:30,389 [INFO] cmap subsetted
2026-09-09 09:16:30,389 [INFO] fpgm subsetting not needed
2026-09-09 09:16:30,389 [INFO] prep subsetting not needed
2026-09-09 09:16:30,390 [INFO] cvt  subsetting not needed
2026-09-09 09:16:30,390 [INFO] loca subsetting not needed
2026-09-09 09:16:30,390 [INFO] post subsetted
2026-09-09 09:16:30,390 [INFO] gasp subsetting not needed
2026-09-09 09:16:30,390 [INFO] MATH subsetted
2026-09-09 09:16:30,392 [INFO] GDEF subsetted
2026-09-09 09:16:30,425 [INFO] GPOS subsetted
2026-09-09 09:16:30,425 [INFO] GSUB subsetted
2026-09-09 09:16:30,426 [INFO] name subsetting not needed
2026-09-09 09:16:30,427 [INFO] glyf subsetted
2026-09-09 09:16:30,427 [INFO] head pruned
2026-09-09 09:16:30,428 [INFO] OS/2 Unicode ranges pruned: [62]
2026-09-09 09:16:30,428 [INFO] OS/2 CodePage ranges pruned: [0]
2026-09-09 09:16:30,428 [INFO] glyf pruned
2026-09-09 09:16:30,428 [INFO] GDEF pruned
2026-09-09 09:16:30,429 [INFO] GPOS pruned
2026-09-09 09:16:30,429 [INFO] GSUB pruned
2026-09-09 09:16:30,432 [INFO] name pruned
