Period,Model,Scenario,Station,Index,Unit,Sen_slope_unit,StartYear,EndYear,N,S,Var_S,Var_S_adj_YueWang2004,Z_MK,p_MK,Trend_MK,Significant_MK,Z_MMK2004,p_MMK2004,Trend_MMK2004,Significant_MMK2004,Kendall_tau,Sen_slope,Sen_CI95_low,Sen_CI95_high,n_over_nstar,n_effective,ESS_lags_used,ESS_weighted_rho_sum,MMK_rho1,MK_status,MMK_status,MK_MMK_same_conclusion
2021-2050,ACCESS-ESM1-5,SSP2-4.5,351001,PRCPTOT,mm,mm year-1,2021,2050,30,-21.0,3141.6666666666665,511.2649224164416,-0.35682062007003157,0.7212260985001633,No significant trend,False,-0.8845186555581278,0.37641629633061247,No significant trend,False,-0.04827586206896552,-2.6838461538461615,-22.276666666666653,20.5828571428571,0.16273684533149335,184.34669750965307,29,-0.4186315773342533,-0.19404101029072576,OK,FACTOR_LT_ONE,True
2021-2050,ACCESS-ESM1-5,SSP2-4.5,351002,PRCPTOT,mm,mm year-1,2021,2050,30,-23.0,3141.6666666666665,466.7252840783845,-0.3925026820770347,0.6946868300138667,No significant trend,False,-1.0183381556720352,0.30851728153019464,No significant trend,False,-0.052873563218390804,-3.1455172413793075,-18.372000000000014,13.09153846153847,0.1485597721204407,201.93892042105676,29,-0.42572011393977965,-0.22001966214989052,OK,FACTOR_LT_ONE,True
2021-2050,ACCESS-ESM1-5,SSP2-4.5,351003,PRCPTOT,mm,mm year-1,2021,2050,30,-47.0,3141.6666666666665,402.40562517052234,-0.8206874261610726,0.41182433473249114,No significant trend,False,-2.2931148678307154,0.02184139263255983,Decreasing,True,-0.10804597701149425,-9.112777777777776,-25.99599999999996,12.003529411764696,0.12808667114181083,234.21640778520646,29,-0.4359566644290946,-0.19880289826274086,OK,FACTOR_LT_ONE,False
2021-2050,ACCESS-ESM1-5,SSP2-4.5,351004,PRCPTOT,mm,mm year-1,2021,2050,30,-59.0,3141.6666666666665,390.24158830826866,-1.0347797982030915,0.3007717594347785,No significant trend,False,-2.9360349313387517,0.003324368853114832,Decreasing,True,-0.135632183908046,-10.01000000000002,-29.89375000000001,10.52624999999999,0.12421482916974069,241.51705718650328,29,-0.43789258541512965,-0.11879919242157594,OK,FACTOR_LT_ONE,False
2021-2050,ACCESS-ESM1-5,SSP2-4.5,351005,PRCPTOT,mm,mm year-1,2021,2050,30,-23.0,3141.6666666666665,579.6698953681632,-0.3925026820770347,0.6946868300138667,No significant trend,False,-0.9137603468858919,0.36084278659188274,No significant trend,False,-0.052873563218390804,-5.140000000000002,-22.06000000000003,15.917777777777765,0.18451031152302277,162.5925388796315,29,-0.4077448442384886,-0.21996119446556603,OK,FACTOR_LT_ONE,True
2021-2050,ACCESS-ESM1-5,SSP2-4.5,351006,PRCPTOT,mm,mm year-1,2021,2050,30,-63.0,3141.6666666666665,333.5678405468207,-1.106143922217098,0.2686642304239092,No significant trend,False,-3.3946859489662278,0.0006870736448711559,Decreasing,True,-0.14482758620689656,-10.034999999999997,-30.79947368421053,8.818421052631589,0.10617543996185275,282.5512191028222,29,-0.4469122800190736,-0.18230207141374055,OK,FACTOR_LT_ONE,False
2021-2050,ACCESS-ESM1-5,SSP2-4.5,351007,PRCPTOT,mm,mm year-1,2021,2050,30,-67.0,3141.6666666666665,345.9286571362707,-1.177508046231104,0.2389927879015219,No significant trend,False,-3.5485478439280613,0.0003873616192351767,Decreasing,True,-0.15402298850574714,-8.386250000000004,-22.07733333333334,6.029166666666659,0.1101099173908554,272.4550223165592,29,-0.4449450413045723,-0.21471052180388026,OK,FACTOR_LT_ONE,False
2021-2050,ACCESS-ESM1-5,SSP2-4.5,351008,PRCPTOT,mm,mm year-1,2021,2050,30,-59.0,3141.6666666666665,328.29576741436523,-1.0347797982030915,0.3007717594347785,No significant trend,False,-3.2010713304792446,0.0013691763303692885,Decreasing,True,-0.135632183908046,-7.5049999999999955,-19.711666666666662,6.211000000000013,0.10449732649794119,287.0886845185562,29,-0.4477513367510294,-0.20983224208597134,OK,FACTOR_LT_ONE,False
2021-2050,ACCESS-ESM1-5,SSP2-4.5,351009,PRCPTOT,mm,mm year-1,2021,2050,30,-17.0,3141.6666666666665,474.5148685708816,-0.28545649605602524,0.7752944295177846,No significant trend,False,-0.7345055302248217,0.4626406909168894,No significant trend,False,-0.03908045977011494,-2.6405555555555416,-17.016666666666666,12.370000000000017,0.15103921546022758,198.62391305852455,29,-0.4244803922698862,-0.216207048107159,OK,FACTOR_LT_ONE,True
2021-2050,ACCESS-ESM1-5,SSP2-4.5,351010,PRCPTOT,mm,mm year-1,2021,2050,30,-59.0,3141.6666666666665,327.8726311733283,-1.0347797982030915,0.3007717594347785,No significant trend,False,-3.2031362368389584,0.0013593965587824568,Decreasing,True,-0.135632183908046,-7.559999999999998,-21.04391304347826,7.287999999999999,0.10436264122227956,287.4591870102607,29,-0.4478186793888602,-0.20234114194576683,OK,FACTOR_LT_ONE,False
2021-2050,ACCESS-ESM1-5,SSP2-4.5,351011,PRCPTOT,mm,mm year-1,2021,2050,30,-15.0,3141.6666666666665,367.8603932029611,-0.24977443404902208,0.802761791874143,No significant trend,False,-0.7299389194459417,0.4654275212172432,No significant trend,False,-0.034482758620689655,-1.5974999999999682,-12.576363636363608,9.930000000000001,0.11709084133781256,256.2113283774996,29,-0.4414545793310937,-0.27433657292597763,OK,FACTOR_LT_ONE,True
2021-2050,ACCESS-ESM1-5,SSP2-4.5,351012,PRCPTOT,mm,mm year-1,2021,2050,30,-75.0,3141.6666666666665,329.80828870266475,-1.3202362942591168,0.18675613776082567,No significant trend,False,-4.074749702239323,4.606386389104396e-05,Decreasing,True,-0.1724137931034483,-14.641428571428605,-36.721818181818186,8.62238095238096,0.10497876563480046,285.7720779873125,29,-0.44751061718259977,-0.23046471834618898,OK,FACTOR_LT_ONE,False
2021-2050,ACCESS-ESM1-5,SSP2-4.5,351201,PRCPTOT,mm,mm year-1,2021,2050,30,-23.0,3141.6666666666665,358.46369806133094,-0.3925026820770347,0.6946868300138667,No significant trend,False,-1.1619838457457643,0.24524202682786245,No significant trend,False,-0.052873563218390804,-4.158124999999998,-27.20454545454546,21.911904761904754,0.11409985084180296,262.92760050663315,29,-0.4429500745790985,-0.22438392430654264,OK,FACTOR_LT_ONE,True
2021-2050,ACCESS-ESM1-5,SSP2-4.5,351001,SDII,mm day-1,mm day-1 year-1,2021,2050,30,-31.0,3141.6666666666665,752.6540626636813,-0.5352309301050473,0.5924901808547871,No significant trend,False,-1.0935119908128506,0.2741690672057363,No significant trend,False,-0.07126436781609195,-0.053453911392666344,-0.16552640128216226,0.13770000381868852,0.23957158493273678,125.22353186594704,29,-0.3802142075336316,-0.1624688903634519,OK,FACTOR_LT_ONE,True
2021-2050,ACCESS-ESM1-5,SSP2-4.5,351002,SDII,mm day-1,mm day-1 year-1,2021,2050,30,-31.0,3141.6666666666665,494.8207034124284,-0.5352309301050473,0.5924901808547871,No significant trend,False,-1.3486439968123616,0.17745134171098698,No significant trend,False,-0.07126436781609195,-0.026217139678713707,-0.13798653084323717,0.09230347156273087,0.1575026111657597,190.47303265612052,29,-0.42124869441712015,-0.2241773946836405,OK,FACTOR_LT_ONE,True
2021-2050,ACCESS-ESM1-5,SSP2-4.5,351003,SDII,mm day-1,mm day-1 year-1,2021,2050,30,-21.0,3141.6666666666665,663.1445069239059,-0.35682062007003157,0.7212260985001633,No significant trend,False,-0.7766510028914962,0.43736470178181763,No significant trend,False,-0.04827586206896552,-0.04049802695638833,-0.18430422647527922,0.15504484678340313,0.21108047965747667,142.12588510638895,29,-0.39445976017126166,-0.06150548873199941,OK,FACTOR_LT_ONE,True
2021-2050,ACCESS-ESM1-5,SSP2-4.5,351004,SDII,mm day-1,mm day-1 year-1,2021,2050,30,-51.0,3141.6666666666665,996.6718949917262,-0.8920515501750789,0.372365302198027,No significant trend,False,-1.5837765138091189,0.11324458573575076,No significant trend,False,-0.11724137931034483,-0.11948916408668732,-0.30490914158305493,0.14469444444444454,0.3172430434986927,94.5647213226399,29,-0.34137847825065365,0.10609652958473807,OK,FACTOR_LT_ONE,True
2021-2050,ACCESS-ESM1-5,SSP2-4.5,351005,SDII,mm day-1,mm day-1 year-1,2021,2050,30,-19.0,3141.6666666666665,713.2537750084067,-0.3211385580630284,0.7481053914270006,No significant trend,False,-0.6739853639679311,0.500320618774885,No significant trend,False,-0.04367816091954023,-0.03701063829787223,-0.2025612605785021,0.14645506732073862,0.22703037931302072,132.14090594738053,29,-0.38648481034348964,-0.2222888489211992,OK,FACTOR_LT_ONE,True
2021-2050,ACCESS-ESM1-5,SSP2-4.5,351006,SDII,mm day-1,mm day-1 year-1,2021,2050,30,-45.0,3141.6666666666665,531.1609170363934,-0.7850053641540694,0.4324504235358998,No significant trend,False,-1.90914810381719,0.05624298876405943,No significant trend,False,-0.10344827586206896,-0.054170846394984457,-0.21173931529133386,0.10270874813339985,0.1690697879160934,177.44151908967032,29,-0.4154651060419533,-0.028228040730194758,OK,FACTOR_LT_ONE,True
2021-2050,ACCESS-ESM1-5,SSP2-4.5,351007,SDII,mm day-1,mm day-1 year-1,2021,2050,30,-67.0,3141.6666666666665,389.01426129611235,-1.177508046231104,0.2389927879015219,No significant trend,False,-3.3462714963321543,0.0008190615626292091,Decreasing,True,-0.15402298850574714,-0.04772981366459624,-0.13036962073205335,0.04185817505195494,0.12382416805181296,242.27903544198907,29,-0.4380879159740935,-0.057978818923906036,OK,FACTOR_LT_ONE,False
2021-2050,ACCESS-ESM1-5,SSP2-4.5,351008,SDII,mm day-1,mm day-1 year-1,2021,2050,30,-59.0,3141.6666666666665,452.7179114006455,-1.0347797982030915,0.3007717594347785,No significant trend,False,-2.7259265832208763,0.0064121259060326155,Decreasing,True,-0.135632183908046,-0.04669635349635358,-0.12790168067226873,0.03982766544117633,0.14410119195776516,208.1870357380024,29,-0.4279494040211174,-0.06694885557241133,OK,FACTOR_LT_ONE,False
2021-2050,ACCESS-ESM1-5,SSP2-4.5,351009,SDII,mm day-1,mm day-1 year-1,2021,2050,30,-11.0,3141.6666666666665,440.09033664504796,-0.17841031003501578,0.8584007529637274,No significant trend,False,-0.47668236317347285,0.6335883236739268,No significant trend,False,-0.02528735632183908,-0.014599959200326423,-0.08600079821200515,0.08149386125238398,0.14008180476765453,214.1605760274094,29,-0.42995909761617274,-0.20766058399623952,OK,FACTOR_LT_ONE,True
2021-2050,ACCESS-ESM1-5,SSP2-4.5,351010,SDII,mm day-1,mm day-1 year-1,2021,2050,30,-53.0,3141.6666666666665,447.10556566101275,-0.9277336121820821,0.353545768449924,No significant trend,False,-2.459225229108536,0.01392372353468675,Decreasing,True,-0.12183908045977011,-0.03614782608695653,-0.1507760927743086,0.06534748803827757,0.1423147689106672,210.80032824162745,29,-0.4288426155446664,-0.057314287293067034,OK,FACTOR_LT_ONE,False
2021-2050,ACCESS-ESM1-5,SSP2-4.5,351011,SDII,mm day-1,mm day-1 year-1,2021,2050,30,-13.0,3141.6666666666665,387.1288158789785,-0.21409237204201895,0.8304750241244809,No significant trend,False,-0.6098927860607006,0.5419328315495863,No significant trend,False,-0.029885057471264367,-0.0039219355620155215,-0.053278561114414244,0.041783289036544866,0.12322402627447593,243.45901450400882,29,-0.43838798686276204,-0.19883769250076921,OK,FACTOR_LT_ONE,True
2021-2050,ACCESS-ESM1-5,SSP2-4.5,351012,SDII,mm day-1,mm day-1 year-1,2021,2050,30,-61.0,3141.6666666666665,369.62595011929704,-1.0704618602100946,0.2844114676220474,No significant trend,False,-3.120829362745148,0.0018034250050060906,Decreasing,True,-0.14022988505747128,-0.07850524824429259,-0.24177753682118,0.07636153736857043,0.11765282231913965,254.98750823523278,29,-0.4411735888404302,-0.07294410244101854,OK,FACTOR_LT_ONE,False
2021-2050,ACCESS-ESM1-5,SSP2-4.5,351201,SDII,mm day-1,mm day-1 year-1,2021,2050,30,-25.0,3141.6666666666665,413.31399280078756,-0.4281847440840379,0.6685166224807093,No significant trend,False,-1.1805141238130377,0.23779579640214343,No significant trend,False,-0.05747126436781609,-0.029466778090546746,-0.15586755266622776,0.12524627158555696,0.13155883059972018,228.03486366702174,29,-0.4342205847001399,-0.26214791796219733,OK,FACTOR_LT_ONE,True
2021-2050,ACCESS-ESM1-5,SSP2-4.5,351001,Rx1day,mm,mm year-1,2021,2050,30,-47.0,3141.6666666666665,572.8451755537355,-0.8206874261610726,0.41182433473249114,No significant trend,False,-1.9219372394692105,0.0546136553080064,No significant trend,False,-0.10804597701149425,-0.7566666666666663,-2.6127272727272723,0.9406666666666667,0.18233798691365588,164.52962165369394,29,-0.40883100654317206,-0.04956460670679706,OK,FACTOR_LT_ONE,True
2021-2050,ACCESS-ESM1-5,SSP2-4.5,351002,Rx1day,mm,mm year-1,2021,2050,30,-71.0,3141.6666666666665,392.69480550064833,-1.2488721702451104,0.21171183194124243,No significant trend,False,-3.5324047634980698,0.0004117985231336227,Decreasing,True,-0.1632183908045977,-0.7671428571428568,-2.108518518518519,0.40749999999999975,0.12499569405856181,240.00826769236292,29,-0.4375021529707191,-0.0971626986848744,OK,FACTOR_LT_ONE,False
2021-2050,ACCESS-ESM1-5,SSP2-4.5,351003,Rx1day,mm,mm year-1,2021,2050,30,-43.0,3141.6666666666665,588.9064920648011,-0.7493233021470662,0.45366236627030876,No significant trend,False,-1.7307172384864073,0.0835022091169514,No significant trend,False,-0.09885057471264368,-0.5742857142857145,-2.3874999999999993,1.5171428571428571,0.18745034230179347,160.0423857946349,29,-0.40627482884910326,0.02692952791756155,OK,FACTOR_LT_ONE,True
2021-2050,ACCESS-ESM1-5,SSP2-4.5,351004,Rx1day,mm,mm year-1,2021,2050,30,-71.0,3141.6666666666665,664.0670423134233,-1.2488721702451104,0.21171183194124243,No significant trend,False,-2.716389710112459,0.006599818039674204,Decreasing,True,-0.1632183908045977,-0.9484999999999999,-3.0930000000000004,0.8772727272727265,0.21137412487429919,141.92844094725652,29,-0.3943129375628504,0.24084927280938084,OK,FACTOR_LT_ONE,False
2021-2050,ACCESS-ESM1-5,SSP2-4.5,351005,Rx1day,mm,mm year-1,2021,2050,30,-51.0,3141.6666666666665,661.4755819143019,-0.8920515501750789,0.372365302198027,No significant trend,False,-1.9440753597574878,0.051886364135966034,No significant trend,False,-0.11724137931034483,-0.8157142857142868,-2.856666666666667,0.7323529411764708,0.2105492568427486,142.48447346649093,29,-0.3947253715786257,-0.22351585753438663,OK,FACTOR_LT_ONE,True
2021-2050,ACCESS-ESM1-5,SSP2-4.5,351006,Rx1day,mm,mm year-1,2021,2050,30,-78.0,3140.6666666666665,936.621506729471,-1.3739780749238582,0.1694484891847532,No significant trend,False,-2.515988561019027,0.011869903525714863,Decreasing,True,-0.1793103448275862,-1.0515999999999999,-2.86875,0.4808695652173914,0.2982237869017632,100.59559739237766,29,-0.3508881065491184,0.20167216378872765,OK,FACTOR_LT_ONE,False
2021-2050,ACCESS-ESM1-5,SSP2-4.5,351007,Rx1day,mm,mm year-1,2021,2050,30,-43.0,3141.6666666666665,612.1264670454547,-0.7493233021470662,0.45366236627030876,No significant trend,False,-1.6975739863028603,0.08958819606360735,No significant trend,False,-0.09885057471264368,-0.3588888888888889,-1.5881818181818181,0.5568749999999998,0.1948413157704365,153.971450466626,29,-0.40257934211478175,0.12805085720792808,OK,FACTOR_LT_ONE,True
2021-2050,ACCESS-ESM1-5,SSP2-4.5,351008,Rx1day,mm,mm year-1,2021,2050,30,-57.0,3141.6666666666665,541.7486397776363,-0.9990977361960883,0.31774734769908775,No significant trend,False,-2.4059639304151843,0.01612985718045684,Decreasing,True,-0.1310344827586207,-0.39749999999999996,-1.469,0.5387500000000003,0.1724398853403617,173.97367169889975,29,-0.41378005732981915,0.05631528952060331,OK,FACTOR_LT_ONE,False
2021-2050,ACCESS-ESM1-5,SSP2-4.5,351009,Rx1day,mm,mm year-1,2021,2050,30,-45.0,3141.6666666666665,610.102313754421,-0.7850053641540694,0.4324504235358998,No significant trend,False,-1.781358541280031,0.07485389654866803,No significant trend,False,-0.10344827586206896,-0.3893333333333331,-1.4515,0.5075000000000003,0.1941970229457043,154.48228579893177,29,-0.40290148852714786,-0.10464158484157013,OK,FACTOR_LT_ONE,True
2021-2050,ACCESS-ESM1-5,SSP2-4.5,351010,Rx1day,mm,mm year-1,2021,2050,30,-67.0,3141.6666666666665,543.0344795017998,-1.177508046231104,0.2389927879015219,No significant trend,False,-2.8322411781642383,0.004622296997403314,Decreasing,True,-0.15402298850574714,-0.5025,-1.6888888888888889,0.44375000000000053,0.17284917119420684,173.56172316437159,29,-0.4135754144028966,0.05741987737713209,OK,FACTOR_LT_ONE,False
2021-2050,ACCESS-ESM1-5,SSP2-4.5,351011,Rx1day,mm,mm year-1,2021,2050,30,-43.0,3141.6666666666665,319.6034011296485,-0.7493233021470662,0.45366236627030876,No significant trend,False,-2.3493276725830294,0.01880734767077028,Decreasing,True,-0.09885057471264368,-0.2566666666666653,-0.8472727272727273,0.4175,0.10173052555850881,294.8967366018958,29,-0.4491347372207456,-0.22934769548481237,OK,FACTOR_LT_ONE,False
2021-2050,ACCESS-ESM1-5,SSP2-4.5,351012,Rx1day,mm,mm year-1,2021,2050,30,-37.0,3141.6666666666665,590.0485015689268,-0.6422771161260568,0.5206932698330874,No significant trend,False,-1.4820356303717344,0.13833081463850463,No significant trend,False,-0.08505747126436781,-0.5079999999999998,-2.209230769230769,1.1885714285714286,0.1878138466532393,159.7326317233095,29,-0.40609307667338035,0.042185889388828765,OK,FACTOR_LT_ONE,True
2021-2050,ACCESS-ESM1-5,SSP2-4.5,351201,Rx1day,mm,mm year-1,2021,2050,30,-65.0,3141.6666666666665,214.9906812575669,-1.141825984224101,0.2535263593015791,No significant trend,False,-4.3648583666380745,1.2720515048214104e-05,Decreasing,True,-0.14942528735632185,-1.2715000000000003,-3.2039999999999997,0.7507999999999998,0.06843204708463668,438.39109420321785,29,-0.46578397645768166,-0.3094350375353517,OK,FACTOR_LT_ONE,False
2021-2050,ACCESS-ESM1-5,SSP2-4.5,351001,Rx5day,mm,mm year-1,2021,2050,30,-21.0,3141.6666666666665,857.9985102268548,-0.35682062007003157,0.7212260985001633,No significant trend,False,-0.6827893347737769,0.49473996990915425,No significant trend,False,-0.04827586206896552,-0.7859999999999976,-3.6758823529411764,3.8709090909090893,0.2731029740775135,109.84867558229243,29,-0.36344851296124325,0.019784430805407423,OK,FACTOR_LT_ONE,True
2021-2050,ACCESS-ESM1-5,SSP2-4.5,351002,Rx5day,mm,mm year-1,2021,2050,30,-29.0,3141.6666666666665,752.7468696347981,-0.49954886809804416,0.617392769071009,No significant trend,False,-1.0205482733602427,0.3074685071890223,No significant trend,False,-0.06666666666666667,-0.6068181818181809,-3.649090909090909,3.3599999999999994,0.23960112561319835,125.20809292202865,29,-0.3801994371934008,-0.11995244660409357,OK,FACTOR_LT_ONE,True
2021-2050,ACCESS-ESM1-5,SSP2-4.5,351003,Rx5day,mm,mm year-1,2021,2050,30,-57.0,3141.6666666666665,775.5752589508925,-0.9990977361960883,0.31774734769908775,No significant trend,False,-2.0108332309325143,0.04434307480119361,Decreasing,True,-0.1310344827586207,-2.066071428571429,-6.206,2.676666666666665,0.2468674564299923,121.52270061772003,29,-0.37656627178500385,0.21143831992556153,OK,FACTOR_LT_ONE,False
2021-2050,ACCESS-ESM1-5,SSP2-4.5,351004,Rx5day,mm,mm year-1,2021,2050,30,-73.0,3141.6666666666665,680.8292758753182,-1.2845542322521135,0.1989481007752456,No significant trend,False,-2.759391901099602,0.005790904223957586,Decreasing,True,-0.167816091954023,-2.2100000000000004,-6.90111111111111,1.9594444444444465,0.21670958383299255,138.43411753824202,29,-0.3916452080835037,0.3025144679245227,OK,FACTOR_LT_ONE,False
2021-2050,ACCESS-ESM1-5,SSP2-4.5,351005,Rx5day,mm,mm year-1,2021,2050,30,-7.0,3141.6666666666665,863.7973141203374,-0.10704618602100947,0.9147523390847367,No significant trend,False,-0.2041480922010564,0.83823777345757,No significant trend,False,-0.016091954022988506,-0.3955555555555558,-5.54,5.283000000000001,0.2749487472001074,109.11124457012357,29,-0.3625256263999463,-0.1256635967087104,OK,FACTOR_LT_ONE,True
2021-2050,ACCESS-ESM1-5,SSP2-4.5,351006,Rx5day,mm,mm year-1,2021,2050,30,-87.0,3141.6666666666665,577.4142462219802,-1.5343286663011357,0.12494881685497079,No significant trend,False,-3.5789423588076232,0.00034498754040053703,Decreasing,True,-0.2,-2.432857142857139,-6.8237499999999995,1.1609090909090867,0.1837923330149539,163.22770111177113,29,-0.40810383349252305,0.27086476776014307,OK,FACTOR_LT_ONE,False
2021-2050,ACCESS-ESM1-5,SSP2-4.5,351007,Rx5day,mm,mm year-1,2021,2050,30,-47.0,3141.6666666666665,673.0990301122736,-0.8206874261610726,0.41182433473249114,No significant trend,False,-1.7730392481874455,0.07622220353937545,No significant trend,False,-0.10804597701149425,-1.1287500000000001,-3.856666666666667,1.6527272727272733,0.21424902815244784,140.02397237785203,29,-0.3928754859237761,0.23493939556087343,OK,FACTOR_LT_ONE,True
2021-2050,ACCESS-ESM1-5,SSP2-4.5,351008,Rx5day,mm,mm year-1,2021,2050,30,-63.0,3141.6666666666665,620.4918246385282,-1.106143922217098,0.2686642304239092,No significant trend,False,-2.4889928991456904,0.012810552434296478,Decreasing,True,-0.14482758620689656,-1.287499999999999,-3.6599999999999997,1.2946666666666664,0.1975040290626615,151.8956354580594,29,-0.40124798546866924,0.2021693744418166,OK,FACTOR_LT_ONE,False
2021-2050,ACCESS-ESM1-5,SSP2-4.5,351009,Rx5day,mm,mm year-1,2021,2050,30,-1.0,3141.6666666666665,686.3785012136902,0.0,1.0,No significant trend,False,0.0,1.0,No significant trend,False,-0.0022988505747126436,-0.012727272727273425,-2.5572727272727267,3.4426315789473683,0.2184759155056839,137.31490691119,29,-0.39076204224715805,-0.1335261038799624,OK,FACTOR_LT_ONE,True
2021-2050,ACCESS-ESM1-5,SSP2-4.5,351010,Rx5day,mm,mm year-1,2021,2050,30,-65.0,3141.6666666666665,653.3854175749411,-1.141825984224101,0.2535263593015791,No significant trend,False,-2.5037747491485947,0.012287623519493219,Decreasing,True,-0.14942528735632185,-1.6570000000000007,-4.555555555555555,1.2607692307692309,0.20797413822014044,144.24870446269153,29,-0.3960129308899298,0.21202863735196698,OK,FACTOR_LT_ONE,False
2021-2050,ACCESS-ESM1-5,SSP2-4.5,351011,Rx5day,mm,mm year-1,2021,2050,30,-9.0,3141.6666666666665,666.514864043016,-0.14272824802801262,0.8865048064138312,No significant trend,False,-0.3098739494640543,0.7566568137001344,No significant trend,False,-0.020689655172413793,-0.20695652173913004,-1.862142857142857,2.2383333333333333,0.21215327237443482,141.4071989757114,29,-0.3939233638127826,-0.17058574391082784,OK,FACTOR_LT_ONE,True
2021-2050,ACCESS-ESM1-5,SSP2-4.5,351012,Rx5day,mm,mm year-1,2021,2050,30,-33.0,3141.6666666666665,446.00881923245913,-0.5709129921120505,0.568058623631595,No significant trend,False,-1.5152289351504447,0.12971443783399353,No significant trend,False,-0.07586206896551724,-1.29090909090909,-6.762727272727276,2.451851851851852,0.14196567190423104,211.31869132587047,29,-0.4290171640478845,0.03535258310440514,OK,FACTOR_LT_ONE,True
2021-2050,ACCESS-ESM1-5,SSP2-4.5,351201,Rx5day,mm,mm year-1,2021,2050,30,-31.0,3141.6666666666665,311.64193209906824,-0.5352309301050473,0.5924901808547871,No significant trend,False,-1.6993909871943578,0.089245539015653,No significant trend,False,-0.07126436781609195,-0.7977777777777754,-5.392857142857139,3.3776470588235306,0.09919637095991563,302.43041867048476,29,-0.4504018145200422,-0.29235349351792733,OK,FACTOR_LT_ONE,True
2021-2050,ACCESS-ESM1-5,SSP2-4.5,351001,CDD,days,days year-1,2021,2050,30,-45.0,3133.0,506.03253502516355,-0.7860903755415094,0.4318145423940971,No significant trend,False,-1.9559757055767484,0.050468016076877495,No significant trend,False,-0.10344827586206896,-0.5,-1.5,0.47368421052631576,0.16151692787269822,185.7390454060946,29,-0.4192415360636509,0.1438126505949155,OK,FACTOR_LT_ONE,True
2021-2050,ACCESS-ESM1-5,SSP2-4.5,351002,CDD,days,days year-1,2021,2050,30,-51.0,3135.6666666666665,266.35068484924227,-0.8929045986568447,0.37190826423058887,No significant trend,False,-3.0636778411705006,0.002186342119297114,Decreasing,True,-0.11724137931034483,-0.5,-1.3529411764705883,0.42105263157894735,0.08494228282637684,353.180995398021,29,-0.4575288585868116,0.08673047897515328,OK,FACTOR_LT_ONE,False
2021-2050,ACCESS-ESM1-5,SSP2-4.5,351003,CDD,days,days year-1,2021,2050,30,-102.0,3138.6666666666665,172.68772073316157,-1.802805092684455,0.07141883010309145,No significant trend,False,-7.685827714442792,1.5201095884198497e-14,Decreasing,True,-0.23448275862068965,-0.6,-1.263157894736842,0.08333333333333333,0.05501945223019167,545.2616989803042,29,-0.47249027388490417,-0.17422629786153782,OK,FACTOR_LT_ONE,False
2021-2050,ACCESS-ESM1-5,SSP2-4.5,351004,CDD,days,days year-1,2021,2050,30,-47.0,3133.6666666666665,440.71826944213603,-0.821734333051455,0.41122811441731333,No significant trend,False,-2.1911762130629424,0.028439043245663275,Decreasing,True,-0.10804597701149425,-0.37037037037037035,-1.3076923076923077,0.35714285714285715,0.14063980516183472,213.31087571885425,29,-0.42968009741908264,-0.2598909436094607,OK,FACTOR_LT_ONE,False
2021-2050,ACCESS-ESM1-5,SSP2-4.5,351005,CDD,days,days year-1,2021,2050,30,-10.0,3134.0,530.7243371142172,-0.16076555841800338,0.8722780527290793,No significant trend,False,-0.3906681516718292,0.6960425429906314,No significant trend,False,-0.022988505747126436,-0.09090909090909091,-1.0,0.6956521739130435,0.16934407693497677,177.15411452813393,29,-0.4153279615325116,0.01740109607408823,OK,FACTOR_LT_ONE,True
2021-2050,ACCESS-ESM1-5,SSP2-4.5,351006,CDD,days,days year-1,2021,2050,30,-63.0,3133.0,294.38014285634154,-1.1076728018993998,0.26800314959134064,No significant trend,False,-3.613578001067587,0.000302000446823654,Decreasing,True,-0.14482758620689656,-0.41379310344827586,-1.1304347826086956,0.26666666666666666,0.09396110528450097,319.28104622826896,29,-0.4530194473577495,-0.028948512862708234,OK,FACTOR_LT_ONE,False
2021-2050,ACCESS-ESM1-5,SSP2-4.5,351007,CDD,days,days year-1,2021,2050,30,-57.0,3133.6666666666665,613.4648018469236,-1.0003722315409018,0.3171304031182046,No significant trend,False,-2.260961682113334,0.02376162995151476,Decreasing,True,-0.1310344827586207,-0.375,-1.0,0.3333333333333333,0.19576581273702487,153.2443258634716,29,-0.40211709363148757,0.20708650005666415,OK,FACTOR_LT_ONE,False
2021-2050,ACCESS-ESM1-5,SSP2-4.5,351008,CDD,days,days year-1,2021,2050,30,-101.0,3133.6666666666665,265.017496830606,-1.7863789848944676,0.07403791590366716,No significant trend,False,-6.142748381822794,8.11057091086678e-10,Decreasing,True,-0.23218390804597702,-0.5909090909090909,-1.2,0.08695652173913043,0.08457105525920838,354.7312955721159,29,-0.4577144723703958,0.07357057974228887,OK,FACTOR_LT_ONE,False
2021-2050,ACCESS-ESM1-5,SSP2-4.5,351009,CDD,days,days year-1,2021,2050,30,-68.0,3131.3333333333335,579.010919146073,-1.1973197660187576,0.23118194307527484,No significant trend,False,-2.7843987221461535,0.005362706578862856,Decreasing,True,-0.15632183908045977,-0.4,-1.0769230769230769,0.25,0.1849087457353863,162.24219076652818,29,-0.40754562713230685,-0.1241023441686064,OK,FACTOR_LT_ONE,False
2021-2050,ACCESS-ESM1-5,SSP2-4.5,351010,CDD,days,days year-1,2021,2050,30,-80.0,3134.0,261.36700910646886,-1.4111643461135852,0.15819616041000595,No significant trend,False,-4.8865428024662485,1.0262202533213265e-06,Decreasing,True,-0.1839080459770115,-0.5454545454545454,-1.2272727272727273,0.21052631578947367,0.08339725880870097,359.72405362644906,29,-0.4583013705956495,0.06551312798263151,OK,FACTOR_LT_ONE,False
2021-2050,ACCESS-ESM1-5,SSP2-4.5,351011,CDD,days,days year-1,2021,2050,30,-46.0,3119.3333333333335,675.6600279089406,-0.8057153185896117,0.4204070147633149,No significant trend,False,-1.7312046118860773,0.08341527710263064,No significant trend,False,-0.10574712643678161,-0.14285714285714285,-0.5,0.2727272727272727,0.2166039841554629,138.50160751645333,29,-0.39169800792226855,0.20973893547329667,OK,FACTOR_LT_ONE,True
2021-2050,ACCESS-ESM1-5,SSP2-4.5,351012,CDD,days,days year-1,2021,2050,30,-36.0,3134.0,221.577984030222,-0.6251993938477909,0.5318401996958719,No significant trend,False,-2.351282118081764,0.018708842935906786,Decreasing,True,-0.08275862068965517,-0.3333333333333333,-0.9473684210526315,0.45454545454545453,0.07070133504474219,424.32013456344197,29,-0.4646493324776289,-0.11182927014147756,OK,FACTOR_LT_ONE,False
2021-2050,ACCESS-ESM1-5,SSP2-4.5,351201,CDD,days,days year-1,2021,2050,30,-27.0,3132.3333333333335,657.9564537426254,-0.4645573780690141,0.6422484607878425,No significant trend,False,-1.0136190693303706,0.31076455483300014,No significant trend,False,-0.06206896551724138,-0.23076923076923078,-1.2352941176470589,0.6956521739130435,0.21005314049461277,142.82100200624905,29,-0.3949734297526936,0.15586639111261152,OK,FACTOR_LT_ONE,True
2021-2050,ACCESS-ESM1-5,SSP2-4.5,351001,CWD,days,days year-1,2021,2050,30,27.0,3080.3333333333335,910.9967244435207,0.46846213160507544,0.6394541453829281,No significant trend,False,0.861419979144969,0.3890067761827368,No significant trend,False,0.06206896551724138,0.0,-0.09090909090909091,0.16666666666666666,0.2957461501277526,101.4383449692954,29,-0.3521269249361237,-0.282887922104827,OK,FACTOR_LT_ONE,True
2021-2050,ACCESS-ESM1-5,SSP2-4.5,351002,CWD,days,days year-1,2021,2050,30,28.0,3092.0,1068.9023071982601,0.4855612508542843,0.6272782754793644,No significant trend,False,0.8258377990987177,0.40889610880646765,No significant trend,False,0.06436781609195402,0.0,-0.1111111111111111,0.16666666666666666,0.3456993231559703,86.78061538021815,29,-0.32715033842201485,-0.23411886764487927,OK,FACTOR_LT_ONE,True
2021-2050,ACCESS-ESM1-5,SSP2-4.5,351003,CWD,days,days year-1,2021,2050,30,-44.0,3089.3333333333335,557.8726326105099,-0.7736349304489188,0.4391467094923813,No significant trend,False,-1.8205429413354672,0.06867636307254125,No significant trend,False,-0.10114942528735632,-0.041666666666666664,-0.2222222222222222,0.05263157894736842,0.18058026519546067,166.1311105481427,29,-0.40970986740226967,-0.28359013695535223,OK,FACTOR_LT_ONE,True
2021-2050,ACCESS-ESM1-5,SSP2-4.5,351004,CWD,days,days year-1,2021,2050,30,-51.0,3079.6666666666665,523.7661279463517,-0.9009862186802631,0.3675956471432542,No significant trend,False,-2.1847477451512987,0.028907347347120596,Decreasing,True,-0.11724137931034483,-0.05555555555555555,-0.16666666666666666,0.0625,0.17007234374272706,176.3955228686787,29,-0.41496382812863647,-0.24373759932040304,OK,FACTOR_LT_ONE,False
2021-2050,ACCESS-ESM1-5,SSP2-4.5,351005,CWD,days,days year-1,2021,2050,30,22.0,3063.3333333333335,677.4040750688033,0.379421700731329,0.7043747383326977,No significant trend,False,0.8068548098574455,0.4197501369585187,No significant trend,False,0.05057471264367816,0.0,-0.1111111111111111,0.18181818181818182,0.2211329951258335,135.6649648006115,29,-0.38943350243708325,-0.28537749925395406,OK,FACTOR_LT_ONE,True
2021-2050,ACCESS-ESM1-5,SSP2-4.5,351006,CWD,days,days year-1,2021,2050,30,-53.0,3087.6666666666665,245.9428563338247,-0.9358109852695355,0.3493705144805108,No significant trend,False,-3.3157840442326565,0.0009138641838892974,Decreasing,True,-0.12183908045977011,-0.07407407407407407,-0.21052631578947367,0.0625,0.07965330551673044,376.6322038411673,29,-0.4601733472416348,-0.33423784778008003,OK,FACTOR_LT_ONE,False
2021-2050,ACCESS-ESM1-5,SSP2-4.5,351007,CWD,days,days year-1,2021,2050,30,-44.0,3109.3333333333335,574.7265509847124,-0.7711428110223317,0.4406222875004543,No significant trend,False,-1.793650508970808,0.07286896928782322,No significant trend,False,-0.10114942528735632,-0.07692307692307693,-0.2777777777777778,0.125,0.1848391566202977,162.3032724696257,29,-0.40758042168985115,-0.2547620675861642,OK,FACTOR_LT_ONE,True
2021-2050,ACCESS-ESM1-5,SSP2-4.5,351008,CWD,days,days year-1,2021,2050,30,-39.0,3110.3333333333335,519.4752541835016,-0.6813654833298539,0.4956402577808803,No significant trend,False,-1.6672516830046535,0.09546436977336875,No significant trend,False,-0.0896551724137931,-0.07407407407407407,-0.25,0.1111111111111111,0.16701594283040455,179.62357061004255,29,-0.4164920285847977,-0.1840470975132122,OK,FACTOR_LT_ONE,True
2021-2050,ACCESS-ESM1-5,SSP2-4.5,351009,CWD,days,days year-1,2021,2050,30,-31.0,3098.3333333333335,247.70068665552498,-0.5389608074964389,0.5899138979875074,No significant trend,False,-1.9061525282664702,0.05663041924651136,No significant trend,False,-0.07126436781609195,-0.05555555555555555,-0.29411764705882354,0.13043478260869565,0.07994642925944861,375.25128111277587,29,-0.4600267853702757,-0.3948875263954115,OK,FACTOR_LT_ONE,True
2021-2050,ACCESS-ESM1-5,SSP2-4.5,351010,CWD,days,days year-1,2021,2050,30,-77.0,3111.0,349.71075323678383,-1.3625849467325102,0.17301335566964693,No significant trend,False,-4.06405052910922,4.8228378097543874e-05,Decreasing,True,-0.17701149425287357,-0.12,-0.3076923076923077,0.05555555555555555,0.1124110425061986,266.8776957419084,29,-0.4437944787469007,-0.2221794538948652,OK,FACTOR_LT_ONE,False
2021-2050,ACCESS-ESM1-5,SSP2-4.5,351011,CWD,days,days year-1,2021,2050,30,-38.0,3114.6666666666665,376.98624847762403,-0.6629731445624015,0.5073477539393599,No significant trend,False,-1.9056317051168803,0.05669800565039495,No significant trend,False,-0.08735632183908046,-0.125,-0.4444444444444444,0.18181818181818182,0.12103582463964813,247.86049989180472,29,-0.43948208768017594,-0.22295471810457237,OK,FACTOR_LT_ONE,True
2021-2050,ACCESS-ESM1-5,SSP2-4.5,351012,CWD,days,days year-1,2021,2050,30,-58.0,3106.6666666666665,322.75160799517016,-1.0226511871815223,0.3064727983875124,No significant trend,False,-3.1727850342844546,0.0015098427106874164,Decreasing,True,-0.13333333333333333,-0.08333333333333333,-0.2727272727272727,0.09090909090909091,0.10389000257355263,288.7669579058912,29,-0.4480549987132237,-0.22626171152124383,OK,FACTOR_LT_ONE,False
2021-2050,ACCESS-ESM1-5,SSP2-4.5,351201,CWD,days,days year-1,2021,2050,30,-22.0,3098.6666666666665,159.6236077478804,-0.37725227250267657,0.7059861372352939,No significant trend,False,-1.6621519887749197,0.09648230373819375,No significant trend,False,-0.05057471264367816,0.0,-0.2222222222222222,0.14285714285714285,0.05151364277577897,582.3699972176225,29,-0.4742431786121105,-0.5085907619888201,OK,FACTOR_LT_ONE,True
2021-2050,ACCESS-ESM1-5,SSP2-4.5,351001,R10mm,days,days year-1,2021,2050,30,3.0,3131.0,339.5382269095573,0.03574279101510771,0.9714874500392305,No significant trend,False,0.10853896038073582,0.9135681771324076,No significant trend,False,0.006896551724137931,0.0,-0.5555555555555556,0.45454545454545453,0.10844402009248078,276.64042677886783,29,-0.4457779899537596,-0.3160153934647852,OK,FACTOR_LT_ONE,True
2021-2050,ACCESS-ESM1-5,SSP2-4.5,351002,R10mm,days,days year-1,2021,2050,30,-7.0,3129.0,372.08972892163405,-0.10726263678578712,0.9145806250132184,No significant trend,False,-0.3110479972382792,0.7557641336049858,No significant trend,False,-0.016091954022988506,0.0,-0.5714285714285714,0.4166666666666667,0.11891650013475041,252.27785854785043,29,-0.4405417499326248,-0.2677970497154974,OK,FACTOR_LT_ONE,True
2021-2050,ACCESS-ESM1-5,SSP2-4.5,351003,R10mm,days,days year-1,2021,2050,30,-46.0,3124.6666666666665,305.7530234649748,-0.805027407839998,0.42080386391154334,No significant trend,False,-2.573517546333911,0.010067054216368505,Decreasing,True,-0.10574712643678161,-0.16666666666666666,-0.8,0.21428571428571427,0.09785140499199108,306.58731984947417,29,-0.45107429750400446,-0.3383533145530532,OK,FACTOR_LT_ONE,False
2021-2050,ACCESS-ESM1-5,SSP2-4.5,351004,R10mm,days,days year-1,2021,2050,30,-45.0,3135.0,246.93449165510341,-0.7858395890060024,0.43196147004440066,No significant trend,False,-2.800024287296157,0.00510987618409548,Decreasing,True,-0.10344827586206896,-0.2222222222222222,-0.8,0.2857142857142857,0.07876698298408402,380.87024364081486,29,-0.460616508507958,-0.2705297315741188,OK,FACTOR_LT_ONE,False
2021-2050,ACCESS-ESM1-5,SSP2-4.5,351005,R10mm,days,days year-1,2021,2050,30,-23.0,3125.0,403.33013698630043,-0.393547964039963,0.6939148056526037,No significant trend,False,-1.0954494556428376,0.2733197775844929,No significant trend,False,-0.052873563218390804,-0.1,-0.6,0.3333333333333333,0.12906564383561614,232.43985857467507,29,-0.43546717808219193,-0.2711561643835616,OK,FACTOR_LT_ONE,True
2021-2050,ACCESS-ESM1-5,SSP2-4.5,351006,R10mm,days,days year-1,2021,2050,30,-30.0,3131.3333333333335,250.83535167775528,-0.5182428837991637,0.6042888178108277,No significant trend,False,-1.8310644286310584,0.06709092708875253,No significant trend,False,-0.06896551724137931,-0.16666666666666666,-0.782608695652174,0.3333333333333333,0.08010496647149945,374.50861440250026,29,-0.4599475167642503,-0.36620328659877865,OK,FACTOR_LT_ONE,True
2021-2050,ACCESS-ESM1-5,SSP2-4.5,351007,R10mm,days,days year-1,2021,2050,30,-32.0,3131.3333333333335,224.21707262725477,-0.5539837723370371,0.5795899515904033,No significant trend,False,-2.0702717442318974,0.03842690404914911,Decreasing,True,-0.0735632183908046,-0.2,-0.8421052631578947,0.3333333333333333,0.07160434510131619,418.9689879511035,29,-0.4641978274493419,-0.3966158345519114,OK,FACTOR_LT_ONE,False
2021-2050,ACCESS-ESM1-5,SSP2-4.5,351008,R10mm,days,days year-1,2021,2050,30,-35.0,3124.3333333333335,324.7700288309761,-0.6082753760475014,0.5430048496877979,No significant trend,False,-1.8866482848451585,0.059207647759864555,No significant trend,False,-0.08045977011494253,-0.13636363636363635,-0.7857142857142857,0.2777777777777778,0.10394858492402947,288.60421738232816,29,-0.44802570753798526,-0.3666576781481551,OK,FACTOR_LT_ONE,True
2021-2050,ACCESS-ESM1-5,SSP2-4.5,351009,R10mm,days,days year-1,2021,2050,30,-14.0,3127.3333333333335,443.4972787744185,-0.23246429918241682,0.8161774128728284,No significant trend,False,-0.6173022680115782,0.5370353711586158,No significant trend,False,-0.03218390804597701,-0.058823529411764705,-0.625,0.3333333333333333,0.1418132419871302,211.54583013286273,29,-0.4290933790064349,-0.21946224194908662,OK,FACTOR_LT_ONE,True
2021-2050,ACCESS-ESM1-5,SSP2-4.5,351010,R10mm,days,days year-1,2021,2050,30,-40.0,3124.6666666666665,289.228731662912,-0.6976904201279983,0.48537082051832336,No significant trend,False,-2.2932103355215645,0.021835898398636998,Decreasing,True,-0.09195402298850575,-0.17391304347826086,-0.7272727272727273,0.25,0.0925630675260013,324.10334706736995,29,-0.45371846623699935,-0.35247644475764583,OK,FACTOR_LT_ONE,False
2021-2050,ACCESS-ESM1-5,SSP2-4.5,351011,R10mm,days,days year-1,2021,2050,30,-33.0,3123.0,237.2331210145288,-0.5726166689013535,0.5669042708922819,No significant trend,False,-2.077601820195233,0.03774604840473608,Decreasing,True,-0.07586206896551724,-0.11764705882352941,-0.7,0.38095238095238093,0.07596321518236593,394.92799150192087,29,-0.46201839240881704,-0.32213170723157286,OK,FACTOR_LT_ONE,False
2021-2050,ACCESS-ESM1-5,SSP2-4.5,351012,R10mm,days,days year-1,2021,2050,30,-58.0,3136.6666666666665,186.79793500606985,-1.0177489695061963,0.30879726890298154,No significant trend,False,-4.170506670944796,3.0392315785065706e-05,Decreasing,True,-0.13333333333333333,-0.3333333333333333,-1.0,0.2857142857142857,0.05955300797217955,503.75289211276504,29,-0.4702234960139102,-0.2971855314833751,OK,FACTOR_LT_ONE,False
2021-2050,ACCESS-ESM1-5,SSP2-4.5,351201,R10mm,days,days year-1,2021,2050,30,-43.0,3135.0,281.0664044055893,-0.7501196076875477,0.45318267128107725,No significant trend,False,-2.5052139504980806,0.012237734209633186,Decreasing,True,-0.09885057471264368,-0.2222222222222222,-0.8888888888888888,0.5,0.08965435547227729,334.61843367193165,29,-0.45517282226386135,-0.19764760262227948,OK,FACTOR_LT_ONE,False
2021-2050,ACCESS-ESM1-5,SSP2-4.5,351001,R20mm,days,days year-1,2021,2050,30,8.0,3116.0,634.7347368177653,0.12540051368250324,0.9002064814658752,No significant trend,False,0.27784456562691395,0.7811316790981678,No significant trend,False,0.01839080459770115,0.0,-0.30434782608695654,0.3,0.20370177689915447,147.27412031782097,29,-0.39814911155042276,-0.10172025110116881,OK,FACTOR_LT_ONE,True
2021-2050,ACCESS-ESM1-5,SSP2-4.5,351002,R20mm,days,days year-1,2021,2050,30,-9.0,3118.3333333333335,533.4157724307588,-0.14326124414051555,0.886083862746641,No significant trend,False,-0.3463833917349171,0.729054604962736,No significant trend,False,-0.020689655172413793,0.0,-0.3333333333333333,0.23529411764705882,0.17105797084898733,175.3791410660686,29,-0.41447101457550634,-0.18709216942455492,OK,FACTOR_LT_ONE,True
2021-2050,ACCESS-ESM1-5,SSP2-4.5,351003,R20mm,days,days year-1,2021,2050,30,-76.0,3118.0,526.2921879767429,-1.343145953333584,0.1792247181555353,No significant trend,False,-3.2692475096556266,0.0010783392963302047,Decreasing,True,-0.17471264367816092,-0.2,-0.4444444444444444,0.09523809523809523,0.1687915933215981,177.73397009672806,29,-0.41560420333920095,-0.12758841414626346,OK,FACTOR_LT_ONE,False
2021-2050,ACCESS-ESM1-5,SSP2-4.5,351004,R20mm,days,days year-1,2021,2050,30,-63.0,3125.0,353.34576729842104,-1.1090897168398957,0.2673914805412495,No significant trend,False,-3.2983120608526875,0.0009726796910643446,Decreasing,True,-0.14482758620689656,-0.18181818181818182,-0.5384615384615384,0.1875,0.11307064553549473,265.32085191450074,29,-0.44346467723225264,-0.16577810932070627,OK,FACTOR_LT_ONE,False
2021-2050,ACCESS-ESM1-5,SSP2-4.5,351005,R20mm,days,days year-1,2021,2050,30,-15.0,3123.0,524.3670581878825,-0.25051979264434215,0.8021854002832118,No significant trend,False,-0.6113787439681077,0.5409488713293249,No significant trend,False,-0.034482758620689655,0.0,-0.375,0.3,0.1679049177674936,178.6725511014663,29,-0.4160475411162532,-0.14945226181806792,OK,FACTOR_LT_ONE,True
2021-2050,ACCESS-ESM1-5,SSP2-4.5,351006,R20mm,days,days year-1,2021,2050,30,-70.0,3129.3333333333335,386.57653216041456,-1.2334546246357683,0.21740619584528742,No significant trend,False,-3.5093876855855184,0.0004491397064802183,Decreasing,True,-0.16091954022988506,-0.21428571428571427,-0.47058823529411764,0.16666666666666666,0.12353319093323856,242.84971329051962,29,-0.4382334045333807,-0.18005387614228097,OK,FACTOR_LT_ONE,False
2021-2050,ACCESS-ESM1-5,SSP2-4.5,351007,R20mm,days,days year-1,2021,2050,30,-71.0,3103.6666666666665,592.137139990222,-1.2564942457930695,0.20893683087998538,No significant trend,False,-2.8766491015050066,0.0040192226355521546,Decreasing,True,-0.1632183908045977,-0.16666666666666666,-0.4,0.0625,0.19078631940400237,157.24397899030203,29,-0.4046068402979988,-0.0532287681500656,OK,FACTOR_LT_ONE,False
2021-2050,ACCESS-ESM1-5,SSP2-4.5,351008,R20mm,days,days year-1,2021,2050,30,-64.0,3116.0,713.4459781826266,-1.1286046231425293,0.25906465956855107,No significant trend,False,-2.358631000716003,0.018342484482021287,Decreasing,True,-0.1471264367816092,-0.13636363636363635,-0.3076923076923077,0.13333333333333333,0.2289621239353744,131.02603821262434,29,-0.3855189380323128,-0.038007586536218,OK,FACTOR_LT_ONE,False
2021-2050,ACCESS-ESM1-5,SSP2-4.5,351009,R20mm,days,days year-1,2021,2050,30,0.0,3116.6666666666665,600.6451406585292,0.0,1.0,No significant trend,False,0.0,1.0,No significant trend,False,0.0,0.0,-0.29411764705882354,0.22727272727272727,0.19272036598669384,155.6659559377929,29,-0.4036398170066531,-0.1698565459790187,OK,FACTOR_LT_ONE,True
2021-2050,ACCESS-ESM1-5,SSP2-4.5,351010,R20mm,days,days year-1,2021,2050,30,-67.0,3111.6666666666665,639.8182140241323,-1.183170687716736,0.23674150746105171,No significant trend,False,-2.609249662359871,0.009074101212217887,Decreasing,True,-0.15402298850574714,-0.16666666666666666,-0.4,0.06666666666666667,0.20561913680475596,145.90081675367728,29,-0.397190431597622,-0.06350573280486432,OK,FACTOR_LT_ONE,False
2021-2050,ACCESS-ESM1-5,SSP2-4.5,351011,R20mm,days,days year-1,2021,2050,30,20.0,3112.6666666666665,553.2775674439856,0.34055502554360106,0.7334385918988571,No significant trend,False,0.8077594915269933,0.4192290487398047,No significant trend,False,0.04597701149425287,0.0,-0.2,0.25,0.1777503429355276,168.77604568606316,29,-0.4111248285322362,-0.25967078189300413,OK,FACTOR_LT_ONE,True
2021-2050,ACCESS-ESM1-5,SSP2-4.5,351012,R20mm,days,days year-1,2021,2050,30,-69.0,3123.6666666666665,252.31171470799478,-1.2166805659727766,0.223725776018027,No significant trend,False,-4.280950490086342,1.8609676074376286e-05,Decreasing,True,-0.15862068965517243,-0.3076923076923077,-0.7333333333333333,0.17647058823529413,0.08077421237050308,371.4056642532527,29,-0.45961289381474846,-0.2737980304132411,OK,FACTOR_LT_ONE,False
2021-2050,ACCESS-ESM1-5,SSP2-4.5,351201,R20mm,days,days year-1,2021,2050,30,-5.0,3121.6666666666665,309.9145131727801,-0.07159236806375366,0.942926313893904,No significant trend,False,-0.22721606485974746,0.8202557364100144,No significant trend,False,-0.011494252873563218,0.0,-0.42857142857142855,0.4444444444444444,0.09927854132603742,302.18010457544875,29,-0.4503607293369813,-0.19785990643161258,OK,FACTOR_LT_ONE,True
2021-2050,ACCESS-ESM1-5,SSP2-4.5,351001,R50mm,days,days year-1,2021,2050,30,4.0,3050.6666666666665,593.5549552794283,0.05431551182834261,0.9566837911446321,No significant trend,False,0.1231376290436293,0.9019981143405406,No significant trend,False,0.009195402298850575,0.0,-0.09090909090909091,0.1111111111111111,0.19456565404701542,154.1895980919156,29,-0.4027171729764923,-0.04583385280305865,OK,FACTOR_LT_ONE,True
2021-2050,ACCESS-ESM1-5,SSP2-4.5,351002,R50mm,days,days year-1,2021,2050,30,-42.0,2775.3333333333335,661.4761606677105,-0.7782628154092079,0.43641409205739823,No significant trend,False,-1.594141097610021,0.11090443575892207,No significant trend,False,-0.09655172413793103,0.0,-0.0625,-0.0,0.2383411580594681,125.86999343401173,29,-0.38082942097026595,0.10610328638497654,OK,FACTOR_LT_ONE,True
2021-2050,ACCESS-ESM1-5,SSP2-4.5,351003,R50mm,days,days year-1,2021,2050,30,-38.0,3027.3333333333335,567.7660949540142,-0.6724679686836597,0.5012858252457557,No significant trend,False,-1.5528052719941585,0.12046966283384004,No significant trend,False,-0.08735632183908046,0.0,-0.10526315789473684,0.06666666666666667,0.18754660700969417,159.96023856858855,29,-0.4062266964951529,0.11926137822276009,OK,FACTOR_LT_ONE,True
2021-2050,ACCESS-ESM1-5,SSP2-4.5,351004,R50mm,days,days year-1,2021,2050,30,-56.0,3066.6666666666665,769.1497634880892,-0.9931832879575959,0.3206206410690974,No significant trend,False,-1.9831576249059744,0.047349825540746134,Decreasing,True,-0.12873563218390804,-0.05,-0.16666666666666666,0.07142857142857142,0.2508097054852465,119.61259609933518,29,-0.37459514725737675,0.001389939326711418,OK,FACTOR_LT_ONE,False
2021-2050,ACCESS-ESM1-5,SSP2-4.5,351005,R50mm,days,days year-1,2021,2050,30,-3.0,3073.6666666666665,667.7215158457412,-0.0360746072877623,0.9712228695940691,No significant trend,False,-0.0773984583515677,0.9383065671627072,No significant trend,False,-0.006896551724137931,0.0,-0.1111111111111111,0.125,0.21723940435280598,138.0964935407332,29,-0.391380297823597,-0.18470790378006877,OK,FACTOR_LT_ONE,True
2021-2050,ACCESS-ESM1-5,SSP2-4.5,351006,R50mm,days,days year-1,2021,2050,30,-63.0,3020.3333333333335,562.470273272672,-1.1281432562888793,0.2592594235122989,No significant trend,False,-2.6142186107974776,0.008943179366104876,Decreasing,True,-0.14482758620689656,-0.04,-0.125,-0.0,0.18622787990486878,161.09295780698878,29,-0.4068860600475656,0.08176070880231943,OK,FACTOR_LT_ONE,False
2021-2050,ACCESS-ESM1-5,SSP2-4.5,351007,R50mm,days,days year-1,2021,2050,30,-27.0,2665.0,531.4415204678346,-0.5036452487469387,0.6145106894192667,No significant trend,False,-1.1278351015586676,0.2593895661265939,No significant trend,False,-0.06206896551724138,0.0,-0.0,-0.0,0.19941520467836193,150.4398826979477,29,-0.40029239766081903,0.22026618269812462,OK,FACTOR_LT_ONE,True
2021-2050,ACCESS-ESM1-5,SSP2-4.5,351008,R50mm,days,days year-1,2021,2050,30,-32.0,2519.3333333333335,531.7924511623793,-0.6176164821951576,0.5368281771753763,No significant trend,False,-1.3442827004401727,0.1788569875418956,No significant trend,False,-0.0735632183908046,0.0,-0.0,-0.0,0.211084592946168,142.12311557788954,29,-0.394457703526916,0.28631662688941917,OK,FACTOR_LT_ONE,True
2021-2050,ACCESS-ESM1-5,SSP2-4.5,351009,R50mm,days,days year-1,2021,2050,30,-48.0,2787.3333333333335,828.3580584862003,-0.8902324149854035,0.3733411026387595,No significant trend,False,-1.633009860693866,0.10246692280649075,No significant trend,False,-0.1103448275862069,0.0,-0.05555555555555555,-0.0,0.2971865792225067,100.94668500335841,29,-0.35140671038874666,-0.027402338180781336,OK,FACTOR_LT_ONE,True
2021-2050,ACCESS-ESM1-5,SSP2-4.5,351010,R50mm,days,days year-1,2021,2050,30,-38.0,2663.3333333333335,540.5538182105354,-0.7169501530109175,0.47340485435151414,No significant trend,False,-1.5914106290646395,0.1115171938036281,No significant trend,False,-0.08735632183908046,0.0,-0.038461538461538464,-0.0,0.20296138355839877,147.81136920742364,29,-0.3985193082208006,0.18941009239516704,OK,FACTOR_LT_ONE,True
2021-2050,ACCESS-ESM1-5,SSP2-4.5,351011,R50mm,days,days year-1,2021,2050,30,-71.0,1839.6666666666667,1074.9859437751004,-1.6320312500338814,0.10267290318284779,No significant trend,False,-2.134993942820707,0.03276150489609782,Decreasing,True,-0.1632183908045977,0.0,-0.0,-0.0,0.5843373493975903,51.34020618556701,29,-0.20783132530120482,-0.1795180722891566,OK,FACTOR_LT_ONE,False
2021-2050,ACCESS-ESM1-5,SSP2-4.5,351012,R50mm,days,days year-1,2021,2050,30,-63.0,3086.3333333333335,392.9136610683779,-1.1160156243281116,0.26441544669822814,No significant trend,False,-3.1278298866701792,0.0017610207374275442,Decreasing,True,-0.14482758620689656,-0.0625,-0.2222222222222222,0.06666666666666667,0.1273075907986968,235.6497347234938,29,-0.4363462046006516,-0.1618432523745959,OK,FACTOR_LT_ONE,False
2021-2050,ACCESS-ESM1-5,SSP2-4.5,351201,R50mm,days,days year-1,2021,2050,30,-6.0,3082.6666666666665,483.3334499854178,-0.0900547699552639,0.9282436914627462,No significant trend,False,-0.22742938562872933,0.8200898724680754,No significant trend,False,-0.013793103448275862,0.0,-0.13333333333333333,0.125,0.15679069528073675,191.33788485524875,29,-0.4216046523596316,-0.25962637023313273,OK,FACTOR_LT_ONE,True
2021-2050,ACCESS-ESM1-5,SSP2-4.5,351001,R95p,mm,mm year-1,2021,2050,30,-32.0,3138.0,635.2705375868347,-0.553394991458239,0.5799929677919734,No significant trend,False,-1.2299354996276868,0.21872125931787179,No significant trend,False,-0.0735632183908046,-3.12875,-11.22,7.948235294117647,0.20244440331001745,148.18883362292252,29,-0.3987777983449913,-0.08411535146400799,OK,FACTOR_LT_ONE,True
2021-2050,ACCESS-ESM1-5,SSP2-4.5,351002,R95p,mm,mm year-1,2021,2050,30,-27.0,3076.3333333333335,600.5980074828407,-0.4687665914281195,0.6392364823668836,No significant trend,False,-1.060916989960175,0.28872762733102475,No significant trend,False,-0.06206896551724138,0.0,-6.913333333333333,3.92,0.19523177185486207,153.66351344853032,29,-0.40238411407256897,-0.115458829023279,OK,FACTOR_LT_ONE,True
2021-2050,ACCESS-ESM1-5,SSP2-4.5,351003,R95p,mm,mm year-1,2021,2050,30,-50.0,3138.0,636.7870773891119,-0.8747211155307648,0.3817256680467722,No significant trend,False,-1.9417752412698643,0.052164315407013724,No significant trend,False,-0.11494252873563218,-5.1695652173913045,-13.757000000000001,6.694000000000005,0.20292768559245122,147.8359146136932,29,-0.3985361572037744,-0.022630872492798517,OK,FACTOR_LT_ONE,True
2021-2050,ACCESS-ESM1-5,SSP2-4.5,351004,R95p,mm,mm year-1,2021,2050,30,-66.0,3138.0,641.39443273047,-1.1603443369285655,0.2459086398075151,No significant trend,False,-2.566556112522447,0.010271400505909084,Decreasing,True,-0.15172413793103448,-5.808461538461539,-16.741176470588236,6.018333333333334,0.20439593139913004,146.77395873119463,29,-0.397802034300435,-0.006115017984758392,OK,FACTOR_LT_ONE,False
2021-2050,ACCESS-ESM1-5,SSP2-4.5,351005,R95p,mm,mm year-1,2021,2050,30,-6.0,3140.6666666666665,580.8896924359815,-0.08921935551453625,0.9289075832431798,No significant trend,False,-0.20745464782013515,0.835654807955481,No significant trend,False,-0.013793103448275862,-0.5430769230769232,-11.444444444444445,10.688500000000001,0.18495744823900917,162.19946958412206,29,-0.4075212758804954,-0.19401632337164681,OK,FACTOR_LT_ONE,True
2021-2050,ACCESS-ESM1-5,SSP2-4.5,351006,R95p,mm,mm year-1,2021,2050,30,-61.0,3141.6666666666665,441.82383861463813,-1.0704618602100946,0.2844114676220474,No significant trend,False,-2.854477855070251,0.004310763692089861,Decreasing,True,-0.14022988505747128,-7.962499999999999,-23.245454545454546,6.5200000000000005,0.1406335825829087,213.3203140317775,29,-0.42968320870854565,-0.055076651768097035,OK,FACTOR_LT_ONE,False
2021-2050,ACCESS-ESM1-5,SSP2-4.5,351007,R95p,mm,mm year-1,2021,2050,30,-65.0,3141.6666666666665,532.0893688107353,-1.141825984224101,0.2535263593015791,No significant trend,False,-2.7745188714250366,0.005528342656791348,Decreasing,True,-0.14942528735632185,-5.430000000000001,-15.248000000000001,5.270499999999998,0.16936531633232954,177.1318983701116,29,-0.41531734183383523,-0.04960503810083709,OK,FACTOR_LT_ONE,False
2021-2050,ACCESS-ESM1-5,SSP2-4.5,351008,R95p,mm,mm year-1,2021,2050,30,-67.0,3141.6666666666665,501.62825996156374,-1.177508046231104,0.2389927879015219,No significant trend,False,-2.9468154486863836,0.003210647582267096,Decreasing,True,-0.15402298850574714,-4.855652173913046,-13.780000000000001,5.300000000000011,0.15966947266681075,187.88813853354617,29,-0.4201652636665946,-0.061869401104149346,OK,FACTOR_LT_ONE,False
2021-2050,ACCESS-ESM1-5,SSP2-4.5,351009,R95p,mm,mm year-1,2021,2050,30,-7.0,3141.6666666666665,505.34831434111226,-0.10704618602100947,0.9147523390847367,No significant trend,False,-0.26690446536922174,0.789542718464867,No significant trend,False,-0.016091954022988506,-0.7762499999999974,-13.15333333333333,11.356666666666646,0.16085357485658747,186.5050250002038,29,-0.41957321257170627,-0.18233544966671902,OK,FACTOR_LT_ONE,True
2021-2050,ACCESS-ESM1-5,SSP2-4.5,351010,R95p,mm,mm year-1,2021,2050,30,-51.0,3141.6666666666665,491.0444665506529,-0.8920515501750789,0.372365302198027,No significant trend,False,-2.256366242427431,0.024047703953993704,Decreasing,True,-0.11724137931034483,-6.863000000000011,-19.11809523809524,6.505789473684217,0.1563006259577675,191.93781097272134,29,-0.42184968702111625,-0.09002916685184693,OK,FACTOR_LT_ONE,False
2021-2050,ACCESS-ESM1-5,SSP2-4.5,351011,R95p,mm,mm year-1,2021,2050,30,-34.0,2444.6666666666665,420.5413432956771,-0.66742752691321,0.5044990878308129,No significant trend,False,-1.6091983962677263,0.10757296698601594,No significant trend,False,-0.07816091954022988,0.0,-0.0,-0.0,0.17202400189351397,174.3942686472935,29,-0.413987999053243,0.008916394782272992,OK,FACTOR_LT_ONE,True
2021-2050,ACCESS-ESM1-5,SSP2-4.5,351012,R95p,mm,mm year-1,2021,2050,30,-61.0,3141.6666666666665,499.5678174805215,-1.0704618602100946,0.2844114676220474,No significant trend,False,-2.6844419927143206,0.007265098927999156,Decreasing,True,-0.14022988505747128,-5.253181818181818,-19.824166666666667,6.6530000000000005,0.1590136289062668,188.6630737651047,29,-0.4204931855468666,-0.0892800891960635,OK,FACTOR_LT_ONE,False
2021-2050,ACCESS-ESM1-5,SSP2-4.5,351201,R95p,mm,mm year-1,2021,2050,30,-14.0,3140.6666666666665,626.3052202357961,-0.23197032433779424,0.8165610629162756,No significant trend,False,-0.51945787734165,0.603441479714155,No significant trend,False,-0.03218390804597701,-2.6864285714285745,-15.212222222222225,12.743500000000001,0.1994179219600285,150.4378327942522,29,-0.40029103901998575,-0.22674282989927022,OK,FACTOR_LT_ONE,True
2021-2050,ACCESS-ESM1-5,SSP2-4.5,351001,R99p,mm,mm year-1,2021,2050,30,-59.0,2929.0,761.483922242273,-1.071687851701767,0.2838602591115045,No significant trend,False,-2.101830183488944,0.03556815410200405,Decreasing,True,-0.135632183908046,0.0,-7.3500000000000005,-0.0,0.2599808542991714,115.39311262312295,29,-0.3700095728504143,0.065925649909267,OK,FACTOR_LT_ONE,False
2021-2050,ACCESS-ESM1-5,SSP2-4.5,351002,R99p,mm,mm year-1,2021,2050,30,-71.0,2045.0,846.1293553668143,-1.5479302373039627,0.12163909367551129,No significant trend,False,-2.4064656045431545,0.01610772074962151,Decreasing,True,-0.1632183908045977,0.0,-0.0,-0.0,0.4137551859984422,72.50664406201051,29,-0.2931224070007789,-0.20356946389893782,OK,FACTOR_LT_ONE,False
2021-2050,ACCESS-ESM1-5,SSP2-4.5,351003,R99p,mm,mm year-1,2021,2050,30,-41.0,2873.0,697.0768944874226,-0.7462634616502554,0.4555082788784681,No significant trend,False,-1.515024470139068,0.12976620732786648,No significant trend,False,-0.09425287356321839,0.0,-6.257272727272727,-0.0,0.24263031482332842,123.64489582369185,29,-0.3786848425883358,0.25379258090300855,OK,FACTOR_LT_ONE,True
2021-2050,ACCESS-ESM1-5,SSP2-4.5,351004,R99p,mm,mm year-1,2021,2050,30,-32.0,2808.0,552.209980472243,-0.5850098009747078,0.5585411266204822,No significant trend,False,-1.319196735705619,0.18710334932008355,No significant trend,False,-0.0735632183908046,0.0,-4.826666666666667,-0.0,0.19665597595165352,152.55066546960813,29,-0.40167201202417324,0.25932060078486413,OK,FACTOR_LT_ONE,True
2021-2050,ACCESS-ESM1-5,SSP2-4.5,351005,R99p,mm,mm year-1,2021,2050,30,-34.0,2808.0,609.276382019378,-0.6227523687795277,0.5334472631525882,No significant trend,False,-1.3369241492433934,0.1812473971604216,No significant trend,False,-0.07816091954022988,0.0,-4.368888888888889,-0.0,0.21697876852541953,138.26237564107768,29,-0.39151061573729024,0.024721215820732622,OK,FACTOR_LT_ONE,True
2021-2050,ACCESS-ESM1-5,SSP2-4.5,351006,R99p,mm,mm year-1,2021,2050,30,-72.0,3140.6666666666665,471.0286460840374,-1.2669148483064148,0.20518573886793912,No significant trend,False,-3.271407829319721,0.0010701346511268989,Decreasing,True,-0.16551724137931034,-4.888571428571416,-17.650555555555556,5.659411764705885,0.14997728064658378,200.03029706008573,29,-0.4250113596767081,-0.021552570402244585,OK,FACTOR_LT_ONE,False
2021-2050,ACCESS-ESM1-5,SSP2-4.5,351007,R99p,mm,mm year-1,2021,2050,30,-34.0,3097.3333333333335,534.5370296281452,-0.5929525849277069,0.5532128846592086,No significant trend,False,-1.4273321292809933,0.15348418379852824,No significant trend,False,-0.07816091954022988,-0.7361904761904763,-5.592500000000001,4.2492857142857146,0.1725797555837748,173.83267173209782,29,-0.4137101222081126,0.13893678572078694,OK,FACTOR_LT_ONE,True
2021-2050,ACCESS-ESM1-5,SSP2-4.5,351008,R99p,mm,mm year-1,2021,2050,30,-20.0,2976.6666666666665,471.76111684082133,-0.34824789409942,0.7276540218893911,No significant trend,False,-0.8747672785476318,0.38170054466596026,No significant trend,False,-0.04597701149425287,0.0,-3.447142857142857,1.9600000000000009,0.15848637743812588,189.29071687383475,29,-0.42075681128093706,0.12093240537844849,OK,FACTOR_LT_ONE,True
2021-2050,ACCESS-ESM1-5,SSP2-4.5,351009,R99p,mm,mm year-1,2021,2050,30,3.0,3141.6666666666665,606.606137947629,0.035682062007003156,0.9715358738879935,No significant trend,False,0.08120384535511455,0.935279841466867,No significant trend,False,0.006896551724137931,1.0128571428571473,-9.860769230769233,7.548333333333328,0.19308418184009413,155.3726447920265,29,-0.40345790907995294,-0.20987307235523678,OK,FACTOR_LT_ONE,True
2021-2050,ACCESS-ESM1-5,SSP2-4.5,351010,R99p,mm,mm year-1,2021,2050,30,-65.0,3141.6666666666665,579.1589682722837,-1.141825984224101,0.2535263593015791,No significant trend,False,-2.659384181068421,0.007828364022565681,Decreasing,True,-0.14942528735632185,-5.647142857142859,-15.123214285714285,4.645999999999998,0.18434768220868447,162.73597606743724,29,-0.40782615889565776,-0.04037203889040308,OK,FACTOR_LT_ONE,False
2021-2050,ACCESS-ESM1-5,SSP2-4.5,351011,R99p,mm,mm year-1,2021,2050,30,-11.0,299.6666666666667,72.44814814814808,-0.5776712868787002,0.5634860680997578,No significant trend,False,-1.1748606431407451,0.24005047352456155,No significant trend,False,-0.02528735632183908,0.0,-0.0,-0.0,0.24176245210727942,124.08874801901757,29,-0.3791187739463603,-0.035632183908045977,OK,FACTOR_LT_ONE,True
2021-2050,ACCESS-ESM1-5,SSP2-4.5,351012,R99p,mm,mm year-1,2021,2050,30,29.0,2552.3333333333335,609.5800174924508,0.5542291131710589,0.5794220563738673,No significant trend,False,1.1340773332765504,0.25676211063780763,No significant trend,False,0.06666666666666667,0.0,-0.0,-0.0,0.23883244775726165,125.61107287436347,29,-0.3805837761213692,-0.10898515947904677,OK,FACTOR_LT_ONE,True
2021-2050,ACCESS-ESM1-5,SSP2-4.5,351201,R99p,mm,mm year-1,2021,2050,30,-63.0,3049.6666666666665,563.5215237146205,-1.1227046025818335,0.2615629726002948,No significant trend,False,-2.611779057698378,0.009007244403970632,Decreasing,True,-0.14482758620689656,-3.922000000000003,-10.45142857142857,0.6049999999999998,0.18478134999932905,162.35404709462796,29,-0.4076093250003355,-0.18931085284331856,OK,FACTOR_LT_ONE,False
2021-2050,ACCESS-ESM1-5,SSP5-8.5,351001,PRCPTOT,mm,mm year-1,2021,2050,30,9.0,3141.6666666666665,418.8383431610539,0.14272824802801262,0.8865048064138312,No significant trend,False,0.39090099016948504,0.6958704220410153,No significant trend,False,0.020689655172413793,1.4149999999999636,-20.26249999999999,21.467857142857145,0.13331724450749727,225.02715317006803,29,-0.43334137774625137,-0.10149784284970972,OK,FACTOR_LT_ONE,True
2021-2050,ACCESS-ESM1-5,SSP5-8.5,351002,PRCPTOT,mm,mm year-1,2021,2050,30,-11.0,3141.6666666666665,461.1296864048166,-0.17841031003501578,0.8584007529637274,No significant trend,False,-0.4656809358265247,0.6414439002682757,No significant trend,False,-0.02528735632183908,-1.2412500000000222,-15.41875000000001,16.54529411764705,0.1467786800227533,204.38935678771242,29,-0.42661065998862335,-0.06966680864728284,OK,FACTOR_LT_ONE,True
2021-2050,ACCESS-ESM1-5,SSP5-8.5,351003,PRCPTOT,mm,mm year-1,2021,2050,30,1.0,3141.6666666666665,348.74831778593784,0.0,1.0,No significant trend,False,0.0,1.0,No significant trend,False,0.0022988505747126436,0.21523809523809437,-13.871818181818174,22.712105263157895,0.11100742210692982,270.25219963311986,29,-0.4444962889465351,-0.17630819264619968,OK,FACTOR_LT_ONE,True
2021-2050,ACCESS-ESM1-5,SSP5-8.5,351004,PRCPTOT,mm,mm year-1,2021,2050,30,19.0,3141.6666666666665,299.7482345144336,0.3211385580630284,0.7481053914270006,No significant trend,False,1.039666829814834,0.2984947163513032,No significant trend,False,0.04367816091954023,1.6392857142857176,-16.513571428571428,25.16333333333326,0.0954105786252839,314.43054252738773,29,-0.45229471068735805,-0.20543787424001636,OK,FACTOR_LT_ONE,True
2021-2050,ACCESS-ESM1-5,SSP5-8.5,351005,PRCPTOT,mm,mm year-1,2021,2050,30,-5.0,3141.6666666666665,421.3983504487085,-0.07136412401400631,0.9431079616717606,No significant trend,False,-0.1948559069406947,0.8455057536212971,No significant trend,False,-0.011494252873563218,-0.4337500000000034,-20.89529411764707,20.891538461538456,0.13413210093858097,223.66010664171276,29,-0.4329339495307095,-0.08008261529140293,OK,FACTOR_LT_ONE,True
2021-2050,ACCESS-ESM1-5,SSP5-8.5,351006,PRCPTOT,mm,mm year-1,2021,2050,30,-1.0,3141.6666666666665,304.6975752870426,0.0,1.0,No significant trend,False,0.0,1.0,No significant trend,False,-0.0022988505747126436,-0.09772727272727687,-16.47793103448276,24.156666666666624,0.09698596560860773,309.3231047579262,29,-0.45150701719569614,-0.17832648198181336,OK,FACTOR_LT_ONE,True
2021-2050,ACCESS-ESM1-5,SSP5-8.5,351007,PRCPTOT,mm,mm year-1,2021,2050,30,-17.0,3141.6666666666665,361.90947761091377,-0.28545649605602524,0.7752944295177846,No significant trend,False,-0.8410464933592877,0.40032188857482487,No significant trend,False,-0.03908045977011494,-2.362857142857154,-12.830000000000005,16.940869565217387,0.1151966506984341,260.4242381884441,29,-0.44240167465078295,-0.15815603609815543,OK,FACTOR_LT_ONE,True
2021-2050,ACCESS-ESM1-5,SSP5-8.5,351008,PRCPTOT,mm,mm year-1,2021,2050,30,-17.0,3141.6666666666665,358.8881169141661,-0.28545649605602524,0.7752944295177846,No significant trend,False,-0.8445793200444484,0.3983457593190206,No significant trend,False,-0.03908045977011494,-2.6499999999999773,-11.89947368421053,15.733636363636348,0.1142349443758619,262.6166639631075,29,-0.44288252781206905,-0.16851750380367084,OK,FACTOR_LT_ONE,True
2021-2050,ACCESS-ESM1-5,SSP5-8.5,351009,PRCPTOT,mm,mm year-1,2021,2050,30,-19.0,3141.6666666666665,454.4866267633882,-0.3211385580630284,0.7481053914270006,No significant trend,False,-0.8443294755695474,0.3984853194640491,No significant trend,False,-0.04367816091954023,-1.3076923076923077,-15.24333333333334,15.39687499999998,0.14466417828012357,207.37683894287127,29,-0.4276679108599382,-0.07554228954135815,OK,FACTOR_LT_ONE,True
2021-2050,ACCESS-ESM1-5,SSP5-8.5,351010,PRCPTOT,mm,mm year-1,2021,2050,30,-15.0,3141.6666666666665,359.76381005491066,-0.24977443404902208,0.802761791874143,No significant trend,False,-0.7381069568799957,0.46044945656108616,No significant trend,False,-0.034482758620689655,-2.0252380952380884,-11.787692307692318,17.592666666666666,0.11451367959307501,261.97743454411005,29,-0.4427431602034625,-0.17327354330286204,OK,FACTOR_LT_ONE,True
2021-2050,ACCESS-ESM1-5,SSP5-8.5,351011,PRCPTOT,mm,mm year-1,2021,2050,30,-61.0,3141.6666666666665,728.6699018677501,-1.0704618602100946,0.2844114676220474,No significant trend,False,-2.222725514827386,0.02623431432983142,Decreasing,True,-0.14022988505747128,-5.501666666666703,-17.238620689655175,6.283684210526309,0.2319373692947746,129.34526286651248,29,-0.3840313153526127,-0.013535557225500993,OK,FACTOR_LT_ONE,False
2021-2050,ACCESS-ESM1-5,SSP5-8.5,351012,PRCPTOT,mm,mm year-1,2021,2050,30,-7.0,3141.6666666666665,388.1252750954251,-0.10704618602100947,0.9147523390847367,No significant trend,False,-0.30455468711956235,0.7607053357869837,No significant trend,False,-0.016091954022988506,-0.9700000000000111,-20.45896551724138,25.372608695652172,0.12354120162188598,242.83396637033633,29,-0.438229399189057,-0.13161463556409678,OK,FACTOR_LT_ONE,True
2021-2050,ACCESS-ESM1-5,SSP5-8.5,351201,PRCPTOT,mm,mm year-1,2021,2050,30,-19.0,3141.6666666666665,575.4296421420429,-0.3211385580630284,0.7481053914270006,No significant trend,False,-0.7503716027252745,0.45303092896277875,No significant trend,False,-0.04367816091954023,-5.228695652173912,-26.12642857142857,23.601999999999997,0.18316062879852824,163.79065848807056,29,-0.4084196856007359,-0.03496872992446319,OK,FACTOR_LT_ONE,True
2021-2050,ACCESS-ESM1-5,SSP5-8.5,351001,SDII,mm day-1,mm day-1 year-1,2021,2050,30,-41.0,3141.6666666666665,724.784140150374,-0.7136412401400631,0.4754490495282657,No significant trend,False,-1.4857839088421982,0.13733628769758133,No significant trend,False,-0.09425287356321839,-0.05548270013568546,-0.1710821409644936,0.08971455248766144,0.23070052206377956,130.03871743171084,29,-0.3846497389681102,-0.052544709159763295,OK,FACTOR_LT_ONE,True
2021-2050,ACCESS-ESM1-5,SSP5-8.5,351002,SDII,mm day-1,mm day-1 year-1,2021,2050,30,-57.0,3141.6666666666665,722.5982178510617,-0.9990977361960883,0.31774734769908775,No significant trend,False,-2.0832413342190597,0.03722923118953808,Decreasing,True,-0.1310344827586207,-0.052799494949494985,-0.18246034476168632,0.04692153996101359,0.23000473777752628,130.43209583368545,29,-0.38499763111123686,-0.0016076029830630163,OK,FACTOR_LT_ONE,False
2021-2050,ACCESS-ESM1-5,SSP5-8.5,351003,SDII,mm day-1,mm day-1 year-1,2021,2050,30,-25.0,3141.6666666666665,486.9991978388846,-0.4281847440840379,0.6685166224807093,No significant trend,False,-1.0875447063046217,0.27679615217905074,No significant trend,False,-0.05747126436781609,-0.0275212652844231,-0.2149711770254688,0.16511941448382134,0.1550130072696715,193.53214629150378,29,-0.42249349636516426,-0.22540023295487538,OK,FACTOR_LT_ONE,True
2021-2050,ACCESS-ESM1-5,SSP5-8.5,351004,SDII,mm day-1,mm day-1 year-1,2021,2050,30,-41.0,3141.6666666666665,584.4391508863174,-0.7136412401400631,0.4754490495282657,No significant trend,False,-1.6545897925925555,0.09800773545114079,No significant trend,False,-0.09425287356321839,-0.08384918032786892,-0.3199970184853906,0.13501068376068392,0.1860283769399419,161.26571920629783,29,-0.40698581153002905,-0.18152147643996663,OK,FACTOR_LT_ONE,True
2021-2050,ACCESS-ESM1-5,SSP5-8.5,351005,SDII,mm day-1,mm day-1 year-1,2021,2050,30,-49.0,3141.6666666666665,567.9654975355758,-0.8563694881680758,0.3917934361895805,No significant trend,False,-2.014096432751703,0.04399940998996265,Decreasing,True,-0.11264367816091954,-0.05763875598086125,-0.21370232646834494,0.09244867566216897,0.18078477375137691,165.94317860671887,29,-0.40960761312431154,-0.041158317382121626,OK,FACTOR_LT_ONE,False
2021-2050,ACCESS-ESM1-5,SSP5-8.5,351006,SDII,mm day-1,mm day-1 year-1,2021,2050,30,-17.0,3141.6666666666665,408.4209409286615,-0.28545649605602524,0.7752944295177846,No significant trend,False,-0.7917097290939059,0.42852994812137046,No significant trend,False,-0.03908045977011494,-0.022480453972257546,-0.18490180165557568,0.13193671407957122,0.13000136050779676,230.76681569190782,29,-0.4349993197461016,-0.2225040404083145,OK,FACTOR_LT_ONE,True
2021-2050,ACCESS-ESM1-5,SSP5-8.5,351007,SDII,mm day-1,mm day-1 year-1,2021,2050,30,-37.0,3141.6666666666665,389.29951026668203,-0.6422771161260568,0.5206932698330874,No significant trend,False,-1.824570177542172,0.06806591720228193,No significant trend,False,-0.08505747126436781,-0.02610046962430057,-0.10281929291677017,0.0684701399300347,0.123914963480111,242.1015118550647,29,-0.4380425182599445,-0.2696019301046959,OK,FACTOR_LT_ONE,True
2021-2050,ACCESS-ESM1-5,SSP5-8.5,351008,SDII,mm day-1,mm day-1 year-1,2021,2050,30,-33.0,3141.6666666666665,403.3241248721096,-0.5709129921120505,0.568058623631595,No significant trend,False,-1.5933929021396183,0.11107207701675968,No significant trend,False,-0.07586206896551724,-0.023768903805380083,-0.111853747942476,0.0714128440366973,0.12837903178953092,233.6830211430715,29,-0.43581048410523454,-0.2546339478754141,OK,FACTOR_LT_ONE,True
2021-2050,ACCESS-ESM1-5,SSP5-8.5,351009,SDII,mm day-1,mm day-1 year-1,2021,2050,30,-53.0,3141.6666666666665,432.18698029684515,-0.9277336121820821,0.353545768449924,No significant trend,False,-2.5013099106168837,0.012373484759346723,Decreasing,True,-0.12183908045977011,-0.04526206636500962,-0.11315920478948405,0.041872087445175676,0.13756614757459262,218.07690721100604,29,-0.4312169262127037,-0.19538770915468323,OK,FACTOR_LT_ONE,False
2021-2050,ACCESS-ESM1-5,SSP5-8.5,351010,SDII,mm day-1,mm day-1 year-1,2021,2050,30,-31.0,3141.6666666666665,381.4904009148161,-0.5352309301050473,0.5924901808547871,No significant trend,False,-1.5359583787228543,0.12454858867676612,No significant trend,False,-0.07126436781609195,-0.01838019823313921,-0.11827937115881348,0.08192690897497211,0.12142930533097596,247.05733033908052,29,-0.439285347334512,-0.25399193412660986,OK,FACTOR_LT_ONE,True
2021-2050,ACCESS-ESM1-5,SSP5-8.5,351011,SDII,mm day-1,mm day-1 year-1,2021,2050,30,-69.0,3141.6666666666665,785.9317157111446,-1.2131901082381074,0.2250571451510026,No significant trend,False,-2.425585039491889,0.015283734554246944,Decreasing,True,-0.15862068965517243,-0.03650052799478103,-0.08155203866696763,0.023410155857214635,0.2501639413404174,119.92135972616725,29,-0.3749180293297913,-0.04836356208647935,OK,FACTOR_LT_ONE,False
2021-2050,ACCESS-ESM1-5,SSP5-8.5,351012,SDII,mm day-1,mm day-1 year-1,2021,2050,30,-57.0,3141.6666666666665,428.68326561597985,-0.9990977361960883,0.31774734769908775,No significant trend,False,-2.7047041151745783,0.0068365254060849655,Decreasing,True,-0.1310344827586207,-0.0370710657666175,-0.18039794007490637,0.13826704255796404,0.1364509068273676,219.85929370154233,29,-0.4317745465863162,-0.23108890736955262,OK,FACTOR_LT_ONE,False
2021-2050,ACCESS-ESM1-5,SSP5-8.5,351201,SDII,mm day-1,mm day-1 year-1,2021,2050,30,-69.0,3141.6666666666665,700.7872045180303,-1.2131901082381074,0.2250571451510026,No significant trend,False,-2.568714462572281,0.01020765277492731,Decreasing,True,-0.15862068965517243,-0.09119914117015604,-0.24630246913580253,0.05949133276498988,0.2230622401648903,134.49161085185747,29,-0.38846887991755485,-0.08685586066754508,OK,FACTOR_LT_ONE,False
2021-2050,ACCESS-ESM1-5,SSP5-8.5,351001,Rx1day,mm,mm year-1,2021,2050,30,19.0,3141.6666666666665,603.9441049910432,0.3211385580630284,0.7481053914270006,No significant trend,False,0.7324435043538446,0.46389791359429966,No significant trend,False,0.04367816091954023,0.32999999999999985,-1.094705882352942,1.797142857142857,0.19223685039502703,156.05748813691588,29,-0.4038815748024865,-0.09907659777883618,OK,FACTOR_LT_ONE,True
2021-2050,ACCESS-ESM1-5,SSP5-8.5,351002,Rx1day,mm,mm year-1,2021,2050,30,-2.0,3140.6666666666665,400.9648165953587,-0.01784387110290725,0.9857634062434827,No significant trend,False,-0.049939807830436965,0.9601703548026833,No significant trend,False,-0.004597701149425287,-0.014782608695652167,-0.9624999999999995,1.1675000000000002,0.12766869558332372,234.9832107466025,29,-0.43616565220833814,-0.0849958114944374,OK,FACTOR_LT_ONE,True
2021-2050,ACCESS-ESM1-5,SSP5-8.5,351003,Rx1day,mm,mm year-1,2021,2050,30,41.0,3141.6666666666665,455.44666107959904,0.7136412401400631,0.4754490495282657,No significant trend,False,1.874309170348606,0.060887824299843456,No significant trend,False,0.09425287356321839,0.5475000000000003,-1.2900000000000016,2.6352631578947374,0.1449697594948326,206.93971007842737,29,-0.4275151202525837,-0.25267785097756607,OK,FACTOR_LT_ONE,True
2021-2050,ACCESS-ESM1-5,SSP5-8.5,351004,Rx1day,mm,mm year-1,2021,2050,30,35.0,3141.6666666666665,289.59823064664187,0.6065950541190537,0.5441196833389506,No significant trend,False,1.9979332059108472,0.04572390205380863,Increasing,True,0.08045977011494253,0.5377777777777778,-1.523333333333333,2.758333333333333,0.09217980816338733,325.4508834171736,29,-0.45391009591830633,-0.15391175214756006,OK,FACTOR_LT_ONE,False
2021-2050,ACCESS-ESM1-5,SSP5-8.5,351005,Rx1day,mm,mm year-1,2021,2050,30,-9.0,3141.6666666666665,447.0000453214333,-0.14272824802801262,0.8865048064138312,No significant trend,False,-0.3783869966899497,0.7051431265301416,No significant trend,False,-0.020689655172413793,-0.1594117647058822,-1.455,1.957,0.14228118153467373,210.85009047868385,29,-0.42885940923266314,-0.014354870693705408,OK,FACTOR_LT_ONE,True
2021-2050,ACCESS-ESM1-5,SSP5-8.5,351006,Rx1day,mm,mm year-1,2021,2050,30,49.0,3141.6666666666665,206.33469831409192,0.8563694881680758,0.3917934361895805,No significant trend,False,3.341604935553342,0.0008329552434485969,Increasing,True,0.11264367816091954,0.8357142857142849,-1.3017391304347825,2.9255555555555555,0.06567682704957833,456.78211551470815,29,-0.46716158647521083,-0.1558413961220894,OK,FACTOR_LT_ONE,False
2021-2050,ACCESS-ESM1-5,SSP5-8.5,351007,Rx1day,mm,mm year-1,2021,2050,30,-9.0,3141.6666666666665,341.1222772728443,-0.14272824802801262,0.8865048064138312,No significant trend,False,-0.43314663601126213,0.6649082441756797,No significant trend,False,-0.020689655172413793,-0.0625,-1.2144444444444444,0.8129411764705883,0.1085800352062104,276.2938872051877,29,-0.4457099823968948,-0.23381409938782755,OK,FACTOR_LT_ONE,True
2021-2050,ACCESS-ESM1-5,SSP5-8.5,351008,Rx1day,mm,mm year-1,2021,2050,30,-13.0,3141.6666666666665,388.93836474273934,-0.21409237204201895,0.8304750241244809,No significant trend,False,-0.6084723586061943,0.5428742333306207,No significant trend,False,-0.029885057471264367,-0.11947368421052629,-1.218,0.6656,0.12380000999768892,242.32631322533848,29,-0.43809999500115554,-0.17814932429164954,OK,FACTOR_LT_ONE,True
2021-2050,ACCESS-ESM1-5,SSP5-8.5,351009,Rx1day,mm,mm year-1,2021,2050,30,13.0,3141.6666666666665,436.53734827555087,0.21409237204201895,0.8304750241244809,No significant trend,False,0.5743419561922278,0.5657364227214738,No significant trend,False,0.029885057471264367,0.12916666666666643,-0.9145454545454544,1.2849999999999966,0.1389508800877085,215.90363429913805,29,-0.43052455995614575,-0.15353754512855855,OK,FACTOR_LT_ONE,True
2021-2050,ACCESS-ESM1-5,SSP5-8.5,351010,Rx1day,mm,mm year-1,2021,2050,30,19.0,3141.6666666666665,337.7430547077749,0.3211385580630284,0.7481053914270006,No significant trend,False,0.9794432816230758,0.32736100037790095,No significant trend,False,0.04367816091954023,0.21499999999999986,-1.1958823529411764,1.0454166666666664,0.10750442059663923,279.0582920544372,29,-0.4462477897016804,-0.22539387801339628,OK,FACTOR_LT_ONE,True
2021-2050,ACCESS-ESM1-5,SSP5-8.5,351011,Rx1day,mm,mm year-1,2021,2050,30,-57.0,3141.6666666666665,462.4985118374797,-0.9990977361960883,0.31774734769908775,No significant trend,False,-2.603951297165165,0.009215585121112223,Decreasing,True,-0.1310344827586207,-0.30384615384615404,-0.7850000000000001,0.4399999999999998,0.147214380425723,203.78443949051905,29,-0.4263928097871385,-0.09875171461355063,OK,FACTOR_LT_ONE,False
2021-2050,ACCESS-ESM1-5,SSP5-8.5,351012,Rx1day,mm,mm year-1,2021,2050,30,-47.0,3141.6666666666665,393.21724569485656,-0.8206874261610726,0.41182433473249114,No significant trend,False,-2.3197519756275504,0.020354298374106853,Decreasing,True,-0.10804597701149425,-0.7922222222222225,-2.553846153846154,1.0999999999999994,0.125161988019583,239.68938552898473,29,-0.4374190059902085,-0.2500922014159624,OK,FACTOR_LT_ONE,False
2021-2050,ACCESS-ESM1-5,SSP5-8.5,351201,Rx1day,mm,mm year-1,2021,2050,30,-17.0,3141.6666666666665,603.0445863553706,-0.28545649605602524,0.7752944295177846,No significant trend,False,-0.6515462823902533,0.514693910841977,No significant trend,False,-0.03908045977011494,-0.28000000000000114,-1.884999999999998,1.4483333333333341,0.19195053146590046,156.29026797109663,29,-0.40402473426704977,-0.03175611262376229,OK,FACTOR_LT_ONE,True
2021-2050,ACCESS-ESM1-5,SSP5-8.5,351001,Rx5day,mm,mm year-1,2021,2050,30,23.0,3141.6666666666665,809.354266980226,0.3925026820770347,0.6946868300138667,No significant trend,False,0.7733095089331472,0.4393392295457911,No significant trend,False,0.052873563218390804,0.5994444444444448,-2.9044999999999987,4.807142857142856,0.2576193953252709,116.45085946313135,29,-0.37119030233736455,-0.057698545521285796,OK,FACTOR_LT_ONE,True
2021-2050,ACCESS-ESM1-5,SSP5-8.5,351002,Rx5day,mm,mm year-1,2021,2050,30,19.0,3141.6666666666665,651.8926220093573,0.3211385580630284,0.7481053914270006,No significant trend,False,0.7049924600434742,0.48081492842725204,No significant trend,False,0.04367816091954023,0.470714285714286,-2.309,3.25,0.20749897782791216,144.5790254681654,29,-0.3962505110860439,0.03858522083958652,OK,FACTOR_LT_ONE,True
2021-2050,ACCESS-ESM1-5,SSP5-8.5,351003,Rx5day,mm,mm year-1,2021,2050,30,27.0,3141.6666666666665,378.6267461836327,0.46386680609104103,0.6427431760684212,No significant trend,False,1.3361884190576758,0.18148769538894172,No significant trend,False,0.06206896551724138,0.47428571428571537,-3.740000000000009,4.368,0.12051779719372924,248.9258906033254,29,-0.4397411014031354,-0.3045807387500103,OK,FACTOR_LT_ONE,True
2021-2050,ACCESS-ESM1-5,SSP5-8.5,351004,Rx5day,mm,mm year-1,2021,2050,30,13.0,3141.6666666666665,288.62225148385227,0.21409237204201895,0.8304750241244809,No significant trend,False,0.7063441309582328,0.47997415555214185,No significant trend,False,0.029885057471264367,0.23100000000000023,-4.3265,5.208,0.09186915166594767,326.55139898412534,29,-0.45406542416702617,-0.2842243118389009,OK,FACTOR_LT_ONE,True
2021-2050,ACCESS-ESM1-5,SSP5-8.5,351005,Rx5day,mm,mm year-1,2021,2050,30,9.0,3141.6666666666665,526.3182178879864,0.14272824802801262,0.8865048064138312,No significant trend,False,0.348711111009885,0.7273062018940605,No significant trend,False,0.020689655172413793,0.5835294117647069,-2.893999999999994,4.565000000000002,0.1675283452163352,179.07417375405907,29,-0.4162358273918324,-0.0009317488575221354,OK,FACTOR_LT_ONE,True
2021-2050,ACCESS-ESM1-5,SSP5-8.5,351006,Rx5day,mm,mm year-1,2021,2050,30,29.0,3141.6666666666665,302.2826290995846,0.49954886809804416,0.617392769071009,No significant trend,False,1.610465538159904,0.107296262959883,No significant trend,False,0.06666666666666667,0.964230769230769,-3.2300000000000004,5.392857142857144,0.09621728247201633,311.7942975444682,29,-0.45189135876399184,-0.24816448373211536,OK,FACTOR_LT_ONE,True
2021-2050,ACCESS-ESM1-5,SSP5-8.5,351007,Rx5day,mm,mm year-1,2021,2050,30,-25.0,3141.6666666666665,410.53105485016886,-0.4281847440840379,0.6685166224807093,No significant trend,False,-1.184508643418103,0.23621177683084194,No significant trend,False,-0.05747126436781609,-0.4674999999999976,-3.0933333333333324,2.243529411764706,0.1306730148064198,229.58068308473847,29,-0.4346634925967901,-0.20767006102349142,OK,FACTOR_LT_ONE,True
2021-2050,ACCESS-ESM1-5,SSP5-8.5,351008,Rx5day,mm,mm year-1,2021,2050,30,-15.0,3141.6666666666665,464.21584839233765,-0.24977443404902208,0.802761791874143,No significant trend,False,-0.6497825648540373,0.5158326826205986,No significant trend,False,-0.034482758620689655,-0.39727272727272767,-2.829285714285715,2.0311111111111106,0.14776101275087672,203.0305521157982,29,-0.42611949362456164,-0.18204761023386956,OK,FACTOR_LT_ONE,True
2021-2050,ACCESS-ESM1-5,SSP5-8.5,351009,Rx5day,mm,mm year-1,2021,2050,30,15.0,3141.6666666666665,437.0037387441456,0.24977443404902208,0.802761791874143,No significant trend,False,0.669707957698995,0.5030439778575679,No significant trend,False,0.034482758620689655,0.3894117647058818,-2.1568749999999994,2.5914285714285734,0.1390993332872612,215.67321202068922,29,-0.4304503333563694,-0.052471580416846374,OK,FACTOR_LT_ONE,True
2021-2050,ACCESS-ESM1-5,SSP5-8.5,351010,Rx5day,mm,mm year-1,2021,2050,30,-21.0,3141.6666666666665,369.1984431966472,-0.35682062007003157,0.7212260985001633,No significant trend,False,-1.0408785650208245,0.29793191108881734,No significant trend,False,-0.04827586206896552,-0.40500000000000114,-3.439999999999999,2.676,0.11751674584508665,255.28276659010547,29,-0.4412416270774567,-0.23960855531893557,OK,FACTOR_LT_ONE,True
2021-2050,ACCESS-ESM1-5,SSP5-8.5,351011,Rx5day,mm,mm year-1,2021,2050,30,3.0,3141.6666666666665,714.6314918668521,0.035682062007003156,0.9715358738879935,No significant trend,False,0.07481504137165809,0.9403618740746755,No significant trend,False,0.006896551724137931,0.10333333333333314,-1.7707407407407405,1.4185714285714288,0.22746890987804314,131.88615541387358,29,-0.38626554506097843,-0.07055715515422727,OK,FACTOR_LT_ONE,True
2021-2050,ACCESS-ESM1-5,SSP5-8.5,351012,Rx5day,mm,mm year-1,2021,2050,30,-43.0,3141.6666666666665,502.47479062287766,-0.7493233021470662,0.45366236627030876,No significant trend,False,-1.873665893875794,0.060976489604635024,No significant trend,False,-0.09885057471264368,-1.0806250000000013,-5.455,2.054000000000002,0.15993892539720245,187.57159913070632,29,-0.4200305373013988,-0.08558918657306933,OK,FACTOR_LT_ONE,True
2021-2050,ACCESS-ESM1-5,SSP5-8.5,351201,Rx5day,mm,mm year-1,2021,2050,30,-15.0,3141.6666666666665,606.3018699577743,-0.24977443404902208,0.802761791874143,No significant trend,False,-0.5685695299620674,0.5696483077482595,No significant trend,False,-0.034482758620689655,-0.42571428571428693,-4.908260869565217,3.777857142857146,0.19298733261255419,155.45061737408793,29,-0.4035063336937229,0.021433178521649655,OK,FACTOR_LT_ONE,True
2021-2050,ACCESS-ESM1-5,SSP5-8.5,351001,CDD,days,days year-1,2021,2050,30,10.0,3136.6666666666665,351.5402790351892,0.1606972057115047,0.8723318903511948,No significant trend,False,0.4800151702311219,0.6312166060504619,No significant trend,False,0.022988505747126436,0.05555555555555555,-0.7222222222222222,0.625,0.11207447790707414,267.67914123030147,29,-0.44396276104646293,-0.1451254394449653,OK,FACTOR_LT_ONE,True
2021-2050,ACCESS-ESM1-5,SSP5-8.5,351002,CDD,days,days year-1,2021,2050,30,38.0,3134.0,340.29334412014344,0.6609250734962361,0.5086603654134823,No significant trend,False,2.0057416676594704,0.04488381712699135,Increasing,True,0.08735632183908046,0.18181818181818182,-0.6153846153846154,0.8571428571428571,0.10858115638804833,276.29103426367766,29,-0.44570942180597584,0.11423073334730109,OK,FACTOR_LT_ONE,False
2021-2050,ACCESS-ESM1-5,SSP5-8.5,351003,CDD,days,days year-1,2021,2050,30,10.0,3132.0,671.3398671425473,0.16081688022566923,0.872237629786812,No significant trend,False,0.3473531888978152,0.7283259963199507,No significant trend,False,0.022988505747126436,0.05555555555555555,-0.8333333333333334,0.6875,0.2143486165844659,139.9589158914783,29,-0.39282569170776704,0.13086150892202497,OK,FACTOR_LT_ONE,True
2021-2050,ACCESS-ESM1-5,SSP5-8.5,351004,CDD,days,days year-1,2021,2050,30,43.0,3129.0,279.3560264017448,0.7508384575005099,0.45274988167944186,No significant trend,False,2.5128714266845344,0.011975297038043412,Increasing,True,0.09885057471264368,0.25,-0.6,0.9333333333333333,0.08927965049592357,336.02282080360266,29,-0.4553601747520382,0.09809766223836036,OK,FACTOR_LT_ONE,False
2021-2050,ACCESS-ESM1-5,SSP5-8.5,351005,CDD,days,days year-1,2021,2050,30,57.0,3135.6666666666665,310.8313864143442,1.000053150495666,0.31728478681858574,No significant trend,False,3.176329837447729,0.0014915126228169004,Increasing,True,0.1310344827586207,0.23529411764705882,-0.4,0.8333333333333334,0.09912768781152681,302.63996530454256,29,-0.4504361560942366,0.03511488852336497,OK,FACTOR_LT_ONE,False
2021-2050,ACCESS-ESM1-5,SSP5-8.5,351006,CDD,days,days year-1,2021,2050,30,64.0,3134.6666666666665,214.17435432588016,1.125239234452465,0.2604876715288337,No significant trend,False,4.304838035776965,1.6710794800295847e-05,Increasing,True,0.1471264367816092,0.42857142857142855,-0.3,1.0,0.06832444310693753,439.08151513281575,29,-0.46583777844653124,-0.11957841313500785,OK,FACTOR_LT_ONE,False
2021-2050,ACCESS-ESM1-5,SSP5-8.5,351007,CDD,days,days year-1,2021,2050,30,7.0,3133.0,215.96254235803647,0.10719414211929675,0.9146349625658104,No significant trend,False,0.4082836932589626,0.683065409686698,No significant trend,False,0.016091954022988506,0.0,-0.6923076923076923,0.8333333333333334,0.06893154878967012,435.2143615913605,29,-0.46553422560516494,-0.3362546970198702,OK,FACTOR_LT_ONE,True
2021-2050,ACCESS-ESM1-5,SSP5-8.5,351008,CDD,days,days year-1,2021,2050,30,18.0,3134.0,417.1423928480299,0.30366827701178417,0.7613806286311438,No significant trend,False,0.8323514824274142,0.40521057923712456,No significant trend,False,0.041379310344827586,0.14285714285714285,-0.6666666666666666,0.6923076923076923,0.133102231285268,225.39066182672218,29,-0.433448884357366,-0.3063592598633375,OK,FACTOR_LT_ONE,True
2021-2050,ACCESS-ESM1-5,SSP5-8.5,351009,CDD,days,days year-1,2021,2050,30,45.0,3124.3333333333335,194.15837138124374,0.7871798984144136,0.4311765627626225,No significant trend,False,3.157727259756108,0.001590042455082665,Increasing,True,0.10344827586206896,0.2222222222222222,-0.23529411764705882,0.6923076923076923,0.062143936215057205,482.7502380309655,29,-0.4689280318924714,-0.24464792205301536,OK,FACTOR_LT_ONE,False
2021-2050,ACCESS-ESM1-5,SSP5-8.5,351010,CDD,days,days year-1,2021,2050,30,30.0,3131.3333333333335,401.31322786284227,0.5182428837991637,0.6042888178108277,No significant trend,False,1.4476256193445087,0.14772178217906304,No significant trend,False,0.06896551724137931,0.2222222222222222,-0.5,0.8125,0.1281604943142992,234.0814941492686,29,-0.4359197528428504,-0.3841466399059381,OK,FACTOR_LT_ONE,True
2021-2050,ACCESS-ESM1-5,SSP5-8.5,351011,CDD,days,days year-1,2021,2050,30,-31.0,3130.3333333333335,320.645675851815,-0.5361989532175379,0.5918210568952926,No significant trend,False,-1.6753616152797333,0.09386330303068524,No significant trend,False,-0.07126436781609195,-0.1,-0.5,0.36363636363636365,0.10243179933504898,292.8777996164218,29,-0.4487841003324755,-0.07803156099850769,OK,FACTOR_LT_ONE,True
2021-2050,ACCESS-ESM1-5,SSP5-8.5,351012,CDD,days,days year-1,2021,2050,30,40.0,3125.3333333333335,537.3610198545787,0.6976160037851779,0.48541737038894817,No significant trend,False,1.682408784330966,0.09248959917416803,No significant trend,False,0.09195402298850575,0.2,-0.3333333333333333,0.8888888888888888,0.17193718638691724,174.48232479790485,29,-0.4140314068065414,-0.1850479681772092,OK,FACTOR_LT_ONE,True
2021-2050,ACCESS-ESM1-5,SSP5-8.5,351201,CDD,days,days year-1,2021,2050,30,6.0,3130.0,705.071925183412,0.0893712506753953,0.9287868706602246,No significant trend,False,0.18830128914020863,0.850640474844027,No significant trend,False,0.013793103448275862,0.0,-0.5294117647058824,0.5294117647058824,0.22526259590524345,133.17790234744288,29,-0.3873687020473783,0.1539204923785701,OK,FACTOR_LT_ONE,True
2021-2050,ACCESS-ESM1-5,SSP5-8.5,351001,CWD,days,days year-1,2021,2050,30,27.0,3084.3333333333335,989.2596115395603,0.4681582642444937,0.6396714157949119,No significant trend,False,0.8266434115463068,0.4084392041854147,No significant trend,False,0.06206896551724138,0.0,-0.1111111111111111,0.15384615384615385,0.32073693230505573,93.53459791611006,29,-0.33963153384747213,0.08046272493573262,OK,FACTOR_LT_ONE,True
2021-2050,ACCESS-ESM1-5,SSP5-8.5,351002,CWD,days,days year-1,2021,2050,30,5.0,3102.3333333333335,708.3094051179805,0.0718150987068726,0.9427490568161361,No significant trend,False,0.15029636846343145,0.8805307979938679,No significant trend,False,0.011494252873563218,0.0,-0.13043478260869565,0.16666666666666666,0.22831505483549386,131.39737991266355,29,-0.38584247258225307,-0.11904287138584245,OK,FACTOR_LT_ONE,True
2021-2050,ACCESS-ESM1-5,SSP5-8.5,351003,CWD,days,days year-1,2021,2050,30,-25.0,3077.6666666666665,379.689491518154,-0.43261388203611606,0.6652953026240204,No significant trend,False,-1.2316773441087996,0.21806963619280673,No significant trend,False,-0.05747126436781609,0.0,-0.14285714285714285,0.1,0.12336927050302848,243.17238707562558,29,-0.43831536474848576,-0.05550776187718864,OK,FACTOR_LT_ONE,True
2021-2050,ACCESS-ESM1-5,SSP5-8.5,351004,CWD,days,days year-1,2021,2050,30,34.0,3082.6666666666665,791.3663784975372,0.5943614817047417,0.5522703652554297,No significant trend,False,1.173073279081503,0.24076642092823808,No significant trend,False,0.07816091954022988,0.0,-0.08333333333333333,0.16666666666666666,0.2567148719174537,116.86116887550816,29,-0.37164256404127316,-0.04734074339667744,OK,FACTOR_LT_ONE,True
2021-2050,ACCESS-ESM1-5,SSP5-8.5,351005,CWD,days,days year-1,2021,2050,30,47.0,3091.0,771.5632784856945,0.8273863069559514,0.4080181392264757,No significant trend,False,1.6560447064266626,0.09771276559755807,No significant trend,False,0.10804597701149425,0.045454545454545456,-0.07692307692307693,0.21052631578947367,0.24961607197854885,120.18456889497924,29,-0.3751919640107256,0.03872248143424995,OK,FACTOR_LT_ONE,True
2021-2050,ACCESS-ESM1-5,SSP5-8.5,351006,CWD,days,days year-1,2021,2050,30,-36.0,3085.3333333333335,355.2018714450255,-0.6301109092809092,0.5286220226000921,No significant trend,False,-1.8570791827064062,0.06329988944354839,No significant trend,False,-0.08275862068965517,0.0,-0.16666666666666666,0.09090909090909091,0.11512593067578614,260.5842126435009,29,-0.44243703466210693,-0.057881799722133156,OK,FACTOR_LT_ONE,True
2021-2050,ACCESS-ESM1-5,SSP5-8.5,351007,CWD,days,days year-1,2021,2050,30,-28.0,3092.0,474.62192186337904,-0.4855612508542843,0.6272782754793644,No significant trend,False,-1.2393382892037013,0.21522024456097466,No significant trend,False,-0.06436781609195402,0.0,-0.16666666666666666,0.14285714285714285,0.153499974729424,195.43977158876612,29,-0.423250012635288,-0.049193146619880015,OK,FACTOR_LT_ONE,True
2021-2050,ACCESS-ESM1-5,SSP5-8.5,351008,CWD,days,days year-1,2021,2050,30,-24.0,3089.3333333333335,435.02461251870585,-0.4138047302401194,0.6790171194774959,No significant trend,False,-1.1027343972243417,0.27014252455419163,No significant trend,False,-0.05517241379310345,0.0,-0.16666666666666666,0.14285714285714285,0.14081504505353015,213.045417047558,29,-0.4295924774732349,0.008891400583969103,OK,FACTOR_LT_ONE,True
2021-2050,ACCESS-ESM1-5,SSP5-8.5,351009,CWD,days,days year-1,2021,2050,30,15.0,3113.6666666666665,643.8763011476487,0.2508949829590843,0.8018953033997991,No significant trend,False,0.5517302748016761,0.5811331644654133,No significant trend,False,0.034482758620689655,0.0,-0.2,0.2,0.20679037613135065,145.07444960080917,29,-0.3966048119343247,0.0117410287897394,OK,FACTOR_LT_ONE,True
2021-2050,ACCESS-ESM1-5,SSP5-8.5,351010,CWD,days,days year-1,2021,2050,30,-36.0,3058.0,509.35779971435073,-0.6329207059443389,0.5267854254932498,No significant trend,False,-1.550802755275084,0.12094896012872901,No significant trend,False,-0.08275862068965517,0.0,-0.19047619047619047,0.07142857142857142,0.16656566373915982,180.10914930810532,29,-0.4167171681304201,-0.059770849608219136,OK,FACTOR_LT_ONE,True
2021-2050,ACCESS-ESM1-5,SSP5-8.5,351011,CWD,days,days year-1,2021,2050,30,-17.0,3129.0,460.2017513229311,-0.28603369809543233,0.7748523119379063,No significant trend,False,-0.7458403055348237,0.4557638889475708,No significant trend,False,-0.03908045977011494,-0.05,-0.5,0.29411764705882354,0.14707630275581052,203.97575569878674,29,-0.42646184862209474,0.056852739948973746,OK,FACTOR_LT_ONE,True
2021-2050,ACCESS-ESM1-5,SSP5-8.5,351012,CWD,days,days year-1,2021,2050,30,0.0,3034.6666666666665,448.9268224824709,0.0,1.0,No significant trend,False,0.0,1.0,No significant trend,False,0.0,0.0,-0.125,0.14285714285714285,0.14793282814668418,202.7947439107513,29,-0.4260335859266579,-0.015727678437715265,OK,FACTOR_LT_ONE,True
2021-2050,ACCESS-ESM1-5,SSP5-8.5,351201,CWD,days,days year-1,2021,2050,30,1.0,3113.6666666666665,1014.8912585409247,0.0,1.0,No significant trend,False,0.0,1.0,No significant trend,False,0.0022988505747126436,0.0,-0.2,0.2,0.32594730495908086,92.0394172418949,29,-0.33702634752045957,0.11391518509966898,OK,FACTOR_LT_ONE,True
2021-2050,ACCESS-ESM1-5,SSP5-8.5,351001,R10mm,days,days year-1,2021,2050,30,-2.0,3126.6666666666665,401.4832477994379,-0.017883775448910004,0.9857315722616748,No significant trend,False,-0.04990755403375297,0.9601960575586781,No significant trend,False,-0.004597701149425287,0.0,-0.5454545454545454,0.625,0.1284061560126134,233.63365847547905,29,-0.4357969219936933,-0.112019156355558,OK,FACTOR_LT_ONE,True
2021-2050,ACCESS-ESM1-5,SSP5-8.5,351002,R10mm,days,days year-1,2021,2050,30,5.0,3130.3333333333335,415.5278400414351,0.07149319376233838,0.9430052412893275,No significant trend,False,0.19622752586542985,0.844432084326368,No significant trend,False,0.011494252873563218,0.0,-0.55,0.5,0.13274236184903687,226.00170421947084,29,-0.43362881907548156,-0.1095597321025408,OK,FACTOR_LT_ONE,True
2021-2050,ACCESS-ESM1-5,SSP5-8.5,351003,R10mm,days,days year-1,2021,2050,30,16.0,3134.6666666666665,255.70048822160928,0.26791410344106315,0.7887654374541575,No significant trend,False,0.9380489041429351,0.34821927851155376,No significant trend,False,0.0367816091954023,0.1111111111111111,-0.42857142857142855,0.7222222222222222,0.08157182737822499,367.7740338082494,29,-0.4592140863108875,-0.21080944154857922,OK,FACTOR_LT_ONE,True
2021-2050,ACCESS-ESM1-5,SSP5-8.5,351004,R10mm,days,days year-1,2021,2050,30,12.0,3129.3333333333335,270.59853382422193,0.1966376937825138,0.8441110710809601,No significant trend,False,0.668697909633448,0.5036882012438222,No significant trend,False,0.027586206896551724,0.038461538461538464,-0.5,0.7,0.08647162350582294,346.9346218297824,29,-0.45676418824708853,-0.20647721157684623,OK,FACTOR_LT_ONE,True
2021-2050,ACCESS-ESM1-5,SSP5-8.5,351005,R10mm,days,days year-1,2021,2050,30,17.0,3127.6666666666665,395.755763568175,0.2860946600948661,0.7748056213313572,No significant trend,False,0.8042783132716051,0.42123625944722276,No significant trend,False,0.03908045977011494,0.1,-0.4444444444444444,0.6666666666666666,0.1265338687737957,237.0906721711871,29,-0.43673306561310216,-0.08780059151781018,OK,FACTOR_LT_ONE,True
2021-2050,ACCESS-ESM1-5,SSP5-8.5,351006,R10mm,days,days year-1,2021,2050,30,-4.0,3136.6666666666665,295.95788599000946,-0.053565735237168226,0.9572811566197964,No significant trend,False,-0.17438386396881805,0.8615637947151022,No significant trend,False,-0.009195402298850575,0.0,-0.5454545454545454,0.6666666666666666,0.09435426758448762,317.95064248829135,29,-0.4528228662077562,-0.2326506331265403,OK,FACTOR_LT_ONE,True
2021-2050,ACCESS-ESM1-5,SSP5-8.5,351007,R10mm,days,days year-1,2021,2050,30,5.0,3133.0,327.422346020297,0.07146276141286449,0.9430294608419546,No significant trend,False,0.2210577948122559,0.8250474321552154,No significant trend,False,0.011494252873563218,0.0,-0.5294117647058824,0.65,0.10450761124171626,287.0604317097329,29,-0.44774619437914187,-0.268185171288036,OK,FACTOR_LT_ONE,True
2021-2050,ACCESS-ESM1-5,SSP5-8.5,351008,R10mm,days,days year-1,2021,2050,30,-6.0,3131.3333333333335,308.95567428286995,-0.0893522213446834,0.928801993367358,No significant trend,False,-0.2844604654996992,0.7760575270707957,No significant trend,False,-0.013793103448275862,0.0,-0.5,0.5,0.0986658529751554,304.05656157003136,29,-0.4506670735124223,-0.2617891234009235,OK,FACTOR_LT_ONE,True
2021-2050,ACCESS-ESM1-5,SSP5-8.5,351009,R10mm,days,days year-1,2021,2050,30,-15.0,3130.3333333333335,465.9112336185212,-0.2502261781681844,0.8024124418079961,No significant trend,False,-0.6485992538719385,0.5165974379107183,No significant trend,False,-0.034482758620689655,-0.041666666666666664,-0.5555555555555556,0.47368421052631576,0.14883757862374225,201.56199984843389,29,-0.4255812106881289,-0.1300458510396175,OK,FACTOR_LT_ONE,True
2021-2050,ACCESS-ESM1-5,SSP5-8.5,351010,R10mm,days,days year-1,2021,2050,30,5.0,3135.0,319.43075193630597,0.07143996263690931,0.943047605257812,No significant trend,False,0.22380595058267536,0.8229082995183128,No significant trend,False,0.011494252873563218,0.0,-0.5,0.6428571428571429,0.101891786901533,294.43001160625084,29,-0.4490541065492335,-0.23926033641698372,OK,FACTOR_LT_ONE,True
2021-2050,ACCESS-ESM1-5,SSP5-8.5,351011,R10mm,days,days year-1,2021,2050,30,-65.0,3126.3333333333335,618.8421563936778,-1.1446226443567318,0.25236550787252754,No significant trend,False,-2.5727052253196243,0.010090711080236119,Decreasing,True,-0.14942528735632185,-0.30434782608695654,-0.9411764705882353,0.16666666666666666,0.1979450334983509,151.55722510335139,29,-0.40102748325082455,-0.12308304535060655,OK,FACTOR_LT_ONE,False
2021-2050,ACCESS-ESM1-5,SSP5-8.5,351012,R10mm,days,days year-1,2021,2050,30,-12.0,3134.0,332.860640162362,-0.19649123806644858,0.8442256900088191,No significant trend,False,-0.6029224609139141,0.5465602731146597,No significant trend,False,-0.027586206896551724,-0.07142857142857142,-0.6666666666666666,0.5909090909090909,0.10620952143023676,282.46055152131873,29,-0.4468952392848816,-0.15194922124877197,OK,FACTOR_LT_ONE,True
2021-2050,ACCESS-ESM1-5,SSP5-8.5,351201,R10mm,days,days year-1,2021,2050,30,-3.0,3135.0,471.12392869386366,-0.035719981318454656,0.9715056379297891,No significant trend,False,-0.09214301405998987,0.9265844135180212,No significant trend,False,-0.006896551724137931,0.0,-0.5714285714285714,0.75,0.15027876513360883,199.6290026293988,29,-0.4248606174331956,-0.06861591757934432,OK,FACTOR_LT_ONE,True
2021-2050,ACCESS-ESM1-5,SSP5-8.5,351001,R20mm,days,days year-1,2021,2050,30,-12.0,3120.6666666666665,500.5175772606078,-0.19691055403216567,0.8438975344536306,No significant trend,False,-0.49168053820705077,0.622945198473904,No significant trend,False,-0.027586206896551724,0.0,-0.4,0.3333333333333333,0.1603880294575757,187.04637809603688,29,-0.41980598527121216,-0.04331987479018282,OK,FACTOR_LT_ONE,True
2021-2050,ACCESS-ESM1-5,SSP5-8.5,351002,R20mm,days,days year-1,2021,2050,30,-5.0,3114.3333333333335,578.4575898051795,-0.07167660792267493,0.9428592724435415,No significant trend,False,-0.16631224632405753,0.8679112290873781,No significant trend,False,-0.011494252873563218,0.0,-0.3333333333333333,0.3076923076923077,0.18574042271385405,161.51573018769895,29,-0.407129788643073,-0.04682627874869516,OK,FACTOR_LT_ONE,True
2021-2050,ACCESS-ESM1-5,SSP5-8.5,351003,R20mm,days,days year-1,2021,2050,30,-10.0,3098.0,415.65063917156715,-0.16169694054316552,0.8715445139290856,No significant trend,False,-0.4414467086055926,0.6588896338060268,No significant trend,False,-0.022988505747126436,0.0,-0.3333333333333333,0.4444444444444444,0.13416741096564466,223.60124402849135,29,-0.43291629451717767,-0.12922619130257723,OK,FACTOR_LT_ONE,True
2021-2050,ACCESS-ESM1-5,SSP5-8.5,351004,R20mm,days,days year-1,2021,2050,30,-17.0,3114.3333333333335,364.98867824746316,-0.2867064316906997,0.7743371124773507,No significant trend,False,-0.8374912651065128,0.40231648479340865,No significant trend,False,-0.03908045977011494,0.0,-0.36363636363636365,0.5,0.11719640744326121,255.98054287222095,29,-0.4414017962783694,-0.2145853501129397,OK,FACTOR_LT_ONE,True
2021-2050,ACCESS-ESM1-5,SSP5-8.5,351005,R20mm,days,days year-1,2021,2050,30,-3.0,3128.3333333333335,471.3262857011607,-0.03575802177792323,0.971475305412184,No significant trend,False,-0.09212323181265157,0.9266001306185869,No significant trend,False,-0.006896551724137931,0.0,-0.375,0.3333333333333333,0.15066370347399916,199.11896036179186,29,-0.4246681482630004,-0.008840478590071591,OK,FACTOR_LT_ONE,True
2021-2050,ACCESS-ESM1-5,SSP5-8.5,351006,R20mm,days,days year-1,2021,2050,30,-4.0,3122.6666666666665,456.98420320935975,-0.05368567785575374,0.9571855937609747,No significant trend,False,-0.14033650639404804,0.8883941217823668,No significant trend,False,-0.009195402298850575,0.0,-0.35294117647058826,0.47058823529411764,0.14634421537447473,204.99614503541616,29,-0.42682789231276264,-0.11149213677961067,OK,FACTOR_LT_ONE,True
2021-2050,ACCESS-ESM1-5,SSP5-8.5,351007,R20mm,days,days year-1,2021,2050,30,-32.0,3115.3333333333335,498.8366260884319,-0.5554045494657939,0.578617981475771,No significant trend,False,-1.3879778236055635,0.165143798070165,No significant trend,False,-0.0735632183908046,-0.07142857142857142,-0.35,0.2631578947368421,0.16012303426763275,187.35593000228448,29,-0.4199384828661836,-0.20197318106440368,OK,FACTOR_LT_ONE,True
2021-2050,ACCESS-ESM1-5,SSP5-8.5,351008,R20mm,days,days year-1,2021,2050,30,-21.0,3101.0,540.2680274805125,-0.35915268087264374,0.7194808733553576,No significant trend,False,-0.8604494514828671,0.38954133632798493,No significant trend,False,-0.04827586206896552,0.0,-0.2962962962962963,0.25,0.17422380763641165,172.19231060893307,29,-0.4128880961817942,-0.22896263467012573,OK,FACTOR_LT_ONE,True
2021-2050,ACCESS-ESM1-5,SSP5-8.5,351009,R20mm,days,days year-1,2021,2050,30,-20.0,3114.6666666666665,551.2966036605767,-0.3404456688293413,0.7335209316134792,No significant trend,False,-0.8092094437162762,0.4183946837771114,No significant trend,False,-0.04597701149425287,-0.05555555555555555,-0.3333333333333333,0.25,0.17700019381225707,169.49133983333826,29,-0.41149990309387147,-0.08000922837024874,OK,FACTOR_LT_ONE,True
2021-2050,ACCESS-ESM1-5,SSP5-8.5,351010,R20mm,days,days year-1,2021,2050,30,-33.0,3117.6666666666665,491.19558101382654,-0.5731062418614902,0.5665727612094621,No significant trend,False,-1.4438522460527654,0.14878054188795026,No significant trend,False,-0.07586206896551724,-0.07142857142857142,-0.3333333333333333,0.25,0.15755230867544956,190.4129507984463,29,-0.4212238456622752,-0.1649907642718156,OK,FACTOR_LT_ONE,True
2021-2050,ACCESS-ESM1-5,SSP5-8.5,351011,R20mm,days,days year-1,2021,2050,30,-73.0,3105.0,674.2896600009442,-1.2921165649395971,0.19631678012354903,No significant trend,False,-2.7727406306484697,0.005558640555424783,Decreasing,True,-0.167816091954023,-0.16666666666666666,-0.42105263157894735,0.0625,0.2171625314012703,138.14537805587818,29,-0.39141873429936486,-0.07817146273541116,OK,FACTOR_LT_ONE,False
2021-2050,ACCESS-ESM1-5,SSP5-8.5,351012,R20mm,days,days year-1,2021,2050,30,-17.0,3133.0,512.7113837163109,-0.28585104565145797,0.7749922097524315,No significant trend,False,-0.7066160578744807,0.4798051071759132,No significant trend,False,-0.03908045977011494,-0.07692307692307693,-0.45,0.375,0.16364870211181326,183.31951071327438,29,-0.41817564894409337,-0.19423696201480156,OK,FACTOR_LT_ONE,True
2021-2050,ACCESS-ESM1-5,SSP5-8.5,351201,R20mm,days,days year-1,2021,2050,30,-23.0,3133.6666666666665,623.9553446188694,-0.39300337667678287,0.6943169874169624,No significant trend,False,-0.8807363606086853,0.37846053168863025,No significant trend,False,-0.052873563218390804,-0.1111111111111111,-0.5714285714285714,0.4,0.19911350216536627,150.66783354091487,29,-0.40044324891731686,-0.00223904829876979,OK,FACTOR_LT_ONE,True
2021-2050,ACCESS-ESM1-5,SSP5-8.5,351001,R50mm,days,days year-1,2021,2050,30,-63.0,3031.6666666666665,385.5886962317175,-1.1260326028849068,0.26015171953869787,No significant trend,False,-3.1573995489721822,0.0015918307038957744,Decreasing,True,-0.14482758620689656,-0.045454545454545456,-0.18181818181818182,-0.0,0.12718703559045108,235.8730971339058,29,-0.43640648220477446,-0.11704010747468538,OK,FACTOR_LT_ONE,False
2021-2050,ACCESS-ESM1-5,SSP5-8.5,351002,R50mm,days,days year-1,2021,2050,30,13.0,2704.3333333333335,773.9448893244357,0.23075500814244032,0.817505136217233,No significant trend,False,0.4313464495433428,0.6662164809457272,No significant trend,False,0.029885057471264367,0.0,-0.0,-0.0,0.2861869429278081,104.82658535392241,29,-0.35690652853609595,-0.043525129497410046,OK,FACTOR_LT_ONE,True
2021-2050,ACCESS-ESM1-5,SSP5-8.5,351003,R50mm,days,days year-1,2021,2050,30,-16.0,3008.0,737.1772536112645,-0.2734968590585523,0.7844713064490948,No significant trend,False,-0.5524656695944051,0.5806293490134831,No significant trend,False,-0.0367816091954023,0.0,-0.09090909090909091,0.05555555555555555,0.2450722252697023,122.41289263597685,29,-0.37746388736514885,-0.20894130554031806,OK,FACTOR_LT_ONE,True
2021-2050,ACCESS-ESM1-5,SSP5-8.5,351004,R50mm,days,days year-1,2021,2050,30,4.0,3036.0,472.9770082670395,0.054446550648047085,0.9565793917777285,No significant trend,False,0.13794349960278834,0.8902850712940383,No significant trend,False,0.009195402298850575,0.0,-0.10344827586206896,0.10526315789473684,0.1557895284147034,192.56749991656437,29,-0.4221052357926483,-0.20035875838402753,OK,FACTOR_LT_ONE,True
2021-2050,ACCESS-ESM1-5,SSP5-8.5,351005,R50mm,days,days year-1,2021,2050,30,-38.0,3046.0,514.2709753394307,-0.6704042743036445,0.5026001106278404,No significant trend,False,-1.6315700216240576,0.10277009780583132,No significant trend,False,-0.08735632183908046,0.0,-0.15789473684210525,0.07692307692307693,0.16883485730119197,177.68842571698138,29,-0.415582571349404,-0.14621778886118034,OK,FACTOR_LT_ONE,True
2021-2050,ACCESS-ESM1-5,SSP5-8.5,351006,R50mm,days,days year-1,2021,2050,30,-5.0,3011.6666666666665,579.2243813320049,-0.07288808502472965,0.941895175496232,No significant trend,False,-0.16620212573940346,0.8679978866170923,No significant trend,False,-0.011494252873563218,0.0,-0.1,0.07142857142857142,0.19232685600398614,155.98445595854915,29,-0.40383657199800693,-0.21599402092675626,OK,FACTOR_LT_ONE,True
2021-2050,ACCESS-ESM1-5,SSP5-8.5,351007,R50mm,days,days year-1,2021,2050,30,-55.0,2519.6666666666665,1399.7083650190104,-1.0757769000198039,0.2820270456729219,No significant trend,False,-1.4433610479325745,0.14891879084998452,No significant trend,False,-0.12643678160919541,0.0,-0.0,-0.0,0.5555133079847905,54.004106776180734,29,-0.2222433460076048,-0.13269961977186315,OK,FACTOR_LT_ONE,True
2021-2050,ACCESS-ESM1-5,SSP5-8.5,351008,R50mm,days,days year-1,2021,2050,30,-59.0,2519.6666666666665,1629.3450823406886,-1.1554640777990486,0.24790043477829116,No significant trend,False,-1.4368831650191691,0.1507511942351354,No significant trend,False,-0.135632183908046,0.0,-0.0,-0.0,0.6466510447178285,46.392873320247624,29,-0.17667447764108574,-0.042237844171060364,OK,FACTOR_LT_ONE,True
2021-2050,ACCESS-ESM1-5,SSP5-8.5,351009,R50mm,days,days year-1,2021,2050,30,8.0,2632.6666666666665,507.24499433931754,0.13642692884156912,0.8914837865578167,No significant trend,False,0.31080582890083946,0.7559482381850571,No significant trend,False,0.01839080459770115,0.0,-0.0,-0.0,0.1926734594856866,155.7038529337698,29,-0.4036632702571567,-0.1491994177583697,OK,FACTOR_LT_ONE,True
2021-2050,ACCESS-ESM1-5,SSP5-8.5,351010,R50mm,days,days year-1,2021,2050,30,-33.0,2606.3333333333335,884.5852337053215,-0.6268086759572458,0.5307846557308711,No significant trend,False,-1.075920384029086,0.28196286468088694,No significant trend,False,-0.07586206896551724,0.0,-0.0,-0.0,0.339398350315381,88.39170836311648,29,-0.3303008248423095,-0.14919941775836973,OK,FACTOR_LT_ONE,True
2021-2050,ACCESS-ESM1-5,SSP5-8.5,351011,R50mm,days,days year-1,2021,2050,30,34.0,1488.0,500.133333333334,0.8554851481526009,0.39228262301531724,No significant trend,False,1.4756081305138933,0.14004912120498772,No significant trend,False,0.07816091954022988,0.0,-0.0,-0.0,0.3361111111111116,89.25619834710731,29,-0.3319444444444442,-0.049999999999999975,OK,FACTOR_LT_ONE,True
2021-2050,ACCESS-ESM1-5,SSP5-8.5,351012,R50mm,days,days year-1,2021,2050,30,-35.0,3089.6666666666665,601.4727772626592,-0.6116783417661095,0.5407505941460082,No significant trend,False,-1.3863437507941734,0.1656419634251579,No significant trend,False,-0.08045977011494253,0.0,-0.19047619047619047,0.1,0.19467238448462376,154.10506261287182,29,-0.4026638077576881,-0.1876332869726472,OK,FACTOR_LT_ONE,True
2021-2050,ACCESS-ESM1-5,SSP5-8.5,351201,R50mm,days,days year-1,2021,2050,30,-45.0,3068.3333333333335,483.44929659831723,-0.7943308089223652,0.42700287280407645,No significant trend,False,-2.00113878883775,0.04537743523192099,Decreasing,True,-0.10344827586206896,-0.047619047619047616,-0.25,0.07692307692307693,0.15756087884790348,190.4025937108384,29,-0.42121956057604826,-0.16819909917108597,OK,FACTOR_LT_ONE,False
2021-2050,ACCESS-ESM1-5,SSP5-8.5,351001,R95p,mm,mm year-1,2021,2050,30,-17.0,3133.0,484.54136666959215,-0.28585104565145797,0.7749922097524315,No significant trend,False,-0.7268663313727273,0.4673078440796007,No significant trend,False,-0.03908045977011494,-0.9327272727272718,-10.892941176470588,8.689166666666667,0.15465731460887078,193.97724624839225,29,-0.4226713426955646,-0.11725763539247669,OK,FACTOR_LT_ONE,True
2021-2050,ACCESS-ESM1-5,SSP5-8.5,351002,R95p,mm,mm year-1,2021,2050,30,-27.0,3076.3333333333335,475.74039816005705,-0.4687665914281195,0.6392364823668836,No significant trend,False,-1.192033147189673,0.23324824831831026,No significant trend,False,-0.06206896551724138,0.0,-6.489999999999999,3.8236363636363637,0.1546452697453864,193.9923545634024,29,-0.4226773651273068,-0.0667403734722924,OK,FACTOR_LT_ONE,True
2021-2050,ACCESS-ESM1-5,SSP5-8.5,351003,R95p,mm,mm year-1,2021,2050,30,30.0,3097.3333333333335,337.343422956758,0.521079544330409,0.6023113601599714,No significant trend,False,1.578926356165062,0.11435294983762724,No significant trend,False,0.06896551724137931,0.6149999999999999,-8.039999999999997,11.332142857142857,0.1089141486085099,275.44630686904145,29,-0.44554292569574505,-0.24701255309186726,OK,FACTOR_LT_ONE,True
2021-2050,ACCESS-ESM1-5,SSP5-8.5,351004,R95p,mm,mm year-1,2021,2050,30,9.0,3125.0,340.18475804167383,0.14310835055998655,0.8862046100343919,No significant trend,False,0.43374308234519776,0.6644750176775626,No significant trend,False,0.020689655172413793,0.0,-11.283499999999998,10.926250000000001,0.10885912257333563,275.58553928073195,29,-0.4455704387133322,-0.22990184802236036,OK,FACTOR_LT_ONE,True
2021-2050,ACCESS-ESM1-5,SSP5-8.5,351005,R95p,mm,mm year-1,2021,2050,30,-39.0,3125.0,430.50379966647625,-0.679764665159936,0.4966534835119222,No significant trend,False,-1.831450149977173,0.0670333818016471,No significant trend,False,-0.0896551724137931,-3.079411764705884,-15.218333333333334,8.299999999999999,0.1377612158932724,217.76811278467423,29,-0.4311193920533638,-0.13995544358728884,OK,FACTOR_LT_ONE,True
2021-2050,ACCESS-ESM1-5,SSP5-8.5,351006,R95p,mm,mm year-1,2021,2050,30,3.0,3141.6666666666665,352.53113015754116,0.035682062007003156,0.9715358738879935,No significant trend,False,0.10652002483706013,0.915169768272313,No significant trend,False,0.006896551724137931,0.21083333333333107,-16.113999999999997,17.973499999999998,0.11221150031539773,267.3522759759713,29,-0.44389424984230114,-0.1715558450772891,OK,FACTOR_LT_ONE,True
2021-2050,ACCESS-ESM1-5,SSP5-8.5,351007,R95p,mm,mm year-1,2021,2050,30,-27.0,3141.6666666666665,398.06812584238196,-0.46386680609104103,0.6427431760684212,No significant trend,False,-1.3031507128243545,0.1925233130216143,No significant trend,False,-0.06206896551724138,-1.9928571428571424,-11.736363636363636,10.301875000000003,0.12670603475089082,236.76851745050038,29,-0.4366469826245546,-0.21287130185598108,OK,FACTOR_LT_ONE,True
2021-2050,ACCESS-ESM1-5,SSP5-8.5,351008,R95p,mm,mm year-1,2021,2050,30,-21.0,3141.6666666666665,415.6410935883693,-0.35682062007003157,0.7212260985001633,No significant trend,False,-0.9810039504289527,0.32659079345887276,No significant trend,False,-0.04827586206896552,-2.0627999999999997,-10.72190476190476,9.440526315789475,0.13229955233582047,226.75813689716784,29,-0.43385022383208977,-0.20885200491241832,OK,FACTOR_LT_ONE,True
2021-2050,ACCESS-ESM1-5,SSP5-8.5,351009,R95p,mm,mm year-1,2021,2050,30,-17.0,3141.6666666666665,469.84526531279096,-0.28545649605602524,0.7752944295177846,No significant trend,False,-0.7381464837289796,0.4604254392880378,No significant trend,False,-0.03908045977011494,-1.546315789473678,-15.705263157894736,11.25473684210527,0.14955286959558334,200.59795630217698,29,-0.42522356520220833,-0.09031506384725231,OK,FACTOR_LT_ONE,True
2021-2050,ACCESS-ESM1-5,SSP5-8.5,351010,R95p,mm,mm year-1,2021,2050,30,-15.0,3141.6666666666665,369.4169318035448,-0.24977443404902208,0.802761791874143,No significant trend,False,-0.7283994969720125,0.4663690711124706,No significant trend,False,-0.034482758620689655,-1.3000000000000018,-13.640909090909087,13.094210526315791,0.117586291290253,255.1317816967901,29,-0.4412068543548735,-0.20424779437770843,OK,FACTOR_LT_ONE,True
2021-2050,ACCESS-ESM1-5,SSP5-8.5,351011,R95p,mm,mm year-1,2021,2050,30,4.0,2444.6666666666665,318.5180751562535,0.06067522971938272,0.951617859145698,No significant trend,False,0.16809477470837697,0.8665087200407374,No significant trend,False,0.009195402298850575,0.0,-0.0,-0.0,0.13029100429080454,230.25380887418098,29,-0.43485449785459773,-0.13057976424850934,OK,FACTOR_LT_ONE,True
2021-2050,ACCESS-ESM1-5,SSP5-8.5,351012,R95p,mm,mm year-1,2021,2050,30,-43.0,3141.6666666666665,488.89892096899933,-0.7493233021470662,0.45366236627030876,No significant trend,False,-1.8995019818939267,0.05749850628757916,No significant trend,False,-0.09885057471264368,-3.013076923076923,-16.13499999999999,8.958888888888888,0.15561769367713507,192.78013502913072,29,-0.42219115316143246,-0.14420433722593892,OK,FACTOR_LT_ONE,True
2021-2050,ACCESS-ESM1-5,SSP5-8.5,351201,R95p,mm,mm year-1,2021,2050,30,-35.0,3141.6666666666665,584.929037126032,-0.6065950541190537,0.5441196833389506,No significant trend,False,-1.4058122599629503,0.1597798805386227,No significant trend,False,-0.08045977011494253,-3.772352941176474,-21.222,11.110769230769234,0.18618430889953275,161.1306569136734,29,-0.4069078455502336,-0.03498525760011592,OK,FACTOR_LT_ONE,True
2021-2050,ACCESS-ESM1-5,SSP5-8.5,351001,R99p,mm,mm year-1,2021,2050,30,60.0,2324.6666666666665,1595.1321191984514,1.2236907226912723,0.22106892072641093,No significant trend,False,1.4772489217426423,0.13960892434128871,No significant trend,False,0.13793103448275862,0.0,-0.0,-0.0,0.686176707426922,43.7205164140536,29,-0.15691164628653895,-0.038568311297181614,OK,FACTOR_LT_ONE,True
2021-2050,ACCESS-ESM1-5,SSP5-8.5,351002,R99p,mm,mm year-1,2021,2050,30,29.0,1516.3333333333333,299.35168654167006,0.7190526485349562,0.4721084811295888,No significant trend,False,1.6183303417109647,0.10559142513038523,No significant trend,False,0.06666666666666667,0.0,-0.0,-0.0,0.19741812697845906,151.9617294478404,29,-0.40129093651077047,-0.09648842180812695,OK,FACTOR_LT_ONE,True
2021-2050,ACCESS-ESM1-5,SSP5-8.5,351003,R99p,mm,mm year-1,2021,2050,30,-30.0,2733.3333333333335,660.2084082946552,-0.5546917403651043,0.5791055267004546,No significant trend,False,-1.1286452868572021,0.25904749842613395,No significant trend,False,-0.06896551724137931,0.0,-3.8356521739130436,-0.0,0.24153966157121531,124.20320457870157,29,-0.37923016921439234,-0.26475805218620047,OK,FACTOR_LT_ONE,True
2021-2050,ACCESS-ESM1-5,SSP5-8.5,351004,R99p,mm,mm year-1,2021,2050,30,9.0,2873.0,677.2174909275856,0.14925269233005106,0.8813542431107714,No significant trend,False,0.3074156010819554,0.758527054805584,No significant trend,False,0.020689655172413793,0.0,-0.7847058823529397,2.2816666666666663,0.23571788754875933,127.27078251027666,29,-0.38214105622562033,-0.16394516139532414,OK,FACTOR_LT_ONE,True
2021-2050,ACCESS-ESM1-5,SSP5-8.5,351005,R99p,mm,mm year-1,2021,2050,30,15.0,2552.3333333333335,832.083200099964,0.27711455658552947,0.7816921448248964,No significant trend,False,0.4853384053542954,0.6274363168098473,No significant trend,False,0.034482758620689655,0.0,-0.0,-0.0,0.3260088285620859,92.02204778416522,29,-0.33699558571895705,-0.028540240093813868,OK,FACTOR_LT_ONE,True
2021-2050,ACCESS-ESM1-5,SSP5-8.5,351006,R99p,mm,mm year-1,2021,2050,30,7.0,3125.0,284.5347525814418,0.1073312629199899,0.9145261835662443,No significant trend,False,0.3556997757702028,0.7220654129745888,No significant trend,False,0.016091954022988506,0.0,-11.074999999999998,11.592500000000001,0.09105112082606137,329.48523563274097,29,-0.4544744395869693,-0.18846713139834917,OK,FACTOR_LT_ONE,True
2021-2050,ACCESS-ESM1-5,SSP5-8.5,351007,R99p,mm,mm year-1,2021,2050,30,-60.0,2976.6666666666665,1054.1353658697392,-1.0814013553613568,0.279518619020947,No significant trend,False,-1.8172045671144987,0.06918579592840979,No significant trend,False,-0.13793103448275862,-0.42375000000000007,-6.4399999999999995,-0.0,0.35413282168076343,84.7139778166165,29,-0.3229335891596183,-0.21902853553514123,OK,FACTOR_LT_ONE,True
2021-2050,ACCESS-ESM1-5,SSP5-8.5,351008,R99p,mm,mm year-1,2021,2050,30,-37.0,2873.0,942.2686200845836,-0.6716371154852298,0.5018147437927937,No significant trend,False,-1.1727761802986503,0.24088557258683352,No significant trend,False,-0.08505747126436781,0.0,-3.597142857142857,-0.0,0.3279737626469139,91.47073155451476,29,-0.33601311867654304,-0.23358615390670717,OK,FACTOR_LT_ONE,True
2021-2050,ACCESS-ESM1-5,SSP5-8.5,351009,R99p,mm,mm year-1,2021,2050,30,-25.0,3141.6666666666665,504.7917856925814,-0.4281847440840379,0.6685166224807093,No significant trend,False,-1.068206219160765,0.2854275000289379,No significant trend,False,-0.05747126436781609,-2.280000000000006,-13.463750000000001,10.24,0.16067643045917712,186.7106452033241,29,-0.41966178477041144,-0.07587075391091216,OK,FACTOR_LT_ONE,True
2021-2050,ACCESS-ESM1-5,SSP5-8.5,351010,R99p,mm,mm year-1,2021,2050,30,-23.0,3141.6666666666665,427.7495967790793,-0.3925026820770347,0.6946868300138667,No significant trend,False,-1.0637213508269394,0.2874549493363431,No significant trend,False,-0.052873563218390804,-1.7285714285714289,-11.166428571428574,9.144999999999996,0.1361537178076645,220.33919075481325,29,-0.43192314109616775,-0.21594482097121256,OK,FACTOR_LT_ONE,True
2021-2050,ACCESS-ESM1-5,SSP5-8.5,351011,R99p,mm,mm year-1,2021,2050,30,0.0,0.0,0.0,0.0,1.0,No significant trend,False,0.0,1.0,No significant trend,False,0.0,0.0,-0.0,-0.0,1.0,30.0,29,0.0,0.0,NO_VARIATION,ZERO_VARIANCE_RESIDUALS,True
2021-2050,ACCESS-ESM1-5,SSP5-8.5,351012,R99p,mm,mm year-1,2021,2050,30,-49.0,2873.0,926.7209271413806,-0.8955161539803064,0.37051123438364364,No significant trend,False,-1.5767642049425268,0.11484979081718413,No significant trend,False,-0.11264367816091954,0.0,-4.67,-0.0,0.3225621048177447,93.00534548827649,29,-0.33871894759112764,-0.24322831316191976,OK,FACTOR_LT_ONE,True
2021-2050,ACCESS-ESM1-5,SSP5-8.5,351201,R99p,mm,mm year-1,2021,2050,30,-45.0,3076.3333333333335,754.3875305373758,-0.7932973085706637,0.4276046245453766,No significant trend,False,-1.6019738622549264,0.10916138951730243,No significant trend,False,-0.10344827586206896,-2.248333333333335,-11.6425,3.0100000000000007,0.24522294848977433,122.33765308164453,29,-0.37738852575511284,0.055407641924916276,OK,FACTOR_LT_ONE,True
2021-2050,CanESM5,SSP2-4.5,351001,PRCPTOT,mm,mm year-1,2021,2050,30,-1.0,3141.6666666666665,511.52209344255186,0.0,1.0,No significant trend,False,0.0,1.0,No significant trend,False,-0.0022988505747126436,-0.04250000000000398,-23.702499999999958,16.851333333333326,0.1628187034830404,184.25401602049286,29,-0.4185906482584798,0.06646711093971977,OK,FACTOR_LT_ONE,True
2021-2050,CanESM5,SSP2-4.5,351002,PRCPTOT,mm,mm year-1,2021,2050,30,-27.0,3141.6666666666665,544.0836895771703,-0.46386680609104103,0.6427431760684212,No significant trend,False,-1.1146550668236044,0.26499826298761264,No significant trend,False,-0.06206896551724138,-3.489230769230753,-17.938571428571436,10.89,0.1731831372659428,173.2270270282234,29,-0.4134084313670286,0.14839356174215473,OK,FACTOR_LT_ONE,True
2021-2050,CanESM5,SSP2-4.5,351003,PRCPTOT,mm,mm year-1,2021,2050,30,1.0,3141.6666666666665,448.0483182837739,0.0,1.0,No significant trend,False,0.0,1.0,No significant trend,False,0.0022988505747126436,0.052380952380953465,-21.075833333333335,15.745416666666666,0.14261484932109514,210.35677661065617,29,-0.42869257533945243,0.020020301512499627,OK,FACTOR_LT_ONE,True
2021-2050,CanESM5,SSP2-4.5,351004,PRCPTOT,mm,mm year-1,2021,2050,30,-9.0,3141.6666666666665,485.13644118899737,-0.14272824802801262,0.8865048064138312,No significant trend,False,-0.36321020142459026,0.7164478676199141,No significant trend,False,-0.020689655172413793,-1.978888888888883,-23.92,18.18714285714288,0.15442008738111324,194.2752429996956,29,-0.4227899563094434,0.06712424263013216,OK,FACTOR_LT_ONE,True
2021-2050,CanESM5,SSP2-4.5,351005,PRCPTOT,mm,mm year-1,2021,2050,30,-15.0,3141.6666666666665,493.9252866793763,-0.24977443404902208,0.802761791874143,No significant trend,False,-0.6299374170859166,0.5287355309085191,No significant trend,False,-0.034482758620689655,-2.9276,-25.544166666666683,16.65888888888891,0.1572175978820296,190.81833334275285,29,-0.4213912010589852,0.07564116105909041,OK,FACTOR_LT_ONE,True
2021-2050,CanESM5,SSP2-4.5,351006,PRCPTOT,mm,mm year-1,2021,2050,30,-27.0,3141.6666666666665,493.71809800999665,-0.46386680609104103,0.6427431760684212,No significant trend,False,-1.170129219549053,0.2419489713264399,No significant trend,False,-0.06206896551724138,-3.4599999999999858,-22.69374999999999,15.300000000000036,0.1571516492339512,190.89841020592212,29,-0.4214241753830244,0.09950719627277921,OK,FACTOR_LT_ONE,True
2021-2050,CanESM5,SSP2-4.5,351007,PRCPTOT,mm,mm year-1,2021,2050,30,-11.0,3141.6666666666665,523.1294613470346,-0.17841031003501578,0.8584007529637274,No significant trend,False,-0.4372153595163854,0.661955171678045,No significant trend,False,-0.02528735632183908,-1.2494736842105267,-17.32,13.384166666666664,0.1665133563969341,180.16572753771223,29,-0.41674332180153295,0.10099817117930285,OK,FACTOR_LT_ONE,True
2021-2050,CanESM5,SSP2-4.5,351008,PRCPTOT,mm,mm year-1,2021,2050,30,-17.0,3141.6666666666665,518.7193673201579,-0.28545649605602524,0.7752944295177846,No significant trend,False,-0.702512006240595,0.48235991689117397,No significant trend,False,-0.03908045977011494,-2.3805555555555253,-16.534545454545444,10.149999999999864,0.1651096129401033,181.69747639638086,29,-0.41744519352994836,0.1138841172016847,OK,FACTOR_LT_ONE,True
2021-2050,CanESM5,SSP2-4.5,351009,PRCPTOT,mm,mm year-1,2021,2050,30,-21.0,3141.6666666666665,510.3689336201905,-0.35682062007003157,0.7212260985001633,No significant trend,False,-0.8852947326540671,0.3759976901482852,No significant trend,False,-0.04827586206896552,-2.943999999999994,-16.737727272727284,11.28882352941177,0.16245164995868133,184.67033118857415,29,-0.41877417502065933,0.1060557206850763,OK,FACTOR_LT_ONE,True
2021-2050,CanESM5,SSP2-4.5,351010,PRCPTOT,mm,mm year-1,2021,2050,30,-11.0,3141.6666666666665,516.014355710553,-0.17841031003501578,0.8584007529637274,No significant trend,False,-0.4402193295026184,0.6597782612600214,No significant trend,False,-0.02528735632183908,-1.1433333333333275,-17.818000000000062,11.049999999999908,0.16424860128717866,182.64995722884015,29,-0.41787569935641067,0.09045029900961599,OK,FACTOR_LT_ONE,True
2021-2050,CanESM5,SSP2-4.5,351011,PRCPTOT,mm,mm year-1,2021,2050,30,-41.0,3141.6666666666665,633.1332593073903,-0.7136412401400631,0.4754490495282657,No significant trend,False,-1.589689944891365,0.1119047112978903,No significant trend,False,-0.09425287356321839,-4.044210526315785,-14.192499999999988,9.148076923076925,0.20152782789625157,148.86281618360064,29,-0.3992360860518742,0.1636504724684836,OK,FACTOR_LT_ONE,True
2021-2050,CanESM5,SSP2-4.5,351012,PRCPTOT,mm,mm year-1,2021,2050,30,-47.0,3141.6666666666665,549.3680409892082,-0.8206874261610726,0.41182433473249114,No significant trend,False,-1.9625744296276526,0.049695644318720734,Decreasing,True,-0.10804597701149425,-8.22199999999998,-28.096666666666685,19.87624999999997,0.17486515893555699,171.5607624904621,29,-0.4125674205322215,0.16493981537353067,OK,FACTOR_LT_ONE,False
2021-2050,CanESM5,SSP2-4.5,351201,PRCPTOT,mm,mm year-1,2021,2050,30,-43.0,3141.6666666666665,526.0526890652802,-0.7493233021470662,0.45366236627030876,No significant trend,False,-1.831195312324052,0.06707139615730626,No significant trend,False,-0.09885057471264368,-9.53666666666667,-28.726818181818192,18.40416666666667,0.16744382675817937,179.16456271228014,29,-0.4162780866209103,0.16313489481177396,OK,FACTOR_LT_ONE,True
2021-2050,CanESM5,SSP2-4.5,351001,SDII,mm day-1,mm day-1 year-1,2021,2050,30,27.0,3141.6666666666665,340.3556221096372,0.46386680609104103,0.6427431760684212,No significant trend,False,1.4093111357989296,0.15874318746683025,No significant trend,False,0.06206896551724138,0.03461510083620256,-0.17839912280701753,0.19232279314888126,0.10833600703755031,276.91624253422697,29,-0.44583199648122485,-0.04812231703594238,OK,FACTOR_LT_ONE,True
2021-2050,CanESM5,SSP2-4.5,351002,SDII,mm day-1,mm day-1 year-1,2021,2050,30,3.0,3141.6666666666665,350.9813477473356,0.035682062007003156,0.9715358738879935,No significant trend,False,0.10675493907027309,0.9149833965192735,No significant trend,False,0.006896551724137931,0.005459595959596146,-0.11089877801992531,0.12475563909774452,0.11171820087448348,268.53278843709006,29,-0.44414089956275826,0.07316529617999533,OK,FACTOR_LT_ONE,True
2021-2050,CanESM5,SSP2-4.5,351003,SDII,mm day-1,mm day-1 year-1,2021,2050,30,31.0,3141.6666666666665,336.2989801498598,0.5352309301050473,0.5924901808547871,No significant trend,False,1.6359065059114448,0.1018591561740647,No significant trend,False,0.07126436781609195,0.03955893393393399,-0.13643009812493911,0.2470875558867362,0.107044768217462,280.2565739509552,29,-0.446477615891269,-0.08837290263075938,OK,FACTOR_LT_ONE,True
2021-2050,CanESM5,SSP2-4.5,351004,SDII,mm day-1,mm day-1 year-1,2021,2050,30,29.0,3141.6666666666665,308.1980710637922,0.49954886809804416,0.617392769071009,No significant trend,False,1.59493531108345,0.11072670231378838,No significant trend,False,0.06666666666666667,0.05868658008658016,-0.1774890734265734,0.2979813155594407,0.09810018177096835,305.8098309138726,29,-0.4509499091145158,-0.07288837024104415,OK,FACTOR_LT_ONE,True
2021-2050,CanESM5,SSP2-4.5,351005,SDII,mm day-1,mm day-1 year-1,2021,2050,30,23.0,3141.6666666666665,361.9837766205357,0.3925026820770347,0.6946868300138667,No significant trend,False,1.1563202397950239,0.24755019257585875,No significant trend,False,0.052873563218390804,0.04225501770956377,-0.13300633690168592,0.23338910605701654,0.1152203002505684,260.3707847901742,29,-0.4423898498747158,0.009935738943108808,OK,FACTOR_LT_ONE,True
2021-2050,CanESM5,SSP2-4.5,351006,SDII,mm day-1,mm day-1 year-1,2021,2050,30,11.0,3141.6666666666665,304.64663018738804,0.17841031003501578,0.8584007529637274,No significant trend,False,0.5729303260464631,0.5666918702316466,No significant trend,False,0.02528735632183908,0.012814451514080302,-0.15230969420949914,0.1867175018155408,0.09696974966176808,309.3748318897434,29,-0.45151512516911596,0.005235086396697584,OK,FACTOR_LT_ONE,True
2021-2050,CanESM5,SSP2-4.5,351007,SDII,mm day-1,mm day-1 year-1,2021,2050,30,-15.0,3141.6666666666665,534.957821820581,-0.24977443404902208,0.802761791874143,No significant trend,False,-0.6052966422074071,0.5449819120898258,No significant trend,False,-0.034482758620689655,-0.017665942458357974,-0.0992509107468123,0.08352919629390225,0.17027835177312922,176.18211409498826,29,-0.4148608241134354,0.03330912422666847,OK,FACTOR_LT_ONE,True
2021-2050,CanESM5,SSP2-4.5,351008,SDII,mm day-1,mm day-1 year-1,2021,2050,30,-13.0,3141.6666666666665,457.62374498277205,-0.21409237204201895,0.8304750241244809,No significant trend,False,-0.5609536401788789,0.574829141519936,No significant trend,False,-0.029885057471264367,-0.009350006449947879,-0.10023662250795473,0.09087615815556964,0.1456627304984951,205.95522202098184,29,-0.42716863475075245,0.05453937090552857,OK,FACTOR_LT_ONE,True
2021-2050,CanESM5,SSP2-4.5,351009,SDII,mm day-1,mm day-1 year-1,2021,2050,30,-21.0,3141.6666666666665,454.25094019679295,-0.35682062007003157,0.7212260985001633,No significant trend,False,-0.9383872065709399,0.34804545815367294,No significant trend,False,-0.04827586206896552,-0.015418811881188077,-0.09268516984258485,0.0725356003191064,0.14458915868332933,207.4844357155728,29,-0.42770542065833533,0.0368254416313225,OK,FACTOR_LT_ONE,True
2021-2050,CanESM5,SSP2-4.5,351010,SDII,mm day-1,mm day-1 year-1,2021,2050,30,-5.0,3141.6666666666665,432.9713204967651,-0.07136412401400631,0.9431079616717606,No significant trend,False,-0.19223409889518844,0.8475588369194198,No significant trend,False,-0.011494252873563218,-0.0063800225110432545,-0.10258928571428563,0.10571867445608382,0.13781580493265733,217.68185452067183,29,-0.43109209753367134,0.008109563404461258,OK,FACTOR_LT_ONE,True
2021-2050,CanESM5,SSP2-4.5,351011,SDII,mm day-1,mm day-1 year-1,2021,2050,30,-61.0,3141.6666666666665,569.0921387197542,-1.0704618602100946,0.2844114676220474,No significant trend,False,-2.515127218654802,0.0118989438432546,Decreasing,True,-0.14022988505747128,-0.031511460205462756,-0.08558479532163739,0.024308675578136638,0.18114338632989524,165.61465813256086,29,-0.4094283068350524,0.16211490693293593,OK,FACTOR_LT_ONE,False
2021-2050,CanESM5,SSP2-4.5,351012,SDII,mm day-1,mm day-1 year-1,2021,2050,30,-33.0,3141.6666666666665,446.38262190088,-0.5709129921120505,0.568058623631595,No significant trend,False,-1.5145943727628994,0.12987515813884326,No significant trend,False,-0.07586206896551724,-0.0446025280898879,-0.1905083267248216,0.11471111111111099,0.1420846541859565,211.1417321728272,29,-0.42895767290702175,0.0801419244314058,OK,FACTOR_LT_ONE,True
2021-2050,CanESM5,SSP2-4.5,351201,SDII,mm day-1,mm day-1 year-1,2021,2050,30,-21.0,3141.6666666666665,421.42274438695637,-0.35682062007003157,0.7212260985001633,No significant trend,False,-0.9742513363455757,0.3299317607068324,No significant trend,False,-0.04827586206896552,-0.04695804988662128,-0.21170354298367797,0.14673025494740619,0.13413986558736013,223.64716013869983,29,-0.43293006720631994,0.09062631516496499,OK,FACTOR_LT_ONE,True
2021-2050,CanESM5,SSP2-4.5,351001,Rx1day,mm,mm year-1,2021,2050,30,63.0,3141.6666666666665,415.2196999550414,1.106143922217098,0.2686642304239092,No significant trend,False,3.0426550203886737,0.0023450099796360237,Increasing,True,0.14482758620689656,1.0175,-1.0138888888888888,2.823333333333333,0.1321654217363527,226.98826671808942,29,-0.43391728913182365,-0.1784162890106825,OK,FACTOR_LT_ONE,False
2021-2050,CanESM5,SSP2-4.5,351002,Rx1day,mm,mm year-1,2021,2050,30,27.0,3141.6666666666665,263.0526238228939,0.46386680609104103,0.6427431760684212,No significant trend,False,1.6030683101300849,0.10891957351854108,No significant trend,False,0.06206896551724138,0.23882352941176485,-0.9549999999999996,1.454444444444444,0.08373027813991318,358.2933278911368,29,-0.4581348609300434,-0.12307130169802703,OK,FACTOR_LT_ONE,True
2021-2050,CanESM5,SSP2-4.5,351003,Rx1day,mm,mm year-1,2021,2050,30,45.0,3141.6666666666665,918.970798722479,0.7850053641540694,0.4324504235358998,No significant trend,False,1.4514491345816793,0.14665483631640017,No significant trend,False,0.10344827586206896,0.7028571428571431,-1.2866666666666664,2.7636363636363637,0.29251059906285803,102.560386174428,29,-0.353744700468571,-0.19414848273815208,OK,FACTOR_LT_ONE,True
2021-2050,CanESM5,SSP2-4.5,351004,Rx1day,mm,mm year-1,2021,2050,30,59.0,3141.6666666666665,697.3598409019847,1.0347797982030915,0.3007717594347785,No significant trend,False,2.19633977519471,0.028067632801208553,Increasing,True,0.135632183908046,0.9426666666666677,-1.1710526315789473,3.393529411764706,0.22197130214386784,135.1526062614882,29,-0.3890143489280661,-0.15131275285923834,OK,FACTOR_LT_ONE,False
2021-2050,CanESM5,SSP2-4.5,351005,Rx1day,mm,mm year-1,2021,2050,30,55.0,3141.6666666666665,338.25188872919784,0.9634156741890852,0.3353389634847318,No significant trend,False,2.93611894088857,0.003323468649909192,Increasing,True,0.12643678160919541,0.8966666666666665,-0.8742857142857142,2.738846153846154,0.10766638368038128,278.6385032589009,29,-0.44616680815980936,-0.19608367662481713,OK,FACTOR_LT_ONE,False
2021-2050,CanESM5,SSP2-4.5,351006,Rx1day,mm,mm year-1,2021,2050,30,41.0,3141.6666666666665,259.7308248068162,0.7136412401400631,0.4754490495282657,No significant trend,False,2.481979807937561,0.01306546788010604,Increasing,True,0.09425287356321839,0.6118750000000004,-1.1378947368421055,2.5185,0.08267294158307148,362.87568127541925,29,-0.45866352920846426,-0.20143451124977316,OK,FACTOR_LT_ONE,False
2021-2050,CanESM5,SSP2-4.5,351007,Rx1day,mm,mm year-1,2021,2050,30,59.0,3141.6666666666665,507.8361872883725,1.0347797982030915,0.3007717594347785,No significant trend,False,2.5737488839781446,0.010060326114903923,Increasing,True,0.135632183908046,0.6360869565217395,-0.557857142857143,1.695714285714286,0.16164547075491964,185.59134295500795,29,-0.4191772646225402,-0.17223566626474926,OK,FACTOR_LT_ONE,False
2021-2050,CanESM5,SSP2-4.5,351008,Rx1day,mm,mm year-1,2021,2050,30,65.0,3141.6666666666665,311.8224528158892,1.141825984224101,0.2535263593015791,No significant trend,False,3.6243178858764815,0.00028972508293621785,Increasing,True,0.14942528735632185,0.7264705882352942,-0.5850000000000001,1.6199999999999999,0.09925383113503106,302.2553352039998,29,-0.45037308443248447,-0.2076294452052572,OK,FACTOR_LT_ONE,False
2021-2050,CanESM5,SSP2-4.5,351009,Rx1day,mm,mm year-1,2021,2050,30,59.0,3141.6666666666665,308.5123391387519,1.0347797982030915,0.3007717594347785,No significant trend,False,3.3021114284365645,0.0009595994114438957,Increasing,True,0.135632183908046,0.6788235294117645,-0.5700000000000003,1.6236842105263158,0.0982002140494701,305.4983157662667,29,-0.45089989297526495,-0.22398675963323939,OK,FACTOR_LT_ONE,False
2021-2050,CanESM5,SSP2-4.5,351010,Rx1day,mm,mm year-1,2021,2050,30,69.0,3141.6666666666665,336.5485920211856,1.2131901082381074,0.2250571451510026,No significant trend,False,3.706679393826217,0.00020999450457032557,Increasing,True,0.15862068965517243,0.8845833333333335,-0.6021428571428571,2.148333333333334,0.10712422027199542,280.0487128291626,29,-0.4464378898640023,-0.20440382041359853,OK,FACTOR_LT_ONE,False
2021-2050,CanESM5,SSP2-4.5,351011,Rx1day,mm,mm year-1,2021,2050,30,33.0,3141.6666666666665,372.23398094219135,0.5709129921120505,0.568058623631595,No significant trend,False,1.6586011792274005,0.0971961840144609,No significant trend,False,0.07586206896551724,0.14476190476190473,-0.42000000000000054,0.7633333333333331,0.11848296475613518,253.20095645603405,29,-0.4407585176219324,-0.0706832589805442,OK,FACTOR_LT_ONE,True
2021-2050,CanESM5,SSP2-4.5,351012,Rx1day,mm,mm year-1,2021,2050,30,21.0,3141.6666666666665,309.92192879338415,0.35682062007003157,0.7212260985001633,No significant trend,False,1.1360667325030718,0.2559286367186856,No significant trend,False,0.04827586206896552,0.5331250000000001,-1.4654545454545451,2.2877777777777784,0.09864888980160769,304.1088456274861,29,-0.45067555509919616,-0.12519071141610064,OK,FACTOR_LT_ONE,True
2021-2050,CanESM5,SSP2-4.5,351201,Rx1day,mm,mm year-1,2021,2050,30,-1.0,3141.6666666666665,388.4582913880842,0.0,1.0,No significant trend,False,0.0,1.0,No significant trend,False,-0.0022988505747126436,-0.060555555555555744,-2.0214285714285714,1.6779999999999993,0.12364720150283848,242.62579043741084,29,-0.43817639924858076,0.0816351054573825,OK,FACTOR_LT_ONE,True
2021-2050,CanESM5,SSP2-4.5,351001,Rx5day,mm,mm year-1,2021,2050,30,65.0,3141.6666666666665,482.21388670326314,1.141825984224101,0.2535263593015791,No significant trend,False,2.914473544827555,0.003562890049137636,Increasing,True,0.14942528735632185,1.9363999999999992,-1.5845454545454525,5.998260869565216,0.1534898313113835,195.45268728023592,29,-0.42325508434430825,-0.11476676255802395,OK,FACTOR_LT_ONE,False
2021-2050,CanESM5,SSP2-4.5,351002,Rx5day,mm,mm year-1,2021,2050,30,27.0,3141.6666666666665,308.05545019345607,0.46386680609104103,0.6427431760684212,No significant trend,False,1.4813541535894412,0.13851222487671322,No significant trend,False,0.06206896551724138,0.7060000000000002,-1.9423076923076934,2.938749999999999,0.09805478520746613,305.9514121266539,29,-0.45097260739626693,-0.07453804220411935,OK,FACTOR_LT_ONE,True
2021-2050,CanESM5,SSP2-4.5,351003,Rx5day,mm,mm year-1,2021,2050,30,57.0,3141.6666666666665,777.6726215940271,0.9990977361960883,0.31774734769908775,No significant trend,False,2.0081198179811133,0.04463056079484945,Increasing,True,0.1310344827586207,1.337999999999998,-1.774375,5.6747058823529395,0.24753505196626857,121.19495708465595,29,-0.3762324740168657,-0.23826544171940922,OK,FACTOR_LT_ONE,False
2021-2050,CanESM5,SSP2-4.5,351004,Rx5day,mm,mm year-1,2021,2050,30,47.0,3141.6666666666665,681.4557287654246,0.8206874261610726,0.41182433473249114,No significant trend,False,1.7621343139065027,0.07804660694419904,No significant trend,False,0.10804597701149425,1.3049999999999997,-2.375000000000002,5.688636363636365,0.21690898528342428,138.30685695569724,29,-0.39154550735828786,-0.1202224394204876,OK,FACTOR_LT_ONE,True
2021-2050,CanESM5,SSP2-4.5,351005,Rx5day,mm,mm year-1,2021,2050,30,63.0,3141.6666666666665,357.5249038833671,1.106143922217098,0.2686642304239092,No significant trend,False,3.2789782823451827,0.0010418365334885977,Increasing,True,0.14482758620689656,1.865714285714286,-1.5742857142857147,5.080588235294122,0.11380103041380385,263.61799968694356,29,-0.4430994847930981,-0.142946095079535,OK,FACTOR_LT_ONE,False
2021-2050,CanESM5,SSP2-4.5,351006,Rx5day,mm,mm year-1,2021,2050,30,49.0,3141.6666666666665,264.3002839676935,0.8563694881680758,0.3917934361895805,No significant trend,False,2.952517106263361,0.003151946056550369,Increasing,True,0.11264367816091954,1.6427272727272721,-1.7625000000000028,4.496842105263157,0.0841274113425019,356.60196268090493,29,-0.45793629432874905,-0.21636419293210543,OK,FACTOR_LT_ONE,False
2021-2050,CanESM5,SSP2-4.5,351007,Rx5day,mm,mm year-1,2021,2050,30,59.0,3141.6666666666665,430.66289199717926,1.0347797982030915,0.3007717594347785,No significant trend,False,2.7948549110607046,0.005192301234558635,Increasing,True,0.135632183908046,1.2876470588235287,-0.7983333333333343,3.825500000000001,0.1370810266304019,218.84866737164182,29,-0.43145948668479905,-0.18216450069556842,OK,FACTOR_LT_ONE,False
2021-2050,CanESM5,SSP2-4.5,351008,Rx5day,mm,mm year-1,2021,2050,30,67.0,3141.6666666666665,329.6667453515229,1.177508046231104,0.2389927879015219,No significant trend,False,3.635016321999544,0.0002779630368170918,Increasing,True,0.15402298850574714,1.5368421052631573,-0.6278571428571433,3.7133333333333334,0.1049337120482301,285.89477503865743,29,-0.44753314397588495,-0.12513621968093977,OK,FACTOR_LT_ONE,False
2021-2050,CanESM5,SSP2-4.5,351009,Rx5day,mm,mm year-1,2021,2050,30,57.0,3141.6666666666665,380.0297152231714,0.9990977361960883,0.31774734769908775,No significant trend,False,2.8726270712518307,0.004070743330551238,Increasing,True,0.1310344827586207,1.0399999999999991,-0.9000000000000016,3.2679999999999993,0.12096436558827739,248.00692215515812,29,-0.4395178172058613,-0.1618943159539874,OK,FACTOR_LT_ONE,False
2021-2050,CanESM5,SSP2-4.5,351010,Rx5day,mm,mm year-1,2021,2050,30,67.0,3141.6666666666665,376.3376947551561,1.177508046231104,0.2389927879015219,No significant trend,False,3.4021626729671235,0.0006685483085245091,Increasing,True,0.15402298850574714,1.4985714285714298,-0.8925000000000001,3.785999999999999,0.11978918665946614,250.4399673843958,29,-0.44010540667026693,-0.15270517970940545,OK,FACTOR_LT_ONE,False
2021-2050,CanESM5,SSP2-4.5,351011,Rx5day,mm,mm year-1,2021,2050,30,29.0,3141.6666666666665,472.91943897696655,0.49954886809804416,0.617392769071009,No significant trend,False,1.2875510236964824,0.19790229735954779,No significant trend,False,0.06666666666666667,0.40181818181818324,-1.1385714285714275,1.7699999999999991,0.15053138641176655,199.29398589299777,29,-0.4247343067941167,0.02921388042475881,OK,FACTOR_LT_ONE,True
2021-2050,CanESM5,SSP2-4.5,351012,Rx5day,mm,mm year-1,2021,2050,30,-19.0,3141.6666666666665,349.2979681827435,-0.3211385580630284,0.7481053914270006,No significant trend,False,-0.9631068580923768,0.33549390046527194,No significant trend,False,-0.04367816091954023,-0.5245454545454542,-3.8495000000000004,3.2981481481481487,0.1111823771403958,269.8269345520238,29,-0.4444088114298021,-0.08540866046479503,OK,FACTOR_LT_ONE,True
2021-2050,CanESM5,SSP2-4.5,351201,Rx5day,mm,mm year-1,2021,2050,30,-33.0,3141.6666666666665,659.9327443947635,-0.5709129921120505,0.568058623631595,No significant trend,False,-1.2456617802579435,0.21288859071041744,No significant trend,False,-0.07586206896551724,-0.7764705882352935,-5.261304347826086,2.806249999999995,0.21005816797711307,142.81758376217323,29,-0.39497091601144346,0.09790988284273702,OK,FACTOR_LT_ONE,True
2021-2050,CanESM5,SSP2-4.5,351001,CDD,days,days year-1,2021,2050,30,-44.0,3132.6666666666665,869.3563149170244,-0.7682655558123846,0.4423294336012883,No significant trend,False,-1.4583761354646265,0.14473689488665775,No significant trend,False,-0.10114942528735632,-0.28,-1.0769230769230769,0.375,0.27751318841786266,108.10297042469854,29,-0.3612434057910687,-0.1410172154541306,OK,FACTOR_LT_ONE,True
2021-2050,CanESM5,SSP2-4.5,351002,CDD,days,days year-1,2021,2050,30,26.0,3132.0,1246.9285128132788,0.44671355618241454,0.6550818926599158,No significant trend,False,0.7079771332477345,0.4789594578598555,No significant trend,False,0.059770114942528735,0.125,-0.7142857142857143,0.6666666666666666,0.39812532337588724,75.35315700497581,29,-0.3009373383120564,-0.10275067281230665,OK,FACTOR_LT_ONE,True
2021-2050,CanESM5,SSP2-4.5,351003,CDD,days,days year-1,2021,2050,30,-15.0,3133.6666666666665,858.3743112628171,-0.25009305788522546,0.8025153844368965,No significant trend,False,-0.4778478977520982,0.6327584672290985,No significant trend,False,-0.034482758620689655,-0.1,-0.8666666666666667,0.35294117647058826,0.27392010783836307,109.52098492054711,29,-0.36303994608081847,-0.20245041263528374,OK,FACTOR_LT_ONE,True
2021-2050,CanESM5,SSP2-4.5,351004,CDD,days,days year-1,2021,2050,30,67.0,3135.0,1046.616011197865,1.1787593835090036,0.23849400186045866,No significant trend,False,2.0400943279274983,0.04134093155790809,Increasing,True,0.15402298850574714,0.375,-0.3333333333333333,0.8461538461538461,0.33384880739963796,89.86103689772393,29,-0.333075596300181,0.005834328687807924,OK,FACTOR_LT_ONE,False
2021-2050,CanESM5,SSP2-4.5,351005,CDD,days,days year-1,2021,2050,30,10.0,3129.3333333333335,1240.5111995364236,0.16088538582205675,0.8721836727807888,No significant trend,False,0.25553015870212303,0.7983136532806694,No significant trend,False,0.022988505747126436,0.0,-0.75,0.48,0.3964138899242938,75.67847838462302,29,-0.3017930550378531,-0.1727644024760503,OK,FACTOR_LT_ONE,True
2021-2050,CanESM5,SSP2-4.5,351006,CDD,days,days year-1,2021,2050,30,29.0,3135.6666666666665,1056.8317056980168,0.500026575247833,0.6170563651296731,No significant trend,False,0.8613013231126766,0.38907210716500373,No significant trend,False,0.06666666666666667,0.15,-0.8125,0.5294117647058824,0.3370357305298236,89.01133405897261,29,-0.3314821347350882,-0.20344348876111867,OK,FACTOR_LT_ONE,True
2021-2050,CanESM5,SSP2-4.5,351007,CDD,days,days year-1,2021,2050,30,-64.0,3132.0,586.5601417388385,-1.1257181615796847,0.2602848338696484,No significant trend,False,-2.6012630700604285,0.009288119852165266,Decreasing,True,-0.1471264367816092,-0.42857142857142855,-1.0625,0.26666666666666666,0.18727973874164705,160.18817733073138,29,-0.4063601306291765,-0.2161845700734982,OK,FACTOR_LT_ONE,False
2021-2050,CanESM5,SSP2-4.5,351008,CDD,days,days year-1,2021,2050,30,-100.0,3134.0,422.8865280268198,-1.7684211425980372,0.07699052459498602,No significant trend,False,-4.814190478689537,1.4779778457596713e-06,Decreasing,True,-0.22988505747126436,-0.6923076923076923,-1.5,0.05263157894736842,0.13493507594984677,222.3291445076188,29,-0.4325324620250766,-0.12230896403972079,OK,FACTOR_LT_ONE,False
2021-2050,CanESM5,SSP2-4.5,351009,CDD,days,days year-1,2021,2050,30,-71.0,3135.0,684.1958474551884,-1.2501993461459129,0.21122673562382455,No significant trend,False,-2.6761337983125792,0.007447690610260527,Decreasing,True,-0.1632183908045977,-0.42857142857142855,-1.1428571428571428,0.26666666666666666,0.21824428945939023,137.46064134971212,29,-0.3908778552703049,-0.10507404902284824,OK,FACTOR_LT_ONE,False
2021-2050,CanESM5,SSP2-4.5,351010,CDD,days,days year-1,2021,2050,30,-62.0,3134.6666666666665,796.1240020331188,-1.0895173539936567,0.2759258062958925,No significant trend,False,-2.1619192883737632,0.030624397975373356,Decreasing,True,-0.1425287356321839,-0.3,-1.2,0.25,0.25397405424280695,118.12230225422587,29,-0.3730129728785965,-0.11734551748389065,OK,FACTOR_LT_ONE,False
2021-2050,CanESM5,SSP2-4.5,351011,CDD,days,days year-1,2021,2050,30,-115.0,3130.3333333333335,452.4794279427236,-2.037556022226644,0.0415943539265652,Decreasing,True,-5.359267465701686,8.356006927970686e-08,Decreasing,True,-0.26436781609195403,-0.5,-1.0,-0.0,0.1445467238662731,207.54534725916304,29,-0.42772663806686345,-0.2475620450674308,OK,FACTOR_LT_ONE,True
2021-2050,CanESM5,SSP2-4.5,351012,CDD,days,days year-1,2021,2050,30,-59.0,3135.0,596.5007057132065,-1.035879458235185,0.3002583820175717,No significant trend,False,-2.3747752424077464,0.01755963887432619,Decreasing,True,-0.135632183908046,-0.39285714285714285,-1.2962962962962963,0.3333333333333333,0.19027135748427637,157.6695536136023,29,-0.4048643212578618,-0.1477544885259243,OK,FACTOR_LT_ONE,False
2021-2050,CanESM5,SSP2-4.5,351201,CDD,days,days year-1,2021,2050,30,-43.0,3126.3333333333335,769.9505470404524,-0.7511586103591052,0.4525572061053278,No significant trend,False,-1.5136235440595698,0.1301213462120927,No significant trend,False,-0.09885057471264368,-0.25,-1.0909090909090908,0.34782608695652173,0.2462790959719967,121.81301820033953,29,-0.37686045201400165,-0.15743045717935952,OK,FACTOR_LT_ONE,True
2021-2050,CanESM5,SSP2-4.5,351001,CWD,days,days year-1,2021,2050,30,62.0,3065.3333333333335,1412.2514389215512,1.1017700970131956,0.2705616336743649,No significant trend,False,1.623206682888024,0.1045452297316541,No significant trend,False,0.1425287356321839,0.06666666666666667,-0.05263157894736842,0.2,0.46071708533760913,65.11588337996253,29,-0.26964145733119543,0.41976215927311605,OK,FACTOR_LT_ONE,True
2021-2050,CanESM5,SSP2-4.5,351002,CWD,days,days year-1,2021,2050,30,80.0,3090.6666666666665,1287.6828089151081,1.4210226724864206,0.15531016831890004,No significant trend,False,2.2015200365384056,0.027699229834732088,Increasing,True,0.1839080459770115,0.09090909090909091,-0.0,0.2,0.41663593903638096,72.00531012611559,29,-0.2916820304818095,0.2561502255769564,OK,FACTOR_LT_ONE,False
2021-2050,CanESM5,SSP2-4.5,351003,CWD,days,days year-1,2021,2050,30,86.0,3085.3333333333335,1435.6063125481146,1.5302693511107794,0.12595007137507347,No significant trend,False,2.2433717469207677,0.024872852233513994,Increasing,True,0.19770114942528735,0.09090909090909091,-0.0,0.2,0.46530023094688244,64.4745005583819,29,-0.2673498845265588,0.3158102386451116,OK,FACTOR_LT_ONE,False
2021-2050,CanESM5,SSP2-4.5,351004,CWD,days,days year-1,2021,2050,30,69.0,3049.6666666666665,932.0875593983958,1.2313534350897528,0.2181907046615753,No significant trend,False,2.2273094360616166,0.02592660032412047,Increasing,True,0.15862068965517243,0.05263157894736842,-0.0,0.16666666666666666,0.3056358813198369,98.1560145047436,29,-0.34718205934008156,0.4453653497354508,OK,FACTOR_LT_ONE,False
2021-2050,CanESM5,SSP2-4.5,351005,CWD,days,days year-1,2021,2050,30,61.0,3067.0,1053.8208650755807,1.0834137981871839,0.27862479385293026,No significant trend,False,1.8482803818857043,0.06456179225262462,No significant trend,False,0.14022988505747128,0.05263157894736842,-0.04,0.16666666666666666,0.3435998907973853,87.31085429154128,29,-0.32820005460130736,0.3523870952231869,OK,FACTOR_LT_ONE,True
2021-2050,CanESM5,SSP2-4.5,351006,CWD,days,days year-1,2021,2050,30,82.0,3070.6666666666665,1453.7787035929468,1.4617351201368867,0.14381380927149157,No significant trend,False,2.124397920273725,0.03363688376453219,Increasing,True,0.18850574712643678,0.08695652173913043,-0.0,0.2222222222222222,0.4734407415087756,63.36590278309187,29,-0.2632796292456122,0.4529765302184565,OK,FACTOR_LT_ONE,False
2021-2050,CanESM5,SSP2-4.5,351007,CWD,days,days year-1,2021,2050,30,54.0,3090.0,1161.8801892363222,0.9534471609235297,0.3403635560606667,No significant trend,False,1.554873980999093,0.11997608521457659,No significant trend,False,0.12413793103448276,0.07142857142857142,-0.09090909090909091,0.25,0.37601300622534695,79.78447421582224,29,-0.3119934968873265,0.3503748971601883,OK,FACTOR_LT_ONE,True
2021-2050,CanESM5,SSP2-4.5,351008,CWD,days,days year-1,2021,2050,30,52.0,3097.3333333333335,1006.7748489017861,0.916381267615547,0.35946695686173025,No significant trend,False,1.6073261015901945,0.10798285140140969,No significant trend,False,0.11954022988505747,0.07142857142857142,-0.09090909090909091,0.2631578947368421,0.32504568948615564,92.29471723629106,29,-0.3374771552569222,0.21005473245857748,OK,FACTOR_LT_ONE,True
2021-2050,CanESM5,SSP2-4.5,351009,CWD,days,days year-1,2021,2050,30,33.0,3099.6666666666665,1253.3767718408808,0.5747678688147332,0.5654483000931531,No significant trend,False,0.9038766292698575,0.3660608228465352,No significant trend,False,0.07586206896551724,0.047619047619047616,-0.13043478260869565,0.2222222222222222,0.4043585671064246,74.19157757600865,29,-0.2978207164467877,0.46507831242645864,OK,FACTOR_LT_ONE,True
2021-2050,CanESM5,SSP2-4.5,351010,CWD,days,days year-1,2021,2050,30,93.0,3078.3333333333335,1121.660968493055,1.6581736321208838,0.0972824252764084,No significant trend,False,2.7469896528524718,0.006014503194305042,Increasing,True,0.21379310344827587,0.11764705882352941,-0.0,0.25,0.36437281055540494,82.33325629942505,29,-0.31781359472229753,0.2045081275727297,OK,FACTOR_LT_ONE,False
2021-2050,CanESM5,SSP2-4.5,351011,CWD,days,days year-1,2021,2050,30,65.0,3125.6666666666665,965.1929728819966,1.1447447048896684,0.25231492690430957,No significant trend,False,2.060026932482827,0.03939596616771745,Increasing,True,0.14942528735632185,0.25925925925925924,-0.125,0.625,0.30879587486893356,97.15155687469371,29,-0.3456020625655332,0.2058123479701863,OK,FACTOR_LT_ONE,False
2021-2050,CanESM5,SSP2-4.5,351012,CWD,days,days year-1,2021,2050,30,91.0,3091.6666666666665,1170.5322586364844,1.618624753191488,0.1055280258665567,No significant trend,False,2.6305757726771586,0.00852403652835032,Increasing,True,0.20919540229885059,0.1111111111111111,-0.0,0.23076923076923078,0.37860881680964453,79.23745741791133,29,-0.31069559159517773,0.3329895527420513,OK,FACTOR_LT_ONE,False
2021-2050,CanESM5,SSP2-4.5,351201,CWD,days,days year-1,2021,2050,30,64.0,3103.3333333333335,1189.5137300743922,1.1309055523875777,0.25809484608398126,No significant trend,False,1.8266520130186803,0.06775210762592261,No significant trend,False,0.1471264367816092,0.09090909090909091,-0.07692307692307693,0.23076923076923078,0.3833019538370759,78.26727648967744,29,-0.30834902308146206,0.3686045699139325,OK,FACTOR_LT_ONE,True
2021-2050,CanESM5,SSP2-4.5,351001,R10mm,days,days year-1,2021,2050,30,-64.0,3134.0,636.4427021964132,-1.1253589089260236,0.2604369761386286,No significant trend,False,-2.497243514766325,0.012516297256966931,Decreasing,True,-0.1471264367816092,-0.3333333333333333,-1.0,0.2727272727272727,0.20307680350874702,147.72735970658425,29,-0.3984615982456265,0.21830289860994606,OK,FACTOR_LT_ONE,False
2021-2050,CanESM5,SSP2-4.5,351002,R10mm,days,days year-1,2021,2050,30,-36.0,3132.0,726.046899245921,-0.6253989786553804,0.5317092323064003,No significant trend,False,-1.2989298788533226,0.19396799464557424,No significant trend,False,-0.08275862068965517,-0.1875,-0.6666666666666666,0.36363636363636365,0.23181574049997478,129.41312757838057,29,-0.3840921297500126,0.3432367376303155,OK,FACTOR_LT_ONE,True
2021-2050,CanESM5,SSP2-4.5,351003,R10mm,days,days year-1,2021,2050,30,-38.0,3131.3333333333335,639.1982288976162,-0.6612064379506571,0.5084799331386655,No significant trend,False,-1.4634703990738964,0.14333870760105535,No significant trend,False,-0.08735632183908046,-0.18181818181818182,-0.8,0.3333333333333333,0.20412973032710757,146.96536340848792,29,-0.3979351348364462,0.216530875524604,OK,FACTOR_LT_ONE,True
2021-2050,CanESM5,SSP2-4.5,351004,R10mm,days,days year-1,2021,2050,30,-51.0,3133.6666666666665,689.7539557192837,-0.8931894924472338,0.3717557041362909,No significant trend,False,-1.903806934700089,0.056935333051533615,No significant trend,False,-0.11724137931034483,-0.23076923076923078,-0.7222222222222222,0.35714285714285715,0.2201108251417776,136.29497768079523,29,-0.3899445874291112,0.27293102866191393,OK,FACTOR_LT_ONE,True
2021-2050,CanESM5,SSP2-4.5,351005,R10mm,days,days year-1,2021,2050,30,-48.0,3125.3333333333335,656.0512488537254,-0.8407167225103426,0.400506650059803,No significant trend,False,-1.8349700266774935,0.06651013068693491,No significant trend,False,-0.1103448275862069,-0.25,-0.75,0.35294117647058826,0.2099140088055862,142.9156642317511,29,-0.3950429955972069,0.19956763284396406,OK,FACTOR_LT_ONE,True
2021-2050,CanESM5,SSP2-4.5,351006,R10mm,days,days year-1,2021,2050,30,-55.0,3128.3333333333335,661.1858752268909,-0.965466588003927,0.33431116333156274,No significant trend,False,-2.100061321191262,0.035723447219939655,Decreasing,True,-0.12643678160919541,-0.3333333333333333,-0.875,0.2727272727272727,0.2113540357677861,141.94193118205175,29,-0.39432298211610695,0.25210219164661024,OK,FACTOR_LT_ONE,False
2021-2050,CanESM5,SSP2-4.5,351007,R10mm,days,days year-1,2021,2050,30,-45.0,3133.0,690.9280050675102,-0.7860903755415094,0.4318145423940971,No significant trend,False,-1.6739260902169353,0.09414512589820129,No significant trend,False,-0.10344827586206896,-0.2777777777777778,-0.8695652173913043,0.3333333333333333,0.22053239868097996,136.03443384932166,29,-0.38973380065951,0.28632565434323715,OK,FACTOR_LT_ONE,True
2021-2050,CanESM5,SSP2-4.5,351008,R10mm,days,days year-1,2021,2050,30,-47.0,3127.0,649.0306148546975,-0.8226098226808154,0.4107299109908651,No significant trend,False,-1.8056153584944052,0.07097844196392107,No significant trend,False,-0.10804597701149425,-0.24,-0.8181818181818182,0.3,0.2075569602989119,144.53863631841438,29,-0.39622151985054405,0.2730659625702013,OK,FACTOR_LT_ONE,True
2021-2050,CanESM5,SSP2-4.5,351009,R10mm,days,days year-1,2021,2050,30,-57.0,3137.0,644.591843870422,-0.9998405993454448,0.317387654594787,No significant trend,False,-2.205695839507994,0.027405303426624682,Decreasing,True,-0.1310344827586207,-0.3333333333333333,-0.9090909090909091,0.2857142857142857,0.20548034551176986,145.99936517179745,29,-0.39725982724411507,0.21594907359730248,OK,FACTOR_LT_ONE,False
2021-2050,CanESM5,SSP2-4.5,351010,R10mm,days,days year-1,2021,2050,30,-47.0,3124.3333333333335,693.1030544234483,-0.822960802887796,0.41053028398757785,No significant trend,False,-1.7472655946359785,0.08059127818019987,No significant trend,False,-0.10804597701149425,-0.2222222222222222,-0.8076923076923077,0.3333333333333333,0.2218403033468841,135.2324151535712,29,-0.38907984832655795,0.3154665719342385,OK,FACTOR_LT_ONE,True
2021-2050,CanESM5,SSP2-4.5,351011,R10mm,days,days year-1,2021,2050,30,-53.0,3130.3333333333335,758.2338760046733,-0.929411518910399,0.3526758604777843,No significant trend,False,-1.8884337424106166,0.05896774505391784,No significant trend,False,-0.12183908045977011,-0.3333333333333333,-1.0,0.2857142857142857,0.24222144904845277,123.85360635010878,29,-0.3788892754757736,0.2950224522414187,OK,FACTOR_LT_ONE,True
2021-2050,CanESM5,SSP2-4.5,351012,R10mm,days,days year-1,2021,2050,30,-52.0,3134.0,750.0669362874746,-0.9110048310353525,0.36229282822233655,No significant trend,False,-1.8621735993799886,0.06257862445597699,No significant trend,False,-0.11954022988505747,-0.2857142857142857,-0.875,0.3333333333333333,0.23933214304003658,125.3488128211072,29,-0.3803339284799817,0.21396524067672723,OK,FACTOR_LT_ONE,True
2021-2050,CanESM5,SSP2-4.5,351201,R10mm,days,days year-1,2021,2050,30,-51.0,3135.0,792.2772115064212,-0.8929995329613664,0.3718574227752184,No significant trend,False,-1.7763617872782516,0.07567330521203117,No significant trend,False,-0.11724137931034483,-0.2777777777777778,-0.9166666666666666,0.36363636363636365,0.2527200036703098,118.70845031775568,29,-0.3736399981648451,0.2253628045596161,OK,FACTOR_LT_ONE,True
2021-2050,CanESM5,SSP2-4.5,351001,R20mm,days,days year-1,2021,2050,30,-22.0,3115.3333333333335,594.4206327245923,-0.3762417915736023,0.7067371488457794,No significant trend,False,-0.8613355195248484,0.3890532782321724,No significant trend,False,-0.05057471264367816,-0.047619047619047616,-0.5,0.3157894736842105,0.19080482539843535,157.22872803323773,29,-0.4045975873007823,0.16450748238433255,OK,FACTOR_LT_ONE,True
2021-2050,CanESM5,SSP2-4.5,351002,R20mm,days,days year-1,2021,2050,30,4.0,3118.6666666666665,523.799964737692,0.053720095432441564,0.9571581720785066,No significant trend,False,0.1310806306854547,0.8957115234189815,No significant trend,False,0.009195402298850575,0.0,-0.3076923076923077,0.3,0.1679563803134968,178.61780507536474,29,-0.4160218098432516,0.0756639396444419,OK,FACTOR_LT_ONE,True
2021-2050,CanESM5,SSP2-4.5,351003,R20mm,days,days year-1,2021,2050,30,-4.0,3126.6666666666665,517.572668429479,-0.05365132634673002,0.957212962855555,No significant trend,False,-0.13186683649603514,0.8950896201562994,No significant trend,False,-0.009195402298850575,0.0,-0.3333333333333333,0.3181818181818182,0.1655349685808568,181.2305898698756,29,-0.4172325157095716,0.08946621417479955,OK,FACTOR_LT_ONE,True
2021-2050,CanESM5,SSP2-4.5,351004,R20mm,days,days year-1,2021,2050,30,-14.0,3130.0,575.7403263167596,-0.23236525175602776,0.8162543354267825,No significant trend,False,-0.5417888056897957,0.5879640039042522,No significant trend,False,-0.03218390804597701,-0.05555555555555555,-0.45454545454545453,0.375,0.18394259626733533,163.0943599186733,29,-0.40802870186633233,0.1682326815745113,OK,FACTOR_LT_ONE,True
2021-2050,CanESM5,SSP2-4.5,351005,R20mm,days,days year-1,2021,2050,30,-2.0,3124.6666666666665,666.5076571431878,-0.017889497951999955,0.9857270070951395,No significant trend,False,-0.03873445309774984,0.9691021044120247,No significant trend,False,-0.004597701149425287,0.0,-0.38461538461538464,0.3333333333333333,0.2133052028407898,140.64354549472424,29,-0.3933473985796051,0.1549272789925036,OK,FACTOR_LT_ONE,True
2021-2050,CanESM5,SSP2-4.5,351006,R20mm,days,days year-1,2021,2050,30,-19.0,3129.0,574.6634691390672,-0.3217879103573614,0.7476133737119948,No significant trend,False,-0.7508716544910455,0.4527299007914737,No significant trend,False,-0.04367816091954023,-0.0625,-0.4090909090909091,0.3333333333333333,0.1836572288715459,163.34777663983317,29,-0.40817138556422705,0.21665014443758698,OK,FACTOR_LT_ONE,True
2021-2050,CanESM5,SSP2-4.5,351007,R20mm,days,days year-1,2021,2050,30,3.0,3111.0,477.2311517134824,0.03585749859822395,0.9713959852614227,No significant trend,False,0.09155152928895423,0.9270543636603773,No significant trend,False,0.006896551724137931,0.0,-0.3,0.2857142857142857,0.15340120595097473,195.56560728464976,29,-0.42329939702451264,0.11357603854195077,OK,FACTOR_LT_ONE,True
2021-2050,CanESM5,SSP2-4.5,351008,R20mm,days,days year-1,2021,2050,30,18.0,3125.3333333333335,480.2738621086572,0.304089027290975,0.7610600662098355,No significant trend,False,0.7757190296363659,0.437914901403722,No significant trend,False,0.041379310344827586,0.04,-0.23076923076923078,0.3181818181818182,0.15367124427538092,195.22195021886853,29,-0.42316437786230954,0.04705844001061951,OK,FACTOR_LT_ONE,True
2021-2050,CanESM5,SSP2-4.5,351009,R20mm,days,days year-1,2021,2050,30,9.0,3097.0,431.71533234509815,0.14375381675661894,0.8856948728675906,No significant trend,False,0.3850270577139597,0.7002173688601063,No significant trend,False,0.020689655172413793,0.0,-0.2692307692307692,0.26666666666666666,0.1393979116387143,215.21125852841146,29,-0.43030104418064286,0.0317897264385559,OK,FACTOR_LT_ONE,True
2021-2050,CanESM5,SSP2-4.5,351010,R20mm,days,days year-1,2021,2050,30,7.0,3125.6666666666665,489.4675648602638,0.1073198160834064,0.9145352643696776,No significant trend,False,0.27119975406097196,0.7862374021247067,No significant trend,False,0.016091954022988506,0.0,-0.25,0.3181818181818182,0.15659621356305764,191.57551333717083,29,-0.4217018932184712,0.033767404587799234,OK,FACTOR_LT_ONE,True
2021-2050,CanESM5,SSP2-4.5,351011,R20mm,days,days year-1,2021,2050,30,11.0,3100.3333333333335,288.0439555616091,0.17959564660639718,0.8574700226167387,No significant trend,False,0.5892106890120278,0.5557199476110865,No significant trend,False,0.02528735632183908,0.0,-0.16666666666666666,0.22727272727272727,0.0929074149752529,322.9021064464111,29,-0.45354629251237355,-0.0219530231381478,OK,FACTOR_LT_ONE,True
2021-2050,CanESM5,SSP2-4.5,351012,R20mm,days,days year-1,2021,2050,30,-34.0,3134.0,560.7796998353303,-0.5894737141993457,0.555543540169766,No significant trend,False,-1.3935347338173998,0.1634581492057091,No significant trend,False,-0.07816091954022988,-0.16,-0.6111111111111112,0.3333333333333333,0.17893417352754637,167.6594213870588,29,-0.4105329132362268,0.18777081881801744,OK,FACTOR_LT_ONE,True
2021-2050,CanESM5,SSP2-4.5,351201,R20mm,days,days year-1,2021,2050,30,-32.0,3132.6666666666665,610.4656906013059,-0.5538658658182307,0.5796706472178792,No significant trend,False,-1.2546744768278437,0.2095969547587765,No significant trend,False,-0.0735632183908046,-0.14285714285714285,-0.5555555555555556,0.3333333333333333,0.1948709376254435,153.9480456427127,29,-0.40256453118727825,0.2533739641861718,OK,FACTOR_LT_ONE,True
2021-2050,CanESM5,SSP2-4.5,351001,R50mm,days,days year-1,2021,2050,30,35.0,3071.0,549.0393909786695,0.6135345282773194,0.539522959389629,No significant trend,False,1.4510325840770701,0.14677078716162978,No significant trend,False,0.08045977011494253,0.0,-0.08333333333333333,0.15384615384615385,0.17878195733593927,167.80216777484242,29,-0.41060902133203037,-0.044504152418172904,OK,FACTOR_LT_ONE,True
2021-2050,CanESM5,SSP2-4.5,351002,R50mm,days,days year-1,2021,2050,30,-17.0,2823.6666666666665,465.97630471380387,-0.30110174272743395,0.7633369121555328,No significant trend,False,-0.741204532096909,0.4585694358873701,No significant trend,False,-0.03908045977011494,0.0,-0.05263157894736842,-0.0,0.16502525252525224,181.79035960214262,29,-0.4174873737373739,-0.013257575757575751,OK,FACTOR_LT_ONE,True
2021-2050,CanESM5,SSP2-4.5,351003,R50mm,days,days year-1,2021,2050,30,8.0,3059.3333333333335,228.88163070403056,0.1265565539288281,0.8992913852983706,No significant trend,False,0.46269261787026916,0.6435847104483668,No significant trend,False,0.01839080459770115,0.0,-0.09523809523809523,0.1111111111111111,0.07481421792461229,400.99329822882015,29,-0.46259289103769385,-0.1423314531291969,OK,FACTOR_LT_ONE,True
2021-2050,CanESM5,SSP2-4.5,351004,R50mm,days,days year-1,2021,2050,30,11.0,3044.3333333333335,197.27279999999925,0.18123993532731963,0.8561792497623157,No significant trend,False,0.7119777071764404,0.47647858072504423,No significant trend,False,0.02528735632183908,0.0,-0.1,0.11764705882352941,0.06479999999999975,462.96296296296475,29,-0.4676000000000001,-0.2,OK,FACTOR_LT_ONE,True
2021-2050,CanESM5,SSP2-4.5,351005,R50mm,days,days year-1,2021,2050,30,2.0,3042.0,264.41853932584104,0.018130943107347374,0.985534392975341,No significant trend,False,0.06149701684083989,0.9509633901277319,No significant trend,False,0.004597701149425287,0.0,-0.1,0.10526315789473684,0.08692259675405689,345.1346499102355,29,-0.45653870162297155,-0.12502340823970043,OK,FACTOR_LT_ONE,True
2021-2050,CanESM5,SSP2-4.5,351006,R50mm,days,days year-1,2021,2050,30,28.0,3039.3333333333335,222.93020212225065,0.4897501724455,0.6243106938124909,No significant trend,False,1.808336753792148,0.07055410489321623,No significant trend,False,0.06436781609195402,0.0,-0.08333333333333333,0.1111111111111111,0.07334838850260494,409.00694088097873,29,-0.46332580574869753,-0.07435074582516196,OK,FACTOR_LT_ONE,True
2021-2050,CanESM5,SSP2-4.5,351007,R50mm,days,days year-1,2021,2050,30,1.0,2746.3333333333335,345.3734087380774,0.0,1.0,No significant trend,False,0.0,1.0,No significant trend,False,0.0022988505747126436,0.0,-0.0,-0.0,0.1257580077939352,238.55339732446666,29,-0.4371209961030324,-0.07701739378386091,OK,FACTOR_LT_ONE,True
2021-2050,CanESM5,SSP2-4.5,351008,R50mm,days,days year-1,2021,2050,30,-20.0,2644.6666666666665,480.5899641577094,-0.36946059919625707,0.7117844362136914,No significant trend,False,-0.8666949223812529,0.3861091882810115,No significant trend,False,-0.04597701149425287,0.0,-0.0,-0.0,0.18172043010752814,165.08875739644856,29,-0.40913978494623593,-0.049999999999999954,OK,FACTOR_LT_ONE,True
2021-2050,CanESM5,SSP2-4.5,351009,R50mm,days,days year-1,2021,2050,30,-23.0,2591.6666666666665,414.52619692863567,-0.4321485989512898,0.6656334148521919,No significant trend,False,-1.0805545336349178,0.27989531641249177,No significant trend,False,-0.052873563218390804,0.0,-0.0,-0.0,0.15994579945799448,187.56353778380222,29,-0.42002710027100276,-0.02520325203252031,OK,FACTOR_LT_ONE,True
2021-2050,CanESM5,SSP2-4.5,351010,R50mm,days,days year-1,2021,2050,30,5.0,2754.3333333333335,394.5715203426148,0.07621698103435379,0.9392464730729628,No significant trend,False,0.20137109132012695,0.8404084179808006,No significant trend,False,0.011494252873563218,0.0,-0.0,-0.0,0.1432548179871529,209.41704035874315,29,-0.42837259100642355,0.016916488222698117,OK,FACTOR_LT_ONE,True
2021-2050,CanESM5,SSP2-4.5,351011,R50mm,days,days year-1,2021,2050,30,47.0,1079.6666666666667,268.1334334334339,1.3999514833034683,0.1615278475249876,No significant trend,False,2.809197977124336,0.004966509469471837,Increasing,True,0.10804597701149425,0.0,-0.0,-0.0,0.24834834834834874,120.79806529625132,29,-0.37582582582582563,-0.13963963963963966,OK,FACTOR_LT_ONE,False
2021-2050,CanESM5,SSP2-4.5,351012,R50mm,days,days year-1,2021,2050,30,0.0,3077.3333333333335,609.5138772077363,0.0,1.0,No significant trend,False,0.0,1.0,No significant trend,False,0.0,0.0,-0.2,0.1111111111111111,0.1980656013456682,151.46496815286656,29,-0.4009671993271659,0.00838239416876929,OK,FACTOR_LT_ONE,True
2021-2050,CanESM5,SSP2-4.5,351201,R50mm,days,days year-1,2021,2050,30,-5.0,3080.3333333333335,411.33315480632666,-0.0720710971700116,0.9425453275101875,No significant trend,False,-0.19722553058180814,0.8436510524638094,No significant trend,False,-0.011494252873563218,0.0,-0.16666666666666666,0.125,0.1335352737170198,224.65974094286324,29,-0.4332323631414901,-0.01230080337152639,OK,FACTOR_LT_ONE,True
2021-2050,CanESM5,SSP2-4.5,351001,R95p,mm,mm year-1,2021,2050,30,31.0,3125.0,359.4143519483558,0.5366563145999496,0.5915050369949164,No significant trend,False,1.582426499821137,0.11355223912944296,No significant trend,False,0.07126436781609195,2.052727272727274,-8.70142857142857,12.967692307692309,0.11501259262347385,260.84100284751827,29,-0.4424937036882631,-0.07159373513035494,OK,FACTOR_LT_ONE,True
2021-2050,CanESM5,SSP2-4.5,351002,R95p,mm,mm year-1,2021,2050,30,5.0,3076.3333333333335,347.3520694620918,0.07211793714278761,0.942508051618021,No significant trend,False,0.21462239948933165,0.8300617286034543,No significant trend,False,0.011494252873563218,0.0,-5.417999999999999,5.315294117647059,0.11291106386242011,265.6958403700314,29,-0.44354446806878994,-0.11754664982817392,OK,FACTOR_LT_ONE,True
2021-2050,CanESM5,SSP2-4.5,351003,R95p,mm,mm year-1,2021,2050,30,31.0,3133.0,337.1087494945358,0.5359707105964837,0.5919787931497915,No significant trend,False,1.633940518054155,0.10227134089312234,No significant trend,False,0.07126436781609195,2.8673333333333333,-9.734347826086957,14.026,0.10759934551373629,278.8121048205647,29,-0.44620032724313186,-0.10443149378604132,OK,FACTOR_LT_ONE,True
2021-2050,CanESM5,SSP2-4.5,351004,R95p,mm,mm year-1,2021,2050,30,31.0,3133.0,340.7731535234291,0.5359707105964837,0.5919787931497915,No significant trend,False,1.6251317235982539,0.10413449462615093,No significant trend,False,0.07126436781609195,2.8533333333333335,-9.960434782608692,11.587499999999999,0.10876896058839103,275.8139807323112,29,-0.4456155197058045,-0.09475797234694834,OK,FACTOR_LT_ONE,True
2021-2050,CanESM5,SSP2-4.5,351005,R95p,mm,mm year-1,2021,2050,30,15.0,3125.0,352.77776374419807,0.25043961347997645,0.8022473982934416,No significant trend,False,0.7453794827352179,0.4560423435873504,No significant trend,False,0.034482758620689655,0.6200000000000003,-9.520909090909091,10.761500000000002,0.11288888439814337,265.7480420675802,29,-0.4435555578009283,0.051881267630419045,OK,FACTOR_LT_ONE,True
2021-2050,CanESM5,SSP2-4.5,351006,R95p,mm,mm year-1,2021,2050,30,-9.0,3141.6666666666665,432.8620781410306,-0.14272824802801262,0.8865048064138312,No significant trend,False,-0.38451670927263104,0.7005955138327741,No significant trend,False,-0.020689655172413793,-1.301851851851851,-16.5423076923077,15.211363636363641,0.1377810328300363,217.73679136958825,29,-0.43110948358498186,0.07468564021898287,OK,FACTOR_LT_ONE,True
2021-2050,CanESM5,SSP2-4.5,351007,R95p,mm,mm year-1,2021,2050,30,11.0,3141.6666666666665,418.30818745206034,0.17841031003501578,0.8584007529637274,No significant trend,False,0.4889357773899248,0.6248871653269502,No significant trend,False,0.02528735632183908,1.1923529411764762,-10.871250000000003,12.039333333333332,0.1331484946797009,225.3123482332064,29,-0.43342575266014954,-0.003406055155718087,OK,FACTOR_LT_ONE,True
2021-2050,CanESM5,SSP2-4.5,351008,R95p,mm,mm year-1,2021,2050,30,21.0,3141.6666666666665,419.9849731690631,0.35682062007003157,0.7212260985001633,No significant trend,False,0.9759175313758259,0.32910533361854166,No significant trend,False,0.04827586206896552,1.5796296296296288,-9.604999999999997,11.765714285714287,0.13368221957635962,224.41279098350043,29,-0.4331588902118202,0.006117294768940128,OK,FACTOR_LT_ONE,True
2021-2050,CanESM5,SSP2-4.5,351009,R95p,mm,mm year-1,2021,2050,30,-15.0,3141.6666666666665,456.2973745934619,-0.24977443404902208,0.802761791874143,No significant trend,False,-0.6553963987290233,0.5122125695371261,No significant trend,False,-0.034482758620689655,-1.3305263157894662,-13.039999999999997,10.805555555555555,0.1452405436371762,206.55389499878677,29,-0.4273797281814119,0.13021506427349827,OK,FACTOR_LT_ONE,True
2021-2050,CanESM5,SSP2-4.5,351010,R95p,mm,mm year-1,2021,2050,30,7.0,3141.6666666666665,474.5747292173104,0.10704618602100947,0.9147523390847367,No significant trend,False,0.27542220195387596,0.7829918887453975,No significant trend,False,0.016091954022988506,0.48249999999999815,-13.661666666666667,13.57,0.15105826924688925,198.59885956304765,29,-0.4244708653765554,0.10719200870734166,OK,FACTOR_LT_ONE,True
2021-2050,CanESM5,SSP2-4.5,351011,R95p,mm,mm year-1,2021,2050,30,56.0,1884.0,440.7999494215622,1.2671331133562513,0.20510769711997878,No significant trend,False,2.6196418597677873,0.00880221540791149,Increasing,True,0.12873563218390804,0.0,-0.0,-0.0,0.233970249162188,128.2214303204166,29,-0.383014875418906,0.009208624405524743,OK,FACTOR_LT_ONE,False
2021-2050,CanESM5,SSP2-4.5,351012,R95p,mm,mm year-1,2021,2050,30,2.0,3140.6666666666665,595.7664651248201,0.01784387110290725,0.9857634062434827,No significant trend,False,0.04096962352037887,0.9673201124401187,No significant trend,False,0.004597701149425287,0.17571428571428696,-14.631250000000023,9.593333333333334,0.18969426824182345,158.14921704305695,29,-0.4051528658790883,0.08956491813114797,OK,FACTOR_LT_ONE,True
2021-2050,CanESM5,SSP2-4.5,351201,R95p,mm,mm year-1,2021,2050,30,-8.0,3140.6666666666665,492.476532221128,-0.12490709772035075,0.9005970992136977,No significant trend,False,-0.3154316516394362,0.7524339379879827,No significant trend,False,-0.01839080459770115,-1.0407142857142853,-17.57125,12.432105263157892,0.15680636772058842,191.31876106878948,29,-0.4215968161397058,-0.0036526738283053357,OK,FACTOR_LT_ONE,True
2021-2050,CanESM5,SSP2-4.5,351001,R99p,mm,mm year-1,2021,2050,30,11.0,2648.3333333333335,693.5215978632061,0.1943182884624164,0.845926666438365,No significant trend,False,0.3797257116729803,0.7041490321136634,No significant trend,False,0.02528735632183908,0.0,-0.0,-0.0,0.2618709620628846,114.56023899586057,29,-0.3690645189685577,-0.07191940609536299,OK,FACTOR_LT_ONE,True
2021-2050,CanESM5,SSP2-4.5,351002,R99p,mm,mm year-1,2021,2050,30,-2.0,1708.0,134.8119093661672,-0.024196695924791362,0.9806957136301112,No significant trend,False,-0.08612631584103102,0.931366004329941,No significant trend,False,-0.004597701149425287,0.0,-0.0,-0.0,0.07892968932445388,380.0851144450843,29,-0.46053515533777306,-0.10253926874499239,OK,FACTOR_LT_ONE,True
2021-2050,CanESM5,SSP2-4.5,351003,R99p,mm,mm year-1,2021,2050,30,3.0,2929.0,588.4975615445633,0.03695475350695748,0.9705210825471596,No significant trend,False,0.08244373560004178,0.9342938584206874,No significant trend,False,0.006896551724137931,0.0,-4.775333333333333,4.963333333333342,0.20092098379807555,149.3124283631312,29,-0.3995395081009622,0.043906250265709844,OK,FACTOR_LT_ONE,True
2021-2050,CanESM5,SSP2-4.5,351004,R99p,mm,mm year-1,2021,2050,30,34.0,2733.3333333333335,942.9389557394713,0.6312009459327049,0.527909143551872,No significant trend,False,1.074662639117353,0.2825257964246056,No significant trend,False,0.07816091954022988,0.0,-0.0,5.192916666666668,0.3449776667339529,86.96215115610956,29,-0.32751116663302354,0.004520446969891624,OK,FACTOR_LT_ONE,True
2021-2050,CanESM5,SSP2-4.5,351005,R99p,mm,mm year-1,2021,2050,30,0.0,2808.0,329.0044557449155,0.0,1.0,No significant trend,False,0.0,1.0,No significant trend,False,0.0,0.0,-1.1271428571428572,1.5862499999999997,0.117166828968987,256.04516452297884,29,-0.4414165855155065,0.08749688949077614,OK,FACTOR_LT_ONE,True
2021-2050,CanESM5,SSP2-4.5,351006,R99p,mm,mm year-1,2021,2050,30,27.0,3133.0,380.708802980758,0.4645079491836192,0.642283865620529,No significant trend,False,1.332529672215541,0.18268619775286077,No significant trend,False,0.06206896551724138,3.027500000000002,-9.158333333333333,13.109473684210528,0.12151573666797255,246.88160416598114,29,-0.4392421316660137,-0.033464762362197045,OK,FACTOR_LT_ONE,True
2021-2050,CanESM5,SSP2-4.5,351007,R99p,mm,mm year-1,2021,2050,30,24.0,3113.3333333333335,425.8896268943283,0.4122066798283052,0.6801879415130156,No significant trend,False,1.1144980291582733,0.2650655894857036,No significant trend,False,0.05517241379310345,0.6359090909090939,-4.813,6.721249999999998,0.13679538337076924,219.30564658522292,29,-0.4316023083146154,-0.003530302561123557,OK,FACTOR_LT_ONE,True
2021-2050,CanESM5,SSP2-4.5,351008,R99p,mm,mm year-1,2021,2050,30,35.0,3076.3333333333335,348.75587441564454,0.6130024657136948,0.5398747093553417,No significant trend,False,1.8206151455050812,0.06866537893251815,No significant trend,False,0.08045977011494253,0.20066666666666652,-3.3653846153846154,4.403333333333333,0.11336738793443857,264.62636695263086,29,-0.4433163060327807,-0.10673931964412647,OK,FACTOR_LT_ONE,True
2021-2050,CanESM5,SSP2-4.5,351009,R99p,mm,mm year-1,2021,2050,30,15.0,3141.6666666666665,383.4085042934231,0.24977443404902208,0.802761791874143,No significant trend,False,0.7149853856156981,0.47461807377883625,No significant trend,False,0.034482758620689655,0.9243749999999995,-9.157826086956522,10.470769230769228,0.1220398422154132,245.8213601017841,29,-0.4389800788922934,0.007061344612990238,OK,FACTOR_LT_ONE,True
2021-2050,CanESM5,SSP2-4.5,351010,R99p,mm,mm year-1,2021,2050,30,33.0,3141.6666666666665,417.5673750342754,0.5709129921120505,0.568058623631595,No significant trend,False,1.5659817576654793,0.11735288790715404,No significant trend,False,0.07586206896551724,3.1492592592592623,-9.314615384615381,12.900555555555563,0.13291269231860225,225.7120781820266,29,-0.4335436538406989,-0.08118442831744563,OK,FACTOR_LT_ONE,True
2021-2050,CanESM5,SSP2-4.5,351011,R99p,mm,mm year-1,2021,2050,30,0.0,0.0,0.0,0.0,1.0,No significant trend,False,0.0,1.0,No significant trend,False,0.0,0.0,-0.0,-0.0,1.0,30.0,29,0.0,0.0,NO_VARIATION,ZERO_VARIANCE_RESIDUALS,True
2021-2050,CanESM5,SSP2-4.5,351012,R99p,mm,mm year-1,2021,2050,30,-11.0,2552.3333333333335,271.06279549025595,-0.1979389689896639,0.8430928144812551,No significant trend,False,-0.6073863722275,0.5435945302517693,No significant trend,False,-0.02528735632183908,0.0,-0.0,-0.0,0.10620195722486192,282.48066969689506,29,-0.44689902138756904,-0.0006629268862343335,OK,FACTOR_LT_ONE,True
2021-2050,CanESM5,SSP2-4.5,351201,R99p,mm,mm year-1,2021,2050,30,-21.0,2873.0,1415.71958025754,-0.3731317308251277,0.7090504035035854,No significant trend,False,-0.5315466388877463,0.5950400310474033,No significant trend,False,-0.04827586206896552,0.0,-7.246190476190477,1.5,0.49276699626089104,60.88070067118856,29,-0.2536165018695545,0.05200284811631582,OK,FACTOR_LT_ONE,True
2021-2050,CanESM5,SSP5-8.5,351001,PRCPTOT,mm,mm year-1,2021,2050,30,-21.0,3141.6666666666665,285.70612666882187,-0.35682062007003157,0.7212260985001633,No significant trend,False,-1.1832328513291377,0.2367168767211425,No significant trend,False,-0.04827586206896552,-3.5219999999999936,-16.06916666666666,11.82529411764707,0.09094094217575233,329.88442039694337,29,-0.45452952891212384,-0.017656575353968727,OK,FACTOR_LT_ONE,True
2021-2050,CanESM5,SSP5-8.5,351002,PRCPTOT,mm,mm year-1,2021,2050,30,-15.0,3141.6666666666665,321.7796547336,-0.24977443404902208,0.802761791874143,No significant trend,False,-0.7804565773296515,0.43512217702021394,No significant trend,False,-0.034482758620689655,-1.6778571428571436,-11.231428571428571,9.95315789473684,0.10242323227594696,292.9022970020561,29,-0.4487883838620265,0.010747453410540907,OK,FACTOR_LT_ONE,True
2021-2050,CanESM5,SSP5-8.5,351003,PRCPTOT,mm,mm year-1,2021,2050,30,-15.0,3141.6666666666665,268.00702586626153,-0.24977443404902208,0.802761791874143,No significant trend,False,-0.8551749009696843,0.39245432893854026,No significant trend,False,-0.034482758620689655,-2.530000000000006,-16.258888888888887,11.951874999999987,0.08530727613780209,351.66988512842863,29,-0.45734636193109895,-0.07446595863330235,OK,FACTOR_LT_ONE,True
2021-2050,CanESM5,SSP5-8.5,351004,PRCPTOT,mm,mm year-1,2021,2050,30,-31.0,3141.6666666666665,296.27237408677263,-0.5352309301050473,0.5924901808547871,No significant trend,False,-1.7429128663899767,0.08134883622499842,No significant trend,False,-0.07126436781609195,-3.6259999999999764,-17.380666666666666,11.531111111111104,0.09430420395334937,318.1194341541812,29,-0.4528478980233253,0.013205821356009685,OK,FACTOR_LT_ONE,True
2021-2050,CanESM5,SSP5-8.5,351005,PRCPTOT,mm,mm year-1,2021,2050,30,-23.0,3141.6666666666665,348.8923207682944,-0.3925026820770347,0.6946868300138667,No significant trend,False,-1.1778147140795028,0.23887048133654276,No significant trend,False,-0.052873563218390804,-2.3523076923076953,-15.579230769230758,10.665714285714289,0.1110532585999876,270.1406548371499,29,-0.4444733707000062,0.02566598742186153,OK,FACTOR_LT_ONE,True
2021-2050,CanESM5,SSP5-8.5,351006,PRCPTOT,mm,mm year-1,2021,2050,30,-11.0,3141.6666666666665,324.36367659498643,-0.17841031003501578,0.8584007529637274,No significant trend,False,-0.5552440237293101,0.5787277606012107,No significant trend,False,-0.02528735632183908,-2.019999999999982,-15.719411764705917,13.017999999999992,0.10324573260317871,290.56891014860565,29,-0.44837713369841065,-0.0383691235155901,OK,FACTOR_LT_ONE,True
2021-2050,CanESM5,SSP5-8.5,351007,PRCPTOT,mm,mm year-1,2021,2050,30,-15.0,3141.6666666666665,264.6168283961148,-0.24977443404902208,0.802761791874143,No significant trend,False,-0.8606355983135022,0.3894387732809296,No significant trend,False,-0.034482758620689655,-1.7983333333333462,-11.192500000000052,11.56962962962962,0.08422816818974477,356.17538223575735,29,-0.4578859159051276,-0.01971599716303026,OK,FACTOR_LT_ONE,True
2021-2050,CanESM5,SSP5-8.5,351008,PRCPTOT,mm,mm year-1,2021,2050,30,-19.0,3141.6666666666665,250.39493839485232,-0.3211385580630284,0.7481053914270006,No significant trend,False,-1.1375218101579438,0.2553202123491499,No significant trend,False,-0.04367816091954023,-2.2392307692307614,-11.624999999999991,10.858,0.07970130665088138,376.4053722658541,29,-0.4601493466745593,-0.004999437753453345,OK,FACTOR_LT_ONE,True
2021-2050,CanESM5,SSP5-8.5,351009,PRCPTOT,mm,mm year-1,2021,2050,30,-13.0,3141.6666666666665,271.8431159235443,-0.21409237204201895,0.8304750241244809,No significant trend,False,-0.7278168003588019,0.466725738822653,No significant trend,False,-0.029885057471264367,-1.681600000000003,-11.394615384615385,11.566999999999997,0.08652831276080986,346.70732668657223,29,-0.45673584361959507,-0.011549018220660734,OK,FACTOR_LT_ONE,True
2021-2050,CanESM5,SSP5-8.5,351010,PRCPTOT,mm,mm year-1,2021,2050,30,-11.0,3141.6666666666665,276.0906158870544,-0.17841031003501578,0.8584007529637274,No significant trend,False,-0.601830477517493,0.5472869855589158,No significant trend,False,-0.02528735632183908,-1.3703999999999952,-12.579473684210537,11.784814814814817,0.08788030213911546,341.37342805797,29,-0.45605984893044227,-0.01856439204797204,OK,FACTOR_LT_ONE,True
2021-2050,CanESM5,SSP5-8.5,351011,PRCPTOT,mm,mm year-1,2021,2050,30,-25.0,3141.6666666666665,245.7511418260693,-0.4281847440840379,0.6685166224807093,No significant trend,False,-1.5309586804269797,0.12577960498345475,No significant trend,False,-0.05747126436781609,-3.2133333333332907,-9.598500000000012,7.770000000000039,0.07822317511705124,383.5180552963842,29,-0.4608884124414744,0.028542900687976686,OK,FACTOR_LT_ONE,True
2021-2050,CanESM5,SSP5-8.5,351012,PRCPTOT,mm,mm year-1,2021,2050,30,-7.0,3141.6666666666665,298.99187795500524,-0.10704618602100947,0.9147523390847367,No significant trend,False,-0.34699367208502324,0.7285960727222427,No significant trend,False,-0.016091954022988506,-0.9400000000000167,-16.811500000000002,19.819999999999997,0.09516982852679212,315.2259541116482,29,-0.45241508573660394,-0.01902958948482312,OK,FACTOR_LT_ONE,True
2021-2050,CanESM5,SSP5-8.5,351201,PRCPTOT,mm,mm year-1,2021,2050,30,-15.0,3141.6666666666665,287.65719426449255,-0.24977443404902208,0.802761791874143,No significant trend,False,-0.8254493228715775,0.40911654250814,No significant trend,False,-0.034482758620689655,-1.689999999999972,-19.360000000000035,18.640833333333358,0.09156197164917534,327.646941843352,29,-0.45421901417541233,-0.012745997942869581,OK,FACTOR_LT_ONE,True
2021-2050,CanESM5,SSP5-8.5,351001,SDII,mm day-1,mm day-1 year-1,2021,2050,30,-71.0,3141.6666666666665,545.0747741983267,-1.2488721702451104,0.21171183194124243,No significant trend,False,-2.9982648836846875,0.002715215697978806,Decreasing,True,-0.1632183908045977,-0.0744806708213001,-0.1817286109639051,0.035066770894404374,0.1734986018668414,172.91205621947736,29,-0.4132506990665793,0.04462431068647259,OK,FACTOR_LT_ONE,False
2021-2050,CanESM5,SSP5-8.5,351002,SDII,mm day-1,mm day-1 year-1,2021,2050,30,-77.0,3141.6666666666665,656.8361985429312,-1.35591835626612,0.17512514633807796,No significant trend,False,-2.9654120829256714,0.0030227772984953737,Decreasing,True,-0.17701149425287357,-0.04755752753977959,-0.11845539215686281,0.017781167851755927,0.20907253004019033,143.4908736897815,29,-0.39546373497990484,0.13111649594577107,OK,FACTOR_LT_ONE,False
2021-2050,CanESM5,SSP5-8.5,351003,SDII,mm day-1,mm day-1 year-1,2021,2050,30,-61.0,3141.6666666666665,503.5255225400523,-1.0704618602100946,0.2844114676220474,No significant trend,False,-2.6738713381871957,0.007498121235866164,Decreasing,True,-0.14022988505747128,-0.04615579710144916,-0.16438356164383555,0.039568969371786264,0.16027337587481771,187.18018408392197,29,-0.41986331206259114,-0.0325368386153267,OK,FACTOR_LT_ONE,False
2021-2050,CanESM5,SSP5-8.5,351004,SDII,mm day-1,mm day-1 year-1,2021,2050,30,-77.0,3141.6666666666665,678.9244427586198,-1.35591835626612,0.17512514633807796,No significant trend,False,-2.916774604341594,0.0035367124674378055,Decreasing,True,-0.17701149425287357,-0.08243877551020384,-0.20280996621621633,0.027051785819013574,0.21610327090460046,138.8225170050462,29,-0.39194836454769977,0.020217862099665796,OK,FACTOR_LT_ONE,False
2021-2050,CanESM5,SSP5-8.5,351005,SDII,mm day-1,mm day-1 year-1,2021,2050,30,-95.0,3141.6666666666665,606.1684991861274,-1.6770569143291483,0.09353135296636007,No significant trend,False,-3.8179582218599237,0.00013456070502117326,Decreasing,True,-0.21839080459770116,-0.0776571428571429,-0.18820249597423508,0.006688213747037169,0.1929448803775472,155.48482002371424,29,-0.4035275598112264,0.09857242482652122,OK,FACTOR_LT_ONE,False
2021-2050,CanESM5,SSP5-8.5,351006,SDII,mm day-1,mm day-1 year-1,2021,2050,30,-91.0,3141.6666666666665,594.1350848343806,-1.605692790315142,0.10834142617557846,No significant trend,False,-3.692324907204581,0.00022221332363905506,Decreasing,True,-0.20919540229885059,-0.07346325148870222,-0.17887622424856486,0.01989265572929999,0.1891146158624023,158.63395784188182,29,-0.40544269206879885,0.043090451019384635,OK,FACTOR_LT_ONE,False
2021-2050,CanESM5,SSP5-8.5,351007,SDII,mm day-1,mm day-1 year-1,2021,2050,30,-55.0,3141.6666666666665,600.3342914875116,-0.9634156741890852,0.3353389634847318,No significant trend,False,-2.2039268923326074,0.027529485944726657,Decreasing,True,-0.12643678160919541,-0.0297805386984491,-0.09270147465193919,0.02936383061383043,0.191087838139261,156.99586269920852,29,-0.4044560809303695,0.08610653996581304,OK,FACTOR_LT_ONE,False
2021-2050,CanESM5,SSP5-8.5,351008,SDII,mm day-1,mm day-1 year-1,2021,2050,30,-59.0,3141.6666666666665,646.6969055226607,-1.0347797982030915,0.3007717594347785,No significant trend,False,-2.2807495725788596,0.0225632699210222,Decreasing,True,-0.135632183908046,-0.03273917259211375,-0.08833736640451681,0.029989519702958413,0.2058451688666294,145.7406076867294,29,-0.3970774155666853,0.11595201990518549,OK,FACTOR_LT_ONE,False
2021-2050,CanESM5,SSP5-8.5,351009,SDII,mm day-1,mm day-1 year-1,2021,2050,30,-65.0,3141.6666666666665,593.3640478788795,-1.141825984224101,0.2535263593015791,No significant trend,False,-2.627358644059738,0.008605058584220584,Decreasing,True,-0.14942528735632185,-0.03021084337349391,-0.0858227848101268,0.02903943032015081,0.18886919295879456,158.8400920765573,29,-0.4055654035206027,0.11111119139845196,OK,FACTOR_LT_ONE,False
2021-2050,CanESM5,SSP5-8.5,351010,SDII,mm day-1,mm day-1 year-1,2021,2050,30,-75.0,3141.6666666666665,567.286236272466,-1.3202362942591168,0.18675613776082567,No significant trend,False,-3.1069237603800013,0.0018904514619996972,Decreasing,True,-0.1724137931034483,-0.040735843329770205,-0.1044938825044579,0.023984593837535022,0.18056856326975046,166.14187684033988,29,-0.40971571836512477,0.012279847382118462,OK,FACTOR_LT_ONE,False
2021-2050,CanESM5,SSP5-8.5,351011,SDII,mm day-1,mm day-1 year-1,2021,2050,30,-37.0,3141.6666666666665,333.9857889077576,-0.6422771161260568,0.5206932698330874,No significant trend,False,-1.9698742663210687,0.04885278237759847,Decreasing,True,-0.08505747126436781,-0.010353745026812078,-0.04644705960133533,0.026523269601304245,0.10630847392289366,282.19763573841936,29,-0.44684576303855317,0.05716341082138746,OK,FACTOR_LT_ONE,False
2021-2050,CanESM5,SSP5-8.5,351012,SDII,mm day-1,mm day-1 year-1,2021,2050,30,-53.0,3141.6666666666665,637.4169585692259,-0.9277336121820821,0.353545768449924,No significant trend,False,-2.0596410392808657,0.039432869848456766,Decreasing,True,-0.12183908045977011,-0.05530129672006096,-0.15458482142857166,0.04730776045357876,0.20289133959763161,147.86239796876077,29,-0.3985543302011842,0.06785352875589612,OK,FACTOR_LT_ONE,False
2021-2050,CanESM5,SSP5-8.5,351201,SDII,mm day-1,mm day-1 year-1,2021,2050,30,-63.0,3141.6666666666665,651.6747365177315,-1.106143922217098,0.2686642304239092,No significant trend,False,-2.428713277083751,0.015152510109132641,Decreasing,True,-0.14482758620689656,-0.054290657439446624,-0.15757255090588426,0.048945640756302256,0.2074296243557766,144.62736503125979,29,-0.3962851878221117,0.11454685476093782,OK,FACTOR_LT_ONE,False
2021-2050,CanESM5,SSP5-8.5,351001,Rx1day,mm,mm year-1,2021,2050,30,-37.0,3141.6666666666665,360.95216473015887,-0.6422771161260568,0.5206932698330874,No significant trend,False,-1.894862388166917,0.058110635223323104,No significant trend,False,-0.08505747126436781,-0.6444444444444442,-2.2699999999999996,1.288333333333334,0.1148919357231275,261.114932141935,29,-0.44255403213843625,-0.1008119650355906,OK,FACTOR_LT_ONE,True
2021-2050,CanESM5,SSP5-8.5,351002,Rx1day,mm,mm year-1,2021,2050,30,-49.0,3141.6666666666665,595.6596860914512,-0.8563694881680758,0.3917934361895805,No significant trend,False,-1.9667181840122334,0.04921570933218484,Decreasing,True,-0.11264367816091954,-0.37153846153846143,-1.236,0.5869230769230771,0.18959990008215954,158.22793148625112,29,-0.4052000499589202,-0.2059523662281843,OK,FACTOR_LT_ONE,False
2021-2050,CanESM5,SSP5-8.5,351003,Rx1day,mm,mm year-1,2021,2050,30,-63.0,3141.6666666666665,452.9148474442946,-1.106143922217098,0.2686642304239092,No significant trend,False,-2.9132879366916344,0.003576446597671283,Decreasing,True,-0.14482758620689656,-0.6500000000000009,-2.0705,0.6481250000000003,0.14416387717059775,208.09651203053593,29,-0.4279180614147011,-0.1413979699585268,OK,FACTOR_LT_ONE,False
2021-2050,CanESM5,SSP5-8.5,351004,Rx1day,mm,mm year-1,2021,2050,30,-65.0,3141.6666666666665,430.04740397979293,-1.141825984224101,0.2535263593015791,No significant trend,False,-3.086183953320917,0.0020274335062929237,Decreasing,True,-0.14942528735632185,-0.8225000000000001,-2.4008333333333334,0.8053846153846153,0.13688511532513303,219.16188570790354,29,-0.4315574423374335,-0.08887316892954852,OK,FACTOR_LT_ONE,False
2021-2050,CanESM5,SSP5-8.5,351005,Rx1day,mm,mm year-1,2021,2050,30,-55.0,3141.6666666666665,430.37850407219577,-0.9634156741890852,0.3353389634847318,No significant trend,False,-2.602965871735696,0.009242115329865193,Decreasing,True,-0.12643678160919541,-0.540952380952381,-2.063,0.5989473684210523,0.13699050527496948,218.99327942315077,29,-0.43150474736251526,-0.18499966445785404,OK,FACTOR_LT_ONE,False
2021-2050,CanESM5,SSP5-8.5,351006,Rx1day,mm,mm year-1,2021,2050,30,-67.0,3141.6666666666665,277.1275482417214,-1.177508046231104,0.2389927879015219,No significant trend,False,-3.9646429890482024,7.350587510449453e-05,Decreasing,True,-0.15402298850574714,-0.8969999999999999,-2.3833333333333333,0.5213333333333333,0.08821036018304129,340.0961059193996,29,-0.45589481990847935,-0.3841878167796662,OK,FACTOR_LT_ONE,False
2021-2050,CanESM5,SSP5-8.5,351007,Rx1day,mm,mm year-1,2021,2050,30,-55.0,3141.6666666666665,424.1490017854439,-0.9634156741890852,0.3353389634847318,No significant trend,False,-2.622011156163851,0.00874125695463059,Decreasing,True,-0.12643678160919541,-0.42500000000000004,-1.3512499999999998,0.4666666666666665,0.13500763982560549,222.20964708924728,29,-0.43249618008719726,-0.15454939252061278,OK,FACTOR_LT_ONE,False
2021-2050,CanESM5,SSP5-8.5,351008,Rx1day,mm,mm year-1,2021,2050,30,-63.0,3141.6666666666665,409.46122108188604,-1.106143922217098,0.2686642304239092,No significant trend,False,-3.0639755888067266,0.002184167316748848,Decreasing,True,-0.14482758620689656,-0.4154166666666666,-1.4356250000000004,0.43625000000000025,0.13033248416399557,230.18052784332272,29,-0.4348337579180022,-0.10794651278338156,OK,FACTOR_LT_ONE,False
2021-2050,CanESM5,SSP5-8.5,351009,Rx1day,mm,mm year-1,2021,2050,30,-57.0,3141.6666666666665,500.9663674166757,-0.9990977361960883,0.31774734769908775,No significant trend,False,-2.5019794704914466,0.012350108609632978,Decreasing,True,-0.1310344827586207,-0.325,-1.3584615384615388,0.41050000000000003,0.15945879068965807,188.13638226058424,29,-0.42027060465517097,-0.12241940121802752,OK,FACTOR_LT_ONE,False
2021-2050,CanESM5,SSP5-8.5,351010,Rx1day,mm,mm year-1,2021,2050,30,-41.0,3141.6666666666665,406.2303042815835,-0.7136412401400631,0.4754490495282657,No significant trend,False,-1.9846038625628715,0.04718856227113639,Decreasing,True,-0.09425287356321839,-0.3419999999999998,-1.4522727272727274,0.6864285714285714,0.1293040756333953,232.0112483156093,29,-0.43534796218330235,-0.15401895654132314,OK,FACTOR_LT_ONE,False
2021-2050,CanESM5,SSP5-8.5,351011,Rx1day,mm,mm year-1,2021,2050,30,-85.0,3141.6666666666665,465.9677986226584,-1.4986466042941324,0.13396533563924473,No significant trend,False,-3.8913593107740274,9.968418435515125e-05,Decreasing,True,-0.19540229885057472,-0.26642857142857146,-0.8219999999999998,0.07500000000000018,0.14831866269156235,202.26719588476075,29,-0.4258406686542188,-0.0653022930594177,OK,FACTOR_LT_ONE,False
2021-2050,CanESM5,SSP5-8.5,351012,Rx1day,mm,mm year-1,2021,2050,30,-56.0,3140.6666666666665,364.46808712896524,-0.9814129106598988,0.3263891619997066,No significant trend,False,-2.880931523913146,0.003965017725522199,Decreasing,True,-0.12873563218390804,-0.48107142857142854,-1.5033333333333339,0.5621428571428575,0.11604800057173592,258.51371718770184,29,-0.44197599971413204,-0.2974427437643162,OK,FACTOR_LT_ONE,False
2021-2050,CanESM5,SSP5-8.5,351201,Rx1day,mm,mm year-1,2021,2050,30,-47.0,3141.6666666666665,343.82835675985467,-0.8206874261610726,0.41182433473249114,No significant trend,False,-2.4807727676976175,0.013109791662379822,Decreasing,True,-0.10804597701149425,-0.5739999999999995,-1.5914285714285714,0.46499999999999986,0.1094413867670625,274.11933351916196,29,-0.44527930661646875,-0.3039099145113298,OK,FACTOR_LT_ONE,False
2021-2050,CanESM5,SSP5-8.5,351001,Rx5day,mm,mm year-1,2021,2050,30,1.0,3141.6666666666665,554.0757477520907,0.0,1.0,No significant trend,False,0.0,1.0,No significant trend,False,0.0022988505747126436,0.0009523809523800862,-3.37590909090909,2.536923076923077,0.17636363323673976,170.10309579940346,29,-0.4118181833816301,-0.054092149804115336,OK,FACTOR_LT_ONE,True
2021-2050,CanESM5,SSP5-8.5,351002,Rx5day,mm,mm year-1,2021,2050,30,-45.0,3141.6666666666665,446.4372513550856,-0.7850053641540694,0.4324504235358998,No significant trend,False,-2.0824398392737193,0.03730231266692576,Decreasing,True,-0.10344827586206896,-0.6841666666666661,-2.888399999999999,1.1019230769230777,0.1421020428716453,211.11589526617655,29,-0.42894897856417735,-0.18364825150082784,OK,FACTOR_LT_ONE,False
2021-2050,CanESM5,SSP5-8.5,351003,Rx5day,mm,mm year-1,2021,2050,30,7.0,3141.6666666666665,457.7587472815044,0.10704618602100947,0.9147523390847367,No significant trend,False,0.2804354579004269,0.7791434364844159,No significant trend,False,0.016091954022988506,0.09769230769230848,-2.8144444444444456,2.4200000000000035,0.14570570205246824,205.89448166686762,29,-0.4271471489737659,-0.15709069911355952,OK,FACTOR_LT_ONE,True
2021-2050,CanESM5,SSP5-8.5,351004,Rx5day,mm,mm year-1,2021,2050,30,-13.0,3141.6666666666665,597.5098337788611,-0.21409237204201895,0.8304750241244809,No significant trend,False,-0.4909177300412737,0.623484636436774,No significant trend,False,-0.029885057471264367,-0.24222222222222298,-4.06111111111111,2.0080000000000013,0.1901888065078603,157.73798968952536,29,-0.40490559674606985,-0.09915160424348274,OK,FACTOR_LT_ONE,True
2021-2050,CanESM5,SSP5-8.5,351005,Rx5day,mm,mm year-1,2021,2050,30,-37.0,3141.6666666666665,473.4202833758475,-0.6422771161260568,0.5206932698330874,No significant trend,False,-1.6545468543027737,0.09801645157338788,No significant trend,False,-0.08505747126436781,-0.7884210526315814,-3.7316666666666674,1.4809999999999974,0.1506908063795801,199.0831472786203,29,-0.42465459681020995,-0.11369060259233131,OK,FACTOR_LT_ONE,True
2021-2050,CanESM5,SSP5-8.5,351006,Rx5day,mm,mm year-1,2021,2050,30,-37.0,3141.6666666666665,450.82810376720494,-0.6422771161260568,0.5206932698330874,No significant trend,False,-1.69549693923263,0.08998119039309753,No significant trend,False,-0.08505747126436781,-0.7158333333333337,-3.4027272727272733,1.3833333333333324,0.14349966167656392,209.05972634010428,29,-0.42825016916171804,-0.20189395240043592,OK,FACTOR_LT_ONE,True
2021-2050,CanESM5,SSP5-8.5,351007,Rx5day,mm,mm year-1,2021,2050,30,-25.0,3141.6666666666665,452.59652387588926,-0.4281847440840379,0.6685166224807093,No significant trend,False,-1.1281208726452798,0.25926887524581577,No significant trend,False,-0.05747126436781609,-0.4606250000000003,-2.3320000000000007,1.3369230769230778,0.1440625540188507,208.24287202401308,29,-0.42796872299057465,-0.11047588173340989,OK,FACTOR_LT_ONE,True
2021-2050,CanESM5,SSP5-8.5,351008,Rx5day,mm,mm year-1,2021,2050,30,-39.0,3141.6666666666665,411.5444259765048,-0.67795917813306,0.4977975765265772,No significant trend,False,-1.8731615505741839,0.061046079987239585,No significant trend,False,-0.0896551724137931,-0.5866666666666683,-2.671428571428574,1.0742105263157893,0.1309955732551209,229.0153724628037,29,-0.43450221337243955,-0.1089319561925752,OK,FACTOR_LT_ONE,True
2021-2050,CanESM5,SSP5-8.5,351009,Rx5day,mm,mm year-1,2021,2050,30,-25.0,3141.6666666666665,413.39528110831765,-0.4281847440840379,0.6685166224807093,No significant trend,False,-1.1803980524433582,0.23784193618826666,No significant trend,False,-0.05747126436781609,-0.36904761904761907,-2.339166666666666,1.375,0.13158470486206397,227.9900238515414,29,-0.434207647568968,-0.1589228499107588,OK,FACTOR_LT_ONE,True
2021-2050,CanESM5,SSP5-8.5,351010,Rx5day,mm,mm year-1,2021,2050,30,-9.0,3141.6666666666665,477.4369607936728,-0.14272824802801262,0.8865048064138312,No significant trend,False,-0.36612717828601266,0.7142701780775363,No significant trend,False,-0.020689655172413793,-0.16363636363636339,-2.1722222222222234,1.7495000000000005,0.151969324390559,197.40826064936914,29,-0.4240153378047205,-0.16489274871422854,OK,FACTOR_LT_ONE,True
2021-2050,CanESM5,SSP5-8.5,351011,Rx5day,mm,mm year-1,2021,2050,30,-79.0,3141.6666666666665,358.25890005340045,-1.391600418273123,0.16404343214420547,No significant trend,False,-4.12093826609044,3.773325336641366e-05,Decreasing,True,-0.18160919540229886,-0.6390909090909092,-1.6116666666666657,0.25999999999999945,0.11403466314697097,263.0779025613921,29,-0.4429826684265145,-0.17498357495212236,OK,FACTOR_LT_ONE,False
2021-2050,CanESM5,SSP5-8.5,351012,Rx5day,mm,mm year-1,2021,2050,30,-41.0,3141.6666666666665,404.1667589277674,-0.7136412401400631,0.4754490495282657,No significant trend,False,-1.9896637864001014,0.046627984444510724,Decreasing,True,-0.09425287356321839,-0.6014285714285685,-4.103333333333334,2.3000000000000016,0.12864724422104,233.19582305590933,29,-0.43567637788948,-0.2982574152745103,OK,FACTOR_LT_ONE,False
2021-2050,CanESM5,SSP5-8.5,351201,Rx5day,mm,mm year-1,2021,2050,30,-29.0,3141.6666666666665,402.8016908859244,-0.49954886809804416,0.617392769071009,No significant trend,False,-1.3951226476100997,0.16297885776347198,No significant trend,False,-0.06666666666666667,-1.0071428571428587,-4.175000000000004,2.164285714285711,0.1282127398045383,233.98610813352343,29,-0.43589363009773086,-0.20843713213419243,OK,FACTOR_LT_ONE,True
2021-2050,CanESM5,SSP5-8.5,351001,CDD,days,days year-1,2021,2050,30,-31.0,3133.0,529.2139805516424,-0.5359707105964837,0.5919787931497915,No significant trend,False,-1.3040841016801783,0.19220490890128872,No significant trend,False,-0.07126436781609195,-0.2222222222222222,-1.4,0.75,0.16891604869187438,177.60301778503026,29,-0.4155419756540628,-0.24580237534116156,OK,FACTOR_LT_ONE,True
2021-2050,CanESM5,SSP5-8.5,351002,CDD,days,days year-1,2021,2050,30,-30.0,3138.0,324.6766490284459,-0.5176920887835139,0.6046731188482966,No significant trend,False,-1.609431400921225,0.10752204372289126,No significant trend,False,-0.06896551724137931,-0.27586206896551724,-1.3333333333333333,0.8823529411764706,0.10346610867700634,289.950017291672,29,-0.44826694566149683,-0.18903214188350845,OK,FACTOR_LT_ONE,True
2021-2050,CanESM5,SSP5-8.5,351003,CDD,days,days year-1,2021,2050,30,-13.0,3135.0,534.1532131281004,-0.21431988791072792,0.8302976100328818,No significant trend,False,-0.5192163065063492,0.6036099089812847,No significant trend,False,-0.029885057471264367,-0.11764705882352941,-1.1666666666666667,0.8695652173913043,0.1703838000408614,176.07307732780586,29,-0.4148080999795693,-0.19169897875193928,OK,FACTOR_LT_ONE,True
2021-2050,CanESM5,SSP5-8.5,351004,CDD,days,days year-1,2021,2050,30,-6.0,3138.6666666666665,314.7083982191046,-0.08924777686556708,0.9288849963906117,No significant trend,False,-0.28184857153628995,0.778059625329317,No significant trend,False,-0.013793103448275862,-0.09090909090909091,-1.1875,0.8333333333333334,0.10026818125077674,299.1976081122704,29,-0.44986590937461163,-0.29104336460644786,OK,FACTOR_LT_ONE,True
2021-2050,CanESM5,SSP5-8.5,351005,CDD,days,days year-1,2021,2050,30,-44.0,3138.6666666666665,228.15476471362777,-0.7675308810438769,0.4427659398587237,No significant trend,False,-2.8467785454837924,0.004416407340182995,Decreasing,True,-0.10114942528735632,-0.4,-1.45,0.7894736842105263,0.0726916200234583,412.70231686016496,29,-0.46365418998827085,-0.24705141127719485,OK,FACTOR_LT_ONE,False
2021-2050,CanESM5,SSP5-8.5,351006,CDD,days,days year-1,2021,2050,30,-31.0,3135.0,445.1350144078414,-0.5357997197768198,0.5920969758853979,No significant trend,False,-1.4219206981598755,0.15504927372706467,No significant trend,False,-0.07126436781609195,-0.23076923076923078,-1.375,0.8947368421052632,0.14198884032148051,211.2842103088964,29,-0.42900557983925974,-0.25824314161421225,OK,FACTOR_LT_ONE,True
2021-2050,CanESM5,SSP5-8.5,351007,CDD,days,days year-1,2021,2050,30,22.0,3126.6666666666665,257.11946763930774,0.3755592844271101,0.7072445647653713,No significant trend,False,1.3096396485999398,0.19031776890973018,No significant trend,False,0.05057471264367816,0.1111111111111111,-0.5,0.75,0.08223437131321143,364.81096068378804,29,-0.4588828143433943,-0.12348398995711828,OK,FACTOR_LT_ONE,True
2021-2050,CanESM5,SSP5-8.5,351008,CDD,days,days year-1,2021,2050,30,-2.0,3129.3333333333335,516.8262243581834,-0.017876153980228526,0.9857376523419088,No significant trend,False,-0.04398734291565618,0.9649144929928946,No significant trend,False,-0.004597701149425287,0.0,-0.9285714285714286,0.6666666666666666,0.165155376339428,181.64712929686212,29,-0.417422311830286,-0.18168146313630695,OK,FACTOR_LT_ONE,True
2021-2050,CanESM5,SSP5-8.5,351009,CDD,days,days year-1,2021,2050,30,38.0,3128.6666666666665,312.6623742425823,0.6614881620528954,0.5082993038592127,No significant trend,False,2.092492515890858,0.03639448054708022,Increasing,True,0.08735632183908046,0.18181818181818182,-0.5,0.8571428571428571,0.09993470303939345,300.196018876188,29,-0.4500326484803033,-0.019235970414334815,OK,FACTOR_LT_ONE,False
2021-2050,CanESM5,SSP5-8.5,351010,CDD,days,days year-1,2021,2050,30,30.0,3129.3333333333335,662.150380438958,0.5184084654266273,0.6041733095344244,No significant trend,False,1.1269890112027927,0.25974712707782,No significant trend,False,0.06896551724137931,0.2,-0.6153846153846154,0.9,0.21159471040869982,141.7804818563486,29,-0.3942026447956501,-0.13643275123254847,OK,FACTOR_LT_ONE,True
2021-2050,CanESM5,SSP5-8.5,351011,CDD,days,days year-1,2021,2050,30,-33.0,3130.3333333333335,399.398842812449,-0.5719455500987071,0.56735886364765,No significant trend,False,-1.601203671286985,0.10933181597858002,No significant trend,False,-0.07586206896551724,-0.15,-0.8148148148148148,0.38095238095238093,0.12758987631107943,235.12837277823203,29,-0.4362050618444603,-0.17921072317423498,OK,FACTOR_LT_ONE,True
2021-2050,CanESM5,SSP5-8.5,351012,CDD,days,days year-1,2021,2050,30,42.0,3131.3333333333335,810.9910330862014,0.7326882150264038,0.46374861342161455,No significant trend,False,1.4397126829978444,0.14994870359196646,No significant trend,False,0.09655172413793103,0.4,-0.5714285714285714,1.0,0.2589922396485633,115.83358652254667,29,-0.37050388017571834,-0.1377086984145566,OK,FACTOR_LT_ONE,True
2021-2050,CanESM5,SSP5-8.5,351201,CDD,days,days year-1,2021,2050,30,-9.0,3130.3333333333335,457.0074351700637,-0.14298638752467677,0.8863009319030037,No significant trend,False,-0.37422117159319035,0.7082397738089314,No significant trend,False,-0.020689655172413793,0.0,-1.0714285714285714,0.8695652173913043,0.14599321749655958,205.48899814956792,29,-0.4270033912517202,-0.22362076135798842,OK,FACTOR_LT_ONE,True
2021-2050,CanESM5,SSP5-8.5,351001,CWD,days,days year-1,2021,2050,30,72.0,3055.3333333333335,438.4937643751241,1.2844850372973609,0.19897229566039099,No significant trend,False,3.390600625500093,0.0006973964744550818,Increasing,True,0.16551724137931034,0.05555555555555555,-0.0,0.13333333333333333,0.1435174877946075,209.03375930697706,29,-0.42824125610269625,0.18996010056159393,OK,FACTOR_LT_ONE,False
2021-2050,CanESM5,SSP5-8.5,351002,CWD,days,days year-1,2021,2050,30,55.0,3043.0,834.9604166666668,0.9789100419312735,0.32762442999003116,No significant trend,False,1.8687913542853771,0.06165184818375176,No significant trend,False,0.12643678160919541,0.0,-0.0,0.125,0.2743872549019608,109.33452434122376,29,-0.3628063725490196,0.10441176470588234,OK,FACTOR_LT_ONE,True
2021-2050,CanESM5,SSP5-8.5,351003,CWD,days,days year-1,2021,2050,30,62.0,3030.0,331.43313608467315,1.1081754397569583,0.26778605554200974,No significant trend,False,3.3506716560487306,0.0008061582760046581,Increasing,True,0.1425287356321839,0.03571428571428571,-0.0,0.13333333333333333,0.10938387329527166,274.2634640393266,29,-0.44530806335236417,0.04293629724514216,OK,FACTOR_LT_ONE,False
2021-2050,CanESM5,SSP5-8.5,351004,CWD,days,days year-1,2021,2050,30,104.0,3043.3333333333335,544.8380184706131,1.8670780071479247,0.06189069516301069,No significant trend,False,4.412691054949122,1.0209363239694086e-05,Increasing,True,0.23908045977011494,0.06666666666666667,-0.0,0.15789473684210525,0.17902673115135148,167.57274071343915,29,-0.41048663442432426,0.05957710043864581,OK,FACTOR_LT_ONE,False
2021-2050,CanESM5,SSP5-8.5,351005,CWD,days,days year-1,2021,2050,30,55.0,2984.3333333333335,829.5736111111105,0.9884850262686722,0.32291516424171596,No significant trend,False,1.8748490001863551,0.06081349990111865,No significant trend,False,0.12643678160919541,0.0,-0.0,0.125,0.27797619047619027,107.92291220556753,29,-0.36101190476190487,0.08035714285714286,OK,FACTOR_LT_ONE,True
2021-2050,CanESM5,SSP5-8.5,351006,CWD,days,days year-1,2021,2050,30,77.0,3051.0,386.3906128111444,1.37591779803704,0.16884708430190987,No significant trend,False,3.8663423705755346,0.00011047981446238696,Increasing,True,0.17701149425287357,0.058823529411764705,-0.0,0.15384615384615385,0.12664392422521942,236.88463685513236,29,-0.4366780378873903,0.14906798763288961,OK,FACTOR_LT_ONE,False
2021-2050,CanESM5,SSP5-8.5,351007,CWD,days,days year-1,2021,2050,30,-61.0,3023.6666666666665,578.2023190791379,-1.091149591152513,0.2752070646488749,No significant trend,False,-2.495234323442846,0.012587397641852915,Decreasing,True,-0.14022988505747128,-0.047619047619047616,-0.21739130434782608,-0.0,0.19122554924897073,156.8828021037125,29,-0.40438722537551464,-0.2268168061468189,OK,FACTOR_LT_ONE,False
2021-2050,CanESM5,SSP5-8.5,351008,CWD,days,days year-1,2021,2050,30,-60.0,3049.3333333333335,543.993050573181,-1.0684385789268476,0.2853227225178562,No significant trend,False,-2.529620288450551,0.011418602601902429,Decreasing,True,-0.13793103448275862,-0.05555555555555555,-0.23529411764705882,0.04,0.17839737119802612,168.1639129463357,29,-0.41080131440098694,-0.21219239328261116,OK,FACTOR_LT_ONE,False
2021-2050,CanESM5,SSP5-8.5,351009,CWD,days,days year-1,2021,2050,30,-36.0,3025.3333333333335,717.0460710023035,-0.6363285779036277,0.5245622820096972,No significant trend,False,-1.3070569602527806,0.1911933671297421,No significant trend,False,-0.08275862068965517,0.0,-0.2222222222222222,0.058823529411764705,0.23701390623698881,126.57485156167662,29,-0.3814930468815056,-0.2787659255558331,OK,FACTOR_LT_ONE,True
2021-2050,CanESM5,SSP5-8.5,351010,CWD,days,days year-1,2021,2050,30,-12.0,3034.6666666666665,302.06126364538477,-0.19968120462324218,0.8417299142720204,No significant trend,False,-0.6329146782110451,0.5267893619746555,No significant trend,False,-0.027586206896551724,0.0,-0.1111111111111111,0.08333333333333333,0.09953688389017512,301.39581256231367,29,-0.45023155805491244,-0.11210717829970232,OK,FACTOR_LT_ONE,True
2021-2050,CanESM5,SSP5-8.5,351011,CWD,days,days year-1,2021,2050,30,-43.0,3115.0,153.6896049111294,-0.7525238433640894,0.4517360966738334,No significant trend,False,-3.3878723883997934,0.0007043702780019576,Decreasing,True,-0.09885057471264368,-0.16666666666666666,-0.4583333333333333,0.16666666666666666,0.04933855695381362,608.0437258852816,29,-0.4753307215230932,-0.09284054866941203,OK,FACTOR_LT_ONE,False
2021-2050,CanESM5,SSP5-8.5,351012,CWD,days,days year-1,2021,2050,30,29.0,3077.6666666666665,374.58546963720556,0.5047161957088021,0.6137581841051606,No significant trend,False,1.4467136126393916,0.14797715029056002,No significant trend,False,0.06666666666666667,0.0,-0.10526315789473684,0.15384615384615385,0.12171086417324994,246.48580226409655,29,-0.43914456791337503,-0.11633723407742484,OK,FACTOR_LT_ONE,True
2021-2050,CanESM5,SSP5-8.5,351201,CWD,days,days year-1,2021,2050,30,49.0,3071.6666666666665,421.7419773164572,0.8660723924936122,0.38645046374445047,No significant trend,False,2.3373181011645214,0.019422650031189433,Increasing,True,0.11264367816091954,0.043478260869565216,-0.07142857142857142,0.2,0.13730069798690958,218.4985250611052,29,-0.4313496510065452,-0.20520358644716885,OK,FACTOR_LT_ONE,False
2021-2050,CanESM5,SSP5-8.5,351001,R10mm,days,days year-1,2021,2050,30,23.0,3133.0,407.99373363156025,0.3930451877707547,0.6942861065649939,No significant trend,False,1.0891706614543235,0.2760786340960032,No significant trend,False,0.052873563218390804,0.125,-0.4444444444444444,0.5555555555555556,0.1302246197355762,230.37118527138435,29,-0.4348876901322119,0.050640341060431485,OK,FACTOR_LT_ONE,True
2021-2050,CanESM5,SSP5-8.5,351002,R10mm,days,days year-1,2021,2050,30,-11.0,3121.6666666666665,431.23702649441634,-0.17898092015938416,0.8579526832842856,No significant trend,False,-0.48155065576001355,0.6301251865929918,No significant trend,False,-0.02528735632183908,0.0,-0.5,0.37037037037037035,0.13814320122618784,217.16595339990494,29,-0.4309283993869061,0.027260783884388,OK,FACTOR_LT_ONE,True
2021-2050,CanESM5,SSP5-8.5,351003,R10mm,days,days year-1,2021,2050,30,0.0,3122.6666666666665,297.74483935819177,0.0,1.0,No significant trend,False,0.0,1.0,No significant trend,False,0.0,0.0,-0.45454545454545453,0.42857142857142855,0.09534954292000164,314.631817639336,29,-0.4523252285399992,0.09839927170655842,OK,FACTOR_LT_ONE,True
2021-2050,CanESM5,SSP5-8.5,351004,R10mm,days,days year-1,2021,2050,30,3.0,3116.3333333333335,195.4726367180473,0.035826801964583994,0.9714204619043423,No significant trend,False,0.14304971934327032,0.8862509145786921,No significant trend,False,0.006896551724137931,0.0,-0.42857142857142855,0.5,0.06272520164232986,478.2766609673936,29,-0.46863739917883507,-0.031707502808079664,OK,FACTOR_LT_ONE,True
2021-2050,CanESM5,SSP5-8.5,351005,R10mm,days,days year-1,2021,2050,30,8.0,3129.3333333333335,277.8385056700126,0.1251330778615997,0.9004181967505136,No significant trend,False,0.4199540972397936,0.674518987149482,No significant trend,False,0.01839080459770115,0.0,-0.48148148148148145,0.46153846153846156,0.08878520632829545,337.8941294461928,29,-0.4556073968358523,0.05668020638928527,OK,FACTOR_LT_ONE,True
2021-2050,CanESM5,SSP5-8.5,351006,R10mm,days,days year-1,2021,2050,30,11.0,3130.3333333333335,307.45008804554124,0.17873298440584595,0.85814736838682,No significant trend,False,0.5703122355910892,0.5684659435793054,No significant trend,False,0.02528735632183908,0.04,-0.4444444444444444,0.5,0.09821640550917088,305.4479528595533,29,-0.45089179724541456,0.015383428416593752,OK,FACTOR_LT_ONE,True
2021-2050,CanESM5,SSP5-8.5,351007,R10mm,days,days year-1,2021,2050,30,-1.0,3133.6666666666665,365.9381038296211,0.0,1.0,No significant trend,False,0.0,1.0,No significant trend,False,-0.0022988505747126436,0.0,-0.5,0.46153846153846156,0.11677633352716343,256.9013694287779,29,-0.4416118332364183,0.04362963060120755,OK,FACTOR_LT_ONE,True
2021-2050,CanESM5,SSP5-8.5,351008,R10mm,days,days year-1,2021,2050,30,-9.0,3128.3333333333335,402.4924002413826,-0.1430320871116929,0.886264839872211,No significant trend,False,-0.39875959360842844,0.6900703525035434,No significant trend,False,-0.020689655172413793,0.0,-0.5,0.4,0.1286603303914915,233.17210447629898,29,-0.43566983480425425,0.012202987101154111,OK,FACTOR_LT_ONE,True
2021-2050,CanESM5,SSP5-8.5,351009,R10mm,days,days year-1,2021,2050,30,3.0,3125.6666666666665,274.120740011037,0.03577327202780214,0.9714631452532702,No significant trend,False,0.1207978063994803,0.9038511876219236,No significant trend,False,0.006896551724137931,0.0,-0.375,0.47058823529411764,0.08769992748566824,342.0755393999903,29,-0.4561500362571659,0.04741205927020481,OK,FACTOR_LT_ONE,True
2021-2050,CanESM5,SSP5-8.5,351010,R10mm,days,days year-1,2021,2050,30,-16.0,3120.0,385.9639693910049,-0.26854307776478736,0.7882813208580621,No significant trend,False,-0.7635155332944241,0.44515600216483764,No significant trend,False,-0.0367816091954023,0.0,-0.47368421052631576,0.375,0.12370640044583492,242.5096833460574,29,-0.43814679977708254,0.038309695612507216,OK,FACTOR_LT_ONE,True
2021-2050,CanESM5,SSP5-8.5,351011,R10mm,days,days year-1,2021,2050,30,-19.0,3128.3333333333335,371.4573018293919,-0.321822196001309,0.7475873981512676,No significant trend,False,-0.9339380191346403,0.35033586578684894,No significant trend,False,-0.04367816091954023,-0.06666666666666667,-0.5,0.37037037037037035,0.11873968092575127,252.65353389958327,29,-0.44063015953712437,-0.01891931149684074,OK,FACTOR_LT_ONE,True
2021-2050,CanESM5,SSP5-8.5,351012,R10mm,days,days year-1,2021,2050,30,8.0,3134.6666666666665,338.51580508958637,0.12502658160582947,0.9005025063720045,No significant trend,False,0.3804596156181954,0.7036042687164219,No significant trend,False,0.01839080459770115,0.041666666666666664,-0.6363636363636364,0.6666666666666666,0.1079910054518034,277.80091383063433,29,-0.4460044972740983,0.0645082889955184,OK,FACTOR_LT_ONE,True
2021-2050,CanESM5,SSP5-8.5,351201,R10mm,days,days year-1,2021,2050,30,0.0,3131.3333333333335,282.0460775927895,0.0,1.0,No significant trend,False,0.0,1.0,No significant trend,False,0.0,0.0,-0.5882352941176471,0.6666666666666666,0.09007219850738435,333.0661457934828,29,-0.4549639007463078,0.026882897345154262,OK,FACTOR_LT_ONE,True
2021-2050,CanESM5,SSP5-8.5,351001,R20mm,days,days year-1,2021,2050,30,-3.0,3121.6666666666665,371.5540436142181,-0.03579618403187683,0.9714448758201396,No significant trend,False,-0.1037573806859358,0.9173618891365017,No significant trend,False,-0.006896551724137931,0.0,-0.3,0.26666666666666666,0.11902425315992038,252.0494706208503,29,-0.4404878734200398,-0.04799890117176769,OK,FACTOR_LT_ONE,True
2021-2050,CanESM5,SSP5-8.5,351002,R20mm,days,days year-1,2021,2050,30,-27.0,3106.3333333333335,399.2710544168284,-0.4664974987071551,0.6408594375655957,No significant trend,False,-1.3011861580278097,0.19319474208685117,No significant trend,False,-0.06206896551724138,-0.05,-0.2222222222222222,0.14285714285714285,0.12853451692783402,233.4003403680551,29,-0.435732741536083,0.09205076584372313,OK,FACTOR_LT_ONE,True
2021-2050,CanESM5,SSP5-8.5,351003,R20mm,days,days year-1,2021,2050,30,-19.0,3123.6666666666665,260.48974993316324,-0.3220625027574997,0.7474053444937713,No significant trend,False,-1.1152627211638553,0.26473785536452876,No significant trend,False,-0.04367816091954023,-0.043478260869565216,-0.3333333333333333,0.25,0.08339230069357484,359.74544113173056,29,-0.4583038496532126,-0.06564521630194262,OK,FACTOR_LT_ONE,True
2021-2050,CanESM5,SSP5-8.5,351004,R20mm,days,days year-1,2021,2050,30,-23.0,3116.3333333333335,359.3019556383442,-0.394094821610424,0.6935110340501838,No significant trend,False,-1.1606275901987944,0.2457933802902329,No significant trend,False,-0.052873563218390804,-0.045454545454545456,-0.38461538461538464,0.25,0.11529638110119078,260.1989734063749,29,-0.4423518094494046,-0.0012082454617114596,OK,FACTOR_LT_ONE,True
2021-2050,CanESM5,SSP5-8.5,351005,R20mm,days,days year-1,2021,2050,30,-27.0,3125.6666666666665,283.3400164801247,-0.46505253636142774,0.6418938345763725,No significant trend,False,-1.5446119503244455,0.12244015387243516,No significant trend,False,-0.06206896551724138,-0.07692307692307693,-0.3333333333333333,0.1724137931034483,0.09064946672073948,330.945134982646,29,-0.45467526663963026,0.048030263501173946,OK,FACTOR_LT_ONE,True
2021-2050,CanESM5,SSP5-8.5,351006,R20mm,days,days year-1,2021,2050,30,-9.0,3113.6666666666665,484.610388462577,-0.1433685616909053,0.8859991105837992,No significant trend,False,-0.3634072833460572,0.7163006618339841,No significant trend,False,-0.020689655172413793,0.0,-0.3333333333333333,0.21428571428571427,0.15563977790255124,192.752780839764,29,-0.4221801110487244,-0.005338760995695309,OK,FACTOR_LT_ONE,True
2021-2050,CanESM5,SSP5-8.5,351007,R20mm,days,days year-1,2021,2050,30,-43.0,3085.6666666666665,385.4865869840346,-0.7560922488818888,0.44959388890094887,No significant trend,False,-2.1391668247450006,0.03242215994764545,Decreasing,True,-0.09885057471264368,-0.07142857142857142,-0.23076923076923078,0.11764705882352941,0.12492813664816937,240.13805700542804,29,-0.4375359316759153,0.06764654063720775,OK,FACTOR_LT_ONE,False
2021-2050,CanESM5,SSP5-8.5,351008,R20mm,days,days year-1,2021,2050,30,-35.0,3094.3333333333335,477.233928891498,-0.6112169215385411,0.5410559823364853,No significant trend,False,-1.5563714693789052,0.11961978548319391,No significant trend,False,-0.08045977011494253,-0.037037037037037035,-0.2222222222222222,0.09090909090909091,0.1542283514676822,194.51676500793275,29,-0.4228858242661589,0.030514502043407114,OK,FACTOR_LT_ONE,True
2021-2050,CanESM5,SSP5-8.5,351009,R20mm,days,days year-1,2021,2050,30,-39.0,3103.6666666666665,557.9528917397236,-0.6820968762876662,0.49517769568376846,No significant trend,False,-1.6087361842626762,0.10767404013096461,No significant trend,False,-0.0896551724137931,-0.05263157894736842,-0.2222222222222222,0.1,0.1797721700375009,166.87788768273714,29,-0.41011391498124955,0.12447300690543085,OK,FACTOR_LT_ONE,True
2021-2050,CanESM5,SSP5-8.5,351010,R20mm,days,days year-1,2021,2050,30,-29.0,3097.6666666666665,533.8638091500342,-0.5030842140842594,0.614905064840764,No significant trend,False,-1.2118330449675383,0.22557629616182084,No significant trend,False,-0.06666666666666667,-0.037037037037037035,-0.24,0.13333333333333333,0.17234385316368261,174.07061203109848,29,-0.4138280734181587,0.053335449895950016,OK,FACTOR_LT_ONE,True
2021-2050,CanESM5,SSP5-8.5,351011,R20mm,days,days year-1,2021,2050,30,-91.0,3055.0,619.6802023451093,-1.628309295566865,0.10345931944553871,No significant trend,False,-3.615419521848426,0.0002998616215851192,Decreasing,True,-0.20919540229885059,-0.07407407407407407,-0.18181818181818182,-0.0,0.20284131009659878,147.89886727567057,29,-0.3985793449517006,0.14419539476340915,OK,FACTOR_LT_ONE,False
2021-2050,CanESM5,SSP5-8.5,351012,R20mm,days,days year-1,2021,2050,30,-19.0,3128.3333333333335,203.33763679281708,-0.321822196001309,0.7475873981512676,No significant trend,False,-1.2623030140028955,0.20683977258000052,No significant trend,False,-0.04367816091954023,-0.07692307692307693,-0.5,0.2857142857142857,0.06499871181443273,461.5476085995078,29,-0.46750064409278363,-0.0265385242053983,OK,FACTOR_LT_ONE,True
2021-2050,CanESM5,SSP5-8.5,351201,R20mm,days,days year-1,2021,2050,30,9.0,3131.0,186.78075480312123,0.14297116406043084,0.8863129549467453,No significant trend,False,0.5853611886813357,0.5583048796357036,No significant trend,False,0.020689655172413793,0.0,-0.375,0.4,0.05965530335455804,502.88906958861037,29,-0.470172348322721,-0.07948545728716017,OK,FACTOR_LT_ONE,True
2021-2050,CanESM5,SSP5-8.5,351001,R50mm,days,days year-1,2021,2050,30,-87.0,3012.3333333333335,565.6541186264737,-1.5669204098019713,0.11713329637451976,No significant trend,False,-3.6159546445676334,0.0002992427711433515,Decreasing,True,-0.2,-0.05263157894736842,-0.125,-0.0,0.18777939093498075,159.7619411300977,29,-0.4061103045325096,0.00029267830680861773,OK,FACTOR_LT_ONE,False
2021-2050,CanESM5,SSP5-8.5,351002,R50mm,days,days year-1,2021,2050,30,-71.0,2791.6666666666665,1259.1064643135103,-1.3248486255406748,0.18522136326432914,No significant trend,False,-1.972726203049155,0.04852676492550207,Decreasing,True,-0.1632183908045977,0.0,-0.06666666666666667,-0.0,0.45102321109737686,66.51542373397483,29,-0.27448839445131157,0.11244334569427276,OK,FACTOR_LT_ONE,False
2021-2050,CanESM5,SSP5-8.5,351003,R50mm,days,days year-1,2021,2050,30,-75.0,2972.3333333333335,1110.5761291834547,-1.3573222356729746,0.174678845124426,No significant trend,False,-2.220534640018832,0.02638249696479725,Decreasing,True,-0.1724137931034483,0.0,-0.10526315789473684,-0.0,0.3736378140126011,80.29165912791748,29,-0.31318109299369945,0.03795732943944185,OK,FACTOR_LT_ONE,False
2021-2050,CanESM5,SSP5-8.5,351004,R50mm,days,days year-1,2021,2050,30,-88.0,2966.0,477.36229662172576,-1.5974735616514346,0.11016018642266333,No significant trend,False,-3.9819444350287156,6.835376186651768e-05,Decreasing,True,-0.20229885057471264,-0.043478260869565216,-0.11538461538461539,-0.0,0.1609448066829824,186.3993043223312,29,-0.4195275966585088,-0.07422682109374674,OK,FACTOR_LT_ONE,False
2021-2050,CanESM5,SSP5-8.5,351005,R50mm,days,days year-1,2021,2050,30,-78.0,2955.3333333333335,1212.6440407710145,-1.4164051235241313,0.1566569247011399,No significant trend,False,-2.211179792219536,0.027023389167774466,Decreasing,True,-0.1793103448275862,0.0,-0.11538461538461539,-0.0,0.41032394792612714,73.11296391942754,29,-0.29483802603693643,0.11303360581289738,OK,FACTOR_LT_ONE,False
2021-2050,CanESM5,SSP5-8.5,351006,R50mm,days,days year-1,2021,2050,30,-65.0,2919.0,1263.033005733005,-1.1845759920402417,0.23618513398034413,No significant trend,False,-1.8008296150156646,0.07172973952753965,No significant trend,False,-0.14942528735632185,0.0,-0.09090909090909091,-0.0,0.43269373269373246,69.33310499607924,29,-0.28365313365313377,0.1456534456534457,OK,FACTOR_LT_ONE,True
2021-2050,CanESM5,SSP5-8.5,351007,R50mm,days,days year-1,2021,2050,30,-47.0,2698.3333333333335,687.2824958716664,-0.8855437709275222,0.37586342297916386,No significant trend,False,-1.754648744965107,0.07931940818376686,No significant trend,False,-0.10804597701149425,0.0,-0.04,-0.0,0.25470629865534267,117.78271742150623,29,-0.37264685067232867,-0.05838641188959662,OK,FACTOR_LT_ONE,True
2021-2050,CanESM5,SSP5-8.5,351008,R50mm,days,days year-1,2021,2050,30,-29.0,2495.6666666666665,484.4126657521713,-0.5604859651793992,0.5751480100548778,No significant trend,False,-1.2721850461326158,0.20330737949641364,No significant trend,False,-0.06666666666666667,0.0,-0.0,-0.0,0.1941015089163235,154.55830388692598,29,-0.40294924554183825,-0.00781893004115224,OK,FACTOR_LT_ONE,True
2021-2050,CanESM5,SSP5-8.5,351009,R50mm,days,days year-1,2021,2050,30,-18.0,2554.6666666666665,601.1576719576709,-0.33634254087413645,0.7366125736087877,No significant trend,False,-0.6933535195236021,0.48808772394049615,No significant trend,False,-0.041379310344827586,0.0,-0.0,-0.0,0.23531746031745993,127.48735244519415,29,-0.38234126984127004,-0.09523809523809523,OK,FACTOR_LT_ONE,True
2021-2050,CanESM5,SSP5-8.5,351010,R50mm,days,days year-1,2021,2050,30,-35.0,2751.6666666666665,514.9498543487318,-0.648158178867963,0.5168826480104634,No significant trend,False,-1.498291953680204,0.13405741369804966,No significant trend,False,-0.08045977011494253,0.0,-0.041666666666666664,-0.0,0.18714107365792798,160.306871247498,29,-0.406429463171036,-0.007865168539325845,OK,FACTOR_LT_ONE,True
2021-2050,CanESM5,SSP5-8.5,351011,R50mm,days,days year-1,2021,2050,30,-20.0,1506.6666666666667,178.04004004004062,-0.4894913379330674,0.6244938855431001,No significant trend,False,-1.4239500635538673,0.1544609280369444,No significant trend,False,-0.04597701149425287,0.0,-0.0,-0.0,0.11816816816816855,253.8754764930106,29,-0.4409159159159157,-0.22342342342342333,OK,FACTOR_LT_ONE,True
2021-2050,CanESM5,SSP5-8.5,351012,R50mm,days,days year-1,2021,2050,30,-54.0,3060.6666666666665,691.7196386126826,-0.9580051698541185,0.3380601516411581,No significant trend,False,-2.0151659514498372,0.04388726378914655,Decreasing,True,-0.12413793103448276,-0.047619047619047616,-0.13043478260869565,0.05,0.22600293136985927,132.74164108475333,29,-0.38699853431507036,-0.052167755425876636,OK,FACTOR_LT_ONE,False
2021-2050,CanESM5,SSP5-8.5,351201,R50mm,days,days year-1,2021,2050,30,-79.0,2980.3333333333335,642.6839222923542,-1.4287695390458106,0.15307048335616444,No significant trend,False,-3.076776040271001,0.002092524547246862,Decreasing,True,-0.18160919540229886,-0.043478260869565216,-0.125,-0.0,0.21564162474858095,139.11970861366558,29,-0.3921791876257095,0.15937021096349563,OK,FACTOR_LT_ONE,False
2021-2050,CanESM5,SSP5-8.5,351001,R95p,mm,mm year-1,2021,2050,30,-79.0,3141.6666666666665,516.3294370010256,-1.391600418273123,0.16404343214420547,No significant trend,False,-3.432662928330008,0.0005976846505097364,Decreasing,True,-0.18160919540229886,-4.27,-10.285909090909094,2.0250000000000004,0.16434889241411954,182.5384981871812,29,-0.41782555379294023,-0.13949097670813165,OK,FACTOR_LT_ONE,False
2021-2050,CanESM5,SSP5-8.5,351002,R95p,mm,mm year-1,2021,2050,30,-83.0,3133.0,544.132607285302,-1.464986608963722,0.14292457127595096,No significant trend,False,-3.5152925717075942,0.0004392697645396996,Decreasing,True,-0.19080459770114944,-2.531428571428571,-5.607777777777778,0.3736363636363636,0.17367781911436386,172.7336291587443,29,-0.41316109044281807,0.03300626888080034,OK,FACTOR_LT_ONE,False
2021-2050,CanESM5,SSP5-8.5,351003,R95p,mm,mm year-1,2021,2050,30,-39.0,3141.6666666666665,315.70923861187464,-0.67795917813306,0.4977975765265772,No significant trend,False,-2.138651157784941,0.03246393101709067,Decreasing,True,-0.0896551724137931,-2.6461904761904766,-10.373333333333335,3.7669230769230775,0.1004910043326922,298.534184220908,29,-0.4497544978336539,-0.22454005861628273,OK,FACTOR_LT_ONE,False
2021-2050,CanESM5,SSP5-8.5,351004,R95p,mm,mm year-1,2021,2050,30,-79.0,3141.6666666666665,467.50090055304383,-1.391600418273123,0.16404343214420547,No significant trend,False,-3.607475387922149,0.00030919085658818985,Decreasing,True,-0.18160919540229886,-4.077272727272725,-10.952499999999993,2.711999999999995,0.14880665269592908,201.60388972193255,29,-0.42559667365203546,-0.07945055156689519,OK,FACTOR_LT_ONE,False
2021-2050,CanESM5,SSP5-8.5,351005,R95p,mm,mm year-1,2021,2050,30,-63.0,3141.6666666666665,538.6903664282111,-1.106143922217098,0.2686642304239092,No significant trend,False,-2.6712964377616757,0.007555888610743244,Decreasing,True,-0.14482758620689656,-3.181,-10.1725,3.43,0.17146642963232184,174.96136161655357,29,-0.4142667851838391,-0.04115913597993098,OK,FACTOR_LT_ONE,False
2021-2050,CanESM5,SSP5-8.5,351006,R95p,mm,mm year-1,2021,2050,30,-49.0,3141.6666666666665,396.58269894234866,-0.8563694881680758,0.3917934361895805,No significant trend,False,-2.4103180628059877,0.015938618639063894,Decreasing,True,-0.11264367816091954,-2.9800000000000026,-13.500000000000028,7.1200000000000045,0.12623321982249824,237.65534969467024,29,-0.4368833900887509,-0.10243241748751335,OK,FACTOR_LT_ONE,False
2021-2050,CanESM5,SSP5-8.5,351007,R95p,mm,mm year-1,2021,2050,30,-67.0,3141.6666666666665,459.4954730534544,-1.177508046231104,0.2389927879015219,No significant trend,False,-3.0789548257324006,0.002077281775845186,Decreasing,True,-0.15402298850574714,-2.776923076923083,-9.071052631578945,3.306428571428573,0.14625850601170964,205.11627540895407,29,-0.4268707469941452,-0.03365466084597643,OK,FACTOR_LT_ONE,False
2021-2050,CanESM5,SSP5-8.5,351008,R95p,mm,mm year-1,2021,2050,30,-71.0,3141.6666666666665,409.15973719299654,-1.2488721702451104,0.21171183194124243,No significant trend,False,-3.4606015225569466,0.0005389699629660539,Decreasing,True,-0.1632183908045977,-2.898000000000002,-8.64499999999999,1.9911111111111108,0.13023652112243922,230.35013329169095,29,-0.4348817394387804,-0.044893902190901926,OK,FACTOR_LT_ONE,False
2021-2050,CanESM5,SSP5-8.5,351009,R95p,mm,mm year-1,2021,2050,30,-43.0,3141.6666666666665,304.1647537031101,-0.7493233021470662,0.45366236627030876,No significant trend,False,-2.4082127250121106,0.016030837149184084,Decreasing,True,-0.09885057471264368,-3.516923076923079,-11.193999999999997,5.430769230769228,0.09681636722645415,309.8649624998818,29,-0.4515918163867729,-0.07435100308395223,OK,FACTOR_LT_ONE,False
2021-2050,CanESM5,SSP5-8.5,351010,R95p,mm,mm year-1,2021,2050,30,-35.0,3141.6666666666665,340.72317464211153,-0.6065950541190537,0.5441196833389506,No significant trend,False,-1.841951031580952,0.06548231300731841,No significant trend,False,-0.08045977011494253,-1.9785714285714318,-11.236470588235296,5.800833333333332,0.10845299988608326,276.6175212443304,29,-0.44577350005695837,-0.09602281002517547,OK,FACTOR_LT_ONE,True
2021-2050,CanESM5,SSP5-8.5,351011,R95p,mm,mm year-1,2021,2050,30,-31.0,2045.0,345.00345059505287,-0.6633986731302697,0.5070752554818515,No significant trend,False,-1.6151376291136597,0.10628089370657767,No significant trend,False,-0.07126436781609195,0.0,-0.0,-0.0,0.1687058438117618,177.8243084067279,29,-0.4156470780941191,-0.0012705686105731946,OK,FACTOR_LT_ONE,True
2021-2050,CanESM5,SSP5-8.5,351012,R95p,mm,mm year-1,2021,2050,30,-37.0,3141.6666666666665,680.5595380986512,-0.6422771161260568,0.5206932698330874,No significant trend,False,-1.3799693426844384,0.16759608431211925,No significant trend,False,-0.08505747126436781,-3.347619047619047,-11.5,5.4000000000000155,0.21662372565474308,138.48898549466497,29,-0.39168813717262846,-0.00977623361193936,OK,FACTOR_LT_ONE,True
2021-2050,CanESM5,SSP5-8.5,351201,R95p,mm,mm year-1,2021,2050,30,-39.0,3141.6666666666665,612.5592721514209,-0.67795917813306,0.4977975765265772,No significant trend,False,-1.535357580580197,0.12469601741988415,No significant trend,False,-0.0896551724137931,-3.3791666666666678,-11.031666666666666,6.135294117647063,0.1949790786688873,153.86266159840605,29,-0.40251046066555635,0.10397345510762472,OK,FACTOR_LT_ONE,True
2021-2050,CanESM5,SSP5-8.5,351001,R99p,mm,mm year-1,2021,2050,30,15.0,2929.0,458.9813507259782,0.2586832745487024,0.7958796253974848,No significant trend,False,0.6534773148136186,0.5134486095169628,No significant trend,False,0.034482758620689655,0.0,-3.4238888888888894,1.6430000000000007,0.15670240721269313,191.44568697838073,29,-0.42164879639365344,0.03186407240314569,OK,FACTOR_LT_ONE,True
2021-2050,CanESM5,SSP5-8.5,351002,R99p,mm,mm year-1,2021,2050,30,-8.0,1708.0,155.64148954929533,-0.16937687147353955,0.8655002145455052,No significant trend,False,-0.561093646142901,0.5747336994081333,No significant trend,False,-0.01839080459770115,0.0,-0.0,-0.0,0.09112499388132045,329.2181291015664,29,-0.4544375030593398,-0.2535997978333629,OK,FACTOR_LT_ONE,True
2021-2050,CanESM5,SSP5-8.5,351003,R99p,mm,mm year-1,2021,2050,30,-42.0,3016.6666666666665,466.10149640224324,-0.7464834687123175,0.4553754141385259,No significant trend,False,-1.899081521926924,0.0575537582223732,No significant trend,False,-0.09655172413793103,0.0,-6.2475,1.1044444444444441,0.1545087833377602,194.16371905808893,29,-0.4227456083311199,-0.16936200665010853,OK,FACTOR_LT_ONE,True
2021-2050,CanESM5,SSP5-8.5,351004,R99p,mm,mm year-1,2021,2050,30,-54.0,2733.3333333333335,727.755886799149,-1.0137469737707079,0.31070350347535725,No significant trend,False,-1.9646401086551049,0.04945590631411801,Decreasing,True,-0.12413793103448276,0.0,-4.753529411764706,-0.0,0.2662521537070057,112.67514490422928,29,-0.36687392314649714,-0.05952099002547987,OK,FACTOR_LT_ONE,False
2021-2050,CanESM5,SSP5-8.5,351005,R99p,mm,mm year-1,2021,2050,30,-41.0,2648.3333333333335,799.1252451457591,-0.7772731538496656,0.43699763038654416,No significant trend,False,-1.414987378385694,0.15707219671134287,No significant trend,False,-0.09425287356321839,0.0,-3.3624,-0.0,0.30174647393798326,99.42121148420041,29,-0.34912676303100837,-0.05760448511202944,OK,FACTOR_LT_ONE,True
2021-2050,CanESM5,SSP5-8.5,351006,R99p,mm,mm year-1,2021,2050,30,-53.0,3141.6666666666665,562.0890348347826,-0.9277336121820821,0.353545768449924,No significant trend,False,-2.1933138802044256,0.02828477227710072,Decreasing,True,-0.12183908045977011,-3.214705882352941,-11.187333333333333,3.5644444444444425,0.17891428164502365,167.67806194209663,29,-0.4105428591774882,-0.06509628664704366,OK,FACTOR_LT_ONE,False
2021-2050,CanESM5,SSP5-8.5,351007,R99p,mm,mm year-1,2021,2050,30,-64.0,3138.0,404.7821044101022,-1.1246414342538404,0.2607410083356133,No significant trend,False,-3.1313376332624165,0.0017401197790260418,Decreasing,True,-0.1471264367816092,-1.9425000000000001,-5.528333333333333,1.5174999999999983,0.12899365978652078,232.5695700831248,29,-0.4355031701067396,-0.08234298948145474,OK,FACTOR_LT_ONE,False
2021-2050,CanESM5,SSP5-8.5,351008,R99p,mm,mm year-1,2021,2050,30,-104.0,3113.3333333333335,425.94383646833415,-1.8459690444484973,0.06489670027844789,No significant trend,False,-4.9906953017207245,6.016233627213606e-07,Decreasing,True,-0.23908045977011494,-2.9624999999999986,-5.773,-0.0,0.13681279543950775,219.27773570904486,29,-0.4315936022802461,0.027129570253382265,OK,FACTOR_LT_ONE,False
2021-2050,CanESM5,SSP5-8.5,351009,R99p,mm,mm year-1,2021,2050,30,-47.0,3141.6666666666665,530.1108065377081,-0.8206874261610726,0.41182433473249114,No significant trend,False,-1.9979034778447382,0.045727125533364346,Decreasing,True,-0.10804597701149425,-2.0475000000000043,-7.747826086956519,2.880000000000001,0.16873553523746676,177.7930176816642,29,-0.4156322323812666,0.014545360104704766,OK,FACTOR_LT_ONE,False
2021-2050,CanESM5,SSP5-8.5,351010,R99p,mm,mm year-1,2021,2050,30,-39.0,3141.6666666666665,398.8265958087127,-0.67795917813306,0.4977975765265772,No significant trend,False,-1.9027929813888267,0.057067563408945865,No significant trend,False,-0.0896551724137931,-1.794999999999999,-8.069999999999999,4.149999999999998,0.1269474575518449,236.31824203921616,29,-0.43652627122407756,-0.12548983802650263,OK,FACTOR_LT_ONE,True
2021-2050,CanESM5,SSP5-8.5,351011,R99p,mm,mm year-1,2021,2050,30,0.0,0.0,0.0,0.0,1.0,No significant trend,False,0.0,1.0,No significant trend,False,0.0,0.0,-0.0,-0.0,1.0,30.0,29,0.0,0.0,NO_VARIATION,ZERO_VARIANCE_RESIDUALS,True
2021-2050,CanESM5,SSP5-8.5,351012,R99p,mm,mm year-1,2021,2050,30,-24.0,2324.6666666666665,234.2444581862065,-0.47703197664236036,0.6333393516758098,No significant trend,False,-1.5027722730501818,0.1328977782180219,No significant trend,False,-0.05517241379310345,0.0,-0.0,-0.0,0.1007647511555233,297.7231587035541,29,-0.44961762442223835,-0.23220255892693695,OK,FACTOR_LT_ONE,True
2021-2050,CanESM5,SSP5-8.5,351201,R99p,mm,mm year-1,2021,2050,30,-79.0,2929.0,475.6341851545427,-1.4412353867713417,0.14951819432029292,No significant trend,False,-3.5764987054142585,0.00034822704031730115,Decreasing,True,-0.18160919540229886,-1.6880952380952376,-7.875,-0.0,0.16238790889537136,184.74281862530412,29,-0.4188060455523143,-0.0813104602891271,OK,FACTOR_LT_ONE,False
2021-2050,CESM2,SSP2-4.5,351001,PRCPTOT,mm,mm year-1,2021,2050,30,23.0,3141.6666666666665,324.5579660032722,0.3925026820770347,0.6946868300138667,No significant trend,False,1.2211711745350908,0.2220212157898649,No significant trend,False,0.052873563218390804,4.2238888888888875,-7.181363636363631,23.151250000000005,0.10330757538565694,290.3949675327019,29,-0.44834621230717153,-0.07068184016484477,OK,FACTOR_LT_ONE,True
2021-2050,CESM2,SSP2-4.5,351002,PRCPTOT,mm,mm year-1,2021,2050,30,33.0,3141.6666666666665,309.1181217011739,0.5709129921120505,0.568058623631595,No significant trend,False,1.8200685504021308,0.06874856623891105,No significant trend,False,0.07586206896551724,3.927777777777793,-8.51285714285714,17.5411111111111,0.09839303608525429,304.89962698179164,29,-0.45080348195737285,-0.15169154117620764,OK,FACTOR_LT_ONE,True
2021-2050,CESM2,SSP2-4.5,351003,PRCPTOT,mm,mm year-1,2021,2050,30,23.0,3141.6666666666665,283.3164213016868,0.3925026820770347,0.6946868300138667,No significant trend,False,1.3070337654226225,0.1912012441860803,No significant trend,False,0.052873563218390804,2.971111111111112,-16.398749999999986,19.871111111111116,0.0901802932525263,332.66691555318914,29,-0.45490985337373685,-0.02729688828188746,OK,FACTOR_LT_ONE,True
2021-2050,CESM2,SSP2-4.5,351004,PRCPTOT,mm,mm year-1,2021,2050,30,19.0,3141.6666666666665,302.6199321380102,0.3211385580630284,0.7481053914270006,No significant trend,False,1.034722136484217,0.30079869499533696,No significant trend,False,0.04367816091954023,2.5782352941176496,-13.681818181818182,22.401999999999997,0.09632464683437991,311.44676867159285,29,-0.45183767658281004,-0.042648243069062904,OK,FACTOR_LT_ONE,True
2021-2050,CESM2,SSP2-4.5,351005,PRCPTOT,mm,mm year-1,2021,2050,30,27.0,3141.6666666666665,346.1048099689844,0.46386680609104103,0.6427431760684212,No significant trend,False,1.3975570022361081,0.16224613794578946,No significant trend,False,0.06206896551724138,4.293333333333332,-13.163333333333336,22.365000000000066,0.11016598725803217,272.3163541369045,29,-0.4449170063709839,-0.061915484441883446,OK,FACTOR_LT_ONE,True
2021-2050,CESM2,SSP2-4.5,351006,PRCPTOT,mm,mm year-1,2021,2050,30,-5.0,3141.6666666666665,394.29749285413715,-0.07136412401400631,0.9431079616717606,No significant trend,False,-0.2014410532541041,0.8403537172134327,No significant trend,False,-0.011494252873563218,-0.8133333333333262,-14.431818181818182,16.441249999999968,0.12550583326922138,239.03271440497338,29,-0.4372470833653893,-0.18499133449052524,OK,FACTOR_LT_ONE,True
2021-2050,CESM2,SSP2-4.5,351007,PRCPTOT,mm,mm year-1,2021,2050,30,11.0,3141.6666666666665,372.2479699487616,0.17841031003501578,0.8584007529637274,No significant trend,False,0.5183031293684874,0.6042467898881082,No significant trend,False,0.02528735632183908,1.7724999999999795,-9.517272727272742,14.306999999999993,0.11848741749032199,253.19144121315995,29,-0.440756291254839,-0.1745421134595686,OK,FACTOR_LT_ONE,True
2021-2050,CESM2,SSP2-4.5,351008,PRCPTOT,mm,mm year-1,2021,2050,30,39.0,3141.6666666666665,293.08280783393377,0.67795917813306,0.4977975765265772,No significant trend,False,2.2196700637037337,0.026441172397786043,Increasing,True,0.0896551724137931,2.54210526315788,-7.452500000000029,14.92727272727272,0.09328895740072163,321.58146940302214,29,-0.4533555212996392,-0.15407337703818869,OK,FACTOR_LT_ONE,False
2021-2050,CESM2,SSP2-4.5,351009,PRCPTOT,mm,mm year-1,2021,2050,30,43.0,3141.6666666666665,301.51253251889887,0.7493233021470662,0.45366236627030876,No significant trend,False,2.4187813211342513,0.015572598821447797,Increasing,True,0.09885057471264368,3.088095238095239,-8.546000000000003,13.5625,0.0959721588919572,312.5906548978769,29,-0.4520139205540214,-0.16483030034875867,OK,FACTOR_LT_ONE,False
2021-2050,CESM2,SSP2-4.5,351010,PRCPTOT,mm,mm year-1,2021,2050,30,21.0,3141.6666666666665,289.4587359394032,0.35682062007003157,0.7212260985001633,No significant trend,False,1.1755379797685785,0.2397795516949195,No significant trend,False,0.04827586206896552,2.4015789473684266,-13.69235294117647,16.5625,0.09213540666506204,325.6077233050958,29,-0.453932296667469,-0.097929244222295,OK,FACTOR_LT_ONE,True
2021-2050,CESM2,SSP2-4.5,351011,PRCPTOT,mm,mm year-1,2021,2050,30,33.0,3141.6666666666665,262.3870700750678,0.5709129921120505,0.568058623631595,No significant trend,False,1.9755078660946885,0.04821054283209851,Increasing,True,0.07586206896551724,1.5325000000000084,-7.314999999999992,9.650000000000015,0.08351843079312504,359.2021511312866,29,-0.4582407846034375,-0.2774654582610247,OK,FACTOR_LT_ONE,False
2021-2050,CESM2,SSP2-4.5,351012,PRCPTOT,mm,mm year-1,2021,2050,30,15.0,3141.6666666666665,239.40757604913517,0.24977443404902208,0.802761791874143,No significant trend,False,0.9048135399725209,0.3655641772923425,No significant trend,False,0.034482758620689655,1.4161904761904658,-17.37578947368423,19.956666666666667,0.07620400298646213,393.6801063499196,29,-0.46189799850676894,-0.1880240796589323,OK,FACTOR_LT_ONE,True
2021-2050,CESM2,SSP2-4.5,351201,PRCPTOT,mm,mm year-1,2021,2050,30,27.0,3141.6666666666665,310.7164915952276,0.46386680609104103,0.6427431760684212,No significant trend,False,1.474997199442422,0.14021329635226715,No significant trend,False,0.06206896551724138,4.683478260869577,-14.339444444444439,25.559375000000003,0.09890180103826873,303.33117986791666,29,-0.45054909948086563,-0.18213791297435275,OK,FACTOR_LT_ONE,True
2021-2050,CESM2,SSP2-4.5,351001,SDII,mm day-1,mm day-1 year-1,2021,2050,30,1.0,3141.6666666666665,444.71185585093843,0.0,1.0,No significant trend,False,0.0,1.0,No significant trend,False,0.0022988505747126436,0.0005821414976340732,-0.20993556056056062,0.21794913419913434,0.14155284536369395,211.93498387772092,29,-0.429223577318153,0.020733535123688588,OK,FACTOR_LT_ONE,True
2021-2050,CESM2,SSP2-4.5,351002,SDII,mm day-1,mm day-1 year-1,2021,2050,30,5.0,3141.6666666666665,342.66342808491214,0.07136412401400631,0.9431079616717606,No significant trend,False,0.21608574294760133,0.8289209126765404,No significant trend,False,0.011494252873563218,0.007636946386946261,-0.14727904040404047,0.1467934668071654,0.10907058718883145,275.051237672918,29,-0.4454647064055843,-0.0023839448836159285,OK,FACTOR_LT_ONE,True
2021-2050,CESM2,SSP2-4.5,351003,SDII,mm day-1,mm day-1 year-1,2021,2050,30,11.0,3141.6666666666665,361.27395353459593,0.17841031003501578,0.8584007529637274,No significant trend,False,0.5261161993650953,0.5988074739697314,No significant trend,False,0.02528735632183908,0.013878378378378464,-0.16961538461538475,0.18029850746268647,0.1149943618677759,260.8823555583963,29,-0.44250281906611205,0.17190442154297172,OK,FACTOR_LT_ONE,True
2021-2050,CESM2,SSP2-4.5,351004,SDII,mm day-1,mm day-1 year-1,2021,2050,30,3.0,3141.6666666666665,337.70255954964233,0.035682062007003156,0.9715358738879935,No significant trend,False,0.10883355602099756,0.9133345080357974,No significant trend,False,0.006896551724137931,0.007506742583158754,-0.26293597881910097,0.2643176361957526,0.10749153089113284,279.09175496238794,29,-0.4462542345544336,0.019439755396132796,OK,FACTOR_LT_ONE,True
2021-2050,CESM2,SSP2-4.5,351005,SDII,mm day-1,mm day-1 year-1,2021,2050,30,-3.0,3141.6666666666665,394.7172530678438,-0.035682062007003156,0.9715358738879935,No significant trend,False,-0.10066695699506391,0.9198148425860124,No significant trend,False,-0.006896551724137931,-0.0032259683514404003,-0.1853079150579149,0.19354139218269656,0.1256394439473243,238.77851618459746,29,-0.43718027802633785,0.05402500943647107,OK,FACTOR_LT_ONE,True
2021-2050,CESM2,SSP2-4.5,351006,SDII,mm day-1,mm day-1 year-1,2021,2050,30,15.0,3141.6666666666665,263.26546049434387,0.24977443404902208,0.802761791874143,No significant trend,False,0.8628416352252565,0.38822454401500894,No significant trend,False,0.034482758620689655,0.022641960141960144,-0.16347472011556544,0.1814690402476781,0.08379802456053387,358.00366604499914,29,-0.45810098771973307,-0.03954435362679562,OK,FACTOR_LT_ONE,True
2021-2050,CESM2,SSP2-4.5,351007,SDII,mm day-1,mm day-1 year-1,2021,2050,30,25.0,3141.6666666666665,283.7632848683357,0.4281847440840379,0.6685166224807093,No significant trend,False,1.4247318734563648,0.15423472189956877,No significant trend,False,0.05747126436781609,0.021211027568922253,-0.08883635554566549,0.10638385101799731,0.0903225309925737,332.1430397302152,29,-0.45483873450371315,0.0160171733124512,OK,FACTOR_LT_ONE,True
2021-2050,CESM2,SSP2-4.5,351008,SDII,mm day-1,mm day-1 year-1,2021,2050,30,33.0,3141.6666666666665,360.56478117852294,0.5709129921120505,0.568058623631595,No significant trend,False,1.6852266808330003,0.09194484527004954,No significant trend,False,0.07586206896551724,0.023678571428571375,-0.0659872448979586,0.11211068669892184,0.11476863061385345,261.3954687752349,29,-0.4426156846930733,0.01624413511946587,OK,FACTOR_LT_ONE,True
2021-2050,CESM2,SSP2-4.5,351009,SDII,mm day-1,mm day-1 year-1,2021,2050,30,33.0,3141.6666666666665,370.5266839111912,0.5709129921120505,0.568058623631595,No significant trend,False,1.6624180033727534,0.09642899159487635,No significant trend,False,0.07586206896551724,0.020966435185185164,-0.05918091413009084,0.10303857623333654,0.11793952803539243,254.36764501039306,29,-0.4410302359823038,0.050411715527372614,OK,FACTOR_LT_ONE,True
2021-2050,CESM2,SSP2-4.5,351010,SDII,mm day-1,mm day-1 year-1,2021,2050,30,15.0,3141.6666666666665,330.6975467103547,0.24977443404902208,0.802761791874143,No significant trend,False,0.7698614070896068,0.44138210893247865,No significant trend,False,0.034482758620689655,0.006565727411407844,-0.11524220931708551,0.11167403198653192,0.10526181858154526,285.00362623660453,29,-0.44736909070922737,0.08495383835248536,OK,FACTOR_LT_ONE,True
2021-2050,CESM2,SSP2-4.5,351011,SDII,mm day-1,mm day-1 year-1,2021,2050,30,45.0,3141.6666666666665,321.5773147101832,0.7850053641540694,0.4324504235358998,No significant trend,False,2.453635091908503,0.014142040886167767,Increasing,True,0.10344827586206896,0.01235003414664433,-0.03129117063492063,0.05373684210526315,0.10235882696345355,293.0865943853701,29,-0.4488205865182732,-0.1237308511146506,OK,FACTOR_LT_ONE,False
2021-2050,CESM2,SSP2-4.5,351012,SDII,mm day-1,mm day-1 year-1,2021,2050,30,9.0,3141.6666666666665,322.8940658681911,0.14272824802801262,0.8865048064138312,No significant trend,False,0.4452049200527186,0.6561716714902015,No significant trend,False,0.020689655172413793,0.01809898173105731,-0.15399802992454495,0.1753455643972885,0.10277795200048523,291.891397095151,29,-0.4486110239997574,-0.04531664410538971,OK,FACTOR_LT_ONE,True
2021-2050,CESM2,SSP2-4.5,351201,SDII,mm day-1,mm day-1 year-1,2021,2050,30,27.0,3141.6666666666665,370.1475025014823,0.46386680609104103,0.6427431760684212,No significant trend,False,1.3514062908933782,0.17656531972374812,No significant trend,False,0.06206896551724138,0.03482180731889473,-0.13665583675330595,0.20147416267942617,0.11781883368747448,254.6282208121141,29,-0.44109058315626276,-0.013129739569582988,OK,FACTOR_LT_ONE,True
2021-2050,CESM2,SSP2-4.5,351001,Rx1day,mm,mm year-1,2021,2050,30,49.0,3141.6666666666665,677.9768076053964,0.8563694881680758,0.3917934361895805,No significant trend,False,1.8434604243032466,0.06526181484667117,No significant trend,False,0.11264367816091954,0.7583333333333334,-1.1838888888888885,2.626666666666667,0.21580163637307048,139.0165547592838,29,-0.39209918181346476,0.22775766936794742,OK,FACTOR_LT_ONE,True
2021-2050,CESM2,SSP2-4.5,351002,Rx1day,mm,mm year-1,2021,2050,30,61.0,3141.6666666666665,635.4807713738184,1.0704618602100946,0.2844114676220474,No significant trend,False,2.380126519857312,0.017306694793671272,Increasing,True,0.14022988505747128,0.5827272727272724,-0.46000000000000085,2.0549999999999997,0.20227504659113582,148.3129061422976,29,-0.3988624767044321,0.20670473414471072,OK,FACTOR_LT_ONE,False
2021-2050,CESM2,SSP2-4.5,351003,Rx1day,mm,mm year-1,2021,2050,30,31.0,3141.6666666666665,565.3742501607903,0.5352309301050473,0.5924901808547871,No significant trend,False,1.261691689141872,0.20705974859203657,No significant trend,False,0.07126436781609195,0.43578947368421056,-1.0095000000000003,2.3614285714285717,0.17995997352598103,166.7037364598682,29,-0.4100200132370095,0.2927510123726923,OK,FACTOR_LT_ONE,True
2021-2050,CESM2,SSP2-4.5,351004,Rx1day,mm,mm year-1,2021,2050,30,57.0,3141.6666666666665,479.59081166912523,0.9990977361960883,0.31774734769908775,No significant trend,False,2.557128779137095,0.010554013781226227,Increasing,True,0.1310344827586207,0.9716666666666663,-1.4612500000000015,3.008333333333334,0.15265490026603457,196.5216966354728,29,-0.4236725498669827,0.13462964890690973,OK,FACTOR_LT_ONE,False
2021-2050,CESM2,SSP2-4.5,351005,Rx1day,mm,mm year-1,2021,2050,30,63.0,3141.6666666666665,545.3888908561905,1.106143922217098,0.2686642304239092,No significant trend,False,2.654841181719578,0.007934575553503236,Increasing,True,0.14482758620689656,0.884999999999998,-0.7530000000000001,2.222608695652174,0.17359858594892008,172.8124675441034,29,-0.41320070702553996,0.21090600144955068,OK,FACTOR_LT_ONE,False
2021-2050,CESM2,SSP2-4.5,351006,Rx1day,mm,mm year-1,2021,2050,30,39.0,3141.6666666666665,743.3221814637117,0.67795917813306,0.4977975765265772,No significant trend,False,1.3937826377156808,0.16338325267670661,No significant trend,False,0.0896551724137931,0.5271428571428568,-0.6419999999999995,2.105555555555555,0.23660122486908597,126.79562422637214,29,-0.381699387565457,-0.1651101840722646,OK,FACTOR_LT_ONE,True
2021-2050,CESM2,SSP2-4.5,351007,Rx1day,mm,mm year-1,2021,2050,30,21.0,3141.6666666666665,656.1454005250955,0.35682062007003157,0.7212260985001633,No significant trend,False,0.7807822851562489,0.4349305547599923,No significant trend,False,0.04827586206896552,0.2649999999999997,-0.796,1.5330434782608697,0.20885264738199327,143.64194266175494,29,-0.39557367630900336,0.12718697935063375,OK,FACTOR_LT_ONE,True
2021-2050,CESM2,SSP2-4.5,351008,Rx1day,mm,mm year-1,2021,2050,30,45.0,3141.6666666666665,562.2904660099578,0.7850053641540694,0.4324504235358998,No significant trend,False,1.8555485265883447,0.06351793632243738,No significant trend,False,0.10344827586206896,0.44624999999999976,-0.6705882352941179,1.3862500000000004,0.17897839766895207,167.6179940748469,29,-0.41051080116552396,0.21326690371172674,OK,FACTOR_LT_ONE,True
2021-2050,CESM2,SSP2-4.5,351009,Rx1day,mm,mm year-1,2021,2050,30,69.0,3141.6666666666665,650.3032626955683,1.2131901082381074,0.2250571451510026,No significant trend,False,2.66655745856991,0.007663250565533508,Increasing,True,0.15862068965517243,0.49727272727272714,-0.4124999999999998,1.3850000000000005,0.20699308096410662,144.93238063934183,29,-0.3965034595179467,0.21668199173851868,OK,FACTOR_LT_ONE,False
2021-2050,CESM2,SSP2-4.5,351010,Rx1day,mm,mm year-1,2021,2050,30,-3.0,3141.6666666666665,379.88069263769046,-0.035682062007003156,0.9715358738879935,No significant trend,False,-0.10261394515618104,0.9182693746337927,No significant trend,False,-0.006896551724137931,-0.003750000000000142,-0.7254545454545455,1.013333333333333,0.12091693134356196,248.1042122609019,29,-0.439541534328219,0.1060976882401314,OK,FACTOR_LT_ONE,True
2021-2050,CESM2,SSP2-4.5,351011,Rx1day,mm,mm year-1,2021,2050,30,59.0,3141.6666666666665,721.2836235225608,1.0347797982030915,0.3007717594347785,No significant trend,False,2.159608149515388,0.030803017008933335,Increasing,True,0.135632183908046,0.3277777777777773,-0.284,1.071818181818182,0.2295862992644756,130.66981826054447,29,-0.3852068503677622,0.24283907529898704,OK,FACTOR_LT_ONE,False
2021-2050,CESM2,SSP2-4.5,351012,Rx1day,mm,mm year-1,2021,2050,30,13.0,3141.6666666666665,519.1008485923029,0.21409237204201895,0.8304750241244809,No significant trend,False,0.5266903685864354,0.5984086250921152,No significant trend,False,0.029885057471264367,0.1740000000000009,-1.0628571428571425,1.6749999999999972,0.16523103933972505,181.56394900063648,29,-0.4173844803301375,0.1717304230759453,OK,FACTOR_LT_ONE,True
2021-2050,CESM2,SSP2-4.5,351201,Rx1day,mm,mm year-1,2021,2050,30,37.0,3141.6666666666665,1093.6722470782481,0.6422771161260568,0.5206932698330874,No significant trend,False,1.088576375522817,0.2763407394271298,No significant trend,False,0.08505747126436781,0.6088888888888894,-0.9794999999999998,2.82,0.3481184871336599,86.17755479467402,29,-0.32594075643317005,0.2797662400537416,OK,FACTOR_LT_ONE,True
2021-2050,CESM2,SSP2-4.5,351001,Rx5day,mm,mm year-1,2021,2050,30,65.0,3141.6666666666665,495.510085655179,1.141825984224101,0.2535263593015791,No significant trend,False,2.8751050977715438,0.004038930326678834,Increasing,True,0.14942528735632185,2.4658333333333338,-2.221578947368423,7.559600000000001,0.15772204317936733,190.20803557485553,29,-0.42113897841031633,-4.7787675009886604e-05,OK,FACTOR_LT_ONE,False
2021-2050,CESM2,SSP2-4.5,351002,Rx5day,mm,mm year-1,2021,2050,30,65.0,3141.6666666666665,378.05313011859124,1.141825984224101,0.2535263593015791,No significant trend,False,3.2915734823331753,0.000996285849807454,Increasing,True,0.14942528735632185,1.5939999999999999,-1.1753846153846155,5.095714285714288,0.12033521383085133,249.3035832567628,29,-0.43983239308457434,-0.029622088755517775,OK,FACTOR_LT_ONE,False
2021-2050,CESM2,SSP2-4.5,351003,Rx5day,mm,mm year-1,2021,2050,30,45.0,3141.6666666666665,362.62959250848075,0.7850053641540694,0.4324504235358998,No significant trend,False,2.3105802429754365,0.020856051575243072,Increasing,True,0.10344827586206896,1.247368421052631,-2.132666666666667,5.24777777777778,0.11542586498943685,259.90708410758225,29,-0.4422870675052816,0.013493399225440145,OK,FACTOR_LT_ONE,False
2021-2050,CESM2,SSP2-4.5,351004,Rx5day,mm,mm year-1,2021,2050,30,65.0,3141.6666666666665,403.99792746028857,1.141825984224101,0.2535263593015791,No significant trend,False,3.1841271760463243,0.0014519120807544757,Increasing,True,0.14942528735632185,2.6099999999999945,-2.0023076923076926,7.591739130434781,0.12859350476189557,233.29327601380928,29,-0.4357032476190522,0.0025308068218937484,OK,FACTOR_LT_ONE,False
2021-2050,CESM2,SSP2-4.5,351005,Rx5day,mm,mm year-1,2021,2050,30,67.0,3141.6666666666665,367.91278245428236,1.177508046231104,0.2389927879015219,No significant trend,False,3.4408956094605636,0.0005797921738991305,Increasing,True,0.15402298850574714,2.3399999999999994,-1.5492857142857142,6.652727272727272,0.11710751696157529,256.17484494905176,29,-0.44144624151921236,-0.01326517870390249,OK,FACTOR_LT_ONE,False
2021-2050,CESM2,SSP2-4.5,351006,Rx5day,mm,mm year-1,2021,2050,30,65.0,3141.6666666666665,361.7313621314119,1.141825984224101,0.2535263593015791,No significant trend,False,3.3650141292399196,0.0007653973944789788,Increasing,True,0.14942528735632185,2.2099999999999995,-1.5332000000000006,6.3135,0.11513995611609928,260.55247033228017,29,-0.44243002194195036,-0.11960292323009108,OK,FACTOR_LT_ONE,False
2021-2050,CESM2,SSP2-4.5,351007,Rx5day,mm,mm year-1,2021,2050,30,79.0,3141.6666666666665,443.0200989529909,1.391600418273123,0.16404343214420547,No significant trend,False,3.7058077720599027,0.00021071807591887566,Increasing,True,0.18160919540229886,1.8770588235294117,-0.8216666666666678,4.728571428571428,0.1410143551044003,212.74429810914947,29,-0.42949282244779985,-0.07074804684201694,OK,FACTOR_LT_ONE,False
2021-2050,CESM2,SSP2-4.5,351008,Rx5day,mm,mm year-1,2021,2050,30,61.0,3141.6666666666665,497.8692061523213,1.0704618602100946,0.2844114676220474,No significant trend,False,2.6890174322921374,0.007166267677705069,Increasing,True,0.14022988505747128,1.2420833333333334,-1.554615384615384,4.151666666666665,0.15847295686546037,189.30674730496295,29,-0.4207635215672698,0.009576188035802088,OK,FACTOR_LT_ONE,False
2021-2050,CESM2,SSP2-4.5,351009,Rx5day,mm,mm year-1,2021,2050,30,69.0,3141.6666666666665,395.5266895813354,1.2131901082381074,0.2250571451510026,No significant trend,False,3.419172528748407,0.0006281188661732287,Increasing,True,0.15862068965517243,1.3662500000000009,-1.1800000000000024,3.9853846153846155,0.12589708952191048,238.28986129801638,29,-0.43705145523904476,0.011527518513851712,OK,FACTOR_LT_ONE,False
2021-2050,CESM2,SSP2-4.5,351010,Rx5day,mm,mm year-1,2021,2050,30,41.0,3141.6666666666665,342.95843768263217,0.7136412401400631,0.4754490495282657,No significant trend,False,2.159927854989517,0.03077825501611896,Increasing,True,0.09425287356321839,0.9833333333333343,-1.4203846153846145,3.6811111111111106,0.10916448944805268,274.8146412050586,29,-0.44541775527597366,-0.060653653196230485,OK,FACTOR_LT_ONE,False
2021-2050,CESM2,SSP2-4.5,351011,Rx5day,mm,mm year-1,2021,2050,30,65.0,3141.6666666666665,400.3830336495163,1.141825984224101,0.2535263593015791,No significant trend,False,3.1984689648854214,0.0013815940308068383,Increasing,True,0.14942528735632185,0.9435714285714302,-0.7221052631578939,2.95,0.12744287543220678,235.3995850945665,29,-0.4362785622838966,0.06190866801371233,OK,FACTOR_LT_ONE,False
2021-2050,CESM2,SSP2-4.5,351012,Rx5day,mm,mm year-1,2021,2050,30,35.0,3141.6666666666665,387.3764905638068,0.6065950541190537,0.5441196833389506,No significant trend,False,1.7274770520034815,0.08408202303002067,No significant trend,False,0.08045977011494253,1.4787999999999988,-2.745833333333335,5.345384615384617,0.1233028617179226,243.3033555103561,29,-0.4383485691410387,-0.039236929332375645,OK,FACTOR_LT_ONE,True
2021-2050,CESM2,SSP2-4.5,351201,Rx5day,mm,mm year-1,2021,2050,30,57.0,3141.6666666666665,455.2706505997475,0.9990977361960883,0.31774734769908775,No significant trend,False,2.624540023222929,0.008676609451473739,Increasing,True,0.1310344827586207,2.5462500000000006,-1.6416666666666657,8.790000000000001,0.1449137349389117,207.01971426412055,29,-0.42754313253054416,0.02466523864250652,OK,FACTOR_LT_ONE,False
2021-2050,CESM2,SSP2-4.5,351001,CDD,days,days year-1,2021,2050,30,4.0,3122.6666666666665,560.5855685401583,0.05368567785575374,0.9571855937609747,No significant trend,False,0.12670690946433585,0.8991723769583424,No significant trend,False,0.009195402298850575,0.0,-0.5714285714285714,0.5357142857142857,0.1795214245965494,167.11097334159987,29,-0.4102392877017253,-0.2854757929883139,OK,FACTOR_LT_ONE,True
2021-2050,CESM2,SSP2-4.5,351002,CDD,days,days year-1,2021,2050,30,-69.0,3109.6666666666665,430.20731861606856,-1.2194162931684127,0.22268622896185186,No significant trend,False,-3.2784609534540072,0.0010437480299349672,Decreasing,True,-0.15862068965517243,-0.20689655172413793,-0.6666666666666666,0.14285714285714285,0.13834515552022786,216.84893762408333,29,-0.43082742223988607,-0.33216637963040185,OK,FACTOR_LT_ONE,False
2021-2050,CESM2,SSP2-4.5,351003,CDD,days,days year-1,2021,2050,30,-23.0,3118.3333333333335,615.0254943426884,-0.39396842138641774,0.6936043537696813,No significant trend,False,-0.8871072354232487,0.3750211689676206,No significant trend,False,-0.052873563218390804,-0.09090909090909091,-0.625,0.2777777777777778,0.19722891320449654,152.1075156404403,29,-0.40138554339775173,-0.15437473552984265,OK,FACTOR_LT_ONE,True
2021-2050,CESM2,SSP2-4.5,351004,CDD,days,days year-1,2021,2050,30,-68.0,3088.0,465.0745511065338,-1.2056913825040634,0.22793650898058426,No significant trend,False,-3.1068015626559395,0.0018912330334359378,Decreasing,True,-0.15632183908045977,-0.2,-0.6,0.125,0.15060704375211587,199.19387070220301,29,-0.42469647812394207,-0.2218811014022132,OK,FACTOR_LT_ONE,False
2021-2050,CESM2,SSP2-4.5,351005,CDD,days,days year-1,2021,2050,30,-68.0,3108.6666666666665,328.16132406541135,-1.201676932515306,0.22948872177497648,No significant trend,False,-3.698546685642493,0.0002168374706041321,Decreasing,True,-0.15632183908045977,-0.2222222222222222,-0.6666666666666666,0.14285714285714285,0.10556336823892709,284.1894920603465,29,-0.44721831588053645,-0.35196608021245124,OK,FACTOR_LT_ONE,False
2021-2050,CESM2,SSP2-4.5,351006,CDD,days,days year-1,2021,2050,30,-70.0,3111.3333333333335,604.1443048653576,-1.2370174322559744,0.21608061094811015,No significant trend,False,-2.807234857052757,0.004996879624700288,Decreasing,True,-0.16091954022988506,-0.48,-1.0,0.1111111111111111,0.19417537118020922,154.49951153773134,29,-0.4029123144098954,-0.3591181783616337,OK,FACTOR_LT_ONE,False
2021-2050,CESM2,SSP2-4.5,351007,CDD,days,days year-1,2021,2050,30,32.0,3128.0,763.9873742755588,0.5542788683854174,0.5793880099441332,No significant trend,False,1.1215499055059743,0.26205386118706564,No significant trend,False,0.0735632183908046,0.11538461538461539,-0.4,0.5,0.24424148793975664,122.82925498472089,29,-0.3778792560301217,-0.2820247476866291,OK,FACTOR_LT_ONE,True
2021-2050,CESM2,SSP2-4.5,351008,CDD,days,days year-1,2021,2050,30,-1.0,3126.3333333333335,967.2958635511453,0.0,1.0,No significant trend,False,0.0,1.0,No significant trend,False,-0.0022988505747126436,0.0,-0.5,0.47058823529411764,0.3094026645328325,96.96102664564005,29,-0.34529866773358375,-0.1027744436626519,OK,FACTOR_LT_ONE,True
2021-2050,CESM2,SSP2-4.5,351009,CDD,days,days year-1,2021,2050,30,-32.0,3121.3333333333335,1021.9656258848123,-0.5548704779767984,0.5789832561176291,No significant trend,False,-0.9697137408816986,0.3321891993131538,No significant trend,False,-0.0735632183908046,-0.07692307692307693,-0.6666666666666666,0.32142857142857145,0.32741316506348106,91.62734795402439,29,-0.33629341746825947,-0.07023275334237422,OK,FACTOR_LT_ONE,True
2021-2050,CESM2,SSP2-4.5,351010,CDD,days,days year-1,2021,2050,30,49.0,3131.0,240.58598916155933,0.8578269843625851,0.39098800704211534,No significant trend,False,3.0946110457846254,0.00197071147560271,Increasing,True,0.11264367816091954,0.16666666666666666,-0.2608695652173913,0.6363636363636364,0.07683998376287426,390.42173788816825,29,-0.46158000811856287,-0.3246532631409361,OK,FACTOR_LT_ONE,False
2021-2050,CESM2,SSP2-4.5,351011,CDD,days,days year-1,2021,2050,30,-29.0,3118.3333333333335,429.1607296812234,-0.5014143544918044,0.6160795394836975,No significant trend,False,-1.3515995665506046,0.17650344906782356,No significant trend,False,-0.06666666666666667,-0.0625,-0.5714285714285714,0.2727272727272727,0.13762503356960665,217.98359805541403,29,-0.4311874832151967,-0.26126396173824645,OK,FACTOR_LT_ONE,True
2021-2050,CESM2,SSP2-4.5,351012,CDD,days,days year-1,2021,2050,30,3.0,3124.3333333333335,455.7848813090024,0.03578090447338243,0.9714570593390124,No significant trend,False,0.09368068076641285,0.925362817291741,No significant trend,False,0.006896551724137931,0.0,-0.5,0.35714285714285715,0.1458822835727096,205.64525907662815,29,-0.4270588582136452,-0.05590962236229577,OK,FACTOR_LT_ONE,True
2021-2050,CESM2,SSP2-4.5,351201,CDD,days,days year-1,2021,2050,30,-31.0,3123.6666666666665,994.494009898289,-0.5367708379291661,0.5914259177244758,No significant trend,False,-0.9513058532800289,0.3414491365039738,No significant trend,False,-0.07126436781609195,-0.07692307692307693,-0.625,0.4,0.31837392270780784,94.22882296654969,29,-0.3408130386460961,-0.06328358996805024,OK,FACTOR_LT_ONE,True
2021-2050,CESM2,SSP2-4.5,351001,CWD,days,days year-1,2021,2050,30,5.0,3047.0,206.7060301507535,0.07246424375447368,0.9422324599834683,No significant trend,False,0.2782168429492375,0.7808459062744785,No significant trend,False,0.011494252873563218,0.0,-0.12,0.1,0.0678391959798994,442.22222222222285,29,-0.4660804020100503,-0.400502512562814,OK,FACTOR_LT_ONE,True
2021-2050,CESM2,SSP2-4.5,351002,CWD,days,days year-1,2021,2050,30,47.0,3031.0,344.7135411767351,0.8355354166823319,0.4034163145384744,No significant trend,False,2.4775855518256353,0.013227469325691464,Increasing,True,0.10804597701149425,0.0,-0.043478260869565216,0.125,0.1137293108468278,263.78424151716183,29,-0.4431353445765861,-0.32748101861183904,OK,FACTOR_LT_ONE,False
2021-2050,CESM2,SSP2-4.5,351003,CWD,days,days year-1,2021,2050,30,-21.0,2982.3333333333335,307.30436581833,-0.366228302807933,0.7141947244527791,No significant trend,False,-1.1408948784021895,0.2539136709944527,No significant trend,False,-0.04827586206896552,0.0,-0.08695652173913043,0.05555555555555555,0.10304158907510785,291.1445783132552,29,-0.4484792054624461,-0.1747672253258846,OK,FACTOR_LT_ONE,True
2021-2050,CESM2,SSP2-4.5,351004,CWD,days,days year-1,2021,2050,30,47.0,3039.0,182.03237994350053,0.8344349415038304,0.4040359342078935,No significant trend,False,3.409443580045821,0.0006509554100752547,Increasing,True,0.10804597701149425,0.0,-0.045454545454545456,0.1111111111111111,0.05989877589453785,500.8449597170431,29,-0.4700506120527311,-0.12874293785310736,OK,FACTOR_LT_ONE,False
2021-2050,CESM2,SSP2-4.5,351005,CWD,days,days year-1,2021,2050,30,72.0,3036.0,273.25223496060397,1.2885683653371143,0.1975481871975101,No significant trend,False,4.29513172324499,1.7458964130192377e-05,Increasing,True,0.16551724137931034,0.05,-0.0,0.125,0.09000402996067325,333.3184082213689,29,-0.4549979850196634,-0.18798932755242428,OK,FACTOR_LT_ONE,False
2021-2050,CESM2,SSP2-4.5,351006,CWD,days,days year-1,2021,2050,30,-51.0,3048.3333333333335,539.8820242656443,-0.9056049272769916,0.36514499987895244,No significant trend,False,-2.1518924932306858,0.03140582263349367,Decreasing,True,-0.11724137931034483,0.0,-0.16666666666666666,0.047619047619047616,0.17710727969348639,169.38885884261782,29,-0.4114463601532568,0.003591954022988516,OK,FACTOR_LT_ONE,False
2021-2050,CESM2,SSP2-4.5,351007,CWD,days,days year-1,2021,2050,30,-9.0,3069.6666666666665,621.3132986787951,-0.14439241424296176,0.8851906065968699,No significant trend,False,-0.32094799155999615,0.7482498041720641,No significant trend,False,-0.020689655172413793,0.0,-0.14285714285714285,0.1111111111111111,0.20240415854450922,148.21829855537734,29,-0.3987979207277454,-0.025146198830409347,OK,FACTOR_LT_ONE,True
2021-2050,CESM2,SSP2-4.5,351008,CWD,days,days year-1,2021,2050,30,-40.0,3068.6666666666665,934.6826640778993,-0.7040277037189209,0.4814155211003207,No significant trend,False,-1.275652877891751,0.202078253009372,No significant trend,False,-0.09195402298850575,0.0,-0.13636363636363635,0.0625,0.3045891801253202,98.49332135716966,29,-0.3477054099373399,-0.3395816785808844,OK,FACTOR_LT_ONE,True
2021-2050,CESM2,SSP2-4.5,351009,CWD,days,days year-1,2021,2050,30,-27.0,3049.6666666666665,446.9659413983157,-0.4708116075343173,0.6377752746780582,No significant trend,False,-1.2298046541854355,0.21877026495040663,No significant trend,False,-0.06206896551724138,0.0,-0.125,0.07692307692307693,0.14656222802436847,204.69121140142593,29,-0.42671888598781577,-0.48929503916449096,OK,FACTOR_LT_ONE,True
2021-2050,CESM2,SSP2-4.5,351010,CWD,days,days year-1,2021,2050,30,-18.0,3039.3333333333335,418.5084953445722,-0.3083612196879074,0.7578074873324013,No significant trend,False,-0.8309918841334674,0.40597821418528235,No significant trend,False,-0.041379310344827586,0.0,-0.11764705882352941,0.08333333333333333,0.13769746501795532,217.86893459576828,29,-0.43115126749102234,-0.32075041129331855,OK,FACTOR_LT_ONE,True
2021-2050,CESM2,SSP2-4.5,351011,CWD,days,days year-1,2021,2050,30,-51.0,3124.3333333333335,435.0418416581725,-0.8945226118345608,0.3710423370107001,No significant trend,False,-2.3972012195394052,0.0165208483850737,Decreasing,True,-0.11724137931034483,-0.125,-0.5,0.2222222222222222,0.13924309452411365,215.4505406715498,29,-0.4303784527379432,-0.16546321862969232,OK,FACTOR_LT_ONE,False
2021-2050,CESM2,SSP2-4.5,351012,CWD,days,days year-1,2021,2050,30,11.0,3063.0,373.57041008643745,0.18068683123763254,0.8566133958013952,No significant trend,False,0.5173849188776233,0.604887485232516,No significant trend,False,0.02528735632183908,0.0,-0.08333333333333333,0.1111111111111111,0.12196226251597697,245.97772606973425,29,-0.4390188687420115,-0.42757522583999485,OK,FACTOR_LT_ONE,True
2021-2050,CESM2,SSP2-4.5,351201,CWD,days,days year-1,2021,2050,30,-46.0,3064.6666666666665,460.68279865365827,-0.8128696177400503,0.4162928155317329,No significant trend,False,-2.096580371341659,0.03603073836680309,Decreasing,True,-0.10574712643678161,-0.043478260869565216,-0.125,0.058823529411764705,0.15032068696551826,199.57332956362578,29,-0.42483965651724087,-0.36853459842694436,OK,FACTOR_LT_ONE,False
2021-2050,CESM2,SSP2-4.5,351001,R10mm,days,days year-1,2021,2050,30,1.0,3103.6666666666665,172.43098339344246,0.0,1.0,No significant trend,False,0.0,1.0,No significant trend,False,0.0022988505747126436,0.0,-0.42857142857142855,0.4,0.05555718506930807,539.9841615908858,29,-0.47222140746534597,-0.37366216920870826,OK,FACTOR_LT_ONE,True
2021-2050,CESM2,SSP2-4.5,351002,R10mm,days,days year-1,2021,2050,30,21.0,3123.6666666666665,216.86415322756596,0.3578472252861108,0.7204576469057145,No significant trend,False,1.3581136376592233,0.17442762847540894,No significant trend,False,0.04827586206896552,0.08695652173913043,-0.3333333333333333,0.5,0.06942615085718684,432.11383073377556,29,-0.4652869245714066,-0.30947028876350935,OK,FACTOR_LT_ONE,True
2021-2050,CESM2,SSP2-4.5,351003,R10mm,days,days year-1,2021,2050,30,-3.0,3126.3333333333335,195.0443939619253,-0.03576945763614787,0.9714661867509216,No significant trend,False,-0.1432066744236479,0.8861269587281557,No significant trend,False,-0.006896551724137931,0.0,-0.45454545454545453,0.4,0.062387587363874175,480.86488462882346,29,-0.4688062063180629,-0.23128121169596721,OK,FACTOR_LT_ONE,True
2021-2050,CESM2,SSP2-4.5,351004,R10mm,days,days year-1,2021,2050,30,5.0,3130.3333333333335,214.76352120925358,0.07149319376233838,0.9430052412893275,No significant trend,False,0.2729478849607572,0.784893276635473,No significant trend,False,0.011494252873563218,0.0,-0.47058823529411764,0.43478260869565216,0.06860723710230654,437.27165335727267,29,-0.46569638144884673,-0.33320690124681485,OK,FACTOR_LT_ONE,True
2021-2050,CESM2,SSP2-4.5,351005,R10mm,days,days year-1,2021,2050,30,13.0,3127.6666666666665,203.0456209216761,0.2145709950711496,0.8301018097836211,No significant trend,False,0.8421402643198055,0.3997094457893716,No significant trend,False,0.029885057471264367,0.0625,-0.3333333333333333,0.4666666666666667,0.06491920097676951,462.112896471648,29,-0.46754039951161525,-0.33739460596805865,OK,FACTOR_LT_ONE,True
2021-2050,CESM2,SSP2-4.5,351006,R10mm,days,days year-1,2021,2050,30,-21.0,3131.6666666666665,305.8217234580685,-0.35738986364395453,0.7207999640211444,No significant trend,False,-1.1436570985606356,0.2527658718871739,No significant trend,False,-0.04827586206896552,-0.07142857142857142,-0.5,0.4166666666666667,0.09765462164706817,307.2051224408248,29,-0.4511726891764659,-0.25259052580527247,OK,FACTOR_LT_ONE,True
2021-2050,CESM2,SSP2-4.5,351007,R10mm,days,days year-1,2021,2050,30,23.0,3135.6666666666665,358.8964708430479,0.3928780234090116,0.6944095739170253,No significant trend,False,1.161283049401089,0.2455268104994318,No significant trend,False,0.052873563218390804,0.10344827586206896,-0.4,0.5714285714285714,0.11445619352919567,262.1090137192755,29,-0.44277190323540216,-0.2521893679923024,OK,FACTOR_LT_ONE,True
2021-2050,CESM2,SSP2-4.5,351008,R10mm,days,days year-1,2021,2050,30,41.0,3124.3333333333335,207.6720445403652,0.7156180894676487,0.47422720073327806,No significant trend,False,2.775690072032734,0.005508469075470107,Increasing,True,0.09425287356321839,0.16,-0.2727272727272727,0.5,0.06646923435624619,451.336626494192,29,-0.4667653828218769,-0.3281863136617894,OK,FACTOR_LT_ONE,False
2021-2050,CESM2,SSP2-4.5,351009,R10mm,days,days year-1,2021,2050,30,23.0,3135.6666666666665,183.4807481943111,0.3928780234090116,0.6944095739170253,No significant trend,False,1.6241548360648739,0.10434276713280213,No significant trend,False,0.052873563218390804,0.09523809523809523,-0.35,0.5,0.05851411125575989,512.696841089711,29,-0.47074294437212005,-0.38329880576231234,OK,FACTOR_LT_ONE,True
2021-2050,CESM2,SSP2-4.5,351010,R10mm,days,days year-1,2021,2050,30,8.0,3129.3333333333335,200.8270437470607,0.1251330778615997,0.9004181967505136,No significant trend,False,0.4939544955408243,0.6213383166201791,No significant trend,False,0.01839080459770115,0.0,-0.4666666666666667,0.45,0.06417566374533257,467.4669220259038,29,-0.4679121681273337,-0.24712370777068807,OK,FACTOR_LT_ONE,True
2021-2050,CESM2,SSP2-4.5,351011,R10mm,days,days year-1,2021,2050,30,32.0,3126.6666666666665,292.39820521853784,0.5543970389162102,0.5793071521389088,No significant trend,False,1.8129020604617594,0.06984692839656881,No significant trend,False,0.0735632183908046,0.16666666666666666,-0.3076923076923077,0.5294117647058824,0.0935175496434556,320.7954027279137,29,-0.4532412251782722,-0.2943398886366084,OK,FACTOR_LT_ONE,True
2021-2050,CESM2,SSP2-4.5,351012,R10mm,days,days year-1,2021,2050,30,10.0,3132.0,137.64602124028917,0.16081688022566923,0.872237629786812,No significant trend,False,0.7671153591975698,0.4430129307479763,No significant trend,False,0.022988505747126436,0.043478260869565216,-0.4,0.5625,0.04394828264377049,682.6205302075073,29,-0.47802585867811476,-0.3595063470518773,OK,FACTOR_LT_ONE,True
2021-2050,CESM2,SSP2-4.5,351201,R10mm,days,days year-1,2021,2050,30,3.0,3133.0,174.0797990669702,0.035731380706432246,0.9714965483366047,No significant trend,False,0.15158485313165973,0.8795143807907377,No significant trend,False,0.006896551724137931,0.0,-0.4782608695652174,0.5,0.05556329366963619,539.9247960060037,29,-0.4722183531651819,-0.386519150073688,OK,FACTOR_LT_ONE,True
2021-2050,CESM2,SSP2-4.5,351001,R20mm,days,days year-1,2021,2050,30,5.0,3119.6666666666665,384.0947041708169,0.07161531311046118,0.9429080532675636,No significant trend,False,0.20409897878279112,0.8382761523533817,No significant trend,False,0.011494252873563218,0.0,-0.3333333333333333,0.4375,0.1231204308700129,243.66386462433,29,-0.43843978456499355,-0.13862634857924327,OK,FACTOR_LT_ONE,True
2021-2050,CESM2,SSP2-4.5,351002,R20mm,days,days year-1,2021,2050,30,4.0,3127.3333333333335,306.97317176918494,0.053645607503634646,0.9572175192704052,No significant trend,False,0.1712265254278839,0.8640456512070128,No significant trend,False,0.009195402298850575,0.0,-0.3076923076923077,0.32142857142857145,0.09815812356720899,305.6293143120138,29,-0.4509209382163955,-0.16653453941796253,OK,FACTOR_LT_ONE,True
2021-2050,CESM2,SSP2-4.5,351003,R20mm,days,days year-1,2021,2050,30,-11.0,3123.6666666666665,261.5369891187361,-0.1789236126430554,0.8579976817538962,No significant trend,False,-0.6183486830054061,0.5363455173044387,No significant trend,False,-0.02528735632183908,0.0,-0.375,0.3333333333333333,0.08372756027704709,358.3049583761029,29,-0.45813621986147646,-0.10852901804849421,OK,FACTOR_LT_ONE,True
2021-2050,CESM2,SSP2-4.5,351004,R20mm,days,days year-1,2021,2050,30,4.0,3123.3333333333335,311.7370406976588,0.05367994802193031,0.9571901589241318,No significant trend,False,0.16991317317902882,0.8650784210677658,No significant trend,False,0.009195402298850575,0.0,-0.4,0.46153846153846156,0.09980908453500281,300.57384194801494,29,-0.4500954577324986,-0.18240452114853398,OK,FACTOR_LT_ONE,True
2021-2050,CESM2,SSP2-4.5,351005,R20mm,days,days year-1,2021,2050,30,4.0,3123.3333333333335,445.31056910882086,0.05367994802193031,0.9571901589241318,No significant trend,False,0.1421640388767351,0.8869504360526573,No significant trend,False,0.009195402298850575,0.0,-0.3333333333333333,0.36363636363636365,0.1425754223400707,210.4149474545763,29,-0.42871228882996465,-0.0886402893075221,OK,FACTOR_LT_ONE,True
2021-2050,CESM2,SSP2-4.5,351006,R20mm,days,days year-1,2021,2050,30,-31.0,3109.6666666666665,286.73682780979516,-0.5379777763978292,0.5905923914104189,No significant trend,False,-1.7716564780761592,0.07645159831656026,No significant trend,False,-0.07126436781609195,-0.0625,-0.38461538461538464,0.2727272727272727,0.09220821989810113,325.3506035920969,29,-0.45389589005094944,-0.21597290014839426,OK,FACTOR_LT_ONE,True
2021-2050,CESM2,SSP2-4.5,351007,R20mm,days,days year-1,2021,2050,30,-4.0,3118.6666666666665,379.66138157396495,-0.053720095432441564,0.9571581720785066,No significant trend,False,-0.1539653674576061,0.8776370426944675,No significant trend,False,-0.009195402298850575,0.0,-0.2857142857142857,0.23076923076923078,0.12173836519045478,246.4301204724263,29,-0.4391308174047726,-0.14114320824093005,OK,FACTOR_LT_ONE,True
2021-2050,CESM2,SSP2-4.5,351008,R20mm,days,days year-1,2021,2050,30,-5.0,3126.3333333333335,400.6781126473083,-0.07153891527229574,0.9429688539738211,No significant trend,False,-0.19983068708259355,0.841613000521875,No significant trend,False,-0.011494252873563218,0.0,-0.25,0.2631578947368421,0.12816231346006235,234.07817157848459,29,-0.4359188432699688,-0.08747362245746758,OK,FACTOR_LT_ONE,True
2021-2050,CESM2,SSP2-4.5,351009,R20mm,days,days year-1,2021,2050,30,4.0,3120.6666666666665,374.89687647310353,0.053702878372408815,0.9571718895037479,No significant trend,False,0.15494063934671484,0.87686811492572,No significant trend,False,0.009195402298850575,0.0,-0.3076923076923077,0.3076923076923077,0.12013358571024468,249.72200590397992,29,-0.43993320714487766,-0.07729913191044972,OK,FACTOR_LT_ONE,True
2021-2050,CESM2,SSP2-4.5,351010,R20mm,days,days year-1,2021,2050,30,-8.0,3102.6666666666665,261.4707865640882,-0.12566967156607664,0.8999934100809932,No significant trend,False,-0.432898871165957,0.6650882401317991,No significant trend,False,-0.01839080459770115,0.0,-0.3125,0.25,0.08427292218438598,355.98623166716743,29,-0.457863538907807,-0.049754067347710935,OK,FACTOR_LT_ONE,True
2021-2050,CESM2,SSP2-4.5,351011,R20mm,days,days year-1,2021,2050,30,2.0,3118.6666666666665,438.2844721235613,0.01790669847748052,0.9857132852594367,No significant trend,False,0.047766339139932015,0.961902463395034,No significant trend,False,0.004597701149425287,0.0,-0.2,0.22727272727272727,0.14053585040302308,213.46866236598848,29,-0.42973207479848846,-0.060740524497640246,OK,FACTOR_LT_ONE,True
2021-2050,CESM2,SSP2-4.5,351012,R20mm,days,days year-1,2021,2050,30,12.0,3126.6666666666665,187.22194742145277,0.19672152993801006,0.8440454608543996,No significant trend,False,0.8039227262617578,0.42144160409892706,No significant trend,False,0.027586206896551724,0.0,-0.4444444444444444,0.3793103448275862,0.05987908766144545,501.0096374483708,29,-0.4700604561692773,-0.30131904369332235,OK,FACTOR_LT_ONE,True
2021-2050,CESM2,SSP2-4.5,351201,R20mm,days,days year-1,2021,2050,30,15.0,3127.6666666666665,205.88433611332968,0.25033282758300784,0.8023299717173367,No significant trend,False,0.9757001741827737,0.32921306589630006,No significant trend,False,0.034482758620689655,0.05555555555555555,-0.37037037037037035,0.4444444444444444,0.06582681534050827,455.74132433441156,29,-0.46708659232974586,-0.31756872991315577,OK,FACTOR_LT_ONE,True
2021-2050,CESM2,SSP2-4.5,351001,R50mm,days,days year-1,2021,2050,30,23.0,3047.0,338.26599384194344,0.39855334064960524,0.6902223476406164,No significant trend,False,1.1961716656120753,0.23162957556138852,No significant trend,False,0.052873563218390804,0.0,-0.0625,0.14285714285714285,0.11101607937050983,270.2311248073958,29,-0.4444919603147451,0.008587068080738957,OK,FACTOR_LT_ONE,True
2021-2050,CESM2,SSP2-4.5,351002,R50mm,days,days year-1,2021,2050,30,55.0,2885.0,193.52167644938874,1.0053582615012442,0.3147243702077892,No significant trend,False,3.88176241808801,0.00010370216619255609,Increasing,True,0.12643678160919541,0.0,-0.0,0.09090909090909091,0.06707857069302903,447.2367209088084,29,-0.4664607146534855,-0.1557306147667593,OK,FACTOR_LT_ONE,False
2021-2050,CESM2,SSP2-4.5,351003,R50mm,days,days year-1,2021,2050,30,43.0,3065.6666666666665,242.50160593233545,0.7585545618986074,0.448119062441397,No significant trend,False,2.6970685255649474,0.006995287357651483,Increasing,True,0.09885057471264368,0.0,-0.0625,0.15,0.07910240489257436,379.2552203784668,29,-0.4604487975537128,0.11757801546288502,OK,FACTOR_LT_ONE,False
2021-2050,CESM2,SSP2-4.5,351004,R50mm,days,days year-1,2021,2050,30,38.0,3065.3333333333335,258.4132596988675,0.6682867801555449,0.5039505502841514,No significant trend,False,2.3016767292141527,0.021353409479250504,Increasing,True,0.08735632183908046,0.0,-0.07692307692307693,0.15789473684210525,0.08430184635674232,355.8640919090695,29,-0.45784907682162884,0.024245796241345194,OK,FACTOR_LT_ONE,False
2021-2050,CESM2,SSP2-4.5,351005,R50mm,days,days year-1,2021,2050,30,19.0,3040.3333333333335,265.9073249671761,0.32644641575851796,0.7440866245204265,No significant trend,False,1.1038431186088018,0.2696611968473781,No significant trend,False,0.04367816091954023,0.0,-0.07692307692307693,0.1,0.08745992488778953,343.01424382069604,29,-0.45627003755610523,-0.00582577631217367,OK,FACTOR_LT_ONE,True
2021-2050,CESM2,SSP2-4.5,351006,R50mm,days,days year-1,2021,2050,30,9.0,3059.0,462.837460527282,0.14464394177469586,0.8849920015136499,No significant trend,False,0.37185680710203256,0.7099994655996269,No significant trend,False,0.020689655172413793,0.0,-0.1,0.14285714285714285,0.15130351766174632,198.2769499587439,29,-0.42434824116912684,-0.0020929720202687773,OK,FACTOR_LT_ONE,True
2021-2050,CESM2,SSP2-4.5,351007,R50mm,days,days year-1,2021,2050,30,31.0,2737.0,182.2153351698801,0.5734345499245157,0.5663505026125149,No significant trend,False,2.2224335910743327,0.026254017339029278,Increasing,True,0.07126436781609195,0.0,-0.0,0.05,0.06657483930211183,450.62068965517375,29,-0.4667125803489441,-0.17079889807162538,OK,FACTOR_LT_ONE,False
2021-2050,CESM2,SSP2-4.5,351008,R50mm,days,days year-1,2021,2050,30,63.0,2790.3333333333335,261.0001898203324,1.1737176783147147,0.2405081268844549,No significant trend,False,3.83770226011542,0.0001241909326463319,Increasing,True,0.14482758620689656,0.0,-0.0,0.07142857142857142,0.09353727983048588,320.7277360894809,29,-0.45323136008475706,-0.12042113627334129,OK,FACTOR_LT_ONE,False
2021-2050,CESM2,SSP2-4.5,351009,R50mm,days,days year-1,2021,2050,30,46.0,2663.3333333333335,197.89317175256707,0.8719664023105752,0.3832267066258819,No significant trend,False,3.1988738165209973,0.0013796554037000762,Increasing,True,0.10574712643678161,0.0,-0.0,0.043478260869565216,0.07430281792962468,403.7531931617218,29,-0.46284859103518766,-0.12501095050372313,OK,FACTOR_LT_ONE,False
2021-2050,CESM2,SSP2-4.5,351010,R50mm,days,days year-1,2021,2050,30,0.0,2615.3333333333335,280.58132339656805,0.0,1.0,No significant trend,False,0.0,1.0,No significant trend,False,0.0,0.0,-0.0,-0.0,0.1072831978319786,279.63372276602394,29,-0.4463584010840107,0.1392784552845528,OK,FACTOR_LT_ONE,True
2021-2050,CESM2,SSP2-4.5,351011,R50mm,days,days year-1,2021,2050,30,35.0,2019.6666666666667,1099.10951233229,0.756552495531408,0.44931801071345967,No significant trend,False,1.02555376605597,0.30510196984574167,No significant trend,False,0.08045977011494253,0.0,-0.0,-0.0,0.544203422511449,55.12644492670175,29,-0.22789828874427548,0.16999276934201013,OK,FACTOR_LT_ONE,True
2021-2050,CESM2,SSP2-4.5,351012,R50mm,days,days year-1,2021,2050,30,-15.0,3088.3333333333335,416.10630033849753,-0.25192191630704186,0.8011014190384748,No significant trend,False,-0.686318791180982,0.4925121018391597,No significant trend,False,-0.034482758620689655,0.0,-0.18181818181818182,0.125,0.13473490566815893,222.6594500603099,29,-0.43263254716592053,0.09361991734105478,OK,FACTOR_LT_ONE,True
2021-2050,CESM2,SSP2-4.5,351201,R50mm,days,days year-1,2021,2050,30,-30.0,3054.6666666666665,328.05876928713445,-0.524706065999053,0.5997875397801968,No significant trend,False,-1.6011136950122014,0.1093517394818893,No significant trend,False,-0.06896551724137931,0.0,-0.125,0.09090909090909091,0.10739593058286812,279.3401932194405,29,-0.44630203470856594,-0.03710347019446596,OK,FACTOR_LT_ONE,True
2021-2050,CESM2,SSP2-4.5,351001,R95p,mm,mm year-1,2021,2050,30,22.0,3140.6666666666665,365.9652820023361,0.37472129316105224,0.7078677545995548,No significant trend,False,1.097739650210686,0.27231819066372187,No significant trend,False,0.05057471264367816,1.954666666666666,-6.296666666666671,15.145454545454548,0.11652471301284317,257.4561157399585,29,-0.4417376434935784,0.03764394973684557,OK,FACTOR_LT_ONE,True
2021-2050,CESM2,SSP2-4.5,351002,R95p,mm,mm year-1,2021,2050,30,44.0,3113.3333333333335,277.10534364736714,0.7706472709833533,0.4409160340199292,No significant trend,False,2.583128465203136,0.009790885840784675,Increasing,True,0.10114942528735632,1.8732142857142853,-3.6973684210526314,8.507272727272728,0.08900599903020356,337.05593248630026,29,-0.4554970004848982,-0.0987426600864872,OK,FACTOR_LT_ONE,False
2021-2050,CESM2,SSP2-4.5,351003,R95p,mm,mm year-1,2021,2050,30,36.0,3140.6666666666665,307.00934635147786,0.6245354886017538,0.53227597136615,No significant trend,False,1.9975251031365782,0.045768170264201345,Increasing,True,0.08275862068965517,3.410526315789474,-5.106,14.064999999999984,0.09775292284593862,306.8961942680819,29,-0.4511235385770307,0.1235412796555071,OK,FACTOR_LT_ONE,False
2021-2050,CESM2,SSP2-4.5,351004,R95p,mm,mm year-1,2021,2050,30,15.0,3141.6666666666665,337.4893851463814,0.24977443404902208,0.802761791874143,No significant trend,False,0.7620754598037418,0.44601496834746857,No significant trend,False,0.034482758620689655,1.9675000000000011,-7.449999999999996,13.818000000000001,0.10742367696967048,279.26804263523826,29,-0.44628816151516476,0.09228320844660064,OK,FACTOR_LT_ONE,True
2021-2050,CESM2,SSP2-4.5,351005,R95p,mm,mm year-1,2021,2050,30,19.0,3141.6666666666665,354.1353676932233,0.3211385580630284,0.7481053914270006,No significant trend,False,0.9565063422582092,0.3388164816700131,No significant trend,False,0.04367816091954023,2.3899999999999992,-9.096666666666668,11.29739130434783,0.11272213295275013,266.14116690441915,29,-0.44363893352362493,0.12838578692933542,OK,FACTOR_LT_ONE,True
2021-2050,CESM2,SSP2-4.5,351006,R95p,mm,mm year-1,2021,2050,30,1.0,3141.6666666666665,319.86060759654964,0.0,1.0,No significant trend,False,0.0,1.0,No significant trend,False,0.0022988505747126436,0.3319230769230724,-17.005714285714287,16.71357142857143,0.10181239499094419,294.65960409504544,29,-0.4490938025045279,-0.13363896185077237,OK,FACTOR_LT_ONE,True
2021-2050,CESM2,SSP2-4.5,351007,R95p,mm,mm year-1,2021,2050,30,9.0,3141.6666666666665,403.9183708442503,0.14272824802801262,0.8865048064138312,No significant trend,False,0.39805509210205614,0.6905895762464265,No significant trend,False,0.020689655172413793,0.6871428571428575,-11.254615384615384,11.738,0.12856818170108764,233.3392259505387,29,-0.4357159091494562,-0.058971634959273454,OK,FACTOR_LT_ONE,True
2021-2050,CESM2,SSP2-4.5,351008,R95p,mm,mm year-1,2021,2050,30,17.0,3141.6666666666665,369.5060389556698,0.28545649605602524,0.7752944295177846,No significant trend,False,0.832356187596934,0.40520792418577267,No significant trend,False,0.03908045977011494,1.5195454545454554,-6.900740740740741,11.01300000000001,0.11761465430949702,255.07025613540057,29,-0.4411926728452515,0.05109876283193129,OK,FACTOR_LT_ONE,True
2021-2050,CESM2,SSP2-4.5,351009,R95p,mm,mm year-1,2021,2050,30,37.0,3141.6666666666665,339.9569223734908,0.6422771161260568,0.5206932698330874,No significant trend,False,1.952497813950092,0.05087913024048889,No significant trend,False,0.08505747126436781,3.964736842105259,-7.4605263157894735,15.078999999999985,0.10820909995973182,277.24100848416623,29,-0.4458954500201341,-0.05679720852639581,OK,FACTOR_LT_ONE,True
2021-2050,CESM2,SSP2-4.5,351010,R95p,mm,mm year-1,2021,2050,30,7.0,3141.6666666666665,287.79566986360777,0.10704618602100947,0.9147523390847367,No significant trend,False,0.3536788768358574,0.7235795545612662,No significant trend,False,0.016091954022988506,0.5769565217391321,-9.744374999999998,13.028181818181823,0.09160604876295209,327.4892914291135,29,-0.45419697561852396,0.015694421616065993,OK,FACTOR_LT_ONE,True
2021-2050,CESM2,SSP2-4.5,351011,R95p,mm,mm year-1,2021,2050,30,45.0,2191.6666666666665,459.16076228306656,0.9398648879517538,0.34728686980207146,No significant trend,False,2.053384561268737,0.04003529543698423,Increasing,True,0.10344827586206896,0.0,-0.0,-0.0,0.2095030094067224,143.19603372264197,29,-0.3952484952966388,0.04474828260155923,OK,FACTOR_LT_ONE,False
2021-2050,CESM2,SSP2-4.5,351012,R95p,mm,mm year-1,2021,2050,30,7.0,3141.6666666666665,443.35878375121877,0.10704618602100947,0.9147523390847367,No significant trend,False,0.28495323505582165,0.7756799701746033,No significant trend,False,0.016091954022988506,1.1937499999999996,-13.038421052631577,11.984444444444444,0.14112215928420757,212.5817812890933,29,-0.4294389203578962,0.09334760458244619,OK,FACTOR_LT_ONE,True
2021-2050,CESM2,SSP2-4.5,351201,R95p,mm,mm year-1,2021,2050,30,-5.0,3141.6666666666665,634.2640340073351,-0.07136412401400631,0.9431079616717606,No significant trend,False,-0.15882722521189974,0.8738049984555991,No significant trend,False,-0.011494252873563218,-0.3770000000000039,-9.543333333333331,14.646666666666667,0.20188775618270616,148.59742149420066,29,-0.3990561219086469,0.03791690598889413,OK,FACTOR_LT_ONE,True
2021-2050,CESM2,SSP2-4.5,351001,R99p,mm,mm year-1,2021,2050,30,64.0,2976.6666666666665,358.08195950580426,1.1547167014875506,0.2482064578733083,No significant trend,False,3.3292723869796648,0.0008707320205308096,Increasing,True,0.1471264367816092,0.7050000000000001,-0.0,7.82923076923077,0.12029629098739225,249.3842474590025,29,-0.4398518545063039,-0.06231526111374784,OK,FACTOR_LT_ONE,False
2021-2050,CESM2,SSP2-4.5,351002,R99p,mm,mm year-1,2021,2050,30,36.0,2324.6666666666665,406.5859381417896,0.725918225325331,0.4678889029739828,No significant trend,False,1.7357687575614034,0.08260473039037984,No significant trend,False,0.08275862068965517,0.0,-0.0,-0.0,0.17490074769506292,171.52585335029323,29,-0.41254962615246854,0.01410142933570681,OK,FACTOR_LT_ONE,True
2021-2050,CESM2,SSP2-4.5,351003,R99p,mm,mm year-1,2021,2050,30,-4.0,2808.0,313.0517944261698,-0.05661385170722979,0.9548528001763662,No significant trend,False,-0.16955599742078692,0.8653593303303135,No significant trend,False,-0.009195402298850575,0.0,-2.8499999999999996,1.5579999999999985,0.1114856817757015,269.09285140630993,29,-0.44425715911214925,0.16742136407331995,OK,FACTOR_LT_ONE,True
2021-2050,CESM2,SSP2-4.5,351004,R99p,mm,mm year-1,2021,2050,30,49.0,2929.0,283.77488771047933,0.8869140841669795,0.37512515829629034,No significant trend,False,2.8494054926107406,0.004380101657367054,Increasing,True,0.11264367816091954,0.0,-0.0,7.783157894736842,0.09688456391617595,309.64684968759167,29,-0.451557718041912,-0.08044523365447667,OK,FACTOR_LT_ONE,False
2021-2050,CESM2,SSP2-4.5,351005,R99p,mm,mm year-1,2021,2050,30,65.0,2929.0,306.00808349735183,1.1825521122226395,0.23698670087709106,No significant trend,False,3.6585881595232137,0.0002536085029900156,Increasing,True,0.14942528735632185,0.0,-0.0,8.03217391304348,0.10447527603187157,287.14927722084315,29,-0.4477623619840642,-0.04146286659624877,OK,FACTOR_LT_ONE,False
2021-2050,CESM2,SSP2-4.5,351006,R99p,mm,mm year-1,2021,2050,30,21.0,3141.6666666666665,320.80344130395844,0.35682062007003157,0.7212260985001633,No significant trend,False,1.1166330720201278,0.26415124495723874,No significant trend,False,0.04827586206896552,2.210000000000001,-8.926470588235293,13.425599999999998,0.10211250121080906,293.793606505296,29,-0.44894374939459547,0.005873249650265518,OK,FACTOR_LT_ONE,True
2021-2050,CESM2,SSP2-4.5,351007,R99p,mm,mm year-1,2021,2050,30,35.0,3133.0,402.68082624124423,0.6074334720093482,0.5435632807444621,No significant trend,False,1.6943317202645665,0.0902022662230152,No significant trend,False,0.08045977011494253,1.5342105263157884,-3.9899999999999998,8.14,0.1285288305908855,233.41066640131265,29,-0.43573558470455725,0.05363489577343216,OK,FACTOR_LT_ONE,True
2021-2050,CESM2,SSP2-4.5,351008,R99p,mm,mm year-1,2021,2050,30,48.0,3097.3333333333335,449.843828709446,0.8445082270182491,0.3983854680386735,No significant trend,False,2.2159858070450764,0.026692474183808188,Increasing,True,0.1103448275862069,1.287857142857143,-2.136153846153845,6.432857142857143,0.1452358465484651,206.56057518134148,29,-0.42738207672576745,-0.04468544638093599,OK,FACTOR_LT_ONE,False
2021-2050,CESM2,SSP2-4.5,351009,R99p,mm,mm year-1,2021,2050,30,23.0,3141.6666666666665,363.8266714550255,0.3925026820770347,0.6946868300138667,No significant trend,False,1.1533879616875338,0.24875118039636046,No significant trend,False,0.052873563218390804,0.8372727272727274,-7.075882352941174,10.457777777777778,0.11580689807587019,259.05192608082535,29,-0.4420965509620649,0.04995663537014576,OK,FACTOR_LT_ONE,True
2021-2050,CESM2,SSP2-4.5,351010,R99p,mm,mm year-1,2021,2050,30,-1.0,3141.6666666666665,344.78941636985456,0.0,1.0,No significant trend,False,0.0,1.0,No significant trend,False,-0.0022988505747126436,-0.053888888888887244,-8.924999999999997,11.148571428571424,0.10974729433523223,273.3552583844346,29,-0.4451263528323839,0.12323886826278257,OK,FACTOR_LT_ONE,True
2021-2050,CESM2,SSP2-4.5,351011,R99p,mm,mm year-1,2021,2050,30,13.0,299.6666666666667,80.71481481481476,0.6932055442544401,0.48818056932261955,No significant trend,False,1.3356867527778993,0.18165168107701246,No significant trend,False,0.029885057471264367,0.0,-0.0,-0.0,0.2693486590038312,111.37980085348515,29,-0.3653256704980844,-0.035632183908045977,OK,FACTOR_LT_ONE,True
2021-2050,CESM2,SSP2-4.5,351012,R99p,mm,mm year-1,2021,2050,30,12.0,2324.6666666666665,288.4460066512869,0.22814572795938975,0.8195329515732854,No significant trend,False,0.6476799004770468,0.5171920069042784,No significant trend,False,0.027586206896551724,0.0,-0.0,-0.0,0.12408058789129062,241.77835155232805,29,-0.4379597060543547,0.1260334740186092,OK,FACTOR_LT_ONE,True
2021-2050,CESM2,SSP2-4.5,351201,R99p,mm,mm year-1,2021,2050,30,26.0,2976.6666666666665,688.5808810841157,0.4582209132887105,0.6467937363974459,No significant trend,False,0.9527139593792406,0.3407350185879662,No significant trend,False,0.059770114942528735,0.0,-3.5813636363636365,12.336666666666668,0.2313261638580456,129.6870163740304,29,-0.3843369180709772,0.1236449330738084,OK,FACTOR_LT_ONE,True
2021-2050,CESM2,SSP5-8.5,351001,PRCPTOT,mm,mm year-1,2021,2050,30,-17.0,3141.6666666666665,211.85293805320626,-0.28545649605602524,0.7752944295177846,No significant trend,False,-1.099265851734268,0.27165212265294547,No significant trend,False,-0.03908045977011494,-2.6636842105263225,-21.693333333333346,16.206999999999994,0.06743329593205505,444.88408263816183,29,-0.4662833520339725,-0.22186339429686952,OK,FACTOR_LT_ONE,True
2021-2050,CESM2,SSP5-8.5,351002,PRCPTOT,mm,mm year-1,2021,2050,30,1.0,3141.6666666666665,240.2252270649236,0.0,1.0,No significant trend,False,0.0,1.0,No significant trend,False,0.0022988505747126436,0.09999999999999432,-15.445882352941172,13.296363636363635,0.0764642632567396,392.34014325451284,29,-0.4617678683716302,-0.22666092003537489,OK,FACTOR_LT_ONE,True
2021-2050,CESM2,SSP5-8.5,351003,PRCPTOT,mm,mm year-1,2021,2050,30,-9.0,3141.6666666666665,364.1027570145104,-0.14272824802801262,0.8865048064138312,No significant trend,False,-0.41925476116192206,0.6750299547156274,No significant trend,False,-0.020689655172413793,-1.4923529411764709,-19.80277777777779,15.125000000000023,0.11589477676854443,258.8554966537754,29,-0.4420526116157278,-0.1761870873094846,OK,FACTOR_LT_ONE,True
2021-2050,CESM2,SSP5-8.5,351004,PRCPTOT,mm,mm year-1,2021,2050,30,-9.0,3141.6666666666665,245.56811646483078,-0.14272824802801262,0.8865048064138312,No significant trend,False,-0.5105096988833031,0.6096944214594955,No significant trend,False,-0.020689655172413793,-2.4200000000000044,-25.83375000000001,15.821111111111046,0.07816491770763845,383.80389668175053,29,-0.4609175411461808,-0.19788666424789383,OK,FACTOR_LT_ONE,True
2021-2050,CESM2,SSP5-8.5,351005,PRCPTOT,mm,mm year-1,2021,2050,30,-9.0,3141.6666666666665,198.01581585820344,-0.14272824802801262,0.8865048064138312,No significant trend,False,-0.5685125382257126,0.5696869944328976,No significant trend,False,-0.020689655172413793,-3.5861538461538376,-23.993999999999996,16.74466666666667,0.06302890690446794,475.972081278049,29,-0.46848554654776603,-0.21969710543927923,OK,FACTOR_LT_ONE,True
2021-2050,CESM2,SSP5-8.5,351006,PRCPTOT,mm,mm year-1,2021,2050,30,-51.0,3141.6666666666665,172.5412547559454,-0.8920515501750789,0.372365302198027,No significant trend,False,-3.806479790288567,0.00014095880521462707,Decreasing,True,-0.11724137931034483,-6.220000000000027,-21.079090909090898,8.55583333333334,0.05492029329101711,546.2461724490985,29,-0.47253985335449145,-0.2826978992266087,OK,FACTOR_LT_ONE,False
2021-2050,CESM2,SSP5-8.5,351007,PRCPTOT,mm,mm year-1,2021,2050,30,-63.0,3141.6666666666665,184.83503277795904,-1.106143922217098,0.2686642304239092,No significant trend,False,-4.560364382468379,5.106493298584266e-06,Decreasing,True,-0.14482758620689656,-5.616428571428571,-17.919166666666666,5.377916666666664,0.05883343218396575,509.91415741636933,29,-0.4705832839080171,-0.27020289055940183,OK,FACTOR_LT_ONE,False
2021-2050,CESM2,SSP5-8.5,351008,PRCPTOT,mm,mm year-1,2021,2050,30,-11.0,3141.6666666666665,209.83264493056313,-0.17841031003501578,0.8584007529637274,No significant trend,False,-0.6903406903924788,0.48997996484379325,No significant trend,False,-0.02528735632183908,-0.9560000000000173,-14.284999999999968,12.346956521739127,0.06679023180813681,449.16747835489934,29,-0.4666048840959316,-0.2577568420604319,OK,FACTOR_LT_ONE,True
2021-2050,CESM2,SSP5-8.5,351009,PRCPTOT,mm,mm year-1,2021,2050,30,-9.0,3141.6666666666665,219.78175097774405,-0.14272824802801262,0.8865048064138312,No significant trend,False,-0.5396276227535638,0.589453863002613,No significant trend,False,-0.020689655172413793,-0.3437500000000284,-14.279411764705879,12.660000000000004,0.06995705601413604,428.83451233193654,29,-0.465021471992932,-0.2656926270018828,OK,FACTOR_LT_ONE,True
2021-2050,CESM2,SSP5-8.5,351010,PRCPTOT,mm,mm year-1,2021,2050,30,-1.0,3141.6666666666665,355.2951840529719,0.0,1.0,No significant trend,False,0.0,1.0,No significant trend,False,-0.0022988505747126436,-0.14500000000000618,-13.814999999999989,13.44000000000002,0.11309130526885047,265.2723825998948,29,-0.44345434736557476,-0.2398165560827967,OK,FACTOR_LT_ONE,True
2021-2050,CESM2,SSP5-8.5,351011,PRCPTOT,mm,mm year-1,2021,2050,30,1.0,3141.6666666666665,313.10094830963953,0.0,1.0,No significant trend,False,0.0,1.0,No significant trend,False,0.0022988505747126436,0.009999999999990905,-11.281999999999993,9.406842105263152,0.09966077930280304,301.0211259621991,29,-0.4501696103485985,-0.3040188862106774,OK,FACTOR_LT_ONE,True
2021-2050,CESM2,SSP5-8.5,351012,PRCPTOT,mm,mm year-1,2021,2050,30,-7.0,3141.6666666666665,245.39059530441463,-0.10704618602100947,0.9147523390847367,No significant trend,False,-0.3830207420146436,0.701704384791523,No significant trend,False,-0.016091954022988506,-1.0113333333333079,-24.19857142857141,20.67666666666666,0.07810841229848742,384.081549185208,29,-0.4609457938507563,-0.2382715186094054,OK,FACTOR_LT_ONE,True
2021-2050,CESM2,SSP5-8.5,351201,PRCPTOT,mm,mm year-1,2021,2050,30,-7.0,3141.6666666666665,186.84304681539527,-0.10704618602100947,0.9147523390847367,No significant trend,False,-0.4389477023424214,0.6606994310259944,No significant trend,False,-0.016091954022988506,-2.0149999999999295,-26.020909090909093,22.413571428571426,0.05947258784574916,504.43407772685765,29,-0.4702637060771254,-0.2358848830646398,OK,FACTOR_LT_ONE,True
2021-2050,CESM2,SSP5-8.5,351001,SDII,mm day-1,mm day-1 year-1,2021,2050,30,-45.0,3141.6666666666665,170.3281393918249,-0.7850053641540694,0.4324504235358998,No significant trend,False,-3.371393733997626,0.0007478888546563979,Decreasing,True,-0.10344827586206896,-0.05775867729831119,-0.21652434672499155,0.09665691056910575,0.05421585338731827,553.3436831784217,29,-0.47289207330634087,-0.32992295738244215,OK,FACTOR_LT_ONE,False
2021-2050,CESM2,SSP5-8.5,351002,SDII,mm day-1,mm day-1 year-1,2021,2050,30,-29.0,3141.6666666666665,192.72248712124582,-0.49954886809804416,0.617392769071009,No significant trend,False,-2.016934689408919,0.043702329391783354,Decreasing,True,-0.06666666666666667,-0.020536991403321336,-0.1591599999999998,0.08132679795854769,0.06134402773090053,489.04516233596195,29,-0.46932798613454974,-0.307960211018512,OK,FACTOR_LT_ONE,False
2021-2050,CESM2,SSP5-8.5,351003,SDII,mm day-1,mm day-1 year-1,2021,2050,30,-59.0,3141.6666666666665,398.63932639889146,-1.0347797982030915,0.3007717594347785,No significant trend,False,-2.9049450615390087,0.0036731756762670383,Decreasing,True,-0.135632183908046,-0.06151870425589604,-0.2080990088343031,0.06388893360160962,0.12688784925163654,236.42925762344478,29,-0.43655607537418173,-0.061258301914382654,OK,FACTOR_LT_ONE,False
2021-2050,CESM2,SSP5-8.5,351004,SDII,mm day-1,mm day-1 year-1,2021,2050,30,-31.0,3141.6666666666665,254.44570487091346,-0.5352309301050473,0.5924901808547871,No significant trend,False,-1.8807180496831906,0.06001028302185817,No significant trend,False,-0.07126436781609195,-0.07939285714285688,-0.2981955465587044,0.1435695988956208,0.08099067529047643,370.413012268434,29,-0.4595046623547618,-0.29245592810638743,OK,FACTOR_LT_ONE,True
2021-2050,CESM2,SSP5-8.5,351005,SDII,mm day-1,mm day-1 year-1,2021,2050,30,-43.0,3141.6666666666665,212.44800756748404,-0.7493233021470662,0.45366236627030876,No significant trend,False,-2.881528764170428,0.003957511110326736,Decreasing,True,-0.09885057471264368,-0.062318422318422426,-0.2598346198830408,0.08328557422969193,0.06762270797904002,443.63795678366864,29,-0.46618864601048,-0.3068243319254684,OK,FACTOR_LT_ONE,False
2021-2050,CESM2,SSP5-8.5,351006,SDII,mm day-1,mm day-1 year-1,2021,2050,30,-13.0,3141.6666666666665,140.28871106129944,-0.21409237204201895,0.8304750241244809,No significant trend,False,-1.0131409829557447,0.31099282514944737,No significant trend,False,-0.029885057471264367,-0.021661639014580045,-0.15708333333333316,0.12685267857142865,0.04465423163754889,671.8288256195987,29,-0.47767288418122555,-0.35687073881567744,OK,FACTOR_LT_ONE,True
2021-2050,CESM2,SSP5-8.5,351007,SDII,mm day-1,mm day-1 year-1,2021,2050,30,-27.0,3141.6666666666665,178.3924320071734,-0.46386680609104103,0.6427431760684212,No significant trend,False,-1.9466377218341377,0.05157818285884136,No significant trend,False,-0.06206896551724138,-0.019174252136752036,-0.09461211725168031,0.06311857163552137,0.05678273697841063,528.3295874132715,29,-0.4716086315107947,-0.33647659241666095,OK,FACTOR_LT_ONE,True
2021-2050,CESM2,SSP5-8.5,351008,SDII,mm day-1,mm day-1 year-1,2021,2050,30,7.0,3141.6666666666665,189.8688122781109,0.10704618602100947,0.9147523390847367,No significant trend,False,0.4354361019978913,0.6632459102897628,No significant trend,False,0.016091954022988506,0.004065511101801372,-0.07636493987049028,0.07801663023445196,0.060435696215844326,496.3953735695519,29,-0.46978215189207784,-0.2779715301711108,OK,FACTOR_LT_ONE,True
2021-2050,CESM2,SSP5-8.5,351009,SDII,mm day-1,mm day-1 year-1,2021,2050,30,23.0,3141.6666666666665,286.7695040656187,0.3925026820770347,0.6946868300138667,No significant trend,False,1.299140728277922,0.1938956380551421,No significant trend,False,0.052873563218390804,0.020256550680113106,-0.06400155279503114,0.08946668179411539,0.09127941773971948,328.66116746651585,29,-0.45436029113014026,-0.2664267585452879,OK,FACTOR_LT_ONE,True
2021-2050,CESM2,SSP5-8.5,351010,SDII,mm day-1,mm day-1 year-1,2021,2050,30,-23.0,3141.6666666666665,260.59488391017453,-0.3925026820770347,0.6946868300138667,No significant trend,False,-1.3628238904840324,0.17293801989189594,No significant trend,False,-0.052873563218390804,-0.02002890882601032,-0.08981300066755668,0.08140574866310163,0.082947973658411,361.6724879084249,29,-0.4585260131707945,-0.16406224567885497,OK,FACTOR_LT_ONE,True
2021-2050,CESM2,SSP5-8.5,351011,SDII,mm day-1,mm day-1 year-1,2021,2050,30,27.0,3141.6666666666665,167.87182597122774,0.46386680609104103,0.6427431760684212,No significant trend,False,2.0067091955771494,0.044780636325459255,Increasing,True,0.06206896551724138,0.010180802553579523,-0.048962547632008906,0.05862752631983388,0.05343400296166401,561.4402503500135,29,-0.473282998519168,-0.2772251127956916,OK,FACTOR_LT_ONE,False
2021-2050,CESM2,SSP5-8.5,351012,SDII,mm day-1,mm day-1 year-1,2021,2050,30,-23.0,3141.6666666666665,264.5890927483765,-0.3925026820770347,0.6946868300138667,No significant trend,False,-1.3524982512658854,0.17621597782907095,No significant trend,False,-0.052873563218390804,-0.018752437397372645,-0.16635926573426588,0.10893420126671405,0.08421933986685726,356.21271844955254,29,-0.45789033006657137,-0.17455227868754697,OK,FACTOR_LT_ONE,True
2021-2050,CESM2,SSP5-8.5,351201,SDII,mm day-1,mm day-1 year-1,2021,2050,30,15.0,3141.6666666666665,234.23765032311886,0.24977443404902208,0.802761791874143,No significant trend,False,0.9147442415477032,0.36032591273596704,No significant trend,False,0.034482758620689655,0.019179166666666622,-0.162797474009097,0.17126247116493645,0.07455840328587338,402.36913181970084,29,-0.4627207983570633,-0.2438496978687323,OK,FACTOR_LT_ONE,True
2021-2050,CESM2,SSP5-8.5,351001,Rx1day,mm,mm year-1,2021,2050,30,-13.0,3141.6666666666665,347.70153917967485,-0.21409237204201895,0.8304750241244809,No significant trend,False,-0.6435435463839991,0.5198714681025027,No significant trend,False,-0.029885057471264367,-0.28933333333333355,-2.0452,1.8761538461538463,0.11067422997761533,271.0658118522055,29,-0.44466288501119233,-0.3920767263946213,OK,FACTOR_LT_ONE,True
2021-2050,CESM2,SSP5-8.5,351002,Rx1day,mm,mm year-1,2021,2050,30,15.0,3141.6666666666665,273.6961235104863,0.24977443404902208,0.802761791874143,No significant trend,False,0.8462403172944922,0.3974186947769456,No significant trend,False,0.034482758620689655,0.1974999999999998,-1.158125,1.8314285714285712,0.08711812949935904,344.36001062466244,29,-0.4564409352503205,-0.4829351962797908,OK,FACTOR_LT_ONE,True
2021-2050,CESM2,SSP5-8.5,351003,Rx1day,mm,mm year-1,2021,2050,30,49.0,3141.6666666666665,1090.7181076429952,0.8563694881680758,0.3917934361895805,No significant trend,False,1.4533993973938364,0.14611289370277092,No significant trend,False,0.11264367816091954,0.791739130434783,-0.8099999999999994,2.0677777777777777,0.34717817749909663,86.41096112695061,29,-0.3264109112504517,-0.024802500903908876,OK,FACTOR_LT_ONE,True
2021-2050,CESM2,SSP5-8.5,351004,Rx1day,mm,mm year-1,2021,2050,30,-5.0,3141.6666666666665,186.80753367870435,-0.07136412401400631,0.9431079616717606,No significant trend,False,-0.2926596156949745,0.7697823409505676,No significant trend,False,-0.011494252873563218,-0.08153846153846062,-2.335,1.7579310344827588,0.05946128392956107,504.52997341158243,29,-0.47026935803521946,-0.31668571841737125,OK,FACTOR_LT_ONE,True
2021-2050,CESM2,SSP5-8.5,351005,Rx1day,mm,mm year-1,2021,2050,30,5.0,3141.6666666666665,183.11806503587718,0.07136412401400631,0.9431079616717606,No significant trend,False,0.2955931707009877,0.7675407896918209,No significant trend,False,0.011494252873563218,0.3312500000000007,-1.8479999999999999,1.6999999999999993,0.05828691725279911,514.6952594848257,29,-0.47085654137360045,-0.45837995960829675,OK,FACTOR_LT_ONE,True
2021-2050,CESM2,SSP5-8.5,351006,Rx1day,mm,mm year-1,2021,2050,30,7.0,3141.6666666666665,318.41239341068484,0.10704618602100947,0.9147523390847367,No significant trend,False,0.33624533579882154,0.7366858680497,No significant trend,False,0.016091954022988506,0.0912500000000005,-1.4349999999999987,1.6178571428571433,0.10135142495830818,295.99978502858517,29,-0.4493242875208459,-0.2898961541318958,OK,FACTOR_LT_ONE,True
2021-2050,CESM2,SSP5-8.5,351007,Rx1day,mm,mm year-1,2021,2050,30,25.0,3141.6666666666665,280.1153067333611,0.4281847440840379,0.6685166224807093,No significant trend,False,1.4339790982974976,0.15157822765452839,No significant trend,False,0.05747126436781609,0.2923076923076924,-0.7974999999999999,1.2166666666666668,0.08916137084351017,336.46858181054563,29,-0.4554193145782449,-0.2893028674994562,OK,FACTOR_LT_ONE,True
2021-2050,CESM2,SSP5-8.5,351008,Rx1day,mm,mm year-1,2021,2050,30,-9.0,3141.6666666666665,250.06944690785053,-0.14272824802801262,0.8865048064138312,No significant trend,False,-0.505894164935081,0.6129309488010956,No significant trend,False,-0.020689655172413793,-0.09666666666666639,-1.1263636363636362,1.153529411764706,0.07959770193353333,376.89530314645236,29,-0.46020114903323334,-0.3939990803784703,OK,FACTOR_LT_ONE,True
2021-2050,CESM2,SSP5-8.5,351009,Rx1day,mm,mm year-1,2021,2050,30,-5.0,3141.6666666666665,253.09757979450876,-0.07136412401400631,0.9431079616717606,No significant trend,False,-0.2514293630520451,0.8014821682461527,No significant trend,False,-0.011494252873563218,-0.08500000000000085,-1.0792857142857142,1.0942307692307693,0.0805615638603211,372.3860183748974,29,-0.45971921806983945,-0.48329818596366636,OK,FACTOR_LT_ONE,True
2021-2050,CESM2,SSP5-8.5,351010,Rx1day,mm,mm year-1,2021,2050,30,45.0,3141.6666666666665,519.0695451926537,0.7850053641540694,0.4324504235358998,No significant trend,False,1.9312562494147623,0.053451370946230016,No significant trend,False,0.10344827586206896,0.4208333333333343,-0.7140000000000001,1.3238461538461535,0.1652210753928871,181.57489853314152,29,-0.41738946230355645,-0.2593221121483741,OK,FACTOR_LT_ONE,True
2021-2050,CESM2,SSP5-8.5,351011,Rx1day,mm,mm year-1,2021,2050,30,13.0,3141.6666666666665,239.0912181510924,0.21409237204201895,0.8304750241244809,No significant trend,False,0.7760673877215828,0.4377091981856661,No significant trend,False,0.029885057471264367,0.09450000000000003,-0.534,0.8772222222222226,0.07610330551228406,394.20101134973186,29,-0.46194834724385797,-0.3877530068327521,OK,FACTOR_LT_ONE,True
2021-2050,CESM2,SSP5-8.5,351012,Rx1day,mm,mm year-1,2021,2050,30,-9.0,3141.6666666666665,629.6096369371721,-0.14272824802801262,0.8865048064138312,No significant trend,False,-0.3188264206981928,0.7498581421814801,No significant trend,False,-0.020689655172413793,-0.2063157894736843,-1.413333333333334,1.4926315789473683,0.20040625048398053,149.695929780384,29,-0.39979687475800973,-0.2494182773398705,OK,FACTOR_LT_ONE,True
2021-2050,CESM2,SSP5-8.5,351201,Rx1day,mm,mm year-1,2021,2050,30,33.0,3141.6666666666665,389.5647468458387,0.5709129921120505,0.568058623631595,No significant trend,False,1.6212879459111467,0.10495589898212286,No significant trend,False,0.07586206896551724,0.6840000000000004,-0.9530000000000001,2.8124999999999982,0.12399938891644735,241.93667615744823,29,-0.4380003055417763,-0.37772591521600746,OK,FACTOR_LT_ONE,True
2021-2050,CESM2,SSP5-8.5,351001,Rx5day,mm,mm year-1,2021,2050,30,-37.0,3141.6666666666665,321.1532455950867,-0.6422771161260568,0.5206932698330874,No significant trend,False,-2.0088446052678512,0.044553616129571434,Decreasing,True,-0.08505747126436781,-1.5306250000000041,-5.073076923076922,3.3926315789473676,0.10222384475175172,293.4736026888278,29,-0.44888807762412414,-0.3329263924254898,OK,FACTOR_LT_ONE,False
2021-2050,CESM2,SSP5-8.5,351002,Rx5day,mm,mm year-1,2021,2050,30,-19.0,3141.6666666666665,236.0473539751234,-0.3211385580630284,0.7481053914270006,No significant trend,False,-1.1715826642646736,0.24136465146222785,No significant trend,False,-0.04367816091954023,-0.4958823529411769,-3.6299999999999994,2.510000000000001,0.07513443627855387,399.28428941394884,29,-0.46243278186072306,-0.3919418636261785,OK,FACTOR_LT_ONE,True
2021-2050,CESM2,SSP5-8.5,351003,Rx5day,mm,mm year-1,2021,2050,30,-13.0,3141.6666666666665,1150.5273201472667,-0.21409237204201895,0.8304750241244809,No significant trend,False,-0.3537795931516,0.7235040680281514,No significant trend,False,-0.029885057471264367,-0.24799999999999614,-4.14736842105263,3.1012500000000003,0.3662155926198196,81.91895868056055,29,-0.3168922036900902,0.01975400697787026,OK,FACTOR_LT_ONE,True
2021-2050,CESM2,SSP5-8.5,351004,Rx5day,mm,mm year-1,2021,2050,30,-27.0,3141.6666666666665,238.04974702140424,-0.46386680609104103,0.6427431760684212,No significant trend,False,-1.6851535741122088,0.09195894556995601,No significant trend,False,-0.06206896551724138,-1.57047619047619,-6.714545454545456,3.043999999999997,0.07577180276543372,395.92564654784326,29,-0.46211409861728314,-0.3460128354622027,OK,FACTOR_LT_ONE,True
2021-2050,CESM2,SSP5-8.5,351005,Rx5day,mm,mm year-1,2021,2050,30,-39.0,3141.6666666666665,194.63052508760023,-0.67795917813306,0.4977975765265772,No significant trend,False,-2.7238182127775312,0.00645320156353003,Decreasing,True,-0.0896551724137931,-1.3783333333333334,-6.033000000000001,2.631428571428574,0.06195136077058894,484.2508643368223,29,-0.46902431961470553,-0.4055314794207797,OK,FACTOR_LT_ONE,False
2021-2050,CESM2,SSP5-8.5,351006,Rx5day,mm,mm year-1,2021,2050,30,5.0,3141.6666666666665,437.8000930483389,0.07136412401400631,0.9431079616717606,No significant trend,False,0.1911710240523806,0.8483916043839576,No significant trend,False,0.011494252873563218,0.03857142857142868,-3.5681818181818206,3.1416666666666675,0.139352814763397,215.2809044505926,29,-0.4303235926183015,-0.301805259751881,OK,FACTOR_LT_ONE,True
2021-2050,CESM2,SSP5-8.5,351007,Rx5day,mm,mm year-1,2021,2050,30,9.0,3141.6666666666665,374.42091652997266,0.14272824802801262,0.8865048064138312,No significant trend,False,0.4134375667416986,0.6792860558085599,No significant trend,False,0.020689655172413793,0.12499999999998579,-2.2769230769230777,1.4849999999999994,0.11917907157452712,251.72204820575297,29,-0.44041046421273644,-0.303688560513666,OK,FACTOR_LT_ONE,True
2021-2050,CESM2,SSP5-8.5,351008,Rx5day,mm,mm year-1,2021,2050,30,-37.0,3141.6666666666665,207.44278816594007,-0.6422771161260568,0.5206932698330874,No significant trend,False,-2.499501088780397,0.01243683169444454,Decreasing,True,-0.08505747126436781,-0.727333333333333,-3.1353846153846145,2.042500000000004,0.06602953469472894,454.34213853993526,29,-0.46698523265263553,-0.3142660446251316,OK,FACTOR_LT_ONE,False
2021-2050,CESM2,SSP5-8.5,351009,Rx5day,mm,mm year-1,2021,2050,30,-23.0,3141.6666666666665,160.46934772108094,-0.3925026820770347,0.6946868300138667,No significant trend,False,-1.7367073295621316,0.08243884335924258,No significant trend,False,-0.052873563218390804,-0.6706250000000011,-3.0000000000000018,2.4579999999999997,0.051077776462943536,587.3395844034975,29,-0.47446111176852823,-0.4333245391236537,OK,FACTOR_LT_ONE,True
2021-2050,CESM2,SSP5-8.5,351010,Rx5day,mm,mm year-1,2021,2050,30,-35.0,3141.6666666666665,618.3845378349367,-0.6065950541190537,0.5441196833389506,No significant trend,False,-1.3672552702689436,0.17154530663876644,No significant trend,False,-0.08045977011494253,-1.0087500000000003,-2.631818181818186,2.0475000000000003,0.19683327464242018,152.41325459071848,29,-0.4015833626787899,-0.19707105101414069,OK,FACTOR_LT_ONE,True
2021-2050,CESM2,SSP5-8.5,351011,Rx5day,mm,mm year-1,2021,2050,30,-5.0,3141.6666666666665,212.04398301642615,-0.07136412401400631,0.9431079616717606,No significant trend,False,-0.2746926345387044,0.7835523903535957,No significant trend,False,-0.011494252873563218,-0.042500000000000426,-1.976153846153847,1.5200000000000007,0.06749410599992345,444.48325606437436,29,-0.4662529470000383,-0.47621429332284365,OK,FACTOR_LT_ONE,True
2021-2050,CESM2,SSP5-8.5,351012,Rx5day,mm,mm year-1,2021,2050,30,-11.0,3141.6666666666665,560.7038559312674,-0.17841031003501578,0.8584007529637274,No significant trend,False,-0.4223118118901251,0.6727974376527682,No significant trend,False,-0.02528735632183908,-0.376000000000001,-4.727500000000002,3.1549999999999963,0.17847337589324164,168.09229864035999,29,-0.4107633120533792,-0.29278217761939274,OK,FACTOR_LT_ONE,True
2021-2050,CESM2,SSP5-8.5,351201,Rx5day,mm,mm year-1,2021,2050,30,33.0,3141.6666666666665,324.94091375157785,0.5709129921120505,0.568058623631595,No significant trend,False,1.7752020045275405,0.07586453888134018,No significant trend,False,0.07586206896551724,1.4908695652173898,-4.028999999999996,5.47625,0.1034294685681415,290.0527327009843,29,-0.44828526571592925,-0.4147389261713606,OK,FACTOR_LT_ONE,True
2021-2050,CESM2,SSP5-8.5,351001,CDD,days,days year-1,2021,2050,30,64.0,3123.3333333333335,1022.3153358316565,1.1272789084605364,0.2596245770002227,No significant trend,False,1.9703714749046148,0.048795812296464895,Increasing,True,0.1471264367816092,0.26666666666666666,-0.27586206896551724,0.8333333333333334,0.3273154757198473,91.65469470706392,29,-0.33634226214007634,-0.1828237526558476,OK,FACTOR_LT_ONE,False
2021-2050,CESM2,SSP5-8.5,351002,CDD,days,days year-1,2021,2050,30,10.0,3117.3333333333335,557.2748914276387,0.1611947480289914,0.8719400174926129,No significant trend,False,0.3812481732819354,0.7030191063750185,No significant trend,False,0.022988505747126436,0.0,-0.7083333333333334,0.8571428571428571,0.17876653916626561,167.81664029473583,29,-0.4106167304168672,-0.4986067836968362,OK,FACTOR_LT_ONE,True
2021-2050,CESM2,SSP5-8.5,351003,CDD,days,days year-1,2021,2050,30,34.0,3120.0,460.37998319443346,0.5907947710825322,0.5546579389558763,No significant trend,False,1.5379978328458017,0.12404914466719164,No significant trend,False,0.07816091954022988,0.18181818181818182,-0.375,0.9047619047619048,0.14755768692129279,203.3103162968527,29,-0.4262211565393536,-0.2684341816800033,OK,FACTOR_LT_ONE,True
2021-2050,CESM2,SSP5-8.5,351004,CDD,days,days year-1,2021,2050,30,42.0,3128.0,222.2135093194514,0.7330785033484554,0.46351055041111533,No significant trend,False,2.7504175321244766,0.005951937119319719,Increasing,True,0.09655172413793103,0.21428571428571427,-0.6818181818181818,1.2,0.07104012446274022,422.296557429804,29,-0.4644799377686299,-0.4251663610946249,OK,FACTOR_LT_ONE,False
2021-2050,CESM2,SSP5-8.5,351005,CDD,days,days year-1,2021,2050,30,9.0,3121.0,334.0704543169828,0.14320002792400816,0.8861322077691575,No significant trend,False,0.4376943627075319,0.6616078565487686,No significant trend,False,0.020689655172413793,0.0,-0.5454545454545454,0.8571428571428571,0.10703955601313131,280.2702208174302,29,-0.44648022199343435,-0.3430276937156168,OK,FACTOR_LT_ONE,True
2021-2050,CESM2,SSP5-8.5,351006,CDD,days,days year-1,2021,2050,30,18.0,3128.0,248.7448585258469,0.3039593794371644,0.7611588383168013,No significant trend,False,1.0778836019885265,0.2810857042179028,No significant trend,False,0.041379310344827586,0.14285714285714285,-0.8947368421052632,0.875,0.0795220135952196,377.25402871090563,29,-0.4602389932023902,-0.5292870590892456,OK,FACTOR_LT_ONE,True
2021-2050,CESM2,SSP5-8.5,351007,CDD,days,days year-1,2021,2050,30,-25.0,3133.6666666666665,313.12331889610454,-0.42873095637467223,0.668119029713554,No significant trend,False,-1.3562930487721112,0.17500594630648925,No significant trend,False,-0.05747126436781609,-0.16666666666666666,-0.7894736842105263,0.5,0.09992234407917389,300.23314881633854,29,-0.45003882796041306,-0.11642047470179782,OK,FACTOR_LT_ONE,True
2021-2050,CESM2,SSP5-8.5,351008,CDD,days,days year-1,2021,2050,30,54.0,3110.0,398.12245640159506,0.9503764696601033,0.34192099577139,No significant trend,False,2.6562413437751182,0.007901704162487155,Increasing,True,0.12413793103448276,0.10526315789473684,-0.2,0.625,0.12801365157607558,234.35000588333102,29,-0.4359931742119622,-0.2433887559513531,OK,FACTOR_LT_ONE,False
2021-2050,CESM2,SSP5-8.5,351009,CDD,days,days year-1,2021,2050,30,16.0,3108.0,415.7193231944174,0.26906100125031573,0.7878827405958471,No significant trend,False,0.7356837329720802,0.4619231915803895,No significant trend,False,0.0367816091954023,0.0,-0.3333333333333333,0.42857142857142855,0.1337578259956298,224.28594197531422,29,-0.4331210870021851,-0.22130112957685544,OK,FACTOR_LT_ONE,True
2021-2050,CESM2,SSP5-8.5,351010,CDD,days,days year-1,2021,2050,30,-2.0,3125.3333333333335,566.2354080923674,-0.017887589840645587,0.9857285293041566,No significant trend,False,-0.04202439678342601,0.9664792494728893,No significant trend,False,-0.004597701149425287,0.0,-0.625,0.4444444444444444,0.18117600514900833,165.58484096901506,29,-0.40941199742549583,-0.11776673575313101,OK,FACTOR_LT_ONE,True
2021-2050,CESM2,SSP5-8.5,351011,CDD,days,days year-1,2021,2050,30,72.0,3129.3333333333335,230.58410018513774,1.2692069325962254,0.20436726913100545,No significant trend,False,4.675668041889989,2.9299823751209233e-06,Increasing,True,0.16551724137931034,0.2916666666666667,-0.15789473684210525,0.6666666666666666,0.07368473589214031,407.1399542493304,29,-0.46315763205392985,-0.24577676930506237,OK,FACTOR_LT_ONE,False
2021-2050,CESM2,SSP5-8.5,351012,CDD,days,days year-1,2021,2050,30,-14.0,3125.3333333333335,706.9191205949303,-0.23253866792839262,0.8161196575249068,No significant trend,False,-0.4889432872625634,0.6248818483961429,No significant trend,False,-0.03218390804597701,-0.03571428571428571,-0.6111111111111112,0.2,0.2261899916579342,132.63186306390085,29,-0.3869050041710329,-0.1690988958814201,OK,FACTOR_LT_ONE,True
2021-2050,CESM2,SSP5-8.5,351201,CDD,days,days year-1,2021,2050,30,62.0,3125.3333333333335,896.9118444013951,1.0911429802793808,0.2752099731104607,No significant trend,False,2.0368308085996776,0.04166699979215724,Increasing,True,0.1425287356321839,0.3333333333333333,-0.2857142857142857,1.0,0.2869811788826989,104.53647210175494,29,-0.35650941055865054,-0.24318641990171722,OK,FACTOR_LT_ONE,False
2021-2050,CESM2,SSP5-8.5,351001,CWD,days,days year-1,2021,2050,30,-23.0,3087.6666666666665,242.3439115374359,-0.3959200322294189,0.6921640224832293,No significant trend,False,-1.4132097471121323,0.15759406144233057,No significant trend,False,-0.052873563218390804,0.0,-0.16666666666666666,0.125,0.07848771829993606,382.22540608655254,29,-0.46075614085003197,-0.19066374019428528,OK,FACTOR_LT_ONE,True
2021-2050,CESM2,SSP5-8.5,351002,CWD,days,days year-1,2021,2050,30,-7.0,3041.6666666666665,211.12941607175333,-0.1087916193387899,0.9133677711623237,No significant trend,False,-0.412930419229887,0.6796575933987843,No significant trend,False,-0.016091954022988506,0.0,-0.125,0.125,0.06941241076331617,432.1993670886119,29,-0.4652937946183419,-0.22009884678747937,OK,FACTOR_LT_ONE,True
2021-2050,CESM2,SSP5-8.5,351003,CWD,days,days year-1,2021,2050,30,33.0,3102.3333333333335,164.45011903297367,0.5745207896549808,0.5656154363456871,No significant trend,False,2.4953581214885294,0.012583006415208951,Increasing,True,0.07586206896551724,0.05263157894736842,-0.1111111111111111,0.21428571428571427,0.05300852660351574,565.9466867356823,29,-0.47349573669824213,-0.2674351816634065,OK,FACTOR_LT_ONE,False
2021-2050,CESM2,SSP5-8.5,351004,CWD,days,days year-1,2021,2050,30,-5.0,3065.6666666666665,164.24418775210793,-0.07224329160939118,0.9424082934354509,No significant trend,False,-0.312115248252825,0.7549529385580731,No significant trend,False,-0.011494252873563218,0.0,-0.14285714285714285,0.14285714285714285,0.053575357535753376,559.9589322381951,29,-0.4732123212321233,-0.2834983498349835,OK,FACTOR_LT_ONE,True
2021-2050,CESM2,SSP5-8.5,351005,CWD,days,days year-1,2021,2050,30,-9.0,3081.6666666666665,213.17622461170674,-0.14411100823097364,0.8854128121514587,No significant trend,False,-0.5479243533244476,0.5837438460374991,No significant trend,False,-0.020689655172413793,0.0,-0.14285714285714285,0.1111111111111111,0.06917562724014281,433.67875647668745,29,-0.4654121863799286,-0.21039426523297491,OK,FACTOR_LT_ONE,True
2021-2050,CESM2,SSP5-8.5,351006,CWD,days,days year-1,2021,2050,30,25.0,3083.0,547.3781927155362,0.4322395270653802,0.6655673338013066,No significant trend,False,1.0258113407277532,0.30498051944405025,No significant trend,False,0.05747126436781609,0.0,-0.10526315789473684,0.14285714285714285,0.17754725680036854,168.96909893534175,29,-0.41122637159981573,0.022959889349930818,OK,FACTOR_LT_ONE,True
2021-2050,CESM2,SSP5-8.5,351007,CWD,days,days year-1,2021,2050,30,32.0,3096.0,304.9536091050098,0.5571359948844318,0.5774345161931806,No significant trend,False,1.775189845844222,0.07586654578276301,No significant trend,False,0.0735632183908046,0.04,-0.11538461538461539,0.17857142857142858,0.09849922774709619,304.57091579466135,29,-0.4507503861264519,-0.10784437704383569,OK,FACTOR_LT_ONE,True
2021-2050,CESM2,SSP5-8.5,351008,CWD,days,days year-1,2021,2050,30,40.0,3082.6666666666665,393.27580023055606,0.7024272056510584,0.48241278389343334,No significant trend,False,1.9665998210774849,0.04922936412326891,Increasing,True,0.09195402298850575,0.05263157894736842,-0.09523809523809523,0.16666666666666666,0.127576492289324,235.15304004412178,29,-0.436211753855338,-0.2062718497282283,OK,FACTOR_LT_ONE,False
2021-2050,CESM2,SSP5-8.5,351009,CWD,days,days year-1,2021,2050,30,16.0,3087.3333333333335,474.89143667990083,0.2699600488689323,0.7871909891864787,No significant trend,False,0.6883258660449569,0.49124759659081774,No significant trend,False,0.0367816091954023,0.0,-0.16666666666666666,0.16666666666666666,0.15381929497297586,195.03404956621748,29,-0.42309035251351207,-0.09387286554742431,OK,FACTOR_LT_ONE,True
2021-2050,CESM2,SSP5-8.5,351010,CWD,days,days year-1,2021,2050,30,25.0,3088.3333333333335,323.8469598469168,0.4318661422406432,0.6658387038563509,No significant trend,False,1.3336483423670331,0.18231913183990245,No significant trend,False,0.05747126436781609,0.0,-0.1111111111111111,0.1724137931034483,0.1048614009218295,286.09192454298744,29,-0.44756929953908525,-0.33767075647553063,OK,FACTOR_LT_ONE,True
2021-2050,CESM2,SSP5-8.5,351011,CWD,days,days year-1,2021,2050,30,31.0,3126.3333333333335,179.58358839832928,0.5365418645422181,0.5915841105033495,No significant trend,False,2.2386589311527034,0.02517811664706505,Increasing,True,0.07126436781609195,0.1111111111111111,-0.25,0.5,0.05744223959856998,522.2637593807684,29,-0.471278880200715,-0.0895877365112852,OK,FACTOR_LT_ONE,False
2021-2050,CESM2,SSP5-8.5,351012,CWD,days,days year-1,2021,2050,30,0.0,3074.6666666666665,159.5357734844145,0.0,1.0,No significant trend,False,0.0,1.0,No significant trend,False,0.0,0.0,-0.1,0.125,0.051887176978885896,578.1775333857091,29,-0.47405641151055705,-0.3527635118610908,OK,FACTOR_LT_ONE,True
2021-2050,CESM2,SSP5-8.5,351201,CWD,days,days year-1,2021,2050,30,-14.0,3062.6666666666665,150.99394600887663,-0.23490566285150294,0.8142819542219807,No significant trend,False,-1.057946204551941,0.2900799686529486,No significant trend,False,-0.03218390804597701,0.0,-0.14285714285714285,0.125,0.049301462562759024,608.5012176223181,29,-0.4753492687186205,-0.3328258022265881,OK,FACTOR_LT_ONE,True
2021-2050,CESM2,SSP5-8.5,351001,R10mm,days,days year-1,2021,2050,30,-16.0,3132.0,328.3073020757754,-0.2680281337094487,0.7886776631923501,No significant trend,False,-0.8278487320321689,0.4077561724176869,No significant trend,False,-0.0367816091954023,-0.14285714285714285,-0.7142857142857143,0.38095238095238093,0.10482353195267413,286.1952792579479,29,-0.44758823402366293,-0.13140578457256627,OK,FACTOR_LT_ONE,True
2021-2050,CESM2,SSP5-8.5,351002,R10mm,days,days year-1,2021,2050,30,-30.0,3129.3333333333335,294.41379026596667,-0.5184084654266273,0.6041733095344244,No significant trend,False,-1.6901253810266212,0.09100397008973028,No significant trend,False,-0.06896551724137931,-0.10526315789473684,-0.7222222222222222,0.3076923076923077,0.09408195257753516,318.870933033371,29,-0.4529590237112324,-0.12701082298469613,OK,FACTOR_LT_ONE,True
2021-2050,CESM2,SSP5-8.5,351003,R10mm,days,days year-1,2021,2050,30,-55.0,3127.6666666666665,248.969247451244,-0.9655694778201731,0.33425965442262207,No significant trend,False,-3.422322294966698,0.000620886688749884,Decreasing,True,-0.12643678160919541,-0.25,-0.7647058823529411,0.25,0.07960223194647043,376.87385474535307,29,-0.4601988840267648,-0.15648092881873935,OK,FACTOR_LT_ONE,False
2021-2050,CESM2,SSP5-8.5,351004,R10mm,days,days year-1,2021,2050,30,-21.0,3122.3333333333335,297.720617381556,-0.3579236230720551,0.7204004716407202,No significant trend,False,-1.1591123688769593,0.2464103847734075,No significant trend,False,-0.04827586206896552,-0.07692307692307693,-0.6842105263157895,0.47058823529411764,0.0953519645718659,314.62382694159675,29,-0.45232401771406705,-0.15857234623831803,OK,FACTOR_LT_ONE,True
2021-2050,CESM2,SSP5-8.5,351005,R10mm,days,days year-1,2021,2050,30,-37.0,3116.3333333333335,235.88894554999422,-0.644882435362512,0.5190033751097952,No significant trend,False,-2.34395195893854,0.019080628918584468,Decreasing,True,-0.08505747126436781,-0.19047619047619047,-0.76,0.25,0.07569438834634534,396.33056895489733,29,-0.46215280582682733,-0.13817443237618535,OK,FACTOR_LT_ONE,False
2021-2050,CESM2,SSP5-8.5,351006,R10mm,days,days year-1,2021,2050,30,-84.0,3123.3333333333335,211.98743159878453,-1.4851452286067386,0.13750535723436133,No significant trend,False,-5.700632387118151,1.1936379211053502e-08,Decreasing,True,-0.19310344827586207,-0.36363636363636365,-0.8125,0.07692307692307693,0.0678721766058008,442.007336441248,29,-0.4660639116970996,-0.22488708296568558,OK,FACTOR_LT_ONE,False
2021-2050,CESM2,SSP5-8.5,351007,R10mm,days,days year-1,2021,2050,30,-89.0,3125.0,251.06318816366206,-1.574191856159852,0.11544310152876992,No significant trend,False,-5.5538117172209995,2.7950654147861114e-08,Decreasing,True,-0.2045977011494253,-0.2857142857142857,-0.75,0.08333333333333333,0.08034022021237186,373.41197124799766,29,-0.45982988989381407,-0.2316390541714659,OK,FACTOR_LT_ONE,False
2021-2050,CESM2,SSP5-8.5,351008,R10mm,days,days year-1,2021,2050,30,-17.0,3135.6666666666665,295.77805245544715,-0.2857294715701903,0.7750853302577199,No significant trend,False,-0.9303299666615839,0.35220026680477423,No significant trend,False,-0.03908045977011494,-0.1,-0.6842105263157895,0.4,0.09432700726760301,318.0425295895465,29,-0.4528364963661985,-0.11856312332530448,OK,FACTOR_LT_ONE,True
2021-2050,CESM2,SSP5-8.5,351009,R10mm,days,days year-1,2021,2050,30,-13.0,3108.3333333333335,582.9311302851644,-0.2152372592001424,0.8295823429738093,No significant trend,False,-0.4970185771747879,0.6191759510521679,No significant trend,False,-0.029885057471264367,0.0,-0.64,0.36363636363636365,0.18753816523919498,159.9674389569536,29,-0.4062309173804025,-0.09969055663047581,OK,FACTOR_LT_ONE,True
2021-2050,CESM2,SSP5-8.5,351010,R10mm,days,days year-1,2021,2050,30,-42.0,3128.0,281.172665345646,-0.7330785033484554,0.46351055041111533,No significant trend,False,-2.4451038407520667,0.014481044146235942,Decreasing,True,-0.09655172413793103,-0.2,-0.6666666666666666,0.2857142857142857,0.08988895950947762,333.74510244316366,29,-0.4550555202452612,-0.18977455415560618,OK,FACTOR_LT_ONE,False
2021-2050,CESM2,SSP5-8.5,351011,R10mm,days,days year-1,2021,2050,30,-1.0,3133.6666666666665,433.28018885809684,0.0,1.0,No significant trend,False,0.0,1.0,No significant trend,False,-0.0022988505747126436,0.0,-0.5714285714285714,0.4,0.13826620216724717,216.9727636238386,29,-0.4308668989163764,-0.18940513824357724,OK,FACTOR_LT_ONE,True
2021-2050,CESM2,SSP5-8.5,351012,R10mm,days,days year-1,2021,2050,30,-28.0,3134.0,165.3046726075099,-0.48229667525401015,0.6295952087759198,No significant trend,False,-2.1000092092388023,0.03572803102258904,Decreasing,True,-0.06436781609195402,-0.14285714285714285,-0.7272727272727273,0.5,0.05274558794113271,568.7679514252799,29,-0.47362720602943365,-0.28557016867143986,OK,FACTOR_LT_ONE,False
2021-2050,CESM2,SSP5-8.5,351201,R10mm,days,days year-1,2021,2050,30,-15.0,3127.0,232.94845995216252,-0.25035951125068295,0.8023093380572779,No significant trend,False,-0.9172719516828812,0.35900015125633045,No significant trend,False,-0.034482758620689655,-0.0625,-0.7727272727272727,0.5,0.07449582985358572,402.70710533679636,29,-0.46275208507320714,-0.19133741945536148,OK,FACTOR_LT_ONE,True
2021-2050,CESM2,SSP5-8.5,351001,R20mm,days,days year-1,2021,2050,30,-9.0,3125.6666666666665,383.3303543231134,-0.14309308811120855,0.8862166636567185,No significant trend,False,-0.40860472246855895,0.6828297644539538,No significant trend,False,-0.020689655172413793,0.0,-0.43478260869565216,0.3157894736842105,0.1226395502793367,244.6192923218395,29,-0.43868022486033165,-0.20765126278998716,OK,FACTOR_LT_ONE,True
2021-2050,CESM2,SSP5-8.5,351002,R20mm,days,days year-1,2021,2050,30,-29.0,3128.3333333333335,314.2912209163137,-0.5006123048909251,0.6166440008268548,No significant trend,False,-1.5793991731470092,0.11424452691544437,No significant trend,False,-0.06666666666666667,-0.08695652173913043,-0.35,0.25,0.10046602693116047,298.60840441670956,29,-0.44976698653441977,-0.271381261740978,OK,FACTOR_LT_ONE,True
2021-2050,CESM2,SSP5-8.5,351003,R20mm,days,days year-1,2021,2050,30,-3.0,3107.6666666666665,692.3358018395741,-0.03587672410955018,0.9713806553864904,No significant trend,False,-0.0760101519152029,0.9394110215054157,No significant trend,False,-0.006896551724137931,0.0,-0.3333333333333333,0.25,0.22278316051900915,134.66008799816908,29,-0.3886084197404954,-0.18364779874213844,OK,FACTOR_LT_ONE,True
2021-2050,CESM2,SSP5-8.5,351004,R20mm,days,days year-1,2021,2050,30,-31.0,3125.6666666666665,242.7134228979829,-0.536599080417032,0.591544579466639,No significant trend,False,-1.925636712496141,0.054149751283803886,No significant trend,False,-0.07126436781609195,-0.08695652173913043,-0.5263157894736842,0.25,0.07765172962503453,386.34039634228765,29,-0.46117413518748274,-0.21838924553134417,OK,FACTOR_LT_ONE,True
2021-2050,CESM2,SSP5-8.5,351005,R20mm,days,days year-1,2021,2050,30,-12.0,3127.3333333333335,421.79375448833673,-0.19670056084666038,0.8440618711766551,No significant trend,False,-0.5356025212893861,0.5922332858675784,No significant trend,False,-0.027586206896551724,0.0,-0.4166666666666667,0.30434782608695654,0.1348732960418898,222.43098434164767,29,-0.4325633519790551,-0.21799263832130542,OK,FACTOR_LT_ONE,True
2021-2050,CESM2,SSP5-8.5,351006,R20mm,days,days year-1,2021,2050,30,-55.0,3119.0,229.2485151867299,-0.9669100459043706,0.3335890041819446,No significant trend,False,-3.5664857578722824,0.00036180046296084236,Decreasing,True,-0.12643678160919541,-0.1875,-0.42857142857142855,0.15789473684210525,0.07350064610026608,408.1596773867189,29,-0.46324967694986696,-0.3001634750072805,OK,FACTOR_LT_ONE,False
2021-2050,CESM2,SSP5-8.5,351007,R20mm,days,days year-1,2021,2050,30,-70.0,3108.6666666666665,529.6339590848065,-1.2375478857247182,0.21588374821362877,No significant trend,False,-2.9982039985465754,0.002715758230566442,Decreasing,True,-0.16091954022988506,-0.15789473684210525,-0.375,0.08333333333333333,0.1703733516249646,176.0838752884177,29,-0.4148133241875177,-0.270801582600487,OK,FACTOR_LT_ONE,False
2021-2050,CESM2,SSP5-8.5,351008,R20mm,days,days year-1,2021,2050,30,-32.0,3115.3333333333335,283.0350204018578,-0.5554045494657939,0.578617981475771,No significant trend,False,-1.8426447173072675,0.06538090044418297,No significant trend,False,-0.0735632183908046,-0.06666666666666667,-0.2857142857142857,0.16666666666666666,0.09085224279965476,330.2064877600798,29,-0.4545738786001726,-0.37292838632197706,OK,FACTOR_LT_ONE,True
2021-2050,CESM2,SSP5-8.5,351009,R20mm,days,days year-1,2021,2050,30,-6.0,3122.0,235.3921740824706,-0.08948568254131323,0.9286959316094978,No significant trend,False,-0.32589222119568695,0.7445059012881281,No significant trend,False,-0.013793103448275862,0.0,-0.2857142857142857,0.25,0.07539787766895278,397.88918372106053,29,-0.4623010611655236,-0.27661919222160447,OK,FACTOR_LT_ONE,True
2021-2050,CESM2,SSP5-8.5,351010,R20mm,days,days year-1,2021,2050,30,-8.0,3122.6666666666665,240.534176325956,-0.12526658166342539,0.9003125077204848,No significant trend,False,-0.4513460479586374,0.6517401615942988,No significant trend,False,-0.01839080459770115,0.0,-0.26666666666666666,0.25,0.07702845100105338,389.4664842681277,29,-0.4614857744994733,-0.234668071654373,OK,FACTOR_LT_ONE,True
2021-2050,CESM2,SSP5-8.5,351011,R20mm,days,days year-1,2021,2050,30,-9.0,3109.0,273.61369709136926,-0.14347612077916397,0.8859141689790299,No significant trend,False,-0.4836387274839165,0.6286422849918061,No significant trend,False,-0.020689655172413793,0.0,-0.2222222222222222,0.25,0.08800697880069774,340.8820574097716,29,-0.45599651059965113,-0.26651609665160975,OK,FACTOR_LT_ONE,True
2021-2050,CESM2,SSP5-8.5,351012,R20mm,days,days year-1,2021,2050,30,-45.0,3130.3333333333335,215.61618551328795,-0.7864251313857222,0.431618464997675,No significant trend,False,-2.996484235205072,0.0027311235920534967,Decreasing,True,-0.10344827586206896,-0.2,-0.6666666666666666,0.28,0.06887962480458565,435.5424421243763,29,-0.4655601875977072,-0.16859475421226333,OK,FACTOR_LT_ONE,False
2021-2050,CESM2,SSP5-8.5,351201,R20mm,days,days year-1,2021,2050,30,-10.0,3132.0,203.16324512166594,-0.16081688022566923,0.872237629786812,No significant trend,False,-0.6314223334398558,0.5277644170098128,No significant trend,False,-0.022988505747126436,-0.058823529411764705,-0.5714285714285714,0.46153846153846156,0.06486693650117048,462.4852292732935,29,-0.46756653174941476,-0.1820331370259128,OK,FACTOR_LT_ONE,True
2021-2050,CESM2,SSP5-8.5,351001,R50mm,days,days year-1,2021,2050,30,-58.0,3032.0,351.0764350777188,-1.0351666150163108,0.30059110696868774,No significant trend,False,-3.0421037103648683,0.0023493093559032,Decreasing,True,-0.13333333333333333,-0.043478260869565216,-0.14285714285714285,-0.0,0.11579038096230831,259.08887897834535,29,-0.44210480951884584,-0.15370445600414623,OK,FACTOR_LT_ONE,False
2021-2050,CESM2,SSP5-8.5,351002,R50mm,days,days year-1,2021,2050,30,-58.0,2839.3333333333335,774.5553149651824,-1.069711501045221,0.2847491878676808,No significant trend,False,-2.0480881107278632,0.04055136666778409,Decreasing,True,-0.13333333333333333,0.0,-0.06666666666666667,-0.0,0.2727947810396275,109.9727783855295,29,-0.36360260948018625,-0.23774724130751612,OK,FACTOR_LT_ONE,False
2021-2050,CESM2,SSP5-8.5,351003,R50mm,days,days year-1,2021,2050,30,-30.0,2996.6666666666665,419.71526568754246,-0.5297595315709974,0.5962786666976927,No significant trend,False,-1.4155350102064486,0.15691169096622445,No significant trend,False,-0.06896551724137931,0.0,-0.09090909090909091,0.045454545454545456,0.1400607115753757,214.19282868525957,29,-0.42996964421231215,-0.03054774340431231,OK,FACTOR_LT_ONE,True
2021-2050,CESM2,SSP5-8.5,351004,R50mm,days,days year-1,2021,2050,30,-33.0,3052.3333333333335,418.1404260774312,-0.5792072623392533,0.5624493311388897,No significant trend,False,-1.5649083202548957,0.11760440751335183,No significant trend,False,-0.07586206896551724,0.0,-0.13333333333333333,0.0625,0.13699042025033237,218.99341534377996,29,-0.4315047898748338,0.0006083490664988574,OK,FACTOR_LT_ONE,True
2021-2050,CESM2,SSP5-8.5,351005,R50mm,days,days year-1,2021,2050,30,-6.0,3012.0,440.194623655915,-0.09110506463487544,0.927409108384983,No significant trend,False,-0.23831294707364595,0.8116383802806466,No significant trend,False,-0.013793103448275862,0.0,-0.10526315789473684,0.1,0.14614695340501827,205.2728387492331,29,-0.42692652329749087,0.04213098729227765,OK,FACTOR_LT_ONE,True
2021-2050,CESM2,SSP5-8.5,351006,R50mm,days,days year-1,2021,2050,30,15.0,3007.0,418.9577485380134,0.2553061765107718,0.7984866298194002,No significant trend,False,0.6839792429408137,0.49398827315861826,No significant trend,False,0.034482758620689655,0.0,-0.0625,0.1111111111111111,0.13932748538011752,215.32004197271687,29,-0.43033625730994124,-0.3063795853269537,OK,FACTOR_LT_ONE,True
2021-2050,CESM2,SSP5-8.5,351007,R50mm,days,days year-1,2021,2050,30,43.0,2746.3333333333335,439.93220872694644,0.8014430485492836,0.4228752019215828,No significant trend,False,2.0024257012981987,0.04523896657952559,Increasing,True,0.09885057471264368,0.0,-0.0,0.043478260869565216,0.1601889338731447,187.27885425442255,29,-0.41990553306342765,-0.4174089068825911,OK,FACTOR_LT_ONE,False
2021-2050,CESM2,SSP5-8.5,351008,R50mm,days,days year-1,2021,2050,30,-34.0,2603.3333333333335,682.5655058043122,-0.646768783380065,0.5177815986721878,No significant trend,False,-1.2631117391060727,0.20654902578585954,No significant trend,False,-0.07816091954022988,0.0,-0.0,-0.0,0.26218905472636833,114.42125237191644,29,-0.36890547263681583,-0.19552238805970149,OK,FACTOR_LT_ONE,True
2021-2050,CESM2,SSP5-8.5,351009,R50mm,days,days year-1,2021,2050,30,-31.0,2655.6666666666665,537.8173316963382,-0.582149425886945,0.5604660354507988,No significant trend,False,-1.2936114706724458,0.19579965831434665,No significant trend,False,-0.07126436781609195,0.0,-0.0,-0.0,0.20251688152240677,148.13579872688666,29,-0.3987415592387966,-0.39871086556169427,OK,FACTOR_LT_ONE,True
2021-2050,CESM2,SSP5-8.5,351010,R50mm,days,days year-1,2021,2050,30,9.0,2759.6666666666665,367.95555555555546,0.15228659385340496,0.8789608981500607,No significant trend,False,0.4170540132956874,0.6766389005074698,No significant trend,False,0.020689655172413793,0.0,-0.0,-0.0,0.1333333333333333,225.00000000000006,29,-0.43333333333333335,-0.15384615384615385,OK,FACTOR_LT_ONE,True
2021-2050,CESM2,SSP5-8.5,351011,R50mm,days,days year-1,2021,2050,30,67.0,1679.6666666666667,1084.9824231010673,1.610394889688325,0.10731167551409553,No significant trend,False,2.003699474310575,0.04510226262980305,Increasing,True,0.15402298850574714,0.0,-0.0,-0.0,0.6459510357815443,46.44314868804664,29,-0.1770244821092278,-0.2463276836158192,OK,FACTOR_LT_ONE,False
2021-2050,CESM2,SSP5-8.5,351012,R50mm,days,days year-1,2021,2050,30,5.0,3063.0,618.3074534161498,0.07227473249505302,0.9423832726448831,No significant trend,False,0.16086358770607387,0.872200841548292,No significant trend,False,0.011494252873563218,0.0,-0.15384615384615385,0.15384615384615385,0.2018633540372673,148.61538461538447,29,-0.39906832298136635,-0.09627329192546584,OK,FACTOR_LT_ONE,True
2021-2050,CESM2,SSP5-8.5,351201,R50mm,days,days year-1,2021,2050,30,-7.0,3096.3333333333335,235.94635140985469,-0.1078269687209579,0.9141329496617346,No significant trend,False,-0.39061113321294955,0.6960846950709147,No significant trend,False,-0.016091954022988506,0.0,-0.15384615384615385,0.15,0.07620185749053332,393.69119058189557,29,-0.46189907125473334,-0.2940411878335461,OK,FACTOR_LT_ONE,True
2021-2050,CESM2,SSP5-8.5,351001,R95p,mm,mm year-1,2021,2050,30,-17.0,3133.0,283.07385307405235,-0.28585104565145797,0.7749922097524315,No significant trend,False,-0.9509771994916427,0.34161595033846426,No significant trend,False,-0.03908045977011494,-1.5876923076923066,-11.352222222222224,11.011739130434782,0.09035233101629503,332.0334922470291,29,-0.4548238344918525,-0.28912083500694324,OK,FACTOR_LT_ONE,True
2021-2050,CESM2,SSP5-8.5,351002,R95p,mm,mm year-1,2021,2050,30,0.0,3097.3333333333335,484.82801808777623,0.0,1.0,No significant trend,False,0.0,1.0,No significant trend,False,0.0,0.0,-4.614615384615385,6.085714285714286,0.156530785004663,191.65559029877932,29,-0.4217346074976685,-0.19323683903182312,OK,FACTOR_LT_ONE,True
2021-2050,CESM2,SSP5-8.5,351003,R95p,mm,mm year-1,2021,2050,30,-17.0,3141.6666666666665,425.5455111131334,-0.28545649605602524,0.7752944295177846,No significant trend,False,-0.7756163863810734,0.4379755221926579,No significant trend,False,-0.03908045977011494,-0.9964285714285707,-9.891818181818179,9.126363636363637,0.13545215207845096,221.48042345332874,29,-0.4322739239607745,-0.1458757035868561,OK,FACTOR_LT_ONE,True
2021-2050,CESM2,SSP5-8.5,351004,R95p,mm,mm year-1,2021,2050,30,0.0,3138.0,348.8600567261052,0.0,1.0,No significant trend,False,0.0,1.0,No significant trend,False,0.0,0.0,-13.616666666666662,10.539999999999992,0.11117273955580154,269.85032589704184,29,-0.44441363022209923,-0.2151706610019943,OK,FACTOR_LT_ONE,True
2021-2050,CESM2,SSP5-8.5,351005,R95p,mm,mm year-1,2021,2050,30,-4.0,3138.0,297.9934414873779,-0.05355435401208764,0.9572902245078118,No significant trend,False,-0.1737872463119332,0.8620326678404552,No significant trend,False,-0.009195402298850575,-0.057500000000000995,-10.759999999999991,10.660000000000004,0.09496285579585018,315.91299301796045,29,-0.4525185721020749,-0.26477616884508015,OK,FACTOR_LT_ONE,True
2021-2050,CESM2,SSP5-8.5,351006,R95p,mm,mm year-1,2021,2050,30,-29.0,3141.6666666666665,229.21066580816432,-0.49954886809804416,0.617392769071009,No significant trend,False,-1.8494415910048072,0.06439407452142273,No significant trend,False,-0.06666666666666667,-5.290000000000011,-13.78214285714286,10.83411764705882,0.07295830211400456,411.1937796074535,29,-0.4635208489429977,-0.35853400330867835,OK,FACTOR_LT_ONE,True
2021-2050,CESM2,SSP5-8.5,351007,R95p,mm,mm year-1,2021,2050,30,-45.0,3141.6666666666665,327.94604023160906,-0.7850053641540694,0.4324504235358998,No significant trend,False,-2.4296934381096165,0.015111598607479147,Decreasing,True,-0.10344827586206896,-3.7942105263157897,-12.018666666666666,5.446153846153843,0.10438600750077742,287.39484072878804,29,-0.4478069962496113,-0.3241946433786861,OK,FACTOR_LT_ONE,False
2021-2050,CESM2,SSP5-8.5,351008,R95p,mm,mm year-1,2021,2050,30,-15.0,3141.6666666666665,244.5019054219957,-0.24977443404902208,0.802761791874143,No significant trend,False,-0.8953377824093098,0.37060654896192236,No significant trend,False,-0.034482758620689655,-1.645999999999998,-10.59238095238095,8.775333333333334,0.07782554018737264,385.47756851763637,29,-0.4610872299063137,-0.35725829381519275,OK,FACTOR_LT_ONE,True
2021-2050,CESM2,SSP5-8.5,351009,R95p,mm,mm year-1,2021,2050,30,1.0,3141.6666666666665,247.13342775219596,0.0,1.0,No significant trend,False,0.0,1.0,No significant trend,False,0.0022988505747126436,0.40999999999996817,-12.560416666666663,11.611764705882354,0.07866316002722418,381.3729322546594,29,-0.4606684199863879,-0.23346123243797723,OK,FACTOR_LT_ONE,True
2021-2050,CESM2,SSP5-8.5,351010,R95p,mm,mm year-1,2021,2050,30,-21.0,3141.6666666666665,247.15008616836118,-0.35682062007003157,0.7212260985001633,No significant trend,False,-1.2721830723351313,0.20330808062908579,No significant trend,False,-0.04827586206896552,-2.458888888888876,-11.845909090909089,10.85153846153846,0.07866846244085768,381.34722694693266,29,-0.46066576877957116,-0.200026505599722,OK,FACTOR_LT_ONE,True
2021-2050,CESM2,SSP5-8.5,351011,R95p,mm,mm year-1,2021,2050,30,11.0,2191.6666666666665,381.6637303487593,0.2136056563526713,0.8308545880730229,No significant trend,False,0.5118698559012895,0.6087420963075619,No significant trend,False,0.02528735632183908,0.0,-0.0,-0.0,0.17414314692719057,172.27206771761757,29,-0.4129284265364047,-0.32786666544530596,OK,FACTOR_LT_ONE,True
2021-2050,CESM2,SSP5-8.5,351012,R95p,mm,mm year-1,2021,2050,30,-8.0,3140.6666666666665,462.8385033806847,-0.12490709772035075,0.9005970992136977,No significant trend,False,-0.325374339651959,0.7448977738371004,No significant trend,False,-0.01839080459770115,-0.9055000000000006,-12.749,10.937999999999999,0.14736950861197773,203.5699262524493,29,-0.42631524569401114,-0.19736394899672613,OK,FACTOR_LT_ONE,True
2021-2050,CESM2,SSP5-8.5,351201,R95p,mm,mm year-1,2021,2050,30,12.0,3140.6666666666665,258.3420956104456,0.19628258213197974,0.8443889936643725,No significant trend,False,0.6843765121108561,0.49373744376008166,No significant trend,False,0.027586206896551724,1.6783333333333321,-13.341875,16.27000000000001,0.08225708839220303,364.71021022479607,29,-0.4588714558038985,-0.2862087403408415,OK,FACTOR_LT_ONE,True
2021-2050,CESM2,SSP5-8.5,351001,R99p,mm,mm year-1,2021,2050,30,10.0,2976.6666666666665,238.7056504505053,0.1649595287839358,0.8689758369330856,No significant trend,False,0.5825204277380409,0.5602161859569059,No significant trend,False,0.022988505747126436,0.0,-3.276666666666667,4.057333333333333,0.08019226778852362,374.10090557749913,29,-0.4599038661057382,-0.38043999359126257,OK,FACTOR_LT_ONE,True
2021-2050,CESM2,SSP5-8.5,351002,R99p,mm,mm year-1,2021,2050,30,86.0,1884.0,1717.1332969165212,1.9582966297323883,0.05019521605080542,No significant trend,False,2.0512420972027234,0.0402433761690507,Increasing,True,0.19770114942528735,0.0,-0.0,-0.0,0.9114295631191726,32.915324687660366,29,-0.044285218440413734,-0.2990527150342682,OK,FACTOR_LT_ONE,False
2021-2050,CESM2,SSP5-8.5,351003,R99p,mm,mm year-1,2021,2050,30,32.0,2976.6666666666665,779.3094624547714,0.568193932478001,0.5699032909827897,No significant trend,False,1.110469715545818,0.26679667115384875,No significant trend,False,0.0735632183908046,0.0,-1.206666666666665,5.285714285714286,0.26180609041033753,114.58862531799771,29,-0.36909695479483123,-0.06940693570360582,OK,FACTOR_LT_ONE,True
2021-2050,CESM2,SSP5-8.5,351004,R99p,mm,mm year-1,2021,2050,30,-20.0,2808.0,340.8479789067455,-0.35855439414578866,0.7199284692565318,No significant trend,False,-1.029137111244833,0.3034152493201715,No significant trend,False,-0.04597701149425287,0.0,-4.426363636363636,-0.0,0.12138460787277261,247.14830426806694,29,-0.4393076960636137,-0.31987681923853284,OK,FACTOR_LT_ONE,True
2021-2050,CESM2,SSP5-8.5,351005,R99p,mm,mm year-1,2021,2050,30,-30.0,2808.0,358.639811769667,-0.547267233169888,0.5841951517405908,No significant trend,False,-1.5313298524428864,0.12568789118125623,No significant trend,False,-0.06896551724137931,0.0,-3.8954999999999997,-0.0,0.12772073068720335,234.88747549896198,29,-0.4361396346563983,-0.45650627026985047,OK,FACTOR_LT_ONE,True
2021-2050,CESM2,SSP5-8.5,351006,R99p,mm,mm year-1,2021,2050,30,21.0,3141.6666666666665,174.3753722708534,0.35682062007003157,0.7212260985001633,No significant trend,False,1.5145632746159383,0.1298830385680874,No significant trend,False,0.04827586206896552,2.0919999999999987,-7.3461904761904755,12.466363636363637,0.0555040972745422,540.5006382071177,29,-0.4722479513627289,-0.36675239305667057,OK,FACTOR_LT_ONE,True
2021-2050,CESM2,SSP5-8.5,351007,R99p,mm,mm year-1,2021,2050,30,24.0,3140.6666666666665,253.95492632489587,0.41040903536686674,0.6815059193680427,No significant trend,False,1.443276416106263,0.1489426205942631,No significant trend,False,0.05517241379310345,0.480833333333333,-3.1360000000000006,5.199999999999998,0.08086019730149518,371.01071975055976,29,-0.4595699013492524,-0.2665220575536854,OK,FACTOR_LT_ONE,True
2021-2050,CESM2,SSP5-8.5,351008,R99p,mm,mm year-1,2021,2050,30,-13.0,3076.3333333333335,363.0127230234133,-0.21635381142836285,0.8287119667233023,No significant trend,False,-0.629825619810318,0.5288086815191655,No significant trend,False,-0.029885057471264367,0.0,-2.8500000000000014,3.7381818181818187,0.11800175198507312,254.2335134464352,29,-0.44099912400746344,-0.2488726873365887,OK,FACTOR_LT_ONE,True
2021-2050,CESM2,SSP5-8.5,351009,R99p,mm,mm year-1,2021,2050,30,-5.0,3141.6666666666665,217.8221853544536,-0.07136412401400631,0.9431079616717606,No significant trend,False,-0.271024739635408,0.7863720046425695,No significant trend,False,-0.011494252873563218,-0.30000000000001137,-10.047647058823527,8.101818181818182,0.06933332159823458,432.6923809281897,29,-0.4653333392008827,-0.3399811908690505,OK,FACTOR_LT_ONE,True
2021-2050,CESM2,SSP5-8.5,351010,R99p,mm,mm year-1,2021,2050,30,-1.0,3141.6666666666665,247.01483755753412,0.0,1.0,No significant trend,False,0.0,1.0,No significant trend,False,-0.0022988505747126436,-0.011818181818183988,-8.74529411764706,8.208333333333334,0.07862541248515675,381.5560268846097,29,-0.4606872937574216,-0.20980831118685933,OK,FACTOR_LT_ONE,True
2021-2050,CESM2,SSP5-8.5,351011,R99p,mm,mm year-1,2021,2050,30,0.0,0.0,0.0,0.0,1.0,No significant trend,False,0.0,1.0,No significant trend,False,0.0,0.0,-0.0,-0.0,1.0,30.0,29,0.0,0.0,NO_VARIATION,ZERO_VARIANCE_RESIDUALS,True
2021-2050,CESM2,SSP5-8.5,351012,R99p,mm,mm year-1,2021,2050,30,17.0,2552.3333333333335,381.17145444791606,0.31670235038346223,0.7514694651863187,No significant trend,False,0.8195204551801296,0.4124895363358315,No significant trend,False,0.03908045977011494,0.0,-0.0,-0.0,0.1493423486148293,200.88072993530702,29,-0.42532882569258534,-0.2161246837799722,OK,FACTOR_LT_ONE,True
2021-2050,CESM2,SSP5-8.5,351201,R99p,mm,mm year-1,2021,2050,30,-6.0,3016.6666666666665,288.26098281091043,-0.09103456935516067,0.9274651227146293,No significant trend,False,-0.29449442171336826,0.7683801253604023,No significant trend,False,-0.013793103448275862,0.0,-6.071000000000003,6.930909090909091,0.09555612689864434,313.9516112014541,29,-0.4522219365506778,-0.2674520451707556,OK,FACTOR_LT_ONE,True
2021-2050,EC-Earth3,SSP2-4.5,351001,PRCPTOT,mm,mm year-1,2021,2050,30,51.0,3141.6666666666665,355.06584860791844,0.8920515501750789,0.372365302198027,No significant trend,False,2.6534783780086166,0.007966687446357187,Increasing,True,0.11724137931034483,8.132222222222216,-10.039999999999987,23.27958333333334,0.11301830724920481,265.4437208464833,29,-0.4434908463753976,0.0036089362130854808,OK,FACTOR_LT_ONE,False
2021-2050,EC-Earth3,SSP2-4.5,351002,PRCPTOT,mm,mm year-1,2021,2050,30,49.0,3141.6666666666665,425.5946056605568,0.8563694881680758,0.3917934361895805,No significant trend,False,2.326714948206946,0.01998044172669687,Increasing,True,0.11264367816091954,5.929444444444439,-7.220434782608695,16.53562500000001,0.13546777899009765,221.45487453657097,29,-0.4322661105049512,0.026179397151457454,OK,FACTOR_LT_ONE,False
2021-2050,EC-Earth3,SSP2-4.5,351003,PRCPTOT,mm,mm year-1,2021,2050,30,23.0,3141.6666666666665,651.0602916328411,0.3925026820770347,0.6946868300138667,No significant trend,False,0.8622080565462404,0.38857303706158974,No significant trend,False,0.052873563218390804,4.210952380952384,-14.375714285714285,15.505000000000004,0.20723404508207144,144.76385860305444,29,-0.3963829774589643,0.11279365191029014,OK,FACTOR_LT_ONE,True
2021-2050,EC-Earth3,SSP2-4.5,351004,PRCPTOT,mm,mm year-1,2021,2050,30,33.0,3141.6666666666665,560.9888838391289,0.5709129921120505,0.568058623631595,No significant trend,False,1.3510544445194357,0.1766779929178528,No significant trend,False,0.07586206896551724,4.860000000000014,-13.964999999999982,19.270000000000007,0.1785641009567519,168.00689410278486,29,-0.41071794952162405,0.08725911424945873,OK,FACTOR_LT_ONE,True
2021-2050,EC-Earth3,SSP2-4.5,351005,PRCPTOT,mm,mm year-1,2021,2050,30,43.0,3141.6666666666665,366.19114480867984,0.7493233021470662,0.45366236627030876,No significant trend,False,2.194802121836339,0.02817779522633306,Increasing,True,0.09885057471264368,6.4899999999999896,-11.277692307692336,21.751249999999978,0.11655951558896971,257.3792439717291,29,-0.44172024220551515,0.024111478309395036,OK,FACTOR_LT_ONE,False
2021-2050,EC-Earth3,SSP2-4.5,351006,PRCPTOT,mm,mm year-1,2021,2050,30,29.0,3141.6666666666665,405.0646886895567,0.49954886809804416,0.617392769071009,No significant trend,False,1.3912200840112987,0.16415869876792044,No significant trend,False,0.06666666666666667,3.642999999999995,-14.084,16.747499999999974,0.12893305740781646,232.67888471076677,29,-0.43553347129609177,0.063036360655863,OK,FACTOR_LT_ONE,True
2021-2050,EC-Earth3,SSP2-4.5,351007,PRCPTOT,mm,mm year-1,2021,2050,30,-13.0,3141.6666666666665,367.2828402580126,-0.21409237204201895,0.8304750241244809,No significant trend,False,-0.626153664987674,0.5312141555373922,No significant trend,False,-0.029885057471264367,-1.0051999999999999,-12.168461538461534,7.278235294117655,0.11690700485666183,256.6142211647849,29,-0.4415464975716691,0.0312767823256594,OK,FACTOR_LT_ONE,True
2021-2050,EC-Earth3,SSP2-4.5,351008,PRCPTOT,mm,mm year-1,2021,2050,30,19.0,3141.6666666666665,321.9159692002697,0.3211385580630284,0.7481053914270006,No significant trend,False,1.0032316954654465,0.31574908357942133,No significant trend,False,0.04367816091954023,1.0444444444444545,-10.334500000000002,11.578749999999992,0.10246662149610708,292.7782682982259,29,-0.44876668925194646,0.031347537742747345,OK,FACTOR_LT_ONE,True
2021-2050,EC-Earth3,SSP2-4.5,351009,PRCPTOT,mm,mm year-1,2021,2050,30,17.0,3141.6666666666665,464.90395930821126,0.28545649605602524,0.7752944295177846,No significant trend,False,0.7420588692672715,0.458051668660191,No significant trend,False,0.03908045977011494,2.5530769230769272,-10.331,11.83166666666665,0.1479800400981044,202.730043728271,29,-0.4260099799509478,0.02987608742206962,OK,FACTOR_LT_ONE,True
2021-2050,EC-Earth3,SSP2-4.5,351010,PRCPTOT,mm,mm year-1,2021,2050,30,35.0,3141.6666666666665,481.31101786627227,0.6065950541190537,0.5441196833389506,No significant trend,False,1.5497655952873308,0.12119778757613524,No significant trend,False,0.08045977011494253,2.9170000000000074,-11.221249999999998,12.856363636363632,0.15320244600517952,195.81932783883718,29,-0.42339877699741024,0.04757295294247165,OK,FACTOR_LT_ONE,True
2021-2050,EC-Earth3,SSP2-4.5,351011,PRCPTOT,mm,mm year-1,2021,2050,30,35.0,3141.6666666666665,380.7636491450129,0.6065950541190537,0.5441196833389506,No significant trend,False,1.7424132977483069,0.0814361507098195,No significant trend,False,0.08045977011494253,2.9986666666666753,-8.327500000000015,12.434000000000003,0.12119797850769642,247.5288810043553,29,-0.4394010107461518,-0.004661953481422474,OK,FACTOR_LT_ONE,True
2021-2050,EC-Earth3,SSP2-4.5,351012,PRCPTOT,mm,mm year-1,2021,2050,30,13.0,3141.6666666666665,408.74051271069686,0.21409237204201895,0.8304750241244809,No significant trend,False,0.59355012853113,0.5528130455220305,No significant trend,False,0.029885057471264367,1.193749999999966,-15.898695652173906,16.345625,0.1301030809689221,230.5863917793472,29,-0.43494845951553895,0.07512592001823154,OK,FACTOR_LT_ONE,True
2021-2050,EC-Earth3,SSP2-4.5,351201,PRCPTOT,mm,mm year-1,2021,2050,30,35.0,3141.6666666666665,513.5277339691761,0.6065950541190537,0.5441196833389506,No significant trend,False,1.5003651410070253,0.13351984406694506,No significant trend,False,0.08045977011494253,7.042222222222222,-15.800555555555572,26.503461538461526,0.16345710365066612,183.53439116427012,29,-0.41827144817466694,0.060627108648111445,OK,FACTOR_LT_ONE,True
2021-2050,EC-Earth3,SSP2-4.5,351001,SDII,mm day-1,mm day-1 year-1,2021,2050,30,41.0,3141.6666666666665,498.25140946452535,0.7136412401400631,0.4754490495282657,No significant trend,False,1.7919905841431063,0.07313447430598195,No significant trend,False,0.09425287356321839,0.05521013986013976,-0.0921516389305735,0.17604393379971514,0.1585946130921566,189.1615321295151,29,-0.4207026934539217,0.06192125426547791,OK,FACTOR_LT_ONE,True
2021-2050,EC-Earth3,SSP2-4.5,351002,SDII,mm day-1,mm day-1 year-1,2021,2050,30,35.0,3141.6666666666665,407.26204764983146,0.6065950541190537,0.5441196833389506,No significant trend,False,1.6847751447153387,0.09203196209116916,No significant trend,False,0.08045977011494253,0.0241752782193958,-0.06464759868127985,0.12462754421087742,0.12963248201055644,231.42347916748977,29,-0.4351837589947218,0.011157207058007334,OK,FACTOR_LT_ONE,True
2021-2050,EC-Earth3,SSP2-4.5,351003,SDII,mm day-1,mm day-1 year-1,2021,2050,30,13.0,3141.6666666666665,510.5176322979317,0.21409237204201895,0.8304750241244809,No significant trend,False,0.5310994759118794,0.5953498473882815,No significant trend,False,0.029885057471264367,0.019987586206896567,-0.12764001796193966,0.1455353458801737,0.16249898110278993,184.61654218633703,29,-0.41875050944860503,0.1704663852478898,OK,FACTOR_LT_ONE,True
2021-2050,EC-Earth3,SSP2-4.5,351004,SDII,mm day-1,mm day-1 year-1,2021,2050,30,17.0,3141.6666666666665,562.3207244378253,0.28545649605602524,0.7752944295177846,No significant trend,False,0.674726764533323,0.4998493768337914,No significant trend,False,0.03908045977011494,0.022221742881795237,-0.16205952380952304,0.2246775728297471,0.1789880289987773,167.60897456558357,29,-0.41050598550061135,0.14672885856967058,OK,FACTOR_LT_ONE,True
2021-2050,EC-Earth3,SSP2-4.5,351005,SDII,mm day-1,mm day-1 year-1,2021,2050,30,45.0,3141.6666666666665,648.343688855237,0.7850053641540694,0.4324504235358998,No significant trend,False,1.7280250451988126,0.08398373426785392,No significant trend,False,0.10344827586206896,0.0738873357562199,-0.10368307811016154,0.2066331923890063,0.20636934393270145,145.37042870952394,29,-0.3968153280336493,0.13301282483987145,OK,FACTOR_LT_ONE,True
2021-2050,EC-Earth3,SSP2-4.5,351006,SDII,mm day-1,mm day-1 year-1,2021,2050,30,15.0,3141.6666666666665,320.28401092494795,0.24977443404902208,0.802761791874143,No significant trend,False,0.7822767204689802,0.43405196495613263,No significant trend,False,0.034482758620689655,0.02074974200206398,-0.09786752889378114,0.1543601019233929,0.10194716528115055,294.2700752616888,29,-0.4490264173594247,0.10252664355936551,OK,FACTOR_LT_ONE,True
2021-2050,EC-Earth3,SSP2-4.5,351007,SDII,mm day-1,mm day-1 year-1,2021,2050,30,-23.0,3141.6666666666665,295.3323123370043,-0.3925026820770347,0.6946868300138667,No significant trend,False,-1.280168680566818,0.20048581822463774,No significant trend,False,-0.052873563218390804,-0.015006427915518827,-0.06629909019270729,0.03693855218855216,0.09400498005421887,319.13202877865643,29,-0.45299750997289057,0.025710855659238693,OK,FACTOR_LT_ONE,True
2021-2050,EC-Earth3,SSP2-4.5,351008,SDII,mm day-1,mm day-1 year-1,2021,2050,30,21.0,3141.6666666666665,359.8287907172298,0.35682062007003157,0.7212260985001633,No significant trend,False,1.0543432962045127,0.2917257730115628,No significant trend,False,0.04827586206896552,0.012511231925095167,-0.048871794871794806,0.07629873294346974,0.11453436309301745,261.9301246354854,29,-0.4427328184534913,0.1019831614179567,OK,FACTOR_LT_ONE,True
2021-2050,EC-Earth3,SSP2-4.5,351009,SDII,mm day-1,mm day-1 year-1,2021,2050,30,21.0,3141.6666666666665,385.21340901574257,0.35682062007003157,0.7212260985001633,No significant trend,False,1.0190119981739343,0.3081972704570428,No significant trend,False,0.04827586206896552,0.011155086107921947,-0.05233556884292234,0.0868217803030303,0.1226143476973186,244.669572227036,29,-0.4386928261513407,0.13633434545967266,OK,FACTOR_LT_ONE,True
2021-2050,EC-Earth3,SSP2-4.5,351010,SDII,mm day-1,mm day-1 year-1,2021,2050,30,13.0,3141.6666666666665,374.9701125444848,0.21409237204201895,0.8304750241244809,No significant trend,False,0.6197020309744331,0.5354539783048259,No significant trend,False,0.029885057471264367,0.004870029455081059,-0.053876699110588934,0.09417080738230438,0.11935388197702435,251.35336616679973,29,-0.4403230590114878,0.1605655168336316,OK,FACTOR_LT_ONE,True
2021-2050,EC-Earth3,SSP2-4.5,351011,SDII,mm day-1,mm day-1 year-1,2021,2050,30,41.0,3141.6666666666665,311.046207793164,0.7136412401400631,0.4754490495282657,No significant trend,False,2.2680234254324905,0.02332777893705257,Increasing,True,0.09425287356321839,0.01308035714285718,-0.031685340802987905,0.05815646389048856,0.09900675049119279,303.0096417786045,29,-0.4504966247544036,0.006195277332404804,OK,FACTOR_LT_ONE,False
2021-2050,EC-Earth3,SSP2-4.5,351012,SDII,mm day-1,mm day-1 year-1,2021,2050,30,17.0,3141.6666666666665,326.92600816351387,0.28545649605602524,0.7752944295177846,No significant trend,False,0.8849021429354038,0.37620941215336023,No significant trend,False,0.03908045977011494,0.014063754789271955,-0.07984440907491173,0.10112332783580716,0.1040613288584129,288.29153278273395,29,-0.44796933557079355,0.11312914810420698,OK,FACTOR_LT_ONE,True
2021-2050,EC-Earth3,SSP2-4.5,351201,SDII,mm day-1,mm day-1 year-1,2021,2050,30,13.0,3141.6666666666665,242.65069613613895,0.21409237204201895,0.8304750241244809,No significant trend,False,0.7703542364542856,0.4410897919960083,No significant trend,False,0.029885057471264367,0.025819049512825622,-0.12438744131133123,0.1668583675360784,0.07723629585235192,388.41841997898547,29,-0.46138185207382404,0.021976867830914064,OK,FACTOR_LT_ONE,True
2021-2050,EC-Earth3,SSP2-4.5,351001,Rx1day,mm,mm year-1,2021,2050,30,39.0,3141.6666666666665,1044.273138480257,0.67795917813306,0.4977975765265772,No significant trend,False,1.1759166594679937,0.23962818096208904,No significant trend,False,0.0896551724137931,0.43500000000000033,-1.1295652173913044,2.0282608695652176,0.33239463293801286,90.25416486070218,29,-0.33380268353099357,-0.03734425532320674,OK,FACTOR_LT_ONE,True
2021-2050,EC-Earth3,SSP2-4.5,351002,Rx1day,mm,mm year-1,2021,2050,30,7.0,3141.6666666666665,1138.7489634897772,0.10704618602100947,0.9147523390847367,No significant trend,False,0.17780225024255494,0.858878280071694,No significant trend,False,0.016091954022988506,0.06294117647058783,-1.0654545454545454,1.2442857142857144,0.3624665135776479,82.76626633420958,29,-0.31876674321117604,0.18508586210685252,OK,FACTOR_LT_ONE,True
2021-2050,EC-Earth3,SSP2-4.5,351003,Rx1day,mm,mm year-1,2021,2050,30,31.0,3141.6666666666665,1207.1548996829054,0.5352309301050473,0.5924901808547871,No significant trend,False,0.8634550900149345,0.38788730137733174,No significant trend,False,0.07126436781609195,0.4861111111111111,-1.018571428571428,1.7210000000000008,0.38424028637121654,78.07614418394651,29,-0.30787985681439173,0.3209077666892718,OK,FACTOR_LT_ONE,True
2021-2050,EC-Earth3,SSP2-4.5,351004,Rx1day,mm,mm year-1,2021,2050,30,21.0,3141.6666666666665,981.1987971284017,0.35682062007003157,0.7212260985001633,No significant trend,False,0.6384861663010701,0.5231572563461491,No significant trend,False,0.04827586206896552,0.20888888888888918,-1.2099999999999993,1.8715789473684215,0.3123179195103666,96.05596773644052,29,-0.3438410402448167,0.08486263815397772,OK,FACTOR_LT_ONE,True
2021-2050,EC-Earth3,SSP2-4.5,351005,Rx1day,mm,mm year-1,2021,2050,30,59.0,3141.6666666666665,1166.871329053872,1.0347797982030915,0.3007717594347785,No significant trend,False,1.6979172049805522,0.08952338953222955,No significant trend,False,0.135632183908046,0.8833333333333341,-0.9530000000000001,2.829375,0.37141792967232,80.77154494525135,29,-0.31429103516384,0.1243292275754704,OK,FACTOR_LT_ONE,True
2021-2050,EC-Earth3,SSP2-4.5,351006,Rx1day,mm,mm year-1,2021,2050,30,15.0,3141.6666666666665,661.3438599699638,0.24977443404902208,0.802761791874143,No significant trend,False,0.5443953071008292,0.5861694744887755,No significant trend,False,0.034482758620689655,0.1775000000000002,-1.7294736842105263,1.5516666666666667,0.21050732943341022,142.51285254887003,29,-0.3947463352832949,0.1405919176580633,OK,FACTOR_LT_ONE,True
2021-2050,EC-Earth3,SSP2-4.5,351007,Rx1day,mm,mm year-1,2021,2050,30,-11.0,3141.6666666666665,535.151566986091,-0.17841031003501578,0.8584007529637274,No significant trend,False,-0.4322764729405736,0.6655404845169537,No significant trend,False,-0.02528735632183908,-0.15117647058823572,-1.023333333333333,0.8099999999999999,0.17034002132183268,176.11832948711077,29,-0.41482998933908366,0.14792900562658107,OK,FACTOR_LT_ONE,True
2021-2050,EC-Earth3,SSP2-4.5,351008,Rx1day,mm,mm year-1,2021,2050,30,-25.0,3141.6666666666665,341.7109501499441,-0.4281847440840379,0.6685166224807093,No significant trend,False,-1.2983201388840444,0.19417734889439797,No significant trend,False,-0.05747126436781609,-0.3505882352941177,-1.2614999999999998,0.5883333333333335,0.10876741118831112,275.8179097235331,29,-0.44561629440584444,-0.0008154577523016854,OK,FACTOR_LT_ONE,True
2021-2050,EC-Earth3,SSP2-4.5,351009,Rx1day,mm,mm year-1,2021,2050,30,15.0,3141.6666666666665,1104.7179181628244,0.24977443404902208,0.802761791874143,No significant trend,False,0.4212135529583454,0.6735991486108053,No significant trend,False,0.034482758620689655,0.08937499999999998,-0.9664705882352941,0.9591666666666666,0.3516343506088566,85.31589689134424,29,-0.3241828246955717,0.16954856611544777,OK,FACTOR_LT_ONE,True
2021-2050,EC-Earth3,SSP2-4.5,351010,Rx1day,mm,mm year-1,2021,2050,30,31.0,3141.6666666666665,1162.4506828877268,0.5352309301050473,0.5924901808547871,No significant trend,False,0.8799013544954876,0.37891275089917786,No significant trend,False,0.07126436781609195,0.3463636363636366,-0.9295238095238093,1.24,0.3700108274443693,81.07870844539127,29,-0.31499458627781535,0.2267115677599443,OK,FACTOR_LT_ONE,True
2021-2050,EC-Earth3,SSP2-4.5,351011,Rx1day,mm,mm year-1,2021,2050,30,23.0,3141.6666666666665,606.1244418789904,0.3925026820770347,0.6946868300138667,No significant trend,False,0.893597164856393,0.37153746383410957,No significant trend,False,0.052873563218390804,0.15599999999999986,-0.5350000000000001,0.7366666666666669,0.1929308568315089,155.49612173339236,29,-0.40353457158424555,-0.1136344576995028,OK,FACTOR_LT_ONE,True
2021-2050,EC-Earth3,SSP2-4.5,351012,Rx1day,mm,mm year-1,2021,2050,30,71.0,3141.6666666666665,762.3138610902331,1.2488721702451104,0.21171183194124243,No significant trend,False,2.5353103637553827,0.011234773892316176,Increasing,True,0.1632183908045977,0.904285714285714,-0.6,1.9884615384615392,0.24264632183243495,123.63673915781504,29,-0.3786768390837825,0.27478618776349634,OK,FACTOR_LT_ONE,False
2021-2050,EC-Earth3,SSP2-4.5,351201,Rx1day,mm,mm year-1,2021,2050,30,13.0,3141.6666666666665,823.7763862240259,0.21409237204201895,0.8304750241244809,No significant trend,False,0.41809654309588323,0.6758765323448352,No significant trend,False,0.029885057471264367,0.20307692307692313,-1.9162499999999998,2.2045454545454546,0.2622099903100348,114.41211665706659,29,-0.3688950048449826,-0.04510473834097033,OK,FACTOR_LT_ONE,True
2021-2050,EC-Earth3,SSP2-4.5,351001,Rx5day,mm,mm year-1,2021,2050,30,61.0,3141.6666666666665,1121.3992069189494,1.0704618602100946,0.2844114676220474,No significant trend,False,1.7917240701564547,0.07317717687310656,No significant trend,False,0.14022988505747128,1.2360000000000013,-1.396250000000002,5.375714285714286,0.3569440446426364,84.04678674506326,29,-0.3215279776786818,-0.017522167763792718,OK,FACTOR_LT_ONE,True
2021-2050,EC-Earth3,SSP2-4.5,351002,Rx5day,mm,mm year-1,2021,2050,30,39.0,3141.6666666666665,805.9168493854215,0.67795917813306,0.4977975765265772,No significant trend,False,1.3385619598264797,0.180713316907409,No significant trend,False,0.0896551724137931,0.8629629629629628,-1.7140000000000006,4.2216666666666685,0.2565252570988079,116.9475487103582,29,-0.37173737145059604,0.02636456748963404,OK,FACTOR_LT_ONE,True
2021-2050,EC-Earth3,SSP2-4.5,351003,Rx5day,mm,mm year-1,2021,2050,30,69.0,3141.6666666666665,810.878417500745,1.2131901082381074,0.2250571451510026,No significant trend,False,2.3879819625289027,0.01694117322754127,Increasing,True,0.15862068965517243,1.9766666666666657,-1.3138888888888876,5.494090909090909,0.2581045360745077,116.23197506044538,29,-0.37094773196274616,0.30129779377377214,OK,FACTOR_LT_ONE,False
2021-2050,EC-Earth3,SSP2-4.5,351004,Rx5day,mm,mm year-1,2021,2050,30,63.0,3141.6666666666665,766.8678675005951,1.106143922217098,0.2686642304239092,No significant trend,False,2.2388831050493536,0.025163523049712755,Increasing,True,0.14482758620689656,2.235357142857143,-1.6774999999999984,5.798333333333332,0.24409587294448654,122.90252857664146,29,-0.37795206352775673,0.20516285331843687,OK,FACTOR_LT_ONE,False
2021-2050,EC-Earth3,SSP2-4.5,351005,Rx5day,mm,mm year-1,2021,2050,30,59.0,3141.6666666666665,702.0684042997672,1.0347797982030915,0.3007717594347785,No significant trend,False,2.188962286821277,0.0285995812274331,Increasing,True,0.135632183908046,2.0166666666666666,-2.1270588235294117,6.917500000000001,0.22347004911398427,134.24617804016344,29,-0.38826497544300786,0.07230144771816813,OK,FACTOR_LT_ONE,False
2021-2050,EC-Earth3,SSP2-4.5,351006,Rx5day,mm,mm year-1,2021,2050,30,49.0,3141.6666666666665,561.1537403777402,0.8563694881680758,0.3917934361895805,No significant trend,False,2.0262839588997394,0.0427356941192989,Increasing,True,0.11264367816091954,1.4094444444444447,-1.852,5.178666666666667,0.1786165751865486,167.95753680008562,29,-0.4106917124067257,0.2007106387186404,OK,FACTOR_LT_ONE,False
2021-2050,EC-Earth3,SSP2-4.5,351007,Rx5day,mm,mm year-1,2021,2050,30,-29.0,3141.6666666666665,437.5815008904025,-0.49954886809804416,0.617392769071009,No significant trend,False,-1.3385313722619019,0.18072328060850762,No significant trend,False,-0.06666666666666667,-0.48999999999999844,-2.2612499999999986,1.7387499999999978,0.1392832363576878,215.3884471994762,29,-0.4303583818211561,0.08811597304008974,OK,FACTOR_LT_ONE,True
2021-2050,EC-Earth3,SSP2-4.5,351008,Rx5day,mm,mm year-1,2021,2050,30,27.0,3141.6666666666665,590.7928781679507,0.46386680609104103,0.6427431760684212,No significant trend,False,1.0696845479501895,0.28476132391146436,No significant trend,False,0.06206896551724138,0.4296153846153841,-1.3578571428571433,2.6379999999999995,0.18805078350173499,159.5313746710511,29,-0.4059746082491325,0.12192596902322757,OK,FACTOR_LT_ONE,True
2021-2050,EC-Earth3,SSP2-4.5,351009,Rx5day,mm,mm year-1,2021,2050,30,37.0,3141.6666666666665,528.6715209874283,0.6422771161260568,0.5206932698330874,No significant trend,False,1.565703573370948,0.11741802934348264,No significant trend,False,0.08505747126436781,0.49071428571428505,-1.4660714285714285,2.861111111111111,0.1682774072108525,178.27705154982473,29,-0.41586129639457375,0.2518573116899286,OK,FACTOR_LT_ONE,True
2021-2050,EC-Earth3,SSP2-4.5,351010,Rx5day,mm,mm year-1,2021,2050,30,65.0,3141.6666666666665,727.1828176910808,1.141825984224101,0.2535263593015791,No significant trend,False,2.3733302226800426,0.017628495338951583,Increasing,True,0.14942528735632185,1.3938095238095236,-0.8986666666666678,3.6899999999999986,0.23146402685127243,129.60977309565493,29,-0.3842679865743638,0.2646400357689626,OK,FACTOR_LT_ONE,False
2021-2050,EC-Earth3,SSP2-4.5,351011,Rx5day,mm,mm year-1,2021,2050,30,23.0,3141.6666666666665,390.6334062970385,0.3925026820770347,0.6946868300138667,No significant trend,False,1.1131097593156765,0.26566129273698,No significant trend,False,0.052873563218390804,0.35681818181818287,-1.6524999999999999,1.3733333333333348,0.12433954577094064,241.27480773708353,29,-0.4378302271145297,-0.0846620430656697,OK,FACTOR_LT_ONE,True
2021-2050,EC-Earth3,SSP2-4.5,351012,Rx5day,mm,mm year-1,2021,2050,30,11.0,3141.6666666666665,318.0134940170591,0.17841031003501578,0.8584007529637274,No significant trend,False,0.5607602565634339,0.574960983521652,No significant trend,False,0.02528735632183908,0.3662500000000044,-2.0200000000000102,3.7659999999999996,0.10122445432903737,296.37107158397555,29,-0.4493877728354813,0.11003388464137698,OK,FACTOR_LT_ONE,True
2021-2050,EC-Earth3,SSP2-4.5,351201,Rx5day,mm,mm year-1,2021,2050,30,3.0,3141.6666666666665,602.127630586516,0.035682062007003156,0.9715358738879935,No significant trend,False,0.08150527504678573,0.9350401299576891,No significant trend,False,0.006896551724137931,0.20931034482758598,-4.554999999999993,4.3779999999999974,0.19165866225565498,156.52827608690478,29,-0.4041706688721725,0.10239345242512185,OK,FACTOR_LT_ONE,True
2021-2050,EC-Earth3,SSP2-4.5,351001,CDD,days,days year-1,2021,2050,30,-41.0,3127.0,850.0220509525599,-0.7153128892876656,0.4744157258232534,No significant trend,False,-1.3719708852173083,0.17007250156058762,No significant trend,False,-0.09425287356321839,-0.25,-1.0,0.35714285714285715,0.2718330831316149,110.36184284263419,29,-0.36408345843419254,0.03940538783207098,OK,FACTOR_LT_ONE,True
2021-2050,EC-Earth3,SSP2-4.5,351002,CDD,days,days year-1,2021,2050,30,-62.0,3132.0,1053.1182070422537,-1.0899810770850915,0.2757214797230687,No significant trend,False,-1.8797118288315753,0.06014736258448755,No significant trend,False,-0.1425287356321839,-0.45454545454545453,-1.0,0.2222222222222222,0.33624463826381024,89.22075354094613,29,-0.3318776808680949,0.06608105889887392,OK,FACTOR_LT_ONE,True
2021-2050,EC-Earth3,SSP2-4.5,351003,CDD,days,days year-1,2021,2050,30,-65.0,3127.0,278.0011052685076,-1.1445006228602648,0.25241607972826063,No significant trend,False,-3.838457290551238,0.00012380974409718944,Decreasing,True,-0.14942528735632185,-0.3333333333333333,-1.0,0.25,0.0889034554744188,337.4447015575479,29,-0.4555482722627906,-0.18253441555434555,OK,FACTOR_LT_ONE,False
2021-2050,EC-Earth3,SSP2-4.5,351004,CDD,days,days year-1,2021,2050,30,-49.0,3135.0,499.21117225229,-0.8572795516429117,0.3912904066682623,No significant trend,False,-2.148320582209189,0.03168829692509318,Decreasing,True,-0.11264367816091954,-0.3333333333333333,-0.9565217391304348,0.5,0.15923801347760447,188.39722591879266,29,-0.42038099326119777,-0.09975243073376845,OK,FACTOR_LT_ONE,False
2021-2050,EC-Earth3,SSP2-4.5,351005,CDD,days,days year-1,2021,2050,30,-97.0,3127.6666666666665,334.1828622463712,-1.7165679605691968,0.08605814071535342,No significant trend,False,-5.2514489237941815,1.509073815560949e-07,Decreasing,True,-0.22298850574712645,-0.5833333333333334,-1.125,0.043478260869565216,0.1068473395224463,280.7744220313287,29,-0.44657633023877685,-0.06248880027854966,OK,FACTOR_LT_ONE,False
2021-2050,EC-Earth3,SSP2-4.5,351006,CDD,days,days year-1,2021,2050,30,-59.0,3132.3333333333335,392.17414455388393,-1.0363203049231853,0.3000527364102673,No significant trend,False,-2.9287918989384636,0.0034028215830400068,Decreasing,True,-0.135632183908046,-0.4,-1.3181818181818181,0.42857142857142855,0.12520191908711842,239.61294059019414,29,-0.4373990404564408,-0.056865382927260136,OK,FACTOR_LT_ONE,False
2021-2050,EC-Earth3,SSP2-4.5,351007,CDD,days,days year-1,2021,2050,30,30.0,3136.0,361.7956035780596,0.5178571428571429,0.604557945714291,No significant trend,False,1.5246366498936397,0.12734975074975258,No significant trend,False,0.06896551724137931,0.125,-0.5384615384615384,0.8333333333333334,0.11536849603892207,260.036327333927,29,-0.44231575198053896,-0.252337588895432,OK,FACTOR_LT_ONE,True
2021-2050,EC-Earth3,SSP2-4.5,351008,CDD,days,days year-1,2021,2050,30,-7.0,3133.0,674.1115533276956,-0.10719414211929675,0.9146349625658104,No significant trend,False,-0.23109224155487007,0.8172431423511208,No significant trend,False,-0.016091954022988506,0.0,-0.8235294117647058,0.5454545454545454,0.21516487498490122,139.42796193897908,29,-0.3924175625075494,-0.029949269235414896,OK,FACTOR_LT_ONE,True
2021-2050,EC-Earth3,SSP2-4.5,351009,CDD,days,days year-1,2021,2050,30,-16.0,3130.0,420.0105483780364,-0.26811375202618587,0.7886117606596861,No significant trend,False,-0.7319158636676549,0.46421992295982484,No significant trend,False,-0.0367816091954023,-0.058823529411764705,-0.75,0.6666666666666666,0.13418867360320652,223.5658136744794,29,-0.43290566319839674,-0.11412578770518449,OK,FACTOR_LT_ONE,True
2021-2050,EC-Earth3,SSP2-4.5,351010,CDD,days,days year-1,2021,2050,30,-33.0,3126.3333333333335,408.2563180893088,-0.5723113221783659,0.5671110805948705,No significant trend,False,-1.5837386703143477,0.11325320089787545,No significant trend,False,-0.07586206896551724,-0.15789473684210525,-0.8181818181818182,0.5625,0.13058630496512702,229.73312559851877,29,-0.4347068475174365,-0.10600653858367402,OK,FACTOR_LT_ONE,True
2021-2050,EC-Earth3,SSP2-4.5,351011,CDD,days,days year-1,2021,2050,30,-63.0,3133.6666666666665,626.9487119568246,-1.10755497063457,0.26805405952317596,No significant trend,False,-2.4761427730867163,0.013281045650331795,Decreasing,True,-0.14482758620689656,-0.3333333333333333,-0.7777777777777778,0.2,0.20006873054680074,149.94846979839411,29,-0.39996563472659963,0.016518895991045356,OK,FACTOR_LT_ONE,False
2021-2050,EC-Earth3,SSP2-4.5,351012,CDD,days,days year-1,2021,2050,30,-7.0,3135.0,481.1117662444279,-0.10715994395536396,0.9146620924849038,No significant trend,False,-0.27354467267005006,0.7844345574054916,No significant trend,False,-0.016091954022988506,-0.04,-0.75,0.7222222222222222,0.15346467822788767,195.4847222593556,29,-0.42326766088605616,-0.15298244632878938,OK,FACTOR_LT_ONE,True
2021-2050,EC-Earth3,SSP2-4.5,351201,CDD,days,days year-1,2021,2050,30,-63.0,3126.3333333333335,554.5393724996354,-1.108853186720584,0.2674935216094497,No significant trend,False,-2.6328462364771017,0.008467267101499452,Decreasing,True,-0.14482758620689656,-0.3448275862068966,-1.0,0.29411764705882354,0.17737691838137393,169.1313631658529,29,-0.41131154080931304,-0.0295741950368416,OK,FACTOR_LT_ONE,False
2021-2050,EC-Earth3,SSP2-4.5,351001,CWD,days,days year-1,2021,2050,30,33.0,3061.6666666666665,474.2600366224454,0.5783237467156629,0.5630455649236488,No significant trend,False,1.4694056759014478,0.14172278874292168,No significant trend,False,0.07586206896551724,0.0,-0.06666666666666667,0.17647058823529413,0.15490257048092937,193.67012378721896,29,-0.4225487147595353,-0.27823383084577114,OK,FACTOR_LT_ONE,True
2021-2050,EC-Earth3,SSP2-4.5,351002,CWD,days,days year-1,2021,2050,30,104.0,3062.0,283.3150093163478,1.8613782354310424,0.06269078191144012,No significant trend,False,6.1193096958567,9.398159364713837e-10,Increasing,True,0.23908045977011494,0.1111111111111111,-0.0,0.26666666666666666,0.09252612975713514,324.2327338098409,29,-0.4537369351214324,-0.17823813065278415,OK,FACTOR_LT_ONE,False
2021-2050,EC-Earth3,SSP2-4.5,351003,CWD,days,days year-1,2021,2050,30,3.0,3078.3333333333335,393.7580676539988,0.036047252872193125,0.9712446810735871,No significant trend,False,0.10078949358900548,0.9197175672697118,No significant trend,False,0.006896551724137931,0.0,-0.1111111111111111,0.14285714285714285,0.12791274531261465,234.53487708891683,29,-0.4360436273436927,-0.02904355438826874,OK,FACTOR_LT_ONE,True
2021-2050,EC-Earth3,SSP2-4.5,351004,CWD,days,days year-1,2021,2050,30,1.0,3039.0,383.7460405156549,0.0,1.0,No significant trend,False,0.0,1.0,No significant trend,False,0.0022988505747126436,0.0,-0.1,0.09090909090909091,0.12627378759975483,237.5789985415647,29,-0.4368631062001226,-0.017897204085049384,OK,FACTOR_LT_ONE,True
2021-2050,EC-Earth3,SSP2-4.5,351005,CWD,days,days year-1,2021,2050,30,116.0,3086.0,233.24890651240648,2.0701407743591473,0.038439163522702866,Increasing,True,7.529879601669595,5.0787130140659084e-14,Increasing,True,0.26666666666666666,0.1111111111111111,-0.0,0.2222222222222222,0.07558292498781805,396.91504403719756,29,-0.462208537506091,-0.23316100211440363,OK,FACTOR_LT_ONE,True
2021-2050,EC-Earth3,SSP2-4.5,351006,CWD,days,days year-1,2021,2050,30,54.0,3052.0,317.72669221838004,0.9593644138891955,0.3373751958185317,No significant trend,False,2.9733704354951356,0.002945487316709693,Increasing,True,0.12413793103448276,0.04,-0.05555555555555555,0.16666666666666666,0.10410442077928572,288.1722003295491,29,-0.44794778961035714,-0.05456872120750567,OK,FACTOR_LT_ONE,False
2021-2050,EC-Earth3,SSP2-4.5,351007,CWD,days,days year-1,2021,2050,30,-33.0,3101.6666666666665,357.5934995237289,-0.5745825295713006,0.5655736702665504,No significant trend,False,-1.6922135592420786,0.09060526213951361,No significant trend,False,-0.07586206896551724,-0.047619047619047616,-0.25,0.14285714285714285,0.11529075750362028,260.21166526777273,29,-0.44235462124818986,-0.04616047981650557,OK,FACTOR_LT_ONE,True
2021-2050,EC-Earth3,SSP2-4.5,351008,CWD,days,days year-1,2021,2050,30,9.0,3111.0,357.5704695212378,0.1434299943928958,0.8859505957661507,No significant trend,False,0.4230670133680823,0.6722463686517982,No significant trend,False,0.020689655172413793,0.0,-0.16666666666666666,0.18181818181818182,0.1149374701129019,261.01148712018204,29,-0.44253126494354905,-0.1846986164806575,OK,FACTOR_LT_ONE,True
2021-2050,EC-Earth3,SSP2-4.5,351009,CWD,days,days year-1,2021,2050,30,54.0,3106.6666666666665,261.63384774444,0.9508861915898364,0.34166215216987894,No significant trend,False,3.2766413340465728,0.001050497215785385,Increasing,True,0.12413793103448276,0.08333333333333333,-0.08333333333333333,0.2727272727272727,0.08421690378039914,356.2230223783444,29,-0.45789154810980043,-0.12865625362691585,OK,FACTOR_LT_ONE,False
2021-2050,EC-Earth3,SSP2-4.5,351010,CWD,days,days year-1,2021,2050,30,56.0,3100.0,245.85516779340986,0.987829161147262,0.3232363233247707,No significant trend,False,3.5077046523406246,0.0004519905497073303,Increasing,True,0.12873563218390804,0.06666666666666667,-0.07692307692307693,0.25,0.07930811864303544,378.27148737482366,29,-0.4603459406784823,-0.25097752603690854,OK,FACTOR_LT_ONE,False
2021-2050,EC-Earth3,SSP2-4.5,351011,CWD,days,days year-1,2021,2050,30,-15.0,3125.6666666666665,781.4809670793205,-0.2504129041946149,0.8022680513487042,No significant trend,False,-0.5008052039407822,0.616508222852233,No significant trend,False,-0.034482758620689655,-0.04,-0.3333333333333333,0.375,0.25002057174341064,119.99012637563357,29,-0.3749897141282947,-0.16088782721352293,OK,FACTOR_LT_ONE,True
2021-2050,EC-Earth3,SSP2-4.5,351012,CWD,days,days year-1,2021,2050,30,-16.0,3102.6666666666665,413.108305939074,-0.26929215335587847,0.787704869947779,No significant trend,False,-0.7380049853555104,0.46051141965457554,No significant trend,False,-0.0367816091954023,0.0,-0.22727272727272727,0.15789473684210525,0.13314620947757005,225.3162152922861,29,-0.433426895261215,-0.006721286602943389,OK,FACTOR_LT_ONE,True
2021-2050,EC-Earth3,SSP2-4.5,351201,CWD,days,days year-1,2021,2050,30,49.0,3099.6666666666665,281.86614375175867,0.8621518032220997,0.3886039877941111,No significant trend,False,2.8590370306290396,0.004249291777728349,Increasing,True,0.11264367816091954,0.05555555555555555,-0.07692307692307693,0.2222222222222222,0.0909343403866304,329.90836984628027,29,-0.4545328298066848,-0.09809072873235063,OK,FACTOR_LT_ONE,False
2021-2050,EC-Earth3,SSP2-4.5,351001,R10mm,days,days year-1,2021,2050,30,58.0,3129.3333333333335,444.5265882506086,1.018940776873026,0.308231083416738,No significant trend,False,2.7034975759582975,0.006861394845760687,Increasing,True,0.13333333333333333,0.2631578947368421,-0.25,0.6,0.14205153011843052,211.19096693283447,29,-0.42897423494078474,-0.04958986135783576,OK,FACTOR_LT_ONE,False
2021-2050,EC-Earth3,SSP2-4.5,351002,R10mm,days,days year-1,2021,2050,30,64.0,3132.6666666666665,482.7717341705321,1.1255983724693077,0.26033555731129576,No significant trend,False,2.867276875400852,0.004140206283591372,Increasing,True,0.1471264367816092,0.2222222222222222,-0.25,0.5,0.15410887449580724,194.66756926328856,29,-0.4229455627520964,-0.005717451906616568,OK,FACTOR_LT_ONE,False
2021-2050,EC-Earth3,SSP2-4.5,351003,R10mm,days,days year-1,2021,2050,30,39.0,3135.6666666666665,456.6710643232105,0.6786074949792019,0.4973865926300539,No significant trend,False,1.7782050910209468,0.07537017711023475,No significant trend,False,0.0896551724137931,0.13333333333333333,-0.38461538461538464,0.5217391304347826,0.1456376308036177,205.99071705892368,29,-0.42718118459819115,-0.084966778421213,OK,FACTOR_LT_ONE,True
2021-2050,EC-Earth3,SSP2-4.5,351004,R10mm,days,days year-1,2021,2050,30,36.0,3126.6666666666665,382.7229661959192,0.6259321407118502,0.5313594519628105,No significant trend,False,1.7890636111106002,0.07360457168584507,No significant trend,False,0.08275862068965517,0.1111111111111111,-0.3181818181818182,0.5,0.12240606594752212,245.0858931522363,29,-0.43879696702623894,-0.1149816504490492,OK,FACTOR_LT_ONE,True
2021-2050,EC-Earth3,SSP2-4.5,351005,R10mm,days,days year-1,2021,2050,30,61.0,3130.3333333333335,523.9598139691788,1.0723979064350757,0.283541347897053,No significant trend,False,2.621212683488215,0.008761758187447226,Increasing,True,0.14022988505747128,0.26666666666666666,-0.3,0.6153846153846154,0.16738147608428666,179.23130266155135,29,-0.41630926195785667,0.02622945333629439,OK,FACTOR_LT_ONE,False
2021-2050,EC-Earth3,SSP2-4.5,351006,R10mm,days,days year-1,2021,2050,30,41.0,3119.0,416.58091119692307,0.7162296636328671,0.4738495493992837,No significant trend,False,1.9597934802170784,0.050019933604563895,No significant trend,False,0.09425287356321839,0.14285714285714285,-0.3333333333333333,0.5,0.13356233125903272,224.61422855683438,29,-0.43321883437048364,-0.053422079696433915,OK,FACTOR_LT_ONE,True
2021-2050,EC-Earth3,SSP2-4.5,351007,R10mm,days,days year-1,2021,2050,30,-3.0,3123.0,428.2217543569062,-0.035788541806334596,0.9714509695293546,No significant trend,False,-0.09664861447003405,0.923005448409769,No significant trend,False,-0.006896551724137931,0.0,-0.35,0.3,0.13711871737332892,218.7885109683452,29,-0.43144064131333554,-0.012110994111916963,OK,FACTOR_LT_ONE,True
2021-2050,EC-Earth3,SSP2-4.5,351008,R10mm,days,days year-1,2021,2050,30,38.0,3131.3333333333335,354.24415341014156,0.6612064379506571,0.5084799331386655,No significant trend,False,1.9658500073328493,0.04931593931830423,Increasing,True,0.08735632183908046,0.13333333333333333,-0.3,0.46153846153846156,0.11312885461256383,265.18433429510094,29,-0.4434355726937181,-0.0017688470654826413,OK,FACTOR_LT_ONE,False
2021-2050,EC-Earth3,SSP2-4.5,351009,R10mm,days,days year-1,2021,2050,30,45.0,3108.3333333333335,354.03423850790875,0.7892032837338554,0.42999320305820155,No significant trend,False,2.338460531203999,0.01936337082742387,Increasing,True,0.10344827586206896,0.125,-0.3,0.5,0.11389841453337546,263.39260404023577,29,-0.44305079273331227,-0.09758694424392327,OK,FACTOR_LT_ONE,False
2021-2050,EC-Earth3,SSP2-4.5,351010,R10mm,days,days year-1,2021,2050,30,38.0,3107.3333333333335,287.2564867728697,0.6637549946963398,0.5068471347223303,No significant trend,False,2.183065678020761,0.029030973681067787,Increasing,True,0.08735632183908046,0.08695652173913043,-0.36363636363636365,0.4666666666666667,0.09244469645125608,324.51834612078903,29,-0.45377765177437196,-0.07886683776906094,OK,FACTOR_LT_ONE,False
2021-2050,EC-Earth3,SSP2-4.5,351011,R10mm,days,days year-1,2021,2050,30,62.0,3129.3333333333335,473.1030685882742,1.0904453927939401,0.2755169954786544,No significant trend,False,2.804477451444657,0.0050398212638648856,Increasing,True,0.1425287356321839,0.25,-0.2222222222222222,0.55,0.15118334104866027,198.43456158535432,29,-0.42440832947566987,0.06314190337721859,OK,FACTOR_LT_ONE,False
2021-2050,EC-Earth3,SSP2-4.5,351012,R10mm,days,days year-1,2021,2050,30,25.0,3132.3333333333335,576.9455561311751,0.4288221951406284,0.6680526252787686,No significant trend,False,0.9991802139240628,0.3177073989406207,No significant trend,False,0.05747126436781609,0.1111111111111111,-0.4444444444444444,0.5,0.18419034461993455,162.87498707873723,29,-0.4079048276900327,0.01838113202534501,OK,FACTOR_LT_ONE,True
2021-2050,EC-Earth3,SSP2-4.5,351201,R10mm,days,days year-1,2021,2050,30,37.0,3126.3333333333335,537.8465079887092,0.6438502374506617,0.5196725532723077,No significant trend,False,1.552291659896568,0.12059245259080546,No significant trend,False,0.08505747126436781,0.14285714285714285,-0.5,0.5769230769230769,0.17203747989829699,174.38060600361638,29,-0.4139812600508515,0.02240125287756343,OK,FACTOR_LT_ONE,True
2021-2050,EC-Earth3,SSP2-4.5,351001,R20mm,days,days year-1,2021,2050,30,8.0,3115.3333333333335,204.96424893515825,0.1254139305245341,0.9001958602239891,No significant trend,False,0.48894384368564514,0.6248814544537509,No significant trend,False,0.01839080459770115,0.0,-0.2727272727272727,0.29411764705882354,0.06579207648250318,455.98196019817425,29,-0.4671039617587484,-0.0702221690671861,OK,FACTOR_LT_ONE,True
2021-2050,EC-Earth3,SSP2-4.5,351002,R20mm,days,days year-1,2021,2050,30,49.0,3114.3333333333335,200.56335089184984,0.8601192950720992,0.38972328607959783,No significant trend,False,3.3893424336877187,0.000700604599772833,Increasing,True,0.11264367816091954,0.10526315789473684,-0.16,0.391304347826087,0.0644000912635716,465.83784916108846,29,-0.4677999543682142,-0.10783499734236873,OK,FACTOR_LT_ONE,False
2021-2050,EC-Earth3,SSP2-4.5,351003,R20mm,days,days year-1,2021,2050,30,0.0,3120.6666666666665,213.68435770383405,0.0,1.0,No significant trend,False,0.0,1.0,No significant trend,False,0.0,0.0,-0.3333333333333333,0.3125,0.06847394500229675,438.1228509470827,29,-0.4657630274988516,0.04289476274857253,OK,FACTOR_LT_ONE,True
2021-2050,EC-Earth3,SSP2-4.5,351004,R20mm,days,days year-1,2021,2050,30,22.0,3110.6666666666665,258.5504671616392,0.37652390746574177,0.7065274453577173,No significant trend,False,1.3060103879950626,0.1915490249698364,No significant trend,False,0.05057471264367816,0.037037037037037035,-0.25,0.3333333333333333,0.08311738121355738,360.9353370135615,29,-0.4584413093932213,-0.016826773886273336,OK,FACTOR_LT_ONE,True
2021-2050,EC-Earth3,SSP2-4.5,351005,R20mm,days,days year-1,2021,2050,30,37.0,3121.6666666666665,218.97078731987028,0.644331312573783,0.5193606149081487,No significant trend,False,2.4328168258680694,0.01498187794389766,Increasing,True,0.08505747126436781,0.07407407407407407,-0.2,0.3333333333333333,0.07014547378105829,427.68261988845586,29,-0.46492726310947086,-0.04624218423457372,OK,FACTOR_LT_ONE,False
2021-2050,EC-Earth3,SSP2-4.5,351006,R20mm,days,days year-1,2021,2050,30,-3.0,3093.0,267.7152202198037,-0.035961685254405,0.9713129099171007,No significant trend,False,-0.12223440543722416,0.902713379147395,No significant trend,False,-0.006896551724137931,0.0,-0.2777777777777778,0.25,0.08655519567403935,346.59964391944584,29,-0.4567224021629803,0.02058522271129196,OK,FACTOR_LT_ONE,True
2021-2050,EC-Earth3,SSP2-4.5,351007,R20mm,days,days year-1,2021,2050,30,-42.0,3088.6666666666665,465.4569608212953,-0.737731514584147,0.46067761744972047,No significant trend,False,-1.9003959314960872,0.057381180436534035,No significant trend,False,-0.09655172413793103,-0.04,-0.25,0.08,0.15069834690954953,199.07318570658418,29,-0.42465082654522524,0.04726471554891666,OK,FACTOR_LT_ONE,True
2021-2050,EC-Earth3,SSP2-4.5,351008,R20mm,days,days year-1,2021,2050,30,-5.0,3091.0,281.0579381443287,-0.07194663538747403,0.9426443765133897,No significant trend,False,-0.23859539831279414,0.8114193337055484,No significant trend,False,-0.011494252873563218,0.0,-0.2,0.17647058823529413,0.090927835051546,329.9319727891171,29,-0.454536082474227,0.0,OK,FACTOR_LT_ONE,True
2021-2050,EC-Earth3,SSP2-4.5,351009,R20mm,days,days year-1,2021,2050,30,18.0,3116.0,221.96453032273894,0.3045441046575079,0.7607133967383719,No significant trend,False,1.1410564526946194,0.25384643148823527,No significant trend,False,0.041379310344827586,0.0,-0.21428571428571427,0.25,0.07123380305607796,421.14836935468486,29,-0.464383098471961,-0.015873838959999283,OK,FACTOR_LT_ONE,True
2021-2050,EC-Earth3,SSP2-4.5,351010,R20mm,days,days year-1,2021,2050,30,9.0,3117.6666666666665,220.27414958281523,0.14327656046537254,0.8860717668666034,No significant trend,False,0.5390241462497989,0.5898701935535122,No significant trend,False,0.020689655172413793,0.0,-0.2608695652173913,0.21428571428571427,0.07065352814588322,424.6072459121493,29,-0.4646732359270584,-0.015086646279306845,OK,FACTOR_LT_ONE,True
2021-2050,EC-Earth3,SSP2-4.5,351011,R20mm,days,days year-1,2021,2050,30,63.0,3098.3333333333335,263.9858837099478,1.1138523354926406,0.2653425405071307,No significant trend,False,3.815938242350121,0.00013566643606868076,Increasing,True,0.14482758620689656,0.1111111111111111,-0.06666666666666667,0.2857142857142857,0.08520254450025211,352.102160516007,29,-0.45739872774987395,0.017266583482705582,OK,FACTOR_LT_ONE,False
2021-2050,EC-Earth3,SSP2-4.5,351012,R20mm,days,days year-1,2021,2050,30,23.0,3115.0,341.2023748763807,0.39417915604785636,0.6934487735651039,No significant trend,False,1.1910134286081269,0.2336483132089313,No significant trend,False,0.052873563218390804,0.037037037037037035,-0.35714285714285715,0.3076923076923077,0.10953527283350906,273.88437736946406,29,-0.44523236358324547,-0.06097594353369145,OK,FACTOR_LT_ONE,True
2021-2050,EC-Earth3,SSP2-4.5,351201,R20mm,days,days year-1,2021,2050,30,36.0,3124.6666666666665,520.3956156260432,0.6261324283199985,0.5312280836652853,No significant trend,False,1.5342680097531385,0.1249637323490802,No significant trend,False,0.08275862068965517,0.16666666666666666,-0.25,0.5,0.16654436173225196,180.13218633141145,29,-0.416727819133874,0.08806684587832028,OK,FACTOR_LT_ONE,True
2021-2050,EC-Earth3,SSP2-4.5,351001,R50mm,days,days year-1,2021,2050,30,32.0,3025.3333333333335,453.3379667184079,0.5636053118574988,0.5730227709798161,No significant trend,False,1.4559640363044457,0.14540256169546084,No significant trend,False,0.0735632183908046,0.0,-0.06896551724137931,0.125,0.149847278553903,200.20383612911868,29,-0.4250763607230485,0.012828601472134592,OK,FACTOR_LT_ONE,True
2021-2050,EC-Earth3,SSP2-4.5,351002,R50mm,days,days year-1,2021,2050,30,9.0,2840.3333333333335,508.4800508089327,0.15010851608141457,0.8806790012540937,No significant trend,False,0.35477501536374967,0.7227581472581968,No significant trend,False,0.020689655172413793,0.0,-0.0,0.037037037037037035,0.17902125952667503,167.5778624243779,29,-0.4104893702366625,0.26293622141997597,OK,FACTOR_LT_ONE,True
2021-2050,EC-Earth3,SSP2-4.5,351003,R50mm,days,days year-1,2021,2050,30,-27.0,3017.6666666666665,218.16458866909886,-0.47330131941445186,0.6359982209441469,No significant trend,False,-1.7602778257143794,0.0783607119842215,No significant trend,False,-0.06206896551724138,0.0,-0.09090909090909091,0.0625,0.07229578769549283,414.9619356297615,29,-0.4638521061522536,-0.0044302762792218535,OK,FACTOR_LT_ONE,True
2021-2050,EC-Earth3,SSP2-4.5,351004,R50mm,days,days year-1,2021,2050,30,5.0,3027.6666666666665,347.18208787618823,0.07269523780765783,0.9420486382033051,No significant trend,False,0.214674933005303,0.8300207674972361,No significant trend,False,0.011494252873563218,0.0,-0.08333333333333333,0.11764705882352941,0.11466985177018219,261.6206399230818,29,-0.4426650741149089,0.10775450202131572,OK,FACTOR_LT_ONE,True
2021-2050,EC-Earth3,SSP2-4.5,351005,R50mm,days,days year-1,2021,2050,30,20.0,3022.0,267.50008568980235,0.34562597274759804,0.7296238241589097,No significant trend,False,1.1616937109139371,0.24535990123689522,No significant trend,False,0.04597701149425287,0.0,-0.08695652173913043,0.1,0.08851756640959707,338.9157792836406,29,-0.45574121679520146,0.09010282776349614,OK,FACTOR_LT_ONE,True
2021-2050,EC-Earth3,SSP2-4.5,351006,R50mm,days,days year-1,2021,2050,30,20.0,3044.0,394.26671607683346,0.3443747309573465,0.730564489785315,No significant trend,False,0.9568823482738781,0.3386266416430601,No significant trend,False,0.04597701149425287,0.0,-0.07692307692307693,0.125,0.1295225742696562,231.6198559916071,29,-0.4352387128651719,0.14117102093755787,OK,FACTOR_LT_ONE,True
2021-2050,EC-Earth3,SSP2-4.5,351007,R50mm,days,days year-1,2021,2050,30,21.0,2823.6666666666665,401.42253719995614,0.3763771784092924,0.7066365097948182,No significant trend,False,0.9982265573285055,0.3181695113006061,No significant trend,False,0.04827586206896552,0.0,-0.0,0.045454545454545456,0.14216357119582912,211.02452440980997,29,-0.42891821440208544,0.11984359726295207,OK,FACTOR_LT_ONE,True
2021-2050,EC-Earth3,SSP2-4.5,351008,R50mm,days,days year-1,2021,2050,30,-31.0,2538.3333333333335,641.9162962962959,-0.5954522330010601,0.5515412195871707,No significant trend,False,-1.1840827495800492,0.2363803079827992,No significant trend,False,-0.07126436781609195,0.0,-0.0,-0.0,0.2528888888888887,118.62917398945527,29,-0.37355555555555564,-0.0666666666666667,OK,FACTOR_LT_ONE,True
2021-2050,EC-Earth3,SSP2-4.5,351009,R50mm,days,days year-1,2021,2050,30,8.0,2725.3333333333335,275.8714494021584,0.13408747911268418,0.8933334004511282,No significant trend,False,0.42144864483133077,0.6734275041782295,No significant trend,False,0.01839080459770115,0.0,-0.0,-0.0,0.10122484689413835,296.36992221261846,29,-0.4493875765529308,0.025459317585301854,OK,FACTOR_LT_ONE,True
2021-2050,EC-Earth3,SSP2-4.5,351010,R50mm,days,days year-1,2021,2050,30,14.0,2815.3333333333335,342.66900436558205,0.24500697095825408,0.806451033793598,No significant trend,False,0.7022729504374502,0.48250895887843903,No significant trend,False,0.03218390804597701,0.0,-0.0,0.047619047619047616,0.12171525137304595,246.47691773689712,29,-0.439142374313477,0.12295853702697808,OK,FACTOR_LT_ONE,True
2021-2050,EC-Earth3,SSP2-4.5,351011,R50mm,days,days year-1,2021,2050,30,-46.0,1818.6666666666667,590.1481481481494,-1.055202861623719,0.29133255568145366,No significant trend,False,-1.8523881301883118,0.06397010854113148,No significant trend,False,-0.10574712643678161,0.0,-0.0,-0.0,0.32449494949495017,92.4513618677041,29,-0.3377525252525249,-0.15984848484848488,OK,FACTOR_LT_ONE,True
2021-2050,EC-Earth3,SSP2-4.5,351012,R50mm,days,days year-1,2021,2050,30,-21.0,3069.6666666666665,368.2381408654505,-0.3609810356074044,0.71811362398142,No significant trend,False,-1.0422348983017282,0.29730278690868894,No significant trend,False,-0.04827586206896552,0.0,-0.14285714285714285,0.09523809523809523,0.11996030216053333,250.0827312009717,29,-0.44001984891973334,0.10620314441160089,OK,FACTOR_LT_ONE,True
2021-2050,EC-Earth3,SSP2-4.5,351201,R50mm,days,days year-1,2021,2050,30,-1.0,3066.3333333333335,256.54948068796006,0.0,1.0,No significant trend,False,0.0,1.0,No significant trend,False,-0.0022988505747126436,0.0,-0.16666666666666666,0.14285714285714285,0.0836665335431982,358.5663075727953,29,-0.4581667332284009,0.07808631099208303,OK,FACTOR_LT_ONE,True
2021-2050,EC-Earth3,SSP2-4.5,351001,R95p,mm,mm year-1,2021,2050,30,27.0,3141.6666666666665,352.42834009930704,0.46386680609104103,0.6427431760684212,No significant trend,False,1.3849622493456542,0.16606401089483336,No significant trend,False,0.06206896551724138,1.868421052631579,-6.614999999999999,11.68,0.1121787819944744,267.43025255415694,29,-0.4439106090027628,0.027865865439129545,OK,FACTOR_LT_ONE,True
2021-2050,EC-Earth3,SSP2-4.5,351002,R95p,mm,mm year-1,2021,2050,30,33.0,3133.0,350.1025130933524,0.5717020913029159,0.5675238173951583,No significant trend,False,1.7102215092944588,0.08722491969025326,No significant trend,False,0.07586206896551724,0.6647058823529418,-2.8915,6.406086956521738,0.11174673255453316,268.4642254337038,29,-0.4441266337227334,0.06312487680678688,OK,FACTOR_LT_ONE,True
2021-2050,EC-Earth3,SSP2-4.5,351003,R95p,mm,mm year-1,2021,2050,30,19.0,3141.6666666666665,604.0335603383187,0.3211385580630284,0.7481053914270006,No significant trend,False,0.7323892661306868,0.4639310084432958,No significant trend,False,0.04367816091954023,1.7700000000000002,-7.839999999999996,9.3535,0.1922653242456187,156.0343765455857,29,-0.40386733787719065,0.14939437813440085,OK,FACTOR_LT_ONE,True
2021-2050,EC-Earth3,SSP2-4.5,351004,R95p,mm,mm year-1,2021,2050,30,1.0,3141.6666666666665,441.74153181363204,0.0,1.0,No significant trend,False,0.0,1.0,No significant trend,False,0.0022988505747126436,0.1310344827586211,-8.874444444444444,11.792777777777777,0.14060738413166007,213.36006060612718,29,-0.42969630793416996,0.16917366118673788,OK,FACTOR_LT_ONE,True
2021-2050,EC-Earth3,SSP2-4.5,351005,R95p,mm,mm year-1,2021,2050,30,25.0,3141.6666666666665,311.5329912880573,0.4281847440840379,0.6685166224807093,No significant trend,False,1.3597504748231466,0.17390889943053378,No significant trend,False,0.05747126436781609,2.1923529411764697,-9.948000000000002,12.865185185185185,0.09916169483969994,302.53617637835424,29,-0.45041915258015003,0.0677321515052571,OK,FACTOR_LT_ONE,True
2021-2050,EC-Earth3,SSP2-4.5,351006,R95p,mm,mm year-1,2021,2050,30,21.0,3141.6666666666665,310.3341857772301,0.35682062007003157,0.7212260985001633,No significant trend,False,1.1353118896394896,0.25624466229514553,No significant trend,False,0.04827586206896552,1.8562500000000028,-11.012083333333331,14.525199999999995,0.09878011218373373,303.7048585670684,29,-0.45060994390813314,0.08146654594530739,OK,FACTOR_LT_ONE,True
2021-2050,EC-Earth3,SSP2-4.5,351007,R95p,mm,mm year-1,2021,2050,30,-45.0,3141.6666666666665,280.9968568328914,-0.7850053641540694,0.4324504235358998,No significant trend,False,-2.624834619875538,0.00866910629314673,Decreasing,True,-0.10344827586206896,-1.9233333333333336,-8.827391304347822,4.341333333333334,0.08944197034468693,335.41300448086645,29,-0.45527901482765654,0.05995194092822258,OK,FACTOR_LT_ONE,False
2021-2050,EC-Earth3,SSP2-4.5,351008,R95p,mm,mm year-1,2021,2050,30,-23.0,3141.6666666666665,303.43801041990037,-0.3925026820770347,0.6946868300138667,No significant trend,False,-1.262954456643553,0.2066055475436689,No significant trend,False,-0.052873563218390804,-0.9388888888888908,-7.556785714285715,5.656153846153844,0.09658504310447757,310.60709852920525,29,-0.4517074784477612,0.09204398845440397,OK,FACTOR_LT_ONE,True
2021-2050,EC-Earth3,SSP2-4.5,351009,R95p,mm,mm year-1,2021,2050,30,23.0,3141.6666666666665,325.8102322623845,0.3925026820770347,0.6946868300138667,No significant trend,False,1.218822102045906,0.22291172077843646,No significant trend,False,0.052873563218390804,2.3153333333333195,-8.069333333333338,11.277499999999993,0.10370617472542742,289.2788214339988,29,-0.4481469126372863,0.04442084991640636,OK,FACTOR_LT_ONE,True
2021-2050,EC-Earth3,SSP2-4.5,351010,R95p,mm,mm year-1,2021,2050,30,23.0,3141.6666666666665,353.1794181662291,0.3925026820770347,0.6946868300138667,No significant trend,False,1.1706443878848949,0.24174174745171484,No significant trend,False,0.052873563218390804,2.630952380952381,-7.746666666666651,12.25095238095238,0.11241785193620024,266.86153029347776,29,-0.4437910740318999,0.0640508192182017,OK,FACTOR_LT_ONE,True
2021-2050,EC-Earth3,SSP2-4.5,351011,R95p,mm,mm year-1,2021,2050,30,3.0,2552.3333333333335,117.3946315036197,0.03958779379793278,0.9684217589496557,No significant trend,False,0.18458902556518547,0.8535513943519244,No significant trend,False,0.006896551724137931,0.0,-0.0,-0.0,0.045995023444019734,652.2444767641616,29,-0.47700248827799013,-0.3420438392848359,OK,FACTOR_LT_ONE,True
2021-2050,EC-Earth3,SSP2-4.5,351012,R95p,mm,mm year-1,2021,2050,30,-37.0,3141.6666666666665,294.25474159943195,-0.6422771161260568,0.5206932698330874,No significant trend,False,-2.0986536254046855,0.0358474454734663,Decreasing,True,-0.08505747126436781,-2.8889999999999985,-11.763636363636362,7.354374999999999,0.09366198671599957,320.30070097664634,29,-0.4531690066420002,0.09887835018250309,OK,FACTOR_LT_ONE,False
2021-2050,EC-Earth3,SSP2-4.5,351201,R95p,mm,mm year-1,2021,2050,30,37.0,3141.6666666666665,411.8107360462846,0.6422771161260568,0.5206932698330874,No significant trend,False,1.7740002163064894,0.07606311453155304,No significant trend,False,0.08505747126436781,4.658095238095238,-12.350999999999994,17.866999999999997,0.1310803403860853,228.86727263323937,29,-0.43445982980695735,0.08092782588421239,OK,FACTOR_LT_ONE,True
2021-2050,EC-Earth3,SSP2-4.5,351001,R99p,mm,mm year-1,2021,2050,30,17.0,2648.3333333333335,554.0293699605888,0.31090926153986626,0.7558696034903596,No significant trend,False,0.6797568436579726,0.4966584367816461,No significant trend,False,0.03908045977011494,0.0,-0.0,-0.0,0.20919925863835953,143.40394987661344,29,-0.39540037068082023,0.08776413743199202,OK,FACTOR_LT_ONE,True
2021-2050,EC-Earth3,SSP2-4.5,351002,R99p,mm,mm year-1,2021,2050,30,-4.0,1884.0,785.008331710871,-0.0691163516376137,0.9448970054288993,No significant trend,False,-0.10707402331594003,0.9147302550623041,No significant trend,False,-0.009195402298850575,0.0,-0.0,-0.0,0.416671089018509,71.99923582571232,29,-0.2916644554907455,0.10189678995580499,OK,FACTOR_LT_ONE,True
2021-2050,EC-Earth3,SSP2-4.5,351003,R99p,mm,mm year-1,2021,2050,30,12.0,2808.0,616.9686280520366,0.20758412292650924,0.8355537023941306,No significant trend,False,0.4428545840486545,0.6578709190659795,No significant trend,False,0.027586206896551724,0.0,-0.07937499999999975,3.0896000000000003,0.2197181723832039,136.53854696951464,29,-0.39014091380839805,0.3593289874278114,OK,FACTOR_LT_ONE,True
2021-2050,EC-Earth3,SSP2-4.5,351004,R99p,mm,mm year-1,2021,2050,30,16.0,2808.0,506.80832245211747,0.28306925853614895,0.7771237463572624,No significant trend,False,0.666299350740502,0.5052197805044272,No significant trend,False,0.0367816091954023,0.0,-0.0,4.765,0.18048729432055466,166.2166864040771,29,-0.40975635283972267,0.15273640753511114,OK,FACTOR_LT_ONE,True
2021-2050,EC-Earth3,SSP2-4.5,351005,R99p,mm,mm year-1,2021,2050,30,43.0,2873.0,602.0155698086561,0.7835766347327681,0.4332885703160312,No significant trend,False,1.711770070458966,0.08693904972476826,No significant trend,False,0.09885057471264368,0.0,-0.0,5.548333333333332,0.20954248862118208,143.1690546266013,29,-0.39522875568940896,0.130395996191743,OK,FACTOR_LT_ONE,True
2021-2050,EC-Earth3,SSP2-4.5,351006,R99p,mm,mm year-1,2021,2050,30,13.0,3141.6666666666665,364.9637349703131,0.21409237204201895,0.8304750241244809,No significant trend,False,0.6281399126951486,0.5299122886716292,No significant trend,False,0.029885057471264367,0.9450000000000003,-10.378333333333332,10.784545454545455,0.11616882810726148,258.2448363196044,29,-0.44191558594636926,0.1352358203771409,OK,FACTOR_LT_ONE,True
2021-2050,EC-Earth3,SSP2-4.5,351007,R99p,mm,mm year-1,2021,2050,30,-53.0,3133.0,352.9089100627775,-0.9290158983672384,0.3528808471812366,No significant trend,False,-2.7680378985612286,0.005639489729752082,Decreasing,True,-0.12183908045977011,-1.5099999999999993,-7.109999999999999,3.8125000000000018,0.1126424864547646,266.32934822552517,29,-0.4436787567726177,0.03181652214427645,OK,FACTOR_LT_ONE,False
2021-2050,EC-Earth3,SSP2-4.5,351008,R99p,mm,mm year-1,2021,2050,30,-26.0,3016.6666666666665,562.782456642161,-0.45517284677580333,0.6489848935408573,No significant trend,False,-1.053827999291457,0.2919616719855217,No significant trend,False,-0.059770114942528735,0.0,-4.524,1.6904166666666667,0.18655772043386554,160.80813986272392,29,-0.40672113978306723,0.11561588271644585,OK,FACTOR_LT_ONE,True
2021-2050,EC-Earth3,SSP2-4.5,351009,R99p,mm,mm year-1,2021,2050,30,15.0,3141.6666666666665,261.8902550033472,0.24977443404902208,0.802761791874143,No significant trend,False,0.8651040922987447,0.3869816588014312,No significant trend,False,0.034482758620689655,1.0792307692307672,-7.912999999999999,8.36625,0.08336029336976569,359.8835703099964,29,-0.45831985331511715,0.026932677063484307,OK,FACTOR_LT_ONE,True
2021-2050,EC-Earth3,SSP2-4.5,351010,R99p,mm,mm year-1,2021,2050,30,23.0,3141.6666666666665,255.70598622362544,0.3925026820770347,0.6946868300138667,No significant trend,False,1.3757902685559655,0.1688865751538834,No significant trend,False,0.052873563218390804,0.7576470588235324,-8.403750000000006,8.846666666666668,0.08139182585367388,368.58738190655606,29,-0.45930408707316306,0.044740087294348634,OK,FACTOR_LT_ONE,True
2021-2050,EC-Earth3,SSP2-4.5,351011,R99p,mm,mm year-1,2021,2050,30,0.0,0.0,0.0,0.0,1.0,No significant trend,False,0.0,1.0,No significant trend,False,0.0,0.0,-0.0,-0.0,1.0,30.0,29,0.0,0.0,NO_VARIATION,ZERO_VARIANCE_RESIDUALS,True
2021-2050,EC-Earth3,SSP2-4.5,351012,R99p,mm,mm year-1,2021,2050,30,42.0,2444.6666666666665,562.2691356601063,0.8292281394982305,0.4069753248411918,No significant trend,False,1.7290666504900027,0.08379716702707442,No significant trend,False,0.09655172413793103,0.0,-0.0,-0.0,0.2299982829261411,130.4357563818589,29,-0.38500085853692945,0.3804816979993743,OK,FACTOR_LT_ONE,True
2021-2050,EC-Earth3,SSP2-4.5,351201,R99p,mm,mm year-1,2021,2050,30,-22.0,2976.6666666666665,907.5657866595511,-0.38490556716251684,0.7003073810954928,No significant trend,False,-0.69707617099463,0.4857551259030837,No significant trend,False,-0.05057471264367816,0.0,-9.097647058823531,4.777500000000003,0.3048933213861874,98.39507098288014,29,-0.3475533393069063,0.07582430753653321,OK,FACTOR_LT_ONE,True
2021-2050,EC-Earth3,SSP5-8.5,351001,PRCPTOT,mm,mm year-1,2021,2050,30,-9.0,3141.6666666666665,664.1900315263921,-0.14272824802801262,0.8865048064138312,No significant trend,False,-0.31041579419272897,0.7562447849217017,No significant trend,False,-0.020689655172413793,-3.2260000000000035,-33.815,22.236999999999988,0.21141327263439535,141.9021598132114,29,-0.3942933636828023,0.22438499807177856,OK,FACTOR_LT_ONE,True
2021-2050,EC-Earth3,SSP5-8.5,351002,PRCPTOT,mm,mm year-1,2021,2050,30,-1.0,3141.6666666666665,558.8420303148159,0.0,1.0,No significant trend,False,0.0,1.0,No significant trend,False,-0.0022988505747126436,-1.7392307692307702,-21.74999999999999,16.87230769230766,0.17788075235484857,168.65231118515828,29,-0.4110596238225757,0.2141743246552213,OK,FACTOR_LT_ONE,True
2021-2050,EC-Earth3,SSP5-8.5,351003,PRCPTOT,mm,mm year-1,2021,2050,30,-5.0,3141.6666666666665,665.6326735449096,-0.07136412401400631,0.9431079616717606,No significant trend,False,-0.15503961292431864,0.8767900882629255,No significant trend,False,-0.011494252873563218,-0.29920000000000074,-24.26375000000001,26.32099999999999,0.2118724690328625,141.59461178199064,29,-0.39406376548356875,0.14750348957961318,OK,FACTOR_LT_ONE,True
2021-2050,EC-Earth3,SSP5-8.5,351004,PRCPTOT,mm,mm year-1,2021,2050,30,-9.0,3141.6666666666665,687.3600145686239,-0.14272824802801262,0.8865048064138312,No significant trend,False,-0.3051390956149588,0.7602602161747499,No significant trend,False,-0.020689655172413793,-2.0072727272727207,-26.308000000000003,25.9125,0.21878833354969462,137.11882856489663,29,-0.3906058332251527,0.20172845165229047,OK,FACTOR_LT_ONE,True
2021-2050,EC-Earth3,SSP5-8.5,351005,PRCPTOT,mm,mm year-1,2021,2050,30,7.0,3141.6666666666665,604.9253238320948,0.10704618602100947,0.9147523390847367,No significant trend,False,0.24394974448283657,0.8072697422089475,No significant trend,False,0.016091954022988506,2.663333333333336,-25.427000000000007,28.015882352941176,0.192549174694566,155.80435516063855,29,-0.403725412652717,0.18378043395400012,OK,FACTOR_LT_ONE,True
2021-2050,EC-Earth3,SSP5-8.5,351006,PRCPTOT,mm,mm year-1,2021,2050,30,-1.0,3141.6666666666665,675.9367361506463,0.0,1.0,No significant trend,False,0.0,1.0,No significant trend,False,-0.0022988505747126436,-0.25399999999999634,-25.3022222222222,19.98818181818182,0.21515227675882642,139.4361261332517,29,-0.3924238616205868,0.22544822275877643,OK,FACTOR_LT_ONE,True
2021-2050,EC-Earth3,SSP5-8.5,351007,PRCPTOT,mm,mm year-1,2021,2050,30,-29.0,3141.6666666666665,518.5761547046684,-0.49954886809804416,0.617392769071009,No significant trend,False,-1.2295657573146284,0.21885975950240144,No significant trend,False,-0.06666666666666667,-4.653478260869564,-21.550714285714275,14.196666666666678,0.16506402802270614,181.74765489106574,29,-0.41746798598864693,0.1378402357550273,OK,FACTOR_LT_ONE,True
2021-2050,EC-Earth3,SSP5-8.5,351008,PRCPTOT,mm,mm year-1,2021,2050,30,-23.0,3141.6666666666665,544.0701047470463,-0.3925026820770347,0.6946868300138667,No significant trend,False,-0.9431814468071155,0.3455881015785748,No significant trend,False,-0.052873563218390804,-2.927777777777755,-22.798000000000002,12.91285714285714,0.17317881318208372,173.23135231592903,29,-0.41341059340895814,0.16265097055019156,OK,FACTOR_LT_ONE,True
2021-2050,EC-Earth3,SSP5-8.5,351009,PRCPTOT,mm,mm year-1,2021,2050,30,5.0,3141.6666666666665,521.2350815424929,0.07136412401400631,0.9431079616717606,No significant trend,False,0.17520365918114214,0.8609196091954165,No significant trend,False,0.011494252873563218,0.8463636363636418,-18.51714285714284,19.344666666666672,0.1659103707827564,180.82052290318913,29,-0.4170448146086218,0.1851495568254018,OK,FACTOR_LT_ONE,True
2021-2050,EC-Earth3,SSP5-8.5,351010,PRCPTOT,mm,mm year-1,2021,2050,30,-1.0,3141.6666666666665,587.9874462003586,0.0,1.0,No significant trend,False,0.0,1.0,No significant trend,False,-0.0022988505747126436,-0.2820833333333326,-20.424285714285727,19.782499999999985,0.18715780780913271,160.29253789184474,29,-0.40642109609543364,0.1894596035122,OK,FACTOR_LT_ONE,True
2021-2050,EC-Earth3,SSP5-8.5,351011,PRCPTOT,mm,mm year-1,2021,2050,30,-5.0,3141.6666666666665,467.5370857050597,-0.07136412401400631,0.9431079616717606,No significant trend,False,-0.1849915786913837,0.8532356408058974,No significant trend,False,-0.011494252873563218,-0.37666666666670306,-15.421851851851839,13.867499999999993,0.1488181705161994,201.58828653745877,29,-0.4255909147419003,0.15362594368811192,OK,FACTOR_LT_ONE,True
2021-2050,EC-Earth3,SSP5-8.5,351012,PRCPTOT,mm,mm year-1,2021,2050,30,-21.0,3141.6666666666665,500.06004194496603,-0.35682062007003157,0.7212260985001633,No significant trend,False,-0.894373492687916,0.3711220901110194,No significant trend,False,-0.04827586206896552,-4.47823529411764,-30.147999999999985,22.27999999999999,0.15917030512837116,188.47736690461792,29,-0.4204148474358144,0.1784191179363418,OK,FACTOR_LT_ONE,True
2021-2050,EC-Earth3,SSP5-8.5,351201,PRCPTOT,mm,mm year-1,2021,2050,30,1.0,3141.6666666666665,500.1866846244023,0.0,1.0,No significant trend,False,0.0,1.0,No significant trend,False,0.0022988505747126436,0.33899999999998726,-31.770384615384632,34.66866666666666,0.15921061579556572,188.42964616455902,29,-0.42039469210221714,0.17240544718683093,OK,FACTOR_LT_ONE,True
2021-2050,EC-Earth3,SSP5-8.5,351001,SDII,mm day-1,mm day-1 year-1,2021,2050,30,-81.0,3141.6666666666665,872.0616645345359,-1.4272824802801263,0.1534984884368536,No significant trend,False,-2.709046060873581,0.006747697124042537,Decreasing,True,-0.18620689655172415,-0.17764933166248933,-0.34378021978021955,0.05925477602107976,0.2775793096661653,108.07721957403788,29,-0.36121034516691736,0.3836567728480643,OK,FACTOR_LT_ONE,False
2021-2050,EC-Earth3,SSP5-8.5,351002,SDII,mm day-1,mm day-1 year-1,2021,2050,30,-83.0,3141.6666666666665,718.2690301507315,-1.4629645422871294,0.14347708151957062,No significant trend,False,-3.0596396602089637,0.0022160343909014444,Decreasing,True,-0.19080459770114944,-0.12500998389694049,-0.24547058823529433,0.025797720797720913,0.22862674699758034,131.2182428082988,29,-0.38568662650120983,0.3118453062479145,OK,FACTOR_LT_ONE,False
2021-2050,EC-Earth3,SSP5-8.5,351003,SDII,mm day-1,mm day-1 year-1,2021,2050,30,-41.0,3141.6666666666665,652.9803749924152,-0.7136412401400631,0.4754490495282657,No significant trend,False,-1.5653444826930032,0.11750215830312184,No significant trend,False,-0.09425287356321839,-0.06541003252867483,-0.2952535211267608,0.12851321559796133,0.2078452121991773,144.3381816813327,29,-0.39607739390041136,0.31379834773682397,OK,FACTOR_LT_ONE,True
2021-2050,EC-Earth3,SSP5-8.5,351004,SDII,mm day-1,mm day-1 year-1,2021,2050,30,-57.0,3141.6666666666665,980.8316596521566,-0.9990977361960883,0.31774734769908775,No significant trend,False,-1.788095824965104,0.07376054909257083,No significant trend,False,-0.1310344827586207,-0.16071887152395642,-0.3891342429577464,0.11662041773231042,0.3122010587752223,96.0919226785817,29,-0.34389947061238885,0.4074038031123156,OK,FACTOR_LT_ONE,True
2021-2050,EC-Earth3,SSP5-8.5,351005,SDII,mm day-1,mm day-1 year-1,2021,2050,30,-57.0,3141.6666666666665,839.5128538617338,-0.9990977361960883,0.31774734769908775,No significant trend,False,-1.9327440812547956,0.053267731963800684,No significant trend,False,-0.1310344827586207,-0.11961078811369519,-0.3105921859039836,0.1095890969495621,0.26721894552628134,112.26748889722514,29,-0.36639052723685933,0.361394209312028,OK,FACTOR_LT_ONE,True
2021-2050,EC-Earth3,SSP5-8.5,351006,SDII,mm day-1,mm day-1 year-1,2021,2050,30,-67.0,3141.6666666666665,824.2199058353083,-1.177508046231104,0.2389927879015219,No significant trend,False,-2.298912205363846,0.021509925189335036,Decreasing,True,-0.15402298850574714,-0.10799699389863339,-0.30112708162708157,0.05747790796160372,0.2623511636611061,114.35055054206927,29,-0.36882441816944694,0.35831730934610845,OK,FACTOR_LT_ONE,False
2021-2050,EC-Earth3,SSP5-8.5,351007,SDII,mm day-1,mm day-1 year-1,2021,2050,30,-65.0,3141.6666666666665,560.4697178118602,-1.141825984224101,0.2535263593015791,No significant trend,False,-2.703360088147174,0.006864233926152789,Decreasing,True,-0.14942528735632185,-0.05167666258669927,-0.17150274058413595,0.049966386554621954,0.1783988491708839,168.16251976639006,29,-0.41080057541455806,0.18346638662462925,OK,FACTOR_LT_ONE,False
2021-2050,EC-Earth3,SSP5-8.5,351008,SDII,mm day-1,mm day-1 year-1,2021,2050,30,-47.0,3141.6666666666665,693.2488143153903,-0.8206874261610726,0.41182433473249114,No significant trend,False,-1.7470818982289333,0.08062313288324172,No significant trend,False,-0.10804597701149425,-0.03942647829168333,-0.15160558408215663,0.054032681704260635,0.220662752567233,135.95407313184586,29,-0.3896686237163835,0.24442471348376582,OK,FACTOR_LT_ONE,True
2021-2050,EC-Earth3,SSP5-8.5,351009,SDII,mm day-1,mm day-1 year-1,2021,2050,30,-33.0,3141.6666666666665,727.4981525744264,-0.5709129921120505,0.568058623631595,No significant trend,False,-1.1864079028090189,0.23546125229399661,No significant trend,False,-0.07586206896551724,-0.032355279859481556,-0.12397714285714288,0.06302279202279208,0.23156439869743017,129.55359359535663,29,-0.3842178006512849,0.30688312739253487,OK,FACTOR_LT_ONE,True
2021-2050,EC-Earth3,SSP5-8.5,351010,SDII,mm day-1,mm day-1 year-1,2021,2050,30,-53.0,3141.6666666666665,735.9643078204414,-0.9277336121820821,0.353545768449924,No significant trend,False,-1.9167919078060587,0.0552643734157098,No significant trend,False,-0.12183908045977011,-0.03911343877321879,-0.17270358268446429,0.071641829719725,0.23425919612321744,128.06327562150588,29,-0.3828704019383913,0.2970099437464683,OK,FACTOR_LT_ONE,True
2021-2050,EC-Earth3,SSP5-8.5,351011,SDII,mm day-1,mm day-1 year-1,2021,2050,30,-25.0,3141.6666666666665,506.81011455101014,-0.4281847440840379,0.6685166224807093,No significant trend,False,-1.0660770763362575,0.28638880121923715,No significant trend,False,-0.05747126436781609,-0.014893903291961448,-0.08162066932035977,0.05401076860950328,0.1613188693531067,185.9670856875012,29,-0.41934056532344666,0.24963575054441003,OK,FACTOR_LT_ONE,True
2021-2050,EC-Earth3,SSP5-8.5,351012,SDII,mm day-1,mm day-1 year-1,2021,2050,30,-37.0,3141.6666666666665,585.7038907334195,-0.6422771161260568,0.5206932698330874,No significant trend,False,-1.4875221669538576,0.13687695307131834,No significant trend,False,-0.08505747126436781,-0.045149886475028614,-0.21928681177976952,0.09324011375947894,0.18643094665254734,160.9174900340511,29,-0.40678452667372633,0.25859743703367627,OK,FACTOR_LT_ONE,True
2021-2050,EC-Earth3,SSP5-8.5,351201,SDII,mm day-1,mm day-1 year-1,2021,2050,30,-25.0,3141.6666666666665,651.6256478142006,-0.4281847440840379,0.6685166224807093,No significant trend,False,-0.940182486230571,0.3471239637461305,No significant trend,False,-0.05747126436781609,-0.04453157349896476,-0.23650995575221248,0.15257624246987922,0.20741399930425486,144.63826019763067,29,-0.39629300034787257,0.30311399717624715,OK,FACTOR_LT_ONE,True
2021-2050,EC-Earth3,SSP5-8.5,351001,Rx1day,mm,mm year-1,2021,2050,30,-101.0,3141.6666666666665,611.0606813792743,-1.7841031003501577,0.07440691359805184,No significant trend,False,-4.045366092818116,5.224142052861846e-05,Decreasing,True,-0.23218390804597702,-1.5563636363636368,-4.01,0.11823529411764735,0.1945020736485754,154.24000082489468,29,-0.4027489631757123,0.021982235294515463,OK,FACTOR_LT_ONE,False
2021-2050,EC-Earth3,SSP5-8.5,351002,Rx1day,mm,mm year-1,2021,2050,30,-109.0,3141.6666666666665,262.7610450120555,-1.9268313483781705,0.054000651353365896,No significant trend,False,-6.662592709962223,2.690384931228339e-11,Decreasing,True,-0.25057471264367814,-1.2823076923076924,-2.4683333333333333,0.0028571428571422886,0.08363746790834659,358.69091628736595,29,-0.4581812660458267,-0.06727873677529624,OK,FACTOR_LT_ONE,False
2021-2050,EC-Earth3,SSP5-8.5,351003,Rx1day,mm,mm year-1,2021,2050,30,-29.0,3141.6666666666665,1005.552240071932,-0.49954886809804416,0.617392769071009,No significant trend,False,-0.8829898521457041,0.37724175439387186,No significant trend,False,-0.06666666666666667,-0.48619047619047623,-2.932142857142857,2.3166666666666678,0.320069678537485,93.72959080997903,29,-0.3399651607312575,0.1673049903927977,OK,FACTOR_LT_ONE,True
2021-2050,EC-Earth3,SSP5-8.5,351004,Rx1day,mm,mm year-1,2021,2050,30,-33.0,3141.6666666666665,933.8789480413,-0.5709129921120505,0.568058623631595,No significant trend,False,-1.0471398455827567,0.2950350843476145,No significant trend,False,-0.07586206896551724,-0.6422222222222216,-3.677777777777777,2.329444444444445,0.29725589858078516,100.92314447999728,29,-0.3513720507096074,0.0593343251075988,OK,FACTOR_LT_ONE,True
2021-2050,EC-Earth3,SSP5-8.5,351005,Rx1day,mm,mm year-1,2021,2050,30,-55.0,3141.6666666666665,542.5585730958987,-0.9634156741890852,0.3353389634847318,No significant trend,False,-2.3183043210652703,0.02043278774678674,Decreasing,True,-0.12643678160919541,-1.0471999999999997,-3.2099999999999995,1.459999999999999,0.17269768904909244,173.71396319884718,29,-0.4136511554754538,0.18130443495242726,OK,FACTOR_LT_ONE,False
2021-2050,EC-Earth3,SSP5-8.5,351006,Rx1day,mm,mm year-1,2021,2050,30,-45.0,3141.6666666666665,1147.0223688714882,-0.7850053641540694,0.4324504235358998,No significant trend,False,-1.2991722415758353,0.1938848254296981,No significant trend,False,-0.10344827586206896,-1.0085714285714278,-3.2491666666666674,1.3729411764705883,0.36509995826148167,82.16927808716494,29,-0.31745002086925916,0.3169453454443353,OK,FACTOR_LT_ONE,True
2021-2050,EC-Earth3,SSP5-8.5,351007,Rx1day,mm,mm year-1,2021,2050,30,-25.0,3141.6666666666665,375.712696447556,-0.4281847440840379,0.6685166224807093,No significant trend,False,-1.2381786352722937,0.2156498315764357,No significant trend,False,-0.05747126436781609,-0.26578947368421074,-1.5159259259259261,0.7929411764705885,0.11959024820611863,250.85657442815727,29,-0.4402048758969407,0.07203638281180258,OK,FACTOR_LT_ONE,True
2021-2050,EC-Earth3,SSP5-8.5,351008,Rx1day,mm,mm year-1,2021,2050,30,-81.0,3141.6666666666665,740.464732867515,-1.4272824802801263,0.1534984884368536,No significant trend,False,-2.939935467973174,0.0032828061007710505,Decreasing,True,-0.18620689655172415,-0.8425000000000002,-2.3249999999999993,0.36260869565217374,0.2356916921594212,127.28492771696035,29,-0.3821541539202894,0.27967721305538323,OK,FACTOR_LT_ONE,False
2021-2050,EC-Earth3,SSP5-8.5,351009,Rx1day,mm,mm year-1,2021,2050,30,-7.0,3141.6666666666665,643.5181417951857,-0.10704618602100947,0.9147523390847367,No significant trend,False,-0.23652162436562232,0.8130279294103572,No significant trend,False,-0.016091954022988506,-0.14333333333333323,-1.644285714285715,1.1042857142857139,0.20483336078361347,146.46051739439105,29,-0.39758331960819326,0.24124189282113556,OK,FACTOR_LT_ONE,True
2021-2050,EC-Earth3,SSP5-8.5,351010,Rx1day,mm,mm year-1,2021,2050,30,-19.0,3141.6666666666665,1025.7474857849163,-0.3211385580630284,0.7481053914270006,No significant trend,False,-0.5620206521229754,0.574101948348534,No significant trend,False,-0.04367816091954023,-0.23533333333333342,-1.7933333333333334,1.2983333333333344,0.32649787345938985,91.88421254367353,29,-0.3367510632703051,0.22005333985666603,OK,FACTOR_LT_ONE,True
2021-2050,EC-Earth3,SSP5-8.5,351011,Rx1day,mm,mm year-1,2021,2050,30,-88.0,3140.6666666666665,499.43306678253646,-1.5524167859529308,0.1205625295580051,No significant trend,False,-3.8929659585463936,9.902605228929796e-05,Decreasing,True,-0.20229885057471264,-0.3999999999999999,-0.9790909090909087,0.15105263157894724,0.1590213543141169,188.65390833447827,29,-0.42048932284294155,0.16056443751445768,OK,FACTOR_LT_ONE,False
2021-2050,EC-Earth3,SSP5-8.5,351012,Rx1day,mm,mm year-1,2021,2050,30,-1.0,3141.6666666666665,330.44548013240296,0.0,1.0,No significant trend,False,0.0,1.0,No significant trend,False,-0.0022988505747126436,-0.014166666666666808,-2.0775,1.5374999999999996,0.10518158518803278,285.221029388073,29,-0.4474092074059836,0.057631637196198966,OK,FACTOR_LT_ONE,True
2021-2050,EC-Earth3,SSP5-8.5,351201,Rx1day,mm,mm year-1,2021,2050,30,-47.0,3141.6666666666665,330.9660283212063,-0.8206874261610726,0.41182433473249114,No significant trend,False,-2.5285184243150964,0.01145450742766046,Decreasing,True,-0.10804597701149425,-1.1271428571428566,-3.149000000000001,1.3087499999999999,0.10534727691921686,284.772429599721,29,-0.44732636154039157,0.06644937747058577,OK,FACTOR_LT_ONE,False
2021-2050,EC-Earth3,SSP5-8.5,351001,Rx5day,mm,mm year-1,2021,2050,30,-67.0,3141.6666666666665,1042.1662595599275,-1.177508046231104,0.2389927879015219,No significant trend,False,-2.044444998275532,0.04090960577777975,Decreasing,True,-0.15402298850574714,-3.7372727272727273,-11.59666666666667,2.623333333333335,0.33172400834798754,90.43662576429855,29,-0.33413799582600623,0.14289896881617634,OK,FACTOR_LT_ONE,False
2021-2050,EC-Earth3,SSP5-8.5,351002,Rx5day,mm,mm year-1,2021,2050,30,-55.0,3141.6666666666665,1089.2954036041888,-0.9634156741890852,0.3353389634847318,No significant trend,False,-1.636141740406396,0.10180992613176869,No significant trend,False,-0.12643678160919541,-1.9654545454545458,-7.0025,1.2112,0.3467253274071689,86.52382052485653,29,-0.32663733629641556,0.12559243184232302,OK,FACTOR_LT_ONE,True
2021-2050,EC-Earth3,SSP5-8.5,351003,Rx5day,mm,mm year-1,2021,2050,30,-35.0,3141.6666666666665,725.0506886687325,-0.6065950541190537,0.5441196833389506,No significant trend,False,-1.2626841598381469,0.20670270889195907,No significant trend,False,-0.08045977011494253,-2.3965000000000005,-8.14913043478261,3.8860000000000015,0.2307853650934958,129.99091163274758,29,-0.3846073174532521,0.05630327935719013,OK,FACTOR_LT_ONE,True
2021-2050,EC-Earth3,SSP5-8.5,351004,Rx5day,mm,mm year-1,2021,2050,30,-27.0,3141.6666666666665,1159.9552944229956,-0.46386680609104103,0.6427431760684212,No significant trend,False,-0.7634009959772341,0.4452242861369714,No significant trend,False,-0.06206896551724138,-1.5116666666666607,-9.748000000000001,5.546666666666666,0.36921653933888454,81.25313143803824,29,-0.31539173033055773,0.19898971899634119,OK,FACTOR_LT_ONE,True
2021-2050,EC-Earth3,SSP5-8.5,351005,Rx5day,mm,mm year-1,2021,2050,30,-53.0,3141.6666666666665,921.6134678722566,-0.9277336121820821,0.353545768449924,No significant trend,False,-1.712887883594392,0.08673316776719323,No significant trend,False,-0.12183908045977011,-3.3815789473684212,-8.382500000000004,3.1371428571428583,0.2933517669619915,102.26630066246368,29,-0.35332411651900425,0.167122936837053,OK,FACTOR_LT_ONE,True
2021-2050,EC-Earth3,SSP5-8.5,351006,Rx5day,mm,mm year-1,2021,2050,30,-47.0,3141.6666666666665,1052.3162958355229,-0.8206874261610726,0.41182433473249114,No significant trend,False,-1.4180275996602325,0.15618270705254564,No significant trend,False,-0.10804597701149425,-2.2463636363636343,-8.356666666666664,3.184615384615383,0.33495478912536536,89.564326213505,29,-0.3325226054373173,0.16003418066154948,OK,FACTOR_LT_ONE,True
2021-2050,EC-Earth3,SSP5-8.5,351007,Rx5day,mm,mm year-1,2021,2050,30,-43.0,3141.6666666666665,677.868301780112,-0.7493233021470662,0.45366236627030876,No significant trend,False,-1.613156964126399,0.1067104106035357,No significant trend,False,-0.09885057471264368,-1.337272727272728,-5.353999999999997,1.879999999999999,0.21576709870985,139.03880702563512,29,-0.392116450645075,0.0056233329735875985,OK,FACTOR_LT_ONE,True
2021-2050,EC-Earth3,SSP5-8.5,351008,Rx5day,mm,mm year-1,2021,2050,30,-77.0,3141.6666666666665,789.1770572254966,-1.35591835626612,0.17512514633807796,No significant trend,False,-2.7053681122150297,0.006822873539375891,Decreasing,True,-0.17701149425287357,-2.7840000000000016,-6.2500000000000036,0.9942857142857134,0.25119694129193526,119.42820579624293,29,-0.37440152935403237,0.1439657818904301,OK,FACTOR_LT_ONE,False
2021-2050,EC-Earth3,SSP5-8.5,351009,Rx5day,mm,mm year-1,2021,2050,30,-29.0,3141.6666666666665,846.9258288275804,-0.49954886809804416,0.617392769071009,No significant trend,False,-0.9621335134290813,0.335982541471046,No significant trend,False,-0.06666666666666667,-0.984375,-4.568421052631578,2.543809523809525,0.2695785131546675,111.28483367955906,29,-0.36521074342266624,0.11964663872424627,OK,FACTOR_LT_ONE,True
2021-2050,EC-Earth3,SSP5-8.5,351010,Rx5day,mm,mm year-1,2021,2050,30,-43.0,3141.6666666666665,831.220861383186,-0.7493233021470662,0.45366236627030876,No significant trend,False,-1.4567702818188852,0.14517980183521878,No significant trend,False,-0.09885057471264368,-1.9500000000000002,-6.161071428571428,2.2699999999999987,0.26457958452515207,113.38743332688267,29,-0.36771020773742397,0.1333677958961657,OK,FACTOR_LT_ONE,True
2021-2050,EC-Earth3,SSP5-8.5,351011,Rx5day,mm,mm year-1,2021,2050,30,-35.0,3141.6666666666665,1006.3806063993682,-0.6065950541190537,0.5441196833389506,No significant trend,False,-1.0717606000622648,0.28382757403463454,No significant trend,False,-0.08045977011494253,-0.8925000000000018,-2.697692307692308,1.188333333333335,0.3203333495170403,93.65244063794904,29,-0.33983332524147986,0.2978964616276598,OK,FACTOR_LT_ONE,True
2021-2050,EC-Earth3,SSP5-8.5,351012,Rx5day,mm,mm year-1,2021,2050,30,-31.0,3141.6666666666665,564.3049673172578,-0.5352309301050473,0.5924901808547871,No significant trend,False,-1.2628864923654401,0.2066299749773105,No significant trend,False,-0.07126436781609195,-1.0591666666666673,-6.46941176470588,3.882222222222225,0.17961961824422001,167.01961786384862,29,-0.41019019087789,0.11123528566857643,OK,FACTOR_LT_ONE,True
2021-2050,EC-Earth3,SSP5-8.5,351201,Rx5day,mm,mm year-1,2021,2050,30,-45.0,3141.6666666666665,570.1702808990138,-0.7850053641540694,0.4324504235358998,No significant trend,False,-1.8426819770860028,0.06537545696197032,No significant trend,False,-0.10344827586206896,-2.466666666666667,-7.297499999999992,2.913999999999999,0.18148656155936782,165.3014952855692,29,-0.4092567192203161,0.015409647711691388,OK,FACTOR_LT_ONE,True
2021-2050,EC-Earth3,SSP5-8.5,351001,CDD,days,days year-1,2021,2050,30,6.0,3134.0,469.96700863709225,0.08931419912111299,0.9288322099012867,No significant trend,False,0.23064089699772014,0.8175937928457333,No significant trend,False,0.013793103448275862,0.0,-0.6363636363636364,0.6521739130434783,0.1499575649767365,200.05659604204706,29,-0.42502121751163174,0.05417057869795482,OK,FACTOR_LT_ONE,True
2021-2050,EC-Earth3,SSP5-8.5,351002,CDD,days,days year-1,2021,2050,30,-32.0,3127.3333333333335,688.1056221439388,-0.5543379442042247,0.5793475868432312,No significant trend,False,-1.1817732103176373,0.23729570032563085,No significant trend,False,-0.0735632183908046,-0.13043478260869565,-0.8,0.42857142857142855,0.22002951038497298,136.3453472559691,29,-0.3899852448075135,-0.13048150872790898,OK,FACTOR_LT_ONE,True
2021-2050,EC-Earth3,SSP5-8.5,351003,CDD,days,days year-1,2021,2050,30,-2.0,3132.0,1019.8566028443033,-0.01786854224729658,0.9857437246562069,No significant trend,False,-0.03131341573689426,0.9750195914442492,No significant trend,False,-0.004597701149425287,0.0,-0.5909090909090909,0.47619047619047616,0.325624713551821,92.13059928028375,29,-0.3371876432240895,0.2388064602187609,OK,FACTOR_LT_ONE,True
2021-2050,EC-Earth3,SSP5-8.5,351004,CDD,days,days year-1,2021,2050,30,18.0,3129.3333333333335,401.0928789362172,0.303894617663885,0.761208178476497,No significant trend,False,0.8488411901632221,0.39596966674223644,No significant trend,False,0.041379310344827586,0.08333333333333333,-0.5555555555555556,1.1333333333333333,0.12817198943424069,234.06050052294506,29,-0.43591400528287966,0.07078559038129356,OK,FACTOR_LT_ONE,True
2021-2050,EC-Earth3,SSP5-8.5,351005,CDD,days,days year-1,2021,2050,30,51.0,3130.3333333333335,367.24681951035774,0.8936649220292299,0.3715011989188286,No significant trend,False,2.6091015492336274,0.009078029824796106,Increasing,True,0.11724137931034483,0.3,-0.38461538461538464,0.8421052631578947,0.11731875822926985,255.71358283022894,29,-0.4413406208853651,-0.11148437894977475,OK,FACTOR_LT_ONE,False
2021-2050,EC-Earth3,SSP5-8.5,351006,CDD,days,days year-1,2021,2050,30,-43.0,3119.0,678.0244401937291,-0.7520411468145104,0.4520263146728726,No significant trend,False,-1.6129712110349221,0.10675076252853061,No significant trend,False,-0.09885057471264368,-0.2,-0.9230769230769231,0.30434782608695654,0.21738520044685128,138.00387486513705,29,-0.39130739977657436,0.26724162269244367,OK,FACTOR_LT_ONE,True
2021-2050,EC-Earth3,SSP5-8.5,351007,CDD,days,days year-1,2021,2050,30,-67.0,3128.3333333333335,685.1533567960092,-1.1800147186714665,0.23799436095939552,No significant trend,False,-2.521448142411236,0.011687290077422148,Decreasing,True,-0.15402298850574714,-0.2857142857142857,-0.9411764705882353,0.13636363636363635,0.21901545768652397,136.97663314220904,29,-0.390492271156738,0.2133959177701522,OK,FACTOR_LT_ONE,False
2021-2050,EC-Earth3,SSP5-8.5,351008,CDD,days,days year-1,2021,2050,30,45.0,3133.6666666666665,555.5088834557083,0.7860067533535657,0.4318635306877884,No significant trend,False,1.8668403204015407,0.06192388998862127,No significant trend,False,0.10344827586206896,0.2,-0.3,0.75,0.17727121054857198,169.2322171612861,29,-0.411364394725714,0.18981663014646524,OK,FACTOR_LT_ONE,True
2021-2050,EC-Earth3,SSP5-8.5,351009,CDD,days,days year-1,2021,2050,30,-39.0,3130.3333333333335,334.00458314282565,-0.6791853407422147,0.49702043443980193,No significant trend,False,-2.0792532239340895,0.0375940819964373,Decreasing,True,-0.0896551724137931,-0.25,-0.8888888888888888,0.2857142857142857,0.10669936635379373,281.1638065452611,29,-0.44665031682310313,-0.2414306950957651,OK,FACTOR_LT_ONE,False
2021-2050,EC-Earth3,SSP5-8.5,351010,CDD,days,days year-1,2021,2050,30,-34.0,3129.3333333333335,342.04958942810526,-0.5899130813475414,0.5552489235602203,No significant trend,False,-1.7843062764141442,0.07437391093094857,No significant trend,False,-0.07816091954022988,-0.14285714285714285,-0.8518518518518519,0.26666666666666666,0.10930429998767743,274.46312728211143,29,-0.4453478500061613,0.07441063334335214,OK,FACTOR_LT_ONE,True
2021-2050,EC-Earth3,SSP5-8.5,351011,CDD,days,days year-1,2021,2050,30,-77.0,3131.0,470.52893175429847,-1.358226058574093,0.1743919643256736,No significant trend,False,-3.503647665605087,0.0004589321304250765,Decreasing,True,-0.17701149425287357,-0.29411764705882354,-0.625,0.125,0.15028071918054886,199.62640692421547,29,-0.42485964040972557,-0.08643639999633564,OK,FACTOR_LT_ONE,False
2021-2050,EC-Earth3,SSP5-8.5,351012,CDD,days,days year-1,2021,2050,30,-54.0,3132.0,536.1889603238858,-0.9470327391067188,0.3436220964565949,No significant trend,False,-2.2888479105042965,0.0220881906576591,Decreasing,True,-0.12413793103448276,-0.2,-1.0,0.42857142857142855,0.17119698605488054,175.23672987083378,29,-0.41440150697255973,0.09900944669365727,OK,FACTOR_LT_ONE,False
2021-2050,EC-Earth3,SSP5-8.5,351201,CDD,days,days year-1,2021,2050,30,29.0,3135.6666666666665,853.132362793654,0.500026575247833,0.6170563651296731,No significant trend,False,0.9586273665737416,0.33774650094837944,No significant trend,False,0.06666666666666667,0.21052631578947367,-0.625,0.7058823529411765,0.2720736779399343,110.2642498427323,29,-0.36396316103003284,0.07455293248252738,OK,FACTOR_LT_ONE,True
2021-2050,EC-Earth3,SSP5-8.5,351001,CWD,days,days year-1,2021,2050,30,-60.0,3095.3333333333335,361.51036740788516,-1.0604697856477605,0.2889309286039383,No significant trend,False,-3.1030704339832487,0.001915240525299944,Decreasing,True,-0.13793103448275862,-0.08333333333333333,-0.25,0.07142857142857142,0.1167920635605918,256.8667689002342,29,-0.4416039682197041,-0.039037878104014656,OK,FACTOR_LT_ONE,False
2021-2050,EC-Earth3,SSP5-8.5,351002,CWD,days,days year-1,2021,2050,30,-44.0,3092.6666666666665,407.42064699773397,-0.77321789902923,0.43939343489819827,No significant trend,False,-2.1303302709415752,0.03314435609749895,Decreasing,True,-0.10114942528735632,-0.07142857142857142,-0.25,0.09090909090909091,0.13173765261836623,227.7253268426429,29,-0.4341311736908169,-0.06062637837816541,OK,FACTOR_LT_ONE,False
2021-2050,EC-Earth3,SSP5-8.5,351003,CWD,days,days year-1,2021,2050,30,-103.0,3111.0,460.82366626127174,-1.8287324285094217,0.06743970196129219,No significant trend,False,-4.7515224368575995,2.018907516187062e-06,Decreasing,True,-0.2367816091954023,-0.15384615384615385,-0.3,-0.0,0.14812718298337246,202.52866081553412,29,-0.42593640850831377,-0.030910687604841017,OK,FACTOR_LT_ONE,False
2021-2050,EC-Earth3,SSP5-8.5,351004,CWD,days,days year-1,2021,2050,30,-33.0,3099.6666666666665,387.255395552083,-0.5747678688147332,0.5654483000931531,No significant trend,False,-1.626114938810328,0.10392520665914713,No significant trend,False,-0.07586206896551724,-0.045454545454545456,-0.2,0.14285714285714285,0.12493452915972136,240.12576988741668,29,-0.4375327354201393,-0.028596248292522358,OK,FACTOR_LT_ONE,True
2021-2050,EC-Earth3,SSP5-8.5,351005,CWD,days,days year-1,2021,2050,30,-54.0,3104.6666666666665,441.1441691606152,-0.9511924187004287,0.34150670626614177,No significant trend,False,-2.523397090348355,0.011622707378601506,Decreasing,True,-0.12413793103448276,-0.09090909090909091,-0.25,0.07692307692307693,0.1420906707624915,211.13279175200626,29,-0.42895466461875426,-0.037068300406891956,OK,FACTOR_LT_ONE,False
2021-2050,EC-Earth3,SSP5-8.5,351006,CWD,days,days year-1,2021,2050,30,-89.0,3110.3333333333335,476.03840353201434,-1.5778990140270301,0.11458881155933087,No significant trend,False,-4.033310687079556,5.499648963454182e-05,Decreasing,True,-0.2045977011494253,-0.13043478260869565,-0.3,-0.0,0.1530506066440942,196.01359744860324,29,-0.4234746966779529,-0.009196512989009621,OK,FACTOR_LT_ONE,False
2021-2050,EC-Earth3,SSP5-8.5,351007,CWD,days,days year-1,2021,2050,30,-65.0,3123.0,735.7278022127275,-1.145233337802707,0.25211251186502237,No significant trend,False,-2.359507651844242,0.018299203476710078,Decreasing,True,-0.14942528735632185,-0.16666666666666666,-0.4444444444444444,0.10526315789473684,0.2355836702570373,127.34329152469704,29,-0.38220816487148135,0.17695023976431012,OK,FACTOR_LT_ONE,False
2021-2050,EC-Earth3,SSP5-8.5,351008,CWD,days,days year-1,2021,2050,30,-44.0,3102.0,495.2343540992191,-0.7720537892620319,0.44008257009692453,No significant trend,False,-1.932248922019919,0.05332878950441579,No significant trend,False,-0.10114942528735632,-0.0625,-0.3333333333333333,0.17857142857142858,0.15965001744010932,187.9110349064266,29,-0.42017499127994534,0.06144497246220396,OK,FACTOR_LT_ONE,True
2021-2050,EC-Earth3,SSP5-8.5,351009,CWD,days,days year-1,2021,2050,30,-72.0,3108.6666666666665,406.9589127830354,-1.2734188389341303,0.20286945584796123,No significant trend,False,-3.519516993941332,0.0004323333383664548,Decreasing,True,-0.16551724137931034,-0.13636363636363635,-0.375,0.07692307692307693,0.13091108067221813,229.16318348265366,29,-0.43454445966389094,0.04873476286096978,OK,FACTOR_LT_ONE,False
2021-2050,EC-Earth3,SSP5-8.5,351010,CWD,days,days year-1,2021,2050,30,-87.0,3098.3333333333335,559.2837886876506,-1.5450209814897917,0.12234118839739119,No significant trend,False,-3.636489481217021,0.0002763789237482482,Decreasing,True,-0.2,-0.14814814814814814,-0.3333333333333333,-0.0,0.18051117440160858,166.19469736125467,29,-0.4097444127991957,0.11384585762112927,OK,FACTOR_LT_ONE,False
2021-2050,EC-Earth3,SSP5-8.5,351011,CWD,days,days year-1,2021,2050,30,80.0,3132.0,578.8307410037244,1.41161483753643,0.1580634011512545,No significant trend,False,3.2836079413739983,0.0010248738875727834,Increasing,True,0.1839080459770115,0.36363636363636365,-0.16666666666666666,0.7142857142857143,0.18481185855802185,162.32724584922386,29,-0.4075940707209891,0.25625436786144445,OK,FACTOR_LT_ONE,False
2021-2050,EC-Earth3,SSP5-8.5,351012,CWD,days,days year-1,2021,2050,30,-44.0,3093.3333333333335,569.6729364587475,-0.7731345736451819,0.4394427416553838,No significant trend,False,-1.8015887517475075,0.07161013229067059,No significant trend,False,-0.10114942528735632,-0.07142857142857142,-0.26666666666666666,0.1111111111111111,0.1841615096310606,162.900489141843,29,-0.4079192451844697,0.14056946738537682,OK,FACTOR_LT_ONE,True
2021-2050,EC-Earth3,SSP5-8.5,351201,CWD,days,days year-1,2021,2050,30,-49.0,3099.6666666666665,433.1009612244967,-0.8621518032220997,0.3886039877941111,No significant trend,False,-2.3064639106622247,0.021084724440196212,Decreasing,True,-0.11264367816091954,-0.08333333333333333,-0.2727272727272727,0.1,0.13972501168657814,214.70744312617418,29,-0.43013749415671093,0.17902758221410286,OK,FACTOR_LT_ONE,False
2021-2050,EC-Earth3,SSP5-8.5,351001,R10mm,days,days year-1,2021,2050,30,23.0,3137.6666666666665,551.5246397302783,0.3927527900136792,0.6945020764320781,No significant trend,False,0.9367856318263289,0.34886883758370935,No significant trend,False,0.052873563218390804,0.18181818181818182,-0.65,0.9090909090909091,0.17577540839167483,170.6723384943128,29,-0.4121122958041626,0.23518793501112403,OK,FACTOR_LT_ONE,True
2021-2050,EC-Earth3,SSP5-8.5,351002,R10mm,days,days year-1,2021,2050,30,10.0,3130.0,455.3450989855859,0.16086825121571152,0.8721971684408028,No significant trend,False,0.42176659176248926,0.6731953929618624,No significant trend,False,0.022988505747126436,0.043478260869565216,-0.5714285714285714,0.6363636363636364,0.14547766740753543,206.21721900420067,29,-0.4272611662962323,0.20678051406059225,OK,FACTOR_LT_ONE,True
2021-2050,EC-Earth3,SSP5-8.5,351003,R10mm,days,days year-1,2021,2050,30,16.0,3132.0,578.2839058013668,0.2680281337094487,0.7886776631923501,No significant trend,False,0.6237645745412125,0.532782207842007,No significant trend,False,0.0367816091954023,0.08333333333333333,-0.55,0.7857142857142857,0.18463726238868672,162.4807452833973,29,-0.40768136880565664,0.06640121803103345,OK,FACTOR_LT_ONE,True
2021-2050,EC-Earth3,SSP5-8.5,351004,R10mm,days,days year-1,2021,2050,30,11.0,3133.0,523.7667615719611,0.17865690353216124,0.8582071106447222,No significant trend,False,0.43694928473083455,0.6621481283343141,No significant trend,False,0.02528735632183908,0.09090909090909091,-0.5769230769230769,0.7241379310344828,0.16717738958568817,179.45010431343798,29,-0.4164113052071559,0.14437997873459238,OK,FACTOR_LT_ONE,True
2021-2050,EC-Earth3,SSP5-8.5,351005,R10mm,days,days year-1,2021,2050,30,33.0,3132.3333333333335,423.2372417159719,0.5717629268541712,0.5674825965549419,No significant trend,False,1.5554571107446986,0.11983724157015566,No significant trend,False,0.07586206896551724,0.25,-0.5,0.9285714285714286,0.13511883847482342,222.026775382545,29,-0.4324405807625883,0.13829793176644742,OK,FACTOR_LT_ONE,True
2021-2050,EC-Earth3,SSP5-8.5,351006,R10mm,days,days year-1,2021,2050,30,21.0,3130.3333333333335,441.9383323190842,0.3574659688116919,0.7207429984278451,No significant trend,False,0.9513693579792417,0.34141690962245963,No significant trend,False,0.04827586206896552,0.13043478260869565,-0.5555555555555556,0.8181818181818182,0.14117932030212466,212.4957106734882,29,-0.42941033984893767,0.08220070752502641,OK,FACTOR_LT_ONE,True
2021-2050,EC-Earth3,SSP5-8.5,351007,R10mm,days,days year-1,2021,2050,30,-18.0,3125.3333333333335,474.4920684071836,-0.304089027290975,0.7610600662098355,No significant trend,False,-0.7804308757141437,0.4351373000130849,No significant trend,False,-0.041379310344827586,-0.05263157894736842,-0.6666666666666666,0.4375,0.1518212676217524,197.60077405454166,29,-0.4240893661891238,0.16692049672027826,OK,FACTOR_LT_ONE,True
2021-2050,EC-Earth3,SSP5-8.5,351008,R10mm,days,days year-1,2021,2050,30,-4.0,3131.3333333333335,353.8429677872945,-0.05361133280681004,0.9572448272245653,No significant trend,False,-0.15948357792437284,0.8732878956397558,No significant trend,False,-0.009195402298850575,0.0,-0.6923076923076923,0.6666666666666666,0.11300073486926587,265.48499914366,29,-0.44349963256536706,0.08686238871779335,OK,FACTOR_LT_ONE,True
2021-2050,EC-Earth3,SSP5-8.5,351009,R10mm,days,days year-1,2021,2050,30,17.0,3131.0,379.97843720471604,0.2859423281208617,0.7749222934429805,No significant trend,False,0.820805969986785,0.41175679751572725,No significant trend,False,0.03908045977011494,0.1111111111111111,-0.5294117647058824,0.8333333333333334,0.12136008853552094,247.19823759208356,29,-0.43931995573223953,0.09477541435580897,OK,FACTOR_LT_ONE,True
2021-2050,EC-Earth3,SSP5-8.5,351010,R10mm,days,days year-1,2021,2050,30,21.0,3130.3333333333335,421.81781432886686,0.3574659688116919,0.7207429984278451,No significant trend,False,0.9737949929069117,0.33015833972842834,No significant trend,False,0.04827586206896552,0.1111111111111111,-0.5714285714285714,0.75,0.13475172430908322,222.63165947463713,29,-0.4326241378454584,0.07853776189848945,OK,FACTOR_LT_ONE,True
2021-2050,EC-Earth3,SSP5-8.5,351011,R10mm,days,days year-1,2021,2050,30,12.0,3132.0,394.7289624892728,0.1965539647202624,0.8441765985758265,No significant trend,False,0.5536600512769838,0.5798115200265463,No significant trend,False,0.027586206896551724,0.09090909090909091,-0.5,0.7692307692307693,0.12603095864919311,238.03675161675895,29,-0.43698452067540344,0.10277345960086266,OK,FACTOR_LT_ONE,True
2021-2050,EC-Earth3,SSP5-8.5,351012,R10mm,days,days year-1,2021,2050,30,-24.0,3136.0,424.7449515218386,-0.4107142857142857,0.6812820505029553,No significant trend,False,-1.115998788706771,0.26442265309854807,No significant trend,False,-0.05517241379310345,-0.10526315789473684,-0.8461538461538461,0.7,0.13544162994956588,221.497629725595,29,-0.43227918502521706,0.12698710028903035,OK,FACTOR_LT_ONE,True
2021-2050,EC-Earth3,SSP5-8.5,351201,R10mm,days,days year-1,2021,2050,30,37.0,3133.0,474.2124488839888,0.6431648527157804,0.5201171368185977,No significant trend,False,1.6531643275718304,0.0982974243252429,No significant trend,False,0.08505747126436781,0.25,-0.4166666666666667,0.9615384615384616,0.15136050076092844,198.2023040963939,29,-0.4243197496195358,0.1279180127397835,OK,FACTOR_LT_ONE,True
2021-2050,EC-Earth3,SSP5-8.5,351001,R20mm,days,days year-1,2021,2050,30,-2.0,3129.3333333333335,468.0456691986114,-0.017876153980228526,0.9857376523419088,No significant trend,False,-0.04622276111175913,0.9631327011173207,No significant trend,False,-0.004597701149425287,0.0,-0.5,0.4166666666666667,0.14956721427309694,200.57871737333133,29,-0.42521639286345153,0.18787758346581881,OK,FACTOR_LT_ONE,True
2021-2050,EC-Earth3,SSP5-8.5,351002,R20mm,days,days year-1,2021,2050,30,-11.0,3127.6666666666665,629.4060068258957,-0.17880916255929133,0.8580875505542415,No significant trend,False,-0.3985974888431889,0.6901898122162109,No significant trend,False,-0.02528735632183908,0.0,-0.47368421052631576,0.38461538461538464,0.2012381989212072,149.07706469657978,29,-0.3993809005393964,0.30097581550703084,OK,FACTOR_LT_ONE,True
2021-2050,EC-Earth3,SSP5-8.5,351003,R20mm,days,days year-1,2021,2050,30,7.0,3135.6666666666665,474.73726488441673,0.10714855183882135,0.914671130044807,No significant trend,False,0.2753750498058112,0.7830281107215927,No significant trend,False,0.016091954022988506,0.03571428571428571,-0.5,0.5,0.15139914900108964,198.1517082357186,29,-0.4243004254994552,0.11312240301321193,OK,FACTOR_LT_ONE,True
2021-2050,EC-Earth3,SSP5-8.5,351004,R20mm,days,days year-1,2021,2050,30,-6.0,3132.6666666666665,476.09206454751876,-0.08933320416423077,0.9288171064443065,No significant trend,False,-0.22915246480538842,0.8187504171314788,No significant trend,False,-0.013793103448275862,0.0,-0.5555555555555556,0.42857142857142855,0.15197661136864826,197.3987953135057,29,-0.42401169431567587,0.17009108871988413,OK,FACTOR_LT_ONE,True
2021-2050,EC-Earth3,SSP5-8.5,351005,R20mm,days,days year-1,2021,2050,30,-15.0,3128.3333333333335,593.404044506364,-0.25030615244546256,0.8023505989190715,No significant trend,False,-0.5747153339235268,0.5654838352392053,No significant trend,False,-0.034482758620689655,-0.07692307692307693,-0.47368421052631576,0.5,0.18968696148312114,158.15530896502594,29,-0.40515651925843943,0.18225191990243703,OK,FACTOR_LT_ONE,True
2021-2050,EC-Earth3,SSP5-8.5,351006,R20mm,days,days year-1,2021,2050,30,-15.0,3128.3333333333335,479.1503831481577,-0.25030615244546256,0.8023505989190715,No significant trend,False,-0.6395759370518911,0.522448330516574,No significant trend,False,-0.034482758620689655,-0.043478260869565216,-0.6190476190476191,0.4090909090909091,0.1531647468774079,195.86752573039416,29,-0.42341762656129606,0.1339605889629194,OK,FACTOR_LT_ONE,True
2021-2050,EC-Earth3,SSP5-8.5,351007,R20mm,days,days year-1,2021,2050,30,-8.0,3125.3333333333335,429.13117332494556,-0.1252131288845191,0.9003548236992558,No significant trend,False,-0.33791152784383394,0.7354298600710654,No significant trend,False,-0.01839080459770115,0.0,-0.4,0.3333333333333333,0.13730732934885204,218.48797250859076,29,-0.431346335325574,0.06590122680088079,OK,FACTOR_LT_ONE,True
2021-2050,EC-Earth3,SSP5-8.5,351008,R20mm,days,days year-1,2021,2050,30,-30.0,3124.6666666666665,682.7195626732871,-0.5187954406079988,0.6039033977422132,No significant trend,False,-1.1098820412680106,0.26704986015635523,No significant trend,False,-0.06896551724137931,-0.1,-0.45454545454545453,0.2727272727272727,0.21849356603582903,137.30381422343822,29,-0.3907532169820855,0.2038777012688926,OK,FACTOR_LT_ONE,True
2021-2050,EC-Earth3,SSP5-8.5,351009,R20mm,days,days year-1,2021,2050,30,-35.0,3131.0,603.6625892241758,-0.607627447256831,0.5434345925247732,No significant trend,False,-1.3838269555344598,0.16641144716391143,No significant trend,False,-0.08045977011494253,-0.1,-0.5555555555555556,0.25,0.1928018490016531,155.6001675053582,29,-0.40359907549917345,0.27462493975716307,OK,FACTOR_LT_ONE,True
2021-2050,EC-Earth3,SSP5-8.5,351010,R20mm,days,days year-1,2021,2050,30,-17.0,3123.6666666666665,599.0319557039927,-0.2862777802288886,0.7746653750853939,No significant trend,False,-0.6537248397950262,0.5132890969077603,No significant trend,False,-0.03908045977011494,-0.04,-0.4166666666666667,0.3125,0.19177204856599916,156.4357278567391,29,-0.4041139757170004,0.22783382303531471,OK,FACTOR_LT_ONE,True
2021-2050,EC-Earth3,SSP5-8.5,351011,R20mm,days,days year-1,2021,2050,30,-28.0,3123.3333333333335,599.4802469071548,-0.48311953219737275,0.6290108661896208,No significant trend,False,-1.1027481183557069,0.27013656421979415,No significant trend,False,-0.06436781609195402,-0.08,-0.3333333333333333,0.21739130434782608,0.19193604490090332,156.3020641354208,29,-0.40403197754954834,0.2484499089916904,OK,FACTOR_LT_ONE,True
2021-2050,EC-Earth3,SSP5-8.5,351012,R20mm,days,days year-1,2021,2050,30,8.0,3126.6666666666665,488.33826375954095,0.12518642814237005,0.9003759614909912,No significant trend,False,0.3167653450885711,0.7514216616719562,No significant trend,False,0.01839080459770115,0.0,-0.5,0.5714285714285714,0.1561849457653116,192.07997193967043,29,-0.4219075271173442,0.18367481100032876,OK,FACTOR_LT_ONE,True
2021-2050,EC-Earth3,SSP5-8.5,351201,R20mm,days,days year-1,2021,2050,30,3.0,3133.0,459.35819234233037,0.035731380706432246,0.9714965483366047,No significant trend,False,0.09331560209899663,0.9256528374837437,No significant trend,False,0.006896551724137931,0.0,-0.42857142857142855,0.6111111111111112,0.1466192762024674,204.6115679808215,29,-0.4266903618987663,0.2223355979330064,OK,FACTOR_LT_ONE,True
2021-2050,EC-Earth3,SSP5-8.5,351001,R50mm,days,days year-1,2021,2050,30,-61.0,2997.6666666666665,1442.574009904582,-1.0958713701088771,0.2731350697349736,No significant trend,False,-1.5797275735086738,0.11416926818562687,No significant trend,False,-0.14022988505747128,-0.038461538461538464,-0.23076923076923078,-0.0,0.4812322950865947,62.33995578913026,29,-0.25938385245670265,0.33657016246721255,OK,FACTOR_LT_ONE,True
2021-2050,EC-Earth3,SSP5-8.5,351002,R50mm,days,days year-1,2021,2050,30,-103.0,2903.0,996.7900349782884,-1.8931135058745683,0.058342776462996127,No significant trend,False,-3.2307126184213986,0.0012348202569854231,Decreasing,True,-0.2367816091954023,-0.047619047619047616,-0.14285714285714285,-0.0,0.3433654960311018,87.37045610803779,29,-0.3283172519844491,0.2361359280075371,OK,FACTOR_LT_ONE,False
2021-2050,EC-Earth3,SSP5-8.5,351003,R50mm,days,days year-1,2021,2050,30,-27.0,3089.6666666666665,898.291975308644,-0.4677540260564367,0.6399605009918539,No significant trend,False,-0.8674902213207659,0.38567346736162345,No significant trend,False,-0.06206896551724138,0.0,-0.2,0.1111111111111111,0.2907407407407414,103.18471337579594,29,-0.3546296296296293,0.27905982905982907,OK,FACTOR_LT_ONE,True
2021-2050,EC-Earth3,SSP5-8.5,351004,R50mm,days,days year-1,2021,2050,30,-28.0,3069.3333333333335,1331.1899852266556,-0.487350859362773,0.6260097113116261,No significant trend,False,-0.7400204874258943,0.4592875630928792,No significant trend,False,-0.06436781609195402,0.0,-0.2222222222222222,0.09090909090909091,0.433706554700257,69.1711934599042,29,-0.2831467226498715,0.39302542570562177,OK,FACTOR_LT_ONE,True
2021-2050,EC-Earth3,SSP5-8.5,351005,R50mm,days,days year-1,2021,2050,30,-35.0,3073.6666666666665,1161.9959349593503,-0.6132683238919591,0.5396989344654767,No significant trend,False,-0.9974166476828011,0.31856231396712786,No significant trend,False,-0.08045977011494253,0.0,-0.18518518518518517,0.08333333333333333,0.3780487804878051,79.35483870967737,29,-0.31097560975609745,0.27635206786850475,OK,FACTOR_LT_ONE,True
2021-2050,EC-Earth3,SSP5-8.5,351006,R50mm,days,days year-1,2021,2050,30,-22.0,3084.0,1162.7534228005975,-0.3781482631844504,0.7053204566954039,No significant trend,False,-0.6158507595974693,0.5379930226025527,No significant trend,False,-0.05057471264367816,0.0,-0.19230769230769232,0.11764705882352941,0.3770276987031769,79.56975071907951,29,-0.31148615064841156,0.35704215805883155,OK,FACTOR_LT_ONE,True
2021-2050,EC-Earth3,SSP5-8.5,351007,R50mm,days,days year-1,2021,2050,30,-13.0,2857.0,1128.0077645204076,-0.22450505590299366,0.8223643332778676,No significant trend,False,-0.357293570802922,0.7208720425404966,No significant trend,False,-0.029885057471264367,0.0,-0.07142857142857142,-0.0,0.3948224587050779,75.98351952518794,29,-0.30258877064746104,0.21456519402343333,OK,FACTOR_LT_ONE,True
2021-2050,EC-Earth3,SSP5-8.5,351008,R50mm,days,days year-1,2021,2050,30,-51.0,2745.0,1793.5077552778976,-0.9543305571897803,0.3399163450516053,No significant trend,False,-1.1806423973716054,0.23774481345063703,No significant trend,False,-0.11724137931034483,0.0,-0.07692307692307693,-0.0,0.6533725884436785,45.91560853732699,29,-0.17331370577816077,0.3917995117047251,OK,FACTOR_LT_ONE,True
2021-2050,EC-Earth3,SSP5-8.5,351009,R50mm,days,days year-1,2021,2050,30,-11.0,2864.3333333333335,934.6064162754296,-0.18684790013958,0.8517798893273066,No significant trend,False,-0.32710382371622804,0.7435893598562702,No significant trend,False,-0.02528735632183908,0.0,-0.05,-0.0,0.3262910798122063,91.94244604316555,29,-0.33685446009389686,0.3384976525821597,OK,FACTOR_LT_ONE,True
2021-2050,EC-Earth3,SSP5-8.5,351010,R50mm,days,days year-1,2021,2050,30,-1.0,2932.3333333333335,743.1416971700728,0.0,1.0,No significant trend,False,0.0,1.0,No significant trend,False,-0.0022988505747126436,0.0,-0.08,0.05555555555555555,0.25343015704333505,118.3758095326839,29,-0.3732849214783325,0.31335458731845545,OK,FACTOR_LT_ONE,True
2021-2050,EC-Earth3,SSP5-8.5,351011,R50mm,days,days year-1,2021,2050,30,-77.0,1698.3333333333333,750.8983228511538,-1.8441749792980304,0.06515764353165322,No significant trend,False,-2.7734671424864006,0.005546244094916486,Decreasing,True,-0.17701149425287357,0.0,-0.0,-0.0,0.44213836477987467,67.85206258890463,29,-0.27893081761006266,0.11509433962264155,OK,FACTOR_LT_ONE,False
2021-2050,EC-Earth3,SSP5-8.5,351012,R50mm,days,days year-1,2021,2050,30,-39.0,3095.6666666666665,483.0379747046167,-0.6829776646149366,0.4946209562095416,No significant trend,False,-1.7289919021710747,0.08381054439410501,No significant trend,False,-0.0896551724137931,-0.058823529411764705,-0.23076923076923078,0.1111111111111111,0.15603681749906861,192.26231655345745,29,-0.4219815912504657,0.24959951750022083,OK,FACTOR_LT_ONE,True
2021-2050,EC-Earth3,SSP5-8.5,351201,R50mm,days,days year-1,2021,2050,30,-28.0,3114.6666666666665,550.4385440452419,-0.48379121359959026,0.6285340513644078,No significant trend,False,-1.1508251529071076,0.24980417469015592,No significant trend,False,-0.06436781609195402,-0.05263157894736842,-0.25,0.18181818181818182,0.17672470378164873,169.75555402297542,29,-0.41163764810917564,0.17491041713556035,OK,FACTOR_LT_ONE,True
2021-2050,EC-Earth3,SSP5-8.5,351001,R95p,mm,mm year-1,2021,2050,30,-48.0,3140.6666666666665,1237.250604493419,-0.8386619418366408,0.4016590407231969,No significant trend,False,-1.3361924718647469,0.1814863710466681,No significant trend,False,-0.1103448275862069,-5.352857142857139,-22.317272727272726,7.446000000000001,0.39394521476122446,76.15272092639431,29,-0.30302739261938777,0.2666195152187659,OK,FACTOR_LT_ONE,True
2021-2050,EC-Earth3,SSP5-8.5,351002,R95p,mm,mm year-1,2021,2050,30,-96.0,3097.3333333333335,884.9464300919253,-1.7069847141858228,0.08782489358392509,No significant trend,False,-3.1934867197872667,0.0014056580292839108,Decreasing,True,-0.2206896551724138,-4.497058823529412,-12.867647058823529,-0.0,0.28571236442916226,105.00070607703088,29,-0.35714381778541887,0.22474658462215022,OK,FACTOR_LT_ONE,False
2021-2050,EC-Earth3,SSP5-8.5,351003,R95p,mm,mm year-1,2021,2050,30,-13.0,3141.6666666666665,793.0950225679949,-0.21409237204201895,0.8304750241244809,No significant trend,False,-0.4261069658073856,0.6700299046231308,No significant trend,False,-0.029885057471264367,-1.365000000000002,-15.809375,12.021666666666675,0.2524440390136854,118.83821902553878,29,-0.3737779804931573,0.253153609549654,OK,FACTOR_LT_ONE,True
2021-2050,EC-Earth3,SSP5-8.5,351004,R95p,mm,mm year-1,2021,2050,30,-11.0,3141.6666666666665,890.0525659096198,-0.17841031003501578,0.8584007529637274,No significant trend,False,-0.33519086306438034,0.7374811139920855,No significant trend,False,-0.02528735632183908,-1.0481250000000002,-18.562727272727276,10.694545454545453,0.2833058565229559,105.89262208763813,29,-0.35834707173852204,0.3141008750424643,OK,FACTOR_LT_ONE,True
2021-2050,EC-Earth3,SSP5-8.5,351005,R95p,mm,mm year-1,2021,2050,30,-20.0,3140.6666666666665,743.9111279945489,-0.33903355095523774,0.734584455364641,No significant trend,False,-0.6966154035132893,0.4860435134296702,No significant trend,False,-0.04597701149425287,-3.3447826086956525,-19.543636363636367,11.730526315789476,0.23686408235869738,126.65491408093361,29,-0.3815679588206513,0.26987724460104395,OK,FACTOR_LT_ONE,True
2021-2050,EC-Earth3,SSP5-8.5,351006,R95p,mm,mm year-1,2021,2050,30,-27.0,3141.6666666666665,736.1109524542533,-0.46386680609104103,0.6427431760684212,No significant trend,False,-0.9583004855340634,0.3379112590602946,No significant trend,False,-0.06206896551724138,-5.389199999999992,-26.466666666666658,13.713529411764712,0.2343058734602398,128.03776344552801,29,-0.3828470632698801,0.2426865320281451,OK,FACTOR_LT_ONE,True
2021-2050,EC-Earth3,SSP5-8.5,351007,R95p,mm,mm year-1,2021,2050,30,-29.0,3141.6666666666665,549.6294255655475,-0.49954886809804416,0.617392769071009,No significant trend,False,-1.194326431061864,0.23235030242838817,No significant trend,False,-0.06666666666666667,-4.246875000000001,-16.46357142857143,9.79823529411765,0.17494835827020083,171.47917417816626,29,-0.4125258208648996,0.13553995580937217,OK,FACTOR_LT_ONE,True
2021-2050,EC-Earth3,SSP5-8.5,351008,R95p,mm,mm year-1,2021,2050,30,-43.0,3141.6666666666665,883.4499942568938,-0.7493233021470662,0.45366236627030876,No significant trend,False,-1.41305252119703,0.15764028190282853,No significant trend,False,-0.09885057471264368,-3.891111111111109,-17.719374999999996,7.549090909090916,0.2812042422037858,106.68402355843305,29,-0.3593978788981071,0.27160427815176097,OK,FACTOR_LT_ONE,True
2021-2050,EC-Earth3,SSP5-8.5,351009,R95p,mm,mm year-1,2021,2050,30,-19.0,3141.6666666666665,599.581805441053,-0.3211385580630284,0.7481053914270006,No significant trend,False,-0.7351031476031477,0.4622766775293704,No significant trend,False,-0.04367816091954023,-2.383571428571425,-19.400000000000006,14.2990909090909,0.19084832003428742,157.19289535590494,29,-0.4045758399828563,0.1963781971037014,OK,FACTOR_LT_ONE,True
2021-2050,EC-Earth3,SSP5-8.5,351010,R95p,mm,mm year-1,2021,2050,30,-27.0,3141.6666666666665,672.1112372107038,-0.46386680609104103,0.6427431760684212,No significant trend,False,-1.0028887733149392,0.3159145299645544,No significant trend,False,-0.06206896551724138,-4.407999999999992,-21.554166666666664,13.106666666666667,0.2139346113137519,140.22976373842866,29,-0.39303269434312404,0.21244954134341434,OK,FACTOR_LT_ONE,True
2021-2050,EC-Earth3,SSP5-8.5,351011,R95p,mm,mm year-1,2021,2050,30,-61.0,2648.3333333333335,814.7378640568198,-1.1659097307744983,0.24365094429462675,No significant trend,False,-2.102046409755684,0.035549210585363165,Decreasing,True,-0.14022988505747128,0.0,-2.316315789473684,-0.0,0.30764173595600497,97.5160275531998,29,-0.3461791320219975,0.2630054663592451,OK,FACTOR_LT_ONE,False
2021-2050,EC-Earth3,SSP5-8.5,351012,R95p,mm,mm year-1,2021,2050,30,-28.0,3140.6666666666665,488.7215413441093,-0.48178451977849573,0.6299590273469693,No significant trend,False,-1.2213299951564995,0.22196110090071242,No significant trend,False,-0.06436781609195402,-4.204799999999995,-20.105,9.158800000000001,0.15561076459693568,192.78871919758413,29,-0.42219461770153216,0.1888018311993622,OK,FACTOR_LT_ONE,True
2021-2050,EC-Earth3,SSP5-8.5,351201,R95p,mm,mm year-1,2021,2050,30,-27.0,3141.6666666666665,563.0030106494216,-0.46386680609104103,0.6427431760684212,No significant trend,False,-1.0957664252905344,0.273181005030698,No significant trend,False,-0.06206896551724138,-5.264285714285701,-28.237272727272728,14.957368421052632,0.17920520232872839,167.405854351086,29,-0.4103973988356358,0.16262849064997434,OK,FACTOR_LT_ONE,True
2021-2050,EC-Earth3,SSP5-8.5,351001,R99p,mm,mm year-1,2021,2050,30,-117.0,2873.0,2310.9763641494023,-2.1641640387857404,0.03045176213284777,Decreasing,True,-2.4130161988217504,0.015821116400811214,Decreasing,True,-0.2689655172413793,-3.7755000000000023,-15.69608695652174,-0.0,0.8043774327008013,37.295924500605544,29,-0.09781128364959935,0.3292459321206428,OK,FACTOR_LT_ONE,True
2021-2050,EC-Earth3,SSP5-8.5,351002,R99p,mm,mm year-1,2021,2050,30,-113.0,2045.0,2616.120629080336,-2.4766883796863404,0.013260762513151366,Decreasing,True,-2.1897227979123635,0.028544346656051253,Decreasing,True,-0.2597701149425287,0.0,-0.0,-0.0,1.2792765912373283,23.45075350044803,29,0.13963829561866414,0.23126408164711604,OK,OK,True
2021-2050,EC-Earth3,SSP5-8.5,351003,R99p,mm,mm year-1,2021,2050,30,-13.0,3049.6666666666665,711.9637631363547,-0.21729766501583872,0.8279763766722419,No significant trend,False,-0.4497304579401021,0.652904806721186,No significant trend,False,-0.029885057471264367,0.0,-9.01142857142857,7.19904761904762,0.2334562563568766,128.50373114070683,29,-0.3832718718215617,0.23333873014859643,OK,FACTOR_LT_ONE,True
2021-2050,EC-Earth3,SSP5-8.5,351004,R99p,mm,mm year-1,2021,2050,30,-22.0,3016.6666666666665,1342.573347272682,-0.3823451912916748,0.7022053385251346,No significant trend,False,-0.5731262286836233,0.5665592292980977,No significant trend,False,-0.05057471264367816,0.0,-11.584,5.328636363636364,0.44505193832243606,67.40786280603787,29,-0.27747403083878197,0.36931578929414943,OK,FACTOR_LT_ONE,True
2021-2050,EC-Earth3,SSP5-8.5,351005,R99p,mm,mm year-1,2021,2050,30,-51.0,3049.6666666666665,1568.2621517852592,-0.9054069375659948,0.3652498417489438,No significant trend,False,-1.2625851401560504,0.2067383109753138,No significant trend,False,-0.11724137931034483,-1.279999999999994,-10.775882352941176,1.662105263157897,0.5142405132097254,58.33846075788459,29,-0.2428797433951373,0.3744142213126078,OK,FACTOR_LT_ONE,True
2021-2050,EC-Earth3,SSP5-8.5,351006,R99p,mm,mm year-1,2021,2050,30,-29.0,3141.6666666666665,951.287464736382,-0.49954886809804416,0.617392769071009,No significant trend,False,-0.9078250125617381,0.3639706811148985,No significant trend,False,-0.06666666666666667,-4.107826086956522,-20.210000000000008,9.679999999999996,0.30279707100362296,99.07625559443093,29,-0.3486014644981885,0.36299916054909537,OK,FACTOR_LT_ONE,True
2021-2050,EC-Earth3,SSP5-8.5,351007,R99p,mm,mm year-1,2021,2050,30,-65.0,3133.0,588.2214329849725,-1.1434041826058319,0.2528708167109597,No significant trend,False,-2.638818691042042,0.008319546247628108,Decreasing,True,-0.14942528735632185,-3.7018181818181817,-13.046153846153846,1.3099999999999998,0.18775021799711855,159.78676520343862,29,-0.4061248910014407,0.18635061539927641,OK,FACTOR_LT_ONE,False
2021-2050,EC-Earth3,SSP5-8.5,351008,R99p,mm,mm year-1,2021,2050,30,-56.0,3097.3333333333335,917.1751893904445,-0.9882543082128447,0.3230281167867731,No significant trend,False,-1.816086543424026,0.06935709758465287,No significant trend,False,-0.12873563218390804,-2.3091666666666675,-8.742941176470588,2.51875,0.2961176892134453,101.31107020214395,29,-0.35194115539327736,0.29291206550212806,OK,FACTOR_LT_ONE,True
2021-2050,EC-Earth3,SSP5-8.5,351009,R99p,mm,mm year-1,2021,2050,30,-43.0,3141.6666666666665,654.319814290763,-0.7493233021470662,0.45366236627030876,No significant trend,False,-1.6419285498423182,0.10060481234743138,No significant trend,False,-0.09885057471264368,-3.6190909090909016,-18.426363636363636,7.630000000000002,0.2082715589254418,144.04271113531908,29,-0.3958642205372791,0.2737468545695277,OK,FACTOR_LT_ONE,True
2021-2050,EC-Earth3,SSP5-8.5,351010,R99p,mm,mm year-1,2021,2050,30,-47.0,3141.6666666666665,759.1199933992638,-0.8206874261610726,0.41182433473249114,No significant trend,False,-1.669562251143258,0.09500600429163353,No significant trend,False,-0.10804597701149425,-6.20739130434783,-18.424285714285702,7.802500000000002,0.24162970612178158,124.15691961682879,29,-0.3791851469391092,0.2848011948684408,OK,FACTOR_LT_ONE,True
2021-2050,EC-Earth3,SSP5-8.5,351011,R99p,mm,mm year-1,2021,2050,30,13.0,299.6666666666667,80.71481481481472,0.6932055442544401,0.48818056932261955,No significant trend,False,1.3356867527778997,0.18165168107701224,No significant trend,False,0.029885057471264367,0.0,-0.0,-0.0,0.2693486590038311,111.3798008534852,29,-0.36532567049808445,-0.03563218390804598,OK,FACTOR_LT_ONE,True
2021-2050,EC-Earth3,SSP5-8.5,351012,R99p,mm,mm year-1,2021,2050,30,18.0,2733.3333333333335,457.9869024226612,0.3251641236623025,0.7450568597093548,No significant trend,False,0.79436919147753,0.4269805342124333,No significant trend,False,0.041379310344827586,0.0,-0.0,0.8837037037037037,0.16755618381316872,179.04442150252777,29,-0.41622190809341564,0.129709184309077,OK,FACTOR_LT_ONE,True
2021-2050,EC-Earth3,SSP5-8.5,351201,R99p,mm,mm year-1,2021,2050,30,-34.0,3113.3333333333335,425.0375244250548,-0.5914269754058292,0.5542343704583395,No significant trend,False,-1.600664463253982,0.10945125610120622,No significant trend,False,-0.07816091954022988,-2.465238095238096,-12.159090909090908,7.191666666666669,0.13652168878749082,219.7453039619067,29,-0.4317391556062546,0.08739698970848137,OK,FACTOR_LT_ONE,True
2021-2050,FGOALS-g3,SSP2-4.5,351001,PRCPTOT,mm,mm year-1,2021,2050,30,-21.0,3141.6666666666665,576.5697480994902,-0.35682062007003157,0.7212260985001633,No significant trend,False,-0.8329214946654003,0.404889006193916,No significant trend,False,-0.04827586206896552,-2.300370370370371,-25.42466666666666,19.06333333333335,0.1835235272465221,163.46677970994872,29,-0.40823823637673895,-0.18341069002210197,OK,FACTOR_LT_ONE,True
2021-2050,FGOALS-g3,SSP2-4.5,351002,PRCPTOT,mm,mm year-1,2021,2050,30,-43.0,3141.6666666666665,604.7702583184333,-0.7493233021470662,0.45366236627030876,No significant trend,False,-1.7078671212648988,0.08766100110972622,No significant trend,False,-0.09885057471264368,-4.300666666666666,-20.063333333333343,10.87705882352941,0.19249981697138463,155.84430402060872,29,-0.4037500915143077,-0.16138320800059322,OK,FACTOR_LT_ONE,True
2021-2050,FGOALS-g3,SSP2-4.5,351003,PRCPTOT,mm,mm year-1,2021,2050,30,-31.0,3141.6666666666665,615.0971513089875,-0.5352309301050473,0.5924901808547871,No significant trend,False,-1.2096212198961067,0.22642427181592506,No significant trend,False,-0.07126436781609195,-4.362857142857154,-24.5881818181818,16.88952380952381,0.19578689166333818,153.227827180514,29,-0.4021065541683309,-0.1926622590990723,OK,FACTOR_LT_ONE,True
2021-2050,FGOALS-g3,SSP2-4.5,351004,PRCPTOT,mm,mm year-1,2021,2050,30,-19.0,3141.6666666666665,573.6760399731882,-0.3211385580630284,0.7481053914270006,No significant trend,False,-0.7515175885634796,0.45234121961741625,No significant trend,False,-0.04367816091954023,-4.50111111111111,-27.612222222222197,19.214444444444457,0.18260245304186362,164.29133070365802,29,-0.4086987734790682,-0.18492256696907708,OK,FACTOR_LT_ONE,True
2021-2050,FGOALS-g3,SSP2-4.5,351005,PRCPTOT,mm,mm year-1,2021,2050,30,-35.0,3141.6666666666665,546.9528918081726,-0.6065950541190537,0.5441196833389506,No significant trend,False,-1.4537976269576531,0.14600242160613663,No significant trend,False,-0.08045977011494253,-4.46666666666667,-27.31199999999999,16.64294117647058,0.17409641118562524,172.31831371878982,29,-0.4129517944071874,-0.1875757127337889,OK,FACTOR_LT_ONE,True
2021-2050,FGOALS-g3,SSP2-4.5,351006,PRCPTOT,mm,mm year-1,2021,2050,30,-27.0,3141.6666666666665,628.625209077285,-0.46386680609104103,0.6427431760684212,No significant trend,False,-1.0369968840589705,0.29973730932491705,No significant trend,False,-0.06206896551724138,-4.091999999999996,-25.06153846153847,16.509285714285706,0.20009290474608543,149.93035379275193,29,-0.3999535476269573,-0.17316185754541844,OK,FACTOR_LT_ONE,True
2021-2050,FGOALS-g3,SSP2-4.5,351007,PRCPTOT,mm,mm year-1,2021,2050,30,-51.0,3141.6666666666665,1328.7529740165164,-0.8920515501750789,0.372365302198027,No significant trend,False,-1.371664439132952,0.17016792351042076,No significant trend,False,-0.11724137931034483,-7.063333333333351,-22.872000000000003,12.429999999999987,0.42294524371878506,70.93116767603823,29,-0.28852737814060747,-0.083101660894191,OK,FACTOR_LT_ONE,True
2021-2050,FGOALS-g3,SSP2-4.5,351008,PRCPTOT,mm,mm year-1,2021,2050,30,-17.0,3141.6666666666665,565.9286265870898,-0.28545649605602524,0.7752944295177846,No significant trend,False,-0.6725725702552137,0.5012192571469009,No significant trend,False,-0.03908045977011494,-2.0850000000000137,-17.98399999999999,11.472173913043468,0.18013643286591718,166.54043561709813,29,-0.4099317835670414,-0.18676528130634362,OK,FACTOR_LT_ONE,True
2021-2050,FGOALS-g3,SSP2-4.5,351009,PRCPTOT,mm,mm year-1,2021,2050,30,-19.0,3141.6666666666665,607.6426990358718,-0.3211385580630284,0.7481053914270006,No significant trend,False,-0.7302109867266781,0.465261227880333,No significant trend,False,-0.04367816091954023,-3.6671428571428675,-18.789565217391306,11.090000000000009,0.19341412170903083,155.10759883981754,29,-0.4032929391454846,-0.19296097096260376,OK,FACTOR_LT_ONE,True
2021-2050,FGOALS-g3,SSP2-4.5,351010,PRCPTOT,mm,mm year-1,2021,2050,30,-19.0,3141.6666666666665,569.9661220163199,-0.3211385580630284,0.7481053914270006,No significant trend,False,-0.7539594410699495,0.45087357637314696,No significant trend,False,-0.04367816091954023,-1.9685714285714246,-17.719375000000007,11.843333333333346,0.18142157729962438,165.36070541627967,29,-0.4092892113501878,-0.1866677892031744,OK,FACTOR_LT_ONE,True
2021-2050,FGOALS-g3,SSP2-4.5,351011,PRCPTOT,mm,mm year-1,2021,2050,30,-39.0,3141.6666666666665,592.5455388126256,-0.67795917813306,0.4977975765265772,No significant trend,False,-1.5610712671889992,0.11850693658775655,No significant trend,False,-0.0896551724137931,-4.466,-16.202222222222215,6.848181818181791,0.18860865956900552,159.05950484221546,29,-0.40569567021549724,-0.1821673262094828,OK,FACTOR_LT_ONE,True
2021-2050,FGOALS-g3,SSP2-4.5,351012,PRCPTOT,mm,mm year-1,2021,2050,30,-49.0,3141.6666666666665,628.9980117629365,-0.8563694881680758,0.3917934361895805,No significant trend,False,-1.9138883596437155,0.055634422050793345,No significant trend,False,-0.11264367816091954,-9.416666666666666,-35.645625000000024,15.083076923076918,0.20021156873090817,149.8414911294218,29,-0.3998942156345459,-0.16652801396438144,OK,FACTOR_LT_ONE,True
2021-2050,FGOALS-g3,SSP2-4.5,351201,PRCPTOT,mm,mm year-1,2021,2050,30,-41.0,3141.6666666666665,608.4401684904113,-0.7136412401400631,0.4754490495282657,No significant trend,False,-1.6216273197721462,0.10488316937428432,No significant trend,False,-0.09425287356321839,-8.960952380952383,-40.50375,16.744999999999976,0.193667958140184,154.9043026430056,29,-0.403166020929908,-0.134121650254335,OK,FACTOR_LT_ONE,True
2021-2050,FGOALS-g3,SSP2-4.5,351001,SDII,mm day-1,mm day-1 year-1,2021,2050,30,21.0,3141.6666666666665,585.7500073497029,0.35682062007003157,0.7212260985001633,No significant trend,False,0.826368671573975,0.40859498930562743,No significant trend,False,0.04827586206896552,0.029500728104847048,-0.19571633446767134,0.17452404003319336,0.18644562568160306,160.9048208576993,29,-0.4067771871591985,-0.11176821035627935,OK,FACTOR_LT_ONE,True
2021-2050,FGOALS-g3,SSP2-4.5,351002,SDII,mm day-1,mm day-1 year-1,2021,2050,30,-9.0,3141.6666666666665,544.8670423248032,-0.14272824802801262,0.8865048064138312,No significant trend,False,-0.34272415738020895,0.7318059872538865,No significant trend,False,-0.020689655172413793,-0.008728672855656953,-0.1540938885675727,0.09381463068181824,0.17343248031558722,172.9779793577902,29,-0.4132837598422064,-0.11443243803857454,OK,FACTOR_LT_ONE,True
2021-2050,FGOALS-g3,SSP2-4.5,351003,SDII,mm day-1,mm day-1 year-1,2021,2050,30,-7.0,3141.6666666666665,552.5436300233123,-0.10704618602100947,0.9147523390847367,No significant trend,False,-0.2552512996965892,0.7985290114895636,No significant trend,False,-0.016091954022988506,-0.01240298326461311,-0.21000936227951153,0.15890909090909092,0.1758759565060941,170.5747652832836,29,-0.41206202174695294,-0.15168379006703628,OK,FACTOR_LT_ONE,True
2021-2050,FGOALS-g3,SSP2-4.5,351004,SDII,mm day-1,mm day-1 year-1,2021,2050,30,5.0,3141.6666666666665,446.76453261901116,0.07136412401400631,0.9431079616717606,No significant trend,False,0.18924335861613906,0.8499020863195064,No significant trend,False,0.011494252873563218,0.010934218049411614,-0.26749775078722465,0.2364090501792111,0.14220621727926086,210.96124047155254,29,-0.42889689136036957,-0.1477767152270018,OK,FACTOR_LT_ONE,True
2021-2050,FGOALS-g3,SSP2-4.5,351005,SDII,mm day-1,mm day-1 year-1,2021,2050,30,-23.0,3141.6666666666665,517.0370763864283,-0.3925026820770347,0.6946868300138667,No significant trend,False,-0.9675242015680117,0.33328204874393796,No significant trend,False,-0.052873563218390804,-0.04133313656040937,-0.2697508771929827,0.14367395179415657,0.16457413571981805,182.28866807524358,29,-0.417712932140091,-0.13006035233353458,OK,FACTOR_LT_ONE,True
2021-2050,FGOALS-g3,SSP2-4.5,351006,SDII,mm day-1,mm day-1 year-1,2021,2050,30,17.0,3141.6666666666665,570.6555479475804,0.28545649605602524,0.7752944295177846,No significant trend,False,0.6697812115753119,0.5029972724053176,No significant trend,False,0.03908045977011494,0.022340609840609815,-0.16578571428571465,0.18090723774622094,0.18164102321938902,165.16092823241536,29,-0.4091794883903055,-0.09948540873849,OK,FACTOR_LT_ONE,True
2021-2050,FGOALS-g3,SSP2-4.5,351007,SDII,mm day-1,mm day-1 year-1,2021,2050,30,-27.0,3141.6666666666665,1577.3267703586678,-0.46386680609104103,0.6427431760684212,No significant trend,False,-0.6546550326549964,0.5126898831864266,No significant trend,False,-0.06206896551724138,-0.02542781728075861,-0.15353234952517597,0.11089420803782514,0.5020668765067378,59.752995873244785,29,-0.24896656174663112,0.07533058540757226,OK,FACTOR_LT_ONE,True
2021-2050,FGOALS-g3,SSP2-4.5,351008,SDII,mm day-1,mm day-1 year-1,2021,2050,30,-15.0,3141.6666666666665,720.264278622134,-0.24977443404902208,0.802761791874143,No significant trend,False,-0.5216534661312652,0.601911629778878,No significant trend,False,-0.034482758620689655,-0.021772267206477736,-0.10497085422828002,0.07387650888469853,0.2292618393492204,130.85474706631334,29,-0.3853690803253898,-0.10204788625892262,OK,FACTOR_LT_ONE,True
2021-2050,FGOALS-g3,SSP2-4.5,351009,SDII,mm day-1,mm day-1 year-1,2021,2050,30,-37.0,3141.6666666666665,743.754386414212,-0.6422771161260568,0.5206932698330874,No significant trend,False,-1.3200419431208243,0.18682101465357437,No significant trend,False,-0.08505747126436781,-0.02807754275799393,-0.12674857549857554,0.05889560923999303,0.23673879673661924,126.7219417076624,29,-0.3816306016316904,-0.10350636713985166,OK,FACTOR_LT_ONE,True
2021-2050,FGOALS-g3,SSP2-4.5,351010,SDII,mm day-1,mm day-1 year-1,2021,2050,30,7.0,3141.6666666666665,604.8572533135383,0.10704618602100947,0.9147523390847367,No significant trend,False,0.24396347112523115,0.8072591110429168,No significant trend,False,0.016091954022988506,0.00590905057675215,-0.11167195767195774,0.10142251486022276,0.1925275076860069,155.82188935269966,29,-0.40373624615699655,-0.09616939127949381,OK,FACTOR_LT_ONE,True
2021-2050,FGOALS-g3,SSP2-4.5,351011,SDII,mm day-1,mm day-1 year-1,2021,2050,30,-29.0,3141.6666666666665,568.663692267311,-0.49954886809804416,0.617392769071009,No significant trend,False,-1.174168110431646,0.24032769649078067,No significant trend,False,-0.06666666666666667,-0.015489769274317429,-0.082894956798453,0.04713802871206152,0.18100701080126613,165.7394366505397,29,-0.40949649459936693,-0.11106247002289016,OK,FACTOR_LT_ONE,True
2021-2050,FGOALS-g3,SSP2-4.5,351012,SDII,mm day-1,mm day-1 year-1,2021,2050,30,-53.0,3141.6666666666665,802.2194843752637,-0.9277336121820821,0.353545768449924,No significant trend,False,-1.835932630180001,0.06636762106144115,No significant trend,False,-0.12183908045977011,-0.08250058456502142,-0.2535653131219041,0.07489160933001522,0.2553483769894739,117.48655054594954,29,-0.37232581150526306,-0.08407549140174962,OK,FACTOR_LT_ONE,True
2021-2050,FGOALS-g3,SSP2-4.5,351201,SDII,mm day-1,mm day-1 year-1,2021,2050,30,-51.0,3141.6666666666665,630.8740275523328,-0.8920515501750789,0.372365302198027,No significant trend,False,-1.9906672893535085,0.046517477159238714,Decreasing,True,-0.11724137931034483,-0.06606815245478045,-0.24847075455532078,0.12551958280119202,0.2008087090352253,149.3959108852071,29,-0.39959564548238735,-0.06074130335270993,OK,FACTOR_LT_ONE,False
2021-2050,FGOALS-g3,SSP2-4.5,351001,Rx1day,mm,mm year-1,2021,2050,30,51.0,3141.6666666666665,923.0380075269184,0.8920515501750789,0.372365302198027,No significant trend,False,1.6457361627708942,0.09981809029569202,No significant trend,False,0.11724137931034483,0.9783333333333317,-1.3094736842105277,3.691111111111111,0.2938052013348281,102.1084714079354,29,-0.35309739933258594,-0.17223489846060003,OK,FACTOR_LT_ONE,True
2021-2050,FGOALS-g3,SSP2-4.5,351002,Rx1day,mm,mm year-1,2021,2050,30,28.0,3140.6666666666665,687.0136894672474,0.48178451977849573,0.6299590273469693,No significant trend,False,1.0301039884135386,0.30296119316703685,No significant trend,False,0.06436781609195402,0.30052631578947375,-1.208750000000001,1.7300000000000004,0.21874772536634923,137.14428321372165,29,-0.3906261373168254,-0.1500946885338044,OK,FACTOR_LT_ONE,True
2021-2050,FGOALS-g3,SSP2-4.5,351003,Rx1day,mm,mm year-1,2021,2050,30,21.0,3141.6666666666665,674.1428572020932,0.35682062007003157,0.7212260985001633,No significant trend,False,0.7702895869991792,0.4411281318680541,No significant trend,False,0.04827586206896552,0.46000000000000085,-1.7560000000000002,2.662941176470588,0.21458128080703232,139.80716252215058,29,-0.39270935959648384,-0.16257670208350034,OK,FACTOR_LT_ONE,True
2021-2050,FGOALS-g3,SSP2-4.5,351004,Rx1day,mm,mm year-1,2021,2050,30,45.0,3141.6666666666665,848.5271980535568,0.7850053641540694,0.4324504235358998,No significant trend,False,1.510496741636258,0.1309167201807924,No significant trend,False,0.10344827586206896,1.1061538461538458,-1.3814285714285717,4.019999999999999,0.2700882328021932,111.07481317770461,29,-0.3649558835989034,-0.25681508273478487,OK,FACTOR_LT_ONE,True
2021-2050,FGOALS-g3,SSP2-4.5,351005,Rx1day,mm,mm year-1,2021,2050,30,25.0,3141.6666666666665,693.908048460763,0.4281847440840379,0.6685166224807093,No significant trend,False,0.9110879009025192,0.3622490608798641,No significant trend,False,0.05747126436781609,0.44809523809523794,-1.504999999999999,2.5100000000000002,0.22087258836947365,135.82491255010908,29,-0.3895637058152632,-0.21831008049351883,OK,FACTOR_LT_ONE,True
2021-2050,FGOALS-g3,SSP2-4.5,351006,Rx1day,mm,mm year-1,2021,2050,30,51.0,3141.6666666666665,942.3274684931057,0.8920515501750789,0.372365302198027,No significant trend,False,1.628804944103485,0.10335431773950003,No significant trend,False,0.11724137931034483,0.698235294117647,-0.8200000000000003,3.3181481481481483,0.2999450828094766,100.01830908178556,29,-0.3500274585952617,-0.022365995390128318,OK,FACTOR_LT_ONE,True
2021-2050,FGOALS-g3,SSP2-4.5,351007,Rx1day,mm,mm year-1,2021,2050,30,-17.0,3141.6666666666665,673.6482770718717,-0.28545649605602524,0.7752944295177846,No significant trend,False,-0.6164578410526645,0.537592388498495,No significant trend,False,-0.03908045977011494,-0.21846153846153762,-1.5834999999999995,1.186428571428571,0.21442385477088755,139.90980636018824,29,-0.3927880726145562,0.009566518487467179,OK,FACTOR_LT_ONE,True
2021-2050,FGOALS-g3,SSP2-4.5,351008,Rx1day,mm,mm year-1,2021,2050,30,43.0,3141.6666666666665,699.6747073086476,0.7493233021470662,0.45366236627030876,No significant trend,False,1.5878197624840882,0.11232710132666968,No significant trend,False,0.09885057471264368,0.386842105263158,-0.777727272727273,1.8200000000000005,0.2227081296473149,134.70545528584253,29,-0.38864593517634255,-0.2075304542037641,OK,FACTOR_LT_ONE,True
2021-2050,FGOALS-g3,SSP2-4.5,351009,Rx1day,mm,mm year-1,2021,2050,30,39.0,3141.6666666666665,751.0355575834276,0.67795917813306,0.4977975765265772,No significant trend,False,1.3866068683841435,0.16556167280530265,No significant trend,False,0.0896551724137931,0.3966666666666667,-0.807,1.7749999999999997,0.23905641090188678,125.49339248765247,29,-0.3804717945490566,-0.1689010078007945,OK,FACTOR_LT_ONE,True
2021-2050,FGOALS-g3,SSP2-4.5,351010,Rx1day,mm,mm year-1,2021,2050,30,51.0,3141.6666666666665,826.5305832956697,0.8920515501750789,0.372365302198027,No significant trend,False,1.7391640129569397,0.08200591751085982,No significant trend,False,0.11724137931034483,0.5872727272727267,-0.8158333333333339,2.322222222222223,0.26308665781294527,114.03086819146114,29,-0.36845667109352737,-0.19089490057812966,OK,FACTOR_LT_ONE,True
2021-2050,FGOALS-g3,SSP2-4.5,351011,Rx1day,mm,mm year-1,2021,2050,30,45.0,3141.6666666666665,972.577948949668,0.7850053641540694,0.4324504235358998,No significant trend,False,1.4108812669845863,0.15827962666652984,No significant trend,False,0.10344827586206896,0.28642857142857153,-0.4673684210526313,1.3477777777777773,0.3095738829548015,96.90739966064925,29,-0.34521305852259926,-0.11613311356092683,OK,FACTOR_LT_ONE,True
2021-2050,FGOALS-g3,SSP2-4.5,351012,Rx1day,mm,mm year-1,2021,2050,30,-5.0,3141.6666666666665,945.6862590043207,-0.07136412401400631,0.9431079616717606,No significant trend,False,-0.13007278886792684,0.8965088385334923,No significant trend,False,-0.011494252873563218,-0.0560869565217394,-1.9775000000000027,2.227500000000001,0.30101419384752914,99.66307441035725,29,-0.34949290307623543,-0.15542316681138824,OK,FACTOR_LT_ONE,True
2021-2050,FGOALS-g3,SSP2-4.5,351201,Rx1day,mm,mm year-1,2021,2050,30,15.0,3141.6666666666665,927.9113399912857,0.24977443404902208,0.802761791874143,No significant trend,False,0.45959447008608434,0.6458073291417789,No significant trend,False,0.034482758620689655,0.25,-1.8154999999999994,3.4372727272727275,0.29535639469218644,101.5722040867451,29,-0.3523218026539068,-0.09738601095791272,OK,FACTOR_LT_ONE,True
2021-2050,FGOALS-g3,SSP2-4.5,351001,Rx5day,mm,mm year-1,2021,2050,30,27.0,3141.6666666666665,541.6314886844308,0.46386680609104103,0.6427431760684212,No significant trend,False,1.1171754809944259,0.2639193020270192,No significant trend,False,0.06206896551724138,0.9445454545454534,-3.837500000000002,6.832727272727275,0.17240259586772333,174.01130098422436,29,-0.41379870206613834,-0.28045077665108425,OK,FACTOR_LT_ONE,True
2021-2050,FGOALS-g3,SSP2-4.5,351002,Rx5day,mm,mm year-1,2021,2050,30,-13.0,3141.6666666666665,565.3528520513825,-0.21409237204201895,0.8304750241244809,No significant trend,False,-0.5046862263510626,0.6137792366709325,No significant trend,False,-0.029885057471264367,-0.4335714285714281,-3.3391666666666686,2.7737499999999997,0.17995316245667348,166.71004605002685,29,-0.41002341877166326,-0.20180166902076846,OK,FACTOR_LT_ONE,True
2021-2050,FGOALS-g3,SSP2-4.5,351003,Rx5day,mm,mm year-1,2021,2050,30,13.0,3141.6666666666665,389.89860918842214,0.21409237204201895,0.8304750241244809,No significant trend,False,0.607722622167085,0.5433714565624854,No significant trend,False,0.029885057471264367,0.413684210526315,-3.7449999999999974,5.690666666666666,0.1241056580971105,241.72951064427318,29,-0.43794717095144475,-0.27527370622346464,OK,FACTOR_LT_ONE,True
2021-2050,FGOALS-g3,SSP2-4.5,351004,Rx5day,mm,mm year-1,2021,2050,30,7.0,3141.6666666666665,675.8788968233653,0.10704618602100947,0.9147523390847367,No significant trend,False,0.23078990432131732,0.8174780247164911,No significant trend,False,0.016091954022988506,0.12818181818181787,-3.6558333333333337,6.936000000000002,0.2151338663628749,139.44805858412732,29,-0.39243306681856255,-0.2842953824578601,OK,FACTOR_LT_ONE,True
2021-2050,FGOALS-g3,SSP2-4.5,351005,Rx5day,mm,mm year-1,2021,2050,30,-9.0,3141.6666666666665,529.4151697278999,-0.14272824802801262,0.8865048064138312,No significant trend,False,-0.34768967682665675,0.7280732502406,No significant trend,False,-0.020689655172413793,-0.2362499999999983,-5.1175,4.61,0.1685141123802334,178.02663276241415,29,-0.4157429438098833,-0.2503784572401802,OK,FACTOR_LT_ONE,True
2021-2050,FGOALS-g3,SSP2-4.5,351006,Rx5day,mm,mm year-1,2021,2050,30,15.0,3141.6666666666665,403.8221348374972,0.24977443404902208,0.802761791874143,No significant trend,False,0.696679410174492,0.4860034470727843,No significant trend,False,0.034482758620689655,0.7826086956521752,-3.2433333333333394,4.280000000000001,0.12853754955039698,233.39483368817145,29,-0.4357312252248015,-0.22017441481161237,OK,FACTOR_LT_ONE,True
2021-2050,FGOALS-g3,SSP2-4.5,351007,Rx5day,mm,mm year-1,2021,2050,30,-3.0,3141.6666666666665,1059.6580858720695,-0.035682062007003156,0.9715358738879935,No significant trend,False,-0.06143942144777518,0.9510092578687181,No significant trend,False,-0.006896551724137931,-0.225833333333334,-4.4155,3.741666666666667,0.33729169842081785,88.94378409091726,29,-0.3313541507895911,-0.057383811463635886,OK,FACTOR_LT_ONE,True
2021-2050,FGOALS-g3,SSP2-4.5,351008,Rx5day,mm,mm year-1,2021,2050,30,23.0,3141.6666666666665,530.6627145502492,0.3925026820770347,0.6946868300138667,No significant trend,False,0.9550220385345508,0.339566552103859,No significant trend,False,0.052873563218390804,0.3,-2.295,3.488333333333332,0.1689112088754109,177.60810664807943,29,-0.41554439556229456,-0.242011106091648,OK,FACTOR_LT_ONE,True
2021-2050,FGOALS-g3,SSP2-4.5,351009,Rx5day,mm,mm year-1,2021,2050,30,9.0,3141.6666666666665,495.22327416078457,0.14272824802801262,0.8865048064138312,No significant trend,False,0.3594921930423613,0.7192269170747326,No significant trend,False,0.020689655172413793,0.19307692307692237,-2.5780000000000003,2.7777777777777763,0.15763075039600571,190.31819568601244,29,-0.42118462480199714,-0.23070921232206876,OK,FACTOR_LT_ONE,True
2021-2050,FGOALS-g3,SSP2-4.5,351010,Rx5day,mm,mm year-1,2021,2050,30,19.0,3141.6666666666665,519.9208420791866,0.3211385580630284,0.7481053914270006,No significant trend,False,0.7894123045061011,0.4298710666053758,No significant trend,False,0.04367816091954023,0.49217391304347796,-2.590454545454546,4.20625,0.1654920452241443,181.27759530295043,29,-0.41725397738792785,-0.24791526165481925,OK,FACTOR_LT_ONE,True
2021-2050,FGOALS-g3,SSP2-4.5,351011,Rx5day,mm,mm year-1,2021,2050,30,-17.0,3141.6666666666665,912.0920374299822,-0.28545649605602524,0.7752944295177846,No significant trend,False,-0.5297862109558634,0.5962601667081919,No significant trend,False,-0.03908045977011494,-0.3352631578947371,-2.0691304347826094,1.9723529411764706,0.29032107292201026,103.33386997387882,29,-0.35483946353899487,-0.0931953352890293,OK,FACTOR_LT_ONE,True
2021-2050,FGOALS-g3,SSP2-4.5,351012,Rx5day,mm,mm year-1,2021,2050,30,-51.0,3141.6666666666665,712.8268634984097,-0.8920515501750789,0.372365302198027,No significant trend,False,-1.8727421067787735,0.06110400584778727,No significant trend,False,-0.11724137931034483,-2.272307692307694,-6.77888888888889,2.8026086956521743,0.2268944923602365,132.22004504353288,29,-0.38655275381988174,-0.18131754259254348,OK,FACTOR_LT_ONE,True
2021-2050,FGOALS-g3,SSP2-4.5,351201,Rx5day,mm,mm year-1,2021,2050,30,-25.0,3141.6666666666665,819.254046376066,-0.4281847440840379,0.6685166224807093,No significant trend,False,-0.8384978322473934,0.4017511646743428,No significant trend,False,-0.05747126436781609,-1.7628571428571473,-6.799999999999998,5.434285714285709,0.26077051874039237,115.04367957279027,29,-0.3696147406298038,-0.10491598565205866,OK,FACTOR_LT_ONE,True
2021-2050,FGOALS-g3,SSP2-4.5,351001,CDD,days,days year-1,2021,2050,30,-59.0,3133.0,410.1495519117292,-1.036210040486535,0.30010416361686876,No significant trend,False,-2.8638935599092155,0.004184686040710625,Decreasing,True,-0.135632183908046,-0.5384615384615384,-1.6923076923076923,0.2857142857142857,0.13091272004842935,229.16031374874737,29,-0.4345436399757853,-0.10969129511441249,OK,FACTOR_LT_ONE,False
2021-2050,FGOALS-g3,SSP2-4.5,351002,CDD,days,days year-1,2021,2050,30,-54.0,3095.3333333333335,792.4815848838402,-0.9526254006666323,0.34077990273407543,No significant trend,False,-1.882700682352131,0.05974094292928776,No significant trend,False,-0.12413793103448276,-0.3181818181818182,-1.5,0.15384615384615385,0.25602463435833733,117.17622437070405,29,-0.37198768282083133,-0.18572050700558732,OK,FACTOR_LT_ONE,True
2021-2050,FGOALS-g3,SSP2-4.5,351003,CDD,days,days year-1,2021,2050,30,-60.0,3134.0,386.8631271280846,-1.0539075496291332,0.29192524608756576,No significant trend,False,-2.99966905326873,0.0027027309313838953,Decreasing,True,-0.13793103448275862,-0.5,-1.6,0.2857142857142857,0.12344069148949732,243.03169107370468,29,-0.43827965425525134,-0.13944377509643766,OK,FACTOR_LT_ONE,False
2021-2050,FGOALS-g3,SSP2-4.5,351004,CDD,days,days year-1,2021,2050,30,-92.0,3122.0,310.40257660434935,-1.6286394222519007,0.103389373638232,No significant trend,False,-5.165099992010149,2.403104215600988e-07,Decreasing,True,-0.21149425287356322,-0.7647058823529411,-1.75,0.08695652173913043,0.09942427181433355,301.73718602659187,29,-0.4502878640928332,-0.022475138416938756,OK,FACTOR_LT_ONE,False
2021-2050,FGOALS-g3,SSP2-4.5,351005,CDD,days,days year-1,2021,2050,30,-46.0,3111.3333333333335,464.71882742066884,-0.8067504992973745,0.4198102433383466,No significant trend,False,-2.0874562397464516,0.03684691277733599,Decreasing,True,-0.10574712643678161,-0.3333333333333333,-1.5,0.3076923076923077,0.1493632400109285,200.85263280178566,29,-0.42531837999453576,-0.17937558027060516,OK,FACTOR_LT_ONE,False
2021-2050,FGOALS-g3,SSP2-4.5,351006,CDD,days,days year-1,2021,2050,30,-48.0,3129.3333333333335,326.92922468596714,-0.8401792370707407,0.4008078980794435,No significant trend,False,-2.599387257626239,0.00933903503446137,Decreasing,True,-0.1103448275862069,-0.45454545454545453,-1.5,0.4090909090909091,0.10447248338920978,287.1569529771366,29,-0.4477637583053951,-0.11687611923257511,OK,FACTOR_LT_ONE,False
2021-2050,FGOALS-g3,SSP2-4.5,351007,CDD,days,days year-1,2021,2050,30,-33.0,3132.3333333333335,276.65071674678273,-0.5717629268541712,0.5674825965549419,No significant trend,False,-1.9239070162548606,0.05436623962800488,No significant trend,False,-0.07586206896551724,-0.16666666666666666,-0.9411764705882353,0.5333333333333333,0.08832096948391488,339.67018450203534,29,-0.45583951525804256,-0.09541019956673286,OK,FACTOR_LT_ONE,True
2021-2050,FGOALS-g3,SSP2-4.5,351008,CDD,days,days year-1,2021,2050,30,-67.0,3125.6666666666665,301.9009877771231,-1.1805179769174705,0.2377942648545175,No significant trend,False,-3.7984959575521415,0.0001455768030619024,Decreasing,True,-0.15402298850574714,-0.5,-1.15,0.23529411764705882,0.09658771071039451,310.5985200327507,29,-0.45170614464480274,-0.2269802651181651,OK,FACTOR_LT_ONE,False
2021-2050,FGOALS-g3,SSP2-4.5,351009,CDD,days,days year-1,2021,2050,30,-23.0,3131.0,439.3114935491498,-0.3931707011661848,0.6941934078872947,No significant trend,False,-1.0496303938834284,0.29388807741685363,No significant trend,False,-0.052873563218390804,-0.125,-0.7777777777777778,0.46153846153846156,0.14031028219391561,213.81184280235817,29,-0.4298448589030422,0.06455478042478431,OK,FACTOR_LT_ONE,True
2021-2050,FGOALS-g3,SSP2-4.5,351010,CDD,days,days year-1,2021,2050,30,-48.0,3134.0,420.5456775185125,-0.8395534717384621,0.4011587963409431,No significant trend,False,-2.29187681463936,0.021912752508229494,Decreasing,True,-0.1103448275862069,-0.4090909090909091,-1.0526315789473684,0.4444444444444444,0.1341881549197551,223.5666778333757,29,-0.43290592254012245,-0.21345709484686762,OK,FACTOR_LT_ONE,False
2021-2050,FGOALS-g3,SSP2-4.5,351011,CDD,days,days year-1,2021,2050,30,0.0,3129.3333333333335,653.2709078871467,0.0,1.0,No significant trend,False,0.0,1.0,No significant trend,False,0.0,0.0,-0.5454545454545454,0.38095238095238093,0.20875721385400936,143.70760869121375,29,-0.3956213930729953,0.055752755543052965,OK,FACTOR_LT_ONE,True
2021-2050,FGOALS-g3,SSP2-4.5,351012,CDD,days,days year-1,2021,2050,30,-30.0,3132.0,344.122598905716,-0.5181877251716008,0.6043272981818597,No significant trend,False,-1.563296662922484,0.11798283286402883,No significant trend,False,-0.06896551724137931,-0.2727272727272727,-1.0,0.5,0.1098731158702797,273.0422247733387,29,-0.44506344206486015,-0.29285869963984074,OK,FACTOR_LT_ONE,True
2021-2050,FGOALS-g3,SSP2-4.5,351201,CDD,days,days year-1,2021,2050,30,-41.0,3130.3333333333335,421.59283190111717,-0.7149319376233838,0.4746511010882827,No significant trend,False,-1.9481095808449034,0.05140185266399907,No significant trend,False,-0.09425287356321839,-0.3157894736842105,-1.0,0.5714285714285714,0.13467985259326498,222.7504665497401,29,-0.4326600737033675,-0.10899044326476474,OK,FACTOR_LT_ONE,True
2021-2050,FGOALS-g3,SSP2-4.5,351001,CWD,days,days year-1,2021,2050,30,-77.0,3083.6666666666665,248.76340028140334,-1.3686105364792795,0.17112104867337208,No significant trend,False,-4.818594161369161,1.4457329159848698e-06,Decreasing,True,-0.17701149425287357,-0.09090909090909091,-0.25,-0.0,0.08067130049121285,371.87946416294307,29,-0.4596643497543936,-0.29750794459355767,OK,FACTOR_LT_ONE,False
2021-2050,FGOALS-g3,SSP2-4.5,351002,CWD,days,days year-1,2021,2050,30,-97.0,3092.3333333333335,239.65863874095479,-1.7263469510524232,0.08428501338535849,No significant trend,False,-6.201185015551876,5.603958640078344e-10,Decreasing,True,-0.22298850574712645,-0.11764705882352941,-0.2857142857142857,-0.0,0.07750090721384761,387.09224289750887,29,-0.4612495463930762,-0.4173813509308579,OK,FACTOR_LT_ONE,False
2021-2050,FGOALS-g3,SSP2-4.5,351003,CWD,days,days year-1,2021,2050,30,-101.0,3096.3333333333335,235.90643684404026,-1.7971161453492983,0.07231718307916817,No significant trend,False,-6.510736280868561,7.478333553172832e-11,Decreasing,True,-0.23218390804597702,-0.125,-0.29411764705882354,-0.0,0.07618896657682428,393.7578017907598,29,-0.46190551671158786,-0.4061463813252691,OK,FACTOR_LT_ONE,False
2021-2050,FGOALS-g3,SSP2-4.5,351004,CWD,days,days year-1,2021,2050,30,-115.0,3079.0,306.76152387923736,-2.05447096003453,0.03993013125116048,Decreasing,True,-6.508852172735567,7.572719757582287e-11,Decreasing,True,-0.26436781609195403,-0.14285714285714285,-0.2413793103448276,-0.0,0.09963024484548144,301.1133822518213,29,-0.4501848775772593,-0.41013260508460264,OK,FACTOR_LT_ONE,True
2021-2050,FGOALS-g3,SSP2-4.5,351005,CWD,days,days year-1,2021,2050,30,-76.0,3084.0,210.62599416770445,-1.3505295113730371,0.1768461939841992,No significant trend,False,-5.167795022922602,2.3687188235506634e-07,Decreasing,True,-0.17471264367816092,-0.09090909090909091,-0.23076923076923078,-0.0,0.06829636646164217,439.26202160182476,29,-0.4658518167691789,-0.31267820029475424,OK,FACTOR_LT_ONE,False
2021-2050,FGOALS-g3,SSP2-4.5,351006,CWD,days,days year-1,2021,2050,30,-85.0,3093.0,320.4740868369506,-1.5103907806850099,0.13094373968847628,No significant trend,False,-4.6922681913934525,2.701926045447126e-06,Decreasing,True,-0.19540229885057472,-0.125,-0.25,-0.0,0.10361270185481752,289.5397906140514,29,-0.44819364907259124,-0.2789319757140691,OK,FACTOR_LT_ONE,False
2021-2050,FGOALS-g3,SSP2-4.5,351007,CWD,days,days year-1,2021,2050,30,-65.0,3094.3333333333335,601.7616555978644,-1.150525969954901,0.24992730420791576,No significant trend,False,-2.608961789430017,0.009081738262882218,Decreasing,True,-0.14942528735632185,-0.08333333333333333,-0.2727272727272727,0.05555555555555555,0.19447214982156558,154.263734048942,29,-0.4027639250892172,0.004123339746598594,OK,FACTOR_LT_ONE,False
2021-2050,FGOALS-g3,SSP2-4.5,351008,CWD,days,days year-1,2021,2050,30,-90.0,3105.3333333333335,467.1598749831177,-1.5971139170046955,0.11024031651454365,No significant trend,False,-4.1177240588806985,3.826324552029627e-05,Decreasing,True,-0.20689655172413793,-0.15789473684210525,-0.32,-0.0,0.1504379159456154,199.41781173600717,29,-0.4247810420271923,-0.30149811566726786,OK,FACTOR_LT_ONE,False
2021-2050,FGOALS-g3,SSP2-4.5,351009,CWD,days,days year-1,2021,2050,30,-87.0,3107.0,344.5713032051221,-1.5428646357334703,0.12286362283924948,No significant trend,False,-4.632963711425699,3.604677435493483e-06,Decreasing,True,-0.2,-0.14285714285714285,-0.3333333333333333,-0.0,0.11090161030097268,270.5100486691209,29,-0.44454919484951366,-0.37417670309710305,OK,FACTOR_LT_ONE,False
2021-2050,FGOALS-g3,SSP2-4.5,351010,CWD,days,days year-1,2021,2050,30,-101.0,3107.6666666666665,498.12028160329913,-1.793836205477509,0.0728393162465863,No significant trend,False,-4.480566088101822,7.444532335620204e-06,Decreasing,True,-0.23218390804597702,-0.16666666666666666,-0.3333333333333333,-0.0,0.16028755173333664,187.16362983639354,29,-0.4198562241333317,-0.3026767960917379,OK,FACTOR_LT_ONE,False
2021-2050,FGOALS-g3,SSP2-4.5,351011,CWD,days,days year-1,2021,2050,30,-29.0,3131.6666666666665,388.76082232897244,-0.5003458091015364,0.6168316037176306,No significant trend,False,-1.4200929954581243,0.1555806092347174,No significant trend,False,-0.06666666666666667,-0.09090909090909091,-0.5,0.2727272727272727,0.12413863405927805,241.66529805438773,29,-0.437930682970361,0.04428285489364999,OK,FACTOR_LT_ONE,True
2021-2050,FGOALS-g3,SSP2-4.5,351012,CWD,days,days year-1,2021,2050,30,-88.0,3108.0,425.52429737963797,-1.5605538072518312,0.11862906497932302,No significant trend,False,-4.217519225359842,2.470047660439695e-05,Decreasing,True,-0.20229885057471264,-0.16666666666666666,-0.3333333333333333,-0.0,0.1369125795944781,219.11792246451796,29,-0.43154371020276094,-0.3301907580271878,OK,FACTOR_LT_ONE,False
2021-2050,FGOALS-g3,SSP2-4.5,351201,CWD,days,days year-1,2021,2050,30,-85.0,3098.3333333333335,326.01297199571354,-1.5090902609900292,0.13127571803527968,No significant trend,False,-4.652237156633226,3.2835313348153013e-06,Decreasing,True,-0.19540229885057472,-0.16666666666666666,-0.3333333333333333,-0.0,0.10522204582970851,285.11135440715566,29,-0.44738897708514574,-0.3410456728735018,OK,FACTOR_LT_ONE,False
2021-2050,FGOALS-g3,SSP2-4.5,351001,R10mm,days,days year-1,2021,2050,30,-59.0,3132.3333333333335,372.64337509418186,-1.0363203049231853,0.3000527364102673,No significant trend,False,-3.0045628370144715,0.002659628145857437,Decreasing,True,-0.135632183908046,-0.2857142857142857,-0.8518518518518519,0.2857142857142857,0.11896670482947169,252.17139571111397,29,-0.44051664758526415,-0.20813569221556313,OK,FACTOR_LT_ONE,False
2021-2050,FGOALS-g3,SSP2-4.5,351002,R10mm,days,days year-1,2021,2050,30,-69.0,3108.3333333333335,276.6971783459076,-1.2196778021341401,0.22258703970439042,No significant trend,False,-4.087959151537863,4.351847559842045e-05,Decreasing,True,-0.15862068965517243,-0.15789473684210525,-0.5909090909090909,0.21052631578947367,0.08901785898527859,337.0110261241093,29,-0.4554910705073607,-0.19202503886565647,OK,FACTOR_LT_ONE,False
2021-2050,FGOALS-g3,SSP2-4.5,351003,R10mm,days,days year-1,2021,2050,30,-57.0,3131.0,302.30759417877806,-1.000798148423016,0.31692440490376517,No significant trend,False,-3.2207980785699513,0.0012783417981988997,Decreasing,True,-0.1310344827586207,-0.25,-0.7,0.23809523809523808,0.09655304828450273,310.71002452042893,29,-0.45172347585774864,-0.2417273544226951,OK,FACTOR_LT_ONE,False
2021-2050,FGOALS-g3,SSP2-4.5,351004,R10mm,days,days year-1,2021,2050,30,-50.0,3117.3333333333335,412.6174002569575,-0.8776158503800642,0.3801522246270903,No significant trend,False,-2.4122499763829524,0.0158544072338593,Decreasing,True,-0.11494252873563218,-0.2,-0.7272727272727273,0.26666666666666666,0.13236229691733026,226.65064522669283,29,-0.43381885154133487,-0.1574366074404533,OK,FACTOR_LT_ONE,False
2021-2050,FGOALS-g3,SSP2-4.5,351005,R10mm,days,days year-1,2021,2050,30,-31.0,3133.6666666666665,235.32386228774197,-0.5359136954683402,0.5920181987626073,No significant trend,False,-1.9556371148051157,0.05050791748117189,No significant trend,False,-0.07126436781609195,-0.14285714285714285,-0.625,0.36363636363636365,0.07509537143529688,399.49199832972903,29,-0.46245231428235156,-0.24426100903754414,OK,FACTOR_LT_ONE,True
2021-2050,FGOALS-g3,SSP2-4.5,351006,R10mm,days,days year-1,2021,2050,30,-59.0,3130.3333333333335,240.55115599998507,-1.0366513095539065,0.29989839152722186,No significant trend,False,-3.7395924079376557,0.00018431888126634494,Decreasing,True,-0.135632183908046,-0.2,-0.75,0.21428571428571427,0.07684522074326006,390.3951307554965,29,-0.46157738962836997,-0.21604365744789536,OK,FACTOR_LT_ONE,False
2021-2050,FGOALS-g3,SSP2-4.5,351007,R10mm,days,days year-1,2021,2050,30,-42.0,3128.0,707.246756794465,-0.7330785033484554,0.46351055041111533,No significant trend,False,-1.5416946823201838,0.12314780477785928,No significant trend,False,-0.09655172413793103,-0.14285714285714285,-0.625,0.4,0.2261019043460566,132.68353527037962,29,-0.3869490478269717,-0.10943662965787344,OK,FACTOR_LT_ONE,True
2021-2050,FGOALS-g3,SSP2-4.5,351008,R10mm,days,days year-1,2021,2050,30,-55.0,3124.3333333333335,370.3559633737098,-0.9660844207813257,0.3340019395218631,No significant trend,False,-2.8059768834867618,0.005016429096528567,Decreasing,True,-0.12643678160919541,-0.2,-0.631578947368421,0.2727272727272727,0.11853919664153734,253.0808445641827,29,-0.44073040167923133,-0.22806030901886665,OK,FACTOR_LT_ONE,False
2021-2050,FGOALS-g3,SSP2-4.5,351009,R10mm,days,days year-1,2021,2050,30,-71.0,3127.0,274.83223482140824,-1.2517975562534147,0.21064364084486087,No significant trend,False,-4.222446983439414,2.4166425441587076e-05,Decreasing,True,-0.1632183908045977,-0.22727272727272727,-0.6666666666666666,0.16666666666666666,0.08789006550093004,341.33550622604264,29,-0.456054967249535,-0.20408893928555605,OK,FACTOR_LT_ONE,False
2021-2050,FGOALS-g3,SSP2-4.5,351010,R10mm,days,days year-1,2021,2050,30,-54.0,3117.3333333333335,299.52329250123756,-0.9492579606151715,0.34248942916161085,No significant trend,False,-3.0623905015679598,0.002195767942791231,Decreasing,True,-0.12413793103448276,-0.16666666666666666,-0.5652173913043478,0.2,0.09608317766292906,312.2294737716053,29,-0.45195841116853547,-0.21576954530523212,OK,FACTOR_LT_ONE,False
2021-2050,FGOALS-g3,SSP2-4.5,351011,R10mm,days,days year-1,2021,2050,30,-56.0,3124.0,398.4527820637562,-0.9840273670762056,0.32510205713346685,No significant trend,False,-2.7553340408854217,0.005863224097939201,Decreasing,True,-0.12873563218390804,-0.23076923076923078,-0.6818181818181818,0.2,0.1275457048859655,235.20980206132407,29,-0.43622714755701725,-0.14819894431158948,OK,FACTOR_LT_ONE,False
2021-2050,FGOALS-g3,SSP2-4.5,351012,R10mm,days,days year-1,2021,2050,30,-89.0,3132.3333333333335,398.62306411332975,-1.572348048848971,0.11586985546614886,No significant trend,False,-4.407592755642861,1.0452584213827308e-05,Decreasing,True,-0.2045977011494253,-0.3333333333333333,-0.8888888888888888,0.1111111111111111,0.1272607419750973,235.73648506520948,29,-0.43636962901245135,-0.1723862392965056,OK,FACTOR_LT_ONE,False
2021-2050,FGOALS-g3,SSP2-4.5,351201,R10mm,days,days year-1,2021,2050,30,-62.0,3129.3333333333335,472.53378116995134,-1.0904453927939401,0.2755169954786544,No significant trend,False,-2.8061662970014365,0.005013481110290026,Decreasing,True,-0.1425287356321839,-0.2857142857142857,-0.8076923076923077,0.2777777777777778,0.1510014213367974,198.67362660836974,29,-0.4244992893316013,-0.14313753749796673,OK,FACTOR_LT_ONE,False
2021-2050,FGOALS-g3,SSP2-4.5,351001,R20mm,days,days year-1,2021,2050,30,-36.0,3122.6666666666665,460.7276012901482,-0.626332908317127,0.5310966056773174,No significant trend,False,-1.6305943342483649,0.10297594547000742,No significant trend,False,-0.08275862068965517,-0.1,-0.45454545454545453,0.25,0.14754299785124303,203.33055744364663,29,-0.4262285010743785,-0.10101671202546837,OK,FACTOR_LT_ONE,True
2021-2050,FGOALS-g3,SSP2-4.5,351002,R20mm,days,days year-1,2021,2050,30,-22.0,3106.0,645.8161734766759,-0.3768066589245953,0.7063172917872882,No significant trend,False,-0.8263515312823755,0.40860470949464545,No significant trend,False,-0.05057471264367816,0.0,-0.3333333333333333,0.19047619047619047,0.2079253617117437,144.28254327911355,29,-0.39603731914412815,-0.1168364638693297,OK,FACTOR_LT_ONE,True
2021-2050,FGOALS-g3,SSP2-4.5,351003,R20mm,days,days year-1,2021,2050,30,-18.0,3120.6666666666665,466.0333684251442,-0.3043163107769833,0.7608869198774593,No significant trend,False,-0.7874815991169182,0.43099999596411265,No significant trend,False,-0.041379310344827586,-0.05,-0.42857142857142855,0.25,0.14933775958934337,200.88690283352005,29,-0.4253311202053283,-0.1526076786545651,OK,FACTOR_LT_ONE,True
2021-2050,FGOALS-g3,SSP2-4.5,351004,R20mm,days,days year-1,2021,2050,30,-45.0,3126.3333333333335,478.263643753833,-0.7869280679952532,0.4313239756756494,No significant trend,False,-2.0119583791430076,0.044224324578957905,Decreasing,True,-0.10344827586206896,-0.16,-0.5,0.2727272727272727,0.15297909492072703,196.1052261130571,29,-0.4235104525396365,-0.162814075221076,OK,FACTOR_LT_ONE,False
2021-2050,FGOALS-g3,SSP2-4.5,351005,R20mm,days,days year-1,2021,2050,30,-49.0,3128.3333333333335,461.175646828869,-0.8581925226701574,0.3907861642051602,No significant trend,False,-2.235157106589327,0.025407036365161874,Decreasing,True,-0.11264367816091954,-0.14285714285714285,-0.5,0.2,0.14741896009447064,203.5016390074592,29,-0.4262905199527647,-0.20447496982237412,OK,FACTOR_LT_ONE,False
2021-2050,FGOALS-g3,SSP2-4.5,351006,R20mm,days,days year-1,2021,2050,30,-28.0,3116.6666666666665,445.3670401992915,-0.483635961561491,0.6286442482988013,No significant trend,False,-1.2793952306016838,0.20075791253022923,No significant trend,False,-0.06436781609195402,-0.05555555555555555,-0.43478260869565216,0.25,0.1428985155719652,209.93919971752038,29,-0.4285507422140174,-0.1853255616907405,OK,FACTOR_LT_ONE,True
2021-2050,FGOALS-g3,SSP2-4.5,351007,R20mm,days,days year-1,2021,2050,30,-49.0,3123.0,1157.9476129777825,-0.8589250033520303,0.39038189377549704,No significant trend,False,-1.4105769455867347,0.15836939342359813,No significant trend,False,-0.11264367816091954,-0.15384615384615385,-0.45454545454545453,0.2,0.37078053569573566,80.91039607488497,29,-0.31460973215213217,-0.0716336158759524,OK,FACTOR_LT_ONE,True
2021-2050,FGOALS-g3,SSP2-4.5,351008,R20mm,days,days year-1,2021,2050,30,15.0,3109.0,520.2559739391465,0.25108321136353695,0.801749775615576,No significant trend,False,0.6137895608213699,0.5393543964424239,No significant trend,False,0.034482758620689655,0.0,-0.2777777777777778,0.3,0.16733868573147204,179.27713408805496,29,-0.416330657134264,-0.15431860370223505,OK,FACTOR_LT_ONE,True
2021-2050,FGOALS-g3,SSP2-4.5,351009,R20mm,days,days year-1,2021,2050,30,-14.0,3115.3333333333335,521.0616375800989,-0.23291158525984904,0.8158300620852933,No significant trend,False,-0.5695066535248416,0.5690123567002416,No significant trend,False,-0.03218390804597701,0.0,-0.3333333333333333,0.2222222222222222,0.1672571060068796,179.36457658645634,29,-0.4163714469965602,-0.16911319007141173,OK,FACTOR_LT_ONE,True
2021-2050,FGOALS-g3,SSP2-4.5,351010,R20mm,days,days year-1,2021,2050,30,16.0,3120.0,448.3698296836976,0.26854307776478736,0.7882813208580621,No significant trend,False,0.7083910543096361,0.47870244616930957,No significant trend,False,0.0367816091954023,0.0,-0.2777777777777778,0.3333333333333333,0.14370827874477488,208.75624050358184,29,-0.42814586062761256,-0.18985588620625118,OK,FACTOR_LT_ONE,True
2021-2050,FGOALS-g3,SSP2-4.5,351011,R20mm,days,days year-1,2021,2050,30,-15.0,3111.0,633.0060761630966,-0.25100249018756765,0.8018121839190538,No significant trend,False,-0.5564473728009738,0.5779050617424062,No significant trend,False,-0.034482758620689655,0.0,-0.3333333333333333,0.23076923076923078,0.20347350567762668,147.43934302449435,29,-0.39826324716118666,-0.059931092705409916,OK,FACTOR_LT_ONE,True
2021-2050,FGOALS-g3,SSP2-4.5,351012,R20mm,days,days year-1,2021,2050,30,-68.0,3126.0,322.32964564532756,-1.1983407167615128,0.2307844014701782,No significant trend,False,-3.7318542807395754,0.00019007544942356165,Decreasing,True,-0.15632183908045977,-0.24,-0.6875,0.25,0.10311249060950978,290.9443833881478,29,-0.4484437546952451,-0.2557267244730704,OK,FACTOR_LT_ONE,False
2021-2050,FGOALS-g3,SSP2-4.5,351201,R20mm,days,days year-1,2021,2050,30,-58.0,3132.0,340.7472090816434,-1.018506908095905,0.3084371195681215,No significant trend,False,-3.0878678230223855,0.002015981155076409,Decreasing,True,-0.13333333333333333,-0.18181818181818182,-0.5882352941176471,0.25,0.1087954051984813,275.74693936080655,29,-0.44560229740075935,-0.2492656032256592,OK,FACTOR_LT_ONE,False
2021-2050,FGOALS-g3,SSP2-4.5,351001,R50mm,days,days year-1,2021,2050,30,0.0,3082.6666666666665,593.759495665879,0.0,1.0,No significant trend,False,0.0,1.0,No significant trend,False,0.0,0.0,-0.1,0.13333333333333333,0.19261229314420814,155.75329855783974,29,-0.40369385342789593,-0.07092198581560284,OK,FACTOR_LT_ONE,True
2021-2050,FGOALS-g3,SSP2-4.5,351002,R50mm,days,days year-1,2021,2050,30,11.0,2971.0,657.7869763205829,0.1834630774138222,0.8544346869937561,No significant trend,False,0.3899037074324736,0.6966077523209214,No significant trend,False,0.02528735632183908,0.0,-0.0625,0.09090909090909091,0.22140255009107468,135.49979432332373,29,-0.38929872495446266,-0.0674863387978142,OK,FACTOR_LT_ONE,True
2021-2050,FGOALS-g3,SSP2-4.5,351003,R50mm,days,days year-1,2021,2050,30,6.0,3027.3333333333335,529.3714064968306,0.09087404982211617,0.927592670099226,No significant trend,False,0.2173150301964069,0.8279628445713387,No significant trend,False,0.013793103448275862,0.0,-0.08333333333333333,0.09523809523809523,0.17486393079613427,171.56196743041082,29,-0.41256803460193286,-0.13904513565530513,OK,FACTOR_LT_ONE,True
2021-2050,FGOALS-g3,SSP2-4.5,351004,R50mm,days,days year-1,2021,2050,30,-18.0,3067.3333333333335,384.8447384128671,-0.30695056299015633,0.7588810018239607,No significant trend,False,-0.8665749778776946,0.38617492842406453,No significant trend,False,-0.041379310344827586,0.0,-0.16666666666666666,0.1,0.1254655743575963,239.1094143043203,29,-0.43726721282120184,-0.12450308890679565,OK,FACTOR_LT_ONE,True
2021-2050,FGOALS-g3,SSP2-4.5,351005,R50mm,days,days year-1,2021,2050,30,-35.0,2939.0,439.368912214737,-0.6271611156537777,0.5305536290631867,No significant trend,False,-1.6220500645598812,0.10479262890310737,No significant trend,False,-0.08045977011494253,0.0,-0.15789473684210525,-0.0,0.14949605723536474,200.67418870297274,29,-0.42525197138231763,-0.11967726774244085,OK,FACTOR_LT_ONE,True
2021-2050,FGOALS-g3,SSP2-4.5,351006,R50mm,days,days year-1,2021,2050,30,2.0,3041.3333333333335,497.38317506828037,0.01813293016890272,0.9855328077902044,No significant trend,False,0.04483884889387618,0.9642357592791017,No significant trend,False,0.004597701149425287,0.0,-0.1111111111111111,0.1111111111111111,0.16354115795756696,183.44006105046608,29,-0.4182294210212165,-0.1476314504313853,OK,FACTOR_LT_ONE,True
2021-2050,FGOALS-g3,SSP2-4.5,351007,R50mm,days,days year-1,2021,2050,30,7.0,3023.0,1506.0305240818682,0.10912699009374481,0.9131017677255924,No significant trend,False,0.1546088547865026,0.8771296888338307,No significant trend,False,0.016091954022988506,0.0,-0.07692307692307693,0.16666666666666666,0.4981907125642965,60.21790299057051,29,-0.25090464371785176,0.03381892737671307,OK,FACTOR_LT_ONE,True
2021-2050,FGOALS-g3,SSP2-4.5,351008,R50mm,days,days year-1,2021,2050,30,74.0,2882.0,1224.7985641357218,1.359802614569434,0.1738923948151141,No significant trend,False,2.0858857916251643,0.03698896962503224,Increasing,True,0.17011494252873563,0.0,-0.0,0.08695652173913043,0.42498215271884865,70.59119967291147,29,-0.2875089236405757,-0.022188548106841212,OK,FACTOR_LT_ONE,False
2021-2050,FGOALS-g3,SSP2-4.5,351009,R50mm,days,days year-1,2021,2050,30,32.0,2912.6666666666665,965.2256757197508,0.5744024729763255,0.5656954798516332,No significant trend,False,0.9978086416007689,0.3183721589769828,No significant trend,False,0.0735632183908046,0.0,-0.0,0.07692307692307693,0.33138899372387876,90.52805183082428,29,-0.3343055031380606,-0.07963685159558852,OK,FACTOR_LT_ONE,True
2021-2050,FGOALS-g3,SSP2-4.5,351010,R50mm,days,days year-1,2021,2050,30,24.0,2970.0,869.8476562500007,0.4220361099651049,0.6729986606070117,No significant trend,False,0.7798413102851629,0.4354842873146425,No significant trend,False,0.05517241379310345,0.0,-0.05263157894736842,0.08695652173913043,0.29287799873737397,102.43172969404657,29,-0.353561000631313,-0.059528882575757565,OK,FACTOR_LT_ONE,True
2021-2050,FGOALS-g3,SSP2-4.5,351011,R50mm,days,days year-1,2021,2050,30,62.0,2308.0,912.6288177605337,1.2697316137215306,0.20418024769631216,No significant trend,False,2.019215846719047,0.04346478996787449,Increasing,True,0.1425287356321839,0.0,-0.0,-0.0,0.3954197650608898,75.86874165326654,29,-0.3022901174695551,-0.026802457161332057,OK,FACTOR_LT_ONE,False
2021-2050,FGOALS-g3,SSP2-4.5,351012,R50mm,days,days year-1,2021,2050,30,-28.0,3100.0,590.0010622477168,-0.48493431547229227,0.6277229396860498,No significant trend,False,-1.1115714083028658,0.26632247149192967,No significant trend,False,-0.06436781609195402,0.0,-0.2222222222222222,0.11764705882352941,0.1903229233057151,157.62683484958401,29,-0.40483853834714245,-0.06434034416826004,OK,FACTOR_LT_ONE,True
2021-2050,FGOALS-g3,SSP2-4.5,351201,R50mm,days,days year-1,2021,2050,30,-40.0,3083.3333333333335,557.3841370525934,-0.7023512634695671,0.4824601309952329,No significant trend,False,-1.6519135086991898,0.09855218384390922,No significant trend,False,-0.09195402298850575,-0.07142857142857142,-0.2,0.1,0.18077323363867892,165.95377200566426,29,-0.40961338318066054,-0.05136044941486413,OK,FACTOR_LT_ONE,True
2021-2050,FGOALS-g3,SSP2-4.5,351001,R95p,mm,mm year-1,2021,2050,30,7.0,3141.6666666666665,753.7180963956633,0.10704618602100947,0.9147523390847367,No significant trend,False,0.21854797111827332,0.8270021859574066,No significant trend,False,0.016091954022988506,0.6474999999999937,-11.895555555555555,10.486666666666666,0.23991026940976024,125.0467521619961,29,-0.3800448652951199,-0.1205496468981545,OK,FACTOR_LT_ONE,True
2021-2050,FGOALS-g3,SSP2-4.5,351002,R95p,mm,mm year-1,2021,2050,30,0.0,3140.6666666666665,699.8109523327199,0.0,1.0,No significant trend,False,0.0,1.0,No significant trend,False,0.0,0.0,-7.048000000000001,6.594444444444444,0.22282242167248567,134.63636098567915,29,-0.38858878916375716,-0.10153513613537,OK,FACTOR_LT_ONE,True
2021-2050,FGOALS-g3,SSP2-4.5,351003,R95p,mm,mm year-1,2021,2050,30,0.0,3140.6666666666665,759.8075393843201,0.0,1.0,No significant trend,False,0.0,1.0,No significant trend,False,0.0,0.0,-12.093846153846155,11.575000000000003,0.2419255591331947,124.00508696761213,29,-0.37903722043340266,-0.14347897992142764,OK,FACTOR_LT_ONE,True
2021-2050,FGOALS-g3,SSP2-4.5,351004,R95p,mm,mm year-1,2021,2050,30,-5.0,3141.6666666666665,619.4700188731307,-0.07136412401400631,0.9431079616717606,No significant trend,False,-0.16071256968256464,0.8723197889548815,No significant trend,False,-0.011494252873563218,-0.35499999999999543,-13.940000000000007,11.743636363636364,0.19717878584821136,152.14618484918586,29,-0.4014106070758943,-0.1475191081277211,OK,FACTOR_LT_ONE,True
2021-2050,FGOALS-g3,SSP2-4.5,351005,R95p,mm,mm year-1,2021,2050,30,-12.0,3140.6666666666665,635.9890516747041,-0.19628258213197974,0.8443889936643725,No significant trend,False,-0.43618212645658344,0.6627045948252168,No significant trend,False,-0.027586206896551724,-1.0574074074074067,-14.123076923076923,11.075000000000001,0.2025012900683626,148.14720434557367,29,-0.3987493549658187,-0.12049567014052424,OK,FACTOR_LT_ONE,True
2021-2050,FGOALS-g3,SSP2-4.5,351006,R95p,mm,mm year-1,2021,2050,30,-11.0,3141.6666666666665,631.6485611255722,-0.17841031003501578,0.8584007529637274,No significant trend,False,-0.3978892854482427,0.6907117983717123,No significant trend,False,-0.02528735632183908,-2.0989473684210402,-17.051666666666666,14.147999999999994,0.20105524492060656,149.21272017472864,29,-0.3994723775396967,-0.14310406644122245,OK,FACTOR_LT_ONE,True
2021-2050,FGOALS-g3,SSP2-4.5,351007,R95p,mm,mm year-1,2021,2050,30,-47.0,3141.6666666666665,1583.5942735081965,-0.8206874261610726,0.41182433473249114,No significant trend,False,-1.1559415387290615,0.24770507038571354,No significant trend,False,-0.10804597701149425,-5.6972727272727335,-19.07125,11.341176470588236,0.5040618377214419,59.51650721191634,29,-0.24796908113927904,-0.03366650780225704,OK,FACTOR_LT_ONE,True
2021-2050,FGOALS-g3,SSP2-4.5,351008,R95p,mm,mm year-1,2021,2050,30,19.0,3141.6666666666665,585.3111808165429,0.3211385580630284,0.7481053914270006,No significant trend,False,0.7440105519534257,0.45687009140588775,No significant trend,False,0.04367816091954023,1.9094736842105249,-9.015,11.803333333333333,0.1863059461485017,161.02545635385917,29,-0.40684702692574914,-0.1328740465725752,OK,FACTOR_LT_ONE,True
2021-2050,FGOALS-g3,SSP2-4.5,351009,R95p,mm,mm year-1,2021,2050,30,-21.0,3141.6666666666665,579.231710488811,-0.35682062007003157,0.7212260985001633,No significant trend,False,-0.83100537119267,0.40597059507245614,No significant trend,False,-0.04827586206896552,-1.7390909090909086,-16.84333333333333,9.731250000000003,0.18437083622986028,162.71553903784522,29,-0.40781458188506986,-0.16439762608632885,OK,FACTOR_LT_ONE,True
2021-2050,FGOALS-g3,SSP2-4.5,351010,R95p,mm,mm year-1,2021,2050,30,-9.0,3141.6666666666665,633.1834475958351,-0.14272824802801262,0.8865048064138312,No significant trend,False,-0.3179253883016694,0.7505415339001849,No significant trend,False,-0.020689655172413793,-1.328235294117646,-13.499166666666675,11.485500000000002,0.20154380294827645,148.85101680699705,29,-0.3992280985258618,-0.13663248434934125,OK,FACTOR_LT_ONE,True
2021-2050,FGOALS-g3,SSP2-4.5,351011,R95p,mm,mm year-1,2021,2050,30,24.0,2808.0,914.8749159191561,0.43403952975542837,0.664259735925304,No significant trend,False,0.7604085228302724,0.4470104303839759,No significant trend,False,0.05517241379310345,0.0,-0.0,2.022,0.32581015524186474,92.07816121547697,29,-0.33709492237906763,-0.10551534384276631,OK,FACTOR_LT_ONE,True
2021-2050,FGOALS-g3,SSP2-4.5,351012,R95p,mm,mm year-1,2021,2050,30,-55.0,3141.6666666666665,769.4027475757829,-0.9634156741890852,0.3353389634847318,No significant trend,False,-1.9467800783023852,0.05156110632671512,No significant trend,False,-0.12643678160919541,-5.416190476190474,-19.097499999999997,7.772000000000003,0.24490273132385665,122.49761298222654,29,-0.3775486343380717,-0.10132543264335409,OK,FACTOR_LT_ONE,True
2021-2050,FGOALS-g3,SSP2-4.5,351201,R95p,mm,mm year-1,2021,2050,30,-43.0,3141.6666666666665,629.5470286931286,-0.7493233021470662,0.45366236627030876,No significant trend,False,-1.6739219379496086,0.09414594205594752,No significant trend,False,-0.09885057471264368,-5.164999999999992,-21.005624999999995,12.858571428571432,0.20038632213043883,149.7108169911512,29,-0.3998068389347806,-0.06737911279850187,OK,FACTOR_LT_ONE,True
2021-2050,FGOALS-g3,SSP2-4.5,351001,R99p,mm,mm year-1,2021,2050,30,71.0,3049.6666666666665,1034.8976573853754,1.2675697125923926,0.20495165366207846,No significant trend,False,2.175952136201432,0.02955883973266107,Increasing,True,0.1632183908045977,2.090000000000001,-0.21769230769230646,10.829999999999998,0.3393477945301264,88.40487689492461,29,-0.3303261027349368,-0.13869726924985024,OK,FACTOR_LT_ONE,False
2021-2050,FGOALS-g3,SSP2-4.5,351002,R99p,mm,mm year-1,2021,2050,30,54.0,2444.6666666666665,987.6301254449073,1.0719290583757615,0.2837518972603983,No significant trend,False,1.6864703308205813,0.09170524498713664,No significant trend,False,0.12413793103448276,0.0,-0.0,-0.0,0.4039937791566297,74.25856918546486,29,-0.29800311042168515,-0.1412112506705017,OK,FACTOR_LT_ONE,True
2021-2050,FGOALS-g3,SSP2-4.5,351003,R99p,mm,mm year-1,2021,2050,30,34.0,3016.6666666666665,954.1331484142295,0.6008281577440604,0.5479544475940173,No significant trend,False,1.068339897859094,0.28536721739121085,No significant trend,False,0.07816091954022988,0.0,-4.09,8.077499999999997,0.3162872315185291,94.85049350859586,29,-0.34185638424073544,-0.15513625686568913,OK,FACTOR_LT_ONE,True
2021-2050,FGOALS-g3,SSP2-4.5,351004,R99p,mm,mm year-1,2021,2050,30,45.0,2929.0,848.555118709302,0.8130045771530645,0.4162154339048386,No significant trend,False,1.5104718909191246,0.13092305660005074,No significant trend,False,0.10344827586206896,0.0,-0.0,7.962999999999999,0.2897081320277576,103.55249536842699,29,-0.3551459339861212,-0.13978132028053572,OK,FACTOR_LT_ONE,True
2021-2050,FGOALS-g3,SSP2-4.5,351005,R99p,mm,mm year-1,2021,2050,30,22.0,2976.6666666666665,701.1525845121728,0.38490556716251684,0.7003073810954928,No significant trend,False,0.7930727451752771,0.42773544102933936,No significant trend,False,0.05057471264367816,0.0,-3.508,7.861,0.23554958046321595,127.36172121811475,29,-0.382225209768392,-0.19247496837181696,OK,FACTOR_LT_ONE,True
2021-2050,FGOALS-g3,SSP2-4.5,351006,R99p,mm,mm year-1,2021,2050,30,13.0,3141.6666666666665,673.9236398102227,0.21409237204201895,0.8304750241244809,No significant trend,False,0.46224891523038497,0.6439028288494786,No significant trend,False,0.029885057471264367,1.2700000000000002,-11.733157894736836,13.16555555555555,0.21451150338786928,139.85263972419912,29,-0.39274424830606536,-0.12478426843391209,OK,FACTOR_LT_ONE,True
2021-2050,FGOALS-g3,SSP2-4.5,351007,R99p,mm,mm year-1,2021,2050,30,-20.0,3140.6666666666665,1743.7919775833473,-0.33903355095523774,0.734584455364641,No significant trend,False,-0.45499462192024015,0.6491131079623442,No significant trend,False,-0.04597701149425287,-2.7399999999999967,-12.286666666666667,12.12833333333333,0.5552298803598007,54.03167419692789,29,-0.22238505982009965,0.04567287995976309,OK,FACTOR_LT_ONE,True
2021-2050,FGOALS-g3,SSP2-4.5,351008,R99p,mm,mm year-1,2021,2050,30,30.0,3138.0,769.505971153818,0.5176920887835139,0.6046731188482966,No significant trend,False,1.0454228800560046,0.295827566588868,No significant trend,False,0.06896551724137931,0.6313333333333333,-3.705000000000002,7.221666666666668,0.24522178813059847,122.33823196828992,29,-0.37738910593470076,-0.12729957581450144,OK,FACTOR_LT_ONE,True
2021-2050,FGOALS-g3,SSP2-4.5,351009,R99p,mm,mm year-1,2021,2050,30,-9.0,3141.6666666666665,650.8423822916466,-0.14272824802801262,0.8865048064138312,No significant trend,False,-0.31358268470488804,0.75383801226624,No significant trend,False,-0.020689655172413793,-0.6119999999999891,-10.900000000000006,8.298749999999998,0.20716468401856125,144.8123271692008,29,-0.3964176579907194,-0.15524543545310038,OK,FACTOR_LT_ONE,True
2021-2050,FGOALS-g3,SSP2-4.5,351010,R99p,mm,mm year-1,2021,2050,30,25.0,3141.6666666666665,577.7139293005029,0.4281847440840379,0.6685166224807093,No significant trend,False,0.9985155261972958,0.31802943948766293,No significant trend,False,0.05747126436781609,3.053000000000003,-9.64846153846154,10.819999999999997,0.18388772285427146,163.14302844336484,29,-0.40805613857286427,-0.15422429680618968,OK,FACTOR_LT_ONE,True
2021-2050,FGOALS-g3,SSP2-4.5,351011,R99p,mm,mm year-1,2021,2050,30,38.0,840.6666666666666,467.60253013025766,1.2761149903812172,0.2019148732845899,No significant trend,False,1.7110523531226962,0.08707144875650297,No significant trend,False,0.08735632183908046,0.0,-0.0,-0.0,0.5562282277520908,53.93469533403635,29,-0.2218858861239546,-0.0797160840397069,OK,FACTOR_LT_ONE,True
2021-2050,FGOALS-g3,SSP2-4.5,351012,R99p,mm,mm year-1,2021,2050,30,2.0,2808.0,759.1978630384231,0.01887128390240993,0.9849437875868777,No significant trend,False,0.03629297014915686,0.9710487552570114,No significant trend,False,0.004597701149425287,0.0,-1.561999999999999,0.7299999999999992,0.27036960934416776,110.95921643253705,29,-0.3648151953279161,-0.1823828996334716,OK,FACTOR_LT_ONE,True
2021-2050,FGOALS-g3,SSP2-4.5,351201,R99p,mm,mm year-1,2021,2050,30,13.0,3076.3333333333335,751.3277207898223,0.21635381142836285,0.8287119667233023,No significant trend,False,0.4377907081373211,0.6615380072990941,No significant trend,False,0.029885057471264367,0.0,-7.763636363636365,13.036153846153848,0.24422831968463177,122.83587766864439,29,-0.3778858401576841,-0.033242914934303584,OK,FACTOR_LT_ONE,True
2021-2050,FGOALS-g3,SSP5-8.5,351001,PRCPTOT,mm,mm year-1,2021,2050,30,147.0,3141.6666666666665,409.8271760234895,2.6047905265112306,0.00919304450326439,Increasing,True,7.211946212366907,5.515776339334102e-13,Increasing,True,0.33793103448275863,18.260952380952382,5.116153846153863,33.106666666666676,0.13044896849554044,229.97498827310073,29,-0.4347755157522298,-0.11608126146081113,OK,FACTOR_LT_ONE,True
2021-2050,FGOALS-g3,SSP5-8.5,351002,PRCPTOT,mm,mm year-1,2021,2050,30,141.0,3141.6666666666665,338.13268877240813,2.497744340490221,0.01249862971927656,Increasing,True,7.613501834249565,2.6676754003768872e-14,Increasing,True,0.32413793103448274,13.08652173913044,3.0414285714285825,23.812307692307705,0.10762844204957289,278.7367300753291,29,-0.44618577897521355,-0.12332006744669184,OK,FACTOR_LT_ONE,True
2021-2050,FGOALS-g3,SSP5-8.5,351003,PRCPTOT,mm,mm year-1,2021,2050,30,131.0,3141.6666666666665,369.49324120578683,2.319334030455205,0.020376931601497065,Increasing,True,6.763011142844774,1.3515283829228712e-11,Increasing,True,0.30114942528735633,15.727500000000049,3.0124999999999886,29.764999999999997,0.11761058075515762,255.0790907363528,29,-0.4411947096224212,-0.10035399914251211,OK,FACTOR_LT_ONE,True
2021-2050,FGOALS-g3,SSP5-8.5,351004,PRCPTOT,mm,mm year-1,2021,2050,30,135.0,3141.6666666666665,301.76613592070527,2.3906981544692116,0.016816371874977434,Increasing,True,7.713820834070265,1.2210585991767147e-14,Increasing,True,0.3103448275862069,17.449999999999996,5.239999999999991,32.366666666666674,0.09605288146017144,312.3279546011285,29,-0.4519735592699143,-0.11879027553008117,OK,FACTOR_LT_ONE,True
2021-2050,FGOALS-g3,SSP5-8.5,351005,PRCPTOT,mm,mm year-1,2021,2050,30,139.0,3141.6666666666665,303.7380147928946,2.462062278483218,0.013814067737925022,Increasing,True,7.918255504292857,2.4086601472686673e-15,Increasing,True,0.3195402298850575,16.347037037037033,4.6043750000000045,30.94,0.09668053521259246,310.3003095093805,29,-0.45165973239370377,-0.13431201295471923,OK,FACTOR_LT_ONE,True
2021-2050,FGOALS-g3,SSP5-8.5,351006,PRCPTOT,mm,mm year-1,2021,2050,30,151.0,3141.6666666666665,403.0179897817662,2.6761546505252367,0.007447227229062702,Increasing,True,7.471865451906457,7.906583124664391e-14,Increasing,True,0.3471264367816092,18.60999999999996,6.185833333333316,32.09461538461538,0.12828158825944813,233.86052828816963,29,-0.43585920587027593,-0.09497526656213422,OK,FACTOR_LT_ONE,True
2021-2050,FGOALS-g3,SSP5-8.5,351007,PRCPTOT,mm,mm year-1,2021,2050,30,-69.0,3141.6666666666665,267.73129552857125,-1.2131901082381074,0.2250571451510026,No significant trend,False,-4.15584501517768,3.2408747130487386e-05,Decreasing,True,-0.15862068965517243,-6.104666666666677,-16.269999999999982,2.9648148148148215,0.08521951051307308,352.0320618996967,29,-0.45739024474346346,-0.16946444563987567,OK,FACTOR_LT_ONE,False
2021-2050,FGOALS-g3,SSP5-8.5,351008,PRCPTOT,mm,mm year-1,2021,2050,30,127.0,3141.6666666666665,334.4643540342621,2.247969906441199,0.024578108913373014,Increasing,True,6.889625658837958,5.5939393018135154e-12,Increasing,True,0.29195402298850576,12.179375000000022,2.268333333333342,22.46307692307693,0.10646080234512323,281.7938559465896,29,-0.4467695988274384,-0.1357261557898124,OK,FACTOR_LT_ONE,True
2021-2050,FGOALS-g3,SSP5-8.5,351009,PRCPTOT,mm,mm year-1,2021,2050,30,141.0,3141.6666666666665,339.295864135263,2.497744340490221,0.01249862971927656,Increasing,True,7.600440312378141,2.9512486128148844e-14,Increasing,True,0.32413793103448274,12.887999999999996,3.6106666666666722,24.06666666666667,0.1079986835443808,277.7811637645736,29,-0.4460006582278096,-0.11875530498889678,OK,FACTOR_LT_ONE,True
2021-2050,FGOALS-g3,SSP5-8.5,351010,PRCPTOT,mm,mm year-1,2021,2050,30,137.0,3141.6666666666665,361.45938423771076,2.4263802164762147,0.015250283689703046,Increasing,True,7.153344751990883,8.468855327346187e-13,Increasing,True,0.31494252873563217,13.440434782608696,3.301249999999996,25.71750000000003,0.11505338490325012,260.7485214383513,29,-0.44247330754837494,-0.12500019954075922,OK,FACTOR_LT_ONE,True
2021-2050,FGOALS-g3,SSP5-8.5,351011,PRCPTOT,mm,mm year-1,2021,2050,30,115.0,3141.6666666666665,221.34764350513228,2.03387753439918,0.041963944579415956,Increasing,True,7.662445524245096,1.8242552004595368e-14,Increasing,True,0.26436781609195403,8.62874999999999,0.28333333333332195,19.060909090909096,0.07045548334380869,425.800783362822,29,-0.46477225832809566,-0.1427009264194086,OK,FACTOR_LT_ONE,True
2021-2050,FGOALS-g3,SSP5-8.5,351012,PRCPTOT,mm,mm year-1,2021,2050,30,139.0,3141.6666666666665,335.26473897638823,2.462062278483218,0.013814067737925022,Increasing,True,7.536767996851763,4.817623170413835e-14,Increasing,True,0.3195402298850575,21.188666666666645,5.308888888888886,42.30615384615385,0.10671556678293526,281.1211232286428,29,-0.44664221660853237,-0.0827783864843992,OK,FACTOR_LT_ONE,True
2021-2050,FGOALS-g3,SSP5-8.5,351201,PRCPTOT,mm,mm year-1,2021,2050,30,129.0,3141.6666666666665,246.59872650338636,2.283651968448202,0.022391992980315224,Increasing,True,8.151068725925223,3.6072203396941984e-16,Increasing,True,0.296551724137931,20.79500000000001,2.8637500000000244,43.926,0.07849296334325295,382.19986508610674,29,-0.4607535183283735,-0.14525994760817945,OK,FACTOR_LT_ONE,True
2021-2050,FGOALS-g3,SSP5-8.5,351001,SDII,mm day-1,mm day-1 year-1,2021,2050,30,105.0,3141.6666666666665,171.59238918304388,1.8554672243641641,0.0635295354198279,No significant trend,False,7.939338680227002,2.032620617672091e-15,Increasing,True,0.2413793103448276,0.09027084227084205,-0.010467869943675767,0.20896194824961967,0.05461826711396622,549.2667853669202,29,-0.4726908664430169,-0.1016949767090627,OK,FACTOR_LT_ONE,False
2021-2050,FGOALS-g3,SSP5-8.5,351002,SDII,mm day-1,mm day-1 year-1,2021,2050,30,93.0,3141.6666666666665,162.95483196338924,1.6413748523221452,0.1007196267645143,No significant trend,False,7.206994754481897,5.720020605327438e-13,Increasing,True,0.21379310344827587,0.06186048265460009,-0.01318082667849752,0.1672271241830064,0.05186891203078703,578.3811309208368,29,-0.4740655439846065,-0.15864009684583025,OK,FACTOR_LT_ONE,False
2021-2050,FGOALS-g3,SSP5-8.5,351003,SDII,mm day-1,mm day-1 year-1,2021,2050,30,85.0,3141.6666666666665,181.43052355351446,1.4986466042941324,0.13396533563924473,No significant trend,False,6.2362585038098945,4.4816029782747854e-10,Increasing,True,0.19540229885057472,0.08927680652680703,-0.03967424994180849,0.22038962885718352,0.05774976877034943,519.4825994767092,29,-0.4711251156148253,-0.09330855651870408,OK,FACTOR_LT_ONE,False
2021-2050,FGOALS-g3,SSP5-8.5,351004,SDII,mm day-1,mm day-1 year-1,2021,2050,30,61.0,3141.6666666666665,257.3240414621008,1.0704618602100946,0.2844114676220474,No significant trend,False,3.7403398864369515,0.00018377158165993623,Increasing,True,0.14022988505747128,0.08350049652432823,-0.08269541778975739,0.2736775388121345,0.08190685669881193,366.2697020631138,29,-0.45904657165059404,-0.08144350115930546,OK,FACTOR_LT_ONE,False
2021-2050,FGOALS-g3,SSP5-8.5,351005,SDII,mm day-1,mm day-1 year-1,2021,2050,30,85.0,3141.6666666666665,176.97227000664574,1.4986466042941324,0.13396533563924473,No significant trend,False,6.31432127631273,2.713497059269433e-10,Increasing,True,0.19540229885057472,0.10341861263736263,-0.04054178316247275,0.2634203619909503,0.056330696023335514,532.5693115450273,29,-0.47183465198833224,-0.16441191355587556,OK,FACTOR_LT_ONE,False
2021-2050,FGOALS-g3,SSP5-8.5,351006,SDII,mm day-1,mm day-1 year-1,2021,2050,30,115.0,3141.6666666666665,172.27206854776546,2.03387753439918,0.041963944579415956,Increasing,True,8.685551846908346,3.7690808273834846e-18,Increasing,True,0.26436781609195403,0.10558474576271171,0.0031879052823311346,0.22466474445951956,0.05483461067833384,547.0997172932159,29,-0.4725826946608331,-0.08146639233099567,OK,FACTOR_LT_ONE,True
2021-2050,FGOALS-g3,SSP5-8.5,351007,SDII,mm day-1,mm day-1 year-1,2021,2050,30,-125.0,3141.6666666666665,476.10212570850695,-2.212287844434196,0.02694678246348912,Decreasing,True,-5.682921079458025,1.3241338213234125e-08,Decreasing,True,-0.28735632183908044,-0.09165558397271949,-0.1640010056315366,-0.008221166609777446,0.15154444319634175,197.9617290297596,29,-0.4242277784018291,-0.10754212995806481,OK,FACTOR_LT_ONE,True
2021-2050,FGOALS-g3,SSP5-8.5,351008,SDII,mm day-1,mm day-1 year-1,2021,2050,30,123.0,3141.6666666666665,196.94705859160783,2.1766057824271927,0.029509993369559867,Increasing,True,8.693308288650057,3.520354470827828e-18,Increasing,True,0.2827586206896552,0.05505092063492067,0.006549621717846169,0.12597679294389835,0.06268871891510064,478.55500190758426,29,-0.4686556405424497,-0.2040415231838364,OK,FACTOR_LT_ONE,True
2021-2050,FGOALS-g3,SSP5-8.5,351009,SDII,mm day-1,mm day-1 year-1,2021,2050,30,121.0,3141.6666666666665,222.70406048886406,2.140923720420189,0.03228018992415161,Increasing,True,8.041131758235958,8.901248319942284e-16,Increasing,True,0.27816091954022987,0.06234667298129293,0.007904995539696813,0.1264349330610395,0.07088723410786124,423.2073712221911,29,-0.4645563829460694,-0.1983032329997055,OK,FACTOR_LT_ONE,True
2021-2050,FGOALS-g3,SSP5-8.5,351010,SDII,mm day-1,mm day-1 year-1,2021,2050,30,115.0,3141.6666666666665,267.53809885868264,2.03387753439918,0.041963944579415956,Increasing,True,6.969667069904446,3.1769189695732614e-12,Increasing,True,0.26436781609195403,0.072626822862672,0.0068970165438067,0.14383813879498852,0.08515801555183533,352.286274000116,29,-0.45742099222408233,-0.14564892079326355,OK,FACTOR_LT_ONE,True
2021-2050,FGOALS-g3,SSP5-8.5,351011,SDII,mm day-1,mm day-1 year-1,2021,2050,30,93.0,3141.6666666666665,167.51147104784422,1.6413748523221452,0.1007196267645143,No significant trend,False,7.108296767772883,1.1748373235494396e-12,Increasing,True,0.21379310344827587,0.03398570592966289,-0.005767198603540045,0.07770574088221144,0.05331930112928729,562.6480348505837,29,-0.47334034943535636,-0.20115214534333398,OK,FACTOR_LT_ONE,False
2021-2050,FGOALS-g3,SSP5-8.5,351012,SDII,mm day-1,mm day-1 year-1,2021,2050,30,113.0,3141.6666666666665,357.9549303124283,1.9981954723921767,0.045695472216719296,Increasing,True,5.9197565725474215,3.22418481561639e-09,Increasing,True,0.2597701149425287,0.1350874458874459,0.006702430972388841,0.2732412698412695,0.11393790885276234,263.3013042109441,29,-0.44303104557361883,-0.09463839065977345,OK,FACTOR_LT_ONE,True
2021-2050,FGOALS-g3,SSP5-8.5,351201,SDII,mm day-1,mm day-1 year-1,2021,2050,30,103.0,3141.6666666666665,203.57536010318105,1.819785162357161,0.0687917281714642,No significant trend,False,7.148872737317794,8.749339560501385e-13,Increasing,True,0.2367816091954023,0.1364646464646467,-0.006870822435338653,0.2791520204652042,0.06479852310976586,462.9735148312148,29,-0.46760073844511707,-0.20286063798500611,OK,FACTOR_LT_ONE,False
2021-2050,FGOALS-g3,SSP5-8.5,351001,Rx1day,mm,mm year-1,2021,2050,30,99.0,3141.6666666666665,927.3060791718613,1.7484210383431547,0.08039114754218035,No significant trend,False,3.2182110540432616,0.0012899286396387815,Increasing,True,0.22758620689655173,1.4185714285714275,-0.28724137931034527,3.413333333333332,0.2951637387284439,101.63850115613474,29,-0.35241813063577804,0.12581021686326904,OK,FACTOR_LT_ONE,False
2021-2050,FGOALS-g3,SSP5-8.5,351002,Rx1day,mm,mm year-1,2021,2050,30,71.0,3141.6666666666665,729.4660503023126,1.2488721702451104,0.21171183194124243,No significant trend,False,2.5917642664403906,0.009548517467817578,Increasing,True,0.1632183908045977,0.8576470588235293,-0.5771428571428571,2.175,0.23219078524211545,129.20409381758063,29,-0.3839046073789423,0.06654629478090504,OK,FACTOR_LT_ONE,False
2021-2050,FGOALS-g3,SSP5-8.5,351003,Rx1day,mm,mm year-1,2021,2050,30,61.0,3141.6666666666665,743.8204200848592,1.0704618602100946,0.2844114676220474,No significant trend,False,2.1999722459330417,0.027808864215564996,Increasing,True,0.14022988505747128,1.027777777777777,-0.9765517241379318,3.0808,0.23675981541162627,126.71069179473109,29,-0.38162009229418686,0.11425083530212092,OK,FACTOR_LT_ONE,False
2021-2050,FGOALS-g3,SSP5-8.5,351004,Rx1day,mm,mm year-1,2021,2050,30,87.0,3141.6666666666665,505.4964910048672,1.5343286663011357,0.12494881685497079,No significant trend,False,3.825069923830645,0.00013073497508485376,Increasing,True,0.2,1.3818181818181807,-0.3757142857142871,3.573125,0.16090073984239806,186.45035460610646,29,-0.419549630078801,0.06199017960999667,OK,FACTOR_LT_ONE,False
2021-2050,FGOALS-g3,SSP5-8.5,351005,Rx1day,mm,mm year-1,2021,2050,30,65.0,3141.6666666666665,667.6831176681467,1.141825984224101,0.2535263593015791,No significant trend,False,2.476821884675148,0.013255803585563353,Increasing,True,0.14942528735632185,1.0713333333333332,-0.7213043478260871,3.134285714285714,0.2125251302922483,141.15977700494193,29,-0.39373743485387586,0.08481939265547975,OK,FACTOR_LT_ONE,False
2021-2050,FGOALS-g3,SSP5-8.5,351006,Rx1day,mm,mm year-1,2021,2050,30,53.0,3141.6666666666665,882.479585356597,0.9277336121820821,0.353545768449924,No significant trend,False,1.7504552390078496,0.08003979141057395,No significant trend,False,0.12183908045977011,1.0529166666666665,-0.8816666666666654,3.1044444444444435,0.28089535873419536,106.80133746313798,29,-0.3595523206329023,0.13922373424850154,OK,FACTOR_LT_ONE,True
2021-2050,FGOALS-g3,SSP5-8.5,351007,Rx1day,mm,mm year-1,2021,2050,30,-13.0,3141.6666666666665,638.4783763455787,-0.21409237204201895,0.8304750241244809,No significant trend,False,-0.4749065389111228,0.6348535905310463,No significant trend,False,-0.029885057471264367,-0.2133333333333335,-1.6211111111111112,1.2459259259259259,0.20322919140973328,147.61658889601432,29,-0.39838540429513336,-0.19014550112653225,OK,FACTOR_LT_ONE,True
2021-2050,FGOALS-g3,SSP5-8.5,351008,Rx1day,mm,mm year-1,2021,2050,30,71.0,3141.6666666666665,912.4154975978715,1.2488721702451104,0.21171183194124243,No significant trend,False,2.317403792591301,0.02048174594640445,Increasing,True,0.1632183908045977,0.8068000000000001,-0.39538461538461545,1.7711111111111109,0.2904240310656355,103.29723711196624,29,-0.35478798446718224,-0.018624430050206465,OK,FACTOR_LT_ONE,False
2021-2050,FGOALS-g3,SSP5-8.5,351009,Rx1day,mm,mm year-1,2021,2050,30,81.0,3141.6666666666665,880.7892666649822,1.4272824802801263,0.1534984884368536,No significant trend,False,2.6955908912153346,0.007026390533930356,Increasing,True,0.18620689655172415,0.7790000000000006,-0.3266666666666656,1.8006250000000001,0.2803573262594108,107.00629942604536,29,-0.3598213368702946,0.05692492180386742,OK,FACTOR_LT_ONE,False
2021-2050,FGOALS-g3,SSP5-8.5,351010,Rx1day,mm,mm year-1,2021,2050,30,87.0,3141.6666666666665,724.3227258733068,1.5343286663011357,0.12494881685497079,No significant trend,False,3.1954527153460717,0.0013961165762526732,Increasing,True,0.2,0.8589999999999997,-0.28000000000000114,2.166666666666667,0.23055365279786955,130.12155581113925,29,-0.3847231736010652,0.04850343653525427,OK,FACTOR_LT_ONE,False
2021-2050,FGOALS-g3,SSP5-8.5,351011,Rx1day,mm,mm year-1,2021,2050,30,25.0,3141.6666666666665,313.33613920929344,0.4281847440840379,0.6685166224807093,No significant trend,False,1.3558323682046507,0.17515251005990373,No significant trend,False,0.05747126436781609,0.18192307692307694,-0.7000000000000028,0.9719230769230768,0.09973564112762656,300.7951787426778,29,-0.4501321794361867,-0.26035196160752394,OK,FACTOR_LT_ONE,True
2021-2050,FGOALS-g3,SSP5-8.5,351012,Rx1day,mm,mm year-1,2021,2050,30,69.0,3141.6666666666665,482.7918814870079,1.2131901082381074,0.2250571451510026,No significant trend,False,3.0947739563808625,0.001969629434270303,Increasing,True,0.15862068965517243,1.0712000000000002,-0.6439999999999998,3.058947368421053,0.15367380843087786,195.21869280342548,29,-0.42316309578456107,0.052865946127791955,OK,FACTOR_LT_ONE,False
2021-2050,FGOALS-g3,SSP5-8.5,351201,Rx1day,mm,mm year-1,2021,2050,30,63.0,3141.6666666666665,425.2177968697655,1.106143922217098,0.2686642304239092,No significant trend,False,3.0066714448566776,0.0026412506630448065,Increasing,True,0.14482758620689656,1.1469230769230767,-1.3233333333333346,4.213333333333334,0.13534783985244525,221.65111783613006,29,-0.4323260800737774,-0.1232283049683818,OK,FACTOR_LT_ONE,False
2021-2050,FGOALS-g3,SSP5-8.5,351001,Rx5day,mm,mm year-1,2021,2050,30,89.0,3141.6666666666665,260.8091531232899,1.5700107283081388,0.11641261541028022,No significant trend,False,5.449055830702481,5.0637917016828516e-08,Increasing,True,0.2045977011494253,3.1732142857142844,-0.8812499999999991,7.530000000000003,0.08301617606046363,361.3753538605528,29,-0.4584919119697682,-0.262030902803624,OK,FACTOR_LT_ONE,False
2021-2050,FGOALS-g3,SSP5-8.5,351002,Rx5day,mm,mm year-1,2021,2050,30,87.0,3141.6666666666665,208.99756153754186,1.5343286663011357,0.12494881685497079,No significant trend,False,5.948779092398481,2.701499444377408e-09,Increasing,True,0.2,2.1657142857142873,-0.5996551724137936,4.899999999999997,0.06652442277057036,450.96219930331597,29,-0.4667377886147148,-0.2659638983438467,OK,FACTOR_LT_ONE,False
2021-2050,FGOALS-g3,SSP5-8.5,351003,Rx5day,mm,mm year-1,2021,2050,30,87.0,3141.6666666666665,280.96604915726977,1.5343286663011357,0.12494881685497079,No significant trend,False,5.130639837112652,2.887589496217318e-07,Increasing,True,0.2,3.200000000000003,-1.0866666666666656,7.477142857142853,0.08943216418799038,335.4497822163698,29,-0.4552839179060048,-0.18088433656822628,OK,FACTOR_LT_ONE,False
2021-2050,FGOALS-g3,SSP5-8.5,351004,Rx5day,mm,mm year-1,2021,2050,30,95.0,3141.6666666666665,254.69823975067933,1.6770569143291483,0.09353135296636007,No significant trend,False,5.889994399557034,3.862087069129753e-09,Increasing,True,0.21839080459770116,3.61047619047619,-0.632592592592593,8.1675,0.08107105774557433,370.045745476137,29,-0.45946447112721284,-0.23216092595215046,OK,FACTOR_LT_ONE,False
2021-2050,FGOALS-g3,SSP5-8.5,351005,Rx5day,mm,mm year-1,2021,2050,30,83.0,3141.6666666666665,203.50876830178365,1.4629645422871294,0.14347708151957062,No significant trend,False,5.748073191653971,9.026616657124834e-09,Increasing,True,0.19080459770114944,2.8948148148148136,-1.1377777777777804,6.763529411764706,0.0647773267804086,463.12500825633435,29,-0.4676113366097957,-0.2636569803799568,OK,FACTOR_LT_ONE,False
2021-2050,FGOALS-g3,SSP5-8.5,351006,Rx5day,mm,mm year-1,2021,2050,30,111.0,3141.6666666666665,336.04388708543337,1.9625134103851736,0.049702740867608466,Increasing,True,6.000600106116791,1.965896054392452e-09,Increasing,True,0.25517241379310346,3.9185714285714295,0.16363636363636466,8.177777777777786,0.1069635714860796,280.4693185090986,29,-0.4465182142569602,-0.1626210608780406,OK,FACTOR_LT_ONE,True
2021-2050,FGOALS-g3,SSP5-8.5,351007,Rx5day,mm,mm year-1,2021,2050,30,-79.0,3141.6666666666665,518.839002385947,-1.391600418273123,0.16404343214420547,No significant trend,False,-3.4243511648325886,0.0006162693084786629,Decreasing,True,-0.18160919540229886,-2.2715384615384595,-6.345000000000001,1.4842857142857144,0.16514769306714494,181.6555801830229,29,-0.41742615346642753,-0.10712335459082023,OK,FACTOR_LT_ONE,False
2021-2050,FGOALS-g3,SSP5-8.5,351008,Rx5day,mm,mm year-1,2021,2050,30,73.0,3141.6666666666665,210.0594255438533,1.2845542322521135,0.1989481007752456,No significant trend,False,4.967769190350383,6.772750558000639e-07,Increasing,True,0.167816091954023,1.6205882352941166,-0.8655000000000008,4.210666666666667,0.06686241661873316,448.6825561670584,29,-0.4665687916906334,-0.32481747328364347,OK,FACTOR_LT_ONE,False
2021-2050,FGOALS-g3,SSP5-8.5,351009,Rx5day,mm,mm year-1,2021,2050,30,85.0,3141.6666666666665,222.57658275951704,1.4986466042941324,0.13396533563924473,No significant trend,False,5.630403907366358,1.7978808651404577e-08,Increasing,True,0.19540229885057472,1.9378260869565214,-0.6268000000000007,4.045333333333335,0.07084665764228659,423.44975752382925,29,-0.4645766711788567,-0.3188636117246376,OK,FACTOR_LT_ONE,False
2021-2050,FGOALS-g3,SSP5-8.5,351010,Rx5day,mm,mm year-1,2021,2050,30,87.0,3141.6666666666665,308.51743388788617,1.5343286663011357,0.12494881685497079,No significant trend,False,4.89619375947472,9.77107269973798e-07,Increasing,True,0.2,2.6566666666666663,-0.4350000000000165,4.592307692307691,0.09820183572028207,305.49327087379453,29,-0.45089908213985896,-0.30286834246632854,OK,FACTOR_LT_ONE,False
2021-2050,FGOALS-g3,SSP5-8.5,351011,Rx5day,mm,mm year-1,2021,2050,30,43.0,3141.6666666666665,198.77632624091427,0.7493233021470662,0.45366236627030876,No significant trend,False,2.9789756993060257,0.0028921371409716397,Increasing,True,0.09885057471264368,0.8522222222222224,-1.439999999999999,2.8547058823529405,0.06327097917482682,474.15103087160514,29,-0.4683645104125866,-0.3459606712586652,OK,FACTOR_LT_ONE,False
2021-2050,FGOALS-g3,SSP5-8.5,351012,Rx5day,mm,mm year-1,2021,2050,30,123.0,3141.6666666666665,200.52159280958384,2.1766057824271927,0.029509993369559867,Increasing,True,8.615475620347633,6.965184248471697e-18,Increasing,True,0.2827586206896552,4.320909090909086,0.264166666666668,8.62411764705882,0.06382650169005322,470.024193800915,29,-0.4680867491549734,-0.2556495862624126,OK,FACTOR_LT_ONE,True
2021-2050,FGOALS-g3,SSP5-8.5,351201,Rx5day,mm,mm year-1,2021,2050,30,81.0,3141.6666666666665,195.42658190888557,1.4272824802801263,0.1534984884368536,No significant trend,False,5.722662964453686,1.0486717260466726e-08,Increasing,True,0.18620689655172415,3.7250000000000005,-1.8018750000000008,9.858333333333333,0.062204747557204954,482.27830154621705,29,-0.4688976262213975,-0.2956497775657969,OK,FACTOR_LT_ONE,False
2021-2050,FGOALS-g3,SSP5-8.5,351001,CDD,days,days year-1,2021,2050,30,52.0,3130.0,731.6086894964523,0.911586756889032,0.3619862963698208,No significant trend,False,1.8855182858399644,0.0593598980382611,No significant trend,False,0.11954022988505747,0.3333333333333333,-0.3125,1.1111111111111112,0.23374079536627868,128.34730006368432,29,-0.38312960231686066,-0.008794999143187309,OK,FACTOR_LT_ONE,True
2021-2050,FGOALS-g3,SSP5-8.5,351002,CDD,days,days year-1,2021,2050,30,44.0,3117.3333333333335,433.7808712446539,0.7701526850274033,0.44120932685296554,No significant trend,False,2.0645873271748503,0.03896206335660536,Increasing,True,0.10114942528735632,0.2857142857142857,-0.3,1.0,0.13915126323074867,215.5927248051803,29,-0.43042436838462567,-0.03497216984780556,OK,FACTOR_LT_ONE,False
2021-2050,FGOALS-g3,SSP5-8.5,351003,CDD,days,days year-1,2021,2050,30,29.0,3121.0,655.9463485684118,0.5012000977340286,0.6162303055305871,No significant trend,False,1.0932610407044407,0.27427920318302446,No significant trend,False,0.06666666666666667,0.19047619047619047,-0.4230769230769231,1.0,0.21017185151182693,142.74033265730554,29,-0.39491407424408653,-0.03508791605880668,OK,FACTOR_LT_ONE,True
2021-2050,FGOALS-g3,SSP5-8.5,351004,CDD,days,days year-1,2021,2050,30,-14.0,3126.6666666666665,453.22188076968496,-0.2324890808358301,0.8161581671366436,No significant trend,False,-0.6106437521850747,0.5414354509654755,No significant trend,False,-0.03218390804597701,-0.03571428571428571,-0.8,0.6363636363636364,0.14495369320992058,206.96264672990623,29,-0.4275231533950397,0.09336568687046398,OK,FACTOR_LT_ONE,True
2021-2050,FGOALS-g3,SSP5-8.5,351005,CDD,days,days year-1,2021,2050,30,49.0,3126.3333333333335,651.238085811579,0.8584669832675489,0.3906346542442214,No significant trend,False,1.8809244065902875,0.059982202627192116,No significant trend,False,0.11264367816091954,0.2857142857142857,-0.30434782608695654,0.9565217391304348,0.20830730967424427,144.01798980033243,29,-0.39584634516287787,0.00022606236629479166,OK,FACTOR_LT_ONE,True
2021-2050,FGOALS-g3,SSP5-8.5,351006,CDD,days,days year-1,2021,2050,30,67.0,3127.6666666666665,597.4753644843155,1.1801404728913227,0.2379443497860434,No significant trend,False,2.7001253990999987,0.0069313344967894906,Increasing,True,0.15402298850574714,0.4117647058823529,-0.2,1.0714285714285714,0.19102910513193505,157.04413198858035,29,-0.4044854474340325,0.012608517971732326,OK,FACTOR_LT_ONE,False
2021-2050,FGOALS-g3,SSP5-8.5,351007,CDD,days,days year-1,2021,2050,30,40.0,3125.3333333333335,568.4967055631283,0.6976160037851779,0.48541737038894817,No significant trend,False,1.635688615146037,0.10190477341255962,No significant trend,False,0.09195402298850575,0.21428571428571427,-0.375,1.0,0.18189954316226375,164.92619760588653,29,-0.4090502284188681,-0.12615974207320468,OK,FACTOR_LT_ONE,True
2021-2050,FGOALS-g3,SSP5-8.5,351008,CDD,days,days year-1,2021,2050,30,74.0,3134.0,287.56855290881185,1.3039873071682495,0.19223791011652558,No significant trend,False,4.304791922473289,1.671427590405966e-05,Increasing,True,0.17011494252873563,0.4444444444444444,-0.25,1.3333333333333333,0.09175767482731711,326.94812784280276,29,-0.45412116258634144,-0.17759439080686792,OK,FACTOR_LT_ONE,False
2021-2050,FGOALS-g3,SSP5-8.5,351009,CDD,days,days year-1,2021,2050,30,59.0,3135.6666666666665,418.4559391448786,1.0357693344419399,0.30030976708860835,No significant trend,False,2.83532681659255,0.004577882789086156,Increasing,True,0.135632183908046,0.25,-0.3076923076923077,1.25,0.13345038986229785,224.8026403741181,29,-0.4332748050688511,-0.2068540891878368,OK,FACTOR_LT_ONE,False
2021-2050,FGOALS-g3,SSP5-8.5,351010,CDD,days,days year-1,2021,2050,30,61.0,3135.0,316.87092188672295,1.0715994395536397,0.2838999851946544,No significant trend,False,3.3706220435390644,0.000749986772438795,Increasing,True,0.14022988505747128,0.4230769230769231,-0.2916666666666667,1.125,0.10107525419034225,296.8085535902269,29,-0.4494623729048289,-0.20281861162063705,OK,FACTOR_LT_ONE,False
2021-2050,FGOALS-g3,SSP5-8.5,351011,CDD,days,days year-1,2021,2050,30,23.0,3130.3333333333335,306.4372436481625,0.3932125656928611,0.694162489605072,No significant trend,False,1.2567587197887202,0.20884101805756317,No significant trend,False,0.052873563218390804,0.16666666666666666,-0.38095238095238093,0.6956521739130435,0.09789284750766558,306.45752742712716,29,-0.4510535762461672,-0.26655519407511935,OK,FACTOR_LT_ONE,True
2021-2050,FGOALS-g3,SSP5-8.5,351012,CDD,days,days year-1,2021,2050,30,34.0,3134.0,254.45244992794028,0.5894737141993457,0.555543540169766,No significant trend,False,2.068762434601073,0.0385683851428024,Increasing,True,0.07816091954022988,0.2,-0.4230769230769231,1.0909090909090908,0.0811909540293364,369.4992916225645,29,-0.4594045229853318,-0.318498713683445,OK,FACTOR_LT_ONE,False
2021-2050,FGOALS-g3,SSP5-8.5,351201,CDD,days,days year-1,2021,2050,30,24.0,3130.0,474.752743317774,0.41110775310681835,0.6809935251651078,No significant trend,False,1.055587149436795,0.2911568744576717,No significant trend,False,0.05517241379310345,0.19047619047619047,-0.5714285714285714,1.0,0.15167819275328243,197.7871667339653,29,-0.4241609036233588,-0.1110942823359068,OK,FACTOR_LT_ONE,True
2021-2050,FGOALS-g3,SSP5-8.5,351001,CWD,days,days year-1,2021,2050,30,131.0,3096.3333333333335,209.4337713107682,2.336250988954088,0.019478164254521434,Increasing,True,8.982970959932695,2.6355210818567956e-19,Increasing,True,0.30114942528735633,0.16666666666666666,-0.0,0.3076923076923077,0.06763928452280166,443.52923322077424,29,-0.46618035773859917,-0.1884550663748446,OK,FACTOR_LT_ONE,True
2021-2050,FGOALS-g3,SSP5-8.5,351002,CWD,days,days year-1,2021,2050,30,144.0,3097.3333333333335,213.49780401868142,2.569461201353396,0.01018567969495084,Increasing,True,9.786768856512282,1.2833141892250272e-22,Increasing,True,0.3310344827586207,0.2,0.047619047619047616,0.3333333333333333,0.06892955360052133,435.2269590176644,29,-0.46553522319973933,-0.07845552297165208,OK,FACTOR_LT_ONE,True
2021-2050,FGOALS-g3,SSP5-8.5,351003,CWD,days,days year-1,2021,2050,30,135.0,3096.3333333333335,191.70454586030246,2.40813563476806,0.016034222758667872,Increasing,True,9.678066294436022,3.737173669466082e-22,Increasing,True,0.3103448275862069,0.16666666666666666,-0.0,0.2962962962962963,0.061913406995468545,484.54771681674225,29,-0.4690432965022657,-0.15248792295733649,OK,FACTOR_LT_ONE,True
2021-2050,FGOALS-g3,SSP5-8.5,351004,CWD,days,days year-1,2021,2050,30,123.0,3063.6666666666665,403.33574932978115,2.204139486972832,0.027514535893011238,Increasing,True,6.074722898337918,1.242020054133996e-09,Increasing,True,0.2827586206896552,0.1111111111111111,-0.0,0.25,0.13165131628651328,227.87466807176378,29,-0.43417434185674336,-0.09310984278738177,OK,FACTOR_LT_ONE,True
2021-2050,FGOALS-g3,SSP5-8.5,351005,CWD,days,days year-1,2021,2050,30,117.0,3095.0,303.96820529033533,2.085103717352285,0.037059886914532124,Increasing,True,6.653404224001361,2.8639020862271495e-11,Increasing,True,0.2689655172413793,0.13333333333333333,-0.0,0.2857142857142857,0.09821266729897749,305.45957894285124,29,-0.45089366635051126,-0.17214669617451792,OK,FACTOR_LT_ONE,True
2021-2050,FGOALS-g3,SSP5-8.5,351006,CWD,days,days year-1,2021,2050,30,111.0,3092.3333333333335,197.70892231058568,1.978105881414235,0.04791676322486945,Increasing,True,7.823112051455886,5.153319538652241e-15,Increasing,True,0.25517241379310346,0.15384615384615385,-0.0,0.3,0.06393519100266865,469.22515643611365,29,-0.4680324044986657,-0.16943987645485156,OK,FACTOR_LT_ONE,True
2021-2050,FGOALS-g3,SSP5-8.5,351007,CWD,days,days year-1,2021,2050,30,44.0,3077.3333333333335,515.6577402325494,0.7751418498238587,0.4382558447453221,No significant trend,False,1.8935975588388465,0.058278447792537394,No significant trend,False,0.10114942528735632,0.043478260869565216,-0.06666666666666667,0.2857142857142857,0.16756642338579375,179.0334805376254,29,-0.4162167883071031,-0.18615956452752647,OK,FACTOR_LT_ONE,True
2021-2050,FGOALS-g3,SSP5-8.5,351008,CWD,days,days year-1,2021,2050,30,144.0,3112.0,507.80700714403105,2.563399193290917,0.0103652795969178,Increasing,True,6.345804565244675,2.212659830909684e-10,Increasing,True,0.3310344827586207,0.25,0.05555555555555555,0.42857142857142855,0.16317705885090972,183.84937325908143,29,-0.41841147057454514,-0.049985740781169206,OK,FACTOR_LT_ONE,True
2021-2050,FGOALS-g3,SSP5-8.5,351009,CWD,days,days year-1,2021,2050,30,176.0,3113.3333333333335,684.061265448345,3.1363551726066703,0.001710619014360058,Increasing,True,6.690992590609126,2.2166188840813792e-11,Increasing,True,0.4045977011494253,0.32,0.14285714285714285,0.45454545454545453,0.21971989254229496,136.53747802659768,29,-0.3901400537288525,-0.15680130072171333,OK,FACTOR_LT_ONE,True
2021-2050,FGOALS-g3,SSP5-8.5,351010,CWD,days,days year-1,2021,2050,30,145.0,3108.3333333333335,412.67194583766104,2.582847110401709,0.009798873615573762,Increasing,True,7.088592635550489,1.3548267951767748e-12,Increasing,True,0.3333333333333333,0.2,0.05,0.4117647058823529,0.13276309249468987,225.96641458317876,29,-0.43361845375265506,-0.06971668700013563,OK,FACTOR_LT_ONE,True
2021-2050,FGOALS-g3,SSP5-8.5,351011,CWD,days,days year-1,2021,2050,30,123.0,3123.6666666666665,1447.2679079883103,2.1828680742452757,0.029045526727582763,Increasing,True,3.20689960861325,0.0013417381028275172,Increasing,True,0.2827586206896552,0.5454545454545454,-0.0,1.0,0.463323415213417,64.74958746943824,29,-0.2683382923932915,0.07147384151467039,OK,FACTOR_LT_ONE,True
2021-2050,FGOALS-g3,SSP5-8.5,351012,CWD,days,days year-1,2021,2050,30,135.0,3103.0,665.7542620938707,2.4055473541031662,0.016148258976001417,Increasing,True,5.193352729783542,2.065403337729573e-07,Increasing,True,0.3103448275862069,0.21052631578947367,-0.0,0.375,0.21455180860260092,139.82636732541775,29,-0.39272409569869954,-0.07495934668279447,OK,FACTOR_LT_ONE,True
2021-2050,FGOALS-g3,SSP5-8.5,351201,CWD,days,days year-1,2021,2050,30,123.0,3110.3333333333335,722.5143579026312,2.18754181490111,0.028702994144788507,Increasing,True,4.538753425974544,5.658775866443186e-06,Increasing,True,0.2827586206896552,0.2,-0.0,0.36363636363636365,0.2322948316051756,129.14622246520784,29,-0.3838525841974122,-0.11692789968652045,OK,FACTOR_LT_ONE,True
2021-2050,FGOALS-g3,SSP5-8.5,351001,R10mm,days,days year-1,2021,2050,30,128.0,3126.0,372.2305838462065,2.271481657144957,0.023117836142120967,Increasing,True,6.582603467330964,4.6228087870407914e-11,Increasing,True,0.2942528735632184,0.4827586206896552,0.058823529411764705,0.875,0.11907568261235013,251.9406090466409,29,-0.44046215869382493,0.04825396952438768,OK,FACTOR_LT_ONE,True
2021-2050,FGOALS-g3,SSP5-8.5,351002,R10mm,days,days year-1,2021,2050,30,114.0,3120.6666666666665,354.0370713433482,2.0228084186940656,0.04309290337929148,Increasing,True,6.005567791788107,1.906634774872579e-09,Increasing,True,0.2620689655172414,0.3793103448275862,-0.0,0.7333333333333333,0.1134491790247858,264.43558479560045,29,-0.4432754104876071,0.007297496059305685,OK,FACTOR_LT_ONE,True
2021-2050,FGOALS-g3,SSP5-8.5,351003,R10mm,days,days year-1,2021,2050,30,136.0,3112.0,361.08246663751663,2.419992245414502,0.015520838081009423,Increasing,True,7.104451735747467,1.208011265441328e-12,Increasing,True,0.31264367816091954,0.45454545454545453,0.047619047619047616,0.8095238095238095,0.1160290702562714,258.55589408533154,29,-0.4419854648718643,-0.016649846677858418,OK,FACTOR_LT_ONE,True
2021-2050,FGOALS-g3,SSP5-8.5,351004,R10mm,days,days year-1,2021,2050,30,159.0,3130.3333333333335,450.8900390285515,2.8239811536123662,0.004743117379536811,Increasing,True,7.440836580134788,1.0004965441613949e-13,Increasing,True,0.36551724137931035,0.5833333333333334,0.2222222222222222,0.9285714285714286,0.14403898595310982,208.2769453109462,29,-0.4279805070234451,-0.017219712768113144,OK,FACTOR_LT_ONE,True
2021-2050,FGOALS-g3,SSP5-8.5,351005,R10mm,days,days year-1,2021,2050,30,134.0,3120.0,291.795449075651,2.3810819561811143,0.017261871019346894,Increasing,True,7.785963865800892,6.918372246273496e-15,Increasing,True,0.3080459770114943,0.5,0.06666666666666667,0.9166666666666666,0.09352418239604199,320.7726518576828,29,-0.453237908801979,-0.056875460205581624,OK,FACTOR_LT_ONE,True
2021-2050,FGOALS-g3,SSP5-8.5,351006,R10mm,days,days year-1,2021,2050,30,113.0,3118.3333333333335,234.19542167462237,2.0056574179672175,0.04489281131180485,Increasing,True,7.318613666403975,2.505457516273899e-13,Increasing,True,0.2597701149425287,0.4,-0.0,0.88,0.07510275414472123,399.45272768813123,29,-0.4624486229276394,0.03346559900860325,OK,FACTOR_LT_ONE,True
2021-2050,FGOALS-g3,SSP5-8.5,351007,R10mm,days,days year-1,2021,2050,30,-31.0,3111.6666666666665,587.1071632382473,-0.5378048580530619,0.5907117777277774,No significant trend,False,-1.238119504182209,0.21567175288007823,No significant trend,False,-0.07126436781609195,-0.07692307692307693,-0.5,0.25,0.188679324018719,158.99993364945317,29,-0.4056603379906405,-0.20207007555132367,OK,FACTOR_LT_ONE,True
2021-2050,FGOALS-g3,SSP5-8.5,351008,R10mm,days,days year-1,2021,2050,30,120.0,3126.6666666666665,274.6224893954905,2.1281692784202906,0.03332305100587572,Increasing,True,7.180900541113343,6.925372112890071e-13,Increasing,True,0.27586206896551724,0.39285714285714285,-0.0,0.8076923076923077,0.0878323526851249,341.55979070205115,29,-0.45608382365743755,0.0411249360934658,OK,FACTOR_LT_ONE,True
2021-2050,FGOALS-g3,SSP5-8.5,351009,R10mm,days,days year-1,2021,2050,30,115.0,3123.0,232.7280952832885,2.039946882961072,0.041355616485179846,Increasing,True,7.472749837304337,7.853606613613716e-14,Increasing,True,0.26436781609195403,0.4,-0.0,0.8125,0.07452068372823839,402.57279588850565,29,-0.4627396581358808,-0.01494732846161146,OK,FACTOR_LT_ONE,True
2021-2050,FGOALS-g3,SSP5-8.5,351010,R10mm,days,days year-1,2021,2050,30,115.0,3130.3333333333335,291.4597423643206,2.037556022226644,0.0415943539265652,Increasing,True,6.67752562037645,2.4301013831286087e-11,Increasing,True,0.26436781609195403,0.4,-0.0,0.85,0.09310821287327886,322.2057332453613,29,-0.45344589356336057,0.06216327612094093,OK,FACTOR_LT_ONE,True
2021-2050,FGOALS-g3,SSP5-8.5,351011,R10mm,days,days year-1,2021,2050,30,105.0,3122.3333333333335,254.11122733677493,1.8612028399746865,0.06271553748338529,No significant trend,False,6.524112065985672,6.840555140919879e-11,Increasing,True,0.2413793103448276,0.4,-0.0,0.8,0.08138504131635793,368.61810862004404,29,-0.45930747934182103,-0.12164816016077126,OK,FACTOR_LT_ONE,False
2021-2050,FGOALS-g3,SSP5-8.5,351012,R10mm,days,days year-1,2021,2050,30,115.0,3127.0,322.04746928078214,2.038641734469847,0.041485796774737724,Increasing,True,6.352503397187189,2.1183874637570794e-10,Increasing,True,0.26436781609195403,0.6153846153846154,-0.0,1.1,0.10298927703254945,291.2924613551621,29,-0.4485053614837253,-0.10678403422131644,OK,FACTOR_LT_ONE,True
2021-2050,FGOALS-g3,SSP5-8.5,351201,R10mm,days,days year-1,2021,2050,30,131.0,3123.6666666666665,385.6335519540136,2.32600696435972,0.02001817915400647,Increasing,True,6.619968852090898,3.5927456377859675e-11,Increasing,True,0.30114942528735633,0.625,0.07692307692307693,1.0,0.12345541093394952,243.00271468903415,29,-0.43827229453302524,-0.02582718189428756,OK,FACTOR_LT_ONE,True
2021-2050,FGOALS-g3,SSP5-8.5,351001,R20mm,days,days year-1,2021,2050,30,122.0,3116.6666666666665,358.5841169894442,2.167405605516312,0.030203940227153257,Increasing,True,6.389837970644777,1.6606162035918446e-10,Increasing,True,0.28045977011494255,0.25,-0.0,0.5,0.11505372737629227,260.7477452849714,29,-0.44247313631185387,-0.07311242279006838,OK,FACTOR_LT_ONE,True
2021-2050,FGOALS-g3,SSP5-8.5,351002,R20mm,days,days year-1,2021,2050,30,94.0,3076.6666666666665,278.5561415405855,1.6766512050131177,0.09361070751934734,No significant trend,False,5.572198506023779,2.51544565886225e-08,Increasing,True,0.2160919540229885,0.17391304347826086,-0.0,0.38461538461538464,0.09053829085826182,331.3515167517925,29,-0.4547308545708691,-0.2795659334967771,OK,FACTOR_LT_ONE,False
2021-2050,FGOALS-g3,SSP5-8.5,351003,R20mm,days,days year-1,2021,2050,30,120.0,3089.3333333333335,357.52680778571334,2.140989691242357,0.032274869391633175,Increasing,True,6.293506075081783,3.1037435469144286e-10,Increasing,True,0.27586206896551724,0.2222222222222222,-0.0,0.46153846153846156,0.1157294371339167,259.22531676435443,29,-0.44213528143304165,-0.10605252231959919,OK,FACTOR_LT_ONE,True
2021-2050,FGOALS-g3,SSP5-8.5,351004,R20mm,days,days year-1,2021,2050,30,105.0,3114.3333333333335,305.6301798882116,1.863591805989548,0.06237904922282271,No significant trend,False,5.948880168346998,2.699831979502393e-09,Increasing,True,0.2413793103448276,0.2222222222222222,-0.0,0.48,0.09813663059666433,305.6962503970429,29,-0.45093168470166783,-0.09852454392970059,OK,FACTOR_LT_ONE,False
2021-2050,FGOALS-g3,SSP5-8.5,351005,R20mm,days,days year-1,2021,2050,30,114.0,3107.3333333333335,309.4973952952255,2.0271436324509837,0.042647725771659054,Increasing,True,6.423177805975241,1.3345844943826616e-10,Increasing,True,0.2620689655172414,0.23809523809523808,-0.0,0.45454545454545453,0.099602251221377,301.1980114116265,29,-0.4501988743893115,-0.12394051622796659,OK,FACTOR_LT_ONE,True
2021-2050,FGOALS-g3,SSP5-8.5,351006,R20mm,days,days year-1,2021,2050,30,115.0,3107.6666666666665,466.90135886138256,2.0449732742443603,0.04085749302083421,Increasing,True,5.2758480922066076,1.321435196402689e-07,Increasing,True,0.26436781609195403,0.2857142857142857,-0.0,0.5,0.1502417758858895,199.67815092112178,29,-0.42487911205705525,-0.08078021731824801,OK,FACTOR_LT_ONE,True
2021-2050,FGOALS-g3,SSP5-8.5,351007,R20mm,days,days year-1,2021,2050,30,-74.0,3111.3333333333335,218.0183346225115,-1.3087285877490742,0.19062630438673156,No significant trend,False,-4.943975969648631,7.654514301794291e-07,Decreasing,True,-0.17011494252873563,-0.14285714285714285,-0.35,0.09090909090909091,0.07007231667747316,428.1291303394911,29,-0.4649638416612634,-0.13243085159140972,OK,FACTOR_LT_ONE,False
2021-2050,FGOALS-g3,SSP5-8.5,351008,R20mm,days,days year-1,2021,2050,30,101.0,3085.0,264.1599677103644,1.8004141428847735,0.07179526930299049,No significant trend,False,6.152710749724412,7.616965167369047e-10,Increasing,True,0.23218390804597702,0.15384615384615385,-0.0,0.35294117647058826,0.08562721805846496,350.3558877682615,29,-0.4571863909707675,-0.21767687661110846,OK,FACTOR_LT_ONE,False
2021-2050,FGOALS-g3,SSP5-8.5,351009,R20mm,days,days year-1,2021,2050,30,125.0,3093.0,356.42288787311884,2.22962448577311,0.02577238289639589,Increasing,True,6.568086940382268,5.096578324411957e-11,Increasing,True,0.28735632183908044,0.18181818181818182,-0.0,0.375,0.1152353339389327,260.3368166216975,29,-0.44238233303053365,-0.2158444691537481,OK,FACTOR_LT_ONE,True
2021-2050,FGOALS-g3,SSP5-8.5,351010,R20mm,days,days year-1,2021,2050,30,90.0,3116.6666666666665,375.71477250269595,1.5942074288508408,0.11088958317506842,No significant trend,False,4.591566420134969,4.3993158589544716e-06,Increasing,True,0.20689655172413793,0.1875,-0.037037037037037035,0.4,0.12055019438589176,248.85899315904348,29,-0.4397249028070541,-0.1718562804622776,OK,FACTOR_LT_ONE,False
2021-2050,FGOALS-g3,SSP5-8.5,351011,R20mm,days,days year-1,2021,2050,30,105.0,3113.6666666666665,518.0814325240685,1.863791301981769,0.06235101769993689,No significant trend,False,4.569138528632288,4.8973301899160405e-06,Increasing,True,0.2413793103448276,0.2,-0.0,0.375,0.16638949765252176,180.29984117537438,29,-0.4168052511737391,-0.28890896740871747,OK,FACTOR_LT_ONE,False
2021-2050,FGOALS-g3,SSP5-8.5,351012,R20mm,days,days year-1,2021,2050,30,114.0,3130.0,426.09444389611707,2.019790265263934,0.043405147331365544,Increasing,True,5.474261102898461,4.3934088387293675e-08,Increasing,True,0.2620689655172414,0.38095238095238093,-0.0,0.7142857142857143,0.13613241019045275,220.37367852394024,29,-0.4319337949047736,-0.0028726383596247647,OK,FACTOR_LT_ONE,True
2021-2050,FGOALS-g3,SSP5-8.5,351201,R20mm,days,days year-1,2021,2050,30,117.0,3124.3333333333335,245.86127332842662,2.0752924594561812,0.03795943788672503,Increasing,True,7.397976134412907,1.382756936347766e-13,Increasing,True,0.2689655172413793,0.3333333333333333,-0.0,0.6842105263157895,0.07869239517606741,381.23124773210424,29,-0.4606538024119663,-0.10530332326579762,OK,FACTOR_LT_ONE,True
2021-2050,FGOALS-g3,SSP5-8.5,351001,R50mm,days,days year-1,2021,2050,30,90.0,3070.6666666666665,246.10317123939836,1.606104020891147,0.10825105657958817,No significant trend,False,5.673243205255343,1.4011908028672306e-08,Increasing,True,0.20689655172413793,0.1,-0.0,0.2222222222222222,0.0801464951930303,374.3145589553972,29,-0.45992675240348485,-0.255882055106005,OK,FACTOR_LT_ONE,False
2021-2050,FGOALS-g3,SSP5-8.5,351002,R50mm,days,days year-1,2021,2050,30,102.0,3004.0,256.4656052844427,1.8427711720512876,0.06536242750612174,No significant trend,False,6.306767323793332,2.849236631217921e-10,Increasing,True,0.23448275862068965,0.058823529411764705,-0.0,0.13333333333333333,0.08537470215860277,351.3921482767604,29,-0.4573126489206986,-0.17166823701242545,OK,FACTOR_LT_ONE,False
2021-2050,FGOALS-g3,SSP5-8.5,351003,R50mm,days,days year-1,2021,2050,30,89.0,3045.6666666666665,189.70847872912424,1.5945622821391712,0.11081015274433174,No significant trend,False,6.3890943480561,1.668710826056984e-10,Increasing,True,0.2045977011494253,0.08,-0.0,0.2,0.06228799783160477,481.6337182823699,29,-0.4688560010841976,-0.23839911958601806,OK,FACTOR_LT_ONE,False
2021-2050,FGOALS-g3,SSP5-8.5,351004,R50mm,days,days year-1,2021,2050,30,62.0,3025.3333333333335,164.56629966314154,1.1090298072034654,0.26741732352744296,No significant trend,False,4.75509702647572,1.9835113194758142e-06,Increasing,True,0.1425287356321839,0.047619047619047616,-0.0,0.18181818181818182,0.05439608847393396,551.510243505389,29,-0.472801955763033,-0.21767695225714126,OK,FACTOR_LT_ONE,False
2021-2050,FGOALS-g3,SSP5-8.5,351005,R50mm,days,days year-1,2021,2050,30,78.0,3058.6666666666665,235.48248077890915,1.3922737983440476,0.1638395026902878,No significant trend,False,5.0177777795957,5.227258980241021e-07,Increasing,True,0.1793103448275862,0.07142857142857142,-0.0,0.2,0.07698860531132601,389.66805384623086,29,-0.461505697344337,-0.21916917157649243,OK,FACTOR_LT_ONE,False
2021-2050,FGOALS-g3,SSP5-8.5,351006,R50mm,days,days year-1,2021,2050,30,121.0,3063.6666666666665,295.0906601861995,2.1680060527601626,0.030158226016442333,Increasing,True,6.98559678322328,2.836476419894079e-12,Increasing,True,0.27816091954022987,0.125,-0.0,0.21428571428571427,0.09631944081803923,311.4636022095909,29,-0.4518402795909804,-0.22409499440083086,OK,FACTOR_LT_ONE,True
2021-2050,FGOALS-g3,SSP5-8.5,351007,R50mm,days,days year-1,2021,2050,30,-95.0,3031.0,356.0499500446435,-1.7073984601769392,0.0877480163841376,No significant trend,False,-4.981640563500726,6.304746200874436e-07,Decreasing,True,-0.21839080459770116,-0.07142857142857142,-0.14285714285714285,-0.0,0.11746946553765869,255.38551539916998,29,-0.44126526723117065,-0.14781010452065987,OK,FACTOR_LT_ONE,False
2021-2050,FGOALS-g3,SSP5-8.5,351008,R50mm,days,days year-1,2021,2050,30,78.0,2892.6666666666665,1268.4722510379536,1.4316654014181822,0.15223960264532285,No significant trend,False,2.161972869109849,0.030620267498664484,Increasing,True,0.1793103448275862,0.0,-0.0,0.1,0.4385131082177761,68.41300621987628,29,-0.28074344589111194,-0.13148089340531385,OK,FACTOR_LT_ONE,False
2021-2050,FGOALS-g3,SSP5-8.5,351009,R50mm,days,days year-1,2021,2050,30,64.0,2866.0,924.5563004345131,1.1767994491310858,0.23927556254919546,No significant trend,False,2.0719242249921384,0.038272508390516456,Increasing,True,0.1471264367816092,0.0,-0.0,0.09090909090909091,0.3225946617008071,92.9959592072349,29,-0.33870266914959646,-0.08677839851024208,OK,FACTOR_LT_ONE,False
2021-2050,FGOALS-g3,SSP5-8.5,351010,R50mm,days,days year-1,2021,2050,30,114.0,2981.3333333333335,158.1411233944204,2.0695369060170745,0.03849573180714177,Increasing,True,8.985785217911824,2.568933005309723e-19,Increasing,True,0.2620689655172414,0.07142857142857142,-0.0,0.14285714285714285,0.05304375784696569,565.570789432976,29,-0.47347812107651716,-0.2570955954051478,OK,FACTOR_LT_ONE,True
2021-2050,FGOALS-g3,SSP5-8.5,351011,R50mm,days,days year-1,2021,2050,30,14.0,2306.0,366.2443234523092,0.27071586061762115,0.7866095771701065,No significant trend,False,0.679294191801963,0.4969514758731769,No significant trend,False,0.03218390804597701,0.0,-0.0,-0.0,0.15882234321435784,188.89029964448946,29,-0.4205888283928211,-0.20986085904416205,OK,FACTOR_LT_ONE,True
2021-2050,FGOALS-g3,SSP5-8.5,351012,R50mm,days,days year-1,2021,2050,30,103.0,3094.3333333333335,263.6004365260598,1.8336507646156235,0.06670585151950015,No significant trend,False,6.282422056815063,3.3333840540421513e-10,Increasing,True,0.2367816091954023,0.13043478260869565,-0.0,0.2916666666666667,0.08518811909707846,352.1617840371927,29,-0.45740594045146077,-0.14641785769200505,OK,FACTOR_LT_ONE,False
2021-2050,FGOALS-g3,SSP5-8.5,351201,R50mm,days,days year-1,2021,2050,30,71.0,3089.0,197.054128695552,1.2594736499984691,0.20785930193504876,No significant trend,False,4.986608473586652,6.144841270584804e-07,Increasing,True,0.1632183908045977,0.09090909090909091,-0.05263157894736842,0.2857142857142857,0.06379220741196245,470.2768757673423,29,-0.4681038962940188,-0.20512088539493611,OK,FACTOR_LT_ONE,False
2021-2050,FGOALS-g3,SSP5-8.5,351001,R95p,mm,mm year-1,2021,2050,30,91.0,3141.6666666666665,358.90958615683786,1.605692790315142,0.10834142617557846,No significant trend,False,4.750616582756343,2.0279733441597553e-06,Increasing,True,0.20919540229885059,8.979999999999997,-1.2959999999999998,20.370833333333337,0.11424177808705716,262.6009547675169,29,-0.4428791109564714,-0.11818525274230837,OK,FACTOR_LT_ONE,False
2021-2050,FGOALS-g3,SSP5-8.5,351002,R95p,mm,mm year-1,2021,2050,30,94.0,3138.0,190.2953302691472,1.660184974374717,0.09687724644494378,No significant trend,False,6.741691619434523,1.5655308858010904e-11,Increasing,True,0.2160919540229885,5.586818181818182,-0.8413333333333327,13.118333333333334,0.0606422339927174,494.7047300995332,29,-0.4696788830036413,-0.16673803934825251,OK,FACTOR_LT_ONE,False
2021-2050,FGOALS-g3,SSP5-8.5,351003,R95p,mm,mm year-1,2021,2050,30,65.0,3141.6666666666665,269.4037928386358,1.141825984224101,0.2535263593015791,No significant trend,False,3.899223426908035,9.65016966925053e-05,Increasing,True,0.14942528735632185,5.543214285714285,-4.024999999999999,16.1104,0.08575187039956578,349.8465964673805,29,-0.4571240648002171,-0.07759214118722567,OK,FACTOR_LT_ONE,False
2021-2050,FGOALS-g3,SSP5-8.5,351004,R95p,mm,mm year-1,2021,2050,30,85.0,3141.6666666666665,291.38666670915546,1.4986466042941324,0.13396533563924473,No significant trend,False,4.920898965965501,8.614759639058758e-07,Increasing,True,0.19540229885057472,9.071666666666667,-1.4000000000000037,20.562,0.09274907163156143,323.4533723331776,29,-0.4536254641842193,-0.1575186426576014,OK,FACTOR_LT_ONE,False
2021-2050,FGOALS-g3,SSP5-8.5,351005,R95p,mm,mm year-1,2021,2050,30,79.0,3141.6666666666665,253.4079651227514,1.391600418273123,0.16404343214420547,No significant trend,False,4.899869031489805,9.59005612324234e-07,Increasing,True,0.18160919540229886,7.684444444444444,-2.287894736842105,19.975624999999997,0.08066036025127366,371.92990344382065,29,-0.4596698198743632,-0.1557876483644375,OK,FACTOR_LT_ONE,False
2021-2050,FGOALS-g3,SSP5-8.5,351006,R95p,mm,mm year-1,2021,2050,30,141.0,3141.6666666666665,254.28637762443464,2.497744340490221,0.01249862971927656,Increasing,True,8.77943338808474,1.643002648017426e-18,Increasing,True,0.32413793103448274,11.899047619047616,2.804999999999893,26.659999999999986,0.0809399610475654,370.6451005377939,29,-0.4595300194762173,-0.11658334183829326,OK,FACTOR_LT_ONE,True
2021-2050,FGOALS-g3,SSP5-8.5,351007,R95p,mm,mm year-1,2021,2050,30,-87.0,3141.6666666666665,308.5335691046454,-1.5343286663011357,0.12494881685497079,No significant trend,False,-4.896065730974076,9.777437346250904e-07,Decreasing,True,-0.2,-8.416666666666677,-17.029999999999998,1.7680000000000027,0.09820697159829561,305.4772946539027,29,-0.4508965142008522,-0.12449267277409168,OK,FACTOR_LT_ONE,False
2021-2050,FGOALS-g3,SSP5-8.5,351008,R95p,mm,mm year-1,2021,2050,30,121.0,3141.6666666666665,345.89858752949783,2.140923720420189,0.03228018992415161,Increasing,True,6.45218560273475,1.1024843633630454e-10,Increasing,True,0.27816091954022987,8.098095238095235,0.3721052631578944,16.274705882352944,0.11010034616323539,272.47870733777563,29,-0.4449498269183823,-0.18715207544479268,OK,FACTOR_LT_ONE,True
2021-2050,FGOALS-g3,SSP5-8.5,351009,R95p,mm,mm year-1,2021,2050,30,125.0,3141.6666666666665,247.48292332875985,2.212287844434196,0.02694678246348912,Increasing,True,7.882229332835911,3.215910878783792e-15,Increasing,True,0.28735632183908044,9.957142857142859,1.362499999999983,19.26666666666665,0.07877440530358404,380.8343571034877,29,-0.460612797348208,-0.1526336948761775,OK,FACTOR_LT_ONE,True
2021-2050,FGOALS-g3,SSP5-8.5,351010,R95p,mm,mm year-1,2021,2050,30,115.0,3141.6666666666665,323.13081564455445,2.03387753439918,0.041963944579415956,Increasing,True,6.3418455783964225,2.2702882066819633e-10,Increasing,True,0.26436781609195403,10.150434782608693,0.7349999999999994,19.96466666666667,0.10285331001948683,291.6775356506867,29,-0.4485733449902566,-0.15000087552974148,OK,FACTOR_LT_ONE,True
2021-2050,FGOALS-g3,SSP5-8.5,351011,R95p,mm,mm year-1,2021,2050,30,42.0,2976.6666666666665,503.0613444854872,0.7514822977934853,0.452362450440006,No significant trend,False,1.8279881796907425,0.06755132566355403,No significant trend,False,0.09655172413793103,0.0,-0.13416666666666663,3.6335714285714285,0.1690015714956844,177.51314224179316,29,-0.4154992142521578,-0.23769222119195638,OK,FACTOR_LT_ONE,True
2021-2050,FGOALS-g3,SSP5-8.5,351012,R95p,mm,mm year-1,2021,2050,30,101.0,3141.6666666666665,230.14024676126274,1.7841031003501577,0.07440691359805184,No significant trend,False,6.591795305575095,4.345394512700986e-11,Increasing,True,0.23218390804597702,10.142777777777773,-1.960000000000002,22.92666666666666,0.07325418995053457,409.53288842942254,29,-0.4633729050247327,-0.132399254056895,OK,FACTOR_LT_ONE,False
2021-2050,FGOALS-g3,SSP5-8.5,351201,R95p,mm,mm year-1,2021,2050,30,103.0,3141.6666666666665,243.48425245087972,1.819785162357161,0.0687917281714642,No significant trend,False,6.53679300438611,6.285194063422188e-11,Increasing,True,0.2367816091954023,13.262499999999989,-1.25,29.269999999999982,0.07750161881725615,387.08868869872356,29,-0.4612491905913719,-0.22174022888795134,OK,FACTOR_LT_ONE,False
2021-2050,FGOALS-g3,SSP5-8.5,351001,R99p,mm,mm year-1,2021,2050,30,107.0,3049.6666666666665,187.9944906008559,1.919462707639909,0.054925801498226665,No significant trend,False,7.730957829294002,1.0674038153073464e-14,Increasing,True,0.24597701149425288,5.990714285714286,-0.0,11.937142857142858,0.06164427498115288,486.66319798833223,29,-0.46917786250942356,-0.06997393777080345,OK,FACTOR_LT_ONE,False
2021-2050,FGOALS-g3,SSP5-8.5,351002,R99p,mm,mm year-1,2021,2050,30,50.0,2444.6666666666665,661.8901909286118,0.991028752083251,0.32167154091752614,No significant trend,False,1.9045970509363617,0.0568324702403572,No significant trend,False,0.11494252873563218,0.0,-0.0,-0.0,0.270748646412031,110.8038780528024,29,-0.3646256767939845,-0.01629829679573073,OK,FACTOR_LT_ONE,True
2021-2050,FGOALS-g3,SSP5-8.5,351003,R99p,mm,mm year-1,2021,2050,30,66.0,3016.6666666666665,327.3679338285713,1.1834494016170887,0.23663108836099134,No significant trend,False,3.5924876841919864,0.0003275361388894633,Increasing,True,0.15172413793103448,3.7475000000000023,-0.0,11.192307692307692,0.10851975707024464,276.4473567756059,29,-0.4457401214648777,-0.04640482859196147,OK,FACTOR_LT_ONE,False
2021-2050,FGOALS-g3,SSP5-8.5,351004,R99p,mm,mm year-1,2021,2050,30,102.0,3016.6666666666665,335.6764916968755,1.8388983009742454,0.06593014576238349,No significant trend,False,5.512656221820048,3.534582131631013e-08,Increasing,True,0.23448275862068965,4.015,-0.0,11.04125,0.11127397514813553,269.6048196360555,29,-0.44436301242593224,-0.0836942029702479,OK,FACTOR_LT_ONE,False
2021-2050,FGOALS-g3,SSP5-8.5,351005,R99p,mm,mm year-1,2021,2050,30,54.0,2733.3333333333335,667.8901639299686,1.0137469737707079,0.31070350347535725,No significant trend,False,2.050800174817001,0.040286410538761,Increasing,True,0.12413793103448276,0.0,-0.0,6.508823529411765,0.24435005997437875,122.77467827569038,29,-0.3778249700128106,-0.06781722305755261,OK,FACTOR_LT_ONE,False
2021-2050,FGOALS-g3,SSP5-8.5,351006,R99p,mm,mm year-1,2021,2050,30,115.0,3141.6666666666665,280.94555684433334,2.03387753439918,0.041963944579415956,Increasing,True,6.801328746946154,1.0365857154721297e-11,Increasing,True,0.26436781609195403,8.746470588235294,0.12249999999999872,20.27125,0.08942564143586207,335.4742500954452,29,-0.45528717928206897,-0.13801415833331043,OK,FACTOR_LT_ONE,True
2021-2050,FGOALS-g3,SSP5-8.5,351007,R99p,mm,mm year-1,2021,2050,30,-65.0,3141.6666666666665,259.74257097100934,-1.141825984224101,0.2535263593015791,No significant trend,False,-3.9710778989574798,7.15481777691953e-05,Decreasing,True,-0.14942528735632185,-5.042777777777777,-13.935999999999998,3.6984615384615394,0.0826766804151754,362.85927119170435,29,-0.4586616597924123,-0.12012795903199576,OK,FACTOR_LT_ONE,False
2021-2050,FGOALS-g3,SSP5-8.5,351008,R99p,mm,mm year-1,2021,2050,30,97.0,3125.0,145.58599748703654,1.7173002067198384,0.08592433429973166,No significant trend,False,7.956305122110075,1.7725296429958861e-15,Increasing,True,0.22298850574712645,5.196000000000001,-0.07399999999999997,10.793846153846156,0.04658751919585169,643.9492919526675,29,-0.47670624040207416,-0.2814270090750708,OK,FACTOR_LT_ONE,False
2021-2050,FGOALS-g3,SSP5-8.5,351009,R99p,mm,mm year-1,2021,2050,30,121.0,3141.6666666666665,270.4972766135585,2.140923720420189,0.03228018992415161,Increasing,True,7.296251533046505,2.958955046172547e-13,Increasing,True,0.27816091954022987,6.884285714285714,0.40166666666666134,15.25333333333333,0.0860999288955624,348.4323434969318,29,-0.4569500355522188,-0.18533351503215392,OK,FACTOR_LT_ONE,True
2021-2050,FGOALS-g3,SSP5-8.5,351010,R99p,mm,mm year-1,2021,2050,30,91.0,3141.6666666666665,324.99968255595246,1.605692790315142,0.10834142617557846,No significant trend,False,4.992304204146508,5.966318494910512e-07,Increasing,True,0.20919540229885059,8.16888888888889,-1.04272727272727,18.52000000000001,0.10344817481887081,290.00028325804215,29,-0.4482759125905646,-0.2031677690663751,OK,FACTOR_LT_ONE,False
2021-2050,FGOALS-g3,SSP5-8.5,351011,R99p,mm,mm year-1,2021,2050,30,-3.0,579.6666666666666,125.22755890119387,-0.08306935378835814,0.933796393735009,No significant trend,False,-0.17872283228584626,0.8581553402589743,No significant trend,False,-0.006896551724137931,0.0,-0.0,-0.0,0.21603374163518207,138.86719626724442,29,-0.39198312918240896,-0.05920941423606162,OK,FACTOR_LT_ONE,True
2021-2050,FGOALS-g3,SSP5-8.5,351012,R99p,mm,mm year-1,2021,2050,30,72.0,2808.0,997.7708847457445,1.339861157071105,0.18029048836803585,No significant trend,False,2.247723754036219,0.024593810344268177,Increasing,True,0.16551724137931034,0.0,-0.0,9.327499999999999,0.35533151166158994,84.42820018893048,29,-0.32233424416920503,0.014354385225333593,OK,FACTOR_LT_ONE,False
2021-2050,FGOALS-g3,SSP5-8.5,351201,R99p,mm,mm year-1,2021,2050,30,83.0,3125.0,152.28545397426782,1.466860593239862,0.14241398231461455,No significant trend,False,6.644841730913656,3.035430662868793e-11,Increasing,True,0.19080459770114944,7.757894736842104,-2.3104761904761895,20.372857142857146,0.0487313452717657,615.6201892784931,29,-0.47563432736411715,-0.20797865396648418,OK,FACTOR_LT_ONE,False
2021-2050,MIROC6,SSP2-4.5,351001,PRCPTOT,mm,mm year-1,2021,2050,30,59.0,3141.6666666666665,570.5576565101757,1.0347797982030915,0.3007717594347785,No significant trend,False,2.42816516713976,0.015175430480064032,Increasing,True,0.135632183908046,7.366956521739143,-4.815714285714258,23.183333333333344,0.18160986414116997,165.18926514189909,29,-0.409195067929415,0.10921402223836686,OK,FACTOR_LT_ONE,False
2021-2050,MIROC6,SSP2-4.5,351002,PRCPTOT,mm,mm year-1,2021,2050,30,63.0,3141.6666666666665,417.065609965473,1.106143922217098,0.2686642304239092,No significant trend,False,3.035914239606645,0.00239807562567619,Increasing,True,0.14482758620689656,6.772857142857155,-4.381111111111118,16.888888888888893,0.1327529792993548,225.98362882953242,29,-0.4336235103503226,0.0807061318858335,OK,FACTOR_LT_ONE,False
2021-2050,MIROC6,SSP2-4.5,351003,PRCPTOT,mm,mm year-1,2021,2050,30,79.0,3141.6666666666665,343.1217802704464,1.391600418273123,0.16404343214420547,No significant trend,False,4.210856673362397,2.5440411912084266e-05,Increasing,True,0.18160919540229886,11.681818181818182,-4.455000000000008,24.466428571428562,0.10921648178369647,274.68381612415493,29,-0.44539175910815176,0.21043285698574454,OK,FACTOR_LT_ONE,False
2021-2050,MIROC6,SSP2-4.5,351004,PRCPTOT,mm,mm year-1,2021,2050,30,45.0,3141.6666666666665,617.4792346119611,0.7850053641540694,0.4324504235358998,No significant trend,False,1.7706857731896306,0.07661296957249145,No significant trend,False,0.10344827586206896,5.036428571428554,-7.962142857142875,22.96200000000001,0.19654511446534573,152.63671183894786,29,-0.40172744276732714,0.1294422808256937,OK,FACTOR_LT_ONE,True
2021-2050,MIROC6,SSP2-4.5,351005,PRCPTOT,mm,mm year-1,2021,2050,30,61.0,3141.6666666666665,488.9282950183044,1.0704618602100946,0.2844114676220474,No significant trend,False,2.713492744969759,0.0066578026076722615,Increasing,True,0.14022988505747128,6.945833333333326,-7.803000000000003,21.744545454545456,0.15562704350715262,192.76855309932813,29,-0.4221864782464237,0.09529876636484405,OK,FACTOR_LT_ONE,False
2021-2050,MIROC6,SSP2-4.5,351006,PRCPTOT,mm,mm year-1,2021,2050,30,83.0,3141.6666666666665,328.40461063293185,1.4629645422871294,0.14347708151957062,No significant trend,False,4.524902539470248,6.0423343772576465e-06,Increasing,True,0.19080459770114944,12.09999999999997,-3.654166666666678,21.11200000000008,0.10453197155424887,286.9935346472531,29,-0.44773401422287556,0.17112897192968646,OK,FACTOR_LT_ONE,False
2021-2050,MIROC6,SSP2-4.5,351007,PRCPTOT,mm,mm year-1,2021,2050,30,103.0,3141.6666666666665,299.0736701881378,1.819785162357161,0.0687917281714642,No significant trend,False,5.898085740295332,3.6774288239413637e-09,Increasing,True,0.2367816091954023,9.954285714285723,-0.9204347826086988,18.19142857142856,0.09519586318985818,315.1397444673425,29,-0.4524020684050709,0.18617856251388745,OK,FACTOR_LT_ONE,False
2021-2050,MIROC6,SSP2-4.5,351008,PRCPTOT,mm,mm year-1,2021,2050,30,85.0,3141.6666666666665,482.08735119845505,1.4986466042941324,0.13396533563924473,No significant trend,False,3.825748508961565,0.00013037533768825462,Increasing,True,0.19540229885057472,6.8331249999999955,-1.9881250000000037,16.724999999999966,0.15344955475812894,195.50398857322693,29,-0.42327522262093553,0.11201323659424657,OK,FACTOR_LT_ONE,False
2021-2050,MIROC6,SSP2-4.5,351009,PRCPTOT,mm,mm year-1,2021,2050,30,85.0,3141.6666666666665,422.70497107817505,1.4986466042941324,0.13396533563924473,No significant trend,False,4.085644813521043,4.395457542629575e-05,Increasing,True,0.19540229885057472,6.991599999999989,-2.645555555555537,16.31105263157894,0.13454800140419365,222.96875231819644,29,-0.4327259992979032,0.11768115495006508,OK,FACTOR_LT_ONE,False
2021-2050,MIROC6,SSP2-4.5,351010,PRCPTOT,mm,mm year-1,2021,2050,30,99.0,3141.6666666666665,303.5740529880481,1.7484210383431547,0.08039114754218035,No significant trend,False,5.624627310414234,1.859089043555063e-08,Increasing,True,0.22758620689655173,10.365000000000009,-0.8853846153846191,19.04318181818182,0.09662834577868906,310.46790419769724,29,-0.45168582711065547,0.17151918984995232,OK,FACTOR_LT_ONE,False
2021-2050,MIROC6,SSP2-4.5,351011,PRCPTOT,mm,mm year-1,2021,2050,30,95.0,3141.6666666666665,481.7463036519446,1.6770569143291483,0.09353135296636007,No significant trend,False,4.2827099067302745,1.846308178735062e-05,Increasing,True,0.21839080459770116,5.636956521739124,-1.6809090909090711,14.410000000000082,0.1533409985099028,195.64239369461646,29,-0.4233295007450486,0.12292130189585328,OK,FACTOR_LT_ONE,False
2021-2050,MIROC6,SSP2-4.5,351012,PRCPTOT,mm,mm year-1,2021,2050,30,93.0,3141.6666666666665,329.1595322319887,1.6413748523221452,0.1007196267645143,No significant trend,False,5.070894896581686,3.959494089501437e-07,Increasing,True,0.21379310344827587,12.07052631578947,-2.9138461538461624,27.415999999999986,0.10477226490142877,286.33532002218743,29,-0.4476138675492856,0.1639954807903575,OK,FACTOR_LT_ONE,False
2021-2050,MIROC6,SSP2-4.5,351201,PRCPTOT,mm,mm year-1,2021,2050,30,41.0,3141.6666666666665,398.43878058962486,0.7136412401400631,0.4754490495282657,No significant trend,False,2.0039145111555277,0.04507921882856706,Increasing,True,0.09425287356321839,5.805000000000064,-10.765000000000004,23.125714285714306,0.12682401504179042,236.54825933491026,29,-0.4365879924791048,0.08707558391632388,OK,FACTOR_LT_ONE,False
2021-2050,MIROC6,SSP2-4.5,351001,SDII,mm day-1,mm day-1 year-1,2021,2050,30,85.0,3141.6666666666665,1044.2311986548943,1.4986466042941324,0.13396533563924473,No significant trend,False,2.599446920607909,0.009337411775550118,Increasing,True,0.19540229885057472,0.05118625277161826,-0.033312499999999856,0.18077601766513038,0.3323812833914783,90.25778977050892,29,-0.33380935830426084,0.27364927088385393,OK,FACTOR_LT_ONE,False
2021-2050,MIROC6,SSP2-4.5,351002,SDII,mm day-1,mm day-1 year-1,2021,2050,30,71.0,3141.6666666666665,1187.3843134929245,1.2488721702451104,0.21171183194124243,No significant trend,False,2.0314324540128363,0.042211145028915,Increasing,True,0.1632183908045977,0.04763787847998361,-0.025400571541190242,0.12750288986969308,0.37794726158925984,79.37615389472771,29,-0.3110263692053701,0.3250119283739993,OK,FACTOR_LT_ONE,False
2021-2050,MIROC6,SSP2-4.5,351003,SDII,mm day-1,mm day-1 year-1,2021,2050,30,33.0,3141.6666666666665,615.0140688158605,0.5709129921120505,0.568058623631595,No significant trend,False,1.290349782656829,0.1969292393869002,No significant trend,False,0.07586206896551724,0.04176041666666599,-0.07619576719576716,0.19014681348014661,0.19576044630743572,153.24852678812312,29,-0.40211977684628214,0.22995528013026847,OK,FACTOR_LT_ONE,True
2021-2050,MIROC6,SSP2-4.5,351004,SDII,mm day-1,mm day-1 year-1,2021,2050,30,-25.0,3141.6666666666665,790.8889228328837,-0.4281847440840379,0.6685166224807093,No significant trend,False,-0.8534016835463645,0.39343658821015504,No significant trend,False,-0.05747126436781609,-0.0383383183781973,-0.1942731551717431,0.10978037062456991,0.2517418322014484,119.16970547824349,29,-0.3741290838992758,0.15428065875908473,OK,FACTOR_LT_ONE,True
2021-2050,MIROC6,SSP2-4.5,351005,SDII,mm day-1,mm day-1 year-1,2021,2050,30,49.0,3141.6666666666665,752.7993784033915,0.8563694881680758,0.3917934361895805,No significant trend,False,1.7494503093130274,0.08021321103649623,No significant trend,False,0.11264367816091954,0.058270974576271284,-0.06389807852965729,0.1854338441890167,0.23961783927959412,125.1993594892365,29,-0.38019108036020294,0.24450190674099284,OK,FACTOR_LT_ONE,True
2021-2050,MIROC6,SSP2-4.5,351006,SDII,mm day-1,mm day-1 year-1,2021,2050,30,49.0,3141.6666666666665,646.379379883228,0.8563694881680758,0.3917934361895805,No significant trend,False,1.8879804400477036,0.059028576388659874,No significant trend,False,0.11264367816091954,0.05468855218855199,-0.06955647150003538,0.18636885155906888,0.20574409969757923,145.81220090440814,29,-0.3971279501512104,0.17505925644203926,OK,FACTOR_LT_ONE,True
2021-2050,MIROC6,SSP2-4.5,351007,SDII,mm day-1,mm day-1 year-1,2021,2050,30,91.0,3141.6666666666665,550.3400928544465,1.605692790315142,0.10834142617557846,No significant trend,False,3.8364269491669574,0.00012483730631771442,Increasing,True,0.20919540229885059,0.05043857904727471,-0.008568451845184465,0.11470567056705644,0.17517456536481057,171.2577390303402,29,-0.4124127173175947,0.19137116787434658,OK,FACTOR_LT_ONE,False
2021-2050,MIROC6,SSP2-4.5,351008,SDII,mm day-1,mm day-1 year-1,2021,2050,30,91.0,3141.6666666666665,592.9955304014791,1.605692790315142,0.10834142617557846,No significant trend,False,3.695870958996147,0.00021913425982062853,Increasing,True,0.20919540229885059,0.04972222222222214,-0.015184767429369472,0.09807008254588896,0.18875189296598804,158.9388033602705,29,-0.405624053517006,0.12169237804366677,OK,FACTOR_LT_ONE,False
2021-2050,MIROC6,SSP2-4.5,351009,SDII,mm day-1,mm day-1 year-1,2021,2050,30,101.0,3141.6666666666665,439.3678500296838,1.7841031003501577,0.07440691359805184,No significant trend,False,4.7707412506947575,1.8354920062177195e-06,Increasing,True,0.23218390804597702,0.050431343650208627,-0.010591426099772613,0.09774229755178866,0.139851835553215,214.5127368641844,29,-0.4300740822233925,0.10706775409435249,OK,FACTOR_LT_ONE,False
2021-2050,MIROC6,SSP2-4.5,351010,SDII,mm day-1,mm day-1 year-1,2021,2050,30,75.0,3141.6666666666665,693.1122848514675,1.3202362942591168,0.18675613776082567,No significant trend,False,2.8107998488758237,0.004941851737826946,Increasing,True,0.1724137931034483,0.04698394566224144,-0.02359368836291919,0.11732894514767932,0.22061929491293397,135.98085340558862,29,-0.389690352543533,0.14857083580811964,OK,FACTOR_LT_ONE,False
2021-2050,MIROC6,SSP2-4.5,351011,SDII,mm day-1,mm day-1 year-1,2021,2050,30,99.0,3141.6666666666665,396.2436130868853,1.7484210383431547,0.08039114754218035,No significant trend,False,4.923171198135896,8.515289518440408e-07,Increasing,True,0.22758620689655173,0.02785330971766964,-0.004378861788617882,0.06406853934058451,0.1261252879852155,237.85872349022208,29,-0.43693735600739225,-0.0037635257405973714,OK,FACTOR_LT_ONE,False
2021-2050,MIROC6,SSP2-4.5,351012,SDII,mm day-1,mm day-1 year-1,2021,2050,30,75.0,3141.6666666666665,353.34666235712047,1.3202362942591168,0.18675613776082567,No significant trend,False,3.9366900543690857,8.261319664328044e-05,Increasing,True,0.1724137931034483,0.07285227867993704,-0.04884178413633489,0.1916411594202896,0.11247108616141765,266.7352207921619,29,-0.4437644569192912,0.1065986653155461,OK,FACTOR_LT_ONE,False
2021-2050,MIROC6,SSP2-4.5,351201,SDII,mm day-1,mm day-1 year-1,2021,2050,30,53.0,3141.6666666666665,406.4335982264886,0.9277336121820821,0.353545768449924,No significant trend,False,2.5793396995149775,0.009898938955532918,Increasing,True,0.12183908045977011,0.04548726154618521,-0.07264271442842872,0.14975721561969557,0.12936878458137568,231.89519865303652,29,-0.43531560770931216,0.1484068223687454,OK,FACTOR_LT_ONE,False
2021-2050,MIROC6,SSP2-4.5,351001,Rx1day,mm,mm year-1,2021,2050,30,-33.0,3141.6666666666665,244.50312101143814,-0.5709129921120505,0.568058623631595,No significant trend,False,-2.0464812725564085,0.04070904314870885,Decreasing,True,-0.07586206896551724,-0.5350000000000001,-2.12,1.2485714285714289,0.07782592711239411,385.4756520494103,29,-0.46108703644380294,-0.23020689026442595,OK,FACTOR_LT_ONE,False
2021-2050,MIROC6,SSP2-4.5,351002,Rx1day,mm,mm year-1,2021,2050,30,-9.0,3141.6666666666665,375.1155678949524,-0.14272824802801262,0.8865048064138312,No significant trend,False,-0.41305458070060763,0.679566625185035,No significant trend,False,-0.020689655172413793,-0.06294117647058825,-1.1299999999999994,0.9279999999999994,0.11940018076231906,251.2559010251311,29,-0.44029990961884047,-0.15159061322047301,OK,FACTOR_LT_ONE,True
2021-2050,MIROC6,SSP2-4.5,351003,Rx1day,mm,mm year-1,2021,2050,30,33.0,3141.6666666666665,571.012147875932,0.5709129921120505,0.568058623631595,No significant trend,False,1.3391440761252549,0.18052377404031528,No significant trend,False,0.07586206896551724,0.5807692307692311,-1.0349999999999966,2.0722727272727273,0.18175452982788287,165.0577844107064,29,-0.40912273508605856,-0.05902287471915149,OK,FACTOR_LT_ONE,True
2021-2050,MIROC6,SSP2-4.5,351004,Rx1day,mm,mm year-1,2021,2050,30,-39.0,3141.6666666666665,978.873105863046,-0.67795917813306,0.4977975765265772,No significant trend,False,-1.2145639830497936,0.22453243275258727,No significant trend,False,-0.0896551724137931,-0.6343478260869567,-3.1350000000000007,1.4099999999999966,0.3115776464285558,96.28418580046932,29,-0.3442111767857221,-0.05946145198484517,OK,FACTOR_LT_ONE,True
2021-2050,MIROC6,SSP2-4.5,351005,Rx1day,mm,mm year-1,2021,2050,30,-15.0,3141.6666666666665,413.01351387332426,-0.24977443404902208,0.802761791874143,No significant trend,False,-0.6888836933540318,0.4908964619290106,No significant trend,False,-0.034482758620689655,-0.14541666666666644,-2.021818181818182,1.5700000000000012,0.1314631874397849,228.20076543284125,29,-0.43426840628010754,-0.06289113986575585,OK,FACTOR_LT_ONE,True
2021-2050,MIROC6,SSP2-4.5,351006,Rx1day,mm,mm year-1,2021,2050,30,-1.0,3141.6666666666665,405.1574636353115,0.0,1.0,No significant trend,False,0.0,1.0,No significant trend,False,-0.0022988505747126436,-0.08588235294117694,-1.7276923076923072,1.6199999999999999,0.12896258789452886,232.62560475705783,29,-0.43551870605273557,-0.13543401206007383,OK,FACTOR_LT_ONE,True
2021-2050,MIROC6,SSP2-4.5,351007,Rx1day,mm,mm year-1,2021,2050,30,43.0,3141.6666666666665,284.70178208573384,0.7493233021470662,0.45366236627030876,No significant trend,False,2.4891679335295214,0.012804246882845064,Increasing,True,0.09885057471264368,0.23285714285714323,-0.6262500000000002,1.2283333333333328,0.09062125689731582,331.04815610749483,29,-0.4546893715513421,-0.08641325713872615,OK,FACTOR_LT_ONE,False
2021-2050,MIROC6,SSP2-4.5,351008,Rx1day,mm,mm year-1,2021,2050,30,7.0,3141.6666666666665,291.6438021516695,0.10704618602100947,0.9147523390847367,No significant trend,False,0.3513377976771042,0.725334941631549,No significant trend,False,0.016091954022988506,0.0745833333333333,-0.8976923076923078,1.0612500000000002,0.09283091845676483,323.16819114498185,29,-0.4535845407716176,-0.2271938269299192,OK,FACTOR_LT_ONE,True
2021-2050,MIROC6,SSP2-4.5,351009,Rx1day,mm,mm year-1,2021,2050,30,13.0,3141.6666666666665,220.87076515603516,0.21409237204201895,0.8304750241244809,No significant trend,False,0.8074434729108155,0.419411029267865,No significant trend,False,0.029885057471264367,0.1300000000000001,-0.7273333333333334,1.0157142857142856,0.0703036918268547,426.72012266275556,29,-0.46484815408657265,-0.20615659804541098,OK,FACTOR_LT_ONE,True
2021-2050,MIROC6,SSP2-4.5,351010,Rx1day,mm,mm year-1,2021,2050,30,45.0,3141.6666666666665,263.57148802219587,0.7850053641540694,0.4324504235358998,No significant trend,False,2.7102132380663133,0.006723996389392098,Increasing,True,0.10344827586206896,0.4439999999999998,-0.61625,1.4061904761904762,0.08389543385321885,357.58799522375887,29,-0.4580522830733906,-0.050271233505669824,OK,FACTOR_LT_ONE,False
2021-2050,MIROC6,SSP2-4.5,351011,Rx1day,mm,mm year-1,2021,2050,30,23.0,3141.6666666666665,321.1994373760027,0.3925026820770347,0.6946868300138667,No significant trend,False,1.2275389828912369,0.21962007929598348,No significant trend,False,0.052873563218390804,0.12666666666666673,-0.345714285714286,0.6199999999999999,0.10223854770588947,293.4313981679519,29,-0.44888072614705526,-0.22930841603666322,OK,FACTOR_LT_ONE,True
2021-2050,MIROC6,SSP2-4.5,351012,Rx1day,mm,mm year-1,2021,2050,30,19.0,3141.6666666666665,270.6336328213026,0.3211385580630284,0.7481053914270006,No significant trend,False,1.0941619841468408,0.2738839412362931,No significant trend,False,0.04367816091954023,0.1888888888888887,-1.1785714285714286,1.653571428571429,0.08614333140200614,348.2567891413281,29,-0.45692833429899693,-0.10579749078748618,OK,FACTOR_LT_ONE,True
2021-2050,MIROC6,SSP2-4.5,351201,Rx1day,mm,mm year-1,2021,2050,30,-43.0,3141.6666666666665,397.6680171078295,-0.7493233021470662,0.45366236627030876,No significant trend,False,-2.106148351661367,0.03519146791414802,Decreasing,True,-0.09885057471264368,-0.7757142857142847,-2.3773076923076926,0.6357142857142855,0.12657867918551602,237.00673915258236,29,-0.436710660407242,-0.07026690389729974,OK,FACTOR_LT_ONE,False
2021-2050,MIROC6,SSP2-4.5,351001,Rx5day,mm,mm year-1,2021,2050,30,81.0,3141.6666666666665,522.4647104711723,1.4272824802801263,0.1534984884368536,No significant trend,False,3.49994730888899,0.00046535013179311457,Increasing,True,0.18620689655172415,2.376666666666667,-0.9779999999999973,6.370000000000061,0.1663017646062087,180.39495895330975,29,-0.41684911769689564,-0.12254395598737765,OK,FACTOR_LT_ONE,False
2021-2050,MIROC6,SSP2-4.5,351002,Rx5day,mm,mm year-1,2021,2050,30,65.0,3141.6666666666665,322.1212243758861,1.141825984224101,0.2535263593015791,No significant trend,False,3.5659093889561775,0.0003625966462779814,Increasing,True,0.14942528735632185,1.249374999999997,-0.9808333333333342,4.00166666666667,0.10253195470850485,292.59171041154013,29,-0.4487340226457476,-0.08562679739943857,OK,FACTOR_LT_ONE,False
2021-2050,MIROC6,SSP2-4.5,351003,Rx5day,mm,mm year-1,2021,2050,30,41.0,3141.6666666666665,363.99968498054443,0.7136412401400631,0.4754490495282657,No significant trend,False,2.096570580670026,0.036031605835668556,Increasing,True,0.09425287356321839,1.4570370370370371,-2.1199999999999983,4.821333333333331,0.1158619686940725,258.9287955154071,29,-0.44206901565296375,0.07041511589884579,OK,FACTOR_LT_ONE,False
2021-2050,MIROC6,SSP2-4.5,351004,Rx5day,mm,mm year-1,2021,2050,30,43.0,3141.6666666666665,383.5875689326382,0.7493233021470662,0.45366236627030876,No significant trend,False,2.144455448969363,0.0319964114566992,Increasing,True,0.09885057471264368,1.1620000000000004,-2.603636363636362,4.948260869565217,0.12209683891755063,245.70660687012835,29,-0.4389515805412247,-0.18668124448041798,OK,FACTOR_LT_ONE,False
2021-2050,MIROC6,SSP2-4.5,351005,Rx5day,mm,mm year-1,2021,2050,30,57.0,3141.6666666666665,346.60593925912207,0.9990977361960883,0.31774734769908775,No significant trend,False,3.007945941291581,0.0026301991998986434,Increasing,True,0.1310344827586207,1.5713333333333348,-1.8707142857142856,4.927000000000001,0.11032549790741286,271.9226341056402,29,-0.44483725104629357,-0.13840318496887308,OK,FACTOR_LT_ONE,False
2021-2050,MIROC6,SSP2-4.5,351006,Rx5day,mm,mm year-1,2021,2050,30,61.0,3141.6666666666665,286.6660743449321,1.0704618602100946,0.2844114676220474,No significant trend,False,3.543750200430343,0.0003944788124990665,Increasing,True,0.14022988505747128,1.513333333333337,-1.152000000000001,3.7336363636363656,0.09124649581271049,328.77974910485324,29,-0.45437675209364475,-0.009591277811052614,OK,FACTOR_LT_ONE,False
2021-2050,MIROC6,SSP2-4.5,351007,Rx5day,mm,mm year-1,2021,2050,30,67.0,3141.6666666666665,331.2550615357546,1.177508046231104,0.2389927879015219,No significant trend,False,3.626291183290875,0.00028752112375649605,Increasing,True,0.15402298850574714,1.4118750000000002,-0.9449999999999932,3.0271428571428567,0.1054392768814073,284.5239543300592,29,-0.44728036155929635,0.0817745782971229,OK,FACTOR_LT_ONE,False
2021-2050,MIROC6,SSP2-4.5,351008,Rx5day,mm,mm year-1,2021,2050,30,105.0,3141.6666666666665,529.4522919981578,1.8554672243641641,0.0635295354198279,No significant trend,False,4.519807338451127,6.1895932783342125e-06,Increasing,True,0.2413793103448276,1.8355555555555558,-0.1075000000000017,4.283124999999999,0.16852592848747727,178.01415051826416,29,-0.41573703575626136,-0.0301151649592236,OK,FACTOR_LT_ONE,False
2021-2050,MIROC6,SSP2-4.5,351009,Rx5day,mm,mm year-1,2021,2050,30,87.0,3141.6666666666665,362.3488575842661,1.5343286663011357,0.12494881685497079,No significant trend,False,4.5178832420697095,6.246090827950664e-06,Increasing,True,0.2,1.6486956521739138,-0.23428571428571335,3.852000000000001,0.11533650639286985,260.10845081271344,29,-0.4423317468035651,-0.032222640112344665,OK,FACTOR_LT_ONE,False
2021-2050,MIROC6,SSP2-4.5,351010,Rx5day,mm,mm year-1,2021,2050,30,83.0,3141.6666666666665,325.8340353141627,1.4629645422871294,0.14347708151957062,No significant trend,False,4.542716442440133,5.55339293933868e-06,Increasing,True,0.19080459770114944,1.7733333333333359,-0.7661538461538467,3.4935714285714314,0.1037137512936327,289.2576888388164,29,-0.44814312435318365,0.04302103720443701,OK,FACTOR_LT_ONE,False
2021-2050,MIROC6,SSP2-4.5,351011,Rx5day,mm,mm year-1,2021,2050,30,67.0,3141.6666666666665,221.115595346465,1.177508046231104,0.2389927879015219,No significant trend,False,4.438479805674985,9.059648267245695e-06,Increasing,True,0.15402298850574714,0.875,-0.6166666666666667,2.355714285714286,0.07038162186094377,426.24763690828826,29,-0.4648091890695281,-0.01688060472334757,OK,FACTOR_LT_ONE,False
2021-2050,MIROC6,SSP2-4.5,351012,Rx5day,mm,mm year-1,2021,2050,30,47.0,3141.6666666666665,259.34227018466805,0.8206874261610726,0.41182433473249114,No significant trend,False,2.856414161794527,0.004284558396853635,Increasing,True,0.10804597701149425,1.5284615384615345,-1.7823809523809526,5.220000000000003,0.08254926371925775,363.4193528609433,29,-0.4587253681403711,-0.027191629451311032,OK,FACTOR_LT_ONE,False
2021-2050,MIROC6,SSP2-4.5,351201,Rx5day,mm,mm year-1,2021,2050,30,-11.0,3141.6666666666665,265.8872788979628,-0.17841031003501578,0.8584007529637274,No significant trend,False,-0.6132692938378268,0.5396982932281744,No significant trend,False,-0.02528735632183908,-0.388095238095237,-4.2084210526315795,3.9792307692307705,0.0846325556173887,354.4735212253967,29,-0.45768372219130565,-0.09117328731032374,OK,FACTOR_LT_ONE,True
2021-2050,MIROC6,SSP2-4.5,351001,CDD,days,days year-1,2021,2050,30,106.0,3134.6666666666665,635.2649277783211,1.875398724087442,0.06073789054119632,No significant trend,False,4.165928957084108,3.100872641351719e-05,Increasing,True,0.24367816091954023,0.875,-0.0,1.6428571428571428,0.2026578884873419,148.03272758797056,29,-0.39867105575632905,0.23380849561232284,OK,FACTOR_LT_ONE,False
2021-2050,MIROC6,SSP2-4.5,351002,CDD,days,days year-1,2021,2050,30,151.0,3137.6666666666665,559.8841014543019,2.677859931911449,0.007409419604590719,Increasing,True,6.339312941864944,2.3079203381237203e-10,Increasing,True,0.3471264367816092,1.375,0.38461538461538464,2.142857142857143,0.1784396371361846,168.12408095799975,29,-0.4107801814319077,-0.01804154774937653,OK,FACTOR_LT_ONE,True
2021-2050,MIROC6,SSP2-4.5,351003,CDD,days,days year-1,2021,2050,30,39.0,3139.6666666666665,521.2585400014235,0.6781750772452043,0.49766069273124436,No significant trend,False,1.6643973091041944,0.09603305747166965,No significant trend,False,0.0896551724137931,0.47058823529411764,-0.5555555555555556,1.3333333333333333,0.16602352903750617,180.69727931890145,29,-0.4169882354812469,0.1003236873697358,OK,FACTOR_LT_ONE,True
2021-2050,MIROC6,SSP2-4.5,351004,CDD,days,days year-1,2021,2050,30,63.0,3137.6666666666665,457.0824775884983,1.1068487718567321,0.26835931755138376,No significant trend,False,2.8999759958878015,0.0037319123812269354,Increasing,True,0.14482758620689656,0.4444444444444444,-0.35714285714285715,1.2,0.14567591976686445,205.93657515951256,29,-0.4271620401165678,-0.0798944811579995,OK,FACTOR_LT_ONE,False
2021-2050,MIROC6,SSP2-4.5,351005,CDD,days,days year-1,2021,2050,30,154.0,3138.6666666666665,543.8066409450158,2.7309819720863526,0.006314592573408724,Increasing,True,6.560987002102139,5.3452780749576003e-11,Increasing,True,0.35402298850574715,1.4,0.4166666666666667,2.2,0.17326039962139417,173.14977955467907,29,-0.4133698001893029,0.06162437433824236,OK,FACTOR_LT_ONE,True
2021-2050,MIROC6,SSP2-4.5,351006,CDD,days,days year-1,2021,2050,30,71.0,3135.6666666666665,1058.9641383144126,1.2500664381195825,0.21127527861791873,No significant trend,False,2.1510842156918484,0.031469553127742377,Increasing,True,0.1632183908045977,0.7058823529411765,-0.29411764705882354,1.7142857142857142,0.3377157877052448,88.83209222715914,29,-0.3311421061473776,0.1335601756157418,OK,FACTOR_LT_ONE,False
2021-2050,MIROC6,SSP2-4.5,351007,CDD,days,days year-1,2021,2050,30,62.0,3130.0,702.420180220374,1.0903292582398225,0.27556813133065006,No significant trend,False,2.3016079285031252,0.02135729261893246,Increasing,True,0.1425287356321839,0.34615384615384615,-0.23809523809523808,1.0,0.22441539304165303,133.6806695538563,29,-0.3877923034791735,0.1309241248560589,OK,FACTOR_LT_ONE,False
2021-2050,MIROC6,SSP2-4.5,351008,CDD,days,days year-1,2021,2050,30,76.0,3132.0,500.29112847899756,1.3401406685472437,0.18019961647207206,No significant trend,False,3.3531259178583976,0.0007990434570642111,Increasing,True,0.17471264367816092,0.42857142857142855,-0.2608695652173913,1.0,0.1597353539204973,187.81064594461319,29,-0.42013232303975134,0.2533965081132461,OK,FACTOR_LT_ONE,False
2021-2050,MIROC6,SSP2-4.5,351009,CDD,days,days year-1,2021,2050,30,77.0,3137.6666666666665,487.91391613719117,1.3567823655018008,0.17485037232727296,No significant trend,False,3.4406618317100937,0.0005802932989781843,Increasing,True,0.17701149425287357,0.42857142857142855,-0.3076923076923077,1.0,0.15550215111139631,192.92337620788953,29,-0.42224892444430184,0.2541743062214394,OK,FACTOR_LT_ONE,False
2021-2050,MIROC6,SSP2-4.5,351010,CDD,days,days year-1,2021,2050,30,75.0,3133.0,502.14877014651177,1.3220610861379931,0.18614781047236928,No significant trend,False,3.3022923468458467,0.0009589806366161907,Increasing,True,0.1724137931034483,0.5454545454545454,-0.2,1.1875,0.16027729656767054,187.17560529437634,29,-0.41986135171616473,0.1468183531866194,OK,FACTOR_LT_ONE,False
2021-2050,MIROC6,SSP2-4.5,351011,CDD,days,days year-1,2021,2050,30,-14.0,3131.3333333333335,288.4784814708573,-0.23231577549617682,0.8162927605134792,No significant trend,False,-0.7653967973283498,0.4440352994852047,No significant trend,False,-0.03218390804597701,-0.058823529411764705,-0.6,0.45,0.09212640455743792,325.6395399789638,29,-0.45393679772128104,-0.11548462702940364,OK,FACTOR_LT_ONE,True
2021-2050,MIROC6,SSP2-4.5,351012,CDD,days,days year-1,2021,2050,30,59.0,3135.0,670.8481394042614,1.035879458235185,0.3002583820175717,No significant trend,False,2.2393185812206777,0.02513519471684215,Increasing,True,0.135632183908046,0.48,-0.3,1.0,0.21398664733788242,140.19566348282635,29,-0.3930066763310588,0.23075376524920121,OK,FACTOR_LT_ONE,False
2021-2050,MIROC6,SSP2-4.5,351201,CDD,days,days year-1,2021,2050,30,98.0,3128.0,435.2603200906719,1.7343564591414675,0.08285485554930222,No significant trend,False,4.649403045098549,3.328971245133964e-06,Increasing,True,0.22528735632183908,0.6666666666666666,-0.05263157894736842,1.5,0.1391497186990639,215.5951178376462,29,-0.43042514065046805,0.16801884792852134,OK,FACTOR_LT_ONE,False
2021-2050,MIROC6,SSP2-4.5,351001,CWD,days,days year-1,2021,2050,30,54.0,3056.0,923.7332758805753,0.9587363520124587,0.337691580404872,No significant trend,False,1.743823698034511,0.08118983684363873,No significant trend,False,0.12413793103448276,0.04,-0.04,0.18181818181818182,0.3022687421075181,99.24942880573768,29,-0.34886562894624096,-0.16606365340579124,OK,FACTOR_LT_ONE,True
2021-2050,MIROC6,SSP2-4.5,351002,CWD,days,days year-1,2021,2050,30,3.0,3020.3333333333335,663.1158468470671,0.03639171794480256,0.9709700179294485,No significant trend,False,0.07766677862612663,0.9380931210690133,No significant trend,False,0.006896551724137931,0.0,-0.08333333333333333,0.08695652173913043,0.2195505507715706,136.642790895174,29,-0.3902247246142147,-0.047037609479649654,OK,FACTOR_LT_ONE,True
2021-2050,MIROC6,SSP2-4.5,351003,CWD,days,days year-1,2021,2050,30,49.0,3067.0,268.0110964062108,0.8667310385497472,0.38608939478107274,No significant trend,False,2.932005966057953,0.0033678027714585464,Increasing,True,0.11264367816091954,0.04,-0.058823529411764705,0.14285714285714285,0.08738542432546814,343.3066810806412,29,-0.45630728783726593,-0.10574827885836509,OK,FACTOR_LT_ONE,False
2021-2050,MIROC6,SSP2-4.5,351004,CWD,days,days year-1,2021,2050,30,37.0,3045.6666666666665,937.3933737180502,0.6523209336023882,0.5141941584310905,No significant trend,False,1.1758219443157603,0.23966603540404374,No significant trend,False,0.08505747126436781,0.0,-0.0625,0.16,0.30777937191136595,97.47241932977684,29,-0.346110314044317,-0.022262075561932097,OK,FACTOR_LT_ONE,True
2021-2050,MIROC6,SSP2-4.5,351005,CWD,days,days year-1,2021,2050,30,51.0,3031.0,1487.0081678378656,0.9081906703068825,0.36377749244035806,No significant trend,False,1.2966218245963266,0.19476133938407025,No significant trend,False,0.11724137931034483,0.0,-0.0,0.125,0.49059985741928924,61.149630490741494,29,-0.2547000712903554,-0.036327528261533765,OK,FACTOR_LT_ONE,True
2021-2050,MIROC6,SSP2-4.5,351006,CWD,days,days year-1,2021,2050,30,33.0,3067.0,289.900133600532,0.5778206923664981,0.5633851834848876,No significant trend,False,1.8794283367617732,0.06018603014264857,No significant trend,False,0.07586206896551724,0.0,-0.07692307692307693,0.14285714285714285,0.09452237808951158,317.38515901060333,29,-0.4527388109552442,-0.16933867735470942,OK,FACTOR_LT_ONE,True
2021-2050,MIROC6,SSP2-4.5,351007,CWD,days,days year-1,2021,2050,30,-46.0,3068.6666666666665,228.3865228696843,-0.8123396581372164,0.4165967603837629,No significant trend,False,-2.977674882204333,0.00290443894990416,Decreasing,True,-0.10574712643678161,-0.05263157894736842,-0.2,0.07142857142857142,0.07442532789583456,403.08858352613373,29,-0.4627873360520827,-0.30908637552206875,OK,FACTOR_LT_ONE,False
2021-2050,MIROC6,SSP2-4.5,351008,CWD,days,days year-1,2021,2050,30,-49.0,3043.0,673.095240527072,-0.8701422594944653,0.38422266578922837,No significant trend,False,-1.8501331193359392,0.06429436549718952,No significant trend,False,-0.11264367816091954,-0.04,-0.25,0.05,0.2211946238997936,135.62716611770233,29,-0.3894026880501032,-0.16265044374044288,OK,FACTOR_LT_ONE,True
2021-2050,MIROC6,SSP2-4.5,351009,CWD,days,days year-1,2021,2050,30,-123.0,3069.6666666666665,464.82384452128775,-2.201984317205167,0.027666416282352686,Decreasing,True,-5.658686467033589,1.525359266180215e-08,Decreasing,True,-0.2827586206896552,-0.125,-0.3333333333333333,-0.0,0.15142485976369457,198.1180636179315,29,-0.4242875701181527,-0.20752134528685764,OK,FACTOR_LT_ONE,True
2021-2050,MIROC6,SSP2-4.5,351010,CWD,days,days year-1,2021,2050,30,-58.0,3081.3333333333335,381.1705428788617,-1.026846470381193,0.3044927635295953,No significant trend,False,-2.919545112617874,0.0035054265320855174,Decreasing,True,-0.13333333333333333,-0.08333333333333333,-0.2222222222222222,0.06666666666666667,0.12370311863225714,242.5161170688313,29,-0.43814844068387143,-0.19076943814485406,OK,FACTOR_LT_ONE,False
2021-2050,MIROC6,SSP2-4.5,351011,CWD,days,days year-1,2021,2050,30,48.0,3118.0,477.2906407858478,0.8417047974223794,0.3999532122537982,No significant trend,False,2.1513268560427847,0.0314504099511736,Increasing,True,0.1103448275862069,0.15384615384615385,-0.16,0.47058823529411764,0.15307589505639763,195.9812156508843,29,-0.4234620524718012,0.0012066474372774939,OK,FACTOR_LT_ONE,False
2021-2050,MIROC6,SSP2-4.5,351012,CWD,days,days year-1,2021,2050,30,-58.0,3082.6666666666665,307.9416611825175,-1.0266243774900083,0.3045973706430103,No significant trend,False,-3.2481840657739793,0.0011614411050100202,Decreasing,True,-0.13333333333333333,-0.07692307692307693,-0.2222222222222222,0.07142857142857142,0.09989457002028035,300.3166237555202,29,-0.4500527149898598,-0.20091965832628225,OK,FACTOR_LT_ONE,False
2021-2050,MIROC6,SSP2-4.5,351201,CWD,days,days year-1,2021,2050,30,-61.0,3077.6666666666665,414.1099570744129,-1.0815347050902901,0.2794593315906717,No significant trend,False,-2.948447599972082,0.0031937427767785563,Decreasing,True,-0.14022988505747128,-0.05263157894736842,-0.18181818181818182,0.05555555555555555,0.13455321902125406,222.9601061811921,29,-0.43272339048937297,-0.02455124355154977,OK,FACTOR_LT_ONE,False
2021-2050,MIROC6,SSP2-4.5,351001,R10mm,days,days year-1,2021,2050,30,55.0,3131.0,422.14575430039264,0.9650553574079082,0.3345170855242816,No significant trend,False,2.628225029694469,0.00858317155959889,Increasing,True,0.12643678160919541,0.2,-0.25,0.75,0.13482777205378238,222.50608715860923,29,-0.4325861139731088,-0.10011730974789979,OK,FACTOR_LT_ONE,False
2021-2050,MIROC6,SSP2-4.5,351002,R10mm,days,days year-1,2021,2050,30,68.0,3124.6666666666665,474.4671992209238,1.198596362783997,0.2306849331711076,No significant trend,False,3.0758964126327326,0.0020987074342235824,Increasing,True,0.15632183908045977,0.25,-0.2222222222222222,0.6666666666666666,0.15184570062542901,197.56897874905005,29,-0.4240771496872855,-0.05052027398390538,OK,FACTOR_LT_ONE,False
2021-2050,MIROC6,SSP2-4.5,351003,R10mm,days,days year-1,2021,2050,30,97.0,3124.3333333333335,253.19837896540702,1.717483414722357,0.08589088223644192,No significant trend,False,6.033103454648039,1.6084037056444066e-09,Increasing,True,0.22298850574712645,0.3333333333333333,-0.0,0.75,0.0810407699665231,370.1840445542733,29,-0.45947961501673845,0.03335724533715921,OK,FACTOR_LT_ONE,False
2021-2050,MIROC6,SSP2-4.5,351004,R10mm,days,days year-1,2021,2050,30,67.0,3133.0,405.4719755302371,1.1791355633122642,0.23834419942839236,No significant trend,False,3.2776570787278527,0.0010467247346759847,Increasing,True,0.15402298850574714,0.2222222222222222,-0.2,0.7142857142857143,0.12941971769238336,231.80393633145414,29,-0.4352901411538083,-0.08339620431906779,OK,FACTOR_LT_ONE,False
2021-2050,MIROC6,SSP2-4.5,351005,R10mm,days,days year-1,2021,2050,30,58.0,3134.0,399.0568309374158,1.0181818699806882,0.3085915337451054,No significant trend,False,2.853365993520766,0.004325876835679334,Increasing,True,0.13333333333333333,0.25,-0.2727272727272727,0.6666666666666666,0.12733147126273636,235.60553963990455,29,-0.4363342643686318,-0.12211693050577091,OK,FACTOR_LT_ONE,False
2021-2050,MIROC6,SSP2-4.5,351006,R10mm,days,days year-1,2021,2050,30,103.0,3131.0,272.21802419191545,1.8228823417704934,0.06832121292422594,No significant trend,False,6.182181241589826,6.322187987586686e-10,Increasing,True,0.2367816091954023,0.4,-0.0,0.8181818181818182,0.08694283749342557,345.0543007900856,29,-0.4565285812532872,0.03189044864274441,OK,FACTOR_LT_ONE,False
2021-2050,MIROC6,SSP2-4.5,351007,R10mm,days,days year-1,2021,2050,30,99.0,3133.6666666666665,329.14109248473227,1.7506514051965782,0.08000597479098198,No significant trend,False,5.401756740530066,6.59914022929976e-08,Increasing,True,0.22758620689655173,0.42857142857142855,-0.05,0.8421052631578947,0.10503385570196755,285.62219104975713,29,-0.4474830721490162,-0.01810922515147869,OK,FACTOR_LT_ONE,False
2021-2050,MIROC6,SSP2-4.5,351008,R10mm,days,days year-1,2021,2050,30,78.0,3122.0,440.67822965906316,1.3780795111362236,0.16817874066867022,No significant trend,False,3.6680050687186556,0.00024445033920852586,Increasing,True,0.1793103448275862,0.3157894736842105,-0.14285714285714285,0.6666666666666666,0.14115253992923227,212.53602673420323,29,-0.42942373003538387,-0.060804509784006706,OK,FACTOR_LT_ONE,False
2021-2050,MIROC6,SSP2-4.5,351009,R10mm,days,days year-1,2021,2050,30,64.0,3130.0,425.8833223164589,1.1260777585099808,0.26013260740566213,No significant trend,False,3.0527780668724085,0.002267335566016525,Increasing,True,0.1471264367816092,0.3,-0.25,0.7142857142857143,0.13606495920653638,220.48292356051977,29,-0.4319675203967318,-0.026352049603858098,OK,FACTOR_LT_ONE,False
2021-2050,MIROC6,SSP2-4.5,351010,R10mm,days,days year-1,2021,2050,30,99.0,3131.0,295.3321320587851,1.7513967597402778,0.07987759075807088,No significant trend,False,5.702571317566612,1.1801350951795182e-08,Increasing,True,0.22758620689655173,0.4,-0.038461538461538464,0.8,0.09432517791721018,318.0486977329764,29,-0.4528374110413949,0.000795890007158723,OK,FACTOR_LT_ONE,False
2021-2050,MIROC6,SSP2-4.5,351011,R10mm,days,days year-1,2021,2050,30,102.0,3129.3333333333335,369.70584934787223,1.8054915520030812,0.07099779630620523,No significant trend,False,5.2528283926632655,1.4978107964800702e-07,Increasing,True,0.23448275862068965,0.375,-0.0,0.8095238095238095,0.1181420481512161,253.9316058039002,29,-0.44092897592439195,-0.08701797932333598,OK,FACTOR_LT_ONE,False
2021-2050,MIROC6,SSP2-4.5,351012,R10mm,days,days year-1,2021,2050,30,119.0,3124.3333333333335,218.9621988392005,2.1110733639295636,0.03476600648308188,Increasing,True,7.974389316670447,1.531361112683586e-15,Increasing,True,0.2735632183908046,0.5,-0.0,0.9230769230769231,0.0700828546375335,428.06475499833925,29,-0.46495857268123325,0.0523084221609404,OK,FACTOR_LT_ONE,True
2021-2050,MIROC6,SSP2-4.5,351201,R10mm,days,days year-1,2021,2050,30,78.0,3136.6666666666665,281.2958474899906,1.374853871087318,0.16917675280178146,No significant trend,False,4.591018730496528,4.410877458174761e-06,Increasing,True,0.1793103448275862,0.38461538461538464,-0.13636363636363635,0.8571428571428571,0.08967986636237746,334.5232460402686,29,-0.45516006681881127,0.03458732201081482,OK,FACTOR_LT_ONE,False
2021-2050,MIROC6,SSP2-4.5,351001,R20mm,days,days year-1,2021,2050,30,62.0,3125.3333333333335,319.72207207293974,1.0911429802793808,0.2752099731104607,No significant trend,False,3.4114854673213784,0.0006460994532883115,Increasing,True,0.1425287356321839,0.2,-0.125,0.5,0.102300151047229,293.25469897057997,29,-0.4488499244763855,0.023124657257482598,OK,FACTOR_LT_ONE,False
2021-2050,MIROC6,SSP2-4.5,351002,R20mm,days,days year-1,2021,2050,30,72.0,3103.3333333333335,564.1772382948333,1.2745126066590162,0.2024818077398962,No significant trend,False,2.989169679962355,0.00279736735376023,Increasing,True,0.16551724137931034,0.13636363636363635,-0.07692307692307693,0.3333333333333333,0.18179717667932327,165.01906436598725,29,-0.40910141166033837,0.10286687231044295,OK,FACTOR_LT_ONE,False
2021-2050,MIROC6,SSP2-4.5,351003,R20mm,days,days year-1,2021,2050,30,92.0,3130.0,354.38234291195744,1.6265567622921944,0.10383126866279459,No significant trend,False,4.833985627245215,1.3382625266490654e-06,Increasing,True,0.21149425287356322,0.2222222222222222,-0.058823529411764705,0.5,0.11322119581851675,264.9680546395859,29,-0.4433894020907416,0.1241007327248861,OK,FACTOR_LT_ONE,False
2021-2050,MIROC6,SSP2-4.5,351004,R20mm,days,days year-1,2021,2050,30,39.0,3119.0,433.884228618964,0.6804181804512237,0.49623971262890887,No significant trend,False,1.824301707224288,0.06810647247330447,No significant trend,False,0.0896551724137931,0.10714285714285714,-0.16666666666666666,0.4375,0.1391100444433998,215.6566056752732,29,-0.4304449777783001,0.037031571013131016,OK,FACTOR_LT_ONE,True
2021-2050,MIROC6,SSP2-4.5,351005,R20mm,days,days year-1,2021,2050,30,48.0,3108.6666666666665,502.2835620472694,0.8429674004211848,0.3992466761399883,No significant trend,False,2.0971204496122717,0.03598291415944869,Increasing,True,0.1103448275862069,0.09090909090909091,-0.16666666666666666,0.35,0.16157523977501698,185.67201287631107,29,-0.4192123801124915,0.07847564255937978,OK,FACTOR_LT_ONE,False
2021-2050,MIROC6,SSP2-4.5,351006,R20mm,days,days year-1,2021,2050,30,82.0,3118.0,279.5411294873629,1.4505976296002707,0.14689193574978782,No significant trend,False,4.844647255875562,1.268368180540884e-06,Increasing,True,0.18850574712643678,0.24,-0.0625,0.5,0.08965398636541466,334.61981130125116,29,-0.45517300681729267,0.10956480547031078,OK,FACTOR_LT_ONE,False
2021-2050,MIROC6,SSP2-4.5,351007,R20mm,days,days year-1,2021,2050,30,84.0,3118.6666666666665,411.8094914717446,1.4862559736308831,0.13721142717861307,No significant trend,False,4.09006223476056,4.312574560061477e-05,Increasing,True,0.19310344827586207,0.19047619047619047,-0.08,0.38461538461538464,0.13204665181864406,227.19243227160882,29,-0.43397667409067797,0.09173384344199191,OK,FACTOR_LT_ONE,False
2021-2050,MIROC6,SSP2-4.5,351008,R20mm,days,days year-1,2021,2050,30,69.0,3117.0,390.7655440207908,1.2179809944820459,0.22323119514698964,No significant trend,False,3.4399393174002717,0.000581844628139927,Increasing,True,0.15862068965517243,0.15789473684210525,-0.09090909090909091,0.3333333333333333,0.12536591081834803,239.2995017877645,29,-0.437317044590826,0.14231348370173116,OK,FACTOR_LT_ONE,False
2021-2050,MIROC6,SSP2-4.5,351009,R20mm,days,days year-1,2021,2050,30,90.0,3110.0,361.0939220783574,1.5959152037688527,0.11050772658545567,No significant trend,False,4.683601295069863,2.818780540236685e-06,Increasing,True,0.20689655172413793,0.17391304347826086,-0.0,0.36363636363636365,0.11610737044320174,258.3815298329887,29,-0.44194631477839913,0.07850930519089823,OK,FACTOR_LT_ONE,False
2021-2050,MIROC6,SSP2-4.5,351010,R20mm,days,days year-1,2021,2050,30,85.0,3115.0,302.6749779054712,1.5050476867281788,0.13231181708757445,No significant trend,False,4.828264199298708,1.3772829087180855e-06,Increasing,True,0.19540229885057472,0.2,-0.047619047619047616,0.4444444444444444,0.09716692709645947,308.74702840214786,29,-0.45141653645177027,0.08367659660265135,OK,FACTOR_LT_ONE,False
2021-2050,MIROC6,SSP2-4.5,351011,R20mm,days,days year-1,2021,2050,30,128.0,3107.3333333333335,526.3349005203553,2.278294170984734,0.022709056728019417,Increasing,True,5.5357011558179945,3.099857284332013e-08,Increasing,True,0.2942528735632184,0.2,-0.0,0.3333333333333333,0.16938475665748398,177.11156890382733,29,-0.415307621671258,0.09224491917459325,OK,FACTOR_LT_ONE,True
2021-2050,MIROC6,SSP2-4.5,351012,R20mm,days,days year-1,2021,2050,30,97.0,3128.3333333333335,270.7140320710852,1.7163850453403149,0.08609159184886801,No significant trend,False,5.834663971846433,5.3899079807063615e-09,Increasing,True,0.22298850574712645,0.3181818181818182,-0.047619047619047616,0.6153846153846154,0.0865361849987486,346.67578655603813,29,-0.4567319075006257,0.0952474030177757,OK,FACTOR_LT_ONE,False
2021-2050,MIROC6,SSP2-4.5,351201,R20mm,days,days year-1,2021,2050,30,43.0,3117.6666666666665,519.5742488760538,0.7522019424432058,0.4519296256953552,No significant trend,False,1.8425763016703542,0.065390896627095,No significant trend,False,0.09885057471264368,0.1111111111111111,-0.2,0.4666666666666667,0.16665484300525624,180.01277046028486,29,-0.4166725784973719,0.06926803988850544,OK,FACTOR_LT_ONE,True
2021-2050,MIROC6,SSP2-4.5,351001,R50mm,days,days year-1,2021,2050,30,99.0,3017.6666666666665,480.3662621628212,1.7839818962544722,0.07442660694177682,No significant trend,False,4.471361950449006,7.772302475244466e-06,Increasing,True,0.22758620689655173,0.07692307692307693,-0.0,0.17857142857142858,0.15918466657334185,188.46036270822586,29,-0.4204076667133291,0.12528989741511964,OK,FACTOR_LT_ONE,False
2021-2050,MIROC6,SSP2-4.5,351002,R50mm,days,days year-1,2021,2050,30,33.0,2912.3333333333335,1136.7815695107895,0.5929655162553803,0.5532042303160114,No significant trend,False,0.9490988920422979,0.342570317865998,No significant trend,False,0.07586206896551724,0.0,-0.0,0.06896551724137931,0.39033360518855076,76.85733332006731,29,-0.3048331974057246,0.18642665734591635,OK,FACTOR_LT_ONE,True
2021-2050,MIROC6,SSP2-4.5,351003,R50mm,days,days year-1,2021,2050,30,62.0,3046.0,293.7668024572579,1.1052611008789814,0.26904646805174526,No significant trend,False,3.559004006748473,0.0003722638532187961,Increasing,True,0.1425287356321839,0.045454545454545456,-0.0,0.14285714285714285,0.096443467648476,311.06305830215615,29,-0.451778266175762,0.05639714959390998,OK,FACTOR_LT_ONE,False
2021-2050,MIROC6,SSP2-4.5,351004,R50mm,days,days year-1,2021,2050,30,86.0,3006.0,433.3897508950746,1.5503310229663179,0.12106208491399441,No significant trend,False,4.0830021387281,4.445761368240165e-05,Increasing,True,0.19770114942528735,0.0625,-0.0,0.15789473684210525,0.14417490049736348,208.08060138420979,29,-0.42791254975131826,0.03052069380061338,OK,FACTOR_LT_ONE,False
2021-2050,MIROC6,SSP2-4.5,351005,R50mm,days,days year-1,2021,2050,30,35.0,3011.0,773.5265699787092,0.619617306174486,0.5355097701631757,No significant trend,False,1.2224786949124846,0.2215266558396447,No significant trend,False,0.08045977011494253,0.0,-0.058823529411764705,0.1111111111111111,0.25690022251036504,116.77685486936316,29,-0.3715498887448175,0.08015655765259569,OK,FACTOR_LT_ONE,True
2021-2050,MIROC6,SSP2-4.5,351006,R50mm,days,days year-1,2021,2050,30,59.0,3071.0,291.6184097043487,1.0466177247083683,0.29527592371219824,No significant trend,False,3.3964132379162737,0.0006827519838974033,Increasing,True,0.135632183908046,0.0625,-0.05,0.16666666666666666,0.09495877880310932,315.9265565346306,29,-0.45252061059844534,0.027684585504341764,OK,FACTOR_LT_ONE,False
2021-2050,MIROC6,SSP2-4.5,351007,R50mm,days,days year-1,2021,2050,30,78.0,2867.3333333333335,2035.861913937059,1.4379759859126233,0.15044086790674827,No significant trend,False,1.7065403693041485,0.08790751678267074,No significant trend,False,0.1793103448275862,0.0,-0.0,0.09090909090909091,0.7100192678227362,42.252374491180454,29,-0.14499036608863192,0.17976878612716762,OK,FACTOR_LT_ONE,True
2021-2050,MIROC6,SSP2-4.5,351008,R50mm,days,days year-1,2021,2050,30,22.0,2819.3333333333335,1366.5685774946933,0.39549963013477807,0.6924741945282227,No significant trend,False,0.5680722562077108,0.5699859054684371,No significant trend,False,0.05057471264367816,0.0,-0.0,0.05263157894736842,0.4847133757961787,61.89224704336395,29,-0.25764331210191066,0.26050955414012733,OK,FACTOR_LT_ONE,True
2021-2050,MIROC6,SSP2-4.5,351009,R50mm,days,days year-1,2021,2050,30,63.0,2818.3333333333335,2134.321424501424,1.167872711646739,0.2428581128900752,No significant trend,False,1.3420286196667088,0.17958671621442068,No significant trend,False,0.14482758620689656,0.0,-0.0,0.07692307692307693,0.7572991452991452,39.61446435826826,29,-0.12135042735042739,0.23641025641025634,OK,FACTOR_LT_ONE,True
2021-2050,MIROC6,SSP2-4.5,351010,R50mm,days,days year-1,2021,2050,30,64.0,2842.0,2184.5988982184904,1.181757895737503,0.2373017786499999,No significant trend,False,1.3478907542395318,0.17769352226199675,No significant trend,False,0.1471264367816092,0.0,-0.0,0.1,0.7686836376560487,39.02775931523554,29,-0.11565818117197563,0.16847927495668397,OK,FACTOR_LT_ONE,True
2021-2050,MIROC6,SSP2-4.5,351011,R50mm,days,days year-1,2021,2050,30,43.0,1509.0,529.5813008130079,1.081196597987159,0.2796096710095647,No significant trend,False,1.825084469005446,0.06798828351502965,No significant trend,False,0.09885057471264368,0.0,-0.0,-0.0,0.3509485094850947,85.48262548262552,29,-0.32452574525745265,-0.1455284552845529,OK,FACTOR_LT_ONE,True
2021-2050,MIROC6,SSP2-4.5,351012,R50mm,days,days year-1,2021,2050,30,27.0,3079.0,1247.1757002952406,0.468563552288577,0.6393816347251315,No significant trend,False,0.7362232488159423,0.4615948458782253,No significant trend,False,0.06206896551724138,0.0,-0.1111111111111111,0.21739130434782608,0.40505868798156563,74.06334165918523,29,-0.2974706560092172,0.16878375459062436,OK,FACTOR_LT_ONE,True
2021-2050,MIROC6,SSP2-4.5,351201,R50mm,days,days year-1,2021,2050,30,69.0,3088.3333333333335,159.44206868567497,1.223620736348489,0.2210953333508734,No significant trend,False,5.38526962997963,7.233612873254585e-08,Increasing,True,0.15862068965517243,0.09090909090909091,-0.05555555555555555,0.25,0.05162722137690501,581.0887977291035,29,-0.4741863893115475,-0.007077951907428374,OK,FACTOR_LT_ONE,False
2021-2050,MIROC6,SSP2-4.5,351001,R95p,mm,mm year-1,2021,2050,30,67.0,3141.6666666666665,481.2586021875078,1.177508046231104,0.2389927879015219,No significant trend,False,3.0085323303852665,0.0026251286921252885,Increasing,True,0.15402298850574714,5.491,-3.2244444444444422,13.27,0.1531857619694985,195.84065525602458,29,-0.42340711901525074,0.10502624474707022,OK,FACTOR_LT_ONE,False
2021-2050,MIROC6,SSP2-4.5,351002,R95p,mm,mm year-1,2021,2050,30,30.0,3140.6666666666665,550.7165135485799,0.5174722619843103,0.6048265271417467,No significant trend,False,1.235759472847879,0.21654798347843174,No significant trend,False,0.06896551724137931,1.5985185185185184,-4.2030769230769245,6.85125,0.17535019535616003,171.0862080254084,29,-0.41232490232192,0.0894132560357615,OK,FACTOR_LT_ONE,True
2021-2050,MIROC6,SSP2-4.5,351003,R95p,mm,mm year-1,2021,2050,30,39.0,3141.6666666666665,468.81037185582665,0.67795917813306,0.4977975765265772,No significant trend,False,1.755031803813057,0.07925386789212188,No significant trend,False,0.0896551724137931,3.474347826086955,-6.468750000000002,12.967499999999992,0.14922346053766367,201.04077396347517,29,-0.42538826973116817,0.19499360350013023,OK,FACTOR_LT_ONE,True
2021-2050,MIROC6,SSP2-4.5,351004,R95p,mm,mm year-1,2021,2050,30,61.0,3141.6666666666665,324.9756832765544,1.0704618602100946,0.2844114676220474,No significant trend,False,3.328325693488861,0.0008736965931380835,Increasing,True,0.14022988505747128,4.977407407407406,-5.6590476190476195,13.662727272727272,0.1034405357909457,290.02169962296296,29,-0.44827973210452715,0.07019429637566353,OK,FACTOR_LT_ONE,False
2021-2050,MIROC6,SSP2-4.5,351005,R95p,mm,mm year-1,2021,2050,30,63.0,3141.6666666666665,381.4196613793925,1.106143922217098,0.2686642304239092,No significant trend,False,3.174608329195502,0.0015003887372362166,Increasing,True,0.14482758620689656,5.77107142857143,-2.9846153846153856,12.818000000000001,0.12140678876797639,247.10315052755217,29,-0.4392966056160118,0.07216915573998417,OK,FACTOR_LT_ONE,False
2021-2050,MIROC6,SSP2-4.5,351006,R95p,mm,mm year-1,2021,2050,30,67.0,3141.6666666666665,530.7432392005644,1.177508046231104,0.2389927879015219,No significant trend,False,2.8648487626714676,0.004172084469809507,Increasing,True,0.15402298850574714,7.824615384615378,-5.842000000000008,18.654999999999987,0.16893684006384013,177.58115985041033,29,-0.41553157996807993,0.17470412784508504,OK,FACTOR_LT_ONE,False
2021-2050,MIROC6,SSP2-4.5,351007,R95p,mm,mm year-1,2021,2050,30,79.0,3141.6666666666665,540.9688501080598,1.391600418273123,0.16404343214420547,No significant trend,False,3.3535784752219304,0.0007977378896021275,Increasing,True,0.18160919540229886,6.419999999999997,-1.9344444444444473,14.588333333333333,0.17219167642696864,174.22444930271556,29,-0.4139041617865157,0.16550871570670841,OK,FACTOR_LT_ONE,False
2021-2050,MIROC6,SSP2-4.5,351008,R95p,mm,mm year-1,2021,2050,30,73.0,3141.6666666666665,763.9845309102714,1.2845542322521135,0.1989481007752456,No significant trend,False,2.604894950491,0.009190243254950626,Increasing,True,0.167816091954023,5.452499999999986,-2.651176470588238,12.866999999999999,0.24317810002448959,123.36637220612715,29,-0.3784109499877552,0.17361751777010834,OK,FACTOR_LT_ONE,False
2021-2050,MIROC6,SSP2-4.5,351009,R95p,mm,mm year-1,2021,2050,30,81.0,3141.6666666666665,476.4820905549206,1.4272824802801263,0.1534984884368536,No significant trend,False,3.6649385415563285,0.00024739798482790337,Increasing,True,0.18620689655172415,7.742799999999993,-2.2490909090909152,15.736666666666665,0.15166538691403308,197.80386685727171,29,-0.42416730654298346,0.12284871070456183,OK,FACTOR_LT_ONE,False
2021-2050,MIROC6,SSP2-4.5,351010,R95p,mm,mm year-1,2021,2050,30,95.0,3141.6666666666665,420.4408079065429,1.6770569143291483,0.09353135296636007,No significant trend,False,4.584325251352986,4.554548071198728e-06,Increasing,True,0.21839080459770116,8.598125,-2.330000000000022,16.067083333333333,0.13382731286149907,224.16948647132804,29,-0.43308634356925046,0.1464985740333566,OK,FACTOR_LT_ONE,False
2021-2050,MIROC6,SSP2-4.5,351011,R95p,mm,mm year-1,2021,2050,30,37.0,2552.3333333333335,745.0238380193566,0.71258028836279,0.47610551285512326,No significant trend,False,1.3189168490575909,0.18719691259380722,No significant trend,False,0.08505747126436781,0.0,-0.0,0.020625000000000338,0.2918991137597061,102.77523495565067,29,-0.35405044312014694,-0.10597037184271435,OK,FACTOR_LT_ONE,True
2021-2050,MIROC6,SSP2-4.5,351012,R95p,mm,mm year-1,2021,2050,30,51.0,3141.6666666666665,364.9670621556934,0.8920515501750789,0.372365302198027,No significant trend,False,2.617237706256542,0.008864458636970662,Increasing,True,0.11724137931034483,6.652857142857142,-5.780000000000001,19.404117647058822,0.11616988715831089,258.24248205662286,29,-0.44191505642084455,0.12383887461890114,OK,FACTOR_LT_ONE,False
2021-2050,MIROC6,SSP2-4.5,351201,R95p,mm,mm year-1,2021,2050,30,57.0,3141.6666666666665,448.5695694445449,0.9990977361960883,0.31774734769908775,No significant trend,False,2.644071061367816,0.008191545674008191,Increasing,True,0.1310344827586207,4.825925925925926,-6.812631578947367,17.383,0.14278076480993473,210.11233578931348,29,-0.42860961759503263,0.04045229023460549,OK,FACTOR_LT_ONE,False
2021-2050,MIROC6,SSP2-4.5,351001,R99p,mm,mm year-1,2021,2050,30,-10.0,3016.6666666666665,778.8096140151193,-0.1638622248392892,0.8698396052846072,No significant trend,False,-0.3224978750691786,0.7470755472891407,No significant trend,False,-0.022988505747126436,0.0,-5.643157894736842,5.300625,0.2581689328226915,116.20298256647239,29,-0.37091553358865426,0.10820689821588421,OK,FACTOR_LT_ONE,True
2021-2050,MIROC6,SSP2-4.5,351002,R99p,mm,mm year-1,2021,2050,30,35.0,2045.0,379.0555643486324,0.751851829547639,0.4521401691543281,No significant trend,False,1.746334681153735,0.08075281283550696,No significant trend,False,0.08045977011494253,0.0,-0.0,-0.0,0.18535724418026034,161.84962250962758,29,-0.40732137790986983,-0.06293162033596751,OK,FACTOR_LT_ONE,True
2021-2050,MIROC6,SSP2-4.5,351003,R99p,mm,mm year-1,2021,2050,30,47.0,3076.3333333333335,646.4006646312727,0.8293562771420575,0.4069028346765676,No significant trend,False,1.809284799484729,0.07040676925760476,No significant trend,False,0.10804597701149425,1.9511111111111115,-2.809999999999983,8.84607142857143,0.21012048909890757,142.77522448502606,29,-0.3949397554505462,0.07875632788011985,OK,FACTOR_LT_ONE,True
2021-2050,MIROC6,SSP2-4.5,351004,R99p,mm,mm year-1,2021,2050,30,-28.0,2976.6666666666665,435.874562279969,-0.49487858635180737,0.6206858270794147,No significant trend,False,-1.2932515334354384,0.19592407742614681,No significant trend,False,-0.06436781609195402,0.0,-6.671538461538462,4.64764705882353,0.14643042405822027,204.87545667471466,29,-0.42678478797088987,0.04782952719421659,OK,FACTOR_LT_ONE,True
2021-2050,MIROC6,SSP2-4.5,351005,R99p,mm,mm year-1,2021,2050,30,19.0,2873.0,789.8382157555227,0.3358185577426149,0.737007695009575,No significant trend,False,0.6404768453114449,0.5218626378639475,No significant trend,False,0.04367816091954023,0.0,-1.800999999999999,6.08909090909091,0.274917582929176,109.12361326750268,29,-0.362541208535412,0.07400830970147813,OK,FACTOR_LT_ONE,True
2021-2050,MIROC6,SSP2-4.5,351006,R99p,mm,mm year-1,2021,2050,30,29.0,3141.6666666666665,642.32525898857,0.49954886809804416,0.617392769071009,No significant trend,False,1.1047920260196655,0.2692497165108001,No significant trend,False,0.06666666666666667,2.672083333333333,-8.151764705882355,12.52529411764705,0.20445366333853687,146.7325139111136,29,-0.39777316833073156,0.20123576693573753,OK,FACTOR_LT_ONE,True
2021-2050,MIROC6,SSP2-4.5,351007,R99p,mm,mm year-1,2021,2050,30,65.0,3141.6666666666665,523.6253363565978,1.141825984224101,0.2535263593015791,No significant trend,False,2.796853044797228,0.005160299857319923,Increasing,True,0.14942528735632185,2.693333333333333,-2.5853333333333315,8.515172413793103,0.16667119459626456,179.99510996888458,29,-0.4166644027018677,0.12175526348355549,OK,FACTOR_LT_ONE,False
2021-2050,MIROC6,SSP2-4.5,351008,R99p,mm,mm year-1,2021,2050,30,25.0,3125.0,875.9655931777091,0.4293250516799596,0.6676866881750216,No significant trend,False,0.8109007791895281,0.41742265279233326,No significant trend,False,0.05747126436781609,1.0208333333333321,-3.9315999999999995,8.35148148148148,0.2803089898168669,107.02475157717836,29,-0.35984550509156654,0.1730622806642206,OK,FACTOR_LT_ONE,True
2021-2050,MIROC6,SSP2-4.5,351009,R99p,mm,mm year-1,2021,2050,30,83.0,3141.6666666666665,586.6924850981704,1.4629645422871294,0.14347708151957062,No significant trend,False,3.385389085313629,0.0007107742748700586,Increasing,True,0.19080459770114944,5.371818181818174,-1.7025000000000006,13.073636363636364,0.18674561859888716,160.64633925595496,29,-0.4066271907005564,0.1708750792713684,OK,FACTOR_LT_ONE,False
2021-2050,MIROC6,SSP2-4.5,351010,R99p,mm,mm year-1,2021,2050,30,67.0,3141.6666666666665,727.7294825706429,1.177508046231104,0.2389927879015219,No significant trend,False,2.44657734890334,0.014421984828482264,Increasing,True,0.15402298850574714,4.473846153846155,-3.4125000000000085,12.662352941176474,0.23163803158747254,129.51241121504358,29,-0.38418098420626373,0.147838413780695,OK,FACTOR_LT_ONE,False
2021-2050,MIROC6,SSP2-4.5,351011,R99p,mm,mm year-1,2021,2050,30,0.0,0.0,0.0,0.0,1.0,No significant trend,False,0.0,1.0,No significant trend,False,0.0,0.0,-0.0,-0.0,1.0,30.0,29,0.0,0.0,NO_VARIATION,ZERO_VARIANCE_RESIDUALS,True
2021-2050,MIROC6,SSP2-4.5,351012,R99p,mm,mm year-1,2021,2050,30,42.0,2808.0,889.3074407182954,0.7737226399988071,0.4390948286289583,No significant trend,False,1.3748581539724989,0.1691754247394187,No significant trend,False,0.09655172413793103,0.0,-0.0,3.9879999999999995,0.316704929030732,94.72539657596835,29,-0.341647535484634,-0.06093320559187292,OK,FACTOR_LT_ONE,True
2021-2050,MIROC6,SSP2-4.5,351201,R99p,mm,mm year-1,2021,2050,30,-5.0,3125.0,410.9597855996454,-0.07155417527999328,0.942956709372643,No significant trend,False,-0.19731510287634696,0.8435809612871974,No significant trend,False,-0.011494252873563218,0.0,-5.3053846153846145,6.098333333333334,0.13150713139188652,228.1245106822464,29,-0.43424643430405674,-0.028627954817441337,OK,FACTOR_LT_ONE,True
2021-2050,MIROC6,SSP5-8.5,351001,PRCPTOT,mm,mm year-1,2021,2050,30,-105.0,3141.6666666666665,370.1077273000087,-1.8554672243641641,0.0635295354198279,No significant trend,False,-5.405915625022554,6.447814621580944e-08,Decreasing,True,-0.2413793103448276,-13.926666666666666,-29.467142857142846,1.045999999999958,0.11780617314589137,254.6555855171354,29,-0.4410969134270543,0.040231083103632735,OK,FACTOR_LT_ONE,False
2021-2050,MIROC6,SSP5-8.5,351002,PRCPTOT,mm,mm year-1,2021,2050,30,-89.0,3141.6666666666665,370.16399525317695,-1.5700107283081388,0.11641261541028022,No significant trend,False,-4.573888624228582,4.7875440307142344e-06,Decreasing,True,-0.2045977011494253,-10.275882352941172,-19.96428571428573,2.731111111111128,0.11782408336971151,254.61687578646558,29,-0.44108795831514425,0.028741602456989878,OK,FACTOR_LT_ONE,False
2021-2050,MIROC6,SSP5-8.5,351003,PRCPTOT,mm,mm year-1,2021,2050,30,-97.0,3141.6666666666665,460.08847932165463,-1.7127389763361516,0.0867605711758845,No significant trend,False,-4.475592668289419,7.6199639100586296e-06,Decreasing,True,-0.22298850574712645,-14.325833333333321,-34.99142857142858,2.008749999999992,0.1464472613225426,204.85190183192663,29,-0.4267763693387287,0.14198906317117999,OK,FACTOR_LT_ONE,False
2021-2050,MIROC6,SSP5-8.5,351004,PRCPTOT,mm,mm year-1,2021,2050,30,-89.0,3141.6666666666665,359.11084194298803,-1.5700107283081388,0.11641261541028022,No significant trend,False,-4.643745535556643,3.421489329589787e-06,Decreasing,True,-0.2045977011494253,-12.106666666666671,-25.51230769230769,1.9069999999999936,0.11430583828424024,262.4537858285075,29,-0.4428470808578799,0.02905557411634234,OK,FACTOR_LT_ONE,False
2021-2050,MIROC6,SSP5-8.5,351005,PRCPTOT,mm,mm year-1,2021,2050,30,-83.0,3141.6666666666665,339.02103190496956,-1.4629645422871294,0.14347708151957062,No significant trend,False,-4.453490514668207,8.44854421435499e-06,Decreasing,True,-0.19080459770114944,-11.733571428571436,-27.884615384615376,2.984347826086951,0.10791120378938024,278.00635102313964,29,-0.4460443981053099,0.0068683478057774364,OK,FACTOR_LT_ONE,False
2021-2050,MIROC6,SSP5-8.5,351006,PRCPTOT,mm,mm year-1,2021,2050,30,-91.0,3141.6666666666665,394.66016213668377,-1.605692790315142,0.10834142617557846,No significant trend,False,-4.5303407052855,5.88886419543145e-06,Decreasing,True,-0.20919540229885059,-13.203333333333342,-31.1433333333333,3.1926666666666734,0.1256212717676447,238.81305751695842,29,-0.43718936411617765,0.13215689086759771,OK,FACTOR_LT_ONE,False
2021-2050,MIROC6,SSP5-8.5,351007,PRCPTOT,mm,mm year-1,2021,2050,30,-97.0,3141.6666666666665,415.1855513426538,-1.7127389763361516,0.0867605711758845,No significant trend,False,-4.711401515676068,2.4601898126134476e-06,Decreasing,True,-0.22298850574712645,-11.226666666666668,-25.416666666666668,1.5894117647058812,0.13215455215150784,227.00693628477262,29,-0.4339227239242461,0.15733804637460277,OK,FACTOR_LT_ONE,False
2021-2050,MIROC6,SSP5-8.5,351008,PRCPTOT,mm,mm year-1,2021,2050,30,-91.0,3141.6666666666665,375.4162745154538,-1.605692790315142,0.10834142617557846,No significant trend,False,-4.645002602248088,3.4007216835257164e-06,Decreasing,True,-0.20919540229885059,-9.713333333333354,-19.659999999999997,1.8811111111111183,0.11949589639749192,251.0546462633981,29,-0.44025205180125404,0.045023700287058,OK,FACTOR_LT_ONE,False
2021-2050,MIROC6,SSP5-8.5,351009,PRCPTOT,mm,mm year-1,2021,2050,30,-95.0,3141.6666666666665,367.29941422422877,-1.6770569143291483,0.09353135296636007,No significant trend,False,-4.904759711153826,9.354177954006512e-07,Decreasing,True,-0.21839080459770116,-10.40333333333334,-20.290454545454534,1.6664285714285743,0.11691228038967494,256.60264174138405,29,-0.44154385980516253,0.013286406114148767,OK,FACTOR_LT_ONE,False
2021-2050,MIROC6,SSP5-8.5,351010,PRCPTOT,mm,mm year-1,2021,2050,30,-89.0,3141.6666666666665,389.7996595834993,-1.5700107283081388,0.11641261541028022,No significant trend,False,-4.457198178816274,8.303783020338662e-06,Decreasing,True,-0.2045977011494253,-11.694444444444445,-25.785000000000025,1.6511764705882315,0.12407416220164436,241.79087303643635,29,-0.4379629188991778,0.15347948674435483,OK,FACTOR_LT_ONE,False
2021-2050,MIROC6,SSP5-8.5,351011,PRCPTOT,mm,mm year-1,2021,2050,30,-99.0,3141.6666666666665,416.82651708713536,-1.7484210383431547,0.08039114754218035,No significant trend,False,-4.8000792305278654,1.5860287116620992e-06,Decreasing,True,-0.22758620689655173,-7.389999999999986,-14.36352941176471,1.4139999999999417,0.1326768754654012,226.11325368318046,29,-0.4336615622672994,0.031019573895530193,OK,FACTOR_LT_ONE,False
2021-2050,MIROC6,SSP5-8.5,351012,PRCPTOT,mm,mm year-1,2021,2050,30,-83.0,3141.6666666666665,356.33520799689865,-1.4629645422871294,0.14347708151957062,No significant trend,False,-4.343946668907455,1.3994550287426812e-05,Decreasing,True,-0.19080459770114944,-14.556000000000024,-31.625999999999998,4.55217391304347,0.11342234737301815,264.49814075296285,29,-0.4432888263134909,0.07707440302331311,OK,FACTOR_LT_ONE,False
2021-2050,MIROC6,SSP5-8.5,351201,PRCPTOT,mm,mm year-1,2021,2050,30,-71.0,3141.6666666666665,337.229804972682,-1.2488721702451104,0.21171183194124243,No significant trend,False,-3.811843521935492,0.00013793419026123378,Decreasing,True,-0.1632183908045977,-10.215000000000032,-27.322500000000005,9.125714285714237,0.10734105198069455,279.48300716668535,29,-0.4463294740096527,-0.044180781451575245,OK,FACTOR_LT_ONE,False
2021-2050,MIROC6,SSP5-8.5,351001,SDII,mm day-1,mm day-1 year-1,2021,2050,30,-95.0,3141.6666666666665,315.09577155006707,-1.6770569143291483,0.09353135296636007,No significant trend,False,-5.295495045146218,1.1869441258291347e-07,Decreasing,True,-0.21839080459770116,-0.10844044256120555,-0.21984957627118645,0.024854258040935773,0.10029573630240862,299.11540715494544,29,-0.4498521318487957,-0.015726698689511327,OK,FACTOR_LT_ONE,False
2021-2050,MIROC6,SSP5-8.5,351002,SDII,mm day-1,mm day-1 year-1,2021,2050,30,-85.0,3141.6666666666665,300.14674079368564,-1.4986466042941324,0.13396533563924473,No significant trend,False,-4.848556604421374,1.2436304621415714e-06,Decreasing,True,-0.19540229885057472,-0.06942486085343244,-0.13860467980295565,0.017248595998595916,0.09553742412531108,314.0130715754978,29,-0.45223128793734446,-0.11186573711405476,OK,FACTOR_LT_ONE,False
2021-2050,MIROC6,SSP5-8.5,351003,SDII,mm day-1,mm day-1 year-1,2021,2050,30,-95.0,3141.6666666666665,354.83008122892755,-1.6770569143291483,0.09353135296636007,No significant trend,False,-4.990196396667299,6.031793419731384e-07,Decreasing,True,-0.21839080459770116,-0.14293103448275868,-0.3003166965518131,0.014557099559672833,0.11294326192963211,265.62009532442164,29,-0.44352836903518394,0.028147009580000184,OK,FACTOR_LT_ONE,False
2021-2050,MIROC6,SSP5-8.5,351004,SDII,mm day-1,mm day-1 year-1,2021,2050,30,-51.0,3141.6666666666665,290.1175969755949,-0.8920515501750789,0.372365302198027,No significant trend,False,-2.935505974063905,0.0033300419906587557,Decreasing,True,-0.11724137931034483,-0.06630304704041269,-0.22695833333333346,0.08468518518518525,0.09234512370575965,324.86826370593593,29,-0.4538274381471202,-0.08750659602130316,OK,FACTOR_LT_ONE,False
2021-2050,MIROC6,SSP5-8.5,351005,SDII,mm day-1,mm day-1 year-1,2021,2050,30,-75.0,3141.6666666666665,281.5980845254358,-1.3202362942591168,0.18675613776082567,No significant trend,False,-4.409779473191935,1.0347593927546285e-05,Decreasing,True,-0.1724137931034483,-0.0971529411764707,-0.21449254861776293,0.036056985294118014,0.08963334255451538,334.6968789181757,29,-0.4551833287227423,-0.14356610133348788,OK,FACTOR_LT_ONE,False
2021-2050,MIROC6,SSP5-8.5,351006,SDII,mm day-1,mm day-1 year-1,2021,2050,30,-105.0,3141.6666666666665,341.34235518386777,-1.8554672243641641,0.0635295354198279,No significant trend,False,-5.6290907332712115,1.8116208657523793e-08,Decreasing,True,-0.2413793103448276,-0.12631632453567948,-0.27916307760704673,0.01045326859719129,0.1086500865306741,276.1157488036643,29,-0.44567495673466295,-0.0020043853482403797,OK,FACTOR_LT_ONE,False
2021-2050,MIROC6,SSP5-8.5,351007,SDII,mm day-1,mm day-1 year-1,2021,2050,30,-89.0,3141.6666666666665,365.1081260099872,-1.5700107283081388,0.11641261541028022,No significant trend,False,-4.605448420316719,4.11577995296704e-06,Decreasing,True,-0.2045977011494253,-0.06408045633933605,-0.15682418001525544,0.01701355603969981,0.11621478811988983,258.1427070111879,29,-0.4418926059400551,-0.014255857932176756,OK,FACTOR_LT_ONE,False
2021-2050,MIROC6,SSP5-8.5,351008,SDII,mm day-1,mm day-1 year-1,2021,2050,30,-99.0,3141.6666666666665,325.6083129489091,-1.7484210383431547,0.08039114754218035,No significant trend,False,-5.430981627673307,5.6044904858494394e-08,Decreasing,True,-0.22758620689655173,-0.05447921780396012,-0.1257341954022989,0.010019813519813514,0.10364190332591272,289.45821175882776,29,-0.44817904833704364,-0.00017367096199039076,OK,FACTOR_LT_ONE,False
2021-2050,MIROC6,SSP5-8.5,351009,SDII,mm day-1,mm day-1 year-1,2021,2050,30,-85.0,3141.6666666666665,357.56083511599735,-1.4986466042941324,0.13396533563924473,No significant trend,False,-4.442263487106365,8.901745783596052e-06,Decreasing,True,-0.19540229885057472,-0.06344402673350041,-0.12287683619580177,0.019934301677660343,0.11381246741092754,263.59150875521385,29,-0.44309376629453623,-0.025837770736561686,OK,FACTOR_LT_ONE,False
2021-2050,MIROC6,SSP5-8.5,351010,SDII,mm day-1,mm day-1 year-1,2021,2050,30,-123.0,3141.6666666666665,446.25358657422964,-2.1766057824271927,0.029509993369559867,Decreasing,True,-5.775225825534162,7.684994352302452e-09,Decreasing,True,-0.2827586206896552,-0.0814582516980144,-0.18004577584738535,-0.008656367988133814,0.1420435819334418,211.20278432613222,29,-0.4289782090332791,-0.007566747614869559,OK,FACTOR_LT_ONE,True
2021-2050,MIROC6,SSP5-8.5,351011,SDII,mm day-1,mm day-1 year-1,2021,2050,30,-47.0,3141.6666666666665,334.5539098670682,-0.8206874261610726,0.41182433473249114,No significant trend,False,-2.514923487030154,0.011905821898582223,Decreasing,True,-0.10804597701149425,-0.0183515560771927,-0.056890151515150755,0.02514637743281985,0.10648930818049918,281.71842331016046,29,-0.4467553459097504,-0.07586369836604512,OK,FACTOR_LT_ONE,False
2021-2050,MIROC6,SSP5-8.5,351012,SDII,mm day-1,mm day-1 year-1,2021,2050,30,-69.0,3141.6666666666665,312.52664991385575,-1.2131901082381074,0.2250571451510026,No significant trend,False,-3.846496879054681,0.00011981865630687074,Decreasing,True,-0.15862068965517243,-0.0731795171339571,-0.22702981651376175,0.039927266375285875,0.09947797875242093,301.5742818283781,29,-0.45026101062378954,-0.13715815671427722,OK,FACTOR_LT_ONE,False
2021-2050,MIROC6,SSP5-8.5,351201,SDII,mm day-1,mm day-1 year-1,2021,2050,30,-57.0,3141.6666666666665,364.4771920718506,-0.9990977361960883,0.31774734769908775,No significant trend,False,-2.933275458560522,0.00335406167781412,Decreasing,True,-0.1310344827586207,-0.06885083988176778,-0.18139378478664203,0.07986411736411744,0.11601396034117262,258.58956897752927,29,-0.4419930198294137,-0.15923052188287828,OK,FACTOR_LT_ONE,False
2021-2050,MIROC6,SSP5-8.5,351001,Rx1day,mm,mm year-1,2021,2050,30,-21.0,3141.6666666666665,511.68456384661255,-0.35682062007003157,0.7212260985001633,No significant trend,False,-0.8841558765786348,0.3766120733240724,No significant trend,False,-0.04827586206896552,-0.22692307692307714,-1.4678571428571427,0.8243749999999999,0.1628704182005133,184.19551156961083,29,-0.41856479089974336,0.09547868985730726,OK,FACTOR_LT_ONE,True
2021-2050,MIROC6,SSP5-8.5,351002,Rx1day,mm,mm year-1,2021,2050,30,-9.0,3141.6666666666665,376.20451614886736,-0.14272824802801262,0.8865048064138312,No significant trend,False,-0.4124563409038411,0.6800049747875603,No significant trend,False,-0.020689655172413793,-0.054999999999999716,-0.772666666666667,0.8631250000000001,0.11974679559115142,250.52862460243423,29,-0.4401266022044243,0.0793802204759289,OK,FACTOR_LT_ONE,True
2021-2050,MIROC6,SSP5-8.5,351003,Rx1day,mm,mm year-1,2021,2050,30,-39.0,3141.6666666666665,987.4509373111545,-0.67795917813306,0.4977975765265772,No significant trend,False,-1.2092771130223914,0.22655640062789872,No significant trend,False,-0.0896551724137931,-0.6009090909090902,-2.798571428571428,1.3247826086956522,0.3143079906560704,95.44778017695171,29,-0.3428460046719648,0.19154818584993485,OK,FACTOR_LT_ONE,True
2021-2050,MIROC6,SSP5-8.5,351004,Rx1day,mm,mm year-1,2021,2050,30,13.0,3141.6666666666665,341.0527078258923,0.21409237204201895,0.8304750241244809,No significant trend,False,0.6497862170196708,0.5158303231929073,No significant trend,False,0.029885057471264367,0.2773333333333331,-1.702857142857143,2.16,0.10855789108516467,276.3502468601267,29,-0.44572105445741766,0.11389266200072612,OK,FACTOR_LT_ONE,True
2021-2050,MIROC6,SSP5-8.5,351005,Rx1day,mm,mm year-1,2021,2050,30,-7.0,3141.6666666666665,354.1858730310987,-0.10704618602100947,0.9147523390847367,No significant trend,False,-0.3188127143471436,0.7498685363506759,No significant trend,False,-0.016091954022988506,-0.04133333333333364,-1.3633333333333333,1.0318181818181826,0.11273820892236563,266.1032163519535,29,-0.4436308955388172,0.07086410823969022,OK,FACTOR_LT_ONE,True
2021-2050,MIROC6,SSP5-8.5,351006,Rx1day,mm,mm year-1,2021,2050,30,-31.0,3141.6666666666665,314.38323721928145,-0.5352309301050473,0.5924901808547871,No significant trend,False,-1.6919657361245912,0.09065250682730758,No significant trend,False,-0.07126436781609195,-0.3444444444444446,-2.0172222222222222,1.6340000000000003,0.10006893492390923,299.79333769077795,29,-0.4499655325380454,0.011879069687444893,OK,FACTOR_LT_ONE,True
2021-2050,MIROC6,SSP5-8.5,351007,Rx1day,mm,mm year-1,2021,2050,30,-11.0,3141.6666666666665,547.840384593123,-0.17841031003501578,0.8584007529637274,No significant trend,False,-0.4272410544251486,0.6692037616285391,No significant trend,False,-0.02528735632183908,-0.13250000000000028,-1.4577777777777783,1.1324999999999996,0.17437890225775798,172.0391607675998,29,-0.412810548871121,0.025232679958169763,OK,FACTOR_LT_ONE,True
2021-2050,MIROC6,SSP5-8.5,351008,Rx1day,mm,mm year-1,2021,2050,30,-17.0,3141.6666666666665,403.2426845071685,-0.28545649605602524,0.7752944295177846,No significant trend,False,-0.7967768988702669,0.42558061388082424,No significant trend,False,-0.03908045977011494,-0.10888888888888894,-0.9009090909090912,0.6053846153846157,0.1283531091269502,233.7302166192788,29,-0.4358234454365249,0.08909935375970914,OK,FACTOR_LT_ONE,True
2021-2050,MIROC6,SSP5-8.5,351009,Rx1day,mm,mm year-1,2021,2050,30,-33.0,3141.6666666666665,486.0792556891126,-0.5709129921120505,0.568058623631595,No significant trend,False,-1.4514311341130324,0.1466598454712542,No significant trend,False,-0.07586206896551724,-0.12294117647058801,-0.8358333333333329,0.45999999999999974,0.1547201874872507,193.89842067294592,29,-0.42263990625637465,0.031133631825853072,OK,FACTOR_LT_ONE,True
2021-2050,MIROC6,SSP5-8.5,351010,Rx1day,mm,mm year-1,2021,2050,30,-1.0,3141.6666666666665,759.4016918355436,0.0,1.0,No significant trend,False,0.0,1.0,No significant trend,False,-0.0022988505747126436,-0.021499999999999984,-1.5899999999999987,1.0080000000000013,0.2417193714065391,124.11086387256933,29,-0.37914031429673045,0.029970756313074085,OK,FACTOR_LT_ONE,True
2021-2050,MIROC6,SSP5-8.5,351011,Rx1day,mm,mm year-1,2021,2050,30,-11.0,3141.6666666666665,515.6356012036098,-0.17841031003501578,0.8584007529637274,No significant trend,False,-0.4403809789771596,0.659661198899685,No significant trend,False,-0.02528735632183908,-0.04999999999999994,-0.3423529411764706,0.260909090909091,0.1641280428234302,182.78412076280077,29,-0.4179359785882849,0.07736028507369788,OK,FACTOR_LT_ONE,True
2021-2050,MIROC6,SSP5-8.5,351012,Rx1day,mm,mm year-1,2021,2050,30,-33.0,3141.6666666666665,343.1658775476547,-0.5709129921120505,0.568058623631595,No significant trend,False,-1.7274199443261076,0.08409227129123151,No significant trend,False,-0.07586206896551724,-0.5313333333333332,-2.297777777777777,1.0489999999999995,0.10923051805230388,274.64851888402484,29,-0.44538474097384806,-0.021130426222478918,OK,FACTOR_LT_ONE,True
2021-2050,MIROC6,SSP5-8.5,351201,Rx1day,mm,mm year-1,2021,2050,30,-43.0,3141.6666666666665,577.5594931278562,-0.7493233021470662,0.45366236627030876,No significant trend,False,-1.7476357780052734,0.08052711592041134,No significant trend,False,-0.09885057471264368,-0.32791666666666625,-1.4926315789473683,0.8887499999999999,0.18383856545183752,163.18665197515085,29,-0.40808071727408124,0.15317834239099096,OK,FACTOR_LT_ONE,True
2021-2050,MIROC6,SSP5-8.5,351001,Rx5day,mm,mm year-1,2021,2050,30,-67.0,3141.6666666666665,585.6292468404029,-1.177508046231104,0.2389927879015219,No significant trend,False,-2.7272977658653508,0.006385538674929372,Decreasing,True,-0.15402298850574714,-2.329999999999984,-7.1660714285714295,1.3460000000000008,0.18640718732320516,160.9380004644564,29,-0.4067964063383974,0.08340409278456364,OK,FACTOR_LT_ONE,False
2021-2050,MIROC6,SSP5-8.5,351002,Rx5day,mm,mm year-1,2021,2050,30,-25.0,3141.6666666666665,538.3163785464772,-0.4281847440840379,0.6685166224807093,No significant trend,False,-1.0344093676786206,0.3009448269156161,No significant trend,False,-0.05747126436781609,-0.5000000000000142,-3.3642105263157895,1.9600000000000009,0.17134738839675667,175.08291361018405,29,-0.41432630580162166,0.039918965350958124,OK,FACTOR_LT_ONE,True
2021-2050,MIROC6,SSP5-8.5,351003,Rx5day,mm,mm year-1,2021,2050,30,-93.0,3141.6666666666665,956.9562775190998,-1.6413748523221452,0.1007196267645143,No significant trend,False,-2.9740055831486276,0.002939397267952246,Decreasing,True,-0.21379310344827587,-3.08222222222222,-9.112857142857143,0.8000000000000114,0.3046014676453368,98.48934816995218,29,-0.3476992661773316,0.07773696909150803,OK,FACTOR_LT_ONE,False
2021-2050,MIROC6,SSP5-8.5,351004,Rx5day,mm,mm year-1,2021,2050,30,-39.0,3141.6666666666665,783.0226985494942,-0.67795917813306,0.4977975765265772,No significant trend,False,-1.357989527417075,0.17446700724458608,No significant trend,False,-0.0896551724137931,-1.1733333333333296,-6.8245833333333366,2.60076923076923,0.24923799423326076,120.36688102987672,29,-0.3753810028833696,0.10206612072658142,OK,FACTOR_LT_ONE,True
2021-2050,MIROC6,SSP5-8.5,351005,Rx5day,mm,mm year-1,2021,2050,30,-29.0,3141.6666666666665,606.2844045982212,-0.49954886809804416,0.617392769071009,No significant trend,False,-1.1371554387055807,0.2554733116585064,No significant trend,False,-0.06666666666666667,-0.987272727272726,-5.658571428571429,2.3990909090909103,0.1929817733469139,155.4550954719981,29,-0.40350911332654305,0.06816940160519108,OK,FACTOR_LT_ONE,True
2021-2050,MIROC6,SSP5-8.5,351006,Rx5day,mm,mm year-1,2021,2050,30,-75.0,3141.6666666666665,400.0802003728379,-1.3202362942591168,0.18675613776082567,No significant trend,False,-3.699629129044672,0.00021591476055405481,Decreasing,True,-0.1724137931034483,-2.0222222222222226,-6.321428571428569,1.4184000000000014,0.12734648287729589,235.57776643824832,29,-0.43632675856135206,-0.10935830347775906,OK,FACTOR_LT_ONE,False
2021-2050,MIROC6,SSP5-8.5,351007,Rx5day,mm,mm year-1,2021,2050,30,-79.0,3141.6666666666665,680.3167579189161,-1.391600418273123,0.16404343214420547,No significant trend,False,-2.9904670272214897,0.002785512004274256,Decreasing,True,-0.18160919540229886,-1.4549999999999983,-4.610000000000004,0.907894736842106,0.21654644814395207,138.53840715067793,29,-0.39172677592802396,-0.05971941355055299,OK,FACTOR_LT_ONE,False
2021-2050,MIROC6,SSP5-8.5,351008,Rx5day,mm,mm year-1,2021,2050,30,-53.0,3141.6666666666665,513.7378982345092,-0.9277336121820821,0.353545768449924,No significant trend,False,-2.294206687198628,0.021778629382851064,Decreasing,True,-0.12183908045977011,-0.8600000000000023,-3.9312500000000004,1.2520000000000011,0.16352399943804008,183.45930935579352,29,-0.41823800028097996,0.03880255880325817,OK,FACTOR_LT_ONE,False
2021-2050,MIROC6,SSP5-8.5,351009,Rx5day,mm,mm year-1,2021,2050,30,-34.0,3140.6666666666665,364.44849838877525,-0.5888477463959393,0.555963413214505,No significant trend,False,-1.7286053678751336,0.08387974827187859,No significant trend,False,-0.07816091954022988,-0.9957142857142856,-3.606428571428574,1.1944444444444429,0.11604176344367712,258.527612039962,29,-0.44197911827816144,0.02674981155596068,OK,FACTOR_LT_ONE,True
2021-2050,MIROC6,SSP5-8.5,351010,Rx5day,mm,mm year-1,2021,2050,30,-73.0,3141.6666666666665,706.037811148436,-1.2845542322521135,0.1989481007752456,No significant trend,False,-2.709683186081797,0.0067347503503863235,Decreasing,True,-0.167816091954023,-1.4812499999999993,-4.648235294117647,0.8926315789473689,0.22473352078995312,133.49143418635558,29,-0.38763323960502344,-0.08344959994355752,OK,FACTOR_LT_ONE,False
2021-2050,MIROC6,SSP5-8.5,351011,Rx5day,mm,mm year-1,2021,2050,30,-7.0,3141.6666666666665,474.33596807608296,-0.10704618602100947,0.9147523390847367,No significant trend,False,-0.2754915113153128,0.782938646594647,No significant trend,False,-0.016091954022988506,-0.07565217391304264,-1.7774999999999999,0.9030769230769238,0.15098227100564976,198.6988260289011,29,-0.4245088644971751,0.015463540412971575,OK,FACTOR_LT_ONE,True
2021-2050,MIROC6,SSP5-8.5,351012,Rx5day,mm,mm year-1,2021,2050,30,-49.0,3141.6666666666665,282.52833412748146,-0.8563694881680758,0.3917934361895805,No significant trend,False,-2.8556845572384755,0.0042944156004495835,Decreasing,True,-0.11264367816091954,-2.1729411764705864,-6.549090909090908,2.5162499999999994,0.08992944322360152,333.5948597547488,29,-0.45503527838819924,-0.14916985979811967,OK,FACTOR_LT_ONE,False
2021-2050,MIROC6,SSP5-8.5,351201,Rx5day,mm,mm year-1,2021,2050,30,-51.0,3141.6666666666665,316.13930783797446,-0.8920515501750789,0.372365302198027,No significant trend,False,-2.812099966870717,0.004921920382305951,Decreasing,True,-0.11724137931034483,-1.5723529411764716,-5.608333333333339,1.9500000000000028,0.10062789639405023,298.12806463252065,29,-0.4496860518029749,-0.016357156820255854,OK,FACTOR_LT_ONE,False
2021-2050,MIROC6,SSP5-8.5,351001,CDD,days,days year-1,2021,2050,30,76.0,3138.6666666666665,641.7436933293994,1.3387166529835062,0.18066293286154778,No significant trend,False,2.9606049348453416,0.003070355071501954,Increasing,True,0.17471264367816092,0.6086956521739131,-0.26666666666666666,1.6153846153846154,0.20446379354165234,146.72524401680218,29,-0.39776810322917383,-0.23076749751006445,OK,FACTOR_LT_ONE,False
2021-2050,MIROC6,SSP5-8.5,351002,CDD,days,days year-1,2021,2050,30,21.0,3130.3333333333335,474.3876121308337,0.3574659688116919,0.7207429984278451,No significant trend,False,0.9182550508659977,0.35848535369823065,No significant trend,False,0.04827586206896552,0.16666666666666666,-0.6875,1.1,0.1515453984019275,197.9604812574661,29,-0.42422730079903626,-0.3843919697569763,OK,FACTOR_LT_ONE,True
2021-2050,MIROC6,SSP5-8.5,351003,CDD,days,days year-1,2021,2050,30,72.0,3134.0,605.977645530445,1.2682616275198044,0.204704535503493,No significant trend,False,2.8842310442042676,0.003923707630404987,Increasing,True,0.16551724137931034,0.39285714285714285,-0.2727272727272727,1.0,0.1933559813434732,155.15423826847476,29,-0.4033220093282634,-0.12631516581899313,OK,FACTOR_LT_ONE,False
2021-2050,MIROC6,SSP5-8.5,351004,CDD,days,days year-1,2021,2050,30,68.0,3134.0,287.3368272594125,1.196810268222914,0.2313805150943784,No significant trend,False,3.9525662381740183,7.731751693311936e-05,Increasing,True,0.15632183908045977,0.5,-0.29411764705882354,1.3333333333333333,0.09168373556458598,327.2117984205247,29,-0.454158132217707,-0.3673626531161841,OK,FACTOR_LT_ONE,False
2021-2050,MIROC6,SSP5-8.5,351005,CDD,days,days year-1,2021,2050,30,16.0,3126.6666666666665,383.3657031368289,0.2682566317336501,0.7885017859895598,No significant trend,False,0.7660985325496583,0.4436176760929472,No significant trend,False,0.0367816091954023,0.07142857142857142,-0.6428571428571429,0.875,0.12261163213331416,244.67499109204712,29,-0.4386941839333429,-0.37076522919352833,OK,FACTOR_LT_ONE,True
2021-2050,MIROC6,SSP5-8.5,351006,CDD,days,days year-1,2021,2050,30,16.0,3136.6666666666665,491.5696437767393,0.26782867618584116,0.7888311964383878,No significant trend,False,0.676548181709372,0.49869266605606744,No significant trend,False,0.0367816091954023,0.10526315789473684,-0.6666666666666666,0.75,0.15671720843041637,191.42760581598944,29,-0.4216413957847918,0.05907654662535678,OK,FACTOR_LT_ONE,True
2021-2050,MIROC6,SSP5-8.5,351007,CDD,days,days year-1,2021,2050,30,-65.0,3125.0,648.959601510958,-1.1448668044798924,0.2522643368215287,No significant trend,False,-2.5122979434143256,0.011994777199473505,Decreasing,True,-0.14942528735632185,-0.2857142857142857,-0.8181818181818182,0.2962962962962963,0.20766707248350658,144.46199698983418,29,-0.3961664637582467,-7.253531048284505e-05,OK,FACTOR_LT_ONE,False
2021-2050,MIROC6,SSP5-8.5,351008,CDD,days,days year-1,2021,2050,30,68.0,3131.3333333333335,1449.455142534876,1.1973197660187576,0.23118194307527484,No significant trend,False,1.75983687285502,0.07843546919723816,No significant trend,False,0.15632183908045977,0.6,-0.26666666666666666,1.3529411764705883,0.46288752688999657,64.81056035698577,29,-0.2685562365550017,0.1704682164005414,OK,FACTOR_LT_ONE,True
2021-2050,MIROC6,SSP5-8.5,351009,CDD,days,days year-1,2021,2050,30,66.0,3130.6666666666665,1392.88373136702,1.1617025483758292,0.24535631021398796,No significant trend,False,1.741630107276713,0.08157318960863584,No significant trend,False,0.15172413793103448,0.5,-0.26666666666666666,1.3636363636363635,0.44491601300053873,67.428456435358,29,-0.27754199349973063,0.2625917834430356,OK,FACTOR_LT_ONE,True
2021-2050,MIROC6,SSP5-8.5,351010,CDD,days,days year-1,2021,2050,30,-28.0,3134.6666666666665,302.45187105768883,-0.48224538619391366,0.6296316388064724,No significant trend,False,-1.5525143618454547,0.12053919899007855,No significant trend,False,-0.06436781609195402,-0.17647058823529413,-0.9375,0.5263157894736842,0.09648613496098113,310.92550253082436,29,-0.45175693251950944,-0.27176135301018406,OK,FACTOR_LT_ONE,True
2021-2050,MIROC6,SSP5-8.5,351011,CDD,days,days year-1,2021,2050,30,-19.0,3105.6666666666665,461.7181697519076,-0.3229944684347957,0.746699431289372,No significant trend,False,-0.8376913334840201,0.4022040820606253,No significant trend,False,-0.04367816091954023,0.0,-0.375,0.375,0.14866958347705517,201.7897628981387,29,-0.4256652082614724,-0.30162663616723867,OK,FACTOR_LT_ONE,True
2021-2050,MIROC6,SSP5-8.5,351012,CDD,days,days year-1,2021,2050,30,-14.0,3129.3333333333335,585.8312360721422,-0.23239000174297084,0.8162351138405952,No significant trend,False,-0.5371023965499567,0.5911968854780825,No significant trend,False,-0.03218390804597701,-0.045454545454545456,-0.875,0.5,0.18720640266472377,160.25092931104675,29,-0.4063967986676381,-0.11990749556232655,OK,FACTOR_LT_ONE,True
2021-2050,MIROC6,SSP5-8.5,351201,CDD,days,days year-1,2021,2050,30,40.0,3134.0,606.4987556812792,0.6966507531446813,0.4860213853408394,No significant trend,False,1.583615157512662,0.11328132247560942,No significant trend,False,0.09195402298850575,0.2727272727272727,-0.6,1.2222222222222223,0.1935222577157879,155.02092810460502,29,-0.40323887114210605,-0.0721625355773544,OK,FACTOR_LT_ONE,True
2021-2050,MIROC6,SSP5-8.5,351001,CWD,days,days year-1,2021,2050,30,19.0,3092.3333333333335,466.5604752083898,0.32369005332232936,0.7461727020828244,No significant trend,False,0.8333329089434488,0.40465700120842485,No significant trend,False,0.04367816091954023,0.0,-0.1,0.16666666666666666,0.15087651456561058,198.83810337462506,29,-0.4245617427171947,-0.26539056457849963,OK,FACTOR_LT_ONE,True
2021-2050,MIROC6,SSP5-8.5,351002,CWD,days,days year-1,2021,2050,30,28.0,3080.0,554.7926765992139,0.4865062298556018,0.626608289405445,No significant trend,False,1.1463002954307584,0.2516709207378166,No significant trend,False,0.06436781609195402,0.0,-0.09090909090909091,0.16666666666666666,0.18012749240234216,166.54870169951866,29,-0.4099362537988289,-0.2111629975539248,OK,FACTOR_LT_ONE,True
2021-2050,MIROC6,SSP5-8.5,351003,CWD,days,days year-1,2021,2050,30,19.0,3077.6666666666665,191.9152508296409,0.32446041152708704,0.7455894894423789,No significant trend,False,1.2993248995865048,0.1938324527320071,No significant trend,False,0.04367816091954023,0.0,-0.1111111111111111,0.15789473684210525,0.062357386817818994,481.0977741521927,29,-0.4688213065910905,-0.392435142794855,OK,FACTOR_LT_ONE,True
2021-2050,MIROC6,SSP5-8.5,351004,CWD,days,days year-1,2021,2050,30,11.0,3067.0,376.13028539761626,0.18056896636453065,0.8567059166725309,No significant trend,False,0.5156212985182869,0.6061189317887081,No significant trend,False,0.02528735632183908,0.0,-0.09090909090909091,0.125,0.12263784981989445,244.6226841391781,29,-0.4386810750900528,-0.29958437240232755,OK,FACTOR_LT_ONE,True
2021-2050,MIROC6,SSP5-8.5,351005,CWD,days,days year-1,2021,2050,30,17.0,3065.0,494.08469945355006,0.2890045919356118,0.7725778635766112,No significant trend,False,0.7198123275008863,0.4716405537958207,No significant trend,False,0.03908045977011494,0.0,-0.09523809523809523,0.13636363636363635,0.16120218579234913,186.10169491525494,29,-0.41939890710382544,-0.24364754098360658,OK,FACTOR_LT_ONE,True
2021-2050,MIROC6,SSP5-8.5,351006,CWD,days,days year-1,2021,2050,30,30.0,3064.6666666666665,581.9447233844693,0.5238493092102546,0.6003833541526499,No significant trend,False,1.2021457642763198,0.22930705807194085,No significant trend,False,0.06896551724137931,0.0,-0.09090909090909091,0.15384615384615385,0.18988842398884143,157.9875137715763,29,-0.4050557880055793,-0.19748953974895406,OK,FACTOR_LT_ONE,True
2021-2050,MIROC6,SSP5-8.5,351007,CWD,days,days year-1,2021,2050,30,43.0,3088.3333333333335,575.56682349915,0.7557657489211256,0.4497896556996491,No significant trend,False,1.7506584086059136,0.08000476770470004,No significant trend,False,0.09885057471264368,0.05,-0.125,0.26666666666666666,0.1863681025901187,160.9717520491117,29,-0.40681594870494064,-0.03950791161636331,OK,FACTOR_LT_ONE,True
2021-2050,MIROC6,SSP5-8.5,351008,CWD,days,days year-1,2021,2050,30,26.0,3100.6666666666665,900.3102071656203,0.44896498185763073,0.6534569181620193,No significant trend,False,0.8331897560193325,0.4047377190697944,No significant trend,False,0.059770114942528735,0.0,-0.11764705882352941,0.2,0.2903602044180672,103.3199437923157,29,-0.3548198977909664,-0.06366221562809106,OK,FACTOR_LT_ONE,True
2021-2050,MIROC6,SSP5-8.5,351009,CWD,days,days year-1,2021,2050,30,9.0,3080.3333333333335,1079.143618293571,0.1441421943400232,0.8853881863389542,No significant trend,False,0.24352881953256345,0.8075957622235673,No significant trend,False,0.020689655172413793,0.0,-0.16666666666666666,0.18181818181818182,0.3503333897717469,85.6327169372749,29,-0.32483330511412656,0.03398640640495373,OK,FACTOR_LT_ONE,True
2021-2050,MIROC6,SSP5-8.5,351010,CWD,days,days year-1,2021,2050,30,64.0,3049.3333333333335,890.6772801997631,1.1408750927523965,0.25392190568915074,No significant trend,False,2.1109617413651587,0.03477560044865668,Increasing,True,0.1471264367816092,0.05263157894736842,-0.0,0.2,0.292089182400447,102.70835692528574,29,-0.3539554087997765,-0.1505632807775574,OK,FACTOR_LT_ONE,False
2021-2050,MIROC6,SSP5-8.5,351011,CWD,days,days year-1,2021,2050,30,-155.0,3115.6666666666665,394.8005063495674,-2.7589588744352214,0.005798583179919464,Decreasing,True,-7.750538364664215,9.150376798294045e-15,Decreasing,True,-0.3563218390804598,-0.4,-0.7,-0.125,0.12671461635270165,236.75248257467797,29,-0.4366426918236492,-0.12079236524112658,OK,FACTOR_LT_ONE,True
2021-2050,MIROC6,SSP5-8.5,351012,CWD,days,days year-1,2021,2050,30,-32.0,3048.0,429.69346432669937,-0.5615057559017194,0.5744528075681645,No significant trend,False,-1.4954858900098877,0.13478767964844765,No significant trend,False,-0.0735632183908046,0.0,-0.16666666666666666,0.07142857142857142,0.14097554603894336,212.80286434721623,29,-0.4295122269805283,-0.027712934195426423,OK,FACTOR_LT_ONE,True
2021-2050,MIROC6,SSP5-8.5,351201,CWD,days,days year-1,2021,2050,30,44.0,3054.6666666666665,835.5998974753277,0.778012442688251,0.4365616779387629,No significant trend,False,1.487542102442768,0.1368716920023751,No significant trend,False,0.10114942528735632,0.0,-0.06666666666666667,0.15789473684210525,0.2735486351403299,109.66971187631793,29,-0.36322568242983505,-0.07151095732410614,OK,FACTOR_LT_ONE,True
2021-2050,MIROC6,SSP5-8.5,351001,R10mm,days,days year-1,2021,2050,30,-75.0,3131.0,436.28333464151973,-1.3224832675589853,0.18600727752989554,No significant trend,False,-3.542806295771342,0.00039589338005301117,Decreasing,True,-0.1724137931034483,-0.42857142857142855,-0.8571428571428571,0.15384615384615385,0.13934312827899065,215.2958697750381,29,-0.4303284358605047,-0.005555518178826281,OK,FACTOR_LT_ONE,False
2021-2050,MIROC6,SSP5-8.5,351002,R10mm,days,days year-1,2021,2050,30,-90.0,3129.3333333333335,367.6137295068448,-1.5909777042403388,0.11161459352191568,No significant trend,False,-4.641882523923952,3.4524914454687122e-06,Decreasing,True,-0.20689655172413793,-0.36363636363636365,-0.8,0.09523809523809523,0.11747349685987796,255.37675136872713,29,-0.441263251570061,-0.05017193901994603,OK,FACTOR_LT_ONE,False
2021-2050,MIROC6,SSP5-8.5,351003,R10mm,days,days year-1,2021,2050,30,-96.0,3132.0,408.660679668059,-1.6975115134931753,0.08959999623871318,No significant trend,False,-4.699397470721972,2.6093017987705977e-06,Decreasing,True,-0.2206896551724138,-0.3333333333333333,-0.75,0.0625,0.1304791442107468,229.92180230385873,29,-0.4347604278946266,-0.00788137664637791,OK,FACTOR_LT_ONE,False
2021-2050,MIROC6,SSP5-8.5,351004,R10mm,days,days year-1,2021,2050,30,-87.0,3133.0,415.8008310182378,-1.5364493703765867,0.12442820612324494,No significant trend,False,-4.217506637524156,2.470185509231775e-05,Decreasing,True,-0.2,-0.4,-0.8461538461538461,0.1111111111111111,0.13271651165599674,226.04572427099703,29,-0.43364174417200163,0.038676168619398515,OK,FACTOR_LT_ONE,False
2021-2050,MIROC6,SSP5-8.5,351005,R10mm,days,days year-1,2021,2050,30,-69.0,3128.3333333333335,463.72690742425794,-1.2157727404493897,0.2240715057101509,No significant trend,False,-3.157750151000568,0.0015899176115068401,Decreasing,True,-0.15862068965517243,-0.35294117647058826,-0.8181818181818182,0.16666666666666666,0.14823449358260776,202.38204533199064,29,-0.4258827532086961,0.02181861317579458,OK,FACTOR_LT_ONE,False
2021-2050,MIROC6,SSP5-8.5,351006,R10mm,days,days year-1,2021,2050,30,-104.0,3122.6666666666665,473.50372198409536,-1.8432082730475452,0.06529860745710901,No significant trend,False,-4.733425282556204,2.2076225279610706e-06,Decreasing,True,-0.23908045977011494,-0.3333333333333333,-0.8571428571428571,-0.0,0.1516344113954191,197.84427376295605,29,-0.42418279430229044,-0.012081114430445567,OK,FACTOR_LT_ONE,False
2021-2050,MIROC6,SSP5-8.5,351007,R10mm,days,days year-1,2021,2050,30,-110.0,3125.3333333333335,458.7608799493296,-1.949747292630369,0.05120624650827273,No significant trend,False,-5.089010060063584,3.599375206932806e-07,Decreasing,True,-0.25287356321839083,-0.45454545454545453,-0.8571428571428571,-0.0,0.1467878242158691,204.37662428922852,29,-0.42660608789206544,-0.0034730280721111885,OK,FACTOR_LT_ONE,False
2021-2050,MIROC6,SSP5-8.5,351008,R10mm,days,days year-1,2021,2050,30,-73.0,3133.0,387.44362715541814,-1.2863297054315608,0.19832801956621815,No significant trend,False,-3.6578697376343086,0.0002543202351479851,Decreasing,True,-0.167816091954023,-0.3333333333333333,-0.8,0.15384615384615385,0.12366537732378491,242.5901303115178,29,-0.43816731133810755,-0.06585909374592307,OK,FACTOR_LT_ONE,False
2021-2050,MIROC6,SSP5-8.5,351009,R10mm,days,days year-1,2021,2050,30,-75.0,3124.3333333333335,389.806729520674,-1.3238934655151502,0.18553842871936876,No significant trend,False,-3.748064478704769,0.00017820444786319312,Decreasing,True,-0.1724137931034483,-0.35714285714285715,-0.8461538461538461,0.16666666666666666,0.1247647699308676,240.45249325288748,29,-0.4376176150345662,-0.08766840725533502,OK,FACTOR_LT_ONE,False
2021-2050,MIROC6,SSP5-8.5,351010,R10mm,days,days year-1,2021,2050,30,-108.0,3126.6666666666665,469.83503029736465,-1.9135639730333707,0.05567589207199097,No significant trend,False,-4.936408377097482,7.957439463637612e-07,Decreasing,True,-0.2482758620689655,-0.39285714285714285,-0.75,-0.0,0.15026706725928507,199.64454319345404,29,-0.42486646637035747,-0.03270705443000738,OK,FACTOR_LT_ONE,False
2021-2050,MIROC6,SSP5-8.5,351011,R10mm,days,days year-1,2021,2050,30,-58.0,3129.3333333333335,569.0453324201465,-1.018940776873026,0.308231083416738,No significant trend,False,-2.3894691234508083,0.016872742060391452,Decreasing,True,-0.13333333333333333,-0.2222222222222222,-0.6875,0.2,0.18184235164682994,164.97806879590578,29,-0.40907882417658503,0.056115367381064256,OK,FACTOR_LT_ONE,False
2021-2050,MIROC6,SSP5-8.5,351012,R10mm,days,days year-1,2021,2050,30,-94.0,3130.0,324.8332928183352,-1.6623052625623524,0.09645158316921207,No significant trend,False,-5.160035402276604,2.4690314901837893e-07,Decreasing,True,-0.2160919540229885,-0.4,-0.9047619047619048,0.07142857142857142,0.1037806047342924,289.0713546795035,29,-0.4481096976328538,-0.01943598277152878,OK,FACTOR_LT_ONE,False
2021-2050,MIROC6,SSP5-8.5,351201,R10mm,days,days year-1,2021,2050,30,-69.0,3135.0,504.2178886483708,-1.2144793648274583,0.22456472498881008,No significant trend,False,-3.0283062156334832,0.002459287484808128,Decreasing,True,-0.15862068965517243,-0.4117647058823529,-1.0,0.23529411764705882,0.16083505220043726,186.5265039527151,29,-0.41958247389978137,0.05085067545049258,OK,FACTOR_LT_ONE,False
2021-2050,MIROC6,SSP5-8.5,351001,R20mm,days,days year-1,2021,2050,30,-123.0,3129.0,318.8375524820943,-2.1810069479776715,0.029182902583416326,Decreasing,True,-6.83242852769641,8.348900552983207e-12,Decreasing,True,-0.2827586206896552,-0.3333333333333333,-0.5555555555555556,-0.05,0.10189758788178149,294.4132498485155,29,-0.44905120605910925,-0.10261793035317363,OK,FACTOR_LT_ONE,True
2021-2050,MIROC6,SSP5-8.5,351002,R20mm,days,days year-1,2021,2050,30,-115.0,3117.0,276.19292104948204,-2.041909314278724,0.041160527682143455,Decreasing,True,-6.859596652315929,6.905524455200961e-12,Decreasing,True,-0.26436781609195403,-0.2,-0.38461538461538464,-0.0,0.08860857268189992,338.567692628324,29,-0.45569571365905004,-0.15617551512474356,OK,FACTOR_LT_ONE,True
2021-2050,MIROC6,SSP5-8.5,351003,R20mm,days,days year-1,2021,2050,30,-105.0,3126.3333333333335,317.26645227532146,-1.8600117970796892,0.0628838569196993,No significant trend,False,-5.8387685916040954,5.258805104426022e-09,Decreasing,True,-0.2413793103448276,-0.3076923076923077,-0.6,-0.0,0.10148196575604695,295.61902724782806,29,-0.4492590171219765,0.08720008832483378,OK,FACTOR_LT_ONE,False
2021-2050,MIROC6,SSP5-8.5,351004,R20mm,days,days year-1,2021,2050,30,-101.0,3123.0,258.14834973673777,-1.7894270903167298,0.07354605971941437,No significant trend,False,-6.223938941525545,4.848258243643088e-10,Decreasing,True,-0.23218390804597702,-0.2222222222222222,-0.46153846153846156,-0.0,0.0826603745554716,362.9308500152954,29,-0.4586698127222642,-0.12110365464319642,OK,FACTOR_LT_ONE,False
2021-2050,MIROC6,SSP5-8.5,351005,R20mm,days,days year-1,2021,2050,30,-107.0,3122.3333333333335,310.5559648479669,-1.8969952022818921,0.05782857130434709,No significant trend,False,-6.015004099772856,1.7988214757141102e-09,Decreasing,True,-0.24597701149425288,-0.2857142857142857,-0.5454545454545454,-0.0,0.09946278366007266,301.62035382529615,29,-0.45026860816996367,-0.09776373186869526,OK,FACTOR_LT_ONE,False
2021-2050,MIROC6,SSP5-8.5,351006,R20mm,days,days year-1,2021,2050,30,-114.0,3124.0,377.2683485666432,-2.02172895417475,0.043204360935765566,Decreasing,True,-5.817725929576482,5.9653604190257355e-09,Decreasing,True,-0.2620689655172414,-0.3333333333333333,-0.6111111111111112,-0.0,0.12076451618650552,248.41734101487887,29,-0.43961774190674724,0.011654818536533239,OK,FACTOR_LT_ONE,True
2021-2050,MIROC6,SSP5-8.5,351007,R20mm,days,days year-1,2021,2050,30,-102.0,3126.0,351.7628643304647,-1.8064539163121314,0.07084746627954569,No significant trend,False,-5.385132323924389,7.239137146874807e-08,Decreasing,True,-0.23448275862068965,-0.2857142857142857,-0.5882352941176471,-0.0,0.11252810759131948,266.60005790690315,29,-0.44373594620434026,0.10000640933198736,OK,FACTOR_LT_ONE,False
2021-2050,MIROC6,SSP5-8.5,351008,R20mm,days,days year-1,2021,2050,30,-81.0,3113.0,324.440708257396,-1.4338391246579707,0.15161817711208309,No significant trend,False,-4.441424834195123,8.936516363666652e-06,Decreasing,True,-0.18620689655172415,-0.14285714285714285,-0.3333333333333333,0.045454545454545456,0.10422123618933377,287.84920518022284,29,-0.4478893819053331,0.006946510985701618,OK,FACTOR_LT_ONE,False
2021-2050,MIROC6,SSP5-8.5,351009,R20mm,days,days year-1,2021,2050,30,-115.0,3120.3333333333335,332.65583664051536,-2.040818375848403,0.041268883365524735,Decreasing,True,-6.250392316586781,4.0942293862761476e-10,Decreasing,True,-0.26436781609195403,-0.2222222222222222,-0.4,-0.0,0.10660907060373315,281.40194666465356,29,-0.4466954646981334,-0.10277518149041456,OK,FACTOR_LT_ONE,True
2021-2050,MIROC6,SSP5-8.5,351010,R20mm,days,days year-1,2021,2050,30,-112.0,3116.6666666666665,363.77357641546166,-1.988281175308352,0.046780601549643225,Decreasing,True,-5.819791205031962,5.892118472146707e-09,Decreasing,True,-0.2574712643678161,-0.2727272727272727,-0.5,-0.0,0.1167187945718059,257.0280142975935,29,-0.44164060271409705,0.08987385340634567,OK,FACTOR_LT_ONE,True
2021-2050,MIROC6,SSP5-8.5,351011,R20mm,days,days year-1,2021,2050,30,-55.0,3099.0,349.90757825722153,-0.9700250992251773,0.33203398143741514,No significant trend,False,-2.8868025854277426,0.003891783322666963,Decreasing,True,-0.12643678160919541,-0.08333333333333333,-0.23529411764705882,0.1111111111111111,0.1129098348684161,265.6987323997212,29,-0.44354508256579195,-0.06627267857292542,OK,FACTOR_LT_ONE,False
2021-2050,MIROC6,SSP5-8.5,351012,R20mm,days,days year-1,2021,2050,30,-106.0,3120.6666666666665,375.1701754155555,-1.8796007430343087,0.060162511934432686,No significant trend,False,-5.420946808369942,5.928419968798964e-08,Decreasing,True,-0.24367816091954023,-0.3333333333333333,-0.6666666666666666,-0.0,0.12022116281207718,249.54009176316384,29,-0.4398894185939614,0.024258303455340566,OK,FACTOR_LT_ONE,False
2021-2050,MIROC6,SSP5-8.5,351201,R20mm,days,days year-1,2021,2050,30,-92.0,3120.6666666666665,373.4654126179054,-1.6289873106297341,0.1033157052457956,No significant trend,False,-4.708864556177092,2.4910052135356206e-06,Decreasing,True,-0.21149425287356322,-0.25,-0.5,0.037037037037037035,0.11967488120633585,250.6791709137016,29,-0.4401625593968321,-0.025657243403496965,OK,FACTOR_LT_ONE,False
2021-2050,MIROC6,SSP5-8.5,351001,R50mm,days,days year-1,2021,2050,30,-87.0,3031.6666666666665,377.70213258341386,-1.5619161910984192,0.11830773368196744,No significant trend,False,-4.425106554505331,9.639469155879699e-06,Decreasing,True,-0.2,-0.06666666666666667,-0.16666666666666666,-0.0,0.12458564021443008,240.79821677976386,29,-0.43770717989278496,0.08422093329818087,OK,FACTOR_LT_ONE,False
2021-2050,MIROC6,SSP5-8.5,351002,R50mm,days,days year-1,2021,2050,30,6.0,2798.0,321.247570520324,0.09452488316967972,0.9246922170253474,No significant trend,False,0.2789652311766382,0.7802715074295676,No significant trend,False,0.013793103448275862,0.0,-0.0,-0.0,0.1148132846748835,261.2938048497692,29,-0.44259335766255825,0.1145149073882807,OK,FACTOR_LT_ONE,True
2021-2050,MIROC6,SSP5-8.5,351003,R50mm,days,days year-1,2021,2050,30,-136.0,3042.6666666666665,730.7458252180867,-2.447409154350637,0.014388739329782463,Decreasing,True,-4.994023677100695,5.913414333604773e-07,Decreasing,True,-0.31264367816091954,-0.1,-0.2,-0.0,0.24016624404625986,124.91347449403223,29,-0.37991687797687007,0.14882527550444055,OK,FACTOR_LT_ONE,True
2021-2050,MIROC6,SSP5-8.5,351004,R50mm,days,days year-1,2021,2050,30,-106.0,3036.0,390.1329134777794,-1.905629272681648,0.056698321461117564,No significant trend,False,-5.315975901990292,1.0608719007514699e-07,Decreasing,True,-0.24367816091954023,-0.08333333333333333,-0.16666666666666666,-0.0,0.12850227716659401,233.45889786145304,29,-0.435748861416703,0.08438016011890434,OK,FACTOR_LT_ONE,False
2021-2050,MIROC6,SSP5-8.5,351005,R50mm,days,days year-1,2021,2050,30,-64.0,2992.6666666666665,663.6807070944441,-1.1516257745920913,0.2494748852392522,No significant trend,False,-2.4454621925849973,0.014466661542023073,Decreasing,True,-0.1471264367816092,0.0,-0.125,-0.0,0.2217690043755104,135.27589251923814,29,-0.3891154978122448,0.06485715244905495,OK,FACTOR_LT_ONE,False
2021-2050,MIROC6,SSP5-8.5,351006,R50mm,days,days year-1,2021,2050,30,-121.0,2979.0,413.90814949298124,-2.198598839717251,0.027906459553135633,Decreasing,True,-5.898332587851964,3.6719326369033893e-09,Decreasing,True,-0.27816091954022987,-0.06666666666666667,-0.125,-0.0,0.13894197700335054,215.91746891061268,29,-0.43052901149832473,-0.01658327060178012,OK,FACTOR_LT_ONE,True
2021-2050,MIROC6,SSP5-8.5,351007,R50mm,days,days year-1,2021,2050,30,-38.0,2914.0,1431.426056146088,-0.6854202804692296,0.4930787500928858,No significant trend,False,-0.9779513822780684,0.32809837032151334,No significant trend,False,-0.08735632183908046,0.0,-0.09090909090909091,-0.0,0.49122376669392176,61.071963602064066,29,-0.2543881166530391,0.18160261651676204,OK,FACTOR_LT_ONE,True
2021-2050,MIROC6,SSP5-8.5,351008,R50mm,days,days year-1,2021,2050,30,2.0,2611.3333333333335,320.3212390034745,0.019569009485512146,0.9843871859454569,No significant trend,False,0.05587366147340409,0.9554424531422445,No significant trend,False,0.004597701149425287,0.0,-0.0,-0.0,0.12266577955200708,244.56698607846684,29,-0.43866711022399646,0.08589487691284096,OK,FACTOR_LT_ONE,True
2021-2050,MIROC6,SSP5-8.5,351009,R50mm,days,days year-1,2021,2050,30,-17.0,2507.0,239.99800181652924,-0.3195529386101647,0.7493072546122939,No significant trend,False,-1.0327998584217721,0.3016975700215222,No significant trend,False,-0.03908045977011494,0.0,-0.0,-0.0,0.0957311534968206,313.3776091081609,29,-0.4521344232515897,0.05149863760217985,OK,FACTOR_LT_ONE,True
2021-2050,MIROC6,SSP5-8.5,351010,R50mm,days,days year-1,2021,2050,30,-31.0,2940.3333333333335,1158.8372549019607,-0.553251972570917,0.5800908830029055,No significant trend,False,-0.8812721188172721,0.3781705530195463,No significant trend,False,-0.07126436781609195,0.0,-0.09090909090909091,-0.0,0.39411764705882346,76.11940298507464,29,-0.30294117647058827,0.12472582253240273,OK,FACTOR_LT_ONE,True
2021-2050,MIROC6,SSP5-8.5,351011,R50mm,days,days year-1,2021,2050,30,-1.0,579.6666666666666,65.77640936228687,0.0,1.0,No significant trend,False,0.0,1.0,No significant trend,False,-0.0022988505747126436,0.0,-0.0,-0.0,0.11347281661119069,264.3805000698414,29,-0.44326359169440466,-0.07223014740846406,OK,FACTOR_LT_ONE,True
2021-2050,MIROC6,SSP5-8.5,351012,R50mm,days,days year-1,2021,2050,30,-86.0,3021.3333333333335,326.02599737452493,-1.5463920369241146,0.12200991614167774,No significant trend,False,-4.707526892017855,2.5074021124011586e-06,Decreasing,True,-0.19770114942528735,-0.07142857142857142,-0.2,-0.0,0.10790798677444557,278.0146391082936,29,-0.4460460066127772,-0.06025851490949078,OK,FACTOR_LT_ONE,False
2021-2050,MIROC6,SSP5-8.5,351201,R50mm,days,days year-1,2021,2050,30,1.0,3047.6666666666665,290.864205901751,0.0,1.0,No significant trend,False,0.0,1.0,No significant trend,False,0.0022988505747126436,0.0,-0.11764705882352941,0.125,0.09543832633766303,314.33912507915636,29,-0.4522808368311685,-0.18416163723517867,OK,FACTOR_LT_ONE,True
2021-2050,MIROC6,SSP5-8.5,351001,R95p,mm,mm year-1,2021,2050,30,-101.0,3141.6666666666665,404.89523492053127,-1.7841031003501577,0.07440691359805184,No significant trend,False,-4.969682768375829,6.706253095777492e-07,Decreasing,True,-0.23218390804597702,-7.810000000000002,-18.34375,0.6922727272727255,0.12887911986860412,232.77626376239877,29,-0.43556044006569794,0.10917229314754716,OK,FACTOR_LT_ONE,False
2021-2050,MIROC6,SSP5-8.5,351002,R95p,mm,mm year-1,2021,2050,30,-47.0,3133.0,361.8763874922861,-0.8218217562479416,0.411178349526911,No significant trend,False,-2.418119217710757,0.015600964492710326,Decreasing,True,-0.10804597701149425,-1.3914285714285708,-7.017857142857143,2.0017391304347827,0.11550475183283948,259.7295740993975,29,-0.44224762408358026,0.06359963325947211,OK,FACTOR_LT_ONE,False
2021-2050,MIROC6,SSP5-8.5,351003,R95p,mm,mm year-1,2021,2050,30,-129.0,3141.6666666666665,1128.8280630873119,-2.283651968448202,0.022391992980315224,Decreasing,True,-3.809746430727661,0.0001391093904115045,Decreasing,True,-0.296551724137931,-7.4925,-21.88875,-1.0899999999999959,0.3593086672956961,83.4936719611922,29,-0.32034566635215195,0.21475420798523917,OK,FACTOR_LT_ONE,True
2021-2050,MIROC6,SSP5-8.5,351004,R95p,mm,mm year-1,2021,2050,30,-83.0,3141.6666666666665,374.84643880185445,-1.4629645422871294,0.14347708151957062,No significant trend,False,-4.235329056920738,2.28217261512659e-05,Decreasing,True,-0.19080459770114944,-4.810952380952381,-15.912692307692309,2.6469230769230743,0.11931451632950274,251.43629562350193,29,-0.44034274183524863,0.06713748297069472,OK,FACTOR_LT_ONE,False
2021-2050,MIROC6,SSP5-8.5,351005,R95p,mm,mm year-1,2021,2050,30,-73.0,3141.6666666666665,335.7659587064031,-1.2845542322521135,0.1989481007752456,No significant trend,False,-3.9292907392528464,8.51967808063775e-05,Decreasing,True,-0.167816091954023,-5.144999999999996,-14.703333333333335,2.762222222222223,0.10687510621954477,280.70147540600766,29,-0.4465624468902276,0.06130301530667374,OK,FACTOR_LT_ONE,False
2021-2050,MIROC6,SSP5-8.5,351006,R95p,mm,mm year-1,2021,2050,30,-105.0,3141.6666666666665,345.00814908566093,-1.8554672243641641,0.0635295354198279,No significant trend,False,-5.599105654851049,2.154604582835425e-08,Decreasing,True,-0.2413793103448276,-12.656666666666675,-26.25555555555555,0.8365217391304351,0.10981691748084699,273.18195309235716,29,-0.4450915412595765,0.1442323438512874,OK,FACTOR_LT_ONE,False
2021-2050,MIROC6,SSP5-8.5,351007,R95p,mm,mm year-1,2021,2050,30,-99.0,3141.6666666666665,381.59593733545717,-1.7484210383431547,0.08039114754218035,No significant trend,False,-5.0167701594747705,5.254736755697293e-07,Decreasing,True,-0.22758620689655173,-9.656666666666672,-20.172857142857143,1.0252941176470591,0.1214628978256097,246.98900270823842,29,-0.43926855108719515,0.14783026335350685,OK,FACTOR_LT_ONE,False
2021-2050,MIROC6,SSP5-8.5,351008,R95p,mm,mm year-1,2021,2050,30,-105.0,3141.6666666666665,324.65673483433335,-1.8554672243641641,0.0635295354198279,No significant trend,False,-5.77193100426874,7.8368206631492e-09,Decreasing,True,-0.2413793103448276,-7.738461538461531,-13.737647058823526,0.327142857142856,0.10333901374037135,290.3066220021406,29,-0.4483304931298143,-0.02652399022365593,OK,FACTOR_LT_ONE,False
2021-2050,MIROC6,SSP5-8.5,351009,R95p,mm,mm year-1,2021,2050,30,-103.0,3141.6666666666665,317.7730625766563,-1.819785162357161,0.0687917281714642,No significant trend,False,-5.721918030049233,1.0532812599468539e-08,Decreasing,True,-0.2367816091954023,-10.152500000000003,-19.383,1.490624999999996,0.10114792442758291,296.5953099856099,29,-0.44942603778620854,-0.07370290687890077,OK,FACTOR_LT_ONE,False
2021-2050,MIROC6,SSP5-8.5,351010,R95p,mm,mm year-1,2021,2050,30,-109.0,3141.6666666666665,357.273765744538,-1.9268313483781705,0.054000651353365896,No significant trend,False,-5.713775752489209,1.104965884639488e-08,Decreasing,True,-0.25057471264367814,-11.833333333333314,-22.932941176470585,0.3325000000000031,0.11372109254468055,263.8033044592244,29,-0.4431394537276597,0.11527096356084562,OK,FACTOR_LT_ONE,False
2021-2050,MIROC6,SSP5-8.5,351011,R95p,mm,mm year-1,2021,2050,30,0.0,1708.0,181.87822446418824,0.0,1.0,No significant trend,False,0.0,1.0,No significant trend,False,0.0,0.0,-0.0,-0.0,0.10648607989706571,281.7269640219582,29,-0.44675696005146714,-0.06195142337951263,OK,FACTOR_LT_ONE,True
2021-2050,MIROC6,SSP5-8.5,351012,R95p,mm,mm year-1,2021,2050,30,-105.0,3141.6666666666665,377.04068520075117,-1.8554672243641641,0.0635295354198279,No significant trend,False,-5.3559835107632985,8.50922693974551e-08,Decreasing,True,-0.2413793103448276,-8.315833333333336,-20.638125000000006,0.7499999999999969,0.12001295019652558,249.97302333518095,29,-0.4399935249017372,0.08426825689381723,OK,FACTOR_LT_ONE,False
2021-2050,MIROC6,SSP5-8.5,351201,R95p,mm,mm year-1,2021,2050,30,-37.0,3141.6666666666665,374.0920229555047,-0.6422771161260568,0.5206932698330874,No significant trend,False,-1.861286712632235,0.06270369856519246,No significant trend,False,-0.08505747126436781,-3.757272727272728,-14.670357142857142,8.141666666666667,0.11907438396461689,251.94335675853287,29,-0.44046280801769155,-0.12496298374686864,OK,FACTOR_LT_ONE,True
2021-2050,MIROC6,SSP5-8.5,351001,R99p,mm,mm year-1,2021,2050,30,-22.0,2808.0,596.7129221714889,-0.39629696195060854,0.6918859681811715,No significant trend,False,-0.8596795052954528,0.38996573522735734,No significant trend,False,-0.05057471264367816,0.0,-4.70875,-0.0,0.21250460191292342,141.17341332821064,29,-0.3937476990435383,0.13810619141142597,OK,FACTOR_LT_ONE,True
2021-2050,MIROC6,SSP5-8.5,351002,R99p,mm,mm year-1,2021,2050,30,3.0,1308.3333333333333,248.68503330890957,0.055293081310090975,0.955904974050483,No significant trend,False,0.12682508769184264,0.8990788389626172,No significant trend,False,0.006896551724137931,0.0,-0.0,-0.0,0.1900777324654086,157.83016564267763,29,-0.4049611337672957,0.1026813520981213,OK,FACTOR_LT_ONE,True
2021-2050,MIROC6,SSP5-8.5,351003,R99p,mm,mm year-1,2021,2050,30,-42.0,3016.6666666666665,2149.1457338869714,-0.7464834687123175,0.4553754141385259,No significant trend,False,-0.8844044592967185,0.3764779166134642,No significant trend,False,-0.09655172413793103,0.0,-14.671428571428578,2.8345000000000007,0.7124240001835265,42.10975485423251,29,-0.14378799990823674,0.29976201744633224,OK,FACTOR_LT_ONE,True
2021-2050,MIROC6,SSP5-8.5,351004,R99p,mm,mm year-1,2021,2050,30,9.0,2929.0,399.093684787036,0.14781901402782993,0.8824856031627347,No significant trend,False,0.40045392913269323,0.6888222100512946,No significant trend,False,0.020689655172413793,0.0,-3.6286956521739127,5.29421052631579,0.13625595247082145,220.17386731360858,29,-0.4318720237645893,0.08606734315406527,OK,FACTOR_LT_ONE,True
2021-2050,MIROC6,SSP5-8.5,351005,R99p,mm,mm year-1,2021,2050,30,-7.0,2552.3333333333335,285.95161474904637,-0.11876338139379834,0.9054628207151518,No significant trend,False,-0.354817452729234,0.7227263526189311,No significant trend,False,-0.016091954022988506,0.0,-0.0,-0.0,0.1120353721101135,267.7725742769402,29,-0.44398231394494325,0.060551214216179566,OK,FACTOR_LT_ONE,True
2021-2050,MIROC6,SSP5-8.5,351006,R99p,mm,mm year-1,2021,2050,30,-105.0,3141.6666666666665,547.9012537784863,-1.8554672243641641,0.0635295354198279,No significant trend,False,-4.44306014418494,8.868836106912128e-06,Decreasing,True,-0.2413793103448276,-6.69875,-20.580000000000002,0.30357142857143266,0.17439827706477018,172.02004804702418,29,-0.4128008614676149,0.09810816349011771,OK,FACTOR_LT_ONE,False
2021-2050,MIROC6,SSP5-8.5,351007,R99p,mm,mm year-1,2021,2050,30,-85.0,3141.6666666666665,953.5340096894569,-1.4986466042941324,0.13396533563924473,No significant trend,False,-2.7202648652827466,0.006522964463101966,Decreasing,True,-0.19540229885057472,-3.304166666666665,-10.108181818181817,1.601666666666669,0.3035121516252913,98.84282998012306,29,-0.34824392418735434,0.14394131582301925,OK,FACTOR_LT_ONE,False
2021-2050,MIROC6,SSP5-8.5,351008,R99p,mm,mm year-1,2021,2050,30,-28.0,3113.3333333333335,407.84622996491817,-0.48389479805931485,0.6284605323600283,No significant trend,False,-1.336951146742528,0.18123858395029047,No significant trend,False,-0.06436781609195402,-0.18857142857142759,-5.003749999999999,2.4727272727272727,0.13099985973177242,229.0078787979333,29,-0.4345000701341138,0.04005628784246895,OK,FACTOR_LT_ONE,True
2021-2050,MIROC6,SSP5-8.5,351009,R99p,mm,mm year-1,2021,2050,30,-113.0,3141.6666666666665,316.8722829404096,-1.9981954723921767,0.045695472216719296,Decreasing,True,-6.291814302025476,3.1377671734234934e-10,Decreasing,True,-0.2597701149425287,-6.932916666666666,-14.362962962962966,-0.33304347826086944,0.10086120411896327,297.4384478358572,29,-0.44956939794051837,-0.05784900111118229,OK,FACTOR_LT_ONE,True
2021-2050,MIROC6,SSP5-8.5,351010,R99p,mm,mm year-1,2021,2050,30,-107.0,3141.6666666666665,387.02084858593395,-1.8911492863711672,0.05860441886618493,No significant trend,False,-5.3881376846478375,7.119150651013216e-08,Decreasing,True,-0.24597701149425288,-9.202499999999999,-18.04000000000002,0.3360000000000355,0.12318966002735299,243.5269323199594,29,-0.4384051699863235,0.10573404428315655,OK,FACTOR_LT_ONE,False
2021-2050,MIROC6,SSP5-8.5,351011,R99p,mm,mm year-1,2021,2050,30,0.0,0.0,0.0,0.0,1.0,No significant trend,False,0.0,1.0,No significant trend,False,0.0,0.0,-0.0,-0.0,1.0,30.0,29,0.0,0.0,NO_VARIATION,ZERO_VARIANCE_RESIDUALS,True
2021-2050,MIROC6,SSP5-8.5,351012,R99p,mm,mm year-1,2021,2050,30,-39.0,2648.3333333333335,885.9461196323218,-0.7384094961571823,0.4602656457271962,No significant trend,False,-1.2766737871059481,0.2017174395308753,No significant trend,False,-0.0896551724137931,0.0,-3.6719999999999997,-0.0,0.33452968645650916,89.67813983199419,29,-0.3327351567717454,0.2577810364805611,OK,FACTOR_LT_ONE,True
2021-2050,MIROC6,SSP5-8.5,351201,R99p,mm,mm year-1,2021,2050,30,-21.0,2873.0,435.37947643599523,-0.3731317308251277,0.7090504035035854,No significant trend,False,-0.9585086120048117,0.33780635093866185,No significant trend,False,-0.04827586206896552,0.0,-5.145,0.8123529411764707,0.15154175998468333,197.9652341574505,29,-0.42422912000765833,0.08623590208695225,OK,FACTOR_LT_ONE,True
2021-2050,MRI-ESM2-0,SSP2-4.5,351001,PRCPTOT,mm,mm year-1,2021,2050,30,-119.0,3141.6666666666665,549.9110626906281,-2.105241658413186,0.03527027770400416,Decreasing,True,-5.031943765658462,4.855316991299865e-07,Decreasing,True,-0.2735632183908046,-19.976153846153842,-37.945555555555565,-1.9660869565217403,0.17503800403945724,171.39135106475146,29,-0.4124809979802714,-0.0060970120759606325,OK,FACTOR_LT_ONE,True
2021-2050,MRI-ESM2-0,SSP2-4.5,351002,PRCPTOT,mm,mm year-1,2021,2050,30,-127.0,3141.6666666666665,621.4620627807507,-2.247969906441199,0.024578108913373014,Decreasing,True,-5.0543258122292345,4.319137419432236e-07,Decreasing,True,-0.29195402298850576,-14.652500000000002,-32.68454545454546,-2.3774999999999977,0.1978128581795493,151.65849316412903,29,-0.40109357091022535,-0.01744420900318849,OK,FACTOR_LT_ONE,True
2021-2050,MRI-ESM2-0,SSP2-4.5,351003,PRCPTOT,mm,mm year-1,2021,2050,30,-99.0,3141.6666666666665,486.7226090606702,-1.7484210383431547,0.08039114754218035,No significant trend,False,-4.442069155468831,8.909791254514116e-06,Decreasing,True,-0.22758620689655173,-15.367058823529412,-32.71000000000002,1.3390000000000328,0.15492496840127434,193.64212437530654,29,-0.42253751579936283,-0.002020175681924247,OK,FACTOR_LT_ONE,False
2021-2050,MRI-ESM2-0,SSP2-4.5,351004,PRCPTOT,mm,mm year-1,2021,2050,30,-133.0,3141.6666666666665,515.0730814713602,-2.355016092462208,0.018521903556433492,Decreasing,True,-5.816202308264665,6.019960306586246e-09,Decreasing,True,-0.3057471264367816,-21.12518518518519,-38.60999999999999,-3.6379999999999937,0.16394899144976982,182.98374228908452,29,-0.4180255042751151,-0.04414565791069148,OK,FACTOR_LT_ONE,True
2021-2050,MRI-ESM2-0,SSP2-4.5,351005,PRCPTOT,mm,mm year-1,2021,2050,30,-131.0,3141.6666666666665,568.8335605316407,-2.319334030455205,0.020376931601497065,Decreasing,True,-5.450680759697495,5.017737248979159e-08,Decreasing,True,-0.30114942528735633,-17.69857142857142,-39.914705882352955,-3.292916666666663,0.1810610802753233,165.6899426115303,29,-0.40946945986233835,-0.05211317299405043,OK,FACTOR_LT_ONE,True
2021-2050,MRI-ESM2-0,SSP2-4.5,351006,PRCPTOT,mm,mm year-1,2021,2050,30,-141.0,3141.6666666666665,520.144356773266,-2.497744340490221,0.01249862971927656,Decreasing,True,-6.138554134787981,8.327593485346305e-10,Decreasing,True,-0.32413793103448274,-19.432777777777787,-34.44043478260869,-6.322916666666671,0.16556319048485924,181.19969730073245,29,-0.4172184047575704,0.0309719060002562,OK,FACTOR_LT_ONE,True
2021-2050,MRI-ESM2-0,SSP2-4.5,351007,PRCPTOT,mm,mm year-1,2021,2050,30,-123.0,3141.6666666666665,528.2880610885013,-2.1766057824271927,0.029509993369559867,Decreasing,True,-5.307920782264202,1.1088281040953267e-07,Decreasing,True,-0.2827586206896552,-10.723199999999993,-22.72190476190476,-0.9714999999999805,0.16815535100960255,178.40645462591817,29,-0.4159223244951987,0.1545995134911101,OK,FACTOR_LT_ONE,True
2021-2050,MRI-ESM2-0,SSP2-4.5,351008,PRCPTOT,mm,mm year-1,2021,2050,30,-129.0,3141.6666666666665,562.9516810769087,-2.283651968448202,0.022391992980315224,Decreasing,True,-5.394788331279263,6.860437862087193e-08,Decreasing,True,-0.296551724137931,-14.493,-30.86071428571429,-2.7204545454545466,0.17918886400326006,167.4211183093063,29,-0.41040556799836997,-0.00927550088674263,OK,FACTOR_LT_ONE,True
2021-2050,MRI-ESM2-0,SSP2-4.5,351009,PRCPTOT,mm,mm year-1,2021,2050,30,-129.0,3141.6666666666665,566.3069808794023,-2.283651968448202,0.022391992980315224,Decreasing,True,-5.378782856944412,7.499109030270998e-08,Decreasing,True,-0.296551724137931,-15.584642857142862,-31.550000000000008,-3.1612499999999386,0.1802568639403933,166.42916859976157,29,-0.40987156802980335,-0.0016411636737138219,OK,FACTOR_LT_ONE,True
2021-2050,MRI-ESM2-0,SSP2-4.5,351010,PRCPTOT,mm,mm year-1,2021,2050,30,-147.0,3141.6666666666665,464.44624796953633,-2.6047905265112306,0.00919304450326439,Decreasing,True,-6.774622908988306,1.247311579162523e-11,Decreasing,True,-0.33793103448275863,-17.123478260869565,-28.583999999999993,-6.7208,0.14783434948632457,202.9298339948738,29,-0.4260828252568377,-0.0032185259704178727,OK,FACTOR_LT_ONE,True
2021-2050,MRI-ESM2-0,SSP2-4.5,351011,PRCPTOT,mm,mm year-1,2021,2050,30,-157.0,3141.6666666666665,584.1592271429524,-2.783200836546246,0.005382547603126358,Decreasing,True,-6.454446091228585,1.0861543217015724e-10,Decreasing,True,-0.36091954022988504,-18.933750000000003,-31.320909090909083,-6.971578947368423,0.18593927654417586,161.3429962597092,29,-0.40703036172791207,-0.01869846147136405,OK,FACTOR_LT_ONE,True
2021-2050,MRI-ESM2-0,SSP2-4.5,351012,PRCPTOT,mm,mm year-1,2021,2050,30,-155.0,3141.6666666666665,441.5338618113879,-2.747518774539243,0.006004807088868415,Decreasing,True,-7.328898599011406,2.3205187331720583e-13,Decreasing,True,-0.3563218390804598,-27.407692307692308,-49.76214285714281,-9.412857142857092,0.14054128227418183,213.4604118772236,29,-0.4297293588629091,-0.06516301559844362,OK,FACTOR_LT_ONE,True
2021-2050,MRI-ESM2-0,SSP2-4.5,351201,PRCPTOT,mm,mm year-1,2021,2050,30,-137.0,3141.6666666666665,545.801976399509,-2.4263802164762147,0.015250283689703046,Decreasing,True,-5.821318433473998,5.8385209362709365e-09,Decreasing,True,-0.31494252873563217,-26.576,-53.73700000000001,-5.5021428571428475,0.17373007206350422,172.68167591062752,29,-0.4131349639682479,-0.020471265570926496,OK,FACTOR_LT_ONE,True
2021-2050,MRI-ESM2-0,SSP2-4.5,351001,SDII,mm day-1,mm day-1 year-1,2021,2050,30,-123.0,3141.6666666666665,984.0246606478278,-2.1766057824271927,0.029509993369559867,Decreasing,True,-3.8891692155240354,0.00010058796713845173,Decreasing,True,-0.2827586206896552,-0.15677299578059084,-0.265604335357625,-0.027122814643098705,0.3132173986146932,95.7801199188961,29,-0.3433913006926534,0.045317338809251075,OK,FACTOR_LT_ONE,True
2021-2050,MRI-ESM2-0,SSP2-4.5,351002,SDII,mm day-1,mm day-1 year-1,2021,2050,30,-131.0,3141.6666666666665,1159.4045770914963,-2.319334030455205,0.020376931601497065,Decreasing,True,-3.817911411201988,0.000134586232659128,Decreasing,True,-0.30114942528735633,-0.14726110700143596,-0.23933248299319776,-0.027105988967691057,0.3690412446975585,81.29172668650084,29,-0.31547937765122075,-0.03779423273574671,OK,FACTOR_LT_ONE,True
2021-2050,MRI-ESM2-0,SSP2-4.5,351003,SDII,mm day-1,mm day-1 year-1,2021,2050,30,-79.0,3141.6666666666665,622.4198052614265,-1.391600418273123,0.16404343214420547,No significant trend,False,-3.1264601751749965,0.0017692446552857065,Decreasing,True,-0.18160919540229886,-0.10355270197966833,-0.23065022111663896,0.03652884206045141,0.1981177098975363,151.425130118431,29,-0.40094114505123185,-0.062066774884143125,OK,FACTOR_LT_ONE,False
2021-2050,MRI-ESM2-0,SSP2-4.5,351004,SDII,mm day-1,mm day-1 year-1,2021,2050,30,-121.0,3141.6666666666665,704.4929806977577,-2.140923720420189,0.03228018992415161,Decreasing,True,-4.521087484849061,6.152275398035138e-06,Decreasing,True,-0.27816091954022987,-0.20305435392133317,-0.3346523102815178,-0.019219576719573084,0.22424179756957807,133.78415765995433,29,-0.38787910121521096,-0.13366844864727268,OK,FACTOR_LT_ONE,True
2021-2050,MRI-ESM2-0,SSP2-4.5,351005,SDII,mm day-1,mm day-1 year-1,2021,2050,30,-113.0,3141.6666666666665,886.2403137414067,-1.9981954723921767,0.045695472216719296,Decreasing,True,-3.7622034027945235,0.00016842298392519555,Decreasing,True,-0.2597701149425287,-0.16853611111111116,-0.3072690058479533,-0.00526658053402258,0.2820924075569464,106.34812989053545,29,-0.3589537962215268,-0.021991037603816342,OK,FACTOR_LT_ONE,True
2021-2050,MRI-ESM2-0,SSP2-4.5,351006,SDII,mm day-1,mm day-1 year-1,2021,2050,30,-107.0,3141.6666666666665,644.1070170889444,-1.8911492863711672,0.05860441886618493,No significant trend,False,-4.176638139800237,2.9584910340583596e-05,Decreasing,True,-0.24597701149425288,-0.12000722163865556,-0.2519154456654456,0.0022751580849142395,0.20502080119542,146.32661576327007,29,-0.39748959940229,0.07689347257968757,OK,FACTOR_LT_ONE,False
2021-2050,MRI-ESM2-0,SSP2-4.5,351007,SDII,mm day-1,mm day-1 year-1,2021,2050,30,-63.0,3141.6666666666665,671.4440871260662,-1.106143922217098,0.2686642304239092,No significant trend,False,-2.392691807880256,0.016725283416360735,Decreasing,True,-0.14482758620689656,-0.05237817980622004,-0.14339589589589588,0.02922469357565496,0.21372225584914573,140.36909670827768,29,-0.39313887207542714,0.08645767175460171,OK,FACTOR_LT_ONE,False
2021-2050,MRI-ESM2-0,SSP2-4.5,351008,SDII,mm day-1,mm day-1 year-1,2021,2050,30,-113.0,3141.6666666666665,802.5805037665342,-1.9981954723921767,0.045695472216719296,Decreasing,True,-3.953426962410383,7.703978746961053e-05,Decreasing,True,-0.2597701149425287,-0.08246309872922772,-0.15347221582800089,-0.0020159135082603746,0.2554632903235653,117.43370236092446,29,-0.37226835483821735,0.0947543791584238,OK,FACTOR_LT_ONE,True
2021-2050,MRI-ESM2-0,SSP2-4.5,351009,SDII,mm day-1,mm day-1 year-1,2021,2050,30,-117.0,3141.6666666666665,722.4319206511306,-2.069559596406183,0.03849360497181474,Decreasing,True,-4.315782261882352,1.5903868640515606e-05,Decreasing,True,-0.2689655172413793,-0.07998022681962277,-0.15996337022697496,-0.016798378926038384,0.22995180498179224,130.46212010545176,29,-0.3850240975091039,0.0613442985537227,OK,FACTOR_LT_ONE,True
2021-2050,MRI-ESM2-0,SSP2-4.5,351010,SDII,mm day-1,mm day-1 year-1,2021,2050,30,-101.0,3141.6666666666665,680.6279676547429,-1.7841031003501577,0.07440691359805184,No significant trend,False,-3.833055474089967,0.00012656139859204603,Decreasing,True,-0.23218390804597702,-0.08464659256132408,-0.1486072341046792,0.0045573835568103885,0.21664550694580675,138.47506197072627,29,-0.3916772465270966,0.07400773863208912,OK,FACTOR_LT_ONE,False
2021-2050,MRI-ESM2-0,SSP2-4.5,351011,SDII,mm day-1,mm day-1 year-1,2021,2050,30,-135.0,3141.6666666666665,842.3571069375936,-2.3906981544692116,0.016816371874977434,Decreasing,True,-4.616965998272839,3.893910396592506e-06,Decreasing,True,-0.3103448275862069,-0.07642849579075546,-0.1323482763080106,-0.015402446576315931,0.2681242780703216,111.88841314896456,29,-0.3659378609648392,-0.03144428431601306,OK,FACTOR_LT_ONE,True
2021-2050,MRI-ESM2-0,SSP2-4.5,351012,SDII,mm day-1,mm day-1 year-1,2021,2050,30,-123.0,3141.6666666666665,811.0803123569007,-2.1766057824271927,0.029509993369559867,Decreasing,True,-4.283787318137722,1.837385582763041e-05,Decreasing,True,-0.2827586206896552,-0.1617818304626814,-0.2744319526627219,-0.015245499181668976,0.25816879968919915,116.20304249047912,29,-0.3709156001554004,0.02472393616784927,OK,FACTOR_LT_ONE,True
2021-2050,MRI-ESM2-0,SSP2-4.5,351201,SDII,mm day-1,mm day-1 year-1,2021,2050,30,-127.0,3141.6666666666665,978.7148615027988,-2.247969906441199,0.024578108913373014,Decreasing,True,-4.027564030723796,5.635772198962295e-05,Decreasing,True,-0.29195402298850576,-0.1820856590218291,-0.3442212626995647,-0.036106389986824715,0.3115272768709174,96.2997535924619,29,-0.3442363615645413,0.048875438583912946,OK,FACTOR_LT_ONE,True
2021-2050,MRI-ESM2-0,SSP2-4.5,351001,Rx1day,mm,mm year-1,2021,2050,30,-91.0,3141.6666666666665,529.1959349213635,-1.605692790315142,0.10834142617557846,No significant trend,False,-3.9123190085544395,9.141404546346058e-05,Decreasing,True,-0.20919540229885059,-1.1800000000000002,-3.2116666666666673,0.20545454545454592,0.16844432941794063,178.10038547254752,29,-0.4157778352910297,-0.11210665143730048,OK,FACTOR_LT_ONE,False
2021-2050,MRI-ESM2-0,SSP2-4.5,351002,Rx1day,mm,mm year-1,2021,2050,30,-119.0,3141.6666666666665,1013.1135780019965,-2.105241658413186,0.03527027770400416,Decreasing,True,-3.7072590953509947,0.00020951456174964883,Decreasing,True,-0.2735632183908046,-0.9774999999999991,-2.2744444444444447,-0.08687500000000004,0.3224764704515639,93.03004327103615,29,-0.33876176477421804,-0.09102164252464666,OK,FACTOR_LT_ONE,True
2021-2050,MRI-ESM2-0,SSP2-4.5,351003,Rx1day,mm,mm year-1,2021,2050,30,-59.0,3141.6666666666665,505.7701069857118,-1.0347797982030915,0.3007717594347785,No significant trend,False,-2.579000432328461,0.009908666266742186,Decreasing,True,-0.135632183908046,-0.8244444444444462,-2.648181818181818,0.7366666666666669,0.16098783246229553,186.34948704602385,29,-0.41950608376885223,-0.14706396751478665,OK,FACTOR_LT_ONE,False
2021-2050,MRI-ESM2-0,SSP2-4.5,351004,Rx1day,mm,mm year-1,2021,2050,30,-63.0,3141.6666666666665,370.2344177943066,-1.106143922217098,0.2686642304239092,No significant trend,False,-3.2222059470776143,0.0012720766392719045,Decreasing,True,-0.14482758620689656,-0.9355555555555557,-3.528571428571429,0.7772222222222219,0.11784649903267053,254.56844493685904,29,-0.44107675048366474,-0.14146500979713642,OK,FACTOR_LT_ONE,False
2021-2050,MRI-ESM2-0,SSP2-4.5,351005,Rx1day,mm,mm year-1,2021,2050,30,-107.0,3141.6666666666665,674.8331862693772,-1.8911492863711672,0.05860441886618493,No significant trend,False,-4.080446136719196,4.494934468414746e-05,Decreasing,True,-0.24597701149425288,-1.0945454545454552,-3.4390909090909103,0.061363636363636426,0.21480101419714925,139.66414503269206,29,-0.3925994929014254,-0.13024271668391757,OK,FACTOR_LT_ONE,False
2021-2050,MRI-ESM2-0,SSP2-4.5,351006,Rx1day,mm,mm year-1,2021,2050,30,-135.0,3141.6666666666665,407.4902888072642,-2.3906981544692116,0.016816371874977434,Decreasing,True,-6.63813631955732,3.176740097965928e-11,Decreasing,True,-0.3103448275862069,-1.8666666666666667,-2.9847619047619047,-0.2016666666666668,0.12970513171584008,231.29385555634332,29,-0.43514743414207996,-0.06830577550136983,OK,FACTOR_LT_ONE,True
2021-2050,MRI-ESM2-0,SSP2-4.5,351007,Rx1day,mm,mm year-1,2021,2050,30,-37.0,3139.6666666666665,402.4650937119122,-0.6424816521270357,0.5205604986772208,No significant trend,False,-1.7944790442208771,0.07273674047104471,No significant trend,False,-0.08505747126436781,-0.27333333333333343,-1.0829999999999997,0.5518181818181819,0.12818720470705347,234.03271854284577,29,-0.43590639764647326,-0.15340261891758172,OK,FACTOR_LT_ONE,True
2021-2050,MRI-ESM2-0,SSP2-4.5,351008,Rx1day,mm,mm year-1,2021,2050,30,-95.0,3141.6666666666665,506.9186177444683,-1.6770569143291483,0.09353135296636007,No significant trend,False,-4.1750216568181475,2.9795770701051994e-05,Decreasing,True,-0.21839080459770116,-0.8391666666666668,-1.8449999999999989,0.15818181818181837,0.1613534061786106,185.92728043677874,29,-0.4193232969106947,-0.17047822149042088,OK,FACTOR_LT_ONE,False
2021-2050,MRI-ESM2-0,SSP2-4.5,351009,Rx1day,mm,mm year-1,2021,2050,30,-109.0,3141.6666666666665,403.46580083871424,-1.9268313483781705,0.054000651353365896,No significant trend,False,-5.376756778952225,7.58395113691398e-08,Decreasing,True,-0.25057471264367814,-0.7008333333333335,-2.0254545454545454,0.013599999999999852,0.12842412758791966,233.60096395797498,29,-0.43578793620604017,-0.15656879193775666,OK,FACTOR_LT_ONE,False
2021-2050,MRI-ESM2-0,SSP2-4.5,351010,Rx1day,mm,mm year-1,2021,2050,30,-121.0,3141.6666666666665,250.94424560569078,-2.140923720420189,0.03228018992415161,Decreasing,True,-7.575174217067812,3.586460185165394e-14,Decreasing,True,-0.27816091954022987,-1.1900000000000004,-2.2076923076923074,-0.06666666666666525,0.07987615244743473,375.58143551972586,29,-0.46006192377628263,-0.17783389953534698,OK,FACTOR_LT_ONE,True
2021-2050,MRI-ESM2-0,SSP2-4.5,351011,Rx1day,mm,mm year-1,2021,2050,30,-101.0,3141.6666666666665,741.4977296719692,-1.7841031003501577,0.07440691359805184,No significant trend,False,-3.672358637317044,0.000240322094801457,Decreasing,True,-0.23218390804597702,-0.42166666666666663,-1.1079999999999999,0.03473684210526316,0.2360204975083191,127.10760428315163,29,-0.38198975124584045,-0.05550458106340282,OK,FACTOR_LT_ONE,False
2021-2050,MRI-ESM2-0,SSP2-4.5,351012,Rx1day,mm,mm year-1,2021,2050,30,-109.0,3141.6666666666665,652.323563374258,-1.9268313483781705,0.054000651353365896,No significant trend,False,-4.228557322135877,2.3519459657579645e-05,Decreasing,True,-0.25057471264367814,-1.5729629629629631,-3.104666666666667,0.0022727272727271434,0.20763614749313253,144.4835129248978,29,-0.39618192625343374,-0.019771149713516907,OK,FACTOR_LT_ONE,False
2021-2050,MRI-ESM2-0,SSP2-4.5,351201,Rx1day,mm,mm year-1,2021,2050,30,-81.0,3141.6666666666665,1077.464221497624,-1.4272824802801263,0.1534984884368536,No significant trend,False,-2.43718534545703,0.014802090212106801,Decreasing,True,-0.18620689655172415,-1.0694444444444444,-2.8589473684210525,0.435714285714286,0.34295943389844796,87.47390226006482,29,-0.328520283050776,-0.08759345055099191,OK,FACTOR_LT_ONE,False
2021-2050,MRI-ESM2-0,SSP2-4.5,351001,Rx5day,mm,mm year-1,2021,2050,30,-139.0,3141.6666666666665,380.5597594524287,-2.462062278483218,0.013814067737925022,Decreasing,True,-7.074042333462539,1.504843453260034e-12,Decreasing,True,-0.3195402298850575,-3.9076190476190478,-7.1514285714285695,-0.8324999999999996,0.12113307993180755,247.66149772538304,29,-0.4394334600340962,-0.0679235449641151,OK,FACTOR_LT_ONE,True
2021-2050,MRI-ESM2-0,SSP2-4.5,351002,Rx5day,mm,mm year-1,2021,2050,30,-123.0,3141.6666666666665,506.8187635950422,-2.1766057824271927,0.029509993369559867,Decreasing,True,-5.419178897334745,5.987338229170432e-08,Decreasing,True,-0.2827586206896552,-2.978235294117646,-5.196,-0.37730769230769073,0.16132162236446967,185.96391209246454,29,-0.41933918881776516,-0.1547573836689052,OK,FACTOR_LT_ONE,True
2021-2050,MRI-ESM2-0,SSP2-4.5,351003,Rx5day,mm,mm year-1,2021,2050,30,-89.0,3141.6666666666665,401.0690692278078,-1.5700107283081388,0.11641261541028022,No significant trend,False,-4.394131879306845,1.1121628818730466e-05,Decreasing,True,-0.2045977011494253,-2.327142857142856,-5.030000000000001,0.6935714285714292,0.12766124219452768,234.99693003367923,29,-0.43616937890273616,-0.16617916394865404,OK,FACTOR_LT_ONE,False
2021-2050,MRI-ESM2-0,SSP2-4.5,351004,Rx5day,mm,mm year-1,2021,2050,30,-133.0,3141.6666666666665,362.3920227799082,-2.355016092462208,0.018521903556433492,Decreasing,True,-6.934012442787261,4.090686497222306e-12,Decreasing,True,-0.3057471264367816,-4.4645,-9.102499999999997,-0.6923529411764695,0.11535024597768961,260.07746880576593,29,-0.4423248770111552,-0.17889719192396197,OK,FACTOR_LT_ONE,True
2021-2050,MRI-ESM2-0,SSP2-4.5,351005,Rx5day,mm,mm year-1,2021,2050,30,-127.0,3141.6666666666665,295.7764230163854,-2.247969906441199,0.024578108913373014,Decreasing,True,-7.326368667942654,2.364727080853334e-13,Decreasing,True,-0.29195402298850576,-4.209047619047619,-7.667142857142857,-0.8053846153846153,0.09414634154367707,318.65284946927204,29,-0.45292682922816146,-0.18063120169253252,OK,FACTOR_LT_ONE,True
2021-2050,MRI-ESM2-0,SSP2-4.5,351006,Rx5day,mm,mm year-1,2021,2050,30,-155.0,3141.6666666666665,459.3193328901586,-2.747518774539243,0.006004807088868415,Decreasing,True,-7.1856053015500025,6.69100819509553e-13,Decreasing,True,-0.3563218390804598,-4.170000000000002,-6.847499999999999,-1.622631578947369,0.14620244017723882,205.19493357040753,29,-0.4268987799113806,-0.03550369017047408,OK,FACTOR_LT_ONE,True
2021-2050,MRI-ESM2-0,SSP2-4.5,351007,Rx5day,mm,mm year-1,2021,2050,30,-21.0,3141.6666666666665,329.3713540802128,-0.35682062007003157,0.7212260985001633,No significant trend,False,-1.1020139269537188,0.2704556169708443,No significant trend,False,-0.04827586206896552,-0.3910526315789477,-1.9942857142857144,1.3338888888888876,0.10483968830139401,286.1511750564896,29,-0.447580155849303,-0.18484075430149685,OK,FACTOR_LT_ONE,True
2021-2050,MRI-ESM2-0,SSP2-4.5,351008,Rx5day,mm,mm year-1,2021,2050,30,-149.0,3141.6666666666665,308.46535708035293,-2.6404725885182336,0.008279048973595722,Decreasing,True,-8.426719097475804,3.554918656093715e-17,Decreasing,True,-0.3425287356321839,-2.402500000000001,-3.8444444444444437,-0.7226666666666669,0.09818525954812296,305.5448459174901,29,-0.4509073702259385,-0.1621562790760533,OK,FACTOR_LT_ONE,True
2021-2050,MRI-ESM2-0,SSP2-4.5,351009,Rx5day,mm,mm year-1,2021,2050,30,-149.0,3141.6666666666665,273.21765276908036,-2.6404725885182336,0.008279048973595722,Decreasing,True,-8.953798928818577,3.434541430981717e-19,Decreasing,True,-0.3425287356321839,-2.381000000000001,-3.98470588235294,-0.6845454545454547,0.08696583112013168,344.9630689846338,29,-0.45651708443993416,-0.08857047615656938,OK,FACTOR_LT_ONE,True
2021-2050,MRI-ESM2-0,SSP2-4.5,351010,Rx5day,mm,mm year-1,2021,2050,30,-189.0,3141.6666666666665,1180.1976971389508,-3.3541138286582965,0.0007961960227532379,Decreasing,True,-5.4724331851652535,4.438981427464232e-08,Decreasing,True,-0.43448275862068964,-3.6321428571428567,-4.69,-1.9407692307692277,0.37565974444741146,79.85950169914918,29,-0.31217012777629427,-0.1284379377853027,OK,FACTOR_LT_ONE,True
2021-2050,MRI-ESM2-0,SSP2-4.5,351011,Rx5day,mm,mm year-1,2021,2050,30,-127.0,3141.6666666666665,577.0928707593907,-2.247969906441199,0.024578108913373014,Decreasing,True,-5.245026545347287,1.5625982774686395e-07,Decreasing,True,-0.29195402298850576,-1.5422222222222226,-3.064210526315789,-0.29363636363636336,0.18369003843800236,163.31860048102374,29,-0.4081549807809988,0.02098174310142441,OK,FACTOR_LT_ONE,True
2021-2050,MRI-ESM2-0,SSP2-4.5,351012,Rx5day,mm,mm year-1,2021,2050,30,-99.0,3141.6666666666665,897.8597489223107,-1.7484210383431547,0.08039114754218035,No significant trend,False,-3.27055776735051,0.0010733561732524622,Decreasing,True,-0.22758620689655173,-3.4425000000000026,-7.1878947368421064,0.5600000000000003,0.2857909015137329,104.97185124194178,29,-0.35710454924313356,0.0731257586597884,OK,FACTOR_LT_ONE,False
2021-2050,MRI-ESM2-0,SSP2-4.5,351201,Rx5day,mm,mm year-1,2021,2050,30,-121.0,3141.6666666666665,668.5583023229425,-2.140923720420189,0.03228018992415161,Decreasing,True,-4.641000368170593,3.4672650760689694e-06,Decreasing,True,-0.27816091954022987,-3.872631578947369,-7.510769230769229,-0.7621052631578942,0.21280370365717005,140.97499002334305,29,-0.393598148171415,-0.03487868665412842,OK,FACTOR_LT_ONE,True
2021-2050,MRI-ESM2-0,SSP2-4.5,351001,CDD,days,days year-1,2021,2050,30,-43.0,3130.3333333333335,409.412618161603,-0.750678534504553,0.4528461444755917,No significant trend,False,-2.075719563902062,0.03791989544150572,Decreasing,True,-0.09885057471264368,-0.2857142857142857,-1.0526315789473684,0.5,0.13078882488391108,229.37739540536566,29,-0.43460558755804446,-0.23121761562605483,OK,FACTOR_LT_ONE,False
2021-2050,MRI-ESM2-0,SSP2-4.5,351002,CDD,days,days year-1,2021,2050,30,-39.0,3133.0,614.2484576736422,-0.6788962334222127,0.49720361245101097,No significant trend,False,-1.5332450076821487,0.125215498575165,No significant trend,False,-0.0896551724137931,-0.3333333333333333,-1.35,0.6666666666666666,0.19605759900212005,153.01625722589614,29,-0.40197120049894,-0.02902941843428022,OK,FACTOR_LT_ONE,True
2021-2050,MRI-ESM2-0,SSP2-4.5,351003,CDD,days,days year-1,2021,2050,30,-76.0,3132.0,376.92109861125107,-1.3401406685472437,0.18019961647207206,No significant trend,False,-3.863100790197547,0.00011195678722569076,Decreasing,True,-0.17471264367816092,-0.5,-1.2272727272727273,0.1724137931034483,0.12034517835608272,249.28294103511695,29,-0.43982741082195864,-0.11640859190551109,OK,FACTOR_LT_ONE,False
2021-2050,MRI-ESM2-0,SSP2-4.5,351004,CDD,days,days year-1,2021,2050,30,-88.0,3132.0,731.0628082764691,-1.5545631755148026,0.12005013969085793,No significant trend,False,-3.217673008402414,0.001292350598580818,Decreasing,True,-0.20229885057471264,-0.6,-1.5,0.14285714285714285,0.23341724402186115,128.52520869105237,29,-0.3832913779890694,0.10992587376628704,OK,FACTOR_LT_ONE,False
2021-2050,MRI-ESM2-0,SSP2-4.5,351005,CDD,days,days year-1,2021,2050,30,-81.0,3133.0,830.3489184002513,-1.42925522825729,0.15293088919024114,No significant trend,False,-2.776257052830265,0.005498871413117496,Decreasing,True,-0.18620689655172415,-0.6,-1.3333333333333333,0.25,0.2650331689755031,113.19337921350096,29,-0.36748341551224845,-0.015178210847616792,OK,FACTOR_LT_ONE,False
2021-2050,MRI-ESM2-0,SSP2-4.5,351006,CDD,days,days year-1,2021,2050,30,49.0,3135.6666666666665,382.88697160946,0.8571884147105708,0.39134076412583374,No significant trend,False,2.45304741563364,0.014165166557398799,Increasing,True,0.11264367816091954,0.3181818181818182,-0.6,1.2142857142857142,0.12210703888895291,245.68608225184073,29,-0.43894648055552354,-0.06272101770322773,OK,FACTOR_LT_ONE,False
2021-2050,MRI-ESM2-0,SSP2-4.5,351007,CDD,days,days year-1,2021,2050,30,25.0,3133.0,609.4234463759511,0.428776568477187,0.6680858324702249,No significant trend,False,0.9721911477219526,0.33095546364850936,No significant trend,False,0.05747126436781609,0.16666666666666666,-0.6666666666666666,0.9090909090909091,0.19451753794316984,154.22773862562863,29,-0.4027412310284151,0.16257455889822975,OK,FACTOR_LT_ONE,True
2021-2050,MRI-ESM2-0,SSP2-4.5,351008,CDD,days,days year-1,2021,2050,30,-16.0,3129.3333333333335,433.4135549055182,-0.2681423097034279,0.7885897794467307,No significant trend,False,-0.720510002387916,0.47121104346159093,No significant trend,False,-0.0367816091954023,-0.05263157894736842,-1.0,0.7368421052631579,0.13850028384283708,216.60605428103267,29,-0.43074985807858146,-0.2652905474546885,OK,FACTOR_LT_ONE,True
2021-2050,MRI-ESM2-0,SSP2-4.5,351009,CDD,days,days year-1,2021,2050,30,-16.0,3131.3333333333335,511.0790511128396,-0.2680566640340502,0.7886557025289375,No significant trend,False,-0.6635096127030843,0.5070042250351989,No significant trend,False,-0.0367816091954023,-0.05555555555555555,-0.9090909090909091,0.7,0.16321451493916528,183.80718167855267,29,-0.41839274253041736,-0.04569935193691744,OK,FACTOR_LT_ONE,True
2021-2050,MRI-ESM2-0,SSP2-4.5,351010,CDD,days,days year-1,2021,2050,30,-5.0,3130.3333333333335,742.5065699640995,-0.07149319376233838,0.9430052412893275,No significant trend,False,-0.14679451923396059,0.8832942108377213,No significant trend,False,-0.011494252873563218,0.0,-0.7,0.45454545454545453,0.237197285687605,126.47699535445267,29,-0.3814013571561975,0.11128058270559671,OK,FACTOR_LT_ONE,True
2021-2050,MRI-ESM2-0,SSP2-4.5,351011,CDD,days,days year-1,2021,2050,30,26.0,3117.3333333333335,572.3117519616208,0.4477631889694205,0.6543241126000863,No significant trend,False,1.0450177730310037,0.296014755284181,No significant trend,False,0.059770114942528735,0.08333333333333333,-0.55,0.6923076923076923,0.18359016850779108,163.40744302289193,29,-0.40820491574610446,-0.10574441110384593,OK,FACTOR_LT_ONE,True
2021-2050,MRI-ESM2-0,SSP2-4.5,351012,CDD,days,days year-1,2021,2050,30,-28.0,3136.6666666666665,862.5202665106244,-0.48209161713451404,0.6297408646040736,No significant trend,False,-0.9193462521579194,0.35791449267276854,No significant trend,False,-0.06436781609195402,-0.23076923076923078,-1.0,0.5294117647058824,0.2749798936803266,109.09888573480944,29,-0.3625100531598367,0.2606144928727731,OK,FACTOR_LT_ONE,True
2021-2050,MRI-ESM2-0,SSP2-4.5,351201,CDD,days,days year-1,2021,2050,30,-53.0,3133.0,330.8518612351925,-0.9290158983672384,0.3528808471812366,No significant trend,False,-2.8588182940583553,0.00425222277609539,Decreasing,True,-0.12183908045977011,-0.3333333333333333,-1.12,0.42857142857142855,0.1056022538254684,284.08484585548507,29,-0.4471988730872658,-0.25659454220024924,OK,FACTOR_LT_ONE,False
2021-2050,MRI-ESM2-0,SSP2-4.5,351001,CWD,days,days year-1,2021,2050,30,-61.0,3097.6666666666665,709.5061672292785,-1.0780376016091273,0.28101697604117226,No significant trend,False,-2.252543377397356,0.024287954739344492,Decreasing,True,-0.14022988505747128,-0.06666666666666667,-0.25,0.06666666666666667,0.22904535690173633,130.97842456099391,29,-0.38547732154913183,0.1309556251150801,OK,FACTOR_LT_ONE,False
2021-2050,MRI-ESM2-0,SSP2-4.5,351002,CWD,days,days year-1,2021,2050,30,-68.0,3086.0,572.0402990186356,-1.2060820163657642,0.22778586821139268,No significant trend,False,-2.8013120550810755,0.005089527756988012,Decreasing,True,-0.15632183908045977,-0.08333333333333333,-0.2631578947368421,0.038461538461538464,0.18536626669430833,161.84174464425973,29,-0.40731686665284583,0.24649422367620696,OK,FACTOR_LT_ONE,False
2021-2050,MRI-ESM2-0,SSP2-4.5,351003,CWD,days,days year-1,2021,2050,30,-73.0,3071.6666666666665,631.3571069651402,-1.2991085887404183,0.19390666600755857,No significant trend,False,-2.8654640201712778,0.004163985887146715,Decreasing,True,-0.167816091954023,-0.06666666666666667,-0.23076923076923078,-0.0,0.20554219434567778,145.9554331192283,29,-0.3972289028271611,0.1163237585394112,OK,FACTOR_LT_ONE,False
2021-2050,MRI-ESM2-0,SSP2-4.5,351004,CWD,days,days year-1,2021,2050,30,-94.0,3063.3333333333335,416.8877751027447,-1.6802961032387427,0.09289971886530565,No significant trend,False,-4.554842544930782,5.2424831621099685e-06,Decreasing,True,-0.2160919540229885,-0.1,-0.22727272727272727,-0.0,0.13608958926096126,220.4430196528326,29,-0.43195520536951937,0.019973275276174686,OK,FACTOR_LT_ONE,False
2021-2050,MRI-ESM2-0,SSP2-4.5,351005,CWD,days,days year-1,2021,2050,30,-81.0,3087.0,554.8510347923801,-1.4398646590827704,0.14990569344291854,No significant trend,False,-3.3962666992176525,0.0006831176391265975,Decreasing,True,-0.18620689655172415,-0.09523809523809523,-0.25,-0.0,0.1797379445391578,166.90966438343898,29,-0.4101310277304211,0.06570733553799521,OK,FACTOR_LT_ONE,False
2021-2050,MRI-ESM2-0,SSP2-4.5,351006,CWD,days,days year-1,2021,2050,30,-103.0,3039.0,620.9719894169144,-1.8502687833345806,0.06427481954727245,No significant trend,False,-4.093211319351461,4.2543965957179345e-05,Decreasing,True,-0.2367816091954023,-0.1,-0.25,-0.0,0.20433431701774085,146.81821652794287,29,-0.3978328414911296,0.09776126997048953,OK,FACTOR_LT_ONE,False
2021-2050,MRI-ESM2-0,SSP2-4.5,351007,CWD,days,days year-1,2021,2050,30,-151.0,3106.3333333333335,499.59295967776313,-2.69133172331051,0.0071167391374729995,Decreasing,True,-6.710936110262674,1.933797714995009e-11,Decreasing,True,-0.3471264367816092,-0.3333333333333333,-0.5294117647058824,-0.07142857142857142,0.1608304409307103,186.53185197026684,29,-0.41958477953464485,0.15252603162360195,OK,FACTOR_LT_ONE,True
2021-2050,MRI-ESM2-0,SSP2-4.5,351008,CWD,days,days year-1,2021,2050,30,-62.0,3098.6666666666665,580.1692293947648,-1.095828029650632,0.2731540396050366,No significant trend,False,-2.532517700038883,0.011324665214085344,Decreasing,True,-0.1425287356321839,-0.14285714285714285,-0.4,0.08333333333333333,0.1872318941678458,160.22911124910277,29,-0.4063840529160771,0.26259980806273037,OK,FACTOR_LT_ONE,False
2021-2050,MRI-ESM2-0,SSP2-4.5,351009,CWD,days,days year-1,2021,2050,30,-75.0,3110.3333333333335,786.3790820527147,-1.3268696254318209,0.18455181367635531,No significant trend,False,-2.6388563136797725,0.00831862305475008,Decreasing,True,-0.1724137931034483,-0.15,-0.4444444444444444,0.07142857142857142,0.2528279119234963,118.65778494060324,29,-0.37358604403825185,0.34391747559689584,OK,FACTOR_LT_ONE,False
2021-2050,MRI-ESM2-0,SSP2-4.5,351010,CWD,days,days year-1,2021,2050,30,-93.0,3099.6666666666665,428.29285856706224,-1.652457622842358,0.09844129712346533,No significant trend,False,-4.445467206470566,8.770105898790312e-06,Decreasing,True,-0.21379310344827587,-0.15384615384615385,-0.36363636363636365,-0.0,0.13817384403712085,217.11779251028437,29,-0.4309130779814396,0.004014542124718548,OK,FACTOR_LT_ONE,False
2021-2050,MRI-ESM2-0,SSP2-4.5,351011,CWD,days,days year-1,2021,2050,30,-143.0,3127.6666666666665,481.27395325891837,-2.5390901083419366,0.011114119393227252,Decreasing,True,-6.472799659565139,9.620347327667853e-11,Decreasing,True,-0.32873563218390806,-0.5,-1.0,-0.14285714285714285,0.15387635721802784,194.96172474042206,29,-0.4230618213909861,0.0598109217855825,OK,FACTOR_LT_ONE,True
2021-2050,MRI-ESM2-0,SSP2-4.5,351012,CWD,days,days year-1,2021,2050,30,-102.0,3086.6666666666665,691.7899609557415,-1.8179272843629093,0.06907524748631237,No significant trend,False,-3.840026717985301,0.00012302092115095616,Decreasing,True,-0.23448275862068965,-0.2,-0.391304347826087,-0.0,0.22412201758825323,133.85565739067474,29,-0.3879389912058734,0.083950535788941,OK,FACTOR_LT_ONE,False
2021-2050,MRI-ESM2-0,SSP2-4.5,351201,CWD,days,days year-1,2021,2050,30,-99.0,3097.0,698.1494850621883,-1.760984255268582,0.07824106790286395,No significant trend,False,-3.7089575665251955,0.00020811429843747828,Decreasing,True,-0.22758620689655173,-0.16666666666666666,-0.5,-0.0,0.22542766711727102,133.0803817634041,29,-0.3872861664413645,-0.04789165947328126,OK,FACTOR_LT_ONE,False
2021-2050,MRI-ESM2-0,SSP2-4.5,351001,R10mm,days,days year-1,2021,2050,30,-108.0,3134.6666666666665,596.2651154426775,-1.9111206045462503,0.055989083842199826,No significant trend,False,-4.381916291122231,1.1764001008951909e-05,Decreasing,True,-0.2482758620689655,-0.5,-1.1666666666666667,-0.0,0.1902164341054905,157.7150793572471,29,-0.40489178294725475,-0.021214525136929122,OK,FACTOR_LT_ONE,False
2021-2050,MRI-ESM2-0,SSP2-4.5,351002,R10mm,days,days year-1,2021,2050,30,-124.0,3134.0,671.0640411742986,-2.1971292983793793,0.028011213200202528,Decreasing,True,-4.748135755427654,2.0530022111984075e-06,Decreasing,True,-0.2850574712643678,-0.4642857142857143,-1.0588235294117647,-0.05263157894736842,0.21412381658401358,140.1058531395512,29,-0.3929380917079932,-0.02886383980926856,OK,FACTOR_LT_ONE,True
2021-2050,MRI-ESM2-0,SSP2-4.5,351003,R10mm,days,days year-1,2021,2050,30,-91.0,3130.3333333333335,641.9664872655474,-1.6085968596526137,0.10770452136430418,No significant trend,False,-3.552109383027425,0.00038215596071645454,Decreasing,True,-0.20919540229885059,-0.4166666666666667,-1.05,0.07142857142857142,0.20507927396407644,146.28489471469007,29,-0.3974603630179618,-0.08399281717682391,OK,FACTOR_LT_ONE,False
2021-2050,MRI-ESM2-0,SSP2-4.5,351004,R10mm,days,days year-1,2021,2050,30,-130.0,3129.3333333333335,463.93348382779703,-2.30602386344948,0.021109298963586518,Decreasing,True,-5.989103952058938,2.1100027541214034e-09,Decreasing,True,-0.2988505747126437,-0.6,-1.2352941176470589,-0.1,0.14825313714139232,202.35659479764217,29,-0.42587343142930384,-0.07641030958120569,OK,FACTOR_LT_ONE,True
2021-2050,MRI-ESM2-0,SSP2-4.5,351005,R10mm,days,days year-1,2021,2050,30,-109.0,3119.0,572.1131258730447,-1.9338200918087411,0.053135251589556794,No significant trend,False,-4.51526037893366,6.323901673733232e-06,Decreasing,True,-0.25057471264367814,-0.45,-1.0588235294117647,-0.0,0.18342838277430096,163.55157008015183,29,-0.4082858086128495,-0.09219076327184993,OK,FACTOR_LT_ONE,False
2021-2050,MRI-ESM2-0,SSP2-4.5,351006,R10mm,days,days year-1,2021,2050,30,-123.0,3135.6666666666665,521.3618878992481,-2.178687220722701,0.02935491174289995,Decreasing,True,-5.343061713055712,9.138963179422528e-08,Decreasing,True,-0.2827586206896552,-0.6666666666666666,-1.125,-0.08333333333333333,0.1662682750821457,180.43129385433477,29,-0.41686586245892715,0.0007168332215119843,OK,FACTOR_LT_ONE,True
2021-2050,MRI-ESM2-0,SSP2-4.5,351007,R10mm,days,days year-1,2021,2050,30,-120.0,3122.0,680.041687607627,-2.129759244483255,0.033191495013685963,Decreasing,True,-4.563301808480244,5.035534498811063e-06,Decreasing,True,-0.27586206896551724,-0.5,-1.0,-0.0,0.21782244958604324,137.72685073101033,29,-0.3910887752069784,0.30849302814889296,OK,FACTOR_LT_ONE,True
2021-2050,MRI-ESM2-0,SSP2-4.5,351008,R10mm,days,days year-1,2021,2050,30,-130.0,3132.0,705.604678736419,-2.305041949901259,0.021164224099724523,Decreasing,True,-4.856338877285295,1.1957599358129558e-06,Decreasing,True,-0.2988505747126437,-0.55,-1.1,-0.1,0.22528885017127043,133.16238232470548,29,-0.3873555749143648,0.01939134483388849,OK,FACTOR_LT_ONE,True
2021-2050,MRI-ESM2-0,SSP2-4.5,351009,R10mm,days,days year-1,2021,2050,30,-135.0,3133.0,562.3711015374815,-2.3940025073309603,0.016665634863787283,Decreasing,True,-5.650583546845064,1.5990406454304847e-08,Decreasing,True,-0.3103448275862069,-0.5882352941176471,-1.3,-0.14285714285714285,0.1794992344517975,167.13163201849846,29,-0.41025038277410125,-0.038247775801655545,OK,FACTOR_LT_ONE,True
2021-2050,MRI-ESM2-0,SSP2-4.5,351010,R10mm,days,days year-1,2021,2050,30,-137.0,3132.3333333333335,580.2060017628626,-2.4299924391302277,0.01509913781268167,Decreasing,True,-5.646090042775105,1.6413790223692756e-08,Decreasing,True,-0.31494252873563217,-0.6363636363636364,-1.1428571428571428,-0.15,0.18523124457684237,161.95971726332937,29,-0.4073843777115788,0.06239290597800433,OK,FACTOR_LT_ONE,True
2021-2050,MRI-ESM2-0,SSP2-4.5,351011,R10mm,days,days year-1,2021,2050,30,-144.0,3134.0,774.5830573300602,-2.5543860948638315,0.010637522807443536,Decreasing,True,-5.138093946881354,2.775391307446996e-07,Decreasing,True,-0.3310344827586207,-0.7692307692307693,-1.3846153846153846,-0.2222222222222222,0.24715477260052976,121.38143109414386,29,-0.3764226136997351,0.07411015903111146,OK,FACTOR_LT_ONE,True
2021-2050,MRI-ESM2-0,SSP2-4.5,351012,R10mm,days,days year-1,2021,2050,30,-145.0,3126.3333333333335,436.994215643506,-2.575400949802647,0.010012394606448994,Decreasing,True,-6.888499764594807,5.638382738586165e-12,Decreasing,True,-0.3333333333333333,-0.8076923076923077,-1.4545454545454546,-0.14285714285714285,0.13977851017491394,214.62526651957478,29,-0.43011074491254303,-0.048429921638293634,OK,FACTOR_LT_ONE,True
2021-2050,MRI-ESM2-0,SSP2-4.5,351201,R10mm,days,days year-1,2021,2050,30,-129.0,3137.6666666666665,454.8989651150394,-2.2851071418977695,0.022306546140559814,Decreasing,True,-6.001398912400881,1.9562471820815495e-09,Decreasing,True,-0.296551724137931,-0.88,-1.5555555555555556,-0.1875,0.14498001650325276,206.92506956175524,29,-0.4275099917483736,0.021332093678787446,OK,FACTOR_LT_ONE,True
2021-2050,MRI-ESM2-0,SSP2-4.5,351001,R20mm,days,days year-1,2021,2050,30,-115.0,3122.3333333333335,480.5067926785448,-2.040164651510714,0.04133392916672345,Decreasing,True,-5.200619566508237,1.9862529175164038e-07,Decreasing,True,-0.26436781609195403,-0.36363636363636365,-0.7272727272727273,-0.0,0.15389349610714576,194.94001214393757,29,-0.4230532519464271,-0.02253668499229352,OK,FACTOR_LT_ONE,True
2021-2050,MRI-ESM2-0,SSP2-4.5,351002,R20mm,days,days year-1,2021,2050,30,-121.0,3120.3333333333335,582.467218631032,-2.1482298693141084,0.03169549896960498,Decreasing,True,-4.97216465408413,6.620943431148167e-07,Decreasing,True,-0.27816091954022987,-0.2857142857142857,-0.5714285714285714,-0.0,0.18666826790867386,160.71290710576096,29,-0.40666586604566307,-0.04731617915809481,OK,FACTOR_LT_ONE,True
2021-2050,MRI-ESM2-0,SSP2-4.5,351003,R20mm,days,days year-1,2021,2050,30,-104.0,3132.6666666666665,488.59889061245474,-1.8402640057831539,0.06572948708531386,No significant trend,False,-4.659732504820062,3.166205752667313e-06,Decreasing,True,-0.23908045977011494,-0.3333333333333333,-0.6666666666666666,-0.0,0.15596900104675082,192.3459136024579,29,-0.4220154994766246,0.01043093337368994,OK,FACTOR_LT_ONE,False
2021-2050,MRI-ESM2-0,SSP2-4.5,351004,R20mm,days,days year-1,2021,2050,30,-126.0,3129.3333333333335,469.5864745860304,-2.234519247528566,0.025448927541966416,Decreasing,True,-5.768358228521473,8.004751133605059e-09,Decreasing,True,-0.2896551724137931,-0.41379310344827586,-0.75,-0.05,0.15005958923712093,199.92057923465757,29,-0.42497020538143954,-0.04153882822500853,OK,FACTOR_LT_ONE,True
2021-2050,MRI-ESM2-0,SSP2-4.5,351005,R20mm,days,days year-1,2021,2050,30,-117.0,3121.6666666666665,515.5548017664768,-2.0761786738488563,0.03787742892063753,Decreasing,True,-5.108819644558605,3.241776094904753e-07,Decreasing,True,-0.2689655172413793,-0.36363636363636365,-0.7307692307692307,-0.0,0.1651537005124859,181.64897248385876,29,-0.41742314974375705,-0.035662632712391035,OK,FACTOR_LT_ONE,True
2021-2050,MRI-ESM2-0,SSP2-4.5,351006,R20mm,days,days year-1,2021,2050,30,-130.0,3130.0,723.0703241854037,-2.3057782674251985,0.021123025168932986,Decreasing,True,-4.79732831564852,1.607959263807159e-06,Decreasing,True,-0.2988505747126437,-0.3333333333333333,-0.5714285714285714,-0.09090909090909091,0.23101288312632706,129.8628872728055,29,-0.38449355843683647,0.029970002727024707,OK,FACTOR_LT_ONE,True
2021-2050,MRI-ESM2-0,SSP2-4.5,351007,R20mm,days,days year-1,2021,2050,30,-77.0,3107.6666666666665,419.2514748550173,-1.363315516162907,0.1727830940195545,No significant trend,False,-3.7117292792100667,0.00020584808741900943,Decreasing,True,-0.17701149425287357,-0.18181818181818182,-0.4,0.08333333333333333,0.13490876590851142,222.37250335789554,29,-0.4325456170457443,0.07046117344815774,OK,FACTOR_LT_ONE,False
2021-2050,MRI-ESM2-0,SSP2-4.5,351008,R20mm,days,days year-1,2021,2050,30,-91.0,3119.0,696.7308899101995,-1.611516743173951,0.10706714089162296,No significant trend,False,-3.40965137866122,0.0006504596825884503,Decreasing,True,-0.20919540229885059,-0.2,-0.45454545454545453,0.037037037037037035,0.22338277970830378,134.29862426805863,29,-0.3883086101458481,-0.004106415573739888,OK,FACTOR_LT_ONE,False
2021-2050,MRI-ESM2-0,SSP2-4.5,351009,R20mm,days,days year-1,2021,2050,30,-110.0,3120.6666666666665,601.5691197949212,-1.951204580864187,0.051032714282903874,No significant trend,False,-4.444099057227266,8.82609354330963e-06,Decreasing,True,-0.25287356321839083,-0.2857142857142857,-0.5625,-0.0,0.19276942527075025,155.62633938376965,29,-0.4036152873646249,0.016982469390630545,OK,FACTOR_LT_ONE,False
2021-2050,MRI-ESM2-0,SSP2-4.5,351010,R20mm,days,days year-1,2021,2050,30,-141.0,3115.6666666666665,397.2491147093097,-2.5081444313047467,0.01213670476137867,Decreasing,True,-7.024195114281354,2.15303763470035e-12,Decreasing,True,-0.32413793103448274,-0.25,-0.42857142857142855,-0.0625,0.12750051825483355,235.29316124064223,29,-0.4362497408725832,-0.09348476003756509,OK,FACTOR_LT_ONE,True
2021-2050,MRI-ESM2-0,SSP2-4.5,351011,R20mm,days,days year-1,2021,2050,30,-129.0,3093.0,753.4604636773266,-2.30154785628192,0.021360683622027133,Decreasing,True,-4.663153755010707,3.113999131696716e-06,Decreasing,True,-0.296551724137931,-0.2857142857142857,-0.5,-0.0,0.24360183112749,123.1517836345794,29,-0.378199084436255,-0.062191204900765115,OK,FACTOR_LT_ONE,True
2021-2050,MRI-ESM2-0,SSP2-4.5,351012,R20mm,days,days year-1,2021,2050,30,-155.0,3133.0,326.7251288039878,-2.751316314395283,0.005935629780050823,Decreasing,True,-8.519801019573544,1.5982767693893093e-17,Decreasing,True,-0.3563218390804598,-0.5454545454545454,-1.0,-0.1875,0.10428507143440402,287.6730061873736,29,-0.447857464282798,-0.0869508471701452,OK,FACTOR_LT_ONE,True
2021-2050,MRI-ESM2-0,SSP2-4.5,351201,R20mm,days,days year-1,2021,2050,30,-127.0,3124.3333333333335,552.0695283794233,-2.2541969818230934,0.024183778589637613,Decreasing,True,-5.3625784267081515,8.204232843966843e-08,Decreasing,True,-0.29195402298850576,-0.5,-1.0,-0.041666666666666664,0.176699945069697,169.77933970588893,29,-0.4116500274651515,-0.05297621246942501,OK,FACTOR_LT_ONE,True
2021-2050,MRI-ESM2-0,SSP2-4.5,351001,R50mm,days,days year-1,2021,2050,30,-97.0,3019.0,504.2569989141937,-1.7471881541044725,0.08060470585793027,No significant trend,False,-4.275090035805188,1.9106006756337494e-05,Decreasing,True,-0.22298850574712645,-0.058823529411764705,-0.14285714285714285,-0.0,0.1670278234230519,179.61079408916987,29,-0.41648608828847405,-0.11809375322312379,OK,FACTOR_LT_ONE,False
2021-2050,MRI-ESM2-0,SSP2-4.5,351002,R50mm,days,days year-1,2021,2050,30,-110.0,2567.3333333333335,638.0276703617764,-2.1512226810886466,0.03145862763849016,Decreasing,True,-4.315257748063451,1.594167886087645e-05,Decreasing,True,-0.25287356321839083,0.0,-0.047619047619047616,-0.0,0.24851765919051272,120.71576763485491,29,-0.37574117040474364,-0.18128383604021658,OK,FACTOR_LT_ONE,True
2021-2050,MRI-ESM2-0,SSP2-4.5,351003,R50mm,days,days year-1,2021,2050,30,-14.0,2980.0,467.3429616791846,-0.2381415742703763,0.8117712904992092,No significant trend,False,-0.6013474851363177,0.5476085682998095,No significant trend,False,-0.03218390804597701,0.0,-0.07142857142857142,0.05263157894736842,0.15682649720778008,191.29420432219993,29,-0.42158675139610996,-0.12307914500288845,OK,FACTOR_LT_ONE,True
2021-2050,MRI-ESM2-0,SSP2-4.5,351004,R50mm,days,days year-1,2021,2050,30,-100.0,3032.6666666666665,371.7527082029816,-1.7977233348968664,0.07222086164873294,No significant trend,False,-5.134617824344956,2.827179316896171e-07,Decreasing,True,-0.22988505747126436,-0.07142857142857142,-0.16666666666666666,-0.0,0.1225827791392553,244.7325816126235,29,-0.43870861043037235,-0.18095988036065938,OK,FACTOR_LT_ONE,False
2021-2050,MRI-ESM2-0,SSP2-4.5,351005,R50mm,days,days year-1,2021,2050,30,-84.0,2988.6666666666665,640.0857379352204,-1.5182362355736012,0.12895485577807478,No significant trend,False,-3.280643333232577,0.0010357062483019705,Decreasing,True,-0.19310344827586207,-0.043478260869565216,-0.14814814814814814,-0.0,0.21417100310123371,140.074984781295,29,-0.39291449844938314,-0.2262812115721191,OK,FACTOR_LT_ONE,False
2021-2050,MRI-ESM2-0,SSP2-4.5,351006,R50mm,days,days year-1,2021,2050,30,-121.0,2968.3333333333335,453.6472034174148,-2.2025456151856675,0.02762679069197236,Decreasing,True,-5.6340685540419875,1.7600700177754295e-08,Decreasing,True,-0.27816091954022987,-0.07692307692307693,-0.17647058823529413,-0.0,0.15282892872007237,196.2979146111088,29,-0.4235855356399638,-0.12899461768737194,OK,FACTOR_LT_ONE,True
2021-2050,MRI-ESM2-0,SSP2-4.5,351007,R50mm,days,days year-1,2021,2050,30,-38.0,2607.3333333333335,214.94145758662063,-0.7246085357235775,0.4686922209099659,No significant trend,False,-2.5237226720283337,0.011611949430913582,Decreasing,True,-0.08735632183908046,0.0,-0.0,-0.0,0.08243727598566375,363.9130434782579,29,-0.4587813620071681,-0.31113671274961585,OK,FACTOR_LT_ONE,False
2021-2050,MRI-ESM2-0,SSP2-4.5,351008,R50mm,days,days year-1,2021,2050,30,-76.0,2318.6666666666665,507.33219373219265,-1.5575503835317153,0.11933986819761072,No significant trend,False,-3.329776257481126,0.0008691579547497682,Decreasing,True,-0.17471264367816092,0.0,-0.0,-0.0,0.21880341880341836,137.10937500000028,29,-0.3905982905982908,-0.10128205128205134,OK,FACTOR_LT_ONE,False
2021-2050,MRI-ESM2-0,SSP2-4.5,351009,R50mm,days,days year-1,2021,2050,30,-75.0,2146.3333333333335,722.3681003584225,-1.597287652847417,0.11020160181055091,No significant trend,False,-2.753293059817049,0.0058999056555297785,Decreasing,True,-0.1724137931034483,0.0,-0.0,-0.0,0.336559139784946,89.13738019169335,29,-0.331720430107527,-0.058064516129032316,OK,FACTOR_LT_ONE,False
2021-2050,MRI-ESM2-0,SSP2-4.5,351010,R50mm,days,days year-1,2021,2050,30,-84.0,2699.3333333333335,676.2953677911886,-1.5975329832281562,0.11014695151710717,No significant trend,False,-3.191610505921959,0.0014148197846729376,Decreasing,True,-0.19310344827586207,0.0,-0.058823529411764705,-0.0,0.2505416279789535,119.74058060531209,29,-0.37472918601052324,-0.06276694521819867,OK,FACTOR_LT_ONE,False
2021-2050,MRI-ESM2-0,SSP2-4.5,351011,R50mm,days,days year-1,2021,2050,30,-47.0,1291.6666666666667,633.2037037037037,-1.2799193522980643,0.20057350075515612,No significant trend,False,-1.8280417426188598,0.06754328713148759,No significant trend,False,-0.10804597701149425,0.0,-0.0,-0.0,0.4902222222222222,61.196736174070715,29,-0.2548888888888889,0.033333333333333326,OK,FACTOR_LT_ONE,True
2021-2050,MRI-ESM2-0,SSP2-4.5,351012,R50mm,days,days year-1,2021,2050,30,-140.0,3050.0,464.2359672254645,-2.5168937399820153,0.01183945299354805,Decreasing,True,-6.451272812584164,1.1091462773741784e-10,Decreasing,True,-0.3218390804597701,-0.14285714285714285,-0.25,-0.0,0.15220851384441458,197.09804164217502,29,-0.4238957430777927,-0.13284281408928245,OK,FACTOR_LT_ONE,True
2021-2050,MRI-ESM2-0,SSP2-4.5,351201,R50mm,days,days year-1,2021,2050,30,-114.0,3078.6666666666665,569.7243747388186,-2.0365595271598758,0.04169420210114128,Decreasing,True,-4.734193919149041,2.1992738260124768e-06,Decreasing,True,-0.2620689655172414,-0.125,-0.29411764705882354,-0.0,0.18505555697449716,162.11347819257517,29,-0.4074722215127514,-0.21904653601861973,OK,FACTOR_LT_ONE,True
2021-2050,MRI-ESM2-0,SSP2-4.5,351001,R95p,mm,mm year-1,2021,2050,30,-106.0,3138.0,580.8022840094657,-1.8744023904230676,0.060874984278734605,No significant trend,False,-4.356875413406365,1.3193231363283665e-05,Decreasing,True,-0.24367816091954023,-7.2429411764705875,-14.80736842105263,0.15142857142857175,0.18508676992016115,162.0861394520028,29,-0.4074566150399194,-0.05473103609176962,OK,FACTOR_LT_ONE,False
2021-2050,MRI-ESM2-0,SSP2-4.5,351002,R95p,mm,mm year-1,2021,2050,30,-115.0,3049.6666666666665,502.83035835965785,-2.064327817650468,0.03898664523515399,Decreasing,True,-5.083866131506557,3.6982864156898397e-07,Decreasing,True,-0.26436781609195403,-2.6361111111111106,-6.8185714285714285,-0.0,0.16488043229631366,181.9500324094597,29,-0.41755978385184317,-0.272503826360835,OK,FACTOR_LT_ONE,True
2021-2050,MRI-ESM2-0,SSP2-4.5,351003,R95p,mm,mm year-1,2021,2050,30,-90.0,3140.6666666666665,438.777301309474,-1.5881045281587451,0.11226270456076966,No significant trend,False,-4.248816062961279,2.1490327995299292e-05,Decreasing,True,-0.20689655172413793,-4.632727272727274,-11.364000000000004,1.2640000000000042,0.13970833198136512,214.7330769363242,29,-0.43014583400931744,-0.12665904773959016,OK,FACTOR_LT_ONE,False
2021-2050,MRI-ESM2-0,SSP2-4.5,351004,R95p,mm,mm year-1,2021,2050,30,-130.0,3138.0,487.7801131242261,-2.3028372225197686,0.02128800336433245,Decreasing,True,-5.840871680945638,5.192839177391295e-09,Decreasing,True,-0.2988505747126437,-8.971904761904762,-15.931818181818182,-1.0400000000000003,0.15544299334742706,192.99679807984455,29,-0.42227850332628647,-0.19562491012924155,OK,FACTOR_LT_ONE,True
2021-2050,MRI-ESM2-0,SSP2-4.5,351005,R95p,mm,mm year-1,2021,2050,30,-113.0,3125.0,584.5160410288812,-2.0035169078398116,0.04512183463208343,Decreasing,True,-4.632546695097091,3.611948328120739e-06,Decreasing,True,-0.2597701149425287,-9.722631578947366,-17.998571428571424,-0.0,0.18704513312924198,160.38909699548822,29,-0.406477433435379,-0.19659205223469878,OK,FACTOR_LT_ONE,True
2021-2050,MRI-ESM2-0,SSP2-4.5,351006,R95p,mm,mm year-1,2021,2050,30,-139.0,3141.6666666666665,726.7773762115859,-2.462062278483218,0.013814067737925022,Decreasing,True,-5.118920521150012,3.072894167177963e-07,Decreasing,True,-0.3195402298850575,-15.436999999999998,-27.825999999999997,-5.639090909090907,0.23133497386045176,129.68207746268797,29,-0.3843325130697741,0.038828334392105056,OK,FACTOR_LT_ONE,True
2021-2050,MRI-ESM2-0,SSP2-4.5,351007,R95p,mm,mm year-1,2021,2050,30,-83.0,3141.6666666666665,502.23877131632537,-1.4629645422871294,0.14347708151957062,No significant trend,False,-3.658969037254342,0.0002532319299623012,Decreasing,True,-0.19080459770114944,-6.266249999999999,-14.34833333333333,3.3588,0.15986379988848554,187.65974548914,29,-0.42006810005575723,0.01710780388225934,OK,FACTOR_LT_ONE,False
2021-2050,MRI-ESM2-0,SSP2-4.5,351008,R95p,mm,mm year-1,2021,2050,30,-107.0,3141.6666666666665,640.6229902871384,-1.8911492863711672,0.05860441886618493,No significant trend,False,-4.1879800588822516,2.814482390984055e-05,Decreasing,True,-0.24597701149425288,-8.835,-17.80066666666666,0.22888888888888914,0.20391182714709977,147.12241275911046,29,-0.3980440864264501,-0.0387180533374208,OK,FACTOR_LT_ONE,False
2021-2050,MRI-ESM2-0,SSP2-4.5,351009,R95p,mm,mm year-1,2021,2050,30,-125.0,3141.6666666666665,633.0244493465062,-2.212287844434196,0.02694678246348912,Decreasing,True,-4.928462348880517,8.287930181805642e-07,Decreasing,True,-0.28735632183908044,-11.529999999999992,-24.668666666666663,-2.555714285714284,0.20149319342594363,148.888404069223,29,-0.3992534032870282,-0.03489459202331658,OK,FACTOR_LT_ONE,True
2021-2050,MRI-ESM2-0,SSP2-4.5,351010,R95p,mm,mm year-1,2021,2050,30,-139.0,3141.6666666666665,653.0424495714108,-2.462062278483218,0.013814067737925022,Decreasing,True,-5.400181791386281,6.6573399629915e-08,Decreasing,True,-0.3195402298850575,-12.907692307692308,-21.076666666666664,-3.699166666666675,0.20786497068586018,144.3244616974837,29,-0.3960675146570699,0.055433340561441495,OK,FACTOR_LT_ONE,True
2021-2050,MRI-ESM2-0,SSP2-4.5,351011,R95p,mm,mm year-1,2021,2050,30,-50.0,1884.0,828.2028758266163,-1.1289004100810238,0.2589398477789744,No significant trend,False,-1.7026591355584868,0.08863187644719327,No significant trend,False,-0.11494252873563218,0.0,-0.0,-0.0,0.4395981294196477,68.24414844441137,29,-0.28020093529017615,-0.18307567378819997,OK,FACTOR_LT_ONE,True
2021-2050,MRI-ESM2-0,SSP2-4.5,351012,R95p,mm,mm year-1,2021,2050,30,-134.0,3138.0,607.6866201741783,-2.374243027869219,0.017584971891248434,Decreasing,True,-5.395252862239977,6.842711747455015e-08,Decreasing,True,-0.3080459770114943,-12.928750000000008,-22.33,-2.267916666666667,0.19365411732765403,154.91537393569254,29,-0.403172941336173,-0.12188007337665258,OK,FACTOR_LT_ONE,True
2021-2050,MRI-ESM2-0,SSP2-4.5,351201,R95p,mm,mm year-1,2021,2050,30,-124.0,3138.0,669.5331063314406,-2.1957285144955936,0.02811138094868473,Decreasing,True,-4.753561130081758,1.998646366009998e-06,Decreasing,True,-0.2850574712643678,-15.027500000000003,-28.33,-1.9008333333333336,0.2133630039297134,140.605444465352,29,-0.3933184980351433,-0.07984347138053856,OK,FACTOR_LT_ONE,True
2021-2050,MRI-ESM2-0,SSP2-4.5,351001,R99p,mm,mm year-1,2021,2050,30,-71.0,2648.3333333333335,704.6679263197675,-1.3602280192369147,0.17375777848981833,No significant trend,False,-2.6369736354173483,0.008364933265465623,Decreasing,True,-0.1632183908045977,0.0,-4.4818181818181815,-0.0,0.26607977079412237,112.74814282372604,29,-0.3669601146029388,-0.08932114412552718,OK,FACTOR_LT_ONE,False
2021-2050,MRI-ESM2-0,SSP2-4.5,351002,R99p,mm,mm year-1,2021,2050,30,-55.0,2045.0,1309.8970431731886,-1.1941176116344854,0.23243196497122065,No significant trend,False,-1.492021835174228,0.1356934212539246,No significant trend,False,-0.12643678160919541,0.0,-0.0,-0.0,0.640536451429432,46.83574203006166,29,-0.179731774285284,0.0212495996472028,OK,FACTOR_LT_ONE,True
2021-2050,MRI-ESM2-0,SSP2-4.5,351003,R99p,mm,mm year-1,2021,2050,30,-35.0,2873.0,279.09010911353266,-0.6343239424027171,0.5258694344587198,No significant trend,False,-2.0351981271026447,0.041830941442247506,Decreasing,True,-0.08045977011494253,0.0,-4.0649999999999995,-0.0,0.09714239788149415,308.8249894407339,29,-0.4514288010592529,-0.21894479714353743,OK,FACTOR_LT_ONE,False
2021-2050,MRI-ESM2-0,SSP2-4.5,351004,R99p,mm,mm year-1,2021,2050,30,-42.0,2733.3333333333335,528.2543411492293,-0.784219357067906,0.4329114088413515,No significant trend,False,-1.7838663750627624,0.07444538088629783,No significant trend,False,-0.09655172413793103,0.0,-6.17888888888889,-0.0,0.193263783347279,155.22825580875897,29,-0.4033681083263605,-0.08842918520139015,OK,FACTOR_LT_ONE,True
2021-2050,MRI-ESM2-0,SSP2-4.5,351005,R99p,mm,mm year-1,2021,2050,30,-80.0,2444.6666666666665,932.9388369169632,-1.5977810492770783,0.11009171359469921,No significant trend,False,-2.586428666089587,0.009697624121273785,Decreasing,True,-0.1839080459770115,0.0,-3.7479999999999998,-0.0,0.3816221040020302,78.61179864948389,29,-0.3091889479989849,-0.16269530336888754,OK,FACTOR_LT_ONE,False
2021-2050,MRI-ESM2-0,SSP2-4.5,351006,R99p,mm,mm year-1,2021,2050,30,-139.0,3133.0,598.3285010706911,-2.465465268743825,0.01368354402217029,Decreasing,True,-5.641690288479578,1.6838879822091848e-08,Decreasing,True,-0.3195402298850575,-10.738947368421057,-18.968181818181815,-1.8644444444444446,0.19097622121630742,157.08761964674537,29,-0.4045118893918463,0.0036170744133997863,OK,FACTOR_LT_ONE,True
2021-2050,MRI-ESM2-0,SSP2-4.5,351007,R99p,mm,mm year-1,2021,2050,30,-16.0,3124.0,481.25903080080406,-0.26837110011169246,0.7884136825924347,No significant trend,False,-0.6837570433347745,0.49412859616195304,No significant trend,False,-0.0367816091954023,-0.24120000000000005,-5.1161538461538445,4.096153846153846,0.1540521865559552,194.73920280322233,29,-0.4229739067220224,-0.08772955749372746,OK,FACTOR_LT_ONE,True
2021-2050,MRI-ESM2-0,SSP2-4.5,351008,R99p,mm,mm year-1,2021,2050,30,-124.0,3016.6666666666665,519.0662469195248,-2.2394504061369527,0.02512662476729632,Decreasing,True,-5.398756213287018,6.710448433576653e-08,Decreasing,True,-0.2850574712643678,-2.2712,-4.1188,-0.0,0.17206615919984247,174.35154093930322,29,-0.41396692040007876,-0.13469837841657528,OK,FACTOR_LT_ONE,True
2021-2050,MRI-ESM2-0,SSP2-4.5,351009,R99p,mm,mm year-1,2021,2050,30,-129.0,3141.6666666666665,616.9033036230835,-2.283651968448202,0.022391992980315224,Decreasing,True,-5.1534898101188,2.556829740004201e-07,Decreasing,True,-0.296551724137931,-8.91909090909091,-17.861176470588234,-1.7900000000000205,0.19636179425668443,152.77921101486757,29,-0.4018191028716578,-0.009023166225328684,OK,FACTOR_LT_ONE,True
2021-2050,MRI-ESM2-0,SSP2-4.5,351010,R99p,mm,mm year-1,2021,2050,30,-131.0,3141.6666666666665,562.7432298650567,-2.319334030455205,0.020376931601497065,Decreasing,True,-5.480096585098825,4.2509371371717315e-08,Decreasing,True,-0.30114942528735633,-9.519999999999982,-14.99,-1.355714285714287,0.17912251348489872,167.4831343996812,29,-0.41043874325755064,-0.06518776645503943,OK,FACTOR_LT_ONE,True
2021-2050,MRI-ESM2-0,SSP2-4.5,351011,R99p,mm,mm year-1,2021,2050,30,0.0,0.0,0.0,0.0,1.0,No significant trend,False,0.0,1.0,No significant trend,False,0.0,0.0,-0.0,-0.0,1.0,30.0,29,0.0,0.0,NO_VARIATION,ZERO_VARIANCE_RESIDUALS,True
2021-2050,MRI-ESM2-0,SSP2-4.5,351012,R99p,mm,mm year-1,2021,2050,30,-72.0,2444.6666666666665,785.0225467552589,-1.4359804366920577,0.1510079081200463,No significant trend,False,-2.534062274998054,0.011274869239477044,Decreasing,True,-0.16551724137931034,0.0,-3.4633333333333334,-0.0,0.32111639490943233,93.42406826802225,29,-0.33944180254528383,0.026032969795871518,OK,FACTOR_LT_ONE,False
2021-2050,MRI-ESM2-0,SSP2-4.5,351201,R99p,mm,mm year-1,2021,2050,30,-89.0,2929.0,568.1994759295997,-1.626009154306129,0.10394770797531938,No significant trend,False,-3.691749780576504,0.0002227165220086831,Decreasing,True,-0.2045977011494253,-1.465833333333333,-8.982307692307693,-0.0,0.19399094432557173,154.64639395564518,29,-0.40300452783721413,-0.2765890316878269,OK,FACTOR_LT_ONE,False
2021-2050,MRI-ESM2-0,SSP5-8.5,351001,PRCPTOT,mm,mm year-1,2021,2050,30,25.0,3141.6666666666665,669.949362748076,0.4281847440840379,0.6685166224807093,No significant trend,False,0.9272359311185949,0.3538040509848067,No significant trend,False,0.05747126436781609,5.116111111111113,-15.189999999999918,23.980000000000008,0.21324648151132397,140.6822742742741,29,-0.393376759244338,0.07141049882181226,OK,FACTOR_LT_ONE,True
2021-2050,MRI-ESM2-0,SSP5-8.5,351002,PRCPTOT,mm,mm year-1,2021,2050,30,17.0,3141.6666666666665,652.2799237147998,0.28545649605602524,0.7752944295177846,No significant trend,False,0.6264738921370214,0.5310041561201164,No significant trend,False,0.03908045977011494,2.903636363636379,-9.641428571428573,17.88391304347826,0.2076222568853474,144.49317934428637,29,-0.3961888715573263,0.10890831662421588,OK,FACTOR_LT_ONE,True
2021-2050,MRI-ESM2-0,SSP5-8.5,351003,PRCPTOT,mm,mm year-1,2021,2050,30,35.0,3141.6666666666665,591.6441906564826,0.6065950541190537,0.5441196833389506,No significant trend,False,1.3978115180686894,0.16216967463341603,No significant trend,False,0.08045977011494253,5.901363636363638,-10.59526315789474,25.05499999999995,0.18832175829914566,159.30182614557768,29,-0.40583912085042717,0.05502759873330378,OK,FACTOR_LT_ONE,True
2021-2050,MRI-ESM2-0,SSP5-8.5,351004,PRCPTOT,mm,mm year-1,2021,2050,30,19.0,3141.6666666666665,661.5908623567661,0.3211385580630284,0.7481053914270006,No significant trend,False,0.6998061518663394,0.4840483723436998,No significant trend,False,0.04367816091954023,3.1976923076923116,-12.809999999999999,25.70769230769233,0.2105859508827903,142.45964592717607,29,-0.39470702455860485,0.08016457859629447,OK,FACTOR_LT_ONE,True
2021-2050,MRI-ESM2-0,SSP5-8.5,351005,PRCPTOT,mm,mm year-1,2021,2050,30,17.0,3141.6666666666665,690.2117487847383,0.28545649605602524,0.7752944295177846,No significant trend,False,0.6090161491325063,0.5425137347688904,No significant trend,False,0.03908045977011494,3.301785714285724,-12.007499999999988,22.555652173913042,0.21969604735853743,136.55229741589702,29,-0.3901519763207313,0.10652268818568196,OK,FACTOR_LT_ONE,True
2021-2050,MRI-ESM2-0,SSP5-8.5,351006,PRCPTOT,mm,mm year-1,2021,2050,30,1.0,3141.6666666666665,506.7776714451475,0.0,1.0,No significant trend,False,0.0,1.0,No significant trend,False,0.0022988505747126436,0.4127272727272901,-15.26999999999999,13.080526315789472,0.16130854263506023,185.97899100651557,29,-0.4193457286824699,0.0012206764187388927,OK,FACTOR_LT_ONE,True
2021-2050,MRI-ESM2-0,SSP5-8.5,351007,PRCPTOT,mm,mm year-1,2021,2050,30,9.0,3141.6666666666665,386.985391198484,0.14272824802801262,0.8865048064138312,No significant trend,False,0.40667052996333064,0.6842499879199464,No significant trend,False,0.020689655172413793,0.6046153846153857,-11.195599999999999,14.465000000000003,0.12317837385628139,243.54924538135697,29,-0.4384108130718593,-0.030318511345235184,OK,FACTOR_LT_ONE,True
2021-2050,MRI-ESM2-0,SSP5-8.5,351008,PRCPTOT,mm,mm year-1,2021,2050,30,23.0,3141.6666666666665,665.8663970652152,0.3925026820770347,0.6946868300138667,No significant trend,False,0.8525682031356997,0.39389880183798054,No significant trend,False,0.052873563218390804,3.3920000000000075,-10.49333333333334,16.372500000000002,0.2119468637873364,141.54491113443154,29,-0.3940265681063318,0.11825451119904042,OK,FACTOR_LT_ONE,True
2021-2050,MRI-ESM2-0,SSP5-8.5,351009,PRCPTOT,mm,mm year-1,2021,2050,30,19.0,3141.6666666666665,651.7980628764689,0.3211385580630284,0.7481053914270006,No significant trend,False,0.7050435963247074,0.48078310579676853,No significant trend,False,0.04367816091954023,2.4924999999999997,-9.827499999999958,15.951428571428567,0.20746887943017578,144.60000016579153,29,-0.3962655602849121,0.13173812862955311,OK,FACTOR_LT_ONE,True
2021-2050,MRI-ESM2-0,SSP5-8.5,351010,PRCPTOT,mm,mm year-1,2021,2050,30,-5.0,3141.6666666666665,530.3571542280175,-0.07136412401400631,0.9431079616717606,No significant trend,False,-0.17369038407908413,0.8621087950497898,No significant trend,False,-0.011494252873563218,-0.4435714285714271,-13.68181818181816,11.67949999999999,0.1688139482953902,177.7104339003201,29,-0.4155930258523049,0.0363421534475516,OK,FACTOR_LT_ONE,True
2021-2050,MRI-ESM2-0,SSP5-8.5,351011,PRCPTOT,mm,mm year-1,2021,2050,30,33.0,3141.6666666666665,763.0183620257292,0.5709129921120505,0.568058623631595,No significant trend,False,1.1584638433502756,0.24667479851558183,No significant trend,False,0.07586206896551724,1.9345454545454521,-8.635384615384616,13.02692307692308,0.24287056616203584,123.5225843710716,29,-0.3785647169189821,0.2249108717059375,OK,FACTOR_LT_ONE,True
2021-2050,MRI-ESM2-0,SSP5-8.5,351012,PRCPTOT,mm,mm year-1,2021,2050,30,9.0,3141.6666666666665,589.5375454926523,0.14272824802801262,0.8865048064138312,No significant trend,False,0.32948394139931564,0.7417899298830044,No significant trend,False,0.020689655172413793,2.889473684210531,-15.25,17.296000000000003,0.18765120811437208,159.87107304800944,29,-0.40617439594281396,0.07343855605800069,OK,FACTOR_LT_ONE,True
2021-2050,MRI-ESM2-0,SSP5-8.5,351201,PRCPTOT,mm,mm year-1,2021,2050,30,29.0,3141.6666666666665,711.22143467443,0.49954886809804416,0.617392769071009,No significant trend,False,1.0499185596577905,0.29375555771314155,No significant trend,False,0.06666666666666667,5.578214285714288,-14.088947368421032,27.597999999999956,0.22638348053297508,132.51850324666333,29,-0.38680825973351246,0.15750057540912932,OK,FACTOR_LT_ONE,True
2021-2050,MRI-ESM2-0,SSP5-8.5,351001,SDII,mm day-1,mm day-1 year-1,2021,2050,30,11.0,3141.6666666666665,782.6289688582607,0.17841031003501578,0.8584007529637274,No significant trend,False,0.3574555466412935,0.7207507994506733,No significant trend,False,0.02528735632183908,0.01226944444444456,-0.12391666666666659,0.15888273452166324,0.24911266913260288,120.42743592470994,29,-0.37544366543369856,-0.048376846185154754,OK,FACTOR_LT_ONE,True
2021-2050,MRI-ESM2-0,SSP5-8.5,351002,SDII,mm day-1,mm day-1 year-1,2021,2050,30,13.0,3141.6666666666665,697.9599053469996,0.21409237204201895,0.8304750241244809,No significant trend,False,0.4542197443398807,0.649670673380303,No significant trend,False,0.029885057471264367,0.008356275303643638,-0.07658125000000009,0.10019090856178339,0.22216230408923066,135.0364100831013,29,-0.38891884795538467,-0.02127088570464772,OK,FACTOR_LT_ONE,True
2021-2050,MRI-ESM2-0,SSP5-8.5,351003,SDII,mm day-1,mm day-1 year-1,2021,2050,30,7.0,3141.6666666666665,589.8758851398381,0.10704618602100947,0.9147523390847367,No significant trend,False,0.2470420766451513,0.8048756605815857,No significant trend,False,0.016091954022988506,0.007153846153846288,-0.11886115506329134,0.16385610766045566,0.18775890243177873,159.77937456734097,29,-0.40612054878411064,-0.06351245260878385,OK,FACTOR_LT_ONE,True
2021-2050,MRI-ESM2-0,SSP5-8.5,351004,SDII,mm day-1,mm day-1 year-1,2021,2050,30,-7.0,3141.6666666666665,571.9133084249406,-0.10704618602100947,0.9147523390847367,No significant trend,False,-0.2508916161258521,0.8018979065114867,No significant trend,False,-0.016091954022988506,-0.006656911928650959,-0.14633669019933557,0.18884486932009734,0.18204137138194398,164.79770379809165,29,-0.408979314309028,-0.18302942874421577,OK,FACTOR_LT_ONE,True
2021-2050,MRI-ESM2-0,SSP5-8.5,351005,SDII,mm day-1,mm day-1 year-1,2021,2050,30,27.0,3141.6666666666665,823.2084506026437,0.46386680609104103,0.6427431760684212,No significant trend,False,0.9061882736311647,0.36483620864851807,No significant trend,False,0.06206896551724138,0.024881118881119154,-0.08235470085470113,0.1783269993390617,0.26202921504593435,114.49105014775138,29,-0.3689853924770328,-0.017621686667134647,OK,FACTOR_LT_ONE,True
2021-2050,MRI-ESM2-0,SSP5-8.5,351006,SDII,mm day-1,mm day-1 year-1,2021,2050,30,-11.0,3141.6666666666665,420.74748379696894,-0.17841031003501578,0.8584007529637274,No significant trend,False,-0.48751640716270433,0.625892418573226,No significant trend,False,-0.02528735632183908,-0.01979014308426078,-0.15093306574264262,0.11496290491118089,0.1339249285295392,224.00609303579387,29,-0.4330375357352304,-0.22725758124393391,OK,FACTOR_LT_ONE,True
2021-2050,MRI-ESM2-0,SSP5-8.5,351007,SDII,mm day-1,mm day-1 year-1,2021,2050,30,-13.0,3141.6666666666665,379.56197672434007,-0.21409237204201895,0.8304750241244809,No significant trend,False,-0.6159421096373869,0.5379327279657509,No significant trend,False,-0.029885057471264367,-0.007316377405663044,-0.08335908045976985,0.09588438308886958,0.12081548330748226,248.3125438785714,29,-0.43959225834625887,-0.08803783807259417,OK,FACTOR_LT_ONE,True
2021-2050,MRI-ESM2-0,SSP5-8.5,351008,SDII,mm day-1,mm day-1 year-1,2021,2050,30,23.0,3141.6666666666665,859.5344643069633,0.3925026820770347,0.6946868300138667,No significant trend,False,0.7503969035518884,0.45301569530280694,No significant trend,False,0.052873563218390804,0.020790426040194678,-0.05660909881193857,0.09146009498436238,0.2735918719279459,109.65238034520597,29,-0.36320406403602706,0.006880911696855254,OK,FACTOR_LT_ONE,True
2021-2050,MRI-ESM2-0,SSP5-8.5,351009,SDII,mm day-1,mm day-1 year-1,2021,2050,30,35.0,3141.6666666666665,839.0914426738125,0.6065950541190537,0.5441196833389506,No significant trend,False,1.1737463939799047,0.24049662135202754,No significant trend,False,0.08045977011494253,0.02152019258962062,-0.05634165522763671,0.09276021711366535,0.2670848093391446,112.32387223455291,29,-0.3664575953304277,0.025230071833721696,OK,FACTOR_LT_ONE,True
2021-2050,MRI-ESM2-0,SSP5-8.5,351010,SDII,mm day-1,mm day-1 year-1,2021,2050,30,-15.0,3141.6666666666665,636.7423949170812,-0.24977443404902208,0.802761791874143,No significant trend,False,-0.5548123916292044,0.5790229904175863,No significant trend,False,-0.034482758620689655,-0.010291459065044124,-0.08866731307907771,0.07817162859338206,0.2026766243767898,148.01904310498054,29,-0.3986616878116051,-0.09255684843854527,OK,FACTOR_LT_ONE,True
2021-2050,MRI-ESM2-0,SSP5-8.5,351011,SDII,mm day-1,mm day-1 year-1,2021,2050,30,11.0,3141.6666666666665,983.0550389987386,0.17841031003501578,0.8584007529637274,No significant trend,False,0.31894153727694785,0.7497708456706884,No significant trend,False,0.02528735632183908,0.010019903624554813,-0.041316372989593224,0.04904124724756203,0.31290876572904147,95.87459120904921,29,-0.34354561713547926,0.19160910198688766,OK,FACTOR_LT_ONE,True
2021-2050,MRI-ESM2-0,SSP5-8.5,351012,SDII,mm day-1,mm day-1 year-1,2021,2050,30,-15.0,3141.6666666666665,633.291237741642,-0.24977443404902208,0.802761791874143,No significant trend,False,-0.5563220787274993,0.5779906964126593,No significant trend,False,-0.034482758620689655,-0.011225649350649292,-0.11594488597994905,0.10982137834036543,0.20157811280901072,148.82568142913468,29,-0.39921094359549464,-0.049393104134447766,OK,FACTOR_LT_ONE,True
2021-2050,MRI-ESM2-0,SSP5-8.5,351201,SDII,mm day-1,mm day-1 year-1,2021,2050,30,35.0,3141.6666666666665,767.6099072574438,0.6065950541190537,0.5441196833389506,No significant trend,False,1.2271810246423438,0.2197545597300763,No significant trend,False,0.08045977011494253,0.029402332361515984,-0.09392058270676684,0.1853609415464299,0.24433206597053914,122.78372010171319,29,-0.37783396701473043,-0.009099485218381557,OK,FACTOR_LT_ONE,True
2021-2050,MRI-ESM2-0,SSP5-8.5,351001,Rx1day,mm,mm year-1,2021,2050,30,-73.0,3141.6666666666665,289.8103058633246,-1.2845542322521135,0.1989481007752456,No significant trend,False,-4.229369059389976,2.3434762989364868e-05,Decreasing,True,-0.167816091954023,-0.6042857142857149,-1.7464705882352949,0.5942857142857149,0.0922473122111378,325.21272740538285,29,-0.4538763438944311,-0.1445229123586829,OK,FACTOR_LT_ONE,False
2021-2050,MRI-ESM2-0,SSP5-8.5,351002,Rx1day,mm,mm year-1,2021,2050,30,-27.0,3141.6666666666665,306.24191513159263,-0.46386680609104103,0.6427431760684212,No significant trend,False,-1.485733897211961,0.13734952083999383,No significant trend,False,-0.06206896551724138,-0.12263157894736833,-0.7300000000000002,0.5299999999999998,0.09747753266788095,307.7632268577625,29,-0.4512612336660595,-0.23363821794310746,OK,FACTOR_LT_ONE,True
2021-2050,MRI-ESM2-0,SSP5-8.5,351003,Rx1day,mm,mm year-1,2021,2050,30,-47.0,3141.6666666666665,428.49284535970867,-0.8206874261610726,0.41182433473249114,No significant trend,False,-2.2222148439985947,0.02626878976522809,Decreasing,True,-0.10804597701149425,-0.49714285714285567,-1.6818181818181819,0.9155555555555556,0.13639029560521232,219.9569981638306,29,-0.43180485219739384,-0.15313024989268584,OK,FACTOR_LT_ONE,False
2021-2050,MRI-ESM2-0,SSP5-8.5,351004,Rx1day,mm,mm year-1,2021,2050,30,-55.0,3141.6666666666665,376.5087049006732,-0.9634156741890852,0.3353389634847318,No significant trend,False,-2.7829554173681568,0.0053866207439926435,Decreasing,True,-0.12643678160919541,-0.7249999999999993,-1.9399999999999977,0.6074999999999999,0.11984361959703127,250.32621762321295,29,-0.44007819020148436,-0.10629907708235103,OK,FACTOR_LT_ONE,False
2021-2050,MRI-ESM2-0,SSP5-8.5,351005,Rx1day,mm,mm year-1,2021,2050,30,-11.0,3141.6666666666665,542.0146383510325,-0.17841031003501578,0.8584007529637274,No significant trend,False,-0.42953097923442135,0.6675368540475685,No significant trend,False,-0.02528735632183908,-0.10749999999999993,-1.1384999999999998,1.1288888888888893,0.17252455332128358,173.88829255006124,29,-0.4137377233393582,-0.03375233315267653,OK,FACTOR_LT_ONE,True
2021-2050,MRI-ESM2-0,SSP5-8.5,351006,Rx1day,mm,mm year-1,2021,2050,30,-25.0,3141.6666666666665,380.70600256098146,-0.4281847440840379,0.6685166224807093,No significant trend,False,-1.2300319136832893,0.2186851543422671,No significant trend,False,-0.05747126436781609,-0.2918181818181816,-1.2487499999999998,1.189090909090909,0.12117962946238137,247.5663618802623,29,-0.4394101852688093,-0.0018042096920042388,OK,FACTOR_LT_ONE,True
2021-2050,MRI-ESM2-0,SSP5-8.5,351007,Rx1day,mm,mm year-1,2021,2050,30,-49.0,3141.6666666666665,343.6713952091446,-0.8563694881680758,0.3917934361895805,No significant trend,False,-2.589223525691584,0.009619263172358424,Decreasing,True,-0.11264367816091954,-0.38400000000000006,-1.2585714285714278,0.5345833333333335,0.1093914255307622,274.2445292621553,29,-0.4453042872346189,0.032042555013797935,OK,FACTOR_LT_ONE,False
2021-2050,MRI-ESM2-0,SSP5-8.5,351008,Rx1day,mm,mm year-1,2021,2050,30,-39.0,3141.6666666666665,375.87175270670895,-0.67795917813306,0.4977975765265772,No significant trend,False,-1.960034663873761,0.04999173885503942,Decreasing,True,-0.0896551724137931,-0.15400000000000016,-0.7823076923076925,0.49190476190476184,0.11964087619311692,250.75042037953526,29,-0.44017956190344154,-0.21599469018939269,OK,FACTOR_LT_ONE,False
2021-2050,MRI-ESM2-0,SSP5-8.5,351009,Rx1day,mm,mm year-1,2021,2050,30,-7.0,3141.6666666666665,287.99693340043535,-0.10704618602100947,0.9147523390847367,No significant trend,False,-0.35355527291155875,0.7236721989534012,No significant trend,False,-0.016091954022988506,-0.03666666666666648,-0.6886363636363636,0.6374999999999997,0.09167011142719428,327.2604290857269,29,-0.45416494428640286,-0.1520743575171257,OK,FACTOR_LT_ONE,True
2021-2050,MRI-ESM2-0,SSP5-8.5,351010,Rx1day,mm,mm year-1,2021,2050,30,-33.0,3141.6666666666665,359.2631396556027,-0.5709129921120505,0.568058623631595,No significant trend,False,-1.6882767818691058,0.09135811004312051,No significant trend,False,-0.07586206896551724,-0.19000000000000009,-0.8305555555555555,0.6286956521739131,0.11435431500974091,262.34252723602555,29,-0.44282284249512954,-0.018074511579185288,OK,FACTOR_LT_ONE,True
2021-2050,MRI-ESM2-0,SSP5-8.5,351011,Rx1day,mm,mm year-1,2021,2050,30,-27.0,3141.6666666666665,455.589251431176,-0.46386680609104103,0.6427431760684212,No significant trend,False,-1.2181102938523611,0.22318206261075058,No significant trend,False,-0.06206896551724138,-0.09142857142857139,-0.49599999999999994,0.2669565217391305,0.14501514634414092,206.87494207540132,29,-0.42749242682792954,-0.1601361430904737,OK,FACTOR_LT_ONE,True
2021-2050,MRI-ESM2-0,SSP5-8.5,351012,Rx1day,mm,mm year-1,2021,2050,30,-3.0,3141.6666666666665,490.45840256982416,-0.035682062007003156,0.9715358738879935,No significant trend,False,-0.09030855764013282,0.9280420199277439,No significant trend,False,-0.006896551724137931,-0.04923076923076927,-1.1544999999999999,1.3553846153846156,0.156114080393578,192.1671634254081,29,-0.421942959803211,0.06019255737370983,OK,FACTOR_LT_ONE,True
2021-2050,MRI-ESM2-0,SSP5-8.5,351201,Rx1day,mm,mm year-1,2021,2050,30,-24.0,3140.6666666666665,397.93232548283896,-0.41040903536686674,0.6815059193680427,No significant trend,False,-1.1529838551919878,0.24891701123525045,No significant trend,False,-0.05517241379310345,-0.24555555555555564,-1.467,1.1260000000000006,0.12670313908390118,236.77392854595644,29,-0.4366484304580494,-0.2085057656016939,OK,FACTOR_LT_ONE,True
2021-2050,MRI-ESM2-0,SSP5-8.5,351001,Rx5day,mm,mm year-1,2021,2050,30,-45.0,3141.6666666666665,395.19210502532513,-0.7850053641540694,0.4324504235358998,No significant trend,False,-2.213342108868275,0.026874068578885614,Decreasing,True,-0.10344827586206896,-1.2474999999999996,-3.899090909090908,1.9859999999999984,0.12579059045898944,238.491606490874,29,-0.4371047047705053,-0.07822599894868396,OK,FACTOR_LT_ONE,False
2021-2050,MRI-ESM2-0,SSP5-8.5,351002,Rx5day,mm,mm year-1,2021,2050,30,-21.0,3141.6666666666665,276.4684762397878,-0.35682062007003157,0.7212260985001633,No significant trend,False,-1.2028381283800857,0.2290389668790732,No significant trend,False,-0.04827586206896552,-0.3066666666666664,-2.4192857142857127,2.288333333333336,0.0880005759914444,340.9068595518814,29,-0.4559997120042778,-0.0761745484991078,OK,FACTOR_LT_ONE,True
2021-2050,MRI-ESM2-0,SSP5-8.5,351003,Rx5day,mm,mm year-1,2021,2050,30,-21.0,3141.6666666666665,261.5628561265489,-0.35682062007003157,0.7212260985001633,No significant trend,False,-1.2366362134988726,0.21622216926018267,No significant trend,False,-0.04827586206896552,-0.5881818181818168,-2.9959090909090915,2.958124999999999,0.08325608152569197,360.3340374689903,29,-0.458371959237154,-0.045536672924157376,OK,FACTOR_LT_ONE,True
2021-2050,MRI-ESM2-0,SSP5-8.5,351004,Rx5day,mm,mm year-1,2021,2050,30,-13.0,3141.6666666666665,289.5703170453064,-0.21409237204201895,0.8304750241244809,No significant trend,False,-0.7051868825645448,0.48069394341663574,No significant trend,False,-0.029885057471264367,-0.2961538461538457,-3.0084000000000004,3.612307692307694,0.09217092319744502,325.48225578401934,29,-0.4539145384012775,-0.10397712631578908,OK,FACTOR_LT_ONE,True
2021-2050,MRI-ESM2-0,SSP5-8.5,351005,Rx5day,mm,mm year-1,2021,2050,30,-31.0,3141.6666666666665,325.70659463032473,-0.5352309301050473,0.5924901808547871,No significant trend,False,-1.6622945414882278,0.0964537317327868,No significant trend,False,-0.07126436781609195,-0.5983333333333333,-3.1633333333333344,3.023125000000001,0.10367318661973202,289.3708679953909,29,-0.448163406690134,-0.06863205171542988,OK,FACTOR_LT_ONE,True
2021-2050,MRI-ESM2-0,SSP5-8.5,351006,Rx5day,mm,mm year-1,2021,2050,30,-47.0,3141.6666666666665,384.0995311103272,-0.8206874261610726,0.41182433473249114,No significant trend,False,-2.3471235078325994,0.01891898235229677,Decreasing,True,-0.10804597701149425,-0.9245454545454534,-4.365454545454546,1.5310526315789474,0.1222597977008999,245.37910714847504,29,-0.43887010114955005,-0.004792667317054923,OK,FACTOR_LT_ONE,False
2021-2050,MRI-ESM2-0,SSP5-8.5,351007,Rx5day,mm,mm year-1,2021,2050,30,-71.0,3141.6666666666665,269.38911924987303,-1.2488721702451104,0.21171183194124243,No significant trend,False,-4.264891772473706,1.9999912346820792e-05,Decreasing,True,-0.1632183908045977,-1.3514285714285725,-3.4795833333333337,1.3605000000000005,0.0857471997612328,349.8656525640073,29,-0.4571264001193836,-0.19491134412436245,OK,FACTOR_LT_ONE,False
2021-2050,MRI-ESM2-0,SSP5-8.5,351008,Rx5day,mm,mm year-1,2021,2050,30,-39.0,3141.6666666666665,407.9057435837016,-0.67795917813306,0.4977975765265772,No significant trend,False,-1.8814976765967828,0.05990425103572038,No significant trend,False,-0.0896551724137931,-0.593181818181818,-2.2400000000000055,1.3500000000000014,0.12983737196298195,231.05828119005156,29,-0.435081314018509,-0.11221446413051564,OK,FACTOR_LT_ONE,True
2021-2050,MRI-ESM2-0,SSP5-8.5,351009,Rx5day,mm,mm year-1,2021,2050,30,-25.0,3141.6666666666665,364.358486445536,-0.4281847440840379,0.6685166224807093,No significant trend,False,-1.2573228174373736,0.20863676488211447,No significant trend,False,-0.05747126436781609,-0.30851851851851847,-2.421249999999999,1.6608333333333327,0.11597617605693455,258.67381577810016,29,-0.4420119119715327,-0.10725184406710617,OK,FACTOR_LT_ONE,True
2021-2050,MRI-ESM2-0,SSP5-8.5,351010,Rx5day,mm,mm year-1,2021,2050,30,-59.0,3141.6666666666665,354.33243780681505,-1.0347797982030915,0.3007717594347785,No significant trend,False,-3.0812187888836053,0.002061551059551849,Decreasing,True,-0.135632183908046,-1.1350000000000005,-2.9321428571428574,1.4549999999999992,0.11278486084036554,265.9931463892275,29,-0.44360756957981723,-0.06386143532253953,OK,FACTOR_LT_ONE,False
2021-2050,MRI-ESM2-0,SSP5-8.5,351011,Rx5day,mm,mm year-1,2021,2050,30,-1.0,3141.6666666666665,320.64977250320914,0.0,1.0,No significant trend,False,0.0,1.0,No significant trend,False,-0.0022988505747126436,-0.021250000000000213,-1.2093333333333334,1.5116666666666656,0.10206358806468196,293.934404706483,29,-0.448968205967659,-0.05849042194421314,OK,FACTOR_LT_ONE,True
2021-2050,MRI-ESM2-0,SSP5-8.5,351012,Rx5day,mm,mm year-1,2021,2050,30,5.0,3141.6666666666665,298.26609647009377,0.07136412401400631,0.9431079616717606,No significant trend,False,0.2316103943904066,0.8168406334671297,No significant trend,False,0.011494252873563218,0.039444444444444886,-2.6879999999999997,2.8641666666666694,0.09493881054750997,315.99300462045693,29,-0.452530594726245,-0.07704296670292195,OK,FACTOR_LT_ONE,True
2021-2050,MRI-ESM2-0,SSP5-8.5,351201,Rx5day,mm,mm year-1,2021,2050,30,23.0,3141.6666666666665,372.0489386332617,0.3925026820770347,0.6946868300138667,No significant trend,False,1.1405718424407865,0.25404814030538714,No significant trend,False,0.052873563218390804,0.4162499999999989,-2.681904761904762,5.644,0.11842406534745731,253.32688851695576,29,-0.44078796732627135,-0.047556759132149046,OK,FACTOR_LT_ONE,True
2021-2050,MRI-ESM2-0,SSP5-8.5,351001,CDD,days,days year-1,2021,2050,30,48.0,3134.0,315.41407145467076,0.8395534717384621,0.4011587963409431,No significant trend,False,2.6464111990072707,0.008135086108666196,Increasing,True,0.1103448275862069,0.3333333333333333,-0.5555555555555556,1.35,0.10064265202765499,298.0843548494378,29,-0.4496786739861725,-0.006292236568690165,OK,FACTOR_LT_ONE,False
2021-2050,MRI-ESM2-0,SSP5-8.5,351002,CDD,days,days year-1,2021,2050,30,50.0,3134.6666666666665,399.5121020925268,0.8751860712408063,0.3814726707247492,No significant trend,False,2.451495555627903,0.014226394332311846,Increasing,True,0.11494252873563218,0.3333333333333333,-0.6666666666666666,1.5,0.12744962848549346,235.38711219871976,29,-0.43627518575725327,0.11123405206862419,OK,FACTOR_LT_ONE,False
2021-2050,MRI-ESM2-0,SSP5-8.5,351003,CDD,days,days year-1,2021,2050,30,56.0,3132.0,298.23249215316036,0.982769823601312,0.3257207368514815,No significant trend,False,3.184822337818577,0.0014484290121889694,Increasing,True,0.12873563218390804,0.375,-0.5,1.4285714285714286,0.09522110222003843,315.05621443737886,29,-0.4523894488899808,-0.04595186707412356,OK,FACTOR_LT_ONE,False
2021-2050,MRI-ESM2-0,SSP5-8.5,351004,CDD,days,days year-1,2021,2050,30,5.0,3137.6666666666665,676.7201556787745,0.0714095981843053,0.9430717708666417,No significant trend,False,0.1537642716440097,0.8777956058439478,No significant trend,False,0.011494252873563218,0.08,-0.8666666666666667,1.2222222222222223,0.2156762421158317,139.09737904227816,29,-0.39216187894208415,-0.10268588382462188,OK,FACTOR_LT_ONE,True
2021-2050,MRI-ESM2-0,SSP5-8.5,351005,CDD,days,days year-1,2021,2050,30,54.0,3136.0,451.79324164867734,0.9464285714285714,0.3439300383018997,No significant trend,False,2.4934806628549926,0.01264974743231007,Increasing,True,0.12413793103448276,0.4,-0.6153846153846154,2.0,0.1440667224645017,208.236846697141,29,-0.42796663876774915,0.16540681027267518,OK,FACTOR_LT_ONE,False
2021-2050,MRI-ESM2-0,SSP5-8.5,351006,CDD,days,days year-1,2021,2050,30,-14.0,3136.0,319.39512975738273,-0.23214285714285715,0.8164270587477058,No significant trend,False,-0.7274099000596659,0.46697489159218153,No significant trend,False,-0.03218390804597701,-0.1111111111111111,-0.9333333333333333,1.2307692307692308,0.10184793678487969,294.5567769660876,29,-0.44907603160756016,0.03219570307771895,OK,FACTOR_LT_ONE,True
2021-2050,MRI-ESM2-0,SSP5-8.5,351007,CDD,days,days year-1,2021,2050,30,14.0,3132.0,562.6268249513956,0.23229104921485555,0.8163119640202892,No significant trend,False,0.5480663459223728,0.5836463478172367,No significant trend,False,0.03218390804597701,0.125,-0.5,0.6,0.1796381944289258,167.0023465520277,29,-0.4101809027855371,-0.03494888177992867,OK,FACTOR_LT_ONE,True
2021-2050,MRI-ESM2-0,SSP5-8.5,351008,CDD,days,days year-1,2021,2050,30,80.0,3128.0,481.4731338494308,1.4125171162079992,0.1577977545283017,No significant trend,False,3.600319660190107,0.00031782620395350155,Increasing,True,0.1839080459770115,0.3333333333333333,-0.13636363636363635,1.1333333333333333,0.15392363614112237,194.9018406276148,29,-0.4230381819294388,-0.1547682264498999,OK,FACTOR_LT_ONE,False
2021-2050,MRI-ESM2-0,SSP5-8.5,351009,CDD,days,days year-1,2021,2050,30,68.0,3134.6666666666665,482.31130485093126,1.196682995370082,0.23143013740912444,No significant trend,False,3.0507813442733496,0.0022824672792809506,Increasing,True,0.15632183908045977,0.3333333333333333,-0.2727272727272727,1.2,0.1538636659456395,194.97780594022174,29,-0.42306816702718025,-0.02411723836346359,OK,FACTOR_LT_ONE,False
2021-2050,MRI-ESM2-0,SSP5-8.5,351010,CDD,days,days year-1,2021,2050,30,85.0,3127.0,427.60763359609695,1.5021570675040976,0.13305654955862134,No significant trend,False,4.062155659207316,4.8621637059629395e-05,Increasing,True,0.19540229885057472,0.3333333333333333,-0.14285714285714285,0.9,0.1367469247189309,219.38336135647572,29,-0.43162653764053455,-0.01280100036193875,OK,FACTOR_LT_ONE,False
2021-2050,MRI-ESM2-0,SSP5-8.5,351011,CDD,days,days year-1,2021,2050,30,21.0,3133.6666666666665,368.9779715762264,0.3572757969788935,0.7208853471331703,No significant trend,False,1.0411894913246589,0.2977876119290821,No significant trend,False,0.04827586206896552,0.1111111111111111,-0.5333333333333333,0.7142857142857143,0.11774640088593546,254.78485774747304,29,-0.44112679955703227,-0.23168884375053805,OK,FACTOR_LT_ONE,True
2021-2050,MRI-ESM2-0,SSP5-8.5,351012,CDD,days,days year-1,2021,2050,30,50.0,3126.0,240.01759588194386,0.8763984346464796,0.38081346902356017,No significant trend,False,3.162820458579022,0.0015624866205346656,Increasing,True,0.11494252873563218,0.20689655172413793,-0.2916666666666667,0.7058823529411765,0.07678106074278435,390.7213538049396,29,-0.4616094696286078,-0.3186540456052706,OK,FACTOR_LT_ONE,False
2021-2050,MRI-ESM2-0,SSP5-8.5,351201,CDD,days,days year-1,2021,2050,30,32.0,3128.0,343.31384286423156,0.5542788683854174,0.5793880099441332,No significant trend,False,1.6730774134862905,0.09431205730555317,No significant trend,False,0.0735632183908046,0.2777777777777778,-0.5555555555555556,1.4166666666666667,0.10975506485429398,273.3359051796533,29,-0.445122467572853,0.1386442044081765,OK,FACTOR_LT_ONE,True
2021-2050,MRI-ESM2-0,SSP5-8.5,351001,CWD,days,days year-1,2021,2050,30,54.0,3100.0,648.5982943379743,0.951908100741907,0.34114359086648594,No significant trend,False,2.081076132874554,0.037426938051576084,Increasing,True,0.12413793103448276,0.07692307692307693,-0.09523809523809523,0.25,0.2092252562380562,143.38613100258814,29,-0.3953873718809719,0.0867847684065982,OK,FACTOR_LT_ONE,False
2021-2050,MRI-ESM2-0,SSP5-8.5,351002,CWD,days,days year-1,2021,2050,30,56.0,3098.6666666666665,599.665600966978,0.9880416660784386,0.3231322427194393,No significant trend,False,2.245991565954607,0.024704548134509865,Increasing,True,0.12873563218390804,0.07692307692307693,-0.09090909090909091,0.23076923076923078,0.1935237524635256,155.01973074676843,29,-0.4032381237682372,0.1287495683790338,OK,FACTOR_LT_ONE,False
2021-2050,MRI-ESM2-0,SSP5-8.5,351003,CWD,days,days year-1,2021,2050,30,58.0,3085.3333333333335,446.6998039362711,1.0261806236860522,0.3048064528509886,No significant trend,False,2.6969132360897525,0.006998550268531926,Increasing,True,0.13333333333333333,0.0625,-0.06666666666666667,0.23076923076923078,0.14478169963362286,207.20850822939957,29,-0.42760915018318857,0.10545328039089516,OK,FACTOR_LT_ONE,False
2021-2050,MRI-ESM2-0,SSP5-8.5,351004,CWD,days,days year-1,2021,2050,30,57.0,3071.0,380.1327080760647,1.0105274583391142,0.3122426509065117,No significant trend,False,2.8722378912446676,0.004075760252025184,Increasing,True,0.1310344827586207,0.045454545454545456,-0.05263157894736842,0.17647058823529413,0.1237814093376961,242.36272765448203,29,-0.43810929533115195,0.07666988158871237,OK,FACTOR_LT_ONE,False
2021-2050,MRI-ESM2-0,SSP5-8.5,351005,CWD,days,days year-1,2021,2050,30,53.0,3077.0,445.5983214594484,0.9374316137987007,0.34853658550414446,No significant trend,False,2.4633809043251502,0.013763361160196394,Increasing,True,0.12183908045977011,0.05,-0.058823529411764705,0.21428571428571427,0.14481583407846876,207.15966724843386,29,-0.4275920829607656,0.05361015675845831,OK,FACTOR_LT_ONE,False
2021-2050,MRI-ESM2-0,SSP5-8.5,351006,CWD,days,days year-1,2021,2050,30,16.0,3099.3333333333335,506.0942811219998,0.2694369263104553,0.7875934733592276,No significant trend,False,0.6667692212745484,0.5049195556038715,No significant trend,False,0.0367816091954023,0.0,-0.2,0.2,0.16329133613314684,183.72070870642008,29,-0.4183543319334266,0.16803546430237987,OK,FACTOR_LT_ONE,True
2021-2050,MRI-ESM2-0,SSP5-8.5,351007,CWD,days,days year-1,2021,2050,30,-11.0,3102.3333333333335,1309.1014239495466,-0.1795377467671815,0.8575154811773688,No significant trend,False,-0.27638428921382335,0.7822529223368604,No significant trend,False,-0.02528735632183908,0.0,-0.2631578947368421,0.16666666666666666,0.42197316770695603,71.0945678442612,29,-0.289013416146522,0.12686714017772036,OK,FACTOR_LT_ONE,True
2021-2050,MRI-ESM2-0,SSP5-8.5,351008,CWD,days,days year-1,2021,2050,30,-30.0,3115.3333333333335,834.2391498818929,-0.5195719978873555,0.6033619193469082,No significant trend,False,-1.0040439288335816,0.31535744010707356,No significant trend,False,-0.06896551724137931,-0.05,-0.3076923076923077,0.15789473684210525,0.267784875844819,112.03022540147099,29,-0.3661075620775905,0.1994732358687542,OK,FACTOR_LT_ONE,True
2021-2050,MRI-ESM2-0,SSP5-8.5,351009,CWD,days,days year-1,2021,2050,30,-1.0,3119.6666666666665,824.703960396039,0.0,1.0,No significant trend,False,0.0,1.0,No significant trend,False,-0.0022988505747126436,0.0,-0.25,0.2,0.26435643564356415,113.48314606741582,29,-0.3678217821782179,0.17807637906647808,OK,FACTOR_LT_ONE,True
2021-2050,MRI-ESM2-0,SSP5-8.5,351010,CWD,days,days year-1,2021,2050,30,41.0,3117.0,509.07339451279864,0.7164594085188506,0.47370772305224773,No significant trend,False,1.7728410172062785,0.07625505457322064,No significant trend,False,0.09425287356321839,0.07692307692307693,-0.13636363636363635,0.29411764705882354,0.1633215895132495,183.6866766323398,29,-0.41833920524337526,0.20710817168116152,OK,FACTOR_LT_ONE,True
2021-2050,MRI-ESM2-0,SSP5-8.5,351011,CWD,days,days year-1,2021,2050,30,-1.0,3123.6666666666665,218.73172067450247,0.0,1.0,No significant trend,False,0.0,1.0,No significant trend,False,-0.0022988505747126436,0.0,-0.4,0.30434782608695654,0.0700240275342554,428.4243716961888,29,-0.4649879862328723,0.024663939216832242,OK,FACTOR_LT_ONE,True
2021-2050,MRI-ESM2-0,SSP5-8.5,351012,CWD,days,days year-1,2021,2050,30,23.0,3113.0,668.6947637983782,0.39430575928094197,0.6933553117333642,No significant trend,False,0.8507632459867911,0.39490088220711284,No significant trend,False,0.052873563218390804,0.047619047619047616,-0.15384615384615385,0.25925925925925924,0.2148071840020489,139.6601335256732,29,-0.39259640799897555,0.20078172203543163,OK,FACTOR_LT_ONE,True
2021-2050,MRI-ESM2-0,SSP5-8.5,351201,CWD,days,days year-1,2021,2050,30,68.0,3086.6666666666665,893.517372817537,1.2059517628942071,0.22783609018297923,No significant trend,False,2.2414203066645113,0.02499886236192497,Increasing,True,0.15632183908045977,0.09523809523809523,-0.05,0.2727272727272727,0.28947647067522797,103.63536604554595,29,-0.355261764662386,0.23398890234565034,OK,FACTOR_LT_ONE,False
2021-2050,MRI-ESM2-0,SSP5-8.5,351001,R10mm,days,days year-1,2021,2050,30,49.0,3116.3333333333335,922.0745450346275,0.8598432471500159,0.38987545621923614,No significant trend,False,1.5807319117130634,0.11393934856069024,No significant trend,False,0.11264367816091954,0.21739130434782608,-0.26666666666666666,0.7857142857142857,0.295884440592992,101.39093471720238,29,-0.352057779703504,0.21993250845738854,OK,FACTOR_LT_ONE,True
2021-2050,MRI-ESM2-0,SSP5-8.5,351002,R10mm,days,days year-1,2021,2050,30,36.0,3129.3333333333335,847.1147831462787,0.6256653893079984,0.531534439324321,No significant trend,False,1.2025327530713676,0.22915718413161945,No significant trend,False,0.08275862068965517,0.16666666666666666,-0.35,0.6666666666666666,0.27070135805697015,110.82323419185205,29,-0.3646493209715149,0.16454967367538106,OK,FACTOR_LT_ONE,True
2021-2050,MRI-ESM2-0,SSP5-8.5,351003,R10mm,days,days year-1,2021,2050,30,46.0,3134.6666666666665,757.8860177756741,0.8037423103231894,0.4215458132807911,No significant trend,False,1.6345965063185106,0.10213366052971126,No significant trend,False,0.10574712643678161,0.16666666666666666,-0.3333333333333333,0.8888888888888888,0.24177563306327332,124.08198303486158,29,-0.37911218346836334,0.14709991882947238,OK,FACTOR_LT_ONE,True
2021-2050,MRI-ESM2-0,SSP5-8.5,351004,R10mm,days,days year-1,2021,2050,30,48.0,3134.0,898.5164271253403,0.8395534717384621,0.4011587963409431,No significant trend,False,1.5679595231311196,0.11689057898776839,No significant trend,False,0.1103448275862069,0.2,-0.3076923076923077,0.6818181818181818,0.28669956194171675,104.63915534722271,29,-0.3566502190291416,0.18207663910180397,OK,FACTOR_LT_ONE,True
2021-2050,MRI-ESM2-0,SSP5-8.5,351005,R10mm,days,days year-1,2021,2050,30,46.0,3131.3333333333335,865.9866787236681,0.8041699921021506,0.421298806618262,No significant trend,False,1.5291740099013122,0.1262213118272729,No significant trend,False,0.10574712643678161,0.2,-0.3333333333333333,0.7,0.27655525188109475,108.47741923519331,29,-0.3617223740594526,0.16961939467557433,OK,FACTOR_LT_ONE,True
2021-2050,MRI-ESM2-0,SSP5-8.5,351006,R10mm,days,days year-1,2021,2050,30,23.0,3133.0,718.4732442397915,0.3930451877707547,0.6942861065649939,No significant trend,False,0.8207622643330791,0.41178169689396993,No significant trend,False,0.052873563218390804,0.10526315789473684,-0.36363636363636365,0.52,0.2293243677752287,130.8190677294459,29,-0.38533781611238566,0.06034827473178769,OK,FACTOR_LT_ONE,True
2021-2050,MRI-ESM2-0,SSP5-8.5,351007,R10mm,days,days year-1,2021,2050,30,24.0,3126.6666666666665,384.1821231170383,0.41132683532493014,0.6808328947932293,No significant trend,False,1.1734356001674022,0.24062116801450117,No significant trend,False,0.05517241379310345,0.07142857142857142,-0.34615384615384615,0.5833333333333334,0.12287274726557729,244.1550357391942,29,-0.43856362636721136,-0.015922907608775155,OK,FACTOR_LT_ONE,True
2021-2050,MRI-ESM2-0,SSP5-8.5,351008,R10mm,days,days year-1,2021,2050,30,25.0,3128.3333333333335,943.7499549702335,0.4290962613350787,0.6678531729413004,No significant trend,False,0.7812369390581501,0.4346631516991619,No significant trend,False,0.05747126436781609,0.1,-0.3076923076923077,0.5833333333333334,0.30167819551525843,99.44371335409504,29,-0.3491609022423708,0.19317198914095352,OK,FACTOR_LT_ONE,True
2021-2050,MRI-ESM2-0,SSP5-8.5,351009,R10mm,days,days year-1,2021,2050,30,30.0,3123.3333333333335,840.8455259988266,0.518906164211993,0.6038261789684238,No significant trend,False,1.0000918521311821,0.3172660588509145,No significant trend,False,0.06896551724137931,0.15384615384615385,-0.3157894736842105,0.6666666666666666,0.2692141491991974,111.43545051119267,29,-0.3653929254004013,0.1553017699302541,OK,FACTOR_LT_ONE,True
2021-2050,MRI-ESM2-0,SSP5-8.5,351010,R10mm,days,days year-1,2021,2050,30,7.0,3128.3333333333335,631.6664174773232,0.10727406533376968,0.9145715586625446,No significant trend,False,0.2387301969081814,0.8113147999060164,No significant trend,False,0.016091954022988506,0.0,-0.44,0.5,0.20191787452658172,148.5752565013783,29,-0.39904106273670914,0.029823013894264366,OK,FACTOR_LT_ONE,True
2021-2050,MRI-ESM2-0,SSP5-8.5,351011,R10mm,days,days year-1,2021,2050,30,24.0,3136.6666666666665,969.5147633792875,0.41067063681828975,0.6813140606352919,No significant trend,False,0.7386702747037576,0.4601072400005992,No significant trend,False,0.05517241379310345,0.1,-0.375,0.5384615384615384,0.30909078534940093,97.05886238597357,29,-0.34545460732529953,0.18537093161554363,OK,FACTOR_LT_ONE,True
2021-2050,MRI-ESM2-0,SSP5-8.5,351012,R10mm,days,days year-1,2021,2050,30,22.0,3130.0,586.5468842099499,0.3753592528366603,0.7073933046621118,No significant trend,False,0.8670974892156144,0.3858885961884486,No significant trend,False,0.05057471264367816,0.1111111111111111,-0.5,0.6363636363636364,0.18739517067410538,160.0895043990878,29,-0.4063024146629473,0.09391059610780417,OK,FACTOR_LT_ONE,True
2021-2050,MRI-ESM2-0,SSP5-8.5,351201,R10mm,days,days year-1,2021,2050,30,28.0,3122.6666666666665,947.8356011526068,0.48317110070178365,0.6289742531278633,No significant trend,False,0.8769952793486788,0.3804892021360434,No significant trend,False,0.06436781609195402,0.13636363636363635,-0.36363636363636365,0.75,0.30353403111206456,98.83570514346715,29,-0.3482329844439677,0.24630611150711312,OK,FACTOR_LT_ONE,True
2021-2050,MRI-ESM2-0,SSP5-8.5,351001,R20mm,days,days year-1,2021,2050,30,47.0,3123.0,744.4474358076839,0.8231364615456958,0.4104303962641419,No significant trend,False,1.685934944867104,0.09180833029700917,No significant trend,False,0.10804597701149425,0.125,-0.2,0.5714285714285714,0.23837573993201533,125.8517331023534,29,-0.38081213003399234,-0.025329125464043634,OK,FACTOR_LT_ONE,True
2021-2050,MRI-ESM2-0,SSP5-8.5,351002,R20mm,days,days year-1,2021,2050,30,36.0,3108.6666666666665,650.143220318713,0.6277416811647121,0.5301731756791048,No significant trend,False,1.37266172887328,0.1698575320553084,No significant trend,False,0.08275862068965517,0.058823529411764705,-0.14285714285714285,0.375,0.20913892997599604,143.4453164862384,29,-0.395430535012002,-0.03143780404045817,OK,FACTOR_LT_ONE,True
2021-2050,MRI-ESM2-0,SSP5-8.5,351003,R20mm,days,days year-1,2021,2050,30,51.0,3128.3333333333335,615.6736056972717,0.8939505444480806,0.37134835255797605,No significant trend,False,2.0150913398363106,0.04389507947789208,Increasing,True,0.11724137931034483,0.16666666666666666,-0.2,0.5416666666666666,0.1968056278201188,152.434665269939,29,-0.4015971860899406,-0.04876017057701981,OK,FACTOR_LT_ONE,False
2021-2050,MRI-ESM2-0,SSP5-8.5,351004,R20mm,days,days year-1,2021,2050,30,40.0,3122.0,613.607122577842,0.6979883238222432,0.485184496161004,No significant trend,False,1.574415696681053,0.11539137730071054,No significant trend,False,0.09195402298850575,0.09090909090909091,-0.2222222222222222,0.5,0.19654296046695774,152.63838464997335,29,-0.40172851976652113,-0.04227128409958895,OK,FACTOR_LT_ONE,True
2021-2050,MRI-ESM2-0,SSP5-8.5,351005,R20mm,days,days year-1,2021,2050,30,51.0,3125.6666666666665,628.2709410671989,0.8943318006950534,0.3711443900604706,No significant trend,False,1.9947869472976028,0.0460661215678419,Increasing,True,0.11724137931034483,0.1111111111111111,-0.16666666666666666,0.5,0.20100382032650066,149.25089459130422,29,-0.39949808983674967,-0.034826017605009765,OK,FACTOR_LT_ONE,False
2021-2050,MRI-ESM2-0,SSP5-8.5,351006,R20mm,days,days year-1,2021,2050,30,25.0,3119.0,514.6366224596859,0.42973779817972024,0.667386384677542,No significant trend,False,1.057939658511397,0.29008295319820976,No significant trend,False,0.05747126436781609,0.05555555555555555,-0.25,0.42857142857142855,0.16500052018585631,181.81760861243376,29,-0.41749973990707184,-0.13024730869944717,OK,FACTOR_LT_ONE,True
2021-2050,MRI-ESM2-0,SSP5-8.5,351007,R20mm,days,days year-1,2021,2050,30,21.0,3124.3333333333335,627.5101947337388,0.35780904473382436,0.7204862213980568,No significant trend,False,0.7983982984581809,0.42463939038792164,No significant trend,False,0.04827586206896552,0.07692307692307693,-0.2,0.35294117647058826,0.20084610948481985,149.36809120650372,29,-0.3995769452575901,-0.12284730743605395,OK,FACTOR_LT_ONE,True
2021-2050,MRI-ESM2-0,SSP5-8.5,351008,R20mm,days,days year-1,2021,2050,30,22.0,3090.6666666666665,687.4507815320959,0.37774020407866876,0.7056235982127934,No significant trend,False,0.8009372452278708,0.4231679767232983,No significant trend,False,0.05057471264367816,0.0,-0.125,0.30434782608695654,0.22242799229899568,134.87511032187408,29,-0.38878600385050216,-0.0755687059190827,OK,FACTOR_LT_ONE,True
2021-2050,MRI-ESM2-0,SSP5-8.5,351009,R20mm,days,days year-1,2021,2050,30,20.0,3104.0,634.9842444631346,0.3410301253434256,0.7330809029552297,No significant trend,False,0.7540013547753919,0.4508484082484875,No significant trend,False,0.04597701149425287,0.0,-0.14285714285714285,0.3125,0.20456966638631913,146.64930793476765,29,-0.39771516680684044,-0.05462573591253153,OK,FACTOR_LT_ONE,True
2021-2050,MRI-ESM2-0,SSP5-8.5,351010,R20mm,days,days year-1,2021,2050,30,0.0,3116.0,603.6455808739688,0.0,1.0,No significant trend,False,0.0,1.0,No significant trend,False,0.0,0.0,-0.21052631578947367,0.3,0.19372451247559974,154.8590811592756,29,-0.40313774376220013,-0.0910013335652577,OK,FACTOR_LT_ONE,True
2021-2050,MRI-ESM2-0,SSP5-8.5,351011,R20mm,days,days year-1,2021,2050,30,-5.0,3088.3333333333335,566.124132440315,-0.07197769037344053,0.9426196622944151,No significant trend,False,-0.16811410669935878,0.8664935117551567,No significant trend,False,-0.011494252873563218,0.0,-0.125,0.18181818181818182,0.18331056635951914,163.656687095507,29,-0.4083447168202404,-0.03298065221170804,OK,FACTOR_LT_ONE,True
2021-2050,MRI-ESM2-0,SSP5-8.5,351012,R20mm,days,days year-1,2021,2050,30,14.0,3125.3333333333335,750.0656939876959,0.23253866792839262,0.8161196575249068,No significant trend,False,0.4746720948911814,0.6350207106846408,No significant trend,False,0.03218390804597701,0.03571428571428571,-0.36363636363636365,0.42857142857142855,0.2399954225643225,125.00238412655365,29,-0.38000228871783875,0.04312050011462331,OK,FACTOR_LT_ONE,True
2021-2050,MRI-ESM2-0,SSP5-8.5,351201,R20mm,days,days year-1,2021,2050,30,48.0,3130.0,739.4075230736314,0.8400897563487157,0.40085806314437256,No significant trend,False,1.7284464360365575,0.08390821634376755,No significant trend,False,0.1103448275862069,0.16666666666666666,-0.21052631578947367,0.5454545454545454,0.2362324354867832,126.99356859349845,29,-0.3818837822566084,0.15305855577572552,OK,FACTOR_LT_ONE,True
2021-2050,MRI-ESM2-0,SSP5-8.5,351001,R50mm,days,days year-1,2021,2050,30,-12.0,2942.0,333.84461789423614,-0.20280158782532534,0.839290116821522,No significant trend,False,-0.6020332746932735,0.5471519883639737,No significant trend,False,-0.027586206896551724,0.0,-0.05555555555555555,0.05555555555555555,0.11347539697288789,264.3744882176332,29,-0.44326230151355606,-0.1714613145016416,OK,FACTOR_LT_ONE,True
2021-2050,MRI-ESM2-0,SSP5-8.5,351002,R50mm,days,days year-1,2021,2050,30,7.0,2422.3333333333335,289.0670544190394,0.12190858702970175,0.9029714148898385,No significant trend,False,0.3529002384982439,0.7241632320252702,No significant trend,False,0.016091954022988506,0.0,-0.0,-0.0,0.11933413557962269,251.39495798319382,29,-0.44033293221018865,-0.11251504211793019,OK,FACTOR_LT_ONE,True
2021-2050,MRI-ESM2-0,SSP5-8.5,351003,R50mm,days,days year-1,2021,2050,30,-7.0,2934.3333333333335,204.41882329243583,-0.11076346335442866,0.911803919040349,No significant trend,False,-0.4196534601966752,0.6747386282248105,No significant trend,False,-0.016091954022988506,0.0,-0.05263157894736842,0.0625,0.06966448595675423,430.6354893456497,29,-0.4651677570216229,-0.19934578702608963,OK,FACTOR_LT_ONE,True
2021-2050,MRI-ESM2-0,SSP5-8.5,351004,R50mm,days,days year-1,2021,2050,30,-33.0,2916.3333333333335,329.8150605983538,-0.5925587253205208,0.5534765085756812,No significant trend,False,-1.762035835599308,0.07806324301096594,No significant trend,False,-0.07586206896551724,0.0,-0.05555555555555555,-0.0,0.11309237419077167,265.26987530913465,29,-0.44345381290461416,-0.13072229067652408,OK,FACTOR_LT_ONE,True
2021-2050,MRI-ESM2-0,SSP5-8.5,351005,R50mm,days,days year-1,2021,2050,30,27.0,2884.3333333333335,402.84987330108197,0.48411732338726726,0.6283026076120442,No significant trend,False,1.2953935559145808,0.19518449991147302,No significant trend,False,0.06206896551724138,0.0,-0.0,0.07142857142857142,0.13966827919834113,214.79465611083663,29,-0.43016586040082944,-0.19080856945404281,OK,FACTOR_LT_ONE,True
2021-2050,MRI-ESM2-0,SSP5-8.5,351006,R50mm,days,days year-1,2021,2050,30,-50.0,2944.0,673.6025832966388,-0.903081981448745,0.3664823862708988,No significant trend,False,-1.8879661699801973,0.05903049221915834,No significant trend,False,-0.11494252873563218,0.0,-0.09090909090909091,-0.0,0.22880522530456482,131.11588671135772,29,-0.3855973873477176,-0.06376045794804053,OK,FACTOR_LT_ONE,True
2021-2050,MRI-ESM2-0,SSP5-8.5,351007,R50mm,days,days year-1,2021,2050,30,-43.0,2664.3333333333335,515.3621792288059,-0.813682566732555,0.4158268237469901,No significant trend,False,-1.8500906931597316,0.06430047910545592,No significant trend,False,-0.09885057471264368,0.0,-0.04,-0.0,0.19343006852075784,155.09481141904558,29,-0.4032849657396211,-0.07267230955259979,OK,FACTOR_LT_ONE,True
2021-2050,MRI-ESM2-0,SSP5-8.5,351008,R50mm,days,days year-1,2021,2050,30,-15.0,1875.6666666666667,192.47037037037052,-0.3232586876424315,0.7464993382725382,No significant trend,False,-1.0091276237472993,0.3129134315526103,No significant trend,False,-0.034482758620689655,0.0,-0.0,-0.0,0.1026143790849674,292.3566878980889,29,-0.4486928104575163,-0.04132730015082954,OK,FACTOR_LT_ONE,True
2021-2050,MRI-ESM2-0,SSP5-8.5,351009,R50mm,days,days year-1,2021,2050,30,-6.0,2024.6666666666667,138.03552678892584,-0.11112025718768842,0.9115209853074014,No significant trend,False,-0.42557348897878305,0.6704186615668595,No significant trend,False,-0.013793103448275862,0.0,-0.0,-0.0,0.06817691477885701,440.0316455696171,29,-0.4659115426105715,-0.15355987055016185,OK,FACTOR_LT_ONE,True
2021-2050,MRI-ESM2-0,SSP5-8.5,351010,R50mm,days,days year-1,2021,2050,30,3.0,2578.3333333333335,538.6859997827748,0.0393876857238897,0.9685812976607733,No significant trend,False,0.08617120208531731,0.9313303229412591,No significant trend,False,0.006896551724137931,0.0,-0.0,-0.0,0.20892798957315117,143.59014348097296,29,-0.3955360052134244,-0.059042033235581645,OK,FACTOR_LT_ONE,True
2021-2050,MRI-ESM2-0,SSP5-8.5,351011,R50mm,days,days year-1,2021,2050,30,4.0,1074.6666666666667,87.25925925925907,0.09151333141298446,0.9270847137498512,No significant trend,False,0.32115559594711973,0.7480924804191991,No significant trend,False,0.009195402298850575,0.0,-0.0,-0.0,0.08119658119658102,369.4736842105271,29,-0.4594017094017095,-0.1205128205128205,OK,FACTOR_LT_ONE,True
2021-2050,MRI-ESM2-0,SSP5-8.5,351012,R50mm,days,days year-1,2021,2050,30,-3.0,3013.0,448.32611683848836,-0.03643597788679311,0.9709347270101533,No significant trend,False,-0.09445674511471656,0.9247463411631958,No significant trend,False,-0.006896551724137931,0.0,-0.1,0.1,0.14879725085910667,201.61662817551945,29,-0.42560137457044667,-0.028350515463917526,OK,FACTOR_LT_ONE,True
2021-2050,MRI-ESM2-0,SSP5-8.5,351201,R50mm,days,days year-1,2021,2050,30,-8.0,3016.0,510.7402027359527,-0.1274624821276152,0.898574365855654,No significant trend,False,-0.30974051616630677,0.7567582894747817,No significant trend,False,-0.01839080459770115,0.0,-0.09090909090909091,0.16,0.16934356854640342,177.15464636485098,29,-0.4153282157267983,-0.11517567168585767,OK,FACTOR_LT_ONE,True
2021-2050,MRI-ESM2-0,SSP5-8.5,351001,R95p,mm,mm year-1,2021,2050,30,-45.0,3133.0,300.9997631279108,-0.7860903755415094,0.4318145423940971,No significant trend,False,-2.5361188357987756,0.01120886903144477,Decreasing,True,-0.10344827586206896,-1.4956,-6.645,4.855217391304348,0.0960739748253785,312.2593819452896,29,-0.45196301258731075,-0.187636364180646,OK,FACTOR_LT_ONE,False
2021-2050,MRI-ESM2-0,SSP5-8.5,351002,R95p,mm,mm year-1,2021,2050,30,9.0,2552.3333333333335,311.589287962195,0.15835117519173111,0.874180084819818,No significant trend,False,0.4532092107352557,0.6503981006286226,No significant trend,False,0.020689655172413793,0.0,-0.0,-0.0,0.12208017028687279,245.74015525620447,29,-0.4389599148565636,-0.23841842225551046,OK,FACTOR_LT_ONE,True
2021-2050,MRI-ESM2-0,SSP5-8.5,351003,R95p,mm,mm year-1,2021,2050,30,-26.0,3138.0,448.2062624273344,-0.4462862834340637,0.6553904630901612,No significant trend,False,-1.1808671695600532,0.2376554952651211,No significant trend,False,-0.059770114942528735,-1.061,-5.756315789473684,8.020869565217392,0.14283182359061009,210.03722591953402,29,-0.42858408820469496,-0.17424191625482147,OK,FACTOR_LT_ONE,True
2021-2050,MRI-ESM2-0,SSP5-8.5,351004,R95p,mm,mm year-1,2021,2050,30,-29.0,3133.0,449.48104644934966,-0.5002393298900515,0.6169065680242284,No significant trend,False,-1.3206944101787201,0.1866032786684294,No significant trend,False,-0.06666666666666667,-1.3200000000000014,-5.367142857142857,7.812727272727273,0.14346666021364496,209.10781609696056,29,-0.4282666698931775,-0.23298368236781875,OK,FACTOR_LT_ONE,True
2021-2050,MRI-ESM2-0,SSP5-8.5,351005,R95p,mm,mm year-1,2021,2050,30,7.0,3133.0,452.4746181165046,0.10719414211929675,0.9146349625658104,No significant trend,False,0.28206820790826853,0.7778912102398043,No significant trend,False,0.016091954022988506,0.03454545454545413,-4.980666666666666,10.190999999999997,0.14442215707516903,207.72435897343343,29,-0.4277889214624155,-0.1044356195891771,OK,FACTOR_LT_ONE,True
2021-2050,MRI-ESM2-0,SSP5-8.5,351006,R95p,mm,mm year-1,2021,2050,30,-7.0,3141.6666666666665,442.46690721554364,-0.10704618602100947,0.9147523390847367,No significant trend,False,-0.28524027930748375,0.7754600631251533,No significant trend,False,-0.016091954022988506,-1.1846153846153828,-11.806999999999999,12.568800000000003,0.14083827285375394,213.01028045943104,29,-0.42958086357312303,-0.11918892262456225,OK,FACTOR_LT_ONE,True
2021-2050,MRI-ESM2-0,SSP5-8.5,351007,R95p,mm,mm year-1,2021,2050,30,3.0,3141.6666666666665,445.04844365469444,0.035682062007003156,0.9715358738879935,No significant trend,False,0.09480393248868696,0.9244705632695166,No significant trend,False,0.006896551724137931,0.6468749999999979,-9.50222222222222,11.318000000000007,0.14165998206515473,211.77469856096604,29,-0.42917000896742263,-0.12718141081040885,OK,FACTOR_LT_ONE,True
2021-2050,MRI-ESM2-0,SSP5-8.5,351008,R95p,mm,mm year-1,2021,2050,30,19.0,3141.6666666666665,474.43982849162865,0.3211385580630284,0.7481053914270006,No significant trend,False,0.8263840665340274,0.4085862590043293,No significant trend,False,0.04367816091954023,1.2782352941176465,-4.30076923076923,8.853999999999996,0.15101533002386058,198.6553285369106,29,-0.4244923349880697,-0.15011830005109522,OK,FACTOR_LT_ONE,True
2021-2050,MRI-ESM2-0,SSP5-8.5,351009,R95p,mm,mm year-1,2021,2050,30,29.0,3141.6666666666665,694.1058420963836,0.49954886809804416,0.617392769071009,No significant trend,False,1.0627844255451868,0.28787972400506323,No significant trend,False,0.06666666666666667,2.814347826086957,-7.1200000000000045,13.023571428571428,0.2209355465558781,135.78620764138796,29,-0.38953222672206095,0.051982368890276416,OK,FACTOR_LT_ONE,True
2021-2050,MRI-ESM2-0,SSP5-8.5,351010,R95p,mm,mm year-1,2021,2050,30,-1.0,3141.6666666666665,461.8549665888158,0.0,1.0,No significant trend,False,0.0,1.0,No significant trend,False,-0.0022988505747126436,-0.2079999999999984,-9.245789473684209,11.030833333333334,0.14700953843675835,204.06839120106224,29,-0.4264952307816208,-0.12356205585844357,OK,FACTOR_LT_ONE,True
2021-2050,MRI-ESM2-0,SSP5-8.5,351011,R95p,mm,mm year-1,2021,2050,30,1.0,1308.3333333333333,260.7962691789271,0.0,1.0,No significant trend,False,0.0,1.0,No significant trend,False,0.0022988505747126436,0.0,-0.0,-0.0,0.19933472803484875,150.50061921350323,29,-0.4003326359825756,-0.03379442415005338,OK,FACTOR_LT_ONE,True
2021-2050,MRI-ESM2-0,SSP5-8.5,351012,R95p,mm,mm year-1,2021,2050,30,-23.0,3133.0,450.9871478462363,-0.3930451877707547,0.6942861065649939,No significant trend,False,-1.0359543014734183,0.30022346261837773,No significant trend,False,-0.052873563218390804,-1.3876470588235297,-8.899999999999993,6.650000000000006,0.14394738201284274,208.40948672010896,29,-0.42802630899357863,0.03546606209966404,OK,FACTOR_LT_ONE,True
2021-2050,MRI-ESM2-0,SSP5-8.5,351201,R95p,mm,mm year-1,2021,2050,30,6.0,3140.6666666666665,649.0658441896451,0.08921935551453625,0.9289075832431798,No significant trend,False,0.19625721262538975,0.8444088494540474,No significant trend,False,0.013793103448275862,0.4495652173913045,-8.251818181818178,14.226666666666688,0.206664989659195,145.16246825101868,29,-0.3966675051704025,-0.023729625861505243,OK,FACTOR_LT_ONE,True
2021-2050,MRI-ESM2-0,SSP5-8.5,351001,R99p,mm,mm year-1,2021,2050,30,-32.0,2444.6666666666665,361.0056281972905,-0.6269773737669547,0.5306740667757917,No significant trend,False,-1.6315662288908064,0.1027708973514473,No significant trend,False,-0.0735632183908046,0.0,-0.0,-0.0,0.14767069601743543,203.1547274379875,29,-0.4261646519912823,0.017486374808655898,OK,FACTOR_LT_ONE,True
2021-2050,MRI-ESM2-0,SSP5-8.5,351002,R99p,mm,mm year-1,2021,2050,30,0.0,1083.3333333333333,91.87343192571416,0.0,1.0,No significant trend,False,0.0,1.0,No significant trend,False,0.0,0.0,-0.0,-0.0,0.08480624485450539,353.74753417591313,29,-0.4575968775727473,-0.12112281470675326,OK,FACTOR_LT_ONE,True
2021-2050,MRI-ESM2-0,SSP5-8.5,351003,R99p,mm,mm year-1,2021,2050,30,-2.0,2444.6666666666665,203.701210069131,-0.02022507657312757,0.9838638237625708,No significant trend,False,-0.07006533382749926,0.9441416584650093,No significant trend,False,-0.004597701149425287,0.0,-0.0,-0.0,0.08332473823389597,360.0371346596825,29,-0.458337630883052,-0.13292283879805242,OK,FACTOR_LT_ONE,True
2021-2050,MRI-ESM2-0,SSP5-8.5,351004,R99p,mm,mm year-1,2021,2050,30,-13.0,2045.0,204.8587818047897,-0.2653594692521079,0.7907325560801657,No significant trend,False,-0.8384051804446161,0.40180318094638257,No significant trend,False,-0.029885057471264367,0.0,-0.0,-0.0,0.10017544342532503,299.4745915186615,29,-0.4499122782873375,0.03177182014476389,OK,FACTOR_LT_ONE,True
2021-2050,MRI-ESM2-0,SSP5-8.5,351005,R99p,mm,mm year-1,2021,2050,30,21.0,2045.0,290.67426333456154,0.44226578208684647,0.6582968890046188,No significant trend,False,1.173077501227757,0.24076472793298098,No significant trend,False,0.04827586206896552,0.0,-0.0,-0.0,0.14213900407558022,211.06099761363154,29,-0.4289304979622099,-0.04000114413736549,OK,FACTOR_LT_ONE,True
2021-2050,MRI-ESM2-0,SSP5-8.5,351006,R99p,mm,mm year-1,2021,2050,30,-33.0,3141.6666666666665,470.10146472222624,-0.5709129921120505,0.568058623631595,No significant trend,False,-1.4758906320464849,0.13997325475869918,No significant trend,False,-0.07586206896551724,-1.4326666666666692,-9.789166666666667,4.67,0.1496344184792232,200.48863292883055,29,-0.4251827907603884,-0.0719247182187493,OK,FACTOR_LT_ONE,True
2021-2050,MRI-ESM2-0,SSP5-8.5,351007,R99p,mm,mm year-1,2021,2050,30,-103.0,3076.3333333333335,305.0509547635572,-1.839007397141084,0.06591409807716793,No significant trend,False,-5.840015199893135,5.219605985659641e-09,Decreasing,True,-0.2367816091954023,-3.7230769230769236,-7.814,-0.0,0.09916056607332013,302.5396202137224,29,-0.45041971696333993,-0.14193684522297786,OK,FACTOR_LT_ONE,False
2021-2050,MRI-ESM2-0,SSP5-8.5,351008,R99p,mm,mm year-1,2021,2050,30,-1.0,2648.3333333333335,309.9895996751501,0.0,1.0,No significant trend,False,0.0,1.0,No significant trend,False,-0.0022988505747126436,0.0,-0.0,-0.0,0.11705082429521085,256.29892126464466,29,-0.4414745878523946,-0.1464795965622989,OK,FACTOR_LT_ONE,True
2021-2050,MRI-ESM2-0,SSP5-8.5,351009,R99p,mm,mm year-1,2021,2050,30,13.0,3141.6666666666665,454.7546112988804,0.21409237204201895,0.8304750241244809,No significant trend,False,0.5627204396104584,0.5736252637669532,No significant trend,False,0.029885057471264367,0.692499999999999,-4.56076923076923,8.79625,0.1447494783975216,207.25463284649499,29,-0.4276252608012392,-0.10962903953790054,OK,FACTOR_LT_ONE,True
2021-2050,MRI-ESM2-0,SSP5-8.5,351010,R99p,mm,mm year-1,2021,2050,30,-33.0,3141.6666666666665,433.23539937186655,-0.5709129921120505,0.568058623631595,No significant trend,False,-1.537404014113486,0.12419440400924231,No significant trend,False,-0.07586206896551724,-1.059615384615385,-7.8331578947368445,7.2491666666666665,0.13789986186902914,217.54916642695844,29,-0.43105006906548543,-0.11984499657301659,OK,FACTOR_LT_ONE,True
2021-2050,MRI-ESM2-0,SSP5-8.5,351011,R99p,mm,mm year-1,2021,2050,30,0.0,0.0,0.0,0.0,1.0,No significant trend,False,0.0,1.0,No significant trend,False,0.0,0.0,-0.0,-0.0,1.0,30.0,29,0.0,0.0,NO_VARIATION,ZERO_VARIANCE_RESIDUALS,True
2021-2050,MRI-ESM2-0,SSP5-8.5,351012,R99p,mm,mm year-1,2021,2050,30,20.0,1708.0,260.1016849921331,0.4597372225710359,0.6457048484346586,No significant trend,False,1.1780996260193102,0.23875689113474108,No significant trend,False,0.04597701149425287,0.0,-0.0,-0.0,0.1522843588946915,196.99987718860714,29,-0.42385782055265425,-0.05780393004642732,OK,FACTOR_LT_ONE,True
2021-2050,MRI-ESM2-0,SSP5-8.5,351201,R99p,mm,mm year-1,2021,2050,30,-8.0,2324.6666666666665,438.41272564040804,-0.1451836450650662,0.8845658784620912,No significant trend,False,-0.33431546282673813,0.7381415234115236,No significant trend,False,-0.01839080459770115,0.0,-0.0,-0.0,0.18859165140826273,159.0738496427717,29,-0.40570417429586864,-0.18866594870412598,OK,FACTOR_LT_ONE,True
