source_type,season_type,metric,model,grid_signature,phase,n_phase,n_neutral,phase_mean,neutral_mean,response_absolute,response_pct,eligible
RAW,RAINY,PRCPTOT,ACCESS-ESM1-5,grid_21d480dde29ff4ec,EL_NINO,4,13,1238.70275,1423.362,-184.65925000000016,-12.973456506496602,True
RAW,RAINY,PRCPTOT,ACCESS-ESM1-5,grid_e450cbe008c0e055,EL_NINO,4,13,678.01925,768.0593846153847,-90.04013461538466,-11.7230693900672,True
RAW,RAINY,PRCPTOT,CESM2,grid_366816579f298e84,EL_NINO,11,4,832.3649090909092,955.34625,-122.98134090909082,-12.872960029841622,True
RAW,RAINY,PRCPTOT,CESM2,grid_52ecc812ca873fb0,EL_NINO,11,4,618.9742727272727,680.5355000000001,-61.561227272727365,-9.045997934380699,True
RAW,RAINY,PRCPTOT,CESM2,grid_92e164725cf75def,EL_NINO,11,4,1232.2761818181818,1387.548,-155.27181818181816,-11.190374544290949,True
RAW,RAINY,PRCPTOT,CanESM5,grid_b9e4c92f2230d843,EL_NINO,5,10,821.7526,1097.5517000000002,-275.7991000000002,-25.12857480882223,True
RAW,RAINY,PRCPTOT,CanESM5,grid_ee53d9b7e1b78404,EL_NINO,5,10,485.68100000000004,797.5133,-311.8322999999999,-39.10057675527166,True
RAW,RAINY,PRCPTOT,EC-Earth3,grid_54322c8bcd695ea9,EL_NINO,6,10,806.5020666666666,961.00989,-154.50782333333348,-16.077651743348184,True
RAW,RAINY,PRCPTOT,EC-Earth3,grid_aa9c230c24e29294,EL_NINO,6,10,1131.8194999999998,1398.98637,-267.16687000000024,-19.0971746207935,True
RAW,RAINY,PRCPTOT,EC-Earth3,grid_b0bcd3659d8a5c3a,EL_NINO,6,10,529.9448000000001,570.57774,-40.63293999999985,-7.121367896336063,True
RAW,RAINY,PRCPTOT,MIROC6,grid_93ab3a1ad3d3fc3b,EL_NINO,12,4,918.7923333333333,946.203,-27.410666666666657,-2.8969118325207863,True
RAW,RAINY,PRCPTOT,MIROC6,grid_da55f68884e350d6,EL_NINO,12,4,1503.9280833333335,1397.935,105.99308333333352,7.582118148077953,True
RAW,RAINY,PRCPTOT,ACCESS-ESM1-5,grid_21d480dde29ff4ec,LA_NINA,2,13,1729.1695,1423.362,,,False
RAW,RAINY,PRCPTOT,ACCESS-ESM1-5,grid_e450cbe008c0e055,LA_NINA,2,13,1020.0384999999997,768.0593846153847,,,False
RAW,RAINY,PRCPTOT,CESM2,grid_366816579f298e84,LA_NINA,5,4,1339.145,955.34625,383.7987499999999,40.17378515904573,True
RAW,RAINY,PRCPTOT,CESM2,grid_52ecc812ca873fb0,LA_NINA,5,4,1002.7403999999999,680.5355000000001,322.20489999999984,47.34578872079411,True
RAW,RAINY,PRCPTOT,CESM2,grid_92e164725cf75def,LA_NINA,5,4,1772.2846000000002,1387.548,384.7366000000002,27.727804731800283,True
RAW,RAINY,PRCPTOT,CanESM5,grid_b9e4c92f2230d843,LA_NINA,7,10,1278.6471428571426,1097.5517000000002,181.09544285714242,16.499946458753822,True
RAW,RAINY,PRCPTOT,CanESM5,grid_ee53d9b7e1b78404,LA_NINA,7,10,854.6648571428572,797.5133,57.1515571428572,7.166219941768645,True
RAW,RAINY,PRCPTOT,EC-Earth3,grid_54322c8bcd695ea9,LA_NINA,4,10,1032.4507999999998,961.00989,71.4409099999998,7.433941184517861,True
RAW,RAINY,PRCPTOT,EC-Earth3,grid_aa9c230c24e29294,LA_NINA,4,10,1467.138,1398.98637,68.15162999999984,4.871500642282872,True
RAW,RAINY,PRCPTOT,EC-Earth3,grid_b0bcd3659d8a5c3a,LA_NINA,4,10,645.3901,570.57774,74.81236000000001,13.11168570999633,True
RAW,RAINY,PRCPTOT,MIROC6,grid_93ab3a1ad3d3fc3b,LA_NINA,12,4,1177.5354166666666,946.203,231.33241666666663,24.448497485916512,True
RAW,RAINY,PRCPTOT,MIROC6,grid_da55f68884e350d6,LA_NINA,12,4,1565.87875,1397.935,167.94375000000014,12.013702353829052,True
RAW,RAINY,wet_day_frequency_pct,ACCESS-ESM1-5,grid_21d480dde29ff4ec,EL_NINO,4,13,81.65760869565219,78.80434782608697,2.8532608695652186,3.620689655172415,True
RAW,RAINY,wet_day_frequency_pct,ACCESS-ESM1-5,grid_e450cbe008c0e055,EL_NINO,4,13,64.80978260869566,65.09197324414716,-0.28219063545149936,-0.433526011560685,True
RAW,RAINY,wet_day_frequency_pct,CESM2,grid_366816579f298e84,EL_NINO,11,4,61.462450592885375,65.35326086956522,-3.8908102766798436,-5.953505953505956,True
RAW,RAINY,wet_day_frequency_pct,CESM2,grid_52ecc812ca873fb0,EL_NINO,11,4,51.92687747035573,55.16304347826087,-3.2361660079051404,-5.8665472458575945,True
RAW,RAINY,wet_day_frequency_pct,CESM2,grid_92e164725cf75def,EL_NINO,11,4,73.86363636363636,76.63043478260869,-2.7667984189723285,-3.6105738233397764,True
RAW,RAINY,wet_day_frequency_pct,CanESM5,grid_b9e4c92f2230d843,EL_NINO,5,10,56.95652173913042,63.75,-6.793478260869577,-10.656436487638551,True
RAW,RAINY,wet_day_frequency_pct,CanESM5,grid_ee53d9b7e1b78404,EL_NINO,5,10,35.108695652173914,50.05434782608695,-14.94565217391304,-29.858849077090117,True
RAW,RAINY,wet_day_frequency_pct,EC-Earth3,grid_54322c8bcd695ea9,EL_NINO,6,10,69.38405797101449,74.8913043478261,-5.507246376811608,-7.353652636671523,True
RAW,RAINY,wet_day_frequency_pct,EC-Earth3,grid_aa9c230c24e29294,EL_NINO,6,10,76.53985507246377,82.33695652173914,-5.797101449275374,-7.040704070407054,True
RAW,RAINY,wet_day_frequency_pct,EC-Earth3,grid_b0bcd3659d8a5c3a,EL_NINO,6,10,58.242753623188406,62.06521739130435,-3.822463768115945,-6.158785755983659,True
RAW,RAINY,wet_day_frequency_pct,MIROC6,grid_93ab3a1ad3d3fc3b,EL_NINO,12,4,76.26811594202898,74.86413043478261,1.4039855072463752,1.8753781004234702,True
RAW,RAINY,wet_day_frequency_pct,MIROC6,grid_da55f68884e350d6,EL_NINO,12,4,88.63224637681158,87.3641304347826,1.2681159420289845,1.4515292897874537,True
RAW,RAINY,wet_day_frequency_pct,ACCESS-ESM1-5,grid_21d480dde29ff4ec,LA_NINA,2,13,88.31521739130434,78.80434782608697,,,False
RAW,RAINY,wet_day_frequency_pct,ACCESS-ESM1-5,grid_e450cbe008c0e055,LA_NINA,2,13,70.65217391304348,65.09197324414716,,,False
RAW,RAINY,wet_day_frequency_pct,CESM2,grid_366816579f298e84,LA_NINA,5,4,71.52173913043478,65.35326086956522,6.168478260869563,9.438669438669434,True
RAW,RAINY,wet_day_frequency_pct,CESM2,grid_52ecc812ca873fb0,LA_NINA,5,4,63.69565217391305,55.16304347826087,8.53260869565218,15.467980295566512,True
RAW,RAINY,wet_day_frequency_pct,CESM2,grid_92e164725cf75def,LA_NINA,5,4,79.56521739130434,76.63043478260869,2.934782608695656,3.8297872340425583,True
RAW,RAINY,wet_day_frequency_pct,CanESM5,grid_b9e4c92f2230d843,LA_NINA,7,10,69.95341614906832,63.75,6.2034161490683175,9.730848861283635,True
RAW,RAINY,wet_day_frequency_pct,CanESM5,grid_ee53d9b7e1b78404,LA_NINA,7,10,55.43478260869564,50.05434782608695,5.380434782608688,10.749185667752428,True
RAW,RAINY,wet_day_frequency_pct,EC-Earth3,grid_54322c8bcd695ea9,LA_NINA,4,10,76.90217391304348,74.8913043478261,2.0108695652173907,2.6850507982583443,True
RAW,RAINY,wet_day_frequency_pct,EC-Earth3,grid_aa9c230c24e29294,LA_NINA,4,10,83.69565217391305,82.33695652173914,1.3586956521739069,1.6501650165016424,True
RAW,RAINY,wet_day_frequency_pct,EC-Earth3,grid_b0bcd3659d8a5c3a,LA_NINA,4,10,64.67391304347827,62.06521739130435,2.608695652173914,4.203152364273206,True
RAW,RAINY,wet_day_frequency_pct,MIROC6,grid_93ab3a1ad3d3fc3b,LA_NINA,12,4,78.71376811594203,74.86413043478261,3.8496376811594217,5.142165759225652,True
RAW,RAINY,wet_day_frequency_pct,MIROC6,grid_da55f68884e350d6,LA_NINA,12,4,89.31159420289855,87.3641304347826,1.9474637681159521,2.2291342664593174,True
RAW,RAINY,Rx1day,ACCESS-ESM1-5,grid_21d480dde29ff4ec,EL_NINO,4,13,52.6525,71.62299999999999,-18.970499999999987,-26.486603465367256,True
RAW,RAINY,Rx1day,ACCESS-ESM1-5,grid_e450cbe008c0e055,EL_NINO,4,13,53.903,64.78699999999999,-10.883999999999993,-16.799666599780814,True
RAW,RAINY,Rx1day,CESM2,grid_366816579f298e84,EL_NINO,11,4,48.78745454545454,43.027,5.760454545454536,13.387999501370153,True
RAW,RAINY,Rx1day,CESM2,grid_52ecc812ca873fb0,EL_NINO,11,4,45.696,44.0075,1.6884999999999977,3.8368459921604217,True
RAW,RAINY,Rx1day,CESM2,grid_92e164725cf75def,EL_NINO,11,4,49.31627272727273,39.814750000000004,9.501522727272729,23.864328489498813,True
RAW,RAINY,Rx1day,CanESM5,grid_b9e4c92f2230d843,EL_NINO,5,10,68.3752,81.2668,-12.891599999999997,-15.863304572100779,True
RAW,RAINY,Rx1day,CanESM5,grid_ee53d9b7e1b78404,EL_NINO,5,10,40.1532,47.3303,-7.177100000000003,-15.16385909237846,True
RAW,RAINY,Rx1day,EC-Earth3,grid_54322c8bcd695ea9,EL_NINO,6,10,27.087666666666667,28.6375,-1.549833333333332,-5.411901644114647,True
RAW,RAINY,Rx1day,EC-Earth3,grid_aa9c230c24e29294,EL_NINO,6,10,30.32816666666667,32.97279999999999,-2.6446333333333207,-8.020651365165595,True
RAW,RAINY,Rx1day,EC-Earth3,grid_b0bcd3659d8a5c3a,EL_NINO,6,10,23.24466666666667,22.7577,0.486966666666671,2.139788584376589,True
RAW,RAINY,Rx1day,MIROC6,grid_93ab3a1ad3d3fc3b,EL_NINO,12,4,45.049666666666674,37.85375,7.195916666666676,19.0097854681945,True
RAW,RAINY,Rx1day,MIROC6,grid_da55f68884e350d6,EL_NINO,12,4,48.822333333333326,33.151,15.671333333333322,47.27258101816935,True
RAW,RAINY,Rx1day,ACCESS-ESM1-5,grid_21d480dde29ff4ec,LA_NINA,2,13,65.59899999999999,71.62299999999999,,,False
RAW,RAINY,Rx1day,ACCESS-ESM1-5,grid_e450cbe008c0e055,LA_NINA,2,13,91.88499999999999,64.78699999999999,,,False
RAW,RAINY,Rx1day,CESM2,grid_366816579f298e84,LA_NINA,5,4,51.867399999999996,43.027,8.840399999999995,20.546168684779314,True
RAW,RAINY,Rx1day,CESM2,grid_52ecc812ca873fb0,LA_NINA,5,4,47.2826,44.0075,3.275100000000002,7.442140544225421,True
RAW,RAINY,Rx1day,CESM2,grid_92e164725cf75def,LA_NINA,5,4,53.8024,39.814750000000004,13.987649999999995,35.13182928437323,True
RAW,RAINY,Rx1day,CanESM5,grid_b9e4c92f2230d843,LA_NINA,7,10,92.37985714285715,81.2668,11.113057142857144,13.674781267205235,True
RAW,RAINY,Rx1day,CanESM5,grid_ee53d9b7e1b78404,LA_NINA,7,10,42.838428571428565,47.3303,-4.491871428571436,-9.490477407858045,True
RAW,RAINY,Rx1day,EC-Earth3,grid_54322c8bcd695ea9,LA_NINA,4,10,30.65875,28.6375,2.021250000000002,7.0580532518550925,True
RAW,RAINY,Rx1day,EC-Earth3,grid_aa9c230c24e29294,LA_NINA,4,10,36.524750000000004,32.97279999999999,3.551950000000012,10.772363887810597,True
RAW,RAINY,Rx1day,EC-Earth3,grid_b0bcd3659d8a5c3a,LA_NINA,4,10,26.279,22.7577,3.5213,15.473004741252412,True
RAW,RAINY,Rx1day,MIROC6,grid_93ab3a1ad3d3fc3b,LA_NINA,12,4,52.73391666666668,37.85375,14.880166666666682,39.309623661240124,True
RAW,RAINY,Rx1day,MIROC6,grid_da55f68884e350d6,LA_NINA,12,4,53.31433333333333,33.151,20.163333333333327,60.82270016992948,True
RAW,RAINY,CDD,ACCESS-ESM1-5,grid_21d480dde29ff4ec,EL_NINO,4,13,6.75,7.384615384615385,-0.634615384615385,-8.593750000000005,True
RAW,RAINY,CDD,ACCESS-ESM1-5,grid_e450cbe008c0e055,EL_NINO,4,13,8.25,9.846153846153847,-1.5961538461538467,-16.210937500000004,True
RAW,RAINY,CDD,CESM2,grid_366816579f298e84,EL_NINO,11,4,13.454545454545455,12.25,1.204545454545455,9.833024118738408,True
RAW,RAINY,CDD,CESM2,grid_52ecc812ca873fb0,EL_NINO,11,4,17.181818181818183,14.0,3.1818181818181834,22.72727272727274,True
RAW,RAINY,CDD,CESM2,grid_92e164725cf75def,EL_NINO,11,4,10.545454545454545,9.25,1.295454545454545,14.004914004914001,True
RAW,RAINY,CDD,CanESM5,grid_b9e4c92f2230d843,EL_NINO,5,10,14.0,12.6,1.4000000000000004,11.111111111111114,True
RAW,RAINY,CDD,CanESM5,grid_ee53d9b7e1b78404,EL_NINO,5,10,20.8,14.8,6.0,40.54054054054054,True
RAW,RAINY,CDD,EC-Earth3,grid_54322c8bcd695ea9,EL_NINO,6,10,19.666666666666668,18.2,1.4666666666666686,8.058608058608069,True
RAW,RAINY,CDD,EC-Earth3,grid_aa9c230c24e29294,EL_NINO,6,10,16.5,16.8,-0.3000000000000007,-1.7857142857142898,True
RAW,RAINY,CDD,EC-Earth3,grid_b0bcd3659d8a5c3a,EL_NINO,6,10,33.166666666666664,20.8,12.366666666666664,59.45512820512818,True
RAW,RAINY,CDD,MIROC6,grid_93ab3a1ad3d3fc3b,EL_NINO,12,4,8.416666666666666,8.75,-0.3333333333333339,-3.8095238095238164,True
RAW,RAINY,CDD,MIROC6,grid_da55f68884e350d6,EL_NINO,12,4,6.333333333333333,5.5,0.833333333333333,15.151515151515145,True
RAW,RAINY,CDD,ACCESS-ESM1-5,grid_21d480dde29ff4ec,LA_NINA,2,13,4.0,7.384615384615385,,,False
RAW,RAINY,CDD,ACCESS-ESM1-5,grid_e450cbe008c0e055,LA_NINA,2,13,5.5,9.846153846153847,,,False
RAW,RAINY,CDD,CESM2,grid_366816579f298e84,LA_NINA,5,4,16.8,12.25,4.550000000000001,37.142857142857146,True
RAW,RAINY,CDD,CESM2,grid_52ecc812ca873fb0,LA_NINA,5,4,20.4,14.0,6.399999999999999,45.71428571428571,True
RAW,RAINY,CDD,CESM2,grid_92e164725cf75def,LA_NINA,5,4,12.2,9.25,2.9499999999999993,31.891891891891884,True
RAW,RAINY,CDD,CanESM5,grid_b9e4c92f2230d843,LA_NINA,7,10,8.0,12.6,-4.6,-36.507936507936506,True
RAW,RAINY,CDD,CanESM5,grid_ee53d9b7e1b78404,LA_NINA,7,10,16.857142857142858,14.8,2.057142857142857,13.899613899613897,True
RAW,RAINY,CDD,EC-Earth3,grid_54322c8bcd695ea9,LA_NINA,4,10,19.25,18.2,1.0500000000000007,5.769230769230774,True
RAW,RAINY,CDD,EC-Earth3,grid_aa9c230c24e29294,LA_NINA,4,10,13.0,16.8,-3.8000000000000007,-22.61904761904762,True
RAW,RAINY,CDD,EC-Earth3,grid_b0bcd3659d8a5c3a,LA_NINA,4,10,23.5,20.8,2.6999999999999993,12.980769230769228,True
RAW,RAINY,CDD,MIROC6,grid_93ab3a1ad3d3fc3b,LA_NINA,12,4,7.75,8.75,-1.0,-11.428571428571429,True
RAW,RAINY,CDD,MIROC6,grid_da55f68884e350d6,LA_NINA,12,4,5.5,5.5,0.0,0.0,True
RAW,RAINY,Rx5day,ACCESS-ESM1-5,grid_21d480dde29ff4ec,EL_NINO,4,13,157.568,204.38876923076924,-46.82076923076923,-22.907701537115916,True
RAW,RAINY,Rx5day,ACCESS-ESM1-5,grid_e450cbe008c0e055,EL_NINO,4,13,112.21825,162.9957692307692,-50.777519230769215,-31.152660876049158,True
RAW,RAINY,Rx5day,CESM2,grid_366816579f298e84,EL_NINO,11,4,145.2340909090909,102.98075,42.253340909090895,41.030329366498975,True
RAW,RAINY,Rx5day,CESM2,grid_52ecc812ca873fb0,EL_NINO,11,4,133.92727272727274,104.46275,29.464522727272737,28.20576973827775,True
RAW,RAINY,Rx5day,CESM2,grid_92e164725cf75def,EL_NINO,11,4,151.80163636363636,131.653,20.14863636363637,15.304350347987794,True
RAW,RAINY,Rx5day,CanESM5,grid_b9e4c92f2230d843,EL_NINO,5,10,135.7052,135.3671,0.3380999999999972,0.24976526792699053,True
RAW,RAINY,Rx5day,CanESM5,grid_ee53d9b7e1b78404,EL_NINO,5,10,88.7158,116.64739999999999,-27.93159999999999,-23.94532582809389,True
RAW,RAINY,Rx5day,EC-Earth3,grid_54322c8bcd695ea9,EL_NINO,6,10,81.62966666666667,83.31004,-1.6803733333333355,-2.0170117951369795,True
RAW,RAINY,Rx5day,EC-Earth3,grid_aa9c230c24e29294,EL_NINO,6,10,92.05226666666668,109.09183,-17.03956333333332,-15.619467867880958,True
RAW,RAINY,Rx5day,EC-Earth3,grid_b0bcd3659d8a5c3a,EL_NINO,6,10,68.02825,61.522228000000005,6.506021999999994,10.575075402015665,True
RAW,RAINY,Rx5day,MIROC6,grid_93ab3a1ad3d3fc3b,EL_NINO,12,4,125.42416666666664,96.089,29.335166666666638,30.5291622003212,True
RAW,RAINY,Rx5day,MIROC6,grid_da55f68884e350d6,EL_NINO,12,4,158.68866666666665,110.91325,47.77541666666664,43.07458005843904,True
RAW,RAINY,Rx5day,ACCESS-ESM1-5,grid_21d480dde29ff4ec,LA_NINA,2,13,182.2935,204.38876923076924,,,False
RAW,RAINY,Rx5day,ACCESS-ESM1-5,grid_e450cbe008c0e055,LA_NINA,2,13,209.39349999999996,162.9957692307692,,,False
RAW,RAINY,Rx5day,CESM2,grid_366816579f298e84,LA_NINA,5,4,152.1096,102.98075,49.12885,47.70682870342273,True
RAW,RAINY,Rx5day,CESM2,grid_52ecc812ca873fb0,LA_NINA,5,4,125.05340000000001,104.46275,20.59065000000001,19.71099746081738,True
RAW,RAINY,Rx5day,CESM2,grid_92e164725cf75def,LA_NINA,5,4,185.517,131.653,53.864000000000004,40.913613818143155,True
RAW,RAINY,Rx5day,CanESM5,grid_b9e4c92f2230d843,LA_NINA,7,10,174.80785714285716,135.3671,39.440757142857166,29.136146924073255,True
RAW,RAINY,Rx5day,CanESM5,grid_ee53d9b7e1b78404,LA_NINA,7,10,95.25285714285714,116.64739999999999,-21.394542857142852,-18.341208511413758,True
RAW,RAINY,Rx5day,EC-Earth3,grid_54322c8bcd695ea9,LA_NINA,4,10,84.156825,83.31004,0.846784999999997,1.0164261114266624,True
RAW,RAINY,Rx5day,EC-Earth3,grid_aa9c230c24e29294,LA_NINA,4,10,110.1406,109.09183,1.0487700000000046,0.9613643844823252,True
RAW,RAINY,Rx5day,EC-Earth3,grid_b0bcd3659d8a5c3a,LA_NINA,4,10,75.36724,61.522228000000005,13.84501199999999,22.50408096403789,True
RAW,RAINY,Rx5day,MIROC6,grid_93ab3a1ad3d3fc3b,LA_NINA,12,4,121.98675000000003,96.089,25.89775000000003,26.95183631841317,True
RAW,RAINY,Rx5day,MIROC6,grid_da55f68884e350d6,LA_NINA,12,4,141.49433333333337,110.91325,30.581083333333368,27.572073970723395,True
RAW,RAINY,CWD,ACCESS-ESM1-5,grid_21d480dde29ff4ec,EL_NINO,4,13,39.5,32.76923076923077,6.7307692307692335,20.539906103286395,True
RAW,RAINY,CWD,ACCESS-ESM1-5,grid_e450cbe008c0e055,EL_NINO,4,13,20.0,21.307692307692307,-1.3076923076923066,-6.1371841155234605,True
RAW,RAINY,CWD,CESM2,grid_366816579f298e84,EL_NINO,11,4,21.0,22.5,-1.5,-6.666666666666667,True
RAW,RAINY,CWD,CESM2,grid_52ecc812ca873fb0,EL_NINO,11,4,14.272727272727273,20.0,-5.727272727272727,-28.636363636363633,True
RAW,RAINY,CWD,CESM2,grid_92e164725cf75def,EL_NINO,11,4,31.363636363636363,53.0,-21.636363636363637,-40.82332761578044,True
RAW,RAINY,CWD,CanESM5,grid_b9e4c92f2230d843,EL_NINO,5,10,18.8,24.4,-5.599999999999998,-22.95081967213114,True
RAW,RAINY,CWD,CanESM5,grid_ee53d9b7e1b78404,EL_NINO,5,10,16.6,15.3,1.3000000000000007,8.496732026143794,True
RAW,RAINY,CWD,EC-Earth3,grid_54322c8bcd695ea9,EL_NINO,6,10,41.333333333333336,50.6,-9.266666666666666,-18.313570487483528,True
RAW,RAINY,CWD,EC-Earth3,grid_aa9c230c24e29294,EL_NINO,6,10,70.66666666666667,76.1,-5.433333333333323,-7.139728427507653,True
RAW,RAINY,CWD,EC-Earth3,grid_b0bcd3659d8a5c3a,EL_NINO,6,10,25.166666666666668,30.0,-4.833333333333332,-16.111111111111107,True
RAW,RAINY,CWD,MIROC6,grid_93ab3a1ad3d3fc3b,EL_NINO,12,4,32.666666666666664,41.75,-9.083333333333336,-21.75648702594811,True
RAW,RAINY,CWD,MIROC6,grid_da55f68884e350d6,EL_NINO,12,4,78.16666666666667,71.25,6.916666666666671,9.707602339181294,True
RAW,RAINY,CWD,ACCESS-ESM1-5,grid_21d480dde29ff4ec,LA_NINA,2,13,59.0,32.76923076923077,,,False
RAW,RAINY,CWD,ACCESS-ESM1-5,grid_e450cbe008c0e055,LA_NINA,2,13,15.5,21.307692307692307,,,False
RAW,RAINY,CWD,CESM2,grid_366816579f298e84,LA_NINA,5,4,23.2,22.5,0.6999999999999993,3.111111111111108,True
RAW,RAINY,CWD,CESM2,grid_52ecc812ca873fb0,LA_NINA,5,4,19.8,20.0,-0.1999999999999993,-0.9999999999999964,True
RAW,RAINY,CWD,CESM2,grid_92e164725cf75def,LA_NINA,5,4,42.2,53.0,-10.799999999999997,-20.377358490566035,True
RAW,RAINY,CWD,CanESM5,grid_b9e4c92f2230d843,LA_NINA,7,10,29.142857142857142,24.4,4.742857142857144,19.437939110070264,True
RAW,RAINY,CWD,CanESM5,grid_ee53d9b7e1b78404,LA_NINA,7,10,17.571428571428573,15.3,2.2714285714285722,14.845938375350144,True
RAW,RAINY,CWD,EC-Earth3,grid_54322c8bcd695ea9,LA_NINA,4,10,58.25,50.6,7.649999999999999,15.11857707509881,True
RAW,RAINY,CWD,EC-Earth3,grid_aa9c230c24e29294,LA_NINA,4,10,72.75,76.1,-3.3499999999999943,-4.402102496714842,True
RAW,RAINY,CWD,EC-Earth3,grid_b0bcd3659d8a5c3a,LA_NINA,4,10,36.75,30.0,6.75,22.5,True
RAW,RAINY,CWD,MIROC6,grid_93ab3a1ad3d3fc3b,LA_NINA,12,4,35.583333333333336,41.75,-6.166666666666664,-14.770459081836322,True
RAW,RAINY,CWD,MIROC6,grid_da55f68884e350d6,LA_NINA,12,4,62.25,71.25,-9.0,-12.631578947368421,True
RAW,RAINY,R10mm,ACCESS-ESM1-5,grid_21d480dde29ff4ec,EL_NINO,4,13,40.5,47.46153846153846,-6.96153846153846,-14.667747163695296,True
RAW,RAINY,R10mm,ACCESS-ESM1-5,grid_e450cbe008c0e055,EL_NINO,4,13,17.5,20.692307692307693,-3.1923076923076934,-15.427509293680302,True
RAW,RAINY,R10mm,CESM2,grid_366816579f298e84,EL_NINO,11,4,22.181818181818183,30.0,-7.818181818181817,-26.060606060606055,True
RAW,RAINY,R10mm,CESM2,grid_52ecc812ca873fb0,EL_NINO,11,4,15.272727272727273,19.25,-3.9772727272727266,-20.661157024793383,True
RAW,RAINY,R10mm,CESM2,grid_92e164725cf75def,EL_NINO,11,4,37.45454545454545,49.25,-11.795454545454547,-23.950161513613295,True
RAW,RAINY,R10mm,CanESM5,grid_b9e4c92f2230d843,EL_NINO,5,10,28.4,41.6,-13.200000000000003,-31.730769230769234,True
RAW,RAINY,R10mm,CanESM5,grid_ee53d9b7e1b78404,EL_NINO,5,10,17.2,28.9,-11.7,-40.484429065743946,True
RAW,RAINY,R10mm,EC-Earth3,grid_54322c8bcd695ea9,EL_NINO,6,10,28.333333333333332,35.3,-6.966666666666665,-19.73559962228517,True
RAW,RAINY,R10mm,EC-Earth3,grid_aa9c230c24e29294,EL_NINO,6,10,46.166666666666664,61.5,-15.333333333333336,-24.932249322493227,True
RAW,RAINY,R10mm,EC-Earth3,grid_b0bcd3659d8a5c3a,EL_NINO,6,10,16.0,15.5,0.5,3.225806451612903,True
RAW,RAINY,R10mm,MIROC6,grid_93ab3a1ad3d3fc3b,EL_NINO,12,4,25.833333333333332,29.5,-3.666666666666668,-12.429378531073452,True
RAW,RAINY,R10mm,MIROC6,grid_da55f68884e350d6,EL_NINO,12,4,53.416666666666664,51.75,1.6666666666666643,3.2206119162640854,True
RAW,RAINY,R10mm,ACCESS-ESM1-5,grid_21d480dde29ff4ec,LA_NINA,2,13,58.5,47.46153846153846,,,False
RAW,RAINY,R10mm,ACCESS-ESM1-5,grid_e450cbe008c0e055,LA_NINA,2,13,31.5,20.692307692307693,,,False
RAW,RAINY,R10mm,CESM2,grid_366816579f298e84,LA_NINA,5,4,42.8,30.0,12.799999999999997,42.66666666666666,True
RAW,RAINY,R10mm,CESM2,grid_52ecc812ca873fb0,LA_NINA,5,4,28.4,19.25,9.149999999999999,47.53246753246753,True
RAW,RAINY,R10mm,CESM2,grid_92e164725cf75def,LA_NINA,5,4,58.6,49.25,9.350000000000001,18.984771573604064,True
RAW,RAINY,R10mm,CanESM5,grid_b9e4c92f2230d843,LA_NINA,7,10,48.142857142857146,41.6,6.5428571428571445,15.728021978021982,True
RAW,RAINY,R10mm,CanESM5,grid_ee53d9b7e1b78404,LA_NINA,7,10,32.714285714285715,28.9,3.8142857142857167,13.19822046465646,True
RAW,RAINY,R10mm,EC-Earth3,grid_54322c8bcd695ea9,LA_NINA,4,10,39.0,35.3,3.700000000000003,10.481586402266299,True
RAW,RAINY,R10mm,EC-Earth3,grid_aa9c230c24e29294,LA_NINA,4,10,64.25,61.5,2.75,4.471544715447155,True
RAW,RAINY,R10mm,EC-Earth3,grid_b0bcd3659d8a5c3a,LA_NINA,4,10,19.5,15.5,4.0,25.806451612903224,True
RAW,RAINY,R10mm,MIROC6,grid_93ab3a1ad3d3fc3b,LA_NINA,12,4,40.0,29.5,10.5,35.59322033898305,True
RAW,RAINY,R10mm,MIROC6,grid_da55f68884e350d6,LA_NINA,12,4,56.5,51.75,4.75,9.178743961352657,True
RAW,RAINY,R20mm,ACCESS-ESM1-5,grid_21d480dde29ff4ec,EL_NINO,4,13,16.5,18.615384615384617,-2.1153846153846168,-11.363636363636369,True
RAW,RAINY,R20mm,ACCESS-ESM1-5,grid_e450cbe008c0e055,EL_NINO,4,13,6.5,7.6923076923076925,-1.1923076923076925,-15.500000000000004,True
RAW,RAINY,R20mm,CESM2,grid_366816579f298e84,EL_NINO,11,4,9.0,12.25,-3.25,-26.53061224489796,True
RAW,RAINY,R20mm,CESM2,grid_52ecc812ca873fb0,EL_NINO,11,4,6.636363636363637,7.75,-1.1136363636363633,-14.369501466275656,True
RAW,RAINY,R20mm,CESM2,grid_92e164725cf75def,EL_NINO,11,4,14.818181818181818,17.0,-2.1818181818181817,-12.83422459893048,True
RAW,RAINY,R20mm,CanESM5,grid_b9e4c92f2230d843,EL_NINO,5,10,4.2,8.2,-3.999999999999999,-48.78048780487804,True
RAW,RAINY,R20mm,CanESM5,grid_ee53d9b7e1b78404,EL_NINO,5,10,2.6,5.7,-3.1,-54.3859649122807,True
RAW,RAINY,R20mm,EC-Earth3,grid_54322c8bcd695ea9,EL_NINO,6,10,4.166666666666667,4.5,-0.33333333333333304,-7.4074074074074,True
RAW,RAINY,R20mm,EC-Earth3,grid_aa9c230c24e29294,EL_NINO,6,10,6.5,10.8,-4.300000000000001,-39.81481481481482,True
RAW,RAINY,R20mm,EC-Earth3,grid_b0bcd3659d8a5c3a,EL_NINO,6,10,1.1666666666666667,1.5,-0.33333333333333326,-22.222222222222218,True
RAW,RAINY,R20mm,MIROC6,grid_93ab3a1ad3d3fc3b,EL_NINO,12,4,9.166666666666666,7.25,1.916666666666666,26.436781609195393,True
RAW,RAINY,R20mm,MIROC6,grid_da55f68884e350d6,EL_NINO,12,4,17.083333333333332,13.5,3.583333333333332,26.5432098765432,True
RAW,RAINY,R20mm,ACCESS-ESM1-5,grid_21d480dde29ff4ec,LA_NINA,2,13,21.0,18.615384615384617,,,False
RAW,RAINY,R20mm,ACCESS-ESM1-5,grid_e450cbe008c0e055,LA_NINA,2,13,10.0,7.6923076923076925,,,False
RAW,RAINY,R20mm,CESM2,grid_366816579f298e84,LA_NINA,5,4,20.0,12.25,7.75,63.265306122448976,True
RAW,RAINY,R20mm,CESM2,grid_52ecc812ca873fb0,LA_NINA,5,4,13.4,7.75,5.65,72.90322580645162,True
RAW,RAINY,R20mm,CESM2,grid_92e164725cf75def,LA_NINA,5,4,28.6,17.0,11.600000000000001,68.23529411764707,True
RAW,RAINY,R20mm,CanESM5,grid_b9e4c92f2230d843,LA_NINA,7,10,10.857142857142858,8.2,2.6571428571428584,32.40418118466901,True
RAW,RAINY,R20mm,CanESM5,grid_ee53d9b7e1b78404,LA_NINA,7,10,4.714285714285714,5.7,-0.9857142857142858,-17.29323308270677,True
RAW,RAINY,R20mm,EC-Earth3,grid_54322c8bcd695ea9,LA_NINA,4,10,6.0,4.5,1.5,33.333333333333336,True
RAW,RAINY,R20mm,EC-Earth3,grid_aa9c230c24e29294,LA_NINA,4,10,14.0,10.8,3.1999999999999993,29.629629629629623,True
RAW,RAINY,R20mm,EC-Earth3,grid_b0bcd3659d8a5c3a,LA_NINA,4,10,1.5,1.5,0.0,0.0,True
RAW,RAINY,R20mm,MIROC6,grid_93ab3a1ad3d3fc3b,LA_NINA,12,4,12.25,7.25,5.0,68.96551724137932,True
RAW,RAINY,R20mm,MIROC6,grid_da55f68884e350d6,LA_NINA,12,4,17.0,13.5,3.5,25.925925925925927,True
RAW,HOT_DRY,PRCPTOT,ACCESS-ESM1-5,grid_21d480dde29ff4ec,EL_NINO,10,12,125.63609999999998,161.51841666666667,-35.88231666666668,-22.215619374674002,True
RAW,HOT_DRY,PRCPTOT,ACCESS-ESM1-5,grid_e450cbe008c0e055,EL_NINO,10,12,129.90109999999999,170.90958333333336,-41.00848333333337,-23.99425622222278,True
RAW,HOT_DRY,PRCPTOT,CESM2,grid_366816579f298e84,EL_NINO,14,5,170.47228571428573,185.26100000000002,-14.788714285714292,-7.982637622443088,True
RAW,HOT_DRY,PRCPTOT,CESM2,grid_52ecc812ca873fb0,EL_NINO,14,5,171.76399999999998,180.09900000000002,-8.335000000000036,-4.62801014997309,True
RAW,HOT_DRY,PRCPTOT,CESM2,grid_92e164725cf75def,EL_NINO,14,5,202.87085714285715,231.7968,-28.925942857142843,-12.479008708119718,True
RAW,HOT_DRY,PRCPTOT,CanESM5,grid_b9e4c92f2230d843,EL_NINO,6,9,202.81400000000005,281.8651111111111,-79.05111111111106,-28.045723998792155,True
RAW,HOT_DRY,PRCPTOT,CanESM5,grid_ee53d9b7e1b78404,EL_NINO,6,9,79.2795,117.1651111111111,-37.8856111111111,-32.33523252086798,True
RAW,HOT_DRY,PRCPTOT,EC-Earth3,grid_54322c8bcd695ea9,EL_NINO,9,11,114.47445555555558,181.14023636363638,-66.6657808080808,-36.8034083130212,True
RAW,HOT_DRY,PRCPTOT,EC-Earth3,grid_aa9c230c24e29294,EL_NINO,9,11,155.6468888888889,227.8604454545455,-72.2135565656566,-31.692010617113468,True
RAW,HOT_DRY,PRCPTOT,EC-Earth3,grid_b0bcd3659d8a5c3a,EL_NINO,9,11,92.61278888888889,155.53326363636364,-62.920474747474756,-40.4546739883133,True
RAW,HOT_DRY,PRCPTOT,MIROC6,grid_93ab3a1ad3d3fc3b,EL_NINO,11,5,135.8401818181818,267.41700000000003,-131.57681818181823,-49.202862264485134,True
RAW,HOT_DRY,PRCPTOT,MIROC6,grid_da55f68884e350d6,EL_NINO,11,5,332.9455454545454,473.2278,-140.28225454545458,-29.643705324466268,True
RAW,HOT_DRY,PRCPTOT,ACCESS-ESM1-5,grid_21d480dde29ff4ec,LA_NINA,8,12,228.69349999999997,161.51841666666667,67.1750833333333,41.58973615495857,True
RAW,HOT_DRY,PRCPTOT,ACCESS-ESM1-5,grid_e450cbe008c0e055,LA_NINA,8,12,192.48449999999997,170.90958333333336,21.57491666666661,12.62358508275571,True
RAW,HOT_DRY,PRCPTOT,CESM2,grid_366816579f298e84,LA_NINA,11,5,367.6830909090909,185.26100000000002,182.42209090909085,98.46761644873493,True
RAW,HOT_DRY,PRCPTOT,CESM2,grid_52ecc812ca873fb0,LA_NINA,11,5,353.684,180.09900000000002,173.585,96.38310040588786,True
RAW,HOT_DRY,PRCPTOT,CESM2,grid_92e164725cf75def,LA_NINA,11,5,427.71236363636365,231.7968,195.91556363636366,84.52039184163183,True
RAW,HOT_DRY,PRCPTOT,CanESM5,grid_b9e4c92f2230d843,LA_NINA,5,9,291.8908,281.8651111111111,10.025688888888908,3.556910200545106,True
RAW,HOT_DRY,PRCPTOT,CanESM5,grid_ee53d9b7e1b78404,LA_NINA,5,9,123.76860000000002,117.1651111111111,6.6034888888889185,5.636053963732119,True
RAW,HOT_DRY,PRCPTOT,EC-Earth3,grid_54322c8bcd695ea9,LA_NINA,10,11,143.3475,181.14023636363638,-37.79273636363638,-20.863799850502573,True
RAW,HOT_DRY,PRCPTOT,EC-Earth3,grid_aa9c230c24e29294,LA_NINA,10,11,196.38073000000003,227.8604454545455,-31.47971545454547,-13.815348860460807,True
RAW,HOT_DRY,PRCPTOT,EC-Earth3,grid_b0bcd3659d8a5c3a,LA_NINA,10,11,116.33214000000001,155.53326363636364,-39.20112363636363,-25.20433424969192,True
RAW,HOT_DRY,PRCPTOT,MIROC6,grid_93ab3a1ad3d3fc3b,LA_NINA,12,5,350.7796666666666,267.41700000000003,83.3626666666666,31.173286166050243,True
RAW,HOT_DRY,PRCPTOT,MIROC6,grid_da55f68884e350d6,LA_NINA,12,5,598.7700833333332,473.2278,125.54228333333322,26.528932436626338,True
RAW,HOT_DRY,wet_day_frequency_pct,ACCESS-ESM1-5,grid_21d480dde29ff4ec,EL_NINO,10,12,33.2596685082873,43.416206261510126,-10.156537753222828,-23.393425238600194,True
RAW,HOT_DRY,wet_day_frequency_pct,ACCESS-ESM1-5,grid_e450cbe008c0e055,EL_NINO,10,12,36.74033149171271,47.882136279926335,-11.141804788213626,-23.269230769230766,True
RAW,HOT_DRY,wet_day_frequency_pct,CESM2,grid_366816579f298e84,EL_NINO,14,5,19.692186266771905,24.861878453038674,-5.169692186266769,-20.79365079365078,True
RAW,HOT_DRY,wet_day_frequency_pct,CESM2,grid_52ecc812ca873fb0,EL_NINO,14,5,23.87529597474349,30.16574585635359,-6.2904498816100975,-20.852956567242266,True
RAW,HOT_DRY,wet_day_frequency_pct,CESM2,grid_92e164725cf75def,EL_NINO,14,5,18.310970797158642,22.76243093922652,-4.4514601420678765,-19.556171983356446,True
RAW,HOT_DRY,wet_day_frequency_pct,CanESM5,grid_b9e4c92f2230d843,EL_NINO,6,9,39.41068139963168,47.759361571516266,-8.348680171884588,-17.480719794344466,True
RAW,HOT_DRY,wet_day_frequency_pct,CanESM5,grid_ee53d9b7e1b78404,EL_NINO,6,9,9.668508287292818,14.487415592387968,-4.81890730509515,-33.26271186440678,True
RAW,HOT_DRY,wet_day_frequency_pct,EC-Earth3,grid_54322c8bcd695ea9,EL_NINO,9,11,20.564763658686317,26.870919136112512,-6.306155477426195,-23.468328141225328,True
RAW,HOT_DRY,wet_day_frequency_pct,EC-Earth3,grid_aa9c230c24e29294,EL_NINO,9,11,24.86187845303867,30.688096433952786,-5.826217980914116,-18.985270049099846,True
RAW,HOT_DRY,wet_day_frequency_pct,EC-Earth3,grid_b0bcd3659d8a5c3a,EL_NINO,9,11,19.275629220380605,28.7292817679558,-9.453652547575196,-32.905982905982896,True
RAW,HOT_DRY,wet_day_frequency_pct,MIROC6,grid_93ab3a1ad3d3fc3b,EL_NINO,11,5,33.60120542440985,38.011049723756905,-4.409844299347057,-11.60147991543339,True
RAW,HOT_DRY,wet_day_frequency_pct,MIROC6,grid_da55f68884e350d6,EL_NINO,11,5,60.82370668006027,65.52486187845304,-4.701155198392769,-7.174612908171089,True
RAW,HOT_DRY,wet_day_frequency_pct,ACCESS-ESM1-5,grid_21d480dde29ff4ec,LA_NINA,8,12,48.75690607734806,43.416206261510126,5.340699815837937,12.301166489925766,True
RAW,HOT_DRY,wet_day_frequency_pct,ACCESS-ESM1-5,grid_e450cbe008c0e055,LA_NINA,8,12,51.65745856353591,47.882136279926335,3.775322283609576,7.884615384615383,True
RAW,HOT_DRY,wet_day_frequency_pct,CESM2,grid_366816579f298e84,LA_NINA,11,5,33.35007533902562,24.861878453038674,8.488196885986948,34.14141414141417,True
RAW,HOT_DRY,wet_day_frequency_pct,CESM2,grid_52ecc812ca873fb0,LA_NINA,11,5,40.7835258663988,30.16574585635359,10.617780010045209,35.19813519813522,True
RAW,HOT_DRY,wet_day_frequency_pct,CESM2,grid_92e164725cf75def,LA_NINA,11,5,31.74284279256655,22.76243093922652,8.98041185334003,39.45278022947926,True
RAW,HOT_DRY,wet_day_frequency_pct,CanESM5,grid_b9e4c92f2230d843,LA_NINA,5,9,57.90055248618785,47.759361571516266,10.141190914671583,21.23393316195374,True
RAW,HOT_DRY,wet_day_frequency_pct,CanESM5,grid_ee53d9b7e1b78404,LA_NINA,5,9,21.54696132596685,14.487415592387968,7.059545733578883,48.728813559322035,True
RAW,HOT_DRY,wet_day_frequency_pct,EC-Earth3,grid_54322c8bcd695ea9,LA_NINA,10,11,22.87292817679558,26.870919136112512,-3.997990959316933,-14.87850467289722,True
RAW,HOT_DRY,wet_day_frequency_pct,EC-Earth3,grid_aa9c230c24e29294,LA_NINA,10,11,27.01657458563536,30.688096433952786,-3.6715218483174255,-11.963993453355146,True
RAW,HOT_DRY,wet_day_frequency_pct,EC-Earth3,grid_b0bcd3659d8a5c3a,LA_NINA,10,11,23.92265193370166,28.7292817679558,-4.806629834254142,-16.730769230769226,True
RAW,HOT_DRY,wet_day_frequency_pct,MIROC6,grid_93ab3a1ad3d3fc3b,LA_NINA,12,5,41.89686924493555,38.011049723756905,3.8858195211786466,10.22286821705429,True
RAW,HOT_DRY,wet_day_frequency_pct,MIROC6,grid_da55f68884e350d6,LA_NINA,12,5,71.54696132596686,65.52486187845304,6.022099447513824,9.190556492411485,True
RAW,HOT_DRY,Rx1day,ACCESS-ESM1-5,grid_21d480dde29ff4ec,EL_NINO,10,12,10.1664,9.482833333333334,0.6835666666666658,7.208464418159119,True
RAW,HOT_DRY,Rx1day,ACCESS-ESM1-5,grid_e450cbe008c0e055,EL_NINO,10,12,8.3534,9.307083333333335,-0.9536833333333341,-10.246854993956223,True
RAW,HOT_DRY,Rx1day,CESM2,grid_366816579f298e84,EL_NINO,14,5,26.949928571428575,28.8986,-1.9486714285714228,-6.743134368348027,True
RAW,HOT_DRY,Rx1day,CESM2,grid_52ecc812ca873fb0,EL_NINO,14,5,26.401571428571426,24.1156,2.2859714285714254,9.479222696393311,True
RAW,HOT_DRY,Rx1day,CESM2,grid_92e164725cf75def,EL_NINO,14,5,30.741500000000002,41.562400000000004,-10.820900000000002,-26.035310761649953,True
RAW,HOT_DRY,Rx1day,CanESM5,grid_b9e4c92f2230d843,EL_NINO,6,9,16.820666666666668,23.48588888888889,-6.665222222222223,-28.37968898582127,True
RAW,HOT_DRY,Rx1day,CanESM5,grid_ee53d9b7e1b78404,EL_NINO,6,9,17.391666666666666,15.026888888888887,2.3647777777777783,15.736975200011834,True
RAW,HOT_DRY,Rx1day,EC-Earth3,grid_54322c8bcd695ea9,EL_NINO,9,11,12.920011111111112,19.154745454545452,-6.23473434343434,-32.54929363707534,True
RAW,HOT_DRY,Rx1day,EC-Earth3,grid_aa9c230c24e29294,EL_NINO,9,11,15.897577777777778,20.591727272727272,-4.694149494949494,-22.796288202431004,True
RAW,HOT_DRY,Rx1day,EC-Earth3,grid_b0bcd3659d8a5c3a,EL_NINO,9,11,10.290988888888888,14.808954545454547,-4.517965656565659,-30.508336308942223,True
RAW,HOT_DRY,Rx1day,MIROC6,grid_93ab3a1ad3d3fc3b,EL_NINO,11,5,11.503454545454547,30.9572,-19.453745454545455,-62.840778411954105,True
RAW,HOT_DRY,Rx1day,MIROC6,grid_da55f68884e350d6,EL_NINO,11,5,16.589363636363636,28.532,-11.942636363636364,-41.85698991881524,True
RAW,HOT_DRY,Rx1day,ACCESS-ESM1-5,grid_21d480dde29ff4ec,LA_NINA,8,12,18.93225,9.482833333333334,9.449416666666666,99.64760883702128,True
RAW,HOT_DRY,Rx1day,ACCESS-ESM1-5,grid_e450cbe008c0e055,LA_NINA,8,12,9.901,9.307083333333335,0.5939166666666651,6.38134037695302,True
RAW,HOT_DRY,Rx1day,CESM2,grid_366816579f298e84,LA_NINA,11,5,45.18927272727273,28.8986,16.29067272727273,56.37184059875818,True
RAW,HOT_DRY,Rx1day,CESM2,grid_52ecc812ca873fb0,LA_NINA,11,5,40.894000000000005,24.1156,16.778400000000005,69.57488098989867,True
RAW,HOT_DRY,Rx1day,CESM2,grid_92e164725cf75def,LA_NINA,11,5,48.028,41.562400000000004,6.465599999999995,15.55636825592361,True
RAW,HOT_DRY,Rx1day,CanESM5,grid_b9e4c92f2230d843,LA_NINA,5,9,14.4736,23.48588888888889,-9.012288888888891,-38.37320755252564,True
RAW,HOT_DRY,Rx1day,CanESM5,grid_ee53d9b7e1b78404,LA_NINA,5,9,14.9322,15.026888888888887,-0.09468888888888749,-0.6301296934384196,True
RAW,HOT_DRY,Rx1day,EC-Earth3,grid_54322c8bcd695ea9,LA_NINA,10,11,19.7361,19.154745454545452,0.5813545454545483,3.03504187426616,True
RAW,HOT_DRY,Rx1day,EC-Earth3,grid_aa9c230c24e29294,LA_NINA,10,11,23.6082,20.591727272727272,3.0164727272727276,14.648954346184922,True
RAW,HOT_DRY,Rx1day,EC-Earth3,grid_b0bcd3659d8a5c3a,LA_NINA,10,11,15.72782,14.808954545454547,0.9188654545454522,6.204796238148279,True
RAW,HOT_DRY,Rx1day,MIROC6,grid_93ab3a1ad3d3fc3b,LA_NINA,12,5,40.03433333333333,30.9572,9.077133333333329,29.321557935902888,True
RAW,HOT_DRY,Rx1day,MIROC6,grid_da55f68884e350d6,LA_NINA,12,5,44.57750000000001,28.532,16.045500000000008,56.23685686247024,True
RAW,HOT_DRY,CDD,ACCESS-ESM1-5,grid_21d480dde29ff4ec,EL_NINO,10,12,19.5,13.416666666666666,6.083333333333334,45.341614906832305,True
RAW,HOT_DRY,CDD,ACCESS-ESM1-5,grid_e450cbe008c0e055,EL_NINO,10,12,16.3,11.083333333333334,5.216666666666667,47.06766917293233,True
RAW,HOT_DRY,CDD,CESM2,grid_366816579f298e84,EL_NINO,14,5,60.714285714285715,55.6,5.114285714285714,9.198355601233299,True
RAW,HOT_DRY,CDD,CESM2,grid_52ecc812ca873fb0,EL_NINO,14,5,47.07142857142857,51.4,-4.328571428571429,-8.421345191773208,True
RAW,HOT_DRY,CDD,CESM2,grid_92e164725cf75def,EL_NINO,14,5,88.14285714285714,71.8,16.34285714285714,22.761639474731396,True
RAW,HOT_DRY,CDD,CanESM5,grid_b9e4c92f2230d843,EL_NINO,6,9,23.166666666666668,22.333333333333332,0.8333333333333357,3.7313432835821003,True
RAW,HOT_DRY,CDD,CanESM5,grid_ee53d9b7e1b78404,EL_NINO,6,9,76.83333333333333,72.44444444444444,4.388888888888886,6.0582822085889525,True
RAW,HOT_DRY,CDD,EC-Earth3,grid_54322c8bcd695ea9,EL_NINO,9,11,37.888888888888886,36.72727272727273,1.161616161616159,3.162816281628156,True
RAW,HOT_DRY,CDD,EC-Earth3,grid_aa9c230c24e29294,EL_NINO,9,11,35.666666666666664,30.09090909090909,5.575757575757574,18.529707955689823,True
RAW,HOT_DRY,CDD,EC-Earth3,grid_b0bcd3659d8a5c3a,EL_NINO,9,11,51.77777777777778,38.45454545454545,13.323232323232325,34.646703441029686,True
RAW,HOT_DRY,CDD,MIROC6,grid_93ab3a1ad3d3fc3b,EL_NINO,11,5,16.0,21.0,-5.0,-23.80952380952381,True
RAW,HOT_DRY,CDD,MIROC6,grid_da55f68884e350d6,EL_NINO,11,5,10.181818181818182,11.6,-1.418181818181818,-12.225705329153605,True
RAW,HOT_DRY,CDD,ACCESS-ESM1-5,grid_21d480dde29ff4ec,LA_NINA,8,12,10.875,13.416666666666666,-2.541666666666666,-18.944099378881983,True
RAW,HOT_DRY,CDD,ACCESS-ESM1-5,grid_e450cbe008c0e055,LA_NINA,8,12,10.125,11.083333333333334,-0.9583333333333339,-8.646616541353389,True
RAW,HOT_DRY,CDD,CESM2,grid_366816579f298e84,LA_NINA,11,5,46.63636363636363,55.6,-8.963636363636368,-16.121648136036633,True
RAW,HOT_DRY,CDD,CESM2,grid_52ecc812ca873fb0,LA_NINA,11,5,34.81818181818182,51.4,-16.58181818181818,-32.26034665723381,True
RAW,HOT_DRY,CDD,CESM2,grid_92e164725cf75def,LA_NINA,11,5,50.45454545454545,71.8,-21.345454545454544,-29.72904532793112,True
RAW,HOT_DRY,CDD,CanESM5,grid_b9e4c92f2230d843,LA_NINA,5,9,19.4,22.333333333333332,-2.9333333333333336,-13.134328358208958,True
RAW,HOT_DRY,CDD,CanESM5,grid_ee53d9b7e1b78404,LA_NINA,5,9,64.4,72.44444444444444,-8.044444444444437,-11.104294478527597,True
RAW,HOT_DRY,CDD,EC-Earth3,grid_54322c8bcd695ea9,LA_NINA,10,11,34.5,36.72727272727273,-2.2272727272727266,-6.064356435643563,True
RAW,HOT_DRY,CDD,EC-Earth3,grid_aa9c230c24e29294,LA_NINA,10,11,32.7,30.09090909090909,2.609090909090913,8.67069486404835,True
RAW,HOT_DRY,CDD,EC-Earth3,grid_b0bcd3659d8a5c3a,LA_NINA,10,11,38.2,38.45454545454545,-0.2545454545454504,-0.6619385342789491,True
RAW,HOT_DRY,CDD,MIROC6,grid_93ab3a1ad3d3fc3b,LA_NINA,12,5,14.333333333333334,21.0,-6.666666666666666,-31.746031746031743,True
RAW,HOT_DRY,CDD,MIROC6,grid_da55f68884e350d6,LA_NINA,12,5,8.083333333333334,11.6,-3.5166666666666657,-30.31609195402298,True
RAW,HOT_DRY,Rx5day,ACCESS-ESM1-5,grid_21d480dde29ff4ec,EL_NINO,10,12,25.9002,25.489833333333333,0.4103666666666683,1.6099229104414243,True
RAW,HOT_DRY,Rx5day,ACCESS-ESM1-5,grid_e450cbe008c0e055,EL_NINO,10,12,23.199199999999998,23.235583333333334,-0.036383333333336765,-0.15658454884212833,True
RAW,HOT_DRY,Rx5day,CESM2,grid_366816579f298e84,EL_NINO,14,5,65.37749999999998,65.2282,0.14929999999998245,0.22888873217409408,True
RAW,HOT_DRY,Rx5day,CESM2,grid_52ecc812ca873fb0,EL_NINO,14,5,60.49707142857143,56.43220000000001,4.064871428571422,7.203106433155932,True
RAW,HOT_DRY,Rx5day,CESM2,grid_92e164725cf75def,EL_NINO,14,5,76.79671428571429,98.01820000000001,-21.22148571428572,-21.650556441850306,True
RAW,HOT_DRY,Rx5day,CanESM5,grid_b9e4c92f2230d843,EL_NINO,6,9,44.64849999999999,69.611,-24.962500000000013,-35.85999339184901,True
RAW,HOT_DRY,Rx5day,CanESM5,grid_ee53d9b7e1b78404,EL_NINO,6,9,39.75216666666667,38.02444444444445,1.7277222222222193,4.543714569575119,True
RAW,HOT_DRY,Rx5day,EC-Earth3,grid_54322c8bcd695ea9,EL_NINO,9,11,32.38824777777778,58.14144272727272,-25.75319494949494,-44.294041808176104,True
RAW,HOT_DRY,Rx5day,EC-Earth3,grid_aa9c230c24e29294,EL_NINO,9,11,42.01213333333334,67.26295181818182,-25.25081848484848,-37.540455484475096,True
RAW,HOT_DRY,Rx5day,EC-Earth3,grid_b0bcd3659d8a5c3a,EL_NINO,9,11,24.985480000000003,42.73250363636363,-17.74702363636363,-41.530502840141644,True
RAW,HOT_DRY,Rx5day,MIROC6,grid_93ab3a1ad3d3fc3b,EL_NINO,11,5,27.84072727272728,84.15979999999999,-56.31907272727271,-66.9192093223519,True
RAW,HOT_DRY,Rx5day,MIROC6,grid_da55f68884e350d6,EL_NINO,11,5,41.297727272727265,85.1398,-43.84207272727273,-51.494216250534684,True
RAW,HOT_DRY,Rx5day,ACCESS-ESM1-5,grid_21d480dde29ff4ec,LA_NINA,8,12,49.89425,25.489833333333333,24.404416666666666,95.74176632513617,True
RAW,HOT_DRY,Rx5day,ACCESS-ESM1-5,grid_e450cbe008c0e055,LA_NINA,8,12,26.298250000000003,23.235583333333334,3.0626666666666686,13.180932979948148,True
RAW,HOT_DRY,Rx5day,CESM2,grid_366816579f298e84,LA_NINA,11,5,124.84745454545454,65.2282,59.61925454545454,91.40104210365232,True
RAW,HOT_DRY,Rx5day,CESM2,grid_52ecc812ca873fb0,LA_NINA,11,5,111.41654545454544,56.43220000000001,54.98434545454543,97.43434679942555,True
RAW,HOT_DRY,Rx5day,CESM2,grid_92e164725cf75def,LA_NINA,11,5,135.3359090909091,98.01820000000001,37.31770909090909,38.0722244347571,True
RAW,HOT_DRY,Rx5day,CanESM5,grid_b9e4c92f2230d843,LA_NINA,5,9,42.56699999999999,69.611,-27.04400000000001,-38.850181724152804,True
RAW,HOT_DRY,Rx5day,CanESM5,grid_ee53d9b7e1b78404,LA_NINA,5,9,36.791999999999994,38.02444444444445,-1.2324444444444538,-3.241189877856374,True
RAW,HOT_DRY,Rx5day,EC-Earth3,grid_54322c8bcd695ea9,LA_NINA,10,11,54.478115,58.14144272727272,-3.6633277272727156,-6.300716933455693,True
RAW,HOT_DRY,Rx5day,EC-Earth3,grid_aa9c230c24e29294,LA_NINA,10,11,68.52023,67.26295181818182,1.2572781818181795,1.8691986417972297,True
RAW,HOT_DRY,Rx5day,EC-Earth3,grid_b0bcd3659d8a5c3a,LA_NINA,10,11,40.533788,42.73250363636363,-2.19871563636363,-5.145300296640266,True
RAW,HOT_DRY,Rx5day,MIROC6,grid_93ab3a1ad3d3fc3b,LA_NINA,12,5,102.78766666666667,84.15979999999999,18.627866666666677,22.133924589491276,True
RAW,HOT_DRY,Rx5day,MIROC6,grid_da55f68884e350d6,LA_NINA,12,5,113.68508333333331,85.1398,28.545283333333316,33.527543326779394,True
RAW,HOT_DRY,CWD,ACCESS-ESM1-5,grid_21d480dde29ff4ec,EL_NINO,10,12,10.7,10.75,-0.05000000000000071,-0.46511627906977404,True
RAW,HOT_DRY,CWD,ACCESS-ESM1-5,grid_e450cbe008c0e055,EL_NINO,10,12,8.5,10.083333333333334,-1.583333333333334,-15.70247933884298,True
RAW,HOT_DRY,CWD,CESM2,grid_366816579f298e84,EL_NINO,14,5,13.928571428571429,16.2,-2.2714285714285705,-14.021164021164017,True
RAW,HOT_DRY,CWD,CESM2,grid_52ecc812ca873fb0,EL_NINO,14,5,10.285714285714286,14.0,-3.7142857142857135,-26.530612244897952,True
RAW,HOT_DRY,CWD,CESM2,grid_92e164725cf75def,EL_NINO,14,5,14.071428571428571,19.8,-5.7285714285714295,-28.93217893217894,True
RAW,HOT_DRY,CWD,CanESM5,grid_b9e4c92f2230d843,EL_NINO,6,9,13.666666666666666,17.88888888888889,-4.222222222222223,-23.602484472049696,True
RAW,HOT_DRY,CWD,CanESM5,grid_ee53d9b7e1b78404,EL_NINO,6,9,5.333333333333333,6.666666666666667,-1.333333333333334,-20.00000000000001,True
RAW,HOT_DRY,CWD,EC-Earth3,grid_54322c8bcd695ea9,EL_NINO,9,11,10.555555555555555,16.636363636363637,-6.080808080808081,-36.55130540376442,True
RAW,HOT_DRY,CWD,EC-Earth3,grid_aa9c230c24e29294,EL_NINO,9,11,11.88888888888889,18.454545454545453,-6.565656565656564,-35.57744937055281,True
RAW,HOT_DRY,CWD,EC-Earth3,grid_b0bcd3659d8a5c3a,EL_NINO,9,11,10.11111111111111,12.181818181818182,-2.070707070707071,-16.9983416252073,True
RAW,HOT_DRY,CWD,MIROC6,grid_93ab3a1ad3d3fc3b,EL_NINO,11,5,6.818181818181818,11.6,-4.781818181818181,-41.222570532915356,True
RAW,HOT_DRY,CWD,MIROC6,grid_da55f68884e350d6,EL_NINO,11,5,15.181818181818182,24.4,-9.218181818181817,-37.77943368107302,True
RAW,HOT_DRY,CWD,ACCESS-ESM1-5,grid_21d480dde29ff4ec,LA_NINA,8,12,12.75,10.75,2.0,18.6046511627907,True
RAW,HOT_DRY,CWD,ACCESS-ESM1-5,grid_e450cbe008c0e055,LA_NINA,8,12,12.375,10.083333333333334,2.291666666666666,22.72727272727272,True
RAW,HOT_DRY,CWD,CESM2,grid_366816579f298e84,LA_NINA,11,5,22.636363636363637,16.2,6.436363636363637,39.73063973063974,True
RAW,HOT_DRY,CWD,CESM2,grid_52ecc812ca873fb0,LA_NINA,11,5,19.09090909090909,14.0,5.09090909090909,36.36363636363636,True
RAW,HOT_DRY,CWD,CESM2,grid_92e164725cf75def,LA_NINA,11,5,28.0,19.8,8.2,41.414141414141405,True
RAW,HOT_DRY,CWD,CanESM5,grid_b9e4c92f2230d843,LA_NINA,5,9,27.0,17.88888888888889,9.11111111111111,50.931677018633536,True
RAW,HOT_DRY,CWD,CanESM5,grid_ee53d9b7e1b78404,LA_NINA,5,9,11.4,6.666666666666667,4.733333333333333,71.0,True
RAW,HOT_DRY,CWD,EC-Earth3,grid_54322c8bcd695ea9,LA_NINA,10,11,10.1,16.636363636363637,-6.536363636363637,-39.289617486338805,True
RAW,HOT_DRY,CWD,EC-Earth3,grid_aa9c230c24e29294,LA_NINA,10,11,13.2,18.454545454545453,-5.254545454545454,-28.472906403940886,True
RAW,HOT_DRY,CWD,EC-Earth3,grid_b0bcd3659d8a5c3a,LA_NINA,10,11,8.6,12.181818181818182,-3.581818181818182,-29.402985074626866,True
RAW,HOT_DRY,CWD,MIROC6,grid_93ab3a1ad3d3fc3b,LA_NINA,12,5,12.916666666666666,11.6,1.3166666666666664,11.350574712643676,True
RAW,HOT_DRY,CWD,MIROC6,grid_da55f68884e350d6,LA_NINA,12,5,21.166666666666668,24.4,-3.2333333333333307,-13.25136612021857,True
RAW,HOT_DRY,R10mm,ACCESS-ESM1-5,grid_21d480dde29ff4ec,EL_NINO,10,12,0.7,0.75,-0.050000000000000044,-6.666666666666672,True
RAW,HOT_DRY,R10mm,ACCESS-ESM1-5,grid_e450cbe008c0e055,EL_NINO,10,12,0.7,0.75,-0.050000000000000044,-6.666666666666672,True
RAW,HOT_DRY,R10mm,CESM2,grid_366816579f298e84,EL_NINO,14,5,3.2857142857142856,2.4,0.8857142857142857,36.904761904761905,True
RAW,HOT_DRY,R10mm,CESM2,grid_52ecc812ca873fb0,EL_NINO,14,5,3.0714285714285716,2.2,0.8714285714285714,39.6103896103896,True
RAW,HOT_DRY,R10mm,CESM2,grid_92e164725cf75def,EL_NINO,14,5,4.857142857142857,4.0,0.8571428571428568,21.42857142857142,True
RAW,HOT_DRY,R10mm,CanESM5,grid_b9e4c92f2230d843,EL_NINO,6,9,3.8333333333333335,4.888888888888889,-1.0555555555555558,-21.590909090909097,True
RAW,HOT_DRY,R10mm,CanESM5,grid_ee53d9b7e1b78404,EL_NINO,6,9,1.8333333333333333,3.6666666666666665,-1.8333333333333333,-50.0,True
RAW,HOT_DRY,R10mm,EC-Earth3,grid_54322c8bcd695ea9,EL_NINO,9,11,2.5555555555555554,4.909090909090909,-2.353535353535354,-47.942386831275726,True
RAW,HOT_DRY,R10mm,EC-Earth3,grid_aa9c230c24e29294,EL_NINO,9,11,3.888888888888889,6.363636363636363,-2.4747474747474745,-38.888888888888886,True
RAW,HOT_DRY,R10mm,EC-Earth3,grid_b0bcd3659d8a5c3a,EL_NINO,9,11,1.1111111111111112,3.272727272727273,-2.1616161616161618,-66.04938271604938,True
RAW,HOT_DRY,R10mm,MIROC6,grid_93ab3a1ad3d3fc3b,EL_NINO,11,5,0.9090909090909091,5.8,-4.890909090909091,-84.32601880877743,True
RAW,HOT_DRY,R10mm,MIROC6,grid_da55f68884e350d6,EL_NINO,11,5,2.272727272727273,9.8,-7.527272727272727,-76.80890538033395,True
RAW,HOT_DRY,R10mm,ACCESS-ESM1-5,grid_21d480dde29ff4ec,LA_NINA,8,12,2.75,0.75,2.0,266.6666666666667,True
RAW,HOT_DRY,R10mm,ACCESS-ESM1-5,grid_e450cbe008c0e055,LA_NINA,8,12,1.0,0.75,0.25,33.333333333333336,True
RAW,HOT_DRY,R10mm,CESM2,grid_366816579f298e84,LA_NINA,11,5,9.0,2.4,6.6,275.0,True
RAW,HOT_DRY,R10mm,CESM2,grid_52ecc812ca873fb0,LA_NINA,11,5,7.363636363636363,2.2,5.163636363636363,234.71074380165282,True
RAW,HOT_DRY,R10mm,CESM2,grid_92e164725cf75def,LA_NINA,11,5,11.090909090909092,4.0,7.090909090909092,177.27272727272728,True
RAW,HOT_DRY,R10mm,CanESM5,grid_b9e4c92f2230d843,LA_NINA,5,9,3.0,4.888888888888889,-1.8888888888888893,-38.63636363636364,True
RAW,HOT_DRY,R10mm,CanESM5,grid_ee53d9b7e1b78404,LA_NINA,5,9,2.2,3.6666666666666665,-1.4666666666666663,-39.99999999999999,True
RAW,HOT_DRY,R10mm,EC-Earth3,grid_54322c8bcd695ea9,LA_NINA,10,11,3.5,4.909090909090909,-1.4090909090909092,-28.703703703703702,True
RAW,HOT_DRY,R10mm,EC-Earth3,grid_aa9c230c24e29294,LA_NINA,10,11,5.7,6.363636363636363,-0.6636363636363631,-10.428571428571422,True
RAW,HOT_DRY,R10mm,EC-Earth3,grid_b0bcd3659d8a5c3a,LA_NINA,10,11,1.9,3.272727272727273,-1.372727272727273,-41.94444444444445,True
RAW,HOT_DRY,R10mm,MIROC6,grid_93ab3a1ad3d3fc3b,LA_NINA,12,5,8.25,5.8,2.45,42.24137931034483,True
RAW,HOT_DRY,R10mm,MIROC6,grid_da55f68884e350d6,LA_NINA,12,5,11.583333333333334,9.8,1.7833333333333332,18.197278911564624,True
RAW,HOT_DRY,R20mm,ACCESS-ESM1-5,grid_21d480dde29ff4ec,EL_NINO,10,12,0.1,0.0,0.1,,True
RAW,HOT_DRY,R20mm,ACCESS-ESM1-5,grid_e450cbe008c0e055,EL_NINO,10,12,0.2,0.0,0.2,,True
RAW,HOT_DRY,R20mm,CESM2,grid_366816579f298e84,EL_NINO,14,5,1.6428571428571428,1.4,0.24285714285714288,17.346938775510207,True
RAW,HOT_DRY,R20mm,CESM2,grid_52ecc812ca873fb0,EL_NINO,14,5,1.2142857142857142,1.2,0.014285714285714235,1.1904761904761862,True
RAW,HOT_DRY,R20mm,CESM2,grid_92e164725cf75def,EL_NINO,14,5,1.9285714285714286,2.2,-0.2714285714285716,-12.337662337662342,True
RAW,HOT_DRY,R20mm,CanESM5,grid_b9e4c92f2230d843,EL_NINO,6,9,0.3333333333333333,1.0,-0.6666666666666667,-66.66666666666667,True
RAW,HOT_DRY,R20mm,CanESM5,grid_ee53d9b7e1b78404,EL_NINO,6,9,0.3333333333333333,0.2222222222222222,0.1111111111111111,50.0,True
RAW,HOT_DRY,R20mm,EC-Earth3,grid_54322c8bcd695ea9,EL_NINO,9,11,0.3333333333333333,0.6363636363636364,-0.30303030303030304,-47.61904761904762,True
RAW,HOT_DRY,R20mm,EC-Earth3,grid_aa9c230c24e29294,EL_NINO,9,11,0.6666666666666666,1.2727272727272727,-0.6060606060606061,-47.61904761904762,True
RAW,HOT_DRY,R20mm,EC-Earth3,grid_b0bcd3659d8a5c3a,EL_NINO,9,11,0.1111111111111111,0.09090909090909091,0.020202020202020193,22.222222222222214,True
RAW,HOT_DRY,R20mm,MIROC6,grid_93ab3a1ad3d3fc3b,EL_NINO,11,5,0.2727272727272727,2.0,-1.7272727272727273,-86.36363636363636,True
RAW,HOT_DRY,R20mm,MIROC6,grid_da55f68884e350d6,EL_NINO,11,5,0.36363636363636365,2.8,-2.436363636363636,-87.01298701298701,True
RAW,HOT_DRY,R20mm,ACCESS-ESM1-5,grid_21d480dde29ff4ec,LA_NINA,8,12,0.875,0.0,0.875,,True
RAW,HOT_DRY,R20mm,ACCESS-ESM1-5,grid_e450cbe008c0e055,LA_NINA,8,12,0.0,0.0,0.0,,True
RAW,HOT_DRY,R20mm,CESM2,grid_366816579f298e84,LA_NINA,11,5,4.363636363636363,1.4,2.9636363636363634,211.68831168831167,True
RAW,HOT_DRY,R20mm,CESM2,grid_52ecc812ca873fb0,LA_NINA,11,5,3.6363636363636362,1.2,2.4363636363636365,203.03030303030306,True
RAW,HOT_DRY,R20mm,CESM2,grid_92e164725cf75def,LA_NINA,11,5,4.909090909090909,2.2,2.709090909090909,123.14049586776856,True
RAW,HOT_DRY,R20mm,CanESM5,grid_b9e4c92f2230d843,LA_NINA,5,9,0.0,1.0,-1.0,-100.0,True
RAW,HOT_DRY,R20mm,CanESM5,grid_ee53d9b7e1b78404,LA_NINA,5,9,0.2,0.2222222222222222,-0.0222222222222222,-9.99999999999999,True
RAW,HOT_DRY,R20mm,EC-Earth3,grid_54322c8bcd695ea9,LA_NINA,10,11,0.6,0.6363636363636364,-0.036363636363636376,-5.714285714285716,True
RAW,HOT_DRY,R20mm,EC-Earth3,grid_aa9c230c24e29294,LA_NINA,10,11,1.3,1.2727272727272727,0.027272727272727337,2.142857142857148,True
RAW,HOT_DRY,R20mm,EC-Earth3,grid_b0bcd3659d8a5c3a,LA_NINA,10,11,0.2,0.09090909090909091,0.1090909090909091,120.00000000000001,True
RAW,HOT_DRY,R20mm,MIROC6,grid_93ab3a1ad3d3fc3b,LA_NINA,12,5,4.666666666666667,2.0,2.666666666666667,133.33333333333334,True
RAW,HOT_DRY,R20mm,MIROC6,grid_da55f68884e350d6,LA_NINA,12,5,4.416666666666667,2.8,1.6166666666666671,57.73809523809526,True
QDM,RAINY,PRCPTOT,ACCESS-ESM1-5,grid_21d480dde29ff4ec,EL_NINO,4,13,806.3403674181284,941.9750237217304,-135.63465630360201,-14.398965247264345,True
QDM,RAINY,PRCPTOT,ACCESS-ESM1-5,grid_e450cbe008c0e055,EL_NINO,4,13,810.2746507360816,939.6823667205148,-129.40771598443314,-13.771431769659062,True
QDM,RAINY,PRCPTOT,CESM2,grid_366816579f298e84,EL_NINO,11,4,749.1373602472439,816.016426617804,-66.87906637056005,-8.195799029163915,True
QDM,RAINY,PRCPTOT,CESM2,grid_52ecc812ca873fb0,EL_NINO,11,4,690.4665571799458,700.7990810619106,-10.33252388196479,-1.4743917566655578,True
QDM,RAINY,PRCPTOT,CESM2,grid_92e164725cf75def,EL_NINO,11,4,872.805370256988,1019.2648282198579,-146.45945796286992,-14.369127032339653,True
QDM,RAINY,PRCPTOT,CanESM5,grid_b9e4c92f2230d843,EL_NINO,5,10,680.746530390684,852.1027997427815,-171.35626935209746,-20.109811797804632,True
QDM,RAINY,PRCPTOT,CanESM5,grid_ee53d9b7e1b78404,EL_NINO,5,10,511.49747151842513,839.7131600805172,-328.2156885620921,-39.086643411736055,True
QDM,RAINY,PRCPTOT,EC-Earth3,grid_54322c8bcd695ea9,EL_NINO,6,10,798.0146730911262,972.2470783656809,-174.2324052745547,-17.920589236167654,True
QDM,RAINY,PRCPTOT,EC-Earth3,grid_aa9c230c24e29294,EL_NINO,6,10,918.5247423351897,1274.4207653230837,-355.89602298789407,-27.926100442789743,True
QDM,RAINY,PRCPTOT,EC-Earth3,grid_b0bcd3659d8a5c3a,EL_NINO,6,10,800.2271691519309,940.3386687107965,-140.1114995588656,-14.900110377355677,True
QDM,RAINY,PRCPTOT,MIROC6,grid_93ab3a1ad3d3fc3b,EL_NINO,12,4,704.8135241507854,768.2841276389196,-63.4706034881342,-8.261345146253536,True
QDM,RAINY,PRCPTOT,MIROC6,grid_da55f68884e350d6,EL_NINO,12,4,1105.0357090695868,966.4111866091292,138.62452246045757,14.344258880824098,True
QDM,RAINY,PRCPTOT,ACCESS-ESM1-5,grid_21d480dde29ff4ec,LA_NINA,2,13,1290.9634362198303,941.9750237217304,,,False
QDM,RAINY,PRCPTOT,ACCESS-ESM1-5,grid_e450cbe008c0e055,LA_NINA,2,13,1497.7989610658256,939.6823667205148,,,False
QDM,RAINY,PRCPTOT,CESM2,grid_366816579f298e84,LA_NINA,5,4,1152.772528956137,816.016426617804,336.756102338333,41.268299430454825,True
QDM,RAINY,PRCPTOT,CESM2,grid_52ecc812ca873fb0,LA_NINA,5,4,1120.0492418774224,700.7990810619106,419.2501608155119,59.82458769498218,True
QDM,RAINY,PRCPTOT,CESM2,grid_92e164725cf75def,LA_NINA,5,4,1505.1921143808245,1019.2648282198579,485.92728616096656,47.67429157833658,True
QDM,RAINY,PRCPTOT,CanESM5,grid_b9e4c92f2230d843,LA_NINA,7,10,1040.6445511038605,852.1027997427815,188.54175136107904,22.126643806122086,True
QDM,RAINY,PRCPTOT,CanESM5,grid_ee53d9b7e1b78404,LA_NINA,7,10,903.789072234494,839.7131600805172,64.07591215397679,7.630690478619242,True
QDM,RAINY,PRCPTOT,EC-Earth3,grid_54322c8bcd695ea9,LA_NINA,4,10,1113.069130909447,972.2470783656809,140.82205254376618,14.48418366867031,True
QDM,RAINY,PRCPTOT,EC-Earth3,grid_aa9c230c24e29294,LA_NINA,4,10,1582.528906187892,1274.4207653230837,308.1081408648083,24.176327728518967,True
QDM,RAINY,PRCPTOT,EC-Earth3,grid_b0bcd3659d8a5c3a,LA_NINA,4,10,1146.574368455695,940.3386687107965,206.23569974489862,21.932066244563526,True
QDM,RAINY,PRCPTOT,MIROC6,grid_93ab3a1ad3d3fc3b,LA_NINA,12,4,1055.517417880216,768.2841276389196,287.23329024129646,37.38633663095682,True
QDM,RAINY,PRCPTOT,MIROC6,grid_da55f68884e350d6,LA_NINA,12,4,1206.4415705681538,966.4111866091292,240.03038395902456,24.83729361631513,True
QDM,RAINY,wet_day_frequency_pct,ACCESS-ESM1-5,grid_21d480dde29ff4ec,EL_NINO,4,13,52.038043478260875,51.25418060200669,0.783862876254183,1.5293637846655839,True
QDM,RAINY,wet_day_frequency_pct,ACCESS-ESM1-5,grid_e450cbe008c0e055,EL_NINO,4,13,42.119565217391305,42.14046822742475,-0.02090301003344308,-0.049603174603170486,True
QDM,RAINY,wet_day_frequency_pct,CESM2,grid_366816579f298e84,EL_NINO,11,4,69.46640316205533,75.13586956521738,-5.669466403162048,-7.545618938023994,True
QDM,RAINY,wet_day_frequency_pct,CESM2,grid_52ecc812ca873fb0,EL_NINO,11,4,33.10276679841897,37.567934782608695,-4.465167984189726,-11.885582771658727,True
QDM,RAINY,wet_day_frequency_pct,CESM2,grid_92e164725cf75def,EL_NINO,11,4,44.1205533596838,50.13586956521739,-6.015316205533594,-11.998029071199797,True
QDM,RAINY,wet_day_frequency_pct,CanESM5,grid_b9e4c92f2230d843,EL_NINO,5,10,53.53260869565217,61.30434782608695,-7.771739130434781,-12.677304964539006,True
QDM,RAINY,wet_day_frequency_pct,CanESM5,grid_ee53d9b7e1b78404,EL_NINO,5,10,24.510869565217394,35.597826086956516,-11.086956521739122,-31.14503816793891,True
QDM,RAINY,wet_day_frequency_pct,EC-Earth3,grid_54322c8bcd695ea9,EL_NINO,6,10,74.72826086956522,77.28260869565216,-2.554347826086939,-3.3052039381153087,True
QDM,RAINY,wet_day_frequency_pct,EC-Earth3,grid_aa9c230c24e29294,EL_NINO,6,10,44.11231884057971,55.3804347826087,-11.268115942028992,-20.346745175008188,True
QDM,RAINY,wet_day_frequency_pct,EC-Earth3,grid_b0bcd3659d8a5c3a,EL_NINO,6,10,36.41304347826087,43.15217391304348,-6.739130434782609,-15.617128463476075,True
QDM,RAINY,wet_day_frequency_pct,MIROC6,grid_93ab3a1ad3d3fc3b,EL_NINO,12,4,37.771739130434774,42.2554347826087,-4.483695652173928,-10.61093247588428,True
QDM,RAINY,wet_day_frequency_pct,MIROC6,grid_da55f68884e350d6,EL_NINO,12,4,51.132246376811594,51.35869565217391,-0.22644927536231307,-0.44091710758376307,True
QDM,RAINY,wet_day_frequency_pct,ACCESS-ESM1-5,grid_21d480dde29ff4ec,LA_NINA,2,13,66.57608695652173,51.25418060200669,,,False
QDM,RAINY,wet_day_frequency_pct,ACCESS-ESM1-5,grid_e450cbe008c0e055,LA_NINA,2,13,49.184782608695656,42.14046822742475,,,False
QDM,RAINY,wet_day_frequency_pct,CESM2,grid_366816579f298e84,LA_NINA,5,4,79.8913043478261,75.13586956521738,4.755434782608717,6.329113924050662,True
QDM,RAINY,wet_day_frequency_pct,CESM2,grid_52ecc812ca873fb0,LA_NINA,5,4,47.826086956521735,37.567934782608695,10.25815217391304,27.305605786618436,True
QDM,RAINY,wet_day_frequency_pct,CESM2,grid_92e164725cf75def,LA_NINA,5,4,56.413043478260875,50.13586956521739,6.277173913043484,12.520325203252044,True
QDM,RAINY,wet_day_frequency_pct,CanESM5,grid_b9e4c92f2230d843,LA_NINA,7,10,65.8385093167702,61.30434782608695,4.534161490683246,7.396149949341465,True
QDM,RAINY,wet_day_frequency_pct,CanESM5,grid_ee53d9b7e1b78404,LA_NINA,7,10,39.246894409937894,35.597826086956516,3.6490683229813783,10.250817884405706,True
QDM,RAINY,wet_day_frequency_pct,EC-Earth3,grid_54322c8bcd695ea9,LA_NINA,4,10,78.125,77.28260869565216,0.8423913043478422,1.09001406469763,True
QDM,RAINY,wet_day_frequency_pct,EC-Earth3,grid_aa9c230c24e29294,LA_NINA,4,10,59.375,55.3804347826087,3.9945652173912976,7.212953876349349,True
QDM,RAINY,wet_day_frequency_pct,EC-Earth3,grid_b0bcd3659d8a5c3a,LA_NINA,4,10,45.85597826086956,43.15217391304348,2.703804347826086,6.265743073047858,True
QDM,RAINY,wet_day_frequency_pct,MIROC6,grid_93ab3a1ad3d3fc3b,LA_NINA,12,4,47.14673913043478,42.2554347826087,4.891304347826079,11.575562700964609,True
QDM,RAINY,wet_day_frequency_pct,MIROC6,grid_da55f68884e350d6,LA_NINA,12,4,51.67572463768116,51.35869565217391,0.31702898550724967,0.6172839506172905,True
QDM,RAINY,Rx1day,ACCESS-ESM1-5,grid_21d480dde29ff4ec,EL_NINO,4,13,56.087962679367266,69.89532329791659,-13.807360618549325,-19.75434115913287,True
QDM,RAINY,Rx1day,ACCESS-ESM1-5,grid_e450cbe008c0e055,EL_NINO,4,13,56.014696106465685,81.43005854186329,-25.415362435397604,-31.211278599697355,True
QDM,RAINY,Rx1day,CESM2,grid_366816579f298e84,EL_NINO,11,4,63.668289025153655,49.84498020940114,13.823308815752512,27.732599667368973,True
QDM,RAINY,Rx1day,CESM2,grid_52ecc812ca873fb0,EL_NINO,11,4,74.3141685377834,53.267798501946295,21.046370035837107,39.51049344580688,True
QDM,RAINY,Rx1day,CESM2,grid_92e164725cf75def,EL_NINO,11,4,70.19510290199642,62.03651152213622,8.158591379860198,13.151273628513108,True
QDM,RAINY,Rx1day,CanESM5,grid_b9e4c92f2230d843,EL_NINO,5,10,76.74104586942673,61.8210319405056,14.92001392892113,24.134203944184613,True
QDM,RAINY,Rx1day,CanESM5,grid_ee53d9b7e1b78404,EL_NINO,5,10,59.74136667645881,72.5125712470509,-12.77120457059209,-17.612400651302924,True
QDM,RAINY,Rx1day,EC-Earth3,grid_54322c8bcd695ea9,EL_NINO,6,10,54.668546781833356,62.814495980974264,-8.145949199140908,-12.968263251858641,True
QDM,RAINY,Rx1day,EC-Earth3,grid_aa9c230c24e29294,EL_NINO,6,10,83.2060754886972,101.09682443845597,-17.890748949758773,-17.69664779198876,True
QDM,RAINY,Rx1day,EC-Earth3,grid_b0bcd3659d8a5c3a,EL_NINO,6,10,65.36219661785982,66.0039133617929,-0.641716743933074,-0.9722404494648327,True
QDM,RAINY,Rx1day,MIROC6,grid_93ab3a1ad3d3fc3b,EL_NINO,12,4,56.6618945294486,53.26240063468475,3.39949389476385,6.382539754601452,True
QDM,RAINY,Rx1day,MIROC6,grid_da55f68884e350d6,EL_NINO,12,4,82.72410108942681,69.20332859663709,13.520772492789717,19.53774878604142,True
QDM,RAINY,Rx1day,ACCESS-ESM1-5,grid_21d480dde29ff4ec,LA_NINA,2,13,103.72098195548713,69.89532329791659,,,False
QDM,RAINY,Rx1day,ACCESS-ESM1-5,grid_e450cbe008c0e055,LA_NINA,2,13,181.60932558338945,81.43005854186329,,,False
QDM,RAINY,Rx1day,CESM2,grid_366816579f298e84,LA_NINA,5,4,59.82178174114409,49.84498020940114,9.97680153174295,20.015659530468124,True
QDM,RAINY,Rx1day,CESM2,grid_52ecc812ca873fb0,LA_NINA,5,4,77.79655332507267,53.267798501946295,24.52875482312637,46.04799806440309,True
QDM,RAINY,Rx1day,CESM2,grid_92e164725cf75def,LA_NINA,5,4,109.37172885855162,62.03651152213622,47.3352173364154,76.30219071800157,True
QDM,RAINY,Rx1day,CanESM5,grid_b9e4c92f2230d843,LA_NINA,7,10,76.5386868064596,61.8210319405056,14.717654865953996,23.8068734926938,True
QDM,RAINY,Rx1day,CanESM5,grid_ee53d9b7e1b78404,LA_NINA,7,10,88.14511900153639,72.5125712470509,15.632547754485486,21.558396683004485,True
QDM,RAINY,Rx1day,EC-Earth3,grid_54322c8bcd695ea9,LA_NINA,4,10,82.86475706797265,62.814495980974264,20.050261086998383,31.919799361394794,True
QDM,RAINY,Rx1day,EC-Earth3,grid_aa9c230c24e29294,LA_NINA,4,10,142.35700863591734,101.09682443845597,41.26018419746137,40.81254225999854,True
QDM,RAINY,Rx1day,EC-Earth3,grid_b0bcd3659d8a5c3a,LA_NINA,4,10,119.30851015722531,66.0039133617929,53.30459679543242,80.75975208204606,True
QDM,RAINY,Rx1day,MIROC6,grid_93ab3a1ad3d3fc3b,LA_NINA,12,4,79.58347390184275,53.26240063468475,26.321073267158,49.41773737854688,True
QDM,RAINY,Rx1day,MIROC6,grid_da55f68884e350d6,LA_NINA,12,4,105.9484088921039,69.20332859663709,36.745080295466806,53.09727297893647,True
QDM,RAINY,CDD,ACCESS-ESM1-5,grid_21d480dde29ff4ec,EL_NINO,4,13,15.0,14.384615384615385,0.615384615384615,4.278074866310157,True
QDM,RAINY,CDD,ACCESS-ESM1-5,grid_e450cbe008c0e055,EL_NINO,4,13,14.0,20.307692307692307,-6.307692307692307,-31.06060606060606,True
QDM,RAINY,CDD,CESM2,grid_366816579f298e84,EL_NINO,11,4,8.0,8.25,-0.25,-3.0303030303030303,True
QDM,RAINY,CDD,CESM2,grid_52ecc812ca873fb0,EL_NINO,11,4,18.09090909090909,17.25,0.8409090909090899,4.874835309617913,True
QDM,RAINY,CDD,CESM2,grid_92e164725cf75def,EL_NINO,11,4,15.090909090909092,15.25,-0.15909090909090828,-1.0432190760059559,True
QDM,RAINY,CDD,CanESM5,grid_b9e4c92f2230d843,EL_NINO,5,10,14.1,10.65,3.4499999999999993,32.39436619718309,True
QDM,RAINY,CDD,CanESM5,grid_ee53d9b7e1b78404,EL_NINO,5,10,33.6,18.35,15.25,83.10626702997274,True
QDM,RAINY,CDD,EC-Earth3,grid_54322c8bcd695ea9,EL_NINO,6,10,6.5,7.4,-0.9000000000000004,-12.162162162162165,True
QDM,RAINY,CDD,EC-Earth3,grid_aa9c230c24e29294,EL_NINO,6,10,17.833333333333332,12.6,5.2333333333333325,41.53439153439153,True
QDM,RAINY,CDD,EC-Earth3,grid_b0bcd3659d8a5c3a,EL_NINO,6,10,20.583333333333332,14.9,5.683333333333332,38.14317673378075,True
QDM,RAINY,CDD,MIROC6,grid_93ab3a1ad3d3fc3b,EL_NINO,12,4,15.583333333333334,14.25,1.333333333333334,9.356725146198835,True
QDM,RAINY,CDD,MIROC6,grid_da55f68884e350d6,EL_NINO,12,4,11.916666666666666,12.75,-0.8333333333333339,-6.535947712418306,True
QDM,RAINY,CDD,ACCESS-ESM1-5,grid_21d480dde29ff4ec,LA_NINA,2,13,8.5,14.384615384615385,,,False
QDM,RAINY,CDD,ACCESS-ESM1-5,grid_e450cbe008c0e055,LA_NINA,2,13,13.0,20.307692307692307,,,False
QDM,RAINY,CDD,CESM2,grid_366816579f298e84,LA_NINA,5,4,7.0,8.25,-1.25,-15.151515151515152,True
QDM,RAINY,CDD,CESM2,grid_52ecc812ca873fb0,LA_NINA,5,4,20.7,17.25,3.4499999999999993,19.999999999999996,True
QDM,RAINY,CDD,CESM2,grid_92e164725cf75def,LA_NINA,5,4,16.4,15.25,1.1499999999999986,7.540983606557368,True
QDM,RAINY,CDD,CanESM5,grid_b9e4c92f2230d843,LA_NINA,7,10,8.285714285714286,10.65,-2.364285714285714,-22.199865861837687,True
QDM,RAINY,CDD,CanESM5,grid_ee53d9b7e1b78404,LA_NINA,7,10,14.214285714285714,18.35,-4.135714285714288,-22.537952510704564,True
QDM,RAINY,CDD,EC-Earth3,grid_54322c8bcd695ea9,LA_NINA,4,10,4.5,7.4,-2.9000000000000004,-39.18918918918919,True
QDM,RAINY,CDD,EC-Earth3,grid_aa9c230c24e29294,LA_NINA,4,10,9.25,12.6,-3.3499999999999996,-26.587301587301585,True
QDM,RAINY,CDD,EC-Earth3,grid_b0bcd3659d8a5c3a,LA_NINA,4,10,12.5,14.9,-2.4000000000000004,-16.107382550335572,True
QDM,RAINY,CDD,MIROC6,grid_93ab3a1ad3d3fc3b,LA_NINA,12,4,12.0,14.25,-2.25,-15.789473684210526,True
QDM,RAINY,CDD,MIROC6,grid_da55f68884e350d6,LA_NINA,12,4,13.333333333333334,12.75,0.5833333333333339,4.5751633986928155,True
QDM,RAINY,Rx5day,ACCESS-ESM1-5,grid_21d480dde29ff4ec,EL_NINO,4,13,124.57680866557612,163.90275747094555,-39.32594880536942,-23.99346381487242,True
QDM,RAINY,Rx5day,ACCESS-ESM1-5,grid_e450cbe008c0e055,EL_NINO,4,13,130.14046426856476,184.43731888042495,-54.2968546118602,-29.439191017010025,True
QDM,RAINY,Rx5day,CESM2,grid_366816579f298e84,EL_NINO,11,4,133.74749650657478,88.09087270177133,45.656623804803445,51.829006121181706,True
QDM,RAINY,Rx5day,CESM2,grid_52ecc812ca873fb0,EL_NINO,11,4,172.4670680896982,112.94144844344744,59.525619646250746,52.704848810272416,True
QDM,RAINY,Rx5day,CESM2,grid_92e164725cf75def,EL_NINO,11,4,176.31909289358126,144.92237390831912,31.39671898526214,21.66450779030459,True
QDM,RAINY,Rx5day,CanESM5,grid_b9e4c92f2230d843,EL_NINO,5,10,137.80428398380474,111.864459648354,25.939824335450737,23.18861988605907,True
QDM,RAINY,Rx5day,CanESM5,grid_ee53d9b7e1b78404,EL_NINO,5,10,130.03765688764062,156.246023782912,-26.208366895271382,-16.773781668636413,True
QDM,RAINY,Rx5day,EC-Earth3,grid_54322c8bcd695ea9,EL_NINO,6,10,116.44028037032378,114.46610233701995,1.9741780333038292,1.724683546480251,True
QDM,RAINY,Rx5day,EC-Earth3,grid_aa9c230c24e29294,EL_NINO,6,10,155.75803655435246,198.86850392565603,-43.11046737130357,-21.67787584273262,True
QDM,RAINY,Rx5day,EC-Earth3,grid_b0bcd3659d8a5c3a,EL_NINO,6,10,137.51481743534058,129.1322788463581,8.38253858898247,6.491435498444223,True
QDM,RAINY,Rx5day,MIROC6,grid_93ab3a1ad3d3fc3b,EL_NINO,12,4,120.80644349418232,112.97099041584056,7.835453078341757,6.935809847731569,True
QDM,RAINY,Rx5day,MIROC6,grid_da55f68884e350d6,EL_NINO,12,4,190.51049839749837,119.51362303095613,70.99687536654224,59.40483901835426,True
QDM,RAINY,Rx5day,ACCESS-ESM1-5,grid_21d480dde29ff4ec,LA_NINA,2,13,217.3578335753569,163.90275747094555,,,False
QDM,RAINY,Rx5day,ACCESS-ESM1-5,grid_e450cbe008c0e055,LA_NINA,2,13,395.4083901819806,184.43731888042495,,,False
QDM,RAINY,Rx5day,CESM2,grid_366816579f298e84,LA_NINA,5,4,143.52279910819354,88.09087270177133,55.43192640642221,62.925845443812456,True
QDM,RAINY,Rx5day,CESM2,grid_52ecc812ca873fb0,LA_NINA,5,4,166.90949425143268,112.94144844344744,53.968045807985234,47.78409215728127,True
QDM,RAINY,Rx5day,CESM2,grid_92e164725cf75def,LA_NINA,5,4,239.22976664938238,144.92237390831912,94.30739274106327,65.07441894425776,True
QDM,RAINY,Rx5day,CanESM5,grid_b9e4c92f2230d843,LA_NINA,7,10,159.91203299334998,111.864459648354,48.04757334499598,42.95159829675445,True
QDM,RAINY,Rx5day,CanESM5,grid_ee53d9b7e1b78404,LA_NINA,7,10,160.00371527438935,156.246023782912,3.7576914914773454,2.404983756065547,True
QDM,RAINY,Rx5day,EC-Earth3,grid_54322c8bcd695ea9,LA_NINA,4,10,211.40829756557451,114.46610233701995,96.94219522855457,84.69074533797776,True
QDM,RAINY,Rx5day,EC-Earth3,grid_aa9c230c24e29294,LA_NINA,4,10,344.37443110769175,198.86850392565603,145.50592718203572,73.16690391376953,True
QDM,RAINY,Rx5day,EC-Earth3,grid_b0bcd3659d8a5c3a,LA_NINA,4,10,309.13458377710015,129.1322788463581,180.00230493074204,139.3937337270329,True
QDM,RAINY,Rx5day,MIROC6,grid_93ab3a1ad3d3fc3b,LA_NINA,12,4,159.91875601821332,112.97099041584056,46.947765602372755,41.557363912240106,True
QDM,RAINY,Rx5day,MIROC6,grid_da55f68884e350d6,LA_NINA,12,4,200.4859569181689,119.51362303095613,80.97233388721278,67.75155152500022,True
QDM,RAINY,CWD,ACCESS-ESM1-5,grid_21d480dde29ff4ec,EL_NINO,4,13,11.0,17.153846153846153,-6.153846153846153,-35.874439461883405,True
QDM,RAINY,CWD,ACCESS-ESM1-5,grid_e450cbe008c0e055,EL_NINO,4,13,16.0,11.384615384615385,4.615384615384615,40.54054054054053,True
QDM,RAINY,CWD,CESM2,grid_366816579f298e84,EL_NINO,11,4,23.454545454545453,27.0,-3.5454545454545467,-13.131313131313137,True
QDM,RAINY,CWD,CESM2,grid_52ecc812ca873fb0,EL_NINO,11,4,8.772727272727273,10.375,-1.6022727272727266,-15.443592552026281,True
QDM,RAINY,CWD,CESM2,grid_92e164725cf75def,EL_NINO,11,4,11.909090909090908,14.75,-2.8409090909090917,-19.260400616332827,True
QDM,RAINY,CWD,CanESM5,grid_b9e4c92f2230d843,EL_NINO,5,10,14.6,17.3,-2.700000000000001,-15.606936416184977,True
QDM,RAINY,CWD,CanESM5,grid_ee53d9b7e1b78404,EL_NINO,5,10,7.4,9.1,-1.6999999999999993,-18.681318681318675,True
QDM,RAINY,CWD,EC-Earth3,grid_54322c8bcd695ea9,EL_NINO,6,10,20.5,31.5,-11.0,-34.92063492063492,True
QDM,RAINY,CWD,EC-Earth3,grid_aa9c230c24e29294,EL_NINO,6,10,10.166666666666666,18.3,-8.133333333333335,-44.44444444444445,True
QDM,RAINY,CWD,EC-Earth3,grid_b0bcd3659d8a5c3a,EL_NINO,6,10,9.75,11.0,-1.25,-11.363636363636363,True
QDM,RAINY,CWD,MIROC6,grid_93ab3a1ad3d3fc3b,EL_NINO,12,4,9.833333333333334,12.75,-2.916666666666666,-22.87581699346405,True
QDM,RAINY,CWD,MIROC6,grid_da55f68884e350d6,EL_NINO,12,4,11.583333333333334,15.75,-4.166666666666666,-26.455026455026452,True
QDM,RAINY,CWD,ACCESS-ESM1-5,grid_21d480dde29ff4ec,LA_NINA,2,13,20.0,17.153846153846153,,,False
QDM,RAINY,CWD,ACCESS-ESM1-5,grid_e450cbe008c0e055,LA_NINA,2,13,13.5,11.384615384615385,,,False
QDM,RAINY,CWD,CESM2,grid_366816579f298e84,LA_NINA,5,4,39.8,27.0,12.799999999999997,47.4074074074074,True
QDM,RAINY,CWD,CESM2,grid_52ecc812ca873fb0,LA_NINA,5,4,12.4,10.375,2.0250000000000004,19.518072289156628,True
QDM,RAINY,CWD,CESM2,grid_92e164725cf75def,LA_NINA,5,4,13.4,14.75,-1.3499999999999996,-9.152542372881355,True
QDM,RAINY,CWD,CanESM5,grid_b9e4c92f2230d843,LA_NINA,7,10,18.571428571428573,17.3,1.2714285714285722,7.349298100743192,True
QDM,RAINY,CWD,CanESM5,grid_ee53d9b7e1b78404,LA_NINA,7,10,9.0,9.1,-0.09999999999999964,-1.098901098901095,True
QDM,RAINY,CWD,EC-Earth3,grid_54322c8bcd695ea9,LA_NINA,4,10,21.5,31.5,-10.0,-31.746031746031747,True
QDM,RAINY,CWD,EC-Earth3,grid_aa9c230c24e29294,LA_NINA,4,10,13.0,18.3,-5.300000000000001,-28.961748633879786,True
QDM,RAINY,CWD,EC-Earth3,grid_b0bcd3659d8a5c3a,LA_NINA,4,10,9.125,11.0,-1.875,-17.045454545454547,True
QDM,RAINY,CWD,MIROC6,grid_93ab3a1ad3d3fc3b,LA_NINA,12,4,10.333333333333334,12.75,-2.416666666666666,-18.954248366013065,True
QDM,RAINY,CWD,MIROC6,grid_da55f68884e350d6,LA_NINA,12,4,10.666666666666666,15.75,-5.083333333333334,-32.27513227513228,True
QDM,RAINY,R10mm,ACCESS-ESM1-5,grid_21d480dde29ff4ec,EL_NINO,4,13,22.0,25.307692307692307,-3.3076923076923066,-13.069908814589661,True
QDM,RAINY,R10mm,ACCESS-ESM1-5,grid_e450cbe008c0e055,EL_NINO,4,13,21.5,25.846153846153847,-4.346153846153847,-16.81547619047619,True
QDM,RAINY,R10mm,CESM2,grid_366816579f298e84,EL_NINO,11,4,18.90909090909091,24.25,-5.34090909090909,-22.024367385192125,True
QDM,RAINY,R10mm,CESM2,grid_52ecc812ca873fb0,EL_NINO,11,4,18.136363636363637,19.375,-1.2386363636363633,-6.392961876832843,True
QDM,RAINY,R10mm,CESM2,grid_92e164725cf75def,EL_NINO,11,4,24.454545454545453,34.0,-9.545454545454547,-28.074866310160434,True
QDM,RAINY,R10mm,CanESM5,grid_b9e4c92f2230d843,EL_NINO,5,10,14.9,22.0,-7.1,-32.27272727272727,True
QDM,RAINY,R10mm,CanESM5,grid_ee53d9b7e1b78404,EL_NINO,5,10,14.9,23.6,-8.700000000000001,-36.86440677966102,True
QDM,RAINY,R10mm,EC-Earth3,grid_54322c8bcd695ea9,EL_NINO,6,10,21.5,26.0,-4.5,-17.307692307692307,True
QDM,RAINY,R10mm,EC-Earth3,grid_aa9c230c24e29294,EL_NINO,6,10,26.833333333333332,36.6,-9.76666666666667,-26.6848816029144,True
QDM,RAINY,R10mm,EC-Earth3,grid_b0bcd3659d8a5c3a,EL_NINO,6,10,22.5,27.7,-5.199999999999999,-18.772563176895304,True
QDM,RAINY,R10mm,MIROC6,grid_93ab3a1ad3d3fc3b,EL_NINO,12,4,19.333333333333332,21.0,-1.6666666666666679,-7.936507936507943,True
QDM,RAINY,R10mm,MIROC6,grid_da55f68884e350d6,EL_NINO,12,4,32.166666666666664,31.25,0.9166666666666643,2.9333333333333256,True
QDM,RAINY,R10mm,ACCESS-ESM1-5,grid_21d480dde29ff4ec,LA_NINA,2,13,39.0,25.307692307692307,,,False
QDM,RAINY,R10mm,ACCESS-ESM1-5,grid_e450cbe008c0e055,LA_NINA,2,13,40.0,25.846153846153847,,,False
QDM,RAINY,R10mm,CESM2,grid_366816579f298e84,LA_NINA,5,4,33.0,24.25,8.75,36.08247422680412,True
QDM,RAINY,R10mm,CESM2,grid_52ecc812ca873fb0,LA_NINA,5,4,33.6,19.375,14.225000000000001,73.4193548387097,True
QDM,RAINY,R10mm,CESM2,grid_92e164725cf75def,LA_NINA,5,4,43.0,34.0,9.0,26.470588235294116,True
QDM,RAINY,R10mm,CanESM5,grid_b9e4c92f2230d843,LA_NINA,7,10,28.5,22.0,6.5,29.545454545454547,True
QDM,RAINY,R10mm,CanESM5,grid_ee53d9b7e1b78404,LA_NINA,7,10,26.142857142857142,23.6,2.542857142857141,10.774818401937038,True
QDM,RAINY,R10mm,EC-Earth3,grid_54322c8bcd695ea9,LA_NINA,4,10,31.25,26.0,5.25,20.192307692307693,True
QDM,RAINY,R10mm,EC-Earth3,grid_aa9c230c24e29294,LA_NINA,4,10,42.0,36.6,5.399999999999999,14.754098360655734,True
QDM,RAINY,R10mm,EC-Earth3,grid_b0bcd3659d8a5c3a,LA_NINA,4,10,30.625,27.7,2.9250000000000007,10.559566787003613,True
QDM,RAINY,R10mm,MIROC6,grid_93ab3a1ad3d3fc3b,LA_NINA,12,4,29.583333333333332,21.0,8.583333333333332,40.873015873015866,True
QDM,RAINY,R10mm,MIROC6,grid_da55f68884e350d6,LA_NINA,12,4,34.666666666666664,31.25,3.4166666666666643,10.933333333333325,True
QDM,RAINY,R20mm,ACCESS-ESM1-5,grid_21d480dde29ff4ec,EL_NINO,4,13,7.5,9.307692307692308,-1.8076923076923084,-19.421487603305792,True
QDM,RAINY,R20mm,ACCESS-ESM1-5,grid_e450cbe008c0e055,EL_NINO,4,13,8.5,10.0,-1.5,-15.0,True
QDM,RAINY,R20mm,CESM2,grid_366816579f298e84,EL_NINO,11,4,5.2727272727272725,4.5,0.7727272727272725,17.171717171717166,True
QDM,RAINY,R20mm,CESM2,grid_52ecc812ca873fb0,EL_NINO,11,4,8.454545454545455,8.375,0.07954545454545503,0.9497964721845377,True
QDM,RAINY,R20mm,CESM2,grid_92e164725cf75def,EL_NINO,11,4,11.545454545454545,12.5,-0.954545454545455,-7.636363636363639,True
QDM,RAINY,R20mm,CanESM5,grid_b9e4c92f2230d843,EL_NINO,5,10,3.8,7.2,-3.4000000000000004,-47.22222222222223,True
QDM,RAINY,R20mm,CanESM5,grid_ee53d9b7e1b78404,EL_NINO,5,10,7.1,10.45,-3.3499999999999996,-32.05741626794258,True
QDM,RAINY,R20mm,EC-Earth3,grid_54322c8bcd695ea9,EL_NINO,6,10,5.666666666666667,6.9,-1.2333333333333334,-17.8743961352657,True
QDM,RAINY,R20mm,EC-Earth3,grid_aa9c230c24e29294,EL_NINO,6,10,10.833333333333334,17.0,-6.166666666666666,-36.27450980392157,True
QDM,RAINY,R20mm,EC-Earth3,grid_b0bcd3659d8a5c3a,EL_NINO,6,10,9.25,11.85,-2.5999999999999996,-21.94092827004219,True
QDM,RAINY,R20mm,MIROC6,grid_93ab3a1ad3d3fc3b,EL_NINO,12,4,6.666666666666667,8.0,-1.333333333333333,-16.666666666666664,True
QDM,RAINY,R20mm,MIROC6,grid_da55f68884e350d6,EL_NINO,12,4,15.083333333333334,11.75,3.333333333333334,28.368794326241137,True
QDM,RAINY,R20mm,ACCESS-ESM1-5,grid_21d480dde29ff4ec,LA_NINA,2,13,19.5,9.307692307692308,,,False
QDM,RAINY,R20mm,ACCESS-ESM1-5,grid_e450cbe008c0e055,LA_NINA,2,13,17.5,10.0,,,False
QDM,RAINY,R20mm,CESM2,grid_366816579f298e84,LA_NINA,5,4,11.0,4.5,6.5,144.44444444444446,True
QDM,RAINY,R20mm,CESM2,grid_52ecc812ca873fb0,LA_NINA,5,4,15.3,8.375,6.925000000000001,82.68656716417912,True
QDM,RAINY,R20mm,CESM2,grid_92e164725cf75def,LA_NINA,5,4,23.4,12.5,10.899999999999999,87.19999999999999,True
QDM,RAINY,R20mm,CanESM5,grid_b9e4c92f2230d843,LA_NINA,7,10,9.714285714285714,7.2,2.5142857142857133,34.9206349206349,True
QDM,RAINY,R20mm,CanESM5,grid_ee53d9b7e1b78404,LA_NINA,7,10,10.928571428571429,10.45,0.47857142857142954,4.579630895420379,True
QDM,RAINY,R20mm,EC-Earth3,grid_54322c8bcd695ea9,LA_NINA,4,10,10.75,6.9,3.8499999999999996,55.79710144927535,True
QDM,RAINY,R20mm,EC-Earth3,grid_aa9c230c24e29294,LA_NINA,4,10,22.25,17.0,5.25,30.88235294117647,True
QDM,RAINY,R20mm,EC-Earth3,grid_b0bcd3659d8a5c3a,LA_NINA,4,10,13.75,11.85,1.9000000000000004,16.033755274261605,True
QDM,RAINY,R20mm,MIROC6,grid_93ab3a1ad3d3fc3b,LA_NINA,12,4,12.0,8.0,4.0,50.0,True
QDM,RAINY,R20mm,MIROC6,grid_da55f68884e350d6,LA_NINA,12,4,16.583333333333332,11.75,4.833333333333332,41.134751773049636,True
QDM,HOT_DRY,PRCPTOT,ACCESS-ESM1-5,grid_21d480dde29ff4ec,EL_NINO,10,12,151.28994066548734,192.69633904007833,-41.40639837459099,-21.48790090193618,True
QDM,HOT_DRY,PRCPTOT,ACCESS-ESM1-5,grid_e450cbe008c0e055,EL_NINO,10,12,165.10351174468002,211.43444505898162,-46.3309333143016,-21.912670521294274,True
QDM,HOT_DRY,PRCPTOT,CESM2,grid_366816579f298e84,EL_NINO,14,5,145.00492115813242,170.317565799438,-25.31264464130558,-14.862028189807013,True
QDM,HOT_DRY,PRCPTOT,CESM2,grid_52ecc812ca873fb0,EL_NINO,14,5,140.20918356348878,136.1703984886338,4.038785074854985,2.9659787440455383,True
QDM,HOT_DRY,PRCPTOT,CESM2,grid_92e164725cf75def,EL_NINO,14,5,137.39295709759702,185.47531503582798,-48.082357938230956,-25.923858346833356,True
QDM,HOT_DRY,PRCPTOT,CanESM5,grid_b9e4c92f2230d843,EL_NINO,6,9,235.13660306051085,288.38801161163207,-53.251408551121216,-18.465194948129156,True
QDM,HOT_DRY,PRCPTOT,CanESM5,grid_ee53d9b7e1b78404,EL_NINO,6,9,420.9855718916809,198.13364285130638,222.8519290403745,112.4755623695964,True
QDM,HOT_DRY,PRCPTOT,EC-Earth3,grid_54322c8bcd695ea9,EL_NINO,9,11,186.73870566123378,298.4626881161277,-111.72398245489393,-37.433148900482884,True
QDM,HOT_DRY,PRCPTOT,EC-Earth3,grid_aa9c230c24e29294,EL_NINO,9,11,181.5996165500376,267.7477849866932,-86.1481684366556,-32.17511899900015,True
QDM,HOT_DRY,PRCPTOT,EC-Earth3,grid_b0bcd3659d8a5c3a,EL_NINO,9,11,148.03290342443594,222.8432059334472,-74.81030250901125,-33.57082491954167,True
QDM,HOT_DRY,PRCPTOT,MIROC6,grid_93ab3a1ad3d3fc3b,EL_NINO,11,5,178.61274239785033,206.80909401569497,-28.19635161784464,-13.633999874156785,True
QDM,HOT_DRY,PRCPTOT,MIROC6,grid_da55f68884e350d6,EL_NINO,11,5,196.6287297868531,155.6474644037438,40.9812653831093,26.32954255959185,True
QDM,HOT_DRY,PRCPTOT,ACCESS-ESM1-5,grid_21d480dde29ff4ec,LA_NINA,8,12,423.57203148373196,192.69633904007833,230.87569244365363,119.81322198115788,True
QDM,HOT_DRY,PRCPTOT,ACCESS-ESM1-5,grid_e450cbe008c0e055,LA_NINA,8,12,275.6627015367795,211.43444505898162,64.22825647779786,30.377385510615728,True
QDM,HOT_DRY,PRCPTOT,CESM2,grid_366816579f298e84,LA_NINA,11,5,387.62790842445486,170.317565799438,217.31034262501686,127.59126846664569,True
QDM,HOT_DRY,PRCPTOT,CESM2,grid_52ecc812ca873fb0,LA_NINA,11,5,309.2456858674172,136.1703984886338,173.0752873787834,127.10199081427383,True
QDM,HOT_DRY,PRCPTOT,CESM2,grid_92e164725cf75def,LA_NINA,11,5,539.8496004397214,185.47531503582798,354.3742854038934,191.0627758391673,True
QDM,HOT_DRY,PRCPTOT,CanESM5,grid_b9e4c92f2230d843,LA_NINA,5,9,190.86489210001628,288.38801161163207,-97.52311951161579,-33.816634390110764,True
QDM,HOT_DRY,PRCPTOT,CanESM5,grid_ee53d9b7e1b78404,LA_NINA,5,9,124.9609533725699,198.13364285130638,-73.17268947873647,-36.930976701241235,True
QDM,HOT_DRY,PRCPTOT,EC-Earth3,grid_54322c8bcd695ea9,LA_NINA,10,11,217.51905329948104,298.4626881161277,-80.94363481664666,-27.120185550681835,True
QDM,HOT_DRY,PRCPTOT,EC-Earth3,grid_aa9c230c24e29294,LA_NINA,10,11,247.3392669058819,267.7477849866932,-20.40851808081129,-7.622292031967911,True
QDM,HOT_DRY,PRCPTOT,EC-Earth3,grid_b0bcd3659d8a5c3a,LA_NINA,10,11,183.8707377296999,222.8432059334472,-38.9724682037473,-17.48873969053674,True
QDM,HOT_DRY,PRCPTOT,MIROC6,grid_93ab3a1ad3d3fc3b,LA_NINA,12,5,265.04698821664306,206.80909401569497,58.23789420094809,28.160219200287372,True
QDM,HOT_DRY,PRCPTOT,MIROC6,grid_da55f68884e350d6,LA_NINA,12,5,342.5296853663606,155.6474644037438,186.88222096261677,120.06762954894732,True
QDM,HOT_DRY,wet_day_frequency_pct,ACCESS-ESM1-5,grid_21d480dde29ff4ec,EL_NINO,10,12,12.486187845303867,15.837937384898714,-3.351749539594847,-21.162790697674435,True
QDM,HOT_DRY,wet_day_frequency_pct,ACCESS-ESM1-5,grid_e450cbe008c0e055,EL_NINO,10,12,7.790055248618785,11.095764272559853,-3.305709023941068,-29.792531120331947,True
QDM,HOT_DRY,wet_day_frequency_pct,CESM2,grid_366816579f298e84,EL_NINO,14,5,13.77269139700079,16.906077348066297,-3.1333859510655078,-18.534080298786176,True
QDM,HOT_DRY,wet_day_frequency_pct,CESM2,grid_52ecc812ca873fb0,EL_NINO,14,5,6.254932912391477,7.403314917127072,-1.1483820047355948,-15.511727078891242,True
QDM,HOT_DRY,wet_day_frequency_pct,CESM2,grid_92e164725cf75def,EL_NINO,14,5,10.812943962115236,13.922651933701658,-3.109707971586422,-22.33560090702946,True
QDM,HOT_DRY,wet_day_frequency_pct,CanESM5,grid_b9e4c92f2230d843,EL_NINO,6,9,15.055248618784532,18.385512584407614,-3.3302639656230824,-18.11352253756261,True
QDM,HOT_DRY,wet_day_frequency_pct,CanESM5,grid_ee53d9b7e1b78404,EL_NINO,6,9,7.642725598526703,8.655616942909763,-1.0128913443830596,-11.702127659574494,True
QDM,HOT_DRY,wet_day_frequency_pct,EC-Earth3,grid_54322c8bcd695ea9,EL_NINO,9,11,16.45181092694905,22.149673530889007,-5.6978626039399565,-25.72436381960193,True
QDM,HOT_DRY,wet_day_frequency_pct,EC-Earth3,grid_aa9c230c24e29294,EL_NINO,9,11,13.566605279312462,18.483174284279258,-4.916569004966796,-26.60024154589372,True
QDM,HOT_DRY,wet_day_frequency_pct,EC-Earth3,grid_b0bcd3659d8a5c3a,EL_NINO,9,11,7.519950890116637,11.099949773982924,-3.5799988838662875,-32.252388134741075,True
QDM,HOT_DRY,wet_day_frequency_pct,MIROC6,grid_93ab3a1ad3d3fc3b,EL_NINO,11,5,8.839779005524862,11.933701657458563,-3.093922651933701,-25.925925925925917,True
QDM,HOT_DRY,wet_day_frequency_pct,MIROC6,grid_da55f68884e350d6,EL_NINO,11,5,11.75288799598192,16.132596685082873,-4.379708689100953,-27.148194271481934,True
QDM,HOT_DRY,wet_day_frequency_pct,ACCESS-ESM1-5,grid_21d480dde29ff4ec,LA_NINA,8,12,22.65193370165746,15.837937384898714,6.813996316758745,43.02325581395346,True
QDM,HOT_DRY,wet_day_frequency_pct,ACCESS-ESM1-5,grid_e450cbe008c0e055,LA_NINA,8,12,13.328729281767957,11.095764272559853,2.2329650092081046,20.12448132780084,True
QDM,HOT_DRY,wet_day_frequency_pct,CESM2,grid_366816579f298e84,LA_NINA,11,5,27.875439477649422,16.906077348066297,10.969362129583125,64.88413547237079,True
QDM,HOT_DRY,wet_day_frequency_pct,CESM2,grid_52ecc812ca873fb0,LA_NINA,11,5,13.159216474133602,7.403314917127072,5.75590155700653,77.74762550881954,True
QDM,HOT_DRY,wet_day_frequency_pct,CESM2,grid_92e164725cf75def,LA_NINA,11,5,25.364138623807136,13.922651933701658,11.441486690105478,82.1789321789322,True
QDM,HOT_DRY,wet_day_frequency_pct,CanESM5,grid_b9e4c92f2230d843,LA_NINA,5,9,18.45303867403315,18.385512584407614,0.06752608962553452,0.3672787979966468,True
QDM,HOT_DRY,wet_day_frequency_pct,CanESM5,grid_ee53d9b7e1b78404,LA_NINA,5,9,7.348066298342542,8.655616942909763,-1.307550644567221,-15.10638297872342,True
QDM,HOT_DRY,wet_day_frequency_pct,EC-Earth3,grid_54322c8bcd695ea9,LA_NINA,10,11,17.569060773480665,22.149673530889007,-4.580612757408343,-20.680272108843553,True
QDM,HOT_DRY,wet_day_frequency_pct,EC-Earth3,grid_aa9c230c24e29294,LA_NINA,10,11,16.353591160220997,18.483174284279258,-2.129583124058261,-11.521739130434774,True
QDM,HOT_DRY,wet_day_frequency_pct,EC-Earth3,grid_b0bcd3659d8a5c3a,LA_NINA,10,11,8.480662983425415,11.099949773982924,-2.61928679055751,-23.59728506787331,True
QDM,HOT_DRY,wet_day_frequency_pct,MIROC6,grid_93ab3a1ad3d3fc3b,LA_NINA,12,5,14.502762430939228,11.933701657458563,2.5690607734806647,21.52777777777779,True
QDM,HOT_DRY,wet_day_frequency_pct,MIROC6,grid_da55f68884e350d6,LA_NINA,12,5,20.441988950276247,16.132596685082873,4.309392265193374,26.712328767123307,True
QDM,HOT_DRY,Rx1day,ACCESS-ESM1-5,grid_21d480dde29ff4ec,EL_NINO,10,12,30.486324448755557,35.005889019058664,-4.519564570303107,-12.910869276430796,True
QDM,HOT_DRY,Rx1day,ACCESS-ESM1-5,grid_e450cbe008c0e055,EL_NINO,10,12,44.2273209388472,47.47417406126231,-3.2468531224151107,-6.839198757255385,True
QDM,HOT_DRY,Rx1day,CESM2,grid_366816579f298e84,EL_NINO,14,5,39.46760699469147,28.014348775433312,11.45325821925816,40.88354261264103,True
QDM,HOT_DRY,Rx1day,CESM2,grid_52ecc812ca873fb0,EL_NINO,14,5,45.43028429545547,28.657277177115255,16.773007118340217,58.52966077228922,True
QDM,HOT_DRY,Rx1day,CESM2,grid_92e164725cf75def,EL_NINO,14,5,31.24749816229522,39.89486016818428,-8.647362005889061,-21.67537865638451,True
QDM,HOT_DRY,Rx1day,CanESM5,grid_b9e4c92f2230d843,EL_NINO,6,9,61.54253865742994,63.840278873977695,-2.2977402165477585,-3.599201408696154,True
QDM,HOT_DRY,Rx1day,CanESM5,grid_ee53d9b7e1b78404,EL_NINO,6,9,178.3042612453809,46.328470880515624,131.97579036486528,284.8697309808478,True
QDM,HOT_DRY,Rx1day,EC-Earth3,grid_54322c8bcd695ea9,EL_NINO,9,11,38.06442908276816,63.2561858674153,-25.19175678464714,-39.82496958866435,True
QDM,HOT_DRY,Rx1day,EC-Earth3,grid_aa9c230c24e29294,EL_NINO,9,11,38.74976978489925,49.88089190895926,-11.131122124060013,-22.3154031495189,True
QDM,HOT_DRY,Rx1day,EC-Earth3,grid_b0bcd3659d8a5c3a,EL_NINO,9,11,38.207776342892004,46.71588104118457,-8.50810469829257,-18.212446193173264,True
QDM,HOT_DRY,Rx1day,MIROC6,grid_93ab3a1ad3d3fc3b,EL_NINO,11,5,46.12637420264037,38.09188200108576,8.034492201554613,21.09240021620775,True
QDM,HOT_DRY,Rx1day,MIROC6,grid_da55f68884e350d6,EL_NINO,11,5,42.735956670336144,18.971290804485513,23.76466586585063,125.26646768933502,True
QDM,HOT_DRY,Rx1day,ACCESS-ESM1-5,grid_21d480dde29ff4ec,LA_NINA,8,12,98.09756365356785,35.005889019058664,63.09167463450918,180.23160217459252,True
QDM,HOT_DRY,Rx1day,ACCESS-ESM1-5,grid_e450cbe008c0e055,LA_NINA,8,12,49.40866764530308,47.47417406126231,1.9344935840407729,4.074833574870488,True
QDM,HOT_DRY,Rx1day,CESM2,grid_366816579f298e84,LA_NINA,11,5,70.09314576576367,28.014348775433312,42.07879699033035,150.20444461386379,True
QDM,HOT_DRY,Rx1day,CESM2,grid_52ecc812ca873fb0,LA_NINA,11,5,60.772020906430384,28.657277177115255,32.11474372931513,112.06488156858423,True
QDM,HOT_DRY,Rx1day,CESM2,grid_92e164725cf75def,LA_NINA,11,5,103.01084268188592,39.89486016818428,63.11598251370164,158.2057995632128,True
QDM,HOT_DRY,Rx1day,CanESM5,grid_b9e4c92f2230d843,LA_NINA,5,9,26.114168652931323,63.840278873977695,-37.72611022104637,-59.094526036640055,True
QDM,HOT_DRY,Rx1day,CanESM5,grid_ee53d9b7e1b78404,LA_NINA,5,9,24.00899523892477,46.328470880515624,-22.319475641590856,-48.17658605472723,True
QDM,HOT_DRY,Rx1day,EC-Earth3,grid_54322c8bcd695ea9,LA_NINA,10,11,46.64639496326691,63.2561858674153,-16.60979090414839,-26.25797094210271,True
QDM,HOT_DRY,Rx1day,EC-Earth3,grid_aa9c230c24e29294,LA_NINA,10,11,50.177227682851445,49.88089190895926,0.29633577389218146,0.5940867585789011,True
QDM,HOT_DRY,Rx1day,EC-Earth3,grid_b0bcd3659d8a5c3a,LA_NINA,10,11,49.05248229864383,46.71588104118457,2.3366012574592574,5.001727903620863,True
QDM,HOT_DRY,Rx1day,MIROC6,grid_93ab3a1ad3d3fc3b,LA_NINA,12,5,51.47000961310007,38.09188200108576,13.37812761201431,35.12067902455695,True
QDM,HOT_DRY,Rx1day,MIROC6,grid_da55f68884e350d6,LA_NINA,12,5,63.21773433485155,18.971290804485513,44.24644353036604,233.2284291372759,True
QDM,HOT_DRY,CDD,ACCESS-ESM1-5,grid_21d480dde29ff4ec,EL_NINO,10,12,82.3,49.833333333333336,32.46666666666666,65.1505016722408,True
QDM,HOT_DRY,CDD,ACCESS-ESM1-5,grid_e450cbe008c0e055,EL_NINO,10,12,99.8,58.5,41.3,70.5982905982906,True
QDM,HOT_DRY,CDD,CESM2,grid_366816579f298e84,EL_NINO,14,5,65.71428571428571,42.4,23.31428571428571,54.98652291105121,True
QDM,HOT_DRY,CDD,CESM2,grid_52ecc812ca873fb0,EL_NINO,14,5,98.39285714285714,77.4,20.992857142857133,27.12255444813583,True
QDM,HOT_DRY,CDD,CESM2,grid_92e164725cf75def,EL_NINO,14,5,70.78571428571429,48.6,22.18571428571429,45.6496178718401,True
QDM,HOT_DRY,CDD,CanESM5,grid_b9e4c92f2230d843,EL_NINO,6,9,67.91666666666667,46.72222222222222,21.19444444444445,45.3626634958383,True
QDM,HOT_DRY,CDD,CanESM5,grid_ee53d9b7e1b78404,EL_NINO,6,9,105.41666666666667,80.77777777777777,24.6388888888889,30.502063273727664,True
QDM,HOT_DRY,CDD,EC-Earth3,grid_54322c8bcd695ea9,EL_NINO,9,11,57.666666666666664,32.36363636363637,25.303030303030297,78.18352059925091,True
QDM,HOT_DRY,CDD,EC-Earth3,grid_aa9c230c24e29294,EL_NINO,9,11,59.77777777777778,39.09090909090909,20.686868686868685,52.91989664082686,True
QDM,HOT_DRY,CDD,EC-Earth3,grid_b0bcd3659d8a5c3a,EL_NINO,9,11,90.88888888888889,54.77272727272727,36.11616161616161,65.9382203780544,True
QDM,HOT_DRY,CDD,MIROC6,grid_93ab3a1ad3d3fc3b,EL_NINO,11,5,64.72727272727273,47.2,17.52727272727273,37.13405238828968,True
QDM,HOT_DRY,CDD,MIROC6,grid_da55f68884e350d6,EL_NINO,11,5,45.90909090909091,47.0,-1.0909090909090935,-2.3210831721470075,True
QDM,HOT_DRY,CDD,ACCESS-ESM1-5,grid_21d480dde29ff4ec,LA_NINA,8,12,44.125,49.833333333333336,-5.708333333333336,-11.454849498327764,True
QDM,HOT_DRY,CDD,ACCESS-ESM1-5,grid_e450cbe008c0e055,LA_NINA,8,12,59.25,58.5,0.75,1.2820512820512822,True
QDM,HOT_DRY,CDD,CESM2,grid_366816579f298e84,LA_NINA,11,5,42.90909090909091,42.4,0.5090909090909079,1.200686106346481,True
QDM,HOT_DRY,CDD,CESM2,grid_52ecc812ca873fb0,LA_NINA,11,5,69.72727272727273,77.4,-7.672727272727272,-9.913084331688982,True
QDM,HOT_DRY,CDD,CESM2,grid_92e164725cf75def,LA_NINA,11,5,42.36363636363637,48.6,-6.2363636363636346,-12.83202394313505,True
QDM,HOT_DRY,CDD,CanESM5,grid_b9e4c92f2230d843,LA_NINA,5,9,37.3,46.72222222222222,-9.422222222222224,-20.16646848989299,True
QDM,HOT_DRY,CDD,CanESM5,grid_ee53d9b7e1b78404,LA_NINA,5,9,76.3,80.77777777777777,-4.477777777777774,-5.543328748280602,True
QDM,HOT_DRY,CDD,EC-Earth3,grid_54322c8bcd695ea9,LA_NINA,10,11,48.7,32.36363636363637,16.336363636363636,50.477528089887635,True
QDM,HOT_DRY,CDD,EC-Earth3,grid_aa9c230c24e29294,LA_NINA,10,11,44.4,39.09090909090909,5.309090909090905,13.5813953488372,True
QDM,HOT_DRY,CDD,EC-Earth3,grid_b0bcd3659d8a5c3a,LA_NINA,10,11,81.5,54.77272727272727,26.727272727272727,48.79668049792531,True
QDM,HOT_DRY,CDD,MIROC6,grid_93ab3a1ad3d3fc3b,LA_NINA,12,5,44.166666666666664,47.2,-3.0333333333333385,-6.426553672316394,True
QDM,HOT_DRY,CDD,MIROC6,grid_da55f68884e350d6,LA_NINA,12,5,35.583333333333336,47.0,-11.416666666666664,-24.290780141843967,True
QDM,HOT_DRY,Rx5day,ACCESS-ESM1-5,grid_21d480dde29ff4ec,EL_NINO,10,12,51.913628491428085,63.91290262245136,-11.999274131023277,-18.77441586702114,True
QDM,HOT_DRY,Rx5day,ACCESS-ESM1-5,grid_e450cbe008c0e055,EL_NINO,10,12,79.2237227382982,81.2492453901185,-2.025522651820296,-2.4929741095991016,True
QDM,HOT_DRY,Rx5day,CESM2,grid_366816579f298e84,EL_NINO,14,5,68.66888499427468,52.858443545098794,15.810441449175883,29.910909948921258,True
QDM,HOT_DRY,Rx5day,CESM2,grid_52ecc812ca873fb0,EL_NINO,14,5,72.91210189082574,54.04618334873203,18.86591854209371,34.90703204768727,True
QDM,HOT_DRY,Rx5day,CESM2,grid_92e164725cf75def,EL_NINO,14,5,61.59273033181741,75.1426877040805,-13.549957372263094,-18.03230332354386,True
QDM,HOT_DRY,Rx5day,CanESM5,grid_b9e4c92f2230d843,EL_NINO,6,9,114.61379153024781,130.49322982174374,-15.87943829149593,-12.168783248899233,True
QDM,HOT_DRY,Rx5day,CanESM5,grid_ee53d9b7e1b78404,EL_NINO,6,9,315.9894700392943,69.63982594429255,246.34964409500174,353.74821914699476,True
QDM,HOT_DRY,Rx5day,EC-Earth3,grid_54322c8bcd695ea9,EL_NINO,9,11,58.98490191079097,98.82502360932327,-39.8401216985323,-40.31379932275952,True
QDM,HOT_DRY,Rx5day,EC-Earth3,grid_aa9c230c24e29294,EL_NINO,9,11,59.84014190327255,73.91388084793802,-14.073738944665465,-19.0407252104908,True
QDM,HOT_DRY,Rx5day,EC-Earth3,grid_b0bcd3659d8a5c3a,EL_NINO,9,11,54.82768845444276,80.99727478893425,-26.16958633449149,-32.30921830726427,True
QDM,HOT_DRY,Rx5day,MIROC6,grid_93ab3a1ad3d3fc3b,EL_NINO,11,5,79.67918886757569,67.12199057704102,12.557198290534672,18.708024274282835,True
QDM,HOT_DRY,Rx5day,MIROC6,grid_da55f68884e350d6,EL_NINO,11,5,84.64288261483573,39.55339238252063,45.0894902323151,113.9965184180788,True
QDM,HOT_DRY,Rx5day,ACCESS-ESM1-5,grid_21d480dde29ff4ec,LA_NINA,8,12,180.38983317789652,63.91290262245136,116.47693055544516,182.2432181550288,True
QDM,HOT_DRY,Rx5day,ACCESS-ESM1-5,grid_e450cbe008c0e055,LA_NINA,8,12,103.10920407058093,81.2492453901185,21.859958680462427,26.90481440843145,True
QDM,HOT_DRY,Rx5day,CESM2,grid_366816579f298e84,LA_NINA,11,5,120.09782054457128,52.858443545098794,67.23937699947248,127.20650191317851,True
QDM,HOT_DRY,Rx5day,CESM2,grid_52ecc812ca873fb0,LA_NINA,11,5,109.01577311059287,54.04618334873203,54.969589761860846,101.70855064301313,True
QDM,HOT_DRY,Rx5day,CESM2,grid_92e164725cf75def,LA_NINA,11,5,239.65417538125632,75.1426877040805,164.5114876771758,218.93213126078038,True
QDM,HOT_DRY,Rx5day,CanESM5,grid_b9e4c92f2230d843,LA_NINA,5,9,46.68115865243272,130.49322982174374,-83.81207116931103,-64.22714134963164,True
QDM,HOT_DRY,Rx5day,CanESM5,grid_ee53d9b7e1b78404,LA_NINA,5,9,36.07540072009758,69.63982594429255,-33.56442522419497,-48.19716989391154,True
QDM,HOT_DRY,Rx5day,EC-Earth3,grid_54322c8bcd695ea9,LA_NINA,10,11,73.26071850778592,98.82502360932327,-25.564305101537343,-25.86825094279621,True
QDM,HOT_DRY,Rx5day,EC-Earth3,grid_aa9c230c24e29294,LA_NINA,10,11,87.08383643246172,73.91388084793802,13.169955584523706,17.817973340647704,True
QDM,HOT_DRY,Rx5day,EC-Earth3,grid_b0bcd3659d8a5c3a,LA_NINA,10,11,77.645125845149,80.99727478893425,-3.3521489437852523,-4.138594727440409,True
QDM,HOT_DRY,Rx5day,MIROC6,grid_93ab3a1ad3d3fc3b,LA_NINA,12,5,94.4631625088838,67.12199057704102,27.34117193184278,40.73355348492122,True
QDM,HOT_DRY,Rx5day,MIROC6,grid_da55f68884e350d6,LA_NINA,12,5,143.2149101889812,39.55339238252063,103.66151780646058,262.07996726033167,True
QDM,HOT_DRY,CWD,ACCESS-ESM1-5,grid_21d480dde29ff4ec,EL_NINO,10,12,4.8,5.833333333333333,-1.0333333333333332,-17.71428571428571,True
QDM,HOT_DRY,CWD,ACCESS-ESM1-5,grid_e450cbe008c0e055,EL_NINO,10,12,3.7,4.833333333333333,-1.1333333333333329,-23.448275862068957,True
QDM,HOT_DRY,CWD,CESM2,grid_366816579f298e84,EL_NINO,14,5,5.928571428571429,5.6,0.3285714285714292,5.867346938775522,True
QDM,HOT_DRY,CWD,CESM2,grid_52ecc812ca873fb0,EL_NINO,14,5,3.7857142857142856,4.2,-0.4142857142857146,-9.863945578231299,True
QDM,HOT_DRY,CWD,CESM2,grid_92e164725cf75def,EL_NINO,14,5,4.785714285714286,5.2,-0.4142857142857146,-7.9670329670329725,True
QDM,HOT_DRY,CWD,CanESM5,grid_b9e4c92f2230d843,EL_NINO,6,9,6.166666666666667,6.222222222222222,-0.05555555555555536,-0.8928571428571397,True
QDM,HOT_DRY,CWD,CanESM5,grid_ee53d9b7e1b78404,EL_NINO,6,9,3.25,4.666666666666667,-1.416666666666667,-30.357142857142858,True
QDM,HOT_DRY,CWD,EC-Earth3,grid_54322c8bcd695ea9,EL_NINO,9,11,6.333333333333333,6.818181818181818,-0.4848484848484853,-7.111111111111117,True
QDM,HOT_DRY,CWD,EC-Earth3,grid_aa9c230c24e29294,EL_NINO,9,11,5.333333333333333,6.0,-0.666666666666667,-11.111111111111116,True
QDM,HOT_DRY,CWD,EC-Earth3,grid_b0bcd3659d8a5c3a,EL_NINO,9,11,3.4444444444444446,4.7727272727272725,-1.3282828282828278,-27.830687830687825,True
QDM,HOT_DRY,CWD,MIROC6,grid_93ab3a1ad3d3fc3b,EL_NINO,11,5,3.4545454545454546,4.6,-1.145454545454545,-24.90118577075098,True
QDM,HOT_DRY,CWD,MIROC6,grid_da55f68884e350d6,EL_NINO,11,5,4.545454545454546,6.2,-1.6545454545454543,-26.68621700879765,True
QDM,HOT_DRY,CWD,ACCESS-ESM1-5,grid_21d480dde29ff4ec,LA_NINA,8,12,7.875,5.833333333333333,2.041666666666667,35.00000000000001,True
QDM,HOT_DRY,CWD,ACCESS-ESM1-5,grid_e450cbe008c0e055,LA_NINA,8,12,5.25,4.833333333333333,0.41666666666666696,8.620689655172422,True
QDM,HOT_DRY,CWD,CESM2,grid_366816579f298e84,LA_NINA,11,5,10.727272727272727,5.6,5.127272727272727,91.55844155844157,True
QDM,HOT_DRY,CWD,CESM2,grid_52ecc812ca873fb0,LA_NINA,11,5,6.2272727272727275,4.2,2.0272727272727273,48.26839826839827,True
QDM,HOT_DRY,CWD,CESM2,grid_92e164725cf75def,LA_NINA,11,5,9.545454545454545,5.2,4.345454545454545,83.56643356643356,True
QDM,HOT_DRY,CWD,CanESM5,grid_b9e4c92f2230d843,LA_NINA,5,9,6.2,6.222222222222222,-0.022222222222222143,-0.3571428571428559,True
QDM,HOT_DRY,CWD,CanESM5,grid_ee53d9b7e1b78404,LA_NINA,5,9,3.4,4.666666666666667,-1.266666666666667,-27.14285714285715,True
QDM,HOT_DRY,CWD,EC-Earth3,grid_54322c8bcd695ea9,LA_NINA,10,11,5.7,6.818181818181818,-1.1181818181818182,-16.4,True
QDM,HOT_DRY,CWD,EC-Earth3,grid_aa9c230c24e29294,LA_NINA,10,11,5.4,6.0,-0.5999999999999996,-9.999999999999995,True
QDM,HOT_DRY,CWD,EC-Earth3,grid_b0bcd3659d8a5c3a,LA_NINA,10,11,4.0,4.7727272727272725,-0.7727272727272725,-16.190476190476186,True
QDM,HOT_DRY,CWD,MIROC6,grid_93ab3a1ad3d3fc3b,LA_NINA,12,5,6.25,4.6,1.6500000000000004,35.86956521739131,True
QDM,HOT_DRY,CWD,MIROC6,grid_da55f68884e350d6,LA_NINA,12,5,6.75,6.2,0.5499999999999998,8.870967741935482,True
QDM,HOT_DRY,R10mm,ACCESS-ESM1-5,grid_21d480dde29ff4ec,EL_NINO,10,12,3.9,5.333333333333333,-1.4333333333333331,-26.874999999999996,True
QDM,HOT_DRY,R10mm,ACCESS-ESM1-5,grid_e450cbe008c0e055,EL_NINO,10,12,3.9,6.333333333333333,-2.433333333333333,-38.421052631578945,True
QDM,HOT_DRY,R10mm,CESM2,grid_366816579f298e84,EL_NINO,14,5,3.357142857142857,5.2,-1.842857142857143,-35.439560439560445,True
QDM,HOT_DRY,R10mm,CESM2,grid_52ecc812ca873fb0,EL_NINO,14,5,3.607142857142857,3.7,-0.09285714285714297,-2.5096525096525126,True
QDM,HOT_DRY,R10mm,CESM2,grid_92e164725cf75def,EL_NINO,14,5,3.7142857142857144,6.2,-2.4857142857142858,-40.09216589861751,True
QDM,HOT_DRY,R10mm,CanESM5,grid_b9e4c92f2230d843,EL_NINO,6,9,5.416666666666667,7.0,-1.583333333333333,-22.619047619047617,True
QDM,HOT_DRY,R10mm,CanESM5,grid_ee53d9b7e1b78404,EL_NINO,6,9,5.416666666666667,5.611111111111111,-0.19444444444444375,-3.4653465346534533,True
QDM,HOT_DRY,R10mm,EC-Earth3,grid_54322c8bcd695ea9,EL_NINO,9,11,5.0,7.636363636363637,-2.6363636363636367,-34.523809523809526,True
QDM,HOT_DRY,R10mm,EC-Earth3,grid_aa9c230c24e29294,EL_NINO,9,11,5.111111111111111,8.090909090909092,-2.979797979797981,-36.82896379525594,True
QDM,HOT_DRY,R10mm,EC-Earth3,grid_b0bcd3659d8a5c3a,EL_NINO,9,11,3.8333333333333335,6.5,-2.6666666666666665,-41.02564102564102,True
QDM,HOT_DRY,R10mm,MIROC6,grid_93ab3a1ad3d3fc3b,EL_NINO,11,5,3.909090909090909,5.2,-1.290909090909091,-24.825174825174823,True
QDM,HOT_DRY,R10mm,MIROC6,grid_da55f68884e350d6,EL_NINO,11,5,5.0,4.6,0.40000000000000036,8.695652173913052,True
QDM,HOT_DRY,R10mm,ACCESS-ESM1-5,grid_21d480dde29ff4ec,LA_NINA,8,12,11.0,5.333333333333333,5.666666666666667,106.25000000000001,True
QDM,HOT_DRY,R10mm,ACCESS-ESM1-5,grid_e450cbe008c0e055,LA_NINA,8,12,7.875,6.333333333333333,1.541666666666667,24.342105263157897,True
QDM,HOT_DRY,R10mm,CESM2,grid_366816579f298e84,LA_NINA,11,5,9.636363636363637,5.2,4.4363636363636365,85.3146853146853,True
QDM,HOT_DRY,R10mm,CESM2,grid_52ecc812ca873fb0,LA_NINA,11,5,8.227272727272727,3.7,4.5272727272727264,122.35872235872233,True
QDM,HOT_DRY,R10mm,CESM2,grid_92e164725cf75def,LA_NINA,11,5,12.090909090909092,6.2,5.8909090909090915,95.01466275659824,True
QDM,HOT_DRY,R10mm,CanESM5,grid_b9e4c92f2230d843,LA_NINA,5,9,5.0,7.0,-2.0,-28.571428571428573,True
QDM,HOT_DRY,R10mm,CanESM5,grid_ee53d9b7e1b78404,LA_NINA,5,9,4.3,5.611111111111111,-1.311111111111111,-23.366336633663362,True
QDM,HOT_DRY,R10mm,EC-Earth3,grid_54322c8bcd695ea9,LA_NINA,10,11,5.7,7.636363636363637,-1.9363636363636365,-25.357142857142858,True
QDM,HOT_DRY,R10mm,EC-Earth3,grid_aa9c230c24e29294,LA_NINA,10,11,6.6,8.090909090909092,-1.490909090909092,-18.426966292134843,True
QDM,HOT_DRY,R10mm,EC-Earth3,grid_b0bcd3659d8a5c3a,LA_NINA,10,11,4.9,6.5,-1.5999999999999996,-24.61538461538461,True
QDM,HOT_DRY,R10mm,MIROC6,grid_93ab3a1ad3d3fc3b,LA_NINA,12,5,7.583333333333333,5.2,2.383333333333333,45.83333333333332,True
QDM,HOT_DRY,R10mm,MIROC6,grid_da55f68884e350d6,LA_NINA,12,5,8.833333333333334,4.6,4.233333333333334,92.0289855072464,True
QDM,HOT_DRY,R20mm,ACCESS-ESM1-5,grid_21d480dde29ff4ec,EL_NINO,10,12,1.6,2.5833333333333335,-0.9833333333333334,-38.064516129032256,True
QDM,HOT_DRY,R20mm,ACCESS-ESM1-5,grid_e450cbe008c0e055,EL_NINO,10,12,1.5,2.75,-1.25,-45.45454545454545,True
QDM,HOT_DRY,R20mm,CESM2,grid_366816579f298e84,EL_NINO,14,5,0.8571428571428571,1.6,-0.742857142857143,-46.42857142857144,True
QDM,HOT_DRY,R20mm,CESM2,grid_52ecc812ca873fb0,EL_NINO,14,5,1.5714285714285714,1.4,0.17142857142857149,12.244897959183678,True
QDM,HOT_DRY,R20mm,CESM2,grid_92e164725cf75def,EL_NINO,14,5,1.3571428571428572,1.6,-0.24285714285714288,-15.178571428571429,True
QDM,HOT_DRY,R20mm,CanESM5,grid_b9e4c92f2230d843,EL_NINO,6,9,2.6666666666666665,3.3333333333333335,-0.666666666666667,-20.00000000000001,True
QDM,HOT_DRY,R20mm,CanESM5,grid_ee53d9b7e1b78404,EL_NINO,6,9,2.8333333333333335,2.3333333333333335,0.5,21.428571428571427,True
QDM,HOT_DRY,R20mm,EC-Earth3,grid_54322c8bcd695ea9,EL_NINO,9,11,2.111111111111111,3.3636363636363638,-1.2525252525252526,-37.23723723723724,True
QDM,HOT_DRY,R20mm,EC-Earth3,grid_aa9c230c24e29294,EL_NINO,9,11,2.111111111111111,3.1818181818181817,-1.0707070707070705,-33.650793650793645,True
QDM,HOT_DRY,R20mm,EC-Earth3,grid_b0bcd3659d8a5c3a,EL_NINO,9,11,1.9444444444444444,2.9545454545454546,-1.0101010101010102,-34.18803418803419,True
QDM,HOT_DRY,R20mm,MIROC6,grid_93ab3a1ad3d3fc3b,EL_NINO,11,5,2.1818181818181817,2.4,-0.21818181818181825,-9.090909090909095,True
QDM,HOT_DRY,R20mm,MIROC6,grid_da55f68884e350d6,EL_NINO,11,5,2.4545454545454546,0.4,2.0545454545454547,513.6363636363636,True
QDM,HOT_DRY,R20mm,ACCESS-ESM1-5,grid_21d480dde29ff4ec,LA_NINA,8,12,5.5,2.5833333333333335,2.9166666666666665,112.90322580645159,True
QDM,HOT_DRY,R20mm,ACCESS-ESM1-5,grid_e450cbe008c0e055,LA_NINA,8,12,3.5,2.75,0.75,27.272727272727273,True
QDM,HOT_DRY,R20mm,CESM2,grid_366816579f298e84,LA_NINA,11,5,4.363636363636363,1.6,2.7636363636363632,172.7272727272727,True
QDM,HOT_DRY,R20mm,CESM2,grid_52ecc812ca873fb0,LA_NINA,11,5,4.2272727272727275,1.4,2.8272727272727276,201.94805194805198,True
QDM,HOT_DRY,R20mm,CESM2,grid_92e164725cf75def,LA_NINA,11,5,5.363636363636363,1.6,3.7636363636363632,235.2272727272727,True
QDM,HOT_DRY,R20mm,CanESM5,grid_b9e4c92f2230d843,LA_NINA,5,9,1.5,3.3333333333333335,-1.8333333333333335,-55.0,True
QDM,HOT_DRY,R20mm,CanESM5,grid_ee53d9b7e1b78404,LA_NINA,5,9,1.1,2.3333333333333335,-1.2333333333333334,-52.85714285714286,True
QDM,HOT_DRY,R20mm,EC-Earth3,grid_54322c8bcd695ea9,LA_NINA,10,11,2.2,3.3636363636363638,-1.1636363636363636,-34.59459459459459,True
QDM,HOT_DRY,R20mm,EC-Earth3,grid_aa9c230c24e29294,LA_NINA,10,11,3.0,3.1818181818181817,-0.18181818181818166,-5.714285714285709,True
QDM,HOT_DRY,R20mm,EC-Earth3,grid_b0bcd3659d8a5c3a,LA_NINA,10,11,2.5,2.9545454545454546,-0.4545454545454546,-15.384615384615387,True
QDM,HOT_DRY,R20mm,MIROC6,grid_93ab3a1ad3d3fc3b,LA_NINA,12,5,3.0833333333333335,2.4,0.6833333333333336,28.472222222222232,True
QDM,HOT_DRY,R20mm,MIROC6,grid_da55f68884e350d6,LA_NINA,12,5,3.4166666666666665,0.4,3.0166666666666666,754.1666666666666,True
