model,season_type,ENSO_phase,station,index,mag_err_raw,mag_err_qdm,delta_mag_err
ACCESS-ESM1-5,HOT_DRY,EL_NINO,351001,CDD,36.16,42.29,6.13
CanESM5,HOT_DRY,EL_NINO,351001,CDD,42.46,11.28,-31.18
CESM2,HOT_DRY,EL_NINO,351001,CDD,58.29,88.25,29.96
EC-Earth3,HOT_DRY,EL_NINO,351001,CDD,76.35,66.53,-9.82
FGOALS-g3,HOT_DRY,EL_NINO,351001,CDD,25.89,15.48,-10.41
MIROC6,HOT_DRY,EL_NINO,351001,CDD,24.9,73.85,48.95
MRI-ESM2-0,HOT_DRY,EL_NINO,351001,CDD,37.0,22.5,-14.5
ACCESS-ESM1-5,HOT_DRY,EL_NINO,351001,CWD,7.5,21.43,13.93
CanESM5,HOT_DRY,EL_NINO,351001,CWD,1.55,30.77,29.22
CESM2,HOT_DRY,EL_NINO,351001,CWD,46.39,64.71,18.32
EC-Earth3,HOT_DRY,EL_NINO,351001,CWD,11.54,18.75,7.21
FGOALS-g3,HOT_DRY,EL_NINO,351001,CWD,41.07,50.0,8.93
MIROC6,HOT_DRY,EL_NINO,351001,CWD,82.41,60.42,-21.99
MRI-ESM2-0,HOT_DRY,EL_NINO,351001,CWD,40.91,16.67,-24.24
ACCESS-ESM1-5,HOT_DRY,EL_NINO,351001,PRCPTOT,13.01,44.57,31.56
CanESM5,HOT_DRY,EL_NINO,351001,PRCPTOT,5.22,65.28,60.06
CESM2,HOT_DRY,EL_NINO,351001,PRCPTOT,44.76,313.49,268.73
EC-Earth3,HOT_DRY,EL_NINO,351001,PRCPTOT,27.92,75.55,47.63
FGOALS-g3,HOT_DRY,EL_NINO,351001,PRCPTOT,14.0,48.94,34.94
MIROC6,HOT_DRY,EL_NINO,351001,PRCPTOT,98.82,32.72,-66.1
MRI-ESM2-0,HOT_DRY,EL_NINO,351001,PRCPTOT,10.18,56.56,46.38
ACCESS-ESM1-5,HOT_DRY,EL_NINO,351001,R20mm,91.67,53.21,-38.46
CanESM5,HOT_DRY,EL_NINO,351001,R20mm,33.33,120.83,87.5
CESM2,HOT_DRY,EL_NINO,351001,R20mm,220.83,433.33,212.5
EC-Earth3,HOT_DRY,EL_NINO,351001,R20mm,95.83,100.64,4.81
FGOALS-g3,HOT_DRY,EL_NINO,351001,R20mm,29.17,21.97,-7.2
MIROC6,HOT_DRY,EL_NINO,351001,R20mm,502.08,33.33,-468.75
MRI-ESM2-0,HOT_DRY,EL_NINO,351001,R20mm,91.67,33.33,-58.34
ACCESS-ESM1-5,HOT_DRY,EL_NINO,351001,R50mm,66.67,166.67,100.0
CanESM5,HOT_DRY,EL_NINO,351001,R50mm,66.67,83.34,16.67
CESM2,HOT_DRY,EL_NINO,351001,R50mm,66.67,145.83,79.16
EC-Earth3,HOT_DRY,EL_NINO,351001,R50mm,66.67,41.67,-25.0
FGOALS-g3,HOT_DRY,EL_NINO,351001,R50mm,166.67,41.67,-125.0
MIROC6,HOT_DRY,EL_NINO,351001,R50mm,66.67,125.0,58.33
MRI-ESM2-0,HOT_DRY,EL_NINO,351001,R50mm,66.67,66.67,0.0
ACCESS-ESM1-5,HOT_DRY,EL_NINO,351001,R95p,14.32,99.84,85.52
CanESM5,HOT_DRY,EL_NINO,351001,R95p,14.32,0.51,-13.81
CESM2,HOT_DRY,EL_NINO,351001,R95p,14.32,498.65,484.33
EC-Earth3,HOT_DRY,EL_NINO,351001,R95p,14.32,16.88,2.56
FGOALS-g3,HOT_DRY,EL_NINO,351001,R95p,64.88,109.12,44.24
MIROC6,HOT_DRY,EL_NINO,351001,R95p,14.32,57.16,42.84
MRI-ESM2-0,HOT_DRY,EL_NINO,351001,R95p,14.32,483.94,469.62
ACCESS-ESM1-5,HOT_DRY,EL_NINO,351001,R99p,35.28,64.72,29.44
CanESM5,HOT_DRY,EL_NINO,351001,R99p,35.28,116.73,81.45
CESM2,HOT_DRY,EL_NINO,351001,R99p,35.28,35.28,0.0
EC-Earth3,HOT_DRY,EL_NINO,351001,R99p,35.28,34.89,-0.39
FGOALS-g3,HOT_DRY,EL_NINO,351001,R99p,35.28,210.16,174.88
MIROC6,HOT_DRY,EL_NINO,351001,R99p,35.28,64.72,29.44
MRI-ESM2-0,HOT_DRY,EL_NINO,351001,R99p,35.28,35.28,0.0
ACCESS-ESM1-5,HOT_DRY,EL_NINO,351001,Rx1day,50.31,40.25,-10.06
CanESM5,HOT_DRY,EL_NINO,351001,Rx1day,19.35,44.38,25.03
CESM2,HOT_DRY,EL_NINO,351001,Rx1day,19.15,192.45,173.3
EC-Earth3,HOT_DRY,EL_NINO,351001,Rx1day,40.09,19.06,-21.03
FGOALS-g3,HOT_DRY,EL_NINO,351001,Rx1day,2.5,44.65,42.15
MIROC6,HOT_DRY,EL_NINO,351001,Rx1day,119.23,27.62,-91.61
MRI-ESM2-0,HOT_DRY,EL_NINO,351001,Rx1day,16.78,94.18,77.4
ACCESS-ESM1-5,HOT_DRY,EL_NINO,351001,Rx5day,67.51,71.49,3.98
CanESM5,HOT_DRY,EL_NINO,351001,Rx5day,37.95,65.05,27.1
CESM2,HOT_DRY,EL_NINO,351001,Rx5day,14.1,155.94,141.84
EC-Earth3,HOT_DRY,EL_NINO,351001,Rx5day,2.32,28.9,26.58
FGOALS-g3,HOT_DRY,EL_NINO,351001,Rx5day,18.4,32.93,14.53
MIROC6,HOT_DRY,EL_NINO,351001,Rx5day,100.7,23.78,-76.92
MRI-ESM2-0,HOT_DRY,EL_NINO,351001,Rx5day,33.75,38.98,5.23
ACCESS-ESM1-5,HOT_DRY,EL_NINO,351001,SDII,125.96,133.41,7.45
CanESM5,HOT_DRY,EL_NINO,351001,SDII,138.22,78.04,-60.18
CESM2,HOT_DRY,EL_NINO,351001,SDII,101.14,66.25,-34.89
EC-Earth3,HOT_DRY,EL_NINO,351001,SDII,103.3,111.98,8.68
FGOALS-g3,HOT_DRY,EL_NINO,351001,SDII,138.39,87.14,-51.25
MIROC6,HOT_DRY,EL_NINO,351001,SDII,57.84,142.05,84.21
MRI-ESM2-0,HOT_DRY,EL_NINO,351001,SDII,128.18,52.24,-75.94
ACCESS-ESM1-5,HOT_DRY,EL_NINO,351001,wet_day_freq,12.15,13.01,0.86
CanESM5,HOT_DRY,EL_NINO,351001,wet_day_freq,32.64,50.04,17.4
CESM2,HOT_DRY,EL_NINO,351001,wet_day_freq,44.91,149.56,104.65
EC-Earth3,HOT_DRY,EL_NINO,351001,wet_day_freq,35.89,78.16,42.27
FGOALS-g3,HOT_DRY,EL_NINO,351001,wet_day_freq,46.46,39.65,-6.81
MIROC6,HOT_DRY,EL_NINO,351001,wet_day_freq,49.23,90.59,41.36
MRI-ESM2-0,HOT_DRY,EL_NINO,351001,wet_day_freq,40.85,27.78,-13.07
ACCESS-ESM1-5,HOT_DRY,EL_NINO,351002,CDD,17.09,32.92,15.83
CanESM5,HOT_DRY,EL_NINO,351002,CDD,10.79,46.68,35.89
CESM2,HOT_DRY,EL_NINO,351002,CDD,5.04,27.58,22.54
EC-Earth3,HOT_DRY,EL_NINO,351002,CDD,23.1,6.11,-16.99
FGOALS-g3,HOT_DRY,EL_NINO,351002,CDD,27.36,20.75,-6.61
MIROC6,HOT_DRY,EL_NINO,351002,CDD,28.35,3.37,-24.98
MRI-ESM2-0,HOT_DRY,EL_NINO,351002,CDD,16.25,28.29,12.04
ACCESS-ESM1-5,HOT_DRY,EL_NINO,351002,CWD,24.17,44.05,19.88
CanESM5,HOT_DRY,EL_NINO,351002,CWD,18.22,45.83,27.61
CESM2,HOT_DRY,EL_NINO,351002,CWD,29.72,69.04,39.32
EC-Earth3,HOT_DRY,EL_NINO,351002,CWD,5.13,6.14,1.01
FGOALS-g3,HOT_DRY,EL_NINO,351002,CWD,24.4,20.83,-3.57
MIROC6,HOT_DRY,EL_NINO,351002,CWD,65.74,43.75,-21.99
MRI-ESM2-0,HOT_DRY,EL_NINO,351002,CWD,24.24,4.48,-19.76
ACCESS-ESM1-5,HOT_DRY,EL_NINO,351002,PRCPTOT,38.62,63.41,24.79
CanESM5,HOT_DRY,EL_NINO,351002,PRCPTOT,30.83,76.07,45.24
CESM2,HOT_DRY,EL_NINO,351002,PRCPTOT,19.15,344.09,324.94
EC-Earth3,HOT_DRY,EL_NINO,351002,PRCPTOT,2.31,51.65,49.34
FGOALS-g3,HOT_DRY,EL_NINO,351002,PRCPTOT,11.61,54.07,42.46
MIROC6,HOT_DRY,EL_NINO,351002,PRCPTOT,73.21,13.96,-59.25
MRI-ESM2-0,HOT_DRY,EL_NINO,351002,PRCPTOT,15.43,40.85,25.42
ACCESS-ESM1-5,HOT_DRY,EL_NINO,351002,R20mm,152.78,59.03,-93.75
CanESM5,HOT_DRY,EL_NINO,351002,R20mm,27.78,55.55,27.77
CESM2,HOT_DRY,EL_NINO,351002,R20mm,159.72,1347.22,1187.5
EC-Earth3,HOT_DRY,EL_NINO,351002,R20mm,34.72,12.16,-22.56
FGOALS-g3,HOT_DRY,EL_NINO,351002,R20mm,90.28,34.72,-55.56
MIROC6,HOT_DRY,EL_NINO,351002,R20mm,440.97,81.35,-359.62
MRI-ESM2-0,HOT_DRY,EL_NINO,351002,R20mm,152.78,222.22,69.44
ACCESS-ESM1-5,HOT_DRY,EL_NINO,351002,R50mm,87.5,187.5,100.0
CanESM5,HOT_DRY,EL_NINO,351002,R50mm,87.5,62.5,-25.0
CESM2,HOT_DRY,EL_NINO,351002,R50mm,87.5,87.5,0.0
EC-Earth3,HOT_DRY,EL_NINO,351002,R50mm,87.5,187.5,100.0
FGOALS-g3,HOT_DRY,EL_NINO,351002,R50mm,187.5,62.5,-125.0
MIROC6,HOT_DRY,EL_NINO,351002,R50mm,87.5,187.5,100.0
MRI-ESM2-0,HOT_DRY,EL_NINO,351002,R50mm,87.5,87.5,0.0
ACCESS-ESM1-5,HOT_DRY,EL_NINO,351002,R95p,173.37,273.37,100.0
CanESM5,HOT_DRY,EL_NINO,351002,R95p,173.37,61.61,-111.76
CESM2,HOT_DRY,EL_NINO,351002,R95p,173.37,173.37,0.0
EC-Earth3,HOT_DRY,EL_NINO,351002,R95p,173.37,232.36,58.99
FGOALS-g3,HOT_DRY,EL_NINO,351002,R95p,178.29,63.52,-114.77
MIROC6,HOT_DRY,EL_NINO,351002,R95p,173.37,235.95,62.58
MRI-ESM2-0,HOT_DRY,EL_NINO,351002,R95p,173.37,173.37,0.0
ACCESS-ESM1-5,HOT_DRY,EL_NINO,351002,R99p,229.03,329.03,100.0
CanESM5,HOT_DRY,EL_NINO,351002,R99p,229.03,229.03,0.0
CESM2,HOT_DRY,EL_NINO,351002,R99p,229.03,229.03,0.0
EC-Earth3,HOT_DRY,EL_NINO,351002,R99p,229.03,229.03,0.0
FGOALS-g3,HOT_DRY,EL_NINO,351002,R99p,229.03,229.03,0.0
MIROC6,HOT_DRY,EL_NINO,351002,R99p,229.03,229.03,0.0
MRI-ESM2-0,HOT_DRY,EL_NINO,351002,R99p,229.03,229.03,0.0
ACCESS-ESM1-5,HOT_DRY,EL_NINO,351002,Rx1day,114.89,91.93,-22.96
CanESM5,HOT_DRY,EL_NINO,351002,Rx1day,83.93,22.6,-61.33
CESM2,HOT_DRY,EL_NINO,351002,Rx1day,45.43,217.7,172.27
EC-Earth3,HOT_DRY,EL_NINO,351002,Rx1day,24.49,58.73,34.24
FGOALS-g3,HOT_DRY,EL_NINO,351002,Rx1day,67.08,69.76,2.68
MIROC6,HOT_DRY,EL_NINO,351002,Rx1day,54.65,93.36,38.71
MRI-ESM2-0,HOT_DRY,EL_NINO,351002,Rx1day,81.36,85.14,3.78
ACCESS-ESM1-5,HOT_DRY,EL_NINO,351002,Rx5day,82.07,77.96,-4.11
CanESM5,HOT_DRY,EL_NINO,351002,Rx5day,52.51,46.87,-5.64
CESM2,HOT_DRY,EL_NINO,351002,Rx5day,0.46,220.54,220.08
EC-Earth3,HOT_DRY,EL_NINO,351002,Rx5day,12.24,46.07,33.83
FGOALS-g3,HOT_DRY,EL_NINO,351002,Rx5day,32.96,94.32,61.36
MIROC6,HOT_DRY,EL_NINO,351002,Rx5day,86.14,43.8,-42.34
MRI-ESM2-0,HOT_DRY,EL_NINO,351002,Rx5day,48.31,66.02,17.71
ACCESS-ESM1-5,HOT_DRY,EL_NINO,351002,SDII,68.85,50.02,-18.83
CanESM5,HOT_DRY,EL_NINO,351002,SDII,81.11,2.15,-78.96
CESM2,HOT_DRY,EL_NINO,351002,SDII,44.03,39.0,-5.03
EC-Earth3,HOT_DRY,EL_NINO,351002,SDII,46.19,51.27,5.08
FGOALS-g3,HOT_DRY,EL_NINO,351002,SDII,81.28,18.13,-63.15
MIROC6,HOT_DRY,EL_NINO,351002,SDII,0.73,90.6,89.87
MRI-ESM2-0,HOT_DRY,EL_NINO,351002,SDII,71.07,31.88,-39.19
ACCESS-ESM1-5,HOT_DRY,EL_NINO,351002,wet_day_freq,5.7,27.4,21.7
CanESM5,HOT_DRY,EL_NINO,351002,wet_day_freq,26.19,50.68,24.49
CESM2,HOT_DRY,EL_NINO,351002,wet_day_freq,38.46,148.76,110.3
EC-Earth3,HOT_DRY,EL_NINO,351002,wet_day_freq,29.44,77.6,48.16
FGOALS-g3,HOT_DRY,EL_NINO,351002,wet_day_freq,40.01,26.81,-13.2
MIROC6,HOT_DRY,EL_NINO,351002,wet_day_freq,42.78,60.19,17.41
MRI-ESM2-0,HOT_DRY,EL_NINO,351002,wet_day_freq,34.4,20.2,-14.2
ACCESS-ESM1-5,HOT_DRY,EL_NINO,351003,CDD,1.04,2.31,1.27
CanESM5,HOT_DRY,EL_NINO,351003,CDD,17.86,37.64,19.78
CESM2,HOT_DRY,EL_NINO,351003,CDD,10.57,15.58,5.01
EC-Earth3,HOT_DRY,EL_NINO,351003,CDD,6.62,12.91,6.29
FGOALS-g3,HOT_DRY,EL_NINO,351003,CDD,34.43,45.15,10.72
MIROC6,HOT_DRY,EL_NINO,351003,CDD,1.33,13.09,11.76
MRI-ESM2-0,HOT_DRY,EL_NINO,351003,CDD,23.32,38.3,14.98
ACCESS-ESM1-5,HOT_DRY,EL_NINO,351003,CWD,26.21,17.71,-8.5
CanESM5,HOT_DRY,EL_NINO,351003,CWD,33.87,142.24,108.37
CESM2,HOT_DRY,EL_NINO,351003,CWD,79.47,132.29,52.82
EC-Earth3,HOT_DRY,EL_NINO,351003,CWD,41.94,65.68,23.74
FGOALS-g3,HOT_DRY,EL_NINO,351003,CWD,76.49,97.92,21.43
MIROC6,HOT_DRY,EL_NINO,351003,CWD,89.21,67.56,-21.65
MRI-ESM2-0,HOT_DRY,EL_NINO,351003,CWD,76.33,58.63,-17.7
ACCESS-ESM1-5,HOT_DRY,EL_NINO,351003,PRCPTOT,0.55,22.8,22.25
CanESM5,HOT_DRY,EL_NINO,351003,PRCPTOT,0.71,67.12,66.41
CESM2,HOT_DRY,EL_NINO,351003,PRCPTOT,51.34,282.54,231.2
EC-Earth3,HOT_DRY,EL_NINO,351003,PRCPTOT,33.03,91.95,58.92
FGOALS-g3,HOT_DRY,EL_NINO,351003,PRCPTOT,19.93,65.59,45.66
MIROC6,HOT_DRY,EL_NINO,351003,PRCPTOT,80.84,58.36,-22.48
MRI-ESM2-0,HOT_DRY,EL_NINO,351003,PRCPTOT,16.11,33.71,17.6
ACCESS-ESM1-5,HOT_DRY,EL_NINO,351003,R20mm,37.5,29.61,-7.89
CanESM5,HOT_DRY,EL_NINO,351003,R20mm,62.5,110.58,48.08
CESM2,HOT_DRY,EL_NINO,351003,R20mm,250.0,312.5,62.5
EC-Earth3,HOT_DRY,EL_NINO,351003,R20mm,156.25,133.93,-22.32
FGOALS-g3,HOT_DRY,EL_NINO,351003,R20mm,0.0,31.25,31.25
MIROC6,HOT_DRY,EL_NINO,351003,R20mm,133.93,87.5,-46.43
MRI-ESM2-0,HOT_DRY,EL_NINO,351003,R20mm,62.5,25.0,-37.5
ACCESS-ESM1-5,HOT_DRY,EL_NINO,351003,R50mm,25.0,41.67,16.67
CanESM5,HOT_DRY,EL_NINO,351003,R50mm,25.0,62.5,37.5
CESM2,HOT_DRY,EL_NINO,351003,R50mm,25.0,25.0,0.0
EC-Earth3,HOT_DRY,EL_NINO,351003,R50mm,25.0,25.0,0.0
FGOALS-g3,HOT_DRY,EL_NINO,351003,R50mm,125.0,93.75,-31.25
MIROC6,HOT_DRY,EL_NINO,351003,R50mm,25.0,0.0,-25.0
MRI-ESM2-0,HOT_DRY,EL_NINO,351003,R50mm,25.0,62.5,37.5
ACCESS-ESM1-5,HOT_DRY,EL_NINO,351003,R95p,51.56,78.63,27.07
CanESM5,HOT_DRY,EL_NINO,351003,R95p,51.56,4.6,-46.96
CESM2,HOT_DRY,EL_NINO,351003,R95p,51.56,1038.12,986.56
EC-Earth3,HOT_DRY,EL_NINO,351003,R95p,51.56,19.41,-32.15
FGOALS-g3,HOT_DRY,EL_NINO,351003,R95p,56.48,53.62,-2.86
MIROC6,HOT_DRY,EL_NINO,351003,R95p,51.56,14.37,-37.19
MRI-ESM2-0,HOT_DRY,EL_NINO,351003,R95p,51.56,21.06,-30.5
ACCESS-ESM1-5,HOT_DRY,EL_NINO,351003,R99p,100.0,66.0,-34.0
CanESM5,HOT_DRY,EL_NINO,351003,R99p,100.0,66.79,-33.21
CESM2,HOT_DRY,EL_NINO,351003,R99p,100.0,100.0,0.0
EC-Earth3,HOT_DRY,EL_NINO,351003,R99p,100.0,160.58,60.58
FGOALS-g3,HOT_DRY,EL_NINO,351003,R99p,100.0,179.48,79.48
MIROC6,HOT_DRY,EL_NINO,351003,R99p,100.0,140.84,40.84
MRI-ESM2-0,HOT_DRY,EL_NINO,351003,R99p,100.0,100.63,0.63
ACCESS-ESM1-5,HOT_DRY,EL_NINO,351003,Rx1day,0.66,25.07,24.41
CanESM5,HOT_DRY,EL_NINO,351003,Rx1day,3.02,69.89,66.87
CESM2,HOT_DRY,EL_NINO,351003,Rx1day,57.27,266.82,209.55
EC-Earth3,HOT_DRY,EL_NINO,351003,Rx1day,47.0,25.31,-21.69
FGOALS-g3,HOT_DRY,EL_NINO,351003,Rx1day,13.83,89.95,76.12
MIROC6,HOT_DRY,EL_NINO,351003,Rx1day,86.57,32.73,-53.84
MRI-ESM2-0,HOT_DRY,EL_NINO,351003,Rx1day,0.45,56.59,56.14
ACCESS-ESM1-5,HOT_DRY,EL_NINO,351003,Rx5day,25.63,0.08,-25.55
CanESM5,HOT_DRY,EL_NINO,351003,Rx5day,13.08,134.04,120.96
CESM2,HOT_DRY,EL_NINO,351003,Rx5day,87.89,262.76,174.87
EC-Earth3,HOT_DRY,EL_NINO,351003,Rx5day,46.65,44.95,-1.7
FGOALS-g3,HOT_DRY,EL_NINO,351003,Rx5day,32.63,107.08,74.45
MIROC6,HOT_DRY,EL_NINO,351003,Rx5day,117.6,47.4,-70.2
MRI-ESM2-0,HOT_DRY,EL_NINO,351003,Rx5day,17.28,54.8,37.52
ACCESS-ESM1-5,HOT_DRY,EL_NINO,351003,SDII,2.0,4.74,2.74
CanESM5,HOT_DRY,EL_NINO,351003,SDII,18.33,36.4,18.07
CESM2,HOT_DRY,EL_NINO,351003,SDII,22.3,87.69,65.39
EC-Earth3,HOT_DRY,EL_NINO,351003,SDII,13.61,32.59,18.98
FGOALS-g3,HOT_DRY,EL_NINO,351003,SDII,18.5,49.9,31.4
MIROC6,HOT_DRY,EL_NINO,351003,SDII,42.51,7.67,-34.84
MRI-ESM2-0,HOT_DRY,EL_NINO,351003,SDII,8.29,56.28,47.99
ACCESS-ESM1-5,HOT_DRY,EL_NINO,351003,wet_day_freq,10.32,14.49,4.17
CanESM5,HOT_DRY,EL_NINO,351003,wet_day_freq,25.24,49.73,24.49
CESM2,HOT_DRY,EL_NINO,351003,wet_day_freq,35.42,117.49,82.07
EC-Earth3,HOT_DRY,EL_NINO,351003,wet_day_freq,28.95,58.67,29.72
FGOALS-g3,HOT_DRY,EL_NINO,351003,wet_day_freq,39.06,31.14,-7.92
MIROC6,HOT_DRY,EL_NINO,351003,wet_day_freq,38.23,41.43,3.2
MRI-ESM2-0,HOT_DRY,EL_NINO,351003,wet_day_freq,33.45,15.14,-18.31
ACCESS-ESM1-5,HOT_DRY,EL_NINO,351004,CDD,4.31,5.33,1.02
CanESM5,HOT_DRY,EL_NINO,351004,CDD,21.13,46.19,25.06
CESM2,HOT_DRY,EL_NINO,351004,CDD,5.3,8.7,3.4
EC-Earth3,HOT_DRY,EL_NINO,351004,CDD,9.89,15.0,5.11
FGOALS-g3,HOT_DRY,EL_NINO,351004,CDD,37.7,32.38,-5.32
MIROC6,HOT_DRY,EL_NINO,351004,CDD,38.69,20.0,-18.69
MRI-ESM2-0,HOT_DRY,EL_NINO,351004,CDD,26.59,8.94,-17.65
ACCESS-ESM1-5,HOT_DRY,EL_NINO,351004,CWD,0.31,21.73,21.42
CanESM5,HOT_DRY,EL_NINO,351004,CWD,7.97,130.95,122.98
CESM2,HOT_DRY,EL_NINO,351004,CWD,55.91,101.19,45.28
EC-Earth3,HOT_DRY,EL_NINO,351004,CWD,16.04,82.25,66.21
FGOALS-g3,HOT_DRY,EL_NINO,351004,CWD,50.59,101.19,50.6
MIROC6,HOT_DRY,EL_NINO,351004,CWD,91.93,77.38,-14.55
MRI-ESM2-0,HOT_DRY,EL_NINO,351004,CWD,50.43,34.52,-15.91
ACCESS-ESM1-5,HOT_DRY,EL_NINO,351004,PRCPTOT,1.32,22.76,21.44
CanESM5,HOT_DRY,EL_NINO,351004,PRCPTOT,1.16,94.07,92.91
CESM2,HOT_DRY,EL_NINO,351004,PRCPTOT,48.82,430.82,382.0
EC-Earth3,HOT_DRY,EL_NINO,351004,PRCPTOT,31.16,155.61,124.45
FGOALS-g3,HOT_DRY,EL_NINO,351004,PRCPTOT,18.06,56.76,38.7
MIROC6,HOT_DRY,EL_NINO,351004,PRCPTOT,102.88,20.86,-82.02
MRI-ESM2-0,HOT_DRY,EL_NINO,351004,PRCPTOT,14.24,56.75,42.51
ACCESS-ESM1-5,HOT_DRY,EL_NINO,351004,R20mm,10.71,47.62,36.91
CanESM5,HOT_DRY,EL_NINO,351004,R20mm,35.71,160.71,125.0
CESM2,HOT_DRY,EL_NINO,351004,R20mm,223.21,389.88,166.67
EC-Earth3,HOT_DRY,EL_NINO,351004,R20mm,129.46,173.21,43.75
FGOALS-g3,HOT_DRY,EL_NINO,351004,R20mm,26.79,49.6,22.81
MIROC6,HOT_DRY,EL_NINO,351004,R20mm,504.46,7.93,-496.53
MRI-ESM2-0,HOT_DRY,EL_NINO,351004,R20mm,89.29,35.71,-53.58
ACCESS-ESM1-5,HOT_DRY,EL_NINO,351004,R50mm,37.5,20.83,-16.67
CanESM5,HOT_DRY,EL_NINO,351004,R50mm,37.5,37.5,0.0
CESM2,HOT_DRY,EL_NINO,351004,R50mm,37.5,37.5,0.0
EC-Earth3,HOT_DRY,EL_NINO,351004,R50mm,37.5,93.75,56.25
FGOALS-g3,HOT_DRY,EL_NINO,351004,R50mm,62.5,104.17,41.67
MIROC6,HOT_DRY,EL_NINO,351004,R50mm,37.5,20.83,-16.67
MRI-ESM2-0,HOT_DRY,EL_NINO,351004,R50mm,37.5,125.0,87.5
ACCESS-ESM1-5,HOT_DRY,EL_NINO,351004,R95p,50.56,10.33,-40.23
CanESM5,HOT_DRY,EL_NINO,351004,R95p,50.56,111.03,60.47
CESM2,HOT_DRY,EL_NINO,351004,R95p,50.56,864.0,813.44
EC-Earth3,HOT_DRY,EL_NINO,351004,R95p,50.56,145.66,95.1
FGOALS-g3,HOT_DRY,EL_NINO,351004,R95p,0.0,118.85,118.85
MIROC6,HOT_DRY,EL_NINO,351004,R95p,50.56,16.43,-34.13
MRI-ESM2-0,HOT_DRY,EL_NINO,351004,R95p,50.56,166.36,115.8
ACCESS-ESM1-5,HOT_DRY,EL_NINO,351004,R99p,52.01,50.03,-1.98
CanESM5,HOT_DRY,EL_NINO,351004,R99p,52.01,43.99,-8.02
CESM2,HOT_DRY,EL_NINO,351004,R99p,52.01,52.01,0.0
EC-Earth3,HOT_DRY,EL_NINO,351004,R99p,52.01,159.16,107.15
FGOALS-g3,HOT_DRY,EL_NINO,351004,R99p,52.01,232.12,180.11
MIROC6,HOT_DRY,EL_NINO,351004,R99p,52.01,52.01,0.0
MRI-ESM2-0,HOT_DRY,EL_NINO,351004,R99p,52.01,52.01,0.0
ACCESS-ESM1-5,HOT_DRY,EL_NINO,351004,Rx1day,0.91,34.03,33.12
CanESM5,HOT_DRY,EL_NINO,351004,Rx1day,4.59,61.07,56.48
CESM2,HOT_DRY,EL_NINO,351004,Rx1day,33.91,235.4,201.49
EC-Earth3,HOT_DRY,EL_NINO,351004,Rx1day,45.43,60.23,14.8
FGOALS-g3,HOT_DRY,EL_NINO,351004,Rx1day,12.26,58.92,46.66
MIROC6,HOT_DRY,EL_NINO,351004,Rx1day,133.99,3.35,-130.64
MRI-ESM2-0,HOT_DRY,EL_NINO,351004,Rx1day,2.02,67.67,65.65
ACCESS-ESM1-5,HOT_DRY,EL_NINO,351004,Rx5day,17.56,3.89,-13.67
CanESM5,HOT_DRY,EL_NINO,351004,Rx5day,5.01,131.84,126.83
CESM2,HOT_DRY,EL_NINO,351004,Rx5day,57.06,233.77,176.71
EC-Earth3,HOT_DRY,EL_NINO,351004,Rx5day,38.58,62.5,23.92
FGOALS-g3,HOT_DRY,EL_NINO,351004,Rx5day,24.56,75.41,50.85
MIROC6,HOT_DRY,EL_NINO,351004,Rx5day,143.66,12.0,-131.66
MRI-ESM2-0,HOT_DRY,EL_NINO,351004,Rx5day,9.21,68.2,58.99
ACCESS-ESM1-5,HOT_DRY,EL_NINO,351004,SDII,12.98,48.87,35.89
CanESM5,HOT_DRY,EL_NINO,351004,SDII,3.35,57.15,53.8
CESM2,HOT_DRY,EL_NINO,351004,SDII,33.73,74.12,40.39
EC-Earth3,HOT_DRY,EL_NINO,351004,SDII,28.59,62.45,33.86
FGOALS-g3,HOT_DRY,EL_NINO,351004,SDII,3.52,4.08,0.56
MIROC6,HOT_DRY,EL_NINO,351004,SDII,77.03,1.67,-75.36
MRI-ESM2-0,HOT_DRY,EL_NINO,351004,SDII,6.69,95.58,88.89
ACCESS-ESM1-5,HOT_DRY,EL_NINO,351004,wet_day_freq,22.09,55.97,33.88
CanESM5,HOT_DRY,EL_NINO,351004,wet_day_freq,7.17,40.46,33.29
CESM2,HOT_DRY,EL_NINO,351004,wet_day_freq,5.1,166.48,161.38
EC-Earth3,HOT_DRY,EL_NINO,351004,wet_day_freq,3.46,75.57,72.11
FGOALS-g3,HOT_DRY,EL_NINO,351004,wet_day_freq,6.65,12.01,5.36
MIROC6,HOT_DRY,EL_NINO,351004,wet_day_freq,9.42,7.36,-2.06
MRI-ESM2-0,HOT_DRY,EL_NINO,351004,wet_day_freq,1.04,4.97,3.93
ACCESS-ESM1-5,HOT_DRY,EL_NINO,351005,CDD,4.04,32.36,28.32
CanESM5,HOT_DRY,EL_NINO,351005,CDD,2.26,33.94,31.68
CESM2,HOT_DRY,EL_NINO,351005,CDD,18.09,43.94,25.85
EC-Earth3,HOT_DRY,EL_NINO,351005,CDD,9.34,33.29,23.95
FGOALS-g3,HOT_DRY,EL_NINO,351005,CDD,14.31,13.62,-0.69
MIROC6,HOT_DRY,EL_NINO,351005,CDD,15.3,19.44,4.14
MRI-ESM2-0,HOT_DRY,EL_NINO,351005,CDD,3.2,20.48,17.28
ACCESS-ESM1-5,HOT_DRY,EL_NINO,351005,CWD,28.81,16.87,-11.94
CanESM5,HOT_DRY,EL_NINO,351005,CWD,34.76,98.81,64.05
CESM2,HOT_DRY,EL_NINO,351005,CWD,82.7,115.16,32.46
EC-Earth3,HOT_DRY,EL_NINO,351005,CWD,55.75,56.9,1.15
FGOALS-g3,HOT_DRY,EL_NINO,351005,CWD,77.38,86.31,8.93
MIROC6,HOT_DRY,EL_NINO,351005,CWD,118.72,133.18,14.46
MRI-ESM2-0,HOT_DRY,EL_NINO,351005,CWD,77.22,47.85,-29.37
ACCESS-ESM1-5,HOT_DRY,EL_NINO,351005,PRCPTOT,10.27,20.53,10.26
CanESM5,HOT_DRY,EL_NINO,351005,PRCPTOT,18.06,133.66,115.6
CESM2,HOT_DRY,EL_NINO,351005,PRCPTOT,68.04,404.0,335.96
EC-Earth3,HOT_DRY,EL_NINO,351005,PRCPTOT,51.25,101.56,50.31
FGOALS-g3,HOT_DRY,EL_NINO,351005,PRCPTOT,37.28,119.08,81.8
MIROC6,HOT_DRY,EL_NINO,351005,PRCPTOT,122.1,37.74,-84.36
MRI-ESM2-0,HOT_DRY,EL_NINO,351005,PRCPTOT,33.46,106.58,73.12
ACCESS-ESM1-5,HOT_DRY,EL_NINO,351005,R20mm,51.47,2.1,-49.37
CanESM5,HOT_DRY,EL_NINO,351005,R20mm,73.53,261.03,187.5
CESM2,HOT_DRY,EL_NINO,351005,R20mm,261.03,479.78,218.75
EC-Earth3,HOT_DRY,EL_NINO,351005,R20mm,162.82,84.89,-77.93
FGOALS-g3,HOT_DRY,EL_NINO,351005,R20mm,11.03,87.42,76.39
MIROC6,HOT_DRY,EL_NINO,351005,R20mm,542.28,73.53,-468.75
MRI-ESM2-0,HOT_DRY,EL_NINO,351005,R20mm,51.47,115.2,63.73
ACCESS-ESM1-5,HOT_DRY,EL_NINO,351005,R50mm,100.0,0.0,-100.0
CanESM5,HOT_DRY,EL_NINO,351005,R50mm,100.0,187.5,87.5
CESM2,HOT_DRY,EL_NINO,351005,R50mm,100.0,100.0,0.0
EC-Earth3,HOT_DRY,EL_NINO,351005,R50mm,100.0,187.5,87.5
FGOALS-g3,HOT_DRY,EL_NINO,351005,R50mm,0.0,250.0,250.0
MIROC6,HOT_DRY,EL_NINO,351005,R50mm,100.0,41.67,-58.33
MRI-ESM2-0,HOT_DRY,EL_NINO,351005,R50mm,100.0,100.0,0.0
ACCESS-ESM1-5,HOT_DRY,EL_NINO,351005,R95p,56.06,24.29,-31.77
CanESM5,HOT_DRY,EL_NINO,351005,R95p,56.06,163.23,107.17
CESM2,HOT_DRY,EL_NINO,351005,R95p,43.94,1410.23,1366.29
EC-Earth3,HOT_DRY,EL_NINO,351005,R95p,56.06,174.52,118.46
FGOALS-g3,HOT_DRY,EL_NINO,351005,R95p,51.14,244.52,193.38
MIROC6,HOT_DRY,EL_NINO,351005,R95p,56.06,13.03,-43.03
MRI-ESM2-0,HOT_DRY,EL_NINO,351005,R95p,56.06,56.06,0.0
ACCESS-ESM1-5,HOT_DRY,EL_NINO,351005,R99p,0.0,100.0,100.0
CanESM5,HOT_DRY,EL_NINO,351005,R99p,0.0,98.21,98.21
CESM2,HOT_DRY,EL_NINO,351005,R99p,0.0,0.0,0.0
EC-Earth3,HOT_DRY,EL_NINO,351005,R99p,0.0,0.0,0.0
FGOALS-g3,HOT_DRY,EL_NINO,351005,R99p,0.0,0.0,0.0
MIROC6,HOT_DRY,EL_NINO,351005,R99p,0.0,0.0,0.0
MRI-ESM2-0,HOT_DRY,EL_NINO,351005,R99p,0.0,0.0,0.0
ACCESS-ESM1-5,HOT_DRY,EL_NINO,351005,Rx1day,32.74,15.13,-17.61
CanESM5,HOT_DRY,EL_NINO,351005,Rx1day,1.78,72.93,71.15
CESM2,HOT_DRY,EL_NINO,351005,Rx1day,36.72,243.77,207.05
EC-Earth3,HOT_DRY,EL_NINO,351005,Rx1day,30.36,92.37,62.01
FGOALS-g3,HOT_DRY,EL_NINO,351005,Rx1day,15.07,139.65,124.58
MIROC6,HOT_DRY,EL_NINO,351005,Rx1day,136.8,3.31,-133.49
MRI-ESM2-0,HOT_DRY,EL_NINO,351005,Rx1day,0.79,140.49,139.7
ACCESS-ESM1-5,HOT_DRY,EL_NINO,351005,Rx5day,18.35,18.08,-0.27
CanESM5,HOT_DRY,EL_NINO,351005,Rx5day,11.21,122.36,111.15
CESM2,HOT_DRY,EL_NINO,351005,Rx5day,63.26,259.3,196.04
EC-Earth3,HOT_DRY,EL_NINO,351005,Rx5day,49.11,49.72,0.61
FGOALS-g3,HOT_DRY,EL_NINO,351005,Rx5day,30.76,134.48,103.72
MIROC6,HOT_DRY,EL_NINO,351005,Rx5day,149.86,22.17,-127.69
MRI-ESM2-0,HOT_DRY,EL_NINO,351005,Rx5day,15.41,116.54,101.13
ACCESS-ESM1-5,HOT_DRY,EL_NINO,351005,SDII,16.12,26.67,10.55
CanESM5,HOT_DRY,EL_NINO,351005,SDII,28.38,57.21,28.83
CESM2,HOT_DRY,EL_NINO,351005,SDII,8.7,51.54,42.84
EC-Earth3,HOT_DRY,EL_NINO,351005,SDII,0.17,11.63,11.46
FGOALS-g3,HOT_DRY,EL_NINO,351005,SDII,28.55,7.5,-21.05
MIROC6,HOT_DRY,EL_NINO,351005,SDII,52.0,45.07,-6.93
MRI-ESM2-0,HOT_DRY,EL_NINO,351005,SDII,18.34,70.27,51.93
ACCESS-ESM1-5,HOT_DRY,EL_NINO,351005,wet_day_freq,28.51,1.48,-27.03
CanESM5,HOT_DRY,EL_NINO,351005,wet_day_freq,49.0,76.77,27.77
CESM2,HOT_DRY,EL_NINO,351005,wet_day_freq,61.27,207.46,146.19
EC-Earth3,HOT_DRY,EL_NINO,351005,wet_day_freq,56.66,89.42,32.76
FGOALS-g3,HOT_DRY,EL_NINO,351005,wet_day_freq,62.82,69.6,6.78
MIROC6,HOT_DRY,EL_NINO,351005,wet_day_freq,65.59,101.76,36.17
MRI-ESM2-0,HOT_DRY,EL_NINO,351005,wet_day_freq,57.21,42.35,-14.86
ACCESS-ESM1-5,HOT_DRY,EL_NINO,351006,CDD,16.55,11.92,-4.63
CanESM5,HOT_DRY,EL_NINO,351006,CDD,0.27,20.27,20.0
CESM2,HOT_DRY,EL_NINO,351006,CDD,1.38,20.02,18.64
EC-Earth3,HOT_DRY,EL_NINO,351006,CDD,10.97,27.27,16.3
FGOALS-g3,HOT_DRY,EL_NINO,351006,CDD,16.84,14.67,-2.17
MIROC6,HOT_DRY,EL_NINO,351006,CDD,16.26,16.99,0.73
MRI-ESM2-0,HOT_DRY,EL_NINO,351006,CDD,2.0,1.27,-0.73
ACCESS-ESM1-5,HOT_DRY,EL_NINO,351006,CWD,35.02,43.52,8.5
CanESM5,HOT_DRY,EL_NINO,351006,CWD,27.36,81.01,53.65
CESM2,HOT_DRY,EL_NINO,351006,CWD,58.91,90.86,31.95
EC-Earth3,HOT_DRY,EL_NINO,351006,CWD,19.29,3.36,-15.93
FGOALS-g3,HOT_DRY,EL_NINO,351006,CWD,15.26,24.19,8.93
MIROC6,HOT_DRY,EL_NINO,351006,CWD,27.98,22.69,-5.29
MRI-ESM2-0,HOT_DRY,EL_NINO,351006,CWD,14.87,14.87,0.0
ACCESS-ESM1-5,HOT_DRY,EL_NINO,351006,PRCPTOT,24.5,9.61,-14.89
CanESM5,HOT_DRY,EL_NINO,351006,PRCPTOT,24.66,141.96,117.3
CESM2,HOT_DRY,EL_NINO,351006,PRCPTOT,88.55,386.75,298.2
EC-Earth3,HOT_DRY,EL_NINO,351006,PRCPTOT,56.98,146.08,89.1
FGOALS-g3,HOT_DRY,EL_NINO,351006,PRCPTOT,43.88,92.0,48.12
MIROC6,HOT_DRY,EL_NINO,351006,PRCPTOT,104.79,56.89,-47.9
MRI-ESM2-0,HOT_DRY,EL_NINO,351006,PRCPTOT,42.78,126.06,83.28
ACCESS-ESM1-5,HOT_DRY,EL_NINO,351006,R20mm,88.1,36.18,-51.92
CanESM5,HOT_DRY,EL_NINO,351006,R20mm,113.1,210.32,97.22
CESM2,HOT_DRY,EL_NINO,351006,R20mm,279.77,363.1,83.33
EC-Earth3,HOT_DRY,EL_NINO,351006,R20mm,206.85,188.1,-18.75
FGOALS-g3,HOT_DRY,EL_NINO,351006,R20mm,50.6,144.35,93.75
MIROC6,HOT_DRY,EL_NINO,351006,R20mm,184.53,144.35,-40.18
MRI-ESM2-0,HOT_DRY,EL_NINO,351006,R20mm,238.1,175.6,-62.5
ACCESS-ESM1-5,HOT_DRY,EL_NINO,351006,R50mm,100.0,0.0,-100.0
CanESM5,HOT_DRY,EL_NINO,351006,R50mm,100.0,166.67,66.67
CESM2,HOT_DRY,EL_NINO,351006,R50mm,100.0,100.0,0.0
EC-Earth3,HOT_DRY,EL_NINO,351006,R50mm,100.0,166.67,66.67
FGOALS-g3,HOT_DRY,EL_NINO,351006,R50mm,0.0,250.0,250.0
MIROC6,HOT_DRY,EL_NINO,351006,R50mm,100.0,62.5,-37.5
MRI-ESM2-0,HOT_DRY,EL_NINO,351006,R50mm,100.0,100.0,0.0
ACCESS-ESM1-5,HOT_DRY,EL_NINO,351006,R95p,92.69,28.49,-64.2
CanESM5,HOT_DRY,EL_NINO,351006,R95p,34.09,232.36,198.27
CESM2,HOT_DRY,EL_NINO,351006,R95p,283.97,681.18,397.21
EC-Earth3,HOT_DRY,EL_NINO,351006,R95p,140.36,216.6,76.24
FGOALS-g3,HOT_DRY,EL_NINO,351006,R95p,63.62,180.57,116.95
MIROC6,HOT_DRY,EL_NINO,351006,R95p,227.91,120.7,-107.21
MRI-ESM2-0,HOT_DRY,EL_NINO,351006,R95p,210.21,281.0,70.79
ACCESS-ESM1-5,HOT_DRY,EL_NINO,351006,R99p,93.47,45.58,-47.89
CanESM5,HOT_DRY,EL_NINO,351006,R99p,93.47,245.44,151.97
CESM2,HOT_DRY,EL_NINO,351006,R99p,93.47,93.47,0.0
EC-Earth3,HOT_DRY,EL_NINO,351006,R99p,93.47,230.47,137.0
FGOALS-g3,HOT_DRY,EL_NINO,351006,R99p,88.55,178.36,89.81
MIROC6,HOT_DRY,EL_NINO,351006,R99p,93.47,71.2,-22.27
MRI-ESM2-0,HOT_DRY,EL_NINO,351006,R99p,93.47,692.61,599.14
ACCESS-ESM1-5,HOT_DRY,EL_NINO,351006,Rx1day,40.04,27.51,-12.53
CanESM5,HOT_DRY,EL_NINO,351006,Rx1day,36.36,119.46,83.1
CESM2,HOT_DRY,EL_NINO,351006,Rx1day,106.3,273.08,166.78
EC-Earth3,HOT_DRY,EL_NINO,351006,Rx1day,86.38,138.88,52.5
FGOALS-g3,HOT_DRY,EL_NINO,351006,Rx1day,53.21,122.49,69.28
MIROC6,HOT_DRY,EL_NINO,351006,Rx1day,125.95,36.43,-89.52
MRI-ESM2-0,HOT_DRY,EL_NINO,351006,Rx1day,63.73,157.11,93.38
ACCESS-ESM1-5,HOT_DRY,EL_NINO,351006,Rx5day,43.58,1.95,-41.63
CanESM5,HOT_DRY,EL_NINO,351006,Rx5day,31.03,149.03,118.0
CESM2,HOT_DRY,EL_NINO,351006,Rx5day,124.22,411.32,287.1
EC-Earth3,HOT_DRY,EL_NINO,351006,Rx5day,64.6,102.92,38.32
FGOALS-g3,HOT_DRY,EL_NINO,351006,Rx5day,50.58,121.82,71.24
MIROC6,HOT_DRY,EL_NINO,351006,Rx5day,135.55,59.89,-75.66
MRI-ESM2-0,HOT_DRY,EL_NINO,351006,Rx5day,53.82,135.22,81.4
ACCESS-ESM1-5,HOT_DRY,EL_NINO,351006,SDII,46.51,41.95,-4.56
CanESM5,HOT_DRY,EL_NINO,351006,SDII,30.18,151.76,121.58
CESM2,HOT_DRY,EL_NINO,351006,SDII,73.92,149.11,75.19
EC-Earth3,HOT_DRY,EL_NINO,351006,SDII,62.12,107.02,44.9
FGOALS-g3,HOT_DRY,EL_NINO,351006,SDII,30.01,85.68,55.67
MIROC6,HOT_DRY,EL_NINO,351006,SDII,91.02,29.07,-61.95
MRI-ESM2-0,HOT_DRY,EL_NINO,351006,SDII,43.4,93.19,49.79
ACCESS-ESM1-5,HOT_DRY,EL_NINO,351006,wet_day_freq,27.03,50.01,22.98
CanESM5,HOT_DRY,EL_NINO,351006,wet_day_freq,12.11,6.85,-5.26
CESM2,HOT_DRY,EL_NINO,351006,wet_day_freq,5.32,91.77,86.45
EC-Earth3,HOT_DRY,EL_NINO,351006,wet_day_freq,8.4,17.39,8.99
FGOALS-g3,HOT_DRY,EL_NINO,351006,wet_day_freq,1.71,4.69,2.98
MIROC6,HOT_DRY,EL_NINO,351006,wet_day_freq,0.88,0.62,-0.26
MRI-ESM2-0,HOT_DRY,EL_NINO,351006,wet_day_freq,3.97,5.71,1.74
ACCESS-ESM1-5,HOT_DRY,EL_NINO,351007,CDD,5.93,16.88,10.95
CanESM5,HOT_DRY,EL_NINO,351007,CDD,10.89,10.57,-0.32
CESM2,HOT_DRY,EL_NINO,351007,CDD,9.24,11.95,2.71
EC-Earth3,HOT_DRY,EL_NINO,351007,CDD,13.1,8.42,-4.68
FGOALS-g3,HOT_DRY,EL_NINO,351007,CDD,82.27,31.96,-50.31
MIROC6,HOT_DRY,EL_NINO,351007,CDD,5.64,18.75,13.11
MRI-ESM2-0,HOT_DRY,EL_NINO,351007,CDD,26.63,8.38,-18.25
ACCESS-ESM1-5,HOT_DRY,EL_NINO,351007,CWD,35.02,29.38,-5.64
CanESM5,HOT_DRY,EL_NINO,351007,CWD,27.36,31.54,4.18
CESM2,HOT_DRY,EL_NINO,351007,CWD,58.91,74.19,15.28
EC-Earth3,HOT_DRY,EL_NINO,351007,CWD,26.49,36.62,10.13
FGOALS-g3,HOT_DRY,EL_NINO,351007,CWD,24.42,8.56,-15.86
MIROC6,HOT_DRY,EL_NINO,351007,CWD,27.98,28.84,0.86
MRI-ESM2-0,HOT_DRY,EL_NINO,351007,CWD,10.19,18.24,8.05
ACCESS-ESM1-5,HOT_DRY,EL_NINO,351007,PRCPTOT,14.98,6.4,-8.58
CanESM5,HOT_DRY,EL_NINO,351007,PRCPTOT,15.14,80.62,65.48
CESM2,HOT_DRY,EL_NINO,351007,PRCPTOT,79.03,222.04,143.01
EC-Earth3,HOT_DRY,EL_NINO,351007,PRCPTOT,60.43,87.33,26.9
FGOALS-g3,HOT_DRY,EL_NINO,351007,PRCPTOT,7.16,8.1,0.94
MIROC6,HOT_DRY,EL_NINO,351007,PRCPTOT,95.27,49.45,-45.82
MRI-ESM2-0,HOT_DRY,EL_NINO,351007,PRCPTOT,47.18,112.9,65.72
ACCESS-ESM1-5,HOT_DRY,EL_NINO,351007,R20mm,70.24,15.69,-54.55
CanESM5,HOT_DRY,EL_NINO,351007,R20mm,95.24,220.24,125.0
CESM2,HOT_DRY,EL_NINO,351007,R20mm,261.91,1845.24,1583.33
EC-Earth3,HOT_DRY,EL_NINO,351007,R20mm,282.74,235.86,-46.88
FGOALS-g3,HOT_DRY,EL_NINO,351007,R20mm,1.49,45.24,43.75
MIROC6,HOT_DRY,EL_NINO,351007,R20mm,166.67,120.24,-46.43
MRI-ESM2-0,HOT_DRY,EL_NINO,351007,R20mm,95.24,220.24,125.0
ACCESS-ESM1-5,HOT_DRY,EL_NINO,351007,R50mm,79.17,20.83,-58.34
CanESM5,HOT_DRY,EL_NINO,351007,R50mm,79.17,79.17,0.0
CESM2,HOT_DRY,EL_NINO,351007,R50mm,79.17,79.17,0.0
EC-Earth3,HOT_DRY,EL_NINO,351007,R50mm,79.17,79.17,0.0
FGOALS-g3,HOT_DRY,EL_NINO,351007,R50mm,20.83,104.17,83.34
MIROC6,HOT_DRY,EL_NINO,351007,R50mm,79.17,79.17,0.0
MRI-ESM2-0,HOT_DRY,EL_NINO,351007,R50mm,79.17,79.17,0.0
ACCESS-ESM1-5,HOT_DRY,EL_NINO,351007,R95p,74.35,13.17,-61.18
CanESM5,HOT_DRY,EL_NINO,351007,R95p,15.75,180.02,164.27
CESM2,HOT_DRY,EL_NINO,351007,R95p,265.63,1190.2,924.57
EC-Earth3,HOT_DRY,EL_NINO,351007,R95p,389.58,212.03,-177.55
FGOALS-g3,HOT_DRY,EL_NINO,351007,R95p,9.16,56.07,46.91
MIROC6,HOT_DRY,EL_NINO,351007,R95p,221.8,127.04,-94.76
MRI-ESM2-0,HOT_DRY,EL_NINO,351007,R95p,37.32,355.24,317.92
ACCESS-ESM1-5,HOT_DRY,EL_NINO,351007,R99p,83.09,16.91,-66.18
CanESM5,HOT_DRY,EL_NINO,351007,R99p,83.09,99.81,16.72
CESM2,HOT_DRY,EL_NINO,351007,R99p,83.09,83.09,0.0
EC-Earth3,HOT_DRY,EL_NINO,351007,R99p,83.09,261.5,178.41
FGOALS-g3,HOT_DRY,EL_NINO,351007,R99p,16.91,55.66,38.75
MIROC6,HOT_DRY,EL_NINO,351007,R99p,83.09,16.91,-66.18
MRI-ESM2-0,HOT_DRY,EL_NINO,351007,R99p,83.09,83.09,0.0
ACCESS-ESM1-5,HOT_DRY,EL_NINO,351007,Rx1day,11.11,10.13,-0.98
CanESM5,HOT_DRY,EL_NINO,351007,Rx1day,7.43,69.52,62.09
CESM2,HOT_DRY,EL_NINO,351007,Rx1day,77.37,149.08,71.71
EC-Earth3,HOT_DRY,EL_NINO,351007,Rx1day,91.25,96.22,4.97
FGOALS-g3,HOT_DRY,EL_NINO,351007,Rx1day,30.26,46.87,16.61
MIROC6,HOT_DRY,EL_NINO,351007,Rx1day,97.02,19.13,-77.89
MRI-ESM2-0,HOT_DRY,EL_NINO,351007,Rx1day,45.44,86.88,41.44
ACCESS-ESM1-5,HOT_DRY,EL_NINO,351007,Rx5day,25.58,7.75,-17.83
CanESM5,HOT_DRY,EL_NINO,351007,Rx5day,13.03,100.19,87.16
CESM2,HOT_DRY,EL_NINO,351007,Rx5day,106.22,223.3,117.08
EC-Earth3,HOT_DRY,EL_NINO,351007,Rx5day,82.72,72.02,-10.7
FGOALS-g3,HOT_DRY,EL_NINO,351007,Rx5day,13.82,61.73,47.91
MIROC6,HOT_DRY,EL_NINO,351007,Rx5day,117.55,42.42,-75.13
MRI-ESM2-0,HOT_DRY,EL_NINO,351007,Rx5day,65.18,105.03,39.85
ACCESS-ESM1-5,HOT_DRY,EL_NINO,351007,SDII,38.58,30.38,-8.2
CanESM5,HOT_DRY,EL_NINO,351007,SDII,22.25,70.55,48.3
CESM2,HOT_DRY,EL_NINO,351007,SDII,65.99,104.06,38.07
EC-Earth3,HOT_DRY,EL_NINO,351007,SDII,62.93,71.23,8.3
FGOALS-g3,HOT_DRY,EL_NINO,351007,SDII,34.67,47.82,13.15
MIROC6,HOT_DRY,EL_NINO,351007,SDII,83.09,57.2,-25.89
MRI-ESM2-0,HOT_DRY,EL_NINO,351007,SDII,42.85,73.55,30.7
ACCESS-ESM1-5,HOT_DRY,EL_NINO,351007,wet_day_freq,28.33,39.65,11.32
CanESM5,HOT_DRY,EL_NINO,351007,wet_day_freq,13.41,4.38,-9.03
CESM2,HOT_DRY,EL_NINO,351007,wet_day_freq,4.02,68.33,64.31
EC-Earth3,HOT_DRY,EL_NINO,351007,wet_day_freq,9.47,2.2,-7.27
FGOALS-g3,HOT_DRY,EL_NINO,351007,wet_day_freq,50.07,50.24,0.17
MIROC6,HOT_DRY,EL_NINO,351007,wet_day_freq,0.42,14.07,13.65
MRI-ESM2-0,HOT_DRY,EL_NINO,351007,wet_day_freq,4.94,17.84,12.9
ACCESS-ESM1-5,HOT_DRY,EL_NINO,351008,CDD,6.62,17.27,10.65
CanESM5,HOT_DRY,EL_NINO,351008,CDD,23.44,30.83,7.39
CESM2,HOT_DRY,EL_NINO,351008,CDD,7.61,15.34,7.73
EC-Earth3,HOT_DRY,EL_NINO,351008,CDD,17.1,27.77,10.67
FGOALS-g3,HOT_DRY,EL_NINO,351008,CDD,40.01,45.65,5.64
MIROC6,HOT_DRY,EL_NINO,351008,CDD,41.0,4.53,-36.47
MRI-ESM2-0,HOT_DRY,EL_NINO,351008,CDD,28.9,35.33,6.43
ACCESS-ESM1-5,HOT_DRY,EL_NINO,351008,CWD,86.38,72.17,-14.21
CanESM5,HOT_DRY,EL_NINO,351008,CWD,78.72,19.36,-59.36
CESM2,HOT_DRY,EL_NINO,351008,CWD,30.78,0.0,-30.78
EC-Earth3,HOT_DRY,EL_NINO,351008,CWD,73.74,67.35,-6.39
FGOALS-g3,HOT_DRY,EL_NINO,351008,CWD,36.1,41.88,5.78
MIROC6,HOT_DRY,EL_NINO,351008,CWD,5.24,72.62,67.38
MRI-ESM2-0,HOT_DRY,EL_NINO,351008,CWD,36.26,32.6,-3.66
ACCESS-ESM1-5,HOT_DRY,EL_NINO,351008,PRCPTOT,4.04,22.59,18.55
CanESM5,HOT_DRY,EL_NINO,351008,PRCPTOT,3.88,62.98,59.1
CESM2,HOT_DRY,EL_NINO,351008,PRCPTOT,46.1,197.74,151.64
EC-Earth3,HOT_DRY,EL_NINO,351008,PRCPTOT,33.01,68.12,35.11
FGOALS-g3,HOT_DRY,EL_NINO,351008,PRCPTOT,15.34,43.95,28.61
MIROC6,HOT_DRY,EL_NINO,351008,PRCPTOT,100.16,31.14,-69.02
MRI-ESM2-0,HOT_DRY,EL_NINO,351008,PRCPTOT,11.52,35.8,24.28
ACCESS-ESM1-5,HOT_DRY,EL_NINO,351008,R20mm,28.57,8.93,-19.64
CanESM5,HOT_DRY,EL_NINO,351008,R20mm,53.57,74.4,20.83
CESM2,HOT_DRY,EL_NINO,351008,R20mm,241.07,616.07,375.0
EC-Earth3,HOT_DRY,EL_NINO,351008,R20mm,103.57,22.32,-81.25
FGOALS-g3,HOT_DRY,EL_NINO,351008,R20mm,8.93,147.32,138.39
MIROC6,HOT_DRY,EL_NINO,351008,R20mm,522.32,3.57,-518.75
MRI-ESM2-0,HOT_DRY,EL_NINO,351008,R20mm,71.43,303.57,232.14
ACCESS-ESM1-5,HOT_DRY,EL_NINO,351008,R50mm,28.57,71.43,42.86
CanESM5,HOT_DRY,EL_NINO,351008,R50mm,28.57,28.57,0.0
CESM2,HOT_DRY,EL_NINO,351008,R50mm,28.57,28.57,0.0
EC-Earth3,HOT_DRY,EL_NINO,351008,R50mm,28.57,28.57,0.0
FGOALS-g3,HOT_DRY,EL_NINO,351008,R50mm,71.43,28.57,-42.86
MIROC6,HOT_DRY,EL_NINO,351008,R50mm,28.57,28.57,0.0
MRI-ESM2-0,HOT_DRY,EL_NINO,351008,R50mm,28.57,28.57,0.0
ACCESS-ESM1-5,HOT_DRY,EL_NINO,351008,R95p,43.6,7.95,-35.65
CanESM5,HOT_DRY,EL_NINO,351008,R95p,15.0,134.94,119.94
CESM2,HOT_DRY,EL_NINO,351008,R95p,95.73,930.35,834.62
EC-Earth3,HOT_DRY,EL_NINO,351008,R95p,99.03,36.76,-62.27
FGOALS-g3,HOT_DRY,EL_NINO,351008,R95p,8.72,211.04,202.32
MIROC6,HOT_DRY,EL_NINO,351008,R95p,555.1,14.78,-540.32
MRI-ESM2-0,HOT_DRY,EL_NINO,351008,R95p,37.25,391.58,354.33
ACCESS-ESM1-5,HOT_DRY,EL_NINO,351008,R99p,47.59,52.41,4.82
CanESM5,HOT_DRY,EL_NINO,351008,R99p,47.59,154.24,106.65
CESM2,HOT_DRY,EL_NINO,351008,R99p,52.41,47.59,-4.82
EC-Earth3,HOT_DRY,EL_NINO,351008,R99p,47.59,52.41,4.82
FGOALS-g3,HOT_DRY,EL_NINO,351008,R99p,42.67,330.44,287.77
MIROC6,HOT_DRY,EL_NINO,351008,R99p,47.59,47.59,0.0
MRI-ESM2-0,HOT_DRY,EL_NINO,351008,R99p,47.59,47.59,0.0
ACCESS-ESM1-5,HOT_DRY,EL_NINO,351008,Rx1day,12.76,1.84,-10.92
CanESM5,HOT_DRY,EL_NINO,351008,Rx1day,16.44,43.3,26.86
CESM2,HOT_DRY,EL_NINO,351008,Rx1day,22.06,154.3,132.24
EC-Earth3,HOT_DRY,EL_NINO,351008,Rx1day,61.25,17.61,-43.64
FGOALS-g3,HOT_DRY,EL_NINO,351008,Rx1day,0.41,86.26,85.85
MIROC6,HOT_DRY,EL_NINO,351008,Rx1day,122.14,9.33,-112.81
MRI-ESM2-0,HOT_DRY,EL_NINO,351008,Rx1day,13.87,83.19,69.32
ACCESS-ESM1-5,HOT_DRY,EL_NINO,351008,Rx5day,2.09,31.5,29.41
CanESM5,HOT_DRY,EL_NINO,351008,Rx5day,14.64,78.46,63.82
CESM2,HOT_DRY,EL_NINO,351008,Rx5day,37.41,139.73,102.32
EC-Earth3,HOT_DRY,EL_NINO,351008,Rx5day,28.77,0.02,-28.75
FGOALS-g3,HOT_DRY,EL_NINO,351008,Rx5day,4.91,87.25,82.34
MIROC6,HOT_DRY,EL_NINO,351008,Rx5day,124.01,11.42,-112.59
MRI-ESM2-0,HOT_DRY,EL_NINO,351008,Rx5day,10.44,55.34,44.9
ACCESS-ESM1-5,HOT_DRY,EL_NINO,351008,SDII,48.68,45.43,-3.25
CanESM5,HOT_DRY,EL_NINO,351008,SDII,32.35,80.39,48.04
CESM2,HOT_DRY,EL_NINO,351008,SDII,69.43,102.96,33.53
EC-Earth3,HOT_DRY,EL_NINO,351008,SDII,64.79,70.38,5.59
FGOALS-g3,HOT_DRY,EL_NINO,351008,SDII,32.18,98.82,66.64
MIROC6,HOT_DRY,EL_NINO,351008,SDII,112.73,46.61,-66.12
MRI-ESM2-0,HOT_DRY,EL_NINO,351008,SDII,42.39,85.86,43.47
ACCESS-ESM1-5,HOT_DRY,EL_NINO,351008,wet_day_freq,50.53,62.89,12.36
CanESM5,HOT_DRY,EL_NINO,351008,wet_day_freq,35.61,23.78,-11.83
CESM2,HOT_DRY,EL_NINO,351008,wet_day_freq,23.34,40.24,16.9
EC-Earth3,HOT_DRY,EL_NINO,351008,wet_day_freq,27.31,7.06,-20.25
FGOALS-g3,HOT_DRY,EL_NINO,351008,wet_day_freq,21.79,43.73,21.94
MIROC6,HOT_DRY,EL_NINO,351008,wet_day_freq,19.02,2.63,-16.39
MRI-ESM2-0,HOT_DRY,EL_NINO,351008,wet_day_freq,27.4,37.5,10.1
ACCESS-ESM1-5,HOT_DRY,EL_NINO,351009,CDD,13.9,20.63,6.73
CanESM5,HOT_DRY,EL_NINO,351009,CDD,20.2,8.24,-11.96
CESM2,HOT_DRY,EL_NINO,351009,CDD,36.03,50.1,14.07
EC-Earth3,HOT_DRY,EL_NINO,351009,CDD,31.44,29.58,-1.86
FGOALS-g3,HOT_DRY,EL_NINO,351009,CDD,3.63,14.07,10.44
MIROC6,HOT_DRY,EL_NINO,351009,CDD,2.64,42.87,40.23
MRI-ESM2-0,HOT_DRY,EL_NINO,351009,CDD,14.74,14.08,-0.66
ACCESS-ESM1-5,HOT_DRY,EL_NINO,351009,CWD,26.25,35.71,9.46
CanESM5,HOT_DRY,EL_NINO,351009,CWD,20.3,31.25,10.95
CESM2,HOT_DRY,EL_NINO,351009,CWD,27.64,58.42,30.78
EC-Earth3,HOT_DRY,EL_NINO,351009,CWD,12.23,13.39,1.16
FGOALS-g3,HOT_DRY,EL_NINO,351009,CWD,22.32,0.0,-22.32
MIROC6,HOT_DRY,EL_NINO,351009,CWD,63.66,4.08,-59.58
MRI-ESM2-0,HOT_DRY,EL_NINO,351009,CWD,22.16,25.82,3.66
ACCESS-ESM1-5,HOT_DRY,EL_NINO,351009,PRCPTOT,21.7,42.34,20.64
CanESM5,HOT_DRY,EL_NINO,351009,PRCPTOT,13.91,55.69,41.78
CESM2,HOT_DRY,EL_NINO,351009,PRCPTOT,36.07,180.78,144.71
EC-Earth3,HOT_DRY,EL_NINO,351009,PRCPTOT,18.41,56.93,38.52
FGOALS-g3,HOT_DRY,EL_NINO,351009,PRCPTOT,5.31,32.62,27.31
MIROC6,HOT_DRY,EL_NINO,351009,PRCPTOT,90.13,15.53,-74.6
MRI-ESM2-0,HOT_DRY,EL_NINO,351009,PRCPTOT,1.49,32.51,31.02
ACCESS-ESM1-5,HOT_DRY,EL_NINO,351009,R20mm,62.5,12.5,-50.0
CanESM5,HOT_DRY,EL_NINO,351009,R20mm,62.5,187.5,125.0
CESM2,HOT_DRY,EL_NINO,351009,R20mm,250.0,687.5,437.5
EC-Earth3,HOT_DRY,EL_NINO,351009,R20mm,156.25,187.5,31.25
FGOALS-g3,HOT_DRY,EL_NINO,351009,R20mm,0.0,187.5,187.5
MIROC6,HOT_DRY,EL_NINO,351009,R20mm,531.25,20.83,-510.42
MRI-ESM2-0,HOT_DRY,EL_NINO,351009,R20mm,62.5,37.5,-25.0
ACCESS-ESM1-5,HOT_DRY,EL_NINO,351009,R50mm,0.0,100.0,100.0
CanESM5,HOT_DRY,EL_NINO,351009,R50mm,0.0,0.0,0.0
CESM2,HOT_DRY,EL_NINO,351009,R50mm,0.0,0.0,0.0
EC-Earth3,HOT_DRY,EL_NINO,351009,R50mm,0.0,25.0,25.0
FGOALS-g3,HOT_DRY,EL_NINO,351009,R50mm,100.0,0.0,-100.0
MIROC6,HOT_DRY,EL_NINO,351009,R50mm,0.0,0.0,0.0
MRI-ESM2-0,HOT_DRY,EL_NINO,351009,R50mm,0.0,0.0,0.0
ACCESS-ESM1-5,HOT_DRY,EL_NINO,351009,R95p,90.57,60.53,-30.04
CanESM5,HOT_DRY,EL_NINO,351009,R95p,48.36,114.21,65.85
CESM2,HOT_DRY,EL_NINO,351009,R95p,60.63,447.45,386.82
EC-Earth3,HOT_DRY,EL_NINO,351009,R95p,40.02,93.42,53.4
FGOALS-g3,HOT_DRY,EL_NINO,351009,R95p,18.93,72.2,53.27
MIROC6,HOT_DRY,EL_NINO,351009,R95p,288.36,12.95,-275.41
MRI-ESM2-0,HOT_DRY,EL_NINO,351009,R95p,32.96,116.3,83.34
ACCESS-ESM1-5,HOT_DRY,EL_NINO,351009,R99p,84.5,41.47,-43.03
CanESM5,HOT_DRY,EL_NINO,351009,R99p,8.4,143.99,135.59
CESM2,HOT_DRY,EL_NINO,351009,R99p,70.91,843.11,772.2
EC-Earth3,HOT_DRY,EL_NINO,351009,R99p,85.29,134.55,49.26
FGOALS-g3,HOT_DRY,EL_NINO,351009,R99p,13.57,185.25,171.68
MIROC6,HOT_DRY,EL_NINO,351009,R99p,565.72,32.61,-533.11
MRI-ESM2-0,HOT_DRY,EL_NINO,351009,R99p,84.5,15.5,-69.0
ACCESS-ESM1-5,HOT_DRY,EL_NINO,351009,Rx1day,70.84,52.83,-18.01
CanESM5,HOT_DRY,EL_NINO,351009,Rx1day,39.88,21.57,-18.31
CESM2,HOT_DRY,EL_NINO,351009,Rx1day,1.38,138.27,136.89
EC-Earth3,HOT_DRY,EL_NINO,351009,Rx1day,10.14,15.88,5.74
FGOALS-g3,HOT_DRY,EL_NINO,351009,Rx1day,23.03,55.42,32.39
MIROC6,HOT_DRY,EL_NINO,351009,Rx1day,98.7,34.8,-63.9
MRI-ESM2-0,HOT_DRY,EL_NINO,351009,Rx1day,37.31,86.65,49.34
ACCESS-ESM1-5,HOT_DRY,EL_NINO,351009,Rx5day,45.56,39.73,-5.83
CanESM5,HOT_DRY,EL_NINO,351009,Rx5day,16.0,70.59,54.59
CESM2,HOT_DRY,EL_NINO,351009,Rx5day,36.05,135.31,99.26
EC-Earth3,HOT_DRY,EL_NINO,351009,Rx5day,17.57,13.91,-3.66
FGOALS-g3,HOT_DRY,EL_NINO,351009,Rx5day,3.55,75.48,71.93
MIROC6,HOT_DRY,EL_NINO,351009,Rx5day,122.65,11.1,-111.55
MRI-ESM2-0,HOT_DRY,EL_NINO,351009,Rx5day,11.8,52.46,40.66
ACCESS-ESM1-5,HOT_DRY,EL_NINO,351009,SDII,7.44,12.05,4.61
CanESM5,HOT_DRY,EL_NINO,351009,SDII,19.7,34.21,14.51
CESM2,HOT_DRY,EL_NINO,351009,SDII,17.38,52.72,35.34
EC-Earth3,HOT_DRY,EL_NINO,351009,SDII,12.24,28.25,16.01
FGOALS-g3,HOT_DRY,EL_NINO,351009,SDII,19.87,28.61,8.74
MIROC6,HOT_DRY,EL_NINO,351009,SDII,60.68,2.34,-58.34
MRI-ESM2-0,HOT_DRY,EL_NINO,351009,SDII,9.66,21.55,11.89
ACCESS-ESM1-5,HOT_DRY,EL_NINO,351009,wet_day_freq,16.37,34.32,17.95
CanESM5,HOT_DRY,EL_NINO,351009,wet_day_freq,4.12,13.18,9.06
CESM2,HOT_DRY,EL_NINO,351009,wet_day_freq,16.39,74.92,58.53
EC-Earth3,HOT_DRY,EL_NINO,351009,wet_day_freq,7.83,22.69,14.86
FGOALS-g3,HOT_DRY,EL_NINO,351009,wet_day_freq,17.94,7.53,-10.41
MIROC6,HOT_DRY,EL_NINO,351009,wet_day_freq,20.71,30.27,9.56
MRI-ESM2-0,HOT_DRY,EL_NINO,351009,wet_day_freq,12.33,7.9,-4.43
ACCESS-ESM1-5,HOT_DRY,EL_NINO,351010,CDD,29.36,19.41,-9.95
CanESM5,HOT_DRY,EL_NINO,351010,CDD,12.54,5.7,-6.84
CESM2,HOT_DRY,EL_NINO,351010,CDD,19.83,43.98,24.15
EC-Earth3,HOT_DRY,EL_NINO,351010,CDD,23.78,7.25,-16.53
FGOALS-g3,HOT_DRY,EL_NINO,351010,CDD,4.03,3.07,-0.96
MIROC6,HOT_DRY,EL_NINO,351010,CDD,29.07,34.76,5.69
MRI-ESM2-0,HOT_DRY,EL_NINO,351010,CDD,14.81,17.57,2.76
ACCESS-ESM1-5,HOT_DRY,EL_NINO,351010,CWD,20.15,5.94,-14.21
CanESM5,HOT_DRY,EL_NINO,351010,CWD,12.49,47.39,34.9
CESM2,HOT_DRY,EL_NINO,351010,CWD,33.11,89.06,55.95
EC-Earth3,HOT_DRY,EL_NINO,351010,CWD,4.42,0.6,-3.82
FGOALS-g3,HOT_DRY,EL_NINO,351010,CWD,30.13,15.62,-14.51
MIROC6,HOT_DRY,EL_NINO,351010,CWD,42.85,21.2,-21.65
MRI-ESM2-0,HOT_DRY,EL_NINO,351010,CWD,0.0,9.85,9.85
ACCESS-ESM1-5,HOT_DRY,EL_NINO,351010,PRCPTOT,11.63,31.9,20.27
CanESM5,HOT_DRY,EL_NINO,351010,PRCPTOT,11.47,57.22,45.75
CESM2,HOT_DRY,EL_NINO,351010,PRCPTOT,39.16,193.31,154.15
EC-Earth3,HOT_DRY,EL_NINO,351010,PRCPTOT,20.85,71.57,50.72
FGOALS-g3,HOT_DRY,EL_NINO,351010,PRCPTOT,7.75,36.0,28.25
MIROC6,HOT_DRY,EL_NINO,351010,PRCPTOT,68.66,25.38,-43.28
MRI-ESM2-0,HOT_DRY,EL_NINO,351010,PRCPTOT,6.65,40.92,34.27
ACCESS-ESM1-5,HOT_DRY,EL_NINO,351010,R20mm,37.5,6.94,-30.56
CanESM5,HOT_DRY,EL_NINO,351010,R20mm,62.5,133.93,71.43
CESM2,HOT_DRY,EL_NINO,351010,R20mm,250.0,937.5,687.5
EC-Earth3,HOT_DRY,EL_NINO,351010,R20mm,156.25,208.33,52.08
FGOALS-g3,HOT_DRY,EL_NINO,351010,R20mm,0.0,162.5,162.5
MIROC6,HOT_DRY,EL_NINO,351010,R20mm,133.93,112.5,-21.43
MRI-ESM2-0,HOT_DRY,EL_NINO,351010,R20mm,187.5,250.0,62.5
ACCESS-ESM1-5,HOT_DRY,EL_NINO,351010,R50mm,0.0,100.0,100.0
CanESM5,HOT_DRY,EL_NINO,351010,R50mm,0.0,25.0,25.0
CESM2,HOT_DRY,EL_NINO,351010,R50mm,0.0,0.0,0.0
EC-Earth3,HOT_DRY,EL_NINO,351010,R50mm,0.0,25.0,25.0
FGOALS-g3,HOT_DRY,EL_NINO,351010,R50mm,100.0,0.0,-100.0
MIROC6,HOT_DRY,EL_NINO,351010,R50mm,0.0,0.0,0.0
MRI-ESM2-0,HOT_DRY,EL_NINO,351010,R50mm,0.0,0.0,0.0
ACCESS-ESM1-5,HOT_DRY,EL_NINO,351010,R95p,29.75,32.91,3.16
CanESM5,HOT_DRY,EL_NINO,351010,R95p,25.23,121.73,96.5
CESM2,HOT_DRY,EL_NINO,351010,R95p,142.21,455.24,313.03
EC-Earth3,HOT_DRY,EL_NINO,351010,R95p,75.89,146.64,70.75
FGOALS-g3,HOT_DRY,EL_NINO,351010,R95p,0.95,79.71,78.76
MIROC6,HOT_DRY,EL_NINO,351010,R95p,190.76,99.34,-91.42
MRI-ESM2-0,HOT_DRY,EL_NINO,351010,R95p,38.13,86.04,47.91
ACCESS-ESM1-5,HOT_DRY,EL_NINO,351010,R99p,9.8,36.47,26.67
CanESM5,HOT_DRY,EL_NINO,351010,R99p,34.9,100.05,65.15
CESM2,HOT_DRY,EL_NINO,351010,R99p,224.75,2165.91,1941.16
EC-Earth3,HOT_DRY,EL_NINO,351010,R99p,110.22,108.35,-1.87
FGOALS-g3,HOT_DRY,EL_NINO,351010,R99p,11.4,144.28,132.88
MIROC6,HOT_DRY,EL_NINO,351010,R99p,173.64,40.65,-132.99
MRI-ESM2-0,HOT_DRY,EL_NINO,351010,R99p,32.16,238.27,206.11
ACCESS-ESM1-5,HOT_DRY,EL_NINO,351010,Rx1day,30.43,23.62,-6.81
CanESM5,HOT_DRY,EL_NINO,351010,Rx1day,34.11,21.56,-12.55
CESM2,HOT_DRY,EL_NINO,351010,Rx1day,26.18,160.71,134.53
EC-Earth3,HOT_DRY,EL_NINO,351010,Rx1day,15.91,20.44,4.53
FGOALS-g3,HOT_DRY,EL_NINO,351010,Rx1day,17.26,54.03,36.77
MIROC6,HOT_DRY,EL_NINO,351010,Rx1day,55.48,6.49,-48.99
MRI-ESM2-0,HOT_DRY,EL_NINO,351010,Rx1day,6.74,10.67,3.93
ACCESS-ESM1-5,HOT_DRY,EL_NINO,351010,Rx5day,0.82,32.23,31.41
CanESM5,HOT_DRY,EL_NINO,351010,Rx5day,13.37,80.19,66.82
CESM2,HOT_DRY,EL_NINO,351010,Rx5day,61.44,184.06,122.62
EC-Earth3,HOT_DRY,EL_NINO,351010,Rx5day,20.2,19.82,-0.38
FGOALS-g3,HOT_DRY,EL_NINO,351010,Rx5day,6.18,78.59,72.41
MIROC6,HOT_DRY,EL_NINO,351010,Rx5day,91.15,16.95,-74.2
MRI-ESM2-0,HOT_DRY,EL_NINO,351010,Rx5day,9.42,37.9,28.48
ACCESS-ESM1-5,HOT_DRY,EL_NINO,351010,SDII,5.24,10.56,5.32
CanESM5,HOT_DRY,EL_NINO,351010,SDII,21.57,29.9,8.33
CESM2,HOT_DRY,EL_NINO,351010,SDII,19.06,62.62,43.56
EC-Earth3,HOT_DRY,EL_NINO,351010,SDII,10.37,38.54,28.17
FGOALS-g3,HOT_DRY,EL_NINO,351010,SDII,21.74,40.52,18.78
MIROC6,HOT_DRY,EL_NINO,351010,SDII,39.27,18.9,-20.37
MRI-ESM2-0,HOT_DRY,EL_NINO,351010,SDII,8.35,25.28,16.93
ACCESS-ESM1-5,HOT_DRY,EL_NINO,351010,wet_day_freq,9.31,20.28,10.97
CanESM5,HOT_DRY,EL_NINO,351010,wet_day_freq,5.61,18.4,12.79
CESM2,HOT_DRY,EL_NINO,351010,wet_day_freq,15.79,73.55,57.76
EC-Earth3,HOT_DRY,EL_NINO,351010,wet_day_freq,9.32,24.77,15.45
FGOALS-g3,HOT_DRY,EL_NINO,351010,wet_day_freq,19.43,0.0,-19.43
MIROC6,HOT_DRY,EL_NINO,351010,wet_day_freq,18.6,1.44,-17.16
MRI-ESM2-0,HOT_DRY,EL_NINO,351010,wet_day_freq,13.75,16.16,2.41
ACCESS-ESM1-5,HOT_DRY,EL_NINO,351011,CDD,14.73,0.98,-13.75
CanESM5,HOT_DRY,EL_NINO,351011,CDD,8.43,43.6,35.17
CESM2,HOT_DRY,EL_NINO,351011,CDD,7.4,33.41,26.01
EC-Earth3,HOT_DRY,EL_NINO,351011,CDD,1.35,8.07,6.72
FGOALS-g3,HOT_DRY,EL_NINO,351011,CDD,25.0,40.89,15.89
MIROC6,HOT_DRY,EL_NINO,351011,CDD,25.99,32.21,6.22
MRI-ESM2-0,HOT_DRY,EL_NINO,351011,CDD,13.89,33.98,20.09
ACCESS-ESM1-5,HOT_DRY,EL_NINO,351011,CWD,6.36,14.48,8.12
CanESM5,HOT_DRY,EL_NINO,351011,CWD,0.41,19.09,18.68
CESM2,HOT_DRY,EL_NINO,351011,CWD,47.53,85.23,37.7
EC-Earth3,HOT_DRY,EL_NINO,351011,CWD,20.58,22.14,1.56
FGOALS-g3,HOT_DRY,EL_NINO,351011,CWD,42.21,19.89,-22.32
MIROC6,HOT_DRY,EL_NINO,351011,CWD,83.55,14.96,-68.59
MRI-ESM2-0,HOT_DRY,EL_NINO,351011,CWD,42.05,86.3,44.25
ACCESS-ESM1-5,HOT_DRY,EL_NINO,351011,PRCPTOT,34.11,35.38,1.27
CanESM5,HOT_DRY,EL_NINO,351011,PRCPTOT,26.32,17.96,-8.36
CESM2,HOT_DRY,EL_NINO,351011,PRCPTOT,23.66,82.5,58.84
EC-Earth3,HOT_DRY,EL_NINO,351011,PRCPTOT,6.87,16.58,9.71
FGOALS-g3,HOT_DRY,EL_NINO,351011,PRCPTOT,7.1,9.5,2.4
MIROC6,HOT_DRY,EL_NINO,351011,PRCPTOT,77.72,1.53,-76.19
MRI-ESM2-0,HOT_DRY,EL_NINO,351011,PRCPTOT,10.92,0.8,-10.12
ACCESS-ESM1-5,HOT_DRY,EL_NINO,351011,R20mm,100.96,100.96,0.0
CanESM5,HOT_DRY,EL_NINO,351011,R20mm,24.04,38.46,14.42
CESM2,HOT_DRY,EL_NINO,351011,R20mm,211.54,0.96,-210.58
EC-Earth3,HOT_DRY,EL_NINO,351011,R20mm,113.33,149.04,35.71
FGOALS-g3,HOT_DRY,EL_NINO,351011,R20mm,38.46,274.04,235.58
MIROC6,HOT_DRY,EL_NINO,351011,R20mm,492.79,100.96,-391.83
MRI-ESM2-0,HOT_DRY,EL_NINO,351011,R20mm,100.96,0.96,-100.0
ACCESS-ESM1-5,HOT_DRY,EL_NINO,351011,R50mm,75.0,75.0,0.0
CanESM5,HOT_DRY,EL_NINO,351011,R50mm,75.0,75.0,0.0
CESM2,HOT_DRY,EL_NINO,351011,R50mm,75.0,75.0,0.0
EC-Earth3,HOT_DRY,EL_NINO,351011,R50mm,75.0,75.0,0.0
FGOALS-g3,HOT_DRY,EL_NINO,351011,R50mm,175.0,75.0,-100.0
MIROC6,HOT_DRY,EL_NINO,351011,R50mm,75.0,75.0,0.0
MRI-ESM2-0,HOT_DRY,EL_NINO,351011,R50mm,75.0,75.0,0.0
ACCESS-ESM1-5,HOT_DRY,EL_NINO,351011,R95p,63.71,63.71,0.0
CanESM5,HOT_DRY,EL_NINO,351011,R95p,63.71,63.71,0.0
CESM2,HOT_DRY,EL_NINO,351011,R95p,63.71,63.71,0.0
EC-Earth3,HOT_DRY,EL_NINO,351011,R95p,63.71,63.71,0.0
FGOALS-g3,HOT_DRY,EL_NINO,351011,R95p,68.63,63.71,-4.92
MIROC6,HOT_DRY,EL_NINO,351011,R95p,63.71,63.71,0.0
MRI-ESM2-0,HOT_DRY,EL_NINO,351011,R95p,63.71,63.71,0.0
ACCESS-ESM1-5,HOT_DRY,EL_NINO,351011,R99p,3.89,3.89,0.0
CanESM5,HOT_DRY,EL_NINO,351011,R99p,3.89,3.89,0.0
CESM2,HOT_DRY,EL_NINO,351011,R99p,3.89,3.89,0.0
EC-Earth3,HOT_DRY,EL_NINO,351011,R99p,3.89,3.89,0.0
FGOALS-g3,HOT_DRY,EL_NINO,351011,R99p,3.89,3.89,0.0
MIROC6,HOT_DRY,EL_NINO,351011,R99p,3.89,3.89,0.0
MRI-ESM2-0,HOT_DRY,EL_NINO,351011,R99p,3.89,3.89,0.0
ACCESS-ESM1-5,HOT_DRY,EL_NINO,351011,Rx1day,80.71,41.57,-39.14
CanESM5,HOT_DRY,EL_NINO,351011,Rx1day,49.75,3.9,-45.85
CESM2,HOT_DRY,EL_NINO,351011,Rx1day,11.25,83.59,72.34
EC-Earth3,HOT_DRY,EL_NINO,351011,Rx1day,17.61,14.28,-3.33
FGOALS-g3,HOT_DRY,EL_NINO,351011,Rx1day,32.9,76.78,43.88
MIROC6,HOT_DRY,EL_NINO,351011,Rx1day,88.83,44.7,-44.13
MRI-ESM2-0,HOT_DRY,EL_NINO,351011,Rx1day,47.18,40.53,-6.65
ACCESS-ESM1-5,HOT_DRY,EL_NINO,351011,Rx5day,99.21,75.89,-23.32
CanESM5,HOT_DRY,EL_NINO,351011,Rx5day,69.65,4.01,-65.64
CESM2,HOT_DRY,EL_NINO,351011,Rx5day,17.6,64.23,46.63
EC-Earth3,HOT_DRY,EL_NINO,351011,Rx5day,31.75,49.35,17.6
FGOALS-g3,HOT_DRY,EL_NINO,351011,Rx5day,50.1,21.58,-28.52
MIROC6,HOT_DRY,EL_NINO,351011,Rx5day,69.0,47.99,-21.01
MRI-ESM2-0,HOT_DRY,EL_NINO,351011,Rx5day,65.45,7.85,-57.6
ACCESS-ESM1-5,HOT_DRY,EL_NINO,351011,SDII,43.13,37.64,-5.49
CanESM5,HOT_DRY,EL_NINO,351011,SDII,55.39,3.19,-52.2
CESM2,HOT_DRY,EL_NINO,351011,SDII,18.31,12.22,-6.09
EC-Earth3,HOT_DRY,EL_NINO,351011,SDII,27.18,21.92,-5.26
FGOALS-g3,HOT_DRY,EL_NINO,351011,SDII,55.56,26.69,-28.87
MIROC6,HOT_DRY,EL_NINO,351011,SDII,24.99,33.9,8.91
MRI-ESM2-0,HOT_DRY,EL_NINO,351011,SDII,45.35,20.37,-24.98
ACCESS-ESM1-5,HOT_DRY,EL_NINO,351011,wet_day_freq,3.0,7.67,4.67
CanESM5,HOT_DRY,EL_NINO,351011,wet_day_freq,17.49,6.06,-11.43
CESM2,HOT_DRY,EL_NINO,351011,wet_day_freq,29.76,71.1,41.34
EC-Earth3,HOT_DRY,EL_NINO,351011,wet_day_freq,25.15,27.08,1.93
FGOALS-g3,HOT_DRY,EL_NINO,351011,wet_day_freq,31.31,24.54,-6.77
MIROC6,HOT_DRY,EL_NINO,351011,wet_day_freq,34.08,28.53,-5.55
MRI-ESM2-0,HOT_DRY,EL_NINO,351011,wet_day_freq,25.7,10.12,-15.58
ACCESS-ESM1-5,HOT_DRY,EL_NINO,351012,CDD,17.58,9.0,-8.58
CanESM5,HOT_DRY,EL_NINO,351012,CDD,0.76,5.57,4.81
CESM2,HOT_DRY,EL_NINO,351012,CDD,8.05,32.32,24.27
EC-Earth3,HOT_DRY,EL_NINO,351012,CDD,1.45,12.7,11.25
FGOALS-g3,HOT_DRY,EL_NINO,351012,CDD,15.81,12.09,-3.72
MIROC6,HOT_DRY,EL_NINO,351012,CDD,17.29,20.89,3.6
MRI-ESM2-0,HOT_DRY,EL_NINO,351012,CDD,3.03,7.59,4.56
ACCESS-ESM1-5,HOT_DRY,EL_NINO,351012,CWD,15.09,22.84,7.75
CanESM5,HOT_DRY,EL_NINO,351012,CWD,7.43,51.93,44.5
CESM2,HOT_DRY,EL_NINO,351012,CWD,38.17,78.21,40.04
EC-Earth3,HOT_DRY,EL_NINO,351012,CWD,6.56,12.33,5.77
FGOALS-g3,HOT_DRY,EL_NINO,351012,CWD,35.19,14.71,-20.48
MIROC6,HOT_DRY,EL_NINO,351012,CWD,47.91,12.87,-35.04
MRI-ESM2-0,HOT_DRY,EL_NINO,351012,CWD,5.06,2.45,-2.61
ACCESS-ESM1-5,HOT_DRY,EL_NINO,351012,PRCPTOT,45.1,60.73,15.63
CanESM5,HOT_DRY,EL_NINO,351012,PRCPTOT,44.94,35.86,-9.08
CESM2,HOT_DRY,EL_NINO,351012,PRCPTOT,5.69,153.74,148.05
EC-Earth3,HOT_DRY,EL_NINO,351012,PRCPTOT,0.35,47.45,47.1
FGOALS-g3,HOT_DRY,EL_NINO,351012,PRCPTOT,25.72,2.66,-23.06
MIROC6,HOT_DRY,EL_NINO,351012,PRCPTOT,35.19,17.52,-17.67
MRI-ESM2-0,HOT_DRY,EL_NINO,351012,PRCPTOT,26.82,9.82,-17.0
ACCESS-ESM1-5,HOT_DRY,EL_NINO,351012,R20mm,3.85,23.78,19.93
CanESM5,HOT_DRY,EL_NINO,351012,R20mm,28.85,153.85,125.0
CESM2,HOT_DRY,EL_NINO,351012,R20mm,216.35,153.85,-62.5
EC-Earth3,HOT_DRY,EL_NINO,351012,R20mm,216.35,85.1,-131.25
FGOALS-g3,HOT_DRY,EL_NINO,351012,R20mm,33.65,38.47,4.82
MIROC6,HOT_DRY,EL_NINO,351012,R20mm,100.28,38.47,-61.81
MRI-ESM2-0,HOT_DRY,EL_NINO,351012,R20mm,153.85,56.63,-97.22
ACCESS-ESM1-5,HOT_DRY,EL_NINO,351012,R50mm,25.0,62.5,37.5
CanESM5,HOT_DRY,EL_NINO,351012,R50mm,25.0,0.0,-25.0
CESM2,HOT_DRY,EL_NINO,351012,R50mm,25.0,25.0,0.0
EC-Earth3,HOT_DRY,EL_NINO,351012,R50mm,25.0,208.33,183.33
FGOALS-g3,HOT_DRY,EL_NINO,351012,R50mm,125.0,31.25,-93.75
MIROC6,HOT_DRY,EL_NINO,351012,R50mm,25.0,125.0,100.0
MRI-ESM2-0,HOT_DRY,EL_NINO,351012,R50mm,25.0,0.0,-25.0
ACCESS-ESM1-5,HOT_DRY,EL_NINO,351012,R95p,71.62,101.51,29.89
CanESM5,HOT_DRY,EL_NINO,351012,R95p,71.62,22.74,-48.88
CESM2,HOT_DRY,EL_NINO,351012,R95p,71.62,1396.35,1324.73
EC-Earth3,HOT_DRY,EL_NINO,351012,R95p,71.62,135.6,63.98
FGOALS-g3,HOT_DRY,EL_NINO,351012,R95p,122.18,9.22,-112.96
MIROC6,HOT_DRY,EL_NINO,351012,R95p,71.62,67.03,-4.59
MRI-ESM2-0,HOT_DRY,EL_NINO,351012,R95p,71.62,161.25,89.63
ACCESS-ESM1-5,HOT_DRY,EL_NINO,351012,R99p,0.0,100.0,100.0
CanESM5,HOT_DRY,EL_NINO,351012,R99p,0.0,0.0,0.0
CESM2,HOT_DRY,EL_NINO,351012,R99p,0.0,0.0,0.0
EC-Earth3,HOT_DRY,EL_NINO,351012,R99p,0.0,0.0,0.0
FGOALS-g3,HOT_DRY,EL_NINO,351012,R99p,0.0,0.0,0.0
MIROC6,HOT_DRY,EL_NINO,351012,R99p,0.0,0.0,0.0
MRI-ESM2-0,HOT_DRY,EL_NINO,351012,R99p,0.0,0.0,0.0
ACCESS-ESM1-5,HOT_DRY,EL_NINO,351012,Rx1day,132.52,102.08,-30.44
CanESM5,HOT_DRY,EL_NINO,351012,Rx1day,136.2,85.34,-50.86
CESM2,HOT_DRY,EL_NINO,351012,Rx1day,75.91,28.1,-47.81
EC-Earth3,HOT_DRY,EL_NINO,351012,Rx1day,52.38,39.78,-12.6
FGOALS-g3,HOT_DRY,EL_NINO,351012,Rx1day,119.35,56.28,-63.07
MIROC6,HOT_DRY,EL_NINO,351012,Rx1day,46.61,119.98,73.37
MRI-ESM2-0,HOT_DRY,EL_NINO,351012,Rx1day,108.83,95.41,-13.42
ACCESS-ESM1-5,HOT_DRY,EL_NINO,351012,Rx5day,84.57,110.59,26.02
CanESM5,HOT_DRY,EL_NINO,351012,Rx5day,97.12,4.71,-92.41
CESM2,HOT_DRY,EL_NINO,351012,Rx5day,22.31,107.39,85.08
EC-Earth3,HOT_DRY,EL_NINO,351012,Rx5day,27.43,45.77,18.34
FGOALS-g3,HOT_DRY,EL_NINO,351012,Rx5day,77.57,5.35,-72.22
MIROC6,HOT_DRY,EL_NINO,351012,Rx5day,7.4,70.94,63.54
MRI-ESM2-0,HOT_DRY,EL_NINO,351012,Rx5day,74.33,37.46,-36.87
ACCESS-ESM1-5,HOT_DRY,EL_NINO,351012,SDII,120.17,117.04,-3.13
CanESM5,HOT_DRY,EL_NINO,351012,SDII,136.5,86.43,-50.07
CESM2,HOT_DRY,EL_NINO,351012,SDII,95.87,39.56,-56.31
EC-Earth3,HOT_DRY,EL_NINO,351012,SDII,95.82,74.56,-21.26
FGOALS-g3,HOT_DRY,EL_NINO,351012,SDII,136.67,56.75,-79.92
MIROC6,HOT_DRY,EL_NINO,351012,SDII,75.66,108.94,33.28
MRI-ESM2-0,HOT_DRY,EL_NINO,351012,SDII,123.28,96.71,-26.57
ACCESS-ESM1-5,HOT_DRY,EL_NINO,351012,wet_day_freq,11.37,0.93,-10.44
CanESM5,HOT_DRY,EL_NINO,351012,wet_day_freq,26.29,50.78,24.49
CESM2,HOT_DRY,EL_NINO,351012,wet_day_freq,36.47,85.55,49.08
EC-Earth3,HOT_DRY,EL_NINO,351012,wet_day_freq,30.23,48.05,17.82
FGOALS-g3,HOT_DRY,EL_NINO,351012,wet_day_freq,40.11,14.19,-25.92
MIROC6,HOT_DRY,EL_NINO,351012,wet_day_freq,39.28,21.66,-17.62
MRI-ESM2-0,HOT_DRY,EL_NINO,351012,wet_day_freq,34.43,40.26,5.83
ACCESS-ESM1-5,HOT_DRY,EL_NINO,351201,CDD,13.22,20.28,7.06
CanESM5,HOT_DRY,EL_NINO,351201,CDD,19.52,6.83,-12.69
CESM2,HOT_DRY,EL_NINO,351201,CDD,35.35,51.05,15.7
EC-Earth3,HOT_DRY,EL_NINO,351201,CDD,26.6,39.25,12.65
FGOALS-g3,HOT_DRY,EL_NINO,351201,CDD,2.95,11.23,8.28
MIROC6,HOT_DRY,EL_NINO,351201,CDD,1.96,35.55,33.59
MRI-ESM2-0,HOT_DRY,EL_NINO,351201,CDD,14.06,0.59,-13.47
ACCESS-ESM1-5,HOT_DRY,EL_NINO,351201,CWD,7.72,0.26,-7.46
CanESM5,HOT_DRY,EL_NINO,351201,CWD,13.67,94.07,80.4
CESM2,HOT_DRY,EL_NINO,351201,CWD,61.61,115.22,53.61
EC-Earth3,HOT_DRY,EL_NINO,351201,CWD,34.66,25.45,-9.21
FGOALS-g3,HOT_DRY,EL_NINO,351201,CWD,56.29,31.89,-24.4
MIROC6,HOT_DRY,EL_NINO,351201,CWD,97.63,75.64,-21.99
MRI-ESM2-0,HOT_DRY,EL_NINO,351201,CWD,56.13,79.93,23.8
ACCESS-ESM1-5,HOT_DRY,EL_NINO,351201,PRCPTOT,38.21,59.68,21.47
CanESM5,HOT_DRY,EL_NINO,351201,PRCPTOT,30.42,69.93,39.51
CESM2,HOT_DRY,EL_NINO,351201,PRCPTOT,19.56,276.92,257.36
EC-Earth3,HOT_DRY,EL_NINO,351201,PRCPTOT,2.77,60.66,57.89
FGOALS-g3,HOT_DRY,EL_NINO,351201,PRCPTOT,11.2,40.15,28.95
MIROC6,HOT_DRY,EL_NINO,351201,PRCPTOT,73.62,6.2,-67.42
MRI-ESM2-0,HOT_DRY,EL_NINO,351201,PRCPTOT,15.02,18.59,3.57
ACCESS-ESM1-5,HOT_DRY,EL_NINO,351201,R20mm,156.25,117.79,-38.46
CanESM5,HOT_DRY,EL_NINO,351201,R20mm,31.25,107.64,76.39
CESM2,HOT_DRY,EL_NINO,351201,R20mm,156.25,177.08,20.83
EC-Earth3,HOT_DRY,EL_NINO,351201,R20mm,58.04,31.25,-26.79
FGOALS-g3,HOT_DRY,EL_NINO,351201,R20mm,93.75,19.89,-73.86
MIROC6,HOT_DRY,EL_NINO,351201,R20mm,437.5,88.07,-349.43
MRI-ESM2-0,HOT_DRY,EL_NINO,351201,R20mm,156.25,13.39,-142.86
ACCESS-ESM1-5,HOT_DRY,EL_NINO,351201,R50mm,0.0,58.33,58.33
CanESM5,HOT_DRY,EL_NINO,351201,R50mm,0.0,56.25,56.25
CESM2,HOT_DRY,EL_NINO,351201,R50mm,0.0,0.0,0.0
EC-Earth3,HOT_DRY,EL_NINO,351201,R50mm,0.0,400.0,400.0
FGOALS-g3,HOT_DRY,EL_NINO,351201,R50mm,100.0,212.5,112.5
MIROC6,HOT_DRY,EL_NINO,351201,R50mm,0.0,16.67,16.67
MRI-ESM2-0,HOT_DRY,EL_NINO,351201,R50mm,0.0,87.5,87.5
ACCESS-ESM1-5,HOT_DRY,EL_NINO,351201,R95p,47.45,108.49,61.04
CanESM5,HOT_DRY,EL_NINO,351201,R95p,47.45,72.47,25.02
CESM2,HOT_DRY,EL_NINO,351201,R95p,147.45,47.45,-100.0
EC-Earth3,HOT_DRY,EL_NINO,351201,R95p,47.45,114.59,67.14
FGOALS-g3,HOT_DRY,EL_NINO,351201,R95p,52.37,132.49,80.12
MIROC6,HOT_DRY,EL_NINO,351201,R95p,47.45,63.53,16.08
MRI-ESM2-0,HOT_DRY,EL_NINO,351201,R95p,47.45,79.73,32.28
ACCESS-ESM1-5,HOT_DRY,EL_NINO,351201,R99p,99.67,199.67,100.0
CanESM5,HOT_DRY,EL_NINO,351201,R99p,99.67,18.01,-81.66
CESM2,HOT_DRY,EL_NINO,351201,R99p,99.67,99.67,0.0
EC-Earth3,HOT_DRY,EL_NINO,351201,R99p,99.67,99.67,0.0
FGOALS-g3,HOT_DRY,EL_NINO,351201,R99p,99.67,166.6,66.93
MIROC6,HOT_DRY,EL_NINO,351201,R99p,99.67,199.67,100.0
MRI-ESM2-0,HOT_DRY,EL_NINO,351201,R99p,99.67,99.67,0.0
ACCESS-ESM1-5,HOT_DRY,EL_NINO,351201,Rx1day,81.05,56.68,-24.37
CanESM5,HOT_DRY,EL_NINO,351201,Rx1day,50.09,19.59,-30.5
CESM2,HOT_DRY,EL_NINO,351201,Rx1day,11.59,187.1,175.51
EC-Earth3,HOT_DRY,EL_NINO,351201,Rx1day,17.95,61.22,43.27
FGOALS-g3,HOT_DRY,EL_NINO,351201,Rx1day,33.24,70.27,37.03
MIROC6,HOT_DRY,EL_NINO,351201,Rx1day,88.49,54.54,-33.95
MRI-ESM2-0,HOT_DRY,EL_NINO,351201,Rx1day,47.52,30.38,-17.14
ACCESS-ESM1-5,HOT_DRY,EL_NINO,351201,Rx5day,71.98,63.9,-8.08
CanESM5,HOT_DRY,EL_NINO,351201,Rx5day,42.42,69.06,26.64
CESM2,HOT_DRY,EL_NINO,351201,Rx5day,9.63,176.89,167.26
EC-Earth3,HOT_DRY,EL_NINO,351201,Rx5day,4.52,8.12,3.6
FGOALS-g3,HOT_DRY,EL_NINO,351201,Rx5day,22.87,71.05,48.18
MIROC6,HOT_DRY,EL_NINO,351201,Rx5day,96.23,28.85,-67.38
MRI-ESM2-0,HOT_DRY,EL_NINO,351201,Rx5day,38.22,17.45,-20.77
ACCESS-ESM1-5,HOT_DRY,EL_NINO,351201,SDII,91.18,82.0,-9.18
CanESM5,HOT_DRY,EL_NINO,351201,SDII,103.44,2.63,-100.81
CESM2,HOT_DRY,EL_NINO,351201,SDII,66.36,13.15,-53.21
EC-Earth3,HOT_DRY,EL_NINO,351201,SDII,75.23,46.32,-28.91
FGOALS-g3,HOT_DRY,EL_NINO,351201,SDII,103.61,33.51,-70.1
MIROC6,HOT_DRY,EL_NINO,351201,SDII,23.06,104.33,81.27
MRI-ESM2-0,HOT_DRY,EL_NINO,351201,SDII,93.4,39.6,-53.8
ACCESS-ESM1-5,HOT_DRY,EL_NINO,351201,wet_day_freq,15.0,10.91,-4.09
CanESM5,HOT_DRY,EL_NINO,351201,wet_day_freq,35.49,49.02,13.53
CESM2,HOT_DRY,EL_NINO,351201,wet_day_freq,47.76,120.09,72.33
EC-Earth3,HOT_DRY,EL_NINO,351201,wet_day_freq,43.15,62.17,19.02
FGOALS-g3,HOT_DRY,EL_NINO,351201,wet_day_freq,49.31,41.79,-7.52
MIROC6,HOT_DRY,EL_NINO,351201,wet_day_freq,52.08,75.06,22.98
MRI-ESM2-0,HOT_DRY,EL_NINO,351201,wet_day_freq,43.7,37.37,-6.33
ACCESS-ESM1-5,HOT_DRY,LA_NINA,351001,CDD,2.59,5.35,2.76
CanESM5,HOT_DRY,LA_NINA,351001,CDD,0.68,4.44,3.76
CESM2,HOT_DRY,LA_NINA,351001,CDD,13.02,53.08,40.06
EC-Earth3,HOT_DRY,LA_NINA,351001,CDD,6.92,5.8,-1.12
FGOALS-g3,HOT_DRY,LA_NINA,351001,CDD,7.73,16.42,8.69
MIROC6,HOT_DRY,LA_NINA,351001,CDD,29.05,38.23,9.18
MRI-ESM2-0,HOT_DRY,LA_NINA,351001,CDD,10.06,7.51,-2.55
ACCESS-ESM1-5,HOT_DRY,LA_NINA,351001,CWD,65.93,71.43,5.5
CanESM5,HOT_DRY,LA_NINA,351001,CWD,63.38,49.86,-13.52
CESM2,HOT_DRY,LA_NINA,351001,CWD,35.44,40.31,4.87
EC-Earth3,HOT_DRY,LA_NINA,351001,CWD,69.09,62.04,-7.05
FGOALS-g3,HOT_DRY,LA_NINA,351001,CWD,2.64,11.79,9.15
MIROC6,HOT_DRY,LA_NINA,351001,CWD,28.8,9.26,-19.54
MRI-ESM2-0,HOT_DRY,LA_NINA,351001,CWD,29.97,44.45,14.48
ACCESS-ESM1-5,HOT_DRY,LA_NINA,351001,PRCPTOT,11.74,46.94,35.2
CanESM5,HOT_DRY,LA_NINA,351001,PRCPTOT,1.48,23.59,22.11
CESM2,HOT_DRY,LA_NINA,351001,PRCPTOT,29.33,65.59,36.26
EC-Earth3,HOT_DRY,LA_NINA,351001,PRCPTOT,13.26,26.69,13.43
FGOALS-g3,HOT_DRY,LA_NINA,351001,PRCPTOT,24.01,42.34,18.33
MIROC6,HOT_DRY,LA_NINA,351001,PRCPTOT,85.68,59.55,-26.13
MRI-ESM2-0,HOT_DRY,LA_NINA,351001,PRCPTOT,16.67,69.95,53.28
ACCESS-ESM1-5,HOT_DRY,LA_NINA,351001,R20mm,62.03,43.87,-18.16
CanESM5,HOT_DRY,LA_NINA,351001,R20mm,48.14,31.48,-16.66
CESM2,HOT_DRY,LA_NINA,351001,R20mm,312.97,85.19,-227.78
EC-Earth3,HOT_DRY,LA_NINA,351001,R20mm,66.66,52.42,-14.24
FGOALS-g3,HOT_DRY,LA_NINA,351001,R20mm,48.14,17.51,-30.63
MIROC6,HOT_DRY,LA_NINA,351001,R20mm,535.19,62.97,-472.22
MRI-ESM2-0,HOT_DRY,LA_NINA,351001,R20mm,21.3,187.97,166.67
ACCESS-ESM1-5,HOT_DRY,LA_NINA,351001,R50mm,29.63,101.85,72.22
CanESM5,HOT_DRY,LA_NINA,351001,R50mm,29.63,92.59,62.96
CESM2,HOT_DRY,LA_NINA,351001,R50mm,29.63,18.52,-11.11
EC-Earth3,HOT_DRY,LA_NINA,351001,R50mm,29.63,87.96,58.33
FGOALS-g3,HOT_DRY,LA_NINA,351001,R50mm,18.52,37.04,18.52
MIROC6,HOT_DRY,LA_NINA,351001,R50mm,29.63,55.56,25.93
MRI-ESM2-0,HOT_DRY,LA_NINA,351001,R50mm,29.63,29.63,0.0
ACCESS-ESM1-5,HOT_DRY,LA_NINA,351001,R95p,39.89,22.74,-17.15
CanESM5,HOT_DRY,LA_NINA,351001,R95p,39.89,39.02,-0.87
CESM2,HOT_DRY,LA_NINA,351001,R95p,39.89,150.57,110.68
EC-Earth3,HOT_DRY,LA_NINA,351001,R95p,39.89,13.77,-26.12
FGOALS-g3,HOT_DRY,LA_NINA,351001,R95p,19.74,45.41,25.67
MIROC6,HOT_DRY,LA_NINA,351001,R95p,39.89,71.26,31.37
MRI-ESM2-0,HOT_DRY,LA_NINA,351001,R95p,39.89,119.11,79.22
ACCESS-ESM1-5,HOT_DRY,LA_NINA,351001,R99p,82.98,17.02,-65.96
CanESM5,HOT_DRY,LA_NINA,351001,R99p,82.98,17.02,-65.96
CESM2,HOT_DRY,LA_NINA,351001,R99p,82.98,82.98,0.0
EC-Earth3,HOT_DRY,LA_NINA,351001,R99p,82.98,51.51,-31.47
FGOALS-g3,HOT_DRY,LA_NINA,351001,R99p,82.98,17.02,-65.96
MIROC6,HOT_DRY,LA_NINA,351001,R99p,82.98,210.31,127.33
MRI-ESM2-0,HOT_DRY,LA_NINA,351001,R99p,82.98,82.98,0.0
ACCESS-ESM1-5,HOT_DRY,LA_NINA,351001,Rx1day,2.92,12.61,9.69
CanESM5,HOT_DRY,LA_NINA,351001,Rx1day,29.35,29.43,0.08
CESM2,HOT_DRY,LA_NINA,351001,Rx1day,99.15,102.32,3.17
EC-Earth3,HOT_DRY,LA_NINA,351001,Rx1day,25.62,36.73,11.11
FGOALS-g3,HOT_DRY,LA_NINA,351001,Rx1day,45.82,24.95,-20.87
MIROC6,HOT_DRY,LA_NINA,351001,Rx1day,162.08,43.67,-118.41
MRI-ESM2-0,HOT_DRY,LA_NINA,351001,Rx1day,52.86,66.13,13.27
ACCESS-ESM1-5,HOT_DRY,LA_NINA,351001,Rx5day,8.09,37.64,29.55
CanESM5,HOT_DRY,LA_NINA,351001,Rx5day,5.8,3.8,-2.0
CESM2,HOT_DRY,LA_NINA,351001,Rx5day,78.12,39.06,-39.06
EC-Earth3,HOT_DRY,LA_NINA,351001,Rx5day,12.47,15.87,3.4
FGOALS-g3,HOT_DRY,LA_NINA,351001,Rx5day,30.58,31.6,1.02
MIROC6,HOT_DRY,LA_NINA,351001,Rx5day,144.61,37.44,-107.17
MRI-ESM2-0,HOT_DRY,LA_NINA,351001,Rx5day,33.02,40.61,7.59
ACCESS-ESM1-5,HOT_DRY,LA_NINA,351001,SDII,21.24,3.79,-17.45
CanESM5,HOT_DRY,LA_NINA,351001,SDII,12.15,13.33,1.18
CESM2,HOT_DRY,LA_NINA,351001,SDII,40.74,16.68,-24.06
EC-Earth3,HOT_DRY,LA_NINA,351001,SDII,16.77,4.06,-12.71
FGOALS-g3,HOT_DRY,LA_NINA,351001,SDII,2.85,17.87,15.02
MIROC6,HOT_DRY,LA_NINA,351001,SDII,76.34,10.07,-66.27
MRI-ESM2-0,HOT_DRY,LA_NINA,351001,SDII,33.2,59.64,26.44
ACCESS-ESM1-5,HOT_DRY,LA_NINA,351001,wet_day_freq,25.14,52.35,27.21
CanESM5,HOT_DRY,LA_NINA,351001,wet_day_freq,4.93,5.56,0.63
CESM2,HOT_DRY,LA_NINA,351001,wet_day_freq,4.52,25.94,21.42
EC-Earth3,HOT_DRY,LA_NINA,351001,wet_day_freq,19.41,21.41,2.0
FGOALS-g3,HOT_DRY,LA_NINA,351001,wet_day_freq,36.76,28.5,-8.26
MIROC6,HOT_DRY,LA_NINA,351001,wet_day_freq,8.24,48.52,40.28
MRI-ESM2-0,HOT_DRY,LA_NINA,351001,wet_day_freq,10.28,12.44,2.16
ACCESS-ESM1-5,HOT_DRY,LA_NINA,351002,CDD,3.08,23.24,20.16
CanESM5,HOT_DRY,LA_NINA,351002,CDD,1.17,2.79,1.62
CESM2,HOT_DRY,LA_NINA,351002,CDD,13.51,25.95,12.44
EC-Earth3,HOT_DRY,LA_NINA,351002,CDD,7.41,7.81,0.4
FGOALS-g3,HOT_DRY,LA_NINA,351002,CDD,8.22,13.97,5.75
MIROC6,HOT_DRY,LA_NINA,351002,CDD,28.56,25.43,-3.13
MRI-ESM2-0,HOT_DRY,LA_NINA,351002,CDD,9.57,12.4,2.83
ACCESS-ESM1-5,HOT_DRY,LA_NINA,351002,CWD,47.41,60.85,13.44
CanESM5,HOT_DRY,LA_NINA,351002,CWD,44.86,12.96,-31.9
CESM2,HOT_DRY,LA_NINA,351002,CWD,16.92,18.52,1.6
EC-Earth3,HOT_DRY,LA_NINA,351002,CWD,50.57,38.99,-11.58
FGOALS-g3,HOT_DRY,LA_NINA,351002,CWD,21.16,14.81,-6.35
MIROC6,HOT_DRY,LA_NINA,351002,CWD,47.32,4.63,-42.69
MRI-ESM2-0,HOT_DRY,LA_NINA,351002,CWD,11.45,14.25,2.8
ACCESS-ESM1-5,HOT_DRY,LA_NINA,351002,PRCPTOT,29.53,57.95,28.42
CanESM5,HOT_DRY,LA_NINA,351002,PRCPTOT,19.27,42.1,22.83
CESM2,HOT_DRY,LA_NINA,351002,PRCPTOT,11.54,31.03,19.49
EC-Earth3,HOT_DRY,LA_NINA,351002,PRCPTOT,31.05,43.19,12.14
FGOALS-g3,HOT_DRY,LA_NINA,351002,PRCPTOT,6.22,24.06,17.84
MIROC6,HOT_DRY,LA_NINA,351002,PRCPTOT,67.89,14.54,-53.35
MRI-ESM2-0,HOT_DRY,LA_NINA,351002,PRCPTOT,1.12,44.69,43.57
ACCESS-ESM1-5,HOT_DRY,LA_NINA,351002,R20mm,106.48,37.04,-69.44
CanESM5,HOT_DRY,LA_NINA,351002,R20mm,92.59,120.37,27.78
CESM2,HOT_DRY,LA_NINA,351002,R20mm,268.52,240.74,-27.78
EC-Earth3,HOT_DRY,LA_NINA,351002,R20mm,111.11,113.43,2.32
FGOALS-g3,HOT_DRY,LA_NINA,351002,R20mm,92.59,18.52,-74.07
MIROC6,HOT_DRY,LA_NINA,351002,R20mm,490.74,92.59,-398.15
MRI-ESM2-0,HOT_DRY,LA_NINA,351002,R20mm,23.15,296.29,273.14
ACCESS-ESM1-5,HOT_DRY,LA_NINA,351002,R50mm,38.89,111.11,72.22
CanESM5,HOT_DRY,LA_NINA,351002,R50mm,38.89,138.89,100.0
CESM2,HOT_DRY,LA_NINA,351002,R50mm,38.89,38.89,0.0
EC-Earth3,HOT_DRY,LA_NINA,351002,R50mm,38.89,83.33,44.44
FGOALS-g3,HOT_DRY,LA_NINA,351002,R50mm,27.78,138.89,111.11
MIROC6,HOT_DRY,LA_NINA,351002,R50mm,38.89,27.78,-11.11
MRI-ESM2-0,HOT_DRY,LA_NINA,351002,R50mm,38.89,38.89,0.0
ACCESS-ESM1-5,HOT_DRY,LA_NINA,351002,R95p,70.43,153.98,83.55
CanESM5,HOT_DRY,LA_NINA,351002,R95p,70.43,170.43,100.0
CESM2,HOT_DRY,LA_NINA,351002,R95p,70.43,70.43,0.0
EC-Earth3,HOT_DRY,LA_NINA,351002,R95p,70.43,119.62,49.19
FGOALS-g3,HOT_DRY,LA_NINA,351002,R95p,70.69,145.57,74.88
MIROC6,HOT_DRY,LA_NINA,351002,R95p,70.43,82.54,12.11
MRI-ESM2-0,HOT_DRY,LA_NINA,351002,R95p,70.43,70.43,0.0
ACCESS-ESM1-5,HOT_DRY,LA_NINA,351002,R99p,45.93,54.07,8.14
CanESM5,HOT_DRY,LA_NINA,351002,R99p,45.93,45.93,0.0
CESM2,HOT_DRY,LA_NINA,351002,R99p,45.93,45.93,0.0
EC-Earth3,HOT_DRY,LA_NINA,351002,R99p,45.93,45.93,0.0
FGOALS-g3,HOT_DRY,LA_NINA,351002,R99p,45.93,45.93,0.0
MIROC6,HOT_DRY,LA_NINA,351002,R99p,45.93,45.93,0.0
MRI-ESM2-0,HOT_DRY,LA_NINA,351002,R99p,45.93,45.93,0.0
ACCESS-ESM1-5,HOT_DRY,LA_NINA,351002,Rx1day,59.41,60.61,1.2
CanESM5,HOT_DRY,LA_NINA,351002,Rx1day,27.14,58.67,31.53
CESM2,HOT_DRY,LA_NINA,351002,Rx1day,42.66,5.84,-36.82
EC-Earth3,HOT_DRY,LA_NINA,351002,Rx1day,30.87,38.27,7.4
FGOALS-g3,HOT_DRY,LA_NINA,351002,Rx1day,10.67,40.65,29.98
MIROC6,HOT_DRY,LA_NINA,351002,Rx1day,105.59,17.38,-88.21
MRI-ESM2-0,HOT_DRY,LA_NINA,351002,Rx1day,3.63,36.22,32.59
ACCESS-ESM1-5,HOT_DRY,LA_NINA,351002,Rx5day,67.01,88.53,21.52
CanESM5,HOT_DRY,LA_NINA,351002,Rx5day,53.12,78.77,25.65
CESM2,HOT_DRY,LA_NINA,351002,Rx5day,19.2,47.83,28.63
EC-Earth3,HOT_DRY,LA_NINA,351002,Rx5day,71.39,78.77,7.38
FGOALS-g3,HOT_DRY,LA_NINA,351002,Rx5day,28.34,27.5,-0.84
MIROC6,HOT_DRY,LA_NINA,351002,Rx5day,85.69,42.03,-43.66
MRI-ESM2-0,HOT_DRY,LA_NINA,351002,Rx5day,25.9,13.87,-12.03
ACCESS-ESM1-5,HOT_DRY,LA_NINA,351002,SDII,9.88,17.41,7.53
CanESM5,HOT_DRY,LA_NINA,351002,SDII,18.97,8.88,-10.09
CESM2,HOT_DRY,LA_NINA,351002,SDII,9.62,12.6,2.98
EC-Earth3,HOT_DRY,LA_NINA,351002,SDII,14.35,32.33,17.98
FGOALS-g3,HOT_DRY,LA_NINA,351002,SDII,33.97,5.25,-28.72
MIROC6,HOT_DRY,LA_NINA,351002,SDII,45.22,26.71,-18.51
MRI-ESM2-0,HOT_DRY,LA_NINA,351002,SDII,2.08,27.72,25.64
ACCESS-ESM1-5,HOT_DRY,LA_NINA,351002,wet_day_freq,25.93,55.52,29.59
CanESM5,HOT_DRY,LA_NINA,351002,wet_day_freq,5.72,5.64,-0.08
CESM2,HOT_DRY,LA_NINA,351002,wet_day_freq,5.31,22.07,16.76
EC-Earth3,HOT_DRY,LA_NINA,351002,wet_day_freq,20.2,15.52,-4.68
FGOALS-g3,HOT_DRY,LA_NINA,351002,wet_day_freq,35.97,23.5,-12.47
MIROC6,HOT_DRY,LA_NINA,351002,wet_day_freq,7.45,32.79,25.34
MRI-ESM2-0,HOT_DRY,LA_NINA,351002,wet_day_freq,11.07,7.44,-3.63
ACCESS-ESM1-5,HOT_DRY,LA_NINA,351003,CDD,22.47,5.91,-16.56
CanESM5,HOT_DRY,LA_NINA,351003,CDD,12.33,1.95,-10.38
CESM2,HOT_DRY,LA_NINA,351003,CDD,27.45,38.06,10.61
EC-Earth3,HOT_DRY,LA_NINA,351003,CDD,11.47,19.59,8.12
FGOALS-g3,HOT_DRY,LA_NINA,351003,CDD,19.38,3.94,-15.44
MIROC6,HOT_DRY,LA_NINA,351003,CDD,14.22,15.5,1.28
MRI-ESM2-0,HOT_DRY,LA_NINA,351003,CDD,1.59,10.08,8.49
ACCESS-ESM1-5,HOT_DRY,LA_NINA,351003,CWD,7.02,15.28,8.26
CanESM5,HOT_DRY,LA_NINA,351003,CWD,6.99,43.43,36.44
CESM2,HOT_DRY,LA_NINA,351003,CWD,49.87,15.97,-33.9
EC-Earth3,HOT_DRY,LA_NINA,351003,CWD,10.15,7.02,-3.13
FGOALS-g3,HOT_DRY,LA_NINA,351003,CWD,73.01,72.22,-0.79
MIROC6,HOT_DRY,LA_NINA,351003,CWD,53.53,49.2,-4.33
MRI-ESM2-0,HOT_DRY,LA_NINA,351003,CWD,40.4,29.36,-11.04
ACCESS-ESM1-5,HOT_DRY,LA_NINA,351003,PRCPTOT,37.48,69.98,32.5
CanESM5,HOT_DRY,LA_NINA,351003,PRCPTOT,22.66,49.48,26.82
CESM2,HOT_DRY,LA_NINA,351003,PRCPTOT,4.92,30.37,25.45
EC-Earth3,HOT_DRY,LA_NINA,351003,PRCPTOT,36.33,56.53,20.2
FGOALS-g3,HOT_DRY,LA_NINA,351003,PRCPTOT,2.83,17.62,14.79
MIROC6,HOT_DRY,LA_NINA,351003,PRCPTOT,55.6,51.6,-4.0
MRI-ESM2-0,HOT_DRY,LA_NINA,351003,PRCPTOT,4.51,17.24,12.73
ACCESS-ESM1-5,HOT_DRY,LA_NINA,351003,R20mm,19.05,78.11,59.06
CanESM5,HOT_DRY,LA_NINA,351003,R20mm,63.49,46.4,-17.09
CESM2,HOT_DRY,LA_NINA,351003,R20mm,269.84,7.94,-261.9
EC-Earth3,HOT_DRY,LA_NINA,351003,R20mm,77.38,63.49,-13.89
FGOALS-g3,HOT_DRY,LA_NINA,351003,R20mm,63.49,29.1,-34.39
MIROC6,HOT_DRY,LA_NINA,351003,R20mm,214.28,58.73,-155.55
MRI-ESM2-0,HOT_DRY,LA_NINA,351003,R20mm,5.95,14.28,8.33
ACCESS-ESM1-5,HOT_DRY,LA_NINA,351003,R50mm,16.67,46.29,29.62
CanESM5,HOT_DRY,LA_NINA,351003,R50mm,16.67,64.81,48.14
CESM2,HOT_DRY,LA_NINA,351003,R50mm,16.67,16.67,0.0
EC-Earth3,HOT_DRY,LA_NINA,351003,R50mm,16.67,38.89,22.22
FGOALS-g3,HOT_DRY,LA_NINA,351003,R50mm,27.78,0.0,-27.78
MIROC6,HOT_DRY,LA_NINA,351003,R50mm,16.67,55.56,38.89
MRI-ESM2-0,HOT_DRY,LA_NINA,351003,R50mm,16.67,27.77,11.1
ACCESS-ESM1-5,HOT_DRY,LA_NINA,351003,R95p,83.47,130.47,47.0
CanESM5,HOT_DRY,LA_NINA,351003,R95p,83.47,161.5,78.03
CESM2,HOT_DRY,LA_NINA,351003,R95p,83.47,241.8,158.33
EC-Earth3,HOT_DRY,LA_NINA,351003,R95p,83.47,140.25,56.78
FGOALS-g3,HOT_DRY,LA_NINA,351003,R95p,63.95,94.19,30.24
MIROC6,HOT_DRY,LA_NINA,351003,R95p,83.47,32.89,-50.58
MRI-ESM2-0,HOT_DRY,LA_NINA,351003,R95p,83.47,64.18,-19.29
ACCESS-ESM1-5,HOT_DRY,LA_NINA,351003,R99p,47.88,26.8,-21.08
CanESM5,HOT_DRY,LA_NINA,351003,R99p,47.88,38.72,-9.16
CESM2,HOT_DRY,LA_NINA,351003,R99p,47.88,47.88,0.0
EC-Earth3,HOT_DRY,LA_NINA,351003,R99p,47.88,37.51,-10.37
FGOALS-g3,HOT_DRY,LA_NINA,351003,R99p,47.88,6.66,-41.22
MIROC6,HOT_DRY,LA_NINA,351003,R99p,47.88,172.36,124.48
MRI-ESM2-0,HOT_DRY,LA_NINA,351003,R99p,47.88,7.13,-40.75
ACCESS-ESM1-5,HOT_DRY,LA_NINA,351003,Rx1day,15.99,27.59,11.6
CanESM5,HOT_DRY,LA_NINA,351003,Rx1day,11.4,19.72,8.32
CESM2,HOT_DRY,LA_NINA,351003,Rx1day,54.1,127.22,73.12
EC-Earth3,HOT_DRY,LA_NINA,351003,Rx1day,25.13,47.11,21.98
FGOALS-g3,HOT_DRY,LA_NINA,351003,Rx1day,5.07,10.27,5.2
MIROC6,HOT_DRY,LA_NINA,351003,Rx1day,61.66,3.22,-58.44
MRI-ESM2-0,HOT_DRY,LA_NINA,351003,Rx1day,12.11,0.93,-11.18
ACCESS-ESM1-5,HOT_DRY,LA_NINA,351003,Rx5day,1.62,28.31,26.69
CanESM5,HOT_DRY,LA_NINA,351003,Rx5day,1.59,8.42,6.83
CESM2,HOT_DRY,LA_NINA,351003,Rx5day,58.67,45.71,-12.96
EC-Earth3,HOT_DRY,LA_NINA,351003,Rx5day,16.11,31.36,15.25
FGOALS-g3,HOT_DRY,LA_NINA,351003,Rx5day,23.19,19.32,-3.87
MIROC6,HOT_DRY,LA_NINA,351003,Rx5day,104.66,26.07,-78.59
MRI-ESM2-0,HOT_DRY,LA_NINA,351003,Rx5day,25.63,3.85,-21.78
ACCESS-ESM1-5,HOT_DRY,LA_NINA,351003,SDII,40.78,48.88,8.1
CanESM5,HOT_DRY,LA_NINA,351003,SDII,48.08,53.35,5.27
CESM2,HOT_DRY,LA_NINA,351003,SDII,21.94,7.02,-14.92
EC-Earth3,HOT_DRY,LA_NINA,351003,SDII,40.48,70.74,30.26
FGOALS-g3,HOT_DRY,LA_NINA,351003,SDII,63.08,38.19,-24.89
MIROC6,HOT_DRY,LA_NINA,351003,SDII,18.75,36.88,18.13
MRI-ESM2-0,HOT_DRY,LA_NINA,351003,SDII,27.03,16.7,-10.33
ACCESS-ESM1-5,HOT_DRY,LA_NINA,351003,wet_day_freq,27.33,56.98,29.65
CanESM5,HOT_DRY,LA_NINA,351003,wet_day_freq,4.9,1.81,-3.09
CESM2,HOT_DRY,LA_NINA,351003,wet_day_freq,4.13,6.46,2.33
EC-Earth3,HOT_DRY,LA_NINA,351003,wet_day_freq,23.84,24.54,0.7
FGOALS-g3,HOT_DRY,LA_NINA,351003,wet_day_freq,36.79,25.48,-11.31
MIROC6,HOT_DRY,LA_NINA,351003,wet_day_freq,0.32,42.34,42.02
MRI-ESM2-0,HOT_DRY,LA_NINA,351003,wet_day_freq,10.25,7.44,-2.81
ACCESS-ESM1-5,HOT_DRY,LA_NINA,351004,CDD,27.69,6.86,-20.83
CanESM5,HOT_DRY,LA_NINA,351004,CDD,17.55,19.7,2.15
CESM2,HOT_DRY,LA_NINA,351004,CDD,29.89,0.61,-29.28
EC-Earth3,HOT_DRY,LA_NINA,351004,CDD,16.69,2.62,-14.07
FGOALS-g3,HOT_DRY,LA_NINA,351004,CDD,24.6,14.44,-10.16
MIROC6,HOT_DRY,LA_NINA,351004,CDD,12.18,9.13,-3.05
MRI-ESM2-0,HOT_DRY,LA_NINA,351004,CDD,6.81,10.06,3.25
ACCESS-ESM1-5,HOT_DRY,LA_NINA,351004,CWD,5.15,42.73,37.58
CanESM5,HOT_DRY,LA_NINA,351004,CWD,5.18,44.97,39.79
CESM2,HOT_DRY,LA_NINA,351004,CWD,22.76,1.99,-20.77
EC-Earth3,HOT_DRY,LA_NINA,351004,CWD,22.32,4.09,-18.23
FGOALS-g3,HOT_DRY,LA_NINA,351004,CWD,60.84,104.49,43.65
MIROC6,HOT_DRY,LA_NINA,351004,CWD,87.0,76.72,-10.28
MRI-ESM2-0,HOT_DRY,LA_NINA,351004,CWD,28.23,6.62,-21.61
ACCESS-ESM1-5,HOT_DRY,LA_NINA,351004,PRCPTOT,15.16,50.06,34.9
CanESM5,HOT_DRY,LA_NINA,351004,PRCPTOT,0.34,25.68,25.34
CESM2,HOT_DRY,LA_NINA,351004,PRCPTOT,30.47,70.6,40.13
EC-Earth3,HOT_DRY,LA_NINA,351004,PRCPTOT,14.01,26.53,12.52
FGOALS-g3,HOT_DRY,LA_NINA,351004,PRCPTOT,25.15,34.73,9.58
MIROC6,HOT_DRY,LA_NINA,351004,PRCPTOT,86.82,50.66,-36.16
MRI-ESM2-0,HOT_DRY,LA_NINA,351004,PRCPTOT,17.81,41.6,23.79
ACCESS-ESM1-5,HOT_DRY,LA_NINA,351004,R20mm,38.89,83.33,44.44
CanESM5,HOT_DRY,LA_NINA,351004,R20mm,83.33,52.47,-30.86
CESM2,HOT_DRY,LA_NINA,351004,R20mm,277.78,9.26,-268.52
EC-Earth3,HOT_DRY,LA_NINA,351004,R20mm,97.22,72.22,-25.0
FGOALS-g3,HOT_DRY,LA_NINA,351004,R20mm,83.33,33.95,-49.38
MIROC6,HOT_DRY,LA_NINA,351004,R20mm,500.0,9.26,-490.74
MRI-ESM2-0,HOT_DRY,LA_NINA,351004,R20mm,13.89,3.97,-9.92
ACCESS-ESM1-5,HOT_DRY,LA_NINA,351004,R50mm,44.44,18.52,-25.92
CanESM5,HOT_DRY,LA_NINA,351004,R50mm,44.44,33.34,-11.1
CESM2,HOT_DRY,LA_NINA,351004,R50mm,44.44,44.44,0.0
EC-Earth3,HOT_DRY,LA_NINA,351004,R50mm,44.44,13.89,-30.55
FGOALS-g3,HOT_DRY,LA_NINA,351004,R50mm,55.55,37.03,-18.52
MIROC6,HOT_DRY,LA_NINA,351004,R50mm,44.44,0.0,-44.44
MRI-ESM2-0,HOT_DRY,LA_NINA,351004,R50mm,44.44,55.56,11.12
ACCESS-ESM1-5,HOT_DRY,LA_NINA,351004,R95p,46.55,31.0,-15.55
CanESM5,HOT_DRY,LA_NINA,351004,R95p,46.55,32.46,-14.09
CESM2,HOT_DRY,LA_NINA,351004,R95p,46.55,187.87,141.32
EC-Earth3,HOT_DRY,LA_NINA,351004,R95p,46.55,5.36,-41.19
FGOALS-g3,HOT_DRY,LA_NINA,351004,R95p,26.4,35.17,8.77
MIROC6,HOT_DRY,LA_NINA,351004,R95p,46.55,53.69,7.14
MRI-ESM2-0,HOT_DRY,LA_NINA,351004,R95p,46.55,3.32,-43.23
ACCESS-ESM1-5,HOT_DRY,LA_NINA,351004,R99p,50.12,49.88,-0.24
CanESM5,HOT_DRY,LA_NINA,351004,R99p,50.12,22.68,-27.44
CESM2,HOT_DRY,LA_NINA,351004,R99p,50.12,50.12,0.0
EC-Earth3,HOT_DRY,LA_NINA,351004,R99p,50.12,12.91,-37.21
FGOALS-g3,HOT_DRY,LA_NINA,351004,R99p,50.12,0.9,-49.22
MIROC6,HOT_DRY,LA_NINA,351004,R99p,50.12,50.12,0.0
MRI-ESM2-0,HOT_DRY,LA_NINA,351004,R99p,50.12,50.12,0.0
ACCESS-ESM1-5,HOT_DRY,LA_NINA,351004,Rx1day,6.96,6.24,-0.72
CanESM5,HOT_DRY,LA_NINA,351004,Rx1day,11.55,1.12,-10.43
CESM2,HOT_DRY,LA_NINA,351004,Rx1day,81.35,99.2,17.85
EC-Earth3,HOT_DRY,LA_NINA,351004,Rx1day,2.18,9.99,7.81
FGOALS-g3,HOT_DRY,LA_NINA,351004,Rx1day,28.02,5.71,-22.31
MIROC6,HOT_DRY,LA_NINA,351004,Rx1day,144.28,29.49,-114.79
MRI-ESM2-0,HOT_DRY,LA_NINA,351004,Rx1day,35.06,9.05,-26.01
ACCESS-ESM1-5,HOT_DRY,LA_NINA,351004,Rx5day,3.22,35.07,31.85
CanESM5,HOT_DRY,LA_NINA,351004,Rx5day,6.43,9.56,3.13
CESM2,HOT_DRY,LA_NINA,351004,Rx5day,65.89,20.59,-45.3
EC-Earth3,HOT_DRY,LA_NINA,351004,Rx5day,20.95,25.41,4.46
FGOALS-g3,HOT_DRY,LA_NINA,351004,Rx5day,18.35,3.21,-15.14
MIROC6,HOT_DRY,LA_NINA,351004,Rx5day,132.38,16.4,-115.98
MRI-ESM2-0,HOT_DRY,LA_NINA,351004,Rx5day,20.79,5.03,-15.76
ACCESS-ESM1-5,HOT_DRY,LA_NINA,351004,SDII,4.53,20.5,15.97
CanESM5,HOT_DRY,LA_NINA,351004,SDII,11.83,1.54,-10.29
CESM2,HOT_DRY,LA_NINA,351004,SDII,16.76,2.25,-14.51
EC-Earth3,HOT_DRY,LA_NINA,351004,SDII,4.23,25.2,20.97
FGOALS-g3,HOT_DRY,LA_NINA,351004,SDII,26.83,46.14,19.31
MIROC6,HOT_DRY,LA_NINA,351004,SDII,52.36,10.14,-42.22
MRI-ESM2-0,HOT_DRY,LA_NINA,351004,SDII,9.22,8.75,-0.47
ACCESS-ESM1-5,HOT_DRY,LA_NINA,351004,wet_day_freq,19.64,65.38,45.74
CanESM5,HOT_DRY,LA_NINA,351004,wet_day_freq,2.79,6.97,4.18
CESM2,HOT_DRY,LA_NINA,351004,wet_day_freq,3.2,30.74,27.54
EC-Earth3,HOT_DRY,LA_NINA,351004,wet_day_freq,16.15,24.26,8.11
FGOALS-g3,HOT_DRY,LA_NINA,351004,wet_day_freq,44.48,53.03,8.55
MIROC6,HOT_DRY,LA_NINA,351004,wet_day_freq,15.96,42.71,26.75
MRI-ESM2-0,HOT_DRY,LA_NINA,351004,wet_day_freq,2.56,45.41,42.85
ACCESS-ESM1-5,HOT_DRY,LA_NINA,351005,CDD,13.74,4.19,-9.55
CanESM5,HOT_DRY,LA_NINA,351005,CDD,11.83,5.65,-6.18
CESM2,HOT_DRY,LA_NINA,351005,CDD,24.17,19.99,-4.18
EC-Earth3,HOT_DRY,LA_NINA,351005,CDD,40.28,9.85,-30.43
FGOALS-g3,HOT_DRY,LA_NINA,351005,CDD,18.88,2.46,-16.42
MIROC6,HOT_DRY,LA_NINA,351005,CDD,17.9,15.13,-2.77
MRI-ESM2-0,HOT_DRY,LA_NINA,351005,CDD,1.09,16.79,15.7
ACCESS-ESM1-5,HOT_DRY,LA_NINA,351005,CWD,24.02,18.96,-5.06
CanESM5,HOT_DRY,LA_NINA,351005,CWD,26.57,41.8,15.23
CESM2,HOT_DRY,LA_NINA,351005,CWD,54.51,40.09,-14.42
EC-Earth3,HOT_DRY,LA_NINA,351005,CWD,28.22,33.3,5.08
FGOALS-g3,HOT_DRY,LA_NINA,351005,CWD,92.59,108.47,15.88
MIROC6,HOT_DRY,LA_NINA,351005,CWD,118.75,115.41,-3.34
MRI-ESM2-0,HOT_DRY,LA_NINA,351005,CWD,59.98,31.54,-28.44
ACCESS-ESM1-5,HOT_DRY,LA_NINA,351005,PRCPTOT,40.94,71.55,30.61
CanESM5,HOT_DRY,LA_NINA,351005,PRCPTOT,30.68,49.15,18.47
CESM2,HOT_DRY,LA_NINA,351005,PRCPTOT,0.13,44.93,44.8
EC-Earth3,HOT_DRY,LA_NINA,351005,PRCPTOT,42.98,58.24,15.26
FGOALS-g3,HOT_DRY,LA_NINA,351005,PRCPTOT,5.19,24.92,19.73
MIROC6,HOT_DRY,LA_NINA,351005,PRCPTOT,56.48,18.48,-38.0
MRI-ESM2-0,HOT_DRY,LA_NINA,351005,PRCPTOT,12.53,58.9,46.37
ACCESS-ESM1-5,HOT_DRY,LA_NINA,351005,R20mm,72.71,19.14,-53.57
CanESM5,HOT_DRY,LA_NINA,351005,R20mm,58.82,40.31,-18.51
CESM2,HOT_DRY,LA_NINA,351005,R20mm,302.29,52.29,-250.0
EC-Earth3,HOT_DRY,LA_NINA,351005,R20mm,58.82,63.87,5.05
FGOALS-g3,HOT_DRY,LA_NINA,351005,R20mm,58.82,15.25,-43.57
MIROC6,HOT_DRY,LA_NINA,351005,R20mm,524.51,36.41,-488.1
MRI-ESM2-0,HOT_DRY,LA_NINA,351005,R20mm,10.62,200.43,189.81
ACCESS-ESM1-5,HOT_DRY,LA_NINA,351005,R50mm,122.22,203.7,81.48
CanESM5,HOT_DRY,LA_NINA,351005,R50mm,122.22,194.44,72.22
CESM2,HOT_DRY,LA_NINA,351005,R50mm,122.22,122.22,0.0
EC-Earth3,HOT_DRY,LA_NINA,351005,R50mm,122.22,166.66,44.44
FGOALS-g3,HOT_DRY,LA_NINA,351005,R50mm,111.11,138.89,27.78
MIROC6,HOT_DRY,LA_NINA,351005,R50mm,122.22,166.66,44.44
MRI-ESM2-0,HOT_DRY,LA_NINA,351005,R50mm,122.22,122.22,0.0
ACCESS-ESM1-5,HOT_DRY,LA_NINA,351005,R95p,283.17,349.1,65.93
CanESM5,HOT_DRY,LA_NINA,351005,R95p,283.17,351.97,68.8
CESM2,HOT_DRY,LA_NINA,351005,R95p,181.17,26.65,-154.52
EC-Earth3,HOT_DRY,LA_NINA,351005,R95p,283.17,307.42,24.25
FGOALS-g3,HOT_DRY,LA_NINA,351005,R95p,263.65,280.24,16.59
MIROC6,HOT_DRY,LA_NINA,351005,R95p,283.17,288.68,5.51
MRI-ESM2-0,HOT_DRY,LA_NINA,351005,R95p,283.17,283.17,0.0
ACCESS-ESM1-5,HOT_DRY,LA_NINA,351005,R99p,0.0,100.0,100.0
CanESM5,HOT_DRY,LA_NINA,351005,R99p,0.0,100.0,100.0
CESM2,HOT_DRY,LA_NINA,351005,R99p,0.0,0.0,0.0
EC-Earth3,HOT_DRY,LA_NINA,351005,R99p,0.0,0.0,0.0
FGOALS-g3,HOT_DRY,LA_NINA,351005,R99p,0.0,0.0,0.0
MIROC6,HOT_DRY,LA_NINA,351005,R99p,0.0,0.0,0.0
MRI-ESM2-0,HOT_DRY,LA_NINA,351005,R99p,0.0,0.0,0.0
ACCESS-ESM1-5,HOT_DRY,LA_NINA,351005,Rx1day,79.66,82.93,3.27
CanESM5,HOT_DRY,LA_NINA,351005,Rx1day,47.39,62.0,14.61
CESM2,HOT_DRY,LA_NINA,351005,Rx1day,22.41,32.0,9.59
EC-Earth3,HOT_DRY,LA_NINA,351005,Rx1day,49.8,44.2,-5.6
FGOALS-g3,HOT_DRY,LA_NINA,351005,Rx1day,30.92,41.05,10.13
MIROC6,HOT_DRY,LA_NINA,351005,Rx1day,85.34,34.05,-51.29
MRI-ESM2-0,HOT_DRY,LA_NINA,351005,Rx1day,23.88,5.58,-18.3
ACCESS-ESM1-5,HOT_DRY,LA_NINA,351005,Rx5day,67.37,90.9,23.53
CanESM5,HOT_DRY,LA_NINA,351005,Rx5day,53.48,70.98,17.5
CESM2,HOT_DRY,LA_NINA,351005,Rx5day,18.84,17.74,-1.1
EC-Earth3,HOT_DRY,LA_NINA,351005,Rx5day,64.5,73.12,8.62
FGOALS-g3,HOT_DRY,LA_NINA,351005,Rx5day,28.7,28.18,-0.52
MIROC6,HOT_DRY,LA_NINA,351005,Rx5day,85.33,32.63,-52.7
MRI-ESM2-0,HOT_DRY,LA_NINA,351005,Rx5day,26.26,15.8,-10.46
ACCESS-ESM1-5,HOT_DRY,LA_NINA,351005,SDII,46.0,61.69,15.69
CanESM5,HOT_DRY,LA_NINA,351005,SDII,55.09,43.8,-11.29
CESM2,HOT_DRY,LA_NINA,351005,SDII,26.5,46.55,20.05
EC-Earth3,HOT_DRY,LA_NINA,351005,SDII,51.75,65.4,13.65
FGOALS-g3,HOT_DRY,LA_NINA,351005,SDII,70.09,73.92,3.83
MIROC6,HOT_DRY,LA_NINA,351005,SDII,9.1,79.63,70.53
MRI-ESM2-0,HOT_DRY,LA_NINA,351005,SDII,34.04,22.15,-11.89
ACCESS-ESM1-5,HOT_DRY,LA_NINA,351005,wet_day_freq,2.28,26.71,24.43
CanESM5,HOT_DRY,LA_NINA,351005,wet_day_freq,17.93,12.89,-5.04
CESM2,HOT_DRY,LA_NINA,351005,wet_day_freq,18.34,52.42,34.08
EC-Earth3,HOT_DRY,LA_NINA,351005,wet_day_freq,3.57,0.28,-3.29
FGOALS-g3,HOT_DRY,LA_NINA,351005,wet_day_freq,59.62,61.21,1.59
MIROC6,HOT_DRY,LA_NINA,351005,wet_day_freq,31.1,78.28,47.18
MRI-ESM2-0,HOT_DRY,LA_NINA,351005,wet_day_freq,12.58,40.02,27.44
ACCESS-ESM1-5,HOT_DRY,LA_NINA,351006,CDD,14.7,9.37,-5.33
CanESM5,HOT_DRY,LA_NINA,351006,CDD,4.56,4.91,0.35
CESM2,HOT_DRY,LA_NINA,351006,CDD,7.91,8.1,0.19
EC-Earth3,HOT_DRY,LA_NINA,351006,CDD,3.7,5.73,2.03
FGOALS-g3,HOT_DRY,LA_NINA,351006,CDD,11.61,9.65,-1.96
MIROC6,HOT_DRY,LA_NINA,351006,CDD,21.99,19.08,-2.91
MRI-ESM2-0,HOT_DRY,LA_NINA,351006,CDD,14.32,22.09,7.77
ACCESS-ESM1-5,HOT_DRY,LA_NINA,351006,CWD,81.87,106.48,24.61
CanESM5,HOT_DRY,LA_NINA,351006,CWD,81.9,40.41,-41.49
CESM2,HOT_DRY,LA_NINA,351006,CWD,18.52,70.37,51.85
EC-Earth3,HOT_DRY,LA_NINA,351006,CWD,99.04,77.16,-21.88
FGOALS-g3,HOT_DRY,LA_NINA,351006,CWD,15.88,16.67,0.79
MIROC6,HOT_DRY,LA_NINA,351006,CWD,35.36,55.56,20.2
MRI-ESM2-0,HOT_DRY,LA_NINA,351006,CWD,47.46,72.92,25.46
ACCESS-ESM1-5,HOT_DRY,LA_NINA,351006,PRCPTOT,9.89,49.46,39.57
CanESM5,HOT_DRY,LA_NINA,351006,PRCPTOT,4.93,0.8,-4.13
CESM2,HOT_DRY,LA_NINA,351006,PRCPTOT,41.92,129.16,87.24
EC-Earth3,HOT_DRY,LA_NINA,351006,PRCPTOT,8.74,16.29,7.55
FGOALS-g3,HOT_DRY,LA_NINA,351006,PRCPTOT,30.42,54.39,23.97
MIROC6,HOT_DRY,LA_NINA,351006,PRCPTOT,83.19,48.34,-34.85
MRI-ESM2-0,HOT_DRY,LA_NINA,351006,PRCPTOT,27.15,84.95,57.8
ACCESS-ESM1-5,HOT_DRY,LA_NINA,351006,R20mm,23.28,29.71,6.43
CanESM5,HOT_DRY,LA_NINA,351006,R20mm,21.16,2.65,-18.51
CESM2,HOT_DRY,LA_NINA,351006,R20mm,145.5,117.72,-27.78
EC-Earth3,HOT_DRY,LA_NINA,351006,R20mm,35.05,10.05,-25.0
FGOALS-g3,HOT_DRY,LA_NINA,351006,R20mm,21.16,96.89,75.73
MIROC6,HOT_DRY,LA_NINA,351006,R20mm,256.61,69.11,-187.5
MRI-ESM2-0,HOT_DRY,LA_NINA,351006,R20mm,201.06,76.06,-125.0
ACCESS-ESM1-5,HOT_DRY,LA_NINA,351006,R50mm,55.56,7.4,-48.16
CanESM5,HOT_DRY,LA_NINA,351006,R50mm,55.56,25.92,-29.64
CESM2,HOT_DRY,LA_NINA,351006,R50mm,55.56,55.56,0.0
EC-Earth3,HOT_DRY,LA_NINA,351006,R50mm,55.56,11.12,-44.44
FGOALS-g3,HOT_DRY,LA_NINA,351006,R50mm,66.67,66.67,0.0
MIROC6,HOT_DRY,LA_NINA,351006,R50mm,55.56,38.89,-16.67
MRI-ESM2-0,HOT_DRY,LA_NINA,351006,R50mm,55.56,55.56,0.0
ACCESS-ESM1-5,HOT_DRY,LA_NINA,351006,R95p,43.08,23.38,-19.7
CanESM5,HOT_DRY,LA_NINA,351006,R95p,28.31,9.47,-18.84
CESM2,HOT_DRY,LA_NINA,351006,R95p,214.1,254.34,40.24
EC-Earth3,HOT_DRY,LA_NINA,351006,R95p,20.41,12.27,-8.14
FGOALS-g3,HOT_DRY,LA_NINA,351006,R95p,16.24,94.68,78.44
MIROC6,HOT_DRY,LA_NINA,351006,R95p,328.47,77.19,-251.28
MRI-ESM2-0,HOT_DRY,LA_NINA,351006,R95p,270.68,154.52,-116.16
ACCESS-ESM1-5,HOT_DRY,LA_NINA,351006,R99p,59.44,11.27,-48.17
CanESM5,HOT_DRY,LA_NINA,351006,R99p,59.44,6.1,-53.34
CESM2,HOT_DRY,LA_NINA,351006,R99p,59.44,59.44,0.0
EC-Earth3,HOT_DRY,LA_NINA,351006,R99p,59.44,36.02,-23.42
FGOALS-g3,HOT_DRY,LA_NINA,351006,R99p,78.96,67.25,-11.71
MIROC6,HOT_DRY,LA_NINA,351006,R99p,59.44,69.54,10.1
MRI-ESM2-0,HOT_DRY,LA_NINA,351006,R99p,59.44,398.1,338.66
ACCESS-ESM1-5,HOT_DRY,LA_NINA,351006,Rx1day,21.15,8.28,-12.87
CanESM5,HOT_DRY,LA_NINA,351006,Rx1day,25.74,36.17,10.43
CESM2,HOT_DRY,LA_NINA,351006,Rx1day,112.57,154.04,41.47
EC-Earth3,HOT_DRY,LA_NINA,351006,Rx1day,12.01,20.34,8.33
FGOALS-g3,HOT_DRY,LA_NINA,351006,Rx1day,42.21,31.84,-10.37
MIROC6,HOT_DRY,LA_NINA,351006,Rx1day,98.8,18.72,-80.08
MRI-ESM2-0,HOT_DRY,LA_NINA,351006,Rx1day,50.52,103.56,53.04
ACCESS-ESM1-5,HOT_DRY,LA_NINA,351006,Rx5day,10.52,32.02,21.5
CanESM5,HOT_DRY,LA_NINA,351006,Rx5day,7.31,14.34,7.03
CESM2,HOT_DRY,LA_NINA,351006,Rx5day,81.51,101.12,19.61
EC-Earth3,HOT_DRY,LA_NINA,351006,Rx5day,7.21,3.55,-3.66
FGOALS-g3,HOT_DRY,LA_NINA,351006,Rx5day,32.09,39.65,7.56
MIROC6,HOT_DRY,LA_NINA,351006,Rx5day,113.56,15.67,-97.89
MRI-ESM2-0,HOT_DRY,LA_NINA,351006,Rx5day,40.94,68.16,27.22
ACCESS-ESM1-5,HOT_DRY,LA_NINA,351006,SDII,26.04,21.22,-4.82
CanESM5,HOT_DRY,LA_NINA,351006,SDII,18.74,46.56,27.82
CESM2,HOT_DRY,LA_NINA,351006,SDII,47.86,64.64,16.78
EC-Earth3,HOT_DRY,LA_NINA,351006,SDII,26.34,5.68,-20.66
FGOALS-g3,HOT_DRY,LA_NINA,351006,SDII,3.74,28.61,24.87
MIROC6,HOT_DRY,LA_NINA,351006,SDII,85.57,4.47,-81.1
MRI-ESM2-0,HOT_DRY,LA_NINA,351006,SDII,42.49,42.68,0.19
ACCESS-ESM1-5,HOT_DRY,LA_NINA,351006,wet_day_freq,49.35,82.07,32.72
CanESM5,HOT_DRY,LA_NINA,351006,wet_day_freq,26.92,31.34,4.42
CESM2,HOT_DRY,LA_NINA,351006,wet_day_freq,21.77,5.56,-16.21
EC-Earth3,HOT_DRY,LA_NINA,351006,wet_day_freq,45.86,48.04,2.18
FGOALS-g3,HOT_DRY,LA_NINA,351006,wet_day_freq,14.77,1.31,-13.46
MIROC6,HOT_DRY,LA_NINA,351006,wet_day_freq,22.34,11.49,-10.85
MRI-ESM2-0,HOT_DRY,LA_NINA,351006,wet_day_freq,27.87,17.04,-10.83
ACCESS-ESM1-5,HOT_DRY,LA_NINA,351007,CDD,41.94,26.61,-15.33
CanESM5,HOT_DRY,LA_NINA,351007,CDD,31.8,22.11,-9.69
CESM2,HOT_DRY,LA_NINA,351007,CDD,19.33,7.84,-11.49
EC-Earth3,HOT_DRY,LA_NINA,351007,CDD,22.41,28.0,5.59
FGOALS-g3,HOT_DRY,LA_NINA,351007,CDD,22.69,5.83,-16.86
MIROC6,HOT_DRY,LA_NINA,351007,CDD,5.25,4.19,-1.06
MRI-ESM2-0,HOT_DRY,LA_NINA,351007,CDD,21.55,19.1,-2.45
ACCESS-ESM1-5,HOT_DRY,LA_NINA,351007,CWD,85.45,100.81,15.36
CanESM5,HOT_DRY,LA_NINA,351007,CWD,85.48,29.73,-55.75
CESM2,HOT_DRY,LA_NINA,351007,CWD,22.1,48.03,25.93
EC-Earth3,HOT_DRY,LA_NINA,351007,CWD,122.2,116.2,-6.0
FGOALS-g3,HOT_DRY,LA_NINA,351007,CWD,28.27,20.94,-7.33
MIROC6,HOT_DRY,LA_NINA,351007,CWD,38.94,101.23,62.29
MRI-ESM2-0,HOT_DRY,LA_NINA,351007,CWD,63.31,51.2,-12.11
ACCESS-ESM1-5,HOT_DRY,LA_NINA,351007,PRCPTOT,27.88,58.52,30.64
CanESM5,HOT_DRY,LA_NINA,351007,PRCPTOT,13.06,14.18,1.12
CESM2,HOT_DRY,LA_NINA,351007,PRCPTOT,23.93,59.0,35.07
EC-Earth3,HOT_DRY,LA_NINA,351007,PRCPTOT,39.83,50.81,10.98
FGOALS-g3,HOT_DRY,LA_NINA,351007,PRCPTOT,18.2,22.15,3.95
MIROC6,HOT_DRY,LA_NINA,351007,PRCPTOT,65.2,28.17,-37.03
MRI-ESM2-0,HOT_DRY,LA_NINA,351007,PRCPTOT,13.65,62.78,49.13
ACCESS-ESM1-5,HOT_DRY,LA_NINA,351007,R20mm,17.99,46.66,28.67
CanESM5,HOT_DRY,LA_NINA,351007,R20mm,26.45,35.71,9.26
CESM2,HOT_DRY,LA_NINA,351007,R20mm,140.21,640.21,500.0
EC-Earth3,HOT_DRY,LA_NINA,351007,R20mm,82.01,54.23,-27.78
FGOALS-g3,HOT_DRY,LA_NINA,351007,R20mm,112.43,117.99,5.56
MIROC6,HOT_DRY,LA_NINA,351007,R20mm,251.32,95.77,-155.55
MRI-ESM2-0,HOT_DRY,LA_NINA,351007,R20mm,306.88,195.77,-111.11
ACCESS-ESM1-5,HOT_DRY,LA_NINA,351007,R50mm,25.93,74.07,48.14
CanESM5,HOT_DRY,LA_NINA,351007,R50mm,25.93,25.93,0.0
CESM2,HOT_DRY,LA_NINA,351007,R50mm,25.93,25.93,0.0
EC-Earth3,HOT_DRY,LA_NINA,351007,R50mm,25.93,25.93,0.0
FGOALS-g3,HOT_DRY,LA_NINA,351007,R50mm,37.04,37.04,0.0
MIROC6,HOT_DRY,LA_NINA,351007,R50mm,25.93,25.93,0.0
MRI-ESM2-0,HOT_DRY,LA_NINA,351007,R50mm,25.93,25.93,0.0
ACCESS-ESM1-5,HOT_DRY,LA_NINA,351007,R95p,22.31,46.93,24.62
CanESM5,HOT_DRY,LA_NINA,351007,R95p,49.08,43.06,-6.02
CESM2,HOT_DRY,LA_NINA,351007,R95p,207.16,420.53,213.37
EC-Earth3,HOT_DRY,LA_NINA,351007,R95p,77.69,42.6,-35.09
FGOALS-g3,HOT_DRY,LA_NINA,351007,R95p,77.35,106.47,29.12
MIROC6,HOT_DRY,LA_NINA,351007,R95p,313.1,101.31,-211.79
MRI-ESM2-0,HOT_DRY,LA_NINA,351007,R95p,75.38,206.01,130.63
ACCESS-ESM1-5,HOT_DRY,LA_NINA,351007,R99p,33.5,45.58,12.08
CanESM5,HOT_DRY,LA_NINA,351007,R99p,33.5,38.65,5.15
CESM2,HOT_DRY,LA_NINA,351007,R99p,33.5,33.5,0.0
EC-Earth3,HOT_DRY,LA_NINA,351007,R99p,33.5,66.5,33.0
FGOALS-g3,HOT_DRY,LA_NINA,351007,R99p,5.49,43.73,38.24
MIROC6,HOT_DRY,LA_NINA,351007,R99p,33.5,158.1,124.6
MRI-ESM2-0,HOT_DRY,LA_NINA,351007,R99p,33.5,33.5,0.0
ACCESS-ESM1-5,HOT_DRY,LA_NINA,351007,Rx1day,7.88,14.69,6.81
CanESM5,HOT_DRY,LA_NINA,351007,Rx1day,12.47,13.87,1.4
CESM2,HOT_DRY,LA_NINA,351007,Rx1day,99.3,73.74,-25.56
EC-Earth3,HOT_DRY,LA_NINA,351007,Rx1day,19.23,11.43,-7.8
FGOALS-g3,HOT_DRY,LA_NINA,351007,Rx1day,24.75,34.0,9.25
MIROC6,HOT_DRY,LA_NINA,351007,Rx1day,85.53,19.7,-65.83
MRI-ESM2-0,HOT_DRY,LA_NINA,351007,Rx1day,20.78,50.19,29.41
ACCESS-ESM1-5,HOT_DRY,LA_NINA,351007,Rx5day,14.91,49.71,34.8
CanESM5,HOT_DRY,LA_NINA,351007,Rx5day,18.12,15.88,-2.24
CESM2,HOT_DRY,LA_NINA,351007,Rx5day,56.08,27.87,-28.21
EC-Earth3,HOT_DRY,LA_NINA,351007,Rx5day,49.99,49.3,-0.69
FGOALS-g3,HOT_DRY,LA_NINA,351007,Rx5day,23.21,36.35,13.14
MIROC6,HOT_DRY,LA_NINA,351007,Rx5day,88.13,1.91,-86.22
MRI-ESM2-0,HOT_DRY,LA_NINA,351007,Rx5day,21.02,61.55,40.53
ACCESS-ESM1-5,HOT_DRY,LA_NINA,351007,SDII,24.88,6.13,-18.75
CanESM5,HOT_DRY,LA_NINA,351007,SDII,17.58,20.6,3.02
CESM2,HOT_DRY,LA_NINA,351007,SDII,46.7,46.87,0.17
EC-Earth3,HOT_DRY,LA_NINA,351007,SDII,29.41,2.61,-26.8
FGOALS-g3,HOT_DRY,LA_NINA,351007,SDII,41.02,62.37,21.35
MIROC6,HOT_DRY,LA_NINA,351007,SDII,84.41,37.25,-47.16
MRI-ESM2-0,HOT_DRY,LA_NINA,351007,SDII,32.97,52.06,19.09
ACCESS-ESM1-5,HOT_DRY,LA_NINA,351007,wet_day_freq,57.49,75.02,17.53
CanESM5,HOT_DRY,LA_NINA,351007,wet_day_freq,35.06,24.61,-10.45
CESM2,HOT_DRY,LA_NINA,351007,wet_day_freq,29.91,8.27,-21.64
EC-Earth3,HOT_DRY,LA_NINA,351007,wet_day_freq,73.57,66.94,-6.63
FGOALS-g3,HOT_DRY,LA_NINA,351007,wet_day_freq,28.95,44.59,15.64
MIROC6,HOT_DRY,LA_NINA,351007,wet_day_freq,30.48,21.37,-9.11
MRI-ESM2-0,HOT_DRY,LA_NINA,351007,wet_day_freq,29.42,11.48,-17.94
ACCESS-ESM1-5,HOT_DRY,LA_NINA,351008,CDD,37.72,11.36,-26.36
CanESM5,HOT_DRY,LA_NINA,351008,CDD,27.58,19.73,-7.85
CESM2,HOT_DRY,LA_NINA,351008,CDD,39.92,19.02,-20.9
EC-Earth3,HOT_DRY,LA_NINA,351008,CDD,71.74,39.49,-32.25
FGOALS-g3,HOT_DRY,LA_NINA,351008,CDD,34.63,16.59,-18.04
MIROC6,HOT_DRY,LA_NINA,351008,CDD,2.15,14.28,12.13
MRI-ESM2-0,HOT_DRY,LA_NINA,351008,CDD,16.84,19.93,3.09
ACCESS-ESM1-5,HOT_DRY,LA_NINA,351008,CWD,132.59,137.39,4.8
CanESM5,HOT_DRY,LA_NINA,351008,CWD,132.62,68.08,-64.54
CESM2,HOT_DRY,LA_NINA,351008,CWD,104.68,120.77,16.09
EC-Earth3,HOT_DRY,LA_NINA,351008,CWD,140.05,141.99,1.94
FGOALS-g3,HOT_DRY,LA_NINA,351008,CWD,66.6,89.94,23.34
MIROC6,HOT_DRY,LA_NINA,351008,CWD,40.44,108.8,68.36
MRI-ESM2-0,HOT_DRY,LA_NINA,351008,CWD,99.21,135.26,36.05
ACCESS-ESM1-5,HOT_DRY,LA_NINA,351008,PRCPTOT,18.18,47.53,29.35
CanESM5,HOT_DRY,LA_NINA,351008,PRCPTOT,3.36,7.17,3.81
CESM2,HOT_DRY,LA_NINA,351008,PRCPTOT,27.45,40.56,13.11
EC-Earth3,HOT_DRY,LA_NINA,351008,PRCPTOT,15.92,31.17,15.25
FGOALS-g3,HOT_DRY,LA_NINA,351008,PRCPTOT,22.13,27.35,5.22
MIROC6,HOT_DRY,LA_NINA,351008,PRCPTOT,83.8,44.76,-39.04
MRI-ESM2-0,HOT_DRY,LA_NINA,351008,PRCPTOT,14.79,33.08,18.29
ACCESS-ESM1-5,HOT_DRY,LA_NINA,351008,R20mm,28.57,34.39,5.82
CanESM5,HOT_DRY,LA_NINA,351008,R20mm,15.87,52.91,37.04
CESM2,HOT_DRY,LA_NINA,351008,R20mm,345.24,95.24,-250.0
EC-Earth3,HOT_DRY,LA_NINA,351008,R20mm,38.1,36.71,-1.39
FGOALS-g3,HOT_DRY,LA_NINA,351008,R20mm,15.87,53.57,37.7
MIROC6,HOT_DRY,LA_NINA,351008,R20mm,567.46,39.68,-527.78
MRI-ESM2-0,HOT_DRY,LA_NINA,351008,R20mm,53.57,261.9,208.33
ACCESS-ESM1-5,HOT_DRY,LA_NINA,351008,R50mm,92.06,7.94,-84.12
CanESM5,HOT_DRY,LA_NINA,351008,R50mm,92.06,92.06,0.0
CESM2,HOT_DRY,LA_NINA,351008,R50mm,92.06,92.06,0.0
EC-Earth3,HOT_DRY,LA_NINA,351008,R50mm,92.06,92.06,0.0
FGOALS-g3,HOT_DRY,LA_NINA,351008,R50mm,103.17,92.06,-11.11
MIROC6,HOT_DRY,LA_NINA,351008,R50mm,92.06,92.06,0.0
MRI-ESM2-0,HOT_DRY,LA_NINA,351008,R50mm,92.06,92.06,0.0
ACCESS-ESM1-5,HOT_DRY,LA_NINA,351008,R95p,51.18,10.92,-40.26
CanESM5,HOT_DRY,LA_NINA,351008,R95p,4.17,17.04,12.87
CESM2,HOT_DRY,LA_NINA,351008,R95p,167.79,204.18,36.39
EC-Earth3,HOT_DRY,LA_NINA,351008,R95p,18.22,15.98,-2.24
FGOALS-g3,HOT_DRY,LA_NINA,351008,R95p,36.67,86.11,49.44
MIROC6,HOT_DRY,LA_NINA,351008,R95p,665.16,79.33,-585.83
MRI-ESM2-0,HOT_DRY,LA_NINA,351008,R95p,88.29,405.36,317.07
ACCESS-ESM1-5,HOT_DRY,LA_NINA,351008,R99p,79.82,20.18,-59.64
CanESM5,HOT_DRY,LA_NINA,351008,R99p,79.82,20.18,-59.64
CESM2,HOT_DRY,LA_NINA,351008,R99p,181.82,79.82,-102.0
EC-Earth3,HOT_DRY,LA_NINA,351008,R99p,79.82,51.7,-28.12
FGOALS-g3,HOT_DRY,LA_NINA,351008,R99p,99.34,20.18,-79.16
MIROC6,HOT_DRY,LA_NINA,351008,R99p,79.82,79.82,0.0
MRI-ESM2-0,HOT_DRY,LA_NINA,351008,R99p,79.82,79.82,0.0
ACCESS-ESM1-5,HOT_DRY,LA_NINA,351008,Rx1day,41.95,23.56,-18.39
CanESM5,HOT_DRY,LA_NINA,351008,Rx1day,46.54,37.32,-9.22
CESM2,HOT_DRY,LA_NINA,351008,Rx1day,116.34,96.93,-19.41
EC-Earth3,HOT_DRY,LA_NINA,351008,Rx1day,42.42,35.55,-6.87
FGOALS-g3,HOT_DRY,LA_NINA,351008,Rx1day,63.01,43.88,-19.13
MIROC6,HOT_DRY,LA_NINA,351008,Rx1day,179.27,74.41,-104.86
MRI-ESM2-0,HOT_DRY,LA_NINA,351008,Rx1day,70.05,87.41,17.36
ACCESS-ESM1-5,HOT_DRY,LA_NINA,351008,Rx5day,28.03,3.81,-24.22
CanESM5,HOT_DRY,LA_NINA,351008,Rx5day,24.82,23.83,-0.99
CESM2,HOT_DRY,LA_NINA,351008,Rx5day,97.14,42.48,-54.66
EC-Earth3,HOT_DRY,LA_NINA,351008,Rx5day,8.94,1.57,-7.37
FGOALS-g3,HOT_DRY,LA_NINA,351008,Rx5day,49.6,58.57,8.97
MIROC6,HOT_DRY,LA_NINA,351008,Rx5day,163.63,55.65,-107.98
MRI-ESM2-0,HOT_DRY,LA_NINA,351008,Rx5day,52.04,51.84,-0.2
ACCESS-ESM1-5,HOT_DRY,LA_NINA,351008,SDII,55.7,38.03,-17.67
CanESM5,HOT_DRY,LA_NINA,351008,SDII,48.4,47.14,-1.26
CESM2,HOT_DRY,LA_NINA,351008,SDII,76.99,64.04,-12.95
EC-Earth3,HOT_DRY,LA_NINA,351008,SDII,52.6,35.75,-16.85
FGOALS-g3,HOT_DRY,LA_NINA,351008,SDII,33.4,76.43,43.03
MIROC6,HOT_DRY,LA_NINA,351008,SDII,112.59,63.77,-48.82
MRI-ESM2-0,HOT_DRY,LA_NINA,351008,SDII,69.45,88.48,19.03
ACCESS-ESM1-5,HOT_DRY,LA_NINA,351008,wet_day_freq,95.57,112.1,16.53
CanESM5,HOT_DRY,LA_NINA,351008,wet_day_freq,73.14,58.69,-14.45
CESM2,HOT_DRY,LA_NINA,351008,wet_day_freq,72.73,57.13,-15.6
EC-Earth3,HOT_DRY,LA_NINA,351008,wet_day_freq,88.13,98.54,10.41
FGOALS-g3,HOT_DRY,LA_NINA,351008,wet_day_freq,31.45,70.67,39.22
MIROC6,HOT_DRY,LA_NINA,351008,wet_day_freq,59.97,45.07,-14.9
MRI-ESM2-0,HOT_DRY,LA_NINA,351008,wet_day_freq,78.49,80.3,1.81
ACCESS-ESM1-5,HOT_DRY,LA_NINA,351009,CDD,35.15,34.3,-0.85
CanESM5,HOT_DRY,LA_NINA,351009,CDD,33.24,28.07,-5.17
CESM2,HOT_DRY,LA_NINA,351009,CDD,45.58,13.7,-31.88
EC-Earth3,HOT_DRY,LA_NINA,351009,CDD,32.38,32.64,0.26
FGOALS-g3,HOT_DRY,LA_NINA,351009,CDD,40.29,10.9,-29.39
MIROC6,HOT_DRY,LA_NINA,351009,CDD,3.51,15.92,12.41
MRI-ESM2-0,HOT_DRY,LA_NINA,351009,CDD,22.5,38.79,16.29
ACCESS-ESM1-5,HOT_DRY,LA_NINA,351009,CWD,77.5,92.26,14.76
CanESM5,HOT_DRY,LA_NINA,351009,CWD,74.95,19.2,-55.75
CESM2,HOT_DRY,LA_NINA,351009,CWD,47.01,58.27,11.26
EC-Earth3,HOT_DRY,LA_NINA,351009,CWD,92.09,72.42,-19.67
FGOALS-g3,HOT_DRY,LA_NINA,351009,CWD,8.93,37.5,28.57
MIROC6,HOT_DRY,LA_NINA,351009,CWD,17.23,53.44,36.21
MRI-ESM2-0,HOT_DRY,LA_NINA,351009,CWD,41.54,72.76,31.22
ACCESS-ESM1-5,HOT_DRY,LA_NINA,351009,PRCPTOT,53.23,84.6,31.37
CanESM5,HOT_DRY,LA_NINA,351009,PRCPTOT,42.97,42.02,-0.95
CESM2,HOT_DRY,LA_NINA,351009,PRCPTOT,12.16,6.2,-5.96
EC-Earth3,HOT_DRY,LA_NINA,351009,PRCPTOT,56.64,63.97,7.33
FGOALS-g3,HOT_DRY,LA_NINA,351009,PRCPTOT,17.48,10.75,-6.73
MIROC6,HOT_DRY,LA_NINA,351009,PRCPTOT,44.19,1.22,-42.97
MRI-ESM2-0,HOT_DRY,LA_NINA,351009,PRCPTOT,24.82,5.11,-19.71
ACCESS-ESM1-5,HOT_DRY,LA_NINA,351009,R20mm,125.0,100.0,-25.0
CanESM5,HOT_DRY,LA_NINA,351009,R20mm,111.11,133.34,22.23
CESM2,HOT_DRY,LA_NINA,351009,R20mm,250.0,55.55,-194.45
EC-Earth3,HOT_DRY,LA_NINA,351009,R20mm,125.0,111.11,-13.89
FGOALS-g3,HOT_DRY,LA_NINA,351009,R20mm,111.11,0.0,-111.11
MIROC6,HOT_DRY,LA_NINA,351009,R20mm,472.22,64.82,-407.4
MRI-ESM2-0,HOT_DRY,LA_NINA,351009,R20mm,41.67,66.67,25.0
ACCESS-ESM1-5,HOT_DRY,LA_NINA,351009,R50mm,0.0,100.0,100.0
CanESM5,HOT_DRY,LA_NINA,351009,R50mm,0.0,0.0,0.0
CESM2,HOT_DRY,LA_NINA,351009,R50mm,0.0,0.0,0.0
EC-Earth3,HOT_DRY,LA_NINA,351009,R50mm,0.0,100.0,100.0
FGOALS-g3,HOT_DRY,LA_NINA,351009,R50mm,11.11,0.0,-11.11
MIROC6,HOT_DRY,LA_NINA,351009,R50mm,0.0,0.0,0.0
MRI-ESM2-0,HOT_DRY,LA_NINA,351009,R50mm,0.0,0.0,0.0
ACCESS-ESM1-5,HOT_DRY,LA_NINA,351009,R95p,64.49,75.7,11.21
CanESM5,HOT_DRY,LA_NINA,351009,R95p,56.22,56.19,-0.03
CESM2,HOT_DRY,LA_NINA,351009,R95p,73.66,91.25,17.59
EC-Earth3,HOT_DRY,LA_NINA,351009,R95p,67.03,65.09,-1.94
FGOALS-g3,HOT_DRY,LA_NINA,351009,R95p,28.31,35.67,7.36
MIROC6,HOT_DRY,LA_NINA,351009,R95p,247.72,17.46,-230.26
MRI-ESM2-0,HOT_DRY,LA_NINA,351009,R95p,46.18,144.95,98.77
ACCESS-ESM1-5,HOT_DRY,LA_NINA,351009,R99p,102.95,95.4,-7.55
CanESM5,HOT_DRY,LA_NINA,351009,R99p,86.17,111.13,24.96
CESM2,HOT_DRY,LA_NINA,351009,R99p,84.49,128.37,43.88
EC-Earth3,HOT_DRY,LA_NINA,351009,R99p,105.12,94.95,-10.17
FGOALS-g3,HOT_DRY,LA_NINA,351009,R99p,65.6,1.28,-64.32
MIROC6,HOT_DRY,LA_NINA,351009,R99p,647.25,7.57,-639.68
MRI-ESM2-0,HOT_DRY,LA_NINA,351009,R99p,16.24,38.76,22.52
ACCESS-ESM1-5,HOT_DRY,LA_NINA,351009,Rx1day,46.86,49.38,2.52
CanESM5,HOT_DRY,LA_NINA,351009,Rx1day,14.59,18.56,3.97
CESM2,HOT_DRY,LA_NINA,351009,Rx1day,55.21,42.48,-12.73
EC-Earth3,HOT_DRY,LA_NINA,351009,Rx1day,28.32,42.88,14.56
FGOALS-g3,HOT_DRY,LA_NINA,351009,Rx1day,1.88,11.47,9.59
MIROC6,HOT_DRY,LA_NINA,351009,Rx1day,118.14,11.63,-106.51
MRI-ESM2-0,HOT_DRY,LA_NINA,351009,Rx1day,8.92,46.24,37.32
ACCESS-ESM1-5,HOT_DRY,LA_NINA,351009,Rx5day,53.04,78.79,25.75
CanESM5,HOT_DRY,LA_NINA,351009,Rx5day,39.15,38.5,-0.65
CESM2,HOT_DRY,LA_NINA,351009,Rx5day,33.17,16.37,-16.8
EC-Earth3,HOT_DRY,LA_NINA,351009,Rx5day,53.67,61.46,7.79
FGOALS-g3,HOT_DRY,LA_NINA,351009,Rx5day,14.37,4.88,-9.49
MIROC6,HOT_DRY,LA_NINA,351009,Rx5day,99.66,4.8,-94.86
MRI-ESM2-0,HOT_DRY,LA_NINA,351009,Rx5day,11.93,7.45,-4.48
ACCESS-ESM1-5,HOT_DRY,LA_NINA,351009,SDII,3.95,19.13,15.18
CanESM5,HOT_DRY,LA_NINA,351009,SDII,13.04,5.78,-7.26
CESM2,HOT_DRY,LA_NINA,351009,SDII,15.55,1.08,-14.47
EC-Earth3,HOT_DRY,LA_NINA,351009,SDII,5.44,11.61,6.17
FGOALS-g3,HOT_DRY,LA_NINA,351009,SDII,28.04,10.39,-17.65
MIROC6,HOT_DRY,LA_NINA,351009,SDII,51.15,5.54,-45.61
MRI-ESM2-0,HOT_DRY,LA_NINA,351009,SDII,8.01,30.12,22.11
ACCESS-ESM1-5,HOT_DRY,LA_NINA,351009,wet_day_freq,49.23,72.42,23.19
CanESM5,HOT_DRY,LA_NINA,351009,wet_day_freq,29.02,21.03,-7.99
CESM2,HOT_DRY,LA_NINA,351009,wet_day_freq,28.61,5.16,-23.45
EC-Earth3,HOT_DRY,LA_NINA,351009,wet_day_freq,47.96,55.81,7.85
FGOALS-g3,HOT_DRY,LA_NINA,351009,wet_day_freq,12.67,22.32,9.65
MIROC6,HOT_DRY,LA_NINA,351009,wet_day_freq,15.85,4.36,-11.49
MRI-ESM2-0,HOT_DRY,LA_NINA,351009,wet_day_freq,34.37,35.42,1.05
ACCESS-ESM1-5,HOT_DRY,LA_NINA,351010,CDD,32.44,9.68,-22.76
CanESM5,HOT_DRY,LA_NINA,351010,CDD,22.3,21.9,-0.4
CESM2,HOT_DRY,LA_NINA,351010,CDD,37.42,29.93,-7.49
EC-Earth3,HOT_DRY,LA_NINA,351010,CDD,21.44,21.71,0.27
FGOALS-g3,HOT_DRY,LA_NINA,351010,CDD,29.35,0.13,-29.22
MIROC6,HOT_DRY,LA_NINA,351010,CDD,4.25,20.67,16.42
MRI-ESM2-0,HOT_DRY,LA_NINA,351010,CDD,3.42,0.71,-2.71
ACCESS-ESM1-5,HOT_DRY,LA_NINA,351010,CWD,57.56,69.03,11.47
CanESM5,HOT_DRY,LA_NINA,351010,CWD,57.59,16.9,-40.69
CESM2,HOT_DRY,LA_NINA,351010,CWD,14.71,56.25,41.54
EC-Earth3,HOT_DRY,LA_NINA,351010,CWD,74.73,54.75,-19.98
FGOALS-g3,HOT_DRY,LA_NINA,351010,CWD,8.43,10.42,1.99
MIROC6,HOT_DRY,LA_NINA,351010,CWD,11.05,39.19,28.14
MRI-ESM2-0,HOT_DRY,LA_NINA,351010,CWD,23.15,62.65,39.5
ACCESS-ESM1-5,HOT_DRY,LA_NINA,351010,PRCPTOT,49.97,80.84,30.87
CanESM5,HOT_DRY,LA_NINA,351010,PRCPTOT,35.15,42.35,7.2
CESM2,HOT_DRY,LA_NINA,351010,PRCPTOT,7.57,4.53,-3.04
EC-Earth3,HOT_DRY,LA_NINA,351010,PRCPTOT,48.82,56.86,8.04
FGOALS-g3,HOT_DRY,LA_NINA,351010,PRCPTOT,9.66,3.33,-6.33
MIROC6,HOT_DRY,LA_NINA,351010,PRCPTOT,43.11,7.3,-35.81
MRI-ESM2-0,HOT_DRY,LA_NINA,351010,PRCPTOT,12.93,17.77,4.84
ACCESS-ESM1-5,HOT_DRY,LA_NINA,351010,R20mm,122.22,179.01,56.79
CanESM5,HOT_DRY,LA_NINA,351010,R20mm,166.66,182.54,15.88
CESM2,HOT_DRY,LA_NINA,351010,R20mm,166.67,55.56,-111.11
EC-Earth3,HOT_DRY,LA_NINA,351010,R20mm,180.55,148.15,-32.4
FGOALS-g3,HOT_DRY,LA_NINA,351010,R20mm,166.66,55.55,-111.11
MIROC6,HOT_DRY,LA_NINA,351010,R20mm,111.11,77.78,-33.33
MRI-ESM2-0,HOT_DRY,LA_NINA,351010,R20mm,55.56,0.0,-55.56
ACCESS-ESM1-5,HOT_DRY,LA_NINA,351010,R50mm,0.0,100.0,100.0
CanESM5,HOT_DRY,LA_NINA,351010,R50mm,0.0,100.0,100.0
CESM2,HOT_DRY,LA_NINA,351010,R50mm,0.0,0.0,0.0
EC-Earth3,HOT_DRY,LA_NINA,351010,R50mm,0.0,100.0,100.0
FGOALS-g3,HOT_DRY,LA_NINA,351010,R50mm,11.11,0.0,-11.11
MIROC6,HOT_DRY,LA_NINA,351010,R50mm,0.0,0.0,0.0
MRI-ESM2-0,HOT_DRY,LA_NINA,351010,R50mm,0.0,0.0,0.0
ACCESS-ESM1-5,HOT_DRY,LA_NINA,351010,R95p,15.56,60.55,44.99
CanESM5,HOT_DRY,LA_NINA,351010,R95p,26.61,35.96,9.35
CESM2,HOT_DRY,LA_NINA,351010,R95p,85.1,63.49,-21.61
EC-Earth3,HOT_DRY,LA_NINA,351010,R95p,48.47,45.12,-3.35
FGOALS-g3,HOT_DRY,LA_NINA,351010,R95p,11.07,32.96,21.89
MIROC6,HOT_DRY,LA_NINA,351010,R95p,243.94,74.12,-169.82
MRI-ESM2-0,HOT_DRY,LA_NINA,351010,R95p,88.45,57.34,-31.11
ACCESS-ESM1-5,HOT_DRY,LA_NINA,351010,R99p,166.1,235.61,69.51
CanESM5,HOT_DRY,LA_NINA,351010,R99p,214.77,245.03,30.26
CESM2,HOT_DRY,LA_NINA,351010,R99p,13.78,488.09,474.31
EC-Earth3,HOT_DRY,LA_NINA,351010,R99p,226.39,221.59,-4.8
FGOALS-g3,HOT_DRY,LA_NINA,351010,R99p,184.82,125.15,-59.67
MIROC6,HOT_DRY,LA_NINA,351010,R99p,204.0,141.45,-62.55
MRI-ESM2-0,HOT_DRY,LA_NINA,351010,R99p,19.5,54.15,34.65
ACCESS-ESM1-5,HOT_DRY,LA_NINA,351010,Rx1day,21.58,40.57,18.99
CanESM5,HOT_DRY,LA_NINA,351010,Rx1day,16.99,26.15,9.16
CESM2,HOT_DRY,LA_NINA,351010,Rx1day,48.51,76.0,27.49
EC-Earth3,HOT_DRY,LA_NINA,351010,Rx1day,30.72,46.27,15.55
FGOALS-g3,HOT_DRY,LA_NINA,351010,Rx1day,0.52,22.37,21.85
MIROC6,HOT_DRY,LA_NINA,351010,Rx1day,56.07,15.85,-40.22
MRI-ESM2-0,HOT_DRY,LA_NINA,351010,Rx1day,7.79,22.11,14.32
ACCESS-ESM1-5,HOT_DRY,LA_NINA,351010,Rx5day,30.64,64.38,33.74
CanESM5,HOT_DRY,LA_NINA,351010,Rx5day,33.85,34.89,1.04
CESM2,HOT_DRY,LA_NINA,351010,Rx5day,26.41,13.93,-12.48
EC-Earth3,HOT_DRY,LA_NINA,351010,Rx5day,48.37,56.84,8.47
FGOALS-g3,HOT_DRY,LA_NINA,351010,Rx5day,9.07,4.68,-4.39
MIROC6,HOT_DRY,LA_NINA,351010,Rx5day,72.4,20.6,-51.8
MRI-ESM2-0,HOT_DRY,LA_NINA,351010,Rx5day,0.22,1.76,1.54
ACCESS-ESM1-5,HOT_DRY,LA_NINA,351010,SDII,0.27,17.7,17.43
CanESM5,HOT_DRY,LA_NINA,351010,SDII,7.57,8.26,0.69
CESM2,HOT_DRY,LA_NINA,351010,SDII,18.57,5.41,-13.16
EC-Earth3,HOT_DRY,LA_NINA,351010,SDII,0.03,7.4,7.37
FGOALS-g3,HOT_DRY,LA_NINA,351010,SDII,22.57,17.16,-5.41
MIROC6,HOT_DRY,LA_NINA,351010,SDII,59.26,5.34,-53.92
MRI-ESM2-0,HOT_DRY,LA_NINA,351010,SDII,16.18,25.08,8.9
ACCESS-ESM1-5,HOT_DRY,LA_NINA,351010,wet_day_freq,54.57,72.62,18.05
CanESM5,HOT_DRY,LA_NINA,351010,wet_day_freq,32.14,20.28,-11.86
CESM2,HOT_DRY,LA_NINA,351010,wet_day_freq,31.37,7.71,-23.66
EC-Earth3,HOT_DRY,LA_NINA,351010,wet_day_freq,51.08,58.44,7.36
FGOALS-g3,HOT_DRY,LA_NINA,351010,wet_day_freq,9.55,27.43,17.88
MIROC6,HOT_DRY,LA_NINA,351010,wet_day_freq,27.56,10.02,-17.54
MRI-ESM2-0,HOT_DRY,LA_NINA,351010,wet_day_freq,33.09,20.89,-12.2
ACCESS-ESM1-5,HOT_DRY,LA_NINA,351011,CDD,9.3,3.25,-6.05
CanESM5,HOT_DRY,LA_NINA,351011,CDD,11.21,2.46,-8.75
CESM2,HOT_DRY,LA_NINA,351011,CDD,1.13,66.18,65.05
EC-Earth3,HOT_DRY,LA_NINA,351011,CDD,17.24,22.01,4.77
FGOALS-g3,HOT_DRY,LA_NINA,351011,CDD,4.16,12.07,7.91
MIROC6,HOT_DRY,LA_NINA,351011,CDD,40.94,54.33,13.39
MRI-ESM2-0,HOT_DRY,LA_NINA,351011,CDD,21.95,12.27,-9.68
ACCESS-ESM1-5,HOT_DRY,LA_NINA,351011,CWD,26.37,36.37,10.0
CanESM5,HOT_DRY,LA_NINA,351011,CWD,23.82,6.03,-17.79
CESM2,HOT_DRY,LA_NINA,351011,CWD,4.12,0.85,-3.27
EC-Earth3,HOT_DRY,LA_NINA,351011,CWD,22.17,53.03,30.86
FGOALS-g3,HOT_DRY,LA_NINA,351011,CWD,42.2,18.39,-23.81
MIROC6,HOT_DRY,LA_NINA,351011,CWD,68.36,0.4,-67.96
MRI-ESM2-0,HOT_DRY,LA_NINA,351011,CWD,9.59,4.42,-5.17
ACCESS-ESM1-5,HOT_DRY,LA_NINA,351011,PRCPTOT,23.53,34.84,11.31
CanESM5,HOT_DRY,LA_NINA,351011,PRCPTOT,13.27,1.5,-11.77
CESM2,HOT_DRY,LA_NINA,351011,PRCPTOT,17.54,18.39,0.85
EC-Earth3,HOT_DRY,LA_NINA,351011,PRCPTOT,25.57,24.3,-1.27
FGOALS-g3,HOT_DRY,LA_NINA,351011,PRCPTOT,12.22,7.71,-4.51
MIROC6,HOT_DRY,LA_NINA,351011,PRCPTOT,73.89,10.6,-63.29
MRI-ESM2-0,HOT_DRY,LA_NINA,351011,PRCPTOT,4.88,4.47,-0.41
ACCESS-ESM1-5,HOT_DRY,LA_NINA,351011,R20mm,71.58,85.47,13.89
CanESM5,HOT_DRY,LA_NINA,351011,R20mm,57.69,113.25,55.56
CESM2,HOT_DRY,LA_NINA,351011,R20mm,303.42,13.25,-290.17
EC-Earth3,HOT_DRY,LA_NINA,351011,R20mm,57.69,113.25,55.56
FGOALS-g3,HOT_DRY,LA_NINA,351011,R20mm,57.69,57.69,0.0
MIROC6,HOT_DRY,LA_NINA,351011,R20mm,525.64,29.92,-495.72
MRI-ESM2-0,HOT_DRY,LA_NINA,351011,R20mm,11.75,13.25,1.5
ACCESS-ESM1-5,HOT_DRY,LA_NINA,351011,R50mm,55.56,55.56,0.0
CanESM5,HOT_DRY,LA_NINA,351011,R50mm,55.56,55.56,0.0
CESM2,HOT_DRY,LA_NINA,351011,R50mm,55.56,55.56,0.0
EC-Earth3,HOT_DRY,LA_NINA,351011,R50mm,55.56,55.56,0.0
FGOALS-g3,HOT_DRY,LA_NINA,351011,R50mm,44.45,55.56,11.11
MIROC6,HOT_DRY,LA_NINA,351011,R50mm,55.56,55.56,0.0
MRI-ESM2-0,HOT_DRY,LA_NINA,351011,R50mm,55.56,55.56,0.0
ACCESS-ESM1-5,HOT_DRY,LA_NINA,351011,R95p,2.88,2.88,0.0
CanESM5,HOT_DRY,LA_NINA,351011,R95p,2.88,2.88,0.0
CESM2,HOT_DRY,LA_NINA,351011,R95p,2.88,2.88,0.0
EC-Earth3,HOT_DRY,LA_NINA,351011,R95p,2.88,2.88,0.0
FGOALS-g3,HOT_DRY,LA_NINA,351011,R95p,23.03,2.88,-20.15
MIROC6,HOT_DRY,LA_NINA,351011,R95p,2.88,2.88,0.0
MRI-ESM2-0,HOT_DRY,LA_NINA,351011,R95p,2.88,2.88,0.0
ACCESS-ESM1-5,HOT_DRY,LA_NINA,351011,R99p,79.71,79.71,0.0
CanESM5,HOT_DRY,LA_NINA,351011,R99p,79.71,79.71,0.0
CESM2,HOT_DRY,LA_NINA,351011,R99p,79.71,79.71,0.0
EC-Earth3,HOT_DRY,LA_NINA,351011,R99p,79.71,79.71,0.0
FGOALS-g3,HOT_DRY,LA_NINA,351011,R99p,79.71,79.71,0.0
MIROC6,HOT_DRY,LA_NINA,351011,R99p,79.71,79.71,0.0
MRI-ESM2-0,HOT_DRY,LA_NINA,351011,R99p,79.71,79.71,0.0
ACCESS-ESM1-5,HOT_DRY,LA_NINA,351011,Rx1day,1.19,11.6,10.41
CanESM5,HOT_DRY,LA_NINA,351011,Rx1day,31.08,19.25,-11.83
CESM2,HOT_DRY,LA_NINA,351011,Rx1day,100.88,49.96,-50.92
EC-Earth3,HOT_DRY,LA_NINA,351011,Rx1day,28.67,21.85,-6.82
FGOALS-g3,HOT_DRY,LA_NINA,351011,Rx1day,47.55,42.72,-4.83
MIROC6,HOT_DRY,LA_NINA,351011,Rx1day,163.81,39.94,-123.87
MRI-ESM2-0,HOT_DRY,LA_NINA,351011,Rx1day,54.59,70.63,16.04
ACCESS-ESM1-5,HOT_DRY,LA_NINA,351011,Rx5day,12.51,20.96,8.45
CanESM5,HOT_DRY,LA_NINA,351011,Rx5day,1.38,12.22,10.84
CESM2,HOT_DRY,LA_NINA,351011,Rx5day,73.7,12.9,-60.8
EC-Earth3,HOT_DRY,LA_NINA,351011,Rx5day,9.64,14.14,4.5
FGOALS-g3,HOT_DRY,LA_NINA,351011,Rx5day,26.16,43.61,17.45
MIROC6,HOT_DRY,LA_NINA,351011,Rx5day,140.19,13.62,-126.57
MRI-ESM2-0,HOT_DRY,LA_NINA,351011,Rx5day,28.6,10.04,-18.56
ACCESS-ESM1-5,HOT_DRY,LA_NINA,351011,SDII,4.05,14.8,10.75
CanESM5,HOT_DRY,LA_NINA,351011,SDII,13.14,7.37,-5.77
CESM2,HOT_DRY,LA_NINA,351011,SDII,15.45,8.75,-6.7
EC-Earth3,HOT_DRY,LA_NINA,351011,SDII,9.8,3.19,-6.61
FGOALS-g3,HOT_DRY,LA_NINA,351011,SDII,28.14,6.14,-22.0
MIROC6,HOT_DRY,LA_NINA,351011,SDII,51.05,2.16,-48.89
MRI-ESM2-0,HOT_DRY,LA_NINA,351011,SDII,7.91,5.35,-2.56
ACCESS-ESM1-5,HOT_DRY,LA_NINA,351011,wet_day_freq,21.02,22.27,1.25
CanESM5,HOT_DRY,LA_NINA,351011,wet_day_freq,0.81,3.02,2.21
CESM2,HOT_DRY,LA_NINA,351011,wet_day_freq,0.4,24.93,24.53
EC-Earth3,HOT_DRY,LA_NINA,351011,wet_day_freq,15.17,24.43,9.26
FGOALS-g3,HOT_DRY,LA_NINA,351011,wet_day_freq,40.88,1.54,-39.34
MIROC6,HOT_DRY,LA_NINA,351011,wet_day_freq,12.36,7.79,-4.57
MRI-ESM2-0,HOT_DRY,LA_NINA,351011,wet_day_freq,6.16,8.79,2.63
ACCESS-ESM1-5,HOT_DRY,LA_NINA,351012,CDD,41.44,21.45,-19.99
CanESM5,HOT_DRY,LA_NINA,351012,CDD,31.3,37.89,6.59
CESM2,HOT_DRY,LA_NINA,351012,CDD,46.42,13.61,-32.81
EC-Earth3,HOT_DRY,LA_NINA,351012,CDD,21.91,49.3,27.39
FGOALS-g3,HOT_DRY,LA_NINA,351012,CDD,38.35,18.16,-20.19
MIROC6,HOT_DRY,LA_NINA,351012,CDD,4.75,7.34,2.59
MRI-ESM2-0,HOT_DRY,LA_NINA,351012,CDD,12.42,18.83,6.41
ACCESS-ESM1-5,HOT_DRY,LA_NINA,351012,CWD,32.85,52.17,19.32
CanESM5,HOT_DRY,LA_NINA,351012,CWD,32.88,31.66,-1.22
CESM2,HOT_DRY,LA_NINA,351012,CWD,10.0,41.89,31.89
EC-Earth3,HOT_DRY,LA_NINA,351012,CWD,69.6,56.72,-12.88
FGOALS-g3,HOT_DRY,LA_NINA,351012,CWD,33.14,6.53,-26.61
MIROC6,HOT_DRY,LA_NINA,351012,CWD,13.66,27.37,13.71
MRI-ESM2-0,HOT_DRY,LA_NINA,351012,CWD,1.56,43.58,42.02
ACCESS-ESM1-5,HOT_DRY,LA_NINA,351012,PRCPTOT,80.93,110.26,29.33
CanESM5,HOT_DRY,LA_NINA,351012,PRCPTOT,66.11,66.43,0.32
CESM2,HOT_DRY,LA_NINA,351012,PRCPTOT,38.53,38.9,0.37
EC-Earth3,HOT_DRY,LA_NINA,351012,PRCPTOT,92.88,100.31,7.43
FGOALS-g3,HOT_DRY,LA_NINA,351012,PRCPTOT,40.62,34.39,-6.23
MIROC6,HOT_DRY,LA_NINA,351012,PRCPTOT,12.15,33.71,21.56
MRI-ESM2-0,HOT_DRY,LA_NINA,351012,PRCPTOT,43.89,26.95,-16.94
ACCESS-ESM1-5,HOT_DRY,LA_NINA,351012,R20mm,75.21,125.5,50.29
CanESM5,HOT_DRY,LA_NINA,351012,R20mm,119.65,54.84,-64.81
CESM2,HOT_DRY,LA_NINA,351012,R20mm,213.68,106.58,-107.1
EC-Earth3,HOT_DRY,LA_NINA,351012,R20mm,175.21,133.54,-41.67
FGOALS-g3,HOT_DRY,LA_NINA,351012,R20mm,119.65,12.82,-106.83
MIROC6,HOT_DRY,LA_NINA,351012,R20mm,158.12,34.18,-123.94
MRI-ESM2-0,HOT_DRY,LA_NINA,351012,R20mm,102.57,27.06,-75.51
ACCESS-ESM1-5,HOT_DRY,LA_NINA,351012,R50mm,22.22,94.44,72.22
CanESM5,HOT_DRY,LA_NINA,351012,R50mm,22.22,111.11,88.89
CESM2,HOT_DRY,LA_NINA,351012,R50mm,22.22,22.22,0.0
EC-Earth3,HOT_DRY,LA_NINA,351012,R50mm,22.22,66.66,44.44
FGOALS-g3,HOT_DRY,LA_NINA,351012,R50mm,11.11,52.78,41.67
MIROC6,HOT_DRY,LA_NINA,351012,R50mm,22.22,11.11,-11.11
MRI-ESM2-0,HOT_DRY,LA_NINA,351012,R50mm,22.22,11.11,-11.11
ACCESS-ESM1-5,HOT_DRY,LA_NINA,351012,R95p,46.64,113.0,66.36
CanESM5,HOT_DRY,LA_NINA,351012,R95p,46.64,135.33,88.69
CESM2,HOT_DRY,LA_NINA,351012,R95p,46.64,403.41,356.77
EC-Earth3,HOT_DRY,LA_NINA,351012,R95p,46.64,90.54,43.9
FGOALS-g3,HOT_DRY,LA_NINA,351012,R95p,66.79,42.83,-23.96
MIROC6,HOT_DRY,LA_NINA,351012,R95p,46.64,69.59,22.95
MRI-ESM2-0,HOT_DRY,LA_NINA,351012,R95p,46.64,54.95,8.31
ACCESS-ESM1-5,HOT_DRY,LA_NINA,351012,R99p,0.0,100.0,100.0
CanESM5,HOT_DRY,LA_NINA,351012,R99p,0.0,0.0,0.0
CESM2,HOT_DRY,LA_NINA,351012,R99p,0.0,0.0,0.0
EC-Earth3,HOT_DRY,LA_NINA,351012,R99p,0.0,0.0,0.0
FGOALS-g3,HOT_DRY,LA_NINA,351012,R99p,0.0,0.0,0.0
MIROC6,HOT_DRY,LA_NINA,351012,R99p,0.0,0.0,0.0
MRI-ESM2-0,HOT_DRY,LA_NINA,351012,R99p,0.0,0.0,0.0
ACCESS-ESM1-5,HOT_DRY,LA_NINA,351012,Rx1day,48.21,52.46,4.25
CanESM5,HOT_DRY,LA_NINA,351012,Rx1day,43.62,51.12,7.5
CESM2,HOT_DRY,LA_NINA,351012,Rx1day,21.88,39.5,17.62
EC-Earth3,HOT_DRY,LA_NINA,351012,Rx1day,75.32,45.66,-29.66
FGOALS-g3,HOT_DRY,LA_NINA,351012,Rx1day,27.15,50.25,23.1
MIROC6,HOT_DRY,LA_NINA,351012,Rx1day,29.44,47.23,17.79
MRI-ESM2-0,HOT_DRY,LA_NINA,351012,Rx1day,18.84,15.99,-2.85
ACCESS-ESM1-5,HOT_DRY,LA_NINA,351012,Rx5day,52.65,81.92,29.27
CanESM5,HOT_DRY,LA_NINA,351012,Rx5day,55.86,51.13,-4.73
CESM2,HOT_DRY,LA_NINA,351012,Rx5day,4.4,39.92,35.52
EC-Earth3,HOT_DRY,LA_NINA,351012,Rx5day,87.73,82.43,-5.3
FGOALS-g3,HOT_DRY,LA_NINA,351012,Rx5day,31.08,15.74,-15.34
MIROC6,HOT_DRY,LA_NINA,351012,Rx5day,50.39,51.39,1.0
MRI-ESM2-0,HOT_DRY,LA_NINA,351012,Rx5day,22.23,32.99,10.76
ACCESS-ESM1-5,HOT_DRY,LA_NINA,351012,SDII,18.67,31.85,13.18
CanESM5,HOT_DRY,LA_NINA,351012,SDII,25.97,23.23,-2.74
CESM2,HOT_DRY,LA_NINA,351012,SDII,0.17,10.58,10.41
EC-Earth3,HOT_DRY,LA_NINA,351012,SDII,14.14,32.35,18.21
FGOALS-g3,HOT_DRY,LA_NINA,351012,SDII,40.97,7.33,-33.64
MIROC6,HOT_DRY,LA_NINA,351012,SDII,40.86,15.89,-24.97
MRI-ESM2-0,HOT_DRY,LA_NINA,351012,SDII,2.22,3.75,1.53
ACCESS-ESM1-5,HOT_DRY,LA_NINA,351012,wet_day_freq,43.66,63.62,19.96
CanESM5,HOT_DRY,LA_NINA,351012,wet_day_freq,21.23,0.18,-21.05
CESM2,HOT_DRY,LA_NINA,351012,wet_day_freq,20.46,13.71,-6.75
EC-Earth3,HOT_DRY,LA_NINA,351012,wet_day_freq,59.74,52.88,-6.86
FGOALS-g3,HOT_DRY,LA_NINA,351012,wet_day_freq,20.46,22.66,2.2
MIROC6,HOT_DRY,LA_NINA,351012,wet_day_freq,16.65,7.37,-9.28
MRI-ESM2-0,HOT_DRY,LA_NINA,351012,wet_day_freq,22.18,16.23,-5.95
ACCESS-ESM1-5,HOT_DRY,LA_NINA,351201,CDD,10.28,7.99,-2.29
CanESM5,HOT_DRY,LA_NINA,351201,CDD,8.37,8.21,-0.16
CESM2,HOT_DRY,LA_NINA,351201,CDD,20.71,32.84,12.13
EC-Earth3,HOT_DRY,LA_NINA,351201,CDD,36.82,2.89,-33.93
FGOALS-g3,HOT_DRY,LA_NINA,351201,CDD,15.42,12.14,-3.28
MIROC6,HOT_DRY,LA_NINA,351201,CDD,21.36,29.77,8.41
MRI-ESM2-0,HOT_DRY,LA_NINA,351201,CDD,2.37,3.84,1.47
ACCESS-ESM1-5,HOT_DRY,LA_NINA,351201,CWD,16.81,27.6,10.79
CanESM5,HOT_DRY,LA_NINA,351201,CWD,14.26,42.0,27.74
CESM2,HOT_DRY,LA_NINA,351201,CWD,13.68,8.38,-5.3
EC-Earth3,HOT_DRY,LA_NINA,351201,CWD,12.61,13.17,0.56
FGOALS-g3,HOT_DRY,LA_NINA,351201,CWD,51.76,26.9,-24.86
MIROC6,HOT_DRY,LA_NINA,351201,CWD,77.92,35.23,-42.69
MRI-ESM2-0,HOT_DRY,LA_NINA,351201,CWD,19.15,4.26,-14.89
ACCESS-ESM1-5,HOT_DRY,LA_NINA,351201,PRCPTOT,29.14,54.59,25.45
CanESM5,HOT_DRY,LA_NINA,351201,PRCPTOT,18.88,24.42,5.54
CESM2,HOT_DRY,LA_NINA,351201,PRCPTOT,11.93,33.47,21.54
EC-Earth3,HOT_DRY,LA_NINA,351201,PRCPTOT,31.18,40.09,8.91
FGOALS-g3,HOT_DRY,LA_NINA,351201,PRCPTOT,6.61,25.12,18.51
MIROC6,HOT_DRY,LA_NINA,351201,PRCPTOT,68.28,23.0,-45.28
MRI-ESM2-0,HOT_DRY,LA_NINA,351201,PRCPTOT,0.73,4.53,3.8
ACCESS-ESM1-5,HOT_DRY,LA_NINA,351201,R20mm,101.85,83.69,-18.16
CanESM5,HOT_DRY,LA_NINA,351201,R20mm,87.96,32.41,-55.55
CESM2,HOT_DRY,LA_NINA,351201,R20mm,273.15,57.1,-216.05
EC-Earth3,HOT_DRY,LA_NINA,351201,R20mm,87.96,95.37,7.41
FGOALS-g3,HOT_DRY,LA_NINA,351201,R20mm,87.96,2.11,-85.85
MIROC6,HOT_DRY,LA_NINA,351201,R20mm,495.37,17.26,-478.11
MRI-ESM2-0,HOT_DRY,LA_NINA,351201,R20mm,18.52,8.6,-9.92
ACCESS-ESM1-5,HOT_DRY,LA_NINA,351201,R50mm,22.22,3.71,-18.51
CanESM5,HOT_DRY,LA_NINA,351201,R50mm,22.22,63.89,41.67
CESM2,HOT_DRY,LA_NINA,351201,R50mm,22.22,22.22,0.0
EC-Earth3,HOT_DRY,LA_NINA,351201,R50mm,22.22,88.89,66.67
FGOALS-g3,HOT_DRY,LA_NINA,351201,R50mm,33.33,5.55,-27.78
MIROC6,HOT_DRY,LA_NINA,351201,R50mm,22.22,3.71,-18.51
MRI-ESM2-0,HOT_DRY,LA_NINA,351201,R50mm,22.22,77.78,55.56
ACCESS-ESM1-5,HOT_DRY,LA_NINA,351201,R95p,25.05,21.69,-3.36
CanESM5,HOT_DRY,LA_NINA,351201,R95p,25.05,42.04,16.99
CESM2,HOT_DRY,LA_NINA,351201,R95p,127.05,25.05,-102.0
EC-Earth3,HOT_DRY,LA_NINA,351201,R95p,25.05,11.39,-13.66
FGOALS-g3,HOT_DRY,LA_NINA,351201,R95p,44.57,41.62,-2.95
MIROC6,HOT_DRY,LA_NINA,351201,R95p,25.05,26.09,1.04
MRI-ESM2-0,HOT_DRY,LA_NINA,351201,R95p,25.05,33.61,8.56
ACCESS-ESM1-5,HOT_DRY,LA_NINA,351201,R99p,59.18,19.16,-40.02
CanESM5,HOT_DRY,LA_NINA,351201,R99p,59.18,12.6,-46.58
CESM2,HOT_DRY,LA_NINA,351201,R99p,59.18,59.18,0.0
EC-Earth3,HOT_DRY,LA_NINA,351201,R99p,59.18,59.18,0.0
FGOALS-g3,HOT_DRY,LA_NINA,351201,R99p,59.18,22.44,-36.74
MIROC6,HOT_DRY,LA_NINA,351201,R99p,59.18,186.15,126.97
MRI-ESM2-0,HOT_DRY,LA_NINA,351201,R99p,59.18,59.18,0.0
ACCESS-ESM1-5,HOT_DRY,LA_NINA,351201,Rx1day,22.94,20.69,-2.25
CanESM5,HOT_DRY,LA_NINA,351201,Rx1day,9.33,0.52,-8.81
CESM2,HOT_DRY,LA_NINA,351201,Rx1day,79.13,82.01,2.88
EC-Earth3,HOT_DRY,LA_NINA,351201,Rx1day,6.92,14.02,7.1
FGOALS-g3,HOT_DRY,LA_NINA,351201,Rx1day,25.8,10.13,-15.67
MIROC6,HOT_DRY,LA_NINA,351201,Rx1day,142.06,21.17,-120.89
MRI-ESM2-0,HOT_DRY,LA_NINA,351201,Rx1day,32.84,6.71,-26.13
ACCESS-ESM1-5,HOT_DRY,LA_NINA,351201,Rx5day,30.67,48.68,18.01
CanESM5,HOT_DRY,LA_NINA,351201,Rx5day,16.78,17.72,0.94
CESM2,HOT_DRY,LA_NINA,351201,Rx5day,55.54,3.06,-52.48
EC-Earth3,HOT_DRY,LA_NINA,351201,Rx5day,27.8,33.48,5.68
FGOALS-g3,HOT_DRY,LA_NINA,351201,Rx5day,8.0,16.88,8.88
MIROC6,HOT_DRY,LA_NINA,351201,Rx5day,122.03,3.22,-118.81
MRI-ESM2-0,HOT_DRY,LA_NINA,351201,Rx5day,10.44,23.51,13.07
ACCESS-ESM1-5,HOT_DRY,LA_NINA,351201,SDII,7.31,6.01,-1.3
CanESM5,HOT_DRY,LA_NINA,351201,SDII,16.4,3.04,-13.36
CESM2,HOT_DRY,LA_NINA,351201,SDII,12.19,4.36,-7.83
EC-Earth3,HOT_DRY,LA_NINA,351201,SDII,13.06,22.14,9.08
FGOALS-g3,HOT_DRY,LA_NINA,351201,SDII,31.4,0.5,-30.9
MIROC6,HOT_DRY,LA_NINA,351201,SDII,47.79,13.84,-33.95
MRI-ESM2-0,HOT_DRY,LA_NINA,351201,SDII,4.65,2.97,-1.68
ACCESS-ESM1-5,HOT_DRY,LA_NINA,351201,wet_day_freq,16.77,48.94,32.17
CanESM5,HOT_DRY,LA_NINA,351201,wet_day_freq,3.44,7.24,3.8
CESM2,HOT_DRY,LA_NINA,351201,wet_day_freq,3.85,14.25,10.4
EC-Earth3,HOT_DRY,LA_NINA,351201,wet_day_freq,10.92,15.41,4.49
FGOALS-g3,HOT_DRY,LA_NINA,351201,wet_day_freq,45.13,22.29,-22.84
MIROC6,HOT_DRY,LA_NINA,351201,wet_day_freq,16.61,42.26,25.65
MRI-ESM2-0,HOT_DRY,LA_NINA,351201,wet_day_freq,1.91,8.96,7.05
ACCESS-ESM1-5,RAINY,EL_NINO,351001,CDD,8.03,61.25,53.22
CanESM5,RAINY,EL_NINO,351001,CDD,73.6,56.27,-17.33
CESM2,RAINY,EL_NINO,351001,CDD,66.24,19.78,-46.46
EC-Earth3,RAINY,EL_NINO,351001,CDD,70.04,59.51,-10.53
FGOALS-g3,RAINY,EL_NINO,351001,CDD,49.8,78.46,28.66
MIROC6,RAINY,EL_NINO,351001,CDD,28.94,62.81,33.87
MRI-ESM2-0,RAINY,EL_NINO,351001,CDD,2.41,42.1,39.69
ACCESS-ESM1-5,RAINY,EL_NINO,351001,CWD,4.3,1.14,-3.16
CanESM5,RAINY,EL_NINO,351001,CWD,37.55,37.37,-0.18
CESM2,RAINY,EL_NINO,351001,CWD,17.07,17.73,0.66
EC-Earth3,RAINY,EL_NINO,351001,CWD,84.52,26.23,-58.29
FGOALS-g3,RAINY,EL_NINO,351001,CWD,7.7,25.68,17.98
MIROC6,RAINY,EL_NINO,351001,CWD,25.97,39.32,13.35
MRI-ESM2-0,RAINY,EL_NINO,351001,CWD,35.08,1.66,-33.42
ACCESS-ESM1-5,RAINY,EL_NINO,351001,PRCPTOT,21.33,32.26,10.93
CanESM5,RAINY,EL_NINO,351001,PRCPTOT,24.56,26.11,1.55
CESM2,RAINY,EL_NINO,351001,PRCPTOT,11.86,0.28,-11.58
EC-Earth3,RAINY,EL_NINO,351001,PRCPTOT,42.42,43.76,1.34
FGOALS-g3,RAINY,EL_NINO,351001,PRCPTOT,28.98,14.35,-14.63
MIROC6,RAINY,EL_NINO,351001,PRCPTOT,36.94,43.88,6.94
MRI-ESM2-0,RAINY,EL_NINO,351001,PRCPTOT,6.87,21.69,14.82
ACCESS-ESM1-5,RAINY,EL_NINO,351001,R20mm,50.6,24.13,-26.47
CanESM5,RAINY,EL_NINO,351001,R20mm,61.9,61.9,0.0
CESM2,RAINY,EL_NINO,351001,R20mm,15.03,23.56,8.53
EC-Earth3,RAINY,EL_NINO,351001,R20mm,129.4,56.54,-72.86
FGOALS-g3,RAINY,EL_NINO,351001,R20mm,35.11,25.93,-9.18
MIROC6,RAINY,EL_NINO,351001,R20mm,74.4,72.29,-2.11
MRI-ESM2-0,RAINY,EL_NINO,351001,R20mm,11.89,1.56,-10.33
ACCESS-ESM1-5,RAINY,EL_NINO,351001,R50mm,50.0,50.0,0.0
CanESM5,RAINY,EL_NINO,351001,R50mm,50.0,30.0,-20.0
CESM2,RAINY,EL_NINO,351001,R50mm,50.0,6.25,-43.75
EC-Earth3,RAINY,EL_NINO,351001,R50mm,50.0,81.25,31.25
FGOALS-g3,RAINY,EL_NINO,351001,R50mm,150.0,4.55,-145.45
MIROC6,RAINY,EL_NINO,351001,R50mm,100.0,88.46,-11.54
MRI-ESM2-0,RAINY,EL_NINO,351001,R50mm,50.0,50.0,0.0
ACCESS-ESM1-5,RAINY,EL_NINO,351001,R95p,95.27,95.27,0.0
CanESM5,RAINY,EL_NINO,351001,R95p,95.27,27.71,-67.56
CESM2,RAINY,EL_NINO,351001,R95p,70.43,49.26,-21.17
EC-Earth3,RAINY,EL_NINO,351001,R95p,4.73,41.59,36.86
FGOALS-g3,RAINY,EL_NINO,351001,R95p,76.42,17.85,-58.57
MIROC6,RAINY,EL_NINO,351001,R95p,19.4,49.87,30.47
MRI-ESM2-0,RAINY,EL_NINO,351001,R95p,95.27,88.07,-7.2
ACCESS-ESM1-5,RAINY,EL_NINO,351001,R99p,340.74,340.74,0.0
CanESM5,RAINY,EL_NINO,351001,R99p,340.74,340.74,0.0
CESM2,RAINY,EL_NINO,351001,R99p,340.74,340.74,0.0
EC-Earth3,RAINY,EL_NINO,351001,R99p,240.74,242.09,1.35
FGOALS-g3,RAINY,EL_NINO,351001,R99p,240.74,340.74,100.0
MIROC6,RAINY,EL_NINO,351001,R99p,340.74,296.77,-43.97
MRI-ESM2-0,RAINY,EL_NINO,351001,R99p,340.74,340.74,0.0
ACCESS-ESM1-5,RAINY,EL_NINO,351001,Rx1day,165.39,151.03,-14.36
CanESM5,RAINY,EL_NINO,351001,Rx1day,118.92,124.18,5.26
CESM2,RAINY,EL_NINO,351001,Rx1day,56.92,100.73,43.81
EC-Earth3,RAINY,EL_NINO,351001,Rx1day,84.25,93.38,9.13
FGOALS-g3,RAINY,EL_NINO,351001,Rx1day,104.99,122.04,17.05
MIROC6,RAINY,EL_NINO,351001,Rx1day,88.16,91.28,3.12
MRI-ESM2-0,RAINY,EL_NINO,351001,Rx1day,124.02,139.58,15.56
ACCESS-ESM1-5,RAINY,EL_NINO,351001,Rx5day,112.32,100.42,-11.9
CanESM5,RAINY,EL_NINO,351001,Rx5day,51.74,49.27,-2.47
CESM2,RAINY,EL_NINO,351001,Rx5day,31.18,56.62,25.44
EC-Earth3,RAINY,EL_NINO,351001,Rx5day,32.42,37.63,5.21
FGOALS-g3,RAINY,EL_NINO,351001,Rx5day,5.71,60.43,54.72
MIROC6,RAINY,EL_NINO,351001,Rx5day,28.59,30.41,1.82
MRI-ESM2-0,RAINY,EL_NINO,351001,Rx5day,83.91,87.72,3.81
ACCESS-ESM1-5,RAINY,EL_NINO,351001,SDII,30.49,42.01,11.52
CanESM5,RAINY,EL_NINO,351001,SDII,6.81,7.73,0.92
CESM2,RAINY,EL_NINO,351001,SDII,9.93,8.87,-1.06
EC-Earth3,RAINY,EL_NINO,351001,SDII,3.5,5.49,1.99
FGOALS-g3,RAINY,EL_NINO,351001,SDII,2.34,10.74,8.4
MIROC6,RAINY,EL_NINO,351001,SDII,6.0,7.42,1.42
MRI-ESM2-0,RAINY,EL_NINO,351001,SDII,22.91,19.4,-3.51
ACCESS-ESM1-5,RAINY,EL_NINO,351001,wet_day_freq,3.14,2.72,-0.42
CanESM5,RAINY,EL_NINO,351001,wet_day_freq,29.85,32.02,2.17
CESM2,RAINY,EL_NINO,351001,wet_day_freq,20.29,7.96,-12.33
EC-Earth3,RAINY,EL_NINO,351001,wet_day_freq,37.11,39.66,2.55
FGOALS-g3,RAINY,EL_NINO,351001,wet_day_freq,10.02,24.42,14.4
MIROC6,RAINY,EL_NINO,351001,wet_day_freq,29.33,37.26,7.93
MRI-ESM2-0,RAINY,EL_NINO,351001,wet_day_freq,14.65,7.28,-7.37
ACCESS-ESM1-5,RAINY,EL_NINO,351002,CDD,26.69,14.77,-11.92
CanESM5,RAINY,EL_NINO,351002,CDD,38.88,28.26,-10.62
CESM2,RAINY,EL_NINO,351002,CDD,31.52,61.1,29.58
EC-Earth3,RAINY,EL_NINO,351002,CDD,35.32,36.72,1.4
FGOALS-g3,RAINY,EL_NINO,351002,CDD,15.08,41.67,26.59
MIROC6,RAINY,EL_NINO,351002,CDD,5.78,14.12,8.34
MRI-ESM2-0,RAINY,EL_NINO,351002,CDD,37.13,75.16,38.03
ACCESS-ESM1-5,RAINY,EL_NINO,351002,CWD,32.6,34.45,1.85
CanESM5,RAINY,EL_NINO,351002,CWD,0.65,5.83,5.18
CESM2,RAINY,EL_NINO,351002,CWD,19.83,4.54,-15.29
EC-Earth3,RAINY,EL_NINO,351002,CWD,47.62,20.96,-26.66
FGOALS-g3,RAINY,EL_NINO,351002,CWD,44.6,15.37,-29.23
MIROC6,RAINY,EL_NINO,351002,CWD,10.93,10.67,-0.26
MRI-ESM2-0,RAINY,EL_NINO,351002,CWD,1.82,23.06,21.24
ACCESS-ESM1-5,RAINY,EL_NINO,351002,PRCPTOT,48.56,57.34,8.78
CanESM5,RAINY,EL_NINO,351002,PRCPTOT,2.67,1.83,-0.84
CESM2,RAINY,EL_NINO,351002,PRCPTOT,15.37,23.28,7.91
EC-Earth3,RAINY,EL_NINO,351002,PRCPTOT,15.19,15.23,0.04
FGOALS-g3,RAINY,EL_NINO,351002,PRCPTOT,1.75,11.79,10.04
MIROC6,RAINY,EL_NINO,351002,PRCPTOT,9.71,14.58,4.87
MRI-ESM2-0,RAINY,EL_NINO,351002,PRCPTOT,34.1,47.92,13.82
ACCESS-ESM1-5,RAINY,EL_NINO,351002,R20mm,110.87,84.78,-26.09
CanESM5,RAINY,EL_NINO,351002,R20mm,1.63,1.78,0.15
CESM2,RAINY,EL_NINO,351002,R20mm,45.24,25.16,-20.08
EC-Earth3,RAINY,EL_NINO,351002,R20mm,69.13,6.7,-62.43
FGOALS-g3,RAINY,EL_NINO,351002,R20mm,25.16,17.43,-7.73
MIROC6,RAINY,EL_NINO,351002,R20mm,14.13,26.42,12.29
MRI-ESM2-0,RAINY,EL_NINO,351002,R20mm,72.16,68.56,-3.6
ACCESS-ESM1-5,RAINY,EL_NINO,351002,R50mm,85.71,85.71,0.0
CanESM5,RAINY,EL_NINO,351002,R50mm,85.71,85.71,0.0
CESM2,RAINY,EL_NINO,351002,R50mm,85.71,25.71,-60.0
EC-Earth3,RAINY,EL_NINO,351002,R50mm,14.29,42.86,28.57
FGOALS-g3,RAINY,EL_NINO,351002,R50mm,114.29,42.85,-71.44
MIROC6,RAINY,EL_NINO,351002,R50mm,64.29,0.0,-64.29
MRI-ESM2-0,RAINY,EL_NINO,351002,R50mm,85.71,85.71,0.0
ACCESS-ESM1-5,RAINY,EL_NINO,351002,R95p,83.39,83.39,0.0
CanESM5,RAINY,EL_NINO,351002,R95p,83.39,24.61,-58.78
CESM2,RAINY,EL_NINO,351002,R95p,49.88,17.53,-32.35
EC-Earth3,RAINY,EL_NINO,351002,R95p,16.61,27.13,10.52
FGOALS-g3,RAINY,EL_NINO,351002,R95p,88.3,41.85,-46.45
MIROC6,RAINY,EL_NINO,351002,R95p,3.86,23.54,19.68
MRI-ESM2-0,RAINY,EL_NINO,351002,R95p,83.39,83.39,0.0
ACCESS-ESM1-5,RAINY,EL_NINO,351002,R99p,103.42,103.42,0.0
CanESM5,RAINY,EL_NINO,351002,R99p,103.42,103.42,0.0
CESM2,RAINY,EL_NINO,351002,R99p,103.42,103.42,0.0
EC-Earth3,RAINY,EL_NINO,351002,R99p,3.42,103.42,100.0
FGOALS-g3,RAINY,EL_NINO,351002,R99p,3.42,103.42,100.0
MIROC6,RAINY,EL_NINO,351002,R99p,103.42,103.42,0.0
MRI-ESM2-0,RAINY,EL_NINO,351002,R99p,103.42,103.42,0.0
ACCESS-ESM1-5,RAINY,EL_NINO,351002,Rx1day,71.18,46.56,-24.62
CanESM5,RAINY,EL_NINO,351002,Rx1day,24.71,29.28,4.57
CESM2,RAINY,EL_NINO,351002,Rx1day,37.29,4.56,-32.73
EC-Earth3,RAINY,EL_NINO,351002,Rx1day,9.96,3.4,-6.56
FGOALS-g3,RAINY,EL_NINO,351002,Rx1day,10.78,25.75,14.97
MIROC6,RAINY,EL_NINO,351002,Rx1day,6.05,7.61,1.56
MRI-ESM2-0,RAINY,EL_NINO,351002,Rx1day,29.81,42.82,13.01
ACCESS-ESM1-5,RAINY,EL_NINO,351002,Rx5day,66.27,49.1,-17.17
CanESM5,RAINY,EL_NINO,351002,Rx5day,5.69,2.89,-2.8
CESM2,RAINY,EL_NINO,351002,Rx5day,14.87,1.32,-13.55
EC-Earth3,RAINY,EL_NINO,351002,Rx5day,13.63,15.71,2.08
FGOALS-g3,RAINY,EL_NINO,351002,Rx5day,40.34,10.17,-30.17
MIROC6,RAINY,EL_NINO,351002,Rx5day,17.46,5.17,-12.29
MRI-ESM2-0,RAINY,EL_NINO,351002,Rx5day,37.86,35.38,-2.48
ACCESS-ESM1-5,RAINY,EL_NINO,351002,SDII,28.4,36.62,8.22
CanESM5,RAINY,EL_NINO,351002,SDII,4.72,7.09,2.37
CESM2,RAINY,EL_NINO,351002,SDII,7.84,0.4,-7.44
EC-Earth3,RAINY,EL_NINO,351002,SDII,5.59,7.56,1.97
FGOALS-g3,RAINY,EL_NINO,351002,SDII,4.43,7.33,2.9
MIROC6,RAINY,EL_NINO,351002,SDII,8.09,11.66,3.57
MRI-ESM2-0,RAINY,EL_NINO,351002,SDII,20.82,20.36,-0.46
ACCESS-ESM1-5,RAINY,EL_NINO,351002,wet_day_freq,21.58,27.7,6.12
CanESM5,RAINY,EL_NINO,351002,wet_day_freq,5.13,11.04,5.91
CESM2,RAINY,EL_NINO,351002,wet_day_freq,4.43,18.45,14.02
EC-Earth3,RAINY,EL_NINO,351002,wet_day_freq,12.39,14.25,1.86
FGOALS-g3,RAINY,EL_NINO,351002,wet_day_freq,14.7,0.31,-14.39
MIROC6,RAINY,EL_NINO,351002,wet_day_freq,4.61,8.0,3.39
MRI-ESM2-0,RAINY,EL_NINO,351002,wet_day_freq,10.07,27.31,17.24
ACCESS-ESM1-5,RAINY,EL_NINO,351003,CDD,86.17,101.5,15.33
CanESM5,RAINY,EL_NINO,351003,CDD,116.27,105.18,-11.09
CESM2,RAINY,EL_NINO,351003,CDD,98.94,81.13,-17.81
EC-Earth3,RAINY,EL_NINO,351003,CDD,96.08,78.5,-17.58
FGOALS-g3,RAINY,EL_NINO,351003,CDD,92.47,121.63,29.16
MIROC6,RAINY,EL_NINO,351003,CDD,91.66,59.18,-32.48
MRI-ESM2-0,RAINY,EL_NINO,351003,CDD,40.26,22.59,-17.67
ACCESS-ESM1-5,RAINY,EL_NINO,351003,CWD,12.01,13.08,1.07
CanESM5,RAINY,EL_NINO,351003,CWD,60.4,68.46,8.06
CESM2,RAINY,EL_NINO,351003,CWD,18.77,48.53,29.76
EC-Earth3,RAINY,EL_NINO,351003,CWD,84.66,100.14,15.48
FGOALS-g3,RAINY,EL_NINO,351003,CWD,15.15,53.08,37.93
MIROC6,RAINY,EL_NINO,351003,CWD,31.58,38.79,7.21
MRI-ESM2-0,RAINY,EL_NINO,351003,CWD,57.93,26.85,-31.08
ACCESS-ESM1-5,RAINY,EL_NINO,351003,PRCPTOT,48.14,55.33,7.19
CanESM5,RAINY,EL_NINO,351003,PRCPTOT,9.12,7.08,-2.04
CESM2,RAINY,EL_NINO,351003,PRCPTOT,24.29,35.89,11.6
EC-Earth3,RAINY,EL_NINO,351003,PRCPTOT,17.82,30.03,12.21
FGOALS-g3,RAINY,EL_NINO,351003,PRCPTOT,4.7,18.41,13.71
MIROC6,RAINY,EL_NINO,351003,PRCPTOT,19.91,23.5,3.59
MRI-ESM2-0,RAINY,EL_NINO,351003,PRCPTOT,40.55,57.24,16.69
ACCESS-ESM1-5,RAINY,EL_NINO,351003,R20mm,144.94,90.06,-54.88
CanESM5,RAINY,EL_NINO,351003,R20mm,32.44,26.63,-5.81
CESM2,RAINY,EL_NINO,351003,R20mm,94.94,80.38,-14.56
EC-Earth3,RAINY,EL_NINO,351003,R20mm,95.06,15.77,-79.29
FGOALS-g3,RAINY,EL_NINO,351003,R20mm,59.23,56.94,-2.29
MIROC6,RAINY,EL_NINO,351003,R20mm,2.12,2.83,0.71
MRI-ESM2-0,RAINY,EL_NINO,351003,R20mm,106.23,91.61,-14.62
ACCESS-ESM1-5,RAINY,EL_NINO,351003,R50mm,140.0,140.0,0.0
CanESM5,RAINY,EL_NINO,351003,R50mm,140.0,80.0,-60.0
CESM2,RAINY,EL_NINO,351003,R50mm,10.0,58.18,48.18
EC-Earth3,RAINY,EL_NINO,351003,R50mm,40.0,40.0,0.0
FGOALS-g3,RAINY,EL_NINO,351003,R50mm,60.0,65.0,5.0
MIROC6,RAINY,EL_NINO,351003,R50mm,47.5,35.0,-12.5
MRI-ESM2-0,RAINY,EL_NINO,351003,R50mm,140.0,140.0,0.0
ACCESS-ESM1-5,RAINY,EL_NINO,351003,R95p,185.36,185.36,0.0
CanESM5,RAINY,EL_NINO,351003,R95p,144.9,114.63,-30.27
CESM2,RAINY,EL_NINO,351003,R95p,74.05,114.48,40.43
EC-Earth3,RAINY,EL_NINO,351003,R95p,85.36,23.82,-61.54
FGOALS-g3,RAINY,EL_NINO,351003,R95p,13.67,110.7,97.03
MIROC6,RAINY,EL_NINO,351003,R95p,36.64,42.73,6.09
MRI-ESM2-0,RAINY,EL_NINO,351003,R95p,185.36,178.41,-6.95
ACCESS-ESM1-5,RAINY,EL_NINO,351003,R99p,128.07,128.07,0.0
CanESM5,RAINY,EL_NINO,351003,R99p,128.07,128.07,0.0
CESM2,RAINY,EL_NINO,351003,R99p,28.07,76.32,48.25
EC-Earth3,RAINY,EL_NINO,351003,R99p,28.07,869.89,841.82
FGOALS-g3,RAINY,EL_NINO,351003,R99p,128.07,128.07,0.0
MIROC6,RAINY,EL_NINO,351003,R99p,61.89,42.57,-19.32
MRI-ESM2-0,RAINY,EL_NINO,351003,R99p,128.07,128.07,0.0
ACCESS-ESM1-5,RAINY,EL_NINO,351003,Rx1day,125.85,100.09,-25.76
CanESM5,RAINY,EL_NINO,351003,Rx1day,89.33,91.42,2.09
CESM2,RAINY,EL_NINO,351003,Rx1day,9.97,40.82,30.85
EC-Earth3,RAINY,EL_NINO,351003,Rx1day,16.13,114.94,98.81
FGOALS-g3,RAINY,EL_NINO,351003,Rx1day,75.4,85.49,10.09
MIROC6,RAINY,EL_NINO,351003,Rx1day,13.4,46.23,32.83
MRI-ESM2-0,RAINY,EL_NINO,351003,Rx1day,94.43,112.96,18.53
ACCESS-ESM1-5,RAINY,EL_NINO,351003,Rx5day,83.2,60.18,-23.02
CanESM5,RAINY,EL_NINO,351003,Rx5day,43.21,38.49,-4.72
CESM2,RAINY,EL_NINO,351003,Rx5day,19.14,43.03,23.89
EC-Earth3,RAINY,EL_NINO,351003,Rx5day,8.43,80.59,72.16
FGOALS-g3,RAINY,EL_NINO,351003,Rx5day,2.82,42.81,39.99
MIROC6,RAINY,EL_NINO,351003,Rx5day,14.92,21.56,6.64
MRI-ESM2-0,RAINY,EL_NINO,351003,Rx5day,75.38,83.55,8.17
ACCESS-ESM1-5,RAINY,EL_NINO,351003,SDII,37.4,43.25,5.85
CanESM5,RAINY,EL_NINO,351003,SDII,31.32,36.44,5.12
CESM2,RAINY,EL_NINO,351003,SDII,36.87,39.86,2.99
EC-Earth3,RAINY,EL_NINO,351003,SDII,17.92,2.46,-15.46
FGOALS-g3,RAINY,EL_NINO,351003,SDII,22.17,37.06,14.89
MIROC6,RAINY,EL_NINO,351003,SDII,1.8,4.91,3.11
MRI-ESM2-0,RAINY,EL_NINO,351003,SDII,47.42,48.8,1.38
ACCESS-ESM1-5,RAINY,EL_NINO,351003,wet_day_freq,4.33,7.58,3.25
CanESM5,RAINY,EL_NINO,351003,wet_day_freq,32.36,39.57,7.21
CESM2,RAINY,EL_NINO,351003,wet_day_freq,22.46,14.45,-8.01
EC-Earth3,RAINY,EL_NINO,351003,wet_day_freq,46.95,40.92,-6.03
FGOALS-g3,RAINY,EL_NINO,351003,wet_day_freq,12.53,30.06,17.53
MIROC6,RAINY,EL_NINO,351003,wet_day_freq,31.34,31.62,0.28
MRI-ESM2-0,RAINY,EL_NINO,351003,wet_day_freq,17.16,2.41,-14.75
ACCESS-ESM1-5,RAINY,EL_NINO,351004,CDD,4.96,18.36,13.4
CanESM5,RAINY,EL_NINO,351004,CDD,25.14,12.95,-12.19
CESM2,RAINY,EL_NINO,351004,CDD,17.78,45.14,27.36
EC-Earth3,RAINY,EL_NINO,351004,CDD,4.95,2.81,-2.14
FGOALS-g3,RAINY,EL_NINO,351004,CDD,1.34,27.58,26.24
MIROC6,RAINY,EL_NINO,351004,CDD,19.52,41.54,22.02
MRI-ESM2-0,RAINY,EL_NINO,351004,CDD,50.87,48.46,-2.41
ACCESS-ESM1-5,RAINY,EL_NINO,351004,CWD,45.42,39.13,-6.29
CanESM5,RAINY,EL_NINO,351004,CWD,2.97,17.53,14.56
CESM2,RAINY,EL_NINO,351004,CWD,17.51,1.91,-15.6
EC-Earth3,RAINY,EL_NINO,351004,CWD,27.23,23.31,-3.92
FGOALS-g3,RAINY,EL_NINO,351004,CWD,42.28,15.16,-27.12
MIROC6,RAINY,EL_NINO,351004,CWD,8.61,16.85,8.24
MRI-ESM2-0,RAINY,EL_NINO,351004,CWD,0.5,40.89,40.39
ACCESS-ESM1-5,RAINY,EL_NINO,351004,PRCPTOT,58.73,68.45,9.72
CanESM5,RAINY,EL_NINO,351004,PRCPTOT,19.71,16.99,-2.72
CESM2,RAINY,EL_NINO,351004,PRCPTOT,32.41,42.3,9.89
EC-Earth3,RAINY,EL_NINO,351004,PRCPTOT,7.23,21.77,14.54
FGOALS-g3,RAINY,EL_NINO,351004,PRCPTOT,15.29,31.36,16.07
MIROC6,RAINY,EL_NINO,351004,PRCPTOT,7.33,2.48,-4.85
MRI-ESM2-0,RAINY,EL_NINO,351004,PRCPTOT,51.14,67.0,15.86
ACCESS-ESM1-5,RAINY,EL_NINO,351004,R20mm,132.47,81.04,-51.43
CanESM5,RAINY,EL_NINO,351004,R20mm,19.97,13.95,-6.02
CESM2,RAINY,EL_NINO,351004,R20mm,66.84,60.06,-6.78
EC-Earth3,RAINY,EL_NINO,351004,R20mm,107.53,19.14,-88.39
FGOALS-g3,RAINY,EL_NINO,351004,R20mm,46.76,55.15,8.39
MIROC6,RAINY,EL_NINO,351004,R20mm,7.47,11.97,4.5
MRI-ESM2-0,RAINY,EL_NINO,351004,R20mm,93.76,76.59,-17.17
ACCESS-ESM1-5,RAINY,EL_NINO,351004,R50mm,92.31,92.31,0.0
CanESM5,RAINY,EL_NINO,351004,R50mm,92.31,17.31,-75.0
CESM2,RAINY,EL_NINO,351004,R50mm,92.31,28.02,-64.29
EC-Earth3,RAINY,EL_NINO,351004,R50mm,7.69,47.69,40.0
FGOALS-g3,RAINY,EL_NINO,351004,R50mm,107.69,37.76,-69.93
MIROC6,RAINY,EL_NINO,351004,R50mm,57.69,82.69,25.0
MRI-ESM2-0,RAINY,EL_NINO,351004,R50mm,92.31,92.31,0.0
ACCESS-ESM1-5,RAINY,EL_NINO,351004,R95p,159.55,159.55,0.0
CanESM5,RAINY,EL_NINO,351004,R95p,159.55,73.59,-85.96
CESM2,RAINY,EL_NINO,351004,R95p,26.28,124.41,98.13
EC-Earth3,RAINY,EL_NINO,351004,R95p,59.55,28.86,-30.69
FGOALS-g3,RAINY,EL_NINO,351004,R95p,12.14,107.27,95.13
MIROC6,RAINY,EL_NINO,351004,R95p,83.68,25.77,-57.91
MRI-ESM2-0,RAINY,EL_NINO,351004,R95p,159.55,146.28,-13.27
ACCESS-ESM1-5,RAINY,EL_NINO,351004,R99p,199.08,199.08,0.0
CanESM5,RAINY,EL_NINO,351004,R99p,199.08,199.08,0.0
CESM2,RAINY,EL_NINO,351004,R99p,199.08,199.08,0.0
EC-Earth3,RAINY,EL_NINO,351004,R99p,99.08,333.71,234.63
FGOALS-g3,RAINY,EL_NINO,351004,R99p,99.08,199.08,100.0
MIROC6,RAINY,EL_NINO,351004,R99p,199.08,142.24,-56.84
MRI-ESM2-0,RAINY,EL_NINO,351004,R99p,199.08,199.08,0.0
ACCESS-ESM1-5,RAINY,EL_NINO,351004,Rx1day,49.1,33.01,-16.09
CanESM5,RAINY,EL_NINO,351004,Rx1day,12.58,20.92,8.34
CESM2,RAINY,EL_NINO,351004,Rx1day,49.42,6.61,-42.81
EC-Earth3,RAINY,EL_NINO,351004,Rx1day,60.62,200.59,139.97
FGOALS-g3,RAINY,EL_NINO,351004,Rx1day,1.35,14.99,13.64
MIROC6,RAINY,EL_NINO,351004,Rx1day,18.18,27.54,9.36
MRI-ESM2-0,RAINY,EL_NINO,351004,Rx1day,17.68,27.34,9.66
ACCESS-ESM1-5,RAINY,EL_NINO,351004,Rx5day,72.55,53.68,-18.87
CanESM5,RAINY,EL_NINO,351004,Rx5day,32.56,28.15,-4.41
CESM2,RAINY,EL_NINO,351004,Rx5day,12.0,36.93,24.93
EC-Earth3,RAINY,EL_NINO,351004,Rx5day,19.08,82.36,63.28
FGOALS-g3,RAINY,EL_NINO,351004,Rx5day,13.47,40.91,27.44
MIROC6,RAINY,EL_NINO,351004,Rx5day,9.41,8.38,-1.03
MRI-ESM2-0,RAINY,EL_NINO,351004,Rx5day,64.73,63.54,-1.19
ACCESS-ESM1-5,RAINY,EL_NINO,351004,SDII,18.71,24.95,6.24
CanESM5,RAINY,EL_NINO,351004,SDII,12.63,8.59,-4.04
CESM2,RAINY,EL_NINO,351004,SDII,15.75,8.68,-7.07
EC-Earth3,RAINY,EL_NINO,351004,SDII,0.77,21.24,20.47
FGOALS-g3,RAINY,EL_NINO,351004,SDII,3.48,20.02,16.54
MIROC6,RAINY,EL_NINO,351004,SDII,0.18,7.36,7.18
MRI-ESM2-0,RAINY,EL_NINO,351004,SDII,28.73,33.14,4.41
ACCESS-ESM1-5,RAINY,EL_NINO,351004,wet_day_freq,41.57,48.36,6.79
CanESM5,RAINY,EL_NINO,351004,wet_day_freq,4.88,6.91,2.03
CESM2,RAINY,EL_NINO,351004,wet_day_freq,14.44,28.32,13.88
EC-Earth3,RAINY,EL_NINO,351004,wet_day_freq,9.71,6.87,-2.84
FGOALS-g3,RAINY,EL_NINO,351004,wet_day_freq,24.71,9.57,-15.14
MIROC6,RAINY,EL_NINO,351004,wet_day_freq,5.4,1.9,-3.5
MRI-ESM2-0,RAINY,EL_NINO,351004,wet_day_freq,20.08,35.6,15.52
ACCESS-ESM1-5,RAINY,EL_NINO,351005,CDD,77.73,117.59,39.86
CanESM5,RAINY,EL_NINO,351005,CDD,143.3,135.81,-7.49
CESM2,RAINY,EL_NINO,351005,CDD,135.94,50.27,-85.67
EC-Earth3,RAINY,EL_NINO,351005,CDD,138.79,115.85,-22.94
FGOALS-g3,RAINY,EL_NINO,351005,CDD,119.5,150.91,31.41
MIROC6,RAINY,EL_NINO,351005,CDD,98.64,80.6,-18.04
MRI-ESM2-0,RAINY,EL_NINO,351005,CDD,67.29,58.16,-9.13
ACCESS-ESM1-5,RAINY,EL_NINO,351005,CWD,56.14,60.07,3.93
CanESM5,RAINY,EL_NINO,351005,CWD,89.39,100.49,11.1
CESM2,RAINY,EL_NINO,351005,CWD,68.91,84.51,15.6
EC-Earth3,RAINY,EL_NINO,351005,CWD,87.95,67.78,-20.17
FGOALS-g3,RAINY,EL_NINO,351005,CWD,44.14,66.69,22.55
MIROC6,RAINY,EL_NINO,351005,CWD,77.81,67.78,-10.03
MRI-ESM2-0,RAINY,EL_NINO,351005,CWD,86.92,62.43,-24.49
ACCESS-ESM1-5,RAINY,EL_NINO,351005,PRCPTOT,53.58,67.82,14.24
CanESM5,RAINY,EL_NINO,351005,PRCPTOT,7.69,6.9,-0.79
CESM2,RAINY,EL_NINO,351005,PRCPTOT,20.39,28.72,8.33
EC-Earth3,RAINY,EL_NINO,351005,PRCPTOT,11.58,4.66,-6.92
FGOALS-g3,RAINY,EL_NINO,351005,PRCPTOT,3.27,18.58,15.31
MIROC6,RAINY,EL_NINO,351005,PRCPTOT,4.69,12.32,7.63
MRI-ESM2-0,RAINY,EL_NINO,351005,PRCPTOT,39.12,54.57,15.45
ACCESS-ESM1-5,RAINY,EL_NINO,351005,R20mm,136.36,103.75,-32.61
CanESM5,RAINY,EL_NINO,351005,R20mm,23.86,21.89,-1.97
CESM2,RAINY,EL_NINO,351005,R20mm,70.73,65.77,-4.96
EC-Earth3,RAINY,EL_NINO,351005,R20mm,48.26,42.81,-5.45
FGOALS-g3,RAINY,EL_NINO,351005,R20mm,50.65,52.64,1.99
MIROC6,RAINY,EL_NINO,351005,R20mm,11.36,0.35,-11.01
MRI-ESM2-0,RAINY,EL_NINO,351005,R20mm,97.65,81.26,-16.39
ACCESS-ESM1-5,RAINY,EL_NINO,351005,R50mm,150.0,150.0,0.0
CanESM5,RAINY,EL_NINO,351005,R50mm,150.0,68.18,-81.82
CESM2,RAINY,EL_NINO,351005,R50mm,150.0,85.71,-64.29
EC-Earth3,RAINY,EL_NINO,351005,R50mm,50.0,33.33,-16.67
FGOALS-g3,RAINY,EL_NINO,351005,R50mm,50.0,60.0,10.0
MIROC6,RAINY,EL_NINO,351005,R50mm,0.0,0.0,0.0
MRI-ESM2-0,RAINY,EL_NINO,351005,R50mm,150.0,150.0,0.0
ACCESS-ESM1-5,RAINY,EL_NINO,351005,R95p,140.43,140.43,0.0
CanESM5,RAINY,EL_NINO,351005,R95p,99.97,58.58,-41.39
CESM2,RAINY,EL_NINO,351005,R95p,7.16,95.02,87.86
EC-Earth3,RAINY,EL_NINO,351005,R95p,40.43,18.14,-22.29
FGOALS-g3,RAINY,EL_NINO,351005,R95p,31.26,52.88,21.62
MIROC6,RAINY,EL_NINO,351005,R95p,60.9,35.71,-25.19
MRI-ESM2-0,RAINY,EL_NINO,351005,R95p,140.43,126.95,-13.48
ACCESS-ESM1-5,RAINY,EL_NINO,351005,R99p,299.2,299.2,0.0
CanESM5,RAINY,EL_NINO,351005,R99p,299.2,299.2,0.0
CESM2,RAINY,EL_NINO,351005,R99p,299.2,228.21,-70.99
EC-Earth3,RAINY,EL_NINO,351005,R99p,199.2,153.49,-45.71
FGOALS-g3,RAINY,EL_NINO,351005,R99p,199.2,299.2,100.0
MIROC6,RAINY,EL_NINO,351005,R99p,299.2,252.07,-47.13
MRI-ESM2-0,RAINY,EL_NINO,351005,R99p,299.2,299.2,0.0
ACCESS-ESM1-5,RAINY,EL_NINO,351005,Rx1day,106.86,87.15,-19.71
CanESM5,RAINY,EL_NINO,351005,Rx1day,60.39,69.03,8.64
CESM2,RAINY,EL_NINO,351005,Rx1day,1.61,32.88,31.27
EC-Earth3,RAINY,EL_NINO,351005,Rx1day,9.29,27.14,17.85
FGOALS-g3,RAINY,EL_NINO,351005,Rx1day,46.46,60.23,13.77
MIROC6,RAINY,EL_NINO,351005,Rx1day,29.63,9.1,-20.53
MRI-ESM2-0,RAINY,EL_NINO,351005,Rx1day,65.49,77.7,12.21
ACCESS-ESM1-5,RAINY,EL_NINO,351005,Rx5day,101.34,91.68,-9.66
CanESM5,RAINY,EL_NINO,351005,Rx5day,40.76,41.0,0.24
CESM2,RAINY,EL_NINO,351005,Rx5day,20.2,33.4,13.2
EC-Earth3,RAINY,EL_NINO,351005,Rx5day,26.27,30.79,4.52
FGOALS-g3,RAINY,EL_NINO,351005,Rx5day,5.27,43.62,38.35
MIROC6,RAINY,EL_NINO,351005,Rx5day,17.61,24.68,7.07
MRI-ESM2-0,RAINY,EL_NINO,351005,Rx5day,72.93,74.32,1.39
ACCESS-ESM1-5,RAINY,EL_NINO,351005,SDII,61.14,74.44,13.3
CanESM5,RAINY,EL_NINO,351005,SDII,37.46,38.73,1.27
CESM2,RAINY,EL_NINO,351005,SDII,40.58,33.61,-6.97
EC-Earth3,RAINY,EL_NINO,351005,SDII,22.87,30.18,7.31
FGOALS-g3,RAINY,EL_NINO,351005,SDII,28.31,44.62,16.31
MIROC6,RAINY,EL_NINO,351005,SDII,24.65,20.27,-4.38
MRI-ESM2-0,RAINY,EL_NINO,351005,SDII,53.56,53.18,-0.38
ACCESS-ESM1-5,RAINY,EL_NINO,351005,wet_day_freq,11.69,1.93,-9.76
CanESM5,RAINY,EL_NINO,351005,wet_day_freq,38.4,39.88,1.48
CESM2,RAINY,EL_NINO,351005,wet_day_freq,28.84,15.88,-12.96
EC-Earth3,RAINY,EL_NINO,351005,wet_day_freq,43.31,48.05,4.74
FGOALS-g3,RAINY,EL_NINO,351005,wet_day_freq,18.57,35.64,17.07
MIROC6,RAINY,EL_NINO,351005,wet_day_freq,37.88,42.59,4.71
MRI-ESM2-0,RAINY,EL_NINO,351005,wet_day_freq,23.2,5.08,-18.12
ACCESS-ESM1-5,RAINY,EL_NINO,351006,CDD,17.54,22.29,4.75
CanESM5,RAINY,EL_NINO,351006,CDD,47.64,27.99,-19.65
CESM2,RAINY,EL_NINO,351006,CDD,44.76,8.93,-35.83
EC-Earth3,RAINY,EL_NINO,351006,CDD,27.45,1.09,-26.36
FGOALS-g3,RAINY,EL_NINO,351006,CDD,23.84,52.5,28.66
MIROC6,RAINY,EL_NINO,351006,CDD,23.03,21.67,-1.36
MRI-ESM2-0,RAINY,EL_NINO,351006,CDD,67.5,45.39,-22.11
ACCESS-ESM1-5,RAINY,EL_NINO,351006,CWD,41.4,34.33,-7.07
CanESM5,RAINY,EL_NINO,351006,CWD,6.99,12.17,5.18
CESM2,RAINY,EL_NINO,351006,CWD,10.05,22.55,12.5
EC-Earth3,RAINY,EL_NINO,351006,CWD,31.25,46.73,15.48
FGOALS-g3,RAINY,EL_NINO,351006,CWD,38.26,7.0,-31.26
MIROC6,RAINY,EL_NINO,351006,CWD,21.83,14.62,-7.21
MRI-ESM2-0,RAINY,EL_NINO,351006,CWD,10.91,31.48,20.57
ACCESS-ESM1-5,RAINY,EL_NINO,351006,PRCPTOT,46.05,52.09,6.04
CanESM5,RAINY,EL_NINO,351006,PRCPTOT,7.03,3.8,-3.23
CESM2,RAINY,EL_NINO,351006,PRCPTOT,31.02,46.68,15.66
EC-Earth3,RAINY,EL_NINO,351006,PRCPTOT,19.91,25.68,5.77
FGOALS-g3,RAINY,EL_NINO,351006,PRCPTOT,2.61,16.73,14.12
MIROC6,RAINY,EL_NINO,351006,PRCPTOT,22.0,22.38,0.38
MRI-ESM2-0,RAINY,EL_NINO,351006,PRCPTOT,35.86,49.37,13.51
ACCESS-ESM1-5,RAINY,EL_NINO,351006,R20mm,81.08,25.98,-55.1
CanESM5,RAINY,EL_NINO,351006,R20mm,31.42,29.45,-1.97
CESM2,RAINY,EL_NINO,351006,R20mm,25.52,28.14,2.62
EC-Earth3,RAINY,EL_NINO,351006,R20mm,158.92,30.55,-128.37
FGOALS-g3,RAINY,EL_NINO,351006,R20mm,4.63,0.18,-4.45
MIROC6,RAINY,EL_NINO,351006,R20mm,65.98,72.58,6.6
MRI-ESM2-0,RAINY,EL_NINO,351006,R20mm,46.46,28.5,-17.96
ACCESS-ESM1-5,RAINY,EL_NINO,351006,R50mm,0.0,0.0,0.0
CanESM5,RAINY,EL_NINO,351006,R50mm,0.0,81.82,81.82
CESM2,RAINY,EL_NINO,351006,R50mm,100.0,15.79,-84.21
EC-Earth3,RAINY,EL_NINO,351006,R50mm,100.0,150.0,50.0
FGOALS-g3,RAINY,EL_NINO,351006,R50mm,200.0,60.0,-140.0
MIROC6,RAINY,EL_NINO,351006,R50mm,187.5,140.0,-47.5
MRI-ESM2-0,RAINY,EL_NINO,351006,R50mm,0.0,31.58,31.58
ACCESS-ESM1-5,RAINY,EL_NINO,351006,R95p,67.68,21.98,-45.7
CanESM5,RAINY,EL_NINO,351006,R95p,26.03,30.0,3.97
CESM2,RAINY,EL_NINO,351006,R95p,19.5,27.12,7.62
EC-Earth3,RAINY,EL_NINO,351006,R95p,151.13,69.01,-82.12
FGOALS-g3,RAINY,EL_NINO,351006,R95p,42.65,8.54,-34.11
MIROC6,RAINY,EL_NINO,351006,R95p,77.56,77.67,0.11
MRI-ESM2-0,RAINY,EL_NINO,351006,R95p,34.54,24.81,-9.73
ACCESS-ESM1-5,RAINY,EL_NINO,351006,R99p,50.27,19.06,-31.21
CanESM5,RAINY,EL_NINO,351006,R99p,14.3,15.87,1.57
CESM2,RAINY,EL_NINO,351006,R99p,4.85,15.7,10.85
EC-Earth3,RAINY,EL_NINO,351006,R99p,49.73,123.34,73.61
FGOALS-g3,RAINY,EL_NINO,351006,R99p,121.42,34.85,-86.57
MIROC6,RAINY,EL_NINO,351006,R99p,93.73,105.84,12.11
MRI-ESM2-0,RAINY,EL_NINO,351006,R99p,50.27,24.99,-25.28
ACCESS-ESM1-5,RAINY,EL_NINO,351006,Rx1day,35.82,3.31,-32.51
CanESM5,RAINY,EL_NINO,351006,Rx1day,0.7,0.03,-0.67
CESM2,RAINY,EL_NINO,351006,Rx1day,26.73,1.04,-25.69
EC-Earth3,RAINY,EL_NINO,351006,Rx1day,73.9,155.36,81.46
FGOALS-g3,RAINY,EL_NINO,351006,Rx1day,14.63,0.6,-14.03
MIROC6,RAINY,EL_NINO,351006,Rx1day,76.63,35.58,-41.05
MRI-ESM2-0,RAINY,EL_NINO,351006,Rx1day,9.75,0.72,-9.03
ACCESS-ESM1-5,RAINY,EL_NINO,351006,Rx5day,39.0,10.12,-28.88
CanESM5,RAINY,EL_NINO,351006,Rx5day,0.99,7.81,6.82
CESM2,RAINY,EL_NINO,351006,Rx5day,9.92,30.93,21.01
EC-Earth3,RAINY,EL_NINO,351006,Rx5day,52.63,101.92,49.29
FGOALS-g3,RAINY,EL_NINO,351006,Rx5day,47.02,4.94,-42.08
MIROC6,RAINY,EL_NINO,351006,Rx5day,59.12,16.02,-43.1
MRI-ESM2-0,RAINY,EL_NINO,351006,Rx5day,19.11,29.78,10.67
ACCESS-ESM1-5,RAINY,EL_NINO,351006,SDII,19.74,10.15,-9.59
CanESM5,RAINY,EL_NINO,351006,SDII,25.82,23.47,-2.35
CESM2,RAINY,EL_NINO,351006,SDII,7.47,6.1,-1.37
EC-Earth3,RAINY,EL_NINO,351006,SDII,39.22,49.78,10.56
FGOALS-g3,RAINY,EL_NINO,351006,SDII,34.97,23.24,-11.73
MIROC6,RAINY,EL_NINO,351006,SDII,55.34,55.4,0.06
MRI-ESM2-0,RAINY,EL_NINO,351006,SDII,8.87,13.19,4.32
ACCESS-ESM1-5,RAINY,EL_NINO,351006,wet_day_freq,55.86,54.72,-1.14
CanESM5,RAINY,EL_NINO,351006,wet_day_freq,19.17,14.1,-5.07
CESM2,RAINY,EL_NINO,351006,wet_day_freq,24.73,44.14,19.41
EC-Earth3,RAINY,EL_NINO,351006,wet_day_freq,4.58,7.05,2.47
FGOALS-g3,RAINY,EL_NINO,351006,wet_day_freq,39.0,25.1,-13.9
MIROC6,RAINY,EL_NINO,351006,wet_day_freq,20.19,17.92,-2.27
MRI-ESM2-0,RAINY,EL_NINO,351006,wet_day_freq,31.71,54.91,23.2
ACCESS-ESM1-5,RAINY,EL_NINO,351007,CDD,37.39,29.32,-8.07
CanESM5,RAINY,EL_NINO,351007,CDD,67.49,43.93,-23.56
CESM2,RAINY,EL_NINO,351007,CDD,64.61,19.31,-45.3
EC-Earth3,RAINY,EL_NINO,351007,CDD,43.06,79.19,36.13
FGOALS-g3,RAINY,EL_NINO,351007,CDD,12.35,40.68,28.33
MIROC6,RAINY,EL_NINO,351007,CDD,42.88,51.45,8.57
MRI-ESM2-0,RAINY,EL_NINO,351007,CDD,4.57,21.64,17.07
ACCESS-ESM1-5,RAINY,EL_NINO,351007,CWD,88.54,79.86,-8.68
CanESM5,RAINY,EL_NINO,351007,CWD,40.15,15.47,-24.68
CESM2,RAINY,EL_NINO,351007,CWD,37.09,90.71,53.62
EC-Earth3,RAINY,EL_NINO,351007,CWD,23.56,49.03,25.47
FGOALS-g3,RAINY,EL_NINO,351007,CWD,89.41,81.24,-8.17
MIROC6,RAINY,EL_NINO,351007,CWD,68.97,48.79,-20.18
MRI-ESM2-0,RAINY,EL_NINO,351007,CWD,36.45,71.41,34.96
ACCESS-ESM1-5,RAINY,EL_NINO,351007,PRCPTOT,45.68,43.85,-1.83
CanESM5,RAINY,EL_NINO,351007,PRCPTOT,6.66,1.45,-5.21
CESM2,RAINY,EL_NINO,351007,PRCPTOT,30.65,37.8,7.15
EC-Earth3,RAINY,EL_NINO,351007,PRCPTOT,23.05,15.2,-7.85
FGOALS-g3,RAINY,EL_NINO,351007,PRCPTOT,40.3,33.79,-6.51
MIROC6,RAINY,EL_NINO,351007,PRCPTOT,22.37,17.43,-4.94
MRI-ESM2-0,RAINY,EL_NINO,351007,PRCPTOT,25.0,37.36,12.36
ACCESS-ESM1-5,RAINY,EL_NINO,351007,R20mm,50.0,0.0,-50.0
CanESM5,RAINY,EL_NINO,351007,R20mm,62.5,65.38,2.88
CESM2,RAINY,EL_NINO,351007,R20mm,5.56,10.66,5.1
EC-Earth3,RAINY,EL_NINO,351007,R20mm,175.0,60.77,-114.23
FGOALS-g3,RAINY,EL_NINO,351007,R20mm,50.0,10.0,-40.0
MIROC6,RAINY,EL_NINO,351007,R20mm,97.06,95.16,-1.9
MRI-ESM2-0,RAINY,EL_NINO,351007,R20mm,7.14,0.63,-6.51
ACCESS-ESM1-5,RAINY,EL_NINO,351007,R50mm,0.0,0.0,0.0
CanESM5,RAINY,EL_NINO,351007,R50mm,0.0,0.0,0.0
CESM2,RAINY,EL_NINO,351007,R50mm,100.0,0.0,-100.0
EC-Earth3,RAINY,EL_NINO,351007,R50mm,100.0,600.0,500.0
FGOALS-g3,RAINY,EL_NINO,351007,R50mm,100.0,0.0,-100.0
MIROC6,RAINY,EL_NINO,351007,R50mm,187.5,180.0,-7.5
MRI-ESM2-0,RAINY,EL_NINO,351007,R50mm,0.0,42.86,42.86
ACCESS-ESM1-5,RAINY,EL_NINO,351007,R95p,52.9,2.46,-50.44
CanESM5,RAINY,EL_NINO,351007,R95p,35.57,44.21,8.64
CESM2,RAINY,EL_NINO,351007,R95p,6.84,19.92,13.08
EC-Earth3,RAINY,EL_NINO,351007,R95p,194.1,82.39,-111.71
FGOALS-g3,RAINY,EL_NINO,351007,R95p,52.9,16.79,-36.11
MIROC6,RAINY,EL_NINO,351007,R95p,89.72,90.86,1.14
MRI-ESM2-0,RAINY,EL_NINO,351007,R95p,4.82,4.18,-0.64
ACCESS-ESM1-5,RAINY,EL_NINO,351007,R99p,70.06,70.06,0.0
CanESM5,RAINY,EL_NINO,351007,R99p,34.09,6.82,-27.27
CESM2,RAINY,EL_NINO,351007,R99p,14.94,56.42,41.48
EC-Earth3,RAINY,EL_NINO,351007,R99p,29.94,178.98,149.04
FGOALS-g3,RAINY,EL_NINO,351007,R99p,29.94,70.06,40.12
MIROC6,RAINY,EL_NINO,351007,R99p,84.53,92.11,7.58
MRI-ESM2-0,RAINY,EL_NINO,351007,R99p,70.06,43.06,-27.0
ACCESS-ESM1-5,RAINY,EL_NINO,351007,Rx1day,44.74,13.09,-31.65
CanESM5,RAINY,EL_NINO,351007,Rx1day,8.22,5.62,-2.6
CESM2,RAINY,EL_NINO,351007,Rx1day,17.81,4.48,-13.33
EC-Earth3,RAINY,EL_NINO,351007,Rx1day,79.33,149.15,69.82
FGOALS-g3,RAINY,EL_NINO,351007,Rx1day,5.55,2.57,-2.98
MIROC6,RAINY,EL_NINO,351007,Rx1day,67.71,44.82,-22.89
MRI-ESM2-0,RAINY,EL_NINO,351007,Rx1day,18.82,2.05,-16.77
ACCESS-ESM1-5,RAINY,EL_NINO,351007,Rx5day,43.57,12.48,-31.09
CanESM5,RAINY,EL_NINO,351007,Rx5day,3.58,5.58,2.0
CESM2,RAINY,EL_NINO,351007,Rx5day,14.49,30.07,15.58
EC-Earth3,RAINY,EL_NINO,351007,Rx5day,69.66,102.45,32.79
FGOALS-g3,RAINY,EL_NINO,351007,Rx5day,31.58,30.73,-0.85
MIROC6,RAINY,EL_NINO,351007,Rx5day,54.55,13.39,-41.16
MRI-ESM2-0,RAINY,EL_NINO,351007,Rx5day,8.93,28.13,19.2
ACCESS-ESM1-5,RAINY,EL_NINO,351007,SDII,13.69,1.64,-12.05
CanESM5,RAINY,EL_NINO,351007,SDII,19.77,26.56,6.79
CESM2,RAINY,EL_NINO,351007,SDII,1.42,4.24,2.82
EC-Earth3,RAINY,EL_NINO,351007,SDII,37.22,43.42,6.2
FGOALS-g3,RAINY,EL_NINO,351007,SDII,11.81,1.35,-10.46
MIROC6,RAINY,EL_NINO,351007,SDII,49.29,37.9,-11.39
MRI-ESM2-0,RAINY,EL_NINO,351007,SDII,7.02,0.69,-6.33
ACCESS-ESM1-5,RAINY,EL_NINO,351007,wet_day_freq,53.76,35.44,-18.32
CanESM5,RAINY,EL_NINO,351007,wet_day_freq,17.07,20.16,3.09
CESM2,RAINY,EL_NINO,351007,wet_day_freq,22.63,34.94,12.31
EC-Earth3,RAINY,EL_NINO,351007,wet_day_freq,4.23,16.52,12.29
FGOALS-g3,RAINY,EL_NINO,351007,wet_day_freq,46.8,25.52,-21.28
MIROC6,RAINY,EL_NINO,351007,wet_day_freq,18.09,12.15,-5.94
MRI-ESM2-0,RAINY,EL_NINO,351007,wet_day_freq,23.77,32.09,8.32
ACCESS-ESM1-5,RAINY,EL_NINO,351008,CDD,14.96,22.94,7.98
CanESM5,RAINY,EL_NINO,351008,CDD,15.14,4.32,-10.82
CESM2,RAINY,EL_NINO,351008,CDD,7.78,48.57,40.79
EC-Earth3,RAINY,EL_NINO,351008,CDD,33.19,1.43,-31.76
FGOALS-g3,RAINY,EL_NINO,351008,CDD,8.66,17.3,8.64
MIROC6,RAINY,EL_NINO,351008,CDD,29.52,7.1,-22.42
MRI-ESM2-0,RAINY,EL_NINO,351008,CDD,60.87,21.12,-39.75
ACCESS-ESM1-5,RAINY,EL_NINO,351008,CWD,44.92,36.24,-8.68
CanESM5,RAINY,EL_NINO,351008,CWD,3.47,33.65,30.18
CESM2,RAINY,EL_NINO,351008,CWD,17.01,6.44,-10.57
EC-Earth3,RAINY,EL_NINO,351008,CWD,29.48,2.44,-27.04
FGOALS-g3,RAINY,EL_NINO,351008,CWD,41.78,15.12,-26.66
MIROC6,RAINY,EL_NINO,351008,CWD,8.11,32.11,24.0
MRI-ESM2-0,RAINY,EL_NINO,351008,CWD,1.0,21.66,20.66
ACCESS-ESM1-5,RAINY,EL_NINO,351008,PRCPTOT,27.01,25.41,-1.6
CanESM5,RAINY,EL_NINO,351008,PRCPTOT,12.01,16.61,4.6
CESM2,RAINY,EL_NINO,351008,PRCPTOT,0.69,8.36,7.67
EC-Earth3,RAINY,EL_NINO,351008,PRCPTOT,24.43,23.47,-0.96
FGOALS-g3,RAINY,EL_NINO,351008,PRCPTOT,16.43,5.81,-10.62
MIROC6,RAINY,EL_NINO,351008,PRCPTOT,24.39,26.84,2.45
MRI-ESM2-0,RAINY,EL_NINO,351008,PRCPTOT,19.42,27.55,8.13
ACCESS-ESM1-5,RAINY,EL_NINO,351008,R20mm,30.0,16.55,-13.45
CanESM5,RAINY,EL_NINO,351008,R20mm,82.5,87.39,4.89
CESM2,RAINY,EL_NINO,351008,R20mm,35.63,38.42,2.79
EC-Earth3,RAINY,EL_NINO,351008,R20mm,170.0,76.78,-93.22
FGOALS-g3,RAINY,EL_NINO,351008,R20mm,55.71,78.51,22.8
MIROC6,RAINY,EL_NINO,351008,R20mm,95.0,111.18,16.18
MRI-ESM2-0,RAINY,EL_NINO,351008,R20mm,8.71,3.33,-5.38
ACCESS-ESM1-5,RAINY,EL_NINO,351008,R50mm,0.0,0.0,0.0
CanESM5,RAINY,EL_NINO,351008,R50mm,0.0,0.0,0.0
CESM2,RAINY,EL_NINO,351008,R50mm,0.0,0.0,0.0
EC-Earth3,RAINY,EL_NINO,351008,R50mm,100.0,75.0,-25.0
FGOALS-g3,RAINY,EL_NINO,351008,R50mm,200.0,0.0,-200.0
MIROC6,RAINY,EL_NINO,351008,R50mm,150.0,100.0,-50.0
MRI-ESM2-0,RAINY,EL_NINO,351008,R50mm,0.0,0.0,0.0
ACCESS-ESM1-5,RAINY,EL_NINO,351008,R95p,19.96,28.96,9.0
CanESM5,RAINY,EL_NINO,351008,R95p,56.46,71.39,14.93
CESM2,RAINY,EL_NINO,351008,R95p,53.61,38.22,-15.39
EC-Earth3,RAINY,EL_NINO,351008,R95p,149.17,83.46,-65.71
FGOALS-g3,RAINY,EL_NINO,351008,R95p,83.75,66.83,-16.92
MIROC6,RAINY,EL_NINO,351008,R95p,89.74,111.46,21.72
MRI-ESM2-0,RAINY,EL_NINO,351008,R95p,15.62,13.73,-1.89
ACCESS-ESM1-5,RAINY,EL_NINO,351008,R99p,0.0,0.0,0.0
CanESM5,RAINY,EL_NINO,351008,R99p,40.46,49.28,8.82
CESM2,RAINY,EL_NINO,351008,R99p,133.27,51.98,-81.29
EC-Earth3,RAINY,EL_NINO,351008,R99p,100.0,115.17,15.17
FGOALS-g3,RAINY,EL_NINO,351008,R99p,171.69,28.66,-143.03
MIROC6,RAINY,EL_NINO,351008,R99p,79.53,76.31,-3.22
MRI-ESM2-0,RAINY,EL_NINO,351008,R99p,0.0,0.0,0.0
ACCESS-ESM1-5,RAINY,EL_NINO,351008,Rx1day,15.01,16.13,1.12
CanESM5,RAINY,EL_NINO,351008,Rx1day,21.51,22.25,0.74
CESM2,RAINY,EL_NINO,351008,Rx1day,83.51,41.2,-42.31
EC-Earth3,RAINY,EL_NINO,351008,Rx1day,81.32,57.59,-23.73
FGOALS-g3,RAINY,EL_NINO,351008,Rx1day,35.44,25.75,-9.69
MIROC6,RAINY,EL_NINO,351008,Rx1day,52.27,47.15,-5.12
MRI-ESM2-0,RAINY,EL_NINO,351008,Rx1day,16.41,0.47,-15.94
ACCESS-ESM1-5,RAINY,EL_NINO,351008,Rx5day,3.84,26.16,22.32
CanESM5,RAINY,EL_NINO,351008,Rx5day,36.15,43.73,7.58
CESM2,RAINY,EL_NINO,351008,Rx5day,56.71,28.1,-28.61
EC-Earth3,RAINY,EL_NINO,351008,Rx5day,68.49,72.4,3.91
FGOALS-g3,RAINY,EL_NINO,351008,Rx5day,82.18,33.64,-48.54
MIROC6,RAINY,EL_NINO,351008,Rx5day,59.3,50.9,-8.4
MRI-ESM2-0,RAINY,EL_NINO,351008,Rx5day,3.98,1.99,-1.99
ACCESS-ESM1-5,RAINY,EL_NINO,351008,SDII,30.48,16.62,-13.86
CanESM5,RAINY,EL_NINO,351008,SDII,36.56,41.63,5.07
CESM2,RAINY,EL_NINO,351008,SDII,33.44,32.13,-1.31
EC-Earth3,RAINY,EL_NINO,351008,SDII,45.5,47.13,1.63
FGOALS-g3,RAINY,EL_NINO,351008,SDII,45.71,38.62,-7.09
MIROC6,RAINY,EL_NINO,351008,SDII,49.37,48.39,-0.98
MRI-ESM2-0,RAINY,EL_NINO,351008,SDII,20.46,15.85,-4.61
ACCESS-ESM1-5,RAINY,EL_NINO,351008,wet_day_freq,53.48,37.32,-16.16
CanESM5,RAINY,EL_NINO,351008,wet_day_freq,16.79,18.56,1.77
CESM2,RAINY,EL_NINO,351008,wet_day_freq,26.35,34.13,7.78
EC-Earth3,RAINY,EL_NINO,351008,wet_day_freq,12.12,13.98,1.86
FGOALS-g3,RAINY,EL_NINO,351008,wet_day_freq,36.62,25.08,-11.54
MIROC6,RAINY,EL_NINO,351008,wet_day_freq,17.31,14.47,-2.84
MRI-ESM2-0,RAINY,EL_NINO,351008,wet_day_freq,31.99,38.59,6.6
ACCESS-ESM1-5,RAINY,EL_NINO,351009,CDD,38.32,74.63,36.31
CanESM5,RAINY,EL_NINO,351009,CDD,103.89,80.33,-23.56
CESM2,RAINY,EL_NINO,351009,CDD,96.53,32.39,-64.14
EC-Earth3,RAINY,EL_NINO,351009,CDD,83.7,93.75,10.05
FGOALS-g3,RAINY,EL_NINO,351009,CDD,80.09,71.45,-8.64
MIROC6,RAINY,EL_NINO,351009,CDD,59.23,86.93,27.7
MRI-ESM2-0,RAINY,EL_NINO,351009,CDD,27.88,66.48,38.6
ACCESS-ESM1-5,RAINY,EL_NINO,351009,CWD,85.34,90.18,4.84
CanESM5,RAINY,EL_NINO,351009,CWD,52.09,32.49,-19.6
CESM2,RAINY,EL_NINO,351009,CWD,72.57,50.71,-21.86
EC-Earth3,RAINY,EL_NINO,351009,CWD,27.83,20.6,-7.23
FGOALS-g3,RAINY,EL_NINO,351009,CWD,97.34,70.68,-26.66
MIROC6,RAINY,EL_NINO,351009,CWD,63.67,89.94,26.27
MRI-ESM2-0,RAINY,EL_NINO,351009,CWD,54.56,35.41,-19.15
ACCESS-ESM1-5,RAINY,EL_NINO,351009,PRCPTOT,38.29,37.39,-0.9
CanESM5,RAINY,EL_NINO,351009,PRCPTOT,7.6,11.39,3.79
CESM2,RAINY,EL_NINO,351009,PRCPTOT,5.1,10.59,5.49
EC-Earth3,RAINY,EL_NINO,351009,PRCPTOT,34.54,32.65,-1.89
FGOALS-g3,RAINY,EL_NINO,351009,PRCPTOT,12.02,1.79,-10.23
MIROC6,RAINY,EL_NINO,351009,PRCPTOT,19.98,22.57,2.59
MRI-ESM2-0,RAINY,EL_NINO,351009,PRCPTOT,23.83,31.1,7.27
ACCESS-ESM1-5,RAINY,EL_NINO,351009,R20mm,27.27,4.88,-22.39
CanESM5,RAINY,EL_NINO,351009,R20mm,85.23,88.11,2.88
CESM2,RAINY,EL_NINO,351009,R20mm,38.36,47.73,9.37
EC-Earth3,RAINY,EL_NINO,351009,R20mm,212.73,109.09,-103.64
FGOALS-g3,RAINY,EL_NINO,351009,R20mm,58.44,64.26,5.82
MIROC6,RAINY,EL_NINO,351009,R20mm,97.73,111.62,13.89
MRI-ESM2-0,RAINY,EL_NINO,351009,R20mm,11.44,19.87,8.43
ACCESS-ESM1-5,RAINY,EL_NINO,351009,R50mm,0.0,0.0,0.0
CanESM5,RAINY,EL_NINO,351009,R50mm,0.0,0.0,0.0
CESM2,RAINY,EL_NINO,351009,R50mm,0.0,0.0,0.0
EC-Earth3,RAINY,EL_NINO,351009,R50mm,100.0,600.0,500.0
FGOALS-g3,RAINY,EL_NINO,351009,R50mm,200.0,0.0,-200.0
MIROC6,RAINY,EL_NINO,351009,R50mm,150.0,42.86,-107.14
MRI-ESM2-0,RAINY,EL_NINO,351009,R50mm,0.0,0.0,0.0
ACCESS-ESM1-5,RAINY,EL_NINO,351009,R95p,66.64,37.56,-29.08
CanESM5,RAINY,EL_NINO,351009,R95p,18.18,38.43,20.25
CESM2,RAINY,EL_NINO,351009,R95p,9.9,4.54,-5.36
EC-Earth3,RAINY,EL_NINO,351009,R95p,122.17,64.29,-57.88
FGOALS-g3,RAINY,EL_NINO,351009,R95p,64.19,8.57,-55.62
MIROC6,RAINY,EL_NINO,351009,R95p,54.0,51.15,-2.85
MRI-ESM2-0,RAINY,EL_NINO,351009,R95p,28.05,24.63,-3.42
ACCESS-ESM1-5,RAINY,EL_NINO,351009,R99p,22.33,6.9,-15.43
CanESM5,RAINY,EL_NINO,351009,R99p,64.39,73.19,8.8
CESM2,RAINY,EL_NINO,351009,R99p,52.71,46.43,-6.28
EC-Earth3,RAINY,EL_NINO,351009,R99p,196.48,136.1,-60.38
FGOALS-g3,RAINY,EL_NINO,351009,R99p,88.0,60.95,-27.05
MIROC6,RAINY,EL_NINO,351009,R99p,83.82,102.22,18.4
MRI-ESM2-0,RAINY,EL_NINO,351009,R99p,5.61,10.06,4.45
ACCESS-ESM1-5,RAINY,EL_NINO,351009,Rx1day,54.46,29.33,-25.13
CanESM5,RAINY,EL_NINO,351009,Rx1day,7.99,8.46,0.47
CESM2,RAINY,EL_NINO,351009,Rx1day,54.01,16.06,-37.95
EC-Earth3,RAINY,EL_NINO,351009,Rx1day,65.21,143.36,78.15
FGOALS-g3,RAINY,EL_NINO,351009,Rx1day,5.94,1.96,-3.98
MIROC6,RAINY,EL_NINO,351009,Rx1day,22.77,32.21,9.44
MRI-ESM2-0,RAINY,EL_NINO,351009,Rx1day,13.09,28.63,15.54
ACCESS-ESM1-5,RAINY,EL_NINO,351009,Rx5day,58.98,40.06,-18.92
CanESM5,RAINY,EL_NINO,351009,Rx5day,1.6,6.34,4.74
CESM2,RAINY,EL_NINO,351009,Rx5day,22.16,0.93,-21.23
EC-Earth3,RAINY,EL_NINO,351009,Rx5day,53.24,92.2,38.96
FGOALS-g3,RAINY,EL_NINO,351009,Rx5day,47.63,0.74,-46.89
MIROC6,RAINY,EL_NINO,351009,Rx5day,24.75,11.78,-12.97
MRI-ESM2-0,RAINY,EL_NINO,351009,Rx5day,30.57,30.36,-0.21
ACCESS-ESM1-5,RAINY,EL_NINO,351009,SDII,19.71,21.81,2.1
CanESM5,RAINY,EL_NINO,351009,SDII,3.97,9.74,5.77
CESM2,RAINY,EL_NINO,351009,SDII,0.85,3.12,2.27
EC-Earth3,RAINY,EL_NINO,351009,SDII,17.37,28.53,11.16
FGOALS-g3,RAINY,EL_NINO,351009,SDII,13.12,6.85,-6.27
MIROC6,RAINY,EL_NINO,351009,SDII,16.78,15.91,-0.87
MRI-ESM2-0,RAINY,EL_NINO,351009,SDII,12.13,17.91,5.78
ACCESS-ESM1-5,RAINY,EL_NINO,351009,wet_day_freq,22.47,21.27,-1.2
CanESM5,RAINY,EL_NINO,351009,wet_day_freq,4.24,0.5,-3.74
CESM2,RAINY,EL_NINO,351009,wet_day_freq,5.32,13.86,8.54
EC-Earth3,RAINY,EL_NINO,351009,wet_day_freq,18.83,6.31,-12.52
FGOALS-g3,RAINY,EL_NINO,351009,wet_day_freq,15.59,4.43,-11.16
MIROC6,RAINY,EL_NINO,351009,wet_day_freq,3.72,6.5,2.78
MRI-ESM2-0,RAINY,EL_NINO,351009,wet_day_freq,10.96,15.13,4.17
ACCESS-ESM1-5,RAINY,EL_NINO,351010,CDD,46.22,39.39,-6.83
CanESM5,RAINY,EL_NINO,351010,CDD,76.32,60.1,-16.22
CESM2,RAINY,EL_NINO,351010,CDD,58.99,25.47,-33.52
EC-Earth3,RAINY,EL_NINO,351010,CDD,56.13,54.82,-1.31
FGOALS-g3,RAINY,EL_NINO,351010,CDD,52.52,50.04,-2.48
MIROC6,RAINY,EL_NINO,351010,CDD,51.71,43.43,-8.28
MRI-ESM2-0,RAINY,EL_NINO,351010,CDD,38.82,59.96,21.14
ACCESS-ESM1-5,RAINY,EL_NINO,351010,CWD,65.26,54.96,-10.3
CanESM5,RAINY,EL_NINO,351010,CWD,16.87,7.06,-9.81
CESM2,RAINY,EL_NINO,351010,CWD,58.5,10.98,-47.52
EC-Earth3,RAINY,EL_NINO,351010,CWD,7.39,22.98,15.59
FGOALS-g3,RAINY,EL_NINO,351010,CWD,62.12,52.55,-9.57
MIROC6,RAINY,EL_NINO,351010,CWD,45.69,41.11,-4.58
MRI-ESM2-0,RAINY,EL_NINO,351010,CWD,34.77,60.81,26.04
ACCESS-ESM1-5,RAINY,EL_NINO,351010,PRCPTOT,36.03,36.89,0.86
CanESM5,RAINY,EL_NINO,351010,PRCPTOT,2.99,8.05,5.06
CESM2,RAINY,EL_NINO,351010,PRCPTOT,12.18,19.89,7.71
EC-Earth3,RAINY,EL_NINO,351010,PRCPTOT,29.93,34.04,4.11
FGOALS-g3,RAINY,EL_NINO,351010,PRCPTOT,7.41,3.58,-3.83
MIROC6,RAINY,EL_NINO,351010,PRCPTOT,32.02,28.92,-3.1
MRI-ESM2-0,RAINY,EL_NINO,351010,PRCPTOT,25.84,36.12,10.28
ACCESS-ESM1-5,RAINY,EL_NINO,351010,R20mm,180.0,126.77,-53.23
CanESM5,RAINY,EL_NINO,351010,R20mm,67.5,78.11,10.61
CESM2,RAINY,EL_NINO,351010,R20mm,130.0,127.62,-2.38
EC-Earth3,RAINY,EL_NINO,351010,R20mm,60.0,21.51,-38.49
FGOALS-g3,RAINY,EL_NINO,351010,R20mm,94.29,85.26,-9.03
MIROC6,RAINY,EL_NINO,351010,R20mm,32.94,49.35,16.41
MRI-ESM2-0,RAINY,EL_NINO,351010,R20mm,145.38,137.75,-7.63
ACCESS-ESM1-5,RAINY,EL_NINO,351010,R50mm,0.0,0.0,0.0
CanESM5,RAINY,EL_NINO,351010,R50mm,0.0,0.0,0.0
CESM2,RAINY,EL_NINO,351010,R50mm,150.0,50.0,-100.0
EC-Earth3,RAINY,EL_NINO,351010,R50mm,100.0,600.0,500.0
FGOALS-g3,RAINY,EL_NINO,351010,R50mm,200.0,0.0,-200.0
MIROC6,RAINY,EL_NINO,351010,R50mm,187.5,225.0,37.5
MRI-ESM2-0,RAINY,EL_NINO,351010,R50mm,0.0,42.86,42.86
ACCESS-ESM1-5,RAINY,EL_NINO,351010,R95p,119.09,72.92,-46.17
CanESM5,RAINY,EL_NINO,351010,R95p,30.49,8.67,-21.82
CESM2,RAINY,EL_NINO,351010,R95p,47.68,59.71,12.03
EC-Earth3,RAINY,EL_NINO,351010,R95p,67.09,18.6,-48.49
FGOALS-g3,RAINY,EL_NINO,351010,R95p,11.74,43.27,31.53
MIROC6,RAINY,EL_NINO,351010,R95p,34.19,16.29,-17.9
MRI-ESM2-0,RAINY,EL_NINO,351010,R95p,83.88,70.59,-13.29
ACCESS-ESM1-5,RAINY,EL_NINO,351010,R99p,130.73,93.4,-37.33
CanESM5,RAINY,EL_NINO,351010,R99p,38.96,31.5,-7.46
CESM2,RAINY,EL_NINO,351010,R99p,58.36,72.0,13.64
EC-Earth3,RAINY,EL_NINO,351010,R99p,36.12,49.21,13.09
FGOALS-g3,RAINY,EL_NINO,351010,R99p,20.4,38.13,17.73
MIROC6,RAINY,EL_NINO,351010,R99p,18.87,10.85,-8.02
MRI-ESM2-0,RAINY,EL_NINO,351010,R99p,87.74,96.54,8.8
ACCESS-ESM1-5,RAINY,EL_NINO,351010,Rx1day,52.52,24.23,-28.29
CanESM5,RAINY,EL_NINO,351010,Rx1day,16.0,17.71,1.71
CESM2,RAINY,EL_NINO,351010,Rx1day,83.3,22.7,-60.6
EC-Earth3,RAINY,EL_NINO,351010,Rx1day,57.2,168.16,110.96
FGOALS-g3,RAINY,EL_NINO,351010,Rx1day,2.07,10.44,8.37
MIROC6,RAINY,EL_NINO,351010,Rx1day,59.93,27.75,-32.18
MRI-ESM2-0,RAINY,EL_NINO,351010,Rx1day,6.95,15.58,8.63
ACCESS-ESM1-5,RAINY,EL_NINO,351010,Rx5day,47.59,21.02,-26.57
CanESM5,RAINY,EL_NINO,351010,Rx5day,7.6,0.22,-7.38
CESM2,RAINY,EL_NINO,351010,Rx5day,16.47,11.98,-4.49
EC-Earth3,RAINY,EL_NINO,351010,Rx5day,44.04,100.76,56.72
FGOALS-g3,RAINY,EL_NINO,351010,Rx5day,38.43,6.65,-31.78
MIROC6,RAINY,EL_NINO,351010,Rx5day,50.53,9.12,-41.41
MRI-ESM2-0,RAINY,EL_NINO,351010,Rx5day,27.7,35.64,7.94
ACCESS-ESM1-5,RAINY,EL_NINO,351010,SDII,7.5,21.17,13.67
CanESM5,RAINY,EL_NINO,351010,SDII,1.42,3.0,1.58
CESM2,RAINY,EL_NINO,351010,SDII,6.97,11.11,4.14
EC-Earth3,RAINY,EL_NINO,351010,SDII,11.98,28.37,16.39
FGOALS-g3,RAINY,EL_NINO,351010,SDII,7.73,0.02,-7.71
MIROC6,RAINY,EL_NINO,351010,SDII,28.1,22.06,-6.04
MRI-ESM2-0,RAINY,EL_NINO,351010,SDII,18.37,10.37,-8.0
ACCESS-ESM1-5,RAINY,EL_NINO,351010,wet_day_freq,31.58,19.06,-12.52
CanESM5,RAINY,EL_NINO,351010,wet_day_freq,5.11,4.45,-0.66
CESM2,RAINY,EL_NINO,351010,wet_day_freq,4.79,8.93,4.14
EC-Earth3,RAINY,EL_NINO,351010,wet_day_freq,19.7,8.17,-11.53
FGOALS-g3,RAINY,EL_NINO,351010,wet_day_freq,14.72,2.52,-12.2
MIROC6,RAINY,EL_NINO,351010,wet_day_freq,4.09,7.45,3.36
MRI-ESM2-0,RAINY,EL_NINO,351010,wet_day_freq,7.43,29.8,22.37
ACCESS-ESM1-5,RAINY,EL_NINO,351011,CDD,1.71,26.19,24.48
CanESM5,RAINY,EL_NINO,351011,CDD,67.28,0.21,-67.07
CESM2,RAINY,EL_NINO,351011,CDD,59.92,47.76,-12.16
EC-Earth3,RAINY,EL_NINO,351011,CDD,62.77,42.95,-19.82
FGOALS-g3,RAINY,EL_NINO,351011,CDD,43.48,55.0,11.52
MIROC6,RAINY,EL_NINO,351011,CDD,22.62,47.52,24.9
MRI-ESM2-0,RAINY,EL_NINO,351011,CDD,8.73,47.86,39.13
ACCESS-ESM1-5,RAINY,EL_NINO,351011,CWD,104.65,106.72,2.07
CanESM5,RAINY,EL_NINO,351011,CWD,71.4,21.97,-49.43
CESM2,RAINY,EL_NINO,351011,CWD,91.88,36.22,-55.66
EC-Earth3,RAINY,EL_NINO,351011,CWD,72.84,105.95,33.11
FGOALS-g3,RAINY,EL_NINO,351011,CWD,116.65,68.43,-48.22
MIROC6,RAINY,EL_NINO,351011,CWD,82.98,116.29,33.31
MRI-ESM2-0,RAINY,EL_NINO,351011,CWD,73.87,50.15,-23.72
ACCESS-ESM1-5,RAINY,EL_NINO,351011,PRCPTOT,8.6,9.02,0.42
CanESM5,RAINY,EL_NINO,351011,PRCPTOT,37.29,43.42,6.13
CESM2,RAINY,EL_NINO,351011,PRCPTOT,24.59,26.0,1.41
EC-Earth3,RAINY,EL_NINO,351011,PRCPTOT,56.56,45.71,-10.85
FGOALS-g3,RAINY,EL_NINO,351011,PRCPTOT,41.71,34.72,-6.99
MIROC6,RAINY,EL_NINO,351011,PRCPTOT,49.67,48.31,-1.36
MRI-ESM2-0,RAINY,EL_NINO,351011,PRCPTOT,5.86,12.47,6.61
ACCESS-ESM1-5,RAINY,EL_NINO,351011,R20mm,45.45,33.21,-12.24
CanESM5,RAINY,EL_NINO,351011,R20mm,67.05,62.24,-4.81
CESM2,RAINY,EL_NINO,351011,R20mm,20.18,10.36,-9.82
EC-Earth3,RAINY,EL_NINO,351011,R20mm,139.17,71.62,-67.55
FGOALS-g3,RAINY,EL_NINO,351011,R20mm,40.26,47.41,7.15
MIROC6,RAINY,EL_NINO,351011,R20mm,79.55,94.08,14.53
MRI-ESM2-0,RAINY,EL_NINO,351011,R20mm,6.74,13.54,6.8
ACCESS-ESM1-5,RAINY,EL_NINO,351011,R50mm,0.0,0.0,0.0
CanESM5,RAINY,EL_NINO,351011,R50mm,0.0,0.0,0.0
CESM2,RAINY,EL_NINO,351011,R50mm,0.0,0.0,0.0
EC-Earth3,RAINY,EL_NINO,351011,R50mm,100.0,0.0,-100.0
FGOALS-g3,RAINY,EL_NINO,351011,R50mm,200.0,0.0,-200.0
MIROC6,RAINY,EL_NINO,351011,R50mm,150.0,0.0,-150.0
MRI-ESM2-0,RAINY,EL_NINO,351011,R50mm,0.0,0.0,0.0
ACCESS-ESM1-5,RAINY,EL_NINO,351011,R95p,7.53,7.53,0.0
CanESM5,RAINY,EL_NINO,351011,R95p,7.53,7.53,0.0
CESM2,RAINY,EL_NINO,351011,R95p,125.74,7.53,-118.21
EC-Earth3,RAINY,EL_NINO,351011,R95p,92.47,115.29,22.82
FGOALS-g3,RAINY,EL_NINO,351011,R95p,164.16,7.53,-156.63
MIROC6,RAINY,EL_NINO,351011,R95p,63.88,51.32,-12.56
MRI-ESM2-0,RAINY,EL_NINO,351011,R95p,7.53,7.53,0.0
ACCESS-ESM1-5,RAINY,EL_NINO,351011,R99p,100.0,100.0,0.0
CanESM5,RAINY,EL_NINO,351011,R99p,0.0,100.0,100.0
CESM2,RAINY,EL_NINO,351011,R99p,100.0,100.0,0.0
EC-Earth3,RAINY,EL_NINO,351011,R99p,100.0,100.0,0.0
FGOALS-g3,RAINY,EL_NINO,351011,R99p,100.0,100.0,0.0
MIROC6,RAINY,EL_NINO,351011,R99p,0.0,100.0,100.0
MRI-ESM2-0,RAINY,EL_NINO,351011,R99p,100.0,100.0,0.0
ACCESS-ESM1-5,RAINY,EL_NINO,351011,Rx1day,17.48,20.16,2.68
CanESM5,RAINY,EL_NINO,351011,Rx1day,28.99,31.92,2.93
CESM2,RAINY,EL_NINO,351011,Rx1day,90.99,58.97,-32.02
EC-Earth3,RAINY,EL_NINO,351011,Rx1day,80.09,63.68,-16.41
FGOALS-g3,RAINY,EL_NINO,351011,Rx1day,42.92,30.11,-12.81
MIROC6,RAINY,EL_NINO,351011,Rx1day,59.75,75.67,15.92
MRI-ESM2-0,RAINY,EL_NINO,351011,Rx1day,23.89,22.77,-1.12
ACCESS-ESM1-5,RAINY,EL_NINO,351011,Rx5day,12.16,21.43,9.27
CanESM5,RAINY,EL_NINO,351011,Rx5day,48.42,60.87,12.45
CESM2,RAINY,EL_NINO,351011,Rx5day,68.98,58.59,-10.39
EC-Earth3,RAINY,EL_NINO,351011,Rx5day,62.91,69.87,6.96
FGOALS-g3,RAINY,EL_NINO,351011,Rx5day,94.45,40.87,-53.58
MIROC6,RAINY,EL_NINO,351011,Rx5day,71.57,57.81,-13.76
MRI-ESM2-0,RAINY,EL_NINO,351011,Rx5day,16.25,38.0,21.75
ACCESS-ESM1-5,RAINY,EL_NINO,351011,SDII,9.02,12.87,3.85
CanESM5,RAINY,EL_NINO,351011,SDII,32.7,41.37,8.67
CESM2,RAINY,EL_NINO,351011,SDII,29.58,28.64,-0.94
EC-Earth3,RAINY,EL_NINO,351011,SDII,47.29,45.25,-2.04
FGOALS-g3,RAINY,EL_NINO,351011,SDII,41.85,32.42,-9.43
MIROC6,RAINY,EL_NINO,351011,SDII,45.51,43.38,-2.13
MRI-ESM2-0,RAINY,EL_NINO,351011,SDII,16.6,16.71,0.11
ACCESS-ESM1-5,RAINY,EL_NINO,351011,wet_day_freq,19.67,2.93,-16.74
CanESM5,RAINY,EL_NINO,351011,wet_day_freq,7.04,3.3,-3.74
CESM2,RAINY,EL_NINO,351011,wet_day_freq,2.52,0.3,-2.22
EC-Earth3,RAINY,EL_NINO,351011,wet_day_freq,11.95,3.49,-8.46
FGOALS-g3,RAINY,EL_NINO,351011,wet_day_freq,12.79,4.24,-8.55
MIROC6,RAINY,EL_NINO,351011,wet_day_freq,6.52,6.77,0.25
MRI-ESM2-0,RAINY,EL_NINO,351011,wet_day_freq,8.16,3.08,-5.08
ACCESS-ESM1-5,RAINY,EL_NINO,351012,CDD,21.04,14.17,-6.87
CanESM5,RAINY,EL_NINO,351012,CDD,51.14,40.32,-10.82
CESM2,RAINY,EL_NINO,351012,CDD,33.81,18.41,-15.4
EC-Earth3,RAINY,EL_NINO,351012,CDD,26.71,63.25,36.54
FGOALS-g3,RAINY,EL_NINO,351012,CDD,27.34,36.0,8.66
MIROC6,RAINY,EL_NINO,351012,CDD,26.53,35.1,8.57
MRI-ESM2-0,RAINY,EL_NINO,351012,CDD,64.0,37.33,-26.67
ACCESS-ESM1-5,RAINY,EL_NINO,351012,CWD,17.67,1.6,-16.07
CanESM5,RAINY,EL_NINO,351012,CWD,30.72,57.44,26.72
CESM2,RAINY,EL_NINO,351012,CWD,10.91,38.78,27.87
EC-Earth3,RAINY,EL_NINO,351012,CWD,47.31,16.5,-30.81
FGOALS-g3,RAINY,EL_NINO,351012,CWD,14.53,5.22,-9.31
MIROC6,RAINY,EL_NINO,351012,CWD,1.9,10.37,8.47
MRI-ESM2-0,RAINY,EL_NINO,351012,CWD,12.82,8.99,-3.83
ACCESS-ESM1-5,RAINY,EL_NINO,351012,PRCPTOT,6.24,9.18,2.94
CanESM5,RAINY,EL_NINO,351012,PRCPTOT,32.78,38.98,6.2
CESM2,RAINY,EL_NINO,351012,PRCPTOT,17.61,16.81,-0.8
EC-Earth3,RAINY,EL_NINO,351012,PRCPTOT,62.49,48.69,-13.8
FGOALS-g3,RAINY,EL_NINO,351012,PRCPTOT,37.2,25.75,-11.45
MIROC6,RAINY,EL_NINO,351012,PRCPTOT,61.81,57.9,-3.91
MRI-ESM2-0,RAINY,EL_NINO,351012,PRCPTOT,3.95,7.74,3.79
ACCESS-ESM1-5,RAINY,EL_NINO,351012,R20mm,53.73,2.17,-51.56
CanESM5,RAINY,EL_NINO,351012,R20mm,58.77,72.27,13.5
CESM2,RAINY,EL_NINO,351012,R20mm,3.73,18.77,15.04
EC-Earth3,RAINY,EL_NINO,351012,R20mm,171.27,61.84,-109.43
FGOALS-g3,RAINY,EL_NINO,351012,R20mm,31.98,24.22,-7.76
MIROC6,RAINY,EL_NINO,351012,R20mm,93.33,74.43,-18.9
MRI-ESM2-0,RAINY,EL_NINO,351012,R20mm,19.11,5.33,-13.78
ACCESS-ESM1-5,RAINY,EL_NINO,351012,R50mm,50.0,50.0,0.0
CanESM5,RAINY,EL_NINO,351012,R50mm,50.0,43.75,-6.25
CESM2,RAINY,EL_NINO,351012,R50mm,100.0,16.67,-83.33
EC-Earth3,RAINY,EL_NINO,351012,R50mm,50.0,83.33,33.33
FGOALS-g3,RAINY,EL_NINO,351012,R50mm,150.0,50.0,-100.0
MIROC6,RAINY,EL_NINO,351012,R50mm,137.5,57.14,-80.36
MRI-ESM2-0,RAINY,EL_NINO,351012,R50mm,50.0,26.92,-23.08
ACCESS-ESM1-5,RAINY,EL_NINO,351012,R95p,42.77,42.77,0.0
CanESM5,RAINY,EL_NINO,351012,R95p,42.77,30.17,-12.6
CESM2,RAINY,EL_NINO,351012,R95p,158.14,33.68,-124.46
EC-Earth3,RAINY,EL_NINO,351012,R95p,57.23,106.04,48.81
FGOALS-g3,RAINY,EL_NINO,351012,R95p,128.92,44.07,-84.85
MIROC6,RAINY,EL_NINO,351012,R95p,121.42,105.69,-15.73
MRI-ESM2-0,RAINY,EL_NINO,351012,R95p,42.77,17.72,-25.05
ACCESS-ESM1-5,RAINY,EL_NINO,351012,R99p,70.01,70.01,0.0
CanESM5,RAINY,EL_NINO,351012,R99p,70.01,70.01,0.0
CESM2,RAINY,EL_NINO,351012,R99p,29.99,156.58,126.59
EC-Earth3,RAINY,EL_NINO,351012,R99p,29.99,900.75,870.76
FGOALS-g3,RAINY,EL_NINO,351012,R99p,29.99,70.01,40.02
MIROC6,RAINY,EL_NINO,351012,R99p,532.0,58.81,-473.19
MRI-ESM2-0,RAINY,EL_NINO,351012,R99p,29.99,70.01,40.02
ACCESS-ESM1-5,RAINY,EL_NINO,351012,Rx1day,40.81,15.49,-25.32
CanESM5,RAINY,EL_NINO,351012,Rx1day,4.29,9.22,4.93
CESM2,RAINY,EL_NINO,351012,Rx1day,95.01,62.09,-32.92
EC-Earth3,RAINY,EL_NINO,351012,Rx1day,83.26,118.54,35.28
FGOALS-g3,RAINY,EL_NINO,351012,Rx1day,9.64,0.64,-9.0
MIROC6,RAINY,EL_NINO,351012,Rx1day,71.64,55.99,-15.65
MRI-ESM2-0,RAINY,EL_NINO,351012,Rx1day,4.76,11.49,6.73
ACCESS-ESM1-5,RAINY,EL_NINO,351012,Rx5day,5.7,29.48,23.78
CanESM5,RAINY,EL_NINO,351012,Rx5day,45.69,46.35,0.66
CESM2,RAINY,EL_NINO,351012,Rx5day,69.76,64.78,-4.98
EC-Earth3,RAINY,EL_NINO,351012,Rx5day,118.93,117.4,-1.53
FGOALS-g3,RAINY,EL_NINO,351012,Rx5day,91.72,46.74,-44.98
MIROC6,RAINY,EL_NINO,351012,Rx5day,103.82,87.04,-16.78
MRI-ESM2-0,RAINY,EL_NINO,351012,Rx5day,25.59,22.32,-3.27
ACCESS-ESM1-5,RAINY,EL_NINO,351012,SDII,6.6,15.76,9.16
CanESM5,RAINY,EL_NINO,351012,SDII,12.68,14.58,1.9
CESM2,RAINY,EL_NINO,351012,SDII,7.13,13.06,5.93
EC-Earth3,RAINY,EL_NINO,351012,SDII,30.13,33.36,3.23
FGOALS-g3,RAINY,EL_NINO,351012,SDII,21.83,11.94,-9.89
MIROC6,RAINY,EL_NINO,351012,SDII,42.2,40.66,-1.54
MRI-ESM2-0,RAINY,EL_NINO,351012,SDII,4.27,2.48,-1.79
ACCESS-ESM1-5,RAINY,EL_NINO,351012,wet_day_freq,11.75,8.3,-3.45
CanESM5,RAINY,EL_NINO,351012,wet_day_freq,24.94,26.73,1.79
CESM2,RAINY,EL_NINO,351012,wet_day_freq,15.04,8.45,-6.59
EC-Earth3,RAINY,EL_NINO,351012,wet_day_freq,37.78,23.82,-13.96
FGOALS-g3,RAINY,EL_NINO,351012,wet_day_freq,5.11,18.95,13.84
MIROC6,RAINY,EL_NINO,351012,wet_day_freq,23.92,22.08,-1.84
MRI-ESM2-0,RAINY,EL_NINO,351012,wet_day_freq,12.4,4.87,-7.53
ACCESS-ESM1-5,RAINY,EL_NINO,351201,CDD,19.57,28.99,9.42
CanESM5,RAINY,EL_NINO,351201,CDD,85.14,80.58,-4.56
CESM2,RAINY,EL_NINO,351201,CDD,77.78,11.84,-65.94
EC-Earth3,RAINY,EL_NINO,351201,CDD,80.63,54.35,-26.28
FGOALS-g3,RAINY,EL_NINO,351201,CDD,61.34,52.25,-9.09
MIROC6,RAINY,EL_NINO,351201,CDD,40.48,61.58,21.1
MRI-ESM2-0,RAINY,EL_NINO,351201,CDD,9.13,9.57,0.44
ACCESS-ESM1-5,RAINY,EL_NINO,351201,CWD,36.8,34.75,-2.05
CanESM5,RAINY,EL_NINO,351201,CWD,3.55,13.04,9.49
CESM2,RAINY,EL_NINO,351201,CWD,24.03,18.44,-5.59
EC-Earth3,RAINY,EL_NINO,351201,CWD,4.99,33.96,28.97
FGOALS-g3,RAINY,EL_NINO,351201,CWD,48.8,26.66,-22.14
MIROC6,RAINY,EL_NINO,351201,CWD,15.13,49.51,34.38
MRI-ESM2-0,RAINY,EL_NINO,351201,CWD,6.02,27.79,21.77
ACCESS-ESM1-5,RAINY,EL_NINO,351201,PRCPTOT,17.7,18.22,0.52
CanESM5,RAINY,EL_NINO,351201,PRCPTOT,28.19,37.8,9.61
CESM2,RAINY,EL_NINO,351201,PRCPTOT,15.49,11.45,-4.04
EC-Earth3,RAINY,EL_NINO,351201,PRCPTOT,47.46,38.67,-8.79
FGOALS-g3,RAINY,EL_NINO,351201,PRCPTOT,32.61,16.62,-15.99
MIROC6,RAINY,EL_NINO,351201,PRCPTOT,40.57,44.09,3.52
MRI-ESM2-0,RAINY,EL_NINO,351201,PRCPTOT,3.24,15.5,12.26
ACCESS-ESM1-5,RAINY,EL_NINO,351201,R20mm,82.89,38.01,-44.88
CanESM5,RAINY,EL_NINO,351201,R20mm,29.61,38.89,9.28
CESM2,RAINY,EL_NINO,351201,R20mm,17.26,8.41,-8.85
EC-Earth3,RAINY,EL_NINO,351201,R20mm,101.73,37.11,-64.62
FGOALS-g3,RAINY,EL_NINO,351201,R20mm,2.82,7.89,5.07
MIROC6,RAINY,EL_NINO,351201,R20mm,42.11,38.81,-3.3
MRI-ESM2-0,RAINY,EL_NINO,351201,R20mm,44.18,30.92,-13.26
ACCESS-ESM1-5,RAINY,EL_NINO,351201,R50mm,70.59,49.16,-21.43
CanESM5,RAINY,EL_NINO,351201,R50mm,70.59,79.41,8.82
CESM2,RAINY,EL_NINO,351201,R50mm,70.59,24.44,-46.15
EC-Earth3,RAINY,EL_NINO,351201,R50mm,29.41,43.7,14.29
FGOALS-g3,RAINY,EL_NINO,351201,R50mm,129.41,2.41,-127.0
MIROC6,RAINY,EL_NINO,351201,R50mm,79.41,11.23,-68.18
MRI-ESM2-0,RAINY,EL_NINO,351201,R50mm,70.59,50.59,-20.0
ACCESS-ESM1-5,RAINY,EL_NINO,351201,R95p,51.99,36.81,-15.18
CanESM5,RAINY,EL_NINO,351201,R95p,11.53,38.57,27.04
CESM2,RAINY,EL_NINO,351201,R95p,81.28,6.5,-74.78
EC-Earth3,RAINY,EL_NINO,351201,R95p,48.01,52.37,4.36
FGOALS-g3,RAINY,EL_NINO,351201,R95p,119.7,26.27,-93.43
MIROC6,RAINY,EL_NINO,351201,R95p,27.54,60.74,33.2
MRI-ESM2-0,RAINY,EL_NINO,351201,R95p,51.99,22.21,-29.78
ACCESS-ESM1-5,RAINY,EL_NINO,351201,R99p,0.0,0.0,0.0
CanESM5,RAINY,EL_NINO,351201,R99p,0.0,25.4,25.4
CESM2,RAINY,EL_NINO,351201,R99p,0.0,66.97,66.97
EC-Earth3,RAINY,EL_NINO,351201,R99p,100.0,87.3,-12.7
FGOALS-g3,RAINY,EL_NINO,351201,R99p,100.0,0.0,-100.0
MIROC6,RAINY,EL_NINO,351201,R99p,0.0,87.61,87.61
MRI-ESM2-0,RAINY,EL_NINO,351201,R99p,0.0,0.0,0.0
ACCESS-ESM1-5,RAINY,EL_NINO,351201,Rx1day,41.01,7.18,-33.83
CanESM5,RAINY,EL_NINO,351201,Rx1day,5.46,2.2,-3.26
CESM2,RAINY,EL_NINO,351201,Rx1day,67.46,37.51,-29.95
EC-Earth3,RAINY,EL_NINO,351201,Rx1day,56.56,40.34,-16.22
FGOALS-g3,RAINY,EL_NINO,351201,Rx1day,19.39,6.36,-13.03
MIROC6,RAINY,EL_NINO,351201,Rx1day,36.22,55.74,19.52
MRI-ESM2-0,RAINY,EL_NINO,351201,Rx1day,0.36,0.26,-0.1
ACCESS-ESM1-5,RAINY,EL_NINO,351201,Rx5day,48.28,21.85,-26.43
CanESM5,RAINY,EL_NINO,351201,Rx5day,12.3,21.2,8.9
CESM2,RAINY,EL_NINO,351201,Rx5day,32.86,28.99,-3.87
EC-Earth3,RAINY,EL_NINO,351201,Rx5day,26.79,41.17,14.38
FGOALS-g3,RAINY,EL_NINO,351201,Rx5day,58.33,6.15,-52.18
MIROC6,RAINY,EL_NINO,351201,Rx5day,35.45,30.87,-4.58
MRI-ESM2-0,RAINY,EL_NINO,351201,Rx5day,19.87,5.75,-14.12
ACCESS-ESM1-5,RAINY,EL_NINO,351201,SDII,16.18,22.35,6.17
CanESM5,RAINY,EL_NINO,351201,SDII,7.5,6.47,-1.03
CESM2,RAINY,EL_NINO,351201,SDII,4.38,11.26,6.88
EC-Earth3,RAINY,EL_NINO,351201,SDII,22.09,21.32,-0.77
FGOALS-g3,RAINY,EL_NINO,351201,SDII,16.65,6.32,-10.33
MIROC6,RAINY,EL_NINO,351201,SDII,20.31,28.03,7.72
MRI-ESM2-0,RAINY,EL_NINO,351201,SDII,8.6,11.9,3.3
ACCESS-ESM1-5,RAINY,EL_NINO,351201,wet_day_freq,3.59,1.24,-2.35
CanESM5,RAINY,EL_NINO,351201,wet_day_freq,23.12,31.37,8.25
CESM2,RAINY,EL_NINO,351201,wet_day_freq,13.56,2.59,-10.97
EC-Earth3,RAINY,EL_NINO,351201,wet_day_freq,28.03,23.51,-4.52
FGOALS-g3,RAINY,EL_NINO,351201,wet_day_freq,3.29,13.69,10.4
MIROC6,RAINY,EL_NINO,351201,wet_day_freq,22.6,19.9,-2.7
MRI-ESM2-0,RAINY,EL_NINO,351201,wet_day_freq,7.92,3.87,-4.05
ACCESS-ESM1-5,RAINY,LA_NINA,351001,CDD,23.28,2.13,-21.15
CanESM5,RAINY,LA_NINA,351001,CDD,23.87,28.6,4.73
CESM2,RAINY,LA_NINA,351001,CDD,20.68,11.43,-9.25
EC-Earth3,RAINY,LA_NINA,351001,CDD,11.01,25.33,14.32
FGOALS-g3,RAINY,LA_NINA,351001,CDD,26.07,29.46,3.39
MIROC6,RAINY,LA_NINA,351001,CDD,25.35,2.46,-22.89
MRI-ESM2-0,RAINY,LA_NINA,351001,CDD,5.59,22.65,17.06
ACCESS-ESM1-5,RAINY,LA_NINA,351001,CWD,89.09,92.65,3.56
CanESM5,RAINY,LA_NINA,351001,CWD,59.28,64.65,5.37
CESM2,RAINY,LA_NINA,351001,CWD,23.6,32.15,8.55
EC-Earth3,RAINY,LA_NINA,351001,CWD,87.51,59.05,-28.46
FGOALS-g3,RAINY,LA_NINA,351001,CWD,69.48,58.29,-11.19
MIROC6,RAINY,LA_NINA,351001,CWD,59.97,66.47,6.5
MRI-ESM2-0,RAINY,LA_NINA,351001,CWD,66.79,69.41,2.62
ACCESS-ESM1-5,RAINY,LA_NINA,351001,PRCPTOT,37.23,44.68,7.45
CanESM5,RAINY,LA_NINA,351001,PRCPTOT,13.14,22.36,9.22
CESM2,RAINY,LA_NINA,351001,PRCPTOT,3.19,10.66,7.47
EC-Earth3,RAINY,LA_NINA,351001,PRCPTOT,14.01,5.32,-8.69
FGOALS-g3,RAINY,LA_NINA,351001,PRCPTOT,3.08,4.74,1.66
MIROC6,RAINY,LA_NINA,351001,PRCPTOT,6.94,2.77,-4.17
MRI-ESM2-0,RAINY,LA_NINA,351001,PRCPTOT,26.09,40.21,14.12
ACCESS-ESM1-5,RAINY,LA_NINA,351001,R20mm,57.95,44.1,-13.85
CanESM5,RAINY,LA_NINA,351001,R20mm,40.9,11.1,-29.8
CESM2,RAINY,LA_NINA,351001,R20mm,12.15,32.08,19.93
EC-Earth3,RAINY,LA_NINA,351001,R20mm,8.1,9.78,1.68
FGOALS-g3,RAINY,LA_NINA,351001,R20mm,15.9,13.49,-2.41
MIROC6,RAINY,LA_NINA,351001,R20mm,12.57,2.89,-9.68
MRI-ESM2-0,RAINY,LA_NINA,351001,R20mm,61.52,32.56,-28.96
ACCESS-ESM1-5,RAINY,LA_NINA,351001,R50mm,190.0,143.33,-46.67
CanESM5,RAINY,LA_NINA,351001,R50mm,70.0,118.0,48.0
CESM2,RAINY,LA_NINA,351001,R50mm,410.0,62.5,-347.5
EC-Earth3,RAINY,LA_NINA,351001,R50mm,90.0,115.0,25.0
FGOALS-g3,RAINY,LA_NINA,351001,R50mm,110.0,48.18,-61.82
MIROC6,RAINY,LA_NINA,351001,R50mm,150.0,60.77,-89.23
MRI-ESM2-0,RAINY,LA_NINA,351001,R50mm,150.0,162.73,12.73
ACCESS-ESM1-5,RAINY,LA_NINA,351001,R95p,180.49,130.27,-50.22
CanESM5,RAINY,LA_NINA,351001,R95p,65.17,118.53,53.36
CESM2,RAINY,LA_NINA,351001,R95p,39.2,59.95,20.75
EC-Earth3,RAINY,LA_NINA,351001,R95p,80.49,98.09,17.6
FGOALS-g3,RAINY,LA_NINA,351001,R95p,48.23,59.71,11.48
MIROC6,RAINY,LA_NINA,351001,R95p,139.67,79.12,-60.55
MRI-ESM2-0,RAINY,LA_NINA,351001,R95p,155.51,145.23,-10.28
ACCESS-ESM1-5,RAINY,LA_NINA,351001,R99p,209.96,198.63,-11.33
CanESM5,RAINY,LA_NINA,351001,R99p,112.67,178.1,65.43
CESM2,RAINY,LA_NINA,351001,R99p,209.96,3.33,-206.63
EC-Earth3,RAINY,LA_NINA,351001,R99p,109.96,109.3,-0.66
FGOALS-g3,RAINY,LA_NINA,351001,R99p,109.96,153.34,43.38
MIROC6,RAINY,LA_NINA,351001,R99p,209.96,209.96,0.0
MRI-ESM2-0,RAINY,LA_NINA,351001,R99p,209.96,193.22,-16.74
ACCESS-ESM1-5,RAINY,LA_NINA,351001,Rx1day,89.71,84.96,-4.75
CanESM5,RAINY,LA_NINA,351001,Rx1day,51.54,78.21,26.67
CESM2,RAINY,LA_NINA,351001,Rx1day,2.06,19.02,16.96
EC-Earth3,RAINY,LA_NINA,351001,Rx1day,45.78,34.35,-11.43
FGOALS-g3,RAINY,LA_NINA,351001,Rx1day,45.33,36.67,-8.66
MIROC6,RAINY,LA_NINA,351001,Rx1day,54.33,47.5,-6.83
MRI-ESM2-0,RAINY,LA_NINA,351001,Rx1day,61.44,79.69,18.25
ACCESS-ESM1-5,RAINY,LA_NINA,351001,Rx5day,86.99,89.26,2.27
CanESM5,RAINY,LA_NINA,351001,Rx5day,41.63,67.11,25.48
CESM2,RAINY,LA_NINA,351001,Rx5day,1.6,14.69,13.09
EC-Earth3,RAINY,LA_NINA,351001,Rx5day,62.29,57.27,-5.02
FGOALS-g3,RAINY,LA_NINA,351001,Rx5day,28.58,39.82,11.24
MIROC6,RAINY,LA_NINA,351001,Rx5day,62.1,59.81,-2.29
MRI-ESM2-0,RAINY,LA_NINA,351001,Rx5day,78.64,78.56,-0.08
ACCESS-ESM1-5,RAINY,LA_NINA,351001,SDII,36.82,41.0,4.18
CanESM5,RAINY,LA_NINA,351001,SDII,23.7,31.19,7.49
CESM2,RAINY,LA_NINA,351001,SDII,10.56,10.21,-0.35
EC-Earth3,RAINY,LA_NINA,351001,SDII,28.02,20.55,-7.47
FGOALS-g3,RAINY,LA_NINA,351001,SDII,24.78,22.21,-2.57
MIROC6,RAINY,LA_NINA,351001,SDII,22.85,25.15,2.3
MRI-ESM2-0,RAINY,LA_NINA,351001,SDII,30.67,38.32,7.65
ACCESS-ESM1-5,RAINY,LA_NINA,351001,wet_day_freq,1.94,9.55,7.61
CanESM5,RAINY,LA_NINA,351001,wet_day_freq,7.68,4.31,-3.37
CESM2,RAINY,LA_NINA,351001,wet_day_freq,13.42,21.95,8.53
EC-Earth3,RAINY,LA_NINA,351001,wet_day_freq,11.35,11.73,0.38
FGOALS-g3,RAINY,LA_NINA,351001,wet_day_freq,12.94,16.78,3.84
MIROC6,RAINY,LA_NINA,351001,wet_day_freq,14.55,24.55,10.0
MRI-ESM2-0,RAINY,LA_NINA,351001,wet_day_freq,6.63,2.25,-4.38
ACCESS-ESM1-5,RAINY,LA_NINA,351002,CDD,49.96,22.56,-27.4
CanESM5,RAINY,LA_NINA,351002,CDD,2.81,0.99,-1.82
CESM2,RAINY,LA_NINA,351002,CDD,6.0,8.66,2.66
EC-Earth3,RAINY,LA_NINA,351002,CDD,37.69,53.33,15.64
FGOALS-g3,RAINY,LA_NINA,351002,CDD,0.61,0.4,-0.21
MIROC6,RAINY,LA_NINA,351002,CDD,52.03,32.15,-19.88
MRI-ESM2-0,RAINY,LA_NINA,351002,CDD,21.09,48.22,27.13
ACCESS-ESM1-5,RAINY,LA_NINA,351002,CWD,1.77,4.0,2.23
CanESM5,RAINY,LA_NINA,351002,CWD,28.04,24.67,-3.37
CESM2,RAINY,LA_NINA,351002,CWD,63.72,47.78,-15.94
EC-Earth3,RAINY,LA_NINA,351002,CWD,0.19,30.43,30.24
FGOALS-g3,RAINY,LA_NINA,351002,CWD,17.84,24.41,6.57
MIROC6,RAINY,LA_NINA,351002,CWD,27.35,35.47,8.12
MRI-ESM2-0,RAINY,LA_NINA,351002,CWD,20.53,17.1,-3.43
ACCESS-ESM1-5,RAINY,LA_NINA,351002,PRCPTOT,19.54,24.9,5.36
CanESM5,RAINY,LA_NINA,351002,PRCPTOT,4.55,4.71,0.16
CESM2,RAINY,LA_NINA,351002,PRCPTOT,20.88,27.24,6.36
EC-Earth3,RAINY,LA_NINA,351002,PRCPTOT,3.68,13.96,10.28
FGOALS-g3,RAINY,LA_NINA,351002,PRCPTOT,20.77,11.73,-9.04
MIROC6,RAINY,LA_NINA,351002,PRCPTOT,10.75,15.26,4.51
MRI-ESM2-0,RAINY,LA_NINA,351002,PRCPTOT,8.4,19.46,11.06
ACCESS-ESM1-5,RAINY,LA_NINA,351002,R20mm,50.37,32.17,-18.2
CanESM5,RAINY,LA_NINA,351002,R20mm,48.48,2.7,-45.78
CESM2,RAINY,LA_NINA,351002,R20mm,19.73,29.19,9.46
EC-Earth3,RAINY,LA_NINA,351002,R20mm,0.52,8.48,7.96
FGOALS-g3,RAINY,LA_NINA,351002,R20mm,23.48,3.81,-19.67
MIROC6,RAINY,LA_NINA,351002,R20mm,20.15,5.17,-14.98
MRI-ESM2-0,RAINY,LA_NINA,351002,R20mm,53.94,34.98,-18.96
ACCESS-ESM1-5,RAINY,LA_NINA,351002,R50mm,62.86,36.19,-26.67
CanESM5,RAINY,LA_NINA,351002,R50mm,57.14,2.86,-54.28
CESM2,RAINY,LA_NINA,351002,R50mm,537.14,105.14,-432.0
EC-Earth3,RAINY,LA_NINA,351002,R50mm,37.14,40.0,2.86
FGOALS-g3,RAINY,LA_NINA,351002,R50mm,17.14,11.43,-5.71
MIROC6,RAINY,LA_NINA,351002,R50mm,22.86,45.72,22.86
MRI-ESM2-0,RAINY,LA_NINA,351002,R50mm,22.86,26.86,4.0
ACCESS-ESM1-5,RAINY,LA_NINA,351002,R95p,60.02,24.39,-35.63
CanESM5,RAINY,LA_NINA,351002,R95p,55.3,12.02,-43.28
CESM2,RAINY,LA_NINA,351002,R95p,116.68,64.09,-52.59
EC-Earth3,RAINY,LA_NINA,351002,R95p,39.98,20.52,-19.46
FGOALS-g3,RAINY,LA_NINA,351002,R95p,72.24,20.01,-52.23
MIROC6,RAINY,LA_NINA,351002,R95p,25.54,15.69,-9.85
MRI-ESM2-0,RAINY,LA_NINA,351002,R95p,35.04,29.41,-5.63
ACCESS-ESM1-5,RAINY,LA_NINA,351002,R99p,51.55,51.55,0.0
CanESM5,RAINY,LA_NINA,351002,R99p,45.74,51.55,5.81
CESM2,RAINY,LA_NINA,351002,R99p,51.55,152.48,100.93
EC-Earth3,RAINY,LA_NINA,351002,R99p,48.45,50.68,2.23
FGOALS-g3,RAINY,LA_NINA,351002,R99p,48.45,3.72,-44.73
MIROC6,RAINY,LA_NINA,351002,R99p,51.55,51.55,0.0
MRI-ESM2-0,RAINY,LA_NINA,351002,R99p,51.55,51.55,0.0
ACCESS-ESM1-5,RAINY,LA_NINA,351002,Rx1day,30.21,13.22,-16.99
CanESM5,RAINY,LA_NINA,351002,Rx1day,7.96,16.23,8.27
CESM2,RAINY,LA_NINA,351002,Rx1day,61.56,43.7,-17.86
EC-Earth3,RAINY,LA_NINA,351002,Rx1day,13.72,16.65,2.93
FGOALS-g3,RAINY,LA_NINA,351002,Rx1day,14.17,9.38,-4.79
MIROC6,RAINY,LA_NINA,351002,Rx1day,5.17,6.64,1.47
MRI-ESM2-0,RAINY,LA_NINA,351002,Rx1day,1.94,16.5,14.56
ACCESS-ESM1-5,RAINY,LA_NINA,351002,Rx5day,40.02,36.69,-3.33
CanESM5,RAINY,LA_NINA,351002,Rx5day,5.34,22.24,16.9
CESM2,RAINY,LA_NINA,351002,Rx5day,45.37,33.35,-12.02
EC-Earth3,RAINY,LA_NINA,351002,Rx5day,15.32,7.48,-7.84
FGOALS-g3,RAINY,LA_NINA,351002,Rx5day,18.39,3.12,-15.27
MIROC6,RAINY,LA_NINA,351002,Rx5day,15.13,15.88,0.75
MRI-ESM2-0,RAINY,LA_NINA,351002,Rx5day,31.67,27.99,-3.68
ACCESS-ESM1-5,RAINY,LA_NINA,351002,SDII,0.71,5.37,4.66
CanESM5,RAINY,LA_NINA,351002,SDII,12.41,3.79,-8.62
CESM2,RAINY,LA_NINA,351002,SDII,25.55,27.63,2.08
EC-Earth3,RAINY,LA_NINA,351002,SDII,8.09,18.54,10.45
FGOALS-g3,RAINY,LA_NINA,351002,SDII,11.33,12.56,1.23
MIROC6,RAINY,LA_NINA,351002,SDII,13.26,8.77,-4.49
MRI-ESM2-0,RAINY,LA_NINA,351002,SDII,5.44,0.39,-5.05
ACCESS-ESM1-5,RAINY,LA_NINA,351002,wet_day_freq,17.23,21.24,4.01
CanESM5,RAINY,LA_NINA,351002,wet_day_freq,7.61,10.64,3.03
CESM2,RAINY,LA_NINA,351002,wet_day_freq,1.87,3.55,1.68
EC-Earth3,RAINY,LA_NINA,351002,wet_day_freq,3.94,4.6,0.66
FGOALS-g3,RAINY,LA_NINA,351002,wet_day_freq,2.35,2.08,-0.27
MIROC6,RAINY,LA_NINA,351002,wet_day_freq,0.74,12.12,11.38
MRI-ESM2-0,RAINY,LA_NINA,351002,wet_day_freq,8.66,16.78,8.12
ACCESS-ESM1-5,RAINY,LA_NINA,351003,CDD,35.82,36.47,0.65
CanESM5,RAINY,LA_NINA,351003,CDD,54.47,54.63,0.16
CESM2,RAINY,LA_NINA,351003,CDD,61.66,56.8,-4.86
EC-Earth3,RAINY,LA_NINA,351003,CDD,54.21,46.95,-7.26
FGOALS-g3,RAINY,LA_NINA,351003,CDD,56.67,55.67,-1.0
MIROC6,RAINY,LA_NINA,351003,CDD,23.8,52.96,29.16
MRI-ESM2-0,RAINY,LA_NINA,351003,CDD,36.19,14.91,-21.28
ACCESS-ESM1-5,RAINY,LA_NINA,351003,CWD,35.64,27.15,-8.49
CanESM5,RAINY,LA_NINA,351003,CWD,0.98,4.81,3.83
CESM2,RAINY,LA_NINA,351003,CWD,4.74,30.01,25.27
EC-Earth3,RAINY,LA_NINA,351003,CWD,3.19,0.47,-2.72
FGOALS-g3,RAINY,LA_NINA,351003,CWD,11.18,5.08,-6.1
MIROC6,RAINY,LA_NINA,351003,CWD,15.51,24.45,8.94
MRI-ESM2-0,RAINY,LA_NINA,351003,CWD,8.49,21.76,13.27
ACCESS-ESM1-5,RAINY,LA_NINA,351003,PRCPTOT,0.92,10.54,9.62
CanESM5,RAINY,LA_NINA,351003,PRCPTOT,4.57,4.06,-0.51
CESM2,RAINY,LA_NINA,351003,PRCPTOT,28.05,36.14,8.09
EC-Earth3,RAINY,LA_NINA,351003,PRCPTOT,13.41,39.02,25.61
FGOALS-g3,RAINY,LA_NINA,351003,PRCPTOT,20.79,13.56,-7.23
MIROC6,RAINY,LA_NINA,351003,PRCPTOT,11.11,13.06,1.95
MRI-ESM2-0,RAINY,LA_NINA,351003,PRCPTOT,8.38,23.27,14.89
ACCESS-ESM1-5,RAINY,LA_NINA,351003,R20mm,106.18,20.41,-85.77
CanESM5,RAINY,LA_NINA,351003,R20mm,41.18,9.17,-32.01
CESM2,RAINY,LA_NINA,351003,R20mm,31.18,23.77,-7.41
EC-Earth3,RAINY,LA_NINA,351003,R20mm,31.82,46.18,14.36
FGOALS-g3,RAINY,LA_NINA,351003,R20mm,16.18,6.22,-9.96
MIROC6,RAINY,LA_NINA,351003,R20mm,2.64,6.71,4.07
MRI-ESM2-0,RAINY,LA_NINA,351003,R20mm,61.24,33.15,-28.09
ACCESS-ESM1-5,RAINY,LA_NINA,351003,R50mm,24.0,37.33,13.33
CanESM5,RAINY,LA_NINA,351003,R50mm,24.0,36.0,12.0
CESM2,RAINY,LA_NINA,351003,R50mm,264.0,45.82,-218.18
EC-Earth3,RAINY,LA_NINA,351003,R50mm,4.0,60.0,56.0
FGOALS-g3,RAINY,LA_NINA,351003,R50mm,16.0,54.0,38.0
MIROC6,RAINY,LA_NINA,351003,R50mm,51.0,36.0,-15.0
MRI-ESM2-0,RAINY,LA_NINA,351003,R50mm,56.0,66.0,10.0
ACCESS-ESM1-5,RAINY,LA_NINA,351003,R95p,22.89,1.43,-21.46
CanESM5,RAINY,LA_NINA,351003,R95p,19.95,21.25,1.3
CESM2,RAINY,LA_NINA,351003,R95p,104.95,61.83,-43.12
EC-Earth3,RAINY,LA_NINA,351003,R95p,4.63,55.58,50.95
FGOALS-g3,RAINY,LA_NINA,351003,R95p,36.89,39.68,2.79
MIROC6,RAINY,LA_NINA,351003,R95p,59.05,28.05,-31.0
MRI-ESM2-0,RAINY,LA_NINA,351003,R95p,70.39,58.98,-11.41
ACCESS-ESM1-5,RAINY,LA_NINA,351003,R99p,101.87,5.34,-96.53
CanESM5,RAINY,LA_NINA,351003,R99p,4.58,67.3,62.72
CESM2,RAINY,LA_NINA,351003,R99p,1.87,77.28,75.41
EC-Earth3,RAINY,LA_NINA,351003,R99p,1.87,189.59,187.72
FGOALS-g3,RAINY,LA_NINA,351003,R99p,101.87,53.52,-48.35
MIROC6,RAINY,LA_NINA,351003,R99p,75.02,101.87,26.85
MRI-ESM2-0,RAINY,LA_NINA,351003,R99p,101.87,74.42,-27.45
ACCESS-ESM1-5,RAINY,LA_NINA,351003,Rx1day,28.57,4.02,-24.55
CanESM5,RAINY,LA_NINA,351003,Rx1day,16.96,38.34,21.38
CESM2,RAINY,LA_NINA,351003,Rx1day,77.82,55.44,-22.38
EC-Earth3,RAINY,LA_NINA,351003,Rx1day,5.8,19.98,14.18
FGOALS-g3,RAINY,LA_NINA,351003,Rx1day,10.75,1.81,-8.94
MIROC6,RAINY,LA_NINA,351003,Rx1day,20.11,37.45,17.34
MRI-ESM2-0,RAINY,LA_NINA,351003,Rx1day,26.86,44.45,17.59
ACCESS-ESM1-5,RAINY,LA_NINA,351003,Rx5day,31.14,10.46,-20.68
CanESM5,RAINY,LA_NINA,351003,Rx5day,14.72,38.35,23.63
CESM2,RAINY,LA_NINA,351003,Rx5day,55.82,38.4,-17.42
EC-Earth3,RAINY,LA_NINA,351003,Rx5day,13.99,5.17,-8.82
FGOALS-g3,RAINY,LA_NINA,351003,Rx5day,1.67,8.57,6.9
MIROC6,RAINY,LA_NINA,351003,Rx5day,39.33,42.01,2.68
MRI-ESM2-0,RAINY,LA_NINA,351003,Rx5day,51.73,52.9,1.17
ACCESS-ESM1-5,RAINY,LA_NINA,351003,SDII,9.72,14.84,5.12
CanESM5,RAINY,LA_NINA,351003,SDII,7.18,15.55,8.37
CESM2,RAINY,LA_NINA,351003,SDII,8.34,5.43,-2.91
EC-Earth3,RAINY,LA_NINA,351003,SDII,9.56,17.18,7.62
FGOALS-g3,RAINY,LA_NINA,351003,SDII,8.26,6.55,-1.71
MIROC6,RAINY,LA_NINA,351003,SDII,3.3,10.39,7.09
MRI-ESM2-0,RAINY,LA_NINA,351003,SDII,14.15,21.71,7.56
ACCESS-ESM1-5,RAINY,LA_NINA,351003,wet_day_freq,9.16,4.4,-4.76
CanESM5,RAINY,LA_NINA,351003,wet_day_freq,14.01,11.56,-2.45
CESM2,RAINY,LA_NINA,351003,wet_day_freq,23.68,36.68,13.0
EC-Earth3,RAINY,LA_NINA,351003,wet_day_freq,30.65,24.69,-5.96
FGOALS-g3,RAINY,LA_NINA,351003,wet_day_freq,19.27,24.62,5.35
MIROC6,RAINY,LA_NINA,351003,wet_day_freq,18.1,31.22,13.12
MRI-ESM2-0,RAINY,LA_NINA,351003,wet_day_freq,12.96,3.42,-9.54
ACCESS-ESM1-5,RAINY,LA_NINA,351004,CDD,5.64,17.47,11.83
CanESM5,RAINY,LA_NINA,351004,CDD,13.01,3.55,-9.46
CESM2,RAINY,LA_NINA,351004,CDD,9.82,4.29,-5.53
EC-Earth3,RAINY,LA_NINA,351004,CDD,12.75,4.77,-7.98
FGOALS-g3,RAINY,LA_NINA,351004,CDD,15.21,3.04,-12.17
MIROC6,RAINY,LA_NINA,351004,CDD,36.21,31.48,-4.73
MRI-ESM2-0,RAINY,LA_NINA,351004,CDD,5.27,15.62,10.35
ACCESS-ESM1-5,RAINY,LA_NINA,351004,CWD,36.25,26.09,-10.16
CanESM5,RAINY,LA_NINA,351004,CWD,1.59,13.04,11.45
CESM2,RAINY,LA_NINA,351004,CWD,34.09,13.04,-21.05
EC-Earth3,RAINY,LA_NINA,351004,CWD,3.8,9.94,6.14
FGOALS-g3,RAINY,LA_NINA,351004,CWD,11.79,6.55,-5.24
MIROC6,RAINY,LA_NINA,351004,CWD,2.28,14.46,12.18
MRI-ESM2-0,RAINY,LA_NINA,351004,CWD,9.1,21.58,12.48
ACCESS-ESM1-5,RAINY,LA_NINA,351004,PRCPTOT,13.66,25.95,12.29
CanESM5,RAINY,LA_NINA,351004,PRCPTOT,8.17,16.65,8.48
CESM2,RAINY,LA_NINA,351004,PRCPTOT,8.16,14.46,6.3
EC-Earth3,RAINY,LA_NINA,351004,PRCPTOT,0.67,28.1,27.43
FGOALS-g3,RAINY,LA_NINA,351004,PRCPTOT,8.05,2.77,-5.28
MIROC6,RAINY,LA_NINA,351004,PRCPTOT,1.97,5.61,3.64
MRI-ESM2-0,RAINY,LA_NINA,351004,PRCPTOT,21.12,33.58,12.46
ACCESS-ESM1-5,RAINY,LA_NINA,351004,R20mm,97.79,33.35,-64.44
CanESM5,RAINY,LA_NINA,351004,R20mm,32.79,18.88,-13.91
CESM2,RAINY,LA_NINA,351004,R20mm,4.04,21.58,17.54
EC-Earth3,RAINY,LA_NINA,351004,R20mm,40.21,33.12,-7.09
FGOALS-g3,RAINY,LA_NINA,351004,R20mm,7.79,9.53,1.74
MIROC6,RAINY,LA_NINA,351004,R20mm,4.46,0.38,-4.08
MRI-ESM2-0,RAINY,LA_NINA,351004,R20mm,69.63,35.74,-33.89
ACCESS-ESM1-5,RAINY,LA_NINA,351004,R50mm,0.0,36.0,36.0
CanESM5,RAINY,LA_NINA,351004,R50mm,0.0,10.0,10.0
CESM2,RAINY,LA_NINA,351004,R50mm,480.0,17.14,-462.86
EC-Earth3,RAINY,LA_NINA,351004,R50mm,20.0,16.0,-4.0
FGOALS-g3,RAINY,LA_NINA,351004,R50mm,40.0,32.73,-7.27
MIROC6,RAINY,LA_NINA,351004,R50mm,80.0,10.0,-70.0
MRI-ESM2-0,RAINY,LA_NINA,351004,R50mm,80.0,85.71,5.71
ACCESS-ESM1-5,RAINY,LA_NINA,351004,R95p,20.46,19.05,-1.41
CanESM5,RAINY,LA_NINA,351004,R95p,0.09,10.92,10.83
CESM2,RAINY,LA_NINA,351004,R95p,61.29,0.23,-61.06
EC-Earth3,RAINY,LA_NINA,351004,R95p,15.41,14.17,-1.24
FGOALS-g3,RAINY,LA_NINA,351004,R95p,16.85,14.11,-2.74
MIROC6,RAINY,LA_NINA,351004,R95p,74.59,15.13,-59.46
MRI-ESM2-0,RAINY,LA_NINA,351004,R95p,90.43,74.65,-15.78
ACCESS-ESM1-5,RAINY,LA_NINA,351004,R99p,279.97,227.6,-52.37
CanESM5,RAINY,LA_NINA,351004,R99p,190.72,241.05,50.33
CESM2,RAINY,LA_NINA,351004,R99p,279.97,137.82,-142.15
EC-Earth3,RAINY,LA_NINA,351004,R99p,179.97,170.96,-9.01
FGOALS-g3,RAINY,LA_NINA,351004,R99p,179.97,195.85,15.88
MIROC6,RAINY,LA_NINA,351004,R99p,279.97,279.97,0.0
MRI-ESM2-0,RAINY,LA_NINA,351004,R99p,279.97,235.23,-44.74
ACCESS-ESM1-5,RAINY,LA_NINA,351004,Rx1day,41.26,25.28,-15.98
CanESM5,RAINY,LA_NINA,351004,Rx1day,29.65,46.68,17.03
CESM2,RAINY,LA_NINA,351004,Rx1day,23.95,15.83,-8.12
EC-Earth3,RAINY,LA_NINA,351004,Rx1day,6.89,9.56,2.67
FGOALS-g3,RAINY,LA_NINA,351004,Rx1day,23.44,9.54,-13.9
MIROC6,RAINY,LA_NINA,351004,Rx1day,32.44,28.9,-3.54
MRI-ESM2-0,RAINY,LA_NINA,351004,Rx1day,39.55,47.89,8.34
ACCESS-ESM1-5,RAINY,LA_NINA,351004,Rx5day,72.16,58.05,-14.11
CanESM5,RAINY,LA_NINA,351004,Rx5day,55.74,77.77,22.03
CESM2,RAINY,LA_NINA,351004,Rx5day,15.71,34.47,18.76
EC-Earth3,RAINY,LA_NINA,351004,Rx5day,55.01,42.42,-12.59
FGOALS-g3,RAINY,LA_NINA,351004,Rx5day,42.69,43.4,0.71
MIROC6,RAINY,LA_NINA,351004,Rx5day,76.21,71.38,-4.83
MRI-ESM2-0,RAINY,LA_NINA,351004,Rx5day,92.75,84.84,-7.91
ACCESS-ESM1-5,RAINY,LA_NINA,351004,SDII,19.38,24.13,4.75
CanESM5,RAINY,LA_NINA,351004,SDII,16.84,19.71,2.87
CESM2,RAINY,LA_NINA,351004,SDII,3.7,4.0,0.3
EC-Earth3,RAINY,LA_NINA,351004,SDII,19.22,7.65,-11.57
FGOALS-g3,RAINY,LA_NINA,351004,SDII,17.92,13.53,-4.39
MIROC6,RAINY,LA_NINA,351004,SDII,15.99,15.26,-0.73
MRI-ESM2-0,RAINY,LA_NINA,351004,SDII,23.81,29.59,5.78
ACCESS-ESM1-5,RAINY,LA_NINA,351004,wet_day_freq,1.4,7.13,5.73
CanESM5,RAINY,LA_NINA,351004,wet_day_freq,6.25,2.33,-3.92
CESM2,RAINY,LA_NINA,351004,wet_day_freq,11.99,21.73,9.74
EC-Earth3,RAINY,LA_NINA,351004,wet_day_freq,22.89,20.49,-2.4
FGOALS-g3,RAINY,LA_NINA,351004,wet_day_freq,11.51,15.69,4.18
MIROC6,RAINY,LA_NINA,351004,wet_day_freq,13.12,23.25,10.13
MRI-ESM2-0,RAINY,LA_NINA,351004,wet_day_freq,5.2,3.53,-1.67
ACCESS-ESM1-5,RAINY,LA_NINA,351005,CDD,30.1,56.75,26.65
CanESM5,RAINY,LA_NINA,351005,CDD,77.25,80.55,3.3
CESM2,RAINY,LA_NINA,351005,CDD,74.06,68.47,-5.59
EC-Earth3,RAINY,LA_NINA,351005,CDD,76.84,55.84,-21.0
FGOALS-g3,RAINY,LA_NINA,351005,CDD,79.45,70.31,-9.14
MIROC6,RAINY,LA_NINA,351005,CDD,28.03,49.79,21.76
MRI-ESM2-0,RAINY,LA_NINA,351005,CDD,58.97,41.99,-16.98
ACCESS-ESM1-5,RAINY,LA_NINA,351005,CWD,45.56,46.8,1.24
CanESM5,RAINY,LA_NINA,351005,CWD,75.37,74.21,-1.16
CESM2,RAINY,LA_NINA,351005,CWD,111.05,113.41,2.36
EC-Earth3,RAINY,LA_NINA,351005,CWD,102.35,85.71,-16.64
FGOALS-g3,RAINY,LA_NINA,351005,CWD,65.17,86.92,21.75
MIROC6,RAINY,LA_NINA,351005,CWD,74.68,70.41,-4.27
MRI-ESM2-0,RAINY,LA_NINA,351005,CWD,67.86,62.14,-5.72
ACCESS-ESM1-5,RAINY,LA_NINA,351005,PRCPTOT,20.08,29.64,9.56
CanESM5,RAINY,LA_NINA,351005,PRCPTOT,4.01,4.85,0.84
CESM2,RAINY,LA_NINA,351005,PRCPTOT,20.34,28.73,8.39
EC-Earth3,RAINY,LA_NINA,351005,PRCPTOT,6.69,23.83,17.14
FGOALS-g3,RAINY,LA_NINA,351005,PRCPTOT,20.23,14.18,-6.05
MIROC6,RAINY,LA_NINA,351005,PRCPTOT,10.21,13.1,2.89
MRI-ESM2-0,RAINY,LA_NINA,351005,PRCPTOT,8.94,21.41,12.47
ACCESS-ESM1-5,RAINY,LA_NINA,351005,R20mm,59.3,41.54,-17.76
CanESM5,RAINY,LA_NINA,351005,R20mm,39.55,5.98,-33.57
CESM2,RAINY,LA_NINA,351005,R20mm,10.8,27.26,16.46
EC-Earth3,RAINY,LA_NINA,351005,R20mm,68.53,26.16,-42.37
FGOALS-g3,RAINY,LA_NINA,351005,R20mm,14.55,2.19,-12.36
MIROC6,RAINY,LA_NINA,351005,R20mm,11.22,0.64,-10.58
MRI-ESM2-0,RAINY,LA_NINA,351005,R20mm,62.87,29.53,-33.34
ACCESS-ESM1-5,RAINY,LA_NINA,351005,R50mm,100.0,55.79,-44.21
CanESM5,RAINY,LA_NINA,351005,R50mm,20.0,12.73,-7.27
CESM2,RAINY,LA_NINA,351005,R50mm,500.0,20.0,-480.0
EC-Earth3,RAINY,LA_NINA,351005,R50mm,0.0,13.33,13.33
FGOALS-g3,RAINY,LA_NINA,351005,R50mm,20.0,56.0,36.0
MIROC6,RAINY,LA_NINA,351005,R50mm,60.0,10.0,-50.0
MRI-ESM2-0,RAINY,LA_NINA,351005,R50mm,60.0,62.11,2.11
ACCESS-ESM1-5,RAINY,LA_NINA,351005,R95p,110.19,62.43,-47.76
CanESM5,RAINY,LA_NINA,351005,R95p,5.13,29.19,24.06
CESM2,RAINY,LA_NINA,351005,R95p,66.51,5.1,-61.41
EC-Earth3,RAINY,LA_NINA,351005,R95p,10.19,1.73,-8.46
FGOALS-g3,RAINY,LA_NINA,351005,R95p,22.07,8.16,-13.91
MIROC6,RAINY,LA_NINA,351005,R95p,75.71,33.4,-42.31
MRI-ESM2-0,RAINY,LA_NINA,351005,R95p,85.21,61.85,-23.36
ACCESS-ESM1-5,RAINY,LA_NINA,351005,R99p,117.14,117.14,0.0
CanESM5,RAINY,LA_NINA,351005,R99p,19.85,84.92,65.07
CESM2,RAINY,LA_NINA,351005,R99p,117.14,36.94,-80.2
EC-Earth3,RAINY,LA_NINA,351005,R99p,17.14,5.38,-11.76
FGOALS-g3,RAINY,LA_NINA,351005,R99p,17.14,46.28,29.14
MIROC6,RAINY,LA_NINA,351005,R99p,117.14,117.14,0.0
MRI-ESM2-0,RAINY,LA_NINA,351005,R99p,117.14,80.01,-37.13
ACCESS-ESM1-5,RAINY,LA_NINA,351005,Rx1day,74.2,65.05,-9.15
CanESM5,RAINY,LA_NINA,351005,Rx1day,36.03,60.19,24.16
CESM2,RAINY,LA_NINA,351005,Rx1day,17.57,2.36,-15.21
EC-Earth3,RAINY,LA_NINA,351005,Rx1day,26.29,13.07,-13.22
FGOALS-g3,RAINY,LA_NINA,351005,Rx1day,29.82,17.4,-12.42
MIROC6,RAINY,LA_NINA,351005,Rx1day,38.82,37.79,-1.03
MRI-ESM2-0,RAINY,LA_NINA,351005,Rx1day,45.93,55.12,9.19
ACCESS-ESM1-5,RAINY,LA_NINA,351005,Rx5day,62.54,66.3,3.76
CanESM5,RAINY,LA_NINA,351005,Rx5day,17.18,43.95,26.77
CESM2,RAINY,LA_NINA,351005,Rx5day,22.85,17.13,-5.72
EC-Earth3,RAINY,LA_NINA,351005,Rx5day,41.85,27.95,-13.9
FGOALS-g3,RAINY,LA_NINA,351005,Rx5day,4.13,2.17,-1.96
MIROC6,RAINY,LA_NINA,351005,Rx5day,37.65,39.14,1.49
MRI-ESM2-0,RAINY,LA_NINA,351005,Rx5day,54.19,45.78,-8.41
ACCESS-ESM1-5,RAINY,LA_NINA,351005,SDII,35.47,39.64,4.17
CanESM5,RAINY,LA_NINA,351005,SDII,22.35,30.67,8.32
CESM2,RAINY,LA_NINA,351005,SDII,9.21,8.38,-0.83
EC-Earth3,RAINY,LA_NINA,351005,SDII,31.75,5.38,-26.37
FGOALS-g3,RAINY,LA_NINA,351005,SDII,23.43,20.91,-2.52
MIROC6,RAINY,LA_NINA,351005,SDII,21.5,29.2,7.7
MRI-ESM2-0,RAINY,LA_NINA,351005,SDII,29.32,31.46,2.14
ACCESS-ESM1-5,RAINY,LA_NINA,351005,wet_day_freq,21.58,11.28,-10.3
CanESM5,RAINY,LA_NINA,351005,wet_day_freq,31.2,27.33,-3.87
CESM2,RAINY,LA_NINA,351005,wet_day_freq,36.94,46.67,9.73
EC-Earth3,RAINY,LA_NINA,351005,wet_day_freq,46.7,34.73,-11.97
FGOALS-g3,RAINY,LA_NINA,351005,wet_day_freq,36.46,42.3,5.84
MIROC6,RAINY,LA_NINA,351005,wet_day_freq,38.07,54.45,16.38
MRI-ESM2-0,RAINY,LA_NINA,351005,wet_day_freq,30.15,18.1,-12.05
ACCESS-ESM1-5,RAINY,LA_NINA,351006,CDD,77.76,76.17,-1.59
CanESM5,RAINY,LA_NINA,351006,CDD,96.41,99.17,2.76
CESM2,RAINY,LA_NINA,351006,CDD,114.87,78.14,-36.73
EC-Earth3,RAINY,LA_NINA,351006,CDD,96.15,84.79,-11.36
FGOALS-g3,RAINY,LA_NINA,351006,CDD,98.61,102.0,3.39
MIROC6,RAINY,LA_NINA,351006,CDD,65.74,86.23,20.49
MRI-ESM2-0,RAINY,LA_NINA,351006,CDD,49.67,71.0,21.33
ACCESS-ESM1-5,RAINY,LA_NINA,351006,CWD,26.41,17.92,-8.49
CanESM5,RAINY,LA_NINA,351006,CWD,8.25,7.88,-0.37
CESM2,RAINY,LA_NINA,351006,CWD,68.16,2.88,-65.28
EC-Earth3,RAINY,LA_NINA,351006,CWD,6.04,18.17,12.13
FGOALS-g3,RAINY,LA_NINA,351006,CWD,1.95,6.88,4.93
MIROC6,RAINY,LA_NINA,351006,CWD,6.28,15.22,8.94
MRI-ESM2-0,RAINY,LA_NINA,351006,CWD,22.12,10.56,-11.56
ACCESS-ESM1-5,RAINY,LA_NINA,351006,PRCPTOT,16.7,24.74,8.04
CanESM5,RAINY,LA_NINA,351006,PRCPTOT,11.21,20.99,9.78
CESM2,RAINY,LA_NINA,351006,PRCPTOT,0.25,0.34,0.09
EC-Earth3,RAINY,LA_NINA,351006,PRCPTOT,2.37,24.88,22.51
FGOALS-g3,RAINY,LA_NINA,351006,PRCPTOT,5.01,4.39,-0.62
MIROC6,RAINY,LA_NINA,351006,PRCPTOT,4.67,2.07,-2.6
MRI-ESM2-0,RAINY,LA_NINA,351006,PRCPTOT,23.54,33.45,9.91
ACCESS-ESM1-5,RAINY,LA_NINA,351006,R20mm,70.54,64.77,-5.77
CanESM5,RAINY,LA_NINA,351006,R20mm,5.54,49.46,43.92
CESM2,RAINY,LA_NINA,351006,R20mm,28.35,18.05,-10.3
EC-Earth3,RAINY,LA_NINA,351006,R20mm,67.46,2.72,-64.74
FGOALS-g3,RAINY,LA_NINA,351006,R20mm,19.46,42.38,22.92
MIROC6,RAINY,LA_NINA,351006,R20mm,38.28,23.85,-14.43
MRI-ESM2-0,RAINY,LA_NINA,351006,R20mm,97.92,65.23,-32.69
ACCESS-ESM1-5,RAINY,LA_NINA,351006,R50mm,360.0,360.0,0.0
CanESM5,RAINY,LA_NINA,351006,R50mm,360.0,436.36,76.36
CESM2,RAINY,LA_NINA,351006,R50mm,380.0,404.21,24.21
EC-Earth3,RAINY,LA_NINA,351006,R50mm,380.0,320.0,-60.0
FGOALS-g3,RAINY,LA_NINA,351006,R50mm,400.0,384.0,-16.0
MIROC6,RAINY,LA_NINA,351006,R50mm,435.0,424.0,-11.0
MRI-ESM2-0,RAINY,LA_NINA,351006,R50mm,420.0,435.79,15.79
ACCESS-ESM1-5,RAINY,LA_NINA,351006,R95p,41.35,82.98,41.63
CanESM5,RAINY,LA_NINA,351006,R95p,33.06,79.59,46.53
CESM2,RAINY,LA_NINA,351006,R95p,42.97,51.0,8.03
EC-Earth3,RAINY,LA_NINA,351006,R95p,86.02,12.81,-73.21
FGOALS-g3,RAINY,LA_NINA,351006,R95p,48.21,68.67,20.46
MIROC6,RAINY,LA_NINA,351006,R95p,83.54,68.26,-15.28
MRI-ESM2-0,RAINY,LA_NINA,351006,R95p,119.46,97.99,-21.47
ACCESS-ESM1-5,RAINY,LA_NINA,351006,R99p,122.34,123.6,1.26
CanESM5,RAINY,LA_NINA,351006,R99p,118.79,145.88,27.09
CESM2,RAINY,LA_NINA,351006,R99p,9.1,123.74,114.64
EC-Earth3,RAINY,LA_NINA,351006,R99p,121.31,38.05,-83.26
FGOALS-g3,RAINY,LA_NINA,351006,R99p,89.05,124.42,35.37
MIROC6,RAINY,LA_NINA,351006,R99p,171.85,138.87,-32.98
MRI-ESM2-0,RAINY,LA_NINA,351006,R99p,183.75,172.18,-11.57
ACCESS-ESM1-5,RAINY,LA_NINA,351006,Rx1day,22.94,22.01,-0.93
CanESM5,RAINY,LA_NINA,351006,Rx1day,11.33,37.65,26.32
CESM2,RAINY,LA_NINA,351006,Rx1day,44.25,11.85,-32.4
EC-Earth3,RAINY,LA_NINA,351006,Rx1day,11.43,38.74,27.31
FGOALS-g3,RAINY,LA_NINA,351006,Rx1day,5.12,8.25,3.13
MIROC6,RAINY,LA_NINA,351006,Rx1day,14.48,24.52,10.04
MRI-ESM2-0,RAINY,LA_NINA,351006,Rx1day,5.55,26.43,20.88
ACCESS-ESM1-5,RAINY,LA_NINA,351006,Rx5day,103.84,72.75,-31.09
CanESM5,RAINY,LA_NINA,351006,Rx5day,87.42,118.01,30.59
CESM2,RAINY,LA_NINA,351006,Rx5day,59.99,83.67,23.68
EC-Earth3,RAINY,LA_NINA,351006,Rx5day,86.69,64.91,-21.78
FGOALS-g3,RAINY,LA_NINA,351006,Rx5day,74.37,91.52,17.15
MIROC6,RAINY,LA_NINA,351006,Rx5day,112.03,113.21,1.18
MRI-ESM2-0,RAINY,LA_NINA,351006,Rx5day,107.06,116.06,9.0
ACCESS-ESM1-5,RAINY,LA_NINA,351006,SDII,36.76,42.64,5.88
CanESM5,RAINY,LA_NINA,351006,SDII,34.22,43.92,9.7
CESM2,RAINY,LA_NINA,351006,SDII,29.28,27.11,-2.17
EC-Earth3,RAINY,LA_NINA,351006,SDII,36.6,6.77,-29.83
FGOALS-g3,RAINY,LA_NINA,351006,SDII,35.3,32.31,-2.99
MIROC6,RAINY,LA_NINA,351006,SDII,30.34,34.35,4.01
MRI-ESM2-0,RAINY,LA_NINA,351006,SDII,43.37,48.85,5.48
ACCESS-ESM1-5,RAINY,LA_NINA,351006,wet_day_freq,2.38,0.97,-1.41
CanESM5,RAINY,LA_NINA,351006,wet_day_freq,7.23,5.04,-2.19
CESM2,RAINY,LA_NINA,351006,wet_day_freq,15.86,13.51,-2.35
EC-Earth3,RAINY,LA_NINA,351006,wet_day_freq,23.87,16.53,-7.34
FGOALS-g3,RAINY,LA_NINA,351006,wet_day_freq,12.49,14.06,1.57
MIROC6,RAINY,LA_NINA,351006,wet_day_freq,11.32,20.8,9.48
MRI-ESM2-0,RAINY,LA_NINA,351006,wet_day_freq,8.33,1.03,-7.3
ACCESS-ESM1-5,RAINY,LA_NINA,351007,CDD,44.41,54.01,9.6
CanESM5,RAINY,LA_NINA,351007,CDD,63.06,54.28,-8.78
CESM2,RAINY,LA_NINA,351007,CDD,81.52,50.69,-30.83
EC-Earth3,RAINY,LA_NINA,351007,CDD,66.22,49.55,-16.67
FGOALS-g3,RAINY,LA_NINA,351007,CDD,34.15,60.98,26.83
MIROC6,RAINY,LA_NINA,351007,CDD,32.39,52.71,20.32
MRI-ESM2-0,RAINY,LA_NINA,351007,CDD,24.32,34.79,10.47
ACCESS-ESM1-5,RAINY,LA_NINA,351007,CWD,23.03,17.68,-5.35
CanESM5,RAINY,LA_NINA,351007,CWD,11.63,33.46,21.83
CESM2,RAINY,LA_NINA,351007,CWD,71.54,10.04,-61.5
EC-Earth3,RAINY,LA_NINA,351007,CWD,0.17,13.14,12.97
FGOALS-g3,RAINY,LA_NINA,351007,CWD,3.03,9.58,6.55
MIROC6,RAINY,LA_NINA,351007,CWD,2.9,23.1,20.2
MRI-ESM2-0,RAINY,LA_NINA,351007,CWD,0.2,26.26,26.06
ACCESS-ESM1-5,RAINY,LA_NINA,351007,PRCPTOT,12.65,17.87,5.22
CanESM5,RAINY,LA_NINA,351007,PRCPTOT,7.16,13.67,6.51
CESM2,RAINY,LA_NINA,351007,PRCPTOT,3.8,4.63,0.83
EC-Earth3,RAINY,LA_NINA,351007,PRCPTOT,6.1,17.45,11.35
FGOALS-g3,RAINY,LA_NINA,351007,PRCPTOT,4.17,13.83,9.66
MIROC6,RAINY,LA_NINA,351007,PRCPTOT,0.62,1.78,1.16
MRI-ESM2-0,RAINY,LA_NINA,351007,PRCPTOT,18.41,26.79,8.38
ACCESS-ESM1-5,RAINY,LA_NINA,351007,R20mm,86.67,45.15,-41.52
CanESM5,RAINY,LA_NINA,351007,R20mm,21.67,24.1,2.43
CESM2,RAINY,LA_NINA,351007,R20mm,12.22,12.41,0.19
EC-Earth3,RAINY,LA_NINA,351007,R20mm,56.67,9.59,-47.08
FGOALS-g3,RAINY,LA_NINA,351007,R20mm,16.67,46.53,29.86
MIROC6,RAINY,LA_NINA,351007,R20mm,22.15,34.3,12.15
MRI-ESM2-0,RAINY,LA_NINA,351007,R20mm,67.62,62.57,-5.05
ACCESS-ESM1-5,RAINY,LA_NINA,351007,R50mm,180.0,100.0,-80.0
CanESM5,RAINY,LA_NINA,351007,R50mm,180.0,260.0,80.0
CESM2,RAINY,LA_NINA,351007,R50mm,200.0,108.0,-92.0
EC-Earth3,RAINY,LA_NINA,351007,R50mm,200.0,0.0,-200.0
FGOALS-g3,RAINY,LA_NINA,351007,R50mm,200.0,300.0,100.0
MIROC6,RAINY,LA_NINA,351007,R50mm,255.0,300.0,45.0
MRI-ESM2-0,RAINY,LA_NINA,351007,R50mm,300.0,265.71,-34.29
ACCESS-ESM1-5,RAINY,LA_NINA,351007,R95p,21.77,61.77,40.0
CanESM5,RAINY,LA_NINA,351007,R95p,22.05,58.34,36.29
CESM2,RAINY,LA_NINA,351007,R95p,26.05,21.0,-5.05
EC-Earth3,RAINY,LA_NINA,351007,R95p,34.74,6.97,-27.77
FGOALS-g3,RAINY,LA_NINA,351007,R95p,14.86,68.93,54.07
MIROC6,RAINY,LA_NINA,351007,R95p,63.59,54.94,-8.65
MRI-ESM2-0,RAINY,LA_NINA,351007,R95p,93.81,85.79,-8.02
ACCESS-ESM1-5,RAINY,LA_NINA,351007,R99p,137.83,133.15,-4.68
CanESM5,RAINY,LA_NINA,351007,R99p,134.28,201.11,66.83
CESM2,RAINY,LA_NINA,351007,R99p,6.39,145.65,139.26
EC-Earth3,RAINY,LA_NINA,351007,R99p,136.8,85.43,-51.37
FGOALS-g3,RAINY,LA_NINA,351007,R99p,136.8,184.06,47.26
MIROC6,RAINY,LA_NINA,351007,R99p,188.14,180.87,-7.27
MRI-ESM2-0,RAINY,LA_NINA,351007,R99p,201.41,204.16,2.75
ACCESS-ESM1-5,RAINY,LA_NINA,351007,Rx1day,76.8,45.33,-31.47
CanESM5,RAINY,LA_NINA,351007,Rx1day,65.19,90.96,25.77
CESM2,RAINY,LA_NINA,351007,Rx1day,9.61,33.49,23.88
EC-Earth3,RAINY,LA_NINA,351007,Rx1day,7.77,35.26,27.49
FGOALS-g3,RAINY,LA_NINA,351007,Rx1day,26.14,53.26,27.12
MIROC6,RAINY,LA_NINA,351007,Rx1day,68.34,76.56,8.22
MRI-ESM2-0,RAINY,LA_NINA,351007,Rx1day,64.75,75.09,10.34
ACCESS-ESM1-5,RAINY,LA_NINA,351007,Rx5day,60.26,36.69,-23.57
CanESM5,RAINY,LA_NINA,351007,Rx5day,43.84,71.03,27.19
CESM2,RAINY,LA_NINA,351007,Rx5day,16.41,40.23,23.82
EC-Earth3,RAINY,LA_NINA,351007,Rx5day,4.49,18.35,13.86
FGOALS-g3,RAINY,LA_NINA,351007,Rx5day,28.24,59.2,30.96
MIROC6,RAINY,LA_NINA,351007,Rx5day,68.45,67.84,-0.61
MRI-ESM2-0,RAINY,LA_NINA,351007,Rx5day,59.52,72.78,13.26
ACCESS-ESM1-5,RAINY,LA_NINA,351007,SDII,27.54,31.48,3.94
CanESM5,RAINY,LA_NINA,351007,SDII,25.0,32.28,7.28
CESM2,RAINY,LA_NINA,351007,SDII,20.06,18.92,-1.14
EC-Earth3,RAINY,LA_NINA,351007,SDII,22.29,4.02,-18.27
FGOALS-g3,RAINY,LA_NINA,351007,SDII,25.08,30.61,5.53
MIROC6,RAINY,LA_NINA,351007,SDII,21.12,24.06,2.94
MRI-ESM2-0,RAINY,LA_NINA,351007,SDII,33.19,37.8,4.61
ACCESS-ESM1-5,RAINY,LA_NINA,351007,wet_day_freq,2.61,3.99,1.38
CanESM5,RAINY,LA_NINA,351007,wet_day_freq,7.46,7.9,0.44
CESM2,RAINY,LA_NINA,351007,wet_day_freq,16.09,15.57,-0.52
EC-Earth3,RAINY,LA_NINA,351007,wet_day_freq,30.39,4.62,-25.77
FGOALS-g3,RAINY,LA_NINA,351007,wet_day_freq,8.93,4.81,-4.12
MIROC6,RAINY,LA_NINA,351007,wet_day_freq,11.55,17.18,5.63
MRI-ESM2-0,RAINY,LA_NINA,351007,wet_day_freq,6.09,0.44,-5.65
ACCESS-ESM1-5,RAINY,LA_NINA,351008,CDD,7.24,4.82,-2.42
CanESM5,RAINY,LA_NINA,351008,CDD,11.41,14.65,3.24
CESM2,RAINY,LA_NINA,351008,CDD,8.22,8.86,0.64
EC-Earth3,RAINY,LA_NINA,351008,CDD,7.7,16.86,9.16
FGOALS-g3,RAINY,LA_NINA,351008,CDD,13.61,11.41,-2.2
MIROC6,RAINY,LA_NINA,351008,CDD,37.81,17.23,-20.58
MRI-ESM2-0,RAINY,LA_NINA,351008,CDD,6.87,19.17,12.3
ACCESS-ESM1-5,RAINY,LA_NINA,351008,CWD,37.42,32.07,-5.35
CanESM5,RAINY,LA_NINA,351008,CWD,2.76,9.37,6.61
CESM2,RAINY,LA_NINA,351008,CWD,32.92,17.16,-15.76
EC-Earth3,RAINY,LA_NINA,351008,CWD,28.13,3.34,-24.79
FGOALS-g3,RAINY,LA_NINA,351008,CWD,12.96,8.41,-4.55
MIROC6,RAINY,LA_NINA,351008,CWD,3.45,25.96,22.51
MRI-ESM2-0,RAINY,LA_NINA,351008,CWD,10.27,0.36,-9.91
ACCESS-ESM1-5,RAINY,LA_NINA,351008,PRCPTOT,2.11,7.27,5.16
CanESM5,RAINY,LA_NINA,351008,PRCPTOT,3.38,2.78,-0.6
CESM2,RAINY,LA_NINA,351008,PRCPTOT,19.71,23.2,3.49
EC-Earth3,RAINY,LA_NINA,351008,PRCPTOT,4.63,12.62,7.99
FGOALS-g3,RAINY,LA_NINA,351008,PRCPTOT,19.6,10.71,-8.89
MIROC6,RAINY,LA_NINA,351008,PRCPTOT,9.58,12.93,3.35
MRI-ESM2-0,RAINY,LA_NINA,351008,PRCPTOT,9.57,15.71,6.14
ACCESS-ESM1-5,RAINY,LA_NINA,351008,R20mm,117.0,12.31,-104.69
CanESM5,RAINY,LA_NINA,351008,R20mm,52.0,11.35,-40.65
CESM2,RAINY,LA_NINA,351008,R20mm,23.25,16.47,-6.78
EC-Earth3,RAINY,LA_NINA,351008,R20mm,13.67,33.1,19.43
FGOALS-g3,RAINY,LA_NINA,351008,R20mm,27.0,16.79,-10.21
MIROC6,RAINY,LA_NINA,351008,R20mm,23.67,1.12,-22.55
MRI-ESM2-0,RAINY,LA_NINA,351008,R20mm,50.42,36.33,-14.09
ACCESS-ESM1-5,RAINY,LA_NINA,351008,R50mm,93.33,93.33,0.0
CanESM5,RAINY,LA_NINA,351008,R50mm,93.33,2.67,-90.66
CESM2,RAINY,LA_NINA,351008,R50mm,573.33,333.33,-240.0
EC-Earth3,RAINY,LA_NINA,351008,R50mm,73.33,93.33,20.0
FGOALS-g3,RAINY,LA_NINA,351008,R50mm,53.33,21.33,-32.0
MIROC6,RAINY,LA_NINA,351008,R50mm,13.33,26.67,13.34
MRI-ESM2-0,RAINY,LA_NINA,351008,R50mm,13.33,21.33,8.0
ACCESS-ESM1-5,RAINY,LA_NINA,351008,R95p,46.46,10.08,-36.38
CanESM5,RAINY,LA_NINA,351008,R95p,30.54,10.47,-20.07
CESM2,RAINY,LA_NINA,351008,R95p,45.89,44.83,-1.06
EC-Earth3,RAINY,LA_NINA,351008,R95p,9.01,36.18,27.17
FGOALS-g3,RAINY,LA_NINA,351008,R95p,32.64,20.73,-11.91
MIROC6,RAINY,LA_NINA,351008,R95p,17.85,16.79,-1.06
MRI-ESM2-0,RAINY,LA_NINA,351008,R95p,34.42,18.78,-15.64
ACCESS-ESM1-5,RAINY,LA_NINA,351008,R99p,41.08,101.35,60.27
CanESM5,RAINY,LA_NINA,351008,R99p,83.92,2.99,-80.93
CESM2,RAINY,LA_NINA,351008,R99p,189.03,103.96,-85.07
EC-Earth3,RAINY,LA_NINA,351008,R99p,68.6,57.49,-11.11
FGOALS-g3,RAINY,LA_NINA,351008,R99p,100.86,50.92,-49.94
MIROC6,RAINY,LA_NINA,351008,R99p,3.08,8.12,5.04
MRI-ESM2-0,RAINY,LA_NINA,351008,R99p,6.42,8.6,2.18
ACCESS-ESM1-5,RAINY,LA_NINA,351008,Rx1day,0.46,31.27,30.81
CanESM5,RAINY,LA_NINA,351008,Rx1day,12.07,13.48,1.41
CESM2,RAINY,LA_NINA,351008,Rx1day,65.67,47.34,-18.33
EC-Earth3,RAINY,LA_NINA,351008,Rx1day,27.66,24.68,-2.98
FGOALS-g3,RAINY,LA_NINA,351008,Rx1day,18.28,21.98,3.7
MIROC6,RAINY,LA_NINA,351008,Rx1day,9.28,15.96,6.68
MRI-ESM2-0,RAINY,LA_NINA,351008,Rx1day,2.17,12.91,10.74
ACCESS-ESM1-5,RAINY,LA_NINA,351008,Rx5day,10.54,33.71,23.17
CanESM5,RAINY,LA_NINA,351008,Rx5day,26.96,0.38,-26.58
CESM2,RAINY,LA_NINA,351008,Rx5day,66.99,51.84,-15.15
EC-Earth3,RAINY,LA_NINA,351008,Rx5day,12.18,23.68,11.5
FGOALS-g3,RAINY,LA_NINA,351008,Rx5day,40.01,22.24,-17.77
MIROC6,RAINY,LA_NINA,351008,Rx5day,6.49,5.88,-0.61
MRI-ESM2-0,RAINY,LA_NINA,351008,Rx5day,10.05,6.74,-3.31
ACCESS-ESM1-5,RAINY,LA_NINA,351008,SDII,13.06,9.48,-3.58
CanESM5,RAINY,LA_NINA,351008,SDII,15.6,7.78,-7.82
CESM2,RAINY,LA_NINA,351008,SDII,28.74,27.95,-0.79
EC-Earth3,RAINY,LA_NINA,351008,SDII,9.57,29.99,20.42
FGOALS-g3,RAINY,LA_NINA,351008,SDII,14.52,21.37,6.85
MIROC6,RAINY,LA_NINA,351008,SDII,16.45,19.94,3.49
MRI-ESM2-0,RAINY,LA_NINA,351008,SDII,8.63,1.19,-7.44
ACCESS-ESM1-5,RAINY,LA_NINA,351008,wet_day_freq,13.8,12.89,-0.91
CanESM5,RAINY,LA_NINA,351008,wet_day_freq,8.95,7.43,-1.52
CESM2,RAINY,LA_NINA,351008,wet_day_freq,3.21,0.06,-3.15
EC-Earth3,RAINY,LA_NINA,351008,wet_day_freq,1.66,12.02,10.36
FGOALS-g3,RAINY,LA_NINA,351008,wet_day_freq,3.69,5.93,2.24
MIROC6,RAINY,LA_NINA,351008,wet_day_freq,2.08,2.65,0.57
MRI-ESM2-0,RAINY,LA_NINA,351008,wet_day_freq,10.0,7.03,-2.97
ACCESS-ESM1-5,RAINY,LA_NINA,351009,CDD,46.74,2.06,-44.68
CanESM5,RAINY,LA_NINA,351009,CDD,0.41,8.05,7.64
CESM2,RAINY,LA_NINA,351009,CDD,2.78,5.0,2.22
EC-Earth3,RAINY,LA_NINA,351009,CDD,0.15,31.0,30.85
FGOALS-g3,RAINY,LA_NINA,351009,CDD,2.61,0.41,-2.2
MIROC6,RAINY,LA_NINA,351009,CDD,48.81,20.45,-28.36
MRI-ESM2-0,RAINY,LA_NINA,351009,CDD,17.87,31.36,13.49
ACCESS-ESM1-5,RAINY,LA_NINA,351009,CWD,47.45,58.39,10.94
CanESM5,RAINY,LA_NINA,351009,CWD,17.64,3.91,-13.73
CESM2,RAINY,LA_NINA,351009,CWD,18.04,10.9,-7.14
EC-Earth3,RAINY,LA_NINA,351009,CWD,19.85,18.48,-1.37
FGOALS-g3,RAINY,LA_NINA,351009,CWD,27.84,19.91,-7.93
MIROC6,RAINY,LA_NINA,351009,CWD,18.33,40.9,22.57
MRI-ESM2-0,RAINY,LA_NINA,351009,CWD,25.15,15.81,-9.34
ACCESS-ESM1-5,RAINY,LA_NINA,351009,PRCPTOT,29.41,31.05,1.64
CanESM5,RAINY,LA_NINA,351009,PRCPTOT,5.32,11.91,6.59
CESM2,RAINY,LA_NINA,351009,PRCPTOT,11.01,13.25,2.24
EC-Earth3,RAINY,LA_NINA,351009,PRCPTOT,3.52,21.91,18.39
FGOALS-g3,RAINY,LA_NINA,351009,PRCPTOT,10.9,2.37,-8.53
MIROC6,RAINY,LA_NINA,351009,PRCPTOT,0.88,4.56,3.68
MRI-ESM2-0,RAINY,LA_NINA,351009,PRCPTOT,18.27,21.04,2.77
ACCESS-ESM1-5,RAINY,LA_NINA,351009,R20mm,106.58,86.46,-20.12
CanESM5,RAINY,LA_NINA,351009,R20mm,7.73,53.5,45.77
CESM2,RAINY,LA_NINA,351009,R20mm,36.48,51.48,15.0
EC-Earth3,RAINY,LA_NINA,351009,R20mm,80.73,13.09,-67.64
FGOALS-g3,RAINY,LA_NINA,351009,R20mm,32.73,57.14,24.41
MIROC6,RAINY,LA_NINA,351009,R20mm,36.06,50.51,14.45
MRI-ESM2-0,RAINY,LA_NINA,351009,R20mm,110.15,89.3,-20.85
ACCESS-ESM1-5,RAINY,LA_NINA,351009,R50mm,0.0,0.0,0.0
CanESM5,RAINY,LA_NINA,351009,R50mm,120.0,0.0,-120.0
CESM2,RAINY,LA_NINA,351009,R50mm,600.0,300.0,-300.0
EC-Earth3,RAINY,LA_NINA,351009,R50mm,100.0,240.0,140.0
FGOALS-g3,RAINY,LA_NINA,351009,R50mm,80.0,72.0,-8.0
MIROC6,RAINY,LA_NINA,351009,R50mm,40.0,0.0,-40.0
MRI-ESM2-0,RAINY,LA_NINA,351009,R50mm,40.0,20.0,-20.0
ACCESS-ESM1-5,RAINY,LA_NINA,351009,R95p,72.47,59.0,-13.47
CanESM5,RAINY,LA_NINA,351009,R95p,14.65,30.12,15.47
CESM2,RAINY,LA_NINA,351009,R95p,6.01,8.58,2.57
EC-Earth3,RAINY,LA_NINA,351009,R95p,18.06,35.82,17.76
FGOALS-g3,RAINY,LA_NINA,351009,R95p,9.64,9.04,-0.6
MIROC6,RAINY,LA_NINA,351009,R95p,16.88,8.0,-8.88
MRI-ESM2-0,RAINY,LA_NINA,351009,R95p,59.74,43.38,-16.36
ACCESS-ESM1-5,RAINY,LA_NINA,351009,R99p,103.9,78.97,-24.93
CanESM5,RAINY,LA_NINA,351009,R99p,5.01,52.78,47.77
CESM2,RAINY,LA_NINA,351009,R99p,9.07,26.08,17.01
EC-Earth3,RAINY,LA_NINA,351009,R99p,66.5,32.24,-34.26
FGOALS-g3,RAINY,LA_NINA,351009,R99p,20.16,37.8,17.64
MIROC6,RAINY,LA_NINA,351009,R99p,47.9,48.38,0.48
MRI-ESM2-0,RAINY,LA_NINA,351009,R99p,96.3,79.31,-16.99
ACCESS-ESM1-5,RAINY,LA_NINA,351009,Rx1day,45.01,30.0,-15.01
CanESM5,RAINY,LA_NINA,351009,Rx1day,6.84,33.99,27.15
CESM2,RAINY,LA_NINA,351009,Rx1day,46.76,35.03,-11.73
EC-Earth3,RAINY,LA_NINA,351009,Rx1day,15.92,35.18,19.26
FGOALS-g3,RAINY,LA_NINA,351009,Rx1day,0.63,6.7,6.07
MIROC6,RAINY,LA_NINA,351009,Rx1day,9.63,7.43,-2.2
MRI-ESM2-0,RAINY,LA_NINA,351009,Rx1day,16.74,25.75,9.01
ACCESS-ESM1-5,RAINY,LA_NINA,351009,Rx5day,47.92,45.18,-2.74
CanESM5,RAINY,LA_NINA,351009,Rx5day,2.56,33.85,31.29
CESM2,RAINY,LA_NINA,351009,Rx5day,37.47,29.36,-8.11
EC-Earth3,RAINY,LA_NINA,351009,Rx5day,1.83,14.82,12.99
FGOALS-g3,RAINY,LA_NINA,351009,Rx5day,10.49,1.18,-9.31
MIROC6,RAINY,LA_NINA,351009,Rx5day,23.03,25.44,2.41
MRI-ESM2-0,RAINY,LA_NINA,351009,Rx5day,39.57,28.26,-11.31
ACCESS-ESM1-5,RAINY,LA_NINA,351009,SDII,19.64,20.52,0.88
CanESM5,RAINY,LA_NINA,351009,SDII,6.52,13.62,7.1
CESM2,RAINY,LA_NINA,351009,SDII,6.62,4.44,-2.18
EC-Earth3,RAINY,LA_NINA,351009,SDII,8.9,18.04,9.14
FGOALS-g3,RAINY,LA_NINA,351009,SDII,7.6,1.98,-5.62
MIROC6,RAINY,LA_NINA,351009,SDII,5.67,4.22,-1.45
MRI-ESM2-0,RAINY,LA_NINA,351009,SDII,13.49,20.14,6.65
ACCESS-ESM1-5,RAINY,LA_NINA,351009,wet_day_freq,9.72,12.83,3.11
CanESM5,RAINY,LA_NINA,351009,wet_day_freq,0.1,0.5,0.4
CESM2,RAINY,LA_NINA,351009,wet_day_freq,5.64,9.36,3.72
EC-Earth3,RAINY,LA_NINA,351009,wet_day_freq,16.54,2.68,-13.86
FGOALS-g3,RAINY,LA_NINA,351009,wet_day_freq,5.16,4.42,-0.74
MIROC6,RAINY,LA_NINA,351009,wet_day_freq,6.77,8.51,1.74
MRI-ESM2-0,RAINY,LA_NINA,351009,wet_day_freq,1.15,1.9,0.75
ACCESS-ESM1-5,RAINY,LA_NINA,351010,CDD,1.48,9.26,7.78
CanESM5,RAINY,LA_NINA,351010,CDD,17.17,17.17,0.0
CESM2,RAINY,LA_NINA,351010,CDD,24.36,6.05,-18.31
EC-Earth3,RAINY,LA_NINA,351010,CDD,16.91,22.79,5.88
FGOALS-g3,RAINY,LA_NINA,351010,CDD,19.37,12.77,-6.6
MIROC6,RAINY,LA_NINA,351010,CDD,13.5,8.02,-5.48
MRI-ESM2-0,RAINY,LA_NINA,351010,CDD,29.57,25.51,-4.06
ACCESS-ESM1-5,RAINY,LA_NINA,351010,CWD,41.2,30.68,-10.52
CanESM5,RAINY,LA_NINA,351010,CWD,6.54,4.41,-2.13
CESM2,RAINY,LA_NINA,351010,CWD,10.3,28.47,18.17
EC-Earth3,RAINY,LA_NINA,351010,CWD,8.75,62.43,53.68
FGOALS-g3,RAINY,LA_NINA,351010,CWD,16.74,20.57,3.83
MIROC6,RAINY,LA_NINA,351010,CWD,21.07,15.47,-5.6
MRI-ESM2-0,RAINY,LA_NINA,351010,CWD,36.91,30.78,-6.13
ACCESS-ESM1-5,RAINY,LA_NINA,351010,PRCPTOT,10.01,15.79,5.78
CanESM5,RAINY,LA_NINA,351010,PRCPTOT,4.52,10.09,5.57
CESM2,RAINY,LA_NINA,351010,PRCPTOT,18.96,24.11,5.15
EC-Earth3,RAINY,LA_NINA,351010,PRCPTOT,4.32,24.82,20.5
FGOALS-g3,RAINY,LA_NINA,351010,PRCPTOT,11.7,3.53,-8.17
MIROC6,RAINY,LA_NINA,351010,PRCPTOT,2.02,5.8,3.78
MRI-ESM2-0,RAINY,LA_NINA,351010,PRCPTOT,16.85,24.89,8.04
ACCESS-ESM1-5,RAINY,LA_NINA,351010,R20mm,114.0,8.9,-105.1
CanESM5,RAINY,LA_NINA,351010,R20mm,49.0,1.36,-47.64
CESM2,RAINY,LA_NINA,351010,R20mm,39.0,29.71,-9.29
EC-Earth3,RAINY,LA_NINA,351010,R20mm,24.0,73.81,49.81
FGOALS-g3,RAINY,LA_NINA,351010,R20mm,24.0,3.37,-20.63
MIROC6,RAINY,LA_NINA,351010,R20mm,5.18,4.65,-0.53
MRI-ESM2-0,RAINY,LA_NINA,351010,R20mm,54.46,30.08,-24.38
ACCESS-ESM1-5,RAINY,LA_NINA,351010,R50mm,120.0,80.0,-40.0
CanESM5,RAINY,LA_NINA,351010,R50mm,120.0,168.0,48.0
CESM2,RAINY,LA_NINA,351010,R50mm,120.0,100.0,-20.0
EC-Earth3,RAINY,LA_NINA,351010,R50mm,140.0,120.0,-20.0
FGOALS-g3,RAINY,LA_NINA,351010,R50mm,160.0,200.0,40.0
MIROC6,RAINY,LA_NINA,351010,R50mm,195.0,240.0,45.0
MRI-ESM2-0,RAINY,LA_NINA,351010,R50mm,180.0,222.86,42.86
ACCESS-ESM1-5,RAINY,LA_NINA,351010,R95p,10.44,46.49,36.05
CanESM5,RAINY,LA_NINA,351010,R95p,27.65,38.39,10.74
CESM2,RAINY,LA_NINA,351010,R95p,28.24,0.23,-28.01
EC-Earth3,RAINY,LA_NINA,351010,R95p,43.78,24.89,-18.89
FGOALS-g3,RAINY,LA_NINA,351010,R95p,8.16,26.77,18.61
MIROC6,RAINY,LA_NINA,351010,R95p,28.07,26.51,-1.56
MRI-ESM2-0,RAINY,LA_NINA,351010,R95p,75.17,62.72,-12.45
ACCESS-ESM1-5,RAINY,LA_NINA,351010,R99p,5.56,20.45,14.89
CanESM5,RAINY,LA_NINA,351010,R99p,19.99,13.88,-6.11
CESM2,RAINY,LA_NINA,351010,R99p,45.11,30.74,-14.37
EC-Earth3,RAINY,LA_NINA,351010,R99p,40.3,61.92,21.62
FGOALS-g3,RAINY,LA_NINA,351010,R99p,0.7,2.07,1.37
MIROC6,RAINY,LA_NINA,351010,R99p,34.83,19.96,-14.87
MRI-ESM2-0,RAINY,LA_NINA,351010,R99p,48.79,53.11,4.32
ACCESS-ESM1-5,RAINY,LA_NINA,351010,Rx1day,29.64,0.56,-29.08
CanESM5,RAINY,LA_NINA,351010,Rx1day,18.03,40.08,22.05
CESM2,RAINY,LA_NINA,351010,Rx1day,76.75,40.12,-36.63
EC-Earth3,RAINY,LA_NINA,351010,Rx1day,4.73,26.02,21.29
FGOALS-g3,RAINY,LA_NINA,351010,Rx1day,11.82,8.13,-3.69
MIROC6,RAINY,LA_NINA,351010,Rx1day,21.18,33.61,12.43
MRI-ESM2-0,RAINY,LA_NINA,351010,Rx1day,12.25,36.77,24.52
ACCESS-ESM1-5,RAINY,LA_NINA,351010,Rx5day,27.42,6.19,-21.23
CanESM5,RAINY,LA_NINA,351010,Rx5day,11.0,34.79,23.79
CESM2,RAINY,LA_NINA,351010,Rx5day,59.54,30.39,-29.15
EC-Earth3,RAINY,LA_NINA,351010,Rx5day,10.27,3.39,-6.88
FGOALS-g3,RAINY,LA_NINA,351010,Rx5day,2.05,13.1,11.05
MIROC6,RAINY,LA_NINA,351010,Rx5day,35.61,37.62,2.01
MRI-ESM2-0,RAINY,LA_NINA,351010,Rx5day,30.64,43.28,12.64
ACCESS-ESM1-5,RAINY,LA_NINA,351010,SDII,8.75,15.01,6.26
CanESM5,RAINY,LA_NINA,351010,SDII,6.21,11.03,4.82
CESM2,RAINY,LA_NINA,351010,SDII,9.31,7.04,-2.27
EC-Earth3,RAINY,LA_NINA,351010,SDII,8.59,15.97,7.38
FGOALS-g3,RAINY,LA_NINA,351010,SDII,7.29,0.58,-6.71
MIROC6,RAINY,LA_NINA,351010,SDII,2.33,3.15,0.82
MRI-ESM2-0,RAINY,LA_NINA,351010,SDII,15.36,19.55,4.19
ACCESS-ESM1-5,RAINY,LA_NINA,351010,wet_day_freq,4.51,1.51,-3.0
CanESM5,RAINY,LA_NINA,351010,wet_day_freq,0.34,0.8,0.46
CESM2,RAINY,LA_NINA,351010,wet_day_freq,10.01,17.53,7.52
EC-Earth3,RAINY,LA_NINA,351010,wet_day_freq,16.98,7.23,-9.75
FGOALS-g3,RAINY,LA_NINA,351010,wet_day_freq,5.6,3.24,-2.36
MIROC6,RAINY,LA_NINA,351010,wet_day_freq,4.43,9.75,5.32
MRI-ESM2-0,RAINY,LA_NINA,351010,wet_day_freq,1.44,4.26,2.82
ACCESS-ESM1-5,RAINY,LA_NINA,351011,CDD,23.17,11.43,-11.74
CanESM5,RAINY,LA_NINA,351011,CDD,23.98,0.25,-23.73
CESM2,RAINY,LA_NINA,351011,CDD,20.79,16.07,-4.72
EC-Earth3,RAINY,LA_NINA,351011,CDD,23.57,17.49,-6.08
FGOALS-g3,RAINY,LA_NINA,351011,CDD,26.18,6.0,-20.18
MIROC6,RAINY,LA_NINA,351011,CDD,25.24,9.34,-15.9
MRI-ESM2-0,RAINY,LA_NINA,351011,CDD,5.7,69.43,63.73
ACCESS-ESM1-5,RAINY,LA_NINA,351011,CWD,85.29,63.48,-21.81
CanESM5,RAINY,LA_NINA,351011,CWD,55.48,60.71,5.23
CESM2,RAINY,LA_NINA,351011,CWD,19.8,10.85,-8.95
EC-Earth3,RAINY,LA_NINA,351011,CWD,28.5,61.64,33.14
FGOALS-g3,RAINY,LA_NINA,351011,CWD,65.68,32.03,-33.65
MIROC6,RAINY,LA_NINA,351011,CWD,56.17,47.79,-8.38
MRI-ESM2-0,RAINY,LA_NINA,351011,CWD,62.99,58.9,-4.09
ACCESS-ESM1-5,RAINY,LA_NINA,351011,PRCPTOT,17.67,8.62,-9.05
CanESM5,RAINY,LA_NINA,351011,PRCPTOT,6.42,3.73,-2.69
CESM2,RAINY,LA_NINA,351011,PRCPTOT,22.75,20.33,-2.42
EC-Earth3,RAINY,LA_NINA,351011,PRCPTOT,9.1,16.27,7.17
FGOALS-g3,RAINY,LA_NINA,351011,PRCPTOT,22.64,13.11,-9.53
MIROC6,RAINY,LA_NINA,351011,PRCPTOT,12.62,15.65,3.03
MRI-ESM2-0,RAINY,LA_NINA,351011,PRCPTOT,6.53,1.6,-4.93
ACCESS-ESM1-5,RAINY,LA_NINA,351011,R20mm,52.03,24.71,-27.32
CanESM5,RAINY,LA_NINA,351011,R20mm,46.82,21.26,-25.56
CESM2,RAINY,LA_NINA,351011,R20mm,18.07,19.03,0.96
EC-Earth3,RAINY,LA_NINA,351011,R20mm,61.26,39.38,-21.88
FGOALS-g3,RAINY,LA_NINA,351011,R20mm,21.82,1.82,-20.0
MIROC6,RAINY,LA_NINA,351011,R20mm,18.49,20.04,1.55
MRI-ESM2-0,RAINY,LA_NINA,351011,R20mm,55.6,29.24,-26.36
ACCESS-ESM1-5,RAINY,LA_NINA,351011,R50mm,111.43,111.43,0.0
CanESM5,RAINY,LA_NINA,351011,R50mm,8.57,111.43,102.86
CESM2,RAINY,LA_NINA,351011,R50mm,488.57,8.57,-480.0
EC-Earth3,RAINY,LA_NINA,351011,R50mm,11.43,8.57,-2.86
FGOALS-g3,RAINY,LA_NINA,351011,R50mm,31.43,51.43,20.0
MIROC6,RAINY,LA_NINA,351011,R50mm,71.43,111.43,40.0
MRI-ESM2-0,RAINY,LA_NINA,351011,R50mm,71.43,51.43,-20.0
ACCESS-ESM1-5,RAINY,LA_NINA,351011,R95p,82.79,82.79,0.0
CanESM5,RAINY,LA_NINA,351011,R95p,32.53,60.83,28.3
CESM2,RAINY,LA_NINA,351011,R95p,93.91,37.42,-56.49
EC-Earth3,RAINY,LA_NINA,351011,R95p,17.21,29.79,12.58
FGOALS-g3,RAINY,LA_NINA,351011,R95p,49.47,27.37,-22.1
MIROC6,RAINY,LA_NINA,351011,R95p,44.38,82.79,38.41
MRI-ESM2-0,RAINY,LA_NINA,351011,R95p,57.81,54.09,-3.72
ACCESS-ESM1-5,RAINY,LA_NINA,351011,R99p,64.22,64.22,0.0
CanESM5,RAINY,LA_NINA,351011,R99p,35.78,64.22,28.44
CESM2,RAINY,LA_NINA,351011,R99p,64.22,64.22,0.0
EC-Earth3,RAINY,LA_NINA,351011,R99p,64.22,64.22,0.0
FGOALS-g3,RAINY,LA_NINA,351011,R99p,64.22,64.22,0.0
MIROC6,RAINY,LA_NINA,351011,R99p,35.78,64.22,28.44
MRI-ESM2-0,RAINY,LA_NINA,351011,R99p,64.22,64.22,0.0
ACCESS-ESM1-5,RAINY,LA_NINA,351011,Rx1day,37.76,11.48,-26.28
CanESM5,RAINY,LA_NINA,351011,Rx1day,0.41,21.95,21.54
CESM2,RAINY,LA_NINA,351011,Rx1day,54.01,28.51,-25.5
EC-Earth3,RAINY,LA_NINA,351011,Rx1day,10.15,19.42,9.27
FGOALS-g3,RAINY,LA_NINA,351011,Rx1day,6.62,8.39,1.77
MIROC6,RAINY,LA_NINA,351011,Rx1day,2.38,9.01,6.63
MRI-ESM2-0,RAINY,LA_NINA,351011,Rx1day,9.49,12.91,3.42
ACCESS-ESM1-5,RAINY,LA_NINA,351011,Rx5day,37.0,18.65,-18.35
CanESM5,RAINY,LA_NINA,351011,Rx5day,8.36,22.1,13.74
CESM2,RAINY,LA_NINA,351011,Rx5day,48.39,28.17,-20.22
EC-Earth3,RAINY,LA_NINA,351011,Rx5day,16.31,4.89,-11.42
FGOALS-g3,RAINY,LA_NINA,351011,Rx5day,21.41,4.2,-17.21
MIROC6,RAINY,LA_NINA,351011,Rx5day,12.11,4.75,-7.36
MRI-ESM2-0,RAINY,LA_NINA,351011,Rx5day,28.65,10.21,-18.44
ACCESS-ESM1-5,RAINY,LA_NINA,351011,SDII,12.62,10.63,-1.99
CanESM5,RAINY,LA_NINA,351011,SDII,0.5,2.54,2.04
CESM2,RAINY,LA_NINA,351011,SDII,13.64,11.61,-2.03
EC-Earth3,RAINY,LA_NINA,351011,SDII,8.9,13.85,4.95
FGOALS-g3,RAINY,LA_NINA,351011,SDII,0.58,4.76,4.18
MIROC6,RAINY,LA_NINA,351011,SDII,1.35,9.72,8.37
MRI-ESM2-0,RAINY,LA_NINA,351011,SDII,6.47,2.17,-4.3
ACCESS-ESM1-5,RAINY,LA_NINA,351011,wet_day_freq,2.96,3.89,0.93
CanESM5,RAINY,LA_NINA,351011,wet_day_freq,6.66,7.06,0.4
CESM2,RAINY,LA_NINA,351011,wet_day_freq,12.4,11.43,-0.97
EC-Earth3,RAINY,LA_NINA,351011,wet_day_freq,22.16,4.43,-17.73
FGOALS-g3,RAINY,LA_NINA,351011,wet_day_freq,11.92,10.07,-1.85
MIROC6,RAINY,LA_NINA,351011,wet_day_freq,13.53,7.79,-5.74
MRI-ESM2-0,RAINY,LA_NINA,351011,wet_day_freq,5.61,3.2,-2.41
ACCESS-ESM1-5,RAINY,LA_NINA,351012,CDD,5.24,6.53,1.29
CanESM5,RAINY,LA_NINA,351012,CDD,13.41,13.41,0.0
CESM2,RAINY,LA_NINA,351012,CDD,20.6,25.83,5.23
EC-Earth3,RAINY,LA_NINA,351012,CDD,16.57,6.95,-9.62
FGOALS-g3,RAINY,LA_NINA,351012,CDD,15.61,21.33,5.72
MIROC6,RAINY,LA_NINA,351012,CDD,17.26,0.99,-16.27
MRI-ESM2-0,RAINY,LA_NINA,351012,CDD,33.33,34.67,1.34
ACCESS-ESM1-5,RAINY,LA_NINA,351012,CWD,64.61,54.69,-9.92
CanESM5,RAINY,LA_NINA,351012,CWD,29.95,10.21,-19.74
CESM2,RAINY,LA_NINA,351012,CWD,33.71,21.6,-12.11
EC-Earth3,RAINY,LA_NINA,351012,CWD,41.41,25.66,-15.75
FGOALS-g3,RAINY,LA_NINA,351012,CWD,40.15,42.59,2.44
MIROC6,RAINY,LA_NINA,351012,CWD,44.48,23.11,-21.37
MRI-ESM2-0,RAINY,LA_NINA,351012,CWD,60.32,55.88,-4.44
ACCESS-ESM1-5,RAINY,LA_NINA,351012,PRCPTOT,5.69,10.9,5.21
CanESM5,RAINY,LA_NINA,351012,PRCPTOT,0.2,8.28,8.08
CESM2,RAINY,LA_NINA,351012,PRCPTOT,23.28,26.84,3.56
EC-Earth3,RAINY,LA_NINA,351012,PRCPTOT,13.06,32.38,19.32
FGOALS-g3,RAINY,LA_NINA,351012,PRCPTOT,16.02,8.06,-7.96
MIROC6,RAINY,LA_NINA,351012,PRCPTOT,6.34,10.9,4.56
MRI-ESM2-0,RAINY,LA_NINA,351012,PRCPTOT,12.53,14.16,1.63
ACCESS-ESM1-5,RAINY,LA_NINA,351012,R20mm,124.03,4.41,-119.62
CanESM5,RAINY,LA_NINA,351012,R20mm,59.03,7.63,-51.4
CESM2,RAINY,LA_NINA,351012,R20mm,49.03,45.03,-4.0
EC-Earth3,RAINY,LA_NINA,351012,R20mm,94.03,58.62,-35.41
FGOALS-g3,RAINY,LA_NINA,351012,R20mm,34.03,30.25,-3.78
MIROC6,RAINY,LA_NINA,351012,R20mm,15.21,52.67,37.46
MRI-ESM2-0,RAINY,LA_NINA,351012,R20mm,44.43,4.74,-39.69
ACCESS-ESM1-5,RAINY,LA_NINA,351012,R50mm,53.33,47.33,-6.0
CanESM5,RAINY,LA_NINA,351012,R50mm,53.33,30.83,-22.5
CESM2,RAINY,LA_NINA,351012,R50mm,293.33,73.33,-220.0
EC-Earth3,RAINY,LA_NINA,351012,R50mm,33.33,146.66,113.33
FGOALS-g3,RAINY,LA_NINA,351012,R50mm,13.33,36.19,22.86
MIROC6,RAINY,LA_NINA,351012,R50mm,21.67,6.67,-15.0
MRI-ESM2-0,RAINY,LA_NINA,351012,R50mm,6.67,2.56,-4.11
ACCESS-ESM1-5,RAINY,LA_NINA,351012,R95p,9.61,12.38,2.77
CanESM5,RAINY,LA_NINA,351012,R95p,29.98,18.24,-11.74
CESM2,RAINY,LA_NINA,351012,R95p,276.22,62.48,-213.74
EC-Earth3,RAINY,LA_NINA,351012,R95p,14.66,129.81,115.15
FGOALS-g3,RAINY,LA_NINA,351012,R95p,46.92,11.69,-35.23
MIROC6,RAINY,LA_NINA,351012,R95p,41.43,33.97,-7.46
MRI-ESM2-0,RAINY,LA_NINA,351012,R95p,23.46,23.38,-0.08
ACCESS-ESM1-5,RAINY,LA_NINA,351012,R99p,204.09,121.53,-82.56
CanESM5,RAINY,LA_NINA,351012,R99p,204.09,204.09,0.0
CESM2,RAINY,LA_NINA,351012,R99p,104.09,384.73,280.64
EC-Earth3,RAINY,LA_NINA,351012,R99p,104.09,114.12,10.03
FGOALS-g3,RAINY,LA_NINA,351012,R99p,104.09,155.9,51.81
MIROC6,RAINY,LA_NINA,351012,R99p,204.09,204.09,0.0
MRI-ESM2-0,RAINY,LA_NINA,351012,R99p,104.09,150.62,46.53
ACCESS-ESM1-5,RAINY,LA_NINA,351012,Rx1day,37.58,1.81,-35.77
CanESM5,RAINY,LA_NINA,351012,Rx1day,25.97,53.44,27.47
CESM2,RAINY,LA_NINA,351012,Rx1day,68.81,40.18,-28.63
EC-Earth3,RAINY,LA_NINA,351012,Rx1day,31.45,18.94,-12.51
FGOALS-g3,RAINY,LA_NINA,351012,Rx1day,19.76,16.8,-2.96
MIROC6,RAINY,LA_NINA,351012,Rx1day,29.12,39.5,10.38
MRI-ESM2-0,RAINY,LA_NINA,351012,Rx1day,20.19,35.71,15.52
ACCESS-ESM1-5,RAINY,LA_NINA,351012,Rx5day,17.89,12.87,-5.02
CanESM5,RAINY,LA_NINA,351012,Rx5day,1.47,39.96,38.49
CESM2,RAINY,LA_NINA,351012,Rx5day,69.07,42.21,-26.86
EC-Earth3,RAINY,LA_NINA,351012,Rx5day,37.88,38.88,1.0
FGOALS-g3,RAINY,LA_NINA,351012,Rx5day,11.58,8.22,-3.36
MIROC6,RAINY,LA_NINA,351012,Rx5day,26.08,28.0,1.92
MRI-ESM2-0,RAINY,LA_NINA,351012,Rx5day,21.11,11.83,-9.28
ACCESS-ESM1-5,RAINY,LA_NINA,351012,SDII,7.9,13.97,6.07
CanESM5,RAINY,LA_NINA,351012,SDII,5.36,16.68,11.32
CESM2,RAINY,LA_NINA,351012,SDII,10.16,5.51,-4.65
EC-Earth3,RAINY,LA_NINA,351012,SDII,2.65,32.23,29.58
FGOALS-g3,RAINY,LA_NINA,351012,SDII,6.44,0.8,-5.64
MIROC6,RAINY,LA_NINA,351012,SDII,1.48,0.6,-0.88
MRI-ESM2-0,RAINY,LA_NINA,351012,SDII,14.51,9.4,-5.11
ACCESS-ESM1-5,RAINY,LA_NINA,351012,wet_day_freq,1.6,1.93,0.33
CanESM5,RAINY,LA_NINA,351012,wet_day_freq,3.25,4.31,1.06
CESM2,RAINY,LA_NINA,351012,wet_day_freq,12.92,21.42,8.5
EC-Earth3,RAINY,LA_NINA,351012,wet_day_freq,26.18,0.31,-25.87
FGOALS-g3,RAINY,LA_NINA,351012,wet_day_freq,8.51,8.63,0.12
MIROC6,RAINY,LA_NINA,351012,wet_day_freq,7.34,10.01,2.67
MRI-ESM2-0,RAINY,LA_NINA,351012,wet_day_freq,4.35,3.02,-1.33
ACCESS-ESM1-5,RAINY,LA_NINA,351201,CDD,20.48,41.38,20.9
CanESM5,RAINY,LA_NINA,351201,CDD,67.63,69.82,2.19
CESM2,RAINY,LA_NINA,351201,CDD,64.44,53.8,-10.64
EC-Earth3,RAINY,LA_NINA,351201,CDD,67.22,6.57,-60.65
FGOALS-g3,RAINY,LA_NINA,351201,CDD,69.83,69.41,-0.42
MIROC6,RAINY,LA_NINA,351201,CDD,18.41,39.9,21.49
MRI-ESM2-0,RAINY,LA_NINA,351201,CDD,49.35,9.45,-39.9
ACCESS-ESM1-5,RAINY,LA_NINA,351201,CWD,73.14,78.85,5.71
CanESM5,RAINY,LA_NINA,351201,CWD,43.33,36.53,-6.8
CESM2,RAINY,LA_NINA,351201,CWD,7.65,20.42,12.77
EC-Earth3,RAINY,LA_NINA,351201,CWD,16.35,0.27,-16.08
FGOALS-g3,RAINY,LA_NINA,351201,CWD,53.53,32.91,-20.62
MIROC6,RAINY,LA_NINA,351201,CWD,44.02,80.52,36.5
MRI-ESM2-0,RAINY,LA_NINA,351201,CWD,50.84,43.47,-7.37
ACCESS-ESM1-5,RAINY,LA_NINA,351201,PRCPTOT,23.82,23.71,-0.11
CanESM5,RAINY,LA_NINA,351201,PRCPTOT,0.27,11.35,11.08
CESM2,RAINY,LA_NINA,351201,PRCPTOT,16.6,19.69,3.09
EC-Earth3,RAINY,LA_NINA,351201,PRCPTOT,2.95,21.06,18.11
FGOALS-g3,RAINY,LA_NINA,351201,PRCPTOT,16.49,4.15,-12.34
MIROC6,RAINY,LA_NINA,351201,PRCPTOT,6.47,14.34,7.87
MRI-ESM2-0,RAINY,LA_NINA,351201,PRCPTOT,12.68,16.8,4.12
ACCESS-ESM1-5,RAINY,LA_NINA,351201,R20mm,62.8,39.03,-23.77
CanESM5,RAINY,LA_NINA,351201,R20mm,36.05,21.03,-15.02
CESM2,RAINY,LA_NINA,351201,R20mm,7.3,23.57,16.27
EC-Earth3,RAINY,LA_NINA,351201,R20mm,72.03,34.05,-37.98
FGOALS-g3,RAINY,LA_NINA,351201,R20mm,11.05,3.55,-7.5
MIROC6,RAINY,LA_NINA,351201,R20mm,7.72,17.84,10.12
MRI-ESM2-0,RAINY,LA_NINA,351201,R20mm,66.37,30.52,-35.85
ACCESS-ESM1-5,RAINY,LA_NINA,351201,R50mm,84.71,11.85,-72.86
CanESM5,RAINY,LA_NINA,351201,R50mm,35.29,8.62,-26.67
CESM2,RAINY,LA_NINA,351201,R50mm,515.29,26.06,-489.23
EC-Earth3,RAINY,LA_NINA,351201,R50mm,15.29,63.86,48.57
FGOALS-g3,RAINY,LA_NINA,351201,R50mm,4.71,18.93,14.22
MIROC6,RAINY,LA_NINA,351201,R50mm,44.71,2.56,-42.15
MRI-ESM2-0,RAINY,LA_NINA,351201,R50mm,44.71,20.71,-24.0
ACCESS-ESM1-5,RAINY,LA_NINA,351201,R95p,79.47,18.09,-61.38
CanESM5,RAINY,LA_NINA,351201,R95p,35.85,14.29,-21.56
CESM2,RAINY,LA_NINA,351201,R95p,97.23,33.33,-63.9
EC-Earth3,RAINY,LA_NINA,351201,R95p,20.53,70.69,50.16
FGOALS-g3,RAINY,LA_NINA,351201,R95p,52.79,9.66,-43.13
MIROC6,RAINY,LA_NINA,351201,R95p,44.99,11.93,-33.06
MRI-ESM2-0,RAINY,LA_NINA,351201,R95p,54.49,12.73,-41.76
ACCESS-ESM1-5,RAINY,LA_NINA,351201,R99p,52.54,0.5,-52.04
CanESM5,RAINY,LA_NINA,351201,R99p,44.75,12.94,-31.81
CESM2,RAINY,LA_NINA,351201,R99p,52.54,65.19,12.65
EC-Earth3,RAINY,LA_NINA,351201,R99p,47.46,72.66,25.2
FGOALS-g3,RAINY,LA_NINA,351201,R99p,47.46,2.87,-44.59
MIROC6,RAINY,LA_NINA,351201,R99p,52.54,13.7,-38.84
MRI-ESM2-0,RAINY,LA_NINA,351201,R99p,52.54,17.44,-35.1
ACCESS-ESM1-5,RAINY,LA_NINA,351201,Rx1day,25.86,0.08,-25.78
CanESM5,RAINY,LA_NINA,351201,Rx1day,12.31,16.18,3.87
CESM2,RAINY,LA_NINA,351201,Rx1day,65.91,29.74,-36.17
EC-Earth3,RAINY,LA_NINA,351201,Rx1day,22.05,38.79,16.74
FGOALS-g3,RAINY,LA_NINA,351201,Rx1day,18.52,9.84,-8.68
MIROC6,RAINY,LA_NINA,351201,Rx1day,9.52,20.68,11.16
MRI-ESM2-0,RAINY,LA_NINA,351201,Rx1day,2.41,7.41,5.0
ACCESS-ESM1-5,RAINY,LA_NINA,351201,Rx5day,25.69,7.16,-18.53
CanESM5,RAINY,LA_NINA,351201,Rx5day,19.67,25.11,5.44
CESM2,RAINY,LA_NINA,351201,Rx5day,59.7,37.81,-21.89
EC-Earth3,RAINY,LA_NINA,351201,Rx5day,5.0,25.83,20.83
FGOALS-g3,RAINY,LA_NINA,351201,Rx5day,32.72,11.79,-20.93
MIROC6,RAINY,LA_NINA,351201,Rx5day,0.8,9.15,8.35
MRI-ESM2-0,RAINY,LA_NINA,351201,Rx5day,17.34,4.04,-13.3
ACCESS-ESM1-5,RAINY,LA_NINA,351201,SDII,9.82,10.15,0.33
CanESM5,RAINY,LA_NINA,351201,SDII,3.3,16.08,12.78
CESM2,RAINY,LA_NINA,351201,SDII,16.44,14.62,-1.82
EC-Earth3,RAINY,LA_NINA,351201,SDII,6.1,22.17,16.07
FGOALS-g3,RAINY,LA_NINA,351201,SDII,2.22,4.3,2.08
MIROC6,RAINY,LA_NINA,351201,SDII,4.15,10.97,6.82
MRI-ESM2-0,RAINY,LA_NINA,351201,SDII,3.67,8.03,4.36
ACCESS-ESM1-5,RAINY,LA_NINA,351201,wet_day_freq,15.23,16.51,1.28
CanESM5,RAINY,LA_NINA,351201,wet_day_freq,5.61,1.06,-4.55
CESM2,RAINY,LA_NINA,351201,wet_day_freq,0.13,4.06,3.93
EC-Earth3,RAINY,LA_NINA,351201,wet_day_freq,9.89,3.07,-6.82
FGOALS-g3,RAINY,LA_NINA,351201,wet_day_freq,0.35,0.42,0.07
MIROC6,RAINY,LA_NINA,351201,wet_day_freq,1.26,3.42,2.16
MRI-ESM2-0,RAINY,LA_NINA,351201,wet_day_freq,6.66,6.52,-0.14
