source_type,model,season_type,station,ENSO_phase,index,neutral_value,phase_value,abs_response,pct_response
RAW_CMIP6,ACCESS-ESM1-5,HOT_DRY,351001,EL_NINO,PRCPTOT,259.132,180.885,-78.247,-30.2
RAW_CMIP6,ACCESS-ESM1-5,HOT_DRY,351001,EL_NINO,wet_day_freq,41.6,33.288,-8.312,-19.98
RAW_CMIP6,ACCESS-ESM1-5,HOT_DRY,351001,EL_NINO,SDII,3.462,3.007,-0.454,-13.13
RAW_CMIP6,ACCESS-ESM1-5,HOT_DRY,351001,EL_NINO,Rx1day,21.516,9.1,-12.416,-57.71
RAW_CMIP6,ACCESS-ESM1-5,HOT_DRY,351001,EL_NINO,Rx5day,47.02,18.322,-28.697,-61.03
RAW_CMIP6,ACCESS-ESM1-5,HOT_DRY,351001,EL_NINO,R20mm,0.8,0.0,-0.8,-100.0
RAW_CMIP6,ACCESS-ESM1-5,HOT_DRY,351001,EL_NINO,R50mm,0.0,0.0,0.0,0.0
RAW_CMIP6,ACCESS-ESM1-5,HOT_DRY,351001,EL_NINO,R95p,0.0,0.0,0.0,0.0
RAW_CMIP6,ACCESS-ESM1-5,HOT_DRY,351001,EL_NINO,R99p,0.0,0.0,0.0,0.0
RAW_CMIP6,ACCESS-ESM1-5,HOT_DRY,351001,EL_NINO,CDD,16.4,16.75,0.35,2.13
RAW_CMIP6,ACCESS-ESM1-5,HOT_DRY,351001,EL_NINO,CWD,10.0,6.75,-3.25,-32.5
RAW_CMIP6,ACCESS-ESM1-5,HOT_DRY,351001,LA_NINA,PRCPTOT,259.132,209.117,-50.015,-19.3
RAW_CMIP6,ACCESS-ESM1-5,HOT_DRY,351001,LA_NINA,wet_day_freq,41.6,35.024,-6.576,-15.81
RAW_CMIP6,ACCESS-ESM1-5,HOT_DRY,351001,LA_NINA,SDII,3.462,3.293,-0.169,-4.87
RAW_CMIP6,ACCESS-ESM1-5,HOT_DRY,351001,LA_NINA,Rx1day,21.516,12.413,-9.103,-42.31
RAW_CMIP6,ACCESS-ESM1-5,HOT_DRY,351001,LA_NINA,Rx5day,47.02,33.187,-13.833,-29.42
RAW_CMIP6,ACCESS-ESM1-5,HOT_DRY,351001,LA_NINA,R20mm,0.8,0.333,-0.467,-58.33
RAW_CMIP6,ACCESS-ESM1-5,HOT_DRY,351001,LA_NINA,R50mm,0.0,0.0,0.0,0.0
RAW_CMIP6,ACCESS-ESM1-5,HOT_DRY,351001,LA_NINA,R95p,0.0,0.0,0.0,0.0
RAW_CMIP6,ACCESS-ESM1-5,HOT_DRY,351001,LA_NINA,R99p,0.0,0.0,0.0,0.0
RAW_CMIP6,ACCESS-ESM1-5,HOT_DRY,351001,LA_NINA,CDD,16.4,18.333,1.933,11.79
RAW_CMIP6,ACCESS-ESM1-5,HOT_DRY,351001,LA_NINA,CWD,10.0,8.222,-1.778,-17.78
RAW_CMIP6,ACCESS-ESM1-5,HOT_DRY,351002,EL_NINO,PRCPTOT,259.132,180.885,-78.247,-30.2
RAW_CMIP6,ACCESS-ESM1-5,HOT_DRY,351002,EL_NINO,wet_day_freq,41.6,33.288,-8.312,-19.98
RAW_CMIP6,ACCESS-ESM1-5,HOT_DRY,351002,EL_NINO,SDII,3.462,3.007,-0.454,-13.13
RAW_CMIP6,ACCESS-ESM1-5,HOT_DRY,351002,EL_NINO,Rx1day,21.516,9.1,-12.416,-57.71
RAW_CMIP6,ACCESS-ESM1-5,HOT_DRY,351002,EL_NINO,Rx5day,47.02,18.322,-28.697,-61.03
RAW_CMIP6,ACCESS-ESM1-5,HOT_DRY,351002,EL_NINO,R20mm,0.8,0.0,-0.8,-100.0
RAW_CMIP6,ACCESS-ESM1-5,HOT_DRY,351002,EL_NINO,R50mm,0.0,0.0,0.0,0.0
RAW_CMIP6,ACCESS-ESM1-5,HOT_DRY,351002,EL_NINO,R95p,0.0,0.0,0.0,0.0
RAW_CMIP6,ACCESS-ESM1-5,HOT_DRY,351002,EL_NINO,R99p,0.0,0.0,0.0,0.0
RAW_CMIP6,ACCESS-ESM1-5,HOT_DRY,351002,EL_NINO,CDD,16.4,16.75,0.35,2.13
RAW_CMIP6,ACCESS-ESM1-5,HOT_DRY,351002,EL_NINO,CWD,10.0,6.75,-3.25,-32.5
RAW_CMIP6,ACCESS-ESM1-5,HOT_DRY,351002,LA_NINA,PRCPTOT,259.132,209.117,-50.015,-19.3
RAW_CMIP6,ACCESS-ESM1-5,HOT_DRY,351002,LA_NINA,wet_day_freq,41.6,35.024,-6.576,-15.81
RAW_CMIP6,ACCESS-ESM1-5,HOT_DRY,351002,LA_NINA,SDII,3.462,3.293,-0.169,-4.87
RAW_CMIP6,ACCESS-ESM1-5,HOT_DRY,351002,LA_NINA,Rx1day,21.516,12.413,-9.103,-42.31
RAW_CMIP6,ACCESS-ESM1-5,HOT_DRY,351002,LA_NINA,Rx5day,47.02,33.187,-13.833,-29.42
RAW_CMIP6,ACCESS-ESM1-5,HOT_DRY,351002,LA_NINA,R20mm,0.8,0.333,-0.467,-58.33
RAW_CMIP6,ACCESS-ESM1-5,HOT_DRY,351002,LA_NINA,R50mm,0.0,0.0,0.0,0.0
RAW_CMIP6,ACCESS-ESM1-5,HOT_DRY,351002,LA_NINA,R95p,0.0,0.0,0.0,0.0
RAW_CMIP6,ACCESS-ESM1-5,HOT_DRY,351002,LA_NINA,R99p,0.0,0.0,0.0,0.0
RAW_CMIP6,ACCESS-ESM1-5,HOT_DRY,351002,LA_NINA,CDD,16.4,18.333,1.933,11.79
RAW_CMIP6,ACCESS-ESM1-5,HOT_DRY,351002,LA_NINA,CWD,10.0,8.222,-1.778,-17.78
RAW_CMIP6,ACCESS-ESM1-5,HOT_DRY,351003,EL_NINO,PRCPTOT,200.942,155.59,-45.352,-22.57
RAW_CMIP6,ACCESS-ESM1-5,HOT_DRY,351003,EL_NINO,wet_day_freq,30.016,25.69,-4.326,-14.41
RAW_CMIP6,ACCESS-ESM1-5,HOT_DRY,351003,EL_NINO,SDII,3.67,3.337,-0.333,-9.06
RAW_CMIP6,ACCESS-ESM1-5,HOT_DRY,351003,EL_NINO,Rx1day,13.242,10.188,-3.055,-23.07
RAW_CMIP6,ACCESS-ESM1-5,HOT_DRY,351003,EL_NINO,Rx5day,30.488,24.72,-5.768,-18.92
RAW_CMIP6,ACCESS-ESM1-5,HOT_DRY,351003,EL_NINO,R20mm,0.0,0.0,0.0,0.0
RAW_CMIP6,ACCESS-ESM1-5,HOT_DRY,351003,EL_NINO,R50mm,0.0,0.0,0.0,0.0
RAW_CMIP6,ACCESS-ESM1-5,HOT_DRY,351003,EL_NINO,R95p,0.0,0.0,0.0,0.0
RAW_CMIP6,ACCESS-ESM1-5,HOT_DRY,351003,EL_NINO,R99p,0.0,0.0,0.0,0.0
RAW_CMIP6,ACCESS-ESM1-5,HOT_DRY,351003,EL_NINO,CDD,21.2,16.75,-4.45,-20.99
RAW_CMIP6,ACCESS-ESM1-5,HOT_DRY,351003,EL_NINO,CWD,7.6,5.0,-2.6,-34.21
RAW_CMIP6,ACCESS-ESM1-5,HOT_DRY,351003,LA_NINA,PRCPTOT,200.942,152.99,-47.952,-23.86
RAW_CMIP6,ACCESS-ESM1-5,HOT_DRY,351003,LA_NINA,wet_day_freq,30.016,24.606,-5.41,-18.03
RAW_CMIP6,ACCESS-ESM1-5,HOT_DRY,351003,LA_NINA,SDII,3.67,3.426,-0.244,-6.66
RAW_CMIP6,ACCESS-ESM1-5,HOT_DRY,351003,LA_NINA,Rx1day,13.242,11.304,-1.938,-14.63
RAW_CMIP6,ACCESS-ESM1-5,HOT_DRY,351003,LA_NINA,Rx5day,30.488,26.733,-3.755,-12.32
RAW_CMIP6,ACCESS-ESM1-5,HOT_DRY,351003,LA_NINA,R20mm,0.0,0.0,0.0,0.0
RAW_CMIP6,ACCESS-ESM1-5,HOT_DRY,351003,LA_NINA,R50mm,0.0,0.0,0.0,0.0
RAW_CMIP6,ACCESS-ESM1-5,HOT_DRY,351003,LA_NINA,R95p,0.0,0.0,0.0,0.0
RAW_CMIP6,ACCESS-ESM1-5,HOT_DRY,351003,LA_NINA,R99p,0.0,0.0,0.0,0.0
RAW_CMIP6,ACCESS-ESM1-5,HOT_DRY,351003,LA_NINA,CDD,21.2,25.444,4.244,20.02
RAW_CMIP6,ACCESS-ESM1-5,HOT_DRY,351003,LA_NINA,CWD,7.6,6.444,-1.156,-15.2
RAW_CMIP6,ACCESS-ESM1-5,HOT_DRY,351004,EL_NINO,PRCPTOT,200.942,155.59,-45.352,-22.57
RAW_CMIP6,ACCESS-ESM1-5,HOT_DRY,351004,EL_NINO,wet_day_freq,30.016,25.69,-4.326,-14.41
RAW_CMIP6,ACCESS-ESM1-5,HOT_DRY,351004,EL_NINO,SDII,3.67,3.337,-0.333,-9.06
RAW_CMIP6,ACCESS-ESM1-5,HOT_DRY,351004,EL_NINO,Rx1day,13.242,10.188,-3.055,-23.07
RAW_CMIP6,ACCESS-ESM1-5,HOT_DRY,351004,EL_NINO,Rx5day,30.488,24.72,-5.768,-18.92
RAW_CMIP6,ACCESS-ESM1-5,HOT_DRY,351004,EL_NINO,R20mm,0.0,0.0,0.0,0.0
RAW_CMIP6,ACCESS-ESM1-5,HOT_DRY,351004,EL_NINO,R50mm,0.0,0.0,0.0,0.0
RAW_CMIP6,ACCESS-ESM1-5,HOT_DRY,351004,EL_NINO,R95p,0.0,0.0,0.0,0.0
RAW_CMIP6,ACCESS-ESM1-5,HOT_DRY,351004,EL_NINO,R99p,0.0,0.0,0.0,0.0
RAW_CMIP6,ACCESS-ESM1-5,HOT_DRY,351004,EL_NINO,CDD,21.2,16.75,-4.45,-20.99
RAW_CMIP6,ACCESS-ESM1-5,HOT_DRY,351004,EL_NINO,CWD,7.6,5.0,-2.6,-34.21
RAW_CMIP6,ACCESS-ESM1-5,HOT_DRY,351004,LA_NINA,PRCPTOT,200.942,152.99,-47.952,-23.86
RAW_CMIP6,ACCESS-ESM1-5,HOT_DRY,351004,LA_NINA,wet_day_freq,30.016,24.606,-5.41,-18.03
RAW_CMIP6,ACCESS-ESM1-5,HOT_DRY,351004,LA_NINA,SDII,3.67,3.426,-0.244,-6.66
RAW_CMIP6,ACCESS-ESM1-5,HOT_DRY,351004,LA_NINA,Rx1day,13.242,11.304,-1.938,-14.63
RAW_CMIP6,ACCESS-ESM1-5,HOT_DRY,351004,LA_NINA,Rx5day,30.488,26.733,-3.755,-12.32
RAW_CMIP6,ACCESS-ESM1-5,HOT_DRY,351004,LA_NINA,R20mm,0.0,0.0,0.0,0.0
RAW_CMIP6,ACCESS-ESM1-5,HOT_DRY,351004,LA_NINA,R50mm,0.0,0.0,0.0,0.0
RAW_CMIP6,ACCESS-ESM1-5,HOT_DRY,351004,LA_NINA,R95p,0.0,0.0,0.0,0.0
RAW_CMIP6,ACCESS-ESM1-5,HOT_DRY,351004,LA_NINA,R99p,0.0,0.0,0.0,0.0
RAW_CMIP6,ACCESS-ESM1-5,HOT_DRY,351004,LA_NINA,CDD,21.2,25.444,4.244,20.02
RAW_CMIP6,ACCESS-ESM1-5,HOT_DRY,351004,LA_NINA,CWD,7.6,6.444,-1.156,-15.2
RAW_CMIP6,ACCESS-ESM1-5,HOT_DRY,351005,EL_NINO,PRCPTOT,259.132,180.885,-78.247,-30.2
RAW_CMIP6,ACCESS-ESM1-5,HOT_DRY,351005,EL_NINO,wet_day_freq,41.6,33.288,-8.312,-19.98
RAW_CMIP6,ACCESS-ESM1-5,HOT_DRY,351005,EL_NINO,SDII,3.462,3.007,-0.454,-13.13
RAW_CMIP6,ACCESS-ESM1-5,HOT_DRY,351005,EL_NINO,Rx1day,21.516,9.1,-12.416,-57.71
RAW_CMIP6,ACCESS-ESM1-5,HOT_DRY,351005,EL_NINO,Rx5day,47.02,18.322,-28.697,-61.03
RAW_CMIP6,ACCESS-ESM1-5,HOT_DRY,351005,EL_NINO,R20mm,0.8,0.0,-0.8,-100.0
RAW_CMIP6,ACCESS-ESM1-5,HOT_DRY,351005,EL_NINO,R50mm,0.0,0.0,0.0,0.0
RAW_CMIP6,ACCESS-ESM1-5,HOT_DRY,351005,EL_NINO,R95p,0.0,0.0,0.0,0.0
RAW_CMIP6,ACCESS-ESM1-5,HOT_DRY,351005,EL_NINO,R99p,0.0,0.0,0.0,0.0
RAW_CMIP6,ACCESS-ESM1-5,HOT_DRY,351005,EL_NINO,CDD,16.4,16.75,0.35,2.13
RAW_CMIP6,ACCESS-ESM1-5,HOT_DRY,351005,EL_NINO,CWD,10.0,6.75,-3.25,-32.5
RAW_CMIP6,ACCESS-ESM1-5,HOT_DRY,351005,LA_NINA,PRCPTOT,259.132,209.117,-50.015,-19.3
RAW_CMIP6,ACCESS-ESM1-5,HOT_DRY,351005,LA_NINA,wet_day_freq,41.6,35.024,-6.576,-15.81
RAW_CMIP6,ACCESS-ESM1-5,HOT_DRY,351005,LA_NINA,SDII,3.462,3.293,-0.169,-4.87
RAW_CMIP6,ACCESS-ESM1-5,HOT_DRY,351005,LA_NINA,Rx1day,21.516,12.413,-9.103,-42.31
RAW_CMIP6,ACCESS-ESM1-5,HOT_DRY,351005,LA_NINA,Rx5day,47.02,33.187,-13.833,-29.42
RAW_CMIP6,ACCESS-ESM1-5,HOT_DRY,351005,LA_NINA,R20mm,0.8,0.333,-0.467,-58.33
RAW_CMIP6,ACCESS-ESM1-5,HOT_DRY,351005,LA_NINA,R50mm,0.0,0.0,0.0,0.0
RAW_CMIP6,ACCESS-ESM1-5,HOT_DRY,351005,LA_NINA,R95p,0.0,0.0,0.0,0.0
RAW_CMIP6,ACCESS-ESM1-5,HOT_DRY,351005,LA_NINA,R99p,0.0,0.0,0.0,0.0
RAW_CMIP6,ACCESS-ESM1-5,HOT_DRY,351005,LA_NINA,CDD,16.4,18.333,1.933,11.79
RAW_CMIP6,ACCESS-ESM1-5,HOT_DRY,351005,LA_NINA,CWD,10.0,8.222,-1.778,-17.78
RAW_CMIP6,ACCESS-ESM1-5,HOT_DRY,351006,EL_NINO,PRCPTOT,200.942,155.59,-45.352,-22.57
RAW_CMIP6,ACCESS-ESM1-5,HOT_DRY,351006,EL_NINO,wet_day_freq,30.016,25.69,-4.326,-14.41
RAW_CMIP6,ACCESS-ESM1-5,HOT_DRY,351006,EL_NINO,SDII,3.67,3.337,-0.333,-9.06
RAW_CMIP6,ACCESS-ESM1-5,HOT_DRY,351006,EL_NINO,Rx1day,13.242,10.188,-3.055,-23.07
RAW_CMIP6,ACCESS-ESM1-5,HOT_DRY,351006,EL_NINO,Rx5day,30.488,24.72,-5.768,-18.92
RAW_CMIP6,ACCESS-ESM1-5,HOT_DRY,351006,EL_NINO,R20mm,0.0,0.0,0.0,0.0
RAW_CMIP6,ACCESS-ESM1-5,HOT_DRY,351006,EL_NINO,R50mm,0.0,0.0,0.0,0.0
RAW_CMIP6,ACCESS-ESM1-5,HOT_DRY,351006,EL_NINO,R95p,0.0,0.0,0.0,0.0
RAW_CMIP6,ACCESS-ESM1-5,HOT_DRY,351006,EL_NINO,R99p,0.0,0.0,0.0,0.0
RAW_CMIP6,ACCESS-ESM1-5,HOT_DRY,351006,EL_NINO,CDD,21.2,16.75,-4.45,-20.99
RAW_CMIP6,ACCESS-ESM1-5,HOT_DRY,351006,EL_NINO,CWD,7.6,5.0,-2.6,-34.21
RAW_CMIP6,ACCESS-ESM1-5,HOT_DRY,351006,LA_NINA,PRCPTOT,200.942,152.99,-47.952,-23.86
RAW_CMIP6,ACCESS-ESM1-5,HOT_DRY,351006,LA_NINA,wet_day_freq,30.016,24.606,-5.41,-18.03
RAW_CMIP6,ACCESS-ESM1-5,HOT_DRY,351006,LA_NINA,SDII,3.67,3.426,-0.244,-6.66
RAW_CMIP6,ACCESS-ESM1-5,HOT_DRY,351006,LA_NINA,Rx1day,13.242,11.304,-1.938,-14.63
RAW_CMIP6,ACCESS-ESM1-5,HOT_DRY,351006,LA_NINA,Rx5day,30.488,26.733,-3.755,-12.32
RAW_CMIP6,ACCESS-ESM1-5,HOT_DRY,351006,LA_NINA,R20mm,0.0,0.0,0.0,0.0
RAW_CMIP6,ACCESS-ESM1-5,HOT_DRY,351006,LA_NINA,R50mm,0.0,0.0,0.0,0.0
RAW_CMIP6,ACCESS-ESM1-5,HOT_DRY,351006,LA_NINA,R95p,0.0,0.0,0.0,0.0
RAW_CMIP6,ACCESS-ESM1-5,HOT_DRY,351006,LA_NINA,R99p,0.0,0.0,0.0,0.0
RAW_CMIP6,ACCESS-ESM1-5,HOT_DRY,351006,LA_NINA,CDD,21.2,25.444,4.244,20.02
RAW_CMIP6,ACCESS-ESM1-5,HOT_DRY,351006,LA_NINA,CWD,7.6,6.444,-1.156,-15.2
RAW_CMIP6,ACCESS-ESM1-5,HOT_DRY,351007,EL_NINO,PRCPTOT,200.942,155.59,-45.352,-22.57
RAW_CMIP6,ACCESS-ESM1-5,HOT_DRY,351007,EL_NINO,wet_day_freq,30.016,25.69,-4.326,-14.41
RAW_CMIP6,ACCESS-ESM1-5,HOT_DRY,351007,EL_NINO,SDII,3.67,3.337,-0.333,-9.06
RAW_CMIP6,ACCESS-ESM1-5,HOT_DRY,351007,EL_NINO,Rx1day,13.242,10.188,-3.055,-23.07
RAW_CMIP6,ACCESS-ESM1-5,HOT_DRY,351007,EL_NINO,Rx5day,30.488,24.72,-5.768,-18.92
RAW_CMIP6,ACCESS-ESM1-5,HOT_DRY,351007,EL_NINO,R20mm,0.0,0.0,0.0,0.0
RAW_CMIP6,ACCESS-ESM1-5,HOT_DRY,351007,EL_NINO,R50mm,0.0,0.0,0.0,0.0
RAW_CMIP6,ACCESS-ESM1-5,HOT_DRY,351007,EL_NINO,R95p,0.0,0.0,0.0,0.0
RAW_CMIP6,ACCESS-ESM1-5,HOT_DRY,351007,EL_NINO,R99p,0.0,0.0,0.0,0.0
RAW_CMIP6,ACCESS-ESM1-5,HOT_DRY,351007,EL_NINO,CDD,21.2,16.75,-4.45,-20.99
RAW_CMIP6,ACCESS-ESM1-5,HOT_DRY,351007,EL_NINO,CWD,7.6,5.0,-2.6,-34.21
RAW_CMIP6,ACCESS-ESM1-5,HOT_DRY,351007,LA_NINA,PRCPTOT,200.942,152.99,-47.952,-23.86
RAW_CMIP6,ACCESS-ESM1-5,HOT_DRY,351007,LA_NINA,wet_day_freq,30.016,24.606,-5.41,-18.03
RAW_CMIP6,ACCESS-ESM1-5,HOT_DRY,351007,LA_NINA,SDII,3.67,3.426,-0.244,-6.66
RAW_CMIP6,ACCESS-ESM1-5,HOT_DRY,351007,LA_NINA,Rx1day,13.242,11.304,-1.938,-14.63
RAW_CMIP6,ACCESS-ESM1-5,HOT_DRY,351007,LA_NINA,Rx5day,30.488,26.733,-3.755,-12.32
RAW_CMIP6,ACCESS-ESM1-5,HOT_DRY,351007,LA_NINA,R20mm,0.0,0.0,0.0,0.0
RAW_CMIP6,ACCESS-ESM1-5,HOT_DRY,351007,LA_NINA,R50mm,0.0,0.0,0.0,0.0
RAW_CMIP6,ACCESS-ESM1-5,HOT_DRY,351007,LA_NINA,R95p,0.0,0.0,0.0,0.0
RAW_CMIP6,ACCESS-ESM1-5,HOT_DRY,351007,LA_NINA,R99p,0.0,0.0,0.0,0.0
RAW_CMIP6,ACCESS-ESM1-5,HOT_DRY,351007,LA_NINA,CDD,21.2,25.444,4.244,20.02
RAW_CMIP6,ACCESS-ESM1-5,HOT_DRY,351007,LA_NINA,CWD,7.6,6.444,-1.156,-15.2
RAW_CMIP6,ACCESS-ESM1-5,HOT_DRY,351008,EL_NINO,PRCPTOT,200.942,155.59,-45.352,-22.57
RAW_CMIP6,ACCESS-ESM1-5,HOT_DRY,351008,EL_NINO,wet_day_freq,30.016,25.69,-4.326,-14.41
RAW_CMIP6,ACCESS-ESM1-5,HOT_DRY,351008,EL_NINO,SDII,3.67,3.337,-0.333,-9.06
RAW_CMIP6,ACCESS-ESM1-5,HOT_DRY,351008,EL_NINO,Rx1day,13.242,10.188,-3.055,-23.07
RAW_CMIP6,ACCESS-ESM1-5,HOT_DRY,351008,EL_NINO,Rx5day,30.488,24.72,-5.768,-18.92
RAW_CMIP6,ACCESS-ESM1-5,HOT_DRY,351008,EL_NINO,R20mm,0.0,0.0,0.0,0.0
RAW_CMIP6,ACCESS-ESM1-5,HOT_DRY,351008,EL_NINO,R50mm,0.0,0.0,0.0,0.0
RAW_CMIP6,ACCESS-ESM1-5,HOT_DRY,351008,EL_NINO,R95p,0.0,0.0,0.0,0.0
RAW_CMIP6,ACCESS-ESM1-5,HOT_DRY,351008,EL_NINO,R99p,0.0,0.0,0.0,0.0
RAW_CMIP6,ACCESS-ESM1-5,HOT_DRY,351008,EL_NINO,CDD,21.2,16.75,-4.45,-20.99
RAW_CMIP6,ACCESS-ESM1-5,HOT_DRY,351008,EL_NINO,CWD,7.6,5.0,-2.6,-34.21
RAW_CMIP6,ACCESS-ESM1-5,HOT_DRY,351008,LA_NINA,PRCPTOT,200.942,152.99,-47.952,-23.86
RAW_CMIP6,ACCESS-ESM1-5,HOT_DRY,351008,LA_NINA,wet_day_freq,30.016,24.606,-5.41,-18.03
RAW_CMIP6,ACCESS-ESM1-5,HOT_DRY,351008,LA_NINA,SDII,3.67,3.426,-0.244,-6.66
RAW_CMIP6,ACCESS-ESM1-5,HOT_DRY,351008,LA_NINA,Rx1day,13.242,11.304,-1.938,-14.63
RAW_CMIP6,ACCESS-ESM1-5,HOT_DRY,351008,LA_NINA,Rx5day,30.488,26.733,-3.755,-12.32
RAW_CMIP6,ACCESS-ESM1-5,HOT_DRY,351008,LA_NINA,R20mm,0.0,0.0,0.0,0.0
RAW_CMIP6,ACCESS-ESM1-5,HOT_DRY,351008,LA_NINA,R50mm,0.0,0.0,0.0,0.0
RAW_CMIP6,ACCESS-ESM1-5,HOT_DRY,351008,LA_NINA,R95p,0.0,0.0,0.0,0.0
RAW_CMIP6,ACCESS-ESM1-5,HOT_DRY,351008,LA_NINA,R99p,0.0,0.0,0.0,0.0
RAW_CMIP6,ACCESS-ESM1-5,HOT_DRY,351008,LA_NINA,CDD,21.2,25.444,4.244,20.02
RAW_CMIP6,ACCESS-ESM1-5,HOT_DRY,351008,LA_NINA,CWD,7.6,6.444,-1.156,-15.2
RAW_CMIP6,ACCESS-ESM1-5,HOT_DRY,351009,EL_NINO,PRCPTOT,259.132,180.885,-78.247,-30.2
RAW_CMIP6,ACCESS-ESM1-5,HOT_DRY,351009,EL_NINO,wet_day_freq,41.6,33.288,-8.312,-19.98
RAW_CMIP6,ACCESS-ESM1-5,HOT_DRY,351009,EL_NINO,SDII,3.462,3.007,-0.454,-13.13
RAW_CMIP6,ACCESS-ESM1-5,HOT_DRY,351009,EL_NINO,Rx1day,21.516,9.1,-12.416,-57.71
RAW_CMIP6,ACCESS-ESM1-5,HOT_DRY,351009,EL_NINO,Rx5day,47.02,18.322,-28.697,-61.03
RAW_CMIP6,ACCESS-ESM1-5,HOT_DRY,351009,EL_NINO,R20mm,0.8,0.0,-0.8,-100.0
RAW_CMIP6,ACCESS-ESM1-5,HOT_DRY,351009,EL_NINO,R50mm,0.0,0.0,0.0,0.0
RAW_CMIP6,ACCESS-ESM1-5,HOT_DRY,351009,EL_NINO,R95p,38.25,0.0,-38.25,-100.0
RAW_CMIP6,ACCESS-ESM1-5,HOT_DRY,351009,EL_NINO,R99p,22.698,0.0,-22.698,-100.0
RAW_CMIP6,ACCESS-ESM1-5,HOT_DRY,351009,EL_NINO,CDD,16.4,16.75,0.35,2.13
RAW_CMIP6,ACCESS-ESM1-5,HOT_DRY,351009,EL_NINO,CWD,10.0,6.75,-3.25,-32.5
RAW_CMIP6,ACCESS-ESM1-5,HOT_DRY,351009,LA_NINA,PRCPTOT,259.132,209.117,-50.015,-19.3
RAW_CMIP6,ACCESS-ESM1-5,HOT_DRY,351009,LA_NINA,wet_day_freq,41.6,35.024,-6.576,-15.81
RAW_CMIP6,ACCESS-ESM1-5,HOT_DRY,351009,LA_NINA,SDII,3.462,3.293,-0.169,-4.87
RAW_CMIP6,ACCESS-ESM1-5,HOT_DRY,351009,LA_NINA,Rx1day,21.516,12.413,-9.103,-42.31
RAW_CMIP6,ACCESS-ESM1-5,HOT_DRY,351009,LA_NINA,Rx5day,47.02,33.187,-13.833,-29.42
RAW_CMIP6,ACCESS-ESM1-5,HOT_DRY,351009,LA_NINA,R20mm,0.8,0.333,-0.467,-58.33
RAW_CMIP6,ACCESS-ESM1-5,HOT_DRY,351009,LA_NINA,R50mm,0.0,0.0,0.0,0.0
RAW_CMIP6,ACCESS-ESM1-5,HOT_DRY,351009,LA_NINA,R95p,38.25,19.188,-19.062,-49.84
RAW_CMIP6,ACCESS-ESM1-5,HOT_DRY,351009,LA_NINA,R99p,22.698,8.128,-14.57,-64.19
RAW_CMIP6,ACCESS-ESM1-5,HOT_DRY,351009,LA_NINA,CDD,16.4,18.333,1.933,11.79
RAW_CMIP6,ACCESS-ESM1-5,HOT_DRY,351009,LA_NINA,CWD,10.0,8.222,-1.778,-17.78
RAW_CMIP6,ACCESS-ESM1-5,HOT_DRY,351010,EL_NINO,PRCPTOT,200.942,155.59,-45.352,-22.57
RAW_CMIP6,ACCESS-ESM1-5,HOT_DRY,351010,EL_NINO,wet_day_freq,30.016,25.69,-4.326,-14.41
RAW_CMIP6,ACCESS-ESM1-5,HOT_DRY,351010,EL_NINO,SDII,3.67,3.337,-0.333,-9.06
RAW_CMIP6,ACCESS-ESM1-5,HOT_DRY,351010,EL_NINO,Rx1day,13.242,10.188,-3.055,-23.07
RAW_CMIP6,ACCESS-ESM1-5,HOT_DRY,351010,EL_NINO,Rx5day,30.488,24.72,-5.768,-18.92
RAW_CMIP6,ACCESS-ESM1-5,HOT_DRY,351010,EL_NINO,R20mm,0.0,0.0,0.0,0.0
RAW_CMIP6,ACCESS-ESM1-5,HOT_DRY,351010,EL_NINO,R50mm,0.0,0.0,0.0,0.0
RAW_CMIP6,ACCESS-ESM1-5,HOT_DRY,351010,EL_NINO,R95p,8.848,3.623,-5.226,-59.06
RAW_CMIP6,ACCESS-ESM1-5,HOT_DRY,351010,EL_NINO,R99p,0.0,0.0,0.0,0.0
RAW_CMIP6,ACCESS-ESM1-5,HOT_DRY,351010,EL_NINO,CDD,21.2,16.75,-4.45,-20.99
RAW_CMIP6,ACCESS-ESM1-5,HOT_DRY,351010,EL_NINO,CWD,7.6,5.0,-2.6,-34.21
RAW_CMIP6,ACCESS-ESM1-5,HOT_DRY,351010,LA_NINA,PRCPTOT,200.942,152.99,-47.952,-23.86
RAW_CMIP6,ACCESS-ESM1-5,HOT_DRY,351010,LA_NINA,wet_day_freq,30.016,24.606,-5.41,-18.03
RAW_CMIP6,ACCESS-ESM1-5,HOT_DRY,351010,LA_NINA,SDII,3.67,3.426,-0.244,-6.66
RAW_CMIP6,ACCESS-ESM1-5,HOT_DRY,351010,LA_NINA,Rx1day,13.242,11.304,-1.938,-14.63
RAW_CMIP6,ACCESS-ESM1-5,HOT_DRY,351010,LA_NINA,Rx5day,30.488,26.733,-3.755,-12.32
RAW_CMIP6,ACCESS-ESM1-5,HOT_DRY,351010,LA_NINA,R20mm,0.0,0.0,0.0,0.0
RAW_CMIP6,ACCESS-ESM1-5,HOT_DRY,351010,LA_NINA,R50mm,0.0,0.0,0.0,0.0
RAW_CMIP6,ACCESS-ESM1-5,HOT_DRY,351010,LA_NINA,R95p,8.848,6.988,-1.86,-21.02
RAW_CMIP6,ACCESS-ESM1-5,HOT_DRY,351010,LA_NINA,R99p,0.0,0.0,0.0,0.0
RAW_CMIP6,ACCESS-ESM1-5,HOT_DRY,351010,LA_NINA,CDD,21.2,25.444,4.244,20.02
RAW_CMIP6,ACCESS-ESM1-5,HOT_DRY,351010,LA_NINA,CWD,7.6,6.444,-1.156,-15.2
RAW_CMIP6,ACCESS-ESM1-5,HOT_DRY,351011,EL_NINO,PRCPTOT,259.132,180.885,-78.247,-30.2
RAW_CMIP6,ACCESS-ESM1-5,HOT_DRY,351011,EL_NINO,wet_day_freq,41.6,33.288,-8.312,-19.98
RAW_CMIP6,ACCESS-ESM1-5,HOT_DRY,351011,EL_NINO,SDII,3.462,3.007,-0.454,-13.13
RAW_CMIP6,ACCESS-ESM1-5,HOT_DRY,351011,EL_NINO,Rx1day,21.516,9.1,-12.416,-57.71
RAW_CMIP6,ACCESS-ESM1-5,HOT_DRY,351011,EL_NINO,Rx5day,47.02,18.322,-28.697,-61.03
RAW_CMIP6,ACCESS-ESM1-5,HOT_DRY,351011,EL_NINO,R20mm,0.8,0.0,-0.8,-100.0
RAW_CMIP6,ACCESS-ESM1-5,HOT_DRY,351011,EL_NINO,R50mm,0.0,0.0,0.0,0.0
RAW_CMIP6,ACCESS-ESM1-5,HOT_DRY,351011,EL_NINO,R95p,0.0,0.0,0.0,0.0
RAW_CMIP6,ACCESS-ESM1-5,HOT_DRY,351011,EL_NINO,R99p,0.0,0.0,0.0,0.0
RAW_CMIP6,ACCESS-ESM1-5,HOT_DRY,351011,EL_NINO,CDD,16.4,16.75,0.35,2.13
RAW_CMIP6,ACCESS-ESM1-5,HOT_DRY,351011,EL_NINO,CWD,10.0,6.75,-3.25,-32.5
RAW_CMIP6,ACCESS-ESM1-5,HOT_DRY,351011,LA_NINA,PRCPTOT,259.132,209.117,-50.015,-19.3
RAW_CMIP6,ACCESS-ESM1-5,HOT_DRY,351011,LA_NINA,wet_day_freq,41.6,35.024,-6.576,-15.81
RAW_CMIP6,ACCESS-ESM1-5,HOT_DRY,351011,LA_NINA,SDII,3.462,3.293,-0.169,-4.87
RAW_CMIP6,ACCESS-ESM1-5,HOT_DRY,351011,LA_NINA,Rx1day,21.516,12.413,-9.103,-42.31
RAW_CMIP6,ACCESS-ESM1-5,HOT_DRY,351011,LA_NINA,Rx5day,47.02,33.187,-13.833,-29.42
RAW_CMIP6,ACCESS-ESM1-5,HOT_DRY,351011,LA_NINA,R20mm,0.8,0.333,-0.467,-58.33
RAW_CMIP6,ACCESS-ESM1-5,HOT_DRY,351011,LA_NINA,R50mm,0.0,0.0,0.0,0.0
RAW_CMIP6,ACCESS-ESM1-5,HOT_DRY,351011,LA_NINA,R95p,0.0,0.0,0.0,0.0
RAW_CMIP6,ACCESS-ESM1-5,HOT_DRY,351011,LA_NINA,R99p,0.0,0.0,0.0,0.0
RAW_CMIP6,ACCESS-ESM1-5,HOT_DRY,351011,LA_NINA,CDD,16.4,18.333,1.933,11.79
RAW_CMIP6,ACCESS-ESM1-5,HOT_DRY,351011,LA_NINA,CWD,10.0,8.222,-1.778,-17.78
RAW_CMIP6,ACCESS-ESM1-5,HOT_DRY,351012,EL_NINO,PRCPTOT,200.942,155.59,-45.352,-22.57
RAW_CMIP6,ACCESS-ESM1-5,HOT_DRY,351012,EL_NINO,wet_day_freq,30.016,25.69,-4.326,-14.41
RAW_CMIP6,ACCESS-ESM1-5,HOT_DRY,351012,EL_NINO,SDII,3.67,3.337,-0.333,-9.06
RAW_CMIP6,ACCESS-ESM1-5,HOT_DRY,351012,EL_NINO,Rx1day,13.242,10.188,-3.055,-23.07
RAW_CMIP6,ACCESS-ESM1-5,HOT_DRY,351012,EL_NINO,Rx5day,30.488,24.72,-5.768,-18.92
RAW_CMIP6,ACCESS-ESM1-5,HOT_DRY,351012,EL_NINO,R20mm,0.0,0.0,0.0,0.0
RAW_CMIP6,ACCESS-ESM1-5,HOT_DRY,351012,EL_NINO,R50mm,0.0,0.0,0.0,0.0
RAW_CMIP6,ACCESS-ESM1-5,HOT_DRY,351012,EL_NINO,R95p,0.0,0.0,0.0,0.0
RAW_CMIP6,ACCESS-ESM1-5,HOT_DRY,351012,EL_NINO,R99p,0.0,0.0,0.0,0.0
RAW_CMIP6,ACCESS-ESM1-5,HOT_DRY,351012,EL_NINO,CDD,21.2,16.75,-4.45,-20.99
RAW_CMIP6,ACCESS-ESM1-5,HOT_DRY,351012,EL_NINO,CWD,7.6,5.0,-2.6,-34.21
RAW_CMIP6,ACCESS-ESM1-5,HOT_DRY,351012,LA_NINA,PRCPTOT,200.942,152.99,-47.952,-23.86
RAW_CMIP6,ACCESS-ESM1-5,HOT_DRY,351012,LA_NINA,wet_day_freq,30.016,24.606,-5.41,-18.03
RAW_CMIP6,ACCESS-ESM1-5,HOT_DRY,351012,LA_NINA,SDII,3.67,3.426,-0.244,-6.66
RAW_CMIP6,ACCESS-ESM1-5,HOT_DRY,351012,LA_NINA,Rx1day,13.242,11.304,-1.938,-14.63
RAW_CMIP6,ACCESS-ESM1-5,HOT_DRY,351012,LA_NINA,Rx5day,30.488,26.733,-3.755,-12.32
RAW_CMIP6,ACCESS-ESM1-5,HOT_DRY,351012,LA_NINA,R20mm,0.0,0.0,0.0,0.0
RAW_CMIP6,ACCESS-ESM1-5,HOT_DRY,351012,LA_NINA,R50mm,0.0,0.0,0.0,0.0
RAW_CMIP6,ACCESS-ESM1-5,HOT_DRY,351012,LA_NINA,R95p,0.0,0.0,0.0,0.0
RAW_CMIP6,ACCESS-ESM1-5,HOT_DRY,351012,LA_NINA,R99p,0.0,0.0,0.0,0.0
RAW_CMIP6,ACCESS-ESM1-5,HOT_DRY,351012,LA_NINA,CDD,21.2,25.444,4.244,20.02
RAW_CMIP6,ACCESS-ESM1-5,HOT_DRY,351012,LA_NINA,CWD,7.6,6.444,-1.156,-15.2
RAW_CMIP6,ACCESS-ESM1-5,HOT_DRY,351201,EL_NINO,PRCPTOT,259.132,180.885,-78.247,-30.2
RAW_CMIP6,ACCESS-ESM1-5,HOT_DRY,351201,EL_NINO,wet_day_freq,41.6,33.288,-8.312,-19.98
RAW_CMIP6,ACCESS-ESM1-5,HOT_DRY,351201,EL_NINO,SDII,3.462,3.007,-0.454,-13.13
RAW_CMIP6,ACCESS-ESM1-5,HOT_DRY,351201,EL_NINO,Rx1day,21.516,9.1,-12.416,-57.71
RAW_CMIP6,ACCESS-ESM1-5,HOT_DRY,351201,EL_NINO,Rx5day,47.02,18.322,-28.697,-61.03
RAW_CMIP6,ACCESS-ESM1-5,HOT_DRY,351201,EL_NINO,R20mm,0.8,0.0,-0.8,-100.0
RAW_CMIP6,ACCESS-ESM1-5,HOT_DRY,351201,EL_NINO,R50mm,0.0,0.0,0.0,0.0
RAW_CMIP6,ACCESS-ESM1-5,HOT_DRY,351201,EL_NINO,R95p,0.0,0.0,0.0,0.0
RAW_CMIP6,ACCESS-ESM1-5,HOT_DRY,351201,EL_NINO,R99p,0.0,0.0,0.0,0.0
RAW_CMIP6,ACCESS-ESM1-5,HOT_DRY,351201,EL_NINO,CDD,16.4,16.75,0.35,2.13
RAW_CMIP6,ACCESS-ESM1-5,HOT_DRY,351201,EL_NINO,CWD,10.0,6.75,-3.25,-32.5
RAW_CMIP6,ACCESS-ESM1-5,HOT_DRY,351201,LA_NINA,PRCPTOT,259.132,209.117,-50.015,-19.3
RAW_CMIP6,ACCESS-ESM1-5,HOT_DRY,351201,LA_NINA,wet_day_freq,41.6,35.024,-6.576,-15.81
RAW_CMIP6,ACCESS-ESM1-5,HOT_DRY,351201,LA_NINA,SDII,3.462,3.293,-0.169,-4.87
RAW_CMIP6,ACCESS-ESM1-5,HOT_DRY,351201,LA_NINA,Rx1day,21.516,12.413,-9.103,-42.31
RAW_CMIP6,ACCESS-ESM1-5,HOT_DRY,351201,LA_NINA,Rx5day,47.02,33.187,-13.833,-29.42
RAW_CMIP6,ACCESS-ESM1-5,HOT_DRY,351201,LA_NINA,R20mm,0.8,0.333,-0.467,-58.33
RAW_CMIP6,ACCESS-ESM1-5,HOT_DRY,351201,LA_NINA,R50mm,0.0,0.0,0.0,0.0
RAW_CMIP6,ACCESS-ESM1-5,HOT_DRY,351201,LA_NINA,R95p,0.0,0.0,0.0,0.0
RAW_CMIP6,ACCESS-ESM1-5,HOT_DRY,351201,LA_NINA,R99p,0.0,0.0,0.0,0.0
RAW_CMIP6,ACCESS-ESM1-5,HOT_DRY,351201,LA_NINA,CDD,16.4,18.333,1.933,11.79
RAW_CMIP6,ACCESS-ESM1-5,HOT_DRY,351201,LA_NINA,CWD,10.0,8.222,-1.778,-17.78
RAW_CMIP6,ACCESS-ESM1-5,RAINY,351001,EL_NINO,PRCPTOT,410.643,212.105,-198.538,-48.35
RAW_CMIP6,ACCESS-ESM1-5,RAINY,351001,EL_NINO,wet_day_freq,46.557,36.14,-10.417,-22.37
RAW_CMIP6,ACCESS-ESM1-5,RAINY,351001,EL_NINO,SDII,4.597,3.22,-1.377,-29.95
RAW_CMIP6,ACCESS-ESM1-5,RAINY,351001,EL_NINO,Rx1day,39.76,7.565,-32.195,-80.97
RAW_CMIP6,ACCESS-ESM1-5,RAINY,351001,EL_NINO,Rx5day,88.965,24.305,-64.66,-72.68
RAW_CMIP6,ACCESS-ESM1-5,RAINY,351001,EL_NINO,R20mm,2.167,0.0,-2.167,-100.0
RAW_CMIP6,ACCESS-ESM1-5,RAINY,351001,EL_NINO,R50mm,0.5,0.0,-0.5,-100.0
RAW_CMIP6,ACCESS-ESM1-5,RAINY,351001,EL_NINO,R95p,39.145,0.0,-39.145,-100.0
RAW_CMIP6,ACCESS-ESM1-5,RAINY,351001,EL_NINO,R99p,39.145,0.0,-39.145,-100.0
RAW_CMIP6,ACCESS-ESM1-5,RAINY,351001,EL_NINO,CDD,11.5,15.0,3.5,30.43
RAW_CMIP6,ACCESS-ESM1-5,RAINY,351001,EL_NINO,CWD,13.5,10.0,-3.5,-25.93
RAW_CMIP6,ACCESS-ESM1-5,RAINY,351001,LA_NINA,PRCPTOT,410.643,309.848,-100.795,-24.55
RAW_CMIP6,ACCESS-ESM1-5,RAINY,351001,LA_NINA,wet_day_freq,46.557,43.042,-3.515,-7.55
RAW_CMIP6,ACCESS-ESM1-5,RAINY,351001,LA_NINA,SDII,4.597,3.814,-0.783,-17.03
RAW_CMIP6,ACCESS-ESM1-5,RAINY,351001,LA_NINA,Rx1day,39.76,18.936,-20.824,-52.37
RAW_CMIP6,ACCESS-ESM1-5,RAINY,351001,LA_NINA,Rx5day,88.965,52.59,-36.375,-40.89
RAW_CMIP6,ACCESS-ESM1-5,RAINY,351001,LA_NINA,R20mm,2.167,1.0,-1.167,-53.85
RAW_CMIP6,ACCESS-ESM1-5,RAINY,351001,LA_NINA,R50mm,0.5,0.0,-0.5,-100.0
RAW_CMIP6,ACCESS-ESM1-5,RAINY,351001,LA_NINA,R95p,39.145,0.0,-39.145,-100.0
RAW_CMIP6,ACCESS-ESM1-5,RAINY,351001,LA_NINA,R99p,39.145,0.0,-39.145,-100.0
RAW_CMIP6,ACCESS-ESM1-5,RAINY,351001,LA_NINA,CDD,11.5,14.0,2.5,21.74
RAW_CMIP6,ACCESS-ESM1-5,RAINY,351001,LA_NINA,CWD,13.5,10.2,-3.3,-24.44
RAW_CMIP6,ACCESS-ESM1-5,RAINY,351002,EL_NINO,PRCPTOT,410.643,212.105,-198.538,-48.35
RAW_CMIP6,ACCESS-ESM1-5,RAINY,351002,EL_NINO,wet_day_freq,46.557,36.14,-10.417,-22.37
RAW_CMIP6,ACCESS-ESM1-5,RAINY,351002,EL_NINO,SDII,4.597,3.22,-1.377,-29.95
RAW_CMIP6,ACCESS-ESM1-5,RAINY,351002,EL_NINO,Rx1day,39.76,7.565,-32.195,-80.97
RAW_CMIP6,ACCESS-ESM1-5,RAINY,351002,EL_NINO,Rx5day,88.965,24.305,-64.66,-72.68
RAW_CMIP6,ACCESS-ESM1-5,RAINY,351002,EL_NINO,R20mm,2.167,0.0,-2.167,-100.0
RAW_CMIP6,ACCESS-ESM1-5,RAINY,351002,EL_NINO,R50mm,0.5,0.0,-0.5,-100.0
RAW_CMIP6,ACCESS-ESM1-5,RAINY,351002,EL_NINO,R95p,52.962,0.0,-52.962,-100.0
RAW_CMIP6,ACCESS-ESM1-5,RAINY,351002,EL_NINO,R99p,39.145,0.0,-39.145,-100.0
RAW_CMIP6,ACCESS-ESM1-5,RAINY,351002,EL_NINO,CDD,11.5,15.0,3.5,30.43
RAW_CMIP6,ACCESS-ESM1-5,RAINY,351002,EL_NINO,CWD,13.5,10.0,-3.5,-25.93
RAW_CMIP6,ACCESS-ESM1-5,RAINY,351002,LA_NINA,PRCPTOT,410.643,309.848,-100.795,-24.55
RAW_CMIP6,ACCESS-ESM1-5,RAINY,351002,LA_NINA,wet_day_freq,46.557,43.042,-3.515,-7.55
RAW_CMIP6,ACCESS-ESM1-5,RAINY,351002,LA_NINA,SDII,4.597,3.814,-0.783,-17.03
RAW_CMIP6,ACCESS-ESM1-5,RAINY,351002,LA_NINA,Rx1day,39.76,18.936,-20.824,-52.37
RAW_CMIP6,ACCESS-ESM1-5,RAINY,351002,LA_NINA,Rx5day,88.965,52.59,-36.375,-40.89
RAW_CMIP6,ACCESS-ESM1-5,RAINY,351002,LA_NINA,R20mm,2.167,1.0,-1.167,-53.85
RAW_CMIP6,ACCESS-ESM1-5,RAINY,351002,LA_NINA,R50mm,0.5,0.0,-0.5,-100.0
RAW_CMIP6,ACCESS-ESM1-5,RAINY,351002,LA_NINA,R95p,52.962,0.0,-52.962,-100.0
RAW_CMIP6,ACCESS-ESM1-5,RAINY,351002,LA_NINA,R99p,39.145,0.0,-39.145,-100.0
RAW_CMIP6,ACCESS-ESM1-5,RAINY,351002,LA_NINA,CDD,11.5,14.0,2.5,21.74
RAW_CMIP6,ACCESS-ESM1-5,RAINY,351002,LA_NINA,CWD,13.5,10.2,-3.3,-24.44
RAW_CMIP6,ACCESS-ESM1-5,RAINY,351003,EL_NINO,PRCPTOT,242.217,141.735,-100.482,-41.48
RAW_CMIP6,ACCESS-ESM1-5,RAINY,351003,EL_NINO,wet_day_freq,30.523,20.65,-9.873,-32.35
RAW_CMIP6,ACCESS-ESM1-5,RAINY,351003,EL_NINO,SDII,4.25,3.725,-0.525,-12.35
RAW_CMIP6,ACCESS-ESM1-5,RAINY,351003,EL_NINO,Rx1day,35.07,10.165,-24.905,-71.02
RAW_CMIP6,ACCESS-ESM1-5,RAINY,351003,EL_NINO,Rx5day,65.512,31.385,-34.127,-52.09
RAW_CMIP6,ACCESS-ESM1-5,RAINY,351003,EL_NINO,R20mm,0.667,0.0,-0.667,-100.0
RAW_CMIP6,ACCESS-ESM1-5,RAINY,351003,EL_NINO,R50mm,0.167,0.0,-0.167,-100.0
RAW_CMIP6,ACCESS-ESM1-5,RAINY,351003,EL_NINO,R95p,28.113,0.0,-28.113,-100.0
RAW_CMIP6,ACCESS-ESM1-5,RAINY,351003,EL_NINO,R99p,21.46,0.0,-21.46,-100.0
RAW_CMIP6,ACCESS-ESM1-5,RAINY,351003,EL_NINO,CDD,23.167,22.0,-1.167,-5.04
RAW_CMIP6,ACCESS-ESM1-5,RAINY,351003,EL_NINO,CWD,9.333,5.5,-3.833,-41.07
RAW_CMIP6,ACCESS-ESM1-5,RAINY,351003,LA_NINA,PRCPTOT,242.217,227.81,-14.407,-5.95
RAW_CMIP6,ACCESS-ESM1-5,RAINY,351003,LA_NINA,wet_day_freq,30.523,29.674,-0.849,-2.78
RAW_CMIP6,ACCESS-ESM1-5,RAINY,351003,LA_NINA,SDII,4.25,3.976,-0.274,-6.45
RAW_CMIP6,ACCESS-ESM1-5,RAINY,351003,LA_NINA,Rx1day,35.07,26.018,-9.052,-25.81
RAW_CMIP6,ACCESS-ESM1-5,RAINY,351003,LA_NINA,Rx5day,65.512,57.686,-7.826,-11.95
RAW_CMIP6,ACCESS-ESM1-5,RAINY,351003,LA_NINA,R20mm,0.667,1.4,0.733,110.0
RAW_CMIP6,ACCESS-ESM1-5,RAINY,351003,LA_NINA,R50mm,0.167,0.2,0.033,20.0
RAW_CMIP6,ACCESS-ESM1-5,RAINY,351003,LA_NINA,R95p,28.113,20.376,-7.737,-27.52
RAW_CMIP6,ACCESS-ESM1-5,RAINY,351003,LA_NINA,R99p,21.46,0.0,-21.46,-100.0
RAW_CMIP6,ACCESS-ESM1-5,RAINY,351003,LA_NINA,CDD,23.167,21.6,-1.567,-6.76
RAW_CMIP6,ACCESS-ESM1-5,RAINY,351003,LA_NINA,CWD,9.333,6.6,-2.733,-29.29
RAW_CMIP6,ACCESS-ESM1-5,RAINY,351004,EL_NINO,PRCPTOT,242.217,141.735,-100.482,-41.48
RAW_CMIP6,ACCESS-ESM1-5,RAINY,351004,EL_NINO,wet_day_freq,30.523,20.65,-9.873,-32.35
RAW_CMIP6,ACCESS-ESM1-5,RAINY,351004,EL_NINO,SDII,4.25,3.725,-0.525,-12.35
RAW_CMIP6,ACCESS-ESM1-5,RAINY,351004,EL_NINO,Rx1day,35.07,10.165,-24.905,-71.02
RAW_CMIP6,ACCESS-ESM1-5,RAINY,351004,EL_NINO,Rx5day,65.512,31.385,-34.127,-52.09
RAW_CMIP6,ACCESS-ESM1-5,RAINY,351004,EL_NINO,R20mm,0.667,0.0,-0.667,-100.0
RAW_CMIP6,ACCESS-ESM1-5,RAINY,351004,EL_NINO,R50mm,0.167,0.0,-0.167,-100.0
RAW_CMIP6,ACCESS-ESM1-5,RAINY,351004,EL_NINO,R95p,21.46,0.0,-21.46,-100.0
RAW_CMIP6,ACCESS-ESM1-5,RAINY,351004,EL_NINO,R99p,21.46,0.0,-21.46,-100.0
RAW_CMIP6,ACCESS-ESM1-5,RAINY,351004,EL_NINO,CDD,23.167,22.0,-1.167,-5.04
RAW_CMIP6,ACCESS-ESM1-5,RAINY,351004,EL_NINO,CWD,9.333,5.5,-3.833,-41.07
RAW_CMIP6,ACCESS-ESM1-5,RAINY,351004,LA_NINA,PRCPTOT,242.217,227.81,-14.407,-5.95
RAW_CMIP6,ACCESS-ESM1-5,RAINY,351004,LA_NINA,wet_day_freq,30.523,29.674,-0.849,-2.78
RAW_CMIP6,ACCESS-ESM1-5,RAINY,351004,LA_NINA,SDII,4.25,3.976,-0.274,-6.45
RAW_CMIP6,ACCESS-ESM1-5,RAINY,351004,LA_NINA,Rx1day,35.07,26.018,-9.052,-25.81
RAW_CMIP6,ACCESS-ESM1-5,RAINY,351004,LA_NINA,Rx5day,65.512,57.686,-7.826,-11.95
RAW_CMIP6,ACCESS-ESM1-5,RAINY,351004,LA_NINA,R20mm,0.667,1.4,0.733,110.0
RAW_CMIP6,ACCESS-ESM1-5,RAINY,351004,LA_NINA,R50mm,0.167,0.2,0.033,20.0
RAW_CMIP6,ACCESS-ESM1-5,RAINY,351004,LA_NINA,R95p,21.46,20.376,-1.084,-5.05
RAW_CMIP6,ACCESS-ESM1-5,RAINY,351004,LA_NINA,R99p,21.46,0.0,-21.46,-100.0
RAW_CMIP6,ACCESS-ESM1-5,RAINY,351004,LA_NINA,CDD,23.167,21.6,-1.567,-6.76
RAW_CMIP6,ACCESS-ESM1-5,RAINY,351004,LA_NINA,CWD,9.333,6.6,-2.733,-29.29
RAW_CMIP6,ACCESS-ESM1-5,RAINY,351005,EL_NINO,PRCPTOT,410.643,212.105,-198.538,-48.35
RAW_CMIP6,ACCESS-ESM1-5,RAINY,351005,EL_NINO,wet_day_freq,46.557,36.14,-10.417,-22.37
RAW_CMIP6,ACCESS-ESM1-5,RAINY,351005,EL_NINO,SDII,4.597,3.22,-1.377,-29.95
RAW_CMIP6,ACCESS-ESM1-5,RAINY,351005,EL_NINO,Rx1day,39.76,7.565,-32.195,-80.97
RAW_CMIP6,ACCESS-ESM1-5,RAINY,351005,EL_NINO,Rx5day,88.965,24.305,-64.66,-72.68
RAW_CMIP6,ACCESS-ESM1-5,RAINY,351005,EL_NINO,R20mm,2.167,0.0,-2.167,-100.0
RAW_CMIP6,ACCESS-ESM1-5,RAINY,351005,EL_NINO,R50mm,0.5,0.0,-0.5,-100.0
RAW_CMIP6,ACCESS-ESM1-5,RAINY,351005,EL_NINO,R95p,52.962,0.0,-52.962,-100.0
RAW_CMIP6,ACCESS-ESM1-5,RAINY,351005,EL_NINO,R99p,39.145,0.0,-39.145,-100.0
RAW_CMIP6,ACCESS-ESM1-5,RAINY,351005,EL_NINO,CDD,11.5,15.0,3.5,30.43
RAW_CMIP6,ACCESS-ESM1-5,RAINY,351005,EL_NINO,CWD,13.5,10.0,-3.5,-25.93
RAW_CMIP6,ACCESS-ESM1-5,RAINY,351005,LA_NINA,PRCPTOT,410.643,309.848,-100.795,-24.55
RAW_CMIP6,ACCESS-ESM1-5,RAINY,351005,LA_NINA,wet_day_freq,46.557,43.042,-3.515,-7.55
RAW_CMIP6,ACCESS-ESM1-5,RAINY,351005,LA_NINA,SDII,4.597,3.814,-0.783,-17.03
RAW_CMIP6,ACCESS-ESM1-5,RAINY,351005,LA_NINA,Rx1day,39.76,18.936,-20.824,-52.37
RAW_CMIP6,ACCESS-ESM1-5,RAINY,351005,LA_NINA,Rx5day,88.965,52.59,-36.375,-40.89
RAW_CMIP6,ACCESS-ESM1-5,RAINY,351005,LA_NINA,R20mm,2.167,1.0,-1.167,-53.85
RAW_CMIP6,ACCESS-ESM1-5,RAINY,351005,LA_NINA,R50mm,0.5,0.0,-0.5,-100.0
RAW_CMIP6,ACCESS-ESM1-5,RAINY,351005,LA_NINA,R95p,52.962,0.0,-52.962,-100.0
RAW_CMIP6,ACCESS-ESM1-5,RAINY,351005,LA_NINA,R99p,39.145,0.0,-39.145,-100.0
RAW_CMIP6,ACCESS-ESM1-5,RAINY,351005,LA_NINA,CDD,11.5,14.0,2.5,21.74
RAW_CMIP6,ACCESS-ESM1-5,RAINY,351005,LA_NINA,CWD,13.5,10.2,-3.3,-24.44
RAW_CMIP6,ACCESS-ESM1-5,RAINY,351006,EL_NINO,PRCPTOT,242.217,141.735,-100.482,-41.48
RAW_CMIP6,ACCESS-ESM1-5,RAINY,351006,EL_NINO,wet_day_freq,30.523,20.65,-9.873,-32.35
RAW_CMIP6,ACCESS-ESM1-5,RAINY,351006,EL_NINO,SDII,4.25,3.725,-0.525,-12.35
RAW_CMIP6,ACCESS-ESM1-5,RAINY,351006,EL_NINO,Rx1day,35.07,10.165,-24.905,-71.02
RAW_CMIP6,ACCESS-ESM1-5,RAINY,351006,EL_NINO,Rx5day,65.512,31.385,-34.127,-52.09
RAW_CMIP6,ACCESS-ESM1-5,RAINY,351006,EL_NINO,R20mm,0.667,0.0,-0.667,-100.0
RAW_CMIP6,ACCESS-ESM1-5,RAINY,351006,EL_NINO,R50mm,0.167,0.0,-0.167,-100.0
RAW_CMIP6,ACCESS-ESM1-5,RAINY,351006,EL_NINO,R95p,38.313,0.0,-38.313,-100.0
RAW_CMIP6,ACCESS-ESM1-5,RAINY,351006,EL_NINO,R99p,28.113,0.0,-28.113,-100.0
RAW_CMIP6,ACCESS-ESM1-5,RAINY,351006,EL_NINO,CDD,23.167,22.0,-1.167,-5.04
RAW_CMIP6,ACCESS-ESM1-5,RAINY,351006,EL_NINO,CWD,9.333,5.5,-3.833,-41.07
RAW_CMIP6,ACCESS-ESM1-5,RAINY,351006,LA_NINA,PRCPTOT,242.217,227.81,-14.407,-5.95
RAW_CMIP6,ACCESS-ESM1-5,RAINY,351006,LA_NINA,wet_day_freq,30.523,29.674,-0.849,-2.78
RAW_CMIP6,ACCESS-ESM1-5,RAINY,351006,LA_NINA,SDII,4.25,3.976,-0.274,-6.45
RAW_CMIP6,ACCESS-ESM1-5,RAINY,351006,LA_NINA,Rx1day,35.07,26.018,-9.052,-25.81
RAW_CMIP6,ACCESS-ESM1-5,RAINY,351006,LA_NINA,Rx5day,65.512,57.686,-7.826,-11.95
RAW_CMIP6,ACCESS-ESM1-5,RAINY,351006,LA_NINA,R20mm,0.667,1.4,0.733,110.0
RAW_CMIP6,ACCESS-ESM1-5,RAINY,351006,LA_NINA,R50mm,0.167,0.2,0.033,20.0
RAW_CMIP6,ACCESS-ESM1-5,RAINY,351006,LA_NINA,R95p,38.313,46.99,8.677,22.65
RAW_CMIP6,ACCESS-ESM1-5,RAINY,351006,LA_NINA,R99p,28.113,27.824,-0.289,-1.03
RAW_CMIP6,ACCESS-ESM1-5,RAINY,351006,LA_NINA,CDD,23.167,21.6,-1.567,-6.76
RAW_CMIP6,ACCESS-ESM1-5,RAINY,351006,LA_NINA,CWD,9.333,6.6,-2.733,-29.29
RAW_CMIP6,ACCESS-ESM1-5,RAINY,351007,EL_NINO,PRCPTOT,242.217,141.735,-100.482,-41.48
RAW_CMIP6,ACCESS-ESM1-5,RAINY,351007,EL_NINO,wet_day_freq,30.523,20.65,-9.873,-32.35
RAW_CMIP6,ACCESS-ESM1-5,RAINY,351007,EL_NINO,SDII,4.25,3.725,-0.525,-12.35
RAW_CMIP6,ACCESS-ESM1-5,RAINY,351007,EL_NINO,Rx1day,35.07,10.165,-24.905,-71.02
RAW_CMIP6,ACCESS-ESM1-5,RAINY,351007,EL_NINO,Rx5day,65.512,31.385,-34.127,-52.09
RAW_CMIP6,ACCESS-ESM1-5,RAINY,351007,EL_NINO,R20mm,0.667,0.0,-0.667,-100.0
RAW_CMIP6,ACCESS-ESM1-5,RAINY,351007,EL_NINO,R50mm,0.167,0.0,-0.167,-100.0
RAW_CMIP6,ACCESS-ESM1-5,RAINY,351007,EL_NINO,R95p,38.313,0.0,-38.313,-100.0
RAW_CMIP6,ACCESS-ESM1-5,RAINY,351007,EL_NINO,R99p,28.113,0.0,-28.113,-100.0
RAW_CMIP6,ACCESS-ESM1-5,RAINY,351007,EL_NINO,CDD,23.167,22.0,-1.167,-5.04
RAW_CMIP6,ACCESS-ESM1-5,RAINY,351007,EL_NINO,CWD,9.333,5.5,-3.833,-41.07
RAW_CMIP6,ACCESS-ESM1-5,RAINY,351007,LA_NINA,PRCPTOT,242.217,227.81,-14.407,-5.95
RAW_CMIP6,ACCESS-ESM1-5,RAINY,351007,LA_NINA,wet_day_freq,30.523,29.674,-0.849,-2.78
RAW_CMIP6,ACCESS-ESM1-5,RAINY,351007,LA_NINA,SDII,4.25,3.976,-0.274,-6.45
RAW_CMIP6,ACCESS-ESM1-5,RAINY,351007,LA_NINA,Rx1day,35.07,26.018,-9.052,-25.81
RAW_CMIP6,ACCESS-ESM1-5,RAINY,351007,LA_NINA,Rx5day,65.512,57.686,-7.826,-11.95
RAW_CMIP6,ACCESS-ESM1-5,RAINY,351007,LA_NINA,R20mm,0.667,1.4,0.733,110.0
RAW_CMIP6,ACCESS-ESM1-5,RAINY,351007,LA_NINA,R50mm,0.167,0.2,0.033,20.0
RAW_CMIP6,ACCESS-ESM1-5,RAINY,351007,LA_NINA,R95p,38.313,46.99,8.677,22.65
RAW_CMIP6,ACCESS-ESM1-5,RAINY,351007,LA_NINA,R99p,28.113,27.824,-0.289,-1.03
RAW_CMIP6,ACCESS-ESM1-5,RAINY,351007,LA_NINA,CDD,23.167,21.6,-1.567,-6.76
RAW_CMIP6,ACCESS-ESM1-5,RAINY,351007,LA_NINA,CWD,9.333,6.6,-2.733,-29.29
RAW_CMIP6,ACCESS-ESM1-5,RAINY,351008,EL_NINO,PRCPTOT,242.217,141.735,-100.482,-41.48
RAW_CMIP6,ACCESS-ESM1-5,RAINY,351008,EL_NINO,wet_day_freq,30.523,20.65,-9.873,-32.35
RAW_CMIP6,ACCESS-ESM1-5,RAINY,351008,EL_NINO,SDII,4.25,3.725,-0.525,-12.35
RAW_CMIP6,ACCESS-ESM1-5,RAINY,351008,EL_NINO,Rx1day,35.07,10.165,-24.905,-71.02
RAW_CMIP6,ACCESS-ESM1-5,RAINY,351008,EL_NINO,Rx5day,65.512,31.385,-34.127,-52.09
RAW_CMIP6,ACCESS-ESM1-5,RAINY,351008,EL_NINO,R20mm,0.667,0.0,-0.667,-100.0
RAW_CMIP6,ACCESS-ESM1-5,RAINY,351008,EL_NINO,R50mm,0.167,0.0,-0.167,-100.0
RAW_CMIP6,ACCESS-ESM1-5,RAINY,351008,EL_NINO,R95p,38.313,0.0,-38.313,-100.0
RAW_CMIP6,ACCESS-ESM1-5,RAINY,351008,EL_NINO,R99p,28.113,0.0,-28.113,-100.0
RAW_CMIP6,ACCESS-ESM1-5,RAINY,351008,EL_NINO,CDD,23.167,22.0,-1.167,-5.04
RAW_CMIP6,ACCESS-ESM1-5,RAINY,351008,EL_NINO,CWD,9.333,5.5,-3.833,-41.07
RAW_CMIP6,ACCESS-ESM1-5,RAINY,351008,LA_NINA,PRCPTOT,242.217,227.81,-14.407,-5.95
RAW_CMIP6,ACCESS-ESM1-5,RAINY,351008,LA_NINA,wet_day_freq,30.523,29.674,-0.849,-2.78
RAW_CMIP6,ACCESS-ESM1-5,RAINY,351008,LA_NINA,SDII,4.25,3.976,-0.274,-6.45
RAW_CMIP6,ACCESS-ESM1-5,RAINY,351008,LA_NINA,Rx1day,35.07,26.018,-9.052,-25.81
RAW_CMIP6,ACCESS-ESM1-5,RAINY,351008,LA_NINA,Rx5day,65.512,57.686,-7.826,-11.95
RAW_CMIP6,ACCESS-ESM1-5,RAINY,351008,LA_NINA,R20mm,0.667,1.4,0.733,110.0
RAW_CMIP6,ACCESS-ESM1-5,RAINY,351008,LA_NINA,R50mm,0.167,0.2,0.033,20.0
RAW_CMIP6,ACCESS-ESM1-5,RAINY,351008,LA_NINA,R95p,38.313,46.99,8.677,22.65
RAW_CMIP6,ACCESS-ESM1-5,RAINY,351008,LA_NINA,R99p,28.113,20.376,-7.737,-27.52
RAW_CMIP6,ACCESS-ESM1-5,RAINY,351008,LA_NINA,CDD,23.167,21.6,-1.567,-6.76
RAW_CMIP6,ACCESS-ESM1-5,RAINY,351008,LA_NINA,CWD,9.333,6.6,-2.733,-29.29
RAW_CMIP6,ACCESS-ESM1-5,RAINY,351009,EL_NINO,PRCPTOT,410.643,212.105,-198.538,-48.35
RAW_CMIP6,ACCESS-ESM1-5,RAINY,351009,EL_NINO,wet_day_freq,46.557,36.14,-10.417,-22.37
RAW_CMIP6,ACCESS-ESM1-5,RAINY,351009,EL_NINO,SDII,4.597,3.22,-1.377,-29.95
RAW_CMIP6,ACCESS-ESM1-5,RAINY,351009,EL_NINO,Rx1day,39.76,7.565,-32.195,-80.97
RAW_CMIP6,ACCESS-ESM1-5,RAINY,351009,EL_NINO,Rx5day,88.965,24.305,-64.66,-72.68
RAW_CMIP6,ACCESS-ESM1-5,RAINY,351009,EL_NINO,R20mm,2.167,0.0,-2.167,-100.0
RAW_CMIP6,ACCESS-ESM1-5,RAINY,351009,EL_NINO,R50mm,0.5,0.0,-0.5,-100.0
RAW_CMIP6,ACCESS-ESM1-5,RAINY,351009,EL_NINO,R95p,129.283,0.0,-129.283,-100.0
RAW_CMIP6,ACCESS-ESM1-5,RAINY,351009,EL_NINO,R99p,88.628,0.0,-88.628,-100.0
RAW_CMIP6,ACCESS-ESM1-5,RAINY,351009,EL_NINO,CDD,11.5,15.0,3.5,30.43
RAW_CMIP6,ACCESS-ESM1-5,RAINY,351009,EL_NINO,CWD,13.5,10.0,-3.5,-25.93
RAW_CMIP6,ACCESS-ESM1-5,RAINY,351009,LA_NINA,PRCPTOT,410.643,309.848,-100.795,-24.55
RAW_CMIP6,ACCESS-ESM1-5,RAINY,351009,LA_NINA,wet_day_freq,46.557,43.042,-3.515,-7.55
RAW_CMIP6,ACCESS-ESM1-5,RAINY,351009,LA_NINA,SDII,4.597,3.814,-0.783,-17.03
RAW_CMIP6,ACCESS-ESM1-5,RAINY,351009,LA_NINA,Rx1day,39.76,18.936,-20.824,-52.37
RAW_CMIP6,ACCESS-ESM1-5,RAINY,351009,LA_NINA,Rx5day,88.965,52.59,-36.375,-40.89
RAW_CMIP6,ACCESS-ESM1-5,RAINY,351009,LA_NINA,R20mm,2.167,1.0,-1.167,-53.85
RAW_CMIP6,ACCESS-ESM1-5,RAINY,351009,LA_NINA,R50mm,0.5,0.0,-0.5,-100.0
RAW_CMIP6,ACCESS-ESM1-5,RAINY,351009,LA_NINA,R95p,129.283,54.386,-74.897,-57.93
RAW_CMIP6,ACCESS-ESM1-5,RAINY,351009,LA_NINA,R99p,88.628,28.404,-60.224,-67.95
RAW_CMIP6,ACCESS-ESM1-5,RAINY,351009,LA_NINA,CDD,11.5,14.0,2.5,21.74
RAW_CMIP6,ACCESS-ESM1-5,RAINY,351009,LA_NINA,CWD,13.5,10.2,-3.3,-24.44
RAW_CMIP6,ACCESS-ESM1-5,RAINY,351010,EL_NINO,PRCPTOT,242.217,141.735,-100.482,-41.48
RAW_CMIP6,ACCESS-ESM1-5,RAINY,351010,EL_NINO,wet_day_freq,30.523,20.65,-9.873,-32.35
RAW_CMIP6,ACCESS-ESM1-5,RAINY,351010,EL_NINO,SDII,4.25,3.725,-0.525,-12.35
RAW_CMIP6,ACCESS-ESM1-5,RAINY,351010,EL_NINO,Rx1day,35.07,10.165,-24.905,-71.02
RAW_CMIP6,ACCESS-ESM1-5,RAINY,351010,EL_NINO,Rx5day,65.512,31.385,-34.127,-52.09
RAW_CMIP6,ACCESS-ESM1-5,RAINY,351010,EL_NINO,R20mm,0.667,0.0,-0.667,-100.0
RAW_CMIP6,ACCESS-ESM1-5,RAINY,351010,EL_NINO,R50mm,0.167,0.0,-0.167,-100.0
RAW_CMIP6,ACCESS-ESM1-5,RAINY,351010,EL_NINO,R95p,45.718,0.0,-45.718,-100.0
RAW_CMIP6,ACCESS-ESM1-5,RAINY,351010,EL_NINO,R99p,38.313,0.0,-38.313,-100.0
RAW_CMIP6,ACCESS-ESM1-5,RAINY,351010,EL_NINO,CDD,23.167,22.0,-1.167,-5.04
RAW_CMIP6,ACCESS-ESM1-5,RAINY,351010,EL_NINO,CWD,9.333,5.5,-3.833,-41.07
RAW_CMIP6,ACCESS-ESM1-5,RAINY,351010,LA_NINA,PRCPTOT,242.217,227.81,-14.407,-5.95
RAW_CMIP6,ACCESS-ESM1-5,RAINY,351010,LA_NINA,wet_day_freq,30.523,29.674,-0.849,-2.78
RAW_CMIP6,ACCESS-ESM1-5,RAINY,351010,LA_NINA,SDII,4.25,3.976,-0.274,-6.45
RAW_CMIP6,ACCESS-ESM1-5,RAINY,351010,LA_NINA,Rx1day,35.07,26.018,-9.052,-25.81
RAW_CMIP6,ACCESS-ESM1-5,RAINY,351010,LA_NINA,Rx5day,65.512,57.686,-7.826,-11.95
RAW_CMIP6,ACCESS-ESM1-5,RAINY,351010,LA_NINA,R20mm,0.667,1.4,0.733,110.0
RAW_CMIP6,ACCESS-ESM1-5,RAINY,351010,LA_NINA,R50mm,0.167,0.2,0.033,20.0
RAW_CMIP6,ACCESS-ESM1-5,RAINY,351010,LA_NINA,R95p,45.718,62.988,17.27,37.77
RAW_CMIP6,ACCESS-ESM1-5,RAINY,351010,LA_NINA,R99p,38.313,42.96,4.647,12.13
RAW_CMIP6,ACCESS-ESM1-5,RAINY,351010,LA_NINA,CDD,23.167,21.6,-1.567,-6.76
RAW_CMIP6,ACCESS-ESM1-5,RAINY,351010,LA_NINA,CWD,9.333,6.6,-2.733,-29.29
RAW_CMIP6,ACCESS-ESM1-5,RAINY,351011,EL_NINO,PRCPTOT,410.643,212.105,-198.538,-48.35
RAW_CMIP6,ACCESS-ESM1-5,RAINY,351011,EL_NINO,wet_day_freq,46.557,36.14,-10.417,-22.37
RAW_CMIP6,ACCESS-ESM1-5,RAINY,351011,EL_NINO,SDII,4.597,3.22,-1.377,-29.95
RAW_CMIP6,ACCESS-ESM1-5,RAINY,351011,EL_NINO,Rx1day,39.76,7.565,-32.195,-80.97
RAW_CMIP6,ACCESS-ESM1-5,RAINY,351011,EL_NINO,Rx5day,88.965,24.305,-64.66,-72.68
RAW_CMIP6,ACCESS-ESM1-5,RAINY,351011,EL_NINO,R20mm,2.167,0.0,-2.167,-100.0
RAW_CMIP6,ACCESS-ESM1-5,RAINY,351011,EL_NINO,R50mm,0.5,0.0,-0.5,-100.0
RAW_CMIP6,ACCESS-ESM1-5,RAINY,351011,EL_NINO,R95p,39.145,0.0,-39.145,-100.0
RAW_CMIP6,ACCESS-ESM1-5,RAINY,351011,EL_NINO,R99p,0.0,0.0,0.0,0.0
RAW_CMIP6,ACCESS-ESM1-5,RAINY,351011,EL_NINO,CDD,11.5,15.0,3.5,30.43
RAW_CMIP6,ACCESS-ESM1-5,RAINY,351011,EL_NINO,CWD,13.5,10.0,-3.5,-25.93
RAW_CMIP6,ACCESS-ESM1-5,RAINY,351011,LA_NINA,PRCPTOT,410.643,309.848,-100.795,-24.55
RAW_CMIP6,ACCESS-ESM1-5,RAINY,351011,LA_NINA,wet_day_freq,46.557,43.042,-3.515,-7.55
RAW_CMIP6,ACCESS-ESM1-5,RAINY,351011,LA_NINA,SDII,4.597,3.814,-0.783,-17.03
RAW_CMIP6,ACCESS-ESM1-5,RAINY,351011,LA_NINA,Rx1day,39.76,18.936,-20.824,-52.37
RAW_CMIP6,ACCESS-ESM1-5,RAINY,351011,LA_NINA,Rx5day,88.965,52.59,-36.375,-40.89
RAW_CMIP6,ACCESS-ESM1-5,RAINY,351011,LA_NINA,R20mm,2.167,1.0,-1.167,-53.85
RAW_CMIP6,ACCESS-ESM1-5,RAINY,351011,LA_NINA,R50mm,0.5,0.0,-0.5,-100.0
RAW_CMIP6,ACCESS-ESM1-5,RAINY,351011,LA_NINA,R95p,39.145,0.0,-39.145,-100.0
RAW_CMIP6,ACCESS-ESM1-5,RAINY,351011,LA_NINA,R99p,0.0,0.0,0.0,0.0
RAW_CMIP6,ACCESS-ESM1-5,RAINY,351011,LA_NINA,CDD,11.5,14.0,2.5,21.74
RAW_CMIP6,ACCESS-ESM1-5,RAINY,351011,LA_NINA,CWD,13.5,10.2,-3.3,-24.44
RAW_CMIP6,ACCESS-ESM1-5,RAINY,351012,EL_NINO,PRCPTOT,242.217,141.735,-100.482,-41.48
RAW_CMIP6,ACCESS-ESM1-5,RAINY,351012,EL_NINO,wet_day_freq,30.523,20.65,-9.873,-32.35
RAW_CMIP6,ACCESS-ESM1-5,RAINY,351012,EL_NINO,SDII,4.25,3.725,-0.525,-12.35
RAW_CMIP6,ACCESS-ESM1-5,RAINY,351012,EL_NINO,Rx1day,35.07,10.165,-24.905,-71.02
RAW_CMIP6,ACCESS-ESM1-5,RAINY,351012,EL_NINO,Rx5day,65.512,31.385,-34.127,-52.09
RAW_CMIP6,ACCESS-ESM1-5,RAINY,351012,EL_NINO,R20mm,0.667,0.0,-0.667,-100.0
RAW_CMIP6,ACCESS-ESM1-5,RAINY,351012,EL_NINO,R50mm,0.167,0.0,-0.167,-100.0
RAW_CMIP6,ACCESS-ESM1-5,RAINY,351012,EL_NINO,R95p,21.46,0.0,-21.46,-100.0
RAW_CMIP6,ACCESS-ESM1-5,RAINY,351012,EL_NINO,R99p,21.46,0.0,-21.46,-100.0
RAW_CMIP6,ACCESS-ESM1-5,RAINY,351012,EL_NINO,CDD,23.167,22.0,-1.167,-5.04
RAW_CMIP6,ACCESS-ESM1-5,RAINY,351012,EL_NINO,CWD,9.333,5.5,-3.833,-41.07
RAW_CMIP6,ACCESS-ESM1-5,RAINY,351012,LA_NINA,PRCPTOT,242.217,227.81,-14.407,-5.95
RAW_CMIP6,ACCESS-ESM1-5,RAINY,351012,LA_NINA,wet_day_freq,30.523,29.674,-0.849,-2.78
RAW_CMIP6,ACCESS-ESM1-5,RAINY,351012,LA_NINA,SDII,4.25,3.976,-0.274,-6.45
RAW_CMIP6,ACCESS-ESM1-5,RAINY,351012,LA_NINA,Rx1day,35.07,26.018,-9.052,-25.81
RAW_CMIP6,ACCESS-ESM1-5,RAINY,351012,LA_NINA,Rx5day,65.512,57.686,-7.826,-11.95
RAW_CMIP6,ACCESS-ESM1-5,RAINY,351012,LA_NINA,R20mm,0.667,1.4,0.733,110.0
RAW_CMIP6,ACCESS-ESM1-5,RAINY,351012,LA_NINA,R50mm,0.167,0.2,0.033,20.0
RAW_CMIP6,ACCESS-ESM1-5,RAINY,351012,LA_NINA,R95p,21.46,20.376,-1.084,-5.05
RAW_CMIP6,ACCESS-ESM1-5,RAINY,351012,LA_NINA,R99p,21.46,0.0,-21.46,-100.0
RAW_CMIP6,ACCESS-ESM1-5,RAINY,351012,LA_NINA,CDD,23.167,21.6,-1.567,-6.76
RAW_CMIP6,ACCESS-ESM1-5,RAINY,351012,LA_NINA,CWD,9.333,6.6,-2.733,-29.29
RAW_CMIP6,ACCESS-ESM1-5,RAINY,351201,EL_NINO,PRCPTOT,410.643,212.105,-198.538,-48.35
RAW_CMIP6,ACCESS-ESM1-5,RAINY,351201,EL_NINO,wet_day_freq,46.557,36.14,-10.417,-22.37
RAW_CMIP6,ACCESS-ESM1-5,RAINY,351201,EL_NINO,SDII,4.597,3.22,-1.377,-29.95
RAW_CMIP6,ACCESS-ESM1-5,RAINY,351201,EL_NINO,Rx1day,39.76,7.565,-32.195,-80.97
RAW_CMIP6,ACCESS-ESM1-5,RAINY,351201,EL_NINO,Rx5day,88.965,24.305,-64.66,-72.68
RAW_CMIP6,ACCESS-ESM1-5,RAINY,351201,EL_NINO,R20mm,2.167,0.0,-2.167,-100.0
RAW_CMIP6,ACCESS-ESM1-5,RAINY,351201,EL_NINO,R50mm,0.5,0.0,-0.5,-100.0
RAW_CMIP6,ACCESS-ESM1-5,RAINY,351201,EL_NINO,R95p,52.962,0.0,-52.962,-100.0
RAW_CMIP6,ACCESS-ESM1-5,RAINY,351201,EL_NINO,R99p,39.145,0.0,-39.145,-100.0
RAW_CMIP6,ACCESS-ESM1-5,RAINY,351201,EL_NINO,CDD,11.5,15.0,3.5,30.43
RAW_CMIP6,ACCESS-ESM1-5,RAINY,351201,EL_NINO,CWD,13.5,10.0,-3.5,-25.93
RAW_CMIP6,ACCESS-ESM1-5,RAINY,351201,LA_NINA,PRCPTOT,410.643,309.848,-100.795,-24.55
RAW_CMIP6,ACCESS-ESM1-5,RAINY,351201,LA_NINA,wet_day_freq,46.557,43.042,-3.515,-7.55
RAW_CMIP6,ACCESS-ESM1-5,RAINY,351201,LA_NINA,SDII,4.597,3.814,-0.783,-17.03
RAW_CMIP6,ACCESS-ESM1-5,RAINY,351201,LA_NINA,Rx1day,39.76,18.936,-20.824,-52.37
RAW_CMIP6,ACCESS-ESM1-5,RAINY,351201,LA_NINA,Rx5day,88.965,52.59,-36.375,-40.89
RAW_CMIP6,ACCESS-ESM1-5,RAINY,351201,LA_NINA,R20mm,2.167,1.0,-1.167,-53.85
RAW_CMIP6,ACCESS-ESM1-5,RAINY,351201,LA_NINA,R50mm,0.5,0.0,-0.5,-100.0
RAW_CMIP6,ACCESS-ESM1-5,RAINY,351201,LA_NINA,R95p,52.962,0.0,-52.962,-100.0
RAW_CMIP6,ACCESS-ESM1-5,RAINY,351201,LA_NINA,R99p,39.145,0.0,-39.145,-100.0
RAW_CMIP6,ACCESS-ESM1-5,RAINY,351201,LA_NINA,CDD,11.5,14.0,2.5,21.74
RAW_CMIP6,ACCESS-ESM1-5,RAINY,351201,LA_NINA,CWD,13.5,10.2,-3.3,-24.44
RAW_CMIP6,CESM2,HOT_DRY,351001,EL_NINO,PRCPTOT,375.296,478.765,103.469,27.57
RAW_CMIP6,CESM2,HOT_DRY,351001,EL_NINO,wet_day_freq,63.316,71.41,8.094,12.78
RAW_CMIP6,CESM2,HOT_DRY,351001,EL_NINO,SDII,3.288,3.672,0.384,11.69
RAW_CMIP6,CESM2,HOT_DRY,351001,EL_NINO,Rx1day,20.872,23.325,2.453,11.75
RAW_CMIP6,CESM2,HOT_DRY,351001,EL_NINO,Rx5day,51.164,61.692,10.528,20.58
RAW_CMIP6,CESM2,HOT_DRY,351001,EL_NINO,R20mm,0.4,1.25,0.85,212.5
RAW_CMIP6,CESM2,HOT_DRY,351001,EL_NINO,R50mm,0.0,0.0,0.0,0.0
RAW_CMIP6,CESM2,HOT_DRY,351001,EL_NINO,R95p,0.0,0.0,0.0,0.0
RAW_CMIP6,CESM2,HOT_DRY,351001,EL_NINO,R99p,0.0,0.0,0.0,0.0
RAW_CMIP6,CESM2,HOT_DRY,351001,EL_NINO,CDD,10.0,8.0,-2.0,-20.0
RAW_CMIP6,CESM2,HOT_DRY,351001,EL_NINO,CWD,20.8,25.25,4.45,21.39
RAW_CMIP6,CESM2,HOT_DRY,351001,LA_NINA,PRCPTOT,375.296,456.989,81.693,21.77
RAW_CMIP6,CESM2,HOT_DRY,351001,LA_NINA,wet_day_freq,63.316,66.36,3.044,4.81
RAW_CMIP6,CESM2,HOT_DRY,351001,LA_NINA,SDII,3.288,3.769,0.481,14.63
RAW_CMIP6,CESM2,HOT_DRY,351001,LA_NINA,Rx1day,20.872,33.346,12.474,59.76
RAW_CMIP6,CESM2,HOT_DRY,351001,LA_NINA,Rx5day,51.164,80.221,29.057,56.79
RAW_CMIP6,CESM2,HOT_DRY,351001,LA_NINA,R20mm,0.4,1.667,1.267,316.67
RAW_CMIP6,CESM2,HOT_DRY,351001,LA_NINA,R50mm,0.0,0.111,0.111,0.0
RAW_CMIP6,CESM2,HOT_DRY,351001,LA_NINA,R95p,0.0,16.313,16.313,0.0
RAW_CMIP6,CESM2,HOT_DRY,351001,LA_NINA,R99p,0.0,0.0,0.0,0.0
RAW_CMIP6,CESM2,HOT_DRY,351001,LA_NINA,CDD,10.0,12.222,2.222,22.22
RAW_CMIP6,CESM2,HOT_DRY,351001,LA_NINA,CWD,20.8,23.444,2.644,12.71
RAW_CMIP6,CESM2,HOT_DRY,351002,EL_NINO,PRCPTOT,375.296,478.765,103.469,27.57
RAW_CMIP6,CESM2,HOT_DRY,351002,EL_NINO,wet_day_freq,63.316,71.41,8.094,12.78
RAW_CMIP6,CESM2,HOT_DRY,351002,EL_NINO,SDII,3.288,3.672,0.384,11.69
RAW_CMIP6,CESM2,HOT_DRY,351002,EL_NINO,Rx1day,20.872,23.325,2.453,11.75
RAW_CMIP6,CESM2,HOT_DRY,351002,EL_NINO,Rx5day,51.164,61.692,10.528,20.58
RAW_CMIP6,CESM2,HOT_DRY,351002,EL_NINO,R20mm,0.4,1.25,0.85,212.5
RAW_CMIP6,CESM2,HOT_DRY,351002,EL_NINO,R50mm,0.0,0.0,0.0,0.0
RAW_CMIP6,CESM2,HOT_DRY,351002,EL_NINO,R95p,0.0,0.0,0.0,0.0
RAW_CMIP6,CESM2,HOT_DRY,351002,EL_NINO,R99p,0.0,0.0,0.0,0.0
RAW_CMIP6,CESM2,HOT_DRY,351002,EL_NINO,CDD,10.0,8.0,-2.0,-20.0
RAW_CMIP6,CESM2,HOT_DRY,351002,EL_NINO,CWD,20.8,25.25,4.45,21.39
RAW_CMIP6,CESM2,HOT_DRY,351002,LA_NINA,PRCPTOT,375.296,456.989,81.693,21.77
RAW_CMIP6,CESM2,HOT_DRY,351002,LA_NINA,wet_day_freq,63.316,66.36,3.044,4.81
RAW_CMIP6,CESM2,HOT_DRY,351002,LA_NINA,SDII,3.288,3.769,0.481,14.63
RAW_CMIP6,CESM2,HOT_DRY,351002,LA_NINA,Rx1day,20.872,33.346,12.474,59.76
RAW_CMIP6,CESM2,HOT_DRY,351002,LA_NINA,Rx5day,51.164,80.221,29.057,56.79
RAW_CMIP6,CESM2,HOT_DRY,351002,LA_NINA,R20mm,0.4,1.667,1.267,316.67
RAW_CMIP6,CESM2,HOT_DRY,351002,LA_NINA,R50mm,0.0,0.111,0.111,0.0
RAW_CMIP6,CESM2,HOT_DRY,351002,LA_NINA,R95p,0.0,16.313,16.313,0.0
RAW_CMIP6,CESM2,HOT_DRY,351002,LA_NINA,R99p,0.0,0.0,0.0,0.0
RAW_CMIP6,CESM2,HOT_DRY,351002,LA_NINA,CDD,10.0,12.222,2.222,22.22
RAW_CMIP6,CESM2,HOT_DRY,351002,LA_NINA,CWD,20.8,23.444,2.644,12.71
RAW_CMIP6,CESM2,HOT_DRY,351003,EL_NINO,PRCPTOT,333.714,427.88,94.166,28.22
RAW_CMIP6,CESM2,HOT_DRY,351003,EL_NINO,wet_day_freq,58.896,65.19,6.294,10.69
RAW_CMIP6,CESM2,HOT_DRY,351003,EL_NINO,SDII,3.126,3.603,0.477,15.24
RAW_CMIP6,CESM2,HOT_DRY,351003,EL_NINO,Rx1day,19.038,25.422,6.384,33.54
RAW_CMIP6,CESM2,HOT_DRY,351003,EL_NINO,Rx5day,48.458,69.457,20.999,43.34
RAW_CMIP6,CESM2,HOT_DRY,351003,EL_NINO,R20mm,0.4,1.25,0.85,212.5
RAW_CMIP6,CESM2,HOT_DRY,351003,EL_NINO,R50mm,0.0,0.0,0.0,0.0
RAW_CMIP6,CESM2,HOT_DRY,351003,EL_NINO,R95p,0.0,0.0,0.0,0.0
RAW_CMIP6,CESM2,HOT_DRY,351003,EL_NINO,R99p,0.0,0.0,0.0,0.0
RAW_CMIP6,CESM2,HOT_DRY,351003,EL_NINO,CDD,9.6,8.5,-1.1,-11.46
RAW_CMIP6,CESM2,HOT_DRY,351003,EL_NINO,CWD,16.8,20.0,3.2,19.05
RAW_CMIP6,CESM2,HOT_DRY,351003,LA_NINA,PRCPTOT,333.714,395.588,61.874,18.54
RAW_CMIP6,CESM2,HOT_DRY,351003,LA_NINA,wet_day_freq,58.896,61.939,3.043,5.17
RAW_CMIP6,CESM2,HOT_DRY,351003,LA_NINA,SDII,3.126,3.507,0.381,12.18
RAW_CMIP6,CESM2,HOT_DRY,351003,LA_NINA,Rx1day,19.038,29.597,10.559,55.46
RAW_CMIP6,CESM2,HOT_DRY,351003,LA_NINA,Rx5day,48.458,70.132,21.674,44.73
RAW_CMIP6,CESM2,HOT_DRY,351003,LA_NINA,R20mm,0.4,1.556,1.156,288.89
RAW_CMIP6,CESM2,HOT_DRY,351003,LA_NINA,R50mm,0.0,0.0,0.0,0.0
RAW_CMIP6,CESM2,HOT_DRY,351003,LA_NINA,R95p,0.0,4.428,4.428,0.0
RAW_CMIP6,CESM2,HOT_DRY,351003,LA_NINA,R99p,0.0,0.0,0.0,0.0
RAW_CMIP6,CESM2,HOT_DRY,351003,LA_NINA,CDD,9.6,12.0,2.4,25.0
RAW_CMIP6,CESM2,HOT_DRY,351003,LA_NINA,CWD,16.8,21.444,4.644,27.65
RAW_CMIP6,CESM2,HOT_DRY,351004,EL_NINO,PRCPTOT,375.296,478.765,103.469,27.57
RAW_CMIP6,CESM2,HOT_DRY,351004,EL_NINO,wet_day_freq,63.316,71.41,8.094,12.78
RAW_CMIP6,CESM2,HOT_DRY,351004,EL_NINO,SDII,3.288,3.672,0.384,11.69
RAW_CMIP6,CESM2,HOT_DRY,351004,EL_NINO,Rx1day,20.872,23.325,2.453,11.75
RAW_CMIP6,CESM2,HOT_DRY,351004,EL_NINO,Rx5day,51.164,61.692,10.528,20.58
RAW_CMIP6,CESM2,HOT_DRY,351004,EL_NINO,R20mm,0.4,1.25,0.85,212.5
RAW_CMIP6,CESM2,HOT_DRY,351004,EL_NINO,R50mm,0.0,0.0,0.0,0.0
RAW_CMIP6,CESM2,HOT_DRY,351004,EL_NINO,R95p,0.0,0.0,0.0,0.0
RAW_CMIP6,CESM2,HOT_DRY,351004,EL_NINO,R99p,0.0,0.0,0.0,0.0
RAW_CMIP6,CESM2,HOT_DRY,351004,EL_NINO,CDD,10.0,8.0,-2.0,-20.0
RAW_CMIP6,CESM2,HOT_DRY,351004,EL_NINO,CWD,20.8,25.25,4.45,21.39
RAW_CMIP6,CESM2,HOT_DRY,351004,LA_NINA,PRCPTOT,375.296,456.989,81.693,21.77
RAW_CMIP6,CESM2,HOT_DRY,351004,LA_NINA,wet_day_freq,63.316,66.36,3.044,4.81
RAW_CMIP6,CESM2,HOT_DRY,351004,LA_NINA,SDII,3.288,3.769,0.481,14.63
RAW_CMIP6,CESM2,HOT_DRY,351004,LA_NINA,Rx1day,20.872,33.346,12.474,59.76
RAW_CMIP6,CESM2,HOT_DRY,351004,LA_NINA,Rx5day,51.164,80.221,29.057,56.79
RAW_CMIP6,CESM2,HOT_DRY,351004,LA_NINA,R20mm,0.4,1.667,1.267,316.67
RAW_CMIP6,CESM2,HOT_DRY,351004,LA_NINA,R50mm,0.0,0.111,0.111,0.0
RAW_CMIP6,CESM2,HOT_DRY,351004,LA_NINA,R95p,0.0,16.313,16.313,0.0
RAW_CMIP6,CESM2,HOT_DRY,351004,LA_NINA,R99p,0.0,0.0,0.0,0.0
RAW_CMIP6,CESM2,HOT_DRY,351004,LA_NINA,CDD,10.0,12.222,2.222,22.22
RAW_CMIP6,CESM2,HOT_DRY,351004,LA_NINA,CWD,20.8,23.444,2.644,12.71
RAW_CMIP6,CESM2,HOT_DRY,351005,EL_NINO,PRCPTOT,375.296,478.765,103.469,27.57
RAW_CMIP6,CESM2,HOT_DRY,351005,EL_NINO,wet_day_freq,63.316,71.41,8.094,12.78
RAW_CMIP6,CESM2,HOT_DRY,351005,EL_NINO,SDII,3.288,3.672,0.384,11.69
RAW_CMIP6,CESM2,HOT_DRY,351005,EL_NINO,Rx1day,20.872,23.325,2.453,11.75
RAW_CMIP6,CESM2,HOT_DRY,351005,EL_NINO,Rx5day,51.164,61.692,10.528,20.58
RAW_CMIP6,CESM2,HOT_DRY,351005,EL_NINO,R20mm,0.4,1.25,0.85,212.5
RAW_CMIP6,CESM2,HOT_DRY,351005,EL_NINO,R50mm,0.0,0.0,0.0,0.0
RAW_CMIP6,CESM2,HOT_DRY,351005,EL_NINO,R95p,8.076,0.0,-8.076,-100.0
RAW_CMIP6,CESM2,HOT_DRY,351005,EL_NINO,R99p,0.0,0.0,0.0,0.0
RAW_CMIP6,CESM2,HOT_DRY,351005,EL_NINO,CDD,10.0,8.0,-2.0,-20.0
RAW_CMIP6,CESM2,HOT_DRY,351005,EL_NINO,CWD,20.8,25.25,4.45,21.39
RAW_CMIP6,CESM2,HOT_DRY,351005,LA_NINA,PRCPTOT,375.296,456.989,81.693,21.77
RAW_CMIP6,CESM2,HOT_DRY,351005,LA_NINA,wet_day_freq,63.316,66.36,3.044,4.81
RAW_CMIP6,CESM2,HOT_DRY,351005,LA_NINA,SDII,3.288,3.769,0.481,14.63
RAW_CMIP6,CESM2,HOT_DRY,351005,LA_NINA,Rx1day,20.872,33.346,12.474,59.76
RAW_CMIP6,CESM2,HOT_DRY,351005,LA_NINA,Rx5day,51.164,80.221,29.057,56.79
RAW_CMIP6,CESM2,HOT_DRY,351005,LA_NINA,R20mm,0.4,1.667,1.267,316.67
RAW_CMIP6,CESM2,HOT_DRY,351005,LA_NINA,R50mm,0.0,0.111,0.111,0.0
RAW_CMIP6,CESM2,HOT_DRY,351005,LA_NINA,R95p,8.076,16.313,8.237,102.0
RAW_CMIP6,CESM2,HOT_DRY,351005,LA_NINA,R99p,0.0,0.0,0.0,0.0
RAW_CMIP6,CESM2,HOT_DRY,351005,LA_NINA,CDD,10.0,12.222,2.222,22.22
RAW_CMIP6,CESM2,HOT_DRY,351005,LA_NINA,CWD,20.8,23.444,2.644,12.71
RAW_CMIP6,CESM2,HOT_DRY,351006,EL_NINO,PRCPTOT,259.402,367.0,107.598,41.48
RAW_CMIP6,CESM2,HOT_DRY,351006,EL_NINO,wet_day_freq,42.98,50.69,7.71,17.94
RAW_CMIP6,CESM2,HOT_DRY,351006,EL_NINO,SDII,3.344,3.958,0.614,18.35
RAW_CMIP6,CESM2,HOT_DRY,351006,EL_NINO,Rx1day,17.286,24.753,7.466,43.19
RAW_CMIP6,CESM2,HOT_DRY,351006,EL_NINO,Rx5day,44.644,72.2,27.556,61.72
RAW_CMIP6,CESM2,HOT_DRY,351006,EL_NINO,R20mm,0.6,1.75,1.15,191.67
RAW_CMIP6,CESM2,HOT_DRY,351006,EL_NINO,R50mm,0.0,0.0,0.0,0.0
RAW_CMIP6,CESM2,HOT_DRY,351006,EL_NINO,R95p,15.68,45.672,29.992,191.28
RAW_CMIP6,CESM2,HOT_DRY,351006,EL_NINO,R99p,0.0,0.0,0.0,0.0
RAW_CMIP6,CESM2,HOT_DRY,351006,EL_NINO,CDD,14.6,13.75,-0.85,-5.82
RAW_CMIP6,CESM2,HOT_DRY,351006,EL_NINO,CWD,10.8,17.25,6.45,59.72
RAW_CMIP6,CESM2,HOT_DRY,351006,LA_NINA,PRCPTOT,259.402,331.908,72.506,27.95
RAW_CMIP6,CESM2,HOT_DRY,351006,LA_NINA,wet_day_freq,42.98,47.084,4.104,9.55
RAW_CMIP6,CESM2,HOT_DRY,351006,LA_NINA,SDII,3.344,3.851,0.507,15.16
RAW_CMIP6,CESM2,HOT_DRY,351006,LA_NINA,Rx1day,17.286,30.56,13.274,76.79
RAW_CMIP6,CESM2,HOT_DRY,351006,LA_NINA,Rx5day,44.644,70.837,26.193,58.67
RAW_CMIP6,CESM2,HOT_DRY,351006,LA_NINA,R20mm,0.6,1.333,0.733,122.22
RAW_CMIP6,CESM2,HOT_DRY,351006,LA_NINA,R50mm,0.0,0.111,0.111,0.0
RAW_CMIP6,CESM2,HOT_DRY,351006,LA_NINA,R95p,15.68,42.496,26.816,171.02
RAW_CMIP6,CESM2,HOT_DRY,351006,LA_NINA,R99p,0.0,15.82,15.82,0.0
RAW_CMIP6,CESM2,HOT_DRY,351006,LA_NINA,CDD,14.6,14.222,-0.378,-2.59
RAW_CMIP6,CESM2,HOT_DRY,351006,LA_NINA,CWD,10.8,16.0,5.2,48.15
RAW_CMIP6,CESM2,HOT_DRY,351007,EL_NINO,PRCPTOT,259.402,367.0,107.598,41.48
RAW_CMIP6,CESM2,HOT_DRY,351007,EL_NINO,wet_day_freq,42.98,50.69,7.71,17.94
RAW_CMIP6,CESM2,HOT_DRY,351007,EL_NINO,SDII,3.344,3.958,0.614,18.35
RAW_CMIP6,CESM2,HOT_DRY,351007,EL_NINO,Rx1day,17.286,24.753,7.466,43.19
RAW_CMIP6,CESM2,HOT_DRY,351007,EL_NINO,Rx5day,44.644,72.2,27.556,61.72
RAW_CMIP6,CESM2,HOT_DRY,351007,EL_NINO,R20mm,0.6,1.75,1.15,191.67
RAW_CMIP6,CESM2,HOT_DRY,351007,EL_NINO,R50mm,0.0,0.0,0.0,0.0
RAW_CMIP6,CESM2,HOT_DRY,351007,EL_NINO,R95p,15.68,45.672,29.992,191.28
RAW_CMIP6,CESM2,HOT_DRY,351007,EL_NINO,R99p,0.0,0.0,0.0,0.0
RAW_CMIP6,CESM2,HOT_DRY,351007,EL_NINO,CDD,14.6,13.75,-0.85,-5.82
RAW_CMIP6,CESM2,HOT_DRY,351007,EL_NINO,CWD,10.8,17.25,6.45,59.72
RAW_CMIP6,CESM2,HOT_DRY,351007,LA_NINA,PRCPTOT,259.402,331.908,72.506,27.95
RAW_CMIP6,CESM2,HOT_DRY,351007,LA_NINA,wet_day_freq,42.98,47.084,4.104,9.55
RAW_CMIP6,CESM2,HOT_DRY,351007,LA_NINA,SDII,3.344,3.851,0.507,15.16
RAW_CMIP6,CESM2,HOT_DRY,351007,LA_NINA,Rx1day,17.286,30.56,13.274,76.79
RAW_CMIP6,CESM2,HOT_DRY,351007,LA_NINA,Rx5day,44.644,70.837,26.193,58.67
RAW_CMIP6,CESM2,HOT_DRY,351007,LA_NINA,R20mm,0.6,1.333,0.733,122.22
RAW_CMIP6,CESM2,HOT_DRY,351007,LA_NINA,R50mm,0.0,0.111,0.111,0.0
RAW_CMIP6,CESM2,HOT_DRY,351007,LA_NINA,R95p,15.68,44.664,28.984,184.85
RAW_CMIP6,CESM2,HOT_DRY,351007,LA_NINA,R99p,0.0,15.82,15.82,0.0
RAW_CMIP6,CESM2,HOT_DRY,351007,LA_NINA,CDD,14.6,14.222,-0.378,-2.59
RAW_CMIP6,CESM2,HOT_DRY,351007,LA_NINA,CWD,10.8,16.0,5.2,48.15
RAW_CMIP6,CESM2,HOT_DRY,351008,EL_NINO,PRCPTOT,375.296,478.765,103.469,27.57
RAW_CMIP6,CESM2,HOT_DRY,351008,EL_NINO,wet_day_freq,63.316,71.41,8.094,12.78
RAW_CMIP6,CESM2,HOT_DRY,351008,EL_NINO,SDII,3.288,3.672,0.384,11.69
RAW_CMIP6,CESM2,HOT_DRY,351008,EL_NINO,Rx1day,20.872,23.325,2.453,11.75
RAW_CMIP6,CESM2,HOT_DRY,351008,EL_NINO,Rx5day,51.164,61.692,10.528,20.58
RAW_CMIP6,CESM2,HOT_DRY,351008,EL_NINO,R20mm,0.4,1.25,0.85,212.5
RAW_CMIP6,CESM2,HOT_DRY,351008,EL_NINO,R50mm,0.0,0.0,0.0,0.0
RAW_CMIP6,CESM2,HOT_DRY,351008,EL_NINO,R95p,26.16,39.797,13.637,52.13
RAW_CMIP6,CESM2,HOT_DRY,351008,EL_NINO,R99p,8.076,0.0,-8.076,-100.0
RAW_CMIP6,CESM2,HOT_DRY,351008,EL_NINO,CDD,10.0,8.0,-2.0,-20.0
RAW_CMIP6,CESM2,HOT_DRY,351008,EL_NINO,CWD,20.8,25.25,4.45,21.39
RAW_CMIP6,CESM2,HOT_DRY,351008,LA_NINA,PRCPTOT,375.296,456.989,81.693,21.77
RAW_CMIP6,CESM2,HOT_DRY,351008,LA_NINA,wet_day_freq,63.316,66.36,3.044,4.81
RAW_CMIP6,CESM2,HOT_DRY,351008,LA_NINA,SDII,3.288,3.769,0.481,14.63
RAW_CMIP6,CESM2,HOT_DRY,351008,LA_NINA,Rx1day,20.872,33.346,12.474,59.76
RAW_CMIP6,CESM2,HOT_DRY,351008,LA_NINA,Rx5day,51.164,80.221,29.057,56.79
RAW_CMIP6,CESM2,HOT_DRY,351008,LA_NINA,R20mm,0.4,1.667,1.267,316.67
RAW_CMIP6,CESM2,HOT_DRY,351008,LA_NINA,R50mm,0.0,0.111,0.111,0.0
RAW_CMIP6,CESM2,HOT_DRY,351008,LA_NINA,R95p,26.16,56.664,30.504,116.61
RAW_CMIP6,CESM2,HOT_DRY,351008,LA_NINA,R99p,8.076,16.313,8.237,102.0
RAW_CMIP6,CESM2,HOT_DRY,351008,LA_NINA,CDD,10.0,12.222,2.222,22.22
RAW_CMIP6,CESM2,HOT_DRY,351008,LA_NINA,CWD,20.8,23.444,2.644,12.71
RAW_CMIP6,CESM2,HOT_DRY,351009,EL_NINO,PRCPTOT,375.296,478.765,103.469,27.57
RAW_CMIP6,CESM2,HOT_DRY,351009,EL_NINO,wet_day_freq,63.316,71.41,8.094,12.78
RAW_CMIP6,CESM2,HOT_DRY,351009,EL_NINO,SDII,3.288,3.672,0.384,11.69
RAW_CMIP6,CESM2,HOT_DRY,351009,EL_NINO,Rx1day,20.872,23.325,2.453,11.75
RAW_CMIP6,CESM2,HOT_DRY,351009,EL_NINO,Rx5day,51.164,61.692,10.528,20.58
RAW_CMIP6,CESM2,HOT_DRY,351009,EL_NINO,R20mm,0.4,1.25,0.85,212.5
RAW_CMIP6,CESM2,HOT_DRY,351009,EL_NINO,R50mm,0.0,0.0,0.0,0.0
RAW_CMIP6,CESM2,HOT_DRY,351009,EL_NINO,R95p,40.446,61.153,20.707,51.2
RAW_CMIP6,CESM2,HOT_DRY,351009,EL_NINO,R99p,22.52,34.998,12.478,55.41
RAW_CMIP6,CESM2,HOT_DRY,351009,EL_NINO,CDD,10.0,8.0,-2.0,-20.0
RAW_CMIP6,CESM2,HOT_DRY,351009,EL_NINO,CWD,20.8,25.25,4.45,21.39
RAW_CMIP6,CESM2,HOT_DRY,351009,LA_NINA,PRCPTOT,375.296,456.989,81.693,21.77
RAW_CMIP6,CESM2,HOT_DRY,351009,LA_NINA,wet_day_freq,63.316,66.36,3.044,4.81
RAW_CMIP6,CESM2,HOT_DRY,351009,LA_NINA,SDII,3.288,3.769,0.481,14.63
RAW_CMIP6,CESM2,HOT_DRY,351009,LA_NINA,Rx1day,20.872,33.346,12.474,59.76
RAW_CMIP6,CESM2,HOT_DRY,351009,LA_NINA,Rx5day,51.164,80.221,29.057,56.79
RAW_CMIP6,CESM2,HOT_DRY,351009,LA_NINA,R20mm,0.4,1.667,1.267,316.67
RAW_CMIP6,CESM2,HOT_DRY,351009,LA_NINA,R50mm,0.0,0.111,0.111,0.0
RAW_CMIP6,CESM2,HOT_DRY,351009,LA_NINA,R95p,40.446,76.166,35.72,88.31
RAW_CMIP6,CESM2,HOT_DRY,351009,LA_NINA,R99p,22.52,50.277,27.757,123.25
RAW_CMIP6,CESM2,HOT_DRY,351009,LA_NINA,CDD,10.0,12.222,2.222,22.22
RAW_CMIP6,CESM2,HOT_DRY,351009,LA_NINA,CWD,20.8,23.444,2.644,12.71
RAW_CMIP6,CESM2,HOT_DRY,351010,EL_NINO,PRCPTOT,333.714,427.88,94.166,28.22
RAW_CMIP6,CESM2,HOT_DRY,351010,EL_NINO,wet_day_freq,58.896,65.19,6.294,10.69
RAW_CMIP6,CESM2,HOT_DRY,351010,EL_NINO,SDII,3.126,3.603,0.477,15.24
RAW_CMIP6,CESM2,HOT_DRY,351010,EL_NINO,Rx1day,19.038,25.422,6.384,33.54
RAW_CMIP6,CESM2,HOT_DRY,351010,EL_NINO,Rx5day,48.458,69.457,20.999,43.34
RAW_CMIP6,CESM2,HOT_DRY,351010,EL_NINO,R20mm,0.4,1.25,0.85,212.5
RAW_CMIP6,CESM2,HOT_DRY,351010,EL_NINO,R50mm,0.0,0.0,0.0,0.0
RAW_CMIP6,CESM2,HOT_DRY,351010,EL_NINO,R95p,27.072,57.637,30.566,112.9
RAW_CMIP6,CESM2,HOT_DRY,351010,EL_NINO,R99p,12.976,40.867,27.892,214.95
RAW_CMIP6,CESM2,HOT_DRY,351010,EL_NINO,CDD,9.6,8.5,-1.1,-11.46
RAW_CMIP6,CESM2,HOT_DRY,351010,EL_NINO,CWD,16.8,20.0,3.2,19.05
RAW_CMIP6,CESM2,HOT_DRY,351010,LA_NINA,PRCPTOT,333.714,395.588,61.874,18.54
RAW_CMIP6,CESM2,HOT_DRY,351010,LA_NINA,wet_day_freq,58.896,61.939,3.043,5.17
RAW_CMIP6,CESM2,HOT_DRY,351010,LA_NINA,SDII,3.126,3.507,0.381,12.18
RAW_CMIP6,CESM2,HOT_DRY,351010,LA_NINA,Rx1day,19.038,29.597,10.559,55.46
RAW_CMIP6,CESM2,HOT_DRY,351010,LA_NINA,Rx5day,48.458,70.132,21.674,44.73
RAW_CMIP6,CESM2,HOT_DRY,351010,LA_NINA,R20mm,0.4,1.556,1.156,288.89
RAW_CMIP6,CESM2,HOT_DRY,351010,LA_NINA,R50mm,0.0,0.0,0.0,0.0
RAW_CMIP6,CESM2,HOT_DRY,351010,LA_NINA,R95p,27.072,48.631,21.559,79.64
RAW_CMIP6,CESM2,HOT_DRY,351010,LA_NINA,R99p,12.976,36.317,23.341,179.88
RAW_CMIP6,CESM2,HOT_DRY,351010,LA_NINA,CDD,9.6,12.0,2.4,25.0
RAW_CMIP6,CESM2,HOT_DRY,351010,LA_NINA,CWD,16.8,21.444,4.644,27.65
RAW_CMIP6,CESM2,HOT_DRY,351011,EL_NINO,PRCPTOT,375.296,478.765,103.469,27.57
RAW_CMIP6,CESM2,HOT_DRY,351011,EL_NINO,wet_day_freq,63.316,71.41,8.094,12.78
RAW_CMIP6,CESM2,HOT_DRY,351011,EL_NINO,SDII,3.288,3.672,0.384,11.69
RAW_CMIP6,CESM2,HOT_DRY,351011,EL_NINO,Rx1day,20.872,23.325,2.453,11.75
RAW_CMIP6,CESM2,HOT_DRY,351011,EL_NINO,Rx5day,51.164,61.692,10.528,20.58
RAW_CMIP6,CESM2,HOT_DRY,351011,EL_NINO,R20mm,0.4,1.25,0.85,212.5
RAW_CMIP6,CESM2,HOT_DRY,351011,EL_NINO,R50mm,0.0,0.0,0.0,0.0
RAW_CMIP6,CESM2,HOT_DRY,351011,EL_NINO,R95p,0.0,0.0,0.0,0.0
RAW_CMIP6,CESM2,HOT_DRY,351011,EL_NINO,R99p,0.0,0.0,0.0,0.0
RAW_CMIP6,CESM2,HOT_DRY,351011,EL_NINO,CDD,10.0,8.0,-2.0,-20.0
RAW_CMIP6,CESM2,HOT_DRY,351011,EL_NINO,CWD,20.8,25.25,4.45,21.39
RAW_CMIP6,CESM2,HOT_DRY,351011,LA_NINA,PRCPTOT,375.296,456.989,81.693,21.77
RAW_CMIP6,CESM2,HOT_DRY,351011,LA_NINA,wet_day_freq,63.316,66.36,3.044,4.81
RAW_CMIP6,CESM2,HOT_DRY,351011,LA_NINA,SDII,3.288,3.769,0.481,14.63
RAW_CMIP6,CESM2,HOT_DRY,351011,LA_NINA,Rx1day,20.872,33.346,12.474,59.76
RAW_CMIP6,CESM2,HOT_DRY,351011,LA_NINA,Rx5day,51.164,80.221,29.057,56.79
RAW_CMIP6,CESM2,HOT_DRY,351011,LA_NINA,R20mm,0.4,1.667,1.267,316.67
RAW_CMIP6,CESM2,HOT_DRY,351011,LA_NINA,R50mm,0.0,0.111,0.111,0.0
RAW_CMIP6,CESM2,HOT_DRY,351011,LA_NINA,R95p,0.0,16.313,16.313,0.0
RAW_CMIP6,CESM2,HOT_DRY,351011,LA_NINA,R99p,0.0,0.0,0.0,0.0
RAW_CMIP6,CESM2,HOT_DRY,351011,LA_NINA,CDD,10.0,12.222,2.222,22.22
RAW_CMIP6,CESM2,HOT_DRY,351011,LA_NINA,CWD,20.8,23.444,2.644,12.71
RAW_CMIP6,CESM2,HOT_DRY,351012,EL_NINO,PRCPTOT,333.714,427.88,94.166,28.22
RAW_CMIP6,CESM2,HOT_DRY,351012,EL_NINO,wet_day_freq,58.896,65.19,6.294,10.69
RAW_CMIP6,CESM2,HOT_DRY,351012,EL_NINO,SDII,3.126,3.603,0.477,15.24
RAW_CMIP6,CESM2,HOT_DRY,351012,EL_NINO,Rx1day,19.038,25.422,6.384,33.54
RAW_CMIP6,CESM2,HOT_DRY,351012,EL_NINO,Rx5day,48.458,69.457,20.999,43.34
RAW_CMIP6,CESM2,HOT_DRY,351012,EL_NINO,R20mm,0.4,1.25,0.85,212.5
RAW_CMIP6,CESM2,HOT_DRY,351012,EL_NINO,R50mm,0.0,0.0,0.0,0.0
RAW_CMIP6,CESM2,HOT_DRY,351012,EL_NINO,R95p,0.0,0.0,0.0,0.0
RAW_CMIP6,CESM2,HOT_DRY,351012,EL_NINO,R99p,0.0,0.0,0.0,0.0
RAW_CMIP6,CESM2,HOT_DRY,351012,EL_NINO,CDD,9.6,8.5,-1.1,-11.46
RAW_CMIP6,CESM2,HOT_DRY,351012,EL_NINO,CWD,16.8,20.0,3.2,19.05
RAW_CMIP6,CESM2,HOT_DRY,351012,LA_NINA,PRCPTOT,333.714,395.588,61.874,18.54
RAW_CMIP6,CESM2,HOT_DRY,351012,LA_NINA,wet_day_freq,58.896,61.939,3.043,5.17
RAW_CMIP6,CESM2,HOT_DRY,351012,LA_NINA,SDII,3.126,3.507,0.381,12.18
RAW_CMIP6,CESM2,HOT_DRY,351012,LA_NINA,Rx1day,19.038,29.597,10.559,55.46
RAW_CMIP6,CESM2,HOT_DRY,351012,LA_NINA,Rx5day,48.458,70.132,21.674,44.73
RAW_CMIP6,CESM2,HOT_DRY,351012,LA_NINA,R20mm,0.4,1.556,1.156,288.89
RAW_CMIP6,CESM2,HOT_DRY,351012,LA_NINA,R50mm,0.0,0.0,0.0,0.0
RAW_CMIP6,CESM2,HOT_DRY,351012,LA_NINA,R95p,0.0,0.0,0.0,0.0
RAW_CMIP6,CESM2,HOT_DRY,351012,LA_NINA,R99p,0.0,0.0,0.0,0.0
RAW_CMIP6,CESM2,HOT_DRY,351012,LA_NINA,CDD,9.6,12.0,2.4,25.0
RAW_CMIP6,CESM2,HOT_DRY,351012,LA_NINA,CWD,16.8,21.444,4.644,27.65
RAW_CMIP6,CESM2,HOT_DRY,351201,EL_NINO,PRCPTOT,375.296,478.765,103.469,27.57
RAW_CMIP6,CESM2,HOT_DRY,351201,EL_NINO,wet_day_freq,63.316,71.41,8.094,12.78
RAW_CMIP6,CESM2,HOT_DRY,351201,EL_NINO,SDII,3.288,3.672,0.384,11.69
RAW_CMIP6,CESM2,HOT_DRY,351201,EL_NINO,Rx1day,20.872,23.325,2.453,11.75
RAW_CMIP6,CESM2,HOT_DRY,351201,EL_NINO,Rx5day,51.164,61.692,10.528,20.58
RAW_CMIP6,CESM2,HOT_DRY,351201,EL_NINO,R20mm,0.4,1.25,0.85,212.5
RAW_CMIP6,CESM2,HOT_DRY,351201,EL_NINO,R50mm,0.0,0.0,0.0,0.0
RAW_CMIP6,CESM2,HOT_DRY,351201,EL_NINO,R95p,8.076,0.0,-8.076,-100.0
RAW_CMIP6,CESM2,HOT_DRY,351201,EL_NINO,R99p,0.0,0.0,0.0,0.0
RAW_CMIP6,CESM2,HOT_DRY,351201,EL_NINO,CDD,10.0,8.0,-2.0,-20.0
RAW_CMIP6,CESM2,HOT_DRY,351201,EL_NINO,CWD,20.8,25.25,4.45,21.39
RAW_CMIP6,CESM2,HOT_DRY,351201,LA_NINA,PRCPTOT,375.296,456.989,81.693,21.77
RAW_CMIP6,CESM2,HOT_DRY,351201,LA_NINA,wet_day_freq,63.316,66.36,3.044,4.81
RAW_CMIP6,CESM2,HOT_DRY,351201,LA_NINA,SDII,3.288,3.769,0.481,14.63
RAW_CMIP6,CESM2,HOT_DRY,351201,LA_NINA,Rx1day,20.872,33.346,12.474,59.76
RAW_CMIP6,CESM2,HOT_DRY,351201,LA_NINA,Rx5day,51.164,80.221,29.057,56.79
RAW_CMIP6,CESM2,HOT_DRY,351201,LA_NINA,R20mm,0.4,1.667,1.267,316.67
RAW_CMIP6,CESM2,HOT_DRY,351201,LA_NINA,R50mm,0.0,0.111,0.111,0.0
RAW_CMIP6,CESM2,HOT_DRY,351201,LA_NINA,R95p,8.076,16.313,8.237,102.0
RAW_CMIP6,CESM2,HOT_DRY,351201,LA_NINA,R99p,0.0,0.0,0.0,0.0
RAW_CMIP6,CESM2,HOT_DRY,351201,LA_NINA,CDD,10.0,12.222,2.222,22.22
RAW_CMIP6,CESM2,HOT_DRY,351201,LA_NINA,CWD,20.8,23.444,2.644,12.71
RAW_CMIP6,CESM2,RAINY,351001,EL_NINO,PRCPTOT,644.033,546.41,-97.623,-15.16
RAW_CMIP6,CESM2,RAINY,351001,EL_NINO,wet_day_freq,65.94,62.5,-3.44,-5.22
RAW_CMIP6,CESM2,RAINY,351001,EL_NINO,SDII,5.237,4.745,-0.492,-9.39
RAW_CMIP6,CESM2,RAINY,351001,EL_NINO,Rx1day,37.708,48.08,10.372,27.5
RAW_CMIP6,CESM2,RAINY,351001,EL_NINO,Rx5day,92.252,100.06,7.808,8.46
RAW_CMIP6,CESM2,RAINY,351001,EL_NINO,R20mm,5.333,3.5,-1.833,-34.37
RAW_CMIP6,CESM2,RAINY,351001,EL_NINO,R50mm,0.167,0.0,-0.167,-100.0
RAW_CMIP6,CESM2,RAINY,351001,EL_NINO,R95p,29.017,48.08,19.063,65.7
RAW_CMIP6,CESM2,RAINY,351001,EL_NINO,R99p,13.345,0.0,-13.345,-100.0
RAW_CMIP6,CESM2,RAINY,351001,EL_NINO,CDD,9.0,6.5,-2.5,-27.78
RAW_CMIP6,CESM2,RAINY,351001,EL_NINO,CWD,19.0,16.5,-2.5,-13.16
RAW_CMIP6,CESM2,RAINY,351001,LA_NINA,PRCPTOT,644.033,746.242,102.209,15.87
RAW_CMIP6,CESM2,RAINY,351001,LA_NINA,wet_day_freq,65.94,71.088,5.148,7.81
RAW_CMIP6,CESM2,RAINY,351001,LA_NINA,SDII,5.237,5.72,0.483,9.23
RAW_CMIP6,CESM2,RAINY,351001,LA_NINA,Rx1day,37.708,52.566,14.858,39.4
RAW_CMIP6,CESM2,RAINY,351001,LA_NINA,Rx5day,92.252,133.308,41.056,44.5
RAW_CMIP6,CESM2,RAINY,351001,LA_NINA,R20mm,5.333,6.2,0.867,16.25
RAW_CMIP6,CESM2,RAINY,351001,LA_NINA,R50mm,0.167,1.0,0.833,500.0
RAW_CMIP6,CESM2,RAINY,351001,LA_NINA,R95p,29.017,63.748,34.731,119.69
RAW_CMIP6,CESM2,RAINY,351001,LA_NINA,R99p,13.345,0.0,-13.345,-100.0
RAW_CMIP6,CESM2,RAINY,351001,LA_NINA,CDD,9.0,7.0,-2.0,-22.22
RAW_CMIP6,CESM2,RAINY,351001,LA_NINA,CWD,19.0,26.8,7.8,41.05
RAW_CMIP6,CESM2,RAINY,351002,EL_NINO,PRCPTOT,644.033,546.41,-97.623,-15.16
RAW_CMIP6,CESM2,RAINY,351002,EL_NINO,wet_day_freq,65.94,62.5,-3.44,-5.22
RAW_CMIP6,CESM2,RAINY,351002,EL_NINO,SDII,5.237,4.745,-0.492,-9.39
RAW_CMIP6,CESM2,RAINY,351002,EL_NINO,Rx1day,37.708,48.08,10.372,27.5
RAW_CMIP6,CESM2,RAINY,351002,EL_NINO,Rx5day,92.252,100.06,7.808,8.46
RAW_CMIP6,CESM2,RAINY,351002,EL_NINO,R20mm,5.333,3.5,-1.833,-34.37
RAW_CMIP6,CESM2,RAINY,351002,EL_NINO,R50mm,0.167,0.0,-0.167,-100.0
RAW_CMIP6,CESM2,RAINY,351002,EL_NINO,R95p,36.077,48.08,12.003,33.27
RAW_CMIP6,CESM2,RAINY,351002,EL_NINO,R99p,13.345,0.0,-13.345,-100.0
RAW_CMIP6,CESM2,RAINY,351002,EL_NINO,CDD,9.0,6.5,-2.5,-27.78
RAW_CMIP6,CESM2,RAINY,351002,EL_NINO,CWD,19.0,16.5,-2.5,-13.16
RAW_CMIP6,CESM2,RAINY,351002,LA_NINA,PRCPTOT,644.033,746.242,102.209,15.87
RAW_CMIP6,CESM2,RAINY,351002,LA_NINA,wet_day_freq,65.94,71.088,5.148,7.81
RAW_CMIP6,CESM2,RAINY,351002,LA_NINA,SDII,5.237,5.72,0.483,9.23
RAW_CMIP6,CESM2,RAINY,351002,LA_NINA,Rx1day,37.708,52.566,14.858,39.4
RAW_CMIP6,CESM2,RAINY,351002,LA_NINA,Rx5day,92.252,133.308,41.056,44.5
RAW_CMIP6,CESM2,RAINY,351002,LA_NINA,R20mm,5.333,6.2,0.867,16.25
RAW_CMIP6,CESM2,RAINY,351002,LA_NINA,R50mm,0.167,1.0,0.833,500.0
RAW_CMIP6,CESM2,RAINY,351002,LA_NINA,R95p,36.077,63.748,27.671,76.7
RAW_CMIP6,CESM2,RAINY,351002,LA_NINA,R99p,13.345,0.0,-13.345,-100.0
RAW_CMIP6,CESM2,RAINY,351002,LA_NINA,CDD,9.0,7.0,-2.0,-22.22
RAW_CMIP6,CESM2,RAINY,351002,LA_NINA,CWD,19.0,26.8,7.8,41.05
RAW_CMIP6,CESM2,RAINY,351003,EL_NINO,PRCPTOT,584.928,481.81,-103.118,-17.63
RAW_CMIP6,CESM2,RAINY,351003,EL_NINO,wet_day_freq,61.867,58.425,-3.442,-5.56
RAW_CMIP6,CESM2,RAINY,351003,EL_NINO,SDII,5.075,4.475,-0.6,-11.82
RAW_CMIP6,CESM2,RAINY,351003,EL_NINO,Rx1day,31.933,52.625,20.692,64.8
RAW_CMIP6,CESM2,RAINY,351003,EL_NINO,Rx5day,85.933,96.22,10.287,11.97
RAW_CMIP6,CESM2,RAINY,351003,EL_NINO,R20mm,4.0,2.0,-2.0,-50.0
RAW_CMIP6,CESM2,RAINY,351003,EL_NINO,R50mm,0.333,0.5,0.167,50.0
RAW_CMIP6,CESM2,RAINY,351003,EL_NINO,R95p,47.277,52.625,5.348,11.31
RAW_CMIP6,CESM2,RAINY,351003,EL_NINO,R99p,0.0,0.0,0.0,0.0
RAW_CMIP6,CESM2,RAINY,351003,EL_NINO,CDD,12.167,10.0,-2.167,-17.81
RAW_CMIP6,CESM2,RAINY,351003,EL_NINO,CWD,22.833,15.0,-7.833,-34.31
RAW_CMIP6,CESM2,RAINY,351003,LA_NINA,PRCPTOT,584.928,719.606,134.678,23.02
RAW_CMIP6,CESM2,RAINY,351003,LA_NINA,wet_day_freq,61.867,69.13,7.263,11.74
RAW_CMIP6,CESM2,RAINY,351003,LA_NINA,SDII,5.075,5.664,0.589,11.61
RAW_CMIP6,CESM2,RAINY,351003,LA_NINA,Rx1day,31.933,57.666,25.733,80.58
RAW_CMIP6,CESM2,RAINY,351003,LA_NINA,Rx5day,85.933,150.396,64.463,75.01
RAW_CMIP6,CESM2,RAINY,351003,LA_NINA,R20mm,4.0,5.4,1.4,35.0
RAW_CMIP6,CESM2,RAINY,351003,LA_NINA,R50mm,0.333,1.2,0.867,260.0
RAW_CMIP6,CESM2,RAINY,351003,LA_NINA,R95p,47.277,94.704,47.427,100.32
RAW_CMIP6,CESM2,RAINY,351003,LA_NINA,R99p,0.0,29.124,29.124,0.0
RAW_CMIP6,CESM2,RAINY,351003,LA_NINA,CDD,12.167,8.2,-3.967,-32.6
RAW_CMIP6,CESM2,RAINY,351003,LA_NINA,CWD,22.833,23.2,0.367,1.61
RAW_CMIP6,CESM2,RAINY,351004,EL_NINO,PRCPTOT,644.033,546.41,-97.623,-15.16
RAW_CMIP6,CESM2,RAINY,351004,EL_NINO,wet_day_freq,65.94,62.5,-3.44,-5.22
RAW_CMIP6,CESM2,RAINY,351004,EL_NINO,SDII,5.237,4.745,-0.492,-9.39
RAW_CMIP6,CESM2,RAINY,351004,EL_NINO,Rx1day,37.708,48.08,10.372,27.5
RAW_CMIP6,CESM2,RAINY,351004,EL_NINO,Rx5day,92.252,100.06,7.808,8.46
RAW_CMIP6,CESM2,RAINY,351004,EL_NINO,R20mm,5.333,3.5,-1.833,-34.37
RAW_CMIP6,CESM2,RAINY,351004,EL_NINO,R50mm,0.167,0.0,-0.167,-100.0
RAW_CMIP6,CESM2,RAINY,351004,EL_NINO,R95p,36.077,48.08,12.003,33.27
RAW_CMIP6,CESM2,RAINY,351004,EL_NINO,R99p,13.345,0.0,-13.345,-100.0
RAW_CMIP6,CESM2,RAINY,351004,EL_NINO,CDD,9.0,6.5,-2.5,-27.78
RAW_CMIP6,CESM2,RAINY,351004,EL_NINO,CWD,19.0,16.5,-2.5,-13.16
RAW_CMIP6,CESM2,RAINY,351004,LA_NINA,PRCPTOT,644.033,746.242,102.209,15.87
RAW_CMIP6,CESM2,RAINY,351004,LA_NINA,wet_day_freq,65.94,71.088,5.148,7.81
RAW_CMIP6,CESM2,RAINY,351004,LA_NINA,SDII,5.237,5.72,0.483,9.23
RAW_CMIP6,CESM2,RAINY,351004,LA_NINA,Rx1day,37.708,52.566,14.858,39.4
RAW_CMIP6,CESM2,RAINY,351004,LA_NINA,Rx5day,92.252,133.308,41.056,44.5
RAW_CMIP6,CESM2,RAINY,351004,LA_NINA,R20mm,5.333,6.2,0.867,16.25
RAW_CMIP6,CESM2,RAINY,351004,LA_NINA,R50mm,0.167,1.0,0.833,500.0
RAW_CMIP6,CESM2,RAINY,351004,LA_NINA,R95p,36.077,63.748,27.671,76.7
RAW_CMIP6,CESM2,RAINY,351004,LA_NINA,R99p,13.345,0.0,-13.345,-100.0
RAW_CMIP6,CESM2,RAINY,351004,LA_NINA,CDD,9.0,7.0,-2.0,-22.22
RAW_CMIP6,CESM2,RAINY,351004,LA_NINA,CWD,19.0,26.8,7.8,41.05
RAW_CMIP6,CESM2,RAINY,351005,EL_NINO,PRCPTOT,644.033,546.41,-97.623,-15.16
RAW_CMIP6,CESM2,RAINY,351005,EL_NINO,wet_day_freq,65.94,62.5,-3.44,-5.22
RAW_CMIP6,CESM2,RAINY,351005,EL_NINO,SDII,5.237,4.745,-0.492,-9.39
RAW_CMIP6,CESM2,RAINY,351005,EL_NINO,Rx1day,37.708,48.08,10.372,27.5
RAW_CMIP6,CESM2,RAINY,351005,EL_NINO,Rx5day,92.252,100.06,7.808,8.46
RAW_CMIP6,CESM2,RAINY,351005,EL_NINO,R20mm,5.333,3.5,-1.833,-34.37
RAW_CMIP6,CESM2,RAINY,351005,EL_NINO,R50mm,0.167,0.0,-0.167,-100.0
RAW_CMIP6,CESM2,RAINY,351005,EL_NINO,R95p,36.077,48.08,12.003,33.27
RAW_CMIP6,CESM2,RAINY,351005,EL_NINO,R99p,13.345,0.0,-13.345,-100.0
RAW_CMIP6,CESM2,RAINY,351005,EL_NINO,CDD,9.0,6.5,-2.5,-27.78
RAW_CMIP6,CESM2,RAINY,351005,EL_NINO,CWD,19.0,16.5,-2.5,-13.16
RAW_CMIP6,CESM2,RAINY,351005,LA_NINA,PRCPTOT,644.033,746.242,102.209,15.87
RAW_CMIP6,CESM2,RAINY,351005,LA_NINA,wet_day_freq,65.94,71.088,5.148,7.81
RAW_CMIP6,CESM2,RAINY,351005,LA_NINA,SDII,5.237,5.72,0.483,9.23
RAW_CMIP6,CESM2,RAINY,351005,LA_NINA,Rx1day,37.708,52.566,14.858,39.4
RAW_CMIP6,CESM2,RAINY,351005,LA_NINA,Rx5day,92.252,133.308,41.056,44.5
RAW_CMIP6,CESM2,RAINY,351005,LA_NINA,R20mm,5.333,6.2,0.867,16.25
RAW_CMIP6,CESM2,RAINY,351005,LA_NINA,R50mm,0.167,1.0,0.833,500.0
RAW_CMIP6,CESM2,RAINY,351005,LA_NINA,R95p,36.077,63.748,27.671,76.7
RAW_CMIP6,CESM2,RAINY,351005,LA_NINA,R99p,13.345,0.0,-13.345,-100.0
RAW_CMIP6,CESM2,RAINY,351005,LA_NINA,CDD,9.0,7.0,-2.0,-22.22
RAW_CMIP6,CESM2,RAINY,351005,LA_NINA,CWD,19.0,26.8,7.8,41.05
RAW_CMIP6,CESM2,RAINY,351006,EL_NINO,PRCPTOT,652.855,480.155,-172.7,-26.45
RAW_CMIP6,CESM2,RAINY,351006,EL_NINO,wet_day_freq,66.575,65.76,-0.815,-1.22
RAW_CMIP6,CESM2,RAINY,351006,EL_NINO,SDII,5.26,3.965,-1.295,-24.62
RAW_CMIP6,CESM2,RAINY,351006,EL_NINO,Rx1day,37.135,33.99,-3.145,-8.47
RAW_CMIP6,CESM2,RAINY,351006,EL_NINO,Rx5day,95.748,73.72,-22.028,-23.01
RAW_CMIP6,CESM2,RAINY,351006,EL_NINO,R20mm,4.5,2.5,-2.0,-44.44
RAW_CMIP6,CESM2,RAINY,351006,EL_NINO,R50mm,0.0,0.0,0.0,0.0
RAW_CMIP6,CESM2,RAINY,351006,EL_NINO,R95p,138.8,66.88,-71.92,-51.82
RAW_CMIP6,CESM2,RAINY,351006,EL_NINO,R99p,36.992,20.39,-16.602,-44.88
RAW_CMIP6,CESM2,RAINY,351006,EL_NINO,CDD,10.333,7.0,-3.333,-32.26
RAW_CMIP6,CESM2,RAINY,351006,EL_NINO,CWD,17.667,19.5,1.833,10.38
RAW_CMIP6,CESM2,RAINY,351006,LA_NINA,PRCPTOT,652.855,721.378,68.523,10.5
RAW_CMIP6,CESM2,RAINY,351006,LA_NINA,wet_day_freq,66.575,73.698,7.123,10.7
RAW_CMIP6,CESM2,RAINY,351006,LA_NINA,SDII,5.26,5.314,0.054,1.03
RAW_CMIP6,CESM2,RAINY,351006,LA_NINA,Rx1day,37.135,52.502,15.367,41.38
RAW_CMIP6,CESM2,RAINY,351006,LA_NINA,Rx5day,95.748,126.29,30.542,31.9
RAW_CMIP6,CESM2,RAINY,351006,LA_NINA,R20mm,4.5,5.0,0.5,11.11
RAW_CMIP6,CESM2,RAINY,351006,LA_NINA,R50mm,0.0,0.8,0.8,0.0
RAW_CMIP6,CESM2,RAINY,351006,LA_NINA,R95p,138.8,167.99,29.19,21.03
RAW_CMIP6,CESM2,RAINY,351006,LA_NINA,R99p,36.992,85.234,48.242,130.41
RAW_CMIP6,CESM2,RAINY,351006,LA_NINA,CDD,10.333,5.8,-4.533,-43.87
RAW_CMIP6,CESM2,RAINY,351006,LA_NINA,CWD,17.667,29.2,11.533,65.28
RAW_CMIP6,CESM2,RAINY,351007,EL_NINO,PRCPTOT,652.855,480.155,-172.7,-26.45
RAW_CMIP6,CESM2,RAINY,351007,EL_NINO,wet_day_freq,66.575,65.76,-0.815,-1.22
RAW_CMIP6,CESM2,RAINY,351007,EL_NINO,SDII,5.26,3.965,-1.295,-24.62
RAW_CMIP6,CESM2,RAINY,351007,EL_NINO,Rx1day,37.135,33.99,-3.145,-8.47
RAW_CMIP6,CESM2,RAINY,351007,EL_NINO,Rx5day,95.748,73.72,-22.028,-23.01
RAW_CMIP6,CESM2,RAINY,351007,EL_NINO,R20mm,4.5,2.5,-2.0,-44.44
RAW_CMIP6,CESM2,RAINY,351007,EL_NINO,R50mm,0.0,0.0,0.0,0.0
RAW_CMIP6,CESM2,RAINY,351007,EL_NINO,R95p,145.205,66.88,-78.325,-53.94
RAW_CMIP6,CESM2,RAINY,351007,EL_NINO,R99p,36.992,20.39,-16.602,-44.88
RAW_CMIP6,CESM2,RAINY,351007,EL_NINO,CDD,10.333,7.0,-3.333,-32.26
RAW_CMIP6,CESM2,RAINY,351007,EL_NINO,CWD,17.667,19.5,1.833,10.38
RAW_CMIP6,CESM2,RAINY,351007,LA_NINA,PRCPTOT,652.855,721.378,68.523,10.5
RAW_CMIP6,CESM2,RAINY,351007,LA_NINA,wet_day_freq,66.575,73.698,7.123,10.7
RAW_CMIP6,CESM2,RAINY,351007,LA_NINA,SDII,5.26,5.314,0.054,1.03
RAW_CMIP6,CESM2,RAINY,351007,LA_NINA,Rx1day,37.135,52.502,15.367,41.38
RAW_CMIP6,CESM2,RAINY,351007,LA_NINA,Rx5day,95.748,126.29,30.542,31.9
RAW_CMIP6,CESM2,RAINY,351007,LA_NINA,R20mm,4.5,5.0,0.5,11.11
RAW_CMIP6,CESM2,RAINY,351007,LA_NINA,R50mm,0.0,0.8,0.8,0.0
RAW_CMIP6,CESM2,RAINY,351007,LA_NINA,R95p,145.205,171.876,26.671,18.37
RAW_CMIP6,CESM2,RAINY,351007,LA_NINA,R99p,36.992,85.234,48.242,130.41
RAW_CMIP6,CESM2,RAINY,351007,LA_NINA,CDD,10.333,5.8,-4.533,-43.87
RAW_CMIP6,CESM2,RAINY,351007,LA_NINA,CWD,17.667,29.2,11.533,65.28
RAW_CMIP6,CESM2,RAINY,351008,EL_NINO,PRCPTOT,644.033,546.41,-97.623,-15.16
RAW_CMIP6,CESM2,RAINY,351008,EL_NINO,wet_day_freq,65.94,62.5,-3.44,-5.22
RAW_CMIP6,CESM2,RAINY,351008,EL_NINO,SDII,5.237,4.745,-0.492,-9.39
RAW_CMIP6,CESM2,RAINY,351008,EL_NINO,Rx1day,37.708,48.08,10.372,27.5
RAW_CMIP6,CESM2,RAINY,351008,EL_NINO,Rx5day,92.252,100.06,7.808,8.46
RAW_CMIP6,CESM2,RAINY,351008,EL_NINO,R20mm,5.333,3.5,-1.833,-34.37
RAW_CMIP6,CESM2,RAINY,351008,EL_NINO,R50mm,0.167,0.0,-0.167,-100.0
RAW_CMIP6,CESM2,RAINY,351008,EL_NINO,R95p,174.882,128.655,-46.227,-26.43
RAW_CMIP6,CESM2,RAINY,351008,EL_NINO,R99p,36.077,48.08,12.003,33.27
RAW_CMIP6,CESM2,RAINY,351008,EL_NINO,CDD,9.0,6.5,-2.5,-27.78
RAW_CMIP6,CESM2,RAINY,351008,EL_NINO,CWD,19.0,16.5,-2.5,-13.16
RAW_CMIP6,CESM2,RAINY,351008,LA_NINA,PRCPTOT,644.033,746.242,102.209,15.87
RAW_CMIP6,CESM2,RAINY,351008,LA_NINA,wet_day_freq,65.94,71.088,5.148,7.81
RAW_CMIP6,CESM2,RAINY,351008,LA_NINA,SDII,5.237,5.72,0.483,9.23
RAW_CMIP6,CESM2,RAINY,351008,LA_NINA,Rx1day,37.708,52.566,14.858,39.4
RAW_CMIP6,CESM2,RAINY,351008,LA_NINA,Rx5day,92.252,133.308,41.056,44.5
RAW_CMIP6,CESM2,RAINY,351008,LA_NINA,R20mm,5.333,6.2,0.867,16.25
RAW_CMIP6,CESM2,RAINY,351008,LA_NINA,R50mm,0.167,1.0,0.833,500.0
RAW_CMIP6,CESM2,RAINY,351008,LA_NINA,R95p,174.882,213.494,38.612,22.08
RAW_CMIP6,CESM2,RAINY,351008,LA_NINA,R99p,36.077,79.522,43.445,120.43
RAW_CMIP6,CESM2,RAINY,351008,LA_NINA,CDD,9.0,7.0,-2.0,-22.22
RAW_CMIP6,CESM2,RAINY,351008,LA_NINA,CWD,19.0,26.8,7.8,41.05
RAW_CMIP6,CESM2,RAINY,351009,EL_NINO,PRCPTOT,644.033,546.41,-97.623,-15.16
RAW_CMIP6,CESM2,RAINY,351009,EL_NINO,wet_day_freq,65.94,62.5,-3.44,-5.22
RAW_CMIP6,CESM2,RAINY,351009,EL_NINO,SDII,5.237,4.745,-0.492,-9.39
RAW_CMIP6,CESM2,RAINY,351009,EL_NINO,Rx1day,37.708,48.08,10.372,27.5
RAW_CMIP6,CESM2,RAINY,351009,EL_NINO,Rx5day,92.252,100.06,7.808,8.46
RAW_CMIP6,CESM2,RAINY,351009,EL_NINO,R20mm,5.333,3.5,-1.833,-34.37
RAW_CMIP6,CESM2,RAINY,351009,EL_NINO,R50mm,0.167,0.0,-0.167,-100.0
RAW_CMIP6,CESM2,RAINY,351009,EL_NINO,R95p,232.403,177.87,-54.533,-23.46
RAW_CMIP6,CESM2,RAINY,351009,EL_NINO,R99p,159.207,119.47,-39.737,-24.96
RAW_CMIP6,CESM2,RAINY,351009,EL_NINO,CDD,9.0,6.5,-2.5,-27.78
RAW_CMIP6,CESM2,RAINY,351009,EL_NINO,CWD,19.0,16.5,-2.5,-13.16
RAW_CMIP6,CESM2,RAINY,351009,LA_NINA,PRCPTOT,644.033,746.242,102.209,15.87
RAW_CMIP6,CESM2,RAINY,351009,LA_NINA,wet_day_freq,65.94,71.088,5.148,7.81
RAW_CMIP6,CESM2,RAINY,351009,LA_NINA,SDII,5.237,5.72,0.483,9.23
RAW_CMIP6,CESM2,RAINY,351009,LA_NINA,Rx1day,37.708,52.566,14.858,39.4
RAW_CMIP6,CESM2,RAINY,351009,LA_NINA,Rx5day,92.252,133.308,41.056,44.5
RAW_CMIP6,CESM2,RAINY,351009,LA_NINA,R20mm,5.333,6.2,0.867,16.25
RAW_CMIP6,CESM2,RAINY,351009,LA_NINA,R50mm,0.167,1.0,0.833,500.0
RAW_CMIP6,CESM2,RAINY,351009,LA_NINA,R95p,232.403,280.16,47.757,20.55
RAW_CMIP6,CESM2,RAINY,351009,LA_NINA,R99p,159.207,202.004,42.797,26.88
RAW_CMIP6,CESM2,RAINY,351009,LA_NINA,CDD,9.0,7.0,-2.0,-22.22
RAW_CMIP6,CESM2,RAINY,351009,LA_NINA,CWD,19.0,26.8,7.8,41.05
RAW_CMIP6,CESM2,RAINY,351010,EL_NINO,PRCPTOT,584.928,481.81,-103.118,-17.63
RAW_CMIP6,CESM2,RAINY,351010,EL_NINO,wet_day_freq,61.867,58.425,-3.442,-5.56
RAW_CMIP6,CESM2,RAINY,351010,EL_NINO,SDII,5.075,4.475,-0.6,-11.82
RAW_CMIP6,CESM2,RAINY,351010,EL_NINO,Rx1day,31.933,52.625,20.692,64.8
RAW_CMIP6,CESM2,RAINY,351010,EL_NINO,Rx5day,85.933,96.22,10.287,11.97
RAW_CMIP6,CESM2,RAINY,351010,EL_NINO,R20mm,4.0,2.0,-2.0,-50.0
RAW_CMIP6,CESM2,RAINY,351010,EL_NINO,R50mm,0.333,0.5,0.167,50.0
RAW_CMIP6,CESM2,RAINY,351010,EL_NINO,R95p,187.56,133.935,-53.625,-28.59
RAW_CMIP6,CESM2,RAINY,351010,EL_NINO,R99p,114.553,82.9,-31.653,-27.63
RAW_CMIP6,CESM2,RAINY,351010,EL_NINO,CDD,12.167,10.0,-2.167,-17.81
RAW_CMIP6,CESM2,RAINY,351010,EL_NINO,CWD,22.833,15.0,-7.833,-34.31
RAW_CMIP6,CESM2,RAINY,351010,LA_NINA,PRCPTOT,584.928,719.606,134.678,23.02
RAW_CMIP6,CESM2,RAINY,351010,LA_NINA,wet_day_freq,61.867,69.13,7.263,11.74
RAW_CMIP6,CESM2,RAINY,351010,LA_NINA,SDII,5.075,5.664,0.589,11.61
RAW_CMIP6,CESM2,RAINY,351010,LA_NINA,Rx1day,31.933,57.666,25.733,80.58
RAW_CMIP6,CESM2,RAINY,351010,LA_NINA,Rx5day,85.933,150.396,64.463,75.01
RAW_CMIP6,CESM2,RAINY,351010,LA_NINA,R20mm,4.0,5.4,1.4,35.0
RAW_CMIP6,CESM2,RAINY,351010,LA_NINA,R50mm,0.333,1.2,0.867,260.0
RAW_CMIP6,CESM2,RAINY,351010,LA_NINA,R95p,187.56,291.784,104.224,55.57
RAW_CMIP6,CESM2,RAINY,351010,LA_NINA,R99p,114.553,173.756,59.203,51.68
RAW_CMIP6,CESM2,RAINY,351010,LA_NINA,CDD,12.167,8.2,-3.967,-32.6
RAW_CMIP6,CESM2,RAINY,351010,LA_NINA,CWD,22.833,23.2,0.367,1.61
RAW_CMIP6,CESM2,RAINY,351011,EL_NINO,PRCPTOT,644.033,546.41,-97.623,-15.16
RAW_CMIP6,CESM2,RAINY,351011,EL_NINO,wet_day_freq,65.94,62.5,-3.44,-5.22
RAW_CMIP6,CESM2,RAINY,351011,EL_NINO,SDII,5.237,4.745,-0.492,-9.39
RAW_CMIP6,CESM2,RAINY,351011,EL_NINO,Rx1day,37.708,48.08,10.372,27.5
RAW_CMIP6,CESM2,RAINY,351011,EL_NINO,Rx5day,92.252,100.06,7.808,8.46
RAW_CMIP6,CESM2,RAINY,351011,EL_NINO,R20mm,5.333,3.5,-1.833,-34.37
RAW_CMIP6,CESM2,RAINY,351011,EL_NINO,R50mm,0.167,0.0,-0.167,-100.0
RAW_CMIP6,CESM2,RAINY,351011,EL_NINO,R95p,36.077,48.08,12.003,33.27
RAW_CMIP6,CESM2,RAINY,351011,EL_NINO,R99p,0.0,0.0,0.0,0.0
RAW_CMIP6,CESM2,RAINY,351011,EL_NINO,CDD,9.0,6.5,-2.5,-27.78
RAW_CMIP6,CESM2,RAINY,351011,EL_NINO,CWD,19.0,16.5,-2.5,-13.16
RAW_CMIP6,CESM2,RAINY,351011,LA_NINA,PRCPTOT,644.033,746.242,102.209,15.87
RAW_CMIP6,CESM2,RAINY,351011,LA_NINA,wet_day_freq,65.94,71.088,5.148,7.81
RAW_CMIP6,CESM2,RAINY,351011,LA_NINA,SDII,5.237,5.72,0.483,9.23
RAW_CMIP6,CESM2,RAINY,351011,LA_NINA,Rx1day,37.708,52.566,14.858,39.4
RAW_CMIP6,CESM2,RAINY,351011,LA_NINA,Rx5day,92.252,133.308,41.056,44.5
RAW_CMIP6,CESM2,RAINY,351011,LA_NINA,R20mm,5.333,6.2,0.867,16.25
RAW_CMIP6,CESM2,RAINY,351011,LA_NINA,R50mm,0.167,1.0,0.833,500.0
RAW_CMIP6,CESM2,RAINY,351011,LA_NINA,R95p,36.077,63.748,27.671,76.7
RAW_CMIP6,CESM2,RAINY,351011,LA_NINA,R99p,0.0,0.0,0.0,0.0
RAW_CMIP6,CESM2,RAINY,351011,LA_NINA,CDD,9.0,7.0,-2.0,-22.22
RAW_CMIP6,CESM2,RAINY,351011,LA_NINA,CWD,19.0,26.8,7.8,41.05
RAW_CMIP6,CESM2,RAINY,351012,EL_NINO,PRCPTOT,584.928,481.81,-103.118,-17.63
RAW_CMIP6,CESM2,RAINY,351012,EL_NINO,wet_day_freq,61.867,58.425,-3.442,-5.56
RAW_CMIP6,CESM2,RAINY,351012,EL_NINO,SDII,5.075,4.475,-0.6,-11.82
RAW_CMIP6,CESM2,RAINY,351012,EL_NINO,Rx1day,31.933,52.625,20.692,64.8
RAW_CMIP6,CESM2,RAINY,351012,EL_NINO,Rx5day,85.933,96.22,10.287,11.97
RAW_CMIP6,CESM2,RAINY,351012,EL_NINO,R20mm,4.0,2.0,-2.0,-50.0
RAW_CMIP6,CESM2,RAINY,351012,EL_NINO,R50mm,0.333,0.5,0.167,50.0
RAW_CMIP6,CESM2,RAINY,351012,EL_NINO,R95p,26.193,52.625,26.432,100.91
RAW_CMIP6,CESM2,RAINY,351012,EL_NINO,R99p,0.0,0.0,0.0,0.0
RAW_CMIP6,CESM2,RAINY,351012,EL_NINO,CDD,12.167,10.0,-2.167,-17.81
RAW_CMIP6,CESM2,RAINY,351012,EL_NINO,CWD,22.833,15.0,-7.833,-34.31
RAW_CMIP6,CESM2,RAINY,351012,LA_NINA,PRCPTOT,584.928,719.606,134.678,23.02
RAW_CMIP6,CESM2,RAINY,351012,LA_NINA,wet_day_freq,61.867,69.13,7.263,11.74
RAW_CMIP6,CESM2,RAINY,351012,LA_NINA,SDII,5.075,5.664,0.589,11.61
RAW_CMIP6,CESM2,RAINY,351012,LA_NINA,Rx1day,31.933,57.666,25.733,80.58
RAW_CMIP6,CESM2,RAINY,351012,LA_NINA,Rx5day,85.933,150.396,64.463,75.01
RAW_CMIP6,CESM2,RAINY,351012,LA_NINA,R20mm,4.0,5.4,1.4,35.0
RAW_CMIP6,CESM2,RAINY,351012,LA_NINA,R50mm,0.333,1.2,0.867,260.0
RAW_CMIP6,CESM2,RAINY,351012,LA_NINA,R95p,26.193,94.704,68.511,261.56
RAW_CMIP6,CESM2,RAINY,351012,LA_NINA,R99p,0.0,0.0,0.0,0.0
RAW_CMIP6,CESM2,RAINY,351012,LA_NINA,CDD,12.167,8.2,-3.967,-32.6
RAW_CMIP6,CESM2,RAINY,351012,LA_NINA,CWD,22.833,23.2,0.367,1.61
RAW_CMIP6,CESM2,RAINY,351201,EL_NINO,PRCPTOT,644.033,546.41,-97.623,-15.16
RAW_CMIP6,CESM2,RAINY,351201,EL_NINO,wet_day_freq,65.94,62.5,-3.44,-5.22
RAW_CMIP6,CESM2,RAINY,351201,EL_NINO,SDII,5.237,4.745,-0.492,-9.39
RAW_CMIP6,CESM2,RAINY,351201,EL_NINO,Rx1day,37.708,48.08,10.372,27.5
RAW_CMIP6,CESM2,RAINY,351201,EL_NINO,Rx5day,92.252,100.06,7.808,8.46
RAW_CMIP6,CESM2,RAINY,351201,EL_NINO,R20mm,5.333,3.5,-1.833,-34.37
RAW_CMIP6,CESM2,RAINY,351201,EL_NINO,R50mm,0.167,0.0,-0.167,-100.0
RAW_CMIP6,CESM2,RAINY,351201,EL_NINO,R95p,36.077,48.08,12.003,33.27
RAW_CMIP6,CESM2,RAINY,351201,EL_NINO,R99p,13.345,0.0,-13.345,-100.0
RAW_CMIP6,CESM2,RAINY,351201,EL_NINO,CDD,9.0,6.5,-2.5,-27.78
RAW_CMIP6,CESM2,RAINY,351201,EL_NINO,CWD,19.0,16.5,-2.5,-13.16
RAW_CMIP6,CESM2,RAINY,351201,LA_NINA,PRCPTOT,644.033,746.242,102.209,15.87
RAW_CMIP6,CESM2,RAINY,351201,LA_NINA,wet_day_freq,65.94,71.088,5.148,7.81
RAW_CMIP6,CESM2,RAINY,351201,LA_NINA,SDII,5.237,5.72,0.483,9.23
RAW_CMIP6,CESM2,RAINY,351201,LA_NINA,Rx1day,37.708,52.566,14.858,39.4
RAW_CMIP6,CESM2,RAINY,351201,LA_NINA,Rx5day,92.252,133.308,41.056,44.5
RAW_CMIP6,CESM2,RAINY,351201,LA_NINA,R20mm,5.333,6.2,0.867,16.25
RAW_CMIP6,CESM2,RAINY,351201,LA_NINA,R50mm,0.167,1.0,0.833,500.0
RAW_CMIP6,CESM2,RAINY,351201,LA_NINA,R95p,36.077,63.748,27.671,76.7
RAW_CMIP6,CESM2,RAINY,351201,LA_NINA,R99p,13.345,0.0,-13.345,-100.0
RAW_CMIP6,CESM2,RAINY,351201,LA_NINA,CDD,9.0,7.0,-2.0,-22.22
RAW_CMIP6,CESM2,RAINY,351201,LA_NINA,CWD,19.0,26.8,7.8,41.05
RAW_CMIP6,CanESM5,HOT_DRY,351001,EL_NINO,PRCPTOT,415.792,322.63,-93.162,-22.41
RAW_CMIP6,CanESM5,HOT_DRY,351001,EL_NINO,wet_day_freq,48.51,48.755,0.245,0.51
RAW_CMIP6,CanESM5,HOT_DRY,351001,EL_NINO,SDII,4.738,3.535,-1.203,-25.39
RAW_CMIP6,CanESM5,HOT_DRY,351001,EL_NINO,Rx1day,19.744,14.463,-5.281,-26.75
RAW_CMIP6,CanESM5,HOT_DRY,351001,EL_NINO,Rx5day,62.14,42.587,-19.553,-31.47
RAW_CMIP6,CanESM5,HOT_DRY,351001,EL_NINO,R20mm,0.4,0.5,0.1,25.0
RAW_CMIP6,CanESM5,HOT_DRY,351001,EL_NINO,R50mm,0.0,0.0,0.0,0.0
RAW_CMIP6,CanESM5,HOT_DRY,351001,EL_NINO,R95p,0.0,0.0,0.0,0.0
RAW_CMIP6,CanESM5,HOT_DRY,351001,EL_NINO,R99p,0.0,0.0,0.0,0.0
RAW_CMIP6,CanESM5,HOT_DRY,351001,EL_NINO,CDD,18.0,17.25,-0.75,-4.17
RAW_CMIP6,CanESM5,HOT_DRY,351001,EL_NINO,CWD,19.4,14.25,-5.15,-26.55
RAW_CMIP6,CanESM5,HOT_DRY,351001,LA_NINA,PRCPTOT,415.792,378.187,-37.605,-9.04
RAW_CMIP6,CanESM5,HOT_DRY,351001,LA_NINA,wet_day_freq,48.51,50.644,2.134,4.4
RAW_CMIP6,CanESM5,HOT_DRY,351001,LA_NINA,SDII,4.738,4.077,-0.661,-13.96
RAW_CMIP6,CanESM5,HOT_DRY,351001,LA_NINA,Rx1day,19.744,17.762,-1.982,-10.04
RAW_CMIP6,CanESM5,HOT_DRY,351001,LA_NINA,Rx5day,62.14,52.49,-9.65,-15.53
RAW_CMIP6,CanESM5,HOT_DRY,351001,LA_NINA,R20mm,0.4,0.222,-0.178,-44.44
RAW_CMIP6,CanESM5,HOT_DRY,351001,LA_NINA,R50mm,0.0,0.0,0.0,0.0
RAW_CMIP6,CanESM5,HOT_DRY,351001,LA_NINA,R95p,0.0,0.0,0.0,0.0
RAW_CMIP6,CanESM5,HOT_DRY,351001,LA_NINA,R99p,0.0,0.0,0.0,0.0
RAW_CMIP6,CanESM5,HOT_DRY,351001,LA_NINA,CDD,18.0,19.778,1.778,9.88
RAW_CMIP6,CanESM5,HOT_DRY,351001,LA_NINA,CWD,19.4,16.444,-2.956,-15.23
RAW_CMIP6,CanESM5,HOT_DRY,351002,EL_NINO,PRCPTOT,415.792,322.63,-93.162,-22.41
RAW_CMIP6,CanESM5,HOT_DRY,351002,EL_NINO,wet_day_freq,48.51,48.755,0.245,0.51
RAW_CMIP6,CanESM5,HOT_DRY,351002,EL_NINO,SDII,4.738,3.535,-1.203,-25.39
RAW_CMIP6,CanESM5,HOT_DRY,351002,EL_NINO,Rx1day,19.744,14.463,-5.281,-26.75
RAW_CMIP6,CanESM5,HOT_DRY,351002,EL_NINO,Rx5day,62.14,42.587,-19.553,-31.47
RAW_CMIP6,CanESM5,HOT_DRY,351002,EL_NINO,R20mm,0.4,0.5,0.1,25.0
RAW_CMIP6,CanESM5,HOT_DRY,351002,EL_NINO,R50mm,0.0,0.0,0.0,0.0
RAW_CMIP6,CanESM5,HOT_DRY,351002,EL_NINO,R95p,0.0,0.0,0.0,0.0
RAW_CMIP6,CanESM5,HOT_DRY,351002,EL_NINO,R99p,0.0,0.0,0.0,0.0
RAW_CMIP6,CanESM5,HOT_DRY,351002,EL_NINO,CDD,18.0,17.25,-0.75,-4.17
RAW_CMIP6,CanESM5,HOT_DRY,351002,EL_NINO,CWD,19.4,14.25,-5.15,-26.55
RAW_CMIP6,CanESM5,HOT_DRY,351002,LA_NINA,PRCPTOT,415.792,378.187,-37.605,-9.04
RAW_CMIP6,CanESM5,HOT_DRY,351002,LA_NINA,wet_day_freq,48.51,50.644,2.134,4.4
RAW_CMIP6,CanESM5,HOT_DRY,351002,LA_NINA,SDII,4.738,4.077,-0.661,-13.96
RAW_CMIP6,CanESM5,HOT_DRY,351002,LA_NINA,Rx1day,19.744,17.762,-1.982,-10.04
RAW_CMIP6,CanESM5,HOT_DRY,351002,LA_NINA,Rx5day,62.14,52.49,-9.65,-15.53
RAW_CMIP6,CanESM5,HOT_DRY,351002,LA_NINA,R20mm,0.4,0.222,-0.178,-44.44
RAW_CMIP6,CanESM5,HOT_DRY,351002,LA_NINA,R50mm,0.0,0.0,0.0,0.0
RAW_CMIP6,CanESM5,HOT_DRY,351002,LA_NINA,R95p,0.0,0.0,0.0,0.0
RAW_CMIP6,CanESM5,HOT_DRY,351002,LA_NINA,R99p,0.0,0.0,0.0,0.0
RAW_CMIP6,CanESM5,HOT_DRY,351002,LA_NINA,CDD,18.0,19.778,1.778,9.88
RAW_CMIP6,CanESM5,HOT_DRY,351002,LA_NINA,CWD,19.4,16.444,-2.956,-15.23
RAW_CMIP6,CanESM5,HOT_DRY,351003,EL_NINO,PRCPTOT,415.792,322.63,-93.162,-22.41
RAW_CMIP6,CanESM5,HOT_DRY,351003,EL_NINO,wet_day_freq,48.51,48.755,0.245,0.51
RAW_CMIP6,CanESM5,HOT_DRY,351003,EL_NINO,SDII,4.738,3.535,-1.203,-25.39
RAW_CMIP6,CanESM5,HOT_DRY,351003,EL_NINO,Rx1day,19.744,14.463,-5.281,-26.75
RAW_CMIP6,CanESM5,HOT_DRY,351003,EL_NINO,Rx5day,62.14,42.587,-19.553,-31.47
RAW_CMIP6,CanESM5,HOT_DRY,351003,EL_NINO,R20mm,0.4,0.5,0.1,25.0
RAW_CMIP6,CanESM5,HOT_DRY,351003,EL_NINO,R50mm,0.0,0.0,0.0,0.0
RAW_CMIP6,CanESM5,HOT_DRY,351003,EL_NINO,R95p,0.0,0.0,0.0,0.0
RAW_CMIP6,CanESM5,HOT_DRY,351003,EL_NINO,R99p,0.0,0.0,0.0,0.0
RAW_CMIP6,CanESM5,HOT_DRY,351003,EL_NINO,CDD,18.0,17.25,-0.75,-4.17
RAW_CMIP6,CanESM5,HOT_DRY,351003,EL_NINO,CWD,19.4,14.25,-5.15,-26.55
RAW_CMIP6,CanESM5,HOT_DRY,351003,LA_NINA,PRCPTOT,415.792,378.187,-37.605,-9.04
RAW_CMIP6,CanESM5,HOT_DRY,351003,LA_NINA,wet_day_freq,48.51,50.644,2.134,4.4
RAW_CMIP6,CanESM5,HOT_DRY,351003,LA_NINA,SDII,4.738,4.077,-0.661,-13.96
RAW_CMIP6,CanESM5,HOT_DRY,351003,LA_NINA,Rx1day,19.744,17.762,-1.982,-10.04
RAW_CMIP6,CanESM5,HOT_DRY,351003,LA_NINA,Rx5day,62.14,52.49,-9.65,-15.53
RAW_CMIP6,CanESM5,HOT_DRY,351003,LA_NINA,R20mm,0.4,0.222,-0.178,-44.44
RAW_CMIP6,CanESM5,HOT_DRY,351003,LA_NINA,R50mm,0.0,0.0,0.0,0.0
RAW_CMIP6,CanESM5,HOT_DRY,351003,LA_NINA,R95p,0.0,0.0,0.0,0.0
RAW_CMIP6,CanESM5,HOT_DRY,351003,LA_NINA,R99p,0.0,0.0,0.0,0.0
RAW_CMIP6,CanESM5,HOT_DRY,351003,LA_NINA,CDD,18.0,19.778,1.778,9.88
RAW_CMIP6,CanESM5,HOT_DRY,351003,LA_NINA,CWD,19.4,16.444,-2.956,-15.23
RAW_CMIP6,CanESM5,HOT_DRY,351004,EL_NINO,PRCPTOT,415.792,322.63,-93.162,-22.41
RAW_CMIP6,CanESM5,HOT_DRY,351004,EL_NINO,wet_day_freq,48.51,48.755,0.245,0.51
RAW_CMIP6,CanESM5,HOT_DRY,351004,EL_NINO,SDII,4.738,3.535,-1.203,-25.39
RAW_CMIP6,CanESM5,HOT_DRY,351004,EL_NINO,Rx1day,19.744,14.463,-5.281,-26.75
RAW_CMIP6,CanESM5,HOT_DRY,351004,EL_NINO,Rx5day,62.14,42.587,-19.553,-31.47
RAW_CMIP6,CanESM5,HOT_DRY,351004,EL_NINO,R20mm,0.4,0.5,0.1,25.0
RAW_CMIP6,CanESM5,HOT_DRY,351004,EL_NINO,R50mm,0.0,0.0,0.0,0.0
RAW_CMIP6,CanESM5,HOT_DRY,351004,EL_NINO,R95p,0.0,0.0,0.0,0.0
RAW_CMIP6,CanESM5,HOT_DRY,351004,EL_NINO,R99p,0.0,0.0,0.0,0.0
RAW_CMIP6,CanESM5,HOT_DRY,351004,EL_NINO,CDD,18.0,17.25,-0.75,-4.17
RAW_CMIP6,CanESM5,HOT_DRY,351004,EL_NINO,CWD,19.4,14.25,-5.15,-26.55
RAW_CMIP6,CanESM5,HOT_DRY,351004,LA_NINA,PRCPTOT,415.792,378.187,-37.605,-9.04
RAW_CMIP6,CanESM5,HOT_DRY,351004,LA_NINA,wet_day_freq,48.51,50.644,2.134,4.4
RAW_CMIP6,CanESM5,HOT_DRY,351004,LA_NINA,SDII,4.738,4.077,-0.661,-13.96
RAW_CMIP6,CanESM5,HOT_DRY,351004,LA_NINA,Rx1day,19.744,17.762,-1.982,-10.04
RAW_CMIP6,CanESM5,HOT_DRY,351004,LA_NINA,Rx5day,62.14,52.49,-9.65,-15.53
RAW_CMIP6,CanESM5,HOT_DRY,351004,LA_NINA,R20mm,0.4,0.222,-0.178,-44.44
RAW_CMIP6,CanESM5,HOT_DRY,351004,LA_NINA,R50mm,0.0,0.0,0.0,0.0
RAW_CMIP6,CanESM5,HOT_DRY,351004,LA_NINA,R95p,0.0,0.0,0.0,0.0
RAW_CMIP6,CanESM5,HOT_DRY,351004,LA_NINA,R99p,0.0,0.0,0.0,0.0
RAW_CMIP6,CanESM5,HOT_DRY,351004,LA_NINA,CDD,18.0,19.778,1.778,9.88
RAW_CMIP6,CanESM5,HOT_DRY,351004,LA_NINA,CWD,19.4,16.444,-2.956,-15.23
RAW_CMIP6,CanESM5,HOT_DRY,351005,EL_NINO,PRCPTOT,415.792,322.63,-93.162,-22.41
RAW_CMIP6,CanESM5,HOT_DRY,351005,EL_NINO,wet_day_freq,48.51,48.755,0.245,0.51
RAW_CMIP6,CanESM5,HOT_DRY,351005,EL_NINO,SDII,4.738,3.535,-1.203,-25.39
RAW_CMIP6,CanESM5,HOT_DRY,351005,EL_NINO,Rx1day,19.744,14.463,-5.281,-26.75
RAW_CMIP6,CanESM5,HOT_DRY,351005,EL_NINO,Rx5day,62.14,42.587,-19.553,-31.47
RAW_CMIP6,CanESM5,HOT_DRY,351005,EL_NINO,R20mm,0.4,0.5,0.1,25.0
RAW_CMIP6,CanESM5,HOT_DRY,351005,EL_NINO,R50mm,0.0,0.0,0.0,0.0
RAW_CMIP6,CanESM5,HOT_DRY,351005,EL_NINO,R95p,0.0,0.0,0.0,0.0
RAW_CMIP6,CanESM5,HOT_DRY,351005,EL_NINO,R99p,0.0,0.0,0.0,0.0
RAW_CMIP6,CanESM5,HOT_DRY,351005,EL_NINO,CDD,18.0,17.25,-0.75,-4.17
RAW_CMIP6,CanESM5,HOT_DRY,351005,EL_NINO,CWD,19.4,14.25,-5.15,-26.55
RAW_CMIP6,CanESM5,HOT_DRY,351005,LA_NINA,PRCPTOT,415.792,378.187,-37.605,-9.04
RAW_CMIP6,CanESM5,HOT_DRY,351005,LA_NINA,wet_day_freq,48.51,50.644,2.134,4.4
RAW_CMIP6,CanESM5,HOT_DRY,351005,LA_NINA,SDII,4.738,4.077,-0.661,-13.96
RAW_CMIP6,CanESM5,HOT_DRY,351005,LA_NINA,Rx1day,19.744,17.762,-1.982,-10.04
RAW_CMIP6,CanESM5,HOT_DRY,351005,LA_NINA,Rx5day,62.14,52.49,-9.65,-15.53
RAW_CMIP6,CanESM5,HOT_DRY,351005,LA_NINA,R20mm,0.4,0.222,-0.178,-44.44
RAW_CMIP6,CanESM5,HOT_DRY,351005,LA_NINA,R50mm,0.0,0.0,0.0,0.0
RAW_CMIP6,CanESM5,HOT_DRY,351005,LA_NINA,R95p,0.0,0.0,0.0,0.0
RAW_CMIP6,CanESM5,HOT_DRY,351005,LA_NINA,R99p,0.0,0.0,0.0,0.0
RAW_CMIP6,CanESM5,HOT_DRY,351005,LA_NINA,CDD,18.0,19.778,1.778,9.88
RAW_CMIP6,CanESM5,HOT_DRY,351005,LA_NINA,CWD,19.4,16.444,-2.956,-15.23
RAW_CMIP6,CanESM5,HOT_DRY,351006,EL_NINO,PRCPTOT,415.792,322.63,-93.162,-22.41
RAW_CMIP6,CanESM5,HOT_DRY,351006,EL_NINO,wet_day_freq,48.51,48.755,0.245,0.51
RAW_CMIP6,CanESM5,HOT_DRY,351006,EL_NINO,SDII,4.738,3.535,-1.203,-25.39
RAW_CMIP6,CanESM5,HOT_DRY,351006,EL_NINO,Rx1day,19.744,14.463,-5.281,-26.75
RAW_CMIP6,CanESM5,HOT_DRY,351006,EL_NINO,Rx5day,62.14,42.587,-19.553,-31.47
RAW_CMIP6,CanESM5,HOT_DRY,351006,EL_NINO,R20mm,0.4,0.5,0.1,25.0
RAW_CMIP6,CanESM5,HOT_DRY,351006,EL_NINO,R50mm,0.0,0.0,0.0,0.0
RAW_CMIP6,CanESM5,HOT_DRY,351006,EL_NINO,R95p,25.916,10.73,-15.186,-58.6
RAW_CMIP6,CanESM5,HOT_DRY,351006,EL_NINO,R99p,0.0,0.0,0.0,0.0
RAW_CMIP6,CanESM5,HOT_DRY,351006,EL_NINO,CDD,18.0,17.25,-0.75,-4.17
RAW_CMIP6,CanESM5,HOT_DRY,351006,EL_NINO,CWD,19.4,14.25,-5.15,-26.55
RAW_CMIP6,CanESM5,HOT_DRY,351006,LA_NINA,PRCPTOT,415.792,378.187,-37.605,-9.04
RAW_CMIP6,CanESM5,HOT_DRY,351006,LA_NINA,wet_day_freq,48.51,50.644,2.134,4.4
RAW_CMIP6,CanESM5,HOT_DRY,351006,LA_NINA,SDII,4.738,4.077,-0.661,-13.96
RAW_CMIP6,CanESM5,HOT_DRY,351006,LA_NINA,Rx1day,19.744,17.762,-1.982,-10.04
RAW_CMIP6,CanESM5,HOT_DRY,351006,LA_NINA,Rx5day,62.14,52.49,-9.65,-15.53
RAW_CMIP6,CanESM5,HOT_DRY,351006,LA_NINA,R20mm,0.4,0.222,-0.178,-44.44
RAW_CMIP6,CanESM5,HOT_DRY,351006,LA_NINA,R50mm,0.0,0.0,0.0,0.0
RAW_CMIP6,CanESM5,HOT_DRY,351006,LA_NINA,R95p,25.916,7.416,-18.5,-71.39
RAW_CMIP6,CanESM5,HOT_DRY,351006,LA_NINA,R99p,0.0,0.0,0.0,0.0
RAW_CMIP6,CanESM5,HOT_DRY,351006,LA_NINA,CDD,18.0,19.778,1.778,9.88
RAW_CMIP6,CanESM5,HOT_DRY,351006,LA_NINA,CWD,19.4,16.444,-2.956,-15.23
RAW_CMIP6,CanESM5,HOT_DRY,351007,EL_NINO,PRCPTOT,415.792,322.63,-93.162,-22.41
RAW_CMIP6,CanESM5,HOT_DRY,351007,EL_NINO,wet_day_freq,48.51,48.755,0.245,0.51
RAW_CMIP6,CanESM5,HOT_DRY,351007,EL_NINO,SDII,4.738,3.535,-1.203,-25.39
RAW_CMIP6,CanESM5,HOT_DRY,351007,EL_NINO,Rx1day,19.744,14.463,-5.281,-26.75
RAW_CMIP6,CanESM5,HOT_DRY,351007,EL_NINO,Rx5day,62.14,42.587,-19.553,-31.47
RAW_CMIP6,CanESM5,HOT_DRY,351007,EL_NINO,R20mm,0.4,0.5,0.1,25.0
RAW_CMIP6,CanESM5,HOT_DRY,351007,EL_NINO,R50mm,0.0,0.0,0.0,0.0
RAW_CMIP6,CanESM5,HOT_DRY,351007,EL_NINO,R95p,25.916,10.73,-15.186,-58.6
RAW_CMIP6,CanESM5,HOT_DRY,351007,EL_NINO,R99p,0.0,0.0,0.0,0.0
RAW_CMIP6,CanESM5,HOT_DRY,351007,EL_NINO,CDD,18.0,17.25,-0.75,-4.17
RAW_CMIP6,CanESM5,HOT_DRY,351007,EL_NINO,CWD,19.4,14.25,-5.15,-26.55
RAW_CMIP6,CanESM5,HOT_DRY,351007,LA_NINA,PRCPTOT,415.792,378.187,-37.605,-9.04
RAW_CMIP6,CanESM5,HOT_DRY,351007,LA_NINA,wet_day_freq,48.51,50.644,2.134,4.4
RAW_CMIP6,CanESM5,HOT_DRY,351007,LA_NINA,SDII,4.738,4.077,-0.661,-13.96
RAW_CMIP6,CanESM5,HOT_DRY,351007,LA_NINA,Rx1day,19.744,17.762,-1.982,-10.04
RAW_CMIP6,CanESM5,HOT_DRY,351007,LA_NINA,Rx5day,62.14,52.49,-9.65,-15.53
RAW_CMIP6,CanESM5,HOT_DRY,351007,LA_NINA,R20mm,0.4,0.222,-0.178,-44.44
RAW_CMIP6,CanESM5,HOT_DRY,351007,LA_NINA,R50mm,0.0,0.0,0.0,0.0
RAW_CMIP6,CanESM5,HOT_DRY,351007,LA_NINA,R95p,25.916,7.416,-18.5,-71.39
RAW_CMIP6,CanESM5,HOT_DRY,351007,LA_NINA,R99p,0.0,0.0,0.0,0.0
RAW_CMIP6,CanESM5,HOT_DRY,351007,LA_NINA,CDD,18.0,19.778,1.778,9.88
RAW_CMIP6,CanESM5,HOT_DRY,351007,LA_NINA,CWD,19.4,16.444,-2.956,-15.23
RAW_CMIP6,CanESM5,HOT_DRY,351008,EL_NINO,PRCPTOT,415.792,322.63,-93.162,-22.41
RAW_CMIP6,CanESM5,HOT_DRY,351008,EL_NINO,wet_day_freq,48.51,48.755,0.245,0.51
RAW_CMIP6,CanESM5,HOT_DRY,351008,EL_NINO,SDII,4.738,3.535,-1.203,-25.39
RAW_CMIP6,CanESM5,HOT_DRY,351008,EL_NINO,Rx1day,19.744,14.463,-5.281,-26.75
RAW_CMIP6,CanESM5,HOT_DRY,351008,EL_NINO,Rx5day,62.14,42.587,-19.553,-31.47
RAW_CMIP6,CanESM5,HOT_DRY,351008,EL_NINO,R20mm,0.4,0.5,0.1,25.0
RAW_CMIP6,CanESM5,HOT_DRY,351008,EL_NINO,R50mm,0.0,0.0,0.0,0.0
RAW_CMIP6,CanESM5,HOT_DRY,351008,EL_NINO,R95p,25.916,10.73,-15.186,-58.6
RAW_CMIP6,CanESM5,HOT_DRY,351008,EL_NINO,R99p,0.0,0.0,0.0,0.0
RAW_CMIP6,CanESM5,HOT_DRY,351008,EL_NINO,CDD,18.0,17.25,-0.75,-4.17
RAW_CMIP6,CanESM5,HOT_DRY,351008,EL_NINO,CWD,19.4,14.25,-5.15,-26.55
RAW_CMIP6,CanESM5,HOT_DRY,351008,LA_NINA,PRCPTOT,415.792,378.187,-37.605,-9.04
RAW_CMIP6,CanESM5,HOT_DRY,351008,LA_NINA,wet_day_freq,48.51,50.644,2.134,4.4
RAW_CMIP6,CanESM5,HOT_DRY,351008,LA_NINA,SDII,4.738,4.077,-0.661,-13.96
RAW_CMIP6,CanESM5,HOT_DRY,351008,LA_NINA,Rx1day,19.744,17.762,-1.982,-10.04
RAW_CMIP6,CanESM5,HOT_DRY,351008,LA_NINA,Rx5day,62.14,52.49,-9.65,-15.53
RAW_CMIP6,CanESM5,HOT_DRY,351008,LA_NINA,R20mm,0.4,0.222,-0.178,-44.44
RAW_CMIP6,CanESM5,HOT_DRY,351008,LA_NINA,R50mm,0.0,0.0,0.0,0.0
RAW_CMIP6,CanESM5,HOT_DRY,351008,LA_NINA,R95p,25.916,11.571,-14.345,-55.35
RAW_CMIP6,CanESM5,HOT_DRY,351008,LA_NINA,R99p,0.0,0.0,0.0,0.0
RAW_CMIP6,CanESM5,HOT_DRY,351008,LA_NINA,CDD,18.0,19.778,1.778,9.88
RAW_CMIP6,CanESM5,HOT_DRY,351008,LA_NINA,CWD,19.4,16.444,-2.956,-15.23
RAW_CMIP6,CanESM5,HOT_DRY,351009,EL_NINO,PRCPTOT,415.792,322.63,-93.162,-22.41
RAW_CMIP6,CanESM5,HOT_DRY,351009,EL_NINO,wet_day_freq,48.51,48.755,0.245,0.51
RAW_CMIP6,CanESM5,HOT_DRY,351009,EL_NINO,SDII,4.738,3.535,-1.203,-25.39
RAW_CMIP6,CanESM5,HOT_DRY,351009,EL_NINO,Rx1day,19.744,14.463,-5.281,-26.75
RAW_CMIP6,CanESM5,HOT_DRY,351009,EL_NINO,Rx5day,62.14,42.587,-19.553,-31.47
RAW_CMIP6,CanESM5,HOT_DRY,351009,EL_NINO,R20mm,0.4,0.5,0.1,25.0
RAW_CMIP6,CanESM5,HOT_DRY,351009,EL_NINO,R50mm,0.0,0.0,0.0,0.0
RAW_CMIP6,CanESM5,HOT_DRY,351009,EL_NINO,R95p,87.514,36.943,-50.571,-57.79
RAW_CMIP6,CanESM5,HOT_DRY,351009,EL_NINO,R99p,14.1,10.73,-3.37,-23.9
RAW_CMIP6,CanESM5,HOT_DRY,351009,EL_NINO,CDD,18.0,17.25,-0.75,-4.17
RAW_CMIP6,CanESM5,HOT_DRY,351009,EL_NINO,CWD,19.4,14.25,-5.15,-26.55
RAW_CMIP6,CanESM5,HOT_DRY,351009,LA_NINA,PRCPTOT,415.792,378.187,-37.605,-9.04
RAW_CMIP6,CanESM5,HOT_DRY,351009,LA_NINA,wet_day_freq,48.51,50.644,2.134,4.4
RAW_CMIP6,CanESM5,HOT_DRY,351009,LA_NINA,SDII,4.738,4.077,-0.661,-13.96
RAW_CMIP6,CanESM5,HOT_DRY,351009,LA_NINA,Rx1day,19.744,17.762,-1.982,-10.04
RAW_CMIP6,CanESM5,HOT_DRY,351009,LA_NINA,Rx5day,62.14,52.49,-9.65,-15.53
RAW_CMIP6,CanESM5,HOT_DRY,351009,LA_NINA,R20mm,0.4,0.222,-0.178,-44.44
RAW_CMIP6,CanESM5,HOT_DRY,351009,LA_NINA,R50mm,0.0,0.0,0.0,0.0
RAW_CMIP6,CanESM5,HOT_DRY,351009,LA_NINA,R95p,87.514,51.136,-36.378,-41.57
RAW_CMIP6,CanESM5,HOT_DRY,351009,LA_NINA,R99p,14.1,7.416,-6.684,-47.41
RAW_CMIP6,CanESM5,HOT_DRY,351009,LA_NINA,CDD,18.0,19.778,1.778,9.88
RAW_CMIP6,CanESM5,HOT_DRY,351009,LA_NINA,CWD,19.4,16.444,-2.956,-15.23
RAW_CMIP6,CanESM5,HOT_DRY,351010,EL_NINO,PRCPTOT,415.792,322.63,-93.162,-22.41
RAW_CMIP6,CanESM5,HOT_DRY,351010,EL_NINO,wet_day_freq,48.51,48.755,0.245,0.51
RAW_CMIP6,CanESM5,HOT_DRY,351010,EL_NINO,SDII,4.738,3.535,-1.203,-25.39
RAW_CMIP6,CanESM5,HOT_DRY,351010,EL_NINO,Rx1day,19.744,14.463,-5.281,-26.75
RAW_CMIP6,CanESM5,HOT_DRY,351010,EL_NINO,Rx5day,62.14,42.587,-19.553,-31.47
RAW_CMIP6,CanESM5,HOT_DRY,351010,EL_NINO,R20mm,0.4,0.5,0.1,25.0
RAW_CMIP6,CanESM5,HOT_DRY,351010,EL_NINO,R50mm,0.0,0.0,0.0,0.0
RAW_CMIP6,CanESM5,HOT_DRY,351010,EL_NINO,R95p,66.69,30.315,-36.375,-54.54
RAW_CMIP6,CanESM5,HOT_DRY,351010,EL_NINO,R99p,10.132,5.603,-4.529,-44.7
RAW_CMIP6,CanESM5,HOT_DRY,351010,EL_NINO,CDD,18.0,17.25,-0.75,-4.17
RAW_CMIP6,CanESM5,HOT_DRY,351010,EL_NINO,CWD,19.4,14.25,-5.15,-26.55
RAW_CMIP6,CanESM5,HOT_DRY,351010,LA_NINA,PRCPTOT,415.792,378.187,-37.605,-9.04
RAW_CMIP6,CanESM5,HOT_DRY,351010,LA_NINA,wet_day_freq,48.51,50.644,2.134,4.4
RAW_CMIP6,CanESM5,HOT_DRY,351010,LA_NINA,SDII,4.738,4.077,-0.661,-13.96
RAW_CMIP6,CanESM5,HOT_DRY,351010,LA_NINA,Rx1day,19.744,17.762,-1.982,-10.04
RAW_CMIP6,CanESM5,HOT_DRY,351010,LA_NINA,Rx5day,62.14,52.49,-9.65,-15.53
RAW_CMIP6,CanESM5,HOT_DRY,351010,LA_NINA,R20mm,0.4,0.222,-0.178,-44.44
RAW_CMIP6,CanESM5,HOT_DRY,351010,LA_NINA,R50mm,0.0,0.0,0.0,0.0
RAW_CMIP6,CanESM5,HOT_DRY,351010,LA_NINA,R95p,66.69,45.3,-21.39,-32.07
RAW_CMIP6,CanESM5,HOT_DRY,351010,LA_NINA,R99p,10.132,5.201,-4.931,-48.67
RAW_CMIP6,CanESM5,HOT_DRY,351010,LA_NINA,CDD,18.0,19.778,1.778,9.88
RAW_CMIP6,CanESM5,HOT_DRY,351010,LA_NINA,CWD,19.4,16.444,-2.956,-15.23
RAW_CMIP6,CanESM5,HOT_DRY,351011,EL_NINO,PRCPTOT,415.792,322.63,-93.162,-22.41
RAW_CMIP6,CanESM5,HOT_DRY,351011,EL_NINO,wet_day_freq,48.51,48.755,0.245,0.51
RAW_CMIP6,CanESM5,HOT_DRY,351011,EL_NINO,SDII,4.738,3.535,-1.203,-25.39
RAW_CMIP6,CanESM5,HOT_DRY,351011,EL_NINO,Rx1day,19.744,14.463,-5.281,-26.75
RAW_CMIP6,CanESM5,HOT_DRY,351011,EL_NINO,Rx5day,62.14,42.587,-19.553,-31.47
RAW_CMIP6,CanESM5,HOT_DRY,351011,EL_NINO,R20mm,0.4,0.5,0.1,25.0
RAW_CMIP6,CanESM5,HOT_DRY,351011,EL_NINO,R50mm,0.0,0.0,0.0,0.0
RAW_CMIP6,CanESM5,HOT_DRY,351011,EL_NINO,R95p,0.0,0.0,0.0,0.0
RAW_CMIP6,CanESM5,HOT_DRY,351011,EL_NINO,R99p,0.0,0.0,0.0,0.0
RAW_CMIP6,CanESM5,HOT_DRY,351011,EL_NINO,CDD,18.0,17.25,-0.75,-4.17
RAW_CMIP6,CanESM5,HOT_DRY,351011,EL_NINO,CWD,19.4,14.25,-5.15,-26.55
RAW_CMIP6,CanESM5,HOT_DRY,351011,LA_NINA,PRCPTOT,415.792,378.187,-37.605,-9.04
RAW_CMIP6,CanESM5,HOT_DRY,351011,LA_NINA,wet_day_freq,48.51,50.644,2.134,4.4
RAW_CMIP6,CanESM5,HOT_DRY,351011,LA_NINA,SDII,4.738,4.077,-0.661,-13.96
RAW_CMIP6,CanESM5,HOT_DRY,351011,LA_NINA,Rx1day,19.744,17.762,-1.982,-10.04
RAW_CMIP6,CanESM5,HOT_DRY,351011,LA_NINA,Rx5day,62.14,52.49,-9.65,-15.53
RAW_CMIP6,CanESM5,HOT_DRY,351011,LA_NINA,R20mm,0.4,0.222,-0.178,-44.44
RAW_CMIP6,CanESM5,HOT_DRY,351011,LA_NINA,R50mm,0.0,0.0,0.0,0.0
RAW_CMIP6,CanESM5,HOT_DRY,351011,LA_NINA,R95p,0.0,0.0,0.0,0.0
RAW_CMIP6,CanESM5,HOT_DRY,351011,LA_NINA,R99p,0.0,0.0,0.0,0.0
RAW_CMIP6,CanESM5,HOT_DRY,351011,LA_NINA,CDD,18.0,19.778,1.778,9.88
RAW_CMIP6,CanESM5,HOT_DRY,351011,LA_NINA,CWD,19.4,16.444,-2.956,-15.23
RAW_CMIP6,CanESM5,HOT_DRY,351012,EL_NINO,PRCPTOT,415.792,322.63,-93.162,-22.41
RAW_CMIP6,CanESM5,HOT_DRY,351012,EL_NINO,wet_day_freq,48.51,48.755,0.245,0.51
RAW_CMIP6,CanESM5,HOT_DRY,351012,EL_NINO,SDII,4.738,3.535,-1.203,-25.39
RAW_CMIP6,CanESM5,HOT_DRY,351012,EL_NINO,Rx1day,19.744,14.463,-5.281,-26.75
RAW_CMIP6,CanESM5,HOT_DRY,351012,EL_NINO,Rx5day,62.14,42.587,-19.553,-31.47
RAW_CMIP6,CanESM5,HOT_DRY,351012,EL_NINO,R20mm,0.4,0.5,0.1,25.0
RAW_CMIP6,CanESM5,HOT_DRY,351012,EL_NINO,R50mm,0.0,0.0,0.0,0.0
RAW_CMIP6,CanESM5,HOT_DRY,351012,EL_NINO,R95p,0.0,0.0,0.0,0.0
RAW_CMIP6,CanESM5,HOT_DRY,351012,EL_NINO,R99p,0.0,0.0,0.0,0.0
RAW_CMIP6,CanESM5,HOT_DRY,351012,EL_NINO,CDD,18.0,17.25,-0.75,-4.17
RAW_CMIP6,CanESM5,HOT_DRY,351012,EL_NINO,CWD,19.4,14.25,-5.15,-26.55
RAW_CMIP6,CanESM5,HOT_DRY,351012,LA_NINA,PRCPTOT,415.792,378.187,-37.605,-9.04
RAW_CMIP6,CanESM5,HOT_DRY,351012,LA_NINA,wet_day_freq,48.51,50.644,2.134,4.4
RAW_CMIP6,CanESM5,HOT_DRY,351012,LA_NINA,SDII,4.738,4.077,-0.661,-13.96
RAW_CMIP6,CanESM5,HOT_DRY,351012,LA_NINA,Rx1day,19.744,17.762,-1.982,-10.04
RAW_CMIP6,CanESM5,HOT_DRY,351012,LA_NINA,Rx5day,62.14,52.49,-9.65,-15.53
RAW_CMIP6,CanESM5,HOT_DRY,351012,LA_NINA,R20mm,0.4,0.222,-0.178,-44.44
RAW_CMIP6,CanESM5,HOT_DRY,351012,LA_NINA,R50mm,0.0,0.0,0.0,0.0
RAW_CMIP6,CanESM5,HOT_DRY,351012,LA_NINA,R95p,0.0,0.0,0.0,0.0
RAW_CMIP6,CanESM5,HOT_DRY,351012,LA_NINA,R99p,0.0,0.0,0.0,0.0
RAW_CMIP6,CanESM5,HOT_DRY,351012,LA_NINA,CDD,18.0,19.778,1.778,9.88
RAW_CMIP6,CanESM5,HOT_DRY,351012,LA_NINA,CWD,19.4,16.444,-2.956,-15.23
RAW_CMIP6,CanESM5,HOT_DRY,351201,EL_NINO,PRCPTOT,415.792,322.63,-93.162,-22.41
RAW_CMIP6,CanESM5,HOT_DRY,351201,EL_NINO,wet_day_freq,48.51,48.755,0.245,0.51
RAW_CMIP6,CanESM5,HOT_DRY,351201,EL_NINO,SDII,4.738,3.535,-1.203,-25.39
RAW_CMIP6,CanESM5,HOT_DRY,351201,EL_NINO,Rx1day,19.744,14.463,-5.281,-26.75
RAW_CMIP6,CanESM5,HOT_DRY,351201,EL_NINO,Rx5day,62.14,42.587,-19.553,-31.47
RAW_CMIP6,CanESM5,HOT_DRY,351201,EL_NINO,R20mm,0.4,0.5,0.1,25.0
RAW_CMIP6,CanESM5,HOT_DRY,351201,EL_NINO,R50mm,0.0,0.0,0.0,0.0
RAW_CMIP6,CanESM5,HOT_DRY,351201,EL_NINO,R95p,0.0,0.0,0.0,0.0
RAW_CMIP6,CanESM5,HOT_DRY,351201,EL_NINO,R99p,0.0,0.0,0.0,0.0
RAW_CMIP6,CanESM5,HOT_DRY,351201,EL_NINO,CDD,18.0,17.25,-0.75,-4.17
RAW_CMIP6,CanESM5,HOT_DRY,351201,EL_NINO,CWD,19.4,14.25,-5.15,-26.55
RAW_CMIP6,CanESM5,HOT_DRY,351201,LA_NINA,PRCPTOT,415.792,378.187,-37.605,-9.04
RAW_CMIP6,CanESM5,HOT_DRY,351201,LA_NINA,wet_day_freq,48.51,50.644,2.134,4.4
RAW_CMIP6,CanESM5,HOT_DRY,351201,LA_NINA,SDII,4.738,4.077,-0.661,-13.96
RAW_CMIP6,CanESM5,HOT_DRY,351201,LA_NINA,Rx1day,19.744,17.762,-1.982,-10.04
RAW_CMIP6,CanESM5,HOT_DRY,351201,LA_NINA,Rx5day,62.14,52.49,-9.65,-15.53
RAW_CMIP6,CanESM5,HOT_DRY,351201,LA_NINA,R20mm,0.4,0.222,-0.178,-44.44
RAW_CMIP6,CanESM5,HOT_DRY,351201,LA_NINA,R50mm,0.0,0.0,0.0,0.0
RAW_CMIP6,CanESM5,HOT_DRY,351201,LA_NINA,R95p,0.0,0.0,0.0,0.0
RAW_CMIP6,CanESM5,HOT_DRY,351201,LA_NINA,R99p,0.0,0.0,0.0,0.0
RAW_CMIP6,CanESM5,HOT_DRY,351201,LA_NINA,CDD,18.0,19.778,1.778,9.88
RAW_CMIP6,CanESM5,HOT_DRY,351201,LA_NINA,CWD,19.4,16.444,-2.956,-15.23
RAW_CMIP6,CanESM5,RAINY,351001,EL_NINO,PRCPTOT,1028.95,1003.615,-25.335,-2.46
RAW_CMIP6,CanESM5,RAINY,351001,EL_NINO,wet_day_freq,64.853,67.665,2.812,4.34
RAW_CMIP6,CanESM5,RAINY,351001,EL_NINO,SDII,8.583,8.045,-0.538,-6.27
RAW_CMIP6,CanESM5,RAINY,351001,EL_NINO,Rx1day,55.388,36.28,-19.108,-34.5
RAW_CMIP6,CanESM5,RAINY,351001,EL_NINO,Rx5day,107.813,94.77,-13.043,-12.1
RAW_CMIP6,CanESM5,RAINY,351001,EL_NINO,R20mm,4.0,4.5,0.5,12.5
RAW_CMIP6,CanESM5,RAINY,351001,EL_NINO,R50mm,0.5,0.0,-0.5,-100.0
RAW_CMIP6,CanESM5,RAINY,351001,EL_NINO,R95p,49.543,0.0,-49.543,-100.0
RAW_CMIP6,CanESM5,RAINY,351001,EL_NINO,R99p,49.543,0.0,-49.543,-100.0
RAW_CMIP6,CanESM5,RAINY,351001,EL_NINO,CDD,12.333,8.0,-4.333,-35.14
RAW_CMIP6,CanESM5,RAINY,351001,EL_NINO,CWD,20.5,22.0,1.5,7.32
RAW_CMIP6,CanESM5,RAINY,351001,LA_NINA,PRCPTOT,1028.95,1024.232,-4.718,-0.46
RAW_CMIP6,CanESM5,RAINY,351001,LA_NINA,wet_day_freq,64.853,66.196,1.343,2.07
RAW_CMIP6,CanESM5,RAINY,351001,LA_NINA,SDII,8.583,8.248,-0.335,-3.91
RAW_CMIP6,CanESM5,RAINY,351001,LA_NINA,Rx1day,55.388,47.524,-7.864,-14.2
RAW_CMIP6,CanESM5,RAINY,351001,LA_NINA,Rx5day,107.813,112.632,4.819,4.47
RAW_CMIP6,CanESM5,RAINY,351001,LA_NINA,R20mm,4.0,5.8,1.8,45.0
RAW_CMIP6,CanESM5,RAINY,351001,LA_NINA,R50mm,0.5,0.6,0.1,20.0
RAW_CMIP6,CanESM5,RAINY,351001,LA_NINA,R95p,49.543,57.132,7.589,15.32
RAW_CMIP6,CanESM5,RAINY,351001,LA_NINA,R99p,49.543,48.2,-1.343,-2.71
RAW_CMIP6,CanESM5,RAINY,351001,LA_NINA,CDD,12.333,9.2,-3.133,-25.41
RAW_CMIP6,CanESM5,RAINY,351001,LA_NINA,CWD,20.5,21.6,1.1,5.37
RAW_CMIP6,CanESM5,RAINY,351002,EL_NINO,PRCPTOT,1028.95,1003.615,-25.335,-2.46
RAW_CMIP6,CanESM5,RAINY,351002,EL_NINO,wet_day_freq,64.853,67.665,2.812,4.34
RAW_CMIP6,CanESM5,RAINY,351002,EL_NINO,SDII,8.583,8.045,-0.538,-6.27
RAW_CMIP6,CanESM5,RAINY,351002,EL_NINO,Rx1day,55.388,36.28,-19.108,-34.5
RAW_CMIP6,CanESM5,RAINY,351002,EL_NINO,Rx5day,107.813,94.77,-13.043,-12.1
RAW_CMIP6,CanESM5,RAINY,351002,EL_NINO,R20mm,4.0,4.5,0.5,12.5
RAW_CMIP6,CanESM5,RAINY,351002,EL_NINO,R50mm,0.5,0.0,-0.5,-100.0
RAW_CMIP6,CanESM5,RAINY,351002,EL_NINO,R95p,49.543,0.0,-49.543,-100.0
RAW_CMIP6,CanESM5,RAINY,351002,EL_NINO,R99p,49.543,0.0,-49.543,-100.0
RAW_CMIP6,CanESM5,RAINY,351002,EL_NINO,CDD,12.333,8.0,-4.333,-35.14
RAW_CMIP6,CanESM5,RAINY,351002,EL_NINO,CWD,20.5,22.0,1.5,7.32
RAW_CMIP6,CanESM5,RAINY,351002,LA_NINA,PRCPTOT,1028.95,1024.232,-4.718,-0.46
RAW_CMIP6,CanESM5,RAINY,351002,LA_NINA,wet_day_freq,64.853,66.196,1.343,2.07
RAW_CMIP6,CanESM5,RAINY,351002,LA_NINA,SDII,8.583,8.248,-0.335,-3.91
RAW_CMIP6,CanESM5,RAINY,351002,LA_NINA,Rx1day,55.388,47.524,-7.864,-14.2
RAW_CMIP6,CanESM5,RAINY,351002,LA_NINA,Rx5day,107.813,112.632,4.819,4.47
RAW_CMIP6,CanESM5,RAINY,351002,LA_NINA,R20mm,4.0,5.8,1.8,45.0
RAW_CMIP6,CanESM5,RAINY,351002,LA_NINA,R50mm,0.5,0.6,0.1,20.0
RAW_CMIP6,CanESM5,RAINY,351002,LA_NINA,R95p,49.543,57.132,7.589,15.32
RAW_CMIP6,CanESM5,RAINY,351002,LA_NINA,R99p,49.543,48.2,-1.343,-2.71
RAW_CMIP6,CanESM5,RAINY,351002,LA_NINA,CDD,12.333,9.2,-3.133,-25.41
RAW_CMIP6,CanESM5,RAINY,351002,LA_NINA,CWD,20.5,21.6,1.1,5.37
RAW_CMIP6,CanESM5,RAINY,351003,EL_NINO,PRCPTOT,1028.95,1003.615,-25.335,-2.46
RAW_CMIP6,CanESM5,RAINY,351003,EL_NINO,wet_day_freq,64.853,67.665,2.812,4.34
RAW_CMIP6,CanESM5,RAINY,351003,EL_NINO,SDII,8.583,8.045,-0.538,-6.27
RAW_CMIP6,CanESM5,RAINY,351003,EL_NINO,Rx1day,55.388,36.28,-19.108,-34.5
RAW_CMIP6,CanESM5,RAINY,351003,EL_NINO,Rx5day,107.813,94.77,-13.043,-12.1
RAW_CMIP6,CanESM5,RAINY,351003,EL_NINO,R20mm,4.0,4.5,0.5,12.5
RAW_CMIP6,CanESM5,RAINY,351003,EL_NINO,R50mm,0.5,0.0,-0.5,-100.0
RAW_CMIP6,CanESM5,RAINY,351003,EL_NINO,R95p,49.543,20.045,-29.498,-59.54
RAW_CMIP6,CanESM5,RAINY,351003,EL_NINO,R99p,49.543,0.0,-49.543,-100.0
RAW_CMIP6,CanESM5,RAINY,351003,EL_NINO,CDD,12.333,8.0,-4.333,-35.14
RAW_CMIP6,CanESM5,RAINY,351003,EL_NINO,CWD,20.5,22.0,1.5,7.32
RAW_CMIP6,CanESM5,RAINY,351003,LA_NINA,PRCPTOT,1028.95,1024.232,-4.718,-0.46
RAW_CMIP6,CanESM5,RAINY,351003,LA_NINA,wet_day_freq,64.853,66.196,1.343,2.07
RAW_CMIP6,CanESM5,RAINY,351003,LA_NINA,SDII,8.583,8.248,-0.335,-3.91
RAW_CMIP6,CanESM5,RAINY,351003,LA_NINA,Rx1day,55.388,47.524,-7.864,-14.2
RAW_CMIP6,CanESM5,RAINY,351003,LA_NINA,Rx5day,107.813,112.632,4.819,4.47
RAW_CMIP6,CanESM5,RAINY,351003,LA_NINA,R20mm,4.0,5.8,1.8,45.0
RAW_CMIP6,CanESM5,RAINY,351003,LA_NINA,R50mm,0.5,0.6,0.1,20.0
RAW_CMIP6,CanESM5,RAINY,351003,LA_NINA,R95p,49.543,57.132,7.589,15.32
RAW_CMIP6,CanESM5,RAINY,351003,LA_NINA,R99p,49.543,48.2,-1.343,-2.71
RAW_CMIP6,CanESM5,RAINY,351003,LA_NINA,CDD,12.333,9.2,-3.133,-25.41
RAW_CMIP6,CanESM5,RAINY,351003,LA_NINA,CWD,20.5,21.6,1.1,5.37
RAW_CMIP6,CanESM5,RAINY,351004,EL_NINO,PRCPTOT,1028.95,1003.615,-25.335,-2.46
RAW_CMIP6,CanESM5,RAINY,351004,EL_NINO,wet_day_freq,64.853,67.665,2.812,4.34
RAW_CMIP6,CanESM5,RAINY,351004,EL_NINO,SDII,8.583,8.045,-0.538,-6.27
RAW_CMIP6,CanESM5,RAINY,351004,EL_NINO,Rx1day,55.388,36.28,-19.108,-34.5
RAW_CMIP6,CanESM5,RAINY,351004,EL_NINO,Rx5day,107.813,94.77,-13.043,-12.1
RAW_CMIP6,CanESM5,RAINY,351004,EL_NINO,R20mm,4.0,4.5,0.5,12.5
RAW_CMIP6,CanESM5,RAINY,351004,EL_NINO,R50mm,0.5,0.0,-0.5,-100.0
RAW_CMIP6,CanESM5,RAINY,351004,EL_NINO,R95p,49.543,0.0,-49.543,-100.0
RAW_CMIP6,CanESM5,RAINY,351004,EL_NINO,R99p,36.74,0.0,-36.74,-100.0
RAW_CMIP6,CanESM5,RAINY,351004,EL_NINO,CDD,12.333,8.0,-4.333,-35.14
RAW_CMIP6,CanESM5,RAINY,351004,EL_NINO,CWD,20.5,22.0,1.5,7.32
RAW_CMIP6,CanESM5,RAINY,351004,LA_NINA,PRCPTOT,1028.95,1024.232,-4.718,-0.46
RAW_CMIP6,CanESM5,RAINY,351004,LA_NINA,wet_day_freq,64.853,66.196,1.343,2.07
RAW_CMIP6,CanESM5,RAINY,351004,LA_NINA,SDII,8.583,8.248,-0.335,-3.91
RAW_CMIP6,CanESM5,RAINY,351004,LA_NINA,Rx1day,55.388,47.524,-7.864,-14.2
RAW_CMIP6,CanESM5,RAINY,351004,LA_NINA,Rx5day,107.813,112.632,4.819,4.47
RAW_CMIP6,CanESM5,RAINY,351004,LA_NINA,R20mm,4.0,5.8,1.8,45.0
RAW_CMIP6,CanESM5,RAINY,351004,LA_NINA,R50mm,0.5,0.6,0.1,20.0
RAW_CMIP6,CanESM5,RAINY,351004,LA_NINA,R95p,49.543,57.132,7.589,15.32
RAW_CMIP6,CanESM5,RAINY,351004,LA_NINA,R99p,36.74,32.792,-3.948,-10.75
RAW_CMIP6,CanESM5,RAINY,351004,LA_NINA,CDD,12.333,9.2,-3.133,-25.41
RAW_CMIP6,CanESM5,RAINY,351004,LA_NINA,CWD,20.5,21.6,1.1,5.37
RAW_CMIP6,CanESM5,RAINY,351005,EL_NINO,PRCPTOT,1028.95,1003.615,-25.335,-2.46
RAW_CMIP6,CanESM5,RAINY,351005,EL_NINO,wet_day_freq,64.853,67.665,2.812,4.34
RAW_CMIP6,CanESM5,RAINY,351005,EL_NINO,SDII,8.583,8.045,-0.538,-6.27
RAW_CMIP6,CanESM5,RAINY,351005,EL_NINO,Rx1day,55.388,36.28,-19.108,-34.5
RAW_CMIP6,CanESM5,RAINY,351005,EL_NINO,Rx5day,107.813,94.77,-13.043,-12.1
RAW_CMIP6,CanESM5,RAINY,351005,EL_NINO,R20mm,4.0,4.5,0.5,12.5
RAW_CMIP6,CanESM5,RAINY,351005,EL_NINO,R50mm,0.5,0.0,-0.5,-100.0
RAW_CMIP6,CanESM5,RAINY,351005,EL_NINO,R95p,49.543,20.045,-29.498,-59.54
RAW_CMIP6,CanESM5,RAINY,351005,EL_NINO,R99p,49.543,0.0,-49.543,-100.0
RAW_CMIP6,CanESM5,RAINY,351005,EL_NINO,CDD,12.333,8.0,-4.333,-35.14
RAW_CMIP6,CanESM5,RAINY,351005,EL_NINO,CWD,20.5,22.0,1.5,7.32
RAW_CMIP6,CanESM5,RAINY,351005,LA_NINA,PRCPTOT,1028.95,1024.232,-4.718,-0.46
RAW_CMIP6,CanESM5,RAINY,351005,LA_NINA,wet_day_freq,64.853,66.196,1.343,2.07
RAW_CMIP6,CanESM5,RAINY,351005,LA_NINA,SDII,8.583,8.248,-0.335,-3.91
RAW_CMIP6,CanESM5,RAINY,351005,LA_NINA,Rx1day,55.388,47.524,-7.864,-14.2
RAW_CMIP6,CanESM5,RAINY,351005,LA_NINA,Rx5day,107.813,112.632,4.819,4.47
RAW_CMIP6,CanESM5,RAINY,351005,LA_NINA,R20mm,4.0,5.8,1.8,45.0
RAW_CMIP6,CanESM5,RAINY,351005,LA_NINA,R50mm,0.5,0.6,0.1,20.0
RAW_CMIP6,CanESM5,RAINY,351005,LA_NINA,R95p,49.543,57.132,7.589,15.32
RAW_CMIP6,CanESM5,RAINY,351005,LA_NINA,R99p,49.543,48.2,-1.343,-2.71
RAW_CMIP6,CanESM5,RAINY,351005,LA_NINA,CDD,12.333,9.2,-3.133,-25.41
RAW_CMIP6,CanESM5,RAINY,351005,LA_NINA,CWD,20.5,21.6,1.1,5.37
RAW_CMIP6,CanESM5,RAINY,351006,EL_NINO,PRCPTOT,1028.95,1003.615,-25.335,-2.46
RAW_CMIP6,CanESM5,RAINY,351006,EL_NINO,wet_day_freq,64.853,67.665,2.812,4.34
RAW_CMIP6,CanESM5,RAINY,351006,EL_NINO,SDII,8.583,8.045,-0.538,-6.27
RAW_CMIP6,CanESM5,RAINY,351006,EL_NINO,Rx1day,55.388,36.28,-19.108,-34.5
RAW_CMIP6,CanESM5,RAINY,351006,EL_NINO,Rx5day,107.813,94.77,-13.043,-12.1
RAW_CMIP6,CanESM5,RAINY,351006,EL_NINO,R20mm,4.0,4.5,0.5,12.5
RAW_CMIP6,CanESM5,RAINY,351006,EL_NINO,R50mm,0.5,0.0,-0.5,-100.0
RAW_CMIP6,CanESM5,RAINY,351006,EL_NINO,R95p,140.437,131.605,-8.832,-6.29
RAW_CMIP6,CanESM5,RAINY,351006,EL_NINO,R99p,55.725,20.045,-35.68,-64.03
RAW_CMIP6,CanESM5,RAINY,351006,EL_NINO,CDD,12.333,8.0,-4.333,-35.14
RAW_CMIP6,CanESM5,RAINY,351006,EL_NINO,CWD,20.5,22.0,1.5,7.32
RAW_CMIP6,CanESM5,RAINY,351006,LA_NINA,PRCPTOT,1028.95,1024.232,-4.718,-0.46
RAW_CMIP6,CanESM5,RAINY,351006,LA_NINA,wet_day_freq,64.853,66.196,1.343,2.07
RAW_CMIP6,CanESM5,RAINY,351006,LA_NINA,SDII,8.583,8.248,-0.335,-3.91
RAW_CMIP6,CanESM5,RAINY,351006,LA_NINA,Rx1day,55.388,47.524,-7.864,-14.2
RAW_CMIP6,CanESM5,RAINY,351006,LA_NINA,Rx5day,107.813,112.632,4.819,4.47
RAW_CMIP6,CanESM5,RAINY,351006,LA_NINA,R20mm,4.0,5.8,1.8,45.0
RAW_CMIP6,CanESM5,RAINY,351006,LA_NINA,R50mm,0.5,0.6,0.1,20.0
RAW_CMIP6,CanESM5,RAINY,351006,LA_NINA,R95p,140.437,183.888,43.451,30.94
RAW_CMIP6,CanESM5,RAINY,351006,LA_NINA,R99p,55.725,57.132,1.407,2.52
RAW_CMIP6,CanESM5,RAINY,351006,LA_NINA,CDD,12.333,9.2,-3.133,-25.41
RAW_CMIP6,CanESM5,RAINY,351006,LA_NINA,CWD,20.5,21.6,1.1,5.37
RAW_CMIP6,CanESM5,RAINY,351007,EL_NINO,PRCPTOT,1028.95,1003.615,-25.335,-2.46
RAW_CMIP6,CanESM5,RAINY,351007,EL_NINO,wet_day_freq,64.853,67.665,2.812,4.34
RAW_CMIP6,CanESM5,RAINY,351007,EL_NINO,SDII,8.583,8.045,-0.538,-6.27
RAW_CMIP6,CanESM5,RAINY,351007,EL_NINO,Rx1day,55.388,36.28,-19.108,-34.5
RAW_CMIP6,CanESM5,RAINY,351007,EL_NINO,Rx5day,107.813,94.77,-13.043,-12.1
RAW_CMIP6,CanESM5,RAINY,351007,EL_NINO,R20mm,4.0,4.5,0.5,12.5
RAW_CMIP6,CanESM5,RAINY,351007,EL_NINO,R50mm,0.5,0.0,-0.5,-100.0
RAW_CMIP6,CanESM5,RAINY,351007,EL_NINO,R95p,159.715,141.295,-18.42,-11.53
RAW_CMIP6,CanESM5,RAINY,351007,EL_NINO,R99p,55.725,20.045,-35.68,-64.03
RAW_CMIP6,CanESM5,RAINY,351007,EL_NINO,CDD,12.333,8.0,-4.333,-35.14
RAW_CMIP6,CanESM5,RAINY,351007,EL_NINO,CWD,20.5,22.0,1.5,7.32
RAW_CMIP6,CanESM5,RAINY,351007,LA_NINA,PRCPTOT,1028.95,1024.232,-4.718,-0.46
RAW_CMIP6,CanESM5,RAINY,351007,LA_NINA,wet_day_freq,64.853,66.196,1.343,2.07
RAW_CMIP6,CanESM5,RAINY,351007,LA_NINA,SDII,8.583,8.248,-0.335,-3.91
RAW_CMIP6,CanESM5,RAINY,351007,LA_NINA,Rx1day,55.388,47.524,-7.864,-14.2
RAW_CMIP6,CanESM5,RAINY,351007,LA_NINA,Rx5day,107.813,112.632,4.819,4.47
RAW_CMIP6,CanESM5,RAINY,351007,LA_NINA,R20mm,4.0,5.8,1.8,45.0
RAW_CMIP6,CanESM5,RAINY,351007,LA_NINA,R50mm,0.5,0.6,0.1,20.0
RAW_CMIP6,CanESM5,RAINY,351007,LA_NINA,R95p,159.715,195.436,35.721,22.37
RAW_CMIP6,CanESM5,RAINY,351007,LA_NINA,R99p,55.725,57.132,1.407,2.52
RAW_CMIP6,CanESM5,RAINY,351007,LA_NINA,CDD,12.333,9.2,-3.133,-25.41
RAW_CMIP6,CanESM5,RAINY,351007,LA_NINA,CWD,20.5,21.6,1.1,5.37
RAW_CMIP6,CanESM5,RAINY,351008,EL_NINO,PRCPTOT,1028.95,1003.615,-25.335,-2.46
RAW_CMIP6,CanESM5,RAINY,351008,EL_NINO,wet_day_freq,64.853,67.665,2.812,4.34
RAW_CMIP6,CanESM5,RAINY,351008,EL_NINO,SDII,8.583,8.045,-0.538,-6.27
RAW_CMIP6,CanESM5,RAINY,351008,EL_NINO,Rx1day,55.388,36.28,-19.108,-34.5
RAW_CMIP6,CanESM5,RAINY,351008,EL_NINO,Rx5day,107.813,94.77,-13.043,-12.1
RAW_CMIP6,CanESM5,RAINY,351008,EL_NINO,R20mm,4.0,4.5,0.5,12.5
RAW_CMIP6,CanESM5,RAINY,351008,EL_NINO,R50mm,0.5,0.0,-0.5,-100.0
RAW_CMIP6,CanESM5,RAINY,351008,EL_NINO,R95p,197.038,150.585,-46.453,-23.58
RAW_CMIP6,CanESM5,RAINY,351008,EL_NINO,R99p,49.543,20.045,-29.498,-59.54
RAW_CMIP6,CanESM5,RAINY,351008,EL_NINO,CDD,12.333,8.0,-4.333,-35.14
RAW_CMIP6,CanESM5,RAINY,351008,EL_NINO,CWD,20.5,22.0,1.5,7.32
RAW_CMIP6,CanESM5,RAINY,351008,LA_NINA,PRCPTOT,1028.95,1024.232,-4.718,-0.46
RAW_CMIP6,CanESM5,RAINY,351008,LA_NINA,wet_day_freq,64.853,66.196,1.343,2.07
RAW_CMIP6,CanESM5,RAINY,351008,LA_NINA,SDII,8.583,8.248,-0.335,-3.91
RAW_CMIP6,CanESM5,RAINY,351008,LA_NINA,Rx1day,55.388,47.524,-7.864,-14.2
RAW_CMIP6,CanESM5,RAINY,351008,LA_NINA,Rx5day,107.813,112.632,4.819,4.47
RAW_CMIP6,CanESM5,RAINY,351008,LA_NINA,R20mm,4.0,5.8,1.8,45.0
RAW_CMIP6,CanESM5,RAINY,351008,LA_NINA,R50mm,0.5,0.6,0.1,20.0
RAW_CMIP6,CanESM5,RAINY,351008,LA_NINA,R95p,197.038,210.304,13.266,6.73
RAW_CMIP6,CanESM5,RAINY,351008,LA_NINA,R99p,49.543,57.132,7.589,15.32
RAW_CMIP6,CanESM5,RAINY,351008,LA_NINA,CDD,12.333,9.2,-3.133,-25.41
RAW_CMIP6,CanESM5,RAINY,351008,LA_NINA,CWD,20.5,21.6,1.1,5.37
RAW_CMIP6,CanESM5,RAINY,351009,EL_NINO,PRCPTOT,1028.95,1003.615,-25.335,-2.46
RAW_CMIP6,CanESM5,RAINY,351009,EL_NINO,wet_day_freq,64.853,67.665,2.812,4.34
RAW_CMIP6,CanESM5,RAINY,351009,EL_NINO,SDII,8.583,8.045,-0.538,-6.27
RAW_CMIP6,CanESM5,RAINY,351009,EL_NINO,Rx1day,55.388,36.28,-19.108,-34.5
RAW_CMIP6,CanESM5,RAINY,351009,EL_NINO,Rx5day,107.813,94.77,-13.043,-12.1
RAW_CMIP6,CanESM5,RAINY,351009,EL_NINO,R20mm,4.0,4.5,0.5,12.5
RAW_CMIP6,CanESM5,RAINY,351009,EL_NINO,R50mm,0.5,0.0,-0.5,-100.0
RAW_CMIP6,CanESM5,RAINY,351009,EL_NINO,R95p,456.798,387.435,-69.363,-15.18
RAW_CMIP6,CanESM5,RAINY,351009,EL_NINO,R99p,140.437,121.79,-18.647,-13.28
RAW_CMIP6,CanESM5,RAINY,351009,EL_NINO,CDD,12.333,8.0,-4.333,-35.14
RAW_CMIP6,CanESM5,RAINY,351009,EL_NINO,CWD,20.5,22.0,1.5,7.32
RAW_CMIP6,CanESM5,RAINY,351009,LA_NINA,PRCPTOT,1028.95,1024.232,-4.718,-0.46
RAW_CMIP6,CanESM5,RAINY,351009,LA_NINA,wet_day_freq,64.853,66.196,1.343,2.07
RAW_CMIP6,CanESM5,RAINY,351009,LA_NINA,SDII,8.583,8.248,-0.335,-3.91
RAW_CMIP6,CanESM5,RAINY,351009,LA_NINA,Rx1day,55.388,47.524,-7.864,-14.2
RAW_CMIP6,CanESM5,RAINY,351009,LA_NINA,Rx5day,107.813,112.632,4.819,4.47
RAW_CMIP6,CanESM5,RAINY,351009,LA_NINA,R20mm,4.0,5.8,1.8,45.0
RAW_CMIP6,CanESM5,RAINY,351009,LA_NINA,R50mm,0.5,0.6,0.1,20.0
RAW_CMIP6,CanESM5,RAINY,351009,LA_NINA,R95p,456.798,456.29,-0.508,-0.11
RAW_CMIP6,CanESM5,RAINY,351009,LA_NINA,R99p,140.437,183.888,43.451,30.94
RAW_CMIP6,CanESM5,RAINY,351009,LA_NINA,CDD,12.333,9.2,-3.133,-25.41
RAW_CMIP6,CanESM5,RAINY,351009,LA_NINA,CWD,20.5,21.6,1.1,5.37
RAW_CMIP6,CanESM5,RAINY,351010,EL_NINO,PRCPTOT,1028.95,1003.615,-25.335,-2.46
RAW_CMIP6,CanESM5,RAINY,351010,EL_NINO,wet_day_freq,64.853,67.665,2.812,4.34
RAW_CMIP6,CanESM5,RAINY,351010,EL_NINO,SDII,8.583,8.045,-0.538,-6.27
RAW_CMIP6,CanESM5,RAINY,351010,EL_NINO,Rx1day,55.388,36.28,-19.108,-34.5
RAW_CMIP6,CanESM5,RAINY,351010,EL_NINO,Rx5day,107.813,94.77,-13.043,-12.1
RAW_CMIP6,CanESM5,RAINY,351010,EL_NINO,R20mm,4.0,4.5,0.5,12.5
RAW_CMIP6,CanESM5,RAINY,351010,EL_NINO,R50mm,0.5,0.0,-0.5,-100.0
RAW_CMIP6,CanESM5,RAINY,351010,EL_NINO,R95p,399.838,354.275,-45.563,-11.4
RAW_CMIP6,CanESM5,RAINY,351010,EL_NINO,R99p,109.837,100.795,-9.042,-8.23
RAW_CMIP6,CanESM5,RAINY,351010,EL_NINO,CDD,12.333,8.0,-4.333,-35.14
RAW_CMIP6,CanESM5,RAINY,351010,EL_NINO,CWD,20.5,22.0,1.5,7.32
RAW_CMIP6,CanESM5,RAINY,351010,LA_NINA,PRCPTOT,1028.95,1024.232,-4.718,-0.46
RAW_CMIP6,CanESM5,RAINY,351010,LA_NINA,wet_day_freq,64.853,66.196,1.343,2.07
RAW_CMIP6,CanESM5,RAINY,351010,LA_NINA,SDII,8.583,8.248,-0.335,-3.91
RAW_CMIP6,CanESM5,RAINY,351010,LA_NINA,Rx1day,55.388,47.524,-7.864,-14.2
RAW_CMIP6,CanESM5,RAINY,351010,LA_NINA,Rx5day,107.813,112.632,4.819,4.47
RAW_CMIP6,CanESM5,RAINY,351010,LA_NINA,R20mm,4.0,5.8,1.8,45.0
RAW_CMIP6,CanESM5,RAINY,351010,LA_NINA,R50mm,0.5,0.6,0.1,20.0
RAW_CMIP6,CanESM5,RAINY,351010,LA_NINA,R95p,399.838,398.578,-1.26,-0.32
RAW_CMIP6,CanESM5,RAINY,351010,LA_NINA,R99p,109.837,139.004,29.167,26.56
RAW_CMIP6,CanESM5,RAINY,351010,LA_NINA,CDD,12.333,9.2,-3.133,-25.41
RAW_CMIP6,CanESM5,RAINY,351010,LA_NINA,CWD,20.5,21.6,1.1,5.37
RAW_CMIP6,CanESM5,RAINY,351011,EL_NINO,PRCPTOT,1028.95,1003.615,-25.335,-2.46
RAW_CMIP6,CanESM5,RAINY,351011,EL_NINO,wet_day_freq,64.853,67.665,2.812,4.34
RAW_CMIP6,CanESM5,RAINY,351011,EL_NINO,SDII,8.583,8.045,-0.538,-6.27
RAW_CMIP6,CanESM5,RAINY,351011,EL_NINO,Rx1day,55.388,36.28,-19.108,-34.5
RAW_CMIP6,CanESM5,RAINY,351011,EL_NINO,Rx5day,107.813,94.77,-13.043,-12.1
RAW_CMIP6,CanESM5,RAINY,351011,EL_NINO,R20mm,4.0,4.5,0.5,12.5
RAW_CMIP6,CanESM5,RAINY,351011,EL_NINO,R50mm,0.5,0.0,-0.5,-100.0
RAW_CMIP6,CanESM5,RAINY,351011,EL_NINO,R95p,49.543,0.0,-49.543,-100.0
RAW_CMIP6,CanESM5,RAINY,351011,EL_NINO,R99p,36.74,0.0,-36.74,-100.0
RAW_CMIP6,CanESM5,RAINY,351011,EL_NINO,CDD,12.333,8.0,-4.333,-35.14
RAW_CMIP6,CanESM5,RAINY,351011,EL_NINO,CWD,20.5,22.0,1.5,7.32
RAW_CMIP6,CanESM5,RAINY,351011,LA_NINA,PRCPTOT,1028.95,1024.232,-4.718,-0.46
RAW_CMIP6,CanESM5,RAINY,351011,LA_NINA,wet_day_freq,64.853,66.196,1.343,2.07
RAW_CMIP6,CanESM5,RAINY,351011,LA_NINA,SDII,8.583,8.248,-0.335,-3.91
RAW_CMIP6,CanESM5,RAINY,351011,LA_NINA,Rx1day,55.388,47.524,-7.864,-14.2
RAW_CMIP6,CanESM5,RAINY,351011,LA_NINA,Rx5day,107.813,112.632,4.819,4.47
RAW_CMIP6,CanESM5,RAINY,351011,LA_NINA,R20mm,4.0,5.8,1.8,45.0
RAW_CMIP6,CanESM5,RAINY,351011,LA_NINA,R50mm,0.5,0.6,0.1,20.0
RAW_CMIP6,CanESM5,RAINY,351011,LA_NINA,R95p,49.543,57.132,7.589,15.32
RAW_CMIP6,CanESM5,RAINY,351011,LA_NINA,R99p,36.74,0.0,-36.74,-100.0
RAW_CMIP6,CanESM5,RAINY,351011,LA_NINA,CDD,12.333,9.2,-3.133,-25.41
RAW_CMIP6,CanESM5,RAINY,351011,LA_NINA,CWD,20.5,21.6,1.1,5.37
RAW_CMIP6,CanESM5,RAINY,351012,EL_NINO,PRCPTOT,1028.95,1003.615,-25.335,-2.46
RAW_CMIP6,CanESM5,RAINY,351012,EL_NINO,wet_day_freq,64.853,67.665,2.812,4.34
RAW_CMIP6,CanESM5,RAINY,351012,EL_NINO,SDII,8.583,8.045,-0.538,-6.27
RAW_CMIP6,CanESM5,RAINY,351012,EL_NINO,Rx1day,55.388,36.28,-19.108,-34.5
RAW_CMIP6,CanESM5,RAINY,351012,EL_NINO,Rx5day,107.813,94.77,-13.043,-12.1
RAW_CMIP6,CanESM5,RAINY,351012,EL_NINO,R20mm,4.0,4.5,0.5,12.5
RAW_CMIP6,CanESM5,RAINY,351012,EL_NINO,R50mm,0.5,0.0,-0.5,-100.0
RAW_CMIP6,CanESM5,RAINY,351012,EL_NINO,R95p,49.543,0.0,-49.543,-100.0
RAW_CMIP6,CanESM5,RAINY,351012,EL_NINO,R99p,36.74,0.0,-36.74,-100.0
RAW_CMIP6,CanESM5,RAINY,351012,EL_NINO,CDD,12.333,8.0,-4.333,-35.14
RAW_CMIP6,CanESM5,RAINY,351012,EL_NINO,CWD,20.5,22.0,1.5,7.32
RAW_CMIP6,CanESM5,RAINY,351012,LA_NINA,PRCPTOT,1028.95,1024.232,-4.718,-0.46
RAW_CMIP6,CanESM5,RAINY,351012,LA_NINA,wet_day_freq,64.853,66.196,1.343,2.07
RAW_CMIP6,CanESM5,RAINY,351012,LA_NINA,SDII,8.583,8.248,-0.335,-3.91
RAW_CMIP6,CanESM5,RAINY,351012,LA_NINA,Rx1day,55.388,47.524,-7.864,-14.2
RAW_CMIP6,CanESM5,RAINY,351012,LA_NINA,Rx5day,107.813,112.632,4.819,4.47
RAW_CMIP6,CanESM5,RAINY,351012,LA_NINA,R20mm,4.0,5.8,1.8,45.0
RAW_CMIP6,CanESM5,RAINY,351012,LA_NINA,R50mm,0.5,0.6,0.1,20.0
RAW_CMIP6,CanESM5,RAINY,351012,LA_NINA,R95p,49.543,57.132,7.589,15.32
RAW_CMIP6,CanESM5,RAINY,351012,LA_NINA,R99p,36.74,0.0,-36.74,-100.0
RAW_CMIP6,CanESM5,RAINY,351012,LA_NINA,CDD,12.333,9.2,-3.133,-25.41
RAW_CMIP6,CanESM5,RAINY,351012,LA_NINA,CWD,20.5,21.6,1.1,5.37
RAW_CMIP6,CanESM5,RAINY,351201,EL_NINO,PRCPTOT,1028.95,1003.615,-25.335,-2.46
RAW_CMIP6,CanESM5,RAINY,351201,EL_NINO,wet_day_freq,64.853,67.665,2.812,4.34
RAW_CMIP6,CanESM5,RAINY,351201,EL_NINO,SDII,8.583,8.045,-0.538,-6.27
RAW_CMIP6,CanESM5,RAINY,351201,EL_NINO,Rx1day,55.388,36.28,-19.108,-34.5
RAW_CMIP6,CanESM5,RAINY,351201,EL_NINO,Rx5day,107.813,94.77,-13.043,-12.1
RAW_CMIP6,CanESM5,RAINY,351201,EL_NINO,R20mm,4.0,4.5,0.5,12.5
RAW_CMIP6,CanESM5,RAINY,351201,EL_NINO,R50mm,0.5,0.0,-0.5,-100.0
RAW_CMIP6,CanESM5,RAINY,351201,EL_NINO,R95p,49.543,20.045,-29.498,-59.54
RAW_CMIP6,CanESM5,RAINY,351201,EL_NINO,R99p,49.543,0.0,-49.543,-100.0
RAW_CMIP6,CanESM5,RAINY,351201,EL_NINO,CDD,12.333,8.0,-4.333,-35.14
RAW_CMIP6,CanESM5,RAINY,351201,EL_NINO,CWD,20.5,22.0,1.5,7.32
RAW_CMIP6,CanESM5,RAINY,351201,LA_NINA,PRCPTOT,1028.95,1024.232,-4.718,-0.46
RAW_CMIP6,CanESM5,RAINY,351201,LA_NINA,wet_day_freq,64.853,66.196,1.343,2.07
RAW_CMIP6,CanESM5,RAINY,351201,LA_NINA,SDII,8.583,8.248,-0.335,-3.91
RAW_CMIP6,CanESM5,RAINY,351201,LA_NINA,Rx1day,55.388,47.524,-7.864,-14.2
RAW_CMIP6,CanESM5,RAINY,351201,LA_NINA,Rx5day,107.813,112.632,4.819,4.47
RAW_CMIP6,CanESM5,RAINY,351201,LA_NINA,R20mm,4.0,5.8,1.8,45.0
RAW_CMIP6,CanESM5,RAINY,351201,LA_NINA,R50mm,0.5,0.6,0.1,20.0
RAW_CMIP6,CanESM5,RAINY,351201,LA_NINA,R95p,49.543,57.132,7.589,15.32
RAW_CMIP6,CanESM5,RAINY,351201,LA_NINA,R99p,49.543,48.2,-1.343,-2.71
RAW_CMIP6,CanESM5,RAINY,351201,LA_NINA,CDD,12.333,9.2,-3.133,-25.41
RAW_CMIP6,CanESM5,RAINY,351201,LA_NINA,CWD,20.5,21.6,1.1,5.37
RAW_CMIP6,EC-Earth3,HOT_DRY,351001,EL_NINO,PRCPTOT,270.54,299.562,29.022,10.73
RAW_CMIP6,EC-Earth3,HOT_DRY,351001,EL_NINO,wet_day_freq,38.07,39.5,1.43,3.76
RAW_CMIP6,EC-Earth3,HOT_DRY,351001,EL_NINO,SDII,3.798,4.16,0.362,9.53
RAW_CMIP6,EC-Earth3,HOT_DRY,351001,EL_NINO,Rx1day,19.778,26.243,6.465,32.69
RAW_CMIP6,EC-Earth3,HOT_DRY,351001,EL_NINO,Rx5day,62.07,67.535,5.465,8.8
RAW_CMIP6,EC-Earth3,HOT_DRY,351001,EL_NINO,R20mm,1.2,2.25,1.05,87.5
RAW_CMIP6,EC-Earth3,HOT_DRY,351001,EL_NINO,R50mm,0.0,0.0,0.0,0.0
RAW_CMIP6,EC-Earth3,HOT_DRY,351001,EL_NINO,R95p,0.0,0.0,0.0,0.0
RAW_CMIP6,EC-Earth3,HOT_DRY,351001,EL_NINO,R99p,0.0,0.0,0.0,0.0
RAW_CMIP6,EC-Earth3,HOT_DRY,351001,EL_NINO,CDD,22.2,13.75,-8.45,-38.06
RAW_CMIP6,EC-Earth3,HOT_DRY,351001,EL_NINO,CWD,10.4,9.0,-1.4,-13.46
RAW_CMIP6,EC-Earth3,HOT_DRY,351001,LA_NINA,PRCPTOT,270.54,214.217,-56.323,-20.82
RAW_CMIP6,EC-Earth3,HOT_DRY,351001,LA_NINA,wet_day_freq,38.07,34.231,-3.839,-10.08
RAW_CMIP6,EC-Earth3,HOT_DRY,351001,LA_NINA,SDII,3.798,3.443,-0.355,-9.34
RAW_CMIP6,EC-Earth3,HOT_DRY,351001,LA_NINA,Rx1day,19.778,17.054,-2.724,-13.77
RAW_CMIP6,EC-Earth3,HOT_DRY,351001,LA_NINA,Rx5day,62.07,41.088,-20.982,-33.8
RAW_CMIP6,EC-Earth3,HOT_DRY,351001,LA_NINA,R20mm,1.2,0.444,-0.756,-62.96
RAW_CMIP6,EC-Earth3,HOT_DRY,351001,LA_NINA,R50mm,0.0,0.0,0.0,0.0
RAW_CMIP6,EC-Earth3,HOT_DRY,351001,LA_NINA,R95p,0.0,0.0,0.0,0.0
RAW_CMIP6,EC-Earth3,HOT_DRY,351001,LA_NINA,R99p,0.0,0.0,0.0,0.0
RAW_CMIP6,EC-Earth3,HOT_DRY,351001,LA_NINA,CDD,22.2,25.778,3.578,16.12
RAW_CMIP6,EC-Earth3,HOT_DRY,351001,LA_NINA,CWD,10.4,8.222,-2.178,-20.94
RAW_CMIP6,EC-Earth3,HOT_DRY,351002,EL_NINO,PRCPTOT,270.54,299.562,29.022,10.73
RAW_CMIP6,EC-Earth3,HOT_DRY,351002,EL_NINO,wet_day_freq,38.07,39.5,1.43,3.76
RAW_CMIP6,EC-Earth3,HOT_DRY,351002,EL_NINO,SDII,3.798,4.16,0.362,9.53
RAW_CMIP6,EC-Earth3,HOT_DRY,351002,EL_NINO,Rx1day,19.778,26.243,6.465,32.69
RAW_CMIP6,EC-Earth3,HOT_DRY,351002,EL_NINO,Rx5day,62.07,67.535,5.465,8.8
RAW_CMIP6,EC-Earth3,HOT_DRY,351002,EL_NINO,R20mm,1.2,2.25,1.05,87.5
RAW_CMIP6,EC-Earth3,HOT_DRY,351002,EL_NINO,R50mm,0.0,0.0,0.0,0.0
RAW_CMIP6,EC-Earth3,HOT_DRY,351002,EL_NINO,R95p,0.0,0.0,0.0,0.0
RAW_CMIP6,EC-Earth3,HOT_DRY,351002,EL_NINO,R99p,0.0,0.0,0.0,0.0
RAW_CMIP6,EC-Earth3,HOT_DRY,351002,EL_NINO,CDD,22.2,13.75,-8.45,-38.06
RAW_CMIP6,EC-Earth3,HOT_DRY,351002,EL_NINO,CWD,10.4,9.0,-1.4,-13.46
RAW_CMIP6,EC-Earth3,HOT_DRY,351002,LA_NINA,PRCPTOT,270.54,214.217,-56.323,-20.82
RAW_CMIP6,EC-Earth3,HOT_DRY,351002,LA_NINA,wet_day_freq,38.07,34.231,-3.839,-10.08
RAW_CMIP6,EC-Earth3,HOT_DRY,351002,LA_NINA,SDII,3.798,3.443,-0.355,-9.34
RAW_CMIP6,EC-Earth3,HOT_DRY,351002,LA_NINA,Rx1day,19.778,17.054,-2.724,-13.77
RAW_CMIP6,EC-Earth3,HOT_DRY,351002,LA_NINA,Rx5day,62.07,41.088,-20.982,-33.8
RAW_CMIP6,EC-Earth3,HOT_DRY,351002,LA_NINA,R20mm,1.2,0.444,-0.756,-62.96
RAW_CMIP6,EC-Earth3,HOT_DRY,351002,LA_NINA,R50mm,0.0,0.0,0.0,0.0
RAW_CMIP6,EC-Earth3,HOT_DRY,351002,LA_NINA,R95p,0.0,0.0,0.0,0.0
RAW_CMIP6,EC-Earth3,HOT_DRY,351002,LA_NINA,R99p,0.0,0.0,0.0,0.0
RAW_CMIP6,EC-Earth3,HOT_DRY,351002,LA_NINA,CDD,22.2,25.778,3.578,16.12
RAW_CMIP6,EC-Earth3,HOT_DRY,351002,LA_NINA,CWD,10.4,8.222,-2.178,-20.94
RAW_CMIP6,EC-Earth3,HOT_DRY,351003,EL_NINO,PRCPTOT,218.272,239.895,21.623,9.91
RAW_CMIP6,EC-Earth3,HOT_DRY,351003,EL_NINO,wet_day_freq,29.022,30.248,1.226,4.22
RAW_CMIP6,EC-Earth3,HOT_DRY,351003,EL_NINO,SDII,4.038,4.303,0.264,6.55
RAW_CMIP6,EC-Earth3,HOT_DRY,351003,EL_NINO,Rx1day,19.324,23.82,4.496,23.27
RAW_CMIP6,EC-Earth3,HOT_DRY,351003,EL_NINO,Rx5day,55.174,56.33,1.156,2.1
RAW_CMIP6,EC-Earth3,HOT_DRY,351003,EL_NINO,R20mm,0.8,1.75,0.95,118.75
RAW_CMIP6,EC-Earth3,HOT_DRY,351003,EL_NINO,R50mm,0.0,0.0,0.0,0.0
RAW_CMIP6,EC-Earth3,HOT_DRY,351003,EL_NINO,R95p,0.0,0.0,0.0,0.0
RAW_CMIP6,EC-Earth3,HOT_DRY,351003,EL_NINO,R99p,0.0,0.0,0.0,0.0
RAW_CMIP6,EC-Earth3,HOT_DRY,351003,EL_NINO,CDD,26.6,22.5,-4.1,-15.41
RAW_CMIP6,EC-Earth3,HOT_DRY,351003,EL_NINO,CWD,9.2,7.5,-1.7,-18.48
RAW_CMIP6,EC-Earth3,HOT_DRY,351003,LA_NINA,PRCPTOT,218.272,168.702,-49.57,-22.71
RAW_CMIP6,EC-Earth3,HOT_DRY,351003,LA_NINA,wet_day_freq,29.022,24.801,-4.221,-14.54
RAW_CMIP6,EC-Earth3,HOT_DRY,351003,LA_NINA,SDII,4.038,3.781,-0.257,-6.36
RAW_CMIP6,EC-Earth3,HOT_DRY,351003,LA_NINA,Rx1day,19.324,14.731,-4.593,-23.77
RAW_CMIP6,EC-Earth3,HOT_DRY,351003,LA_NINA,Rx5day,55.174,38.596,-16.578,-30.05
RAW_CMIP6,EC-Earth3,HOT_DRY,351003,LA_NINA,R20mm,0.8,0.333,-0.467,-58.33
RAW_CMIP6,EC-Earth3,HOT_DRY,351003,LA_NINA,R50mm,0.0,0.0,0.0,0.0
RAW_CMIP6,EC-Earth3,HOT_DRY,351003,LA_NINA,R95p,0.0,0.0,0.0,0.0
RAW_CMIP6,EC-Earth3,HOT_DRY,351003,LA_NINA,R99p,0.0,0.0,0.0,0.0
RAW_CMIP6,EC-Earth3,HOT_DRY,351003,LA_NINA,CDD,26.6,29.0,2.4,9.02
RAW_CMIP6,EC-Earth3,HOT_DRY,351003,LA_NINA,CWD,9.2,6.222,-2.978,-32.37
RAW_CMIP6,EC-Earth3,HOT_DRY,351004,EL_NINO,PRCPTOT,218.272,239.895,21.623,9.91
RAW_CMIP6,EC-Earth3,HOT_DRY,351004,EL_NINO,wet_day_freq,29.022,30.248,1.226,4.22
RAW_CMIP6,EC-Earth3,HOT_DRY,351004,EL_NINO,SDII,4.038,4.303,0.264,6.55
RAW_CMIP6,EC-Earth3,HOT_DRY,351004,EL_NINO,Rx1day,19.324,23.82,4.496,23.27
RAW_CMIP6,EC-Earth3,HOT_DRY,351004,EL_NINO,Rx5day,55.174,56.33,1.156,2.1
RAW_CMIP6,EC-Earth3,HOT_DRY,351004,EL_NINO,R20mm,0.8,1.75,0.95,118.75
RAW_CMIP6,EC-Earth3,HOT_DRY,351004,EL_NINO,R50mm,0.0,0.0,0.0,0.0
RAW_CMIP6,EC-Earth3,HOT_DRY,351004,EL_NINO,R95p,0.0,0.0,0.0,0.0
RAW_CMIP6,EC-Earth3,HOT_DRY,351004,EL_NINO,R99p,0.0,0.0,0.0,0.0
RAW_CMIP6,EC-Earth3,HOT_DRY,351004,EL_NINO,CDD,26.6,22.5,-4.1,-15.41
RAW_CMIP6,EC-Earth3,HOT_DRY,351004,EL_NINO,CWD,9.2,7.5,-1.7,-18.48
RAW_CMIP6,EC-Earth3,HOT_DRY,351004,LA_NINA,PRCPTOT,218.272,168.702,-49.57,-22.71
RAW_CMIP6,EC-Earth3,HOT_DRY,351004,LA_NINA,wet_day_freq,29.022,24.801,-4.221,-14.54
RAW_CMIP6,EC-Earth3,HOT_DRY,351004,LA_NINA,SDII,4.038,3.781,-0.257,-6.36
RAW_CMIP6,EC-Earth3,HOT_DRY,351004,LA_NINA,Rx1day,19.324,14.731,-4.593,-23.77
RAW_CMIP6,EC-Earth3,HOT_DRY,351004,LA_NINA,Rx5day,55.174,38.596,-16.578,-30.05
RAW_CMIP6,EC-Earth3,HOT_DRY,351004,LA_NINA,R20mm,0.8,0.333,-0.467,-58.33
RAW_CMIP6,EC-Earth3,HOT_DRY,351004,LA_NINA,R50mm,0.0,0.0,0.0,0.0
RAW_CMIP6,EC-Earth3,HOT_DRY,351004,LA_NINA,R95p,0.0,0.0,0.0,0.0
RAW_CMIP6,EC-Earth3,HOT_DRY,351004,LA_NINA,R99p,0.0,0.0,0.0,0.0
RAW_CMIP6,EC-Earth3,HOT_DRY,351004,LA_NINA,CDD,26.6,29.0,2.4,9.02
RAW_CMIP6,EC-Earth3,HOT_DRY,351004,LA_NINA,CWD,9.2,6.222,-2.978,-32.37
RAW_CMIP6,EC-Earth3,HOT_DRY,351005,EL_NINO,PRCPTOT,264.478,292.993,28.514,10.78
RAW_CMIP6,EC-Earth3,HOT_DRY,351005,EL_NINO,wet_day_freq,33.326,36.05,2.724,8.17
RAW_CMIP6,EC-Earth3,HOT_DRY,351005,EL_NINO,SDII,4.306,4.428,0.122,2.82
RAW_CMIP6,EC-Earth3,HOT_DRY,351005,EL_NINO,Rx1day,22.53,23.745,1.215,5.39
RAW_CMIP6,EC-Earth3,HOT_DRY,351005,EL_NINO,Rx5day,66.12,70.37,4.25,6.43
RAW_CMIP6,EC-Earth3,HOT_DRY,351005,EL_NINO,R20mm,1.4,3.0,1.6,114.29
RAW_CMIP6,EC-Earth3,HOT_DRY,351005,EL_NINO,R50mm,0.0,0.0,0.0,0.0
RAW_CMIP6,EC-Earth3,HOT_DRY,351005,EL_NINO,R95p,0.0,0.0,0.0,0.0
RAW_CMIP6,EC-Earth3,HOT_DRY,351005,EL_NINO,R99p,0.0,0.0,0.0,0.0
RAW_CMIP6,EC-Earth3,HOT_DRY,351005,EL_NINO,CDD,20.0,17.75,-2.25,-11.25
RAW_CMIP6,EC-Earth3,HOT_DRY,351005,EL_NINO,CWD,9.0,8.5,-0.5,-5.56
RAW_CMIP6,EC-Earth3,HOT_DRY,351005,LA_NINA,PRCPTOT,264.478,208.046,-56.432,-21.34
RAW_CMIP6,EC-Earth3,HOT_DRY,351005,LA_NINA,wet_day_freq,33.326,30.008,-3.318,-9.96
RAW_CMIP6,EC-Earth3,HOT_DRY,351005,LA_NINA,SDII,4.306,3.849,-0.457,-10.62
RAW_CMIP6,EC-Earth3,HOT_DRY,351005,LA_NINA,Rx1day,22.53,19.724,-2.806,-12.45
RAW_CMIP6,EC-Earth3,HOT_DRY,351005,LA_NINA,Rx5day,66.12,48.564,-17.556,-26.55
RAW_CMIP6,EC-Earth3,HOT_DRY,351005,LA_NINA,R20mm,1.4,0.778,-0.622,-44.44
RAW_CMIP6,EC-Earth3,HOT_DRY,351005,LA_NINA,R50mm,0.0,0.0,0.0,0.0
RAW_CMIP6,EC-Earth3,HOT_DRY,351005,LA_NINA,R95p,0.0,0.0,0.0,0.0
RAW_CMIP6,EC-Earth3,HOT_DRY,351005,LA_NINA,R99p,0.0,0.0,0.0,0.0
RAW_CMIP6,EC-Earth3,HOT_DRY,351005,LA_NINA,CDD,20.0,27.667,7.667,38.33
RAW_CMIP6,EC-Earth3,HOT_DRY,351005,LA_NINA,CWD,9.0,7.778,-1.222,-13.58
RAW_CMIP6,EC-Earth3,HOT_DRY,351006,EL_NINO,PRCPTOT,218.272,239.895,21.623,9.91
RAW_CMIP6,EC-Earth3,HOT_DRY,351006,EL_NINO,wet_day_freq,29.022,30.248,1.226,4.22
RAW_CMIP6,EC-Earth3,HOT_DRY,351006,EL_NINO,SDII,4.038,4.303,0.264,6.55
RAW_CMIP6,EC-Earth3,HOT_DRY,351006,EL_NINO,Rx1day,19.324,23.82,4.496,23.27
RAW_CMIP6,EC-Earth3,HOT_DRY,351006,EL_NINO,Rx5day,55.174,56.33,1.156,2.1
RAW_CMIP6,EC-Earth3,HOT_DRY,351006,EL_NINO,R20mm,0.8,1.75,0.95,118.75
RAW_CMIP6,EC-Earth3,HOT_DRY,351006,EL_NINO,R50mm,0.0,0.0,0.0,0.0
RAW_CMIP6,EC-Earth3,HOT_DRY,351006,EL_NINO,R95p,30.026,44.34,14.314,47.67
RAW_CMIP6,EC-Earth3,HOT_DRY,351006,EL_NINO,R99p,0.0,0.0,0.0,0.0
RAW_CMIP6,EC-Earth3,HOT_DRY,351006,EL_NINO,CDD,26.6,22.5,-4.1,-15.41
RAW_CMIP6,EC-Earth3,HOT_DRY,351006,EL_NINO,CWD,9.2,7.5,-1.7,-18.48
RAW_CMIP6,EC-Earth3,HOT_DRY,351006,LA_NINA,PRCPTOT,218.272,168.702,-49.57,-22.71
RAW_CMIP6,EC-Earth3,HOT_DRY,351006,LA_NINA,wet_day_freq,29.022,24.801,-4.221,-14.54
RAW_CMIP6,EC-Earth3,HOT_DRY,351006,LA_NINA,SDII,4.038,3.781,-0.257,-6.36
RAW_CMIP6,EC-Earth3,HOT_DRY,351006,LA_NINA,Rx1day,19.324,14.731,-4.593,-23.77
RAW_CMIP6,EC-Earth3,HOT_DRY,351006,LA_NINA,Rx5day,55.174,38.596,-16.578,-30.05
RAW_CMIP6,EC-Earth3,HOT_DRY,351006,LA_NINA,R20mm,0.8,0.333,-0.467,-58.33
RAW_CMIP6,EC-Earth3,HOT_DRY,351006,LA_NINA,R50mm,0.0,0.0,0.0,0.0
RAW_CMIP6,EC-Earth3,HOT_DRY,351006,LA_NINA,R95p,30.026,10.963,-19.063,-63.49
RAW_CMIP6,EC-Earth3,HOT_DRY,351006,LA_NINA,R99p,0.0,0.0,0.0,0.0
RAW_CMIP6,EC-Earth3,HOT_DRY,351006,LA_NINA,CDD,26.6,29.0,2.4,9.02
RAW_CMIP6,EC-Earth3,HOT_DRY,351006,LA_NINA,CWD,9.2,6.222,-2.978,-32.37
RAW_CMIP6,EC-Earth3,HOT_DRY,351007,EL_NINO,PRCPTOT,135.814,166.885,31.071,22.88
RAW_CMIP6,EC-Earth3,HOT_DRY,351007,EL_NINO,wet_day_freq,15.338,16.02,0.682,4.45
RAW_CMIP6,EC-Earth3,HOT_DRY,351007,EL_NINO,SDII,4.916,5.668,0.752,15.29
RAW_CMIP6,EC-Earth3,HOT_DRY,351007,EL_NINO,Rx1day,15.304,24.038,8.734,57.07
RAW_CMIP6,EC-Earth3,HOT_DRY,351007,EL_NINO,Rx5day,40.118,55.45,15.332,38.22
RAW_CMIP6,EC-Earth3,HOT_DRY,351007,EL_NINO,R20mm,0.4,1.25,0.85,212.5
RAW_CMIP6,EC-Earth3,HOT_DRY,351007,EL_NINO,R50mm,0.0,0.0,0.0,0.0
RAW_CMIP6,EC-Earth3,HOT_DRY,351007,EL_NINO,R95p,8.614,35.767,27.153,315.23
RAW_CMIP6,EC-Earth3,HOT_DRY,351007,EL_NINO,R99p,0.0,0.0,0.0,0.0
RAW_CMIP6,EC-Earth3,HOT_DRY,351007,EL_NINO,CDD,40.8,40.0,-0.8,-1.96
RAW_CMIP6,EC-Earth3,HOT_DRY,351007,EL_NINO,CWD,7.4,5.5,-1.9,-25.68
RAW_CMIP6,EC-Earth3,HOT_DRY,351007,LA_NINA,PRCPTOT,135.814,87.181,-48.633,-35.81
RAW_CMIP6,EC-Earth3,HOT_DRY,351007,LA_NINA,wet_day_freq,15.338,10.106,-5.232,-34.11
RAW_CMIP6,EC-Earth3,HOT_DRY,351007,LA_NINA,SDII,4.916,4.811,-0.105,-2.13
RAW_CMIP6,EC-Earth3,HOT_DRY,351007,LA_NINA,Rx1day,15.304,8.916,-6.388,-41.74
RAW_CMIP6,EC-Earth3,HOT_DRY,351007,LA_NINA,Rx5day,40.118,21.101,-19.017,-47.4
RAW_CMIP6,EC-Earth3,HOT_DRY,351007,LA_NINA,R20mm,0.4,0.0,-0.4,-100.0
RAW_CMIP6,EC-Earth3,HOT_DRY,351007,LA_NINA,R50mm,0.0,0.0,0.0,0.0
RAW_CMIP6,EC-Earth3,HOT_DRY,351007,LA_NINA,R95p,8.614,0.0,-8.614,-100.0
RAW_CMIP6,EC-Earth3,HOT_DRY,351007,LA_NINA,R99p,0.0,0.0,0.0,0.0
RAW_CMIP6,EC-Earth3,HOT_DRY,351007,LA_NINA,CDD,40.8,41.0,0.2,0.49
RAW_CMIP6,EC-Earth3,HOT_DRY,351007,LA_NINA,CWD,7.4,3.556,-3.844,-51.95
RAW_CMIP6,EC-Earth3,HOT_DRY,351008,EL_NINO,PRCPTOT,240.76,275.623,34.863,14.48
RAW_CMIP6,EC-Earth3,HOT_DRY,351008,EL_NINO,wet_day_freq,34.652,37.705,3.053,8.81
RAW_CMIP6,EC-Earth3,HOT_DRY,351008,EL_NINO,SDII,3.732,3.995,0.263,7.05
RAW_CMIP6,EC-Earth3,HOT_DRY,351008,EL_NINO,Rx1day,17.996,27.162,9.166,50.94
RAW_CMIP6,EC-Earth3,HOT_DRY,351008,EL_NINO,Rx5day,54.722,61.258,6.535,11.94
RAW_CMIP6,EC-Earth3,HOT_DRY,351008,EL_NINO,R20mm,1.0,1.75,0.75,75.0
RAW_CMIP6,EC-Earth3,HOT_DRY,351008,EL_NINO,R50mm,0.0,0.0,0.0,0.0
RAW_CMIP6,EC-Earth3,HOT_DRY,351008,EL_NINO,R95p,34.508,53.635,19.127,55.43
RAW_CMIP6,EC-Earth3,HOT_DRY,351008,EL_NINO,R99p,0.0,0.0,0.0,0.0
RAW_CMIP6,EC-Earth3,HOT_DRY,351008,EL_NINO,CDD,17.6,15.75,-1.85,-10.51
RAW_CMIP6,EC-Earth3,HOT_DRY,351008,EL_NINO,CWD,10.2,8.0,-2.2,-21.57
RAW_CMIP6,EC-Earth3,HOT_DRY,351008,LA_NINA,PRCPTOT,240.76,188.764,-51.996,-21.6
RAW_CMIP6,EC-Earth3,HOT_DRY,351008,LA_NINA,wet_day_freq,34.652,30.983,-3.669,-10.59
RAW_CMIP6,EC-Earth3,HOT_DRY,351008,LA_NINA,SDII,3.732,3.368,-0.364,-9.76
RAW_CMIP6,EC-Earth3,HOT_DRY,351008,LA_NINA,Rx1day,17.996,15.448,-2.548,-14.16
RAW_CMIP6,EC-Earth3,HOT_DRY,351008,LA_NINA,Rx5day,54.722,37.531,-17.191,-31.41
RAW_CMIP6,EC-Earth3,HOT_DRY,351008,LA_NINA,R20mm,1.0,0.333,-0.667,-66.67
RAW_CMIP6,EC-Earth3,HOT_DRY,351008,LA_NINA,R50mm,0.0,0.0,0.0,0.0
RAW_CMIP6,EC-Earth3,HOT_DRY,351008,LA_NINA,R95p,34.508,10.561,-23.947,-69.4
RAW_CMIP6,EC-Earth3,HOT_DRY,351008,LA_NINA,R99p,0.0,0.0,0.0,0.0
RAW_CMIP6,EC-Earth3,HOT_DRY,351008,LA_NINA,CDD,17.6,27.111,9.511,54.04
RAW_CMIP6,EC-Earth3,HOT_DRY,351008,LA_NINA,CWD,10.2,7.889,-2.311,-22.66
RAW_CMIP6,EC-Earth3,HOT_DRY,351009,EL_NINO,PRCPTOT,218.272,239.895,21.623,9.91
RAW_CMIP6,EC-Earth3,HOT_DRY,351009,EL_NINO,wet_day_freq,29.022,30.248,1.226,4.22
RAW_CMIP6,EC-Earth3,HOT_DRY,351009,EL_NINO,SDII,4.038,4.303,0.264,6.55
RAW_CMIP6,EC-Earth3,HOT_DRY,351009,EL_NINO,Rx1day,19.324,23.82,4.496,23.27
RAW_CMIP6,EC-Earth3,HOT_DRY,351009,EL_NINO,Rx5day,55.174,56.33,1.156,2.1
RAW_CMIP6,EC-Earth3,HOT_DRY,351009,EL_NINO,R20mm,0.8,1.75,0.95,118.75
RAW_CMIP6,EC-Earth3,HOT_DRY,351009,EL_NINO,R50mm,0.0,0.0,0.0,0.0
RAW_CMIP6,EC-Earth3,HOT_DRY,351009,EL_NINO,R95p,51.588,67.367,15.779,30.59
RAW_CMIP6,EC-Earth3,HOT_DRY,351009,EL_NINO,R99p,26.114,44.34,18.226,69.79
RAW_CMIP6,EC-Earth3,HOT_DRY,351009,EL_NINO,CDD,26.6,22.5,-4.1,-15.41
RAW_CMIP6,EC-Earth3,HOT_DRY,351009,EL_NINO,CWD,9.2,7.5,-1.7,-18.48
RAW_CMIP6,EC-Earth3,HOT_DRY,351009,LA_NINA,PRCPTOT,218.272,168.702,-49.57,-22.71
RAW_CMIP6,EC-Earth3,HOT_DRY,351009,LA_NINA,wet_day_freq,29.022,24.801,-4.221,-14.54
RAW_CMIP6,EC-Earth3,HOT_DRY,351009,LA_NINA,SDII,4.038,3.781,-0.257,-6.36
RAW_CMIP6,EC-Earth3,HOT_DRY,351009,LA_NINA,Rx1day,19.324,14.731,-4.593,-23.77
RAW_CMIP6,EC-Earth3,HOT_DRY,351009,LA_NINA,Rx5day,55.174,38.596,-16.578,-30.05
RAW_CMIP6,EC-Earth3,HOT_DRY,351009,LA_NINA,R20mm,0.8,0.333,-0.467,-58.33
RAW_CMIP6,EC-Earth3,HOT_DRY,351009,LA_NINA,R50mm,0.0,0.0,0.0,0.0
RAW_CMIP6,EC-Earth3,HOT_DRY,351009,LA_NINA,R95p,51.588,24.567,-27.021,-52.38
RAW_CMIP6,EC-Earth3,HOT_DRY,351009,LA_NINA,R99p,26.114,8.786,-17.328,-66.36
RAW_CMIP6,EC-Earth3,HOT_DRY,351009,LA_NINA,CDD,26.6,29.0,2.4,9.02
RAW_CMIP6,EC-Earth3,HOT_DRY,351009,LA_NINA,CWD,9.2,6.222,-2.978,-32.37
RAW_CMIP6,EC-Earth3,HOT_DRY,351010,EL_NINO,PRCPTOT,218.272,239.895,21.623,9.91
RAW_CMIP6,EC-Earth3,HOT_DRY,351010,EL_NINO,wet_day_freq,29.022,30.248,1.226,4.22
RAW_CMIP6,EC-Earth3,HOT_DRY,351010,EL_NINO,SDII,4.038,4.303,0.264,6.55
RAW_CMIP6,EC-Earth3,HOT_DRY,351010,EL_NINO,Rx1day,19.324,23.82,4.496,23.27
RAW_CMIP6,EC-Earth3,HOT_DRY,351010,EL_NINO,Rx5day,55.174,56.33,1.156,2.1
RAW_CMIP6,EC-Earth3,HOT_DRY,351010,EL_NINO,R20mm,0.8,1.75,0.95,118.75
RAW_CMIP6,EC-Earth3,HOT_DRY,351010,EL_NINO,R50mm,0.0,0.0,0.0,0.0
RAW_CMIP6,EC-Earth3,HOT_DRY,351010,EL_NINO,R95p,43.658,63.992,20.334,46.58
RAW_CMIP6,EC-Earth3,HOT_DRY,351010,EL_NINO,R99p,22.124,44.34,22.216,100.42
RAW_CMIP6,EC-Earth3,HOT_DRY,351010,EL_NINO,CDD,26.6,22.5,-4.1,-15.41
RAW_CMIP6,EC-Earth3,HOT_DRY,351010,EL_NINO,CWD,9.2,7.5,-1.7,-18.48
RAW_CMIP6,EC-Earth3,HOT_DRY,351010,LA_NINA,PRCPTOT,218.272,168.702,-49.57,-22.71
RAW_CMIP6,EC-Earth3,HOT_DRY,351010,LA_NINA,wet_day_freq,29.022,24.801,-4.221,-14.54
RAW_CMIP6,EC-Earth3,HOT_DRY,351010,LA_NINA,SDII,4.038,3.781,-0.257,-6.36
RAW_CMIP6,EC-Earth3,HOT_DRY,351010,LA_NINA,Rx1day,19.324,14.731,-4.593,-23.77
RAW_CMIP6,EC-Earth3,HOT_DRY,351010,LA_NINA,Rx5day,55.174,38.596,-16.578,-30.05
RAW_CMIP6,EC-Earth3,HOT_DRY,351010,LA_NINA,R20mm,0.8,0.333,-0.467,-58.33
RAW_CMIP6,EC-Earth3,HOT_DRY,351010,LA_NINA,R50mm,0.0,0.0,0.0,0.0
RAW_CMIP6,EC-Earth3,HOT_DRY,351010,LA_NINA,R95p,43.658,20.111,-23.547,-53.93
RAW_CMIP6,EC-Earth3,HOT_DRY,351010,LA_NINA,R99p,22.124,8.786,-13.338,-60.29
RAW_CMIP6,EC-Earth3,HOT_DRY,351010,LA_NINA,CDD,26.6,29.0,2.4,9.02
RAW_CMIP6,EC-Earth3,HOT_DRY,351010,LA_NINA,CWD,9.2,6.222,-2.978,-32.37
RAW_CMIP6,EC-Earth3,HOT_DRY,351011,EL_NINO,PRCPTOT,264.478,292.993,28.514,10.78
RAW_CMIP6,EC-Earth3,HOT_DRY,351011,EL_NINO,wet_day_freq,33.326,36.05,2.724,8.17
RAW_CMIP6,EC-Earth3,HOT_DRY,351011,EL_NINO,SDII,4.306,4.428,0.122,2.82
RAW_CMIP6,EC-Earth3,HOT_DRY,351011,EL_NINO,Rx1day,22.53,23.745,1.215,5.39
RAW_CMIP6,EC-Earth3,HOT_DRY,351011,EL_NINO,Rx5day,66.12,70.37,4.25,6.43
RAW_CMIP6,EC-Earth3,HOT_DRY,351011,EL_NINO,R20mm,1.4,3.0,1.6,114.29
RAW_CMIP6,EC-Earth3,HOT_DRY,351011,EL_NINO,R50mm,0.0,0.0,0.0,0.0
RAW_CMIP6,EC-Earth3,HOT_DRY,351011,EL_NINO,R95p,0.0,0.0,0.0,0.0
RAW_CMIP6,EC-Earth3,HOT_DRY,351011,EL_NINO,R99p,0.0,0.0,0.0,0.0
RAW_CMIP6,EC-Earth3,HOT_DRY,351011,EL_NINO,CDD,20.0,17.75,-2.25,-11.25
RAW_CMIP6,EC-Earth3,HOT_DRY,351011,EL_NINO,CWD,9.0,8.5,-0.5,-5.56
RAW_CMIP6,EC-Earth3,HOT_DRY,351011,LA_NINA,PRCPTOT,264.478,208.046,-56.432,-21.34
RAW_CMIP6,EC-Earth3,HOT_DRY,351011,LA_NINA,wet_day_freq,33.326,30.008,-3.318,-9.96
RAW_CMIP6,EC-Earth3,HOT_DRY,351011,LA_NINA,SDII,4.306,3.849,-0.457,-10.62
RAW_CMIP6,EC-Earth3,HOT_DRY,351011,LA_NINA,Rx1day,22.53,19.724,-2.806,-12.45
RAW_CMIP6,EC-Earth3,HOT_DRY,351011,LA_NINA,Rx5day,66.12,48.564,-17.556,-26.55
RAW_CMIP6,EC-Earth3,HOT_DRY,351011,LA_NINA,R20mm,1.4,0.778,-0.622,-44.44
RAW_CMIP6,EC-Earth3,HOT_DRY,351011,LA_NINA,R50mm,0.0,0.0,0.0,0.0
RAW_CMIP6,EC-Earth3,HOT_DRY,351011,LA_NINA,R95p,0.0,0.0,0.0,0.0
RAW_CMIP6,EC-Earth3,HOT_DRY,351011,LA_NINA,R99p,0.0,0.0,0.0,0.0
RAW_CMIP6,EC-Earth3,HOT_DRY,351011,LA_NINA,CDD,20.0,27.667,7.667,38.33
RAW_CMIP6,EC-Earth3,HOT_DRY,351011,LA_NINA,CWD,9.0,7.778,-1.222,-13.58
RAW_CMIP6,EC-Earth3,HOT_DRY,351012,EL_NINO,PRCPTOT,135.814,166.885,31.071,22.88
RAW_CMIP6,EC-Earth3,HOT_DRY,351012,EL_NINO,wet_day_freq,15.338,16.02,0.682,4.45
RAW_CMIP6,EC-Earth3,HOT_DRY,351012,EL_NINO,SDII,4.916,5.668,0.752,15.29
RAW_CMIP6,EC-Earth3,HOT_DRY,351012,EL_NINO,Rx1day,15.304,24.038,8.734,57.07
RAW_CMIP6,EC-Earth3,HOT_DRY,351012,EL_NINO,Rx5day,40.118,55.45,15.332,38.22
RAW_CMIP6,EC-Earth3,HOT_DRY,351012,EL_NINO,R20mm,0.4,1.25,0.85,212.5
RAW_CMIP6,EC-Earth3,HOT_DRY,351012,EL_NINO,R50mm,0.0,0.0,0.0,0.0
RAW_CMIP6,EC-Earth3,HOT_DRY,351012,EL_NINO,R95p,0.0,0.0,0.0,0.0
RAW_CMIP6,EC-Earth3,HOT_DRY,351012,EL_NINO,R99p,0.0,0.0,0.0,0.0
RAW_CMIP6,EC-Earth3,HOT_DRY,351012,EL_NINO,CDD,40.8,40.0,-0.8,-1.96
RAW_CMIP6,EC-Earth3,HOT_DRY,351012,EL_NINO,CWD,7.4,5.5,-1.9,-25.68
RAW_CMIP6,EC-Earth3,HOT_DRY,351012,LA_NINA,PRCPTOT,135.814,87.181,-48.633,-35.81
RAW_CMIP6,EC-Earth3,HOT_DRY,351012,LA_NINA,wet_day_freq,15.338,10.106,-5.232,-34.11
RAW_CMIP6,EC-Earth3,HOT_DRY,351012,LA_NINA,SDII,4.916,4.811,-0.105,-2.13
RAW_CMIP6,EC-Earth3,HOT_DRY,351012,LA_NINA,Rx1day,15.304,8.916,-6.388,-41.74
RAW_CMIP6,EC-Earth3,HOT_DRY,351012,LA_NINA,Rx5day,40.118,21.101,-19.017,-47.4
RAW_CMIP6,EC-Earth3,HOT_DRY,351012,LA_NINA,R20mm,0.4,0.0,-0.4,-100.0
RAW_CMIP6,EC-Earth3,HOT_DRY,351012,LA_NINA,R50mm,0.0,0.0,0.0,0.0
RAW_CMIP6,EC-Earth3,HOT_DRY,351012,LA_NINA,R95p,0.0,0.0,0.0,0.0
RAW_CMIP6,EC-Earth3,HOT_DRY,351012,LA_NINA,R99p,0.0,0.0,0.0,0.0
RAW_CMIP6,EC-Earth3,HOT_DRY,351012,LA_NINA,CDD,40.8,41.0,0.2,0.49
RAW_CMIP6,EC-Earth3,HOT_DRY,351012,LA_NINA,CWD,7.4,3.556,-3.844,-51.95
RAW_CMIP6,EC-Earth3,HOT_DRY,351201,EL_NINO,PRCPTOT,264.478,292.993,28.514,10.78
RAW_CMIP6,EC-Earth3,HOT_DRY,351201,EL_NINO,wet_day_freq,33.326,36.05,2.724,8.17
RAW_CMIP6,EC-Earth3,HOT_DRY,351201,EL_NINO,SDII,4.306,4.428,0.122,2.82
RAW_CMIP6,EC-Earth3,HOT_DRY,351201,EL_NINO,Rx1day,22.53,23.745,1.215,5.39
RAW_CMIP6,EC-Earth3,HOT_DRY,351201,EL_NINO,Rx5day,66.12,70.37,4.25,6.43
RAW_CMIP6,EC-Earth3,HOT_DRY,351201,EL_NINO,R20mm,1.4,3.0,1.6,114.29
RAW_CMIP6,EC-Earth3,HOT_DRY,351201,EL_NINO,R50mm,0.0,0.0,0.0,0.0
RAW_CMIP6,EC-Earth3,HOT_DRY,351201,EL_NINO,R95p,0.0,0.0,0.0,0.0
RAW_CMIP6,EC-Earth3,HOT_DRY,351201,EL_NINO,R99p,0.0,0.0,0.0,0.0
RAW_CMIP6,EC-Earth3,HOT_DRY,351201,EL_NINO,CDD,20.0,17.75,-2.25,-11.25
RAW_CMIP6,EC-Earth3,HOT_DRY,351201,EL_NINO,CWD,9.0,8.5,-0.5,-5.56
RAW_CMIP6,EC-Earth3,HOT_DRY,351201,LA_NINA,PRCPTOT,264.478,208.046,-56.432,-21.34
RAW_CMIP6,EC-Earth3,HOT_DRY,351201,LA_NINA,wet_day_freq,33.326,30.008,-3.318,-9.96
RAW_CMIP6,EC-Earth3,HOT_DRY,351201,LA_NINA,SDII,4.306,3.849,-0.457,-10.62
RAW_CMIP6,EC-Earth3,HOT_DRY,351201,LA_NINA,Rx1day,22.53,19.724,-2.806,-12.45
RAW_CMIP6,EC-Earth3,HOT_DRY,351201,LA_NINA,Rx5day,66.12,48.564,-17.556,-26.55
RAW_CMIP6,EC-Earth3,HOT_DRY,351201,LA_NINA,R20mm,1.4,0.778,-0.622,-44.44
RAW_CMIP6,EC-Earth3,HOT_DRY,351201,LA_NINA,R50mm,0.0,0.0,0.0,0.0
RAW_CMIP6,EC-Earth3,HOT_DRY,351201,LA_NINA,R95p,0.0,0.0,0.0,0.0
RAW_CMIP6,EC-Earth3,HOT_DRY,351201,LA_NINA,R99p,0.0,0.0,0.0,0.0
RAW_CMIP6,EC-Earth3,HOT_DRY,351201,LA_NINA,CDD,20.0,27.667,7.667,38.33
RAW_CMIP6,EC-Earth3,HOT_DRY,351201,LA_NINA,CWD,9.0,7.778,-1.222,-13.58
RAW_CMIP6,EC-Earth3,RAINY,351001,EL_NINO,PRCPTOT,316.335,365.04,48.705,15.4
RAW_CMIP6,EC-Earth3,RAINY,351001,EL_NINO,wet_day_freq,34.332,38.315,3.983,11.6
RAW_CMIP6,EC-Earth3,RAINY,351001,EL_NINO,SDII,4.945,5.145,0.2,4.04
RAW_CMIP6,EC-Earth3,RAINY,351001,EL_NINO,Rx1day,20.695,20.73,0.035,0.17
RAW_CMIP6,EC-Earth3,RAINY,351001,EL_NINO,Rx5day,54.735,58.685,3.95,7.22
RAW_CMIP6,EC-Earth3,RAINY,351001,EL_NINO,R20mm,0.833,1.5,0.667,80.0
RAW_CMIP6,EC-Earth3,RAINY,351001,EL_NINO,R50mm,0.0,0.0,0.0,0.0
RAW_CMIP6,EC-Earth3,RAINY,351001,EL_NINO,R95p,0.0,0.0,0.0,0.0
RAW_CMIP6,EC-Earth3,RAINY,351001,EL_NINO,R99p,0.0,0.0,0.0,0.0
RAW_CMIP6,EC-Earth3,RAINY,351001,EL_NINO,CDD,19.0,13.0,-6.0,-31.58
RAW_CMIP6,EC-Earth3,RAINY,351001,EL_NINO,CWD,11.667,18.0,6.333,54.29
RAW_CMIP6,EC-Earth3,RAINY,351001,LA_NINA,PRCPTOT,316.335,312.14,-4.195,-1.33
RAW_CMIP6,EC-Earth3,RAINY,351001,LA_NINA,wet_day_freq,34.332,36.304,1.972,5.74
RAW_CMIP6,EC-Earth3,RAINY,351001,LA_NINA,SDII,4.945,4.538,-0.407,-8.23
RAW_CMIP6,EC-Earth3,RAINY,351001,LA_NINA,Rx1day,20.695,18.948,-1.747,-8.44
RAW_CMIP6,EC-Earth3,RAINY,351001,LA_NINA,Rx5day,54.735,45.874,-8.861,-16.19
RAW_CMIP6,EC-Earth3,RAINY,351001,LA_NINA,R20mm,0.833,0.8,-0.033,-4.0
RAW_CMIP6,EC-Earth3,RAINY,351001,LA_NINA,R50mm,0.0,0.0,0.0,0.0
RAW_CMIP6,EC-Earth3,RAINY,351001,LA_NINA,R95p,0.0,0.0,0.0,0.0
RAW_CMIP6,EC-Earth3,RAINY,351001,LA_NINA,R99p,0.0,0.0,0.0,0.0
RAW_CMIP6,EC-Earth3,RAINY,351001,LA_NINA,CDD,19.0,20.8,1.8,9.47
RAW_CMIP6,EC-Earth3,RAINY,351001,LA_NINA,CWD,11.667,9.0,-2.667,-22.86
RAW_CMIP6,EC-Earth3,RAINY,351002,EL_NINO,PRCPTOT,316.335,365.04,48.705,15.4
RAW_CMIP6,EC-Earth3,RAINY,351002,EL_NINO,wet_day_freq,34.332,38.315,3.983,11.6
RAW_CMIP6,EC-Earth3,RAINY,351002,EL_NINO,SDII,4.945,5.145,0.2,4.04
RAW_CMIP6,EC-Earth3,RAINY,351002,EL_NINO,Rx1day,20.695,20.73,0.035,0.17
RAW_CMIP6,EC-Earth3,RAINY,351002,EL_NINO,Rx5day,54.735,58.685,3.95,7.22
RAW_CMIP6,EC-Earth3,RAINY,351002,EL_NINO,R20mm,0.833,1.5,0.667,80.0
RAW_CMIP6,EC-Earth3,RAINY,351002,EL_NINO,R50mm,0.0,0.0,0.0,0.0
RAW_CMIP6,EC-Earth3,RAINY,351002,EL_NINO,R95p,0.0,0.0,0.0,0.0
RAW_CMIP6,EC-Earth3,RAINY,351002,EL_NINO,R99p,0.0,0.0,0.0,0.0
RAW_CMIP6,EC-Earth3,RAINY,351002,EL_NINO,CDD,19.0,13.0,-6.0,-31.58
RAW_CMIP6,EC-Earth3,RAINY,351002,EL_NINO,CWD,11.667,18.0,6.333,54.29
RAW_CMIP6,EC-Earth3,RAINY,351002,LA_NINA,PRCPTOT,316.335,312.14,-4.195,-1.33
RAW_CMIP6,EC-Earth3,RAINY,351002,LA_NINA,wet_day_freq,34.332,36.304,1.972,5.74
RAW_CMIP6,EC-Earth3,RAINY,351002,LA_NINA,SDII,4.945,4.538,-0.407,-8.23
RAW_CMIP6,EC-Earth3,RAINY,351002,LA_NINA,Rx1day,20.695,18.948,-1.747,-8.44
RAW_CMIP6,EC-Earth3,RAINY,351002,LA_NINA,Rx5day,54.735,45.874,-8.861,-16.19
RAW_CMIP6,EC-Earth3,RAINY,351002,LA_NINA,R20mm,0.833,0.8,-0.033,-4.0
RAW_CMIP6,EC-Earth3,RAINY,351002,LA_NINA,R50mm,0.0,0.0,0.0,0.0
RAW_CMIP6,EC-Earth3,RAINY,351002,LA_NINA,R95p,0.0,0.0,0.0,0.0
RAW_CMIP6,EC-Earth3,RAINY,351002,LA_NINA,R99p,0.0,0.0,0.0,0.0
RAW_CMIP6,EC-Earth3,RAINY,351002,LA_NINA,CDD,19.0,20.8,1.8,9.47
RAW_CMIP6,EC-Earth3,RAINY,351002,LA_NINA,CWD,11.667,9.0,-2.667,-22.86
RAW_CMIP6,EC-Earth3,RAINY,351003,EL_NINO,PRCPTOT,294.712,366.855,72.143,24.48
RAW_CMIP6,EC-Earth3,RAINY,351003,EL_NINO,wet_day_freq,25.363,30.165,4.802,18.93
RAW_CMIP6,EC-Earth3,RAINY,351003,EL_NINO,SDII,6.123,6.56,0.437,7.13
RAW_CMIP6,EC-Earth3,RAINY,351003,EL_NINO,Rx1day,21.147,29.33,8.183,38.7
RAW_CMIP6,EC-Earth3,RAINY,351003,EL_NINO,Rx5day,59.395,82.88,23.485,39.54
RAW_CMIP6,EC-Earth3,RAINY,351003,EL_NINO,R20mm,1.667,4.0,2.333,140.0
RAW_CMIP6,EC-Earth3,RAINY,351003,EL_NINO,R50mm,0.0,0.0,0.0,0.0
RAW_CMIP6,EC-Earth3,RAINY,351003,EL_NINO,R95p,0.0,0.0,0.0,0.0
RAW_CMIP6,EC-Earth3,RAINY,351003,EL_NINO,R99p,0.0,0.0,0.0,0.0
RAW_CMIP6,EC-Earth3,RAINY,351003,EL_NINO,CDD,32.333,27.5,-4.833,-14.95
RAW_CMIP6,EC-Earth3,RAINY,351003,EL_NINO,CWD,9.5,12.5,3.0,31.58
RAW_CMIP6,EC-Earth3,RAINY,351003,LA_NINA,PRCPTOT,294.712,319.408,24.696,8.38
RAW_CMIP6,EC-Earth3,RAINY,351003,LA_NINA,wet_day_freq,25.363,30.108,4.745,18.71
RAW_CMIP6,EC-Earth3,RAINY,351003,LA_NINA,SDII,6.123,5.738,-0.385,-6.29
RAW_CMIP6,EC-Earth3,RAINY,351003,LA_NINA,Rx1day,21.147,22.956,1.809,8.56
RAW_CMIP6,EC-Earth3,RAINY,351003,LA_NINA,Rx5day,59.395,62.486,3.091,5.2
RAW_CMIP6,EC-Earth3,RAINY,351003,LA_NINA,R20mm,1.667,1.2,-0.467,-28.0
RAW_CMIP6,EC-Earth3,RAINY,351003,LA_NINA,R50mm,0.0,0.0,0.0,0.0
RAW_CMIP6,EC-Earth3,RAINY,351003,LA_NINA,R95p,0.0,0.0,0.0,0.0
RAW_CMIP6,EC-Earth3,RAINY,351003,LA_NINA,R99p,0.0,0.0,0.0,0.0
RAW_CMIP6,EC-Earth3,RAINY,351003,LA_NINA,CDD,32.333,24.2,-8.133,-25.15
RAW_CMIP6,EC-Earth3,RAINY,351003,LA_NINA,CWD,9.5,9.8,0.3,3.16
RAW_CMIP6,EC-Earth3,RAINY,351004,EL_NINO,PRCPTOT,294.712,366.855,72.143,24.48
RAW_CMIP6,EC-Earth3,RAINY,351004,EL_NINO,wet_day_freq,25.363,30.165,4.802,18.93
RAW_CMIP6,EC-Earth3,RAINY,351004,EL_NINO,SDII,6.123,6.56,0.437,7.13
RAW_CMIP6,EC-Earth3,RAINY,351004,EL_NINO,Rx1day,21.147,29.33,8.183,38.7
RAW_CMIP6,EC-Earth3,RAINY,351004,EL_NINO,Rx5day,59.395,82.88,23.485,39.54
RAW_CMIP6,EC-Earth3,RAINY,351004,EL_NINO,R20mm,1.667,4.0,2.333,140.0
RAW_CMIP6,EC-Earth3,RAINY,351004,EL_NINO,R50mm,0.0,0.0,0.0,0.0
RAW_CMIP6,EC-Earth3,RAINY,351004,EL_NINO,R95p,0.0,0.0,0.0,0.0
RAW_CMIP6,EC-Earth3,RAINY,351004,EL_NINO,R99p,0.0,0.0,0.0,0.0
RAW_CMIP6,EC-Earth3,RAINY,351004,EL_NINO,CDD,32.333,27.5,-4.833,-14.95
RAW_CMIP6,EC-Earth3,RAINY,351004,EL_NINO,CWD,9.5,12.5,3.0,31.58
RAW_CMIP6,EC-Earth3,RAINY,351004,LA_NINA,PRCPTOT,294.712,319.408,24.696,8.38
RAW_CMIP6,EC-Earth3,RAINY,351004,LA_NINA,wet_day_freq,25.363,30.108,4.745,18.71
RAW_CMIP6,EC-Earth3,RAINY,351004,LA_NINA,SDII,6.123,5.738,-0.385,-6.29
RAW_CMIP6,EC-Earth3,RAINY,351004,LA_NINA,Rx1day,21.147,22.956,1.809,8.56
RAW_CMIP6,EC-Earth3,RAINY,351004,LA_NINA,Rx5day,59.395,62.486,3.091,5.2
RAW_CMIP6,EC-Earth3,RAINY,351004,LA_NINA,R20mm,1.667,1.2,-0.467,-28.0
RAW_CMIP6,EC-Earth3,RAINY,351004,LA_NINA,R50mm,0.0,0.0,0.0,0.0
RAW_CMIP6,EC-Earth3,RAINY,351004,LA_NINA,R95p,0.0,0.0,0.0,0.0
RAW_CMIP6,EC-Earth3,RAINY,351004,LA_NINA,R99p,0.0,0.0,0.0,0.0
RAW_CMIP6,EC-Earth3,RAINY,351004,LA_NINA,CDD,32.333,24.2,-8.133,-25.15
RAW_CMIP6,EC-Earth3,RAINY,351004,LA_NINA,CWD,9.5,9.8,0.3,3.16
RAW_CMIP6,EC-Earth3,RAINY,351005,EL_NINO,PRCPTOT,328.98,384.29,55.31,16.81
RAW_CMIP6,EC-Earth3,RAINY,351005,EL_NINO,wet_day_freq,31.342,34.24,2.898,9.25
RAW_CMIP6,EC-Earth3,RAINY,351005,EL_NINO,SDII,5.59,6.055,0.465,8.32
RAW_CMIP6,EC-Earth3,RAINY,351005,EL_NINO,Rx1day,20.948,24.425,3.477,16.6
RAW_CMIP6,EC-Earth3,RAINY,351005,EL_NINO,Rx5day,62.293,63.78,1.487,2.39
RAW_CMIP6,EC-Earth3,RAINY,351005,EL_NINO,R20mm,2.167,4.0,1.833,84.62
RAW_CMIP6,EC-Earth3,RAINY,351005,EL_NINO,R50mm,0.0,0.0,0.0,0.0
RAW_CMIP6,EC-Earth3,RAINY,351005,EL_NINO,R95p,0.0,0.0,0.0,0.0
RAW_CMIP6,EC-Earth3,RAINY,351005,EL_NINO,R99p,0.0,0.0,0.0,0.0
RAW_CMIP6,EC-Earth3,RAINY,351005,EL_NINO,CDD,26.667,18.5,-8.167,-30.63
RAW_CMIP6,EC-Earth3,RAINY,351005,EL_NINO,CWD,11.333,12.0,0.667,5.88
RAW_CMIP6,EC-Earth3,RAINY,351005,LA_NINA,PRCPTOT,328.98,336.276,7.296,2.22
RAW_CMIP6,EC-Earth3,RAINY,351005,LA_NINA,wet_day_freq,31.342,36.848,5.506,17.57
RAW_CMIP6,EC-Earth3,RAINY,351005,LA_NINA,SDII,5.59,4.846,-0.744,-13.31
RAW_CMIP6,EC-Earth3,RAINY,351005,LA_NINA,Rx1day,20.948,20.014,-0.934,-4.46
RAW_CMIP6,EC-Earth3,RAINY,351005,LA_NINA,Rx5day,62.293,49.708,-12.585,-20.2
RAW_CMIP6,EC-Earth3,RAINY,351005,LA_NINA,R20mm,2.167,0.8,-1.367,-63.08
RAW_CMIP6,EC-Earth3,RAINY,351005,LA_NINA,R50mm,0.0,0.0,0.0,0.0
RAW_CMIP6,EC-Earth3,RAINY,351005,LA_NINA,R95p,0.0,0.0,0.0,0.0
RAW_CMIP6,EC-Earth3,RAINY,351005,LA_NINA,R99p,0.0,0.0,0.0,0.0
RAW_CMIP6,EC-Earth3,RAINY,351005,LA_NINA,CDD,26.667,20.0,-6.667,-25.0
RAW_CMIP6,EC-Earth3,RAINY,351005,LA_NINA,CWD,11.333,15.0,3.667,32.35
RAW_CMIP6,EC-Earth3,RAINY,351006,EL_NINO,PRCPTOT,294.712,366.855,72.143,24.48
RAW_CMIP6,EC-Earth3,RAINY,351006,EL_NINO,wet_day_freq,25.363,30.165,4.802,18.93
RAW_CMIP6,EC-Earth3,RAINY,351006,EL_NINO,SDII,6.123,6.56,0.437,7.13
RAW_CMIP6,EC-Earth3,RAINY,351006,EL_NINO,Rx1day,21.147,29.33,8.183,38.7
RAW_CMIP6,EC-Earth3,RAINY,351006,EL_NINO,Rx5day,59.395,82.88,23.485,39.54
RAW_CMIP6,EC-Earth3,RAINY,351006,EL_NINO,R20mm,1.667,4.0,2.333,140.0
RAW_CMIP6,EC-Earth3,RAINY,351006,EL_NINO,R50mm,0.0,0.0,0.0,0.0
RAW_CMIP6,EC-Earth3,RAINY,351006,EL_NINO,R95p,45.827,100.275,54.448,118.81
RAW_CMIP6,EC-Earth3,RAINY,351006,EL_NINO,R99p,0.0,18.725,18.725,0.0
RAW_CMIP6,EC-Earth3,RAINY,351006,EL_NINO,CDD,32.333,27.5,-4.833,-14.95
RAW_CMIP6,EC-Earth3,RAINY,351006,EL_NINO,CWD,9.5,12.5,3.0,31.58
RAW_CMIP6,EC-Earth3,RAINY,351006,LA_NINA,PRCPTOT,294.712,319.408,24.696,8.38
RAW_CMIP6,EC-Earth3,RAINY,351006,LA_NINA,wet_day_freq,25.363,30.108,4.745,18.71
RAW_CMIP6,EC-Earth3,RAINY,351006,LA_NINA,SDII,6.123,5.738,-0.385,-6.29
RAW_CMIP6,EC-Earth3,RAINY,351006,LA_NINA,Rx1day,21.147,22.956,1.809,8.56
RAW_CMIP6,EC-Earth3,RAINY,351006,LA_NINA,Rx5day,59.395,62.486,3.091,5.2
RAW_CMIP6,EC-Earth3,RAINY,351006,LA_NINA,R20mm,1.667,1.2,-0.467,-28.0
RAW_CMIP6,EC-Earth3,RAINY,351006,LA_NINA,R50mm,0.0,0.0,0.0,0.0
RAW_CMIP6,EC-Earth3,RAINY,351006,LA_NINA,R95p,45.827,35.736,-10.091,-22.02
RAW_CMIP6,EC-Earth3,RAINY,351006,LA_NINA,R99p,0.0,0.0,0.0,0.0
RAW_CMIP6,EC-Earth3,RAINY,351006,LA_NINA,CDD,32.333,24.2,-8.133,-25.15
RAW_CMIP6,EC-Earth3,RAINY,351006,LA_NINA,CWD,9.5,9.8,0.3,3.16
RAW_CMIP6,EC-Earth3,RAINY,351007,EL_NINO,PRCPTOT,205.237,261.17,55.933,27.25
RAW_CMIP6,EC-Earth3,RAINY,351007,EL_NINO,wet_day_freq,17.392,20.38,2.988,17.18
RAW_CMIP6,EC-Earth3,RAINY,351007,EL_NINO,SDII,6.247,6.945,0.698,11.18
RAW_CMIP6,EC-Earth3,RAINY,351007,EL_NINO,Rx1day,20.467,31.325,10.858,53.05
RAW_CMIP6,EC-Earth3,RAINY,351007,EL_NINO,Rx5day,50.357,81.145,30.788,61.14
RAW_CMIP6,EC-Earth3,RAINY,351007,EL_NINO,R20mm,0.667,1.5,0.833,125.0
RAW_CMIP6,EC-Earth3,RAINY,351007,EL_NINO,R50mm,0.0,0.0,0.0,0.0
RAW_CMIP6,EC-Earth3,RAINY,351007,EL_NINO,R95p,23.463,57.955,34.492,147.0
RAW_CMIP6,EC-Earth3,RAINY,351007,EL_NINO,R99p,0.0,44.055,44.055,0.0
RAW_CMIP6,EC-Earth3,RAINY,351007,EL_NINO,CDD,42.0,37.5,-4.5,-10.71
RAW_CMIP6,EC-Earth3,RAINY,351007,EL_NINO,CWD,7.667,9.5,1.833,23.91
RAW_CMIP6,EC-Earth3,RAINY,351007,LA_NINA,PRCPTOT,205.237,231.508,26.271,12.8
RAW_CMIP6,EC-Earth3,RAINY,351007,LA_NINA,wet_day_freq,17.392,21.74,4.348,25.0
RAW_CMIP6,EC-Earth3,RAINY,351007,LA_NINA,SDII,6.247,6.172,-0.075,-1.2
RAW_CMIP6,EC-Earth3,RAINY,351007,LA_NINA,Rx1day,20.467,29.312,8.845,43.22
RAW_CMIP6,EC-Earth3,RAINY,351007,LA_NINA,Rx5day,50.357,72.422,22.065,43.82
RAW_CMIP6,EC-Earth3,RAINY,351007,LA_NINA,R20mm,0.667,1.2,0.533,80.0
RAW_CMIP6,EC-Earth3,RAINY,351007,LA_NINA,R50mm,0.0,0.0,0.0,0.0
RAW_CMIP6,EC-Earth3,RAINY,351007,LA_NINA,R95p,23.463,42.036,18.573,79.16
RAW_CMIP6,EC-Earth3,RAINY,351007,LA_NINA,R99p,0.0,24.61,24.61,0.0
RAW_CMIP6,EC-Earth3,RAINY,351007,LA_NINA,CDD,42.0,30.0,-12.0,-28.57
RAW_CMIP6,EC-Earth3,RAINY,351007,LA_NINA,CWD,7.667,7.2,-0.467,-6.09
RAW_CMIP6,EC-Earth3,RAINY,351008,EL_NINO,PRCPTOT,346.983,381.55,34.567,9.96
RAW_CMIP6,EC-Earth3,RAINY,351008,EL_NINO,wet_day_freq,34.148,37.225,3.077,9.01
RAW_CMIP6,EC-Earth3,RAINY,351008,EL_NINO,SDII,5.377,5.52,0.143,2.67
RAW_CMIP6,EC-Earth3,RAINY,351008,EL_NINO,Rx1day,22.52,28.22,5.7,25.31
RAW_CMIP6,EC-Earth3,RAINY,351008,EL_NINO,Rx5day,59.533,71.585,12.052,20.24
RAW_CMIP6,EC-Earth3,RAINY,351008,EL_NINO,R20mm,1.5,3.0,1.5,100.0
RAW_CMIP6,EC-Earth3,RAINY,351008,EL_NINO,R50mm,0.0,0.0,0.0,0.0
RAW_CMIP6,EC-Earth3,RAINY,351008,EL_NINO,R95p,47.498,80.335,32.837,69.13
RAW_CMIP6,EC-Earth3,RAINY,351008,EL_NINO,R99p,0.0,0.0,0.0,0.0
RAW_CMIP6,EC-Earth3,RAINY,351008,EL_NINO,CDD,23.5,11.0,-12.5,-53.19
RAW_CMIP6,EC-Earth3,RAINY,351008,EL_NINO,CWD,12.0,16.0,4.0,33.33
RAW_CMIP6,EC-Earth3,RAINY,351008,LA_NINA,PRCPTOT,346.983,349.71,2.727,0.79
RAW_CMIP6,EC-Earth3,RAINY,351008,LA_NINA,wet_day_freq,34.148,38.478,4.33,12.68
RAW_CMIP6,EC-Earth3,RAINY,351008,LA_NINA,SDII,5.377,4.842,-0.535,-9.94
RAW_CMIP6,EC-Earth3,RAINY,351008,LA_NINA,Rx1day,22.52,22.832,0.312,1.39
RAW_CMIP6,EC-Earth3,RAINY,351008,LA_NINA,Rx5day,59.533,53.396,-6.137,-10.31
RAW_CMIP6,EC-Earth3,RAINY,351008,LA_NINA,R20mm,1.5,1.6,0.1,6.67
RAW_CMIP6,EC-Earth3,RAINY,351008,LA_NINA,R50mm,0.0,0.0,0.0,0.0
RAW_CMIP6,EC-Earth3,RAINY,351008,LA_NINA,R95p,47.498,40.47,-7.028,-14.8
RAW_CMIP6,EC-Earth3,RAINY,351008,LA_NINA,R99p,0.0,0.0,0.0,0.0
RAW_CMIP6,EC-Earth3,RAINY,351008,LA_NINA,CDD,23.5,18.4,-5.1,-21.7
RAW_CMIP6,EC-Earth3,RAINY,351008,LA_NINA,CWD,12.0,9.6,-2.4,-20.0
RAW_CMIP6,EC-Earth3,RAINY,351009,EL_NINO,PRCPTOT,294.712,366.855,72.143,24.48
RAW_CMIP6,EC-Earth3,RAINY,351009,EL_NINO,wet_day_freq,25.363,30.165,4.802,18.93
RAW_CMIP6,EC-Earth3,RAINY,351009,EL_NINO,SDII,6.123,6.56,0.437,7.13
RAW_CMIP6,EC-Earth3,RAINY,351009,EL_NINO,Rx1day,21.147,29.33,8.183,38.7
RAW_CMIP6,EC-Earth3,RAINY,351009,EL_NINO,Rx5day,59.395,82.88,23.485,39.54
RAW_CMIP6,EC-Earth3,RAINY,351009,EL_NINO,R20mm,1.667,4.0,2.333,140.0
RAW_CMIP6,EC-Earth3,RAINY,351009,EL_NINO,R50mm,0.0,0.0,0.0,0.0
RAW_CMIP6,EC-Earth3,RAINY,351009,EL_NINO,R95p,87.295,164.82,77.525,88.81
RAW_CMIP6,EC-Earth3,RAINY,351009,EL_NINO,R99p,45.827,100.275,54.448,118.81
RAW_CMIP6,EC-Earth3,RAINY,351009,EL_NINO,CDD,32.333,27.5,-4.833,-14.95
RAW_CMIP6,EC-Earth3,RAINY,351009,EL_NINO,CWD,9.5,12.5,3.0,31.58
RAW_CMIP6,EC-Earth3,RAINY,351009,LA_NINA,PRCPTOT,294.712,319.408,24.696,8.38
RAW_CMIP6,EC-Earth3,RAINY,351009,LA_NINA,wet_day_freq,25.363,30.108,4.745,18.71
RAW_CMIP6,EC-Earth3,RAINY,351009,LA_NINA,SDII,6.123,5.738,-0.385,-6.29
RAW_CMIP6,EC-Earth3,RAINY,351009,LA_NINA,Rx1day,21.147,22.956,1.809,8.56
RAW_CMIP6,EC-Earth3,RAINY,351009,LA_NINA,Rx5day,59.395,62.486,3.091,5.2
RAW_CMIP6,EC-Earth3,RAINY,351009,LA_NINA,R20mm,1.667,1.2,-0.467,-28.0
RAW_CMIP6,EC-Earth3,RAINY,351009,LA_NINA,R50mm,0.0,0.0,0.0,0.0
RAW_CMIP6,EC-Earth3,RAINY,351009,LA_NINA,R95p,87.295,84.224,-3.071,-3.52
RAW_CMIP6,EC-Earth3,RAINY,351009,LA_NINA,R99p,45.827,31.826,-14.001,-30.55
RAW_CMIP6,EC-Earth3,RAINY,351009,LA_NINA,CDD,32.333,24.2,-8.133,-25.15
RAW_CMIP6,EC-Earth3,RAINY,351009,LA_NINA,CWD,9.5,9.8,0.3,3.16
RAW_CMIP6,EC-Earth3,RAINY,351010,EL_NINO,PRCPTOT,294.712,366.855,72.143,24.48
RAW_CMIP6,EC-Earth3,RAINY,351010,EL_NINO,wet_day_freq,25.363,30.165,4.802,18.93
RAW_CMIP6,EC-Earth3,RAINY,351010,EL_NINO,SDII,6.123,6.56,0.437,7.13
RAW_CMIP6,EC-Earth3,RAINY,351010,EL_NINO,Rx1day,21.147,29.33,8.183,38.7
RAW_CMIP6,EC-Earth3,RAINY,351010,EL_NINO,Rx5day,59.395,82.88,23.485,39.54
RAW_CMIP6,EC-Earth3,RAINY,351010,EL_NINO,R20mm,1.667,4.0,2.333,140.0
RAW_CMIP6,EC-Earth3,RAINY,351010,EL_NINO,R50mm,0.0,0.0,0.0,0.0
RAW_CMIP6,EC-Earth3,RAINY,351010,EL_NINO,R95p,85.09,158.42,73.33,86.18
RAW_CMIP6,EC-Earth3,RAINY,351010,EL_NINO,R99p,35.555,59.325,23.77,66.85
RAW_CMIP6,EC-Earth3,RAINY,351010,EL_NINO,CDD,32.333,27.5,-4.833,-14.95
RAW_CMIP6,EC-Earth3,RAINY,351010,EL_NINO,CWD,9.5,12.5,3.0,31.58
RAW_CMIP6,EC-Earth3,RAINY,351010,LA_NINA,PRCPTOT,294.712,319.408,24.696,8.38
RAW_CMIP6,EC-Earth3,RAINY,351010,LA_NINA,wet_day_freq,25.363,30.108,4.745,18.71
RAW_CMIP6,EC-Earth3,RAINY,351010,LA_NINA,SDII,6.123,5.738,-0.385,-6.29
RAW_CMIP6,EC-Earth3,RAINY,351010,LA_NINA,Rx1day,21.147,22.956,1.809,8.56
RAW_CMIP6,EC-Earth3,RAINY,351010,LA_NINA,Rx5day,59.395,62.486,3.091,5.2
RAW_CMIP6,EC-Earth3,RAINY,351010,LA_NINA,R20mm,1.667,1.2,-0.467,-28.0
RAW_CMIP6,EC-Earth3,RAINY,351010,LA_NINA,R50mm,0.0,0.0,0.0,0.0
RAW_CMIP6,EC-Earth3,RAINY,351010,LA_NINA,R95p,85.09,71.092,-13.998,-16.45
RAW_CMIP6,EC-Earth3,RAINY,351010,LA_NINA,R99p,35.555,23.562,-11.993,-33.73
RAW_CMIP6,EC-Earth3,RAINY,351010,LA_NINA,CDD,32.333,24.2,-8.133,-25.15
RAW_CMIP6,EC-Earth3,RAINY,351010,LA_NINA,CWD,9.5,9.8,0.3,3.16
RAW_CMIP6,EC-Earth3,RAINY,351011,EL_NINO,PRCPTOT,328.98,384.29,55.31,16.81
RAW_CMIP6,EC-Earth3,RAINY,351011,EL_NINO,wet_day_freq,31.342,34.24,2.898,9.25
RAW_CMIP6,EC-Earth3,RAINY,351011,EL_NINO,SDII,5.59,6.055,0.465,8.32
RAW_CMIP6,EC-Earth3,RAINY,351011,EL_NINO,Rx1day,20.948,24.425,3.477,16.6
RAW_CMIP6,EC-Earth3,RAINY,351011,EL_NINO,Rx5day,62.293,63.78,1.487,2.39
RAW_CMIP6,EC-Earth3,RAINY,351011,EL_NINO,R20mm,2.167,4.0,1.833,84.62
RAW_CMIP6,EC-Earth3,RAINY,351011,EL_NINO,R50mm,0.0,0.0,0.0,0.0
RAW_CMIP6,EC-Earth3,RAINY,351011,EL_NINO,R95p,0.0,0.0,0.0,0.0
RAW_CMIP6,EC-Earth3,RAINY,351011,EL_NINO,R99p,0.0,0.0,0.0,0.0
RAW_CMIP6,EC-Earth3,RAINY,351011,EL_NINO,CDD,26.667,18.5,-8.167,-30.63
RAW_CMIP6,EC-Earth3,RAINY,351011,EL_NINO,CWD,11.333,12.0,0.667,5.88
RAW_CMIP6,EC-Earth3,RAINY,351011,LA_NINA,PRCPTOT,328.98,336.276,7.296,2.22
RAW_CMIP6,EC-Earth3,RAINY,351011,LA_NINA,wet_day_freq,31.342,36.848,5.506,17.57
RAW_CMIP6,EC-Earth3,RAINY,351011,LA_NINA,SDII,5.59,4.846,-0.744,-13.31
RAW_CMIP6,EC-Earth3,RAINY,351011,LA_NINA,Rx1day,20.948,20.014,-0.934,-4.46
RAW_CMIP6,EC-Earth3,RAINY,351011,LA_NINA,Rx5day,62.293,49.708,-12.585,-20.2
RAW_CMIP6,EC-Earth3,RAINY,351011,LA_NINA,R20mm,2.167,0.8,-1.367,-63.08
RAW_CMIP6,EC-Earth3,RAINY,351011,LA_NINA,R50mm,0.0,0.0,0.0,0.0
RAW_CMIP6,EC-Earth3,RAINY,351011,LA_NINA,R95p,0.0,0.0,0.0,0.0
RAW_CMIP6,EC-Earth3,RAINY,351011,LA_NINA,R99p,0.0,0.0,0.0,0.0
RAW_CMIP6,EC-Earth3,RAINY,351011,LA_NINA,CDD,26.667,20.0,-6.667,-25.0
RAW_CMIP6,EC-Earth3,RAINY,351011,LA_NINA,CWD,11.333,15.0,3.667,32.35
RAW_CMIP6,EC-Earth3,RAINY,351012,EL_NINO,PRCPTOT,205.237,261.17,55.933,27.25
RAW_CMIP6,EC-Earth3,RAINY,351012,EL_NINO,wet_day_freq,17.392,20.38,2.988,17.18
RAW_CMIP6,EC-Earth3,RAINY,351012,EL_NINO,SDII,6.247,6.945,0.698,11.18
RAW_CMIP6,EC-Earth3,RAINY,351012,EL_NINO,Rx1day,20.467,31.325,10.858,53.05
RAW_CMIP6,EC-Earth3,RAINY,351012,EL_NINO,Rx5day,50.357,81.145,30.788,61.14
RAW_CMIP6,EC-Earth3,RAINY,351012,EL_NINO,R20mm,0.667,1.5,0.833,125.0
RAW_CMIP6,EC-Earth3,RAINY,351012,EL_NINO,R50mm,0.0,0.0,0.0,0.0
RAW_CMIP6,EC-Earth3,RAINY,351012,EL_NINO,R95p,0.0,22.815,22.815,0.0
RAW_CMIP6,EC-Earth3,RAINY,351012,EL_NINO,R99p,0.0,0.0,0.0,0.0
RAW_CMIP6,EC-Earth3,RAINY,351012,EL_NINO,CDD,42.0,37.5,-4.5,-10.71
RAW_CMIP6,EC-Earth3,RAINY,351012,EL_NINO,CWD,7.667,9.5,1.833,23.91
RAW_CMIP6,EC-Earth3,RAINY,351012,LA_NINA,PRCPTOT,205.237,231.508,26.271,12.8
RAW_CMIP6,EC-Earth3,RAINY,351012,LA_NINA,wet_day_freq,17.392,21.74,4.348,25.0
RAW_CMIP6,EC-Earth3,RAINY,351012,LA_NINA,SDII,6.247,6.172,-0.075,-1.2
RAW_CMIP6,EC-Earth3,RAINY,351012,LA_NINA,Rx1day,20.467,29.312,8.845,43.22
RAW_CMIP6,EC-Earth3,RAINY,351012,LA_NINA,Rx5day,50.357,72.422,22.065,43.82
RAW_CMIP6,EC-Earth3,RAINY,351012,LA_NINA,R20mm,0.667,1.2,0.533,80.0
RAW_CMIP6,EC-Earth3,RAINY,351012,LA_NINA,R50mm,0.0,0.0,0.0,0.0
RAW_CMIP6,EC-Earth3,RAINY,351012,LA_NINA,R95p,0.0,0.0,0.0,0.0
RAW_CMIP6,EC-Earth3,RAINY,351012,LA_NINA,R99p,0.0,0.0,0.0,0.0
RAW_CMIP6,EC-Earth3,RAINY,351012,LA_NINA,CDD,42.0,30.0,-12.0,-28.57
RAW_CMIP6,EC-Earth3,RAINY,351012,LA_NINA,CWD,7.667,7.2,-0.467,-6.09
RAW_CMIP6,EC-Earth3,RAINY,351201,EL_NINO,PRCPTOT,328.98,384.29,55.31,16.81
RAW_CMIP6,EC-Earth3,RAINY,351201,EL_NINO,wet_day_freq,31.342,34.24,2.898,9.25
RAW_CMIP6,EC-Earth3,RAINY,351201,EL_NINO,SDII,5.59,6.055,0.465,8.32
RAW_CMIP6,EC-Earth3,RAINY,351201,EL_NINO,Rx1day,20.948,24.425,3.477,16.6
RAW_CMIP6,EC-Earth3,RAINY,351201,EL_NINO,Rx5day,62.293,63.78,1.487,2.39
RAW_CMIP6,EC-Earth3,RAINY,351201,EL_NINO,R20mm,2.167,4.0,1.833,84.62
RAW_CMIP6,EC-Earth3,RAINY,351201,EL_NINO,R50mm,0.0,0.0,0.0,0.0
RAW_CMIP6,EC-Earth3,RAINY,351201,EL_NINO,R95p,0.0,0.0,0.0,0.0
RAW_CMIP6,EC-Earth3,RAINY,351201,EL_NINO,R99p,0.0,0.0,0.0,0.0
RAW_CMIP6,EC-Earth3,RAINY,351201,EL_NINO,CDD,26.667,18.5,-8.167,-30.63
RAW_CMIP6,EC-Earth3,RAINY,351201,EL_NINO,CWD,11.333,12.0,0.667,5.88
RAW_CMIP6,EC-Earth3,RAINY,351201,LA_NINA,PRCPTOT,328.98,336.276,7.296,2.22
RAW_CMIP6,EC-Earth3,RAINY,351201,LA_NINA,wet_day_freq,31.342,36.848,5.506,17.57
RAW_CMIP6,EC-Earth3,RAINY,351201,LA_NINA,SDII,5.59,4.846,-0.744,-13.31
RAW_CMIP6,EC-Earth3,RAINY,351201,LA_NINA,Rx1day,20.948,20.014,-0.934,-4.46
RAW_CMIP6,EC-Earth3,RAINY,351201,LA_NINA,Rx5day,62.293,49.708,-12.585,-20.2
RAW_CMIP6,EC-Earth3,RAINY,351201,LA_NINA,R20mm,2.167,0.8,-1.367,-63.08
RAW_CMIP6,EC-Earth3,RAINY,351201,LA_NINA,R50mm,0.0,0.0,0.0,0.0
RAW_CMIP6,EC-Earth3,RAINY,351201,LA_NINA,R95p,0.0,0.0,0.0,0.0
RAW_CMIP6,EC-Earth3,RAINY,351201,LA_NINA,R99p,0.0,0.0,0.0,0.0
RAW_CMIP6,EC-Earth3,RAINY,351201,LA_NINA,CDD,26.667,20.0,-6.667,-25.0
RAW_CMIP6,EC-Earth3,RAINY,351201,LA_NINA,CWD,11.333,15.0,3.667,32.35
RAW_CMIP6,FGOALS-g3,HOT_DRY,351001,EL_NINO,PRCPTOT,112.116,108.537,-3.579,-3.19
RAW_CMIP6,FGOALS-g3,HOT_DRY,351001,EL_NINO,wet_day_freq,7.732,8.84,1.108,14.33
RAW_CMIP6,FGOALS-g3,HOT_DRY,351001,EL_NINO,SDII,8.89,6.617,-2.273,-25.56
RAW_CMIP6,FGOALS-g3,HOT_DRY,351001,EL_NINO,Rx1day,30.502,27.482,-3.02,-9.9
RAW_CMIP6,FGOALS-g3,HOT_DRY,351001,EL_NINO,Rx5day,40.252,35.455,-4.797,-11.92
RAW_CMIP6,FGOALS-g3,HOT_DRY,351001,EL_NINO,R20mm,1.2,0.75,-0.45,-37.5
RAW_CMIP6,FGOALS-g3,HOT_DRY,351001,EL_NINO,R50mm,0.2,0.0,-0.2,-100.0
RAW_CMIP6,FGOALS-g3,HOT_DRY,351001,EL_NINO,R95p,22.834,11.29,-11.544,-50.56
RAW_CMIP6,FGOALS-g3,HOT_DRY,351001,EL_NINO,R99p,0.0,0.0,0.0,0.0
RAW_CMIP6,FGOALS-g3,HOT_DRY,351001,EL_NINO,CDD,51.6,58.0,6.4,12.4
RAW_CMIP6,FGOALS-g3,HOT_DRY,351001,EL_NINO,CWD,2.8,3.25,0.45,16.07
RAW_CMIP6,FGOALS-g3,HOT_DRY,351001,LA_NINA,PRCPTOT,112.116,130.556,18.44,16.45
RAW_CMIP6,FGOALS-g3,HOT_DRY,351001,LA_NINA,wet_day_freq,7.732,11.296,3.564,46.09
RAW_CMIP6,FGOALS-g3,HOT_DRY,351001,LA_NINA,SDII,8.89,6.316,-2.574,-28.96
RAW_CMIP6,FGOALS-g3,HOT_DRY,351001,LA_NINA,Rx1day,30.502,32.464,1.962,6.43
RAW_CMIP6,FGOALS-g3,HOT_DRY,351001,LA_NINA,Rx5day,40.252,43.977,3.725,9.25
RAW_CMIP6,FGOALS-g3,HOT_DRY,351001,LA_NINA,R20mm,1.2,0.667,-0.533,-44.44
RAW_CMIP6,FGOALS-g3,HOT_DRY,351001,LA_NINA,R50mm,0.2,0.222,0.022,11.11
RAW_CMIP6,FGOALS-g3,HOT_DRY,351001,LA_NINA,R95p,22.834,18.232,-4.602,-20.15
RAW_CMIP6,FGOALS-g3,HOT_DRY,351001,LA_NINA,R99p,0.0,0.0,0.0,0.0
RAW_CMIP6,FGOALS-g3,HOT_DRY,351001,LA_NINA,CDD,51.6,60.333,8.733,16.93
RAW_CMIP6,FGOALS-g3,HOT_DRY,351001,LA_NINA,CWD,2.8,4.222,1.422,50.79
RAW_CMIP6,FGOALS-g3,HOT_DRY,351002,EL_NINO,PRCPTOT,112.116,108.537,-3.579,-3.19
RAW_CMIP6,FGOALS-g3,HOT_DRY,351002,EL_NINO,wet_day_freq,7.732,8.84,1.108,14.33
RAW_CMIP6,FGOALS-g3,HOT_DRY,351002,EL_NINO,SDII,8.89,6.617,-2.273,-25.56
RAW_CMIP6,FGOALS-g3,HOT_DRY,351002,EL_NINO,Rx1day,30.502,27.482,-3.02,-9.9
RAW_CMIP6,FGOALS-g3,HOT_DRY,351002,EL_NINO,Rx5day,40.252,35.455,-4.797,-11.92
RAW_CMIP6,FGOALS-g3,HOT_DRY,351002,EL_NINO,R20mm,1.2,0.75,-0.45,-37.5
RAW_CMIP6,FGOALS-g3,HOT_DRY,351002,EL_NINO,R50mm,0.2,0.0,-0.2,-100.0
RAW_CMIP6,FGOALS-g3,HOT_DRY,351002,EL_NINO,R95p,22.834,21.71,-1.124,-4.92
RAW_CMIP6,FGOALS-g3,HOT_DRY,351002,EL_NINO,R99p,0.0,0.0,0.0,0.0
RAW_CMIP6,FGOALS-g3,HOT_DRY,351002,EL_NINO,CDD,51.6,58.0,6.4,12.4
RAW_CMIP6,FGOALS-g3,HOT_DRY,351002,EL_NINO,CWD,2.8,3.25,0.45,16.07
RAW_CMIP6,FGOALS-g3,HOT_DRY,351002,LA_NINA,PRCPTOT,112.116,130.556,18.44,16.45
RAW_CMIP6,FGOALS-g3,HOT_DRY,351002,LA_NINA,wet_day_freq,7.732,11.296,3.564,46.09
RAW_CMIP6,FGOALS-g3,HOT_DRY,351002,LA_NINA,SDII,8.89,6.316,-2.574,-28.96
RAW_CMIP6,FGOALS-g3,HOT_DRY,351002,LA_NINA,Rx1day,30.502,32.464,1.962,6.43
RAW_CMIP6,FGOALS-g3,HOT_DRY,351002,LA_NINA,Rx5day,40.252,43.977,3.725,9.25
RAW_CMIP6,FGOALS-g3,HOT_DRY,351002,LA_NINA,R20mm,1.2,0.667,-0.533,-44.44
RAW_CMIP6,FGOALS-g3,HOT_DRY,351002,LA_NINA,R50mm,0.2,0.222,0.022,11.11
RAW_CMIP6,FGOALS-g3,HOT_DRY,351002,LA_NINA,R95p,22.834,22.776,-0.058,-0.26
RAW_CMIP6,FGOALS-g3,HOT_DRY,351002,LA_NINA,R99p,0.0,0.0,0.0,0.0
RAW_CMIP6,FGOALS-g3,HOT_DRY,351002,LA_NINA,CDD,51.6,60.333,8.733,16.93
RAW_CMIP6,FGOALS-g3,HOT_DRY,351002,LA_NINA,CWD,2.8,4.222,1.422,50.79
RAW_CMIP6,FGOALS-g3,HOT_DRY,351003,EL_NINO,PRCPTOT,112.116,108.537,-3.579,-3.19
RAW_CMIP6,FGOALS-g3,HOT_DRY,351003,EL_NINO,wet_day_freq,7.732,8.84,1.108,14.33
RAW_CMIP6,FGOALS-g3,HOT_DRY,351003,EL_NINO,SDII,8.89,6.617,-2.273,-25.56
RAW_CMIP6,FGOALS-g3,HOT_DRY,351003,EL_NINO,Rx1day,30.502,27.482,-3.02,-9.9
RAW_CMIP6,FGOALS-g3,HOT_DRY,351003,EL_NINO,Rx5day,40.252,35.455,-4.797,-11.92
RAW_CMIP6,FGOALS-g3,HOT_DRY,351003,EL_NINO,R20mm,1.2,0.75,-0.45,-37.5
RAW_CMIP6,FGOALS-g3,HOT_DRY,351003,EL_NINO,R50mm,0.2,0.0,-0.2,-100.0
RAW_CMIP6,FGOALS-g3,HOT_DRY,351003,EL_NINO,R95p,22.834,21.71,-1.124,-4.92
RAW_CMIP6,FGOALS-g3,HOT_DRY,351003,EL_NINO,R99p,0.0,0.0,0.0,0.0
RAW_CMIP6,FGOALS-g3,HOT_DRY,351003,EL_NINO,CDD,51.6,58.0,6.4,12.4
RAW_CMIP6,FGOALS-g3,HOT_DRY,351003,EL_NINO,CWD,2.8,3.25,0.45,16.07
RAW_CMIP6,FGOALS-g3,HOT_DRY,351003,LA_NINA,PRCPTOT,112.116,130.556,18.44,16.45
RAW_CMIP6,FGOALS-g3,HOT_DRY,351003,LA_NINA,wet_day_freq,7.732,11.296,3.564,46.09
RAW_CMIP6,FGOALS-g3,HOT_DRY,351003,LA_NINA,SDII,8.89,6.316,-2.574,-28.96
RAW_CMIP6,FGOALS-g3,HOT_DRY,351003,LA_NINA,Rx1day,30.502,32.464,1.962,6.43
RAW_CMIP6,FGOALS-g3,HOT_DRY,351003,LA_NINA,Rx5day,40.252,43.977,3.725,9.25
RAW_CMIP6,FGOALS-g3,HOT_DRY,351003,LA_NINA,R20mm,1.2,0.667,-0.533,-44.44
RAW_CMIP6,FGOALS-g3,HOT_DRY,351003,LA_NINA,R50mm,0.2,0.222,0.022,11.11
RAW_CMIP6,FGOALS-g3,HOT_DRY,351003,LA_NINA,R95p,22.834,27.292,4.458,19.52
RAW_CMIP6,FGOALS-g3,HOT_DRY,351003,LA_NINA,R99p,0.0,0.0,0.0,0.0
RAW_CMIP6,FGOALS-g3,HOT_DRY,351003,LA_NINA,CDD,51.6,60.333,8.733,16.93
RAW_CMIP6,FGOALS-g3,HOT_DRY,351003,LA_NINA,CWD,2.8,4.222,1.422,50.79
RAW_CMIP6,FGOALS-g3,HOT_DRY,351004,EL_NINO,PRCPTOT,112.116,108.537,-3.579,-3.19
RAW_CMIP6,FGOALS-g3,HOT_DRY,351004,EL_NINO,wet_day_freq,7.732,8.84,1.108,14.33
RAW_CMIP6,FGOALS-g3,HOT_DRY,351004,EL_NINO,SDII,8.89,6.617,-2.273,-25.56
RAW_CMIP6,FGOALS-g3,HOT_DRY,351004,EL_NINO,Rx1day,30.502,27.482,-3.02,-9.9
RAW_CMIP6,FGOALS-g3,HOT_DRY,351004,EL_NINO,Rx5day,40.252,35.455,-4.797,-11.92
RAW_CMIP6,FGOALS-g3,HOT_DRY,351004,EL_NINO,R20mm,1.2,0.75,-0.45,-37.5
RAW_CMIP6,FGOALS-g3,HOT_DRY,351004,EL_NINO,R50mm,0.2,0.0,-0.2,-100.0
RAW_CMIP6,FGOALS-g3,HOT_DRY,351004,EL_NINO,R95p,22.834,11.29,-11.544,-50.56
RAW_CMIP6,FGOALS-g3,HOT_DRY,351004,EL_NINO,R99p,0.0,0.0,0.0,0.0
RAW_CMIP6,FGOALS-g3,HOT_DRY,351004,EL_NINO,CDD,51.6,58.0,6.4,12.4
RAW_CMIP6,FGOALS-g3,HOT_DRY,351004,EL_NINO,CWD,2.8,3.25,0.45,16.07
RAW_CMIP6,FGOALS-g3,HOT_DRY,351004,LA_NINA,PRCPTOT,112.116,130.556,18.44,16.45
RAW_CMIP6,FGOALS-g3,HOT_DRY,351004,LA_NINA,wet_day_freq,7.732,11.296,3.564,46.09
RAW_CMIP6,FGOALS-g3,HOT_DRY,351004,LA_NINA,SDII,8.89,6.316,-2.574,-28.96
RAW_CMIP6,FGOALS-g3,HOT_DRY,351004,LA_NINA,Rx1day,30.502,32.464,1.962,6.43
RAW_CMIP6,FGOALS-g3,HOT_DRY,351004,LA_NINA,Rx5day,40.252,43.977,3.725,9.25
RAW_CMIP6,FGOALS-g3,HOT_DRY,351004,LA_NINA,R20mm,1.2,0.667,-0.533,-44.44
RAW_CMIP6,FGOALS-g3,HOT_DRY,351004,LA_NINA,R50mm,0.2,0.222,0.022,11.11
RAW_CMIP6,FGOALS-g3,HOT_DRY,351004,LA_NINA,R95p,22.834,18.232,-4.602,-20.15
RAW_CMIP6,FGOALS-g3,HOT_DRY,351004,LA_NINA,R99p,0.0,0.0,0.0,0.0
RAW_CMIP6,FGOALS-g3,HOT_DRY,351004,LA_NINA,CDD,51.6,60.333,8.733,16.93
RAW_CMIP6,FGOALS-g3,HOT_DRY,351004,LA_NINA,CWD,2.8,4.222,1.422,50.79
RAW_CMIP6,FGOALS-g3,HOT_DRY,351005,EL_NINO,PRCPTOT,112.116,108.537,-3.579,-3.19
RAW_CMIP6,FGOALS-g3,HOT_DRY,351005,EL_NINO,wet_day_freq,7.732,8.84,1.108,14.33
RAW_CMIP6,FGOALS-g3,HOT_DRY,351005,EL_NINO,SDII,8.89,6.617,-2.273,-25.56
RAW_CMIP6,FGOALS-g3,HOT_DRY,351005,EL_NINO,Rx1day,30.502,27.482,-3.02,-9.9
RAW_CMIP6,FGOALS-g3,HOT_DRY,351005,EL_NINO,Rx5day,40.252,35.455,-4.797,-11.92
RAW_CMIP6,FGOALS-g3,HOT_DRY,351005,EL_NINO,R20mm,1.2,0.75,-0.45,-37.5
RAW_CMIP6,FGOALS-g3,HOT_DRY,351005,EL_NINO,R50mm,0.2,0.0,-0.2,-100.0
RAW_CMIP6,FGOALS-g3,HOT_DRY,351005,EL_NINO,R95p,22.834,21.71,-1.124,-4.92
RAW_CMIP6,FGOALS-g3,HOT_DRY,351005,EL_NINO,R99p,0.0,0.0,0.0,0.0
RAW_CMIP6,FGOALS-g3,HOT_DRY,351005,EL_NINO,CDD,51.6,58.0,6.4,12.4
RAW_CMIP6,FGOALS-g3,HOT_DRY,351005,EL_NINO,CWD,2.8,3.25,0.45,16.07
RAW_CMIP6,FGOALS-g3,HOT_DRY,351005,LA_NINA,PRCPTOT,112.116,130.556,18.44,16.45
RAW_CMIP6,FGOALS-g3,HOT_DRY,351005,LA_NINA,wet_day_freq,7.732,11.296,3.564,46.09
RAW_CMIP6,FGOALS-g3,HOT_DRY,351005,LA_NINA,SDII,8.89,6.316,-2.574,-28.96
RAW_CMIP6,FGOALS-g3,HOT_DRY,351005,LA_NINA,Rx1day,30.502,32.464,1.962,6.43
RAW_CMIP6,FGOALS-g3,HOT_DRY,351005,LA_NINA,Rx5day,40.252,43.977,3.725,9.25
RAW_CMIP6,FGOALS-g3,HOT_DRY,351005,LA_NINA,R20mm,1.2,0.667,-0.533,-44.44
RAW_CMIP6,FGOALS-g3,HOT_DRY,351005,LA_NINA,R50mm,0.2,0.222,0.022,11.11
RAW_CMIP6,FGOALS-g3,HOT_DRY,351005,LA_NINA,R95p,22.834,27.292,4.458,19.52
RAW_CMIP6,FGOALS-g3,HOT_DRY,351005,LA_NINA,R99p,0.0,0.0,0.0,0.0
RAW_CMIP6,FGOALS-g3,HOT_DRY,351005,LA_NINA,CDD,51.6,60.333,8.733,16.93
RAW_CMIP6,FGOALS-g3,HOT_DRY,351005,LA_NINA,CWD,2.8,4.222,1.422,50.79
RAW_CMIP6,FGOALS-g3,HOT_DRY,351006,EL_NINO,PRCPTOT,112.116,108.537,-3.579,-3.19
RAW_CMIP6,FGOALS-g3,HOT_DRY,351006,EL_NINO,wet_day_freq,7.732,8.84,1.108,14.33
RAW_CMIP6,FGOALS-g3,HOT_DRY,351006,EL_NINO,SDII,8.89,6.617,-2.273,-25.56
RAW_CMIP6,FGOALS-g3,HOT_DRY,351006,EL_NINO,Rx1day,30.502,27.482,-3.02,-9.9
RAW_CMIP6,FGOALS-g3,HOT_DRY,351006,EL_NINO,Rx5day,40.252,35.455,-4.797,-11.92
RAW_CMIP6,FGOALS-g3,HOT_DRY,351006,EL_NINO,R20mm,1.2,0.75,-0.45,-37.5
RAW_CMIP6,FGOALS-g3,HOT_DRY,351006,EL_NINO,R50mm,0.2,0.0,-0.2,-100.0
RAW_CMIP6,FGOALS-g3,HOT_DRY,351006,EL_NINO,R95p,41.706,29.58,-12.126,-29.07
RAW_CMIP6,FGOALS-g3,HOT_DRY,351006,EL_NINO,R99p,22.834,21.71,-1.124,-4.92
RAW_CMIP6,FGOALS-g3,HOT_DRY,351006,EL_NINO,CDD,51.6,58.0,6.4,12.4
RAW_CMIP6,FGOALS-g3,HOT_DRY,351006,EL_NINO,CWD,2.8,3.25,0.45,16.07
RAW_CMIP6,FGOALS-g3,HOT_DRY,351006,LA_NINA,PRCPTOT,112.116,130.556,18.44,16.45
RAW_CMIP6,FGOALS-g3,HOT_DRY,351006,LA_NINA,wet_day_freq,7.732,11.296,3.564,46.09
RAW_CMIP6,FGOALS-g3,HOT_DRY,351006,LA_NINA,SDII,8.89,6.316,-2.574,-28.96
RAW_CMIP6,FGOALS-g3,HOT_DRY,351006,LA_NINA,Rx1day,30.502,32.464,1.962,6.43
RAW_CMIP6,FGOALS-g3,HOT_DRY,351006,LA_NINA,Rx5day,40.252,43.977,3.725,9.25
RAW_CMIP6,FGOALS-g3,HOT_DRY,351006,LA_NINA,R20mm,1.2,0.667,-0.533,-44.44
RAW_CMIP6,FGOALS-g3,HOT_DRY,351006,LA_NINA,R50mm,0.2,0.222,0.022,11.11
RAW_CMIP6,FGOALS-g3,HOT_DRY,351006,LA_NINA,R95p,41.706,30.513,-11.193,-26.84
RAW_CMIP6,FGOALS-g3,HOT_DRY,351006,LA_NINA,R99p,22.834,27.292,4.458,19.52
RAW_CMIP6,FGOALS-g3,HOT_DRY,351006,LA_NINA,CDD,51.6,60.333,8.733,16.93
RAW_CMIP6,FGOALS-g3,HOT_DRY,351006,LA_NINA,CWD,2.8,4.222,1.422,50.79
RAW_CMIP6,FGOALS-g3,HOT_DRY,351007,EL_NINO,PRCPTOT,119.242,65.927,-53.315,-44.71
RAW_CMIP6,FGOALS-g3,HOT_DRY,351007,EL_NINO,wet_day_freq,10.164,6.49,-3.674,-36.15
RAW_CMIP6,FGOALS-g3,HOT_DRY,351007,EL_NINO,SDII,6.386,5.557,-0.829,-12.97
RAW_CMIP6,FGOALS-g3,HOT_DRY,351007,EL_NINO,Rx1day,35.596,12.657,-22.939,-64.44
RAW_CMIP6,FGOALS-g3,HOT_DRY,351007,EL_NINO,Rx5day,42.486,17.71,-24.776,-58.32
RAW_CMIP6,FGOALS-g3,HOT_DRY,351007,EL_NINO,R20mm,0.8,0.25,-0.55,-68.75
RAW_CMIP6,FGOALS-g3,HOT_DRY,351007,EL_NINO,R50mm,0.2,0.0,-0.2,-100.0
RAW_CMIP6,FGOALS-g3,HOT_DRY,351007,EL_NINO,R95p,34.582,5.702,-28.88,-83.51
RAW_CMIP6,FGOALS-g3,HOT_DRY,351007,EL_NINO,R99p,28.852,0.0,-28.852,-100.0
RAW_CMIP6,FGOALS-g3,HOT_DRY,351007,EL_NINO,CDD,46.2,77.25,31.05,67.21
RAW_CMIP6,FGOALS-g3,HOT_DRY,351007,EL_NINO,CWD,3.6,2.75,-0.85,-23.61
RAW_CMIP6,FGOALS-g3,HOT_DRY,351007,LA_NINA,PRCPTOT,119.242,145.733,26.491,22.22
RAW_CMIP6,FGOALS-g3,HOT_DRY,351007,LA_NINA,wet_day_freq,10.164,11.232,1.068,10.51
RAW_CMIP6,FGOALS-g3,HOT_DRY,351007,LA_NINA,SDII,6.386,6.991,0.605,9.48
RAW_CMIP6,FGOALS-g3,HOT_DRY,351007,LA_NINA,Rx1day,35.596,36.394,0.798,2.24
RAW_CMIP6,FGOALS-g3,HOT_DRY,351007,LA_NINA,Rx5day,42.486,53.448,10.962,25.8
RAW_CMIP6,FGOALS-g3,HOT_DRY,351007,LA_NINA,R20mm,0.8,1.556,0.756,94.44
RAW_CMIP6,FGOALS-g3,HOT_DRY,351007,LA_NINA,R50mm,0.2,0.222,0.022,11.11
RAW_CMIP6,FGOALS-g3,HOT_DRY,351007,LA_NINA,R95p,34.582,53.614,19.032,55.04
RAW_CMIP6,FGOALS-g3,HOT_DRY,351007,LA_NINA,R99p,28.852,20.771,-8.081,-28.01
RAW_CMIP6,FGOALS-g3,HOT_DRY,351007,LA_NINA,CDD,46.2,46.556,0.356,0.77
RAW_CMIP6,FGOALS-g3,HOT_DRY,351007,LA_NINA,CWD,3.6,5.111,1.511,41.98
RAW_CMIP6,FGOALS-g3,HOT_DRY,351008,EL_NINO,PRCPTOT,112.116,108.537,-3.579,-3.19
RAW_CMIP6,FGOALS-g3,HOT_DRY,351008,EL_NINO,wet_day_freq,7.732,8.84,1.108,14.33
RAW_CMIP6,FGOALS-g3,HOT_DRY,351008,EL_NINO,SDII,8.89,6.617,-2.273,-25.56
RAW_CMIP6,FGOALS-g3,HOT_DRY,351008,EL_NINO,Rx1day,30.502,27.482,-3.02,-9.9
RAW_CMIP6,FGOALS-g3,HOT_DRY,351008,EL_NINO,Rx5day,40.252,35.455,-4.797,-11.92
RAW_CMIP6,FGOALS-g3,HOT_DRY,351008,EL_NINO,R20mm,1.2,0.75,-0.45,-37.5
RAW_CMIP6,FGOALS-g3,HOT_DRY,351008,EL_NINO,R50mm,0.2,0.0,-0.2,-100.0
RAW_CMIP6,FGOALS-g3,HOT_DRY,351008,EL_NINO,R95p,45.422,29.58,-15.842,-34.88
RAW_CMIP6,FGOALS-g3,HOT_DRY,351008,EL_NINO,R99p,22.834,21.71,-1.124,-4.92
RAW_CMIP6,FGOALS-g3,HOT_DRY,351008,EL_NINO,CDD,51.6,58.0,6.4,12.4
RAW_CMIP6,FGOALS-g3,HOT_DRY,351008,EL_NINO,CWD,2.8,3.25,0.45,16.07
RAW_CMIP6,FGOALS-g3,HOT_DRY,351008,LA_NINA,PRCPTOT,112.116,130.556,18.44,16.45
RAW_CMIP6,FGOALS-g3,HOT_DRY,351008,LA_NINA,wet_day_freq,7.732,11.296,3.564,46.09
RAW_CMIP6,FGOALS-g3,HOT_DRY,351008,LA_NINA,SDII,8.89,6.316,-2.574,-28.96
RAW_CMIP6,FGOALS-g3,HOT_DRY,351008,LA_NINA,Rx1day,30.502,32.464,1.962,6.43
RAW_CMIP6,FGOALS-g3,HOT_DRY,351008,LA_NINA,Rx5day,40.252,43.977,3.725,9.25
RAW_CMIP6,FGOALS-g3,HOT_DRY,351008,LA_NINA,R20mm,1.2,0.667,-0.533,-44.44
RAW_CMIP6,FGOALS-g3,HOT_DRY,351008,LA_NINA,R50mm,0.2,0.222,0.022,11.11
RAW_CMIP6,FGOALS-g3,HOT_DRY,351008,LA_NINA,R95p,45.422,38.832,-6.59,-14.51
RAW_CMIP6,FGOALS-g3,HOT_DRY,351008,LA_NINA,R99p,22.834,27.292,4.458,19.52
RAW_CMIP6,FGOALS-g3,HOT_DRY,351008,LA_NINA,CDD,51.6,60.333,8.733,16.93
RAW_CMIP6,FGOALS-g3,HOT_DRY,351008,LA_NINA,CWD,2.8,4.222,1.422,50.79
RAW_CMIP6,FGOALS-g3,HOT_DRY,351009,EL_NINO,PRCPTOT,112.116,108.537,-3.579,-3.19
RAW_CMIP6,FGOALS-g3,HOT_DRY,351009,EL_NINO,wet_day_freq,7.732,8.84,1.108,14.33
RAW_CMIP6,FGOALS-g3,HOT_DRY,351009,EL_NINO,SDII,8.89,6.617,-2.273,-25.56
RAW_CMIP6,FGOALS-g3,HOT_DRY,351009,EL_NINO,Rx1day,30.502,27.482,-3.02,-9.9
RAW_CMIP6,FGOALS-g3,HOT_DRY,351009,EL_NINO,Rx5day,40.252,35.455,-4.797,-11.92
RAW_CMIP6,FGOALS-g3,HOT_DRY,351009,EL_NINO,R20mm,1.2,0.75,-0.45,-37.5
RAW_CMIP6,FGOALS-g3,HOT_DRY,351009,EL_NINO,R50mm,0.2,0.0,-0.2,-100.0
RAW_CMIP6,FGOALS-g3,HOT_DRY,351009,EL_NINO,R95p,52.624,37.7,-14.924,-28.36
RAW_CMIP6,FGOALS-g3,HOT_DRY,351009,EL_NINO,R99p,41.706,29.58,-12.126,-29.07
RAW_CMIP6,FGOALS-g3,HOT_DRY,351009,EL_NINO,CDD,51.6,58.0,6.4,12.4
RAW_CMIP6,FGOALS-g3,HOT_DRY,351009,EL_NINO,CWD,2.8,3.25,0.45,16.07
RAW_CMIP6,FGOALS-g3,HOT_DRY,351009,LA_NINA,PRCPTOT,112.116,130.556,18.44,16.45
RAW_CMIP6,FGOALS-g3,HOT_DRY,351009,LA_NINA,wet_day_freq,7.732,11.296,3.564,46.09
RAW_CMIP6,FGOALS-g3,HOT_DRY,351009,LA_NINA,SDII,8.89,6.316,-2.574,-28.96
RAW_CMIP6,FGOALS-g3,HOT_DRY,351009,LA_NINA,Rx1day,30.502,32.464,1.962,6.43
RAW_CMIP6,FGOALS-g3,HOT_DRY,351009,LA_NINA,Rx5day,40.252,43.977,3.725,9.25
RAW_CMIP6,FGOALS-g3,HOT_DRY,351009,LA_NINA,R20mm,1.2,0.667,-0.533,-44.44
RAW_CMIP6,FGOALS-g3,HOT_DRY,351009,LA_NINA,R50mm,0.2,0.222,0.022,11.11
RAW_CMIP6,FGOALS-g3,HOT_DRY,351009,LA_NINA,R95p,52.624,45.436,-7.188,-13.66
RAW_CMIP6,FGOALS-g3,HOT_DRY,351009,LA_NINA,R99p,41.706,30.513,-11.193,-26.84
RAW_CMIP6,FGOALS-g3,HOT_DRY,351009,LA_NINA,CDD,51.6,60.333,8.733,16.93
RAW_CMIP6,FGOALS-g3,HOT_DRY,351009,LA_NINA,CWD,2.8,4.222,1.422,50.79
RAW_CMIP6,FGOALS-g3,HOT_DRY,351010,EL_NINO,PRCPTOT,112.116,108.537,-3.579,-3.19
RAW_CMIP6,FGOALS-g3,HOT_DRY,351010,EL_NINO,wet_day_freq,7.732,8.84,1.108,14.33
RAW_CMIP6,FGOALS-g3,HOT_DRY,351010,EL_NINO,SDII,8.89,6.617,-2.273,-25.56
RAW_CMIP6,FGOALS-g3,HOT_DRY,351010,EL_NINO,Rx1day,30.502,27.482,-3.02,-9.9
RAW_CMIP6,FGOALS-g3,HOT_DRY,351010,EL_NINO,Rx5day,40.252,35.455,-4.797,-11.92
RAW_CMIP6,FGOALS-g3,HOT_DRY,351010,EL_NINO,R20mm,1.2,0.75,-0.45,-37.5
RAW_CMIP6,FGOALS-g3,HOT_DRY,351010,EL_NINO,R50mm,0.2,0.0,-0.2,-100.0
RAW_CMIP6,FGOALS-g3,HOT_DRY,351010,EL_NINO,R95p,52.624,37.7,-14.924,-28.36
RAW_CMIP6,FGOALS-g3,HOT_DRY,351010,EL_NINO,R99p,37.54,29.58,-7.96,-21.2
RAW_CMIP6,FGOALS-g3,HOT_DRY,351010,EL_NINO,CDD,51.6,58.0,6.4,12.4
RAW_CMIP6,FGOALS-g3,HOT_DRY,351010,EL_NINO,CWD,2.8,3.25,0.45,16.07
RAW_CMIP6,FGOALS-g3,HOT_DRY,351010,LA_NINA,PRCPTOT,112.116,130.556,18.44,16.45
RAW_CMIP6,FGOALS-g3,HOT_DRY,351010,LA_NINA,wet_day_freq,7.732,11.296,3.564,46.09
RAW_CMIP6,FGOALS-g3,HOT_DRY,351010,LA_NINA,SDII,8.89,6.316,-2.574,-28.96
RAW_CMIP6,FGOALS-g3,HOT_DRY,351010,LA_NINA,Rx1day,30.502,32.464,1.962,6.43
RAW_CMIP6,FGOALS-g3,HOT_DRY,351010,LA_NINA,Rx5day,40.252,43.977,3.725,9.25
RAW_CMIP6,FGOALS-g3,HOT_DRY,351010,LA_NINA,R20mm,1.2,0.667,-0.533,-44.44
RAW_CMIP6,FGOALS-g3,HOT_DRY,351010,LA_NINA,R50mm,0.2,0.222,0.022,11.11
RAW_CMIP6,FGOALS-g3,HOT_DRY,351010,LA_NINA,R95p,52.624,43.924,-8.7,-16.53
RAW_CMIP6,FGOALS-g3,HOT_DRY,351010,LA_NINA,R99p,37.54,30.513,-7.027,-18.72
RAW_CMIP6,FGOALS-g3,HOT_DRY,351010,LA_NINA,CDD,51.6,60.333,8.733,16.93
RAW_CMIP6,FGOALS-g3,HOT_DRY,351010,LA_NINA,CWD,2.8,4.222,1.422,50.79
RAW_CMIP6,FGOALS-g3,HOT_DRY,351011,EL_NINO,PRCPTOT,112.116,108.537,-3.579,-3.19
RAW_CMIP6,FGOALS-g3,HOT_DRY,351011,EL_NINO,wet_day_freq,7.732,8.84,1.108,14.33
RAW_CMIP6,FGOALS-g3,HOT_DRY,351011,EL_NINO,SDII,8.89,6.617,-2.273,-25.56
RAW_CMIP6,FGOALS-g3,HOT_DRY,351011,EL_NINO,Rx1day,30.502,27.482,-3.02,-9.9
RAW_CMIP6,FGOALS-g3,HOT_DRY,351011,EL_NINO,Rx5day,40.252,35.455,-4.797,-11.92
RAW_CMIP6,FGOALS-g3,HOT_DRY,351011,EL_NINO,R20mm,1.2,0.75,-0.45,-37.5
RAW_CMIP6,FGOALS-g3,HOT_DRY,351011,EL_NINO,R50mm,0.2,0.0,-0.2,-100.0
RAW_CMIP6,FGOALS-g3,HOT_DRY,351011,EL_NINO,R95p,22.834,21.71,-1.124,-4.92
RAW_CMIP6,FGOALS-g3,HOT_DRY,351011,EL_NINO,R99p,0.0,0.0,0.0,0.0
RAW_CMIP6,FGOALS-g3,HOT_DRY,351011,EL_NINO,CDD,51.6,58.0,6.4,12.4
RAW_CMIP6,FGOALS-g3,HOT_DRY,351011,EL_NINO,CWD,2.8,3.25,0.45,16.07
RAW_CMIP6,FGOALS-g3,HOT_DRY,351011,LA_NINA,PRCPTOT,112.116,130.556,18.44,16.45
RAW_CMIP6,FGOALS-g3,HOT_DRY,351011,LA_NINA,wet_day_freq,7.732,11.296,3.564,46.09
RAW_CMIP6,FGOALS-g3,HOT_DRY,351011,LA_NINA,SDII,8.89,6.316,-2.574,-28.96
RAW_CMIP6,FGOALS-g3,HOT_DRY,351011,LA_NINA,Rx1day,30.502,32.464,1.962,6.43
RAW_CMIP6,FGOALS-g3,HOT_DRY,351011,LA_NINA,Rx5day,40.252,43.977,3.725,9.25
RAW_CMIP6,FGOALS-g3,HOT_DRY,351011,LA_NINA,R20mm,1.2,0.667,-0.533,-44.44
RAW_CMIP6,FGOALS-g3,HOT_DRY,351011,LA_NINA,R50mm,0.2,0.222,0.022,11.11
RAW_CMIP6,FGOALS-g3,HOT_DRY,351011,LA_NINA,R95p,22.834,18.232,-4.602,-20.15
RAW_CMIP6,FGOALS-g3,HOT_DRY,351011,LA_NINA,R99p,0.0,0.0,0.0,0.0
RAW_CMIP6,FGOALS-g3,HOT_DRY,351011,LA_NINA,CDD,51.6,60.333,8.733,16.93
RAW_CMIP6,FGOALS-g3,HOT_DRY,351011,LA_NINA,CWD,2.8,4.222,1.422,50.79
RAW_CMIP6,FGOALS-g3,HOT_DRY,351012,EL_NINO,PRCPTOT,112.116,108.537,-3.579,-3.19
RAW_CMIP6,FGOALS-g3,HOT_DRY,351012,EL_NINO,wet_day_freq,7.732,8.84,1.108,14.33
RAW_CMIP6,FGOALS-g3,HOT_DRY,351012,EL_NINO,SDII,8.89,6.617,-2.273,-25.56
RAW_CMIP6,FGOALS-g3,HOT_DRY,351012,EL_NINO,Rx1day,30.502,27.482,-3.02,-9.9
RAW_CMIP6,FGOALS-g3,HOT_DRY,351012,EL_NINO,Rx5day,40.252,35.455,-4.797,-11.92
RAW_CMIP6,FGOALS-g3,HOT_DRY,351012,EL_NINO,R20mm,1.2,0.75,-0.45,-37.5
RAW_CMIP6,FGOALS-g3,HOT_DRY,351012,EL_NINO,R50mm,0.2,0.0,-0.2,-100.0
RAW_CMIP6,FGOALS-g3,HOT_DRY,351012,EL_NINO,R95p,22.834,11.29,-11.544,-50.56
RAW_CMIP6,FGOALS-g3,HOT_DRY,351012,EL_NINO,R99p,0.0,0.0,0.0,0.0
RAW_CMIP6,FGOALS-g3,HOT_DRY,351012,EL_NINO,CDD,51.6,58.0,6.4,12.4
RAW_CMIP6,FGOALS-g3,HOT_DRY,351012,EL_NINO,CWD,2.8,3.25,0.45,16.07
RAW_CMIP6,FGOALS-g3,HOT_DRY,351012,LA_NINA,PRCPTOT,112.116,130.556,18.44,16.45
RAW_CMIP6,FGOALS-g3,HOT_DRY,351012,LA_NINA,wet_day_freq,7.732,11.296,3.564,46.09
RAW_CMIP6,FGOALS-g3,HOT_DRY,351012,LA_NINA,SDII,8.89,6.316,-2.574,-28.96
RAW_CMIP6,FGOALS-g3,HOT_DRY,351012,LA_NINA,Rx1day,30.502,32.464,1.962,6.43
RAW_CMIP6,FGOALS-g3,HOT_DRY,351012,LA_NINA,Rx5day,40.252,43.977,3.725,9.25
RAW_CMIP6,FGOALS-g3,HOT_DRY,351012,LA_NINA,R20mm,1.2,0.667,-0.533,-44.44
RAW_CMIP6,FGOALS-g3,HOT_DRY,351012,LA_NINA,R50mm,0.2,0.222,0.022,11.11
RAW_CMIP6,FGOALS-g3,HOT_DRY,351012,LA_NINA,R95p,22.834,18.232,-4.602,-20.15
RAW_CMIP6,FGOALS-g3,HOT_DRY,351012,LA_NINA,R99p,0.0,0.0,0.0,0.0
RAW_CMIP6,FGOALS-g3,HOT_DRY,351012,LA_NINA,CDD,51.6,60.333,8.733,16.93
RAW_CMIP6,FGOALS-g3,HOT_DRY,351012,LA_NINA,CWD,2.8,4.222,1.422,50.79
RAW_CMIP6,FGOALS-g3,HOT_DRY,351201,EL_NINO,PRCPTOT,112.116,108.537,-3.579,-3.19
RAW_CMIP6,FGOALS-g3,HOT_DRY,351201,EL_NINO,wet_day_freq,7.732,8.84,1.108,14.33
RAW_CMIP6,FGOALS-g3,HOT_DRY,351201,EL_NINO,SDII,8.89,6.617,-2.273,-25.56
RAW_CMIP6,FGOALS-g3,HOT_DRY,351201,EL_NINO,Rx1day,30.502,27.482,-3.02,-9.9
RAW_CMIP6,FGOALS-g3,HOT_DRY,351201,EL_NINO,Rx5day,40.252,35.455,-4.797,-11.92
RAW_CMIP6,FGOALS-g3,HOT_DRY,351201,EL_NINO,R20mm,1.2,0.75,-0.45,-37.5
RAW_CMIP6,FGOALS-g3,HOT_DRY,351201,EL_NINO,R50mm,0.2,0.0,-0.2,-100.0
RAW_CMIP6,FGOALS-g3,HOT_DRY,351201,EL_NINO,R95p,22.834,21.71,-1.124,-4.92
RAW_CMIP6,FGOALS-g3,HOT_DRY,351201,EL_NINO,R99p,0.0,0.0,0.0,0.0
RAW_CMIP6,FGOALS-g3,HOT_DRY,351201,EL_NINO,CDD,51.6,58.0,6.4,12.4
RAW_CMIP6,FGOALS-g3,HOT_DRY,351201,EL_NINO,CWD,2.8,3.25,0.45,16.07
RAW_CMIP6,FGOALS-g3,HOT_DRY,351201,LA_NINA,PRCPTOT,112.116,130.556,18.44,16.45
RAW_CMIP6,FGOALS-g3,HOT_DRY,351201,LA_NINA,wet_day_freq,7.732,11.296,3.564,46.09
RAW_CMIP6,FGOALS-g3,HOT_DRY,351201,LA_NINA,SDII,8.89,6.316,-2.574,-28.96
RAW_CMIP6,FGOALS-g3,HOT_DRY,351201,LA_NINA,Rx1day,30.502,32.464,1.962,6.43
RAW_CMIP6,FGOALS-g3,HOT_DRY,351201,LA_NINA,Rx5day,40.252,43.977,3.725,9.25
RAW_CMIP6,FGOALS-g3,HOT_DRY,351201,LA_NINA,R20mm,1.2,0.667,-0.533,-44.44
RAW_CMIP6,FGOALS-g3,HOT_DRY,351201,LA_NINA,R50mm,0.2,0.222,0.022,11.11
RAW_CMIP6,FGOALS-g3,HOT_DRY,351201,LA_NINA,R95p,22.834,27.292,4.458,19.52
RAW_CMIP6,FGOALS-g3,HOT_DRY,351201,LA_NINA,R99p,0.0,0.0,0.0,0.0
RAW_CMIP6,FGOALS-g3,HOT_DRY,351201,LA_NINA,CDD,51.6,60.333,8.733,16.93
RAW_CMIP6,FGOALS-g3,HOT_DRY,351201,LA_NINA,CWD,2.8,4.222,1.422,50.79
RAW_CMIP6,FGOALS-g3,RAINY,351001,EL_NINO,PRCPTOT,144.195,147.025,2.83,1.96
RAW_CMIP6,FGOALS-g3,RAINY,351001,EL_NINO,wet_day_freq,12.862,10.87,-1.992,-15.49
RAW_CMIP6,FGOALS-g3,RAINY,351001,EL_NINO,SDII,6.818,7.015,0.197,2.88
RAW_CMIP6,FGOALS-g3,RAINY,351001,EL_NINO,Rx1day,38.237,30.37,-7.867,-20.57
RAW_CMIP6,FGOALS-g3,RAINY,351001,EL_NINO,Rx5day,51.143,68.495,17.352,33.93
RAW_CMIP6,FGOALS-g3,RAINY,351001,EL_NINO,R20mm,1.167,1.0,-0.167,-14.29
RAW_CMIP6,FGOALS-g3,RAINY,351001,EL_NINO,R50mm,0.5,1.0,0.5,100.0
RAW_CMIP6,FGOALS-g3,RAINY,351001,EL_NINO,R95p,30.712,52.73,22.018,71.69
RAW_CMIP6,FGOALS-g3,RAINY,351001,EL_NINO,R99p,0.0,0.0,0.0,0.0
RAW_CMIP6,FGOALS-g3,RAINY,351001,EL_NINO,CDD,41.167,36.5,-4.667,-11.34
RAW_CMIP6,FGOALS-g3,RAINY,351001,EL_NINO,CWD,4.833,3.0,-1.833,-37.93
RAW_CMIP6,FGOALS-g3,RAINY,351001,LA_NINA,PRCPTOT,144.195,166.922,22.727,15.76
RAW_CMIP6,FGOALS-g3,RAINY,351001,LA_NINA,wet_day_freq,12.862,13.804,0.942,7.33
RAW_CMIP6,FGOALS-g3,RAINY,351001,LA_NINA,SDII,6.818,6.478,-0.34,-4.99
RAW_CMIP6,FGOALS-g3,RAINY,351001,LA_NINA,Rx1day,38.237,35.18,-3.057,-7.99
RAW_CMIP6,FGOALS-g3,RAINY,351001,LA_NINA,Rx5day,51.143,60.104,8.961,17.52
RAW_CMIP6,FGOALS-g3,RAINY,351001,LA_NINA,R20mm,1.167,1.4,0.233,20.0
RAW_CMIP6,FGOALS-g3,RAINY,351001,LA_NINA,R50mm,0.5,0.4,-0.1,-20.0
RAW_CMIP6,FGOALS-g3,RAINY,351001,LA_NINA,R95p,30.712,40.618,9.906,32.26
RAW_CMIP6,FGOALS-g3,RAINY,351001,LA_NINA,R99p,0.0,0.0,0.0,0.0
RAW_CMIP6,FGOALS-g3,RAINY,351001,LA_NINA,CDD,41.167,29.8,-11.367,-27.61
RAW_CMIP6,FGOALS-g3,RAINY,351001,LA_NINA,CWD,4.833,4.6,-0.233,-4.83
RAW_CMIP6,FGOALS-g3,RAINY,351002,EL_NINO,PRCPTOT,144.195,147.025,2.83,1.96
RAW_CMIP6,FGOALS-g3,RAINY,351002,EL_NINO,wet_day_freq,12.862,10.87,-1.992,-15.49
RAW_CMIP6,FGOALS-g3,RAINY,351002,EL_NINO,SDII,6.818,7.015,0.197,2.88
RAW_CMIP6,FGOALS-g3,RAINY,351002,EL_NINO,Rx1day,38.237,30.37,-7.867,-20.57
RAW_CMIP6,FGOALS-g3,RAINY,351002,EL_NINO,Rx5day,51.143,68.495,17.352,33.93
RAW_CMIP6,FGOALS-g3,RAINY,351002,EL_NINO,R20mm,1.167,1.0,-0.167,-14.29
RAW_CMIP6,FGOALS-g3,RAINY,351002,EL_NINO,R50mm,0.5,1.0,0.5,100.0
RAW_CMIP6,FGOALS-g3,RAINY,351002,EL_NINO,R95p,30.712,52.73,22.018,71.69
RAW_CMIP6,FGOALS-g3,RAINY,351002,EL_NINO,R99p,0.0,0.0,0.0,0.0
RAW_CMIP6,FGOALS-g3,RAINY,351002,EL_NINO,CDD,41.167,36.5,-4.667,-11.34
RAW_CMIP6,FGOALS-g3,RAINY,351002,EL_NINO,CWD,4.833,3.0,-1.833,-37.93
RAW_CMIP6,FGOALS-g3,RAINY,351002,LA_NINA,PRCPTOT,144.195,166.922,22.727,15.76
RAW_CMIP6,FGOALS-g3,RAINY,351002,LA_NINA,wet_day_freq,12.862,13.804,0.942,7.33
RAW_CMIP6,FGOALS-g3,RAINY,351002,LA_NINA,SDII,6.818,6.478,-0.34,-4.99
RAW_CMIP6,FGOALS-g3,RAINY,351002,LA_NINA,Rx1day,38.237,35.18,-3.057,-7.99
RAW_CMIP6,FGOALS-g3,RAINY,351002,LA_NINA,Rx5day,51.143,60.104,8.961,17.52
RAW_CMIP6,FGOALS-g3,RAINY,351002,LA_NINA,R20mm,1.167,1.4,0.233,20.0
RAW_CMIP6,FGOALS-g3,RAINY,351002,LA_NINA,R50mm,0.5,0.4,-0.1,-20.0
RAW_CMIP6,FGOALS-g3,RAINY,351002,LA_NINA,R95p,30.712,40.618,9.906,32.26
RAW_CMIP6,FGOALS-g3,RAINY,351002,LA_NINA,R99p,0.0,0.0,0.0,0.0
RAW_CMIP6,FGOALS-g3,RAINY,351002,LA_NINA,CDD,41.167,29.8,-11.367,-27.61
RAW_CMIP6,FGOALS-g3,RAINY,351002,LA_NINA,CWD,4.833,4.6,-0.233,-4.83
RAW_CMIP6,FGOALS-g3,RAINY,351003,EL_NINO,PRCPTOT,144.195,147.025,2.83,1.96
RAW_CMIP6,FGOALS-g3,RAINY,351003,EL_NINO,wet_day_freq,12.862,10.87,-1.992,-15.49
RAW_CMIP6,FGOALS-g3,RAINY,351003,EL_NINO,SDII,6.818,7.015,0.197,2.88
RAW_CMIP6,FGOALS-g3,RAINY,351003,EL_NINO,Rx1day,38.237,30.37,-7.867,-20.57
RAW_CMIP6,FGOALS-g3,RAINY,351003,EL_NINO,Rx5day,51.143,68.495,17.352,33.93
RAW_CMIP6,FGOALS-g3,RAINY,351003,EL_NINO,R20mm,1.167,1.0,-0.167,-14.29
RAW_CMIP6,FGOALS-g3,RAINY,351003,EL_NINO,R50mm,0.5,1.0,0.5,100.0
RAW_CMIP6,FGOALS-g3,RAINY,351003,EL_NINO,R95p,30.712,52.73,22.018,71.69
RAW_CMIP6,FGOALS-g3,RAINY,351003,EL_NINO,R99p,12.302,0.0,-12.302,-100.0
RAW_CMIP6,FGOALS-g3,RAINY,351003,EL_NINO,CDD,41.167,36.5,-4.667,-11.34
RAW_CMIP6,FGOALS-g3,RAINY,351003,EL_NINO,CWD,4.833,3.0,-1.833,-37.93
RAW_CMIP6,FGOALS-g3,RAINY,351003,LA_NINA,PRCPTOT,144.195,166.922,22.727,15.76
RAW_CMIP6,FGOALS-g3,RAINY,351003,LA_NINA,wet_day_freq,12.862,13.804,0.942,7.33
RAW_CMIP6,FGOALS-g3,RAINY,351003,LA_NINA,SDII,6.818,6.478,-0.34,-4.99
RAW_CMIP6,FGOALS-g3,RAINY,351003,LA_NINA,Rx1day,38.237,35.18,-3.057,-7.99
RAW_CMIP6,FGOALS-g3,RAINY,351003,LA_NINA,Rx5day,51.143,60.104,8.961,17.52
RAW_CMIP6,FGOALS-g3,RAINY,351003,LA_NINA,R20mm,1.167,1.4,0.233,20.0
RAW_CMIP6,FGOALS-g3,RAINY,351003,LA_NINA,R50mm,0.5,0.4,-0.1,-20.0
RAW_CMIP6,FGOALS-g3,RAINY,351003,LA_NINA,R95p,30.712,40.618,9.906,32.26
RAW_CMIP6,FGOALS-g3,RAINY,351003,LA_NINA,R99p,12.302,0.0,-12.302,-100.0
RAW_CMIP6,FGOALS-g3,RAINY,351003,LA_NINA,CDD,41.167,29.8,-11.367,-27.61
RAW_CMIP6,FGOALS-g3,RAINY,351003,LA_NINA,CWD,4.833,4.6,-0.233,-4.83
RAW_CMIP6,FGOALS-g3,RAINY,351004,EL_NINO,PRCPTOT,144.195,147.025,2.83,1.96
RAW_CMIP6,FGOALS-g3,RAINY,351004,EL_NINO,wet_day_freq,12.862,10.87,-1.992,-15.49
RAW_CMIP6,FGOALS-g3,RAINY,351004,EL_NINO,SDII,6.818,7.015,0.197,2.88
RAW_CMIP6,FGOALS-g3,RAINY,351004,EL_NINO,Rx1day,38.237,30.37,-7.867,-20.57
RAW_CMIP6,FGOALS-g3,RAINY,351004,EL_NINO,Rx5day,51.143,68.495,17.352,33.93
RAW_CMIP6,FGOALS-g3,RAINY,351004,EL_NINO,R20mm,1.167,1.0,-0.167,-14.29
RAW_CMIP6,FGOALS-g3,RAINY,351004,EL_NINO,R50mm,0.5,1.0,0.5,100.0
RAW_CMIP6,FGOALS-g3,RAINY,351004,EL_NINO,R95p,30.712,52.73,22.018,71.69
RAW_CMIP6,FGOALS-g3,RAINY,351004,EL_NINO,R99p,0.0,0.0,0.0,0.0
RAW_CMIP6,FGOALS-g3,RAINY,351004,EL_NINO,CDD,41.167,36.5,-4.667,-11.34
RAW_CMIP6,FGOALS-g3,RAINY,351004,EL_NINO,CWD,4.833,3.0,-1.833,-37.93
RAW_CMIP6,FGOALS-g3,RAINY,351004,LA_NINA,PRCPTOT,144.195,166.922,22.727,15.76
RAW_CMIP6,FGOALS-g3,RAINY,351004,LA_NINA,wet_day_freq,12.862,13.804,0.942,7.33
RAW_CMIP6,FGOALS-g3,RAINY,351004,LA_NINA,SDII,6.818,6.478,-0.34,-4.99
RAW_CMIP6,FGOALS-g3,RAINY,351004,LA_NINA,Rx1day,38.237,35.18,-3.057,-7.99
RAW_CMIP6,FGOALS-g3,RAINY,351004,LA_NINA,Rx5day,51.143,60.104,8.961,17.52
RAW_CMIP6,FGOALS-g3,RAINY,351004,LA_NINA,R20mm,1.167,1.4,0.233,20.0
RAW_CMIP6,FGOALS-g3,RAINY,351004,LA_NINA,R50mm,0.5,0.4,-0.1,-20.0
RAW_CMIP6,FGOALS-g3,RAINY,351004,LA_NINA,R95p,30.712,40.618,9.906,32.26
RAW_CMIP6,FGOALS-g3,RAINY,351004,LA_NINA,R99p,0.0,0.0,0.0,0.0
RAW_CMIP6,FGOALS-g3,RAINY,351004,LA_NINA,CDD,41.167,29.8,-11.367,-27.61
RAW_CMIP6,FGOALS-g3,RAINY,351004,LA_NINA,CWD,4.833,4.6,-0.233,-4.83
RAW_CMIP6,FGOALS-g3,RAINY,351005,EL_NINO,PRCPTOT,144.195,147.025,2.83,1.96
RAW_CMIP6,FGOALS-g3,RAINY,351005,EL_NINO,wet_day_freq,12.862,10.87,-1.992,-15.49
RAW_CMIP6,FGOALS-g3,RAINY,351005,EL_NINO,SDII,6.818,7.015,0.197,2.88
RAW_CMIP6,FGOALS-g3,RAINY,351005,EL_NINO,Rx1day,38.237,30.37,-7.867,-20.57
RAW_CMIP6,FGOALS-g3,RAINY,351005,EL_NINO,Rx5day,51.143,68.495,17.352,33.93
RAW_CMIP6,FGOALS-g3,RAINY,351005,EL_NINO,R20mm,1.167,1.0,-0.167,-14.29
RAW_CMIP6,FGOALS-g3,RAINY,351005,EL_NINO,R50mm,0.5,1.0,0.5,100.0
RAW_CMIP6,FGOALS-g3,RAINY,351005,EL_NINO,R95p,30.712,52.73,22.018,71.69
RAW_CMIP6,FGOALS-g3,RAINY,351005,EL_NINO,R99p,0.0,0.0,0.0,0.0
RAW_CMIP6,FGOALS-g3,RAINY,351005,EL_NINO,CDD,41.167,36.5,-4.667,-11.34
RAW_CMIP6,FGOALS-g3,RAINY,351005,EL_NINO,CWD,4.833,3.0,-1.833,-37.93
RAW_CMIP6,FGOALS-g3,RAINY,351005,LA_NINA,PRCPTOT,144.195,166.922,22.727,15.76
RAW_CMIP6,FGOALS-g3,RAINY,351005,LA_NINA,wet_day_freq,12.862,13.804,0.942,7.33
RAW_CMIP6,FGOALS-g3,RAINY,351005,LA_NINA,SDII,6.818,6.478,-0.34,-4.99
RAW_CMIP6,FGOALS-g3,RAINY,351005,LA_NINA,Rx1day,38.237,35.18,-3.057,-7.99
RAW_CMIP6,FGOALS-g3,RAINY,351005,LA_NINA,Rx5day,51.143,60.104,8.961,17.52
RAW_CMIP6,FGOALS-g3,RAINY,351005,LA_NINA,R20mm,1.167,1.4,0.233,20.0
RAW_CMIP6,FGOALS-g3,RAINY,351005,LA_NINA,R50mm,0.5,0.4,-0.1,-20.0
RAW_CMIP6,FGOALS-g3,RAINY,351005,LA_NINA,R95p,30.712,40.618,9.906,32.26
RAW_CMIP6,FGOALS-g3,RAINY,351005,LA_NINA,R99p,0.0,0.0,0.0,0.0
RAW_CMIP6,FGOALS-g3,RAINY,351005,LA_NINA,CDD,41.167,29.8,-11.367,-27.61
RAW_CMIP6,FGOALS-g3,RAINY,351005,LA_NINA,CWD,4.833,4.6,-0.233,-4.83
RAW_CMIP6,FGOALS-g3,RAINY,351006,EL_NINO,PRCPTOT,144.195,147.025,2.83,1.96
RAW_CMIP6,FGOALS-g3,RAINY,351006,EL_NINO,wet_day_freq,12.862,10.87,-1.992,-15.49
RAW_CMIP6,FGOALS-g3,RAINY,351006,EL_NINO,SDII,6.818,7.015,0.197,2.88
RAW_CMIP6,FGOALS-g3,RAINY,351006,EL_NINO,Rx1day,38.237,30.37,-7.867,-20.57
RAW_CMIP6,FGOALS-g3,RAINY,351006,EL_NINO,Rx5day,51.143,68.495,17.352,33.93
RAW_CMIP6,FGOALS-g3,RAINY,351006,EL_NINO,R20mm,1.167,1.0,-0.167,-14.29
RAW_CMIP6,FGOALS-g3,RAINY,351006,EL_NINO,R50mm,0.5,1.0,0.5,100.0
RAW_CMIP6,FGOALS-g3,RAINY,351006,EL_NINO,R95p,47.792,52.73,4.938,10.33
RAW_CMIP6,FGOALS-g3,RAINY,351006,EL_NINO,R99p,30.712,52.73,22.018,71.69
RAW_CMIP6,FGOALS-g3,RAINY,351006,EL_NINO,CDD,41.167,36.5,-4.667,-11.34
RAW_CMIP6,FGOALS-g3,RAINY,351006,EL_NINO,CWD,4.833,3.0,-1.833,-37.93
RAW_CMIP6,FGOALS-g3,RAINY,351006,LA_NINA,PRCPTOT,144.195,166.922,22.727,15.76
RAW_CMIP6,FGOALS-g3,RAINY,351006,LA_NINA,wet_day_freq,12.862,13.804,0.942,7.33
RAW_CMIP6,FGOALS-g3,RAINY,351006,LA_NINA,SDII,6.818,6.478,-0.34,-4.99
RAW_CMIP6,FGOALS-g3,RAINY,351006,LA_NINA,Rx1day,38.237,35.18,-3.057,-7.99
RAW_CMIP6,FGOALS-g3,RAINY,351006,LA_NINA,Rx5day,51.143,60.104,8.961,17.52
RAW_CMIP6,FGOALS-g3,RAINY,351006,LA_NINA,R20mm,1.167,1.4,0.233,20.0
RAW_CMIP6,FGOALS-g3,RAINY,351006,LA_NINA,R50mm,0.5,0.4,-0.1,-20.0
RAW_CMIP6,FGOALS-g3,RAINY,351006,LA_NINA,R95p,47.792,55.336,7.544,15.79
RAW_CMIP6,FGOALS-g3,RAINY,351006,LA_NINA,R99p,30.712,40.618,9.906,32.26
RAW_CMIP6,FGOALS-g3,RAINY,351006,LA_NINA,CDD,41.167,29.8,-11.367,-27.61
RAW_CMIP6,FGOALS-g3,RAINY,351006,LA_NINA,CWD,4.833,4.6,-0.233,-4.83
RAW_CMIP6,FGOALS-g3,RAINY,351007,EL_NINO,PRCPTOT,180.295,115.205,-65.09,-36.1
RAW_CMIP6,FGOALS-g3,RAINY,351007,EL_NINO,wet_day_freq,17.847,13.315,-4.532,-25.39
RAW_CMIP6,FGOALS-g3,RAINY,351007,EL_NINO,SDII,5.445,4.67,-0.775,-14.23
RAW_CMIP6,FGOALS-g3,RAINY,351007,EL_NINO,Rx1day,23.11,15.755,-7.355,-31.83
RAW_CMIP6,FGOALS-g3,RAINY,351007,EL_NINO,Rx5day,44.047,26.385,-17.662,-40.1
RAW_CMIP6,FGOALS-g3,RAINY,351007,EL_NINO,R20mm,1.0,0.0,-1.0,-100.0
RAW_CMIP6,FGOALS-g3,RAINY,351007,EL_NINO,R50mm,0.0,0.0,0.0,0.0
RAW_CMIP6,FGOALS-g3,RAINY,351007,EL_NINO,R95p,33.908,0.0,-33.908,-100.0
RAW_CMIP6,FGOALS-g3,RAINY,351007,EL_NINO,R99p,0.0,0.0,0.0,0.0
RAW_CMIP6,FGOALS-g3,RAINY,351007,EL_NINO,CDD,26.667,32.0,5.333,20.0
RAW_CMIP6,FGOALS-g3,RAINY,351007,EL_NINO,CWD,5.167,3.0,-2.167,-41.94
RAW_CMIP6,FGOALS-g3,RAINY,351007,LA_NINA,PRCPTOT,180.295,184.858,4.563,2.53
RAW_CMIP6,FGOALS-g3,RAINY,351007,LA_NINA,wet_day_freq,17.847,18.478,0.631,3.54
RAW_CMIP6,FGOALS-g3,RAINY,351007,LA_NINA,SDII,5.445,5.228,-0.217,-3.99
RAW_CMIP6,FGOALS-g3,RAINY,351007,LA_NINA,Rx1day,23.11,28.852,5.742,24.85
RAW_CMIP6,FGOALS-g3,RAINY,351007,LA_NINA,Rx5day,44.047,52.888,8.841,20.07
RAW_CMIP6,FGOALS-g3,RAINY,351007,LA_NINA,R20mm,1.0,1.4,0.4,40.0
RAW_CMIP6,FGOALS-g3,RAINY,351007,LA_NINA,R50mm,0.0,0.0,0.0,0.0
RAW_CMIP6,FGOALS-g3,RAINY,351007,LA_NINA,R95p,33.908,43.932,10.024,29.56
RAW_CMIP6,FGOALS-g3,RAINY,351007,LA_NINA,R99p,0.0,16.526,16.526,0.0
RAW_CMIP6,FGOALS-g3,RAINY,351007,LA_NINA,CDD,26.667,27.6,0.933,3.5
RAW_CMIP6,FGOALS-g3,RAINY,351007,LA_NINA,CWD,5.167,5.0,-0.167,-3.23
RAW_CMIP6,FGOALS-g3,RAINY,351008,EL_NINO,PRCPTOT,144.195,147.025,2.83,1.96
RAW_CMIP6,FGOALS-g3,RAINY,351008,EL_NINO,wet_day_freq,12.862,10.87,-1.992,-15.49
RAW_CMIP6,FGOALS-g3,RAINY,351008,EL_NINO,SDII,6.818,7.015,0.197,2.88
RAW_CMIP6,FGOALS-g3,RAINY,351008,EL_NINO,Rx1day,38.237,30.37,-7.867,-20.57
RAW_CMIP6,FGOALS-g3,RAINY,351008,EL_NINO,Rx5day,51.143,68.495,17.352,33.93
RAW_CMIP6,FGOALS-g3,RAINY,351008,EL_NINO,R20mm,1.167,1.0,-0.167,-14.29
RAW_CMIP6,FGOALS-g3,RAINY,351008,EL_NINO,R50mm,0.5,1.0,0.5,100.0
RAW_CMIP6,FGOALS-g3,RAINY,351008,EL_NINO,R95p,50.845,52.73,1.885,3.71
RAW_CMIP6,FGOALS-g3,RAINY,351008,EL_NINO,R99p,30.712,52.73,22.018,71.69
RAW_CMIP6,FGOALS-g3,RAINY,351008,EL_NINO,CDD,41.167,36.5,-4.667,-11.34
RAW_CMIP6,FGOALS-g3,RAINY,351008,EL_NINO,CWD,4.833,3.0,-1.833,-37.93
RAW_CMIP6,FGOALS-g3,RAINY,351008,LA_NINA,PRCPTOT,144.195,166.922,22.727,15.76
RAW_CMIP6,FGOALS-g3,RAINY,351008,LA_NINA,wet_day_freq,12.862,13.804,0.942,7.33
RAW_CMIP6,FGOALS-g3,RAINY,351008,LA_NINA,SDII,6.818,6.478,-0.34,-4.99
RAW_CMIP6,FGOALS-g3,RAINY,351008,LA_NINA,Rx1day,38.237,35.18,-3.057,-7.99
RAW_CMIP6,FGOALS-g3,RAINY,351008,LA_NINA,Rx5day,51.143,60.104,8.961,17.52
RAW_CMIP6,FGOALS-g3,RAINY,351008,LA_NINA,R20mm,1.167,1.4,0.233,20.0
RAW_CMIP6,FGOALS-g3,RAINY,351008,LA_NINA,R50mm,0.5,0.4,-0.1,-20.0
RAW_CMIP6,FGOALS-g3,RAINY,351008,LA_NINA,R95p,50.845,55.336,4.491,8.83
RAW_CMIP6,FGOALS-g3,RAINY,351008,LA_NINA,R99p,30.712,40.618,9.906,32.26
RAW_CMIP6,FGOALS-g3,RAINY,351008,LA_NINA,CDD,41.167,29.8,-11.367,-27.61
RAW_CMIP6,FGOALS-g3,RAINY,351008,LA_NINA,CWD,4.833,4.6,-0.233,-4.83
RAW_CMIP6,FGOALS-g3,RAINY,351009,EL_NINO,PRCPTOT,144.195,147.025,2.83,1.96
RAW_CMIP6,FGOALS-g3,RAINY,351009,EL_NINO,wet_day_freq,12.862,10.87,-1.992,-15.49
RAW_CMIP6,FGOALS-g3,RAINY,351009,EL_NINO,SDII,6.818,7.015,0.197,2.88
RAW_CMIP6,FGOALS-g3,RAINY,351009,EL_NINO,Rx1day,38.237,30.37,-7.867,-20.57
RAW_CMIP6,FGOALS-g3,RAINY,351009,EL_NINO,Rx5day,51.143,68.495,17.352,33.93
RAW_CMIP6,FGOALS-g3,RAINY,351009,EL_NINO,R20mm,1.167,1.0,-0.167,-14.29
RAW_CMIP6,FGOALS-g3,RAINY,351009,EL_NINO,R50mm,0.5,1.0,0.5,100.0
RAW_CMIP6,FGOALS-g3,RAINY,351009,EL_NINO,R95p,53.83,70.425,16.595,30.83
RAW_CMIP6,FGOALS-g3,RAINY,351009,EL_NINO,R99p,47.792,52.73,4.938,10.33
RAW_CMIP6,FGOALS-g3,RAINY,351009,EL_NINO,CDD,41.167,36.5,-4.667,-11.34
RAW_CMIP6,FGOALS-g3,RAINY,351009,EL_NINO,CWD,4.833,3.0,-1.833,-37.93
RAW_CMIP6,FGOALS-g3,RAINY,351009,LA_NINA,PRCPTOT,144.195,166.922,22.727,15.76
RAW_CMIP6,FGOALS-g3,RAINY,351009,LA_NINA,wet_day_freq,12.862,13.804,0.942,7.33
RAW_CMIP6,FGOALS-g3,RAINY,351009,LA_NINA,SDII,6.818,6.478,-0.34,-4.99
RAW_CMIP6,FGOALS-g3,RAINY,351009,LA_NINA,Rx1day,38.237,35.18,-3.057,-7.99
RAW_CMIP6,FGOALS-g3,RAINY,351009,LA_NINA,Rx5day,51.143,60.104,8.961,17.52
RAW_CMIP6,FGOALS-g3,RAINY,351009,LA_NINA,R20mm,1.167,1.4,0.233,20.0
RAW_CMIP6,FGOALS-g3,RAINY,351009,LA_NINA,R50mm,0.5,0.4,-0.1,-20.0
RAW_CMIP6,FGOALS-g3,RAINY,351009,LA_NINA,R95p,53.83,66.848,13.018,24.18
RAW_CMIP6,FGOALS-g3,RAINY,351009,LA_NINA,R99p,47.792,55.336,7.544,15.79
RAW_CMIP6,FGOALS-g3,RAINY,351009,LA_NINA,CDD,41.167,29.8,-11.367,-27.61
RAW_CMIP6,FGOALS-g3,RAINY,351009,LA_NINA,CWD,4.833,4.6,-0.233,-4.83
RAW_CMIP6,FGOALS-g3,RAINY,351010,EL_NINO,PRCPTOT,144.195,147.025,2.83,1.96
RAW_CMIP6,FGOALS-g3,RAINY,351010,EL_NINO,wet_day_freq,12.862,10.87,-1.992,-15.49
RAW_CMIP6,FGOALS-g3,RAINY,351010,EL_NINO,SDII,6.818,7.015,0.197,2.88
RAW_CMIP6,FGOALS-g3,RAINY,351010,EL_NINO,Rx1day,38.237,30.37,-7.867,-20.57
RAW_CMIP6,FGOALS-g3,RAINY,351010,EL_NINO,Rx5day,51.143,68.495,17.352,33.93
RAW_CMIP6,FGOALS-g3,RAINY,351010,EL_NINO,R20mm,1.167,1.0,-0.167,-14.29
RAW_CMIP6,FGOALS-g3,RAINY,351010,EL_NINO,R50mm,0.5,1.0,0.5,100.0
RAW_CMIP6,FGOALS-g3,RAINY,351010,EL_NINO,R95p,53.83,70.425,16.595,30.83
RAW_CMIP6,FGOALS-g3,RAINY,351010,EL_NINO,R99p,47.792,52.73,4.938,10.33
RAW_CMIP6,FGOALS-g3,RAINY,351010,EL_NINO,CDD,41.167,36.5,-4.667,-11.34
RAW_CMIP6,FGOALS-g3,RAINY,351010,EL_NINO,CWD,4.833,3.0,-1.833,-37.93
RAW_CMIP6,FGOALS-g3,RAINY,351010,LA_NINA,PRCPTOT,144.195,166.922,22.727,15.76
RAW_CMIP6,FGOALS-g3,RAINY,351010,LA_NINA,wet_day_freq,12.862,13.804,0.942,7.33
RAW_CMIP6,FGOALS-g3,RAINY,351010,LA_NINA,SDII,6.818,6.478,-0.34,-4.99
RAW_CMIP6,FGOALS-g3,RAINY,351010,LA_NINA,Rx1day,38.237,35.18,-3.057,-7.99
RAW_CMIP6,FGOALS-g3,RAINY,351010,LA_NINA,Rx5day,51.143,60.104,8.961,17.52
RAW_CMIP6,FGOALS-g3,RAINY,351010,LA_NINA,R20mm,1.167,1.4,0.233,20.0
RAW_CMIP6,FGOALS-g3,RAINY,351010,LA_NINA,R50mm,0.5,0.4,-0.1,-20.0
RAW_CMIP6,FGOALS-g3,RAINY,351010,LA_NINA,R95p,53.83,64.15,10.32,19.17
RAW_CMIP6,FGOALS-g3,RAINY,351010,LA_NINA,R99p,47.792,51.266,3.474,7.27
RAW_CMIP6,FGOALS-g3,RAINY,351010,LA_NINA,CDD,41.167,29.8,-11.367,-27.61
RAW_CMIP6,FGOALS-g3,RAINY,351010,LA_NINA,CWD,4.833,4.6,-0.233,-4.83
RAW_CMIP6,FGOALS-g3,RAINY,351011,EL_NINO,PRCPTOT,144.195,147.025,2.83,1.96
RAW_CMIP6,FGOALS-g3,RAINY,351011,EL_NINO,wet_day_freq,12.862,10.87,-1.992,-15.49
RAW_CMIP6,FGOALS-g3,RAINY,351011,EL_NINO,SDII,6.818,7.015,0.197,2.88
RAW_CMIP6,FGOALS-g3,RAINY,351011,EL_NINO,Rx1day,38.237,30.37,-7.867,-20.57
RAW_CMIP6,FGOALS-g3,RAINY,351011,EL_NINO,Rx5day,51.143,68.495,17.352,33.93
RAW_CMIP6,FGOALS-g3,RAINY,351011,EL_NINO,R20mm,1.167,1.0,-0.167,-14.29
RAW_CMIP6,FGOALS-g3,RAINY,351011,EL_NINO,R50mm,0.5,1.0,0.5,100.0
RAW_CMIP6,FGOALS-g3,RAINY,351011,EL_NINO,R95p,30.712,52.73,22.018,71.69
RAW_CMIP6,FGOALS-g3,RAINY,351011,EL_NINO,R99p,0.0,0.0,0.0,0.0
RAW_CMIP6,FGOALS-g3,RAINY,351011,EL_NINO,CDD,41.167,36.5,-4.667,-11.34
RAW_CMIP6,FGOALS-g3,RAINY,351011,EL_NINO,CWD,4.833,3.0,-1.833,-37.93
RAW_CMIP6,FGOALS-g3,RAINY,351011,LA_NINA,PRCPTOT,144.195,166.922,22.727,15.76
RAW_CMIP6,FGOALS-g3,RAINY,351011,LA_NINA,wet_day_freq,12.862,13.804,0.942,7.33
RAW_CMIP6,FGOALS-g3,RAINY,351011,LA_NINA,SDII,6.818,6.478,-0.34,-4.99
RAW_CMIP6,FGOALS-g3,RAINY,351011,LA_NINA,Rx1day,38.237,35.18,-3.057,-7.99
RAW_CMIP6,FGOALS-g3,RAINY,351011,LA_NINA,Rx5day,51.143,60.104,8.961,17.52
RAW_CMIP6,FGOALS-g3,RAINY,351011,LA_NINA,R20mm,1.167,1.4,0.233,20.0
RAW_CMIP6,FGOALS-g3,RAINY,351011,LA_NINA,R50mm,0.5,0.4,-0.1,-20.0
RAW_CMIP6,FGOALS-g3,RAINY,351011,LA_NINA,R95p,30.712,40.618,9.906,32.26
RAW_CMIP6,FGOALS-g3,RAINY,351011,LA_NINA,R99p,0.0,0.0,0.0,0.0
RAW_CMIP6,FGOALS-g3,RAINY,351011,LA_NINA,CDD,41.167,29.8,-11.367,-27.61
RAW_CMIP6,FGOALS-g3,RAINY,351011,LA_NINA,CWD,4.833,4.6,-0.233,-4.83
RAW_CMIP6,FGOALS-g3,RAINY,351012,EL_NINO,PRCPTOT,144.195,147.025,2.83,1.96
RAW_CMIP6,FGOALS-g3,RAINY,351012,EL_NINO,wet_day_freq,12.862,10.87,-1.992,-15.49
RAW_CMIP6,FGOALS-g3,RAINY,351012,EL_NINO,SDII,6.818,7.015,0.197,2.88
RAW_CMIP6,FGOALS-g3,RAINY,351012,EL_NINO,Rx1day,38.237,30.37,-7.867,-20.57
RAW_CMIP6,FGOALS-g3,RAINY,351012,EL_NINO,Rx5day,51.143,68.495,17.352,33.93
RAW_CMIP6,FGOALS-g3,RAINY,351012,EL_NINO,R20mm,1.167,1.0,-0.167,-14.29
RAW_CMIP6,FGOALS-g3,RAINY,351012,EL_NINO,R50mm,0.5,1.0,0.5,100.0
RAW_CMIP6,FGOALS-g3,RAINY,351012,EL_NINO,R95p,30.712,52.73,22.018,71.69
RAW_CMIP6,FGOALS-g3,RAINY,351012,EL_NINO,R99p,0.0,0.0,0.0,0.0
RAW_CMIP6,FGOALS-g3,RAINY,351012,EL_NINO,CDD,41.167,36.5,-4.667,-11.34
RAW_CMIP6,FGOALS-g3,RAINY,351012,EL_NINO,CWD,4.833,3.0,-1.833,-37.93
RAW_CMIP6,FGOALS-g3,RAINY,351012,LA_NINA,PRCPTOT,144.195,166.922,22.727,15.76
RAW_CMIP6,FGOALS-g3,RAINY,351012,LA_NINA,wet_day_freq,12.862,13.804,0.942,7.33
RAW_CMIP6,FGOALS-g3,RAINY,351012,LA_NINA,SDII,6.818,6.478,-0.34,-4.99
RAW_CMIP6,FGOALS-g3,RAINY,351012,LA_NINA,Rx1day,38.237,35.18,-3.057,-7.99
RAW_CMIP6,FGOALS-g3,RAINY,351012,LA_NINA,Rx5day,51.143,60.104,8.961,17.52
RAW_CMIP6,FGOALS-g3,RAINY,351012,LA_NINA,R20mm,1.167,1.4,0.233,20.0
RAW_CMIP6,FGOALS-g3,RAINY,351012,LA_NINA,R50mm,0.5,0.4,-0.1,-20.0
RAW_CMIP6,FGOALS-g3,RAINY,351012,LA_NINA,R95p,30.712,40.618,9.906,32.26
RAW_CMIP6,FGOALS-g3,RAINY,351012,LA_NINA,R99p,0.0,0.0,0.0,0.0
RAW_CMIP6,FGOALS-g3,RAINY,351012,LA_NINA,CDD,41.167,29.8,-11.367,-27.61
RAW_CMIP6,FGOALS-g3,RAINY,351012,LA_NINA,CWD,4.833,4.6,-0.233,-4.83
RAW_CMIP6,FGOALS-g3,RAINY,351201,EL_NINO,PRCPTOT,144.195,147.025,2.83,1.96
RAW_CMIP6,FGOALS-g3,RAINY,351201,EL_NINO,wet_day_freq,12.862,10.87,-1.992,-15.49
RAW_CMIP6,FGOALS-g3,RAINY,351201,EL_NINO,SDII,6.818,7.015,0.197,2.88
RAW_CMIP6,FGOALS-g3,RAINY,351201,EL_NINO,Rx1day,38.237,30.37,-7.867,-20.57
RAW_CMIP6,FGOALS-g3,RAINY,351201,EL_NINO,Rx5day,51.143,68.495,17.352,33.93
RAW_CMIP6,FGOALS-g3,RAINY,351201,EL_NINO,R20mm,1.167,1.0,-0.167,-14.29
RAW_CMIP6,FGOALS-g3,RAINY,351201,EL_NINO,R50mm,0.5,1.0,0.5,100.0
RAW_CMIP6,FGOALS-g3,RAINY,351201,EL_NINO,R95p,30.712,52.73,22.018,71.69
RAW_CMIP6,FGOALS-g3,RAINY,351201,EL_NINO,R99p,0.0,0.0,0.0,0.0
RAW_CMIP6,FGOALS-g3,RAINY,351201,EL_NINO,CDD,41.167,36.5,-4.667,-11.34
RAW_CMIP6,FGOALS-g3,RAINY,351201,EL_NINO,CWD,4.833,3.0,-1.833,-37.93
RAW_CMIP6,FGOALS-g3,RAINY,351201,LA_NINA,PRCPTOT,144.195,166.922,22.727,15.76
RAW_CMIP6,FGOALS-g3,RAINY,351201,LA_NINA,wet_day_freq,12.862,13.804,0.942,7.33
RAW_CMIP6,FGOALS-g3,RAINY,351201,LA_NINA,SDII,6.818,6.478,-0.34,-4.99
RAW_CMIP6,FGOALS-g3,RAINY,351201,LA_NINA,Rx1day,38.237,35.18,-3.057,-7.99
RAW_CMIP6,FGOALS-g3,RAINY,351201,LA_NINA,Rx5day,51.143,60.104,8.961,17.52
RAW_CMIP6,FGOALS-g3,RAINY,351201,LA_NINA,R20mm,1.167,1.4,0.233,20.0
RAW_CMIP6,FGOALS-g3,RAINY,351201,LA_NINA,R50mm,0.5,0.4,-0.1,-20.0
RAW_CMIP6,FGOALS-g3,RAINY,351201,LA_NINA,R95p,30.712,40.618,9.906,32.26
RAW_CMIP6,FGOALS-g3,RAINY,351201,LA_NINA,R99p,0.0,0.0,0.0,0.0
RAW_CMIP6,FGOALS-g3,RAINY,351201,LA_NINA,CDD,41.167,29.8,-11.367,-27.61
RAW_CMIP6,FGOALS-g3,RAINY,351201,LA_NINA,CWD,4.833,4.6,-0.233,-4.83
RAW_CMIP6,MIROC6,HOT_DRY,351001,EL_NINO,PRCPTOT,236.976,430.43,193.454,81.63
RAW_CMIP6,MIROC6,HOT_DRY,351001,EL_NINO,wet_day_freq,24.062,28.177,4.115,17.1
RAW_CMIP6,MIROC6,HOT_DRY,351001,EL_NINO,SDII,5.402,8.373,2.971,54.99
RAW_CMIP6,MIROC6,HOT_DRY,351001,EL_NINO,Rx1day,23.244,49.237,25.993,111.83
RAW_CMIP6,MIROC6,HOT_DRY,351001,EL_NINO,Rx5day,50.34,104.295,53.955,107.18
RAW_CMIP6,MIROC6,HOT_DRY,351001,EL_NINO,R20mm,0.8,4.75,3.95,493.75
RAW_CMIP6,MIROC6,HOT_DRY,351001,EL_NINO,R50mm,0.0,0.25,0.25,0.0
RAW_CMIP6,MIROC6,HOT_DRY,351001,EL_NINO,R95p,0.0,28.555,28.555,0.0
RAW_CMIP6,MIROC6,HOT_DRY,351001,EL_NINO,R99p,0.0,0.0,0.0,0.0
RAW_CMIP6,MIROC6,HOT_DRY,351001,EL_NINO,CDD,36.6,41.5,4.9,13.39
RAW_CMIP6,MIROC6,HOT_DRY,351001,EL_NINO,CWD,5.4,8.5,3.1,57.41
RAW_CMIP6,MIROC6,HOT_DRY,351001,LA_NINA,PRCPTOT,236.976,422.093,185.117,78.12
RAW_CMIP6,MIROC6,HOT_DRY,351001,LA_NINA,wet_day_freq,24.062,28.29,4.228,17.57
RAW_CMIP6,MIROC6,HOT_DRY,351001,LA_NINA,SDII,5.402,8.116,2.714,50.23
RAW_CMIP6,MIROC6,HOT_DRY,351001,LA_NINA,Rx1day,23.244,51.762,28.518,122.69
RAW_CMIP6,MIROC6,HOT_DRY,351001,LA_NINA,Rx5day,50.34,112.399,62.059,123.28
RAW_CMIP6,MIROC6,HOT_DRY,351001,LA_NINA,R20mm,0.8,5.111,4.311,538.89
RAW_CMIP6,MIROC6,HOT_DRY,351001,LA_NINA,R50mm,0.0,0.667,0.667,0.0
RAW_CMIP6,MIROC6,HOT_DRY,351001,LA_NINA,R95p,0.0,75.354,75.354,0.0
RAW_CMIP6,MIROC6,HOT_DRY,351001,LA_NINA,R99p,0.0,11.121,11.121,0.0
RAW_CMIP6,MIROC6,HOT_DRY,351001,LA_NINA,CDD,36.6,29.333,-7.267,-19.85
RAW_CMIP6,MIROC6,HOT_DRY,351001,LA_NINA,CWD,5.4,9.556,4.156,76.95
RAW_CMIP6,MIROC6,HOT_DRY,351002,EL_NINO,PRCPTOT,236.976,430.43,193.454,81.63
RAW_CMIP6,MIROC6,HOT_DRY,351002,EL_NINO,wet_day_freq,24.062,28.177,4.115,17.1
RAW_CMIP6,MIROC6,HOT_DRY,351002,EL_NINO,SDII,5.402,8.373,2.971,54.99
RAW_CMIP6,MIROC6,HOT_DRY,351002,EL_NINO,Rx1day,23.244,49.237,25.993,111.83
RAW_CMIP6,MIROC6,HOT_DRY,351002,EL_NINO,Rx5day,50.34,104.295,53.955,107.18
RAW_CMIP6,MIROC6,HOT_DRY,351002,EL_NINO,R20mm,0.8,4.75,3.95,493.75
RAW_CMIP6,MIROC6,HOT_DRY,351002,EL_NINO,R50mm,0.0,0.25,0.25,0.0
RAW_CMIP6,MIROC6,HOT_DRY,351002,EL_NINO,R95p,0.0,39.233,39.233,0.0
RAW_CMIP6,MIROC6,HOT_DRY,351002,EL_NINO,R99p,0.0,0.0,0.0,0.0
RAW_CMIP6,MIROC6,HOT_DRY,351002,EL_NINO,CDD,36.6,41.5,4.9,13.39
RAW_CMIP6,MIROC6,HOT_DRY,351002,EL_NINO,CWD,5.4,8.5,3.1,57.41
RAW_CMIP6,MIROC6,HOT_DRY,351002,LA_NINA,PRCPTOT,236.976,422.093,185.117,78.12
RAW_CMIP6,MIROC6,HOT_DRY,351002,LA_NINA,wet_day_freq,24.062,28.29,4.228,17.57
RAW_CMIP6,MIROC6,HOT_DRY,351002,LA_NINA,SDII,5.402,8.116,2.714,50.23
RAW_CMIP6,MIROC6,HOT_DRY,351002,LA_NINA,Rx1day,23.244,51.762,28.518,122.69
RAW_CMIP6,MIROC6,HOT_DRY,351002,LA_NINA,Rx5day,50.34,112.399,62.059,123.28
RAW_CMIP6,MIROC6,HOT_DRY,351002,LA_NINA,R20mm,0.8,5.111,4.311,538.89
RAW_CMIP6,MIROC6,HOT_DRY,351002,LA_NINA,R50mm,0.0,0.667,0.667,0.0
RAW_CMIP6,MIROC6,HOT_DRY,351002,LA_NINA,R95p,0.0,80.02,80.02,0.0
RAW_CMIP6,MIROC6,HOT_DRY,351002,LA_NINA,R99p,0.0,11.121,11.121,0.0
RAW_CMIP6,MIROC6,HOT_DRY,351002,LA_NINA,CDD,36.6,29.333,-7.267,-19.85
RAW_CMIP6,MIROC6,HOT_DRY,351002,LA_NINA,CWD,5.4,9.556,4.156,76.95
RAW_CMIP6,MIROC6,HOT_DRY,351003,EL_NINO,PRCPTOT,225.89,356.272,130.382,57.72
RAW_CMIP6,MIROC6,HOT_DRY,351003,EL_NINO,wet_day_freq,24.946,28.312,3.366,13.5
RAW_CMIP6,MIROC6,HOT_DRY,351003,EL_NINO,SDII,4.976,6.74,1.764,35.45
RAW_CMIP6,MIROC6,HOT_DRY,351003,EL_NINO,Rx1day,26.152,42.585,16.433,62.84
RAW_CMIP6,MIROC6,HOT_DRY,351003,EL_NINO,Rx5day,53.538,92.65,39.112,73.05
RAW_CMIP6,MIROC6,HOT_DRY,351003,EL_NINO,R20mm,1.4,2.75,1.35,96.43
RAW_CMIP6,MIROC6,HOT_DRY,351003,EL_NINO,R50mm,0.0,0.25,0.25,0.0
RAW_CMIP6,MIROC6,HOT_DRY,351003,EL_NINO,R95p,0.0,28.013,28.013,0.0
RAW_CMIP6,MIROC6,HOT_DRY,351003,EL_NINO,R99p,0.0,0.0,0.0,0.0
RAW_CMIP6,MIROC6,HOT_DRY,351003,EL_NINO,CDD,37.2,29.5,-7.7,-20.7
RAW_CMIP6,MIROC6,HOT_DRY,351003,EL_NINO,CWD,6.6,8.5,1.9,28.79
RAW_CMIP6,MIROC6,HOT_DRY,351003,LA_NINA,PRCPTOT,225.89,382.248,156.358,69.22
RAW_CMIP6,MIROC6,HOT_DRY,351003,LA_NINA,wet_day_freq,24.946,27.187,2.241,8.98
RAW_CMIP6,MIROC6,HOT_DRY,351003,LA_NINA,SDII,4.976,7.607,2.631,52.87
RAW_CMIP6,MIROC6,HOT_DRY,351003,LA_NINA,Rx1day,26.152,42.632,16.48,63.02
RAW_CMIP6,MIROC6,HOT_DRY,351003,LA_NINA,Rx5day,53.538,102.108,48.57,90.72
RAW_CMIP6,MIROC6,HOT_DRY,351003,LA_NINA,R20mm,1.4,4.667,3.267,233.33
RAW_CMIP6,MIROC6,HOT_DRY,351003,LA_NINA,R50mm,0.0,0.556,0.556,0.0
RAW_CMIP6,MIROC6,HOT_DRY,351003,LA_NINA,R95p,0.0,42.526,42.526,0.0
RAW_CMIP6,MIROC6,HOT_DRY,351003,LA_NINA,R99p,0.0,9.38,9.38,0.0
RAW_CMIP6,MIROC6,HOT_DRY,351003,LA_NINA,CDD,37.2,31.0,-6.2,-16.67
RAW_CMIP6,MIROC6,HOT_DRY,351003,LA_NINA,CWD,6.6,8.667,2.067,31.31
RAW_CMIP6,MIROC6,HOT_DRY,351004,EL_NINO,PRCPTOT,236.976,430.43,193.454,81.63
RAW_CMIP6,MIROC6,HOT_DRY,351004,EL_NINO,wet_day_freq,24.062,28.177,4.115,17.1
RAW_CMIP6,MIROC6,HOT_DRY,351004,EL_NINO,SDII,5.402,8.373,2.971,54.99
RAW_CMIP6,MIROC6,HOT_DRY,351004,EL_NINO,Rx1day,23.244,49.237,25.993,111.83
RAW_CMIP6,MIROC6,HOT_DRY,351004,EL_NINO,Rx5day,50.34,104.295,53.955,107.18
RAW_CMIP6,MIROC6,HOT_DRY,351004,EL_NINO,R20mm,0.8,4.75,3.95,493.75
RAW_CMIP6,MIROC6,HOT_DRY,351004,EL_NINO,R50mm,0.0,0.25,0.25,0.0
RAW_CMIP6,MIROC6,HOT_DRY,351004,EL_NINO,R95p,0.0,39.233,39.233,0.0
RAW_CMIP6,MIROC6,HOT_DRY,351004,EL_NINO,R99p,0.0,0.0,0.0,0.0
RAW_CMIP6,MIROC6,HOT_DRY,351004,EL_NINO,CDD,36.6,41.5,4.9,13.39
RAW_CMIP6,MIROC6,HOT_DRY,351004,EL_NINO,CWD,5.4,8.5,3.1,57.41
RAW_CMIP6,MIROC6,HOT_DRY,351004,LA_NINA,PRCPTOT,236.976,422.093,185.117,78.12
RAW_CMIP6,MIROC6,HOT_DRY,351004,LA_NINA,wet_day_freq,24.062,28.29,4.228,17.57
RAW_CMIP6,MIROC6,HOT_DRY,351004,LA_NINA,SDII,5.402,8.116,2.714,50.23
RAW_CMIP6,MIROC6,HOT_DRY,351004,LA_NINA,Rx1day,23.244,51.762,28.518,122.69
RAW_CMIP6,MIROC6,HOT_DRY,351004,LA_NINA,Rx5day,50.34,112.399,62.059,123.28
RAW_CMIP6,MIROC6,HOT_DRY,351004,LA_NINA,R20mm,0.8,5.111,4.311,538.89
RAW_CMIP6,MIROC6,HOT_DRY,351004,LA_NINA,R50mm,0.0,0.667,0.667,0.0
RAW_CMIP6,MIROC6,HOT_DRY,351004,LA_NINA,R95p,0.0,75.354,75.354,0.0
RAW_CMIP6,MIROC6,HOT_DRY,351004,LA_NINA,R99p,0.0,11.121,11.121,0.0
RAW_CMIP6,MIROC6,HOT_DRY,351004,LA_NINA,CDD,36.6,29.333,-7.267,-19.85
RAW_CMIP6,MIROC6,HOT_DRY,351004,LA_NINA,CWD,5.4,9.556,4.156,76.95
RAW_CMIP6,MIROC6,HOT_DRY,351005,EL_NINO,PRCPTOT,236.976,430.43,193.454,81.63
RAW_CMIP6,MIROC6,HOT_DRY,351005,EL_NINO,wet_day_freq,24.062,28.177,4.115,17.1
RAW_CMIP6,MIROC6,HOT_DRY,351005,EL_NINO,SDII,5.402,8.373,2.971,54.99
RAW_CMIP6,MIROC6,HOT_DRY,351005,EL_NINO,Rx1day,23.244,49.237,25.993,111.83
RAW_CMIP6,MIROC6,HOT_DRY,351005,EL_NINO,Rx5day,50.34,104.295,53.955,107.18
RAW_CMIP6,MIROC6,HOT_DRY,351005,EL_NINO,R20mm,0.8,4.75,3.95,493.75
RAW_CMIP6,MIROC6,HOT_DRY,351005,EL_NINO,R50mm,0.0,0.25,0.25,0.0
RAW_CMIP6,MIROC6,HOT_DRY,351005,EL_NINO,R95p,0.0,49.237,49.237,0.0
RAW_CMIP6,MIROC6,HOT_DRY,351005,EL_NINO,R99p,0.0,0.0,0.0,0.0
RAW_CMIP6,MIROC6,HOT_DRY,351005,EL_NINO,CDD,36.6,41.5,4.9,13.39
RAW_CMIP6,MIROC6,HOT_DRY,351005,EL_NINO,CWD,5.4,8.5,3.1,57.41
RAW_CMIP6,MIROC6,HOT_DRY,351005,LA_NINA,PRCPTOT,236.976,422.093,185.117,78.12
RAW_CMIP6,MIROC6,HOT_DRY,351005,LA_NINA,wet_day_freq,24.062,28.29,4.228,17.57
RAW_CMIP6,MIROC6,HOT_DRY,351005,LA_NINA,SDII,5.402,8.116,2.714,50.23
RAW_CMIP6,MIROC6,HOT_DRY,351005,LA_NINA,Rx1day,23.244,51.762,28.518,122.69
RAW_CMIP6,MIROC6,HOT_DRY,351005,LA_NINA,Rx5day,50.34,112.399,62.059,123.28
RAW_CMIP6,MIROC6,HOT_DRY,351005,LA_NINA,R20mm,0.8,5.111,4.311,538.89
RAW_CMIP6,MIROC6,HOT_DRY,351005,LA_NINA,R50mm,0.0,0.667,0.667,0.0
RAW_CMIP6,MIROC6,HOT_DRY,351005,LA_NINA,R95p,0.0,80.02,80.02,0.0
RAW_CMIP6,MIROC6,HOT_DRY,351005,LA_NINA,R99p,0.0,11.121,11.121,0.0
RAW_CMIP6,MIROC6,HOT_DRY,351005,LA_NINA,CDD,36.6,29.333,-7.267,-19.85
RAW_CMIP6,MIROC6,HOT_DRY,351005,LA_NINA,CWD,5.4,9.556,4.156,76.95
RAW_CMIP6,MIROC6,HOT_DRY,351006,EL_NINO,PRCPTOT,225.89,356.272,130.382,57.72
RAW_CMIP6,MIROC6,HOT_DRY,351006,EL_NINO,wet_day_freq,24.946,28.312,3.366,13.5
RAW_CMIP6,MIROC6,HOT_DRY,351006,EL_NINO,SDII,4.976,6.74,1.764,35.45
RAW_CMIP6,MIROC6,HOT_DRY,351006,EL_NINO,Rx1day,26.152,42.585,16.433,62.84
RAW_CMIP6,MIROC6,HOT_DRY,351006,EL_NINO,Rx5day,53.538,92.65,39.112,73.05
RAW_CMIP6,MIROC6,HOT_DRY,351006,EL_NINO,R20mm,1.4,2.75,1.35,96.43
RAW_CMIP6,MIROC6,HOT_DRY,351006,EL_NINO,R50mm,0.0,0.25,0.25,0.0
RAW_CMIP6,MIROC6,HOT_DRY,351006,EL_NINO,R95p,39.894,93.838,53.944,135.22
RAW_CMIP6,MIROC6,HOT_DRY,351006,EL_NINO,R99p,0.0,28.013,28.013,0.0
RAW_CMIP6,MIROC6,HOT_DRY,351006,EL_NINO,CDD,37.2,29.5,-7.7,-20.7
RAW_CMIP6,MIROC6,HOT_DRY,351006,EL_NINO,CWD,6.6,8.5,1.9,28.79
RAW_CMIP6,MIROC6,HOT_DRY,351006,LA_NINA,PRCPTOT,225.89,382.248,156.358,69.22
RAW_CMIP6,MIROC6,HOT_DRY,351006,LA_NINA,wet_day_freq,24.946,27.187,2.241,8.98
RAW_CMIP6,MIROC6,HOT_DRY,351006,LA_NINA,SDII,4.976,7.607,2.631,52.87
RAW_CMIP6,MIROC6,HOT_DRY,351006,LA_NINA,Rx1day,26.152,42.632,16.48,63.02
RAW_CMIP6,MIROC6,HOT_DRY,351006,LA_NINA,Rx5day,53.538,102.108,48.57,90.72
RAW_CMIP6,MIROC6,HOT_DRY,351006,LA_NINA,R20mm,1.4,4.667,3.267,233.33
RAW_CMIP6,MIROC6,HOT_DRY,351006,LA_NINA,R50mm,0.0,0.556,0.556,0.0
RAW_CMIP6,MIROC6,HOT_DRY,351006,LA_NINA,R95p,39.894,153.748,113.854,285.39
RAW_CMIP6,MIROC6,HOT_DRY,351006,LA_NINA,R99p,0.0,68.071,68.071,0.0
RAW_CMIP6,MIROC6,HOT_DRY,351006,LA_NINA,CDD,37.2,31.0,-6.2,-16.67
RAW_CMIP6,MIROC6,HOT_DRY,351006,LA_NINA,CWD,6.6,8.667,2.067,31.31
RAW_CMIP6,MIROC6,HOT_DRY,351007,EL_NINO,PRCPTOT,225.89,356.272,130.382,57.72
RAW_CMIP6,MIROC6,HOT_DRY,351007,EL_NINO,wet_day_freq,24.946,28.312,3.366,13.5
RAW_CMIP6,MIROC6,HOT_DRY,351007,EL_NINO,SDII,4.976,6.74,1.764,35.45
RAW_CMIP6,MIROC6,HOT_DRY,351007,EL_NINO,Rx1day,26.152,42.585,16.433,62.84
RAW_CMIP6,MIROC6,HOT_DRY,351007,EL_NINO,Rx5day,53.538,92.65,39.112,73.05
RAW_CMIP6,MIROC6,HOT_DRY,351007,EL_NINO,R20mm,1.4,2.75,1.35,96.43
RAW_CMIP6,MIROC6,HOT_DRY,351007,EL_NINO,R50mm,0.0,0.25,0.25,0.0
RAW_CMIP6,MIROC6,HOT_DRY,351007,EL_NINO,R95p,39.894,98.718,58.824,147.45
RAW_CMIP6,MIROC6,HOT_DRY,351007,EL_NINO,R99p,0.0,28.013,28.013,0.0
RAW_CMIP6,MIROC6,HOT_DRY,351007,EL_NINO,CDD,37.2,29.5,-7.7,-20.7
RAW_CMIP6,MIROC6,HOT_DRY,351007,EL_NINO,CWD,6.6,8.5,1.9,28.79
RAW_CMIP6,MIROC6,HOT_DRY,351007,LA_NINA,PRCPTOT,225.89,382.248,156.358,69.22
RAW_CMIP6,MIROC6,HOT_DRY,351007,LA_NINA,wet_day_freq,24.946,27.187,2.241,8.98
RAW_CMIP6,MIROC6,HOT_DRY,351007,LA_NINA,SDII,4.976,7.607,2.631,52.87
RAW_CMIP6,MIROC6,HOT_DRY,351007,LA_NINA,Rx1day,26.152,42.632,16.48,63.02
RAW_CMIP6,MIROC6,HOT_DRY,351007,LA_NINA,Rx5day,53.538,102.108,48.57,90.72
RAW_CMIP6,MIROC6,HOT_DRY,351007,LA_NINA,R20mm,1.4,4.667,3.267,233.33
RAW_CMIP6,MIROC6,HOT_DRY,351007,LA_NINA,R50mm,0.0,0.556,0.556,0.0
RAW_CMIP6,MIROC6,HOT_DRY,351007,LA_NINA,R95p,39.894,155.903,116.009,290.79
RAW_CMIP6,MIROC6,HOT_DRY,351007,LA_NINA,R99p,0.0,68.071,68.071,0.0
RAW_CMIP6,MIROC6,HOT_DRY,351007,LA_NINA,CDD,37.2,31.0,-6.2,-16.67
RAW_CMIP6,MIROC6,HOT_DRY,351007,LA_NINA,CWD,6.6,8.667,2.067,31.31
RAW_CMIP6,MIROC6,HOT_DRY,351008,EL_NINO,PRCPTOT,236.976,430.43,193.454,81.63
RAW_CMIP6,MIROC6,HOT_DRY,351008,EL_NINO,wet_day_freq,24.062,28.177,4.115,17.1
RAW_CMIP6,MIROC6,HOT_DRY,351008,EL_NINO,SDII,5.402,8.373,2.971,54.99
RAW_CMIP6,MIROC6,HOT_DRY,351008,EL_NINO,Rx1day,23.244,49.237,25.993,111.83
RAW_CMIP6,MIROC6,HOT_DRY,351008,EL_NINO,Rx5day,50.34,104.295,53.955,107.18
RAW_CMIP6,MIROC6,HOT_DRY,351008,EL_NINO,R20mm,0.8,4.75,3.95,493.75
RAW_CMIP6,MIROC6,HOT_DRY,351008,EL_NINO,R50mm,0.0,0.25,0.25,0.0
RAW_CMIP6,MIROC6,HOT_DRY,351008,EL_NINO,R95p,26.824,164.03,137.206,511.5
RAW_CMIP6,MIROC6,HOT_DRY,351008,EL_NINO,R99p,0.0,59.112,59.112,0.0
RAW_CMIP6,MIROC6,HOT_DRY,351008,EL_NINO,CDD,36.6,41.5,4.9,13.39
RAW_CMIP6,MIROC6,HOT_DRY,351008,EL_NINO,CWD,5.4,8.5,3.1,57.41
RAW_CMIP6,MIROC6,HOT_DRY,351008,LA_NINA,PRCPTOT,236.976,422.093,185.117,78.12
RAW_CMIP6,MIROC6,HOT_DRY,351008,LA_NINA,wet_day_freq,24.062,28.29,4.228,17.57
RAW_CMIP6,MIROC6,HOT_DRY,351008,LA_NINA,SDII,5.402,8.116,2.714,50.23
RAW_CMIP6,MIROC6,HOT_DRY,351008,LA_NINA,Rx1day,23.244,51.762,28.518,122.69
RAW_CMIP6,MIROC6,HOT_DRY,351008,LA_NINA,Rx5day,50.34,112.399,62.059,123.28
RAW_CMIP6,MIROC6,HOT_DRY,351008,LA_NINA,R20mm,0.8,5.111,4.311,538.89
RAW_CMIP6,MIROC6,HOT_DRY,351008,LA_NINA,R50mm,0.0,0.667,0.667,0.0
RAW_CMIP6,MIROC6,HOT_DRY,351008,LA_NINA,R95p,26.824,191.517,164.693,613.98
RAW_CMIP6,MIROC6,HOT_DRY,351008,LA_NINA,R99p,0.0,84.388,84.388,0.0
RAW_CMIP6,MIROC6,HOT_DRY,351008,LA_NINA,CDD,36.6,29.333,-7.267,-19.85
RAW_CMIP6,MIROC6,HOT_DRY,351008,LA_NINA,CWD,5.4,9.556,4.156,76.95
RAW_CMIP6,MIROC6,HOT_DRY,351009,EL_NINO,PRCPTOT,236.976,430.43,193.454,81.63
RAW_CMIP6,MIROC6,HOT_DRY,351009,EL_NINO,wet_day_freq,24.062,28.177,4.115,17.1
RAW_CMIP6,MIROC6,HOT_DRY,351009,EL_NINO,SDII,5.402,8.373,2.971,54.99
RAW_CMIP6,MIROC6,HOT_DRY,351009,EL_NINO,Rx1day,23.244,49.237,25.993,111.83
RAW_CMIP6,MIROC6,HOT_DRY,351009,EL_NINO,Rx5day,50.34,104.295,53.955,107.18
RAW_CMIP6,MIROC6,HOT_DRY,351009,EL_NINO,R20mm,0.8,4.75,3.95,493.75
RAW_CMIP6,MIROC6,HOT_DRY,351009,EL_NINO,R50mm,0.0,0.25,0.25,0.0
RAW_CMIP6,MIROC6,HOT_DRY,351009,EL_NINO,R95p,63.466,240.493,177.026,278.93
RAW_CMIP6,MIROC6,HOT_DRY,351009,EL_NINO,R99p,23.008,149.602,126.594,550.22
RAW_CMIP6,MIROC6,HOT_DRY,351009,EL_NINO,CDD,36.6,41.5,4.9,13.39
RAW_CMIP6,MIROC6,HOT_DRY,351009,EL_NINO,CWD,5.4,8.5,3.1,57.41
RAW_CMIP6,MIROC6,HOT_DRY,351009,LA_NINA,PRCPTOT,236.976,422.093,185.117,78.12
RAW_CMIP6,MIROC6,HOT_DRY,351009,LA_NINA,wet_day_freq,24.062,28.29,4.228,17.57
RAW_CMIP6,MIROC6,HOT_DRY,351009,LA_NINA,SDII,5.402,8.116,2.714,50.23
RAW_CMIP6,MIROC6,HOT_DRY,351009,LA_NINA,Rx1day,23.244,51.762,28.518,122.69
RAW_CMIP6,MIROC6,HOT_DRY,351009,LA_NINA,Rx5day,50.34,112.399,62.059,123.28
RAW_CMIP6,MIROC6,HOT_DRY,351009,LA_NINA,R20mm,0.8,5.111,4.311,538.89
RAW_CMIP6,MIROC6,HOT_DRY,351009,LA_NINA,R50mm,0.0,0.667,0.667,0.0
RAW_CMIP6,MIROC6,HOT_DRY,351009,LA_NINA,R95p,63.466,229.98,166.514,262.37
RAW_CMIP6,MIROC6,HOT_DRY,351009,LA_NINA,R99p,23.008,180.846,157.838,686.01
RAW_CMIP6,MIROC6,HOT_DRY,351009,LA_NINA,CDD,36.6,29.333,-7.267,-19.85
RAW_CMIP6,MIROC6,HOT_DRY,351009,LA_NINA,CWD,5.4,9.556,4.156,76.95
RAW_CMIP6,MIROC6,HOT_DRY,351010,EL_NINO,PRCPTOT,225.89,356.272,130.382,57.72
RAW_CMIP6,MIROC6,HOT_DRY,351010,EL_NINO,wet_day_freq,24.946,28.312,3.366,13.5
RAW_CMIP6,MIROC6,HOT_DRY,351010,EL_NINO,SDII,4.976,6.74,1.764,35.45
RAW_CMIP6,MIROC6,HOT_DRY,351010,EL_NINO,Rx1day,26.152,42.585,16.433,62.84
RAW_CMIP6,MIROC6,HOT_DRY,351010,EL_NINO,Rx5day,53.538,92.65,39.112,73.05
RAW_CMIP6,MIROC6,HOT_DRY,351010,EL_NINO,R20mm,1.4,2.75,1.35,96.43
RAW_CMIP6,MIROC6,HOT_DRY,351010,EL_NINO,R50mm,0.0,0.25,0.25,0.0
RAW_CMIP6,MIROC6,HOT_DRY,351010,EL_NINO,R95p,55.538,145.205,89.667,161.45
RAW_CMIP6,MIROC6,HOT_DRY,351010,EL_NINO,R99p,31.71,83.665,51.955,163.84
RAW_CMIP6,MIROC6,HOT_DRY,351010,EL_NINO,CDD,37.2,29.5,-7.7,-20.7
RAW_CMIP6,MIROC6,HOT_DRY,351010,EL_NINO,CWD,6.6,8.5,1.9,28.79
RAW_CMIP6,MIROC6,HOT_DRY,351010,LA_NINA,PRCPTOT,225.89,382.248,156.358,69.22
RAW_CMIP6,MIROC6,HOT_DRY,351010,LA_NINA,wet_day_freq,24.946,27.187,2.241,8.98
RAW_CMIP6,MIROC6,HOT_DRY,351010,LA_NINA,SDII,4.976,7.607,2.631,52.87
RAW_CMIP6,MIROC6,HOT_DRY,351010,LA_NINA,Rx1day,26.152,42.632,16.48,63.02
RAW_CMIP6,MIROC6,HOT_DRY,351010,LA_NINA,Rx5day,53.538,102.108,48.57,90.72
RAW_CMIP6,MIROC6,HOT_DRY,351010,LA_NINA,R20mm,1.4,4.667,3.267,233.33
RAW_CMIP6,MIROC6,HOT_DRY,351010,LA_NINA,R50mm,0.0,0.556,0.556,0.0
RAW_CMIP6,MIROC6,HOT_DRY,351010,LA_NINA,R95p,55.538,187.983,132.445,238.48
RAW_CMIP6,MIROC6,HOT_DRY,351010,LA_NINA,R99p,31.71,149.068,117.358,370.1
RAW_CMIP6,MIROC6,HOT_DRY,351010,LA_NINA,CDD,37.2,31.0,-6.2,-16.67
RAW_CMIP6,MIROC6,HOT_DRY,351010,LA_NINA,CWD,6.6,8.667,2.067,31.31
RAW_CMIP6,MIROC6,HOT_DRY,351011,EL_NINO,PRCPTOT,236.976,430.43,193.454,81.63
RAW_CMIP6,MIROC6,HOT_DRY,351011,EL_NINO,wet_day_freq,24.062,28.177,4.115,17.1
RAW_CMIP6,MIROC6,HOT_DRY,351011,EL_NINO,SDII,5.402,8.373,2.971,54.99
RAW_CMIP6,MIROC6,HOT_DRY,351011,EL_NINO,Rx1day,23.244,49.237,25.993,111.83
RAW_CMIP6,MIROC6,HOT_DRY,351011,EL_NINO,Rx5day,50.34,104.295,53.955,107.18
RAW_CMIP6,MIROC6,HOT_DRY,351011,EL_NINO,R20mm,0.8,4.75,3.95,493.75
RAW_CMIP6,MIROC6,HOT_DRY,351011,EL_NINO,R50mm,0.0,0.25,0.25,0.0
RAW_CMIP6,MIROC6,HOT_DRY,351011,EL_NINO,R95p,0.0,39.233,39.233,0.0
RAW_CMIP6,MIROC6,HOT_DRY,351011,EL_NINO,R99p,0.0,0.0,0.0,0.0
RAW_CMIP6,MIROC6,HOT_DRY,351011,EL_NINO,CDD,36.6,41.5,4.9,13.39
RAW_CMIP6,MIROC6,HOT_DRY,351011,EL_NINO,CWD,5.4,8.5,3.1,57.41
RAW_CMIP6,MIROC6,HOT_DRY,351011,LA_NINA,PRCPTOT,236.976,422.093,185.117,78.12
RAW_CMIP6,MIROC6,HOT_DRY,351011,LA_NINA,wet_day_freq,24.062,28.29,4.228,17.57
RAW_CMIP6,MIROC6,HOT_DRY,351011,LA_NINA,SDII,5.402,8.116,2.714,50.23
RAW_CMIP6,MIROC6,HOT_DRY,351011,LA_NINA,Rx1day,23.244,51.762,28.518,122.69
RAW_CMIP6,MIROC6,HOT_DRY,351011,LA_NINA,Rx5day,50.34,112.399,62.059,123.28
RAW_CMIP6,MIROC6,HOT_DRY,351011,LA_NINA,R20mm,0.8,5.111,4.311,538.89
RAW_CMIP6,MIROC6,HOT_DRY,351011,LA_NINA,R50mm,0.0,0.667,0.667,0.0
RAW_CMIP6,MIROC6,HOT_DRY,351011,LA_NINA,R95p,0.0,80.02,80.02,0.0
RAW_CMIP6,MIROC6,HOT_DRY,351011,LA_NINA,R99p,0.0,11.121,11.121,0.0
RAW_CMIP6,MIROC6,HOT_DRY,351011,LA_NINA,CDD,36.6,29.333,-7.267,-19.85
RAW_CMIP6,MIROC6,HOT_DRY,351011,LA_NINA,CWD,5.4,9.556,4.156,76.95
RAW_CMIP6,MIROC6,HOT_DRY,351012,EL_NINO,PRCPTOT,225.89,356.272,130.382,57.72
RAW_CMIP6,MIROC6,HOT_DRY,351012,EL_NINO,wet_day_freq,24.946,28.312,3.366,13.5
RAW_CMIP6,MIROC6,HOT_DRY,351012,EL_NINO,SDII,4.976,6.74,1.764,35.45
RAW_CMIP6,MIROC6,HOT_DRY,351012,EL_NINO,Rx1day,26.152,42.585,16.433,62.84
RAW_CMIP6,MIROC6,HOT_DRY,351012,EL_NINO,Rx5day,53.538,92.65,39.112,73.05
RAW_CMIP6,MIROC6,HOT_DRY,351012,EL_NINO,R20mm,1.4,2.75,1.35,96.43
RAW_CMIP6,MIROC6,HOT_DRY,351012,EL_NINO,R50mm,0.0,0.25,0.25,0.0
RAW_CMIP6,MIROC6,HOT_DRY,351012,EL_NINO,R95p,0.0,28.013,28.013,0.0
RAW_CMIP6,MIROC6,HOT_DRY,351012,EL_NINO,R99p,0.0,0.0,0.0,0.0
RAW_CMIP6,MIROC6,HOT_DRY,351012,EL_NINO,CDD,37.2,29.5,-7.7,-20.7
RAW_CMIP6,MIROC6,HOT_DRY,351012,EL_NINO,CWD,6.6,8.5,1.9,28.79
RAW_CMIP6,MIROC6,HOT_DRY,351012,LA_NINA,PRCPTOT,225.89,382.248,156.358,69.22
RAW_CMIP6,MIROC6,HOT_DRY,351012,LA_NINA,wet_day_freq,24.946,27.187,2.241,8.98
RAW_CMIP6,MIROC6,HOT_DRY,351012,LA_NINA,SDII,4.976,7.607,2.631,52.87
RAW_CMIP6,MIROC6,HOT_DRY,351012,LA_NINA,Rx1day,26.152,42.632,16.48,63.02
RAW_CMIP6,MIROC6,HOT_DRY,351012,LA_NINA,Rx5day,53.538,102.108,48.57,90.72
RAW_CMIP6,MIROC6,HOT_DRY,351012,LA_NINA,R20mm,1.4,4.667,3.267,233.33
RAW_CMIP6,MIROC6,HOT_DRY,351012,LA_NINA,R50mm,0.0,0.556,0.556,0.0
RAW_CMIP6,MIROC6,HOT_DRY,351012,LA_NINA,R95p,0.0,33.28,33.28,0.0
RAW_CMIP6,MIROC6,HOT_DRY,351012,LA_NINA,R99p,0.0,0.0,0.0,0.0
RAW_CMIP6,MIROC6,HOT_DRY,351012,LA_NINA,CDD,37.2,31.0,-6.2,-16.67
RAW_CMIP6,MIROC6,HOT_DRY,351012,LA_NINA,CWD,6.6,8.667,2.067,31.31
RAW_CMIP6,MIROC6,HOT_DRY,351201,EL_NINO,PRCPTOT,236.976,430.43,193.454,81.63
RAW_CMIP6,MIROC6,HOT_DRY,351201,EL_NINO,wet_day_freq,24.062,28.177,4.115,17.1
RAW_CMIP6,MIROC6,HOT_DRY,351201,EL_NINO,SDII,5.402,8.373,2.971,54.99
RAW_CMIP6,MIROC6,HOT_DRY,351201,EL_NINO,Rx1day,23.244,49.237,25.993,111.83
RAW_CMIP6,MIROC6,HOT_DRY,351201,EL_NINO,Rx5day,50.34,104.295,53.955,107.18
RAW_CMIP6,MIROC6,HOT_DRY,351201,EL_NINO,R20mm,0.8,4.75,3.95,493.75
RAW_CMIP6,MIROC6,HOT_DRY,351201,EL_NINO,R50mm,0.0,0.25,0.25,0.0
RAW_CMIP6,MIROC6,HOT_DRY,351201,EL_NINO,R95p,0.0,49.237,49.237,0.0
RAW_CMIP6,MIROC6,HOT_DRY,351201,EL_NINO,R99p,0.0,0.0,0.0,0.0
RAW_CMIP6,MIROC6,HOT_DRY,351201,EL_NINO,CDD,36.6,41.5,4.9,13.39
RAW_CMIP6,MIROC6,HOT_DRY,351201,EL_NINO,CWD,5.4,8.5,3.1,57.41
RAW_CMIP6,MIROC6,HOT_DRY,351201,LA_NINA,PRCPTOT,236.976,422.093,185.117,78.12
RAW_CMIP6,MIROC6,HOT_DRY,351201,LA_NINA,wet_day_freq,24.062,28.29,4.228,17.57
RAW_CMIP6,MIROC6,HOT_DRY,351201,LA_NINA,SDII,5.402,8.116,2.714,50.23
RAW_CMIP6,MIROC6,HOT_DRY,351201,LA_NINA,Rx1day,23.244,51.762,28.518,122.69
RAW_CMIP6,MIROC6,HOT_DRY,351201,LA_NINA,Rx5day,50.34,112.399,62.059,123.28
RAW_CMIP6,MIROC6,HOT_DRY,351201,LA_NINA,R20mm,0.8,5.111,4.311,538.89
RAW_CMIP6,MIROC6,HOT_DRY,351201,LA_NINA,R50mm,0.0,0.667,0.667,0.0
RAW_CMIP6,MIROC6,HOT_DRY,351201,LA_NINA,R95p,0.0,80.02,80.02,0.0
RAW_CMIP6,MIROC6,HOT_DRY,351201,LA_NINA,R99p,0.0,11.121,11.121,0.0
RAW_CMIP6,MIROC6,HOT_DRY,351201,LA_NINA,CDD,36.6,29.333,-7.267,-19.85
RAW_CMIP6,MIROC6,HOT_DRY,351201,LA_NINA,CWD,5.4,9.556,4.156,76.95
RAW_CMIP6,MIROC6,RAINY,351001,EL_NINO,PRCPTOT,685.633,753.62,67.987,9.92
RAW_CMIP6,MIROC6,RAINY,351001,EL_NINO,wet_day_freq,52.083,54.075,1.992,3.82
RAW_CMIP6,MIROC6,RAINY,351001,EL_NINO,SDII,7.138,7.605,0.467,6.54
RAW_CMIP6,MIROC6,RAINY,351001,EL_NINO,Rx1day,58.077,55.905,-2.172,-3.74
RAW_CMIP6,MIROC6,RAINY,351001,EL_NINO,Rx5day,127.695,141.805,14.11,11.05
RAW_CMIP6,MIROC6,RAINY,351001,EL_NINO,R20mm,6.0,7.5,1.5,25.0
RAW_CMIP6,MIROC6,RAINY,351001,EL_NINO,R50mm,1.0,1.5,0.5,50.0
RAW_CMIP6,MIROC6,RAINY,351001,EL_NINO,R95p,112.303,85.21,-27.093,-24.13
RAW_CMIP6,MIROC6,RAINY,351001,EL_NINO,R99p,30.357,0.0,-30.357,-100.0
RAW_CMIP6,MIROC6,RAINY,351001,EL_NINO,CDD,10.5,11.5,1.0,9.52
RAW_CMIP6,MIROC6,RAINY,351001,EL_NINO,CWD,15.667,15.0,-0.667,-4.26
RAW_CMIP6,MIROC6,RAINY,351001,LA_NINA,PRCPTOT,685.633,725.004,39.371,5.74
RAW_CMIP6,MIROC6,RAINY,351001,LA_NINA,wet_day_freq,52.083,56.738,4.655,8.94
RAW_CMIP6,MIROC6,RAINY,351001,LA_NINA,SDII,7.138,6.92,-0.218,-3.06
RAW_CMIP6,MIROC6,RAINY,351001,LA_NINA,Rx1day,58.077,48.21,-9.867,-16.99
RAW_CMIP6,MIROC6,RAINY,351001,LA_NINA,Rx5day,127.695,107.27,-20.425,-16.0
RAW_CMIP6,MIROC6,RAINY,351001,LA_NINA,R20mm,6.0,7.0,1.0,16.67
RAW_CMIP6,MIROC6,RAINY,351001,LA_NINA,R50mm,1.0,0.4,-0.6,-60.0
RAW_CMIP6,MIROC6,RAINY,351001,LA_NINA,R95p,112.303,45.84,-66.463,-59.18
RAW_CMIP6,MIROC6,RAINY,351001,LA_NINA,R99p,30.357,0.0,-30.357,-100.0
RAW_CMIP6,MIROC6,RAINY,351001,LA_NINA,CDD,10.5,13.0,2.5,23.81
RAW_CMIP6,MIROC6,RAINY,351001,LA_NINA,CWD,15.667,16.4,0.733,4.68
RAW_CMIP6,MIROC6,RAINY,351002,EL_NINO,PRCPTOT,685.633,753.62,67.987,9.92
RAW_CMIP6,MIROC6,RAINY,351002,EL_NINO,wet_day_freq,52.083,54.075,1.992,3.82
RAW_CMIP6,MIROC6,RAINY,351002,EL_NINO,SDII,7.138,7.605,0.467,6.54
RAW_CMIP6,MIROC6,RAINY,351002,EL_NINO,Rx1day,58.077,55.905,-2.172,-3.74
RAW_CMIP6,MIROC6,RAINY,351002,EL_NINO,Rx5day,127.695,141.805,14.11,11.05
RAW_CMIP6,MIROC6,RAINY,351002,EL_NINO,R20mm,6.0,7.5,1.5,25.0
RAW_CMIP6,MIROC6,RAINY,351002,EL_NINO,R50mm,1.0,1.5,0.5,50.0
RAW_CMIP6,MIROC6,RAINY,351002,EL_NINO,R95p,132.932,105.725,-27.207,-20.47
RAW_CMIP6,MIROC6,RAINY,351002,EL_NINO,R99p,30.357,0.0,-30.357,-100.0
RAW_CMIP6,MIROC6,RAINY,351002,EL_NINO,CDD,10.5,11.5,1.0,9.52
RAW_CMIP6,MIROC6,RAINY,351002,EL_NINO,CWD,15.667,15.0,-0.667,-4.26
RAW_CMIP6,MIROC6,RAINY,351002,LA_NINA,PRCPTOT,685.633,725.004,39.371,5.74
RAW_CMIP6,MIROC6,RAINY,351002,LA_NINA,wet_day_freq,52.083,56.738,4.655,8.94
RAW_CMIP6,MIROC6,RAINY,351002,LA_NINA,SDII,7.138,6.92,-0.218,-3.06
RAW_CMIP6,MIROC6,RAINY,351002,LA_NINA,Rx1day,58.077,48.21,-9.867,-16.99
RAW_CMIP6,MIROC6,RAINY,351002,LA_NINA,Rx5day,127.695,107.27,-20.425,-16.0
RAW_CMIP6,MIROC6,RAINY,351002,LA_NINA,R20mm,6.0,7.0,1.0,16.67
RAW_CMIP6,MIROC6,RAINY,351002,LA_NINA,R50mm,1.0,0.4,-0.6,-60.0
RAW_CMIP6,MIROC6,RAINY,351002,LA_NINA,R95p,132.932,45.84,-87.092,-65.52
RAW_CMIP6,MIROC6,RAINY,351002,LA_NINA,R99p,30.357,0.0,-30.357,-100.0
RAW_CMIP6,MIROC6,RAINY,351002,LA_NINA,CDD,10.5,13.0,2.5,23.81
RAW_CMIP6,MIROC6,RAINY,351002,LA_NINA,CWD,15.667,16.4,0.733,4.68
RAW_CMIP6,MIROC6,RAINY,351003,EL_NINO,PRCPTOT,807.528,1022.08,214.552,26.57
RAW_CMIP6,MIROC6,RAINY,351003,EL_NINO,wet_day_freq,57.337,59.24,1.903,3.32
RAW_CMIP6,MIROC6,RAINY,351003,EL_NINO,SDII,7.627,9.4,1.773,23.25
RAW_CMIP6,MIROC6,RAINY,351003,EL_NINO,Rx1day,62.673,88.64,25.967,41.43
RAW_CMIP6,MIROC6,RAINY,351003,EL_NINO,Rx5day,139.93,204.34,64.41,46.03
RAW_CMIP6,MIROC6,RAINY,351003,EL_NINO,R20mm,8.5,12.5,4.0,47.06
RAW_CMIP6,MIROC6,RAINY,351003,EL_NINO,R50mm,1.333,2.5,1.167,87.5
RAW_CMIP6,MIROC6,RAINY,351003,EL_NINO,R95p,158.135,235.18,77.045,48.72
RAW_CMIP6,MIROC6,RAINY,351003,EL_NINO,R99p,54.362,103.265,48.903,89.96
RAW_CMIP6,MIROC6,RAINY,351003,EL_NINO,CDD,9.5,8.5,-1.0,-10.53
RAW_CMIP6,MIROC6,RAINY,351003,EL_NINO,CWD,17.833,14.0,-3.833,-21.5
RAW_CMIP6,MIROC6,RAINY,351003,LA_NINA,PRCPTOT,807.528,856.59,49.062,6.08
RAW_CMIP6,MIROC6,RAINY,351003,LA_NINA,wet_day_freq,57.337,60.87,3.533,6.16
RAW_CMIP6,MIROC6,RAINY,351003,LA_NINA,SDII,7.627,7.624,-0.003,-0.03
RAW_CMIP6,MIROC6,RAINY,351003,LA_NINA,Rx1day,62.673,51.802,-10.871,-17.35
RAW_CMIP6,MIROC6,RAINY,351003,LA_NINA,Rx5day,139.93,111.752,-28.178,-20.14
RAW_CMIP6,MIROC6,RAINY,351003,LA_NINA,R20mm,8.5,8.6,0.1,1.18
RAW_CMIP6,MIROC6,RAINY,351003,LA_NINA,R50mm,1.333,0.6,-0.733,-55.0
RAW_CMIP6,MIROC6,RAINY,351003,LA_NINA,R95p,158.135,57.436,-100.699,-63.68
RAW_CMIP6,MIROC6,RAINY,351003,LA_NINA,R99p,54.362,14.594,-39.768,-73.15
RAW_CMIP6,MIROC6,RAINY,351003,LA_NINA,CDD,9.5,10.0,0.5,5.26
RAW_CMIP6,MIROC6,RAINY,351003,LA_NINA,CWD,17.833,16.2,-1.633,-9.16
RAW_CMIP6,MIROC6,RAINY,351004,EL_NINO,PRCPTOT,685.633,753.62,67.987,9.92
RAW_CMIP6,MIROC6,RAINY,351004,EL_NINO,wet_day_freq,52.083,54.075,1.992,3.82
RAW_CMIP6,MIROC6,RAINY,351004,EL_NINO,SDII,7.138,7.605,0.467,6.54
RAW_CMIP6,MIROC6,RAINY,351004,EL_NINO,Rx1day,58.077,55.905,-2.172,-3.74
RAW_CMIP6,MIROC6,RAINY,351004,EL_NINO,Rx5day,127.695,141.805,14.11,11.05
RAW_CMIP6,MIROC6,RAINY,351004,EL_NINO,R20mm,6.0,7.5,1.5,25.0
RAW_CMIP6,MIROC6,RAINY,351004,EL_NINO,R50mm,1.0,1.5,0.5,50.0
RAW_CMIP6,MIROC6,RAINY,351004,EL_NINO,R95p,112.303,85.21,-27.093,-24.13
RAW_CMIP6,MIROC6,RAINY,351004,EL_NINO,R99p,30.357,0.0,-30.357,-100.0
RAW_CMIP6,MIROC6,RAINY,351004,EL_NINO,CDD,10.5,11.5,1.0,9.52
RAW_CMIP6,MIROC6,RAINY,351004,EL_NINO,CWD,15.667,15.0,-0.667,-4.26
RAW_CMIP6,MIROC6,RAINY,351004,LA_NINA,PRCPTOT,685.633,725.004,39.371,5.74
RAW_CMIP6,MIROC6,RAINY,351004,LA_NINA,wet_day_freq,52.083,56.738,4.655,8.94
RAW_CMIP6,MIROC6,RAINY,351004,LA_NINA,SDII,7.138,6.92,-0.218,-3.06
RAW_CMIP6,MIROC6,RAINY,351004,LA_NINA,Rx1day,58.077,48.21,-9.867,-16.99
RAW_CMIP6,MIROC6,RAINY,351004,LA_NINA,Rx5day,127.695,107.27,-20.425,-16.0
RAW_CMIP6,MIROC6,RAINY,351004,LA_NINA,R20mm,6.0,7.0,1.0,16.67
RAW_CMIP6,MIROC6,RAINY,351004,LA_NINA,R50mm,1.0,0.4,-0.6,-60.0
RAW_CMIP6,MIROC6,RAINY,351004,LA_NINA,R95p,112.303,45.84,-66.463,-59.18
RAW_CMIP6,MIROC6,RAINY,351004,LA_NINA,R99p,30.357,0.0,-30.357,-100.0
RAW_CMIP6,MIROC6,RAINY,351004,LA_NINA,CDD,10.5,13.0,2.5,23.81
RAW_CMIP6,MIROC6,RAINY,351004,LA_NINA,CWD,15.667,16.4,0.733,4.68
RAW_CMIP6,MIROC6,RAINY,351005,EL_NINO,PRCPTOT,685.633,753.62,67.987,9.92
RAW_CMIP6,MIROC6,RAINY,351005,EL_NINO,wet_day_freq,52.083,54.075,1.992,3.82
RAW_CMIP6,MIROC6,RAINY,351005,EL_NINO,SDII,7.138,7.605,0.467,6.54
RAW_CMIP6,MIROC6,RAINY,351005,EL_NINO,Rx1day,58.077,55.905,-2.172,-3.74
RAW_CMIP6,MIROC6,RAINY,351005,EL_NINO,Rx5day,127.695,141.805,14.11,11.05
RAW_CMIP6,MIROC6,RAINY,351005,EL_NINO,R20mm,6.0,7.5,1.5,25.0
RAW_CMIP6,MIROC6,RAINY,351005,EL_NINO,R50mm,1.0,1.5,0.5,50.0
RAW_CMIP6,MIROC6,RAINY,351005,EL_NINO,R95p,132.932,105.725,-27.207,-20.47
RAW_CMIP6,MIROC6,RAINY,351005,EL_NINO,R99p,30.357,0.0,-30.357,-100.0
RAW_CMIP6,MIROC6,RAINY,351005,EL_NINO,CDD,10.5,11.5,1.0,9.52
RAW_CMIP6,MIROC6,RAINY,351005,EL_NINO,CWD,15.667,15.0,-0.667,-4.26
RAW_CMIP6,MIROC6,RAINY,351005,LA_NINA,PRCPTOT,685.633,725.004,39.371,5.74
RAW_CMIP6,MIROC6,RAINY,351005,LA_NINA,wet_day_freq,52.083,56.738,4.655,8.94
RAW_CMIP6,MIROC6,RAINY,351005,LA_NINA,SDII,7.138,6.92,-0.218,-3.06
RAW_CMIP6,MIROC6,RAINY,351005,LA_NINA,Rx1day,58.077,48.21,-9.867,-16.99
RAW_CMIP6,MIROC6,RAINY,351005,LA_NINA,Rx5day,127.695,107.27,-20.425,-16.0
RAW_CMIP6,MIROC6,RAINY,351005,LA_NINA,R20mm,6.0,7.0,1.0,16.67
RAW_CMIP6,MIROC6,RAINY,351005,LA_NINA,R50mm,1.0,0.4,-0.6,-60.0
RAW_CMIP6,MIROC6,RAINY,351005,LA_NINA,R95p,132.932,45.84,-87.092,-65.52
RAW_CMIP6,MIROC6,RAINY,351005,LA_NINA,R99p,30.357,0.0,-30.357,-100.0
RAW_CMIP6,MIROC6,RAINY,351005,LA_NINA,CDD,10.5,13.0,2.5,23.81
RAW_CMIP6,MIROC6,RAINY,351005,LA_NINA,CWD,15.667,16.4,0.733,4.68
RAW_CMIP6,MIROC6,RAINY,351006,EL_NINO,PRCPTOT,807.528,1022.08,214.552,26.57
RAW_CMIP6,MIROC6,RAINY,351006,EL_NINO,wet_day_freq,57.337,59.24,1.903,3.32
RAW_CMIP6,MIROC6,RAINY,351006,EL_NINO,SDII,7.627,9.4,1.773,23.25
RAW_CMIP6,MIROC6,RAINY,351006,EL_NINO,Rx1day,62.673,88.64,25.967,41.43
RAW_CMIP6,MIROC6,RAINY,351006,EL_NINO,Rx5day,139.93,204.34,64.41,46.03
RAW_CMIP6,MIROC6,RAINY,351006,EL_NINO,R20mm,8.5,12.5,4.0,47.06
RAW_CMIP6,MIROC6,RAINY,351006,EL_NINO,R50mm,1.333,2.5,1.167,87.5
RAW_CMIP6,MIROC6,RAINY,351006,EL_NINO,R95p,329.367,478.375,149.008,45.24
RAW_CMIP6,MIROC6,RAINY,351006,EL_NINO,R99p,176.783,254.56,77.777,44.0
RAW_CMIP6,MIROC6,RAINY,351006,EL_NINO,CDD,9.5,8.5,-1.0,-10.53
RAW_CMIP6,MIROC6,RAINY,351006,EL_NINO,CWD,17.833,14.0,-3.833,-21.5
RAW_CMIP6,MIROC6,RAINY,351006,LA_NINA,PRCPTOT,807.528,856.59,49.062,6.08
RAW_CMIP6,MIROC6,RAINY,351006,LA_NINA,wet_day_freq,57.337,60.87,3.533,6.16
RAW_CMIP6,MIROC6,RAINY,351006,LA_NINA,SDII,7.627,7.624,-0.003,-0.03
RAW_CMIP6,MIROC6,RAINY,351006,LA_NINA,Rx1day,62.673,51.802,-10.871,-17.35
RAW_CMIP6,MIROC6,RAINY,351006,LA_NINA,Rx5day,139.93,111.752,-28.178,-20.14
RAW_CMIP6,MIROC6,RAINY,351006,LA_NINA,R20mm,8.5,8.6,0.1,1.18
RAW_CMIP6,MIROC6,RAINY,351006,LA_NINA,R50mm,1.333,0.6,-0.733,-55.0
RAW_CMIP6,MIROC6,RAINY,351006,LA_NINA,R95p,329.367,265.008,-64.359,-19.54
RAW_CMIP6,MIROC6,RAINY,351006,LA_NINA,R99p,176.783,87.43,-89.353,-50.54
RAW_CMIP6,MIROC6,RAINY,351006,LA_NINA,CDD,9.5,10.0,0.5,5.26
RAW_CMIP6,MIROC6,RAINY,351006,LA_NINA,CWD,17.833,16.2,-1.633,-9.16
RAW_CMIP6,MIROC6,RAINY,351007,EL_NINO,PRCPTOT,807.528,1022.08,214.552,26.57
RAW_CMIP6,MIROC6,RAINY,351007,EL_NINO,wet_day_freq,57.337,59.24,1.903,3.32
RAW_CMIP6,MIROC6,RAINY,351007,EL_NINO,SDII,7.627,9.4,1.773,23.25
RAW_CMIP6,MIROC6,RAINY,351007,EL_NINO,Rx1day,62.673,88.64,25.967,41.43
RAW_CMIP6,MIROC6,RAINY,351007,EL_NINO,Rx5day,139.93,204.34,64.41,46.03
RAW_CMIP6,MIROC6,RAINY,351007,EL_NINO,R20mm,8.5,12.5,4.0,47.06
RAW_CMIP6,MIROC6,RAINY,351007,EL_NINO,R50mm,1.333,2.5,1.167,87.5
RAW_CMIP6,MIROC6,RAINY,351007,EL_NINO,R95p,342.207,488.055,145.848,42.62
RAW_CMIP6,MIROC6,RAINY,351007,EL_NINO,R99p,164.672,254.56,89.888,54.59
RAW_CMIP6,MIROC6,RAINY,351007,EL_NINO,CDD,9.5,8.5,-1.0,-10.53
RAW_CMIP6,MIROC6,RAINY,351007,EL_NINO,CWD,17.833,14.0,-3.833,-21.5
RAW_CMIP6,MIROC6,RAINY,351007,LA_NINA,PRCPTOT,807.528,856.59,49.062,6.08
RAW_CMIP6,MIROC6,RAINY,351007,LA_NINA,wet_day_freq,57.337,60.87,3.533,6.16
RAW_CMIP6,MIROC6,RAINY,351007,LA_NINA,SDII,7.627,7.624,-0.003,-0.03
RAW_CMIP6,MIROC6,RAINY,351007,LA_NINA,Rx1day,62.673,51.802,-10.871,-17.35
RAW_CMIP6,MIROC6,RAINY,351007,LA_NINA,Rx5day,139.93,111.752,-28.178,-20.14
RAW_CMIP6,MIROC6,RAINY,351007,LA_NINA,R20mm,8.5,8.6,0.1,1.18
RAW_CMIP6,MIROC6,RAINY,351007,LA_NINA,R50mm,1.333,0.6,-0.733,-55.0
RAW_CMIP6,MIROC6,RAINY,351007,LA_NINA,R95p,342.207,276.608,-65.599,-19.17
RAW_CMIP6,MIROC6,RAINY,351007,LA_NINA,R99p,164.672,80.122,-84.55,-51.34
RAW_CMIP6,MIROC6,RAINY,351007,LA_NINA,CDD,9.5,10.0,0.5,5.26
RAW_CMIP6,MIROC6,RAINY,351007,LA_NINA,CWD,17.833,16.2,-1.633,-9.16
RAW_CMIP6,MIROC6,RAINY,351008,EL_NINO,PRCPTOT,685.633,753.62,67.987,9.92
RAW_CMIP6,MIROC6,RAINY,351008,EL_NINO,wet_day_freq,52.083,54.075,1.992,3.82
RAW_CMIP6,MIROC6,RAINY,351008,EL_NINO,SDII,7.138,7.605,0.467,6.54
RAW_CMIP6,MIROC6,RAINY,351008,EL_NINO,Rx1day,58.077,55.905,-2.172,-3.74
RAW_CMIP6,MIROC6,RAINY,351008,EL_NINO,Rx5day,127.695,141.805,14.11,11.05
RAW_CMIP6,MIROC6,RAINY,351008,EL_NINO,R20mm,6.0,7.5,1.5,25.0
RAW_CMIP6,MIROC6,RAINY,351008,EL_NINO,R50mm,1.0,1.5,0.5,50.0
RAW_CMIP6,MIROC6,RAINY,351008,EL_NINO,R95p,244.352,268.05,23.698,9.7
RAW_CMIP6,MIROC6,RAINY,351008,EL_NINO,R99p,132.932,105.725,-27.207,-20.47
RAW_CMIP6,MIROC6,RAINY,351008,EL_NINO,CDD,10.5,11.5,1.0,9.52
RAW_CMIP6,MIROC6,RAINY,351008,EL_NINO,CWD,15.667,15.0,-0.667,-4.26
RAW_CMIP6,MIROC6,RAINY,351008,LA_NINA,PRCPTOT,685.633,725.004,39.371,5.74
RAW_CMIP6,MIROC6,RAINY,351008,LA_NINA,wet_day_freq,52.083,56.738,4.655,8.94
RAW_CMIP6,MIROC6,RAINY,351008,LA_NINA,SDII,7.138,6.92,-0.218,-3.06
RAW_CMIP6,MIROC6,RAINY,351008,LA_NINA,Rx1day,58.077,48.21,-9.867,-16.99
RAW_CMIP6,MIROC6,RAINY,351008,LA_NINA,Rx5day,127.695,107.27,-20.425,-16.0
RAW_CMIP6,MIROC6,RAINY,351008,LA_NINA,R20mm,6.0,7.0,1.0,16.67
RAW_CMIP6,MIROC6,RAINY,351008,LA_NINA,R50mm,1.0,0.4,-0.6,-60.0
RAW_CMIP6,MIROC6,RAINY,351008,LA_NINA,R95p,244.352,229.78,-14.572,-5.96
RAW_CMIP6,MIROC6,RAINY,351008,LA_NINA,R99p,132.932,45.84,-87.092,-65.52
RAW_CMIP6,MIROC6,RAINY,351008,LA_NINA,CDD,10.5,13.0,2.5,23.81
RAW_CMIP6,MIROC6,RAINY,351008,LA_NINA,CWD,15.667,16.4,0.733,4.68
RAW_CMIP6,MIROC6,RAINY,351009,EL_NINO,PRCPTOT,685.633,753.62,67.987,9.92
RAW_CMIP6,MIROC6,RAINY,351009,EL_NINO,wet_day_freq,52.083,54.075,1.992,3.82
RAW_CMIP6,MIROC6,RAINY,351009,EL_NINO,SDII,7.138,7.605,0.467,6.54
RAW_CMIP6,MIROC6,RAINY,351009,EL_NINO,Rx1day,58.077,55.905,-2.172,-3.74
RAW_CMIP6,MIROC6,RAINY,351009,EL_NINO,Rx5day,127.695,141.805,14.11,11.05
RAW_CMIP6,MIROC6,RAINY,351009,EL_NINO,R20mm,6.0,7.5,1.5,25.0
RAW_CMIP6,MIROC6,RAINY,351009,EL_NINO,R50mm,1.0,1.5,0.5,50.0
RAW_CMIP6,MIROC6,RAINY,351009,EL_NINO,R95p,327.533,395.12,67.587,20.64
RAW_CMIP6,MIROC6,RAINY,351009,EL_NINO,R99p,234.91,249.355,14.445,6.15
RAW_CMIP6,MIROC6,RAINY,351009,EL_NINO,CDD,10.5,11.5,1.0,9.52
RAW_CMIP6,MIROC6,RAINY,351009,EL_NINO,CWD,15.667,15.0,-0.667,-4.26
RAW_CMIP6,MIROC6,RAINY,351009,LA_NINA,PRCPTOT,685.633,725.004,39.371,5.74
RAW_CMIP6,MIROC6,RAINY,351009,LA_NINA,wet_day_freq,52.083,56.738,4.655,8.94
RAW_CMIP6,MIROC6,RAINY,351009,LA_NINA,SDII,7.138,6.92,-0.218,-3.06
RAW_CMIP6,MIROC6,RAINY,351009,LA_NINA,Rx1day,58.077,48.21,-9.867,-16.99
RAW_CMIP6,MIROC6,RAINY,351009,LA_NINA,Rx5day,127.695,107.27,-20.425,-16.0
RAW_CMIP6,MIROC6,RAINY,351009,LA_NINA,R20mm,6.0,7.0,1.0,16.67
RAW_CMIP6,MIROC6,RAINY,351009,LA_NINA,R50mm,1.0,0.4,-0.6,-60.0
RAW_CMIP6,MIROC6,RAINY,351009,LA_NINA,R95p,327.533,319.876,-7.657,-2.34
RAW_CMIP6,MIROC6,RAINY,351009,LA_NINA,R99p,234.91,206.836,-28.074,-11.95
RAW_CMIP6,MIROC6,RAINY,351009,LA_NINA,CDD,10.5,13.0,2.5,23.81
RAW_CMIP6,MIROC6,RAINY,351009,LA_NINA,CWD,15.667,16.4,0.733,4.68
RAW_CMIP6,MIROC6,RAINY,351010,EL_NINO,PRCPTOT,807.528,1022.08,214.552,26.57
RAW_CMIP6,MIROC6,RAINY,351010,EL_NINO,wet_day_freq,57.337,59.24,1.903,3.32
RAW_CMIP6,MIROC6,RAINY,351010,EL_NINO,SDII,7.627,9.4,1.773,23.25
RAW_CMIP6,MIROC6,RAINY,351010,EL_NINO,Rx1day,62.673,88.64,25.967,41.43
RAW_CMIP6,MIROC6,RAINY,351010,EL_NINO,Rx5day,139.93,204.34,64.41,46.03
RAW_CMIP6,MIROC6,RAINY,351010,EL_NINO,R20mm,8.5,12.5,4.0,47.06
RAW_CMIP6,MIROC6,RAINY,351010,EL_NINO,R50mm,1.333,2.5,1.167,87.5
RAW_CMIP6,MIROC6,RAINY,351010,EL_NINO,R95p,408.062,625.495,217.433,53.28
RAW_CMIP6,MIROC6,RAINY,351010,EL_NINO,R99p,305.917,457.64,151.723,49.6
RAW_CMIP6,MIROC6,RAINY,351010,EL_NINO,CDD,9.5,8.5,-1.0,-10.53
RAW_CMIP6,MIROC6,RAINY,351010,EL_NINO,CWD,17.833,14.0,-3.833,-21.5
RAW_CMIP6,MIROC6,RAINY,351010,LA_NINA,PRCPTOT,807.528,856.59,49.062,6.08
RAW_CMIP6,MIROC6,RAINY,351010,LA_NINA,wet_day_freq,57.337,60.87,3.533,6.16
RAW_CMIP6,MIROC6,RAINY,351010,LA_NINA,SDII,7.627,7.624,-0.003,-0.03
RAW_CMIP6,MIROC6,RAINY,351010,LA_NINA,Rx1day,62.673,51.802,-10.871,-17.35
RAW_CMIP6,MIROC6,RAINY,351010,LA_NINA,Rx5day,139.93,111.752,-28.178,-20.14
RAW_CMIP6,MIROC6,RAINY,351010,LA_NINA,R20mm,8.5,8.6,0.1,1.18
RAW_CMIP6,MIROC6,RAINY,351010,LA_NINA,R50mm,1.333,0.6,-0.733,-55.0
RAW_CMIP6,MIROC6,RAINY,351010,LA_NINA,R95p,408.062,405.058,-3.004,-0.74
RAW_CMIP6,MIROC6,RAINY,351010,LA_NINA,R99p,305.917,219.454,-86.463,-28.26
RAW_CMIP6,MIROC6,RAINY,351010,LA_NINA,CDD,9.5,10.0,0.5,5.26
RAW_CMIP6,MIROC6,RAINY,351010,LA_NINA,CWD,17.833,16.2,-1.633,-9.16
RAW_CMIP6,MIROC6,RAINY,351011,EL_NINO,PRCPTOT,685.633,753.62,67.987,9.92
RAW_CMIP6,MIROC6,RAINY,351011,EL_NINO,wet_day_freq,52.083,54.075,1.992,3.82
RAW_CMIP6,MIROC6,RAINY,351011,EL_NINO,SDII,7.138,7.605,0.467,6.54
RAW_CMIP6,MIROC6,RAINY,351011,EL_NINO,Rx1day,58.077,55.905,-2.172,-3.74
RAW_CMIP6,MIROC6,RAINY,351011,EL_NINO,Rx5day,127.695,141.805,14.11,11.05
RAW_CMIP6,MIROC6,RAINY,351011,EL_NINO,R20mm,6.0,7.5,1.5,25.0
RAW_CMIP6,MIROC6,RAINY,351011,EL_NINO,R50mm,1.0,1.5,0.5,50.0
RAW_CMIP6,MIROC6,RAINY,351011,EL_NINO,R95p,119.33,85.21,-34.12,-28.59
RAW_CMIP6,MIROC6,RAINY,351011,EL_NINO,R99p,17.172,0.0,-17.172,-100.0
RAW_CMIP6,MIROC6,RAINY,351011,EL_NINO,CDD,10.5,11.5,1.0,9.52
RAW_CMIP6,MIROC6,RAINY,351011,EL_NINO,CWD,15.667,15.0,-0.667,-4.26
RAW_CMIP6,MIROC6,RAINY,351011,LA_NINA,PRCPTOT,685.633,725.004,39.371,5.74
RAW_CMIP6,MIROC6,RAINY,351011,LA_NINA,wet_day_freq,52.083,56.738,4.655,8.94
RAW_CMIP6,MIROC6,RAINY,351011,LA_NINA,SDII,7.138,6.92,-0.218,-3.06
RAW_CMIP6,MIROC6,RAINY,351011,LA_NINA,Rx1day,58.077,48.21,-9.867,-16.99
RAW_CMIP6,MIROC6,RAINY,351011,LA_NINA,Rx5day,127.695,107.27,-20.425,-16.0
RAW_CMIP6,MIROC6,RAINY,351011,LA_NINA,R20mm,6.0,7.0,1.0,16.67
RAW_CMIP6,MIROC6,RAINY,351011,LA_NINA,R50mm,1.0,0.4,-0.6,-60.0
RAW_CMIP6,MIROC6,RAINY,351011,LA_NINA,R95p,119.33,45.84,-73.49,-61.59
RAW_CMIP6,MIROC6,RAINY,351011,LA_NINA,R99p,17.172,0.0,-17.172,-100.0
RAW_CMIP6,MIROC6,RAINY,351011,LA_NINA,CDD,10.5,13.0,2.5,23.81
RAW_CMIP6,MIROC6,RAINY,351011,LA_NINA,CWD,15.667,16.4,0.733,4.68
RAW_CMIP6,MIROC6,RAINY,351012,EL_NINO,PRCPTOT,807.528,1022.08,214.552,26.57
RAW_CMIP6,MIROC6,RAINY,351012,EL_NINO,wet_day_freq,57.337,59.24,1.903,3.32
RAW_CMIP6,MIROC6,RAINY,351012,EL_NINO,SDII,7.627,9.4,1.773,23.25
RAW_CMIP6,MIROC6,RAINY,351012,EL_NINO,Rx1day,62.673,88.64,25.967,41.43
RAW_CMIP6,MIROC6,RAINY,351012,EL_NINO,Rx5day,139.93,204.34,64.41,46.03
RAW_CMIP6,MIROC6,RAINY,351012,EL_NINO,R20mm,8.5,12.5,4.0,47.06
RAW_CMIP6,MIROC6,RAINY,351012,EL_NINO,R50mm,1.333,2.5,1.167,87.5
RAW_CMIP6,MIROC6,RAINY,351012,EL_NINO,R95p,130.818,214.785,83.967,64.19
RAW_CMIP6,MIROC6,RAINY,351012,EL_NINO,R99p,17.153,103.265,86.112,502.01
RAW_CMIP6,MIROC6,RAINY,351012,EL_NINO,CDD,9.5,8.5,-1.0,-10.53
RAW_CMIP6,MIROC6,RAINY,351012,EL_NINO,CWD,17.833,14.0,-3.833,-21.5
RAW_CMIP6,MIROC6,RAINY,351012,LA_NINA,PRCPTOT,807.528,856.59,49.062,6.08
RAW_CMIP6,MIROC6,RAINY,351012,LA_NINA,wet_day_freq,57.337,60.87,3.533,6.16
RAW_CMIP6,MIROC6,RAINY,351012,LA_NINA,SDII,7.627,7.624,-0.003,-0.03
RAW_CMIP6,MIROC6,RAINY,351012,LA_NINA,Rx1day,62.673,51.802,-10.871,-17.35
RAW_CMIP6,MIROC6,RAINY,351012,LA_NINA,Rx5day,139.93,111.752,-28.178,-20.14
RAW_CMIP6,MIROC6,RAINY,351012,LA_NINA,R20mm,8.5,8.6,0.1,1.18
RAW_CMIP6,MIROC6,RAINY,351012,LA_NINA,R50mm,1.333,0.6,-0.733,-55.0
RAW_CMIP6,MIROC6,RAINY,351012,LA_NINA,R95p,130.818,57.436,-73.382,-56.09
RAW_CMIP6,MIROC6,RAINY,351012,LA_NINA,R99p,17.153,0.0,-17.153,-100.0
RAW_CMIP6,MIROC6,RAINY,351012,LA_NINA,CDD,9.5,10.0,0.5,5.26
RAW_CMIP6,MIROC6,RAINY,351012,LA_NINA,CWD,17.833,16.2,-1.633,-9.16
RAW_CMIP6,MIROC6,RAINY,351201,EL_NINO,PRCPTOT,685.633,753.62,67.987,9.92
RAW_CMIP6,MIROC6,RAINY,351201,EL_NINO,wet_day_freq,52.083,54.075,1.992,3.82
RAW_CMIP6,MIROC6,RAINY,351201,EL_NINO,SDII,7.138,7.605,0.467,6.54
RAW_CMIP6,MIROC6,RAINY,351201,EL_NINO,Rx1day,58.077,55.905,-2.172,-3.74
RAW_CMIP6,MIROC6,RAINY,351201,EL_NINO,Rx5day,127.695,141.805,14.11,11.05
RAW_CMIP6,MIROC6,RAINY,351201,EL_NINO,R20mm,6.0,7.5,1.5,25.0
RAW_CMIP6,MIROC6,RAINY,351201,EL_NINO,R50mm,1.0,1.5,0.5,50.0
RAW_CMIP6,MIROC6,RAINY,351201,EL_NINO,R95p,132.932,105.725,-27.207,-20.47
RAW_CMIP6,MIROC6,RAINY,351201,EL_NINO,R99p,30.357,0.0,-30.357,-100.0
RAW_CMIP6,MIROC6,RAINY,351201,EL_NINO,CDD,10.5,11.5,1.0,9.52
RAW_CMIP6,MIROC6,RAINY,351201,EL_NINO,CWD,15.667,15.0,-0.667,-4.26
RAW_CMIP6,MIROC6,RAINY,351201,LA_NINA,PRCPTOT,685.633,725.004,39.371,5.74
RAW_CMIP6,MIROC6,RAINY,351201,LA_NINA,wet_day_freq,52.083,56.738,4.655,8.94
RAW_CMIP6,MIROC6,RAINY,351201,LA_NINA,SDII,7.138,6.92,-0.218,-3.06
RAW_CMIP6,MIROC6,RAINY,351201,LA_NINA,Rx1day,58.077,48.21,-9.867,-16.99
RAW_CMIP6,MIROC6,RAINY,351201,LA_NINA,Rx5day,127.695,107.27,-20.425,-16.0
RAW_CMIP6,MIROC6,RAINY,351201,LA_NINA,R20mm,6.0,7.0,1.0,16.67
RAW_CMIP6,MIROC6,RAINY,351201,LA_NINA,R50mm,1.0,0.4,-0.6,-60.0
RAW_CMIP6,MIROC6,RAINY,351201,LA_NINA,R95p,132.932,45.84,-87.092,-65.52
RAW_CMIP6,MIROC6,RAINY,351201,LA_NINA,R99p,30.357,0.0,-30.357,-100.0
RAW_CMIP6,MIROC6,RAINY,351201,LA_NINA,CDD,10.5,13.0,2.5,23.81
RAW_CMIP6,MIROC6,RAINY,351201,LA_NINA,CWD,15.667,16.4,0.733,4.68
RAW_CMIP6,MRI-ESM2-0,HOT_DRY,351001,EL_NINO,PRCPTOT,289.254,268.967,-20.287,-7.01
RAW_CMIP6,MRI-ESM2-0,HOT_DRY,351001,EL_NINO,wet_day_freq,39.508,42.955,3.447,8.72
RAW_CMIP6,MRI-ESM2-0,HOT_DRY,351001,EL_NINO,SDII,4.058,3.435,-0.623,-15.35
RAW_CMIP6,MRI-ESM2-0,HOT_DRY,351001,EL_NINO,Rx1day,18.538,14.055,-4.483,-24.18
RAW_CMIP6,MRI-ESM2-0,HOT_DRY,351001,EL_NINO,Rx5day,52.838,38.43,-14.408,-27.27
RAW_CMIP6,MRI-ESM2-0,HOT_DRY,351001,EL_NINO,R20mm,0.8,0.0,-0.8,-100.0
RAW_CMIP6,MRI-ESM2-0,HOT_DRY,351001,EL_NINO,R50mm,0.0,0.0,0.0,0.0
RAW_CMIP6,MRI-ESM2-0,HOT_DRY,351001,EL_NINO,R95p,0.0,0.0,0.0,0.0
RAW_CMIP6,MRI-ESM2-0,HOT_DRY,351001,EL_NINO,R99p,0.0,0.0,0.0,0.0
RAW_CMIP6,MRI-ESM2-0,HOT_DRY,351001,EL_NINO,CDD,23.2,23.5,0.3,1.29
RAW_CMIP6,MRI-ESM2-0,HOT_DRY,351001,EL_NINO,CWD,11.0,12.75,1.75,15.91
RAW_CMIP6,MRI-ESM2-0,HOT_DRY,351001,LA_NINA,PRCPTOT,289.254,315.611,26.357,9.11
RAW_CMIP6,MRI-ESM2-0,HOT_DRY,351001,LA_NINA,wet_day_freq,39.508,39.133,-0.375,-0.95
RAW_CMIP6,MRI-ESM2-0,HOT_DRY,351001,LA_NINA,SDII,4.058,4.346,0.288,7.09
RAW_CMIP6,MRI-ESM2-0,HOT_DRY,351001,LA_NINA,Rx1day,18.538,21.034,2.496,13.47
RAW_CMIP6,MRI-ESM2-0,HOT_DRY,351001,LA_NINA,Rx5day,52.838,59.014,6.176,11.69
RAW_CMIP6,MRI-ESM2-0,HOT_DRY,351001,LA_NINA,R20mm,0.8,1.0,0.2,25.0
RAW_CMIP6,MRI-ESM2-0,HOT_DRY,351001,LA_NINA,R50mm,0.0,0.0,0.0,0.0
RAW_CMIP6,MRI-ESM2-0,HOT_DRY,351001,LA_NINA,R95p,0.0,0.0,0.0,0.0
RAW_CMIP6,MRI-ESM2-0,HOT_DRY,351001,LA_NINA,R99p,0.0,0.0,0.0,0.0
RAW_CMIP6,MRI-ESM2-0,HOT_DRY,351001,LA_NINA,CDD,23.2,23.0,-0.2,-0.86
RAW_CMIP6,MRI-ESM2-0,HOT_DRY,351001,LA_NINA,CWD,11.0,13.0,2.0,18.18
RAW_CMIP6,MRI-ESM2-0,HOT_DRY,351002,EL_NINO,PRCPTOT,289.254,268.967,-20.287,-7.01
RAW_CMIP6,MRI-ESM2-0,HOT_DRY,351002,EL_NINO,wet_day_freq,39.508,42.955,3.447,8.72
RAW_CMIP6,MRI-ESM2-0,HOT_DRY,351002,EL_NINO,SDII,4.058,3.435,-0.623,-15.35
RAW_CMIP6,MRI-ESM2-0,HOT_DRY,351002,EL_NINO,Rx1day,18.538,14.055,-4.483,-24.18
RAW_CMIP6,MRI-ESM2-0,HOT_DRY,351002,EL_NINO,Rx5day,52.838,38.43,-14.408,-27.27
RAW_CMIP6,MRI-ESM2-0,HOT_DRY,351002,EL_NINO,R20mm,0.8,0.0,-0.8,-100.0
RAW_CMIP6,MRI-ESM2-0,HOT_DRY,351002,EL_NINO,R50mm,0.0,0.0,0.0,0.0
RAW_CMIP6,MRI-ESM2-0,HOT_DRY,351002,EL_NINO,R95p,0.0,0.0,0.0,0.0
RAW_CMIP6,MRI-ESM2-0,HOT_DRY,351002,EL_NINO,R99p,0.0,0.0,0.0,0.0
RAW_CMIP6,MRI-ESM2-0,HOT_DRY,351002,EL_NINO,CDD,23.2,23.5,0.3,1.29
RAW_CMIP6,MRI-ESM2-0,HOT_DRY,351002,EL_NINO,CWD,11.0,12.75,1.75,15.91
RAW_CMIP6,MRI-ESM2-0,HOT_DRY,351002,LA_NINA,PRCPTOT,289.254,315.611,26.357,9.11
RAW_CMIP6,MRI-ESM2-0,HOT_DRY,351002,LA_NINA,wet_day_freq,39.508,39.133,-0.375,-0.95
RAW_CMIP6,MRI-ESM2-0,HOT_DRY,351002,LA_NINA,SDII,4.058,4.346,0.288,7.09
RAW_CMIP6,MRI-ESM2-0,HOT_DRY,351002,LA_NINA,Rx1day,18.538,21.034,2.496,13.47
RAW_CMIP6,MRI-ESM2-0,HOT_DRY,351002,LA_NINA,Rx5day,52.838,59.014,6.176,11.69
RAW_CMIP6,MRI-ESM2-0,HOT_DRY,351002,LA_NINA,R20mm,0.8,1.0,0.2,25.0
RAW_CMIP6,MRI-ESM2-0,HOT_DRY,351002,LA_NINA,R50mm,0.0,0.0,0.0,0.0
RAW_CMIP6,MRI-ESM2-0,HOT_DRY,351002,LA_NINA,R95p,0.0,0.0,0.0,0.0
RAW_CMIP6,MRI-ESM2-0,HOT_DRY,351002,LA_NINA,R99p,0.0,0.0,0.0,0.0
RAW_CMIP6,MRI-ESM2-0,HOT_DRY,351002,LA_NINA,CDD,23.2,23.0,-0.2,-0.86
RAW_CMIP6,MRI-ESM2-0,HOT_DRY,351002,LA_NINA,CWD,11.0,13.0,2.0,18.18
RAW_CMIP6,MRI-ESM2-0,HOT_DRY,351003,EL_NINO,PRCPTOT,289.254,268.967,-20.287,-7.01
RAW_CMIP6,MRI-ESM2-0,HOT_DRY,351003,EL_NINO,wet_day_freq,39.508,42.955,3.447,8.72
RAW_CMIP6,MRI-ESM2-0,HOT_DRY,351003,EL_NINO,SDII,4.058,3.435,-0.623,-15.35
RAW_CMIP6,MRI-ESM2-0,HOT_DRY,351003,EL_NINO,Rx1day,18.538,14.055,-4.483,-24.18
RAW_CMIP6,MRI-ESM2-0,HOT_DRY,351003,EL_NINO,Rx5day,52.838,38.43,-14.408,-27.27
RAW_CMIP6,MRI-ESM2-0,HOT_DRY,351003,EL_NINO,R20mm,0.8,0.0,-0.8,-100.0
RAW_CMIP6,MRI-ESM2-0,HOT_DRY,351003,EL_NINO,R50mm,0.0,0.0,0.0,0.0
RAW_CMIP6,MRI-ESM2-0,HOT_DRY,351003,EL_NINO,R95p,0.0,0.0,0.0,0.0
RAW_CMIP6,MRI-ESM2-0,HOT_DRY,351003,EL_NINO,R99p,0.0,0.0,0.0,0.0
RAW_CMIP6,MRI-ESM2-0,HOT_DRY,351003,EL_NINO,CDD,23.2,23.5,0.3,1.29
RAW_CMIP6,MRI-ESM2-0,HOT_DRY,351003,EL_NINO,CWD,11.0,12.75,1.75,15.91
RAW_CMIP6,MRI-ESM2-0,HOT_DRY,351003,LA_NINA,PRCPTOT,289.254,315.611,26.357,9.11
RAW_CMIP6,MRI-ESM2-0,HOT_DRY,351003,LA_NINA,wet_day_freq,39.508,39.133,-0.375,-0.95
RAW_CMIP6,MRI-ESM2-0,HOT_DRY,351003,LA_NINA,SDII,4.058,4.346,0.288,7.09
RAW_CMIP6,MRI-ESM2-0,HOT_DRY,351003,LA_NINA,Rx1day,18.538,21.034,2.496,13.47
RAW_CMIP6,MRI-ESM2-0,HOT_DRY,351003,LA_NINA,Rx5day,52.838,59.014,6.176,11.69
RAW_CMIP6,MRI-ESM2-0,HOT_DRY,351003,LA_NINA,R20mm,0.8,1.0,0.2,25.0
RAW_CMIP6,MRI-ESM2-0,HOT_DRY,351003,LA_NINA,R50mm,0.0,0.0,0.0,0.0
RAW_CMIP6,MRI-ESM2-0,HOT_DRY,351003,LA_NINA,R95p,0.0,0.0,0.0,0.0
RAW_CMIP6,MRI-ESM2-0,HOT_DRY,351003,LA_NINA,R99p,0.0,0.0,0.0,0.0
RAW_CMIP6,MRI-ESM2-0,HOT_DRY,351003,LA_NINA,CDD,23.2,23.0,-0.2,-0.86
RAW_CMIP6,MRI-ESM2-0,HOT_DRY,351003,LA_NINA,CWD,11.0,13.0,2.0,18.18
RAW_CMIP6,MRI-ESM2-0,HOT_DRY,351004,EL_NINO,PRCPTOT,289.254,268.967,-20.287,-7.01
RAW_CMIP6,MRI-ESM2-0,HOT_DRY,351004,EL_NINO,wet_day_freq,39.508,42.955,3.447,8.72
RAW_CMIP6,MRI-ESM2-0,HOT_DRY,351004,EL_NINO,SDII,4.058,3.435,-0.623,-15.35
RAW_CMIP6,MRI-ESM2-0,HOT_DRY,351004,EL_NINO,Rx1day,18.538,14.055,-4.483,-24.18
RAW_CMIP6,MRI-ESM2-0,HOT_DRY,351004,EL_NINO,Rx5day,52.838,38.43,-14.408,-27.27
RAW_CMIP6,MRI-ESM2-0,HOT_DRY,351004,EL_NINO,R20mm,0.8,0.0,-0.8,-100.0
RAW_CMIP6,MRI-ESM2-0,HOT_DRY,351004,EL_NINO,R50mm,0.0,0.0,0.0,0.0
RAW_CMIP6,MRI-ESM2-0,HOT_DRY,351004,EL_NINO,R95p,0.0,0.0,0.0,0.0
RAW_CMIP6,MRI-ESM2-0,HOT_DRY,351004,EL_NINO,R99p,0.0,0.0,0.0,0.0
RAW_CMIP6,MRI-ESM2-0,HOT_DRY,351004,EL_NINO,CDD,23.2,23.5,0.3,1.29
RAW_CMIP6,MRI-ESM2-0,HOT_DRY,351004,EL_NINO,CWD,11.0,12.75,1.75,15.91
RAW_CMIP6,MRI-ESM2-0,HOT_DRY,351004,LA_NINA,PRCPTOT,289.254,315.611,26.357,9.11
RAW_CMIP6,MRI-ESM2-0,HOT_DRY,351004,LA_NINA,wet_day_freq,39.508,39.133,-0.375,-0.95
RAW_CMIP6,MRI-ESM2-0,HOT_DRY,351004,LA_NINA,SDII,4.058,4.346,0.288,7.09
RAW_CMIP6,MRI-ESM2-0,HOT_DRY,351004,LA_NINA,Rx1day,18.538,21.034,2.496,13.47
RAW_CMIP6,MRI-ESM2-0,HOT_DRY,351004,LA_NINA,Rx5day,52.838,59.014,6.176,11.69
RAW_CMIP6,MRI-ESM2-0,HOT_DRY,351004,LA_NINA,R20mm,0.8,1.0,0.2,25.0
RAW_CMIP6,MRI-ESM2-0,HOT_DRY,351004,LA_NINA,R50mm,0.0,0.0,0.0,0.0
RAW_CMIP6,MRI-ESM2-0,HOT_DRY,351004,LA_NINA,R95p,0.0,0.0,0.0,0.0
RAW_CMIP6,MRI-ESM2-0,HOT_DRY,351004,LA_NINA,R99p,0.0,0.0,0.0,0.0
RAW_CMIP6,MRI-ESM2-0,HOT_DRY,351004,LA_NINA,CDD,23.2,23.0,-0.2,-0.86
RAW_CMIP6,MRI-ESM2-0,HOT_DRY,351004,LA_NINA,CWD,11.0,13.0,2.0,18.18
RAW_CMIP6,MRI-ESM2-0,HOT_DRY,351005,EL_NINO,PRCPTOT,289.254,268.967,-20.287,-7.01
RAW_CMIP6,MRI-ESM2-0,HOT_DRY,351005,EL_NINO,wet_day_freq,39.508,42.955,3.447,8.72
RAW_CMIP6,MRI-ESM2-0,HOT_DRY,351005,EL_NINO,SDII,4.058,3.435,-0.623,-15.35
RAW_CMIP6,MRI-ESM2-0,HOT_DRY,351005,EL_NINO,Rx1day,18.538,14.055,-4.483,-24.18
RAW_CMIP6,MRI-ESM2-0,HOT_DRY,351005,EL_NINO,Rx5day,52.838,38.43,-14.408,-27.27
RAW_CMIP6,MRI-ESM2-0,HOT_DRY,351005,EL_NINO,R20mm,0.8,0.0,-0.8,-100.0
RAW_CMIP6,MRI-ESM2-0,HOT_DRY,351005,EL_NINO,R50mm,0.0,0.0,0.0,0.0
RAW_CMIP6,MRI-ESM2-0,HOT_DRY,351005,EL_NINO,R95p,0.0,0.0,0.0,0.0
RAW_CMIP6,MRI-ESM2-0,HOT_DRY,351005,EL_NINO,R99p,0.0,0.0,0.0,0.0
RAW_CMIP6,MRI-ESM2-0,HOT_DRY,351005,EL_NINO,CDD,23.2,23.5,0.3,1.29
RAW_CMIP6,MRI-ESM2-0,HOT_DRY,351005,EL_NINO,CWD,11.0,12.75,1.75,15.91
RAW_CMIP6,MRI-ESM2-0,HOT_DRY,351005,LA_NINA,PRCPTOT,289.254,315.611,26.357,9.11
RAW_CMIP6,MRI-ESM2-0,HOT_DRY,351005,LA_NINA,wet_day_freq,39.508,39.133,-0.375,-0.95
RAW_CMIP6,MRI-ESM2-0,HOT_DRY,351005,LA_NINA,SDII,4.058,4.346,0.288,7.09
RAW_CMIP6,MRI-ESM2-0,HOT_DRY,351005,LA_NINA,Rx1day,18.538,21.034,2.496,13.47
RAW_CMIP6,MRI-ESM2-0,HOT_DRY,351005,LA_NINA,Rx5day,52.838,59.014,6.176,11.69
RAW_CMIP6,MRI-ESM2-0,HOT_DRY,351005,LA_NINA,R20mm,0.8,1.0,0.2,25.0
RAW_CMIP6,MRI-ESM2-0,HOT_DRY,351005,LA_NINA,R50mm,0.0,0.0,0.0,0.0
RAW_CMIP6,MRI-ESM2-0,HOT_DRY,351005,LA_NINA,R95p,0.0,0.0,0.0,0.0
RAW_CMIP6,MRI-ESM2-0,HOT_DRY,351005,LA_NINA,R99p,0.0,0.0,0.0,0.0
RAW_CMIP6,MRI-ESM2-0,HOT_DRY,351005,LA_NINA,CDD,23.2,23.0,-0.2,-0.86
RAW_CMIP6,MRI-ESM2-0,HOT_DRY,351005,LA_NINA,CWD,11.0,13.0,2.0,18.18
RAW_CMIP6,MRI-ESM2-0,HOT_DRY,351006,EL_NINO,PRCPTOT,215.3,206.062,-9.238,-4.29
RAW_CMIP6,MRI-ESM2-0,HOT_DRY,351006,EL_NINO,wet_day_freq,28.474,30.938,2.463,8.65
RAW_CMIP6,MRI-ESM2-0,HOT_DRY,351006,EL_NINO,SDII,4.136,3.632,-0.504,-12.17
RAW_CMIP6,MRI-ESM2-0,HOT_DRY,351006,EL_NINO,Rx1day,15.66,15.758,0.097,0.62
RAW_CMIP6,MRI-ESM2-0,HOT_DRY,351006,EL_NINO,Rx5day,41.68,38.062,-3.617,-8.68
RAW_CMIP6,MRI-ESM2-0,HOT_DRY,351006,EL_NINO,R20mm,0.2,0.5,0.3,150.0
RAW_CMIP6,MRI-ESM2-0,HOT_DRY,351006,EL_NINO,R50mm,0.0,0.0,0.0,0.0
RAW_CMIP6,MRI-ESM2-0,HOT_DRY,351006,EL_NINO,R95p,5.388,11.72,6.332,117.52
RAW_CMIP6,MRI-ESM2-0,HOT_DRY,351006,EL_NINO,R99p,0.0,0.0,0.0,0.0
RAW_CMIP6,MRI-ESM2-0,HOT_DRY,351006,EL_NINO,CDD,32.6,30.5,-2.1,-6.44
RAW_CMIP6,MRI-ESM2-0,HOT_DRY,351006,EL_NINO,CWD,9.6,8.25,-1.35,-14.06
RAW_CMIP6,MRI-ESM2-0,HOT_DRY,351006,LA_NINA,PRCPTOT,215.3,243.677,28.377,13.18
RAW_CMIP6,MRI-ESM2-0,HOT_DRY,351006,LA_NINA,wet_day_freq,28.474,29.457,0.983,3.45
RAW_CMIP6,MRI-ESM2-0,HOT_DRY,351006,LA_NINA,SDII,4.136,4.541,0.405,9.79
RAW_CMIP6,MRI-ESM2-0,HOT_DRY,351006,LA_NINA,Rx1day,15.66,17.968,2.308,14.74
RAW_CMIP6,MRI-ESM2-0,HOT_DRY,351006,LA_NINA,Rx5day,41.68,49.222,7.542,18.1
RAW_CMIP6,MRI-ESM2-0,HOT_DRY,351006,LA_NINA,R20mm,0.2,0.556,0.356,177.78
RAW_CMIP6,MRI-ESM2-0,HOT_DRY,351006,LA_NINA,R50mm,0.0,0.0,0.0,0.0
RAW_CMIP6,MRI-ESM2-0,HOT_DRY,351006,LA_NINA,R95p,5.388,17.651,12.263,227.6
RAW_CMIP6,MRI-ESM2-0,HOT_DRY,351006,LA_NINA,R99p,0.0,0.0,0.0,0.0
RAW_CMIP6,MRI-ESM2-0,HOT_DRY,351006,LA_NINA,CDD,32.6,29.667,-2.933,-9.0
RAW_CMIP6,MRI-ESM2-0,HOT_DRY,351006,LA_NINA,CWD,9.6,11.444,1.844,19.21
RAW_CMIP6,MRI-ESM2-0,HOT_DRY,351007,EL_NINO,PRCPTOT,186.7,204.685,17.985,9.63
RAW_CMIP6,MRI-ESM2-0,HOT_DRY,351007,EL_NINO,wet_day_freq,24.716,26.935,2.219,8.98
RAW_CMIP6,MRI-ESM2-0,HOT_DRY,351007,EL_NINO,SDII,4.314,4.107,-0.207,-4.79
RAW_CMIP6,MRI-ESM2-0,HOT_DRY,351007,EL_NINO,Rx1day,15.284,17.005,1.721,11.26
RAW_CMIP6,MRI-ESM2-0,HOT_DRY,351007,EL_NINO,Rx5day,32.372,39.068,6.696,20.68
RAW_CMIP6,MRI-ESM2-0,HOT_DRY,351007,EL_NINO,R20mm,0.2,0.25,0.05,25.0
RAW_CMIP6,MRI-ESM2-0,HOT_DRY,351007,EL_NINO,R50mm,0.0,0.0,0.0,0.0
RAW_CMIP6,MRI-ESM2-0,HOT_DRY,351007,EL_NINO,R95p,12.394,7.805,-4.589,-37.03
RAW_CMIP6,MRI-ESM2-0,HOT_DRY,351007,EL_NINO,R99p,0.0,0.0,0.0,0.0
RAW_CMIP6,MRI-ESM2-0,HOT_DRY,351007,EL_NINO,CDD,24.2,27.0,2.8,11.57
RAW_CMIP6,MRI-ESM2-0,HOT_DRY,351007,EL_NINO,CWD,8.0,7.25,-0.75,-9.38
RAW_CMIP6,MRI-ESM2-0,HOT_DRY,351007,LA_NINA,PRCPTOT,186.7,219.683,32.983,17.67
RAW_CMIP6,MRI-ESM2-0,HOT_DRY,351007,LA_NINA,wet_day_freq,24.716,27.197,2.481,10.04
RAW_CMIP6,MRI-ESM2-0,HOT_DRY,351007,LA_NINA,SDII,4.314,4.376,0.062,1.43
RAW_CMIP6,MRI-ESM2-0,HOT_DRY,351007,LA_NINA,Rx1day,15.284,15.02,-0.264,-1.73
RAW_CMIP6,MRI-ESM2-0,HOT_DRY,351007,LA_NINA,Rx5day,32.372,40.014,7.642,23.61
RAW_CMIP6,MRI-ESM2-0,HOT_DRY,351007,LA_NINA,R20mm,0.2,0.778,0.578,288.89
RAW_CMIP6,MRI-ESM2-0,HOT_DRY,351007,LA_NINA,R50mm,0.0,0.0,0.0,0.0
RAW_CMIP6,MRI-ESM2-0,HOT_DRY,351007,LA_NINA,R95p,12.394,18.971,6.577,53.07
RAW_CMIP6,MRI-ESM2-0,HOT_DRY,351007,LA_NINA,R99p,0.0,0.0,0.0,0.0
RAW_CMIP6,MRI-ESM2-0,HOT_DRY,351007,LA_NINA,CDD,24.2,24.111,-0.089,-0.37
RAW_CMIP6,MRI-ESM2-0,HOT_DRY,351007,LA_NINA,CWD,8.0,8.556,0.556,6.94
RAW_CMIP6,MRI-ESM2-0,HOT_DRY,351008,EL_NINO,PRCPTOT,289.254,268.967,-20.287,-7.01
RAW_CMIP6,MRI-ESM2-0,HOT_DRY,351008,EL_NINO,wet_day_freq,39.508,42.955,3.447,8.72
RAW_CMIP6,MRI-ESM2-0,HOT_DRY,351008,EL_NINO,SDII,4.058,3.435,-0.623,-15.35
RAW_CMIP6,MRI-ESM2-0,HOT_DRY,351008,EL_NINO,Rx1day,18.538,14.055,-4.483,-24.18
RAW_CMIP6,MRI-ESM2-0,HOT_DRY,351008,EL_NINO,Rx5day,52.838,38.43,-14.408,-27.27
RAW_CMIP6,MRI-ESM2-0,HOT_DRY,351008,EL_NINO,R20mm,0.8,0.0,-0.8,-100.0
RAW_CMIP6,MRI-ESM2-0,HOT_DRY,351008,EL_NINO,R50mm,0.0,0.0,0.0,0.0
RAW_CMIP6,MRI-ESM2-0,HOT_DRY,351008,EL_NINO,R95p,24.614,4.713,-19.901,-80.85
RAW_CMIP6,MRI-ESM2-0,HOT_DRY,351008,EL_NINO,R99p,0.0,0.0,0.0,0.0
RAW_CMIP6,MRI-ESM2-0,HOT_DRY,351008,EL_NINO,CDD,23.2,23.5,0.3,1.29
RAW_CMIP6,MRI-ESM2-0,HOT_DRY,351008,EL_NINO,CWD,11.0,12.75,1.75,15.91
RAW_CMIP6,MRI-ESM2-0,HOT_DRY,351008,LA_NINA,PRCPTOT,289.254,315.611,26.357,9.11
RAW_CMIP6,MRI-ESM2-0,HOT_DRY,351008,LA_NINA,wet_day_freq,39.508,39.133,-0.375,-0.95
RAW_CMIP6,MRI-ESM2-0,HOT_DRY,351008,LA_NINA,SDII,4.058,4.346,0.288,7.09
RAW_CMIP6,MRI-ESM2-0,HOT_DRY,351008,LA_NINA,Rx1day,18.538,21.034,2.496,13.47
RAW_CMIP6,MRI-ESM2-0,HOT_DRY,351008,LA_NINA,Rx5day,52.838,59.014,6.176,11.69
RAW_CMIP6,MRI-ESM2-0,HOT_DRY,351008,LA_NINA,R20mm,0.8,1.0,0.2,25.0
RAW_CMIP6,MRI-ESM2-0,HOT_DRY,351008,LA_NINA,R50mm,0.0,0.0,0.0,0.0
RAW_CMIP6,MRI-ESM2-0,HOT_DRY,351008,LA_NINA,R95p,24.614,33.749,9.135,37.11
RAW_CMIP6,MRI-ESM2-0,HOT_DRY,351008,LA_NINA,R99p,0.0,0.0,0.0,0.0
RAW_CMIP6,MRI-ESM2-0,HOT_DRY,351008,LA_NINA,CDD,23.2,23.0,-0.2,-0.86
RAW_CMIP6,MRI-ESM2-0,HOT_DRY,351008,LA_NINA,CWD,11.0,13.0,2.0,18.18
RAW_CMIP6,MRI-ESM2-0,HOT_DRY,351009,EL_NINO,PRCPTOT,289.254,268.967,-20.287,-7.01
RAW_CMIP6,MRI-ESM2-0,HOT_DRY,351009,EL_NINO,wet_day_freq,39.508,42.955,3.447,8.72
RAW_CMIP6,MRI-ESM2-0,HOT_DRY,351009,EL_NINO,SDII,4.058,3.435,-0.623,-15.35
RAW_CMIP6,MRI-ESM2-0,HOT_DRY,351009,EL_NINO,Rx1day,18.538,14.055,-4.483,-24.18
RAW_CMIP6,MRI-ESM2-0,HOT_DRY,351009,EL_NINO,Rx5day,52.838,38.43,-14.408,-27.27
RAW_CMIP6,MRI-ESM2-0,HOT_DRY,351009,EL_NINO,R20mm,0.8,0.0,-0.8,-100.0
RAW_CMIP6,MRI-ESM2-0,HOT_DRY,351009,EL_NINO,R50mm,0.0,0.0,0.0,0.0
RAW_CMIP6,MRI-ESM2-0,HOT_DRY,351009,EL_NINO,R95p,40.742,23.47,-17.272,-42.39
RAW_CMIP6,MRI-ESM2-0,HOT_DRY,351009,EL_NINO,R99p,20.69,0.0,-20.69,-100.0
RAW_CMIP6,MRI-ESM2-0,HOT_DRY,351009,EL_NINO,CDD,23.2,23.5,0.3,1.29
RAW_CMIP6,MRI-ESM2-0,HOT_DRY,351009,EL_NINO,CWD,11.0,12.75,1.75,15.91
RAW_CMIP6,MRI-ESM2-0,HOT_DRY,351009,LA_NINA,PRCPTOT,289.254,315.611,26.357,9.11
RAW_CMIP6,MRI-ESM2-0,HOT_DRY,351009,LA_NINA,wet_day_freq,39.508,39.133,-0.375,-0.95
RAW_CMIP6,MRI-ESM2-0,HOT_DRY,351009,LA_NINA,SDII,4.058,4.346,0.288,7.09
RAW_CMIP6,MRI-ESM2-0,HOT_DRY,351009,LA_NINA,Rx1day,18.538,21.034,2.496,13.47
RAW_CMIP6,MRI-ESM2-0,HOT_DRY,351009,LA_NINA,Rx5day,52.838,59.014,6.176,11.69
RAW_CMIP6,MRI-ESM2-0,HOT_DRY,351009,LA_NINA,R20mm,0.8,1.0,0.2,25.0
RAW_CMIP6,MRI-ESM2-0,HOT_DRY,351009,LA_NINA,R50mm,0.0,0.0,0.0,0.0
RAW_CMIP6,MRI-ESM2-0,HOT_DRY,351009,LA_NINA,R95p,40.742,65.526,24.784,60.83
RAW_CMIP6,MRI-ESM2-0,HOT_DRY,351009,LA_NINA,R99p,20.69,25.349,4.659,22.52
RAW_CMIP6,MRI-ESM2-0,HOT_DRY,351009,LA_NINA,CDD,23.2,23.0,-0.2,-0.86
RAW_CMIP6,MRI-ESM2-0,HOT_DRY,351009,LA_NINA,CWD,11.0,13.0,2.0,18.18
RAW_CMIP6,MRI-ESM2-0,HOT_DRY,351010,EL_NINO,PRCPTOT,215.3,206.062,-9.238,-4.29
RAW_CMIP6,MRI-ESM2-0,HOT_DRY,351010,EL_NINO,wet_day_freq,28.474,30.938,2.463,8.65
RAW_CMIP6,MRI-ESM2-0,HOT_DRY,351010,EL_NINO,SDII,4.136,3.632,-0.504,-12.17
RAW_CMIP6,MRI-ESM2-0,HOT_DRY,351010,EL_NINO,Rx1day,15.66,15.758,0.097,0.62
RAW_CMIP6,MRI-ESM2-0,HOT_DRY,351010,EL_NINO,Rx5day,41.68,38.062,-3.617,-8.68
RAW_CMIP6,MRI-ESM2-0,HOT_DRY,351010,EL_NINO,R20mm,0.2,0.5,0.3,150.0
RAW_CMIP6,MRI-ESM2-0,HOT_DRY,351010,EL_NINO,R50mm,0.0,0.0,0.0,0.0
RAW_CMIP6,MRI-ESM2-0,HOT_DRY,351010,EL_NINO,R95p,22.22,24.18,1.96,8.82
RAW_CMIP6,MRI-ESM2-0,HOT_DRY,351010,EL_NINO,R99p,5.388,6.593,1.205,22.36
RAW_CMIP6,MRI-ESM2-0,HOT_DRY,351010,EL_NINO,CDD,32.6,30.5,-2.1,-6.44
RAW_CMIP6,MRI-ESM2-0,HOT_DRY,351010,EL_NINO,CWD,9.6,8.25,-1.35,-14.06
RAW_CMIP6,MRI-ESM2-0,HOT_DRY,351010,LA_NINA,PRCPTOT,215.3,243.677,28.377,13.18
RAW_CMIP6,MRI-ESM2-0,HOT_DRY,351010,LA_NINA,wet_day_freq,28.474,29.457,0.983,3.45
RAW_CMIP6,MRI-ESM2-0,HOT_DRY,351010,LA_NINA,SDII,4.136,4.541,0.405,9.79
RAW_CMIP6,MRI-ESM2-0,HOT_DRY,351010,LA_NINA,Rx1day,15.66,17.968,2.308,14.74
RAW_CMIP6,MRI-ESM2-0,HOT_DRY,351010,LA_NINA,Rx5day,41.68,49.222,7.542,18.1
RAW_CMIP6,MRI-ESM2-0,HOT_DRY,351010,LA_NINA,R20mm,0.2,0.556,0.356,177.78
RAW_CMIP6,MRI-ESM2-0,HOT_DRY,351010,LA_NINA,R50mm,0.0,0.0,0.0,0.0
RAW_CMIP6,MRI-ESM2-0,HOT_DRY,351010,LA_NINA,R95p,22.22,40.66,18.44,82.99
RAW_CMIP6,MRI-ESM2-0,HOT_DRY,351010,LA_NINA,R99p,5.388,13.287,7.899,146.6
RAW_CMIP6,MRI-ESM2-0,HOT_DRY,351010,LA_NINA,CDD,32.6,29.667,-2.933,-9.0
RAW_CMIP6,MRI-ESM2-0,HOT_DRY,351010,LA_NINA,CWD,9.6,11.444,1.844,19.21
RAW_CMIP6,MRI-ESM2-0,HOT_DRY,351011,EL_NINO,PRCPTOT,289.254,268.967,-20.287,-7.01
RAW_CMIP6,MRI-ESM2-0,HOT_DRY,351011,EL_NINO,wet_day_freq,39.508,42.955,3.447,8.72
RAW_CMIP6,MRI-ESM2-0,HOT_DRY,351011,EL_NINO,SDII,4.058,3.435,-0.623,-15.35
RAW_CMIP6,MRI-ESM2-0,HOT_DRY,351011,EL_NINO,Rx1day,18.538,14.055,-4.483,-24.18
RAW_CMIP6,MRI-ESM2-0,HOT_DRY,351011,EL_NINO,Rx5day,52.838,38.43,-14.408,-27.27
RAW_CMIP6,MRI-ESM2-0,HOT_DRY,351011,EL_NINO,R20mm,0.8,0.0,-0.8,-100.0
RAW_CMIP6,MRI-ESM2-0,HOT_DRY,351011,EL_NINO,R50mm,0.0,0.0,0.0,0.0
RAW_CMIP6,MRI-ESM2-0,HOT_DRY,351011,EL_NINO,R95p,0.0,0.0,0.0,0.0
RAW_CMIP6,MRI-ESM2-0,HOT_DRY,351011,EL_NINO,R99p,0.0,0.0,0.0,0.0
RAW_CMIP6,MRI-ESM2-0,HOT_DRY,351011,EL_NINO,CDD,23.2,23.5,0.3,1.29
RAW_CMIP6,MRI-ESM2-0,HOT_DRY,351011,EL_NINO,CWD,11.0,12.75,1.75,15.91
RAW_CMIP6,MRI-ESM2-0,HOT_DRY,351011,LA_NINA,PRCPTOT,289.254,315.611,26.357,9.11
RAW_CMIP6,MRI-ESM2-0,HOT_DRY,351011,LA_NINA,wet_day_freq,39.508,39.133,-0.375,-0.95
RAW_CMIP6,MRI-ESM2-0,HOT_DRY,351011,LA_NINA,SDII,4.058,4.346,0.288,7.09
RAW_CMIP6,MRI-ESM2-0,HOT_DRY,351011,LA_NINA,Rx1day,18.538,21.034,2.496,13.47
RAW_CMIP6,MRI-ESM2-0,HOT_DRY,351011,LA_NINA,Rx5day,52.838,59.014,6.176,11.69
RAW_CMIP6,MRI-ESM2-0,HOT_DRY,351011,LA_NINA,R20mm,0.8,1.0,0.2,25.0
RAW_CMIP6,MRI-ESM2-0,HOT_DRY,351011,LA_NINA,R50mm,0.0,0.0,0.0,0.0
RAW_CMIP6,MRI-ESM2-0,HOT_DRY,351011,LA_NINA,R95p,0.0,0.0,0.0,0.0
RAW_CMIP6,MRI-ESM2-0,HOT_DRY,351011,LA_NINA,R99p,0.0,0.0,0.0,0.0
RAW_CMIP6,MRI-ESM2-0,HOT_DRY,351011,LA_NINA,CDD,23.2,23.0,-0.2,-0.86
RAW_CMIP6,MRI-ESM2-0,HOT_DRY,351011,LA_NINA,CWD,11.0,13.0,2.0,18.18
RAW_CMIP6,MRI-ESM2-0,HOT_DRY,351012,EL_NINO,PRCPTOT,215.3,206.062,-9.238,-4.29
RAW_CMIP6,MRI-ESM2-0,HOT_DRY,351012,EL_NINO,wet_day_freq,28.474,30.938,2.463,8.65
RAW_CMIP6,MRI-ESM2-0,HOT_DRY,351012,EL_NINO,SDII,4.136,3.632,-0.504,-12.17
RAW_CMIP6,MRI-ESM2-0,HOT_DRY,351012,EL_NINO,Rx1day,15.66,15.758,0.097,0.62
RAW_CMIP6,MRI-ESM2-0,HOT_DRY,351012,EL_NINO,Rx5day,41.68,38.062,-3.617,-8.68
RAW_CMIP6,MRI-ESM2-0,HOT_DRY,351012,EL_NINO,R20mm,0.2,0.5,0.3,150.0
RAW_CMIP6,MRI-ESM2-0,HOT_DRY,351012,EL_NINO,R50mm,0.0,0.0,0.0,0.0
RAW_CMIP6,MRI-ESM2-0,HOT_DRY,351012,EL_NINO,R95p,0.0,0.0,0.0,0.0
RAW_CMIP6,MRI-ESM2-0,HOT_DRY,351012,EL_NINO,R99p,0.0,0.0,0.0,0.0
RAW_CMIP6,MRI-ESM2-0,HOT_DRY,351012,EL_NINO,CDD,32.6,30.5,-2.1,-6.44
RAW_CMIP6,MRI-ESM2-0,HOT_DRY,351012,EL_NINO,CWD,9.6,8.25,-1.35,-14.06
RAW_CMIP6,MRI-ESM2-0,HOT_DRY,351012,LA_NINA,PRCPTOT,215.3,243.677,28.377,13.18
RAW_CMIP6,MRI-ESM2-0,HOT_DRY,351012,LA_NINA,wet_day_freq,28.474,29.457,0.983,3.45
RAW_CMIP6,MRI-ESM2-0,HOT_DRY,351012,LA_NINA,SDII,4.136,4.541,0.405,9.79
RAW_CMIP6,MRI-ESM2-0,HOT_DRY,351012,LA_NINA,Rx1day,15.66,17.968,2.308,14.74
RAW_CMIP6,MRI-ESM2-0,HOT_DRY,351012,LA_NINA,Rx5day,41.68,49.222,7.542,18.1
RAW_CMIP6,MRI-ESM2-0,HOT_DRY,351012,LA_NINA,R20mm,0.2,0.556,0.356,177.78
RAW_CMIP6,MRI-ESM2-0,HOT_DRY,351012,LA_NINA,R50mm,0.0,0.0,0.0,0.0
RAW_CMIP6,MRI-ESM2-0,HOT_DRY,351012,LA_NINA,R95p,0.0,0.0,0.0,0.0
RAW_CMIP6,MRI-ESM2-0,HOT_DRY,351012,LA_NINA,R99p,0.0,0.0,0.0,0.0
RAW_CMIP6,MRI-ESM2-0,HOT_DRY,351012,LA_NINA,CDD,32.6,29.667,-2.933,-9.0
RAW_CMIP6,MRI-ESM2-0,HOT_DRY,351012,LA_NINA,CWD,9.6,11.444,1.844,19.21
RAW_CMIP6,MRI-ESM2-0,HOT_DRY,351201,EL_NINO,PRCPTOT,289.254,268.967,-20.287,-7.01
RAW_CMIP6,MRI-ESM2-0,HOT_DRY,351201,EL_NINO,wet_day_freq,39.508,42.955,3.447,8.72
RAW_CMIP6,MRI-ESM2-0,HOT_DRY,351201,EL_NINO,SDII,4.058,3.435,-0.623,-15.35
RAW_CMIP6,MRI-ESM2-0,HOT_DRY,351201,EL_NINO,Rx1day,18.538,14.055,-4.483,-24.18
RAW_CMIP6,MRI-ESM2-0,HOT_DRY,351201,EL_NINO,Rx5day,52.838,38.43,-14.408,-27.27
RAW_CMIP6,MRI-ESM2-0,HOT_DRY,351201,EL_NINO,R20mm,0.8,0.0,-0.8,-100.0
RAW_CMIP6,MRI-ESM2-0,HOT_DRY,351201,EL_NINO,R50mm,0.0,0.0,0.0,0.0
RAW_CMIP6,MRI-ESM2-0,HOT_DRY,351201,EL_NINO,R95p,0.0,0.0,0.0,0.0
RAW_CMIP6,MRI-ESM2-0,HOT_DRY,351201,EL_NINO,R99p,0.0,0.0,0.0,0.0
RAW_CMIP6,MRI-ESM2-0,HOT_DRY,351201,EL_NINO,CDD,23.2,23.5,0.3,1.29
RAW_CMIP6,MRI-ESM2-0,HOT_DRY,351201,EL_NINO,CWD,11.0,12.75,1.75,15.91
RAW_CMIP6,MRI-ESM2-0,HOT_DRY,351201,LA_NINA,PRCPTOT,289.254,315.611,26.357,9.11
RAW_CMIP6,MRI-ESM2-0,HOT_DRY,351201,LA_NINA,wet_day_freq,39.508,39.133,-0.375,-0.95
RAW_CMIP6,MRI-ESM2-0,HOT_DRY,351201,LA_NINA,SDII,4.058,4.346,0.288,7.09
RAW_CMIP6,MRI-ESM2-0,HOT_DRY,351201,LA_NINA,Rx1day,18.538,21.034,2.496,13.47
RAW_CMIP6,MRI-ESM2-0,HOT_DRY,351201,LA_NINA,Rx5day,52.838,59.014,6.176,11.69
RAW_CMIP6,MRI-ESM2-0,HOT_DRY,351201,LA_NINA,R20mm,0.8,1.0,0.2,25.0
RAW_CMIP6,MRI-ESM2-0,HOT_DRY,351201,LA_NINA,R50mm,0.0,0.0,0.0,0.0
RAW_CMIP6,MRI-ESM2-0,HOT_DRY,351201,LA_NINA,R95p,0.0,0.0,0.0,0.0
RAW_CMIP6,MRI-ESM2-0,HOT_DRY,351201,LA_NINA,R99p,0.0,0.0,0.0,0.0
RAW_CMIP6,MRI-ESM2-0,HOT_DRY,351201,LA_NINA,CDD,23.2,23.0,-0.2,-0.86
RAW_CMIP6,MRI-ESM2-0,HOT_DRY,351201,LA_NINA,CWD,11.0,13.0,2.0,18.18
RAW_CMIP6,MRI-ESM2-0,RAINY,351001,EL_NINO,PRCPTOT,644.945,426.4,-218.545,-33.89
RAW_CMIP6,MRI-ESM2-0,RAINY,351001,EL_NINO,wet_day_freq,56.703,50.545,-6.158,-10.86
RAW_CMIP6,MRI-ESM2-0,RAINY,351001,EL_NINO,SDII,5.893,4.575,-1.318,-22.37
RAW_CMIP6,MRI-ESM2-0,RAINY,351001,EL_NINO,Rx1day,37.647,22.74,-14.907,-39.6
RAW_CMIP6,MRI-ESM2-0,RAINY,351001,EL_NINO,Rx5day,107.758,60.05,-47.708,-44.27
RAW_CMIP6,MRI-ESM2-0,RAINY,351001,EL_NINO,R20mm,5.167,2.0,-3.167,-61.29
RAW_CMIP6,MRI-ESM2-0,RAINY,351001,EL_NINO,R50mm,0.5,0.0,-0.5,-100.0
RAW_CMIP6,MRI-ESM2-0,RAINY,351001,EL_NINO,R95p,43.782,0.0,-43.782,-100.0
RAW_CMIP6,MRI-ESM2-0,RAINY,351001,EL_NINO,R99p,27.057,0.0,-27.057,-100.0
RAW_CMIP6,MRI-ESM2-0,RAINY,351001,EL_NINO,CDD,19.167,27.0,7.833,40.87
RAW_CMIP6,MRI-ESM2-0,RAINY,351001,EL_NINO,CWD,17.167,18.0,0.833,4.85
RAW_CMIP6,MRI-ESM2-0,RAINY,351001,LA_NINA,PRCPTOT,644.945,558.46,-86.485,-13.41
RAW_CMIP6,MRI-ESM2-0,RAINY,351001,LA_NINA,wet_day_freq,56.703,57.282,0.579,1.02
RAW_CMIP6,MRI-ESM2-0,RAINY,351001,LA_NINA,SDII,5.893,5.252,-0.641,-10.88
RAW_CMIP6,MRI-ESM2-0,RAINY,351001,LA_NINA,Rx1day,37.647,28.574,-9.073,-24.1
RAW_CMIP6,MRI-ESM2-0,RAINY,351001,LA_NINA,Rx5day,107.758,72.692,-35.066,-32.54
RAW_CMIP6,MRI-ESM2-0,RAINY,351001,LA_NINA,R20mm,5.167,2.2,-2.967,-57.42
RAW_CMIP6,MRI-ESM2-0,RAINY,351001,LA_NINA,R50mm,0.5,0.2,-0.3,-60.0
RAW_CMIP6,MRI-ESM2-0,RAINY,351001,LA_NINA,R95p,43.782,10.938,-32.844,-75.02
RAW_CMIP6,MRI-ESM2-0,RAINY,351001,LA_NINA,R99p,27.057,0.0,-27.057,-100.0
RAW_CMIP6,MRI-ESM2-0,RAINY,351001,LA_NINA,CDD,19.167,17.8,-1.367,-7.13
RAW_CMIP6,MRI-ESM2-0,RAINY,351001,LA_NINA,CWD,17.167,16.8,-0.367,-2.14
RAW_CMIP6,MRI-ESM2-0,RAINY,351002,EL_NINO,PRCPTOT,644.945,426.4,-218.545,-33.89
RAW_CMIP6,MRI-ESM2-0,RAINY,351002,EL_NINO,wet_day_freq,56.703,50.545,-6.158,-10.86
RAW_CMIP6,MRI-ESM2-0,RAINY,351002,EL_NINO,SDII,5.893,4.575,-1.318,-22.37
RAW_CMIP6,MRI-ESM2-0,RAINY,351002,EL_NINO,Rx1day,37.647,22.74,-14.907,-39.6
RAW_CMIP6,MRI-ESM2-0,RAINY,351002,EL_NINO,Rx5day,107.758,60.05,-47.708,-44.27
RAW_CMIP6,MRI-ESM2-0,RAINY,351002,EL_NINO,R20mm,5.167,2.0,-3.167,-61.29
RAW_CMIP6,MRI-ESM2-0,RAINY,351002,EL_NINO,R50mm,0.5,0.0,-0.5,-100.0
RAW_CMIP6,MRI-ESM2-0,RAINY,351002,EL_NINO,R95p,43.782,0.0,-43.782,-100.0
RAW_CMIP6,MRI-ESM2-0,RAINY,351002,EL_NINO,R99p,27.057,0.0,-27.057,-100.0
RAW_CMIP6,MRI-ESM2-0,RAINY,351002,EL_NINO,CDD,19.167,27.0,7.833,40.87
RAW_CMIP6,MRI-ESM2-0,RAINY,351002,EL_NINO,CWD,17.167,18.0,0.833,4.85
RAW_CMIP6,MRI-ESM2-0,RAINY,351002,LA_NINA,PRCPTOT,644.945,558.46,-86.485,-13.41
RAW_CMIP6,MRI-ESM2-0,RAINY,351002,LA_NINA,wet_day_freq,56.703,57.282,0.579,1.02
RAW_CMIP6,MRI-ESM2-0,RAINY,351002,LA_NINA,SDII,5.893,5.252,-0.641,-10.88
RAW_CMIP6,MRI-ESM2-0,RAINY,351002,LA_NINA,Rx1day,37.647,28.574,-9.073,-24.1
RAW_CMIP6,MRI-ESM2-0,RAINY,351002,LA_NINA,Rx5day,107.758,72.692,-35.066,-32.54
RAW_CMIP6,MRI-ESM2-0,RAINY,351002,LA_NINA,R20mm,5.167,2.2,-2.967,-57.42
RAW_CMIP6,MRI-ESM2-0,RAINY,351002,LA_NINA,R50mm,0.5,0.2,-0.3,-60.0
RAW_CMIP6,MRI-ESM2-0,RAINY,351002,LA_NINA,R95p,43.782,10.938,-32.844,-75.02
RAW_CMIP6,MRI-ESM2-0,RAINY,351002,LA_NINA,R99p,27.057,0.0,-27.057,-100.0
RAW_CMIP6,MRI-ESM2-0,RAINY,351002,LA_NINA,CDD,19.167,17.8,-1.367,-7.13
RAW_CMIP6,MRI-ESM2-0,RAINY,351002,LA_NINA,CWD,17.167,16.8,-0.367,-2.14
RAW_CMIP6,MRI-ESM2-0,RAINY,351003,EL_NINO,PRCPTOT,644.945,426.4,-218.545,-33.89
RAW_CMIP6,MRI-ESM2-0,RAINY,351003,EL_NINO,wet_day_freq,56.703,50.545,-6.158,-10.86
RAW_CMIP6,MRI-ESM2-0,RAINY,351003,EL_NINO,SDII,5.893,4.575,-1.318,-22.37
RAW_CMIP6,MRI-ESM2-0,RAINY,351003,EL_NINO,Rx1day,37.647,22.74,-14.907,-39.6
RAW_CMIP6,MRI-ESM2-0,RAINY,351003,EL_NINO,Rx5day,107.758,60.05,-47.708,-44.27
RAW_CMIP6,MRI-ESM2-0,RAINY,351003,EL_NINO,R20mm,5.167,2.0,-3.167,-61.29
RAW_CMIP6,MRI-ESM2-0,RAINY,351003,EL_NINO,R50mm,0.5,0.0,-0.5,-100.0
RAW_CMIP6,MRI-ESM2-0,RAINY,351003,EL_NINO,R95p,43.782,0.0,-43.782,-100.0
RAW_CMIP6,MRI-ESM2-0,RAINY,351003,EL_NINO,R99p,27.057,0.0,-27.057,-100.0
RAW_CMIP6,MRI-ESM2-0,RAINY,351003,EL_NINO,CDD,19.167,27.0,7.833,40.87
RAW_CMIP6,MRI-ESM2-0,RAINY,351003,EL_NINO,CWD,17.167,18.0,0.833,4.85
RAW_CMIP6,MRI-ESM2-0,RAINY,351003,LA_NINA,PRCPTOT,644.945,558.46,-86.485,-13.41
RAW_CMIP6,MRI-ESM2-0,RAINY,351003,LA_NINA,wet_day_freq,56.703,57.282,0.579,1.02
RAW_CMIP6,MRI-ESM2-0,RAINY,351003,LA_NINA,SDII,5.893,5.252,-0.641,-10.88
RAW_CMIP6,MRI-ESM2-0,RAINY,351003,LA_NINA,Rx1day,37.647,28.574,-9.073,-24.1
RAW_CMIP6,MRI-ESM2-0,RAINY,351003,LA_NINA,Rx5day,107.758,72.692,-35.066,-32.54
RAW_CMIP6,MRI-ESM2-0,RAINY,351003,LA_NINA,R20mm,5.167,2.2,-2.967,-57.42
RAW_CMIP6,MRI-ESM2-0,RAINY,351003,LA_NINA,R50mm,0.5,0.2,-0.3,-60.0
RAW_CMIP6,MRI-ESM2-0,RAINY,351003,LA_NINA,R95p,43.782,10.938,-32.844,-75.02
RAW_CMIP6,MRI-ESM2-0,RAINY,351003,LA_NINA,R99p,27.057,0.0,-27.057,-100.0
RAW_CMIP6,MRI-ESM2-0,RAINY,351003,LA_NINA,CDD,19.167,17.8,-1.367,-7.13
RAW_CMIP6,MRI-ESM2-0,RAINY,351003,LA_NINA,CWD,17.167,16.8,-0.367,-2.14
RAW_CMIP6,MRI-ESM2-0,RAINY,351004,EL_NINO,PRCPTOT,644.945,426.4,-218.545,-33.89
RAW_CMIP6,MRI-ESM2-0,RAINY,351004,EL_NINO,wet_day_freq,56.703,50.545,-6.158,-10.86
RAW_CMIP6,MRI-ESM2-0,RAINY,351004,EL_NINO,SDII,5.893,4.575,-1.318,-22.37
RAW_CMIP6,MRI-ESM2-0,RAINY,351004,EL_NINO,Rx1day,37.647,22.74,-14.907,-39.6
RAW_CMIP6,MRI-ESM2-0,RAINY,351004,EL_NINO,Rx5day,107.758,60.05,-47.708,-44.27
RAW_CMIP6,MRI-ESM2-0,RAINY,351004,EL_NINO,R20mm,5.167,2.0,-3.167,-61.29
RAW_CMIP6,MRI-ESM2-0,RAINY,351004,EL_NINO,R50mm,0.5,0.0,-0.5,-100.0
RAW_CMIP6,MRI-ESM2-0,RAINY,351004,EL_NINO,R95p,43.782,0.0,-43.782,-100.0
RAW_CMIP6,MRI-ESM2-0,RAINY,351004,EL_NINO,R99p,14.22,0.0,-14.22,-100.0
RAW_CMIP6,MRI-ESM2-0,RAINY,351004,EL_NINO,CDD,19.167,27.0,7.833,40.87
RAW_CMIP6,MRI-ESM2-0,RAINY,351004,EL_NINO,CWD,17.167,18.0,0.833,4.85
RAW_CMIP6,MRI-ESM2-0,RAINY,351004,LA_NINA,PRCPTOT,644.945,558.46,-86.485,-13.41
RAW_CMIP6,MRI-ESM2-0,RAINY,351004,LA_NINA,wet_day_freq,56.703,57.282,0.579,1.02
RAW_CMIP6,MRI-ESM2-0,RAINY,351004,LA_NINA,SDII,5.893,5.252,-0.641,-10.88
RAW_CMIP6,MRI-ESM2-0,RAINY,351004,LA_NINA,Rx1day,37.647,28.574,-9.073,-24.1
RAW_CMIP6,MRI-ESM2-0,RAINY,351004,LA_NINA,Rx5day,107.758,72.692,-35.066,-32.54
RAW_CMIP6,MRI-ESM2-0,RAINY,351004,LA_NINA,R20mm,5.167,2.2,-2.967,-57.42
RAW_CMIP6,MRI-ESM2-0,RAINY,351004,LA_NINA,R50mm,0.5,0.2,-0.3,-60.0
RAW_CMIP6,MRI-ESM2-0,RAINY,351004,LA_NINA,R95p,43.782,10.938,-32.844,-75.02
RAW_CMIP6,MRI-ESM2-0,RAINY,351004,LA_NINA,R99p,14.22,0.0,-14.22,-100.0
RAW_CMIP6,MRI-ESM2-0,RAINY,351004,LA_NINA,CDD,19.167,17.8,-1.367,-7.13
RAW_CMIP6,MRI-ESM2-0,RAINY,351004,LA_NINA,CWD,17.167,16.8,-0.367,-2.14
RAW_CMIP6,MRI-ESM2-0,RAINY,351005,EL_NINO,PRCPTOT,644.945,426.4,-218.545,-33.89
RAW_CMIP6,MRI-ESM2-0,RAINY,351005,EL_NINO,wet_day_freq,56.703,50.545,-6.158,-10.86
RAW_CMIP6,MRI-ESM2-0,RAINY,351005,EL_NINO,SDII,5.893,4.575,-1.318,-22.37
RAW_CMIP6,MRI-ESM2-0,RAINY,351005,EL_NINO,Rx1day,37.647,22.74,-14.907,-39.6
RAW_CMIP6,MRI-ESM2-0,RAINY,351005,EL_NINO,Rx5day,107.758,60.05,-47.708,-44.27
RAW_CMIP6,MRI-ESM2-0,RAINY,351005,EL_NINO,R20mm,5.167,2.0,-3.167,-61.29
RAW_CMIP6,MRI-ESM2-0,RAINY,351005,EL_NINO,R50mm,0.5,0.0,-0.5,-100.0
RAW_CMIP6,MRI-ESM2-0,RAINY,351005,EL_NINO,R95p,43.782,0.0,-43.782,-100.0
RAW_CMIP6,MRI-ESM2-0,RAINY,351005,EL_NINO,R99p,27.057,0.0,-27.057,-100.0
RAW_CMIP6,MRI-ESM2-0,RAINY,351005,EL_NINO,CDD,19.167,27.0,7.833,40.87
RAW_CMIP6,MRI-ESM2-0,RAINY,351005,EL_NINO,CWD,17.167,18.0,0.833,4.85
RAW_CMIP6,MRI-ESM2-0,RAINY,351005,LA_NINA,PRCPTOT,644.945,558.46,-86.485,-13.41
RAW_CMIP6,MRI-ESM2-0,RAINY,351005,LA_NINA,wet_day_freq,56.703,57.282,0.579,1.02
RAW_CMIP6,MRI-ESM2-0,RAINY,351005,LA_NINA,SDII,5.893,5.252,-0.641,-10.88
RAW_CMIP6,MRI-ESM2-0,RAINY,351005,LA_NINA,Rx1day,37.647,28.574,-9.073,-24.1
RAW_CMIP6,MRI-ESM2-0,RAINY,351005,LA_NINA,Rx5day,107.758,72.692,-35.066,-32.54
RAW_CMIP6,MRI-ESM2-0,RAINY,351005,LA_NINA,R20mm,5.167,2.2,-2.967,-57.42
RAW_CMIP6,MRI-ESM2-0,RAINY,351005,LA_NINA,R50mm,0.5,0.2,-0.3,-60.0
RAW_CMIP6,MRI-ESM2-0,RAINY,351005,LA_NINA,R95p,43.782,10.938,-32.844,-75.02
RAW_CMIP6,MRI-ESM2-0,RAINY,351005,LA_NINA,R99p,27.057,0.0,-27.057,-100.0
RAW_CMIP6,MRI-ESM2-0,RAINY,351005,LA_NINA,CDD,19.167,17.8,-1.367,-7.13
RAW_CMIP6,MRI-ESM2-0,RAINY,351005,LA_NINA,CWD,17.167,16.8,-0.367,-2.14
RAW_CMIP6,MRI-ESM2-0,RAINY,351006,EL_NINO,PRCPTOT,570.265,391.825,-178.44,-31.29
RAW_CMIP6,MRI-ESM2-0,RAINY,351006,EL_NINO,wet_day_freq,49.728,45.65,-4.078,-8.2
RAW_CMIP6,MRI-ESM2-0,RAINY,351006,EL_NINO,SDII,6.05,4.645,-1.405,-23.22
RAW_CMIP6,MRI-ESM2-0,RAINY,351006,EL_NINO,Rx1day,36.34,27.09,-9.25,-25.45
RAW_CMIP6,MRI-ESM2-0,RAINY,351006,EL_NINO,Rx5day,92.258,62.55,-29.708,-32.2
RAW_CMIP6,MRI-ESM2-0,RAINY,351006,EL_NINO,R20mm,4.333,1.5,-2.833,-65.38
RAW_CMIP6,MRI-ESM2-0,RAINY,351006,EL_NINO,R50mm,0.333,0.0,-0.333,-100.0
RAW_CMIP6,MRI-ESM2-0,RAINY,351006,EL_NINO,R95p,120.355,39.885,-80.47,-66.86
RAW_CMIP6,MRI-ESM2-0,RAINY,351006,EL_NINO,R99p,34.228,0.0,-34.228,-100.0
RAW_CMIP6,MRI-ESM2-0,RAINY,351006,EL_NINO,CDD,15.0,27.0,12.0,80.0
RAW_CMIP6,MRI-ESM2-0,RAINY,351006,EL_NINO,CWD,17.333,15.5,-1.833,-10.58
RAW_CMIP6,MRI-ESM2-0,RAINY,351006,LA_NINA,PRCPTOT,570.265,497.342,-72.923,-12.79
RAW_CMIP6,MRI-ESM2-0,RAINY,351006,LA_NINA,wet_day_freq,49.728,51.306,1.578,3.17
RAW_CMIP6,MRI-ESM2-0,RAINY,351006,LA_NINA,SDII,6.05,5.26,-0.79,-13.06
RAW_CMIP6,MRI-ESM2-0,RAINY,351006,LA_NINA,Rx1day,36.34,33.28,-3.06,-8.42
RAW_CMIP6,MRI-ESM2-0,RAINY,351006,LA_NINA,Rx5day,92.258,78.266,-13.992,-15.17
RAW_CMIP6,MRI-ESM2-0,RAINY,351006,LA_NINA,R20mm,4.333,1.8,-2.533,-58.46
RAW_CMIP6,MRI-ESM2-0,RAINY,351006,LA_NINA,R50mm,0.333,0.2,-0.133,-40.0
RAW_CMIP6,MRI-ESM2-0,RAINY,351006,LA_NINA,R95p,120.355,53.61,-66.745,-55.46
RAW_CMIP6,MRI-ESM2-0,RAINY,351006,LA_NINA,R99p,34.228,12.856,-21.372,-62.44
RAW_CMIP6,MRI-ESM2-0,RAINY,351006,LA_NINA,CDD,15.0,18.2,3.2,21.33
RAW_CMIP6,MRI-ESM2-0,RAINY,351006,LA_NINA,CWD,17.333,13.0,-4.333,-25.0
RAW_CMIP6,MRI-ESM2-0,RAINY,351007,EL_NINO,PRCPTOT,699.122,553.705,-145.417,-20.8
RAW_CMIP6,MRI-ESM2-0,RAINY,351007,EL_NINO,wet_day_freq,69.295,67.66,-1.635,-2.36
RAW_CMIP6,MRI-ESM2-0,RAINY,351007,EL_NINO,SDII,5.502,4.455,-1.047,-19.02
RAW_CMIP6,MRI-ESM2-0,RAINY,351007,EL_NINO,Rx1day,36.04,33.35,-2.69,-7.46
RAW_CMIP6,MRI-ESM2-0,RAINY,351007,EL_NINO,Rx5day,98.99,81.715,-17.275,-17.45
RAW_CMIP6,MRI-ESM2-0,RAINY,351007,EL_NINO,R20mm,4.667,2.0,-2.667,-57.14
RAW_CMIP6,MRI-ESM2-0,RAINY,351007,EL_NINO,R50mm,0.333,0.0,-0.333,-100.0
RAW_CMIP6,MRI-ESM2-0,RAINY,351007,EL_NINO,R95p,142.475,68.5,-73.975,-51.92
RAW_CMIP6,MRI-ESM2-0,RAINY,351007,EL_NINO,R99p,27.452,0.0,-27.452,-100.0
RAW_CMIP6,MRI-ESM2-0,RAINY,351007,EL_NINO,CDD,9.0,11.5,2.5,27.78
RAW_CMIP6,MRI-ESM2-0,RAINY,351007,EL_NINO,CWD,21.167,23.5,2.333,11.02
RAW_CMIP6,MRI-ESM2-0,RAINY,351007,LA_NINA,PRCPTOT,699.122,617.26,-81.862,-11.71
RAW_CMIP6,MRI-ESM2-0,RAINY,351007,LA_NINA,wet_day_freq,69.295,69.782,0.487,0.7
RAW_CMIP6,MRI-ESM2-0,RAINY,351007,LA_NINA,SDII,5.502,4.836,-0.666,-12.1
RAW_CMIP6,MRI-ESM2-0,RAINY,351007,LA_NINA,Rx1day,36.04,31.08,-4.96,-13.76
RAW_CMIP6,MRI-ESM2-0,RAINY,351007,LA_NINA,Rx5day,98.99,87.89,-11.1,-11.21
RAW_CMIP6,MRI-ESM2-0,RAINY,351007,LA_NINA,R20mm,4.667,2.6,-2.067,-44.29
RAW_CMIP6,MRI-ESM2-0,RAINY,351007,LA_NINA,R50mm,0.333,0.0,-0.333,-100.0
RAW_CMIP6,MRI-ESM2-0,RAINY,351007,LA_NINA,R95p,142.475,72.102,-70.373,-49.39
RAW_CMIP6,MRI-ESM2-0,RAINY,351007,LA_NINA,R99p,27.452,9.716,-17.736,-64.61
RAW_CMIP6,MRI-ESM2-0,RAINY,351007,LA_NINA,CDD,9.0,10.2,1.2,13.33
RAW_CMIP6,MRI-ESM2-0,RAINY,351007,LA_NINA,CWD,21.167,19.8,-1.367,-6.46
RAW_CMIP6,MRI-ESM2-0,RAINY,351008,EL_NINO,PRCPTOT,644.945,426.4,-218.545,-33.89
RAW_CMIP6,MRI-ESM2-0,RAINY,351008,EL_NINO,wet_day_freq,56.703,50.545,-6.158,-10.86
RAW_CMIP6,MRI-ESM2-0,RAINY,351008,EL_NINO,SDII,5.893,4.575,-1.318,-22.37
RAW_CMIP6,MRI-ESM2-0,RAINY,351008,EL_NINO,Rx1day,37.647,22.74,-14.907,-39.6
RAW_CMIP6,MRI-ESM2-0,RAINY,351008,EL_NINO,Rx5day,107.758,60.05,-47.708,-44.27
RAW_CMIP6,MRI-ESM2-0,RAINY,351008,EL_NINO,R20mm,5.167,2.0,-3.167,-61.29
RAW_CMIP6,MRI-ESM2-0,RAINY,351008,EL_NINO,R50mm,0.5,0.0,-0.5,-100.0
RAW_CMIP6,MRI-ESM2-0,RAINY,351008,EL_NINO,R95p,173.477,61.73,-111.747,-64.42
RAW_CMIP6,MRI-ESM2-0,RAINY,351008,EL_NINO,R99p,43.782,0.0,-43.782,-100.0
RAW_CMIP6,MRI-ESM2-0,RAINY,351008,EL_NINO,CDD,19.167,27.0,7.833,40.87
RAW_CMIP6,MRI-ESM2-0,RAINY,351008,EL_NINO,CWD,17.167,18.0,0.833,4.85
RAW_CMIP6,MRI-ESM2-0,RAINY,351008,LA_NINA,PRCPTOT,644.945,558.46,-86.485,-13.41
RAW_CMIP6,MRI-ESM2-0,RAINY,351008,LA_NINA,wet_day_freq,56.703,57.282,0.579,1.02
RAW_CMIP6,MRI-ESM2-0,RAINY,351008,LA_NINA,SDII,5.893,5.252,-0.641,-10.88
RAW_CMIP6,MRI-ESM2-0,RAINY,351008,LA_NINA,Rx1day,37.647,28.574,-9.073,-24.1
RAW_CMIP6,MRI-ESM2-0,RAINY,351008,LA_NINA,Rx5day,107.758,72.692,-35.066,-32.54
RAW_CMIP6,MRI-ESM2-0,RAINY,351008,LA_NINA,R20mm,5.167,2.2,-2.967,-57.42
RAW_CMIP6,MRI-ESM2-0,RAINY,351008,LA_NINA,R50mm,0.5,0.2,-0.3,-60.0
RAW_CMIP6,MRI-ESM2-0,RAINY,351008,LA_NINA,R95p,173.477,72.466,-101.011,-58.23
RAW_CMIP6,MRI-ESM2-0,RAINY,351008,LA_NINA,R99p,43.782,10.938,-32.844,-75.02
RAW_CMIP6,MRI-ESM2-0,RAINY,351008,LA_NINA,CDD,19.167,17.8,-1.367,-7.13
RAW_CMIP6,MRI-ESM2-0,RAINY,351008,LA_NINA,CWD,17.167,16.8,-0.367,-2.14
RAW_CMIP6,MRI-ESM2-0,RAINY,351009,EL_NINO,PRCPTOT,644.945,426.4,-218.545,-33.89
RAW_CMIP6,MRI-ESM2-0,RAINY,351009,EL_NINO,wet_day_freq,56.703,50.545,-6.158,-10.86
RAW_CMIP6,MRI-ESM2-0,RAINY,351009,EL_NINO,SDII,5.893,4.575,-1.318,-22.37
RAW_CMIP6,MRI-ESM2-0,RAINY,351009,EL_NINO,Rx1day,37.647,22.74,-14.907,-39.6
RAW_CMIP6,MRI-ESM2-0,RAINY,351009,EL_NINO,Rx5day,107.758,60.05,-47.708,-44.27
RAW_CMIP6,MRI-ESM2-0,RAINY,351009,EL_NINO,R20mm,5.167,2.0,-3.167,-61.29
RAW_CMIP6,MRI-ESM2-0,RAINY,351009,EL_NINO,R50mm,0.5,0.0,-0.5,-100.0
RAW_CMIP6,MRI-ESM2-0,RAINY,351009,EL_NINO,R95p,252.462,97.415,-155.047,-61.41
RAW_CMIP6,MRI-ESM2-0,RAINY,351009,EL_NINO,R99p,154.683,43.225,-111.458,-72.06
RAW_CMIP6,MRI-ESM2-0,RAINY,351009,EL_NINO,CDD,19.167,27.0,7.833,40.87
RAW_CMIP6,MRI-ESM2-0,RAINY,351009,EL_NINO,CWD,17.167,18.0,0.833,4.85
RAW_CMIP6,MRI-ESM2-0,RAINY,351009,LA_NINA,PRCPTOT,644.945,558.46,-86.485,-13.41
RAW_CMIP6,MRI-ESM2-0,RAINY,351009,LA_NINA,wet_day_freq,56.703,57.282,0.579,1.02
RAW_CMIP6,MRI-ESM2-0,RAINY,351009,LA_NINA,SDII,5.893,5.252,-0.641,-10.88
RAW_CMIP6,MRI-ESM2-0,RAINY,351009,LA_NINA,Rx1day,37.647,28.574,-9.073,-24.1
RAW_CMIP6,MRI-ESM2-0,RAINY,351009,LA_NINA,Rx5day,107.758,72.692,-35.066,-32.54
RAW_CMIP6,MRI-ESM2-0,RAINY,351009,LA_NINA,R20mm,5.167,2.2,-2.967,-57.42
RAW_CMIP6,MRI-ESM2-0,RAINY,351009,LA_NINA,R50mm,0.5,0.2,-0.3,-60.0
RAW_CMIP6,MRI-ESM2-0,RAINY,351009,LA_NINA,R95p,252.462,138.34,-114.122,-45.2
RAW_CMIP6,MRI-ESM2-0,RAINY,351009,LA_NINA,R99p,154.683,61.338,-93.345,-60.35
RAW_CMIP6,MRI-ESM2-0,RAINY,351009,LA_NINA,CDD,19.167,17.8,-1.367,-7.13
RAW_CMIP6,MRI-ESM2-0,RAINY,351009,LA_NINA,CWD,17.167,16.8,-0.367,-2.14
RAW_CMIP6,MRI-ESM2-0,RAINY,351010,EL_NINO,PRCPTOT,570.265,391.825,-178.44,-31.29
RAW_CMIP6,MRI-ESM2-0,RAINY,351010,EL_NINO,wet_day_freq,49.728,45.65,-4.078,-8.2
RAW_CMIP6,MRI-ESM2-0,RAINY,351010,EL_NINO,SDII,6.05,4.645,-1.405,-23.22
RAW_CMIP6,MRI-ESM2-0,RAINY,351010,EL_NINO,Rx1day,36.34,27.09,-9.25,-25.45
RAW_CMIP6,MRI-ESM2-0,RAINY,351010,EL_NINO,Rx5day,92.258,62.55,-29.708,-32.2
RAW_CMIP6,MRI-ESM2-0,RAINY,351010,EL_NINO,R20mm,4.333,1.5,-2.833,-65.38
RAW_CMIP6,MRI-ESM2-0,RAINY,351010,EL_NINO,R50mm,0.333,0.0,-0.333,-100.0
RAW_CMIP6,MRI-ESM2-0,RAINY,351010,EL_NINO,R95p,189.387,66.69,-122.697,-64.79
RAW_CMIP6,MRI-ESM2-0,RAINY,351010,EL_NINO,R99p,92.787,39.885,-52.902,-57.01
RAW_CMIP6,MRI-ESM2-0,RAINY,351010,EL_NINO,CDD,15.0,27.0,12.0,80.0
RAW_CMIP6,MRI-ESM2-0,RAINY,351010,EL_NINO,CWD,17.333,15.5,-1.833,-10.58
RAW_CMIP6,MRI-ESM2-0,RAINY,351010,LA_NINA,PRCPTOT,570.265,497.342,-72.923,-12.79
RAW_CMIP6,MRI-ESM2-0,RAINY,351010,LA_NINA,wet_day_freq,49.728,51.306,1.578,3.17
RAW_CMIP6,MRI-ESM2-0,RAINY,351010,LA_NINA,SDII,6.05,5.26,-0.79,-13.06
RAW_CMIP6,MRI-ESM2-0,RAINY,351010,LA_NINA,Rx1day,36.34,33.28,-3.06,-8.42
RAW_CMIP6,MRI-ESM2-0,RAINY,351010,LA_NINA,Rx5day,92.258,78.266,-13.992,-15.17
RAW_CMIP6,MRI-ESM2-0,RAINY,351010,LA_NINA,R20mm,4.333,1.8,-2.533,-58.46
RAW_CMIP6,MRI-ESM2-0,RAINY,351010,LA_NINA,R50mm,0.333,0.2,-0.133,-40.0
RAW_CMIP6,MRI-ESM2-0,RAINY,351010,LA_NINA,R95p,189.387,98.776,-90.611,-47.84
RAW_CMIP6,MRI-ESM2-0,RAINY,351010,LA_NINA,R99p,92.787,53.61,-39.177,-42.22
RAW_CMIP6,MRI-ESM2-0,RAINY,351010,LA_NINA,CDD,15.0,18.2,3.2,21.33
RAW_CMIP6,MRI-ESM2-0,RAINY,351010,LA_NINA,CWD,17.333,13.0,-4.333,-25.0
RAW_CMIP6,MRI-ESM2-0,RAINY,351011,EL_NINO,PRCPTOT,644.945,426.4,-218.545,-33.89
RAW_CMIP6,MRI-ESM2-0,RAINY,351011,EL_NINO,wet_day_freq,56.703,50.545,-6.158,-10.86
RAW_CMIP6,MRI-ESM2-0,RAINY,351011,EL_NINO,SDII,5.893,4.575,-1.318,-22.37
RAW_CMIP6,MRI-ESM2-0,RAINY,351011,EL_NINO,Rx1day,37.647,22.74,-14.907,-39.6
RAW_CMIP6,MRI-ESM2-0,RAINY,351011,EL_NINO,Rx5day,107.758,60.05,-47.708,-44.27
RAW_CMIP6,MRI-ESM2-0,RAINY,351011,EL_NINO,R20mm,5.167,2.0,-3.167,-61.29
RAW_CMIP6,MRI-ESM2-0,RAINY,351011,EL_NINO,R50mm,0.5,0.0,-0.5,-100.0
RAW_CMIP6,MRI-ESM2-0,RAINY,351011,EL_NINO,R95p,43.782,0.0,-43.782,-100.0
RAW_CMIP6,MRI-ESM2-0,RAINY,351011,EL_NINO,R99p,0.0,0.0,0.0,0.0
RAW_CMIP6,MRI-ESM2-0,RAINY,351011,EL_NINO,CDD,19.167,27.0,7.833,40.87
RAW_CMIP6,MRI-ESM2-0,RAINY,351011,EL_NINO,CWD,17.167,18.0,0.833,4.85
RAW_CMIP6,MRI-ESM2-0,RAINY,351011,LA_NINA,PRCPTOT,644.945,558.46,-86.485,-13.41
RAW_CMIP6,MRI-ESM2-0,RAINY,351011,LA_NINA,wet_day_freq,56.703,57.282,0.579,1.02
RAW_CMIP6,MRI-ESM2-0,RAINY,351011,LA_NINA,SDII,5.893,5.252,-0.641,-10.88
RAW_CMIP6,MRI-ESM2-0,RAINY,351011,LA_NINA,Rx1day,37.647,28.574,-9.073,-24.1
RAW_CMIP6,MRI-ESM2-0,RAINY,351011,LA_NINA,Rx5day,107.758,72.692,-35.066,-32.54
RAW_CMIP6,MRI-ESM2-0,RAINY,351011,LA_NINA,R20mm,5.167,2.2,-2.967,-57.42
RAW_CMIP6,MRI-ESM2-0,RAINY,351011,LA_NINA,R50mm,0.5,0.2,-0.3,-60.0
RAW_CMIP6,MRI-ESM2-0,RAINY,351011,LA_NINA,R95p,43.782,10.938,-32.844,-75.02
RAW_CMIP6,MRI-ESM2-0,RAINY,351011,LA_NINA,R99p,0.0,0.0,0.0,0.0
RAW_CMIP6,MRI-ESM2-0,RAINY,351011,LA_NINA,CDD,19.167,17.8,-1.367,-7.13
RAW_CMIP6,MRI-ESM2-0,RAINY,351011,LA_NINA,CWD,17.167,16.8,-0.367,-2.14
RAW_CMIP6,MRI-ESM2-0,RAINY,351012,EL_NINO,PRCPTOT,570.265,391.825,-178.44,-31.29
RAW_CMIP6,MRI-ESM2-0,RAINY,351012,EL_NINO,wet_day_freq,49.728,45.65,-4.078,-8.2
RAW_CMIP6,MRI-ESM2-0,RAINY,351012,EL_NINO,SDII,6.05,4.645,-1.405,-23.22
RAW_CMIP6,MRI-ESM2-0,RAINY,351012,EL_NINO,Rx1day,36.34,27.09,-9.25,-25.45
RAW_CMIP6,MRI-ESM2-0,RAINY,351012,EL_NINO,Rx5day,92.258,62.55,-29.708,-32.2
RAW_CMIP6,MRI-ESM2-0,RAINY,351012,EL_NINO,R20mm,4.333,1.5,-2.833,-65.38
RAW_CMIP6,MRI-ESM2-0,RAINY,351012,EL_NINO,R50mm,0.333,0.0,-0.333,-100.0
RAW_CMIP6,MRI-ESM2-0,RAINY,351012,EL_NINO,R95p,20.775,0.0,-20.775,-100.0
RAW_CMIP6,MRI-ESM2-0,RAINY,351012,EL_NINO,R99p,0.0,0.0,0.0,0.0
RAW_CMIP6,MRI-ESM2-0,RAINY,351012,EL_NINO,CDD,15.0,27.0,12.0,80.0
RAW_CMIP6,MRI-ESM2-0,RAINY,351012,EL_NINO,CWD,17.333,15.5,-1.833,-10.58
RAW_CMIP6,MRI-ESM2-0,RAINY,351012,LA_NINA,PRCPTOT,570.265,497.342,-72.923,-12.79
RAW_CMIP6,MRI-ESM2-0,RAINY,351012,LA_NINA,wet_day_freq,49.728,51.306,1.578,3.17
RAW_CMIP6,MRI-ESM2-0,RAINY,351012,LA_NINA,SDII,6.05,5.26,-0.79,-13.06
RAW_CMIP6,MRI-ESM2-0,RAINY,351012,LA_NINA,Rx1day,36.34,33.28,-3.06,-8.42
RAW_CMIP6,MRI-ESM2-0,RAINY,351012,LA_NINA,Rx5day,92.258,78.266,-13.992,-15.17
RAW_CMIP6,MRI-ESM2-0,RAINY,351012,LA_NINA,R20mm,4.333,1.8,-2.533,-58.46
RAW_CMIP6,MRI-ESM2-0,RAINY,351012,LA_NINA,R50mm,0.333,0.2,-0.133,-40.0
RAW_CMIP6,MRI-ESM2-0,RAINY,351012,LA_NINA,R95p,20.775,12.856,-7.919,-38.12
RAW_CMIP6,MRI-ESM2-0,RAINY,351012,LA_NINA,R99p,0.0,0.0,0.0,0.0
RAW_CMIP6,MRI-ESM2-0,RAINY,351012,LA_NINA,CDD,15.0,18.2,3.2,21.33
RAW_CMIP6,MRI-ESM2-0,RAINY,351012,LA_NINA,CWD,17.333,13.0,-4.333,-25.0
RAW_CMIP6,MRI-ESM2-0,RAINY,351201,EL_NINO,PRCPTOT,644.945,426.4,-218.545,-33.89
RAW_CMIP6,MRI-ESM2-0,RAINY,351201,EL_NINO,wet_day_freq,56.703,50.545,-6.158,-10.86
RAW_CMIP6,MRI-ESM2-0,RAINY,351201,EL_NINO,SDII,5.893,4.575,-1.318,-22.37
RAW_CMIP6,MRI-ESM2-0,RAINY,351201,EL_NINO,Rx1day,37.647,22.74,-14.907,-39.6
RAW_CMIP6,MRI-ESM2-0,RAINY,351201,EL_NINO,Rx5day,107.758,60.05,-47.708,-44.27
RAW_CMIP6,MRI-ESM2-0,RAINY,351201,EL_NINO,R20mm,5.167,2.0,-3.167,-61.29
RAW_CMIP6,MRI-ESM2-0,RAINY,351201,EL_NINO,R50mm,0.5,0.0,-0.5,-100.0
RAW_CMIP6,MRI-ESM2-0,RAINY,351201,EL_NINO,R95p,43.782,0.0,-43.782,-100.0
RAW_CMIP6,MRI-ESM2-0,RAINY,351201,EL_NINO,R99p,27.057,0.0,-27.057,-100.0
RAW_CMIP6,MRI-ESM2-0,RAINY,351201,EL_NINO,CDD,19.167,27.0,7.833,40.87
RAW_CMIP6,MRI-ESM2-0,RAINY,351201,EL_NINO,CWD,17.167,18.0,0.833,4.85
RAW_CMIP6,MRI-ESM2-0,RAINY,351201,LA_NINA,PRCPTOT,644.945,558.46,-86.485,-13.41
RAW_CMIP6,MRI-ESM2-0,RAINY,351201,LA_NINA,wet_day_freq,56.703,57.282,0.579,1.02
RAW_CMIP6,MRI-ESM2-0,RAINY,351201,LA_NINA,SDII,5.893,5.252,-0.641,-10.88
RAW_CMIP6,MRI-ESM2-0,RAINY,351201,LA_NINA,Rx1day,37.647,28.574,-9.073,-24.1
RAW_CMIP6,MRI-ESM2-0,RAINY,351201,LA_NINA,Rx5day,107.758,72.692,-35.066,-32.54
RAW_CMIP6,MRI-ESM2-0,RAINY,351201,LA_NINA,R20mm,5.167,2.2,-2.967,-57.42
RAW_CMIP6,MRI-ESM2-0,RAINY,351201,LA_NINA,R50mm,0.5,0.2,-0.3,-60.0
RAW_CMIP6,MRI-ESM2-0,RAINY,351201,LA_NINA,R95p,43.782,10.938,-32.844,-75.02
RAW_CMIP6,MRI-ESM2-0,RAINY,351201,LA_NINA,R99p,27.057,0.0,-27.057,-100.0
RAW_CMIP6,MRI-ESM2-0,RAINY,351201,LA_NINA,CDD,19.167,17.8,-1.367,-7.13
RAW_CMIP6,MRI-ESM2-0,RAINY,351201,LA_NINA,CWD,17.167,16.8,-0.367,-2.14
