Model,Scenario,Station,Index,Baseline_Period,Future_Period,Baseline_mean,Future_mean,Absolute_change,Relative_change_pct,Unit
ACCESS-ESM1-5,SSP2-4.5,351001,PRCPTOT,1995-2014,2021-2050,1086.7469999999998,1086.4763333333333,-0.2706666666665569,-0.024906134239759296,mm
ACCESS-ESM1-5,SSP2-4.5,351001,SDII,1995-2014,2021-2050,14.136938067066959,14.344255252339254,0.20731718527229503,1.466492845117966,mm day-1
ACCESS-ESM1-5,SSP2-4.5,351001,Rx1day,1995-2014,2021-2050,78.9725,91.47033333333334,12.497833333333347,15.82555108845908,mm
ACCESS-ESM1-5,SSP2-4.5,351001,Rx5day,1995-2014,2021-2050,212.067,222.63966666666667,10.572666666666663,4.985531302214236,mm
ACCESS-ESM1-5,SSP2-4.5,351001,CDD,1995-2014,2021-2050,63.45,62.96666666666667,-0.4833333333333343,-0.7617546624638838,days
ACCESS-ESM1-5,SSP2-4.5,351001,CWD,1995-2014,2021-2050,8.35,8.833333333333334,0.4833333333333343,5.7884231536926265,days
ACCESS-ESM1-5,SSP2-4.5,351001,R10mm,1995-2014,2021-2050,34.8,33.56666666666667,-1.2333333333333272,-3.5440613026819747,days
ACCESS-ESM1-5,SSP2-4.5,351001,R20mm,1995-2014,2021-2050,17.65,16.466666666666665,-1.1833333333333336,-6.704438149197358,days
ACCESS-ESM1-5,SSP2-4.5,351001,R50mm,1995-2014,2021-2050,3.0,3.433333333333333,0.4333333333333331,14.444444444444438,days
ACCESS-ESM1-5,SSP2-4.5,351001,R95p,1995-2014,2021-2050,288.5935,323.233,34.6395,12.00286908748811,mm
ACCESS-ESM1-5,SSP2-4.5,351001,R99p,1995-2014,2021-2050,92.115,135.598,43.48300000000002,47.20512402974545,mm
ACCESS-ESM1-5,SSP2-4.5,351002,PRCPTOT,1995-2014,2021-2050,819.5,802.5306666666667,-16.96933333333334,-2.0706935123042514,mm
ACCESS-ESM1-5,SSP2-4.5,351002,SDII,1995-2014,2021-2050,10.994812242831845,11.06559430504102,0.07078206220917593,0.6437769071984186,mm day-1
ACCESS-ESM1-5,SSP2-4.5,351002,Rx1day,1995-2014,2021-2050,53.408,61.243,7.835000000000001,14.670086878370283,mm
ACCESS-ESM1-5,SSP2-4.5,351002,Rx5day,1995-2014,2021-2050,147.716,153.70566666666667,5.989666666666665,4.0548530062191395,mm
ACCESS-ESM1-5,SSP2-4.5,351002,CDD,1995-2014,2021-2050,76.75,68.26666666666667,-8.483333333333334,-11.053203040173726,days
ACCESS-ESM1-5,SSP2-4.5,351002,CWD,1995-2014,2021-2050,8.25,8.733333333333333,0.4833333333333325,5.858585858585848,days
ACCESS-ESM1-5,SSP2-4.5,351002,R10mm,1995-2014,2021-2050,28.45,26.466666666666665,-1.9833333333333343,-6.971294669009962,days
ACCESS-ESM1-5,SSP2-4.5,351002,R20mm,1995-2014,2021-2050,12.45,11.033333333333333,-1.416666666666666,-11.378848728246314,days
ACCESS-ESM1-5,SSP2-4.5,351002,R50mm,1995-2014,2021-2050,1.1,1.4,0.2999999999999998,27.272727272727256,days
ACCESS-ESM1-5,SSP2-4.5,351002,R95p,1995-2014,2021-2050,116.30199999999999,149.8563333333333,33.55433333333332,28.85103724212251,mm
ACCESS-ESM1-5,SSP2-4.5,351002,R99p,1995-2014,2021-2050,27.75,37.413333333333334,9.663333333333334,34.82282282282282,mm
ACCESS-ESM1-5,SSP2-4.5,351003,PRCPTOT,1995-2014,2021-2050,1012.3855,969.0113333333334,-43.37416666666661,-4.284352814877989,mm
ACCESS-ESM1-5,SSP2-4.5,351003,SDII,1995-2014,2021-2050,14.082413282811308,13.859165212247921,-0.22324807056338614,-1.5852969663649763,mm day-1
ACCESS-ESM1-5,SSP2-4.5,351003,Rx1day,1995-2014,2021-2050,72.2655,92.52466666666666,20.25916666666666,28.034354798163243,mm
ACCESS-ESM1-5,SSP2-4.5,351003,Rx5day,1995-2014,2021-2050,195.494,202.03633333333335,6.542333333333346,3.3465647709563187,mm
ACCESS-ESM1-5,SSP2-4.5,351003,CDD,1995-2014,2021-2050,70.8,66.46666666666667,-4.333333333333329,-6.120527306967978,days
ACCESS-ESM1-5,SSP2-4.5,351003,CWD,1995-2014,2021-2050,8.2,8.433333333333334,0.23333333333333428,2.8455284552845646,days
ACCESS-ESM1-5,SSP2-4.5,351003,R10mm,1995-2014,2021-2050,32.75,29.466666666666665,-3.283333333333335,-10.02544529262087,days
ACCESS-ESM1-5,SSP2-4.5,351003,R20mm,1995-2014,2021-2050,16.75,14.433333333333334,-2.3166666666666664,-13.830845771144276,days
ACCESS-ESM1-5,SSP2-4.5,351003,R50mm,1995-2014,2021-2050,2.8,2.966666666666667,0.16666666666666696,5.952380952380963,days
ACCESS-ESM1-5,SSP2-4.5,351003,R95p,1995-2014,2021-2050,285.744,319.41633333333334,33.67233333333331,11.784091121190055,mm
ACCESS-ESM1-5,SSP2-4.5,351003,R99p,1995-2014,2021-2050,89.1015,137.863,48.7615,54.72579025044471,mm
ACCESS-ESM1-5,SSP2-4.5,351004,PRCPTOT,1995-2014,2021-2050,1023.8534999999999,968.287,-55.566499999999905,-5.427192464546921,mm
ACCESS-ESM1-5,SSP2-4.5,351004,SDII,1995-2014,2021-2050,18.44014118869063,18.225314874661134,-0.21482631402949792,-1.1649927830338482,mm day-1
ACCESS-ESM1-5,SSP2-4.5,351004,Rx1day,1995-2014,2021-2050,82.1315,102.37566666666666,20.244166666666658,24.64848038409947,mm
ACCESS-ESM1-5,SSP2-4.5,351004,Rx5day,1995-2014,2021-2050,214.007,222.58100000000002,8.574000000000012,4.0064110052474975,mm
ACCESS-ESM1-5,SSP2-4.5,351004,CDD,1995-2014,2021-2050,83.15,82.7,-0.45000000000000284,-0.541190619362601,days
ACCESS-ESM1-5,SSP2-4.5,351004,CWD,1995-2014,2021-2050,7.65,7.066666666666666,-0.5833333333333339,-7.625272331154691,days
ACCESS-ESM1-5,SSP2-4.5,351004,R10mm,1995-2014,2021-2050,33.0,29.166666666666668,-3.833333333333332,-11.616161616161612,days
ACCESS-ESM1-5,SSP2-4.5,351004,R20mm,1995-2014,2021-2050,19.2,15.566666666666666,-3.633333333333333,-18.923611111111107,days
ACCESS-ESM1-5,SSP2-4.5,351004,R50mm,1995-2014,2021-2050,3.3,3.7,0.40000000000000036,12.121212121212132,days
ACCESS-ESM1-5,SSP2-4.5,351004,R95p,1995-2014,2021-2050,313.062,362.8693333333333,49.807333333333304,15.909734599962084,mm
ACCESS-ESM1-5,SSP2-4.5,351004,R99p,1995-2014,2021-2050,75.0935,134.58033333333336,59.48683333333335,79.21702055881447,mm
ACCESS-ESM1-5,SSP2-4.5,351005,PRCPTOT,1995-2014,2021-2050,972.193,975.135,2.9420000000000073,0.30261481002229057,mm
ACCESS-ESM1-5,SSP2-4.5,351005,SDII,1995-2014,2021-2050,14.615038341746267,15.340645846764156,0.725607505017889,4.964800557144418,mm day-1
ACCESS-ESM1-5,SSP2-4.5,351005,Rx1day,1995-2014,2021-2050,72.422,92.128,19.706000000000003,27.209963823147667,mm
ACCESS-ESM1-5,SSP2-4.5,351005,Rx5day,1995-2014,2021-2050,187.1545,215.26633333333334,28.111833333333323,15.020655839604885,mm
ACCESS-ESM1-5,SSP2-4.5,351005,CDD,1995-2014,2021-2050,78.65,71.43333333333334,-7.216666666666669,-9.175672812036451,days
ACCESS-ESM1-5,SSP2-4.5,351005,CWD,1995-2014,2021-2050,7.95,8.066666666666666,0.11666666666666625,1.4675052410901415,days
ACCESS-ESM1-5,SSP2-4.5,351005,R10mm,1995-2014,2021-2050,31.45,29.8,-1.6499999999999986,-5.2464228934817125,days
ACCESS-ESM1-5,SSP2-4.5,351005,R20mm,1995-2014,2021-2050,16.45,15.366666666666667,-1.0833333333333321,-6.585612968591685,days
ACCESS-ESM1-5,SSP2-4.5,351005,R50mm,1995-2014,2021-2050,2.5,3.3333333333333335,0.8333333333333335,33.333333333333336,days
ACCESS-ESM1-5,SSP2-4.5,351005,R95p,1995-2014,2021-2050,280.991,332.9933333333333,52.0023333333333,18.506761189267024,mm
ACCESS-ESM1-5,SSP2-4.5,351005,R99p,1995-2014,2021-2050,70.24300000000001,129.68366666666665,59.440666666666644,84.62148066948542,mm
ACCESS-ESM1-5,SSP2-4.5,351006,PRCPTOT,1995-2014,2021-2050,1050.916,991.9599999999999,-58.95600000000002,-5.609963117889539,mm
ACCESS-ESM1-5,SSP2-4.5,351006,SDII,1995-2014,2021-2050,14.045695687088957,13.463222217323734,-0.5824734697652225,-4.146989104289381,mm day-1
ACCESS-ESM1-5,SSP2-4.5,351006,Rx1day,1995-2014,2021-2050,73.1905,86.462,13.271500000000003,18.13281778372877,mm
ACCESS-ESM1-5,SSP2-4.5,351006,Rx5day,1995-2014,2021-2050,202.523,195.90433333333334,-6.618666666666655,-3.2681061739489614,mm
ACCESS-ESM1-5,SSP2-4.5,351006,CDD,1995-2014,2021-2050,75.75,69.23333333333333,-6.516666666666666,-8.602860286028601,days
ACCESS-ESM1-5,SSP2-4.5,351006,CWD,1995-2014,2021-2050,8.6,9.066666666666666,0.4666666666666668,5.4263565891472885,days
ACCESS-ESM1-5,SSP2-4.5,351006,R10mm,1995-2014,2021-2050,34.0,30.866666666666667,-3.133333333333333,-9.215686274509801,days
ACCESS-ESM1-5,SSP2-4.5,351006,R20mm,1995-2014,2021-2050,17.7,14.733333333333333,-2.966666666666667,-16.76082862523541,days
ACCESS-ESM1-5,SSP2-4.5,351006,R50mm,1995-2014,2021-2050,2.55,2.8666666666666667,0.3166666666666669,12.41830065359478,days
ACCESS-ESM1-5,SSP2-4.5,351006,R95p,1995-2014,2021-2050,653.7415,583.9449999999999,-69.79650000000004,-10.67646768638675,mm
ACCESS-ESM1-5,SSP2-4.5,351006,R99p,1995-2014,2021-2050,339.5745,338.84933333333333,-0.7251666666666665,-0.21355156723095123,mm
ACCESS-ESM1-5,SSP2-4.5,351007,PRCPTOT,1995-2014,2021-2050,996.424,957.425,-38.999000000000024,-3.9138960924265196,mm
ACCESS-ESM1-5,SSP2-4.5,351007,SDII,1995-2014,2021-2050,9.006149995198658,8.77550208046851,-0.23064791473014878,-2.56100458967607,mm day-1
ACCESS-ESM1-5,SSP2-4.5,351007,Rx1day,1995-2014,2021-2050,51.998000000000005,57.997,5.998999999999995,11.536982191622744,mm
ACCESS-ESM1-5,SSP2-4.5,351007,Rx5day,1995-2014,2021-2050,152.18900000000002,146.25933333333333,-5.929666666666691,-3.896251809701549,mm
ACCESS-ESM1-5,SSP2-4.5,351007,CDD,1995-2014,2021-2050,50.6,51.63333333333333,1.0333333333333314,2.042160737812908,days
ACCESS-ESM1-5,SSP2-4.5,351007,CWD,1995-2014,2021-2050,11.25,11.8,0.5500000000000007,4.8888888888888955,days
ACCESS-ESM1-5,SSP2-4.5,351007,R10mm,1995-2014,2021-2050,33.5,30.3,-3.1999999999999993,-9.552238805970148,days
ACCESS-ESM1-5,SSP2-4.5,351007,R20mm,1995-2014,2021-2050,12.7,10.866666666666667,-1.8333333333333321,-14.435695538057733,days
ACCESS-ESM1-5,SSP2-4.5,351007,R50mm,1995-2014,2021-2050,0.85,1.1333333333333333,0.2833333333333333,33.333333333333336,days
ACCESS-ESM1-5,SSP2-4.5,351007,R95p,1995-2014,2021-2050,421.221,383.12966666666665,-38.09133333333335,-9.043075566824387,mm
ACCESS-ESM1-5,SSP2-4.5,351007,R99p,1995-2014,2021-2050,132.3585,155.80266666666665,23.44416666666666,17.712626440059886,mm
ACCESS-ESM1-5,SSP2-4.5,351008,PRCPTOT,1995-2014,2021-2050,921.119,883.6323333333333,-37.48666666666668,-4.069687702312804,mm
ACCESS-ESM1-5,SSP2-4.5,351008,SDII,1995-2014,2021-2050,8.565960710671789,8.367861662826085,-0.19809904784570342,-2.3126308249220004,mm day-1
ACCESS-ESM1-5,SSP2-4.5,351008,Rx1day,1995-2014,2021-2050,49.5315,54.25233333333333,4.720833333333331,9.530971873117776,mm
ACCESS-ESM1-5,SSP2-4.5,351008,Rx5day,1995-2014,2021-2050,144.8715,137.57700000000003,-7.294499999999971,-5.035151841459481,mm
ACCESS-ESM1-5,SSP2-4.5,351008,CDD,1995-2014,2021-2050,54.65,56.5,1.8500000000000014,3.385178408051238,days
ACCESS-ESM1-5,SSP2-4.5,351008,CWD,1995-2014,2021-2050,11.2,11.1,-0.09999999999999964,-0.8928571428571398,days
ACCESS-ESM1-5,SSP2-4.5,351008,R10mm,1995-2014,2021-2050,30.4,27.7,-2.6999999999999993,-8.88157894736842,days
ACCESS-ESM1-5,SSP2-4.5,351008,R20mm,1995-2014,2021-2050,11.1,9.466666666666667,-1.6333333333333329,-14.714714714714711,days
ACCESS-ESM1-5,SSP2-4.5,351008,R50mm,1995-2014,2021-2050,0.75,0.9333333333333333,0.18333333333333335,24.444444444444446,days
ACCESS-ESM1-5,SSP2-4.5,351008,R95p,1995-2014,2021-2050,386.88,354.3626666666667,-32.51733333333328,-8.405017921146941,mm
ACCESS-ESM1-5,SSP2-4.5,351008,R99p,1995-2014,2021-2050,95.0055,112.744,17.738500000000002,18.67102430911895,mm
ACCESS-ESM1-5,SSP2-4.5,351009,PRCPTOT,1995-2014,2021-2050,967.4770000000001,955.197,-12.280000000000086,-1.2692808201125283,mm
ACCESS-ESM1-5,SSP2-4.5,351009,SDII,1995-2014,2021-2050,8.57530606241903,8.484438105116324,-0.0908679573027058,-1.0596468119188347,mm day-1
ACCESS-ESM1-5,SSP2-4.5,351009,Rx1day,1995-2014,2021-2050,48.571,56.473333333333336,7.902333333333338,16.26965335968652,mm
ACCESS-ESM1-5,SSP2-4.5,351009,Rx5day,1995-2014,2021-2050,137.464,142.989,5.525000000000006,4.01923412675319,mm
ACCESS-ESM1-5,SSP2-4.5,351009,CDD,1995-2014,2021-2050,49.65,50.43333333333333,0.7833333333333314,1.5777106411547461,days
ACCESS-ESM1-5,SSP2-4.5,351009,CWD,1995-2014,2021-2050,11.35,12.233333333333333,0.8833333333333329,7.782672540381787,days
ACCESS-ESM1-5,SSP2-4.5,351009,R10mm,1995-2014,2021-2050,32.95,30.433333333333334,-2.5166666666666693,-7.6378351036924705,days
ACCESS-ESM1-5,SSP2-4.5,351009,R20mm,1995-2014,2021-2050,11.85,10.366666666666667,-1.4833333333333325,-12.517580872011246,days
ACCESS-ESM1-5,SSP2-4.5,351009,R50mm,1995-2014,2021-2050,0.65,1.0333333333333334,0.3833333333333334,58.974358974358985,days
ACCESS-ESM1-5,SSP2-4.5,351009,R95p,1995-2014,2021-2050,553.6785,527.773,-25.90549999999996,-4.678798255666413,mm
ACCESS-ESM1-5,SSP2-4.5,351009,R99p,1995-2014,2021-2050,364.86749999999995,347.79366666666664,-17.07383333333331,-4.679461265619249,mm
ACCESS-ESM1-5,SSP2-4.5,351010,PRCPTOT,1995-2014,2021-2050,940.742,900.605,-40.136999999999944,-4.266525784965479,mm
ACCESS-ESM1-5,SSP2-4.5,351010,SDII,1995-2014,2021-2050,9.426408357293331,9.262212475290482,-0.16419588200284885,-1.741871090019227,mm day-1
ACCESS-ESM1-5,SSP2-4.5,351010,Rx1day,1995-2014,2021-2050,53.336,60.946000000000005,7.6100000000000065,14.268036598170104,mm
ACCESS-ESM1-5,SSP2-4.5,351010,Rx5day,1995-2014,2021-2050,153.56300000000002,148.21599999999998,-5.347000000000037,-3.4819585447015466,mm
ACCESS-ESM1-5,SSP2-4.5,351010,CDD,1995-2014,2021-2050,54.4,57.96666666666667,3.56666666666667,6.556372549019613,days
ACCESS-ESM1-5,SSP2-4.5,351010,CWD,1995-2014,2021-2050,10.7,10.0,-0.6999999999999993,-6.542056074766349,days
ACCESS-ESM1-5,SSP2-4.5,351010,R10mm,1995-2014,2021-2050,31.85,28.633333333333333,-3.2166666666666686,-10.099424385138676,days
ACCESS-ESM1-5,SSP2-4.5,351010,R20mm,1995-2014,2021-2050,12.4,10.733333333333333,-1.6666666666666679,-13.440860215053775,days
ACCESS-ESM1-5,SSP2-4.5,351010,R50mm,1995-2014,2021-2050,0.85,1.1666666666666667,0.31666666666666676,37.25490196078432,days
ACCESS-ESM1-5,SSP2-4.5,351010,R95p,1995-2014,2021-2050,554.2335,503.01933333333335,-51.2141666666667,-9.240539712353492,mm
ACCESS-ESM1-5,SSP2-4.5,351010,R99p,1995-2014,2021-2050,358.52750000000003,338.584,-19.94350000000003,-5.562613746504808,mm
ACCESS-ESM1-5,SSP2-4.5,351011,PRCPTOT,1995-2014,2021-2050,1139.73,1128.6303333333335,-11.099666666666508,-0.9738856278826132,mm
ACCESS-ESM1-5,SSP2-4.5,351011,SDII,1995-2014,2021-2050,6.3541438828925925,6.220075996472581,-0.1340678864200111,-2.109928400912752,mm day-1
ACCESS-ESM1-5,SSP2-4.5,351011,Rx1day,1995-2014,2021-2050,35.464,40.149,4.685000000000002,13.210579742837814,mm
ACCESS-ESM1-5,SSP2-4.5,351011,Rx5day,1995-2014,2021-2050,110.68800000000002,115.41433333333333,4.726333333333315,4.26996000770934,mm
ACCESS-ESM1-5,SSP2-4.5,351011,CDD,1995-2014,2021-2050,36.3,35.7,-0.5999999999999943,-1.6528925619834556,days
ACCESS-ESM1-5,SSP2-4.5,351011,CWD,1995-2014,2021-2050,29.5,27.4,-2.1000000000000014,-7.118644067796615,days
ACCESS-ESM1-5,SSP2-4.5,351011,R10mm,1995-2014,2021-2050,34.9,32.03333333333333,-2.866666666666667,-8.21394460362942,days
ACCESS-ESM1-5,SSP2-4.5,351011,R20mm,1995-2014,2021-2050,7.6,7.5,-0.09999999999999964,-1.315789473684206,days
ACCESS-ESM1-5,SSP2-4.5,351011,R50mm,1995-2014,2021-2050,0.2,0.3,0.09999999999999998,49.999999999999986,days
ACCESS-ESM1-5,SSP2-4.5,351011,R95p,1995-2014,2021-2050,19.185,29.878,10.693000000000001,55.73625228042743,mm
ACCESS-ESM1-5,SSP2-4.5,351011,R99p,1995-2014,2021-2050,0.0,3.037,3.037,,mm
ACCESS-ESM1-5,SSP2-4.5,351012,PRCPTOT,1995-2014,2021-2050,1460.9875,1389.02,-71.96749999999997,-4.925949058427945,mm
ACCESS-ESM1-5,SSP2-4.5,351012,SDII,1995-2014,2021-2050,14.46691584039416,13.96502602430191,-0.50188981609225,-3.4692246891413157,mm day-1
ACCESS-ESM1-5,SSP2-4.5,351012,Rx1day,1995-2014,2021-2050,79.4605,94.94533333333334,15.484833333333341,19.487460226569606,mm
ACCESS-ESM1-5,SSP2-4.5,351012,Rx5day,1995-2014,2021-2050,225.78249999999997,229.20766666666668,3.425166666666712,1.5170204363343982,mm
ACCESS-ESM1-5,SSP2-4.5,351012,CDD,1995-2014,2021-2050,56.9,60.93333333333333,4.033333333333331,7.088459285295838,days
ACCESS-ESM1-5,SSP2-4.5,351012,CWD,1995-2014,2021-2050,11.05,10.3,-0.75,-6.787330316742081,days
ACCESS-ESM1-5,SSP2-4.5,351012,R10mm,1995-2014,2021-2050,46.3,42.96666666666667,-3.3333333333333286,-7.199424046076304,days
ACCESS-ESM1-5,SSP2-4.5,351012,R20mm,1995-2014,2021-2050,24.15,20.733333333333334,-3.4166666666666643,-14.147688060731529,days
ACCESS-ESM1-5,SSP2-4.5,351012,R50mm,1995-2014,2021-2050,4.2,4.4,0.20000000000000018,4.761904761904766,days
ACCESS-ESM1-5,SSP2-4.5,351012,R95p,1995-2014,2021-2050,389.9755,406.2006666666667,16.225166666666667,4.160560513844246,mm
ACCESS-ESM1-5,SSP2-4.5,351012,R99p,1995-2014,2021-2050,57.849000000000004,101.236,43.387,75.00043215958789,mm
ACCESS-ESM1-5,SSP2-4.5,351201,PRCPTOT,1995-2014,2021-2050,1386.0455,1320.4086666666667,-65.63683333333324,-4.73554680083253,mm
ACCESS-ESM1-5,SSP2-4.5,351201,SDII,1995-2014,2021-2050,14.749966898587834,14.171725071272828,-0.5782418273150061,-3.9202923727941865,mm day-1
ACCESS-ESM1-5,SSP2-4.5,351201,Rx1day,1995-2014,2021-2050,87.291,98.46700000000001,11.176000000000016,12.803152673242394,mm
ACCESS-ESM1-5,SSP2-4.5,351201,Rx5day,1995-2014,2021-2050,229.337,230.29666666666665,0.9596666666666636,0.41845261194951694,mm
ACCESS-ESM1-5,SSP2-4.5,351201,CDD,1995-2014,2021-2050,63.9,64.3,0.3999999999999986,0.625978090766821,days
ACCESS-ESM1-5,SSP2-4.5,351201,CWD,1995-2014,2021-2050,10.1,10.633333333333333,0.5333333333333332,5.28052805280528,days
ACCESS-ESM1-5,SSP2-4.5,351201,R10mm,1995-2014,2021-2050,43.15,40.0,-3.1499999999999986,-7.3001158748551545,days
ACCESS-ESM1-5,SSP2-4.5,351201,R20mm,1995-2014,2021-2050,22.8,20.466666666666665,-2.3333333333333357,-10.233918128654981,days
ACCESS-ESM1-5,SSP2-4.5,351201,R50mm,1995-2014,2021-2050,4.55,4.266666666666667,-0.2833333333333332,-6.2271062271062245,days
ACCESS-ESM1-5,SSP2-4.5,351201,R95p,1995-2014,2021-2050,457.38,434.028,-23.351999999999975,-5.105601469237827,mm
ACCESS-ESM1-5,SSP2-4.5,351201,R99p,1995-2014,2021-2050,140.63899999999998,153.09233333333333,12.453333333333347,8.854822156964534,mm
ACCESS-ESM1-5,SSP5-8.5,351001,PRCPTOT,1995-2014,2021-2050,1086.7469999999998,1134.0926666666667,47.34566666666683,4.3566411194755394,mm
ACCESS-ESM1-5,SSP5-8.5,351001,SDII,1995-2014,2021-2050,14.136938067066959,13.880250958250341,-0.2566871088166174,-1.8157192710250953,mm day-1
ACCESS-ESM1-5,SSP5-8.5,351001,Rx1day,1995-2014,2021-2050,78.9725,75.239,-3.7334999999999923,-4.7275950489094205,mm
ACCESS-ESM1-5,SSP5-8.5,351001,Rx5day,1995-2014,2021-2050,212.067,181.95933333333332,-30.107666666666688,-14.197242695311711,mm
ACCESS-ESM1-5,SSP5-8.5,351001,CDD,1995-2014,2021-2050,63.45,57.4,-6.050000000000004,-9.535066981875499,days
ACCESS-ESM1-5,SSP5-8.5,351001,CWD,1995-2014,2021-2050,8.35,9.6,1.25,14.970059880239521,days
ACCESS-ESM1-5,SSP5-8.5,351001,R10mm,1995-2014,2021-2050,34.8,36.86666666666667,2.06666666666667,5.938697318007673,days
ACCESS-ESM1-5,SSP5-8.5,351001,R20mm,1995-2014,2021-2050,17.65,18.3,0.6500000000000021,3.682719546742222,days
ACCESS-ESM1-5,SSP5-8.5,351001,R50mm,1995-2014,2021-2050,3.0,2.9,-0.10000000000000009,-3.333333333333336,days
ACCESS-ESM1-5,SSP5-8.5,351001,R95p,1995-2014,2021-2050,288.5935,275.2373333333333,-13.356166666666695,-4.62802061261487,mm
ACCESS-ESM1-5,SSP5-8.5,351001,R99p,1995-2014,2021-2050,92.115,83.82733333333334,-8.287666666666652,-8.99708697461505,mm
ACCESS-ESM1-5,SSP5-8.5,351002,PRCPTOT,1995-2014,2021-2050,819.5,853.2180000000001,33.718000000000075,4.114460036607697,mm
ACCESS-ESM1-5,SSP5-8.5,351002,SDII,1995-2014,2021-2050,10.994812242831845,10.854446027001392,-0.1403662158304524,-1.2766585979852931,mm day-1
ACCESS-ESM1-5,SSP5-8.5,351002,Rx1day,1995-2014,2021-2050,53.408,55.54533333333333,2.1373333333333306,4.001897343718788,mm
ACCESS-ESM1-5,SSP5-8.5,351002,Rx5day,1995-2014,2021-2050,147.716,138.567,-9.149000000000001,-6.193641853286036,mm
ACCESS-ESM1-5,SSP5-8.5,351002,CDD,1995-2014,2021-2050,76.75,65.06666666666666,-11.683333333333337,-15.222584147665586,days
ACCESS-ESM1-5,SSP5-8.5,351002,CWD,1995-2014,2021-2050,8.25,9.6,1.3499999999999996,16.36363636363636,days
ACCESS-ESM1-5,SSP5-8.5,351002,R10mm,1995-2014,2021-2050,28.45,29.233333333333334,0.783333333333335,2.753368482718225,days
ACCESS-ESM1-5,SSP5-8.5,351002,R20mm,1995-2014,2021-2050,12.45,12.266666666666667,-0.1833333333333318,-1.472556894243629,days
ACCESS-ESM1-5,SSP5-8.5,351002,R50mm,1995-2014,2021-2050,1.1,1.2333333333333334,0.1333333333333333,12.121212121212118,days
ACCESS-ESM1-5,SSP5-8.5,351002,R95p,1995-2014,2021-2050,116.30199999999999,129.317,13.015000000000015,11.190693195301899,mm
ACCESS-ESM1-5,SSP5-8.5,351002,R99p,1995-2014,2021-2050,27.75,19.639,-8.111,-29.22882882882883,mm
ACCESS-ESM1-5,SSP5-8.5,351003,PRCPTOT,1995-2014,2021-2050,1012.3855,971.8483333333334,-40.53716666666662,-4.004123593894482,mm
ACCESS-ESM1-5,SSP5-8.5,351003,SDII,1995-2014,2021-2050,14.082413282811308,13.029680289040956,-1.052732993770352,-7.475515542888486,mm day-1
ACCESS-ESM1-5,SSP5-8.5,351003,Rx1day,1995-2014,2021-2050,72.2655,84.12833333333333,11.862833333333327,16.415624790990623,mm
ACCESS-ESM1-5,SSP5-8.5,351003,Rx5day,1995-2014,2021-2050,195.494,171.97366666666667,-23.520333333333326,-12.031230284987432,mm
ACCESS-ESM1-5,SSP5-8.5,351003,CDD,1995-2014,2021-2050,70.8,59.06666666666667,-11.733333333333327,-16.57250470809792,days
ACCESS-ESM1-5,SSP5-8.5,351003,CWD,1995-2014,2021-2050,8.2,8.366666666666667,0.16666666666666785,2.032520325203267,days
ACCESS-ESM1-5,SSP5-8.5,351003,R10mm,1995-2014,2021-2050,32.75,31.566666666666666,-1.1833333333333336,-3.6132315521628504,days
ACCESS-ESM1-5,SSP5-8.5,351003,R20mm,1995-2014,2021-2050,16.75,15.033333333333333,-1.7166666666666668,-10.248756218905474,days
ACCESS-ESM1-5,SSP5-8.5,351003,R50mm,1995-2014,2021-2050,2.8,2.3,-0.5,-17.857142857142858,days
ACCESS-ESM1-5,SSP5-8.5,351003,R95p,1995-2014,2021-2050,285.744,252.802,-32.942000000000036,-11.528501035892278,mm
ACCESS-ESM1-5,SSP5-8.5,351003,R99p,1995-2014,2021-2050,89.1015,95.02166666666668,5.920166666666674,6.644295176474777,mm
ACCESS-ESM1-5,SSP5-8.5,351004,PRCPTOT,1995-2014,2021-2050,1023.8534999999999,990.9156666666667,-32.93783333333329,-3.2170455376021363,mm
ACCESS-ESM1-5,SSP5-8.5,351004,SDII,1995-2014,2021-2050,18.44014118869063,17.3002440479324,-1.139897140758233,-6.181607445919849,mm day-1
ACCESS-ESM1-5,SSP5-8.5,351004,Rx1day,1995-2014,2021-2050,82.1315,93.93366666666667,11.802166666666665,14.369841859294747,mm
ACCESS-ESM1-5,SSP5-8.5,351004,Rx5day,1995-2014,2021-2050,214.007,195.69966666666667,-18.307333333333332,-8.554548838745148,mm
ACCESS-ESM1-5,SSP5-8.5,351004,CDD,1995-2014,2021-2050,83.15,78.66666666666667,-4.483333333333334,-5.391862096612549,days
ACCESS-ESM1-5,SSP5-8.5,351004,CWD,1995-2014,2021-2050,7.65,7.066666666666666,-0.5833333333333339,-7.625272331154691,days
ACCESS-ESM1-5,SSP5-8.5,351004,R10mm,1995-2014,2021-2050,33.0,31.733333333333334,-1.2666666666666657,-3.8383838383838356,days
ACCESS-ESM1-5,SSP5-8.5,351004,R20mm,1995-2014,2021-2050,19.2,16.333333333333332,-2.866666666666667,-14.93055555555556,days
ACCESS-ESM1-5,SSP5-8.5,351004,R50mm,1995-2014,2021-2050,3.3,3.1666666666666665,-0.1333333333333333,-4.04040404040404,days
ACCESS-ESM1-5,SSP5-8.5,351004,R95p,1995-2014,2021-2050,313.062,310.8586666666667,-2.203333333333319,-0.7038009510363183,mm
ACCESS-ESM1-5,SSP5-8.5,351004,R99p,1995-2014,2021-2050,75.0935,115.60433333333334,40.51083333333334,53.94719028056135,mm
ACCESS-ESM1-5,SSP5-8.5,351005,PRCPTOT,1995-2014,2021-2050,972.193,1027.5663333333334,55.37333333333345,5.695714054033864,mm
ACCESS-ESM1-5,SSP5-8.5,351005,SDII,1995-2014,2021-2050,14.615038341746267,14.775081155952437,0.16004281420616984,1.0950557259164004,mm day-1
ACCESS-ESM1-5,SSP5-8.5,351005,Rx1day,1995-2014,2021-2050,72.422,79.13633333333334,6.714333333333343,9.271123875802026,mm
ACCESS-ESM1-5,SSP5-8.5,351005,Rx5day,1995-2014,2021-2050,187.1545,186.11,-1.0444999999999993,-0.5580950498117861,mm
ACCESS-ESM1-5,SSP5-8.5,351005,CDD,1995-2014,2021-2050,78.65,64.8,-13.850000000000009,-17.60966306420853,days
ACCESS-ESM1-5,SSP5-8.5,351005,CWD,1995-2014,2021-2050,7.95,9.033333333333333,1.083333333333333,13.626834381551358,days
ACCESS-ESM1-5,SSP5-8.5,351005,R10mm,1995-2014,2021-2050,31.45,33.166666666666664,1.716666666666665,5.45839957604663,days
ACCESS-ESM1-5,SSP5-8.5,351005,R20mm,1995-2014,2021-2050,16.45,17.066666666666666,0.6166666666666671,3.7487335359675815,days
ACCESS-ESM1-5,SSP5-8.5,351005,R50mm,1995-2014,2021-2050,2.5,2.933333333333333,0.4333333333333331,17.333333333333325,days
ACCESS-ESM1-5,SSP5-8.5,351005,R95p,1995-2014,2021-2050,280.991,301.894,20.90300000000002,7.439028296279959,mm
ACCESS-ESM1-5,SSP5-8.5,351005,R99p,1995-2014,2021-2050,70.24300000000001,95.05966666666667,24.816666666666663,35.329736296380645,mm
ACCESS-ESM1-5,SSP5-8.5,351006,PRCPTOT,1995-2014,2021-2050,1050.916,1000.351,-50.56499999999994,-4.811516810097092,mm
ACCESS-ESM1-5,SSP5-8.5,351006,SDII,1995-2014,2021-2050,14.045695687088957,12.821900005921183,-1.2237956811677737,-8.712958819780694,mm day-1
ACCESS-ESM1-5,SSP5-8.5,351006,Rx1day,1995-2014,2021-2050,73.1905,91.12566666666666,17.93516666666666,24.504774071316167,mm
ACCESS-ESM1-5,SSP5-8.5,351006,Rx5day,1995-2014,2021-2050,202.523,183.245,-19.27799999999999,-9.518918838847929,mm
ACCESS-ESM1-5,SSP5-8.5,351006,CDD,1995-2014,2021-2050,75.75,65.86666666666666,-9.88333333333334,-13.047304730473055,days
ACCESS-ESM1-5,SSP5-8.5,351006,CWD,1995-2014,2021-2050,8.6,8.733333333333333,0.13333333333333286,1.5503875968992193,days
ACCESS-ESM1-5,SSP5-8.5,351006,R10mm,1995-2014,2021-2050,34.0,32.2,-1.7999999999999972,-5.294117647058815,days
ACCESS-ESM1-5,SSP5-8.5,351006,R20mm,1995-2014,2021-2050,17.7,14.566666666666666,-3.133333333333333,-17.702448210922782,days
ACCESS-ESM1-5,SSP5-8.5,351006,R50mm,1995-2014,2021-2050,2.55,2.3333333333333335,-0.21666666666666634,-8.49673202614378,days
ACCESS-ESM1-5,SSP5-8.5,351006,R95p,1995-2014,2021-2050,653.7415,559.2383333333333,-94.50316666666663,-14.455739258815086,mm
ACCESS-ESM1-5,SSP5-8.5,351006,R99p,1995-2014,2021-2050,339.5745,297.71366666666665,-41.860833333333346,-12.327437229042037,mm
ACCESS-ESM1-5,SSP5-8.5,351007,PRCPTOT,1995-2014,2021-2050,996.424,939.3743333333333,-57.04966666666667,-5.72544084312167,mm
ACCESS-ESM1-5,SSP5-8.5,351007,SDII,1995-2014,2021-2050,9.006149995198658,8.276274230008902,-0.7298757651897567,-8.104192863530661,mm day-1
ACCESS-ESM1-5,SSP5-8.5,351007,Rx1day,1995-2014,2021-2050,51.998000000000005,51.62733333333333,-0.37066666666667203,-0.7128479300486018,mm
ACCESS-ESM1-5,SSP5-8.5,351007,Rx5day,1995-2014,2021-2050,152.18900000000002,122.845,-29.344000000000023,-19.28128839797884,mm
ACCESS-ESM1-5,SSP5-8.5,351007,CDD,1995-2014,2021-2050,50.6,46.36666666666667,-4.233333333333334,-8.366271409749672,days
ACCESS-ESM1-5,SSP5-8.5,351007,CWD,1995-2014,2021-2050,11.25,11.633333333333333,0.38333333333333286,3.407407407407403,days
ACCESS-ESM1-5,SSP5-8.5,351007,R10mm,1995-2014,2021-2050,33.5,31.033333333333335,-2.466666666666665,-7.363184079601986,days
ACCESS-ESM1-5,SSP5-8.5,351007,R20mm,1995-2014,2021-2050,12.7,10.033333333333333,-2.666666666666666,-20.997375328083987,days
ACCESS-ESM1-5,SSP5-8.5,351007,R50mm,1995-2014,2021-2050,0.85,0.7,-0.15000000000000002,-17.647058823529413,days
ACCESS-ESM1-5,SSP5-8.5,351007,R95p,1995-2014,2021-2050,421.221,334.122,-87.09899999999999,-20.677743987123147,mm
ACCESS-ESM1-5,SSP5-8.5,351007,R99p,1995-2014,2021-2050,132.3585,99.67566666666667,-32.68283333333332,-24.692659204609694,mm
ACCESS-ESM1-5,SSP5-8.5,351008,PRCPTOT,1995-2014,2021-2050,921.119,859.5853333333332,-61.53366666666682,-6.680316730701116,mm
ACCESS-ESM1-5,SSP5-8.5,351008,SDII,1995-2014,2021-2050,8.565960710671789,7.792572802526926,-0.7733879081448629,-9.028618438342214,mm day-1
ACCESS-ESM1-5,SSP5-8.5,351008,Rx1day,1995-2014,2021-2050,49.5315,47.208333333333336,-2.3231666666666655,-4.690281268822194,mm
ACCESS-ESM1-5,SSP5-8.5,351008,Rx5day,1995-2014,2021-2050,144.8715,114.30966666666667,-30.561833333333325,-21.095821699460092,mm
ACCESS-ESM1-5,SSP5-8.5,351008,CDD,1995-2014,2021-2050,54.65,47.8,-6.850000000000001,-12.534309240622143,days
ACCESS-ESM1-5,SSP5-8.5,351008,CWD,1995-2014,2021-2050,11.2,11.266666666666667,0.0666666666666682,0.595238095238109,days
ACCESS-ESM1-5,SSP5-8.5,351008,R10mm,1995-2014,2021-2050,30.4,27.933333333333334,-2.466666666666665,-8.114035087719294,days
ACCESS-ESM1-5,SSP5-8.5,351008,R20mm,1995-2014,2021-2050,11.1,8.533333333333333,-2.5666666666666664,-23.123123123123122,days
ACCESS-ESM1-5,SSP5-8.5,351008,R50mm,1995-2014,2021-2050,0.75,0.6333333333333333,-0.1166666666666667,-15.555555555555559,days
ACCESS-ESM1-5,SSP5-8.5,351008,R95p,1995-2014,2021-2050,386.88,295.75600000000003,-91.12399999999997,-23.553556658395358,mm
ACCESS-ESM1-5,SSP5-8.5,351008,R99p,1995-2014,2021-2050,95.0055,70.769,-24.236499999999992,-25.510628332043925,mm
ACCESS-ESM1-5,SSP5-8.5,351009,PRCPTOT,1995-2014,2021-2050,967.4770000000001,1014.088,46.610999999999876,4.817788950021538,mm
ACCESS-ESM1-5,SSP5-8.5,351009,SDII,1995-2014,2021-2050,8.57530606241903,8.561272897522255,-0.014033164896774863,-0.16364622783873226,mm day-1
ACCESS-ESM1-5,SSP5-8.5,351009,Rx1day,1995-2014,2021-2050,48.571,52.764,4.193000000000005,8.632723229910864,mm
ACCESS-ESM1-5,SSP5-8.5,351009,Rx5day,1995-2014,2021-2050,137.464,130.60833333333332,-6.855666666666679,-4.987245145395652,mm
ACCESS-ESM1-5,SSP5-8.5,351009,CDD,1995-2014,2021-2050,49.65,46.46666666666667,-3.18333333333333,-6.411547499160786,days
ACCESS-ESM1-5,SSP5-8.5,351009,CWD,1995-2014,2021-2050,11.35,13.133333333333333,1.7833333333333332,15.712187958883993,days
ACCESS-ESM1-5,SSP5-8.5,351009,R10mm,1995-2014,2021-2050,32.95,33.766666666666666,0.8166666666666629,2.4785027819929066,days
ACCESS-ESM1-5,SSP5-8.5,351009,R20mm,1995-2014,2021-2050,11.85,11.433333333333334,-0.4166666666666661,-3.5161744022503467,days
ACCESS-ESM1-5,SSP5-8.5,351009,R50mm,1995-2014,2021-2050,0.65,0.8333333333333334,0.18333333333333335,28.205128205128208,days
ACCESS-ESM1-5,SSP5-8.5,351009,R95p,1995-2014,2021-2050,553.6785,564.0036666666667,10.325166666666746,1.8648307034979228,mm
ACCESS-ESM1-5,SSP5-8.5,351009,R99p,1995-2014,2021-2050,364.86749999999995,363.1646666666667,-1.702833333333274,-0.46669909853118574,mm
ACCESS-ESM1-5,SSP5-8.5,351010,PRCPTOT,1995-2014,2021-2050,940.742,886.5883333333334,-54.153666666666595,-5.756484420453918,mm
ACCESS-ESM1-5,SSP5-8.5,351010,SDII,1995-2014,2021-2050,9.426408357293331,8.68199857462999,-0.7444097826633413,-7.897066989330905,mm day-1
ACCESS-ESM1-5,SSP5-8.5,351010,Rx1day,1995-2014,2021-2050,53.336,54.314,0.9780000000000015,1.8336583170841487,mm
ACCESS-ESM1-5,SSP5-8.5,351010,Rx5day,1995-2014,2021-2050,153.56300000000002,125.57833333333333,-27.984666666666683,-18.223573820950804,mm
ACCESS-ESM1-5,SSP5-8.5,351010,CDD,1995-2014,2021-2050,54.4,49.56666666666667,-4.833333333333329,-8.884803921568619,days
ACCESS-ESM1-5,SSP5-8.5,351010,CWD,1995-2014,2021-2050,10.7,10.766666666666667,0.0666666666666682,0.623052959501572,days
ACCESS-ESM1-5,SSP5-8.5,351010,R10mm,1995-2014,2021-2050,31.85,29.533333333333335,-2.3166666666666664,-7.2736787022501295,days
ACCESS-ESM1-5,SSP5-8.5,351010,R20mm,1995-2014,2021-2050,12.4,9.8,-2.5999999999999996,-20.967741935483865,days
ACCESS-ESM1-5,SSP5-8.5,351010,R50mm,1995-2014,2021-2050,0.85,0.8333333333333334,-0.016666666666666607,-1.9607843137254832,days
ACCESS-ESM1-5,SSP5-8.5,351010,R95p,1995-2014,2021-2050,554.2335,470.907,-83.32650000000007,-15.034547713193097,mm
ACCESS-ESM1-5,SSP5-8.5,351010,R99p,1995-2014,2021-2050,358.52750000000003,287.179,-71.34850000000006,-19.9004260482111,mm
ACCESS-ESM1-5,SSP5-8.5,351011,PRCPTOT,1995-2014,2021-2050,1139.73,1186.5663333333332,46.83633333333319,4.109423576929026,mm
ACCESS-ESM1-5,SSP5-8.5,351011,SDII,1995-2014,2021-2050,6.3541438828925925,6.376072132694525,0.021928249801932864,0.3451015621627769,mm day-1
ACCESS-ESM1-5,SSP5-8.5,351011,Rx1day,1995-2014,2021-2050,35.464,39.595333333333336,4.1313333333333375,11.649372133243114,mm
ACCESS-ESM1-5,SSP5-8.5,351011,Rx5day,1995-2014,2021-2050,110.68800000000002,110.141,-0.5470000000000113,-0.4941818444637279,mm
ACCESS-ESM1-5,SSP5-8.5,351011,CDD,1995-2014,2021-2050,36.3,35.833333333333336,-0.46666666666666146,-1.2855831037649077,days
ACCESS-ESM1-5,SSP5-8.5,351011,CWD,1995-2014,2021-2050,29.5,30.6,1.1000000000000014,3.7288135593220386,days
ACCESS-ESM1-5,SSP5-8.5,351011,R10mm,1995-2014,2021-2050,34.9,34.833333333333336,-0.06666666666666288,-0.19102196752625467,days
ACCESS-ESM1-5,SSP5-8.5,351011,R20mm,1995-2014,2021-2050,7.6,8.666666666666666,1.0666666666666664,14.035087719298243,days
ACCESS-ESM1-5,SSP5-8.5,351011,R50mm,1995-2014,2021-2050,0.2,0.2,0.0,0.0,days
ACCESS-ESM1-5,SSP5-8.5,351011,R95p,1995-2014,2021-2050,19.185,25.99666666666667,6.811666666666671,35.50516896881246,mm
ACCESS-ESM1-5,SSP5-8.5,351011,R99p,1995-2014,2021-2050,0.0,0.0,0.0,,mm
ACCESS-ESM1-5,SSP5-8.5,351012,PRCPTOT,1995-2014,2021-2050,1460.9875,1426.8943333333334,-34.09316666666655,-2.333570045374553,mm
ACCESS-ESM1-5,SSP5-8.5,351012,SDII,1995-2014,2021-2050,14.46691584039416,13.738359234709558,-0.7285566056846022,-5.036018828908541,mm day-1
ACCESS-ESM1-5,SSP5-8.5,351012,Rx1day,1995-2014,2021-2050,79.4605,95.02266666666667,15.56216666666667,19.58478321514044,mm
ACCESS-ESM1-5,SSP5-8.5,351012,Rx5day,1995-2014,2021-2050,225.78249999999997,207.61766666666665,-18.16483333333332,-8.045279564772878,mm
ACCESS-ESM1-5,SSP5-8.5,351012,CDD,1995-2014,2021-2050,56.9,52.9,-4.0,-7.0298769771529,days
ACCESS-ESM1-5,SSP5-8.5,351012,CWD,1995-2014,2021-2050,11.05,10.966666666666667,-0.08333333333333393,-0.7541478129713477,days
ACCESS-ESM1-5,SSP5-8.5,351012,R10mm,1995-2014,2021-2050,46.3,44.9,-1.3999999999999986,-3.0237580993520488,days
ACCESS-ESM1-5,SSP5-8.5,351012,R20mm,1995-2014,2021-2050,24.15,21.833333333333332,-2.3166666666666664,-9.592822636300896,days
ACCESS-ESM1-5,SSP5-8.5,351012,R50mm,1995-2014,2021-2050,4.2,4.133333333333334,-0.06666666666666643,-1.5873015873015817,days
ACCESS-ESM1-5,SSP5-8.5,351012,R95p,1995-2014,2021-2050,389.9755,369.04633333333334,-20.929166666666674,-5.366790135961534,mm
ACCESS-ESM1-5,SSP5-8.5,351012,R99p,1995-2014,2021-2050,57.849000000000004,93.855,36.006,62.241352486646264,mm
ACCESS-ESM1-5,SSP5-8.5,351201,PRCPTOT,1995-2014,2021-2050,1386.0455,1471.786,85.74050000000011,6.18598018607615,mm
ACCESS-ESM1-5,SSP5-8.5,351201,SDII,1995-2014,2021-2050,14.749966898587834,14.943611875024223,0.19364497643638856,1.3128502441244678,mm day-1
ACCESS-ESM1-5,SSP5-8.5,351201,Rx1day,1995-2014,2021-2050,87.291,99.48466666666667,12.193666666666672,13.968984965994974,mm
ACCESS-ESM1-5,SSP5-8.5,351201,Rx5day,1995-2014,2021-2050,229.337,236.15866666666668,6.821666666666687,2.9745163958134477,mm
ACCESS-ESM1-5,SSP5-8.5,351201,CDD,1995-2014,2021-2050,63.9,54.9,-9.0,-14.084507042253522,days
ACCESS-ESM1-5,SSP5-8.5,351201,CWD,1995-2014,2021-2050,10.1,12.133333333333333,2.033333333333333,20.13201320132013,days
ACCESS-ESM1-5,SSP5-8.5,351201,R10mm,1995-2014,2021-2050,43.15,44.3,1.1499999999999986,2.665121668597911,days
ACCESS-ESM1-5,SSP5-8.5,351201,R20mm,1995-2014,2021-2050,22.8,22.9,0.09999999999999787,0.4385964912280608,days
ACCESS-ESM1-5,SSP5-8.5,351201,R50mm,1995-2014,2021-2050,4.55,5.033333333333333,0.4833333333333334,10.622710622710626,days
ACCESS-ESM1-5,SSP5-8.5,351201,R95p,1995-2014,2021-2050,457.38,519.5849999999999,62.20499999999993,13.600288600288584,mm
ACCESS-ESM1-5,SSP5-8.5,351201,R99p,1995-2014,2021-2050,140.63899999999998,181.51066666666665,40.87166666666667,29.06140307216823,mm
CanESM5,SSP2-4.5,351001,PRCPTOT,1995-2014,2021-2050,947.309,1030.3536666666666,83.04466666666667,8.766375772495213,mm
CanESM5,SSP2-4.5,351001,SDII,1995-2014,2021-2050,13.777259714997362,13.894331144026124,0.117071429028762,0.8497439363890544,mm day-1
CanESM5,SSP2-4.5,351001,Rx1day,1995-2014,2021-2050,80.7,85.97666666666667,5.276666666666671,6.538620404791414,mm
CanESM5,SSP2-4.5,351001,Rx5day,1995-2014,2021-2050,176.6325,184.66833333333335,8.035833333333358,4.549464754976212,mm
CanESM5,SSP2-4.5,351001,CDD,1995-2014,2021-2050,68.6,62.266666666666666,-6.333333333333329,-9.232264334305144,days
CanESM5,SSP2-4.5,351001,CWD,1995-2014,2021-2050,7.2,8.633333333333333,1.4333333333333327,19.907407407407398,days
CanESM5,SSP2-4.5,351001,R10mm,1995-2014,2021-2050,30.6,31.8,1.1999999999999993,3.921568627450978,days
CanESM5,SSP2-4.5,351001,R20mm,1995-2014,2021-2050,15.2,16.066666666666666,0.8666666666666671,5.701754385964915,days
CanESM5,SSP2-4.5,351001,R50mm,1995-2014,2021-2050,2.45,3.1,0.6499999999999999,26.530612244897952,days
CanESM5,SSP2-4.5,351001,R95p,1995-2014,2021-2050,239.2935,286.46933333333334,47.175833333333344,19.714632170674648,mm
CanESM5,SSP2-4.5,351001,R99p,1995-2014,2021-2050,64.313,107.49433333333333,43.18133333333333,67.14246471682759,mm
CanESM5,SSP2-4.5,351002,PRCPTOT,1995-2014,2021-2050,711.043,755.8473333333333,44.80433333333326,6.3012129130493175,mm
CanESM5,SSP2-4.5,351002,SDII,1995-2014,2021-2050,10.799918036238557,10.578721267099885,-0.2211967691386718,-2.0481337765384673,mm day-1
CanESM5,SSP2-4.5,351002,Rx1day,1995-2014,2021-2050,57.902499999999996,58.52966666666667,0.6271666666666746,1.0831426392067263,mm
CanESM5,SSP2-4.5,351002,Rx5day,1995-2014,2021-2050,128.50799999999998,129.21466666666666,0.7066666666666777,0.5499009140805847,mm
CanESM5,SSP2-4.5,351002,CDD,1995-2014,2021-2050,73.95,66.6,-7.3500000000000085,-9.939148073022324,days
CanESM5,SSP2-4.5,351002,CWD,1995-2014,2021-2050,6.95,8.1,1.1499999999999995,16.54676258992805,days
CanESM5,SSP2-4.5,351002,R10mm,1995-2014,2021-2050,24.3,25.5,1.1999999999999993,4.938271604938269,days
CanESM5,SSP2-4.5,351002,R20mm,1995-2014,2021-2050,9.8,10.566666666666666,0.7666666666666657,7.82312925170067,days
CanESM5,SSP2-4.5,351002,R50mm,1995-2014,2021-2050,0.9,1.3333333333333333,0.43333333333333324,48.14814814814813,days
CanESM5,SSP2-4.5,351002,R95p,1995-2014,2021-2050,101.2875,126.96900000000001,25.681500000000014,25.355053683820824,mm
CanESM5,SSP2-4.5,351002,R99p,1995-2014,2021-2050,24.8275,21.349333333333334,-3.4781666666666666,-14.009331050918,mm
CanESM5,SSP2-4.5,351003,PRCPTOT,1995-2014,2021-2050,866.2639999999999,962.1223333333332,95.85833333333335,11.065718226006549,mm
CanESM5,SSP2-4.5,351003,SDII,1995-2014,2021-2050,13.424398336480218,13.808074713174115,0.38367637669389687,2.85805268196842,mm day-1
CanESM5,SSP2-4.5,351003,Rx1day,1995-2014,2021-2050,79.793,89.37233333333333,9.579333333333324,12.00523019980866,mm
CanESM5,SSP2-4.5,351003,Rx5day,1995-2014,2021-2050,161.251,180.871,19.620000000000005,12.16736640392928,mm
CanESM5,SSP2-4.5,351003,CDD,1995-2014,2021-2050,68.55,63.733333333333334,-4.816666666666663,-7.026501337223433,days
CanESM5,SSP2-4.5,351003,CWD,1995-2014,2021-2050,6.65,7.9,1.25,18.796992481203006,days
CanESM5,SSP2-4.5,351003,R10mm,1995-2014,2021-2050,27.85,29.4,1.5499999999999972,5.5655296229802405,days
CanESM5,SSP2-4.5,351003,R20mm,1995-2014,2021-2050,13.85,14.766666666666667,0.9166666666666679,6.618531889290021,days
CanESM5,SSP2-4.5,351003,R50mm,1995-2014,2021-2050,2.05,2.8666666666666667,0.8166666666666669,39.83739837398375,days
CanESM5,SSP2-4.5,351003,R95p,1995-2014,2021-2050,241.362,308.315,66.953,27.739660758528686,mm
CanESM5,SSP2-4.5,351003,R99p,1995-2014,2021-2050,81.12100000000001,136.09,54.968999999999994,67.76173863734421,mm
CanESM5,SSP2-4.5,351004,PRCPTOT,1995-2014,2021-2050,858.0615,920.7406666666667,62.679166666666674,7.304740588718486,mm
CanESM5,SSP2-4.5,351004,SDII,1995-2014,2021-2050,17.578564338728498,17.04770711330545,-0.5308572254230484,-3.019912293141492,mm day-1
CanESM5,SSP2-4.5,351004,Rx1day,1995-2014,2021-2050,81.465,87.97433333333333,6.5093333333333305,7.990343501299122,mm
CanESM5,SSP2-4.5,351004,Rx5day,1995-2014,2021-2050,171.8315,180.12966666666668,8.298166666666674,4.829246480806298,mm
CanESM5,SSP2-4.5,351004,CDD,1995-2014,2021-2050,83.0,79.43333333333334,-3.566666666666663,-4.297188755020076,days
CanESM5,SSP2-4.5,351004,CWD,1995-2014,2021-2050,5.65,6.566666666666666,0.9166666666666661,16.224188790560458,days
CanESM5,SSP2-4.5,351004,R10mm,1995-2014,2021-2050,27.7,28.966666666666665,1.2666666666666657,4.572803850782186,days
CanESM5,SSP2-4.5,351004,R20mm,1995-2014,2021-2050,15.45,15.566666666666666,0.11666666666666714,0.7551240560949329,days
CanESM5,SSP2-4.5,351004,R50mm,1995-2014,2021-2050,2.7,3.0,0.2999999999999998,11.111111111111104,days
CanESM5,SSP2-4.5,351004,R95p,1995-2014,2021-2050,259.06399999999996,296.26733333333334,37.203333333333376,14.360672780985926,mm
CanESM5,SSP2-4.5,351004,R99p,1995-2014,2021-2050,66.43449999999999,104.86,38.425500000000014,57.8396766740173,mm
CanESM5,SSP2-4.5,351005,PRCPTOT,1995-2014,2021-2050,846.0799999999999,913.172,67.0920000000001,7.929746596066578,mm
CanESM5,SSP2-4.5,351005,SDII,1995-2014,2021-2050,14.490064722549542,14.45337590394559,-0.036688818603952456,-0.25319982558019255,mm day-1
CanESM5,SSP2-4.5,351005,Rx1day,1995-2014,2021-2050,78.65700000000001,80.872,2.214999999999989,2.8160240029495007,mm
CanESM5,SSP2-4.5,351005,Rx5day,1995-2014,2021-2050,165.346,169.315,3.968999999999994,2.400420935492842,mm
CanESM5,SSP2-4.5,351005,CDD,1995-2014,2021-2050,73.25,68.16666666666667,-5.083333333333329,-6.939704209328776,days
CanESM5,SSP2-4.5,351005,CWD,1995-2014,2021-2050,6.55,7.433333333333334,0.8833333333333337,13.48600508905853,days
CanESM5,SSP2-4.5,351005,R10mm,1995-2014,2021-2050,27.2,28.666666666666668,1.4666666666666686,5.3921568627451055,days
CanESM5,SSP2-4.5,351005,R20mm,1995-2014,2021-2050,14.15,14.633333333333333,0.4833333333333325,3.4157832744405123,days
CanESM5,SSP2-4.5,351005,R50mm,1995-2014,2021-2050,2.2,2.7333333333333334,0.5333333333333332,24.242424242424235,days
CanESM5,SSP2-4.5,351005,R95p,1995-2014,2021-2050,247.805,279.8086666666667,32.003666666666675,12.914859129826548,mm
CanESM5,SSP2-4.5,351005,R99p,1995-2014,2021-2050,67.248,93.44566666666667,26.197666666666663,38.956796732492656,mm
CanESM5,SSP2-4.5,351006,PRCPTOT,1995-2014,2021-2050,899.2695,960.6856666666666,61.41616666666664,6.829561846217029,mm
CanESM5,SSP2-4.5,351006,SDII,1995-2014,2021-2050,13.306840593648314,13.05115167138649,-0.2556889222618235,-1.9214848217530327,mm day-1
CanESM5,SSP2-4.5,351006,Rx1day,1995-2014,2021-2050,78.163,78.762,0.5990000000000038,0.766347248698238,mm
CanESM5,SSP2-4.5,351006,Rx5day,1995-2014,2021-2050,163.808,165.82966666666667,2.0216666666666754,1.2341684573810043,mm
CanESM5,SSP2-4.5,351006,CDD,1995-2014,2021-2050,71.35,67.16666666666667,-4.183333333333323,-5.86311609437046,days
CanESM5,SSP2-4.5,351006,CWD,1995-2014,2021-2050,7.15,8.566666666666666,1.416666666666666,19.813519813519804,days
CanESM5,SSP2-4.5,351006,R10mm,1995-2014,2021-2050,29.25,30.233333333333334,0.9833333333333343,3.3618233618233653,days
CanESM5,SSP2-4.5,351006,R20mm,1995-2014,2021-2050,14.3,14.833333333333334,0.5333333333333332,3.7296037296037285,days
CanESM5,SSP2-4.5,351006,R50mm,1995-2014,2021-2050,2.0,2.6333333333333333,0.6333333333333333,31.666666666666664,days
CanESM5,SSP2-4.5,351006,R95p,1995-2014,2021-2050,525.2520000000001,565.5186666666666,40.26666666666654,7.666161512315333,mm
CanESM5,SSP2-4.5,351006,R99p,1995-2014,2021-2050,272.5915,304.87666666666667,32.28516666666667,11.843790678237095,mm
CanESM5,SSP2-4.5,351007,PRCPTOT,1995-2014,2021-2050,876.5720000000001,927.9113333333333,51.33933333333323,5.85683016721196,mm
CanESM5,SSP2-4.5,351007,SDII,1995-2014,2021-2050,8.56596401064646,8.765079710486873,0.19911569984041222,2.324498440490007,mm day-1
CanESM5,SSP2-4.5,351007,Rx1day,1995-2014,2021-2050,52.5665,57.72933333333333,5.162833333333332,9.82152765227537,mm
CanESM5,SSP2-4.5,351007,Rx5day,1995-2014,2021-2050,124.4825,134.39466666666667,9.912166666666664,7.962698906807515,mm
CanESM5,SSP2-4.5,351007,CDD,1995-2014,2021-2050,52.25,53.1,0.8500000000000014,1.6267942583732085,days
CanESM5,SSP2-4.5,351007,CWD,1995-2014,2021-2050,10.2,11.233333333333333,1.0333333333333332,10.130718954248366,days
CanESM5,SSP2-4.5,351007,R10mm,1995-2014,2021-2050,29.1,29.6,0.5,1.7182130584192439,days
CanESM5,SSP2-4.5,351007,R20mm,1995-2014,2021-2050,9.85,10.933333333333334,1.083333333333334,10.99830795262268,days
CanESM5,SSP2-4.5,351007,R50mm,1995-2014,2021-2050,0.65,1.0333333333333334,0.3833333333333334,58.974358974358985,days
CanESM5,SSP2-4.5,351007,R95p,1995-2014,2021-2050,324.7275,376.48566666666665,51.758166666666625,15.938953943434608,mm
CanESM5,SSP2-4.5,351007,R99p,1995-2014,2021-2050,101.60900000000001,144.30733333333333,42.69833333333332,42.022196196531134,mm
CanESM5,SSP2-4.5,351008,PRCPTOT,1995-2014,2021-2050,806.3855000000001,853.0873333333333,46.701833333333184,5.791502120677166,mm
CanESM5,SSP2-4.5,351008,SDII,1995-2014,2021-2050,8.183013308644885,8.31769616206641,0.1346828534215252,1.645883348121168,mm day-1
CanESM5,SSP2-4.5,351008,Rx1day,1995-2014,2021-2050,50.132999999999996,53.41766666666667,3.2846666666666735,6.5519052653275764,mm
CanESM5,SSP2-4.5,351008,Rx5day,1995-2014,2021-2050,119.50550000000001,124.55066666666667,5.04516666666666,4.221702487891067,mm
CanESM5,SSP2-4.5,351008,CDD,1995-2014,2021-2050,55.95,56.8,0.8499999999999943,1.5192135835567369,days
CanESM5,SSP2-4.5,351008,CWD,1995-2014,2021-2050,9.65,10.933333333333334,1.2833333333333332,13.298791018998271,days
CanESM5,SSP2-4.5,351008,R10mm,1995-2014,2021-2050,26.45,27.133333333333333,0.6833333333333336,2.583490863264021,days
CanESM5,SSP2-4.5,351008,R20mm,1995-2014,2021-2050,8.4,9.666666666666666,1.2666666666666657,15.079365079365067,days
CanESM5,SSP2-4.5,351008,R50mm,1995-2014,2021-2050,0.5,0.8,0.30000000000000004,60.00000000000001,days
CanESM5,SSP2-4.5,351008,R95p,1995-2014,2021-2050,298.432,344.36466666666666,45.93266666666665,15.39133426263492,mm
CanESM5,SSP2-4.5,351008,R99p,1995-2014,2021-2050,70.6415,103.04033333333334,32.39883333333334,45.863739209010774,mm
CanESM5,SSP2-4.5,351009,PRCPTOT,1995-2014,2021-2050,864.425,908.145,43.72000000000003,5.057697313242911,mm
CanESM5,SSP2-4.5,351009,SDII,1995-2014,2021-2050,8.18405946985008,8.361226985704418,0.17716751585433776,2.164787737760454,mm day-1
CanESM5,SSP2-4.5,351009,Rx1day,1995-2014,2021-2050,50.283,52.17166666666667,1.8886666666666656,3.756073954749449,mm
CanESM5,SSP2-4.5,351009,Rx5day,1995-2014,2021-2050,117.94449999999999,122.893,4.94850000000001,4.195617430232025,mm
CanESM5,SSP2-4.5,351009,CDD,1995-2014,2021-2050,53.8,54.03333333333333,0.23333333333333428,0.43370508054523105,days
CanESM5,SSP2-4.5,351009,CWD,1995-2014,2021-2050,10.35,11.633333333333333,1.2833333333333332,12.399355877616745,days
CanESM5,SSP2-4.5,351009,R10mm,1995-2014,2021-2050,28.4,29.266666666666666,0.8666666666666671,3.0516431924882648,days
CanESM5,SSP2-4.5,351009,R20mm,1995-2014,2021-2050,9.35,10.366666666666667,1.0166666666666675,10.873440285205,days
CanESM5,SSP2-4.5,351009,R50mm,1995-2014,2021-2050,0.55,0.8333333333333334,0.2833333333333333,51.51515151515151,days
CanESM5,SSP2-4.5,351009,R95p,1995-2014,2021-2050,471.062,508.598,37.536,7.968377835613996,mm
CanESM5,SSP2-4.5,351009,R99p,1995-2014,2021-2050,290.577,333.642,43.065,14.820512291062267,mm
CanESM5,SSP2-4.5,351010,PRCPTOT,1995-2014,2021-2050,815.5699999999999,874.4373333333333,58.86733333333336,7.217937556964254,mm
CanESM5,SSP2-4.5,351010,SDII,1995-2014,2021-2050,8.960823014489772,9.21708411209188,0.256261097602108,2.8597942084977057,mm day-1
CanESM5,SSP2-4.5,351010,Rx1day,1995-2014,2021-2050,53.658500000000004,59.43,5.771499999999996,10.755984606353133,mm
CanESM5,SSP2-4.5,351010,Rx5day,1995-2014,2021-2050,125.4435,132.95933333333335,7.515833333333347,5.9914091470130755,mm
CanESM5,SSP2-4.5,351010,CDD,1995-2014,2021-2050,57.25,58.56666666666667,1.31666666666667,2.2998544395924365,days
CanESM5,SSP2-4.5,351010,CWD,1995-2014,2021-2050,9.2,10.166666666666666,0.9666666666666668,10.507246376811597,days
CanESM5,SSP2-4.5,351010,R10mm,1995-2014,2021-2050,27.15,28.1,0.9500000000000028,3.499079189686935,days
CanESM5,SSP2-4.5,351010,R20mm,1995-2014,2021-2050,9.65,10.7,1.049999999999999,10.880829015544029,days
CanESM5,SSP2-4.5,351010,R50mm,1995-2014,2021-2050,0.65,1.1,0.45000000000000007,69.23076923076924,days
CanESM5,SSP2-4.5,351010,R95p,1995-2014,2021-2050,449.758,504.35766666666666,54.59966666666668,12.139787767347482,mm
CanESM5,SSP2-4.5,351010,R99p,1995-2014,2021-2050,273.67199999999997,335.56066666666663,61.888666666666666,22.614175606809127,mm
CanESM5,SSP2-4.5,351011,PRCPTOT,1995-2014,2021-2050,1056.78,1045.0303333333334,-11.749666666666599,-1.1118365853504608,mm
CanESM5,SSP2-4.5,351011,SDII,1995-2014,2021-2050,5.989167055177175,6.002165332925531,0.01299827774835638,0.2170298077947311,mm day-1
CanESM5,SSP2-4.5,351011,Rx1day,1995-2014,2021-2050,36.5535,35.57866666666666,-0.9748333333333363,-2.6668672858504285,mm
CanESM5,SSP2-4.5,351011,Rx5day,1995-2014,2021-2050,99.4275,98.383,-1.0444999999999993,-1.0505141937592712,mm
CanESM5,SSP2-4.5,351011,CDD,1995-2014,2021-2050,38.75,38.96666666666667,0.21666666666666856,0.5591397849462415,days
CanESM5,SSP2-4.5,351011,CWD,1995-2014,2021-2050,26.9,23.666666666666668,-3.2333333333333307,-12.019826517967774,days
CanESM5,SSP2-4.5,351011,R10mm,1995-2014,2021-2050,29.9,29.3,-0.5999999999999979,-2.0066889632106952,days
CanESM5,SSP2-4.5,351011,R20mm,1995-2014,2021-2050,6.1,6.633333333333334,0.5333333333333341,8.743169398907117,days
CanESM5,SSP2-4.5,351011,R50mm,1995-2014,2021-2050,0.2,0.16666666666666666,-0.033333333333333354,-16.666666666666675,days
CanESM5,SSP2-4.5,351011,R95p,1995-2014,2021-2050,18.782999999999998,19.683333333333334,0.9003333333333359,4.7933414967435235,mm
CanESM5,SSP2-4.5,351011,R99p,1995-2014,2021-2050,0.0,0.0,0.0,,mm
CanESM5,SSP2-4.5,351012,PRCPTOT,1995-2014,2021-2050,1267.258,1353.257,85.99900000000002,6.786226640510457,mm
CanESM5,SSP2-4.5,351012,SDII,1995-2014,2021-2050,13.554050259730364,13.955534143620692,0.40148388389032874,2.962095286625532,mm day-1
CanESM5,SSP2-4.5,351012,Rx1day,1995-2014,2021-2050,82.00750000000001,86.988,4.980499999999992,6.07322500990762,mm
CanESM5,SSP2-4.5,351012,Rx5day,1995-2014,2021-2050,180.065,191.692,11.62700000000001,6.457112709299425,mm
CanESM5,SSP2-4.5,351012,CDD,1995-2014,2021-2050,60.0,60.06666666666667,0.06666666666666998,0.11111111111111664,days
CanESM5,SSP2-4.5,351012,CWD,1995-2014,2021-2050,9.4,10.533333333333333,1.1333333333333329,12.056737588652476,days
CanESM5,SSP2-4.5,351012,R10mm,1995-2014,2021-2050,40.55,42.63333333333333,2.0833333333333357,5.137690094533504,days
CanESM5,SSP2-4.5,351012,R20mm,1995-2014,2021-2050,20.35,21.666666666666668,1.3166666666666664,6.470106470106468,days
CanESM5,SSP2-4.5,351012,R50mm,1995-2014,2021-2050,3.25,4.1,0.8499999999999996,26.153846153846146,days
CanESM5,SSP2-4.5,351012,R95p,1995-2014,2021-2050,308.486,358.7933333333333,50.307333333333304,16.307817318560097,mm
CanESM5,SSP2-4.5,351012,R99p,1995-2014,2021-2050,58.05,74.641,16.591000000000008,28.580534022394502,mm
CanESM5,SSP2-4.5,351201,PRCPTOT,1995-2014,2021-2050,1222.179,1273.8263333333334,51.647333333333336,4.225840350172383,mm
CanESM5,SSP2-4.5,351201,SDII,1995-2014,2021-2050,14.180846408992059,14.015132896282715,-0.16571351270934365,-1.1685727912846224,mm day-1
CanESM5,SSP2-4.5,351201,Rx1day,1995-2014,2021-2050,92.909,89.41499999999999,-3.494000000000014,-3.760669041750545,mm
CanESM5,SSP2-4.5,351201,Rx5day,1995-2014,2021-2050,203.1585,200.34766666666667,-2.810833333333335,-1.3835666897192758,mm
CanESM5,SSP2-4.5,351201,CDD,1995-2014,2021-2050,64.85,62.266666666666666,-2.5833333333333286,-3.9835517861732135,days
CanESM5,SSP2-4.5,351201,CWD,1995-2014,2021-2050,8.55,10.133333333333333,1.5833333333333321,18.5185185185185,days
CanESM5,SSP2-4.5,351201,R10mm,1995-2014,2021-2050,37.0,38.2,1.2000000000000028,3.243243243243251,days
CanESM5,SSP2-4.5,351201,R20mm,1995-2014,2021-2050,19.15,20.166666666666668,1.0166666666666693,5.308964316797229,days
CanESM5,SSP2-4.5,351201,R50mm,1995-2014,2021-2050,3.75,4.133333333333334,0.38333333333333375,10.222222222222232,days
CanESM5,SSP2-4.5,351201,R95p,1995-2014,2021-2050,394.836,426.6343333333333,31.79833333333329,8.053554724830889,mm
CanESM5,SSP2-4.5,351201,R99p,1995-2014,2021-2050,136.184,139.39333333333335,3.2093333333333476,2.356615559341294,mm
CanESM5,SSP5-8.5,351001,PRCPTOT,1995-2014,2021-2050,947.309,1005.7543333333334,58.44533333333345,6.16961660169316,mm
CanESM5,SSP5-8.5,351001,SDII,1995-2014,2021-2050,13.777259714997362,13.444307871039324,-0.33295184395803723,-2.416676834476739,mm day-1
CanESM5,SSP5-8.5,351001,Rx1day,1995-2014,2021-2050,80.7,97.33233333333334,16.632333333333335,20.61007847996696,mm
CanESM5,SSP5-8.5,351001,Rx5day,1995-2014,2021-2050,176.6325,187.26900000000003,10.63650000000004,6.0218249755849245,mm
CanESM5,SSP5-8.5,351001,CDD,1995-2014,2021-2050,68.6,62.8,-5.799999999999997,-8.45481049562682,days
CanESM5,SSP5-8.5,351001,CWD,1995-2014,2021-2050,7.2,7.333333333333333,0.13333333333333286,1.8518518518518452,days
CanESM5,SSP5-8.5,351001,R10mm,1995-2014,2021-2050,30.6,31.8,1.1999999999999993,3.921568627450978,days
CanESM5,SSP5-8.5,351001,R20mm,1995-2014,2021-2050,15.2,15.033333333333333,-0.16666666666666607,-1.0964912280701715,days
CanESM5,SSP5-8.5,351001,R50mm,1995-2014,2021-2050,2.45,2.566666666666667,0.1166666666666667,4.761904761904763,days
CanESM5,SSP5-8.5,351001,R95p,1995-2014,2021-2050,239.2935,259.807,20.513500000000022,8.572527043149949,mm
CanESM5,SSP5-8.5,351001,R99p,1995-2014,2021-2050,64.313,106.80233333333332,42.48933333333332,66.06647696940482,mm
CanESM5,SSP5-8.5,351002,PRCPTOT,1995-2014,2021-2050,711.043,732.8063333333333,21.76333333333332,3.0607619136020356,mm
CanESM5,SSP5-8.5,351002,SDII,1995-2014,2021-2050,10.799918036238557,10.270037893896879,-0.5298801423416784,-4.906334849613612,mm day-1
CanESM5,SSP5-8.5,351002,Rx1day,1995-2014,2021-2050,57.902499999999996,63.41233333333333,5.509833333333333,9.515708878430695,mm
CanESM5,SSP5-8.5,351002,Rx5day,1995-2014,2021-2050,128.50799999999998,123.60533333333333,-4.902666666666647,-3.815067285045793,mm
CanESM5,SSP5-8.5,351002,CDD,1995-2014,2021-2050,73.95,72.9,-1.0499999999999972,-1.4198782961460408,days
CanESM5,SSP5-8.5,351002,CWD,1995-2014,2021-2050,6.95,7.2,0.25,3.597122302158273,days
CanESM5,SSP5-8.5,351002,R10mm,1995-2014,2021-2050,24.3,24.5,0.1999999999999993,0.823045267489709,days
CanESM5,SSP5-8.5,351002,R20mm,1995-2014,2021-2050,9.8,9.7,-0.10000000000000142,-1.0204081632653206,days
CanESM5,SSP5-8.5,351002,R50mm,1995-2014,2021-2050,0.9,0.9666666666666667,0.06666666666666665,7.407407407407406,days
CanESM5,SSP5-8.5,351002,R95p,1995-2014,2021-2050,101.2875,114.11266666666667,12.825166666666675,12.662141593648453,mm
CanESM5,SSP5-8.5,351002,R99p,1995-2014,2021-2050,24.8275,28.010666666666665,3.183166666666665,12.821132480784069,mm
CanESM5,SSP5-8.5,351003,PRCPTOT,1995-2014,2021-2050,866.2639999999999,940.6713333333333,74.40733333333344,8.589452330159565,mm
CanESM5,SSP5-8.5,351003,SDII,1995-2014,2021-2050,13.424398336480218,13.385945118737263,-0.03845321774295485,-0.2864427647268176,mm day-1
CanESM5,SSP5-8.5,351003,Rx1day,1995-2014,2021-2050,79.793,99.977,20.183999999999997,25.295451982003428,mm
CanESM5,SSP5-8.5,351003,Rx5day,1995-2014,2021-2050,161.251,185.15633333333332,23.905333333333317,14.824920982402167,mm
CanESM5,SSP5-8.5,351003,CDD,1995-2014,2021-2050,68.55,64.26666666666667,-4.283333333333331,-6.248480427911498,days
CanESM5,SSP5-8.5,351003,CWD,1995-2014,2021-2050,6.65,7.133333333333334,0.4833333333333334,7.268170426065164,days
CanESM5,SSP5-8.5,351003,R10mm,1995-2014,2021-2050,27.85,28.7,0.8499999999999979,3.0520646319569043,days
CanESM5,SSP5-8.5,351003,R20mm,1995-2014,2021-2050,13.85,14.0,0.15000000000000036,1.0830324909747318,days
CanESM5,SSP5-8.5,351003,R50mm,1995-2014,2021-2050,2.05,2.6333333333333333,0.5833333333333335,28.45528455284554,days
CanESM5,SSP5-8.5,351003,R95p,1995-2014,2021-2050,241.362,288.09833333333336,46.73633333333336,19.363583883682335,mm
CanESM5,SSP5-8.5,351003,R99p,1995-2014,2021-2050,81.12100000000001,130.403,49.28199999999998,60.75122348097283,mm
CanESM5,SSP5-8.5,351004,PRCPTOT,1995-2014,2021-2050,858.0615,898.2326666666667,40.171166666666636,4.681618586391143,mm
CanESM5,SSP5-8.5,351004,SDII,1995-2014,2021-2050,17.578564338728498,16.668035903009173,-0.9105284357193248,-5.179765640549379,mm day-1
CanESM5,SSP5-8.5,351004,Rx1day,1995-2014,2021-2050,81.465,96.58433333333333,15.11933333333333,18.55929949467051,mm
CanESM5,SSP5-8.5,351004,Rx5day,1995-2014,2021-2050,171.8315,176.8493333333333,5.0178333333333,2.9202057441931775,mm
CanESM5,SSP5-8.5,351004,CDD,1995-2014,2021-2050,83.0,83.43333333333334,0.4333333333333371,0.5220883534136592,days
CanESM5,SSP5-8.5,351004,CWD,1995-2014,2021-2050,5.65,5.933333333333334,0.2833333333333332,5.014749262536871,days
CanESM5,SSP5-8.5,351004,R10mm,1995-2014,2021-2050,27.7,28.833333333333332,1.1333333333333329,4.091456077015642,days
CanESM5,SSP5-8.5,351004,R20mm,1995-2014,2021-2050,15.45,14.4,-1.049999999999999,-6.7961165048543615,days
CanESM5,SSP5-8.5,351004,R50mm,1995-2014,2021-2050,2.7,2.6333333333333333,-0.06666666666666687,-2.469135802469143,days
CanESM5,SSP5-8.5,351004,R95p,1995-2014,2021-2050,259.06399999999996,265.418,6.354000000000042,2.4526757866782116,mm
CanESM5,SSP5-8.5,351004,R99p,1995-2014,2021-2050,66.43449999999999,90.42633333333333,23.991833333333346,36.1135153170918,mm
CanESM5,SSP5-8.5,351005,PRCPTOT,1995-2014,2021-2050,846.0799999999999,886.436,40.35600000000011,4.76976172465962,mm
CanESM5,SSP5-8.5,351005,SDII,1995-2014,2021-2050,14.490064722549542,13.880977672154668,-0.6090870503948747,-4.20348053688821,mm day-1
CanESM5,SSP5-8.5,351005,Rx1day,1995-2014,2021-2050,78.65700000000001,88.09200000000001,9.435000000000002,11.995118044166446,mm
CanESM5,SSP5-8.5,351005,Rx5day,1995-2014,2021-2050,165.346,163.603,-1.742999999999995,-1.0541531092375958,mm
CanESM5,SSP5-8.5,351005,CDD,1995-2014,2021-2050,73.25,74.23333333333333,0.9833333333333343,1.3424345847554051,days
CanESM5,SSP5-8.5,351005,CWD,1995-2014,2021-2050,6.55,7.0,0.4500000000000002,6.87022900763359,days
CanESM5,SSP5-8.5,351005,R10mm,1995-2014,2021-2050,27.2,28.1,0.9000000000000021,3.3088235294117725,days
CanESM5,SSP5-8.5,351005,R20mm,1995-2014,2021-2050,14.15,13.7,-0.45000000000000107,-3.180212014134283,days
CanESM5,SSP5-8.5,351005,R50mm,1995-2014,2021-2050,2.2,2.2666666666666666,0.06666666666666643,3.030303030303019,days
CanESM5,SSP5-8.5,351005,R95p,1995-2014,2021-2050,247.805,251.14,3.3349999999999795,1.345816266822695,mm
CanESM5,SSP5-8.5,351005,R99p,1995-2014,2021-2050,67.248,77.98433333333332,10.73633333333332,15.965282734554663,mm
CanESM5,SSP5-8.5,351006,PRCPTOT,1995-2014,2021-2050,899.2695,939.414,40.144499999999994,4.464123380143549,mm
CanESM5,SSP5-8.5,351006,SDII,1995-2014,2021-2050,13.306840593648314,12.766646703718093,-0.5401938899302205,-4.059520260489696,mm day-1
CanESM5,SSP5-8.5,351006,Rx1day,1995-2014,2021-2050,78.163,89.20833333333333,11.045333333333332,14.131153273714332,mm
CanESM5,SSP5-8.5,351006,Rx5day,1995-2014,2021-2050,163.808,169.81,6.0020000000000095,3.6640457120531416,mm
CanESM5,SSP5-8.5,351006,CDD,1995-2014,2021-2050,71.35,71.73333333333333,0.38333333333333997,0.537257650081766,days
CanESM5,SSP5-8.5,351006,CWD,1995-2014,2021-2050,7.15,7.366666666666666,0.2166666666666659,3.030303030303019,days
CanESM5,SSP5-8.5,351006,R10mm,1995-2014,2021-2050,29.25,30.166666666666668,0.9166666666666679,3.133903133903138,days
CanESM5,SSP5-8.5,351006,R20mm,1995-2014,2021-2050,14.3,13.733333333333333,-0.5666666666666682,-3.9627039627039733,days
CanESM5,SSP5-8.5,351006,R50mm,1995-2014,2021-2050,2.0,2.3666666666666667,0.3666666666666667,18.333333333333336,days
CanESM5,SSP5-8.5,351006,R95p,1995-2014,2021-2050,525.2520000000001,527.0343333333333,1.782333333333213,0.33932918548300867,mm
CanESM5,SSP5-8.5,351006,R99p,1995-2014,2021-2050,272.5915,284.2956666666667,11.704166666666708,4.293665307490039,mm
CanESM5,SSP5-8.5,351007,PRCPTOT,1995-2014,2021-2050,876.5720000000001,901.1416666666667,24.569666666666535,2.8029262475491494,mm
CanESM5,SSP5-8.5,351007,SDII,1995-2014,2021-2050,8.56596401064646,8.425693367736532,-0.14027064290992897,-1.6375348149442313,mm day-1
CanESM5,SSP5-8.5,351007,Rx1day,1995-2014,2021-2050,52.5665,61.836666666666666,9.270166666666668,17.635122495632523,mm
CanESM5,SSP5-8.5,351007,Rx5day,1995-2014,2021-2050,124.4825,130.66233333333332,6.17983333333332,4.9644193628287665,mm
CanESM5,SSP5-8.5,351007,CDD,1995-2014,2021-2050,52.25,54.06666666666667,1.81666666666667,3.476874003189799,days
CanESM5,SSP5-8.5,351007,CWD,1995-2014,2021-2050,10.2,10.866666666666667,0.6666666666666679,6.535947712418313,days
CanESM5,SSP5-8.5,351007,R10mm,1995-2014,2021-2050,29.1,28.766666666666666,-0.3333333333333357,-1.1454753722795041,days
CanESM5,SSP5-8.5,351007,R20mm,1995-2014,2021-2050,9.85,10.033333333333333,0.18333333333333357,1.861252115059224,days
CanESM5,SSP5-8.5,351007,R50mm,1995-2014,2021-2050,0.65,0.8333333333333334,0.18333333333333335,28.205128205128208,days
CanESM5,SSP5-8.5,351007,R95p,1995-2014,2021-2050,324.7275,341.99833333333333,17.270833333333314,5.318561973757478,mm
CanESM5,SSP5-8.5,351007,R99p,1995-2014,2021-2050,101.60900000000001,125.06533333333333,23.45633333333332,23.084897335209792,mm
CanESM5,SSP5-8.5,351008,PRCPTOT,1995-2014,2021-2050,806.3855000000001,829.923,23.53749999999991,2.918889290544027,mm
CanESM5,SSP5-8.5,351008,SDII,1995-2014,2021-2050,8.183013308644885,8.024343606100475,-0.15866970254440993,-1.939013130734915,mm day-1
CanESM5,SSP5-8.5,351008,Rx1day,1995-2014,2021-2050,50.132999999999996,58.20633333333333,8.073333333333338,16.10383047759627,mm
CanESM5,SSP5-8.5,351008,Rx5day,1995-2014,2021-2050,119.50550000000001,121.53833333333334,2.032833333333329,1.7010374696840973,mm
CanESM5,SSP5-8.5,351008,CDD,1995-2014,2021-2050,55.95,56.766666666666666,0.8166666666666629,1.459636580280005,days
CanESM5,SSP5-8.5,351008,CWD,1995-2014,2021-2050,9.65,10.833333333333334,1.1833333333333336,12.262521588946461,days
CanESM5,SSP5-8.5,351008,R10mm,1995-2014,2021-2050,26.45,26.2,-0.25,-0.945179584120983,days
CanESM5,SSP5-8.5,351008,R20mm,1995-2014,2021-2050,8.4,8.7,0.29999999999999893,3.5714285714285587,days
CanESM5,SSP5-8.5,351008,R50mm,1995-2014,2021-2050,0.5,0.7,0.19999999999999996,39.99999999999999,days
CanESM5,SSP5-8.5,351008,R95p,1995-2014,2021-2050,298.432,311.13966666666664,12.707666666666626,4.2581447923368225,mm
CanESM5,SSP5-8.5,351008,R99p,1995-2014,2021-2050,70.6415,89.78566666666667,19.144166666666678,27.100453227446586,mm
CanESM5,SSP5-8.5,351009,PRCPTOT,1995-2014,2021-2050,864.425,883.4363333333333,19.01133333333337,2.1993039689196134,mm
CanESM5,SSP5-8.5,351009,SDII,1995-2014,2021-2050,8.18405946985008,8.075850502022448,-0.10820896782763256,-1.322191856330863,mm day-1
CanESM5,SSP5-8.5,351009,Rx1day,1995-2014,2021-2050,50.283,57.392,7.109000000000002,14.137979038641294,mm
CanESM5,SSP5-8.5,351009,Rx5day,1995-2014,2021-2050,117.94449999999999,120.21366666666667,2.2691666666666777,1.9239274969724556,mm
CanESM5,SSP5-8.5,351009,CDD,1995-2014,2021-2050,53.8,54.56666666666667,0.7666666666666728,1.4250309789343363,days
CanESM5,SSP5-8.5,351009,CWD,1995-2014,2021-2050,10.35,11.3,0.9500000000000011,9.178743961352668,days
CanESM5,SSP5-8.5,351009,R10mm,1995-2014,2021-2050,28.4,28.3,-0.09999999999999787,-0.35211267605633056,days
CanESM5,SSP5-8.5,351009,R20mm,1995-2014,2021-2050,9.35,9.433333333333334,0.08333333333333393,0.8912655971479565,days
CanESM5,SSP5-8.5,351009,R50mm,1995-2014,2021-2050,0.55,0.6666666666666666,0.11666666666666659,21.212121212121197,days
CanESM5,SSP5-8.5,351009,R95p,1995-2014,2021-2050,471.062,470.0823333333334,-0.979666666666617,-0.20796979307747535,mm
CanESM5,SSP5-8.5,351009,R99p,1995-2014,2021-2050,290.577,302.6263333333334,12.04933333333338,4.146692041466936,mm
CanESM5,SSP5-8.5,351010,PRCPTOT,1995-2014,2021-2050,815.5699999999999,846.2743333333333,30.704333333333352,3.7647698337767888,mm
CanESM5,SSP5-8.5,351010,SDII,1995-2014,2021-2050,8.960823014489772,8.856420857024675,-0.10440215746509729,-1.1650956312414338,mm day-1
CanESM5,SSP5-8.5,351010,Rx1day,1995-2014,2021-2050,53.658500000000004,63.711999999999996,10.053499999999993,18.736080956418817,mm
CanESM5,SSP5-8.5,351010,Rx5day,1995-2014,2021-2050,125.4435,130.036,4.592500000000001,3.6610107339160667,mm
CanESM5,SSP5-8.5,351010,CDD,1995-2014,2021-2050,57.25,56.1,-1.1499999999999986,-2.008733624454146,days
CanESM5,SSP5-8.5,351010,CWD,1995-2014,2021-2050,9.2,9.7,0.5,5.434782608695652,days
CanESM5,SSP5-8.5,351010,R10mm,1995-2014,2021-2050,27.15,27.233333333333334,0.0833333333333357,0.3069367710251776,days
CanESM5,SSP5-8.5,351010,R20mm,1995-2014,2021-2050,9.65,9.666666666666666,0.01666666666666572,0.1727115716752924,days
CanESM5,SSP5-8.5,351010,R50mm,1995-2014,2021-2050,0.65,0.9,0.25,38.46153846153846,days
CanESM5,SSP5-8.5,351010,R95p,1995-2014,2021-2050,449.758,459.697,9.939000000000021,2.2098550776195247,mm
CanESM5,SSP5-8.5,351010,R99p,1995-2014,2021-2050,273.67199999999997,295.661,21.989000000000033,8.03480078341958,mm
CanESM5,SSP5-8.5,351011,PRCPTOT,1995-2014,2021-2050,1056.78,998.2793333333334,-58.500666666666575,-5.535746954585304,mm
CanESM5,SSP5-8.5,351011,SDII,1995-2014,2021-2050,5.989167055177175,5.77251944586223,-0.2166476093149452,-3.6173245347643124,mm day-1
CanESM5,SSP5-8.5,351011,Rx1day,1995-2014,2021-2050,36.5535,37.294,0.7404999999999973,2.0257978032199304,mm
CanESM5,SSP5-8.5,351011,Rx5day,1995-2014,2021-2050,99.4275,88.935,-10.492499999999993,-10.552915440899142,mm
CanESM5,SSP5-8.5,351011,CDD,1995-2014,2021-2050,38.75,39.13333333333333,0.38333333333333286,0.9892473118279558,days
CanESM5,SSP5-8.5,351011,CWD,1995-2014,2021-2050,26.9,23.633333333333333,-3.2666666666666657,-12.143742255266416,days
CanESM5,SSP5-8.5,351011,R10mm,1995-2014,2021-2050,29.9,27.366666666666667,-2.5333333333333314,-8.472686733556293,days
CanESM5,SSP5-8.5,351011,R20mm,1995-2014,2021-2050,6.1,5.3,-0.7999999999999998,-13.114754098360654,days
CanESM5,SSP5-8.5,351011,R50mm,1995-2014,2021-2050,0.2,0.26666666666666666,0.06666666666666665,33.33333333333332,days
CanESM5,SSP5-8.5,351011,R95p,1995-2014,2021-2050,18.782999999999998,22.957666666666668,4.1746666666666705,22.22577153099436,mm
CanESM5,SSP5-8.5,351011,R99p,1995-2014,2021-2050,0.0,0.0,0.0,,mm
CanESM5,SSP5-8.5,351012,PRCPTOT,1995-2014,2021-2050,1267.258,1302.7353333333333,35.47733333333326,2.7995351643732582,mm
CanESM5,SSP5-8.5,351012,SDII,1995-2014,2021-2050,13.554050259730364,13.235106617109127,-0.3189436426212371,-2.3531242433771378,mm day-1
CanESM5,SSP5-8.5,351012,Rx1day,1995-2014,2021-2050,82.00750000000001,89.376,7.368499999999997,8.985153796908815,mm
CanESM5,SSP5-8.5,351012,Rx5day,1995-2014,2021-2050,180.065,186.95133333333334,6.88633333333334,3.824359721952262,mm
CanESM5,SSP5-8.5,351012,CDD,1995-2014,2021-2050,60.0,59.233333333333334,-0.7666666666666657,-1.2777777777777761,days
CanESM5,SSP5-8.5,351012,CWD,1995-2014,2021-2050,9.4,9.633333333333333,0.2333333333333325,2.48226950354609,days
CanESM5,SSP5-8.5,351012,R10mm,1995-2014,2021-2050,40.55,41.5,0.9500000000000028,2.342786683107282,days
CanESM5,SSP5-8.5,351012,R20mm,1995-2014,2021-2050,20.35,20.2,-0.15000000000000213,-0.7371007371007475,days
CanESM5,SSP5-8.5,351012,R50mm,1995-2014,2021-2050,3.25,3.6666666666666665,0.4166666666666665,12.820512820512816,days
CanESM5,SSP5-8.5,351012,R95p,1995-2014,2021-2050,308.486,323.40700000000004,14.92100000000005,4.836848349682011,mm
CanESM5,SSP5-8.5,351012,R99p,1995-2014,2021-2050,58.05,55.575,-2.4749999999999943,-4.263565891472859,mm
CanESM5,SSP5-8.5,351201,PRCPTOT,1995-2014,2021-2050,1222.179,1221.994,-0.1850000000001728,-0.015136898932167284,mm
CanESM5,SSP5-8.5,351201,SDII,1995-2014,2021-2050,14.180846408992059,13.388429900967695,-0.7924165080243633,-5.5879351991422235,mm day-1
CanESM5,SSP5-8.5,351201,Rx1day,1995-2014,2021-2050,92.909,93.11733333333333,0.2083333333333286,0.2242337484348433,mm
CanESM5,SSP5-8.5,351201,Rx5day,1995-2014,2021-2050,203.1585,186.66266666666667,-16.495833333333337,-8.119686517341552,mm
CanESM5,SSP5-8.5,351201,CDD,1995-2014,2021-2050,64.85,62.1,-2.749999999999993,-4.240555127216644,days
CanESM5,SSP5-8.5,351201,CWD,1995-2014,2021-2050,8.55,9.4,0.8499999999999996,9.941520467836254,days
CanESM5,SSP5-8.5,351201,R10mm,1995-2014,2021-2050,37.0,38.166666666666664,1.1666666666666643,3.1531531531531467,days
CanESM5,SSP5-8.5,351201,R20mm,1995-2014,2021-2050,19.15,18.766666666666666,-0.38333333333333286,-2.001740644038292,days
CanESM5,SSP5-8.5,351201,R50mm,1995-2014,2021-2050,3.75,3.533333333333333,-0.21666666666666679,-5.777777777777781,days
CanESM5,SSP5-8.5,351201,R95p,1995-2014,2021-2050,394.836,364.08033333333333,-30.755666666666684,-7.789478838471336,mm
CanESM5,SSP5-8.5,351201,R99p,1995-2014,2021-2050,136.184,114.74266666666666,-21.441333333333333,-15.744385047680588,mm
CESM2,SSP2-4.5,351001,PRCPTOT,1995-2014,2021-2050,1177.4135,1150.7883333333334,-26.6251666666667,-2.2613267697938486,mm
CESM2,SSP2-4.5,351001,SDII,1995-2014,2021-2050,14.531872997320528,15.599194592153946,1.0673215948334178,7.344693936082546,mm day-1
CESM2,SSP2-4.5,351001,Rx1day,1995-2014,2021-2050,99.329,106.11999999999999,6.790999999999997,6.8368754341632325,mm
CESM2,SSP2-4.5,351001,Rx5day,1995-2014,2021-2050,208.2575,232.49200000000002,24.234500000000025,11.636795793668908,mm
CESM2,SSP2-4.5,351001,CDD,1995-2014,2021-2050,57.3,53.0,-4.299999999999997,-7.5043630017451965,days
CESM2,SSP2-4.5,351001,CWD,1995-2014,2021-2050,8.9,8.4,-0.5,-5.617977528089887,days
CESM2,SSP2-4.5,351001,R10mm,1995-2014,2021-2050,37.5,34.46666666666667,-3.0333333333333314,-8.088888888888883,days
CESM2,SSP2-4.5,351001,R20mm,1995-2014,2021-2050,19.1,17.7,-1.4000000000000021,-7.3298429319371845,days
CESM2,SSP2-4.5,351001,R50mm,1995-2014,2021-2050,3.2,3.7,0.5,15.625,days
CESM2,SSP2-4.5,351001,R95p,1995-2014,2021-2050,312.6,371.438,58.837999999999965,18.822136916186807,mm
CESM2,SSP2-4.5,351001,R99p,1995-2014,2021-2050,110.78699999999999,168.607,57.82000000000001,52.190238926949924,mm
CESM2,SSP2-4.5,351002,PRCPTOT,1995-2014,2021-2050,878.0375,853.617,-24.42050000000006,-2.7812593425679495,mm
CESM2,SSP2-4.5,351002,SDII,1995-2014,2021-2050,11.385258222560731,12.0597313828193,0.6744731602585681,5.924091900893821,mm day-1
CESM2,SSP2-4.5,351002,Rx1day,1995-2014,2021-2050,66.728,71.14866666666667,4.420666666666676,6.624905087319681,mm
CESM2,SSP2-4.5,351002,Rx5day,1995-2014,2021-2050,150.066,163.9993333333333,13.933333333333309,9.284803575315733,mm
CESM2,SSP2-4.5,351002,CDD,1995-2014,2021-2050,64.95,61.333333333333336,-3.616666666666667,-5.56838593790095,days
CESM2,SSP2-4.5,351002,CWD,1995-2014,2021-2050,8.75,8.233333333333333,-0.5166666666666675,-5.904761904761914,days
CESM2,SSP2-4.5,351002,R10mm,1995-2014,2021-2050,30.5,28.266666666666666,-2.2333333333333343,-7.322404371584702,days
CESM2,SSP2-4.5,351002,R20mm,1995-2014,2021-2050,12.65,12.066666666666666,-0.5833333333333339,-4.611330698287224,days
CESM2,SSP2-4.5,351002,R50mm,1995-2014,2021-2050,1.35,1.7333333333333334,0.3833333333333333,28.395061728395056,days
CESM2,SSP2-4.5,351002,R95p,1995-2014,2021-2050,139.346,175.59133333333332,36.24533333333332,26.011032489869333,mm
CESM2,SSP2-4.5,351002,R99p,1995-2014,2021-2050,29.159,67.78466666666667,38.62566666666667,132.4656766921591,mm
CESM2,SSP2-4.5,351003,PRCPTOT,1995-2014,2021-2050,1096.9914999999999,1027.986,-69.00549999999976,-6.290431603161899,mm
CESM2,SSP2-4.5,351003,SDII,1995-2014,2021-2050,14.496354227765204,14.473502400960635,-0.022851826804568987,-0.15763844098677135,mm day-1
CESM2,SSP2-4.5,351003,Rx1day,1995-2014,2021-2050,93.576,92.21900000000001,-1.356999999999985,-1.4501581602120044,mm
CESM2,SSP2-4.5,351003,Rx5day,1995-2014,2021-2050,202.9145,198.88566666666665,-4.028833333333353,-1.9854832125517656,mm
CESM2,SSP2-4.5,351003,CDD,1995-2014,2021-2050,55.25,56.43333333333333,1.18333333333333,2.1417797888386065,days
CESM2,SSP2-4.5,351003,CWD,1995-2014,2021-2050,8.6,8.133333333333333,-0.4666666666666668,-5.4263565891472885,days
CESM2,SSP2-4.5,351003,R10mm,1995-2014,2021-2050,34.75,31.233333333333334,-3.5166666666666657,-10.119904076738607,days
CESM2,SSP2-4.5,351003,R20mm,1995-2014,2021-2050,17.35,15.633333333333333,-1.7166666666666686,-9.89433237271855,days
CESM2,SSP2-4.5,351003,R50mm,1995-2014,2021-2050,2.95,3.2333333333333334,0.2833333333333332,9.604519774011294,days
CESM2,SSP2-4.5,351003,R95p,1995-2014,2021-2050,326.304,344.32899999999995,18.024999999999977,5.523989898989893,mm
CESM2,SSP2-4.5,351003,R99p,1995-2014,2021-2050,148.23399999999998,133.65333333333334,-14.580666666666644,-9.836249893186883,mm
CESM2,SSP2-4.5,351004,PRCPTOT,1995-2014,2021-2050,1080.2334999999998,1061.3033333333333,-18.930166666666537,-1.7524143314076577,mm
CESM2,SSP2-4.5,351004,SDII,1995-2014,2021-2050,18.636438771399163,19.60476518647472,0.9683264150755555,5.195876889106194,mm day-1
CESM2,SSP2-4.5,351004,Rx1day,1995-2014,2021-2050,101.33200000000001,116.88333333333334,15.551333333333332,15.346912459374463,mm
CESM2,SSP2-4.5,351004,Rx5day,1995-2014,2021-2050,206.31900000000002,237.88400000000001,31.564999999999998,15.299124171792224,mm
CESM2,SSP2-4.5,351004,CDD,1995-2014,2021-2050,73.3,67.66666666666667,-5.633333333333326,-7.68531150522964,days
CESM2,SSP2-4.5,351004,CWD,1995-2014,2021-2050,7.5,7.266666666666667,-0.2333333333333334,-3.111111111111112,days
CESM2,SSP2-4.5,351004,R10mm,1995-2014,2021-2050,35.45,31.833333333333332,-3.6166666666666707,-10.202162670427844,days
CESM2,SSP2-4.5,351004,R20mm,1995-2014,2021-2050,18.9,17.833333333333332,-1.0666666666666664,-5.643738977072309,days
CESM2,SSP2-4.5,351004,R50mm,1995-2014,2021-2050,3.25,3.8666666666666667,0.6166666666666667,18.974358974358974,days
CESM2,SSP2-4.5,351004,R95p,1995-2014,2021-2050,336.87649999999996,396.99466666666666,60.118166666666696,17.845758509918827,mm
CESM2,SSP2-4.5,351004,R99p,1995-2014,2021-2050,106.40599999999999,185.549,79.14300000000001,74.3783245305716,mm
CESM2,SSP2-4.5,351005,PRCPTOT,1995-2014,2021-2050,1055.324,1028.6656666666665,-26.65833333333353,-2.526080458071031,mm
CESM2,SSP2-4.5,351005,SDII,1995-2014,2021-2050,15.427721511457055,16.316211706391318,0.8884901949342634,5.759049995000531,mm day-1
CESM2,SSP2-4.5,351005,Rx1day,1995-2014,2021-2050,93.49199999999999,97.81333333333333,4.321333333333342,4.622142357991425,mm
CESM2,SSP2-4.5,351005,Rx5day,1995-2014,2021-2050,197.1625,217.821,20.658500000000004,10.477905281176696,mm
CESM2,SSP2-4.5,351005,CDD,1995-2014,2021-2050,67.0,61.666666666666664,-5.333333333333336,-7.960199004975128,days
CESM2,SSP2-4.5,351005,CWD,1995-2014,2021-2050,8.1,7.8,-0.2999999999999998,-3.7037037037037015,days
CESM2,SSP2-4.5,351005,R10mm,1995-2014,2021-2050,34.1,31.1,-3.0,-8.79765395894428,days
CESM2,SSP2-4.5,351005,R20mm,1995-2014,2021-2050,17.4,16.566666666666666,-0.8333333333333321,-4.789272030651334,days
CESM2,SSP2-4.5,351005,R50mm,1995-2014,2021-2050,2.8,3.533333333333333,0.7333333333333334,26.190476190476197,days
CESM2,SSP2-4.5,351005,R95p,1995-2014,2021-2050,313.43449999999996,364.192,50.75750000000005,16.193973541521455,mm
CESM2,SSP2-4.5,351005,R99p,1995-2014,2021-2050,98.172,146.38500000000002,48.21300000000002,49.110744407774135,mm
CESM2,SSP2-4.5,351006,PRCPTOT,1995-2014,2021-2050,1141.321,1067.4973333333332,-73.82366666666667,-6.468264990013036,mm
CESM2,SSP2-4.5,351006,SDII,1995-2014,2021-2050,14.11710975232864,14.601300648410533,0.48419089608189303,3.429816050002905,mm day-1
CESM2,SSP2-4.5,351006,Rx1day,1995-2014,2021-2050,87.7615,84.85433333333334,-2.9071666666666545,-3.312576319532659,mm
CESM2,SSP2-4.5,351006,Rx5day,1995-2014,2021-2050,208.2045,189.42366666666666,-18.780833333333334,-9.020378201880044,mm
CESM2,SSP2-4.5,351006,CDD,1995-2014,2021-2050,62.55,65.73333333333333,3.183333333333337,5.089261923794304,days
CESM2,SSP2-4.5,351006,CWD,1995-2014,2021-2050,9.0,8.666666666666666,-0.3333333333333339,-3.7037037037037104,days
CESM2,SSP2-4.5,351006,R10mm,1995-2014,2021-2050,36.9,33.733333333333334,-3.1666666666666643,-8.581752484191501,days
CESM2,SSP2-4.5,351006,R20mm,1995-2014,2021-2050,17.9,16.8,-1.0999999999999979,-6.1452513966480335,days
CESM2,SSP2-4.5,351006,R50mm,1995-2014,2021-2050,3.15,3.1666666666666665,0.016666666666666607,0.5291005291005272,days
CESM2,SSP2-4.5,351006,R95p,1995-2014,2021-2050,683.307,660.4396666666667,-22.867333333333363,-3.3465679896932654,mm
CESM2,SSP2-4.5,351006,R99p,1995-2014,2021-2050,370.053,371.169,1.1159999999999854,0.3015784225502794,mm
CESM2,SSP2-4.5,351007,PRCPTOT,1995-2014,2021-2050,1086.4135,1025.9033333333332,-60.51016666666692,-5.569717852978347,mm
CESM2,SSP2-4.5,351007,SDII,1995-2014,2021-2050,9.222832029621403,9.673264929909255,0.45043290028785243,4.883889230999501,mm day-1
CESM2,SSP2-4.5,351007,Rx1day,1995-2014,2021-2050,63.4045,61.42733333333333,-1.977166666666669,-3.118338078001828,mm
CESM2,SSP2-4.5,351007,Rx5day,1995-2014,2021-2050,155.496,150.536,-4.960000000000008,-3.189792663476879,mm
CESM2,SSP2-4.5,351007,CDD,1995-2014,2021-2050,50.1,46.333333333333336,-3.7666666666666657,-7.518296739853624,days
CESM2,SSP2-4.5,351007,CWD,1995-2014,2021-2050,11.4,11.6,0.1999999999999993,1.7543859649122744,days
CESM2,SSP2-4.5,351007,R10mm,1995-2014,2021-2050,36.55,33.7,-2.8499999999999943,-7.797537619699027,days
CESM2,SSP2-4.5,351007,R20mm,1995-2014,2021-2050,12.8,12.566666666666666,-0.23333333333333428,-1.822916666666674,days
CESM2,SSP2-4.5,351007,R50mm,1995-2014,2021-2050,1.2,1.3333333333333333,0.1333333333333333,11.111111111111109,days
CESM2,SSP2-4.5,351007,R95p,1995-2014,2021-2050,439.5705,443.5556666666667,3.9851666666667143,0.9066046667523673,mm
CESM2,SSP2-4.5,351007,R99p,1995-2014,2021-2050,152.847,173.99333333333334,21.14633333333333,13.834967865468954,mm
CESM2,SSP2-4.5,351008,PRCPTOT,1995-2014,2021-2050,974.1545,940.384,-33.77049999999997,-3.4666472310090413,mm
CESM2,SSP2-4.5,351008,SDII,1995-2014,2021-2050,8.714392187020474,8.97651050451986,0.26211831749938597,3.0078783680380408,mm day-1
CESM2,SSP2-4.5,351008,Rx1day,1995-2014,2021-2050,59.876999999999995,61.84066666666667,1.9636666666666756,3.2795007543241574,mm
CESM2,SSP2-4.5,351008,Rx5day,1995-2014,2021-2050,137.8935,150.39399999999998,12.500499999999988,9.06532940276372,mm
CESM2,SSP2-4.5,351008,CDD,1995-2014,2021-2050,51.5,48.53333333333333,-2.9666666666666686,-5.760517799352755,days
CESM2,SSP2-4.5,351008,CWD,1995-2014,2021-2050,12.1,11.066666666666666,-1.0333333333333332,-8.539944903581265,days
CESM2,SSP2-4.5,351008,R10mm,1995-2014,2021-2050,32.4,30.266666666666666,-2.133333333333333,-6.584362139917694,days
CESM2,SSP2-4.5,351008,R20mm,1995-2014,2021-2050,10.8,10.366666666666667,-0.43333333333333357,-4.0123456790123475,days
CESM2,SSP2-4.5,351008,R50mm,1995-2014,2021-2050,0.75,1.2666666666666666,0.5166666666666666,68.88888888888887,days
CESM2,SSP2-4.5,351008,R95p,1995-2014,2021-2050,375.636,392.3446666666667,16.70866666666666,4.448100466054014,mm
CESM2,SSP2-4.5,351008,R99p,1995-2014,2021-2050,103.77000000000001,139.84133333333332,36.071333333333314,34.760849314188405,mm
CESM2,SSP2-4.5,351009,PRCPTOT,1995-2014,2021-2050,1042.0049999999999,1001.1270000000001,-40.877999999999815,-3.923013805116081,mm
CESM2,SSP2-4.5,351009,SDII,1995-2014,2021-2050,8.808388597232854,9.052359463000696,0.24397086576784233,2.769755932935174,mm day-1
CESM2,SSP2-4.5,351009,Rx1day,1995-2014,2021-2050,60.157500000000006,60.59166666666667,0.4341666666666626,0.7217166050229191,mm
CESM2,SSP2-4.5,351009,Rx5day,1995-2014,2021-2050,138.2555,147.204,8.948499999999996,6.472436901244431,mm
CESM2,SSP2-4.5,351009,CDD,1995-2014,2021-2050,50.3,46.63333333333333,-3.6666666666666643,-7.289595758780645,days
CESM2,SSP2-4.5,351009,CWD,1995-2014,2021-2050,13.0,11.6,-1.4000000000000004,-10.769230769230772,days
CESM2,SSP2-4.5,351009,R10mm,1995-2014,2021-2050,35.45,32.666666666666664,-2.7833333333333385,-7.851433944522816,days
CESM2,SSP2-4.5,351009,R20mm,1995-2014,2021-2050,11.85,11.266666666666667,-0.5833333333333321,-4.9226441631504825,days
CESM2,SSP2-4.5,351009,R50mm,1995-2014,2021-2050,0.8,1.1333333333333333,0.33333333333333326,41.66666666666666,days
CESM2,SSP2-4.5,351009,R95p,1995-2014,2021-2050,591.5755,584.4346666666667,-7.140833333333376,-1.2070874019179927,mm
CESM2,SSP2-4.5,351009,R99p,1995-2014,2021-2050,372.1555,380.34566666666666,8.190166666666642,2.2007377740397875,mm
CESM2,SSP2-4.5,351010,PRCPTOT,1995-2014,2021-2050,1006.308,954.815,-51.49299999999994,-5.11702182631957,mm
CESM2,SSP2-4.5,351010,SDII,1995-2014,2021-2050,9.774124991143726,9.892183155812633,0.1180581646689074,1.2078642822337464,mm day-1
CESM2,SSP2-4.5,351010,Rx1day,1995-2014,2021-2050,63.106500000000004,59.599333333333334,-3.50716666666667,-5.557536334080752,mm
CESM2,SSP2-4.5,351010,Rx5day,1995-2014,2021-2050,151.9325,151.5463333333333,-0.3861666666666963,-0.25416988904065707,mm
CESM2,SSP2-4.5,351010,CDD,1995-2014,2021-2050,50.95,50.833333333333336,-0.11666666666666714,-0.2289826627412505,days
CESM2,SSP2-4.5,351010,CWD,1995-2014,2021-2050,10.5,10.233333333333333,-0.2666666666666675,-2.5396825396825475,days
CESM2,SSP2-4.5,351010,R10mm,1995-2014,2021-2050,34.5,31.366666666666667,-3.133333333333333,-9.082125603864732,days
CESM2,SSP2-4.5,351010,R20mm,1995-2014,2021-2050,12.65,11.666666666666666,-0.9833333333333343,-7.773386034255607,days
CESM2,SSP2-4.5,351010,R50mm,1995-2014,2021-2050,1.15,1.1333333333333333,-0.016666666666666607,-1.4492753623188355,days
CESM2,SSP2-4.5,351010,R95p,1995-2014,2021-2050,581.938,561.0166666666667,-20.921333333333337,-3.5951137979189083,mm
CESM2,SSP2-4.5,351010,R99p,1995-2014,2021-2050,373.28650000000005,369.2516666666667,-4.034833333333324,-1.08089452292899,mm
CESM2,SSP2-4.5,351011,PRCPTOT,1995-2014,2021-2050,1209.1934999999999,1177.5933333333335,-31.600166666666382,-2.6133258793291883,mm
CESM2,SSP2-4.5,351011,SDII,1995-2014,2021-2050,6.4875608795630795,6.579907485561693,0.09234660599861311,1.4234410699639155,mm day-1
CESM2,SSP2-4.5,351011,Rx1day,1995-2014,2021-2050,41.102999999999994,43.03733333333333,1.9343333333333348,4.706063628770004,mm
CESM2,SSP2-4.5,351011,Rx5day,1995-2014,2021-2050,110.85499999999999,120.53166666666667,9.676666666666677,8.729120623036108,mm
CESM2,SSP2-4.5,351011,CDD,1995-2014,2021-2050,36.8,39.1,2.3000000000000043,6.250000000000012,days
CESM2,SSP2-4.5,351011,CWD,1995-2014,2021-2050,30.45,28.5,-1.9499999999999993,-6.403940886699505,days
CESM2,SSP2-4.5,351011,R10mm,1995-2014,2021-2050,37.25,35.233333333333334,-2.0166666666666657,-5.4138702460850086,days
CESM2,SSP2-4.5,351011,R20mm,1995-2014,2021-2050,7.85,8.533333333333333,0.6833333333333336,8.704883227176225,days
CESM2,SSP2-4.5,351011,R50mm,1995-2014,2021-2050,0.25,0.43333333333333335,0.18333333333333335,73.33333333333334,days
CESM2,SSP2-4.5,351011,R95p,1995-2014,2021-2050,21.4565,40.60533333333333,19.14883333333333,89.2449063609318,mm
CESM2,SSP2-4.5,351011,R99p,1995-2014,2021-2050,0.0,3.372,3.372,,mm
CESM2,SSP2-4.5,351012,PRCPTOT,1995-2014,2021-2050,1566.166,1476.9233333333332,-89.24266666666676,-5.698161412434364,mm
CESM2,SSP2-4.5,351012,SDII,1995-2014,2021-2050,14.908287303483828,14.941482922513085,0.03319561902925727,0.22266554402597263,mm day-1
CESM2,SSP2-4.5,351012,Rx1day,1995-2014,2021-2050,90.2755,89.51933333333334,-0.7561666666666582,-0.8376211338255211,mm
CESM2,SSP2-4.5,351012,Rx5day,1995-2014,2021-2050,216.44449999999998,230.694,14.249500000000012,6.583442868726169,mm
CESM2,SSP2-4.5,351012,CDD,1995-2014,2021-2050,52.15,52.56666666666667,0.4166666666666714,0.7989773090444322,days
CESM2,SSP2-4.5,351012,CWD,1995-2014,2021-2050,10.7,10.033333333333333,-0.6666666666666661,-6.230529595015571,days
CESM2,SSP2-4.5,351012,R10mm,1995-2014,2021-2050,50.25,45.833333333333336,-4.416666666666664,-8.789386401326695,days
CESM2,SSP2-4.5,351012,R20mm,1995-2014,2021-2050,26.0,24.0,-2.0,-7.6923076923076925,days
CESM2,SSP2-4.5,351012,R50mm,1995-2014,2021-2050,4.6,4.633333333333334,0.0333333333333341,0.724637681159437,days
CESM2,SSP2-4.5,351012,R95p,1995-2014,2021-2050,404.46799999999996,418.525,14.057000000000016,3.475429453009884,mm
CESM2,SSP2-4.5,351012,R99p,1995-2014,2021-2050,74.646,82.04766666666666,7.401666666666657,9.915690950173694,mm
CESM2,SSP2-4.5,351201,PRCPTOT,1995-2014,2021-2050,1490.5345000000002,1422.1716666666666,-68.36283333333358,-4.58646434103562,mm
CESM2,SSP2-4.5,351201,SDII,1995-2014,2021-2050,15.20499753413831,15.430022217607585,0.2250246834692753,1.4799389671984435,mm day-1
CESM2,SSP2-4.5,351201,Rx1day,1995-2014,2021-2050,104.07650000000001,101.82233333333333,-2.254166666666677,-2.1658747812106256,mm
CESM2,SSP2-4.5,351201,Rx5day,1995-2014,2021-2050,238.167,239.51666666666668,1.3496666666666783,0.5666891998751625,mm
CESM2,SSP2-4.5,351201,CDD,1995-2014,2021-2050,56.7,53.6,-3.1000000000000014,-5.467372134038802,days
CESM2,SSP2-4.5,351201,CWD,1995-2014,2021-2050,10.9,10.033333333333333,-0.8666666666666671,-7.9510703363914415,days
CESM2,SSP2-4.5,351201,R10mm,1995-2014,2021-2050,46.75,42.36666666666667,-4.383333333333333,-9.376114081996434,days
CESM2,SSP2-4.5,351201,R20mm,1995-2014,2021-2050,24.05,22.566666666666666,-1.4833333333333343,-6.1677061677061715,days
CESM2,SSP2-4.5,351201,R50mm,1995-2014,2021-2050,4.95,4.766666666666667,-0.18333333333333357,-3.703703703703708,days
CESM2,SSP2-4.5,351201,R95p,1995-2014,2021-2050,490.7545,505.3453333333334,14.590833333333364,2.9731430548947313,mm
CESM2,SSP2-4.5,351201,R99p,1995-2014,2021-2050,152.6585,197.375,44.716499999999996,29.291850764942662,mm
CESM2,SSP5-8.5,351001,PRCPTOT,1995-2014,2021-2050,1177.4135,1067.4436666666666,-109.96983333333355,-9.339950096829496,mm
CESM2,SSP5-8.5,351001,SDII,1995-2014,2021-2050,14.531872997320528,14.101693441432458,-0.43017955588807055,-2.96024852383027,mm day-1
CESM2,SSP5-8.5,351001,Rx1day,1995-2014,2021-2050,99.329,93.02966666666666,-6.299333333333337,-6.341887397772389,mm
CESM2,SSP5-8.5,351001,Rx5day,1995-2014,2021-2050,208.2575,222.783,14.525499999999994,6.974778819490291,mm
CESM2,SSP5-8.5,351001,CDD,1995-2014,2021-2050,57.3,59.1,1.8000000000000043,3.1413612565445104,days
CESM2,SSP5-8.5,351001,CWD,1995-2014,2021-2050,8.9,9.233333333333333,0.33333333333333215,3.7453183520599116,days
CESM2,SSP5-8.5,351001,R10mm,1995-2014,2021-2050,37.5,33.6,-3.8999999999999986,-10.399999999999997,days
CESM2,SSP5-8.5,351001,R20mm,1995-2014,2021-2050,19.1,16.633333333333333,-2.4666666666666686,-12.914485165794074,days
CESM2,SSP5-8.5,351001,R50mm,1995-2014,2021-2050,3.2,3.1333333333333333,-0.06666666666666687,-2.0833333333333397,days
CESM2,SSP5-8.5,351001,R95p,1995-2014,2021-2050,312.6,291.705,-20.89500000000004,-6.6842610364683415,mm
CESM2,SSP5-8.5,351001,R99p,1995-2014,2021-2050,110.78699999999999,106.955,-3.8319999999999936,-3.4588895809075018,mm
CESM2,SSP5-8.5,351002,PRCPTOT,1995-2014,2021-2050,878.0375,800.5113333333334,-77.52616666666665,-8.829482415804183,mm
CESM2,SSP5-8.5,351002,SDII,1995-2014,2021-2050,11.385258222560731,11.042763663357436,-0.3424945592032955,-3.0082282940637852,mm day-1
CESM2,SSP5-8.5,351002,Rx1day,1995-2014,2021-2050,66.728,62.723,-4.0049999999999955,-6.0019781800743255,mm
CESM2,SSP5-8.5,351002,Rx5day,1995-2014,2021-2050,150.066,155.61266666666668,5.546666666666681,3.6961514711304897,mm
CESM2,SSP5-8.5,351002,CDD,1995-2014,2021-2050,64.95,66.33333333333333,1.3833333333333258,2.1298434693353743,days
CESM2,SSP5-8.5,351002,CWD,1995-2014,2021-2050,8.75,8.8,0.05000000000000071,0.5714285714285795,days
CESM2,SSP5-8.5,351002,R10mm,1995-2014,2021-2050,30.5,27.266666666666666,-3.2333333333333343,-10.601092896174867,days
CESM2,SSP5-8.5,351002,R20mm,1995-2014,2021-2050,12.65,11.066666666666666,-1.583333333333334,-12.516469038208173,days
CESM2,SSP5-8.5,351002,R50mm,1995-2014,2021-2050,1.35,1.2333333333333334,-0.1166666666666667,-8.641975308641976,days
CESM2,SSP5-8.5,351002,R95p,1995-2014,2021-2050,139.346,134.92766666666665,-4.418333333333351,-3.1707643802716623,mm
CESM2,SSP5-8.5,351002,R99p,1995-2014,2021-2050,29.159,29.93166666666667,0.7726666666666695,2.649839386352994,mm
CESM2,SSP5-8.5,351003,PRCPTOT,1995-2014,2021-2050,1096.9914999999999,952.302,-144.68949999999984,-13.189664641886456,mm
CESM2,SSP5-8.5,351003,SDII,1995-2014,2021-2050,14.496354227765204,13.493191907090115,-1.0031623206750897,-6.920100770949081,mm day-1
CESM2,SSP5-8.5,351003,Rx1day,1995-2014,2021-2050,93.576,82.97233333333334,-10.603666666666655,-11.331609244535624,mm
CESM2,SSP5-8.5,351003,Rx5day,1995-2014,2021-2050,202.9145,199.20633333333336,-3.708166666666642,-1.8274527777298528,mm
CESM2,SSP5-8.5,351003,CDD,1995-2014,2021-2050,55.25,61.7,6.450000000000003,11.674208144796385,days
CESM2,SSP5-8.5,351003,CWD,1995-2014,2021-2050,8.6,9.366666666666667,0.7666666666666675,8.914728682170551,days
CESM2,SSP5-8.5,351003,R10mm,1995-2014,2021-2050,34.75,30.166666666666668,-4.583333333333332,-13.189448441246999,days
CESM2,SSP5-8.5,351003,R20mm,1995-2014,2021-2050,17.35,14.733333333333333,-2.616666666666669,-15.081652257444778,days
CESM2,SSP5-8.5,351003,R50mm,1995-2014,2021-2050,2.95,2.6333333333333333,-0.3166666666666669,-10.734463276836165,days
CESM2,SSP5-8.5,351003,R95p,1995-2014,2021-2050,326.304,279.5323333333333,-46.77166666666665,-14.33377055343074,mm
CESM2,SSP5-8.5,351003,R99p,1995-2014,2021-2050,148.23399999999998,99.43633333333334,-48.79766666666664,-32.91934823769625,mm
CESM2,SSP5-8.5,351004,PRCPTOT,1995-2014,2021-2050,1080.2334999999998,982.1973333333333,-98.03616666666653,-9.075460691291887,mm
CESM2,SSP5-8.5,351004,SDII,1995-2014,2021-2050,18.636438771399163,17.933605976274816,-0.7028327951243476,-3.771282720618094,mm day-1
CESM2,SSP5-8.5,351004,Rx1day,1995-2014,2021-2050,101.33200000000001,98.19466666666668,-3.1373333333333306,-3.096093369649598,mm
CESM2,SSP5-8.5,351004,Rx5day,1995-2014,2021-2050,206.31900000000002,225.381,19.061999999999983,9.23909092230962,mm
CESM2,SSP5-8.5,351004,CDD,1995-2014,2021-2050,73.3,76.33333333333333,3.0333333333333314,4.138244656662117,days
CESM2,SSP5-8.5,351004,CWD,1995-2014,2021-2050,7.5,7.9,0.40000000000000036,5.333333333333338,days
CESM2,SSP5-8.5,351004,R10mm,1995-2014,2021-2050,35.45,31.1,-4.350000000000001,-12.27080394922426,days
CESM2,SSP5-8.5,351004,R20mm,1995-2014,2021-2050,18.9,16.5,-2.3999999999999986,-12.698412698412692,days
CESM2,SSP5-8.5,351004,R50mm,1995-2014,2021-2050,3.25,3.2666666666666666,0.016666666666666607,0.512820512820511,days
CESM2,SSP5-8.5,351004,R95p,1995-2014,2021-2050,336.87649999999996,316.9153333333333,-19.961166666666657,-5.925366318715215,mm
CESM2,SSP5-8.5,351004,R99p,1995-2014,2021-2050,106.40599999999999,110.31233333333333,3.906333333333336,3.671158894548556,mm
CESM2,SSP5-8.5,351005,PRCPTOT,1995-2014,2021-2050,1055.324,965.7756666666667,-89.5483333333334,-8.485387741900439,mm
CESM2,SSP5-8.5,351005,SDII,1995-2014,2021-2050,15.427721511457055,14.905892720239729,-0.5218287912173256,-3.3824099743426213,mm day-1
CESM2,SSP5-8.5,351005,Rx1day,1995-2014,2021-2050,93.49199999999999,89.37333333333332,-4.11866666666667,-4.405368017227859,mm
CESM2,SSP5-8.5,351005,Rx5day,1995-2014,2021-2050,197.1625,213.171,16.008499999999998,8.11944462055411,mm
CESM2,SSP5-8.5,351005,CDD,1995-2014,2021-2050,67.0,68.53333333333333,1.5333333333333314,2.2885572139303454,days
CESM2,SSP5-8.5,351005,CWD,1995-2014,2021-2050,8.1,8.4,0.3000000000000007,3.7037037037037126,days
CESM2,SSP5-8.5,351005,R10mm,1995-2014,2021-2050,34.1,30.033333333333335,-4.066666666666666,-11.925708699902247,days
CESM2,SSP5-8.5,351005,R20mm,1995-2014,2021-2050,17.4,15.466666666666667,-1.9333333333333318,-11.111111111111104,days
CESM2,SSP5-8.5,351005,R50mm,1995-2014,2021-2050,2.8,2.933333333333333,0.1333333333333333,4.761904761904761,days
CESM2,SSP5-8.5,351005,R95p,1995-2014,2021-2050,313.43449999999996,309.64033333333333,-3.7941666666666265,-1.210513414020035,mm
CESM2,SSP5-8.5,351005,R99p,1995-2014,2021-2050,98.172,99.271,1.0990000000000038,1.1194637982316789,mm
CESM2,SSP5-8.5,351006,PRCPTOT,1995-2014,2021-2050,1141.321,983.0086666666666,-158.3123333333333,-13.870973488907442,mm
CESM2,SSP5-8.5,351006,SDII,1995-2014,2021-2050,14.11710975232864,13.567547364127176,-0.5495623882014637,-3.8928817430976803,mm day-1
CESM2,SSP5-8.5,351006,Rx1day,1995-2014,2021-2050,87.7615,86.39833333333333,-1.3631666666666717,-1.5532627253028626,mm
CESM2,SSP5-8.5,351006,Rx5day,1995-2014,2021-2050,208.2045,189.42466666666667,-18.77983333333333,-9.019897904864367,mm
CESM2,SSP5-8.5,351006,CDD,1995-2014,2021-2050,62.55,69.06666666666666,6.516666666666666,10.418332001065812,days
CESM2,SSP5-8.5,351006,CWD,1995-2014,2021-2050,9.0,9.133333333333333,0.13333333333333286,1.4814814814814763,days
CESM2,SSP5-8.5,351006,R10mm,1995-2014,2021-2050,36.9,31.5,-5.399999999999999,-14.634146341463412,days
CESM2,SSP5-8.5,351006,R20mm,1995-2014,2021-2050,17.9,15.333333333333334,-2.5666666666666647,-14.338919925512094,days
CESM2,SSP5-8.5,351006,R50mm,1995-2014,2021-2050,3.15,2.533333333333333,-0.6166666666666667,-19.57671957671958,days
CESM2,SSP5-8.5,351006,R95p,1995-2014,2021-2050,683.307,582.0053333333333,-101.30166666666673,-14.825205459137216,mm
CESM2,SSP5-8.5,351006,R99p,1995-2014,2021-2050,370.053,309.2416666666667,-60.81133333333332,-16.433141559001907,mm
CESM2,SSP5-8.5,351007,PRCPTOT,1995-2014,2021-2050,1086.4135,938.8866666666667,-147.52683333333346,-13.579252589675427,mm
CESM2,SSP5-8.5,351007,SDII,1995-2014,2021-2050,9.222832029621403,8.996905097265307,-0.22592693235609573,-2.4496481301022897,mm day-1
CESM2,SSP5-8.5,351007,Rx1day,1995-2014,2021-2050,63.4045,61.18966666666667,-2.214833333333331,-3.4931800319115065,mm
CESM2,SSP5-8.5,351007,Rx5day,1995-2014,2021-2050,155.496,142.00433333333334,-13.491666666666674,-8.676536159558236,mm
CESM2,SSP5-8.5,351007,CDD,1995-2014,2021-2050,50.1,56.233333333333334,6.133333333333333,12.24218230206254,days
CESM2,SSP5-8.5,351007,CWD,1995-2014,2021-2050,11.4,12.2,0.7999999999999989,7.017543859649113,days
CESM2,SSP5-8.5,351007,R10mm,1995-2014,2021-2050,36.55,30.833333333333332,-5.716666666666665,-15.640674874601,days
CESM2,SSP5-8.5,351007,R20mm,1995-2014,2021-2050,12.8,10.9,-1.9000000000000004,-14.843750000000002,days
CESM2,SSP5-8.5,351007,R50mm,1995-2014,2021-2050,1.2,0.9,-0.29999999999999993,-24.999999999999996,days
CESM2,SSP5-8.5,351007,R95p,1995-2014,2021-2050,439.5705,374.13666666666666,-65.43383333333333,-14.885856383295359,mm
CESM2,SSP5-8.5,351007,R99p,1995-2014,2021-2050,152.847,130.83,-22.016999999999996,-14.404600679110482,mm
CESM2,SSP5-8.5,351008,PRCPTOT,1995-2014,2021-2050,974.1545,878.8546666666666,-95.29983333333337,-9.78282534580843,mm
CESM2,SSP5-8.5,351008,SDII,1995-2014,2021-2050,8.714392187020474,8.294732008639196,-0.4196601783812781,-4.81571369953185,mm day-1
CESM2,SSP5-8.5,351008,Rx1day,1995-2014,2021-2050,59.876999999999995,55.74166666666667,-4.135333333333328,-6.906380301840989,mm
CESM2,SSP5-8.5,351008,Rx5day,1995-2014,2021-2050,137.8935,141.10966666666667,3.2161666666666804,2.332355525580742,mm
CESM2,SSP5-8.5,351008,CDD,1995-2014,2021-2050,51.5,55.0,3.5,6.796116504854369,days
CESM2,SSP5-8.5,351008,CWD,1995-2014,2021-2050,12.1,11.566666666666666,-0.5333333333333332,-4.407713498622589,days
CESM2,SSP5-8.5,351008,R10mm,1995-2014,2021-2050,32.4,28.266666666666666,-4.133333333333333,-12.757201646090532,days
CESM2,SSP5-8.5,351008,R20mm,1995-2014,2021-2050,10.8,9.5,-1.3000000000000007,-12.037037037037042,days
CESM2,SSP5-8.5,351008,R50mm,1995-2014,2021-2050,0.75,0.8,0.050000000000000044,6.666666666666672,days
CESM2,SSP5-8.5,351008,R95p,1995-2014,2021-2050,375.636,338.3833333333333,-37.2526666666667,-9.917224831130856,mm
CESM2,SSP5-8.5,351008,R99p,1995-2014,2021-2050,103.77000000000001,94.174,-9.596000000000004,-9.247374000192737,mm
CESM2,SSP5-8.5,351009,PRCPTOT,1995-2014,2021-2050,1042.0049999999999,938.78,-103.22499999999991,-9.9063824069942,mm
CESM2,SSP5-8.5,351009,SDII,1995-2014,2021-2050,8.808388597232854,8.433867123856198,-0.37452147337665664,-4.251872737475639,mm day-1
CESM2,SSP5-8.5,351009,Rx1day,1995-2014,2021-2050,60.157500000000006,56.047000000000004,-4.110500000000002,-6.83289697876408,mm
CESM2,SSP5-8.5,351009,Rx5day,1995-2014,2021-2050,138.2555,143.34033333333335,5.084833333333336,3.6778524784426914,mm
CESM2,SSP5-8.5,351009,CDD,1995-2014,2021-2050,50.3,53.86666666666667,3.56666666666667,7.090788601723002,days
CESM2,SSP5-8.5,351009,CWD,1995-2014,2021-2050,13.0,12.533333333333333,-0.4666666666666668,-3.5897435897435908,days
CESM2,SSP5-8.5,351009,R10mm,1995-2014,2021-2050,35.45,30.633333333333333,-4.81666666666667,-13.587212035731085,days
CESM2,SSP5-8.5,351009,R20mm,1995-2014,2021-2050,11.85,10.433333333333334,-1.416666666666666,-11.95499296765119,days
CESM2,SSP5-8.5,351009,R50mm,1995-2014,2021-2050,0.8,0.8333333333333334,0.033333333333333326,4.166666666666665,days
CESM2,SSP5-8.5,351009,R95p,1995-2014,2021-2050,591.5755,515.6253333333333,-75.95016666666675,-12.838626120700864,mm
CESM2,SSP5-8.5,351009,R99p,1995-2014,2021-2050,372.1555,334.352,-37.80350000000004,-10.157985035825089,mm
CESM2,SSP5-8.5,351010,PRCPTOT,1995-2014,2021-2050,1006.308,881.0916666666667,-125.2163333333333,-12.443141993637465,mm
CESM2,SSP5-8.5,351010,SDII,1995-2014,2021-2050,9.774124991143726,9.15976537855157,-0.6143596125921551,-6.285571477230162,mm day-1
CESM2,SSP5-8.5,351010,Rx1day,1995-2014,2021-2050,63.106500000000004,58.836666666666666,-4.269833333333338,-6.766075338250953,mm
CESM2,SSP5-8.5,351010,Rx5day,1995-2014,2021-2050,151.9325,147.72466666666665,-4.207833333333355,-2.7695412984933143,mm
CESM2,SSP5-8.5,351010,CDD,1995-2014,2021-2050,50.95,53.733333333333334,2.7833333333333314,5.462872096826951,days
CESM2,SSP5-8.5,351010,CWD,1995-2014,2021-2050,10.5,10.766666666666667,0.2666666666666675,2.5396825396825475,days
CESM2,SSP5-8.5,351010,R10mm,1995-2014,2021-2050,34.5,29.0,-5.5,-15.942028985507246,days
CESM2,SSP5-8.5,351010,R20mm,1995-2014,2021-2050,12.65,10.6,-2.0500000000000007,-16.20553359683795,days
CESM2,SSP5-8.5,351010,R50mm,1995-2014,2021-2050,1.15,1.0,-0.1499999999999999,-13.04347826086956,days
CESM2,SSP5-8.5,351010,R95p,1995-2014,2021-2050,581.938,491.0926666666666,-90.84533333333337,-15.610826812020072,mm
CESM2,SSP5-8.5,351010,R99p,1995-2014,2021-2050,373.28650000000005,323.63933333333335,-49.64716666666669,-13.300016653874888,mm
CESM2,SSP5-8.5,351011,PRCPTOT,1995-2014,2021-2050,1209.1934999999999,1104.9906666666668,-104.20283333333305,-8.617548252891952,mm
CESM2,SSP5-8.5,351011,SDII,1995-2014,2021-2050,6.4875608795630795,6.229958509567691,-0.25760236999538844,-3.970712179470712,mm day-1
CESM2,SSP5-8.5,351011,Rx1day,1995-2014,2021-2050,41.102999999999994,39.166000000000004,-1.9369999999999905,-4.712551395275262,mm
CESM2,SSP5-8.5,351011,Rx5day,1995-2014,2021-2050,110.85499999999999,111.71533333333333,0.8603333333333438,0.7760888848796571,mm
CESM2,SSP5-8.5,351011,CDD,1995-2014,2021-2050,36.8,37.833333333333336,1.0333333333333385,2.807971014492768,days
CESM2,SSP5-8.5,351011,CWD,1995-2014,2021-2050,30.45,27.4,-3.0500000000000007,-10.016420361247949,days
CESM2,SSP5-8.5,351011,R10mm,1995-2014,2021-2050,37.25,31.633333333333333,-5.616666666666667,-15.078299776286356,days
CESM2,SSP5-8.5,351011,R20mm,1995-2014,2021-2050,7.85,7.066666666666666,-0.7833333333333332,-9.97876857749469,days
CESM2,SSP5-8.5,351011,R50mm,1995-2014,2021-2050,0.25,0.26666666666666666,0.016666666666666663,6.666666666666665,days
CESM2,SSP5-8.5,351011,R95p,1995-2014,2021-2050,21.4565,26.441,4.984500000000001,23.230722624845622,mm
CESM2,SSP5-8.5,351011,R99p,1995-2014,2021-2050,0.0,0.0,0.0,,mm
CESM2,SSP5-8.5,351012,PRCPTOT,1995-2014,2021-2050,1566.166,1370.615,-195.55099999999993,-12.485968920280476,mm
CESM2,SSP5-8.5,351012,SDII,1995-2014,2021-2050,14.908287303483828,13.861150944957576,-1.0471363585262523,-7.023854163861957,mm day-1
CESM2,SSP5-8.5,351012,Rx1day,1995-2014,2021-2050,90.2755,88.44766666666666,-1.8278333333333308,-2.0247280085220583,mm
CESM2,SSP5-8.5,351012,Rx5day,1995-2014,2021-2050,216.44449999999998,225.71033333333335,9.265833333333376,4.2809280593100665,mm
CESM2,SSP5-8.5,351012,CDD,1995-2014,2021-2050,52.15,57.0,4.850000000000001,9.300095877277087,days
CESM2,SSP5-8.5,351012,CWD,1995-2014,2021-2050,10.7,10.866666666666667,0.16666666666666785,1.5576323987539054,days
CESM2,SSP5-8.5,351012,R10mm,1995-2014,2021-2050,50.25,43.13333333333333,-7.116666666666667,-14.16252072968491,days
CESM2,SSP5-8.5,351012,R20mm,1995-2014,2021-2050,26.0,21.5,-4.5,-17.307692307692307,days
CESM2,SSP5-8.5,351012,R50mm,1995-2014,2021-2050,4.6,4.0,-0.5999999999999996,-13.04347826086956,days
CESM2,SSP5-8.5,351012,R95p,1995-2014,2021-2050,404.46799999999996,364.5063333333334,-39.96166666666659,-9.880056436273474,mm
CESM2,SSP5-8.5,351012,R99p,1995-2014,2021-2050,74.646,76.402,1.7560000000000002,2.3524368351954563,mm
CESM2,SSP5-8.5,351201,PRCPTOT,1995-2014,2021-2050,1490.5345000000002,1329.8186666666666,-160.71583333333365,-10.782429613895795,mm
CESM2,SSP5-8.5,351201,SDII,1995-2014,2021-2050,15.20499753413831,14.36346616750572,-0.841531366632589,-5.534570885284131,mm day-1
CESM2,SSP5-8.5,351201,Rx1day,1995-2014,2021-2050,104.07650000000001,98.03266666666667,-6.043833333333339,-5.807106631500232,mm
CESM2,SSP5-8.5,351201,Rx5day,1995-2014,2021-2050,238.167,241.179,3.0120000000000005,1.2646588318280871,mm
CESM2,SSP5-8.5,351201,CDD,1995-2014,2021-2050,56.7,62.03333333333333,5.333333333333329,9.40623162845384,days
CESM2,SSP5-8.5,351201,CWD,1995-2014,2021-2050,10.9,10.133333333333333,-0.7666666666666675,-7.033639143730894,days
CESM2,SSP5-8.5,351201,R10mm,1995-2014,2021-2050,46.75,40.1,-6.649999999999999,-14.224598930481282,days
CESM2,SSP5-8.5,351201,R20mm,1995-2014,2021-2050,24.05,20.733333333333334,-3.3166666666666664,-13.790713790713788,days
CESM2,SSP5-8.5,351201,R50mm,1995-2014,2021-2050,4.95,4.433333333333334,-0.5166666666666666,-10.437710437710436,days
CESM2,SSP5-8.5,351201,R95p,1995-2014,2021-2050,490.7545,443.10833333333335,-47.64616666666666,-9.708757977087659,mm
CESM2,SSP5-8.5,351201,R99p,1995-2014,2021-2050,152.6585,165.47866666666667,12.820166666666665,8.397938317661096,mm
EC-Earth3,SSP2-4.5,351001,PRCPTOT,1995-2014,2021-2050,1195.4879999999998,1109.5113333333334,-85.97666666666646,-7.191763252049914,mm
EC-Earth3,SSP2-4.5,351001,SDII,1995-2014,2021-2050,14.809036646676486,14.406640128149524,-0.40239651852696134,-2.71723629380895,mm day-1
EC-Earth3,SSP2-4.5,351001,Rx1day,1995-2014,2021-2050,95.94500000000001,87.515,-8.430000000000007,-8.78628380843192,mm
EC-Earth3,SSP2-4.5,351001,Rx5day,1995-2014,2021-2050,202.5075,199.84400000000002,-2.6634999999999707,-1.3152599286446036,mm
EC-Earth3,SSP2-4.5,351001,CDD,1995-2014,2021-2050,64.6,61.766666666666666,-2.8333333333333286,-4.385964912280695,days
EC-Earth3,SSP2-4.5,351001,CWD,1995-2014,2021-2050,8.9,8.933333333333334,0.033333333333333215,0.37453183520599115,days
EC-Earth3,SSP2-4.5,351001,R10mm,1995-2014,2021-2050,38.05,34.9,-3.1499999999999986,-8.278580814717474,days
EC-Earth3,SSP2-4.5,351001,R20mm,1995-2014,2021-2050,19.45,17.366666666666667,-2.083333333333332,-10.711225364181656,days
EC-Earth3,SSP2-4.5,351001,R50mm,1995-2014,2021-2050,3.3,3.2666666666666666,-0.033333333333333215,-1.0101010101010066,days
EC-Earth3,SSP2-4.5,351001,R95p,1995-2014,2021-2050,327.2645,301.1546666666666,-26.10983333333337,-7.978205192843517,mm
EC-Earth3,SSP2-4.5,351001,R99p,1995-2014,2021-2050,114.02449999999999,99.04166666666667,-14.982833333333318,-13.140012307296518,mm
EC-Earth3,SSP2-4.5,351002,PRCPTOT,1995-2014,2021-2050,892.2270000000001,837.2783333333334,-54.94866666666667,-6.158597158197035,mm
EC-Earth3,SSP2-4.5,351002,SDII,1995-2014,2021-2050,11.430151412385069,11.248891075600703,-0.1812603367843657,-1.5858087110548877,mm day-1
EC-Earth3,SSP2-4.5,351002,Rx1day,1995-2014,2021-2050,64.16749999999999,66.23366666666666,2.0661666666666747,3.2199581823612813,mm
EC-Earth3,SSP2-4.5,351002,Rx5day,1995-2014,2021-2050,144.794,146.79866666666666,2.004666666666651,1.3844956743143024,mm
EC-Earth3,SSP2-4.5,351002,CDD,1995-2014,2021-2050,75.5,67.93333333333334,-7.566666666666663,-10.022075055187633,days
EC-Earth3,SSP2-4.5,351002,CWD,1995-2014,2021-2050,8.8,8.666666666666666,-0.13333333333333464,-1.5151515151515298,days
EC-Earth3,SSP2-4.5,351002,R10mm,1995-2014,2021-2050,30.95,28.1,-2.849999999999998,-9.208400646203547,days
EC-Earth3,SSP2-4.5,351002,R20mm,1995-2014,2021-2050,13.35,11.933333333333334,-1.416666666666666,-10.61173533083645,days
EC-Earth3,SSP2-4.5,351002,R50mm,1995-2014,2021-2050,1.35,1.1666666666666667,-0.18333333333333335,-13.580246913580249,days
EC-Earth3,SSP2-4.5,351002,R95p,1995-2014,2021-2050,141.6045,140.167,-1.4375,-1.0151513546532773,mm
EC-Earth3,SSP2-4.5,351002,R99p,1995-2014,2021-2050,29.178000000000004,32.473333333333336,3.295333333333332,11.293897228505488,mm
EC-Earth3,SSP2-4.5,351003,PRCPTOT,1995-2014,2021-2050,1098.386,1050.969,-47.416999999999916,-4.316970536769398,mm
EC-Earth3,SSP2-4.5,351003,SDII,1995-2014,2021-2050,14.284735953230182,14.376856252006071,0.0921202987758889,0.6448862553532737,mm day-1
EC-Earth3,SSP2-4.5,351003,Rx1day,1995-2014,2021-2050,89.4745,89.58933333333333,0.11483333333332268,0.1283419670781314,mm
EC-Earth3,SSP2-4.5,351003,Rx5day,1995-2014,2021-2050,180.954,196.395,15.441000000000003,8.533107861666503,mm
EC-Earth3,SSP2-4.5,351003,CDD,1995-2014,2021-2050,65.45,63.266666666666666,-2.183333333333337,-3.3358798064680473,days
EC-Earth3,SSP2-4.5,351003,CWD,1995-2014,2021-2050,9.85,8.233333333333333,-1.6166666666666671,-16.412859560067687,days
EC-Earth3,SSP2-4.5,351003,R10mm,1995-2014,2021-2050,34.9,32.333333333333336,-2.566666666666663,-7.354345749761212,days
EC-Earth3,SSP2-4.5,351003,R20mm,1995-2014,2021-2050,17.6,16.266666666666666,-1.3333333333333357,-7.575757575757589,days
EC-Earth3,SSP2-4.5,351003,R50mm,1995-2014,2021-2050,3.05,3.2666666666666666,0.21666666666666679,7.103825136612026,days
EC-Earth3,SSP2-4.5,351003,R95p,1995-2014,2021-2050,317.3275,345.4396666666667,28.112166666666724,8.859038900399973,mm
EC-Earth3,SSP2-4.5,351003,R99p,1995-2014,2021-2050,119.548,122.609,3.060999999999993,2.5604777997122437,mm
EC-Earth3,SSP2-4.5,351004,PRCPTOT,1995-2014,2021-2050,1115.375,1055.4506666666666,-59.92433333333338,-5.372572752063959,mm
EC-Earth3,SSP2-4.5,351004,SDII,1995-2014,2021-2050,18.96710253004929,18.97538776159651,0.008285231547223049,0.04368211504154039,mm day-1
EC-Earth3,SSP2-4.5,351004,Rx1day,1995-2014,2021-2050,104.17750000000001,111.50566666666667,7.328166666666661,7.034308431923074,mm
EC-Earth3,SSP2-4.5,351004,Rx5day,1995-2014,2021-2050,209.20999999999998,212.092,2.8820000000000334,1.377563213995523,mm
EC-Earth3,SSP2-4.5,351004,CDD,1995-2014,2021-2050,87.6,78.8,-8.799999999999997,-10.04566210045662,days
EC-Earth3,SSP2-4.5,351004,CWD,1995-2014,2021-2050,8.4,6.866666666666666,-1.533333333333334,-18.25396825396826,days
EC-Earth3,SSP2-4.5,351004,R10mm,1995-2014,2021-2050,35.5,32.43333333333333,-3.06666666666667,-8.638497652582169,days
EC-Earth3,SSP2-4.5,351004,R20mm,1995-2014,2021-2050,19.85,17.933333333333334,-1.9166666666666679,-9.65575146935349,days
EC-Earth3,SSP2-4.5,351004,R50mm,1995-2014,2021-2050,3.45,3.7333333333333334,0.2833333333333332,8.212560386473426,days
EC-Earth3,SSP2-4.5,351004,R95p,1995-2014,2021-2050,342.646,373.04366666666664,30.397666666666623,8.871449445394553,mm
EC-Earth3,SSP2-4.5,351004,R99p,1995-2014,2021-2050,128.45250000000001,129.618,1.1654999999999802,0.9073392888421635,mm
EC-Earth3,SSP2-4.5,351005,PRCPTOT,1995-2014,2021-2050,1086.074,1050.712,-35.36200000000008,-3.255947568950189,mm
EC-Earth3,SSP2-4.5,351005,SDII,1995-2014,2021-2050,15.581547986811719,15.985535551403254,0.4039875645915352,2.592730612731622,mm day-1
EC-Earth3,SSP2-4.5,351005,Rx1day,1995-2014,2021-2050,89.837,94.99133333333333,5.1543333333333266,5.737428156921232,mm
EC-Earth3,SSP2-4.5,351005,Rx5day,1995-2014,2021-2050,187.588,205.19966666666667,17.61166666666668,9.388482561073564,mm
EC-Earth3,SSP2-4.5,351005,CDD,1995-2014,2021-2050,80.35,68.46666666666667,-11.883333333333326,-14.789462767060767,days
EC-Earth3,SSP2-4.5,351005,CWD,1995-2014,2021-2050,10.05,7.8,-2.250000000000001,-22.388059701492544,days
EC-Earth3,SSP2-4.5,351005,R10mm,1995-2014,2021-2050,34.25,32.9,-1.3500000000000014,-3.9416058394160625,days
EC-Earth3,SSP2-4.5,351005,R20mm,1995-2014,2021-2050,18.55,17.433333333333334,-1.1166666666666671,-6.01976639712489,days
EC-Earth3,SSP2-4.5,351005,R50mm,1995-2014,2021-2050,3.25,3.4,0.1499999999999999,4.615384615384612,days
EC-Earth3,SSP2-4.5,351005,R95p,1995-2014,2021-2050,341.0065,351.71633333333335,10.709833333333336,3.1406537216543775,mm
EC-Earth3,SSP2-4.5,351005,R99p,1995-2014,2021-2050,97.038,109.42733333333334,12.38933333333334,12.767506887336241,mm
EC-Earth3,SSP2-4.5,351006,PRCPTOT,1995-2014,2021-2050,1133.0905,1069.1276666666668,-63.962833333333265,-5.644988933658279,mm
EC-Earth3,SSP2-4.5,351006,SDII,1995-2014,2021-2050,14.095404899591088,14.063998162257553,-0.03140673733353516,-0.22281543210189217,mm day-1
EC-Earth3,SSP2-4.5,351006,Rx1day,1995-2014,2021-2050,91.955,86.64933333333333,-5.305666666666667,-5.76985119533105,mm
EC-Earth3,SSP2-4.5,351006,Rx5day,1995-2014,2021-2050,179.0795,194.49066666666667,15.411166666666674,8.605768201646013,mm
EC-Earth3,SSP2-4.5,351006,CDD,1995-2014,2021-2050,72.5,69.23333333333333,-3.2666666666666657,-4.5057471264367805,days
EC-Earth3,SSP2-4.5,351006,CWD,1995-2014,2021-2050,10.25,8.6,-1.6500000000000004,-16.09756097560976,days
EC-Earth3,SSP2-4.5,351006,R10mm,1995-2014,2021-2050,36.65,34.1,-2.549999999999997,-6.957708049113226,days
EC-Earth3,SSP2-4.5,351006,R20mm,1995-2014,2021-2050,18.4,16.533333333333335,-1.8666666666666636,-10.144927536231867,days
EC-Earth3,SSP2-4.5,351006,R50mm,1995-2014,2021-2050,2.9,2.933333333333333,0.033333333333333215,1.1494252873563178,days
EC-Earth3,SSP2-4.5,351006,R95p,1995-2014,2021-2050,689.6725,640.74,-48.932500000000005,-7.095034237264788,mm
EC-Earth3,SSP2-4.5,351006,R99p,1995-2014,2021-2050,360.26599999999996,363.46133333333336,3.1953333333333944,0.8869372445174939,mm
EC-Earth3,SSP2-4.5,351007,PRCPTOT,1995-2014,2021-2050,1071.0945,1004.2673333333333,-66.82716666666659,-6.23914758844029,mm
EC-Earth3,SSP2-4.5,351007,SDII,1995-2014,2021-2050,9.338978506706859,8.932499513419971,-0.4064789932868873,-4.3524995051115205,mm day-1
EC-Earth3,SSP2-4.5,351007,Rx1day,1995-2014,2021-2050,59.338,57.29933333333334,-2.038666666666664,-3.435684833777114,mm
EC-Earth3,SSP2-4.5,351007,Rx5day,1995-2014,2021-2050,139.24849999999998,140.31599999999997,1.0674999999999955,0.7666150802342543,mm
EC-Earth3,SSP2-4.5,351007,CDD,1995-2014,2021-2050,48.8,50.233333333333334,1.4333333333333371,2.9371584699453632,days
EC-Earth3,SSP2-4.5,351007,CWD,1995-2014,2021-2050,12.0,12.3,0.3000000000000007,2.5000000000000058,days
EC-Earth3,SSP2-4.5,351007,R10mm,1995-2014,2021-2050,36.45,32.766666666666666,-3.683333333333337,-10.105166895290361,days
EC-Earth3,SSP2-4.5,351007,R20mm,1995-2014,2021-2050,13.7,11.566666666666666,-2.133333333333333,-15.571776155717759,days
EC-Earth3,SSP2-4.5,351007,R50mm,1995-2014,2021-2050,0.9,1.1333333333333333,0.23333333333333328,25.92592592592592,days
EC-Earth3,SSP2-4.5,351007,R95p,1995-2014,2021-2050,452.375,393.64433333333335,-58.73066666666665,-12.982739246569029,mm
EC-Earth3,SSP2-4.5,351007,R99p,1995-2014,2021-2050,144.6155,141.72633333333334,-2.889166666666654,-1.9978264201739466,mm
EC-Earth3,SSP2-4.5,351008,PRCPTOT,1995-2014,2021-2050,975.5165000000001,911.74,-63.776500000000055,-6.537716173944782,mm
EC-Earth3,SSP2-4.5,351008,SDII,1995-2014,2021-2050,8.711444241969934,8.457387504295749,-0.25405673767418513,-2.9163561243977476,mm day-1
EC-Earth3,SSP2-4.5,351008,Rx1day,1995-2014,2021-2050,55.98049999999999,51.781,-4.199499999999993,-7.50171934870177,mm
EC-Earth3,SSP2-4.5,351008,Rx5day,1995-2014,2021-2050,129.9975,119.41466666666666,-10.58283333333334,-8.140797579440635,mm
EC-Earth3,SSP2-4.5,351008,CDD,1995-2014,2021-2050,50.75,52.4,1.6499999999999986,3.2512315270935934,days
EC-Earth3,SSP2-4.5,351008,CWD,1995-2014,2021-2050,12.7,11.033333333333333,-1.666666666666666,-13.123359580052488,days
EC-Earth3,SSP2-4.5,351008,R10mm,1995-2014,2021-2050,32.95,30.066666666666666,-2.8833333333333364,-8.750632271117864,days
EC-Earth3,SSP2-4.5,351008,R20mm,1995-2014,2021-2050,11.15,10.0,-1.1500000000000004,-10.313901345291482,days
EC-Earth3,SSP2-4.5,351008,R50mm,1995-2014,2021-2050,0.8,0.6666666666666666,-0.13333333333333341,-16.666666666666675,days
EC-Earth3,SSP2-4.5,351008,R95p,1995-2014,2021-2050,389.89,348.139,-41.750999999999976,-10.708404934725174,mm
EC-Earth3,SSP2-4.5,351008,R99p,1995-2014,2021-2050,89.6965,84.11133333333333,-5.585166666666666,-6.2267386873140715,mm
EC-Earth3,SSP2-4.5,351009,PRCPTOT,1995-2014,2021-2050,1054.8735000000001,1012.8326666666667,-42.04083333333347,-3.985390981319889,mm
EC-Earth3,SSP2-4.5,351009,SDII,1995-2014,2021-2050,8.953643485591739,8.799580761349597,-0.1540627242421415,-1.7206707469429652,mm day-1
EC-Earth3,SSP2-4.5,351009,Rx1day,1995-2014,2021-2050,59.31,57.522000000000006,-1.7879999999999967,-3.014668689934238,mm
EC-Earth3,SSP2-4.5,351009,Rx5day,1995-2014,2021-2050,132.678,135.24166666666667,2.563666666666677,1.9322469939753968,mm
EC-Earth3,SSP2-4.5,351009,CDD,1995-2014,2021-2050,49.95,52.1,2.1499999999999986,4.304304304304301,days
EC-Earth3,SSP2-4.5,351009,CWD,1995-2014,2021-2050,13.6,12.033333333333333,-1.5666666666666664,-11.519607843137253,days
EC-Earth3,SSP2-4.5,351009,R10mm,1995-2014,2021-2050,35.95,33.2,-2.75,-7.649513212795549,days
EC-Earth3,SSP2-4.5,351009,R20mm,1995-2014,2021-2050,12.85,11.566666666666666,-1.2833333333333332,-9.987029831387806,days
EC-Earth3,SSP2-4.5,351009,R50mm,1995-2014,2021-2050,0.85,0.9333333333333333,0.08333333333333337,9.803921568627455,days
EC-Earth3,SSP2-4.5,351009,R95p,1995-2014,2021-2050,613.258,574.092,-39.166000000000054,-6.386545303934079,mm
EC-Earth3,SSP2-4.5,351009,R99p,1995-2014,2021-2050,400.2015,377.5506666666667,-22.65083333333331,-5.659857180278762,mm
EC-Earth3,SSP2-4.5,351010,PRCPTOT,1995-2014,2021-2050,1013.8399999999999,967.054,-46.785999999999945,-4.614732107630391,mm
EC-Earth3,SSP2-4.5,351010,SDII,1995-2014,2021-2050,9.785611983621042,9.622227188351486,-0.16338479526955574,-1.6696430999208418,mm day-1
EC-Earth3,SSP2-4.5,351010,Rx1day,1995-2014,2021-2050,66.6885,60.817,-5.871500000000005,-8.804366569948348,mm
EC-Earth3,SSP2-4.5,351010,Rx5day,1995-2014,2021-2050,141.79749999999999,144.60600000000002,2.8085000000000377,1.9806414076412053,mm
EC-Earth3,SSP2-4.5,351010,CDD,1995-2014,2021-2050,51.95,54.53333333333333,2.5833333333333286,4.972730189284559,days
EC-Earth3,SSP2-4.5,351010,CWD,1995-2014,2021-2050,11.95,10.566666666666666,-1.3833333333333329,-11.576011157601112,days
EC-Earth3,SSP2-4.5,351010,R10mm,1995-2014,2021-2050,34.35,32.06666666666667,-2.2833333333333314,-6.647258612324109,days
EC-Earth3,SSP2-4.5,351010,R20mm,1995-2014,2021-2050,13.05,11.6,-1.450000000000001,-11.11111111111112,days
EC-Earth3,SSP2-4.5,351010,R50mm,1995-2014,2021-2050,1.05,1.2333333333333334,0.18333333333333335,17.460317460317462,days
EC-Earth3,SSP2-4.5,351010,R95p,1995-2014,2021-2050,596.8775,555.1423333333333,-41.735166666666714,-6.9922499452009355,mm
EC-Earth3,SSP2-4.5,351010,R99p,1995-2014,2021-2050,386.4945,363.14500000000004,-23.349499999999978,-6.041353757944804,mm
EC-Earth3,SSP2-4.5,351011,PRCPTOT,1995-2014,2021-2050,1216.178,1200.6866666666667,-15.491333333333387,-1.273771876594823,mm
EC-Earth3,SSP2-4.5,351011,SDII,1995-2014,2021-2050,6.62779368949999,6.53559638663823,-0.0921973028617602,-1.3910708024575775,mm day-1
EC-Earth3,SSP2-4.5,351011,Rx1day,1995-2014,2021-2050,39.31,40.894666666666666,1.5846666666666636,4.0312049520902145,mm
EC-Earth3,SSP2-4.5,351011,Rx5day,1995-2014,2021-2050,107.172,108.76366666666667,1.5916666666666686,1.4851515943219018,mm
EC-Earth3,SSP2-4.5,351011,CDD,1995-2014,2021-2050,36.7,40.03333333333333,3.3333333333333286,9.082652134423238,days
EC-Earth3,SSP2-4.5,351011,CWD,1995-2014,2021-2050,31.5,27.666666666666668,-3.833333333333332,-12.169312169312166,days
EC-Earth3,SSP2-4.5,351011,R10mm,1995-2014,2021-2050,37.95,35.93333333333333,-2.016666666666673,-5.314009661835764,days
EC-Earth3,SSP2-4.5,351011,R20mm,1995-2014,2021-2050,8.25,8.1,-0.15000000000000036,-1.8181818181818226,days
EC-Earth3,SSP2-4.5,351011,R50mm,1995-2014,2021-2050,0.2,0.26666666666666666,0.06666666666666665,33.33333333333332,days
EC-Earth3,SSP2-4.5,351011,R95p,1995-2014,2021-2050,20.6445,25.96833333333333,5.323833333333329,25.788143734812323,mm
EC-Earth3,SSP2-4.5,351011,R99p,1995-2014,2021-2050,0.0,0.0,0.0,,mm
EC-Earth3,SSP2-4.5,351012,PRCPTOT,1995-2014,2021-2050,1582.363,1465.04,-117.32300000000009,-7.414417551472077,mm
EC-Earth3,SSP2-4.5,351012,SDII,1995-2014,2021-2050,15.136856042481662,14.35376365237462,-0.7830923901070417,-5.1734150599654845,mm day-1
EC-Earth3,SSP2-4.5,351012,Rx1day,1995-2014,2021-2050,87.06949999999999,89.23833333333333,2.168833333333339,2.490922002921045,mm
EC-Earth3,SSP2-4.5,351012,Rx5day,1995-2014,2021-2050,202.3475,208.01633333333334,5.668833333333339,2.8015336652705565,mm
EC-Earth3,SSP2-4.5,351012,CDD,1995-2014,2021-2050,57.7,57.166666666666664,-0.5333333333333385,-0.9243212016175711,days
EC-Earth3,SSP2-4.5,351012,CWD,1995-2014,2021-2050,10.55,10.933333333333334,0.38333333333333286,3.633491311216425,days
EC-Earth3,SSP2-4.5,351012,R10mm,1995-2014,2021-2050,50.35,46.5,-3.8500000000000014,-7.646474677259188,days
EC-Earth3,SSP2-4.5,351012,R20mm,1995-2014,2021-2050,26.8,23.333333333333332,-3.4666666666666686,-12.935323383084583,days
EC-Earth3,SSP2-4.5,351012,R50mm,1995-2014,2021-2050,4.6,4.233333333333333,-0.36666666666666625,-7.971014492753616,days
EC-Earth3,SSP2-4.5,351012,R95p,1995-2014,2021-2050,426.65200000000004,375.91299999999995,-50.73900000000009,-11.89236192494119,mm
EC-Earth3,SSP2-4.5,351012,R99p,1995-2014,2021-2050,63.89149999999999,68.60066666666667,4.709166666666675,7.3705683332942185,mm
EC-Earth3,SSP2-4.5,351201,PRCPTOT,1995-2014,2021-2050,1514.2775000000001,1475.6176666666665,-38.65983333333361,-2.5530217105737623,mm
EC-Earth3,SSP2-4.5,351201,SDII,1995-2014,2021-2050,15.295492571344962,15.294473749362004,-0.001018821982958329,-0.00666092953990263,mm day-1
EC-Earth3,SSP2-4.5,351201,Rx1day,1995-2014,2021-2050,97.75750000000001,106.34433333333332,8.586833333333317,8.783810278836219,mm
EC-Earth3,SSP2-4.5,351201,Rx5day,1995-2014,2021-2050,224.17799999999997,243.782,19.604000000000042,8.74483669227134,mm
EC-Earth3,SSP2-4.5,351201,CDD,1995-2014,2021-2050,66.35,64.0,-2.3499999999999943,-3.5418236623963746,days
EC-Earth3,SSP2-4.5,351201,CWD,1995-2014,2021-2050,12.35,11.1,-1.25,-10.121457489878543,days
EC-Earth3,SSP2-4.5,351201,R10mm,1995-2014,2021-2050,46.15,44.3,-1.8500000000000014,-4.008667388949083,days
EC-Earth3,SSP2-4.5,351201,R20mm,1995-2014,2021-2050,25.05,23.633333333333333,-1.4166666666666679,-5.655355954757158,days
EC-Earth3,SSP2-4.5,351201,R50mm,1995-2014,2021-2050,5.0,4.966666666666667,-0.033333333333333215,-0.6666666666666643,days
EC-Earth3,SSP2-4.5,351201,R95p,1995-2014,2021-2050,519.596,530.102,10.505999999999972,2.0219555192880567,mm
EC-Earth3,SSP2-4.5,351201,R99p,1995-2014,2021-2050,166.24849999999998,189.84833333333333,23.59983333333335,14.195516551026538,mm
EC-Earth3,SSP5-8.5,351001,PRCPTOT,1995-2014,2021-2050,1195.4879999999998,1288.3916666666667,92.90366666666682,7.771191903780451,mm
EC-Earth3,SSP5-8.5,351001,SDII,1995-2014,2021-2050,14.809036646676486,15.615047769009019,0.8060111223325332,5.442697871325898,mm day-1
EC-Earth3,SSP5-8.5,351001,Rx1day,1995-2014,2021-2050,95.94500000000001,100.21533333333333,4.270333333333326,4.450813834314791,mm
EC-Earth3,SSP5-8.5,351001,Rx5day,1995-2014,2021-2050,202.5075,240.40633333333335,37.89883333333336,18.71478011102471,mm
EC-Earth3,SSP5-8.5,351001,CDD,1995-2014,2021-2050,64.6,63.63333333333333,-0.9666666666666615,-1.496388028895761,days
EC-Earth3,SSP5-8.5,351001,CWD,1995-2014,2021-2050,8.9,10.5,1.5999999999999996,17.977528089887638,days
EC-Earth3,SSP5-8.5,351001,R10mm,1995-2014,2021-2050,38.05,38.666666666666664,0.6166666666666671,1.6206745510293488,days
EC-Earth3,SSP5-8.5,351001,R20mm,1995-2014,2021-2050,19.45,20.6,1.1500000000000021,5.9125964010282885,days
EC-Earth3,SSP5-8.5,351001,R50mm,1995-2014,2021-2050,3.3,4.366666666666666,1.0666666666666664,32.32323232323232,days
EC-Earth3,SSP5-8.5,351001,R95p,1995-2014,2021-2050,327.2645,423.8643333333333,96.59983333333332,29.517357774318118,mm
EC-Earth3,SSP5-8.5,351001,R99p,1995-2014,2021-2050,114.02449999999999,159.19266666666667,45.16816666666668,39.61268557780712,mm
EC-Earth3,SSP5-8.5,351002,PRCPTOT,1995-2014,2021-2050,892.2270000000001,949.8053333333334,57.57833333333326,6.453327833985439,mm
EC-Earth3,SSP5-8.5,351002,SDII,1995-2014,2021-2050,11.430151412385069,11.886315308160365,0.4561638957752958,3.9908823542006826,mm day-1
EC-Earth3,SSP5-8.5,351002,Rx1day,1995-2014,2021-2050,64.16749999999999,69.07333333333332,4.905833333333334,7.6453552551265584,mm
EC-Earth3,SSP5-8.5,351002,Rx5day,1995-2014,2021-2050,144.794,162.509,17.714999999999975,12.234622981615242,mm
EC-Earth3,SSP5-8.5,351002,CDD,1995-2014,2021-2050,75.5,68.7,-6.799999999999997,-9.006622516556288,days
EC-Earth3,SSP5-8.5,351002,CWD,1995-2014,2021-2050,8.8,10.366666666666667,1.5666666666666664,17.803030303030297,days
EC-Earth3,SSP5-8.5,351002,R10mm,1995-2014,2021-2050,30.95,31.833333333333332,0.8833333333333329,2.854065697361334,days
EC-Earth3,SSP5-8.5,351002,R20mm,1995-2014,2021-2050,13.35,14.233333333333333,0.8833333333333329,6.616729088639198,days
EC-Earth3,SSP5-8.5,351002,R50mm,1995-2014,2021-2050,1.35,1.8333333333333333,0.48333333333333317,35.802469135802454,days
EC-Earth3,SSP5-8.5,351002,R95p,1995-2014,2021-2050,141.6045,188.2133333333333,46.60883333333331,32.914796728446696,mm
EC-Earth3,SSP5-8.5,351002,R99p,1995-2014,2021-2050,29.178000000000004,51.024,21.845999999999997,74.87147851120704,mm
EC-Earth3,SSP5-8.5,351003,PRCPTOT,1995-2014,2021-2050,1098.386,1237.5593333333334,139.1733333333334,12.670712603158943,mm
EC-Earth3,SSP5-8.5,351003,SDII,1995-2014,2021-2050,14.284735953230182,16.1671423447936,1.8824063915634177,13.17774719621438,mm day-1
EC-Earth3,SSP5-8.5,351003,Rx1day,1995-2014,2021-2050,89.4745,115.66799999999999,26.193499999999986,29.274821317805614,mm
EC-Earth3,SSP5-8.5,351003,Rx5day,1995-2014,2021-2050,180.954,249.96666666666667,69.01266666666666,38.13823771050469,mm
EC-Earth3,SSP5-8.5,351003,CDD,1995-2014,2021-2050,65.45,63.13333333333333,-2.31666666666667,-3.539597657244721,days
EC-Earth3,SSP5-8.5,351003,CWD,1995-2014,2021-2050,9.85,9.766666666666667,-0.08333333333333215,-0.8460236886632706,days
EC-Earth3,SSP5-8.5,351003,R10mm,1995-2014,2021-2050,34.9,36.53333333333333,1.6333333333333329,4.6800382043935045,days
EC-Earth3,SSP5-8.5,351003,R20mm,1995-2014,2021-2050,17.6,19.9,2.299999999999997,13.0681818181818,days
EC-Earth3,SSP5-8.5,351003,R50mm,1995-2014,2021-2050,3.05,4.2,1.1500000000000004,37.7049180327869,days
EC-Earth3,SSP5-8.5,351003,R95p,1995-2014,2021-2050,317.3275,464.75600000000003,147.42850000000004,46.45941495773295,mm
EC-Earth3,SSP5-8.5,351003,R99p,1995-2014,2021-2050,119.548,213.32333333333332,93.77533333333332,78.44157437458873,mm
EC-Earth3,SSP5-8.5,351004,PRCPTOT,1995-2014,2021-2050,1115.375,1246.736,131.3610000000001,11.777294631850284,mm
EC-Earth3,SSP5-8.5,351004,SDII,1995-2014,2021-2050,18.96710253004929,20.686145494740003,1.7190429646907148,9.063287141339915,mm day-1
EC-Earth3,SSP5-8.5,351004,Rx1day,1995-2014,2021-2050,104.17750000000001,133.00433333333334,28.826833333333326,27.670882228248253,mm
EC-Earth3,SSP5-8.5,351004,Rx5day,1995-2014,2021-2050,209.20999999999998,265.27366666666666,56.06366666666668,26.79779487914855,mm
EC-Earth3,SSP5-8.5,351004,CDD,1995-2014,2021-2050,87.6,82.9,-4.699999999999989,-5.365296803652956,days
EC-Earth3,SSP5-8.5,351004,CWD,1995-2014,2021-2050,8.4,8.133333333333333,-0.2666666666666675,-3.174603174603184,days
EC-Earth3,SSP5-8.5,351004,R10mm,1995-2014,2021-2050,35.5,36.1,0.6000000000000014,1.6901408450704265,days
EC-Earth3,SSP5-8.5,351004,R20mm,1995-2014,2021-2050,19.85,21.033333333333335,1.1833333333333336,5.9613769941225865,days
EC-Earth3,SSP5-8.5,351004,R50mm,1995-2014,2021-2050,3.45,4.9,1.4500000000000002,42.02898550724638,days
EC-Earth3,SSP5-8.5,351004,R95p,1995-2014,2021-2050,342.646,504.7463333333334,162.10033333333337,47.30839797730992,mm
EC-Earth3,SSP5-8.5,351004,R99p,1995-2014,2021-2050,128.45250000000001,217.59466666666668,89.14216666666667,69.39698851066866,mm
EC-Earth3,SSP5-8.5,351005,PRCPTOT,1995-2014,2021-2050,1086.074,1219.8363333333334,133.76233333333334,12.316134382494502,mm
EC-Earth3,SSP5-8.5,351005,SDII,1995-2014,2021-2050,15.581547986811719,17.011951885437014,1.4304038986252952,9.180114195559995,mm day-1
EC-Earth3,SSP5-8.5,351005,Rx1day,1995-2014,2021-2050,89.837,105.421,15.584000000000003,17.34697285082984,mm
EC-Earth3,SSP5-8.5,351005,Rx5day,1995-2014,2021-2050,187.588,231.79966666666667,44.21166666666667,23.568494075669378,mm
EC-Earth3,SSP5-8.5,351005,CDD,1995-2014,2021-2050,80.35,72.8,-7.549999999999997,-9.396390790292468,days
EC-Earth3,SSP5-8.5,351005,CWD,1995-2014,2021-2050,10.05,8.966666666666667,-1.083333333333334,-10.779436152570486,days
EC-Earth3,SSP5-8.5,351005,R10mm,1995-2014,2021-2050,34.25,36.166666666666664,1.9166666666666643,5.596107055961063,days
EC-Earth3,SSP5-8.5,351005,R20mm,1995-2014,2021-2050,18.55,20.366666666666667,1.8166666666666664,9.793351302785263,days
EC-Earth3,SSP5-8.5,351005,R50mm,1995-2014,2021-2050,3.25,4.4,1.1500000000000004,35.384615384615394,days
EC-Earth3,SSP5-8.5,351005,R95p,1995-2014,2021-2050,341.0065,464.027,123.02049999999997,36.07570530180509,mm
EC-Earth3,SSP5-8.5,351005,R99p,1995-2014,2021-2050,97.038,177.98266666666666,80.94466666666666,83.41543175525739,mm
EC-Earth3,SSP5-8.5,351006,PRCPTOT,1995-2014,2021-2050,1133.0905,1243.5036666666667,110.41316666666671,9.74442612189112,mm
EC-Earth3,SSP5-8.5,351006,SDII,1995-2014,2021-2050,14.095404899591088,15.485925054737637,1.3905201551465485,9.865060032343504,mm day-1
EC-Earth3,SSP5-8.5,351006,Rx1day,1995-2014,2021-2050,91.955,103.28500000000001,11.330000000000013,12.321244086781594,mm
EC-Earth3,SSP5-8.5,351006,Rx5day,1995-2014,2021-2050,179.0795,231.49200000000002,52.41250000000002,29.267727461825626,mm
EC-Earth3,SSP5-8.5,351006,CDD,1995-2014,2021-2050,72.5,69.46666666666667,-3.0333333333333314,-4.183908045977009,days
EC-Earth3,SSP5-8.5,351006,CWD,1995-2014,2021-2050,10.25,10.233333333333333,-0.016666666666667496,-0.16260162601626826,days
EC-Earth3,SSP5-8.5,351006,R10mm,1995-2014,2021-2050,36.65,38.03333333333333,1.3833333333333329,3.77444292860391,days
EC-Earth3,SSP5-8.5,351006,R20mm,1995-2014,2021-2050,18.4,20.266666666666666,1.8666666666666671,10.144927536231888,days
EC-Earth3,SSP5-8.5,351006,R50mm,1995-2014,2021-2050,2.9,4.066666666666666,1.1666666666666665,40.229885057471265,days
EC-Earth3,SSP5-8.5,351006,R95p,1995-2014,2021-2050,689.6725,812.1333333333333,122.46083333333331,17.75637470441888,mm
EC-Earth3,SSP5-8.5,351006,R99p,1995-2014,2021-2050,360.26599999999996,475.1716666666667,114.90566666666672,31.894674120418447,mm
EC-Earth3,SSP5-8.5,351007,PRCPTOT,1995-2014,2021-2050,1071.0945,1118.9326666666666,47.838166666666666,4.466288144198917,mm
EC-Earth3,SSP5-8.5,351007,SDII,1995-2014,2021-2050,9.338978506706859,9.651885585064841,0.31290707835798237,3.3505492933008227,mm day-1
EC-Earth3,SSP5-8.5,351007,Rx1day,1995-2014,2021-2050,59.338,65.973,6.634999999999998,11.181704809734061,mm
EC-Earth3,SSP5-8.5,351007,Rx5day,1995-2014,2021-2050,139.24849999999998,166.9,27.651500000000027,19.85766453498604,mm
EC-Earth3,SSP5-8.5,351007,CDD,1995-2014,2021-2050,48.8,47.63333333333333,-1.1666666666666643,-2.3907103825136566,days
EC-Earth3,SSP5-8.5,351007,CWD,1995-2014,2021-2050,12.0,13.833333333333334,1.833333333333334,15.277777777777784,days
EC-Earth3,SSP5-8.5,351007,R10mm,1995-2014,2021-2050,36.45,36.13333333333333,-0.31666666666667,-0.8687700045724828,days
EC-Earth3,SSP5-8.5,351007,R20mm,1995-2014,2021-2050,13.7,14.5,0.8000000000000007,5.839416058394166,days
EC-Earth3,SSP5-8.5,351007,R50mm,1995-2014,2021-2050,0.9,1.5666666666666667,0.6666666666666666,74.07407407407406,days
EC-Earth3,SSP5-8.5,351007,R95p,1995-2014,2021-2050,452.375,509.98066666666665,57.60566666666665,12.734051763838993,mm
EC-Earth3,SSP5-8.5,351007,R99p,1995-2014,2021-2050,144.6155,203.3046666666667,58.689166666666694,40.582902017188125,mm
EC-Earth3,SSP5-8.5,351008,PRCPTOT,1995-2014,2021-2050,975.5165000000001,1023.0573333333334,47.54083333333335,4.8734012529089314,mm
EC-Earth3,SSP5-8.5,351008,SDII,1995-2014,2021-2050,8.711444241969934,9.095936832730764,0.3844925907608303,4.413649219132054,mm day-1
EC-Earth3,SSP5-8.5,351008,Rx1day,1995-2014,2021-2050,55.98049999999999,59.906666666666666,3.926166666666674,7.0134540896681425,mm
EC-Earth3,SSP5-8.5,351008,Rx5day,1995-2014,2021-2050,129.9975,150.353,20.355500000000006,15.658378045731654,mm
EC-Earth3,SSP5-8.5,351008,CDD,1995-2014,2021-2050,50.75,55.4,4.649999999999999,9.162561576354678,days
EC-Earth3,SSP5-8.5,351008,CWD,1995-2014,2021-2050,12.7,14.266666666666667,1.5666666666666682,12.335958005249358,days
EC-Earth3,SSP5-8.5,351008,R10mm,1995-2014,2021-2050,32.95,32.93333333333333,-0.016666666666672825,-0.0505816894284456,days
EC-Earth3,SSP5-8.5,351008,R20mm,1995-2014,2021-2050,11.15,12.533333333333333,1.3833333333333329,12.406576980568007,days
EC-Earth3,SSP5-8.5,351008,R50mm,1995-2014,2021-2050,0.8,1.2333333333333334,0.43333333333333335,54.166666666666664,days
EC-Earth3,SSP5-8.5,351008,R95p,1995-2014,2021-2050,389.89,452.8446666666667,62.9546666666667,16.14677644121847,mm
EC-Earth3,SSP5-8.5,351008,R99p,1995-2014,2021-2050,89.6965,135.821,46.1245,51.42285373453814,mm
EC-Earth3,SSP5-8.5,351009,PRCPTOT,1995-2014,2021-2050,1054.8735000000001,1137.2003333333334,82.3268333333333,7.804427102712628,mm
EC-Earth3,SSP5-8.5,351009,SDII,1995-2014,2021-2050,8.953643485591739,9.51984770827787,0.5662042226861317,6.323729815658521,mm day-1
EC-Earth3,SSP5-8.5,351009,Rx1day,1995-2014,2021-2050,59.31,65.03366666666666,5.723666666666659,9.650424324172414,mm
EC-Earth3,SSP5-8.5,351009,Rx5day,1995-2014,2021-2050,132.678,158.861,26.182999999999993,19.734243808317878,mm
EC-Earth3,SSP5-8.5,351009,CDD,1995-2014,2021-2050,49.95,49.0,-0.9500000000000028,-1.9019019019019074,days
EC-Earth3,SSP5-8.5,351009,CWD,1995-2014,2021-2050,13.6,13.333333333333334,-0.2666666666666657,-1.9607843137254832,days
EC-Earth3,SSP5-8.5,351009,R10mm,1995-2014,2021-2050,35.95,37.266666666666666,1.3166666666666629,3.6624942049142217,days
EC-Earth3,SSP5-8.5,351009,R20mm,1995-2014,2021-2050,12.85,14.6,1.75,13.618677042801556,days
EC-Earth3,SSP5-8.5,351009,R50mm,1995-2014,2021-2050,0.85,1.4,0.5499999999999999,64.70588235294117,days
EC-Earth3,SSP5-8.5,351009,R95p,1995-2014,2021-2050,613.258,704.0796666666666,90.8216666666666,14.809699452215316,mm
EC-Earth3,SSP5-8.5,351009,R99p,1995-2014,2021-2050,400.2015,486.0763333333333,85.8748333333333,21.457898916754008,mm
EC-Earth3,SSP5-8.5,351010,PRCPTOT,1995-2014,2021-2050,1013.8399999999999,1099.2046666666668,85.36466666666684,8.419934769457393,mm
EC-Earth3,SSP5-8.5,351010,SDII,1995-2014,2021-2050,9.785611983621042,10.431032935935528,0.6454209523144865,6.595611530426293,mm day-1
EC-Earth3,SSP5-8.5,351010,Rx1day,1995-2014,2021-2050,66.6885,70.66766666666668,3.9791666666666714,5.966795874351157,mm
EC-Earth3,SSP5-8.5,351010,Rx5day,1995-2014,2021-2050,141.79749999999999,171.611,29.813500000000005,21.025405948623924,mm
EC-Earth3,SSP5-8.5,351010,CDD,1995-2014,2021-2050,51.95,52.36666666666667,0.4166666666666643,0.8020532563362162,days
EC-Earth3,SSP5-8.5,351010,CWD,1995-2014,2021-2050,11.95,11.9,-0.049999999999998934,-0.4184100418409953,days
EC-Earth3,SSP5-8.5,351010,R10mm,1995-2014,2021-2050,34.35,36.36666666666667,2.0166666666666657,5.870936438622025,days
EC-Earth3,SSP5-8.5,351010,R20mm,1995-2014,2021-2050,13.05,14.833333333333334,1.7833333333333332,13.66538952745849,days
EC-Earth3,SSP5-8.5,351010,R50mm,1995-2014,2021-2050,1.05,1.8666666666666667,0.8166666666666667,77.77777777777779,days
EC-Earth3,SSP5-8.5,351010,R95p,1995-2014,2021-2050,596.8775,688.9376666666667,92.06016666666665,15.42362824309287,mm
EC-Earth3,SSP5-8.5,351010,R99p,1995-2014,2021-2050,386.4945,476.3306666666667,89.83616666666666,23.243840899848937,mm
EC-Earth3,SSP5-8.5,351011,PRCPTOT,1995-2014,2021-2050,1216.178,1311.7433333333333,95.56533333333323,7.857840984899679,mm
EC-Earth3,SSP5-8.5,351011,SDII,1995-2014,2021-2050,6.62779368949999,7.007319410498908,0.37952572099891757,5.7262754210375775,mm day-1
EC-Earth3,SSP5-8.5,351011,Rx1day,1995-2014,2021-2050,39.31,44.71033333333333,5.400333333333329,13.737810565589744,mm
EC-Earth3,SSP5-8.5,351011,Rx5day,1995-2014,2021-2050,107.172,121.26733333333333,14.095333333333329,13.152067082198082,mm
EC-Earth3,SSP5-8.5,351011,CDD,1995-2014,2021-2050,36.7,38.96666666666667,2.2666666666666657,6.176203451407808,days
EC-Earth3,SSP5-8.5,351011,CWD,1995-2014,2021-2050,31.5,29.066666666666666,-2.4333333333333336,-7.724867724867726,days
EC-Earth3,SSP5-8.5,351011,R10mm,1995-2014,2021-2050,37.95,40.333333333333336,2.383333333333333,6.280193236714974,days
EC-Earth3,SSP5-8.5,351011,R20mm,1995-2014,2021-2050,8.25,10.933333333333334,2.6833333333333336,32.52525252525253,days
EC-Earth3,SSP5-8.5,351011,R50mm,1995-2014,2021-2050,0.2,0.4,0.2,100.0,days
EC-Earth3,SSP5-8.5,351011,R95p,1995-2014,2021-2050,20.6445,51.10066666666667,30.456166666666668,147.5267827589269,mm
EC-Earth3,SSP5-8.5,351011,R99p,1995-2014,2021-2050,0.0,2.9113333333333333,2.9113333333333333,,mm
EC-Earth3,SSP5-8.5,351012,PRCPTOT,1995-2014,2021-2050,1582.363,1611.4346666666668,29.071666666666715,1.837231195791782,mm
EC-Earth3,SSP5-8.5,351012,SDII,1995-2014,2021-2050,15.136856042481662,15.140637740580555,0.0037816980988925053,0.02498337890166327,mm day-1
EC-Earth3,SSP5-8.5,351012,Rx1day,1995-2014,2021-2050,87.06949999999999,98.25066666666666,11.18116666666667,12.84165714362282,mm
EC-Earth3,SSP5-8.5,351012,Rx5day,1995-2014,2021-2050,202.3475,232.19233333333332,29.844833333333327,14.74929679552914,mm
EC-Earth3,SSP5-8.5,351012,CDD,1995-2014,2021-2050,57.7,56.36666666666667,-1.3333333333333357,-2.310803004043909,days
EC-Earth3,SSP5-8.5,351012,CWD,1995-2014,2021-2050,10.55,12.133333333333333,1.5833333333333321,15.007898894154804,days
EC-Earth3,SSP5-8.5,351012,R10mm,1995-2014,2021-2050,50.35,49.93333333333333,-0.4166666666666714,-0.8275405494869342,days
EC-Earth3,SSP5-8.5,351012,R20mm,1995-2014,2021-2050,26.8,26.2,-0.6000000000000014,-2.238805970149259,days
EC-Earth3,SSP5-8.5,351012,R50mm,1995-2014,2021-2050,4.6,5.0,0.40000000000000036,8.695652173913052,days
EC-Earth3,SSP5-8.5,351012,R95p,1995-2014,2021-2050,426.65200000000004,462.70700000000005,36.05500000000001,8.450681117163404,mm
EC-Earth3,SSP5-8.5,351012,R99p,1995-2014,2021-2050,63.89149999999999,112.53500000000001,48.64350000000002,76.13454058834121,mm
EC-Earth3,SSP5-8.5,351201,PRCPTOT,1995-2014,2021-2050,1514.2775000000001,1684.0906666666667,169.81316666666658,11.214137875433437,mm
EC-Earth3,SSP5-8.5,351201,SDII,1995-2014,2021-2050,15.295492571344962,16.661790405773775,1.3662978344288135,8.93268280217714,mm day-1
EC-Earth3,SSP5-8.5,351201,Rx1day,1995-2014,2021-2050,97.75750000000001,117.05066666666667,19.293166666666664,19.735740650759954,mm
EC-Earth3,SSP5-8.5,351201,Rx5day,1995-2014,2021-2050,224.17799999999997,266.20233333333334,42.024333333333374,18.745966746662642,mm
EC-Earth3,SSP5-8.5,351201,CDD,1995-2014,2021-2050,66.35,61.733333333333334,-4.61666666666666,-6.958050741019835,days
EC-Earth3,SSP5-8.5,351201,CWD,1995-2014,2021-2050,12.35,12.066666666666666,-0.2833333333333332,-2.2941970310391353,days
EC-Earth3,SSP5-8.5,351201,R10mm,1995-2014,2021-2050,46.15,47.833333333333336,1.6833333333333371,3.6475261827374585,days
EC-Earth3,SSP5-8.5,351201,R20mm,1995-2014,2021-2050,25.05,26.7,1.6499999999999986,6.586826347305383,days
EC-Earth3,SSP5-8.5,351201,R50mm,1995-2014,2021-2050,5.0,6.966666666666667,1.9666666666666668,39.333333333333336,days
EC-Earth3,SSP5-8.5,351201,R95p,1995-2014,2021-2050,519.596,697.9843333333333,178.38833333333332,34.33212213591585,mm
EC-Earth3,SSP5-8.5,351201,R99p,1995-2014,2021-2050,166.24849999999998,274.2066666666667,107.95816666666673,64.93782901299365,mm
FGOALS-g3,SSP2-4.5,351001,PRCPTOT,1995-2014,2021-2050,1046.865,1232.2653333333333,185.40033333333326,17.710051757708325,mm
FGOALS-g3,SSP2-4.5,351001,SDII,1995-2014,2021-2050,14.421246555082337,15.976732511615413,1.5554859565330759,10.786071443906431,mm day-1
FGOALS-g3,SSP2-4.5,351001,Rx1day,1995-2014,2021-2050,88.965,116.66666666666667,27.701666666666668,31.137713332958658,mm
FGOALS-g3,SSP2-4.5,351001,Rx5day,1995-2014,2021-2050,186.9305,263.1143333333333,76.18383333333333,40.75516479832522,mm
FGOALS-g3,SSP2-4.5,351001,CDD,1995-2014,2021-2050,63.1,59.36666666666667,-3.7333333333333343,-5.916534601162178,days
FGOALS-g3,SSP2-4.5,351001,CWD,1995-2014,2021-2050,7.45,9.133333333333333,1.6833333333333327,22.595078299776276,days
FGOALS-g3,SSP2-4.5,351001,R10mm,1995-2014,2021-2050,33.9,34.46666666666667,0.56666666666667,1.671583087512301,days
FGOALS-g3,SSP2-4.5,351001,R20mm,1995-2014,2021-2050,16.8,17.766666666666666,0.966666666666665,5.753968253968244,days
FGOALS-g3,SSP2-4.5,351001,R50mm,1995-2014,2021-2050,2.6,4.666666666666667,2.066666666666667,79.48717948717949,days
FGOALS-g3,SSP2-4.5,351001,R95p,1995-2014,2021-2050,273.4855,473.64433333333335,200.15883333333335,73.18809711422848,mm
FGOALS-g3,SSP2-4.5,351001,R99p,1995-2014,2021-2050,80.5025,242.29366666666664,161.79116666666664,200.97657422647328,mm
FGOALS-g3,SSP2-4.5,351002,PRCPTOT,1995-2014,2021-2050,790.856,939.8023333333333,148.9463333333333,18.83355924888138,mm
FGOALS-g3,SSP2-4.5,351002,SDII,1995-2014,2021-2050,11.341117655842734,12.576411210805286,1.2352935549625528,10.89216770735248,mm day-1
FGOALS-g3,SSP2-4.5,351002,Rx1day,1995-2014,2021-2050,64.6725,85.12100000000001,20.44850000000001,31.618539564730003,mm
FGOALS-g3,SSP2-4.5,351002,Rx5day,1995-2014,2021-2050,144.64600000000002,199.35733333333334,54.71133333333333,37.824297480285196,mm
FGOALS-g3,SSP2-4.5,351002,CDD,1995-2014,2021-2050,66.55,66.86666666666666,0.3166666666666629,0.47583270723766025,days
FGOALS-g3,SSP2-4.5,351002,CWD,1995-2014,2021-2050,7.7,9.233333333333333,1.5333333333333323,19.9134199134199,days
FGOALS-g3,SSP2-4.5,351002,R10mm,1995-2014,2021-2050,27.55,28.233333333333334,0.6833333333333336,2.480338777979432,days
FGOALS-g3,SSP2-4.5,351002,R20mm,1995-2014,2021-2050,10.95,12.766666666666667,1.8166666666666682,16.590563165905646,days
FGOALS-g3,SSP2-4.5,351002,R50mm,1995-2014,2021-2050,1.0,2.6666666666666665,1.6666666666666665,166.66666666666666,days
FGOALS-g3,SSP2-4.5,351002,R95p,1995-2014,2021-2050,122.31700000000001,280.72,158.40300000000002,129.50203160639978,mm
FGOALS-g3,SSP2-4.5,351002,R99p,1995-2014,2021-2050,34.925,121.65566666666668,86.73066666666668,248.33404915294685,mm
FGOALS-g3,SSP2-4.5,351003,PRCPTOT,1995-2014,2021-2050,964.018,1138.6296666666667,174.61166666666668,18.112905222378284,mm
FGOALS-g3,SSP2-4.5,351003,SDII,1995-2014,2021-2050,14.179404283034373,15.56617873471083,1.386774451676457,9.780202496488021,mm day-1
FGOALS-g3,SSP2-4.5,351003,Rx1day,1995-2014,2021-2050,90.6785,113.153,22.474500000000006,24.784816687527922,mm
FGOALS-g3,SSP2-4.5,351003,Rx5day,1995-2014,2021-2050,178.13150000000002,247.097,68.96549999999999,38.71606088760269,mm
FGOALS-g3,SSP2-4.5,351003,CDD,1995-2014,2021-2050,63.65,60.03333333333333,-3.616666666666667,-5.682115737103955,days
FGOALS-g3,SSP2-4.5,351003,CWD,1995-2014,2021-2050,7.35,9.233333333333333,1.8833333333333329,25.623582766439903,days
FGOALS-g3,SSP2-4.5,351003,R10mm,1995-2014,2021-2050,31.1,31.933333333333334,0.8333333333333321,2.679528403001068,days
FGOALS-g3,SSP2-4.5,351003,R20mm,1995-2014,2021-2050,14.75,16.433333333333334,1.6833333333333336,11.412429378531076,days
FGOALS-g3,SSP2-4.5,351003,R50mm,1995-2014,2021-2050,2.55,4.266666666666667,1.7166666666666668,67.32026143790851,days
FGOALS-g3,SSP2-4.5,351003,R95p,1995-2014,2021-2050,283.65749999999997,460.2463333333333,176.58883333333335,62.254244408603114,mm
FGOALS-g3,SSP2-4.5,351003,R99p,1995-2014,2021-2050,99.44500000000001,251.049,151.60399999999998,152.45009804414497,mm
FGOALS-g3,SSP2-4.5,351004,PRCPTOT,1995-2014,2021-2050,947.0649999999999,1140.8316666666665,193.76666666666654,20.459700935697818,mm
FGOALS-g3,SSP2-4.5,351004,SDII,1995-2014,2021-2050,18.442282731933936,20.62617491416082,2.1838921822268844,11.841767171508232,mm day-1
FGOALS-g3,SSP2-4.5,351004,Rx1day,1995-2014,2021-2050,88.17949999999999,117.48666666666666,29.307166666666674,33.2358049962482,mm
FGOALS-g3,SSP2-4.5,351004,Rx5day,1995-2014,2021-2050,185.4595,263.03133333333335,77.57183333333336,41.826831913885975,mm
FGOALS-g3,SSP2-4.5,351004,CDD,1995-2014,2021-2050,75.4,73.8,-1.6000000000000085,-2.1220159151193747,days
FGOALS-g3,SSP2-4.5,351004,CWD,1995-2014,2021-2050,6.5,8.0,1.5,23.076923076923077,days
FGOALS-g3,SSP2-4.5,351004,R10mm,1995-2014,2021-2050,31.3,32.6,1.3000000000000007,4.153354632587861,days
FGOALS-g3,SSP2-4.5,351004,R20mm,1995-2014,2021-2050,17.55,17.9,0.34999999999999787,1.9943019943019822,days
FGOALS-g3,SSP2-4.5,351004,R50mm,1995-2014,2021-2050,2.85,4.733333333333333,1.8833333333333333,66.08187134502924,days
FGOALS-g3,SSP2-4.5,351004,R95p,1995-2014,2021-2050,278.407,481.536,203.12900000000002,72.96116836142771,mm
FGOALS-g3,SSP2-4.5,351004,R99p,1995-2014,2021-2050,74.73049999999999,230.63466666666667,155.9041666666667,208.62187014226683,mm
FGOALS-g3,SSP2-4.5,351005,PRCPTOT,1995-2014,2021-2050,944.4085000000001,1117.4003333333333,172.99183333333315,18.31747949466075,mm
FGOALS-g3,SSP2-4.5,351005,SDII,1995-2014,2021-2050,15.455341860742601,16.814449526242072,1.3591076654994705,8.793772908716287,mm day-1
FGOALS-g3,SSP2-4.5,351005,Rx1day,1995-2014,2021-2050,88.3705,109.23933333333333,20.868833333333328,23.61515815043858,mm
FGOALS-g3,SSP2-4.5,351005,Rx5day,1995-2014,2021-2050,186.3105,249.59333333333333,63.28283333333334,33.966326821801964,mm
FGOALS-g3,SSP2-4.5,351005,CDD,1995-2014,2021-2050,67.7,65.7,-2.0,-2.954209748892171,days
FGOALS-g3,SSP2-4.5,351005,CWD,1995-2014,2021-2050,6.95,8.766666666666667,1.8166666666666673,26.139088729016798,days
FGOALS-g3,SSP2-4.5,351005,R10mm,1995-2014,2021-2050,30.55,31.733333333333334,1.1833333333333336,3.8734315330060016,days
FGOALS-g3,SSP2-4.5,351005,R20mm,1995-2014,2021-2050,15.75,16.933333333333334,1.1833333333333336,7.513227513227514,days
FGOALS-g3,SSP2-4.5,351005,R50mm,1995-2014,2021-2050,2.65,4.3,1.65,62.26415094339623,days
FGOALS-g3,SSP2-4.5,351005,R95p,1995-2014,2021-2050,288.928,465.515,176.587,61.11799479455088,mm
FGOALS-g3,SSP2-4.5,351005,R99p,1995-2014,2021-2050,73.642,219.04533333333336,145.40333333333336,197.44620370621843,mm
FGOALS-g3,SSP2-4.5,351006,PRCPTOT,1995-2014,2021-2050,997.2325000000001,1178.484,181.25149999999985,18.17545055942319,mm
FGOALS-g3,SSP2-4.5,351006,SDII,1995-2014,2021-2050,13.877925775707277,15.441354777969332,1.5634290022620547,11.265581236922099,mm day-1
FGOALS-g3,SSP2-4.5,351006,Rx1day,1995-2014,2021-2050,85.307,108.913,23.605999999999995,27.671820600888548,mm
FGOALS-g3,SSP2-4.5,351006,Rx5day,1995-2014,2021-2050,179.4655,244.3646666666667,64.8991666666667,36.162475053236804,mm
FGOALS-g3,SSP2-4.5,351006,CDD,1995-2014,2021-2050,64.15,63.833333333333336,-0.31666666666667,-0.4936347103143725,days
FGOALS-g3,SSP2-4.5,351006,CWD,1995-2014,2021-2050,7.5,9.166666666666666,1.666666666666666,22.222222222222214,days
FGOALS-g3,SSP2-4.5,351006,R10mm,1995-2014,2021-2050,32.7,33.666666666666664,0.9666666666666615,2.9561671763506463,days
FGOALS-g3,SSP2-4.5,351006,R20mm,1995-2014,2021-2050,15.75,17.066666666666666,1.3166666666666664,8.359788359788357,days
FGOALS-g3,SSP2-4.5,351006,R50mm,1995-2014,2021-2050,2.3,4.3,2.0,86.95652173913044,days
FGOALS-g3,SSP2-4.5,351006,R95p,1995-2014,2021-2050,582.4415,764.159,181.71749999999997,31.19927065636634,mm
FGOALS-g3,SSP2-4.5,351006,R99p,1995-2014,2021-2050,302.4345,503.52000000000004,201.08550000000002,66.48894223377295,mm
FGOALS-g3,SSP2-4.5,351007,PRCPTOT,1995-2014,2021-2050,984.6385,1176.2983333333332,191.65983333333315,19.46499485174845,mm
FGOALS-g3,SSP2-4.5,351007,SDII,1995-2014,2021-2050,8.954418873401703,10.787531054483917,1.833112181082214,20.471592930807702,mm day-1
FGOALS-g3,SSP2-4.5,351007,Rx1day,1995-2014,2021-2050,54.887,78.25566666666667,23.36866666666667,42.575959091709635,mm
FGOALS-g3,SSP2-4.5,351007,Rx5day,1995-2014,2021-2050,125.39349999999999,211.79066666666668,86.39716666666669,68.90083350944562,mm
FGOALS-g3,SSP2-4.5,351007,CDD,1995-2014,2021-2050,48.7,49.2,0.5,1.0266940451745379,days
FGOALS-g3,SSP2-4.5,351007,CWD,1995-2014,2021-2050,11.45,10.366666666666667,-1.0833333333333321,-9.461426491994168,days
FGOALS-g3,SSP2-4.5,351007,R10mm,1995-2014,2021-2050,32.95,34.46666666666667,1.5166666666666657,4.602933737986845,days
FGOALS-g3,SSP2-4.5,351007,R20mm,1995-2014,2021-2050,11.55,15.133333333333333,3.583333333333332,31.02453102453101,days
FGOALS-g3,SSP2-4.5,351007,R50mm,1995-2014,2021-2050,0.75,3.066666666666667,2.316666666666667,308.8888888888889,days
FGOALS-g3,SSP2-4.5,351007,R95p,1995-2014,2021-2050,381.3,626.745,245.445,64.3705743509048,mm
FGOALS-g3,SSP2-4.5,351007,R99p,1995-2014,2021-2050,122.05349999999999,361.21133333333336,239.15783333333337,195.9450841912222,mm
FGOALS-g3,SSP2-4.5,351008,PRCPTOT,1995-2014,2021-2050,886.8684999999999,1033.5316666666665,146.6631666666666,16.537194258976005,mm
FGOALS-g3,SSP2-4.5,351008,SDII,1995-2014,2021-2050,8.388226676407086,9.41052709431109,1.0223004179040043,12.187324655631318,mm day-1
FGOALS-g3,SSP2-4.5,351008,Rx1day,1995-2014,2021-2050,54.931999999999995,72.39566666666666,17.46366666666666,31.791426976382915,mm
FGOALS-g3,SSP2-4.5,351008,Rx5day,1995-2014,2021-2050,130.4285,177.499,47.07049999999998,36.08912162602497,mm
FGOALS-g3,SSP2-4.5,351008,CDD,1995-2014,2021-2050,52.75,53.333333333333336,0.5833333333333357,1.10584518167457,days
FGOALS-g3,SSP2-4.5,351008,CWD,1995-2014,2021-2050,11.05,11.7,0.6499999999999986,5.882352941176458,days
FGOALS-g3,SSP2-4.5,351008,R10mm,1995-2014,2021-2050,28.75,30.866666666666667,2.116666666666667,7.362318840579712,days
FGOALS-g3,SSP2-4.5,351008,R20mm,1995-2014,2021-2050,9.4,12.566666666666666,3.166666666666666,33.687943262411345,days
FGOALS-g3,SSP2-4.5,351008,R50mm,1995-2014,2021-2050,0.7,2.033333333333333,1.3333333333333333,190.47619047619045,days
FGOALS-g3,SSP2-4.5,351008,R95p,1995-2014,2021-2050,337.6875,499.88866666666667,162.20116666666667,48.032919982725645,mm
FGOALS-g3,SSP2-4.5,351008,R99p,1995-2014,2021-2050,78.527,226.8466666666667,148.3196666666667,188.87728636859515,mm
FGOALS-g3,SSP2-4.5,351009,PRCPTOT,1995-2014,2021-2050,954.059,1093.5856666666666,139.52666666666664,14.624532305304667,mm
FGOALS-g3,SSP2-4.5,351009,SDII,1995-2014,2021-2050,8.533907332735085,9.449897740978946,0.9159904082438608,10.733540599043385,mm day-1
FGOALS-g3,SSP2-4.5,351009,Rx1day,1995-2014,2021-2050,56.1845,70.97833333333332,14.793833333333325,26.330808912303795,mm
FGOALS-g3,SSP2-4.5,351009,Rx5day,1995-2014,2021-2050,135.399,174.56166666666667,39.16266666666667,28.923896532963067,mm
FGOALS-g3,SSP2-4.5,351009,CDD,1995-2014,2021-2050,52.3,49.166666666666664,-3.133333333333333,-5.991077119184193,days
FGOALS-g3,SSP2-4.5,351009,CWD,1995-2014,2021-2050,11.2,12.1,0.9000000000000004,8.035714285714288,days
FGOALS-g3,SSP2-4.5,351009,R10mm,1995-2014,2021-2050,31.65,33.13333333333333,1.4833333333333343,4.686677198525543,days
FGOALS-g3,SSP2-4.5,351009,R20mm,1995-2014,2021-2050,10.55,13.233333333333333,2.683333333333332,25.434439178514992,days
FGOALS-g3,SSP2-4.5,351009,R50mm,1995-2014,2021-2050,0.65,2.033333333333333,1.3833333333333333,212.82051282051282,days
FGOALS-g3,SSP2-4.5,351009,R95p,1995-2014,2021-2050,524.2235,678.607,154.38350000000003,29.4499388142653,mm
FGOALS-g3,SSP2-4.5,351009,R99p,1995-2014,2021-2050,331.4945,484.6373333333333,153.14283333333327,46.19769960989798,mm
FGOALS-g3,SSP2-4.5,351010,PRCPTOT,1995-2014,2021-2050,903.9655,1062.1933333333334,158.22783333333336,17.503746916595087,mm
FGOALS-g3,SSP2-4.5,351010,SDII,1995-2014,2021-2050,9.312890267598686,10.410503049862522,1.0976127822638357,11.7859520591866,mm day-1
FGOALS-g3,SSP2-4.5,351010,Rx1day,1995-2014,2021-2050,59.57000000000001,78.66699999999999,19.09699999999998,32.05808292764811,mm
FGOALS-g3,SSP2-4.5,351010,Rx5day,1995-2014,2021-2050,136.9705,189.27033333333333,52.29983333333334,38.18328277500144,mm
FGOALS-g3,SSP2-4.5,351010,CDD,1995-2014,2021-2050,53.8,53.43333333333333,-0.36666666666666714,-0.681536555142504,days
FGOALS-g3,SSP2-4.5,351010,CWD,1995-2014,2021-2050,9.6,11.466666666666667,1.8666666666666671,19.44444444444445,days
FGOALS-g3,SSP2-4.5,351010,R10mm,1995-2014,2021-2050,30.3,31.733333333333334,1.4333333333333336,4.730473047304732,days
FGOALS-g3,SSP2-4.5,351010,R20mm,1995-2014,2021-2050,10.75,13.4,2.6500000000000004,24.65116279069768,days
FGOALS-g3,SSP2-4.5,351010,R50mm,1995-2014,2021-2050,0.8,2.533333333333333,1.7333333333333332,216.66666666666663,days
FGOALS-g3,SSP2-4.5,351010,R95p,1995-2014,2021-2050,506.98850000000004,668.88,161.89149999999995,31.931986622970722,mm
FGOALS-g3,SSP2-4.5,351010,R99p,1995-2014,2021-2050,311.6035,493.7696666666667,182.1661666666667,58.46088592286887,mm
FGOALS-g3,SSP2-4.5,351011,PRCPTOT,1995-2014,2021-2050,1133.837,1258.6316666666667,124.79466666666667,11.006402742781077,mm
FGOALS-g3,SSP2-4.5,351011,SDII,1995-2014,2021-2050,6.273665838350364,7.033995299294718,0.7603294609443543,12.119380925527267,mm day-1
FGOALS-g3,SSP2-4.5,351011,Rx1day,1995-2014,2021-2050,39.503,52.12133333333334,12.61833333333334,31.942721649832517,mm
FGOALS-g3,SSP2-4.5,351011,Rx5day,1995-2014,2021-2050,109.15799999999999,151.031,41.87300000000002,38.35999193829131,mm
FGOALS-g3,SSP2-4.5,351011,CDD,1995-2014,2021-2050,43.4,43.3,-0.10000000000000142,-0.23041474654378208,days
FGOALS-g3,SSP2-4.5,351011,CWD,1995-2014,2021-2050,24.95,25.966666666666665,1.0166666666666657,4.074816299265193,days
FGOALS-g3,SSP2-4.5,351011,R10mm,1995-2014,2021-2050,33.0,35.9,2.8999999999999986,8.787878787878784,days
FGOALS-g3,SSP2-4.5,351011,R20mm,1995-2014,2021-2050,6.9,11.266666666666667,4.366666666666667,63.28502415458938,days
FGOALS-g3,SSP2-4.5,351011,R50mm,1995-2014,2021-2050,0.25,1.1333333333333333,0.8833333333333333,353.3333333333333,days
FGOALS-g3,SSP2-4.5,351011,R95p,1995-2014,2021-2050,24.312,122.24633333333333,97.93433333333333,402.82302292420746,mm
FGOALS-g3,SSP2-4.5,351011,R99p,1995-2014,2021-2050,0.0,22.408666666666665,22.408666666666665,,mm
FGOALS-g3,SSP2-4.5,351012,PRCPTOT,1995-2014,2021-2050,1430.7005,1652.0563333333334,221.35583333333352,15.471849861891675,mm
FGOALS-g3,SSP2-4.5,351012,SDII,1995-2014,2021-2050,14.740702832609461,16.048196540745764,1.3074937081363025,8.869955001357589,mm day-1
FGOALS-g3,SSP2-4.5,351012,Rx1day,1995-2014,2021-2050,95.1955,114.92233333333334,19.726833333333346,20.72244311268216,mm
FGOALS-g3,SSP2-4.5,351012,Rx5day,1995-2014,2021-2050,220.865,279.085,58.21999999999997,26.359993661286293,mm
FGOALS-g3,SSP2-4.5,351012,CDD,1995-2014,2021-2050,56.45,54.3,-2.1500000000000057,-3.8086802480070956,days
FGOALS-g3,SSP2-4.5,351012,CWD,1995-2014,2021-2050,9.65,11.9,2.25,23.3160621761658,days
FGOALS-g3,SSP2-4.5,351012,R10mm,1995-2014,2021-2050,45.15,46.1,0.9500000000000028,2.1040974529346688,days
FGOALS-g3,SSP2-4.5,351012,R20mm,1995-2014,2021-2050,23.3,24.566666666666666,1.2666666666666657,5.4363376251788225,days
FGOALS-g3,SSP2-4.5,351012,R50mm,1995-2014,2021-2050,4.25,6.4,2.1500000000000004,50.58823529411765,days
FGOALS-g3,SSP2-4.5,351012,R95p,1995-2014,2021-2050,377.7565,614.0996666666666,236.3431666666666,62.56495034940937,mm
FGOALS-g3,SSP2-4.5,351012,R99p,1995-2014,2021-2050,77.851,233.35733333333332,155.50633333333332,199.7486651852042,mm
FGOALS-g3,SSP2-4.5,351201,PRCPTOT,1995-2014,2021-2050,1354.7825,1660.5996666666665,305.8171666666665,22.573155961688794,mm
FGOALS-g3,SSP2-4.5,351201,SDII,1995-2014,2021-2050,14.96669410843445,17.12164770046471,2.1549535920302603,14.39832722188022,mm day-1
FGOALS-g3,SSP2-4.5,351201,Rx1day,1995-2014,2021-2050,101.6215,139.81766666666667,38.19616666666667,37.586698352874805,mm
FGOALS-g3,SSP2-4.5,351201,Rx5day,1995-2014,2021-2050,227.27399999999997,341.0603333333333,113.78633333333332,50.06570629871139,mm
FGOALS-g3,SSP2-4.5,351201,CDD,1995-2014,2021-2050,59.4,57.733333333333334,-1.6666666666666643,-2.8058361391694686,days
FGOALS-g3,SSP2-4.5,351201,CWD,1995-2014,2021-2050,9.5,11.9,2.4000000000000004,25.263157894736846,days
FGOALS-g3,SSP2-4.5,351201,R10mm,1995-2014,2021-2050,41.55,41.8,0.25,0.601684717208183,days
FGOALS-g3,SSP2-4.5,351201,R20mm,1995-2014,2021-2050,22.0,23.2,1.1999999999999993,5.4545454545454515,days
FGOALS-g3,SSP2-4.5,351201,R50mm,1995-2014,2021-2050,4.1,7.033333333333333,2.9333333333333336,71.54471544715449,days
FGOALS-g3,SSP2-4.5,351201,R95p,1995-2014,2021-2050,429.8045,785.5366666666667,355.7321666666667,82.76604052927941,mm
FGOALS-g3,SSP2-4.5,351201,R99p,1995-2014,2021-2050,139.5315,443.23833333333334,303.70683333333335,217.661842188562,mm
FGOALS-g3,SSP5-8.5,351001,PRCPTOT,1995-2014,2021-2050,1046.865,1209.0913333333335,162.2263333333335,15.49639479143285,mm
FGOALS-g3,SSP5-8.5,351001,SDII,1995-2014,2021-2050,14.421246555082337,15.505318493155132,1.0840719380727943,7.517186076336415,mm day-1
FGOALS-g3,SSP5-8.5,351001,Rx1day,1995-2014,2021-2050,88.965,109.78433333333334,20.819333333333333,23.40171228385695,mm
FGOALS-g3,SSP5-8.5,351001,Rx5day,1995-2014,2021-2050,186.9305,250.93533333333335,64.00483333333335,34.23990912843723,mm
FGOALS-g3,SSP5-8.5,351001,CDD,1995-2014,2021-2050,63.1,59.266666666666666,-3.8333333333333357,-6.075013206550453,days
FGOALS-g3,SSP5-8.5,351001,CWD,1995-2014,2021-2050,7.45,9.366666666666667,1.916666666666667,25.727069351230426,days
FGOALS-g3,SSP5-8.5,351001,R10mm,1995-2014,2021-2050,33.9,35.63333333333333,1.7333333333333343,5.113077679449364,days
FGOALS-g3,SSP5-8.5,351001,R20mm,1995-2014,2021-2050,16.8,18.133333333333333,1.3333333333333321,7.936507936507928,days
FGOALS-g3,SSP5-8.5,351001,R50mm,1995-2014,2021-2050,2.6,4.266666666666667,1.6666666666666665,64.1025641025641,days
FGOALS-g3,SSP5-8.5,351001,R95p,1995-2014,2021-2050,273.4855,416.20133333333337,142.71583333333336,52.1840585088911,mm
FGOALS-g3,SSP5-8.5,351001,R99p,1995-2014,2021-2050,80.5025,192.547,112.0445,139.1813918822397,mm
FGOALS-g3,SSP5-8.5,351002,PRCPTOT,1995-2014,2021-2050,790.856,916.9413333333333,126.08533333333332,15.94289394445175,mm
FGOALS-g3,SSP5-8.5,351002,SDII,1995-2014,2021-2050,11.341117655842734,12.122871814874149,0.781754159031415,6.89309627811391,mm day-1
FGOALS-g3,SSP5-8.5,351002,Rx1day,1995-2014,2021-2050,64.6725,80.38966666666667,15.717166666666671,24.3027046529308,mm
FGOALS-g3,SSP5-8.5,351002,Rx5day,1995-2014,2021-2050,144.64600000000002,188.26066666666665,43.614666666666636,30.15269462457768,mm
FGOALS-g3,SSP5-8.5,351002,CDD,1995-2014,2021-2050,66.55,63.2,-3.3499999999999943,-5.033809166040562,days
FGOALS-g3,SSP5-8.5,351002,CWD,1995-2014,2021-2050,7.7,9.266666666666667,1.5666666666666673,20.346320346320354,days
FGOALS-g3,SSP5-8.5,351002,R10mm,1995-2014,2021-2050,27.55,28.333333333333332,0.7833333333333314,2.8433151845129996,days
FGOALS-g3,SSP5-8.5,351002,R20mm,1995-2014,2021-2050,10.95,12.866666666666667,1.9166666666666679,17.503805175038064,days
FGOALS-g3,SSP5-8.5,351002,R50mm,1995-2014,2021-2050,1.0,2.2666666666666666,1.2666666666666666,126.66666666666666,days
FGOALS-g3,SSP5-8.5,351002,R95p,1995-2014,2021-2050,122.31700000000001,237.17633333333333,114.85933333333332,93.90300067311438,mm
FGOALS-g3,SSP5-8.5,351002,R99p,1995-2014,2021-2050,34.925,87.11033333333333,52.18533333333333,149.42114053925079,mm
FGOALS-g3,SSP5-8.5,351003,PRCPTOT,1995-2014,2021-2050,964.018,1102.443,138.42499999999995,14.35917171671068,mm
FGOALS-g3,SSP5-8.5,351003,SDII,1995-2014,2021-2050,14.179404283034373,15.068033857980847,0.8886295749464743,6.267044490788077,mm day-1
FGOALS-g3,SSP5-8.5,351003,Rx1day,1995-2014,2021-2050,90.6785,105.73266666666667,15.054166666666674,16.601693528969573,mm
FGOALS-g3,SSP5-8.5,351003,Rx5day,1995-2014,2021-2050,178.13150000000002,234.66766666666666,56.536166666666645,31.73844416437668,mm
FGOALS-g3,SSP5-8.5,351003,CDD,1995-2014,2021-2050,63.65,60.166666666666664,-3.4833333333333343,-5.472636815920399,days
FGOALS-g3,SSP5-8.5,351003,CWD,1995-2014,2021-2050,7.35,8.866666666666667,1.5166666666666675,20.634920634920647,days
FGOALS-g3,SSP5-8.5,351003,R10mm,1995-2014,2021-2050,31.1,32.8,1.6999999999999957,5.466237942122173,days
FGOALS-g3,SSP5-8.5,351003,R20mm,1995-2014,2021-2050,14.75,16.566666666666666,1.8166666666666664,12.316384180790958,days
FGOALS-g3,SSP5-8.5,351003,R50mm,1995-2014,2021-2050,2.55,3.566666666666667,1.016666666666667,39.86928104575165,days
FGOALS-g3,SSP5-8.5,351003,R95p,1995-2014,2021-2050,283.65749999999997,390.11633333333333,106.45883333333336,37.5307662703554,mm
FGOALS-g3,SSP5-8.5,351003,R99p,1995-2014,2021-2050,99.44500000000001,184.52,85.075,85.54980139775755,mm
FGOALS-g3,SSP5-8.5,351004,PRCPTOT,1995-2014,2021-2050,947.0649999999999,1117.3963333333334,170.33133333333342,17.985178771608435,mm
FGOALS-g3,SSP5-8.5,351004,SDII,1995-2014,2021-2050,18.442282731933936,19.789317665187138,1.3470349332532017,7.304057490240774,mm day-1
FGOALS-g3,SSP5-8.5,351004,Rx1day,1995-2014,2021-2050,88.17949999999999,112.61833333333334,24.43883333333335,27.71486948024581,mm
FGOALS-g3,SSP5-8.5,351004,Rx5day,1995-2014,2021-2050,185.4595,243.3036666666667,57.844166666666695,31.189648773272168,mm
FGOALS-g3,SSP5-8.5,351004,CDD,1995-2014,2021-2050,75.4,75.2,-0.20000000000000284,-0.26525198938992417,days
FGOALS-g3,SSP5-8.5,351004,CWD,1995-2014,2021-2050,6.5,8.1,1.5999999999999996,24.61538461538461,days
FGOALS-g3,SSP5-8.5,351004,R10mm,1995-2014,2021-2050,31.3,34.03333333333333,2.7333333333333307,8.732694355697543,days
FGOALS-g3,SSP5-8.5,351004,R20mm,1995-2014,2021-2050,17.55,18.0,0.4499999999999993,2.56410256410256,days
FGOALS-g3,SSP5-8.5,351004,R50mm,1995-2014,2021-2050,2.85,4.2,1.35,47.368421052631575,days
FGOALS-g3,SSP5-8.5,351004,R95p,1995-2014,2021-2050,278.407,411.3906666666666,132.98366666666664,47.76592063657402,mm
FGOALS-g3,SSP5-8.5,351004,R99p,1995-2014,2021-2050,74.73049999999999,173.39266666666666,98.66216666666666,132.02396165777918,mm
FGOALS-g3,SSP5-8.5,351005,PRCPTOT,1995-2014,2021-2050,944.4085000000001,1087.2266666666667,142.81816666666657,15.12249907393533,mm
FGOALS-g3,SSP5-8.5,351005,SDII,1995-2014,2021-2050,15.455341860742601,16.34827611338737,0.8929342526447694,5.777512142341351,mm day-1
FGOALS-g3,SSP5-8.5,351005,Rx1day,1995-2014,2021-2050,88.3705,101.00266666666667,12.632166666666663,14.294551537749205,mm
FGOALS-g3,SSP5-8.5,351005,Rx5day,1995-2014,2021-2050,186.3105,230.7216666666667,44.4111666666667,23.837178616699923,mm
FGOALS-g3,SSP5-8.5,351005,CDD,1995-2014,2021-2050,67.7,65.83333333333333,-1.8666666666666742,-2.757262432299371,days
FGOALS-g3,SSP5-8.5,351005,CWD,1995-2014,2021-2050,6.95,8.6,1.6499999999999995,23.741007194244595,days
FGOALS-g3,SSP5-8.5,351005,R10mm,1995-2014,2021-2050,30.55,32.56666666666667,2.0166666666666693,6.601200218221503,days
FGOALS-g3,SSP5-8.5,351005,R20mm,1995-2014,2021-2050,15.75,17.0,1.25,7.936507936507937,days
FGOALS-g3,SSP5-8.5,351005,R50mm,1995-2014,2021-2050,2.65,3.7333333333333334,1.0833333333333335,40.88050314465409,days
FGOALS-g3,SSP5-8.5,351005,R95p,1995-2014,2021-2050,288.928,390.23400000000004,101.30600000000004,35.062714586332945,mm
FGOALS-g3,SSP5-8.5,351005,R99p,1995-2014,2021-2050,73.642,147.19799999999998,73.55599999999998,99.88321881534992,mm
FGOALS-g3,SSP5-8.5,351006,PRCPTOT,1995-2014,2021-2050,997.2325000000001,1153.2133333333334,155.9808333333333,15.641370827097319,mm
FGOALS-g3,SSP5-8.5,351006,SDII,1995-2014,2021-2050,13.877925775707277,14.739041673571124,0.8611158978638471,6.204932291619502,mm day-1
FGOALS-g3,SSP5-8.5,351006,Rx1day,1995-2014,2021-2050,85.307,109.33333333333333,24.026333333333326,28.164550779342054,mm
FGOALS-g3,SSP5-8.5,351006,Rx5day,1995-2014,2021-2050,179.4655,237.7396666666667,58.2741666666667,32.47095774211015,mm
FGOALS-g3,SSP5-8.5,351006,CDD,1995-2014,2021-2050,64.15,62.56666666666667,-1.5833333333333357,-2.4681735515718404,days
FGOALS-g3,SSP5-8.5,351006,CWD,1995-2014,2021-2050,7.5,9.533333333333333,2.033333333333333,27.111111111111107,days
FGOALS-g3,SSP5-8.5,351006,R10mm,1995-2014,2021-2050,32.7,34.46666666666667,1.7666666666666657,5.402650356778794,days
FGOALS-g3,SSP5-8.5,351006,R20mm,1995-2014,2021-2050,15.75,17.0,1.25,7.936507936507937,days
FGOALS-g3,SSP5-8.5,351006,R50mm,1995-2014,2021-2050,2.3,3.7,1.4000000000000004,60.86956521739132,days
FGOALS-g3,SSP5-8.5,351006,R95p,1995-2014,2021-2050,582.4415,719.8483333333334,137.40683333333334,23.59152521469252,mm
FGOALS-g3,SSP5-8.5,351006,R99p,1995-2014,2021-2050,302.4345,435.2123333333333,132.77783333333326,43.90300489307048,mm
FGOALS-g3,SSP5-8.5,351007,PRCPTOT,1995-2014,2021-2050,984.6385,1161.6426666666666,177.0041666666666,17.976563649163282,mm
FGOALS-g3,SSP5-8.5,351007,SDII,1995-2014,2021-2050,8.954418873401703,10.463804423248547,1.5093855498468436,16.85632056291601,mm day-1
FGOALS-g3,SSP5-8.5,351007,Rx1day,1995-2014,2021-2050,54.887,80.37266666666666,25.48566666666666,46.43297441409926,mm
FGOALS-g3,SSP5-8.5,351007,Rx5day,1995-2014,2021-2050,125.39349999999999,204.71733333333333,79.32383333333334,63.25992442457811,mm
FGOALS-g3,SSP5-8.5,351007,CDD,1995-2014,2021-2050,48.7,50.56666666666667,1.8666666666666671,3.8329911019849425,days
FGOALS-g3,SSP5-8.5,351007,CWD,1995-2014,2021-2050,11.45,12.9,1.450000000000001,12.663755458515295,days
FGOALS-g3,SSP5-8.5,351007,R10mm,1995-2014,2021-2050,32.95,35.36666666666667,2.4166666666666643,7.334344967121894,days
FGOALS-g3,SSP5-8.5,351007,R20mm,1995-2014,2021-2050,11.55,15.466666666666667,3.916666666666666,33.91053391053391,days
FGOALS-g3,SSP5-8.5,351007,R50mm,1995-2014,2021-2050,0.75,2.4,1.65,220.0,days
FGOALS-g3,SSP5-8.5,351007,R95p,1995-2014,2021-2050,381.3,585.0556666666666,203.75566666666663,53.437101145204984,mm
FGOALS-g3,SSP5-8.5,351007,R99p,1995-2014,2021-2050,122.05349999999999,287.227,165.1735,135.3287697608016,mm
FGOALS-g3,SSP5-8.5,351008,PRCPTOT,1995-2014,2021-2050,886.8684999999999,1015.4896666666666,128.62116666666668,14.502845310963993,mm
FGOALS-g3,SSP5-8.5,351008,SDII,1995-2014,2021-2050,8.388226676407086,9.104803485520055,0.7165768091129685,8.542649558200763,mm day-1
FGOALS-g3,SSP5-8.5,351008,Rx1day,1995-2014,2021-2050,54.931999999999995,66.02,11.088000000000001,20.184955945532664,mm
FGOALS-g3,SSP5-8.5,351008,Rx5day,1995-2014,2021-2050,130.4285,168.333,37.904499999999985,29.061516463042956,mm
FGOALS-g3,SSP5-8.5,351008,CDD,1995-2014,2021-2050,52.75,50.3,-2.450000000000003,-4.644549763033181,days
FGOALS-g3,SSP5-8.5,351008,CWD,1995-2014,2021-2050,11.05,12.233333333333333,1.1833333333333318,10.708898944193047,days
FGOALS-g3,SSP5-8.5,351008,R10mm,1995-2014,2021-2050,28.75,31.3,2.5500000000000007,8.869565217391306,days
FGOALS-g3,SSP5-8.5,351008,R20mm,1995-2014,2021-2050,9.4,12.1,2.6999999999999993,28.723404255319142,days
FGOALS-g3,SSP5-8.5,351008,R50mm,1995-2014,2021-2050,0.7,1.6333333333333333,0.9333333333333333,133.33333333333334,days
FGOALS-g3,SSP5-8.5,351008,R95p,1995-2014,2021-2050,337.6875,456.7456666666667,119.0581666666667,35.256906656795614,mm
FGOALS-g3,SSP5-8.5,351008,R99p,1995-2014,2021-2050,78.527,174.34866666666667,95.82166666666667,122.02384742402826,mm
FGOALS-g3,SSP5-8.5,351009,PRCPTOT,1995-2014,2021-2050,954.059,1072.9379999999999,118.8789999999999,12.46034050305064,mm
FGOALS-g3,SSP5-8.5,351009,SDII,1995-2014,2021-2050,8.533907332735085,9.132662575982632,0.5987552432475471,7.016191058822388,mm day-1
FGOALS-g3,SSP5-8.5,351009,Rx1day,1995-2014,2021-2050,56.1845,65.16833333333334,8.983833333333337,15.989878584544378,mm
FGOALS-g3,SSP5-8.5,351009,Rx5day,1995-2014,2021-2050,135.399,167.71933333333334,32.32033333333334,23.870437250890582,mm
FGOALS-g3,SSP5-8.5,351009,CDD,1995-2014,2021-2050,52.3,48.766666666666666,-3.5333333333333314,-6.755895474824726,days
FGOALS-g3,SSP5-8.5,351009,CWD,1995-2014,2021-2050,11.2,13.1,1.9000000000000004,16.96428571428572,days
FGOALS-g3,SSP5-8.5,351009,R10mm,1995-2014,2021-2050,31.65,33.7,2.0500000000000043,6.47709320695104,days
FGOALS-g3,SSP5-8.5,351009,R20mm,1995-2014,2021-2050,10.55,12.866666666666667,2.3166666666666664,21.95892575039494,days
FGOALS-g3,SSP5-8.5,351009,R50mm,1995-2014,2021-2050,0.65,1.5333333333333334,0.8833333333333334,135.8974358974359,days
FGOALS-g3,SSP5-8.5,351009,R95p,1995-2014,2021-2050,524.2235,630.5696666666666,106.3461666666667,20.286417275583165,mm
FGOALS-g3,SSP5-8.5,351009,R99p,1995-2014,2021-2050,331.4945,441.6986666666667,110.20416666666671,33.24464407906216,mm
FGOALS-g3,SSP5-8.5,351010,PRCPTOT,1995-2014,2021-2050,903.9655,1042.4363333333333,138.4708333333333,15.318154656713482,mm
FGOALS-g3,SSP5-8.5,351010,SDII,1995-2014,2021-2050,9.312890267598686,10.056364917371189,0.7434746497725033,7.983285837257127,mm day-1
FGOALS-g3,SSP5-8.5,351010,Rx1day,1995-2014,2021-2050,59.57000000000001,73.315,13.74499999999999,23.07369481282523,mm
FGOALS-g3,SSP5-8.5,351010,Rx5day,1995-2014,2021-2050,136.9705,181.56300000000002,44.59250000000003,32.55628036694035,mm
FGOALS-g3,SSP5-8.5,351010,CDD,1995-2014,2021-2050,53.8,51.5,-2.299999999999997,-4.275092936802969,days
FGOALS-g3,SSP5-8.5,351010,CWD,1995-2014,2021-2050,9.6,11.966666666666667,2.366666666666667,24.652777777777782,days
FGOALS-g3,SSP5-8.5,351010,R10mm,1995-2014,2021-2050,30.3,32.3,1.9999999999999964,6.600660066006589,days
FGOALS-g3,SSP5-8.5,351010,R20mm,1995-2014,2021-2050,10.75,13.233333333333333,2.4833333333333325,23.10077519379844,days
FGOALS-g3,SSP5-8.5,351010,R50mm,1995-2014,2021-2050,0.8,2.033333333333333,1.2333333333333332,154.16666666666663,days
FGOALS-g3,SSP5-8.5,351010,R95p,1995-2014,2021-2050,506.98850000000004,626.687,119.69849999999997,23.609707123534353,mm
FGOALS-g3,SSP5-8.5,351010,R99p,1995-2014,2021-2050,311.6035,448.418,136.8145,43.90659925193395,mm
FGOALS-g3,SSP5-8.5,351011,PRCPTOT,1995-2014,2021-2050,1133.837,1227.7273333333333,93.89033333333327,8.280761108813108,mm
FGOALS-g3,SSP5-8.5,351011,SDII,1995-2014,2021-2050,6.273665838350364,6.631517057506102,0.35785121915573814,5.7040210361257255,mm day-1
FGOALS-g3,SSP5-8.5,351011,Rx1day,1995-2014,2021-2050,39.503,50.413000000000004,10.910000000000004,27.61815558312028,mm
FGOALS-g3,SSP5-8.5,351011,Rx5day,1995-2014,2021-2050,109.15799999999999,145.4006666666667,36.24266666666671,33.20202519894713,mm
FGOALS-g3,SSP5-8.5,351011,CDD,1995-2014,2021-2050,43.4,39.46666666666667,-3.93333333333333,-9.06298003072196,days
FGOALS-g3,SSP5-8.5,351011,CWD,1995-2014,2021-2050,24.95,30.0,5.050000000000001,20.24048096192385,days
FGOALS-g3,SSP5-8.5,351011,R10mm,1995-2014,2021-2050,33.0,33.333333333333336,0.3333333333333357,1.0101010101010173,days
FGOALS-g3,SSP5-8.5,351011,R20mm,1995-2014,2021-2050,6.9,9.866666666666667,2.966666666666667,42.99516908212561,days
FGOALS-g3,SSP5-8.5,351011,R50mm,1995-2014,2021-2050,0.25,0.8666666666666667,0.6166666666666667,246.66666666666669,days
FGOALS-g3,SSP5-8.5,351011,R95p,1995-2014,2021-2050,24.312,95.93066666666667,71.61866666666667,294.581550948777,mm
FGOALS-g3,SSP5-8.5,351011,R99p,1995-2014,2021-2050,0.0,11.505666666666666,11.505666666666666,,mm
FGOALS-g3,SSP5-8.5,351012,PRCPTOT,1995-2014,2021-2050,1430.7005,1618.415,187.71450000000004,13.120460921066293,mm
FGOALS-g3,SSP5-8.5,351012,SDII,1995-2014,2021-2050,14.740702832609461,15.489394206497904,0.7486913738884429,5.079075145807727,mm day-1
FGOALS-g3,SSP5-8.5,351012,Rx1day,1995-2014,2021-2050,95.1955,109.872,14.676500000000004,15.41722035180235,mm
FGOALS-g3,SSP5-8.5,351012,Rx5day,1995-2014,2021-2050,220.865,277.84766666666667,56.98266666666666,25.799772108150528,mm
FGOALS-g3,SSP5-8.5,351012,CDD,1995-2014,2021-2050,56.45,53.2,-3.25,-5.757307351638618,days
FGOALS-g3,SSP5-8.5,351012,CWD,1995-2014,2021-2050,9.65,12.133333333333333,2.4833333333333325,25.734024179620025,days
FGOALS-g3,SSP5-8.5,351012,R10mm,1995-2014,2021-2050,45.15,46.833333333333336,1.6833333333333371,3.7283130306386205,days
FGOALS-g3,SSP5-8.5,351012,R20mm,1995-2014,2021-2050,23.3,24.933333333333334,1.6333333333333329,7.010014306151643,days
FGOALS-g3,SSP5-8.5,351012,R50mm,1995-2014,2021-2050,4.25,5.533333333333333,1.2833333333333332,30.196078431372545,days
FGOALS-g3,SSP5-8.5,351012,R95p,1995-2014,2021-2050,377.7565,536.8820000000001,159.12550000000005,42.123828445043316,mm
FGOALS-g3,SSP5-8.5,351012,R99p,1995-2014,2021-2050,77.851,183.03699999999998,105.18599999999998,135.1119446121437,mm
FGOALS-g3,SSP5-8.5,351201,PRCPTOT,1995-2014,2021-2050,1354.7825,1615.744,260.9614999999999,19.262243201399478,mm
FGOALS-g3,SSP5-8.5,351201,SDII,1995-2014,2021-2050,14.96669410843445,16.612275450199085,1.645581341764636,10.994955397914309,mm day-1
FGOALS-g3,SSP5-8.5,351201,Rx1day,1995-2014,2021-2050,101.6215,135.998,34.37649999999999,33.82797931540077,mm
FGOALS-g3,SSP5-8.5,351201,Rx5day,1995-2014,2021-2050,227.27399999999997,332.12399999999997,104.85,46.13374165104676,mm
FGOALS-g3,SSP5-8.5,351201,CDD,1995-2014,2021-2050,59.4,58.0,-1.3999999999999986,-2.3569023569023546,days
FGOALS-g3,SSP5-8.5,351201,CWD,1995-2014,2021-2050,9.5,12.0,2.5,26.31578947368421,days
FGOALS-g3,SSP5-8.5,351201,R10mm,1995-2014,2021-2050,41.55,42.36666666666667,0.81666666666667,1.965503409546739,days
FGOALS-g3,SSP5-8.5,351201,R20mm,1995-2014,2021-2050,22.0,23.2,1.1999999999999993,5.4545454545454515,days
FGOALS-g3,SSP5-8.5,351201,R50mm,1995-2014,2021-2050,4.1,6.5,2.4000000000000004,58.53658536585367,days
FGOALS-g3,SSP5-8.5,351201,R95p,1995-2014,2021-2050,429.8045,719.38,289.5755,67.37377109825513,mm
FGOALS-g3,SSP5-8.5,351201,R99p,1995-2014,2021-2050,139.5315,390.2796666666666,250.74816666666663,179.70721067763668,mm
MIROC6,SSP2-4.5,351001,PRCPTOT,1995-2014,2021-2050,1165.1035,1195.6446666666666,30.54116666666664,2.6213264887339744,mm
MIROC6,SSP2-4.5,351001,SDII,1995-2014,2021-2050,14.778200733148472,15.545272804491038,0.7670720713425663,5.190564705363444,mm day-1
MIROC6,SSP2-4.5,351001,Rx1day,1995-2014,2021-2050,79.25399999999999,99.89,20.63600000000001,26.037802508390758,mm
MIROC6,SSP2-4.5,351001,Rx5day,1995-2014,2021-2050,186.05599999999998,240.822,54.76600000000002,29.43522380358603,mm
MIROC6,SSP2-4.5,351001,CDD,1995-2014,2021-2050,61.75,61.166666666666664,-0.5833333333333357,-0.9446693657220011,days
MIROC6,SSP2-4.5,351001,CWD,1995-2014,2021-2050,8.75,9.333333333333334,0.5833333333333339,6.666666666666673,days
MIROC6,SSP2-4.5,351001,R10mm,1995-2014,2021-2050,37.65,36.13333333333333,-1.5166666666666657,-4.028331119964584,days
MIROC6,SSP2-4.5,351001,R20mm,1995-2014,2021-2050,18.8,18.966666666666665,0.1666666666666643,0.8865248226950229,days
MIROC6,SSP2-4.5,351001,R50mm,1995-2014,2021-2050,3.35,4.133333333333334,0.7833333333333337,23.383084577114438,days
MIROC6,SSP2-4.5,351001,R95p,1995-2014,2021-2050,309.84450000000004,386.27466666666663,76.4301666666666,24.66726589197697,mm
MIROC6,SSP2-4.5,351001,R99p,1995-2014,2021-2050,87.795,152.33533333333335,64.54033333333335,73.51253867911993,mm
MIROC6,SSP2-4.5,351002,PRCPTOT,1995-2014,2021-2050,873.3059999999999,893.8729999999999,20.567000000000007,2.3550737084137756,mm
MIROC6,SSP2-4.5,351002,SDII,1995-2014,2021-2050,11.661754203902596,12.183836370585075,0.5220821666824786,4.47687507002818,mm day-1
MIROC6,SSP2-4.5,351002,Rx1day,1995-2014,2021-2050,59.830499999999994,69.17333333333333,9.342833333333338,15.615502683971117,mm
MIROC6,SSP2-4.5,351002,Rx5day,1995-2014,2021-2050,138.173,169.29966666666667,31.126666666666665,22.52731479136059,mm
MIROC6,SSP2-4.5,351002,CDD,1995-2014,2021-2050,73.0,72.63333333333334,-0.36666666666666003,-0.5022831050228219,days
MIROC6,SSP2-4.5,351002,CWD,1995-2014,2021-2050,8.45,8.966666666666667,0.5166666666666675,6.11439842209074,days
MIROC6,SSP2-4.5,351002,R10mm,1995-2014,2021-2050,30.0,29.666666666666668,-0.33333333333333215,-1.1111111111111072,days
MIROC6,SSP2-4.5,351002,R20mm,1995-2014,2021-2050,13.05,13.7,0.6499999999999986,4.980842911877383,days
MIROC6,SSP2-4.5,351002,R50mm,1995-2014,2021-2050,1.15,1.7666666666666666,0.6166666666666667,53.62318840579711,days
MIROC6,SSP2-4.5,351002,R95p,1995-2014,2021-2050,140.70499999999998,181.522,40.81700000000001,29.008919370313784,mm
MIROC6,SSP2-4.5,351002,R99p,1995-2014,2021-2050,32.7285,42.501666666666665,9.773166666666668,29.861333903682322,mm
MIROC6,SSP2-4.5,351003,PRCPTOT,1995-2014,2021-2050,1082.78,1103.0906666666667,20.310666666666748,1.8757888644661656,mm
MIROC6,SSP2-4.5,351003,SDII,1995-2014,2021-2050,14.521472677231577,15.38962056338408,0.8681478861525029,5.978373581308213,mm day-1
MIROC6,SSP2-4.5,351003,Rx1day,1995-2014,2021-2050,85.19300000000001,100.383,15.189999999999984,17.83010341225216,mm
MIROC6,SSP2-4.5,351003,Rx5day,1995-2014,2021-2050,179.0595,229.524,50.46449999999999,28.183089978470836,mm
MIROC6,SSP2-4.5,351003,CDD,1995-2014,2021-2050,65.95,66.2,0.25,0.37907505686125853,days
MIROC6,SSP2-4.5,351003,CWD,1995-2014,2021-2050,9.15,9.1,-0.05000000000000071,-0.5464480874317017,days
MIROC6,SSP2-4.5,351003,R10mm,1995-2014,2021-2050,34.2,33.5,-0.7000000000000028,-2.046783625731002,days
MIROC6,SSP2-4.5,351003,R20mm,1995-2014,2021-2050,17.75,17.866666666666667,0.11666666666666714,0.657276995305167,days
MIROC6,SSP2-4.5,351003,R50mm,1995-2014,2021-2050,2.95,3.6666666666666665,0.7166666666666663,24.29378531073445,days
MIROC6,SSP2-4.5,351003,R95p,1995-2014,2021-2050,323.56100000000004,374.63866666666667,51.07766666666663,15.786101126732401,mm
MIROC6,SSP2-4.5,351003,R99p,1995-2014,2021-2050,108.39000000000001,156.84366666666668,48.45366666666666,44.703078389765345,mm
MIROC6,SSP2-4.5,351004,PRCPTOT,1995-2014,2021-2050,1064.2495000000001,1119.6576666666667,55.4081666666666,5.206313619754258,mm
MIROC6,SSP2-4.5,351004,SDII,1995-2014,2021-2050,18.614049199309882,20.28552587453629,1.6714766752264083,8.979651108305754,mm day-1
MIROC6,SSP2-4.5,351004,Rx1day,1995-2014,2021-2050,79.38250000000001,121.26566666666668,41.88316666666667,52.76120891464323,mm
MIROC6,SSP2-4.5,351004,Rx5day,1995-2014,2021-2050,182.09300000000002,249.13833333333335,67.04533333333333,36.819280990116766,mm
MIROC6,SSP2-4.5,351004,CDD,1995-2014,2021-2050,83.85,80.5,-3.3499999999999943,-3.995229576624919,days
MIROC6,SSP2-4.5,351004,CWD,1995-2014,2021-2050,7.25,7.933333333333334,0.6833333333333336,9.425287356321842,days
MIROC6,SSP2-4.5,351004,R10mm,1995-2014,2021-2050,34.35,33.5,-0.8500000000000014,-2.474526928675404,days
MIROC6,SSP2-4.5,351004,R20mm,1995-2014,2021-2050,19.25,18.933333333333334,-0.31666666666666643,-1.6450216450216437,days
MIROC6,SSP2-4.5,351004,R50mm,1995-2014,2021-2050,3.35,4.133333333333334,0.7833333333333337,23.383084577114438,days
MIROC6,SSP2-4.5,351004,R95p,1995-2014,2021-2050,328.7075,427.63033333333334,98.92283333333336,30.094486232694226,mm
MIROC6,SSP2-4.5,351004,R99p,1995-2014,2021-2050,86.9915,167.72633333333334,80.73483333333334,92.80772642537873,mm
MIROC6,SSP2-4.5,351005,PRCPTOT,1995-2014,2021-2050,1052.8865,1079.2763333333335,26.3898333333334,2.5064271726661325,mm
MIROC6,SSP2-4.5,351005,SDII,1995-2014,2021-2050,15.688571382521094,16.44831435249788,0.7597429699767879,4.842652345153814,mm day-1
MIROC6,SSP2-4.5,351005,Rx1day,1995-2014,2021-2050,81.9555,97.70766666666667,15.752166666666668,19.22038992705391,mm
MIROC6,SSP2-4.5,351005,Rx5day,1995-2014,2021-2050,177.4625,224.00533333333334,46.542833333333334,26.2268554389425,mm
MIROC6,SSP2-4.5,351005,CDD,1995-2014,2021-2050,71.8,72.16666666666667,0.36666666666667425,0.5106778087279585,days
MIROC6,SSP2-4.5,351005,CWD,1995-2014,2021-2050,7.85,8.466666666666667,0.6166666666666671,7.855626326963913,days
MIROC6,SSP2-4.5,351005,R10mm,1995-2014,2021-2050,33.45,32.86666666666667,-0.5833333333333357,-1.7438963627304505,days
MIROC6,SSP2-4.5,351005,R20mm,1995-2014,2021-2050,17.65,17.9,0.25,1.41643059490085,days
MIROC6,SSP2-4.5,351005,R50mm,1995-2014,2021-2050,3.05,3.7666666666666666,0.7166666666666668,23.49726775956285,days
MIROC6,SSP2-4.5,351005,R95p,1995-2014,2021-2050,322.32550000000003,390.28999999999996,67.96449999999993,21.085672712832192,mm
MIROC6,SSP2-4.5,351005,R99p,1995-2014,2021-2050,90.601,127.54133333333333,36.94033333333333,40.77254482106525,mm
MIROC6,SSP2-4.5,351006,PRCPTOT,1995-2014,2021-2050,1104.722,1138.2723333333333,33.550333333333356,3.036993318982817,mm
MIROC6,SSP2-4.5,351006,SDII,1995-2014,2021-2050,14.314810553011487,15.207200182725991,0.8923896297145042,6.234030317130304,mm day-1
MIROC6,SSP2-4.5,351006,Rx1day,1995-2014,2021-2050,82.6885,93.409,10.720500000000001,12.964922570853265,mm
MIROC6,SSP2-4.5,351006,Rx5day,1995-2014,2021-2050,177.36100000000002,221.517,44.15599999999998,24.89611583155258,mm
MIROC6,SSP2-4.5,351006,CDD,1995-2014,2021-2050,74.55,74.26666666666667,-0.28333333333333144,-0.3800581265369973,days
MIROC6,SSP2-4.5,351006,CWD,1995-2014,2021-2050,9.5,9.5,0.0,0.0,days
MIROC6,SSP2-4.5,351006,R10mm,1995-2014,2021-2050,35.3,35.1,-0.19999999999999574,-0.566572237960328,days
MIROC6,SSP2-4.5,351006,R20mm,1995-2014,2021-2050,18.3,18.6,0.3000000000000007,1.6393442622950858,days
MIROC6,SSP2-4.5,351006,R50mm,1995-2014,2021-2050,2.95,3.466666666666667,0.5166666666666666,17.514124293785308,days
MIROC6,SSP2-4.5,351006,R95p,1995-2014,2021-2050,676.7864999999999,732.274,55.48750000000007,8.19867122054002,mm
MIROC6,SSP2-4.5,351006,R99p,1995-2014,2021-2050,354.3755,419.416,65.04050000000001,18.353554351246068,mm
MIROC6,SSP2-4.5,351007,PRCPTOT,1995-2014,2021-2050,1048.26,1075.7993333333334,27.53933333333339,2.6271472090257557,mm
MIROC6,SSP2-4.5,351007,SDII,1995-2014,2021-2050,9.412243236804702,9.726055808318586,0.31381257151388375,3.334089054209545,mm day-1
MIROC6,SSP2-4.5,351007,Rx1day,1995-2014,2021-2050,57.581500000000005,63.92033333333334,6.3388333333333335,11.008454683072397,mm
MIROC6,SSP2-4.5,351007,Rx5day,1995-2014,2021-2050,137.95850000000002,171.94433333333333,33.98583333333332,24.634823757385963,mm
MIROC6,SSP2-4.5,351007,CDD,1995-2014,2021-2050,47.5,53.833333333333336,6.333333333333336,13.33333333333334,days
MIROC6,SSP2-4.5,351007,CWD,1995-2014,2021-2050,12.7,12.966666666666667,0.2666666666666675,2.0997375328084056,days
MIROC6,SSP2-4.5,351007,R10mm,1995-2014,2021-2050,34.95,35.3,0.3499999999999943,1.0014306151645045,days
MIROC6,SSP2-4.5,351007,R20mm,1995-2014,2021-2050,13.2,14.033333333333333,0.8333333333333339,6.3131313131313185,days
MIROC6,SSP2-4.5,351007,R50mm,1995-2014,2021-2050,0.95,1.4,0.44999999999999996,47.368421052631575,days
MIROC6,SSP2-4.5,351007,R95p,1995-2014,2021-2050,435.3625,482.7406666666667,47.37816666666669,10.882463847177165,mm
MIROC6,SSP2-4.5,351007,R99p,1995-2014,2021-2050,147.106,188.46466666666666,41.358666666666664,28.114874081727915,mm
MIROC6,SSP2-4.5,351008,PRCPTOT,1995-2014,2021-2050,956.0725,988.1533333333333,32.08083333333332,3.3554812352968333,mm
MIROC6,SSP2-4.5,351008,SDII,1995-2014,2021-2050,8.872998970820044,9.211259594597985,0.3382606237779413,3.812246850138868,mm day-1
MIROC6,SSP2-4.5,351008,Rx1day,1995-2014,2021-2050,49.8995,60.31366666666667,10.414166666666667,20.87028260136207,mm
MIROC6,SSP2-4.5,351008,Rx5day,1995-2014,2021-2050,126.78399999999999,157.83433333333332,31.050333333333327,24.49073489819956,mm
MIROC6,SSP2-4.5,351008,CDD,1995-2014,2021-2050,52.1,54.766666666666666,2.6666666666666643,5.118362124120276,days
MIROC6,SSP2-4.5,351008,CWD,1995-2014,2021-2050,13.3,13.0,-0.3000000000000007,-2.2556390977443663,days
MIROC6,SSP2-4.5,351008,R10mm,1995-2014,2021-2050,32.25,31.966666666666665,-0.283333333333335,-0.8785529715762326,days
MIROC6,SSP2-4.5,351008,R20mm,1995-2014,2021-2050,11.3,12.033333333333333,0.7333333333333325,6.489675516224182,days
MIROC6,SSP2-4.5,351008,R50mm,1995-2014,2021-2050,0.8,1.2,0.3999999999999999,49.999999999999986,days
MIROC6,SSP2-4.5,351008,R95p,1995-2014,2021-2050,394.677,440.5176666666667,45.840666666666664,11.614729681908665,mm
MIROC6,SSP2-4.5,351008,R99p,1995-2014,2021-2050,91.092,146.027,54.93499999999999,60.30716199007596,mm
MIROC6,SSP2-4.5,351009,PRCPTOT,1995-2014,2021-2050,1020.4209999999999,1053.0293333333334,32.60833333333346,3.1955764663147335,mm
MIROC6,SSP2-4.5,351009,SDII,1995-2014,2021-2050,9.00072220034069,9.304187640869582,0.30346544052889257,3.371567678395918,mm day-1
MIROC6,SSP2-4.5,351009,Rx1day,1995-2014,2021-2050,52.832499999999996,60.63466666666667,7.802166666666672,14.767740816101211,mm
MIROC6,SSP2-4.5,351009,Rx5day,1995-2014,2021-2050,126.8135,155.732,28.918499999999995,22.80396014619894,mm
MIROC6,SSP2-4.5,351009,CDD,1995-2014,2021-2050,47.85,54.3,6.449999999999996,13.479623824451402,days
MIROC6,SSP2-4.5,351009,CWD,1995-2014,2021-2050,13.6,13.8,0.20000000000000107,1.4705882352941255,days
MIROC6,SSP2-4.5,351009,R10mm,1995-2014,2021-2050,34.7,34.4,-0.30000000000000426,-0.8645533141210496,days
MIROC6,SSP2-4.5,351009,R20mm,1995-2014,2021-2050,12.35,13.066666666666666,0.7166666666666668,5.8029689608637,days
MIROC6,SSP2-4.5,351009,R50mm,1995-2014,2021-2050,0.8,1.1666666666666667,0.3666666666666667,45.833333333333336,days
MIROC6,SSP2-4.5,351009,R95p,1995-2014,2021-2050,593.4925000000001,632.352,38.85949999999991,6.547597484382685,mm
MIROC6,SSP2-4.5,351009,R99p,1995-2014,2021-2050,385.49,435.37833333333333,49.88833333333332,12.941537610141202,mm
MIROC6,SSP2-4.5,351010,PRCPTOT,1995-2014,2021-2050,989.1949999999999,1017.3106666666666,28.115666666666698,2.842277474781686,mm
MIROC6,SSP2-4.5,351010,SDII,1995-2014,2021-2050,9.85793428689897,10.224080762853621,0.36614647595465044,3.7142312506713804,mm day-1
MIROC6,SSP2-4.5,351010,Rx1day,1995-2014,2021-2050,58.043499999999995,66.71166666666666,8.668166666666664,14.933914506648746,mm
MIROC6,SSP2-4.5,351010,Rx5day,1995-2014,2021-2050,134.2935,172.505,38.2115,28.453722629911354,mm
MIROC6,SSP2-4.5,351010,CDD,1995-2014,2021-2050,52.55,56.266666666666666,3.7166666666666686,7.072629241991758,days
MIROC6,SSP2-4.5,351010,CWD,1995-2014,2021-2050,11.5,11.633333333333333,0.13333333333333286,1.1594202898550683,days
MIROC6,SSP2-4.5,351010,R10mm,1995-2014,2021-2050,33.35,33.5,0.14999999999999858,0.44977511244377383,days
MIROC6,SSP2-4.5,351010,R20mm,1995-2014,2021-2050,13.1,13.866666666666667,0.7666666666666675,5.8524173027989885,days
MIROC6,SSP2-4.5,351010,R50mm,1995-2014,2021-2050,0.95,1.4333333333333333,0.4833333333333334,50.87719298245615,days
MIROC6,SSP2-4.5,351010,R95p,1995-2014,2021-2050,580.0415,630.974,50.932500000000005,8.78083723319797,mm
MIROC6,SSP2-4.5,351010,R99p,1995-2014,2021-2050,382.8585,427.20300000000003,44.34450000000004,11.582477599426431,mm
MIROC6,SSP2-4.5,351011,PRCPTOT,1995-2014,2021-2050,1176.35,1210.6276666666668,34.277666666666846,2.913900341451681,mm
MIROC6,SSP2-4.5,351011,SDII,1995-2014,2021-2050,6.510609711340372,6.711897791970033,0.20128808062966108,3.091693244628864,mm day-1
MIROC6,SSP2-4.5,351011,Rx1day,1995-2014,2021-2050,37.775,42.883,5.108000000000004,13.522170747849119,mm
MIROC6,SSP2-4.5,351011,Rx5day,1995-2014,2021-2050,107.2195,126.91333333333334,19.693833333333345,18.367772031517912,mm
MIROC6,SSP2-4.5,351011,CDD,1995-2014,2021-2050,34.3,38.333333333333336,4.0333333333333385,11.758989310009733,days
MIROC6,SSP2-4.5,351011,CWD,1995-2014,2021-2050,27.55,28.1,0.5500000000000007,1.9963702359346667,days
MIROC6,SSP2-4.5,351011,R10mm,1995-2014,2021-2050,35.55,36.5,0.9500000000000028,2.6722925457102753,days
MIROC6,SSP2-4.5,351011,R20mm,1995-2014,2021-2050,8.1,9.966666666666667,1.8666666666666671,23.04526748971194,days
MIROC6,SSP2-4.5,351011,R50mm,1995-2014,2021-2050,0.2,0.3,0.09999999999999998,49.999999999999986,days
MIROC6,SSP2-4.5,351011,R95p,1995-2014,2021-2050,25.579,36.27633333333333,10.697333333333333,41.820764429154124,mm
MIROC6,SSP2-4.5,351011,R99p,1995-2014,2021-2050,0.0,0.0,0.0,,mm
MIROC6,SSP2-4.5,351012,PRCPTOT,1995-2014,2021-2050,1547.8485,1598.3176666666666,50.469166666666524,3.260601193635328,mm
MIROC6,SSP2-4.5,351012,SDII,1995-2014,2021-2050,15.220102388338367,15.77660386914841,0.5565014808100432,3.6563583253975636,mm day-1
MIROC6,SSP2-4.5,351012,Rx1day,1995-2014,2021-2050,95.288,97.61666666666666,2.3286666666666633,2.4438194386141627,mm
MIROC6,SSP2-4.5,351012,Rx5day,1995-2014,2021-2050,215.25650000000002,256.45533333333333,41.19883333333331,19.139414295658113,mm
MIROC6,SSP2-4.5,351012,CDD,1995-2014,2021-2050,56.5,57.06666666666667,0.56666666666667,1.0029498525073806,days
MIROC6,SSP2-4.5,351012,CWD,1995-2014,2021-2050,12.25,11.833333333333334,-0.4166666666666661,-3.4013605442176824,days
MIROC6,SSP2-4.5,351012,R10mm,1995-2014,2021-2050,48.6,48.36666666666667,-0.23333333333333428,-0.4801097393690006,days
MIROC6,SSP2-4.5,351012,R20mm,1995-2014,2021-2050,25.35,26.5,1.1499999999999986,4.536489151873761,days
MIROC6,SSP2-4.5,351012,R50mm,1995-2014,2021-2050,5.0,5.533333333333333,0.5333333333333332,10.666666666666664,days
MIROC6,SSP2-4.5,351012,R95p,1995-2014,2021-2050,433.4375,506.06966666666665,72.63216666666665,16.75724104782504,mm
MIROC6,SSP2-4.5,351012,R99p,1995-2014,2021-2050,75.24,100.73433333333332,25.49433333333333,33.88401559454191,mm
MIROC6,SSP2-4.5,351201,PRCPTOT,1995-2014,2021-2050,1468.7625,1519.1546666666666,50.392166666666526,3.4309268289915167,mm
MIROC6,SSP2-4.5,351201,SDII,1995-2014,2021-2050,15.698120902642353,16.17021070174702,0.4720897991046673,3.0073013326404165,mm day-1
MIROC6,SSP2-4.5,351201,Rx1day,1995-2014,2021-2050,99.723,109.53466666666667,9.811666666666667,9.838920476386258,mm
MIROC6,SSP2-4.5,351201,Rx5day,1995-2014,2021-2050,233.283,271.89166666666665,38.608666666666664,16.55014153053016,mm
MIROC6,SSP2-4.5,351201,CDD,1995-2014,2021-2050,59.4,60.233333333333334,0.8333333333333357,1.4029180695847403,days
MIROC6,SSP2-4.5,351201,CWD,1995-2014,2021-2050,11.9,11.7,-0.20000000000000107,-1.680672268907572,days
MIROC6,SSP2-4.5,351201,R10mm,1995-2014,2021-2050,44.9,43.96666666666667,-0.93333333333333,-2.0786933927245657,days
MIROC6,SSP2-4.5,351201,R20mm,1995-2014,2021-2050,24.35,24.1,-0.25,-1.0266940451745379,days
MIROC6,SSP2-4.5,351201,R50mm,1995-2014,2021-2050,4.7,5.966666666666667,1.2666666666666666,26.950354609929075,days
MIROC6,SSP2-4.5,351201,R95p,1995-2014,2021-2050,496.87250000000006,597.411,100.53849999999989,20.23426532963685,mm
MIROC6,SSP2-4.5,351201,R99p,1995-2014,2021-2050,164.908,218.42733333333334,53.51933333333335,32.454055190368784,mm
MIROC6,SSP5-8.5,351001,PRCPTOT,1995-2014,2021-2050,1165.1035,1179.2953333333332,14.191833333333307,1.2180749035028482,mm
MIROC6,SSP5-8.5,351001,SDII,1995-2014,2021-2050,14.778200733148472,14.94087687790536,0.16267614475688852,1.100784511554206,mm day-1
MIROC6,SSP5-8.5,351001,Rx1day,1995-2014,2021-2050,79.25399999999999,93.95166666666667,14.697666666666677,18.54501560383915,mm
MIROC6,SSP5-8.5,351001,Rx5day,1995-2014,2021-2050,186.05599999999998,236.16933333333333,50.113333333333344,26.93454300497342,mm
MIROC6,SSP5-8.5,351001,CDD,1995-2014,2021-2050,61.75,62.43333333333333,0.68333333333333,1.1066126855600487,days
MIROC6,SSP5-8.5,351001,CWD,1995-2014,2021-2050,8.75,9.066666666666666,0.31666666666666643,3.6190476190476164,days
MIROC6,SSP5-8.5,351001,R10mm,1995-2014,2021-2050,37.65,35.63333333333333,-2.0166666666666657,-5.356352368304557,days
MIROC6,SSP5-8.5,351001,R20mm,1995-2014,2021-2050,18.8,18.5,-0.3000000000000007,-1.5957446808510676,days
MIROC6,SSP5-8.5,351001,R50mm,1995-2014,2021-2050,3.35,3.8333333333333335,0.4833333333333334,14.427860696517415,days
MIROC6,SSP5-8.5,351001,R95p,1995-2014,2021-2050,309.84450000000004,371.3586666666667,61.514166666666654,19.85323821034959,mm
MIROC6,SSP5-8.5,351001,R99p,1995-2014,2021-2050,87.795,150.46633333333332,62.67133333333332,71.38371585321866,mm
MIROC6,SSP5-8.5,351002,PRCPTOT,1995-2014,2021-2050,873.3059999999999,866.8606666666667,-6.445333333333224,-0.7380383660862544,mm
MIROC6,SSP5-8.5,351002,SDII,1995-2014,2021-2050,11.661754203902596,11.489878221170226,-0.17187598273237015,-1.4738432977334748,mm day-1
MIROC6,SSP5-8.5,351002,Rx1day,1995-2014,2021-2050,59.830499999999994,61.12066666666667,1.2901666666666785,2.1563695216765337,mm
MIROC6,SSP5-8.5,351002,Rx5day,1995-2014,2021-2050,138.173,160.01966666666667,21.846666666666664,15.81109671691768,mm
MIROC6,SSP5-8.5,351002,CDD,1995-2014,2021-2050,73.0,70.9,-2.0999999999999943,-2.8767123287671157,days
MIROC6,SSP5-8.5,351002,CWD,1995-2014,2021-2050,8.45,8.933333333333334,0.4833333333333343,5.719921104536501,days
MIROC6,SSP5-8.5,351002,R10mm,1995-2014,2021-2050,30.0,29.1,-0.8999999999999986,-2.999999999999995,days
MIROC6,SSP5-8.5,351002,R20mm,1995-2014,2021-2050,13.05,12.266666666666667,-0.7833333333333332,-6.002554278416346,days
MIROC6,SSP5-8.5,351002,R50mm,1995-2014,2021-2050,1.15,1.5666666666666667,0.41666666666666674,36.23188405797102,days
MIROC6,SSP5-8.5,351002,R95p,1995-2014,2021-2050,140.70499999999998,161.10133333333334,20.39633333333336,14.495812752448998,mm
MIROC6,SSP5-8.5,351002,R99p,1995-2014,2021-2050,32.7285,40.883,8.154500000000006,24.915593443023685,mm
MIROC6,SSP5-8.5,351003,PRCPTOT,1995-2014,2021-2050,1082.78,1114.1673333333333,31.387333333333345,2.898772911702594,mm
MIROC6,SSP5-8.5,351003,SDII,1995-2014,2021-2050,14.521472677231577,15.145077581893004,0.6236049046614269,4.294364067076929,mm day-1
MIROC6,SSP5-8.5,351003,Rx1day,1995-2014,2021-2050,85.19300000000001,107.05766666666666,21.86466666666665,25.6648629190974,mm
MIROC6,SSP5-8.5,351003,Rx5day,1995-2014,2021-2050,179.0595,242.408,63.34849999999997,35.37846358333402,mm
MIROC6,SSP5-8.5,351003,CDD,1995-2014,2021-2050,65.95,66.33333333333333,0.38333333333332575,0.5812484205205849,days
MIROC6,SSP5-8.5,351003,CWD,1995-2014,2021-2050,9.15,9.066666666666666,-0.08333333333333393,-0.9107468123861631,days
MIROC6,SSP5-8.5,351003,R10mm,1995-2014,2021-2050,34.2,33.06666666666667,-1.1333333333333329,-3.3138401559454174,days
MIROC6,SSP5-8.5,351003,R20mm,1995-2014,2021-2050,17.75,17.266666666666666,-0.4833333333333343,-2.7230046948356863,days
MIROC6,SSP5-8.5,351003,R50mm,1995-2014,2021-2050,2.95,3.8333333333333335,0.8833333333333333,29.943502824858754,days
MIROC6,SSP5-8.5,351003,R95p,1995-2014,2021-2050,323.56100000000004,399.9936666666666,76.43266666666659,23.622336025252295,mm
MIROC6,SSP5-8.5,351003,R99p,1995-2014,2021-2050,108.39000000000001,195.26833333333335,86.87833333333333,80.15345819110001,mm
MIROC6,SSP5-8.5,351004,PRCPTOT,1995-2014,2021-2050,1064.2495000000001,1084.745,20.495499999999765,1.9258172073371669,mm
MIROC6,SSP5-8.5,351004,SDII,1995-2014,2021-2050,18.614049199309882,18.83776258573572,0.22371338642583893,1.2018523429825958,mm day-1
MIROC6,SSP5-8.5,351004,Rx1day,1995-2014,2021-2050,79.38250000000001,106.139,26.75649999999999,33.705791578748446,mm
MIROC6,SSP5-8.5,351004,Rx5day,1995-2014,2021-2050,182.09300000000002,236.44166666666666,54.348666666666645,29.846653449977016,mm
MIROC6,SSP5-8.5,351004,CDD,1995-2014,2021-2050,83.85,83.03333333333333,-0.8166666666666629,-0.9739614390777137,days
MIROC6,SSP5-8.5,351004,CWD,1995-2014,2021-2050,7.25,8.066666666666666,0.8166666666666664,11.264367816091951,days
MIROC6,SSP5-8.5,351004,R10mm,1995-2014,2021-2050,34.35,33.4,-0.9500000000000028,-2.765647743813691,days
MIROC6,SSP5-8.5,351004,R20mm,1995-2014,2021-2050,19.25,18.233333333333334,-1.0166666666666657,-5.281385281385276,days
MIROC6,SSP5-8.5,351004,R50mm,1995-2014,2021-2050,3.35,3.7333333333333334,0.3833333333333333,11.44278606965174,days
MIROC6,SSP5-8.5,351004,R95p,1995-2014,2021-2050,328.7075,377.55933333333337,48.85183333333339,14.86179455392207,mm
MIROC6,SSP5-8.5,351004,R99p,1995-2014,2021-2050,86.9915,159.28566666666666,72.29416666666665,83.10486273563124,mm
MIROC6,SSP5-8.5,351005,PRCPTOT,1995-2014,2021-2050,1052.8865,1054.221,1.3344999999999345,0.1267468050924705,mm
MIROC6,SSP5-8.5,351005,SDII,1995-2014,2021-2050,15.688571382521094,15.6440235330296,-0.04454784949149371,-0.28395096280803,mm day-1
MIROC6,SSP5-8.5,351005,Rx1day,1995-2014,2021-2050,81.9555,87.46700000000001,5.511500000000012,6.7249910012140885,mm
MIROC6,SSP5-8.5,351005,Rx5day,1995-2014,2021-2050,177.4625,214.91766666666666,37.455166666666656,21.105961353337552,mm
MIROC6,SSP5-8.5,351005,CDD,1995-2014,2021-2050,71.8,71.23333333333333,-0.5666666666666629,-0.789229340761369,days
MIROC6,SSP5-8.5,351005,CWD,1995-2014,2021-2050,7.85,8.4,0.5500000000000007,7.0063694267516015,days
MIROC6,SSP5-8.5,351005,R10mm,1995-2014,2021-2050,33.45,32.5,-0.9500000000000028,-2.8400597907324445,days
MIROC6,SSP5-8.5,351005,R20mm,1995-2014,2021-2050,17.65,17.066666666666666,-0.5833333333333321,-3.30500472143531,days
MIROC6,SSP5-8.5,351005,R50mm,1995-2014,2021-2050,3.05,3.3666666666666667,0.3166666666666669,10.382513661202193,days
MIROC6,SSP5-8.5,351005,R95p,1995-2014,2021-2050,322.32550000000003,359.567,37.241499999999974,11.554003639178399,mm
MIROC6,SSP5-8.5,351005,R99p,1995-2014,2021-2050,90.601,133.41899999999998,42.817999999999984,47.259964018057175,mm
MIROC6,SSP5-8.5,351006,PRCPTOT,1995-2014,2021-2050,1104.722,1123.8913333333333,19.16933333333327,1.7352178496792199,mm
MIROC6,SSP5-8.5,351006,SDII,1995-2014,2021-2050,14.314810553011487,14.69324781207162,0.37843725906013326,2.6436763354896042,mm day-1
MIROC6,SSP5-8.5,351006,Rx1day,1995-2014,2021-2050,82.6885,97.67266666666666,14.984166666666653,18.121222015959475,mm
MIROC6,SSP5-8.5,351006,Rx5day,1995-2014,2021-2050,177.36100000000002,226.40433333333334,49.04333333333332,27.65170095642972,mm
MIROC6,SSP5-8.5,351006,CDD,1995-2014,2021-2050,74.55,70.0,-4.549999999999997,-6.103286384976522,days
MIROC6,SSP5-8.5,351006,CWD,1995-2014,2021-2050,9.5,9.4,-0.09999999999999964,-1.0526315789473646,days
MIROC6,SSP5-8.5,351006,R10mm,1995-2014,2021-2050,35.3,34.766666666666666,-0.5333333333333314,-1.510859301227568,days
MIROC6,SSP5-8.5,351006,R20mm,1995-2014,2021-2050,18.3,17.633333333333333,-0.6666666666666679,-3.6429872495446327,days
MIROC6,SSP5-8.5,351006,R50mm,1995-2014,2021-2050,2.95,3.466666666666667,0.5166666666666666,17.514124293785308,days
MIROC6,SSP5-8.5,351006,R95p,1995-2014,2021-2050,676.7864999999999,705.9743333333333,29.1878333333334,4.312709153231249,mm
MIROC6,SSP5-8.5,351006,R99p,1995-2014,2021-2050,354.3755,404.26800000000003,49.89250000000004,14.078992481139368,mm
MIROC6,SSP5-8.5,351007,PRCPTOT,1995-2014,2021-2050,1048.26,1067.1293333333333,18.869333333333316,1.8000623255044852,mm
MIROC6,SSP5-8.5,351007,SDII,1995-2014,2021-2050,9.412243236804702,9.587515018772441,0.17527178196773896,1.862168003503921,mm day-1
MIROC6,SSP5-8.5,351007,Rx1day,1995-2014,2021-2050,57.581500000000005,68.27633333333333,10.694833333333321,18.573384391398836,mm
MIROC6,SSP5-8.5,351007,Rx5day,1995-2014,2021-2050,137.95850000000002,177.51066666666665,39.552166666666636,28.669611996844434,mm
MIROC6,SSP5-8.5,351007,CDD,1995-2014,2021-2050,47.5,50.233333333333334,2.7333333333333343,5.754385964912283,days
MIROC6,SSP5-8.5,351007,CWD,1995-2014,2021-2050,12.7,13.966666666666667,1.2666666666666675,9.973753280839901,days
MIROC6,SSP5-8.5,351007,R10mm,1995-2014,2021-2050,34.95,34.166666666666664,-0.7833333333333385,-2.2412970910825134,days
MIROC6,SSP5-8.5,351007,R20mm,1995-2014,2021-2050,13.2,13.4,0.20000000000000107,1.5151515151515234,days
MIROC6,SSP5-8.5,351007,R50mm,1995-2014,2021-2050,0.95,1.7,0.75,78.94736842105263,days
MIROC6,SSP5-8.5,351007,R95p,1995-2014,2021-2050,435.3625,476.46566666666666,41.10316666666665,9.441136217902702,mm
MIROC6,SSP5-8.5,351007,R99p,1995-2014,2021-2050,147.106,203.81966666666668,56.71366666666668,38.55292555481536,mm
MIROC6,SSP5-8.5,351008,PRCPTOT,1995-2014,2021-2050,956.0725,964.4936666666667,8.42116666666675,0.8808083766311393,mm
MIROC6,SSP5-8.5,351008,SDII,1995-2014,2021-2050,8.872998970820044,8.905983440091665,0.032984469271621464,0.3717398072522602,mm day-1
MIROC6,SSP5-8.5,351008,Rx1day,1995-2014,2021-2050,49.8995,56.63133333333334,6.731833333333334,13.490783140779634,mm
MIROC6,SSP5-8.5,351008,Rx5day,1995-2014,2021-2050,126.78399999999999,156.35133333333334,29.56733333333335,23.321028941612,mm
MIROC6,SSP5-8.5,351008,CDD,1995-2014,2021-2050,52.1,52.53333333333333,0.43333333333333,0.8317338451695394,days
MIROC6,SSP5-8.5,351008,CWD,1995-2014,2021-2050,13.3,12.533333333333333,-0.7666666666666675,-5.7644110275689275,days
MIROC6,SSP5-8.5,351008,R10mm,1995-2014,2021-2050,32.25,31.133333333333333,-1.1166666666666671,-3.4625322997416035,days
MIROC6,SSP5-8.5,351008,R20mm,1995-2014,2021-2050,11.3,11.266666666666667,-0.033333333333333215,-0.29498525073746207,days
MIROC6,SSP5-8.5,351008,R50mm,1995-2014,2021-2050,0.8,1.3,0.5,62.5,days
MIROC6,SSP5-8.5,351008,R95p,1995-2014,2021-2050,394.677,413.97933333333333,19.30233333333331,4.890665869390237,mm
MIROC6,SSP5-8.5,351008,R99p,1995-2014,2021-2050,91.092,138.00433333333334,46.912333333333336,51.49994876974195,mm
MIROC6,SSP5-8.5,351009,PRCPTOT,1995-2014,2021-2050,1020.4209999999999,1022.9543333333334,2.5333333333334167,0.24826354351129748,mm
MIROC6,SSP5-8.5,351009,SDII,1995-2014,2021-2050,9.00072220034069,8.941722430905124,-0.05899976943556595,-0.6555003934387924,mm day-1
MIROC6,SSP5-8.5,351009,Rx1day,1995-2014,2021-2050,52.832499999999996,56.24966666666667,3.417166666666674,6.467925361598778,mm
MIROC6,SSP5-8.5,351009,Rx5day,1995-2014,2021-2050,126.8135,152.76066666666665,25.947166666666647,20.460886787815685,mm
MIROC6,SSP5-8.5,351009,CDD,1995-2014,2021-2050,47.85,50.93333333333333,3.0833333333333286,6.443747823058158,days
MIROC6,SSP5-8.5,351009,CWD,1995-2014,2021-2050,13.6,13.566666666666666,-0.033333333333333215,-0.2450980392156854,days
MIROC6,SSP5-8.5,351009,R10mm,1995-2014,2021-2050,34.7,33.56666666666667,-1.1333333333333329,-3.2660902977905844,days
MIROC6,SSP5-8.5,351009,R20mm,1995-2014,2021-2050,12.35,11.766666666666667,-0.5833333333333321,-4.723346828609977,days
MIROC6,SSP5-8.5,351009,R50mm,1995-2014,2021-2050,0.8,1.2,0.3999999999999999,49.999999999999986,days
MIROC6,SSP5-8.5,351009,R95p,1995-2014,2021-2050,593.4925000000001,594.8700000000001,1.3775000000000546,0.23210065839080601,mm
MIROC6,SSP5-8.5,351009,R99p,1995-2014,2021-2050,385.49,396.62466666666666,11.134666666666647,2.8884450093819933,mm
MIROC6,SSP5-8.5,351010,PRCPTOT,1995-2014,2021-2050,989.1949999999999,1003.247,14.052000000000021,1.4205490322939383,mm
MIROC6,SSP5-8.5,351010,SDII,1995-2014,2021-2050,9.85793428689897,10.077639646756477,0.21970535985750672,2.2287160115227334,mm day-1
MIROC6,SSP5-8.5,351010,Rx1day,1995-2014,2021-2050,58.043499999999995,71.66266666666667,13.619166666666672,23.463724046045936,mm
MIROC6,SSP5-8.5,351010,Rx5day,1995-2014,2021-2050,134.2935,177.7243333333333,43.43083333333331,32.34023488354486,mm
MIROC6,SSP5-8.5,351010,CDD,1995-2014,2021-2050,52.55,55.5,2.950000000000003,5.613701236917227,days
MIROC6,SSP5-8.5,351010,CWD,1995-2014,2021-2050,11.5,11.433333333333334,-0.06666666666666643,-0.5797101449275341,days
MIROC6,SSP5-8.5,351010,R10mm,1995-2014,2021-2050,33.35,32.333333333333336,-1.0166666666666657,-3.0484757621189376,days
MIROC6,SSP5-8.5,351010,R20mm,1995-2014,2021-2050,13.1,12.8,-0.29999999999999893,-2.2900763358778544,days
MIROC6,SSP5-8.5,351010,R50mm,1995-2014,2021-2050,0.95,1.7,0.75,78.94736842105263,days
MIROC6,SSP5-8.5,351010,R95p,1995-2014,2021-2050,580.0415,600.6676666666666,20.626166666666563,3.555981195598343,mm
MIROC6,SSP5-8.5,351010,R99p,1995-2014,2021-2050,382.8585,413.68666666666667,30.828166666666675,8.052104541669227,mm
MIROC6,SSP5-8.5,351011,PRCPTOT,1995-2014,2021-2050,1176.35,1156.8606666666667,-19.489333333333207,-1.6567631515563572,mm
MIROC6,SSP5-8.5,351011,SDII,1995-2014,2021-2050,6.510609711340372,6.4116932374154025,-0.0989164739249695,-1.519311989362131,mm day-1
MIROC6,SSP5-8.5,351011,Rx1day,1995-2014,2021-2050,37.775,36.910666666666664,-0.8643333333333345,-2.2881094198102834,mm
MIROC6,SSP5-8.5,351011,Rx5day,1995-2014,2021-2050,107.2195,115.32366666666667,8.104166666666671,7.558482054725747,mm
MIROC6,SSP5-8.5,351011,CDD,1995-2014,2021-2050,34.3,34.833333333333336,0.5333333333333385,1.5549076773566723,days
MIROC6,SSP5-8.5,351011,CWD,1995-2014,2021-2050,27.55,28.366666666666667,0.8166666666666664,2.9643073200241976,days
MIROC6,SSP5-8.5,351011,R10mm,1995-2014,2021-2050,35.55,34.5,-1.0499999999999972,-2.9535864978902877,days
MIROC6,SSP5-8.5,351011,R20mm,1995-2014,2021-2050,8.1,7.966666666666667,-0.13333333333333286,-1.6460905349794182,days
MIROC6,SSP5-8.5,351011,R50mm,1995-2014,2021-2050,0.2,0.23333333333333334,0.033333333333333326,16.66666666666666,days
MIROC6,SSP5-8.5,351011,R95p,1995-2014,2021-2050,25.579,32.28766666666667,6.708666666666666,26.227243702516382,mm
MIROC6,SSP5-8.5,351011,R99p,1995-2014,2021-2050,0.0,0.0,0.0,,mm
MIROC6,SSP5-8.5,351012,PRCPTOT,1995-2014,2021-2050,1547.8485,1527.2436666666665,-20.604833333333545,-1.3311918662151718,mm
MIROC6,SSP5-8.5,351012,SDII,1995-2014,2021-2050,15.220102388338367,15.003959030273103,-0.2161433580652634,-1.4201176348910263,mm day-1
MIROC6,SSP5-8.5,351012,Rx1day,1995-2014,2021-2050,95.288,99.796,4.50800000000001,4.730920997397374,mm
MIROC6,SSP5-8.5,351012,Rx5day,1995-2014,2021-2050,215.25650000000002,239.946,24.68949999999998,11.469804628431651,mm
MIROC6,SSP5-8.5,351012,CDD,1995-2014,2021-2050,56.5,57.733333333333334,1.2333333333333343,2.1828908554572286,days
MIROC6,SSP5-8.5,351012,CWD,1995-2014,2021-2050,12.25,12.033333333333333,-0.21666666666666679,-1.7687074829931984,days
MIROC6,SSP5-8.5,351012,R10mm,1995-2014,2021-2050,48.6,47.43333333333333,-1.1666666666666714,-2.4005486968450027,days
MIROC6,SSP5-8.5,351012,R20mm,1995-2014,2021-2050,25.35,24.566666666666666,-0.783333333333335,-3.090072320841558,days
MIROC6,SSP5-8.5,351012,R50mm,1995-2014,2021-2050,5.0,4.666666666666667,-0.33333333333333304,-6.66666666666666,days
MIROC6,SSP5-8.5,351012,R95p,1995-2014,2021-2050,433.4375,446.6926666666667,13.255166666666696,3.0581494832972913,mm
MIROC6,SSP5-8.5,351012,R99p,1995-2014,2021-2050,75.24,110.614,35.37400000000001,47.01488569909624,mm
MIROC6,SSP5-8.5,351201,PRCPTOT,1995-2014,2021-2050,1468.7625,1420.1363333333334,-48.62616666666668,-3.3106895544151405,mm
MIROC6,SSP5-8.5,351201,SDII,1995-2014,2021-2050,15.698120902642353,14.855422575169303,-0.84269832747305,-5.368147771948964,mm day-1
MIROC6,SSP5-8.5,351201,Rx1day,1995-2014,2021-2050,99.723,92.01366666666667,-7.709333333333333,-7.73074750391919,mm
MIROC6,SSP5-8.5,351201,Rx5day,1995-2014,2021-2050,233.283,227.63933333333335,-5.643666666666633,-2.4192361495122374,mm
MIROC6,SSP5-8.5,351201,CDD,1995-2014,2021-2050,59.4,61.13333333333333,1.7333333333333343,2.918069584736253,days
MIROC6,SSP5-8.5,351201,CWD,1995-2014,2021-2050,11.9,11.333333333333334,-0.5666666666666664,-4.76190476190476,days
MIROC6,SSP5-8.5,351201,R10mm,1995-2014,2021-2050,44.9,43.56666666666667,-1.3333333333333286,-2.9695619896065226,days
MIROC6,SSP5-8.5,351201,R20mm,1995-2014,2021-2050,24.35,22.866666666666667,-1.4833333333333343,-6.091718001368929,days
MIROC6,SSP5-8.5,351201,R50mm,1995-2014,2021-2050,4.7,4.566666666666666,-0.13333333333333375,-2.836879432624122,days
MIROC6,SSP5-8.5,351201,R95p,1995-2014,2021-2050,496.87250000000006,470.7103333333333,-26.162166666666735,-5.265368211496256,mm
MIROC6,SSP5-8.5,351201,R99p,1995-2014,2021-2050,164.908,163.42566666666667,-1.4823333333333153,-0.8988850348881288,mm
MRI-ESM2-0,SSP2-4.5,351001,PRCPTOT,1995-2014,2021-2050,1012.35,1047.2123333333334,34.86233333333337,3.443703593948078,mm
MRI-ESM2-0,SSP2-4.5,351001,SDII,1995-2014,2021-2050,14.128465068361285,13.344507123566187,-0.7839579447950982,-5.548783544439388,mm day-1
MRI-ESM2-0,SSP2-4.5,351001,Rx1day,1995-2014,2021-2050,79.115,83.01433333333333,3.899333333333331,4.928690303145208,mm
MRI-ESM2-0,SSP2-4.5,351001,Rx5day,1995-2014,2021-2050,185.602,179.33133333333336,-6.270666666666642,-3.3785555471744066,mm
MRI-ESM2-0,SSP2-4.5,351001,CDD,1995-2014,2021-2050,65.95,60.86666666666667,-5.083333333333336,-7.70785948951226,days
MRI-ESM2-0,SSP2-4.5,351001,CWD,1995-2014,2021-2050,10.05,9.333333333333334,-0.7166666666666668,-7.131011608623551,days
MRI-ESM2-0,SSP2-4.5,351001,R10mm,1995-2014,2021-2050,32.45,33.666666666666664,1.2166666666666615,3.749357986646106,days
MRI-ESM2-0,SSP2-4.5,351001,R20mm,1995-2014,2021-2050,16.75,16.366666666666667,-0.38333333333333286,-2.2885572139303454,days
MRI-ESM2-0,SSP2-4.5,351001,R50mm,1995-2014,2021-2050,2.8,2.6666666666666665,-0.1333333333333333,-4.761904761904761,days
MRI-ESM2-0,SSP2-4.5,351001,R95p,1995-2014,2021-2050,254.2,250.89600000000002,-3.3039999999999736,-1.299763965381579,mm
MRI-ESM2-0,SSP2-4.5,351001,R99p,1995-2014,2021-2050,75.226,81.20866666666667,5.982666666666674,7.952924077668191,mm
MRI-ESM2-0,SSP2-4.5,351002,PRCPTOT,1995-2014,2021-2050,757.983,780.3926666666667,22.409666666666794,2.95648671100365,mm
MRI-ESM2-0,SSP2-4.5,351002,SDII,1995-2014,2021-2050,10.891556096378242,10.382794651003431,-0.5087614453748106,-4.671154799854436,mm day-1
MRI-ESM2-0,SSP2-4.5,351002,Rx1day,1995-2014,2021-2050,56.2355,57.13466666666667,0.899166666666666,1.5989306873179148,mm
MRI-ESM2-0,SSP2-4.5,351002,Rx5day,1995-2014,2021-2050,135.5035,128.42433333333332,-7.07916666666668,-5.224342298661422,mm
MRI-ESM2-0,SSP2-4.5,351002,CDD,1995-2014,2021-2050,70.95,70.46666666666667,-0.4833333333333343,-0.6812309137890546,days
MRI-ESM2-0,SSP2-4.5,351002,CWD,1995-2014,2021-2050,9.95,8.966666666666667,-0.9833333333333325,-9.88274706867671,days
MRI-ESM2-0,SSP2-4.5,351002,R10mm,1995-2014,2021-2050,26.2,26.766666666666666,0.5666666666666664,2.162849872773536,days
MRI-ESM2-0,SSP2-4.5,351002,R20mm,1995-2014,2021-2050,11.45,10.8,-0.6499999999999986,-5.6768558951964945,days
MRI-ESM2-0,SSP2-4.5,351002,R50mm,1995-2014,2021-2050,1.1,0.8666666666666667,-0.2333333333333334,-21.212121212121215,days
MRI-ESM2-0,SSP2-4.5,351002,R95p,1995-2014,2021-2050,112.881,108.58733333333333,-4.293666666666667,-3.803710692381062,mm
MRI-ESM2-0,SSP2-4.5,351002,R99p,1995-2014,2021-2050,23.7465,27.894,4.147499999999997,17.465731792053553,mm
MRI-ESM2-0,SSP2-4.5,351003,PRCPTOT,1995-2014,2021-2050,921.2610000000001,974.8979999999999,53.63699999999983,5.8221285824538125,mm
MRI-ESM2-0,SSP2-4.5,351003,SDII,1995-2014,2021-2050,13.700003920062496,13.26348040490855,-0.4365235151539455,-3.1863021186051905,mm day-1
MRI-ESM2-0,SSP2-4.5,351003,Rx1day,1995-2014,2021-2050,74.8875,88.81866666666666,13.931166666666655,18.602793078506632,mm
MRI-ESM2-0,SSP2-4.5,351003,Rx5day,1995-2014,2021-2050,171.1855,180.69333333333333,9.507833333333338,5.554111378202791,mm
MRI-ESM2-0,SSP2-4.5,351003,CDD,1995-2014,2021-2050,67.95,62.86666666666667,-5.083333333333336,-7.480990924699538,days
MRI-ESM2-0,SSP2-4.5,351003,CWD,1995-2014,2021-2050,9.5,8.733333333333333,-0.7666666666666675,-8.070175438596499,days
MRI-ESM2-0,SSP2-4.5,351003,R10mm,1995-2014,2021-2050,29.75,31.066666666666666,1.3166666666666664,4.425770308123248,days
MRI-ESM2-0,SSP2-4.5,351003,R20mm,1995-2014,2021-2050,15.5,15.1,-0.40000000000000036,-2.5806451612903247,days
MRI-ESM2-0,SSP2-4.5,351003,R50mm,1995-2014,2021-2050,2.4,2.2666666666666666,-0.1333333333333333,-5.5555555555555545,days
MRI-ESM2-0,SSP2-4.5,351003,R95p,1995-2014,2021-2050,245.15099999999998,264.584,19.43300000000002,7.926951144396727,mm
MRI-ESM2-0,SSP2-4.5,351003,R99p,1995-2014,2021-2050,89.027,106.38633333333333,17.359333333333325,19.498953500997814,mm
MRI-ESM2-0,SSP2-4.5,351004,PRCPTOT,1995-2014,2021-2050,927.9084999999999,954.9916666666667,27.083166666666784,2.918732468413296,mm
MRI-ESM2-0,SSP2-4.5,351004,SDII,1995-2014,2021-2050,17.85673222958342,16.98573271078819,-0.8709995187952302,-4.8777094688816405,mm day-1
MRI-ESM2-0,SSP2-4.5,351004,Rx1day,1995-2014,2021-2050,82.46849999999999,91.22266666666665,8.754166666666663,10.615164173795648,mm
MRI-ESM2-0,SSP2-4.5,351004,Rx5day,1995-2014,2021-2050,187.1065,185.94366666666664,-1.1628333333333671,-0.6214820614641218,mm
MRI-ESM2-0,SSP2-4.5,351004,CDD,1995-2014,2021-2050,86.6,84.86666666666666,-1.7333333333333343,-2.0015396458814485,days
MRI-ESM2-0,SSP2-4.5,351004,CWD,1995-2014,2021-2050,7.65,7.166666666666667,-0.4833333333333334,-6.318082788671025,days
MRI-ESM2-0,SSP2-4.5,351004,R10mm,1995-2014,2021-2050,30.0,30.966666666666665,0.966666666666665,3.2222222222222165,days
MRI-ESM2-0,SSP2-4.5,351004,R20mm,1995-2014,2021-2050,16.9,16.566666666666666,-0.33333333333333215,-1.9723865877711964,days
MRI-ESM2-0,SSP2-4.5,351004,R50mm,1995-2014,2021-2050,2.9,2.6,-0.2999999999999998,-10.344827586206891,days
MRI-ESM2-0,SSP2-4.5,351004,R95p,1995-2014,2021-2050,284.88649999999996,274.267,-10.61949999999996,-3.7276248611288922,mm
MRI-ESM2-0,SSP2-4.5,351004,R99p,1995-2014,2021-2050,78.3455,92.97233333333334,14.626833333333337,18.66965343680663,mm
MRI-ESM2-0,SSP2-4.5,351005,PRCPTOT,1995-2014,2021-2050,913.5695,936.11,22.540500000000065,2.467299970062493,mm
MRI-ESM2-0,SSP2-4.5,351005,SDII,1995-2014,2021-2050,15.00743182347953,13.976047020707695,-1.0313848027718358,-6.872493674488706,mm day-1
MRI-ESM2-0,SSP2-4.5,351005,Rx1day,1995-2014,2021-2050,79.785,79.17266666666666,-0.6123333333333392,-0.7674792671972667,mm
MRI-ESM2-0,SSP2-4.5,351005,Rx5day,1995-2014,2021-2050,182.052,172.10033333333334,-9.951666666666654,-5.466386893122105,mm
MRI-ESM2-0,SSP2-4.5,351005,CDD,1995-2014,2021-2050,74.25,72.0,-2.25,-3.0303030303030303,days
MRI-ESM2-0,SSP2-4.5,351005,CWD,1995-2014,2021-2050,9.25,8.4,-0.8499999999999996,-9.189189189189186,days
MRI-ESM2-0,SSP2-4.5,351005,R10mm,1995-2014,2021-2050,29.45,30.066666666666666,0.6166666666666671,2.093944538766272,days
MRI-ESM2-0,SSP2-4.5,351005,R20mm,1995-2014,2021-2050,15.85,15.433333333333334,-0.4166666666666661,-2.628811777076758,days
MRI-ESM2-0,SSP2-4.5,351005,R50mm,1995-2014,2021-2050,2.55,2.466666666666667,-0.08333333333333304,-3.267973856209139,days
MRI-ESM2-0,SSP2-4.5,351005,R95p,1995-2014,2021-2050,267.6105,263.51533333333333,-4.095166666666671,-1.5302712960316098,mm
MRI-ESM2-0,SSP2-4.5,351005,R99p,1995-2014,2021-2050,76.146,78.99633333333333,2.8503333333333245,3.7432476207986296,mm
MRI-ESM2-0,SSP2-4.5,351006,PRCPTOT,1995-2014,2021-2050,975.932,978.639,2.7069999999999936,0.27737588274592834,mm
MRI-ESM2-0,SSP2-4.5,351006,SDII,1995-2014,2021-2050,13.671463354770239,13.071709703355333,-0.5997536514149058,-4.386901649453934,mm day-1
MRI-ESM2-0,SSP2-4.5,351006,Rx1day,1995-2014,2021-2050,79.914,74.68166666666666,-5.232333333333344,-6.54745518098624,mm
MRI-ESM2-0,SSP2-4.5,351006,Rx5day,1995-2014,2021-2050,168.5275,161.78033333333332,-6.747166666666686,-4.003599808142105,mm
MRI-ESM2-0,SSP2-4.5,351006,CDD,1995-2014,2021-2050,64.95,73.73333333333333,8.783333333333331,13.52322299204516,days
MRI-ESM2-0,SSP2-4.5,351006,CWD,1995-2014,2021-2050,9.65,9.1,-0.5500000000000007,-5.699481865284981,days
MRI-ESM2-0,SSP2-4.5,351006,R10mm,1995-2014,2021-2050,31.45,31.966666666666665,0.5166666666666657,1.6428192898781104,days
MRI-ESM2-0,SSP2-4.5,351006,R20mm,1995-2014,2021-2050,15.4,15.233333333333333,-0.16666666666666785,-1.08225108225109,days
MRI-ESM2-0,SSP2-4.5,351006,R50mm,1995-2014,2021-2050,2.5,2.2666666666666666,-0.2333333333333334,-9.333333333333336,days
MRI-ESM2-0,SSP2-4.5,351006,R95p,1995-2014,2021-2050,584.3245,564.5186666666667,-19.805833333333226,-3.3895264246721175,mm
MRI-ESM2-0,SSP2-4.5,351006,R99p,1995-2014,2021-2050,325.96549999999996,293.9696666666667,-31.99583333333328,-9.815711580929051,mm
MRI-ESM2-0,SSP2-4.5,351007,PRCPTOT,1995-2014,2021-2050,974.3664999999999,1023.0936666666668,48.7271666666669,5.000907427201871,mm
MRI-ESM2-0,SSP2-4.5,351007,SDII,1995-2014,2021-2050,8.967348144303118,9.10591213314886,0.1385639888457426,1.5452058581418093,mm day-1
MRI-ESM2-0,SSP2-4.5,351007,Rx1day,1995-2014,2021-2050,57.4575,56.809333333333335,-0.6481666666666683,-1.1280801752019638,mm
MRI-ESM2-0,SSP2-4.5,351007,Rx5day,1995-2014,2021-2050,136.712,132.02366666666666,-4.688333333333333,-3.4293502643025726,mm
MRI-ESM2-0,SSP2-4.5,351007,CDD,1995-2014,2021-2050,51.35,52.266666666666666,0.9166666666666643,1.7851346965270969,days
MRI-ESM2-0,SSP2-4.5,351007,CWD,1995-2014,2021-2050,12.95,13.833333333333334,0.8833333333333346,6.821106821106831,days
MRI-ESM2-0,SSP2-4.5,351007,R10mm,1995-2014,2021-2050,32.35,33.86666666666667,1.5166666666666657,4.688304997424005,days
MRI-ESM2-0,SSP2-4.5,351007,R20mm,1995-2014,2021-2050,11.6,11.866666666666667,0.2666666666666675,2.298850574712651,days
MRI-ESM2-0,SSP2-4.5,351007,R50mm,1995-2014,2021-2050,1.0,0.9333333333333333,-0.06666666666666665,-6.666666666666665,days
MRI-ESM2-0,SSP2-4.5,351007,R95p,1995-2014,2021-2050,390.591,404.74466666666666,14.153666666666652,3.6236540695168737,mm
MRI-ESM2-0,SSP2-4.5,351007,R99p,1995-2014,2021-2050,137.472,138.46866666666665,0.9966666666666413,0.7249961204220796,mm
MRI-ESM2-0,SSP2-4.5,351008,PRCPTOT,1995-2014,2021-2050,847.2335,867.3333333333334,20.099833333333322,2.372407764014681,mm
MRI-ESM2-0,SSP2-4.5,351008,SDII,1995-2014,2021-2050,8.352880014813852,7.99420784129665,-0.3586721735172018,-4.293994082054285,mm day-1
MRI-ESM2-0,SSP2-4.5,351008,Rx1day,1995-2014,2021-2050,49.72,49.71,-0.00999999999999801,-0.02011263073209576,mm
MRI-ESM2-0,SSP2-4.5,351008,Rx5day,1995-2014,2021-2050,125.38699999999999,115.508,-9.87899999999999,-7.878807212868951,mm
MRI-ESM2-0,SSP2-4.5,351008,CDD,1995-2014,2021-2050,53.9,55.03333333333333,1.1333333333333329,2.1026592455163877,days
MRI-ESM2-0,SSP2-4.5,351008,CWD,1995-2014,2021-2050,12.6,12.666666666666666,0.06666666666666643,0.5291005291005272,days
MRI-ESM2-0,SSP2-4.5,351008,R10mm,1995-2014,2021-2050,28.0,28.1,0.10000000000000142,0.3571428571428622,days
MRI-ESM2-0,SSP2-4.5,351008,R20mm,1995-2014,2021-2050,10.2,9.166666666666666,-1.0333333333333332,-10.130718954248366,days
MRI-ESM2-0,SSP2-4.5,351008,R50mm,1995-2014,2021-2050,0.6,0.6,0.0,0.0,days
MRI-ESM2-0,SSP2-4.5,351008,R95p,1995-2014,2021-2050,348.1435,312.3036666666667,-35.83983333333333,-10.294557656062322,mm
MRI-ESM2-0,SSP2-4.5,351008,R99p,1995-2014,2021-2050,86.98299999999999,70.91900000000001,-16.06399999999998,-18.467976501155377,mm
MRI-ESM2-0,SSP2-4.5,351009,PRCPTOT,1995-2014,2021-2050,905.4950000000001,930.9636666666667,25.468666666666536,2.8126788846615973,mm
MRI-ESM2-0,SSP2-4.5,351009,SDII,1995-2014,2021-2050,8.439561190239766,8.148458058949192,-0.2911031312905745,-3.4492685665604412,mm day-1
MRI-ESM2-0,SSP2-4.5,351009,Rx1day,1995-2014,2021-2050,50.6,51.32066666666666,0.7206666666666592,1.4242424242424094,mm
MRI-ESM2-0,SSP2-4.5,351009,Rx5day,1995-2014,2021-2050,125.70450000000001,120.62233333333333,-5.08216666666668,-4.042947282449458,mm
MRI-ESM2-0,SSP2-4.5,351009,CDD,1995-2014,2021-2050,52.55,52.53333333333333,-0.01666666666666572,-0.03171582619727064,days
MRI-ESM2-0,SSP2-4.5,351009,CWD,1995-2014,2021-2050,13.35,13.3,-0.049999999999998934,-0.37453183520598454,days
MRI-ESM2-0,SSP2-4.5,351009,R10mm,1995-2014,2021-2050,30.2,30.7,0.5,1.6556291390728477,days
MRI-ESM2-0,SSP2-4.5,351009,R20mm,1995-2014,2021-2050,10.65,9.933333333333334,-0.7166666666666668,-6.72926447574335,days
MRI-ESM2-0,SSP2-4.5,351009,R50mm,1995-2014,2021-2050,0.65,0.6,-0.050000000000000044,-7.692307692307699,days
MRI-ESM2-0,SSP2-4.5,351009,R95p,1995-2014,2021-2050,518.6265000000001,499.78066666666666,-18.845833333333417,-3.633796833238065,mm
MRI-ESM2-0,SSP2-4.5,351009,R99p,1995-2014,2021-2050,336.40950000000004,308.54533333333336,-27.864166666666677,-8.28281206882287,mm
MRI-ESM2-0,SSP2-4.5,351010,PRCPTOT,1995-2014,2021-2050,884.417,894.9886666666666,10.571666666666601,1.1953260358707036,mm
MRI-ESM2-0,SSP2-4.5,351010,SDII,1995-2014,2021-2050,9.43732341633795,9.080700709435575,-0.35662270690237463,-3.778854354879767,mm day-1
MRI-ESM2-0,SSP2-4.5,351010,Rx1day,1995-2014,2021-2050,56.065999999999995,56.18566666666666,0.11966666666666725,0.21343892317387947,mm
MRI-ESM2-0,SSP2-4.5,351010,Rx5day,1995-2014,2021-2050,134.153,126.046,-8.106999999999985,-6.043100042488789,mm
MRI-ESM2-0,SSP2-4.5,351010,CDD,1995-2014,2021-2050,54.45,56.5,2.049999999999997,3.764921946740123,days
MRI-ESM2-0,SSP2-4.5,351010,CWD,1995-2014,2021-2050,10.85,11.933333333333334,1.083333333333334,9.984639016897088,days
MRI-ESM2-0,SSP2-4.5,351010,R10mm,1995-2014,2021-2050,29.05,29.966666666666665,0.9166666666666643,3.155479059093509,days
MRI-ESM2-0,SSP2-4.5,351010,R20mm,1995-2014,2021-2050,11.45,10.566666666666666,-0.8833333333333329,-7.71470160116448,days
MRI-ESM2-0,SSP2-4.5,351010,R50mm,1995-2014,2021-2050,0.95,0.9333333333333333,-0.016666666666666607,-1.7543859649122746,days
MRI-ESM2-0,SSP2-4.5,351010,R95p,1995-2014,2021-2050,513.1145,497.71,-15.404500000000041,-3.0021564387675737,mm
MRI-ESM2-0,SSP2-4.5,351010,R99p,1995-2014,2021-2050,346.5715,320.2796666666666,-26.291833333333386,-7.586265268013494,mm
MRI-ESM2-0,SSP2-4.5,351011,PRCPTOT,1995-2014,2021-2050,1083.0995,1086.7253333333333,3.6258333333332757,0.33476456533617416,mm
MRI-ESM2-0,SSP2-4.5,351011,SDII,1995-2014,2021-2050,6.198193271620372,6.036258989725342,-0.16193428189503045,-2.6126045897354944,mm day-1
MRI-ESM2-0,SSP2-4.5,351011,Rx1day,1995-2014,2021-2050,36.478500000000004,35.60466666666667,-0.8738333333333372,-2.3954749601363465,mm
MRI-ESM2-0,SSP2-4.5,351011,Rx5day,1995-2014,2021-2050,101.6825,98.03766666666667,-3.644833333333338,-3.584523721715475,mm
MRI-ESM2-0,SSP2-4.5,351011,CDD,1995-2014,2021-2050,36.85,39.7,2.8500000000000014,7.734056987788334,days
MRI-ESM2-0,SSP2-4.5,351011,CWD,1995-2014,2021-2050,28.3,28.9,0.5999999999999979,2.120141342756176,days
MRI-ESM2-0,SSP2-4.5,351011,R10mm,1995-2014,2021-2050,32.0,31.6,-0.3999999999999986,-1.2499999999999956,days
MRI-ESM2-0,SSP2-4.5,351011,R20mm,1995-2014,2021-2050,7.05,6.566666666666666,-0.4833333333333334,-6.855791962174942,days
MRI-ESM2-0,SSP2-4.5,351011,R50mm,1995-2014,2021-2050,0.2,0.16666666666666666,-0.033333333333333354,-16.666666666666675,days
MRI-ESM2-0,SSP2-4.5,351011,R95p,1995-2014,2021-2050,20.573,17.76833333333333,-2.8046666666666695,-13.632754905296599,mm
MRI-ESM2-0,SSP2-4.5,351011,R99p,1995-2014,2021-2050,0.0,0.0,0.0,,mm
MRI-ESM2-0,SSP2-4.5,351012,PRCPTOT,1995-2014,2021-2050,1358.585,1403.719,45.134000000000015,3.322132954507816,mm
MRI-ESM2-0,SSP2-4.5,351012,SDII,1995-2014,2021-2050,14.14989794043191,14.017126686684101,-0.13277125374780852,-0.9383195151424238,mm day-1
MRI-ESM2-0,SSP2-4.5,351012,Rx1day,1995-2014,2021-2050,87.689,87.932,0.2430000000000092,0.27711571576823685,mm
MRI-ESM2-0,SSP2-4.5,351012,Rx5day,1995-2014,2021-2050,201.60999999999999,206.53833333333333,4.928333333333342,2.4444885339682267,mm
MRI-ESM2-0,SSP2-4.5,351012,CDD,1995-2014,2021-2050,57.45,57.233333333333334,-0.21666666666666856,-0.3771395416304065,days
MRI-ESM2-0,SSP2-4.5,351012,CWD,1995-2014,2021-2050,11.0,12.133333333333333,1.1333333333333329,10.3030303030303,days
MRI-ESM2-0,SSP2-4.5,351012,R10mm,1995-2014,2021-2050,42.25,44.46666666666667,2.2166666666666686,5.246548323471405,days
MRI-ESM2-0,SSP2-4.5,351012,R20mm,1995-2014,2021-2050,22.1,22.433333333333334,0.33333333333333215,1.5082956259426794,days
MRI-ESM2-0,SSP2-4.5,351012,R50mm,1995-2014,2021-2050,3.9,3.9,0.0,0.0,days
MRI-ESM2-0,SSP2-4.5,351012,R95p,1995-2014,2021-2050,352.6915,365.8216666666667,13.130166666666696,3.7228474932530826,mm
MRI-ESM2-0,SSP2-4.5,351012,R99p,1995-2014,2021-2050,67.169,72.85333333333332,5.684333333333328,8.462733304550206,mm
MRI-ESM2-0,SSP2-4.5,351201,PRCPTOT,1995-2014,2021-2050,1261.7015000000001,1343.2833333333333,81.58183333333318,6.466016988434521,mm
MRI-ESM2-0,SSP2-4.5,351201,SDII,1995-2014,2021-2050,14.001285886235602,14.101350961702561,0.10006507546695964,0.7146848959446769,mm day-1
MRI-ESM2-0,SSP2-4.5,351201,Rx1day,1995-2014,2021-2050,84.586,93.83066666666667,9.244666666666674,10.92931060301548,mm
MRI-ESM2-0,SSP2-4.5,351201,Rx5day,1995-2014,2021-2050,198.4945,212.83666666666667,14.342166666666685,7.22547308195778,mm
MRI-ESM2-0,SSP2-4.5,351201,CDD,1995-2014,2021-2050,65.3,60.43333333333333,-4.866666666666667,-7.452782031648802,days
MRI-ESM2-0,SSP2-4.5,351201,CWD,1995-2014,2021-2050,11.1,11.833333333333334,0.7333333333333343,6.606606606606615,days
MRI-ESM2-0,SSP2-4.5,351201,R10mm,1995-2014,2021-2050,38.7,41.3,2.5999999999999943,6.718346253229959,days
MRI-ESM2-0,SSP2-4.5,351201,R20mm,1995-2014,2021-2050,20.3,21.1,0.8000000000000007,3.9408866995073923,days
MRI-ESM2-0,SSP2-4.5,351201,R50mm,1995-2014,2021-2050,4.1,4.066666666666666,-0.033333333333333215,-0.813008130081298,days
MRI-ESM2-0,SSP2-4.5,351201,R95p,1995-2014,2021-2050,416.166,432.18033333333335,16.014333333333354,3.8480638335023416,mm
MRI-ESM2-0,SSP2-4.5,351201,R99p,1995-2014,2021-2050,120.33,141.28833333333333,20.95833333333333,17.417379982825008,mm
MRI-ESM2-0,SSP5-8.5,351001,PRCPTOT,1995-2014,2021-2050,1012.35,945.9296666666667,-66.42033333333336,-6.561004922539968,mm
MRI-ESM2-0,SSP5-8.5,351001,SDII,1995-2014,2021-2050,14.128465068361285,12.244895762856478,-1.8835693055048068,-13.33173346425859,mm day-1
MRI-ESM2-0,SSP5-8.5,351001,Rx1day,1995-2014,2021-2050,79.115,75.88333333333334,-3.231666666666655,-4.084771113779505,mm
MRI-ESM2-0,SSP5-8.5,351001,Rx5day,1995-2014,2021-2050,185.602,170.72133333333335,-14.880666666666656,-8.017514179085708,mm
MRI-ESM2-0,SSP5-8.5,351001,CDD,1995-2014,2021-2050,65.95,64.13333333333334,-1.8166666666666629,-2.7546120798584726,days
MRI-ESM2-0,SSP5-8.5,351001,CWD,1995-2014,2021-2050,10.05,9.066666666666666,-0.9833333333333343,-9.7844112769486,days
MRI-ESM2-0,SSP5-8.5,351001,R10mm,1995-2014,2021-2050,32.45,30.666666666666668,-1.783333333333335,-5.495634309193635,days
MRI-ESM2-0,SSP5-8.5,351001,R20mm,1995-2014,2021-2050,16.75,14.133333333333333,-2.616666666666667,-15.621890547263686,days
MRI-ESM2-0,SSP5-8.5,351001,R50mm,1995-2014,2021-2050,2.8,2.2333333333333334,-0.5666666666666664,-20.23809523809523,days
MRI-ESM2-0,SSP5-8.5,351001,R95p,1995-2014,2021-2050,254.2,206.44566666666665,-47.754333333333335,-18.786126409651196,mm
MRI-ESM2-0,SSP5-8.5,351001,R99p,1995-2014,2021-2050,75.226,65.38866666666667,-9.837333333333333,-13.077038967023814,mm
MRI-ESM2-0,SSP5-8.5,351002,PRCPTOT,1995-2014,2021-2050,757.983,693.6643333333334,-64.31866666666656,-8.485502533258208,mm
MRI-ESM2-0,SSP5-8.5,351002,SDII,1995-2014,2021-2050,10.891556096378242,9.438087806627898,-1.4534682897503437,-13.344909367300271,mm day-1
MRI-ESM2-0,SSP5-8.5,351002,Rx1day,1995-2014,2021-2050,56.2355,48.083333333333336,-8.152166666666666,-14.496477610524785,mm
MRI-ESM2-0,SSP5-8.5,351002,Rx5day,1995-2014,2021-2050,135.5035,123.321,-12.182500000000005,-8.990542679709383,mm
MRI-ESM2-0,SSP5-8.5,351002,CDD,1995-2014,2021-2050,70.95,73.96666666666667,3.0166666666666657,4.2518205308902965,days
MRI-ESM2-0,SSP5-8.5,351002,CWD,1995-2014,2021-2050,9.95,8.633333333333333,-1.3166666666666664,-13.232830820770516,days
MRI-ESM2-0,SSP5-8.5,351002,R10mm,1995-2014,2021-2050,26.2,23.633333333333333,-2.5666666666666664,-9.796437659033078,days
MRI-ESM2-0,SSP5-8.5,351002,R20mm,1995-2014,2021-2050,11.45,8.6,-2.8499999999999996,-24.89082969432314,days
MRI-ESM2-0,SSP5-8.5,351002,R50mm,1995-2014,2021-2050,1.1,0.8333333333333334,-0.2666666666666667,-24.242424242424246,days
MRI-ESM2-0,SSP5-8.5,351002,R95p,1995-2014,2021-2050,112.881,81.93866666666666,-30.942333333333337,-27.411462808916767,mm
MRI-ESM2-0,SSP5-8.5,351002,R99p,1995-2014,2021-2050,23.7465,11.083,-12.6635,-53.32785884235572,mm
MRI-ESM2-0,SSP5-8.5,351003,PRCPTOT,1995-2014,2021-2050,921.2610000000001,876.9496666666668,-44.31133333333332,-4.809856634909469,mm
MRI-ESM2-0,SSP5-8.5,351003,SDII,1995-2014,2021-2050,13.700003920062496,12.030313905719645,-1.6696900143428515,-12.1875148655814,mm day-1
MRI-ESM2-0,SSP5-8.5,351003,Rx1day,1995-2014,2021-2050,74.8875,77.00533333333333,2.117833333333323,2.8280198074889973,mm
MRI-ESM2-0,SSP5-8.5,351003,Rx5day,1995-2014,2021-2050,171.1855,165.00866666666667,-6.17683333333332,-3.6082690025342803,mm
MRI-ESM2-0,SSP5-8.5,351003,CDD,1995-2014,2021-2050,67.95,65.06666666666666,-2.88333333333334,-4.243316163845975,days
MRI-ESM2-0,SSP5-8.5,351003,CWD,1995-2014,2021-2050,9.5,8.5,-1.0,-10.526315789473685,days
MRI-ESM2-0,SSP5-8.5,351003,R10mm,1995-2014,2021-2050,29.75,28.433333333333334,-1.3166666666666664,-4.425770308123248,days
MRI-ESM2-0,SSP5-8.5,351003,R20mm,1995-2014,2021-2050,15.5,12.6,-2.9000000000000004,-18.709677419354843,days
MRI-ESM2-0,SSP5-8.5,351003,R50mm,1995-2014,2021-2050,2.4,1.9666666666666666,-0.43333333333333335,-18.055555555555557,days
MRI-ESM2-0,SSP5-8.5,351003,R95p,1995-2014,2021-2050,245.15099999999998,213.06966666666668,-32.081333333333305,-13.086356300130657,mm
MRI-ESM2-0,SSP5-8.5,351003,R99p,1995-2014,2021-2050,89.027,86.98966666666666,-2.0373333333333363,-2.288444329622852,mm
MRI-ESM2-0,SSP5-8.5,351004,PRCPTOT,1995-2014,2021-2050,927.9084999999999,865.0073333333333,-62.90116666666654,-6.778811344724889,mm
MRI-ESM2-0,SSP5-8.5,351004,SDII,1995-2014,2021-2050,17.85673222958342,15.324787792894389,-2.5319444366890327,-14.179214898537458,mm day-1
MRI-ESM2-0,SSP5-8.5,351004,Rx1day,1995-2014,2021-2050,82.46849999999999,84.593,2.124500000000012,2.5761351303831304,mm
MRI-ESM2-0,SSP5-8.5,351004,Rx5day,1995-2014,2021-2050,187.1065,175.28733333333332,-11.819166666666689,-6.3168124392614295,mm
MRI-ESM2-0,SSP5-8.5,351004,CDD,1995-2014,2021-2050,86.6,86.33333333333333,-0.2666666666666657,-0.3079291762894524,days
MRI-ESM2-0,SSP5-8.5,351004,CWD,1995-2014,2021-2050,7.65,7.5,-0.15000000000000036,-1.9607843137254948,days
MRI-ESM2-0,SSP5-8.5,351004,R10mm,1995-2014,2021-2050,30.0,28.733333333333334,-1.2666666666666657,-4.222222222222219,days
MRI-ESM2-0,SSP5-8.5,351004,R20mm,1995-2014,2021-2050,16.9,13.933333333333334,-2.966666666666665,-17.5542406311637,days
MRI-ESM2-0,SSP5-8.5,351004,R50mm,1995-2014,2021-2050,2.9,2.2333333333333334,-0.6666666666666665,-22.988505747126435,days
MRI-ESM2-0,SSP5-8.5,351004,R95p,1995-2014,2021-2050,284.88649999999996,225.09900000000002,-59.78749999999994,-20.986427928315294,mm
MRI-ESM2-0,SSP5-8.5,351004,R99p,1995-2014,2021-2050,78.3455,68.09866666666667,-10.246833333333328,-13.079032405605078,mm
MRI-ESM2-0,SSP5-8.5,351005,PRCPTOT,1995-2014,2021-2050,913.5695,844.9496666666668,-68.61983333333319,-7.511178222711375,mm
MRI-ESM2-0,SSP5-8.5,351005,SDII,1995-2014,2021-2050,15.00743182347953,12.724095526397324,-2.283336297082206,-15.214703781028446,mm day-1
MRI-ESM2-0,SSP5-8.5,351005,Rx1day,1995-2014,2021-2050,79.785,67.953,-11.831999999999994,-14.8298552359466,mm
MRI-ESM2-0,SSP5-8.5,351005,Rx5day,1995-2014,2021-2050,182.052,162.33433333333332,-19.717666666666673,-10.83078827294766,mm
MRI-ESM2-0,SSP5-8.5,351005,CDD,1995-2014,2021-2050,74.25,73.53333333333333,-0.7166666666666686,-0.9652076318743011,days
MRI-ESM2-0,SSP5-8.5,351005,CWD,1995-2014,2021-2050,9.25,8.266666666666667,-0.9833333333333325,-10.630630630630623,days
MRI-ESM2-0,SSP5-8.5,351005,R10mm,1995-2014,2021-2050,29.45,27.966666666666665,-1.4833333333333343,-5.036785512167519,days
MRI-ESM2-0,SSP5-8.5,351005,R20mm,1995-2014,2021-2050,15.85,13.166666666666666,-2.6833333333333336,-16.929547844374344,days
MRI-ESM2-0,SSP5-8.5,351005,R50mm,1995-2014,2021-2050,2.55,1.9,-0.6499999999999999,-25.490196078431367,days
MRI-ESM2-0,SSP5-8.5,351005,R95p,1995-2014,2021-2050,267.6105,203.37266666666667,-64.23783333333333,-24.00422753716066,mm
MRI-ESM2-0,SSP5-8.5,351005,R99p,1995-2014,2021-2050,76.146,57.56666666666667,-18.57933333333333,-24.399618277169296,mm
MRI-ESM2-0,SSP5-8.5,351006,PRCPTOT,1995-2014,2021-2050,975.932,900.4626666666667,-75.46933333333334,-7.733052439445919,mm
MRI-ESM2-0,SSP5-8.5,351006,SDII,1995-2014,2021-2050,13.671463354770239,12.256980761659475,-1.4144825931107636,-10.34624133792688,mm day-1
MRI-ESM2-0,SSP5-8.5,351006,Rx1day,1995-2014,2021-2050,79.914,71.43666666666667,-8.477333333333334,-10.608070342284623,mm
MRI-ESM2-0,SSP5-8.5,351006,Rx5day,1995-2014,2021-2050,168.5275,164.235,-4.29249999999999,-2.5470620521873224,mm
MRI-ESM2-0,SSP5-8.5,351006,CDD,1995-2014,2021-2050,64.95,73.43333333333334,8.483333333333334,13.061329227610985,days
MRI-ESM2-0,SSP5-8.5,351006,CWD,1995-2014,2021-2050,9.65,9.6,-0.05000000000000071,-0.5181347150259141,days
MRI-ESM2-0,SSP5-8.5,351006,R10mm,1995-2014,2021-2050,31.45,29.466666666666665,-1.9833333333333343,-6.306306306306309,days
MRI-ESM2-0,SSP5-8.5,351006,R20mm,1995-2014,2021-2050,15.4,13.333333333333334,-2.0666666666666664,-13.419913419913417,days
MRI-ESM2-0,SSP5-8.5,351006,R50mm,1995-2014,2021-2050,2.5,2.066666666666667,-0.4333333333333331,-17.333333333333325,days
MRI-ESM2-0,SSP5-8.5,351006,R95p,1995-2014,2021-2050,584.3245,494.165,-90.15949999999992,-15.429697026224286,mm
MRI-ESM2-0,SSP5-8.5,351006,R99p,1995-2014,2021-2050,325.96549999999996,255.44133333333332,-70.52416666666664,-21.635469602355663,mm
MRI-ESM2-0,SSP5-8.5,351007,PRCPTOT,1995-2014,2021-2050,974.3664999999999,1001.4786666666666,27.11216666666678,2.7825429822009258,mm
MRI-ESM2-0,SSP5-8.5,351007,SDII,1995-2014,2021-2050,8.967348144303118,8.859563004851431,-0.10778513945168733,-1.2019734008003506,mm day-1
MRI-ESM2-0,SSP5-8.5,351007,Rx1day,1995-2014,2021-2050,57.4575,58.25066666666667,0.7931666666666644,1.3804406155274147,mm
MRI-ESM2-0,SSP5-8.5,351007,Rx5day,1995-2014,2021-2050,136.712,147.38333333333333,10.671333333333337,7.805703473969613,mm
MRI-ESM2-0,SSP5-8.5,351007,CDD,1995-2014,2021-2050,51.35,48.63333333333333,-2.7166666666666686,-5.290490100616687,days
MRI-ESM2-0,SSP5-8.5,351007,CWD,1995-2014,2021-2050,12.95,13.466666666666667,0.5166666666666675,3.9897039897039965,days
MRI-ESM2-0,SSP5-8.5,351007,R10mm,1995-2014,2021-2050,32.35,32.43333333333333,0.0833333333333286,0.25759917568262314,days
MRI-ESM2-0,SSP5-8.5,351007,R20mm,1995-2014,2021-2050,11.6,11.533333333333333,-0.06666666666666643,-0.5747126436781589,days
MRI-ESM2-0,SSP5-8.5,351007,R50mm,1995-2014,2021-2050,1.0,1.1,0.10000000000000009,10.000000000000009,days
MRI-ESM2-0,SSP5-8.5,351007,R95p,1995-2014,2021-2050,390.591,398.7713333333333,8.180333333333294,2.094347625350634,mm
MRI-ESM2-0,SSP5-8.5,351007,R99p,1995-2014,2021-2050,137.472,148.43933333333334,10.967333333333329,7.977867008069518,mm
MRI-ESM2-0,SSP5-8.5,351008,PRCPTOT,1995-2014,2021-2050,847.2335,765.054,-82.17950000000008,-9.699746291901828,mm
MRI-ESM2-0,SSP5-8.5,351008,SDII,1995-2014,2021-2050,8.352880014813852,7.34263809421876,-1.0102419205950923,-12.094534086487846,mm day-1
MRI-ESM2-0,SSP5-8.5,351008,Rx1day,1995-2014,2021-2050,49.72,44.675333333333334,-5.044666666666664,-10.14615178331992,mm
MRI-ESM2-0,SSP5-8.5,351008,Rx5day,1995-2014,2021-2050,125.38699999999999,111.14266666666667,-14.244333333333316,-11.3602951927499,mm
MRI-ESM2-0,SSP5-8.5,351008,CDD,1995-2014,2021-2050,53.9,55.03333333333333,1.1333333333333329,2.1026592455163877,days
MRI-ESM2-0,SSP5-8.5,351008,CWD,1995-2014,2021-2050,12.6,12.933333333333334,0.3333333333333339,2.6455026455026505,days
MRI-ESM2-0,SSP5-8.5,351008,R10mm,1995-2014,2021-2050,28.0,23.866666666666667,-4.133333333333333,-14.76190476190476,days
MRI-ESM2-0,SSP5-8.5,351008,R20mm,1995-2014,2021-2050,10.2,6.966666666666667,-3.2333333333333325,-31.699346405228752,days
MRI-ESM2-0,SSP5-8.5,351008,R50mm,1995-2014,2021-2050,0.6,0.5333333333333333,-0.06666666666666665,-11.111111111111109,days
MRI-ESM2-0,SSP5-8.5,351008,R95p,1995-2014,2021-2050,348.1435,244.88566666666665,-103.25783333333337,-29.659560880307506,mm
MRI-ESM2-0,SSP5-8.5,351008,R99p,1995-2014,2021-2050,86.98299999999999,58.19133333333333,-28.791666666666657,-33.10033761386324,mm
MRI-ESM2-0,SSP5-8.5,351009,PRCPTOT,1995-2014,2021-2050,905.4950000000001,813.4286666666667,-92.06633333333343,-10.167514269359126,mm
MRI-ESM2-0,SSP5-8.5,351009,SDII,1995-2014,2021-2050,8.439561190239766,7.429598904759468,-1.0099622854802988,-11.966999974457273,mm day-1
MRI-ESM2-0,SSP5-8.5,351009,Rx1day,1995-2014,2021-2050,50.6,44.902,-5.698,-11.260869565217392,mm
MRI-ESM2-0,SSP5-8.5,351009,Rx5day,1995-2014,2021-2050,125.70450000000001,110.211,-15.493500000000012,-12.32533441523574,mm
MRI-ESM2-0,SSP5-8.5,351009,CDD,1995-2014,2021-2050,52.55,53.93333333333333,1.3833333333333329,2.6324135743736115,days
MRI-ESM2-0,SSP5-8.5,351009,CWD,1995-2014,2021-2050,13.35,13.5,0.15000000000000036,1.1235955056179803,days
MRI-ESM2-0,SSP5-8.5,351009,R10mm,1995-2014,2021-2050,30.2,26.1,-4.099999999999998,-13.576158940397343,days
MRI-ESM2-0,SSP5-8.5,351009,R20mm,1995-2014,2021-2050,10.65,7.4,-3.25,-30.516431924882628,days
MRI-ESM2-0,SSP5-8.5,351009,R50mm,1995-2014,2021-2050,0.65,0.5333333333333333,-0.1166666666666667,-17.948717948717952,days
MRI-ESM2-0,SSP5-8.5,351009,R95p,1995-2014,2021-2050,518.6265000000001,396.22333333333336,-122.40316666666672,-23.601410006366184,mm
MRI-ESM2-0,SSP5-8.5,351009,R99p,1995-2014,2021-2050,336.40950000000004,228.10733333333334,-108.3021666666667,-32.19355180714774,mm
MRI-ESM2-0,SSP5-8.5,351010,PRCPTOT,1995-2014,2021-2050,884.417,811.4173333333333,-72.99966666666671,-8.253987278248463,mm
MRI-ESM2-0,SSP5-8.5,351010,SDII,1995-2014,2021-2050,9.43732341633795,8.55532210306324,-0.88200131327471,-9.345884149183487,mm day-1
MRI-ESM2-0,SSP5-8.5,351010,Rx1day,1995-2014,2021-2050,56.065999999999995,53.62433333333333,-2.441666666666663,-4.354986385093752,mm
MRI-ESM2-0,SSP5-8.5,351010,Rx5day,1995-2014,2021-2050,134.153,127.41833333333332,-6.734666666666669,-5.020138697357994,mm
MRI-ESM2-0,SSP5-8.5,351010,CDD,1995-2014,2021-2050,54.45,56.266666666666666,1.8166666666666629,3.3363942454851476,days
MRI-ESM2-0,SSP5-8.5,351010,CWD,1995-2014,2021-2050,10.85,12.133333333333333,1.2833333333333332,11.82795698924731,days
MRI-ESM2-0,SSP5-8.5,351010,R10mm,1995-2014,2021-2050,29.05,26.566666666666666,-2.4833333333333343,-8.548479632816985,days
MRI-ESM2-0,SSP5-8.5,351010,R20mm,1995-2014,2021-2050,11.45,9.166666666666666,-2.283333333333333,-19.941775836972344,days
MRI-ESM2-0,SSP5-8.5,351010,R50mm,1995-2014,2021-2050,0.95,0.8666666666666667,-0.08333333333333326,-8.771929824561395,days
MRI-ESM2-0,SSP5-8.5,351010,R95p,1995-2014,2021-2050,513.1145,432.467,-80.64750000000004,-15.717252192249495,mm
MRI-ESM2-0,SSP5-8.5,351010,R99p,1995-2014,2021-2050,346.5715,267.22566666666665,-79.34583333333336,-22.894506136059473,mm
MRI-ESM2-0,SSP5-8.5,351011,PRCPTOT,1995-2014,2021-2050,1083.0995,925.435,-157.6645000000001,-14.556788180587294,mm
MRI-ESM2-0,SSP5-8.5,351011,SDII,1995-2014,2021-2050,6.198193271620372,5.442160827279717,-0.7560324443406552,-12.197626166358768,mm day-1
MRI-ESM2-0,SSP5-8.5,351011,Rx1day,1995-2014,2021-2050,36.478500000000004,30.564,-5.914500000000004,-16.213660101155483,mm
MRI-ESM2-0,SSP5-8.5,351011,Rx5day,1995-2014,2021-2050,101.6825,90.14566666666666,-11.536833333333348,-11.345937927699797,mm
MRI-ESM2-0,SSP5-8.5,351011,CDD,1995-2014,2021-2050,36.85,43.833333333333336,6.983333333333334,18.950701040253282,days
MRI-ESM2-0,SSP5-8.5,351011,CWD,1995-2014,2021-2050,28.3,24.4,-3.900000000000002,-13.780918727915202,days
MRI-ESM2-0,SSP5-8.5,351011,R10mm,1995-2014,2021-2050,32.0,23.866666666666667,-8.133333333333333,-25.416666666666664,days
MRI-ESM2-0,SSP5-8.5,351011,R20mm,1995-2014,2021-2050,7.05,4.233333333333333,-2.8166666666666664,-39.95271867612293,days
MRI-ESM2-0,SSP5-8.5,351011,R50mm,1995-2014,2021-2050,0.2,0.13333333333333333,-0.06666666666666668,-33.333333333333336,days
MRI-ESM2-0,SSP5-8.5,351011,R95p,1995-2014,2021-2050,20.573,12.912,-7.661,-37.23812764302726,mm
MRI-ESM2-0,SSP5-8.5,351011,R99p,1995-2014,2021-2050,0.0,0.0,0.0,,mm
MRI-ESM2-0,SSP5-8.5,351012,PRCPTOT,1995-2014,2021-2050,1358.585,1249.494,-109.09100000000012,-8.029751542965668,mm
MRI-ESM2-0,SSP5-8.5,351012,SDII,1995-2014,2021-2050,14.14989794043191,12.811193173301636,-1.3387047671302739,-9.460879313518296,mm day-1
MRI-ESM2-0,SSP5-8.5,351012,Rx1day,1995-2014,2021-2050,87.689,74.96700000000001,-12.72199999999998,-14.508091094664076,mm
MRI-ESM2-0,SSP5-8.5,351012,Rx5day,1995-2014,2021-2050,201.60999999999999,192.14733333333334,-9.46266666666665,-4.693550253790313,mm
MRI-ESM2-0,SSP5-8.5,351012,CDD,1995-2014,2021-2050,57.45,56.3,-1.1500000000000057,-2.001740644038304,days
MRI-ESM2-0,SSP5-8.5,351012,CWD,1995-2014,2021-2050,11.0,12.8,1.8000000000000007,16.36363636363637,days
MRI-ESM2-0,SSP5-8.5,351012,R10mm,1995-2014,2021-2050,42.25,40.06666666666667,-2.18333333333333,-5.167652859960544,days
MRI-ESM2-0,SSP5-8.5,351012,R20mm,1995-2014,2021-2050,22.1,19.366666666666667,-2.7333333333333343,-12.368024132730019,days
MRI-ESM2-0,SSP5-8.5,351012,R50mm,1995-2014,2021-2050,3.9,3.0,-0.8999999999999999,-23.076923076923073,days
MRI-ESM2-0,SSP5-8.5,351012,R95p,1995-2014,2021-2050,352.6915,280.67699999999996,-72.01450000000006,-20.418552757863473,mm
MRI-ESM2-0,SSP5-8.5,351012,R99p,1995-2014,2021-2050,67.169,62.696000000000005,-4.472999999999992,-6.6593220086647,mm
MRI-ESM2-0,SSP5-8.5,351201,PRCPTOT,1995-2014,2021-2050,1261.7015000000001,1170.3796666666667,-91.32183333333342,-7.237990391018272,mm
MRI-ESM2-0,SSP5-8.5,351201,SDII,1995-2014,2021-2050,14.001285886235602,12.514858999658994,-1.4864268865766075,-10.616359801908521,mm day-1
MRI-ESM2-0,SSP5-8.5,351201,Rx1day,1995-2014,2021-2050,84.586,73.31466666666667,-11.271333333333331,-13.325294177917542,mm
MRI-ESM2-0,SSP5-8.5,351201,Rx5day,1995-2014,2021-2050,198.4945,189.86633333333333,-8.628166666666658,-4.346803899688233,mm
MRI-ESM2-0,SSP5-8.5,351201,CDD,1995-2014,2021-2050,65.3,62.733333333333334,-2.566666666666663,-3.930576824910663,days
MRI-ESM2-0,SSP5-8.5,351201,CWD,1995-2014,2021-2050,11.1,11.433333333333334,0.3333333333333339,3.0030030030030086,days
MRI-ESM2-0,SSP5-8.5,351201,R10mm,1995-2014,2021-2050,38.7,37.36666666666667,-1.3333333333333357,-3.445305770887172,days
MRI-ESM2-0,SSP5-8.5,351201,R20mm,1995-2014,2021-2050,20.3,17.533333333333335,-2.7666666666666657,-13.628899835796382,days
MRI-ESM2-0,SSP5-8.5,351201,R50mm,1995-2014,2021-2050,4.1,3.1,-0.9999999999999996,-24.390243902439018,days
MRI-ESM2-0,SSP5-8.5,351201,R95p,1995-2014,2021-2050,416.166,320.8806666666667,-95.28533333333331,-22.895991823775443,mm
MRI-ESM2-0,SSP5-8.5,351201,R99p,1995-2014,2021-2050,120.33,106.843,-13.486999999999995,-11.20834372143272,mm
