method,model,station,family,grouping,group,period,usable,note,fallback_used,applied_grouping,applied_group,wet_threshold_obs_mm,wet_threshold_model_mm,n_obs_wet_cal,n_mod_wet_cal,n_input,n_wet_target,n_delta_clipped_low,n_delta_clipped_high,n_output_capped,output_cap_mm,max_output_mm,obs_dist,obs_aic,obs_ks_d,obs_ks_p,obs_n_params,mod_dist,mod_aic,mod_ks_d,mod_ks_p,mod_n_params
QDM_NP_annual,ACCESS-ESM1-5,500001,nonparametric,annual,all,calibration,True,,False,annual,all,1.0,2.1512224503764545,1625,1625,7305,1625,0,0,0,,130.0,,,,,,,,,,
QDM_NP_annual,ACCESS-ESM1-5,500001,nonparametric,annual,all,validation,True,,False,annual,all,1.0,2.1512224503764545,1625,1625,5113,1347,0,0,0,,178.70822586042252,,,,,,,,,,
QDM_NP_annual,ACCESS-ESM1-5,500002,nonparametric,annual,all,calibration,True,,False,annual,all,1.0,4.762107460643393,1618,1618,7305,1618,0,0,0,,147.0,,,,,,,,,,
QDM_NP_annual,ACCESS-ESM1-5,500002,nonparametric,annual,all,validation,True,,False,annual,all,1.0,4.762107460643393,1618,1618,5113,1206,0,0,0,,319.5498824684499,,,,,,,,,,
QDM_NP_annual,ACCESS-ESM1-5,500003,nonparametric,annual,all,calibration,True,,False,annual,all,1.0,1.992,1781,1780,7305,1780,0,0,0,,181.2931741573035,,,,,,,,,,
QDM_NP_annual,ACCESS-ESM1-5,500003,nonparametric,annual,all,validation,True,,False,annual,all,1.0,1.992,1781,1780,5113,1466,0,0,0,,252.46114166116155,,,,,,,,,,
QDM_NP_annual,ACCESS-ESM1-5,500004,nonparametric,annual,all,calibration,True,,False,annual,all,1.0,4.779441615331963,1613,1613,7305,1613,0,0,0,,107.2,,,,,,,,,,
QDM_NP_annual,ACCESS-ESM1-5,500004,nonparametric,annual,all,validation,True,,False,annual,all,1.0,4.779441615331963,1613,1613,5113,1203,0,0,0,,236.14992153369178,,,,,,,,,,
QDM_NP_annual,ACCESS-ESM1-5,500005,nonparametric,annual,all,calibration,True,,False,annual,all,1.0,1.08,4174,4173,7305,4173,0,0,0,,48.299856218547646,,,,,,,,,,
QDM_NP_annual,ACCESS-ESM1-5,500005,nonparametric,annual,all,validation,True,,False,annual,all,1.0,1.08,4174,4173,5113,3018,0,0,0,,104.52298703839197,,,,,,,,,,
QDM_NP_annual,ACCESS-ESM1-5,500006,nonparametric,annual,all,calibration,True,,False,annual,all,1.0,1.055,4240,4237,7305,4237,0,0,0,,46.09904413500089,,,,,,,,,,
QDM_NP_annual,ACCESS-ESM1-5,500006,nonparametric,annual,all,validation,True,,False,annual,all,1.0,1.055,4240,4237,5113,3061,0,0,0,,100.19718032115065,,,,,,,,,,
QDM_NP_annual,ACCESS-ESM1-5,500007,nonparametric,annual,all,calibration,True,,False,annual,all,1.0,0.997,3874,3868,7305,3868,0,0,0,,146.47812823165611,,,,,,,,,,
QDM_NP_annual,ACCESS-ESM1-5,500007,nonparametric,annual,all,validation,True,,False,annual,all,1.0,0.997,3874,3868,5113,2945,0,0,0,,201.39940886451095,,,,,,,,,,
QDM_NP_annual,ACCESS-ESM1-5,500008,nonparametric,annual,all,calibration,True,,False,annual,all,1.0,0.797,4555,4552,7305,4552,0,0,0,,67.99337653779492,,,,,,,,,,
QDM_NP_annual,ACCESS-ESM1-5,500008,nonparametric,annual,all,validation,True,,False,annual,all,1.0,0.797,4555,4552,5113,3415,0,0,0,,91.71590343624186,,,,,,,,,,
QDM_NP_annual,ACCESS-ESM1-5,500009,nonparametric,annual,all,calibration,True,,False,annual,all,1.0,0.854,4333,4329,7305,4329,0,0,0,,48.79796719796848,,,,,,,,,,
QDM_NP_annual,ACCESS-ESM1-5,500009,nonparametric,annual,all,validation,True,,False,annual,all,1.0,0.854,4333,4329,5113,3284,0,0,0,,68.20308831792751,,,,,,,,,,
QDM_NP_annual,ACCESS-ESM1-5,500201,nonparametric,annual,all,calibration,True,,False,annual,all,1.0,4.272470636550308,1719,1719,7305,1719,0,0,0,,296.9,,,,,,,,,,
QDM_NP_annual,ACCESS-ESM1-5,500201,nonparametric,annual,all,validation,True,,False,annual,all,1.0,4.272470636550308,1719,1719,5113,1290,0,0,0,,617.5835107666163,,,,,,,,,,
QDM_NP_annual,ACCESS-ESM1-5,500202,nonparametric,annual,all,calibration,True,,False,annual,all,1.0,2.238,1559,1558,7305,1558,0,0,0,,298.47650834402,,,,,,,,,,
QDM_NP_annual,ACCESS-ESM1-5,500202,nonparametric,annual,all,validation,True,,False,annual,all,1.0,2.238,1559,1558,5113,1290,0,0,0,,410.8598343730266,,,,,,,,,,
QDM_NP_annual,ACCESS-ESM1-5,500301,nonparametric,annual,all,calibration,True,,False,annual,all,1.0,1.9412507871321014,1832,1832,7305,1832,0,0,0,,188.0,,,,,,,,,,
QDM_NP_annual,ACCESS-ESM1-5,500301,nonparametric,annual,all,validation,True,,False,annual,all,1.0,1.9412507871321014,1832,1832,5113,1508,0,0,0,,264.5442794370816,,,,,,,,,,
QDM_NP_monthly,ACCESS-ESM1-5,500001,nonparametric,monthly,01,calibration,False,"insufficient wet days obs=4, model=4",True,annual,all,1.0,4.267006451612904,4,4,620,50,3,0,0,,14.12,,,,,,,,,,
QDM_NP_monthly,ACCESS-ESM1-5,500001,nonparametric,monthly,01,validation,False,"insufficient wet days obs=4, model=4",True,annual,all,1.0,4.267006451612904,4,4,434,50,0,0,0,,19.4226072001594,,,,,,,,,,
QDM_NP_monthly,ACCESS-ESM1-5,500001,nonparametric,monthly,02,calibration,False,"insufficient wet days obs=18, model=18",True,annual,all,1.0,3.2277203539823014,18,18,565,74,4,0,0,,14.934459459459436,,,,,,,,,,
QDM_NP_monthly,ACCESS-ESM1-5,500001,nonparametric,monthly,02,validation,False,"insufficient wet days obs=18, model=18",True,annual,all,1.0,3.2277203539823014,18,18,395,48,0,0,0,,15.739355452494003,,,,,,,,,,
QDM_NP_monthly,ACCESS-ESM1-5,500001,nonparametric,monthly,03,calibration,False,"insufficient wet days obs=22, model=22",True,annual,all,1.0,2.7423903225806447,22,22,620,50,4,0,0,,14.12,,,,,,,,,,
QDM_NP_monthly,ACCESS-ESM1-5,500001,nonparametric,monthly,03,validation,False,"insufficient wet days obs=22, model=22",True,annual,all,1.0,2.7423903225806447,22,22,434,53,1,0,0,,14.237735849056586,,,,,,,,,,
QDM_NP_monthly,ACCESS-ESM1-5,500001,nonparametric,monthly,04,calibration,True,,False,monthly,04,1.0,1.5427333333333333,110,110,600,110,0,0,0,,87.6,,,,,,,,,,
QDM_NP_monthly,ACCESS-ESM1-5,500001,nonparametric,monthly,04,validation,True,,False,monthly,04,1.0,1.5427333333333333,110,110,420,91,0,0,0,,63.9165183638786,,,,,,,,,,
QDM_NP_monthly,ACCESS-ESM1-5,500001,nonparametric,monthly,05,calibration,True,,False,monthly,05,1.0,1.2723338709677419,207,207,620,207,0,0,0,,130.0,,,,,,,,,,
QDM_NP_monthly,ACCESS-ESM1-5,500001,nonparametric,monthly,05,validation,True,,False,monthly,05,1.0,1.2723338709677419,207,207,434,130,0,0,0,,97.25228228980383,,,,,,,,,,
QDM_NP_monthly,ACCESS-ESM1-5,500001,nonparametric,monthly,06,calibration,True,,False,monthly,06,1.0,4.078016666666667,190,190,600,190,0,0,0,,58.9,,,,,,,,,,
QDM_NP_monthly,ACCESS-ESM1-5,500001,nonparametric,monthly,06,validation,True,,False,monthly,06,1.0,4.078016666666667,190,190,420,137,0,0,0,,147.5894103003826,,,,,,,,,,
QDM_NP_monthly,ACCESS-ESM1-5,500001,nonparametric,monthly,07,calibration,True,,False,monthly,07,1.0,2.2038870967741944,259,259,620,259,0,0,0,,82.2,,,,,,,,,,
QDM_NP_monthly,ACCESS-ESM1-5,500001,nonparametric,monthly,07,validation,True,,False,monthly,07,1.0,2.2038870967741944,259,259,434,196,0,0,0,,76.99677448307708,,,,,,,,,,
QDM_NP_monthly,ACCESS-ESM1-5,500001,nonparametric,monthly,08,calibration,True,,False,monthly,08,1.0,1.1901419354838707,332,332,620,332,0,0,0,,87.4,,,,,,,,,,
QDM_NP_monthly,ACCESS-ESM1-5,500001,nonparametric,monthly,08,validation,True,,False,monthly,08,1.0,1.1901419354838707,332,332,434,237,0,0,0,,72.60042800128905,,,,,,,,,,
QDM_NP_monthly,ACCESS-ESM1-5,500001,nonparametric,monthly,09,calibration,True,,False,monthly,09,1.0,2.14362,262,262,600,262,0,0,0,,96.3,,,,,,,,,,
QDM_NP_monthly,ACCESS-ESM1-5,500001,nonparametric,monthly,09,validation,True,,False,monthly,09,1.0,2.14362,262,262,420,201,0,0,0,,91.17723732976874,,,,,,,,,,
QDM_NP_monthly,ACCESS-ESM1-5,500001,nonparametric,monthly,10,calibration,True,,False,monthly,10,1.0,2.4376129032258063,160,160,620,160,0,0,0,,80.0,,,,,,,,,,
QDM_NP_monthly,ACCESS-ESM1-5,500001,nonparametric,monthly,10,validation,True,,False,monthly,10,1.0,2.4376129032258063,160,160,434,197,0,0,0,,55.309184986997465,,,,,,,,,,
QDM_NP_monthly,ACCESS-ESM1-5,500001,nonparametric,monthly,11,calibration,True,,False,monthly,11,1.0,3.2039900000000037,54,54,600,54,0,0,0,,35.1,,,,,,,,,,
QDM_NP_monthly,ACCESS-ESM1-5,500001,nonparametric,monthly,11,validation,True,,False,monthly,11,1.0,3.2039900000000037,54,54,420,42,0,0,0,,34.39710927573062,,,,,,,,,,
QDM_NP_monthly,ACCESS-ESM1-5,500001,nonparametric,monthly,12,calibration,False,"insufficient wet days obs=7, model=7",True,annual,all,1.0,3.6551580645161286,7,7,620,47,4,0,0,,14.052765957446812,,,,,,,,,,
QDM_NP_monthly,ACCESS-ESM1-5,500001,nonparametric,monthly,12,validation,False,"insufficient wet days obs=7, model=7",True,annual,all,1.0,3.6551580645161286,7,7,434,45,1,0,0,,17.254946244317775,,,,,,,,,,
QDM_NP_monthly,ACCESS-ESM1-5,500002,nonparametric,monthly,01,calibration,False,"insufficient wet days obs=9, model=9",True,annual,all,1.0,2.990020967741932,9,9,620,3,0,0,0,,6.780057871513089,,,,,,,,,,
QDM_NP_monthly,ACCESS-ESM1-5,500002,nonparametric,monthly,01,validation,False,"insufficient wet days obs=9, model=9",True,annual,all,1.0,2.990020967741932,9,9,434,7,0,0,0,,22.446002477421473,,,,,,,,,,
QDM_NP_monthly,ACCESS-ESM1-5,500002,nonparametric,monthly,02,calibration,False,"insufficient wet days obs=14, model=14",True,annual,all,1.0,3.145007079646018,14,14,565,4,0,0,0,,10.65300390194502,,,,,,,,,,
QDM_NP_monthly,ACCESS-ESM1-5,500002,nonparametric,monthly,02,validation,False,"insufficient wet days obs=14, model=14",True,annual,all,1.0,3.145007079646018,14,14,395,4,0,0,0,,8.712527924224828,,,,,,,,,,
QDM_NP_monthly,ACCESS-ESM1-5,500002,nonparametric,monthly,03,calibration,True,,False,monthly,03,1.0,2.461429032258065,38,38,620,38,0,0,0,,46.5,,,,,,,,,,
QDM_NP_monthly,ACCESS-ESM1-5,500002,nonparametric,monthly,03,validation,True,,False,monthly,03,1.0,2.461429032258065,38,38,434,38,0,0,0,,67.34342105263158,,,,,,,,,,
QDM_NP_monthly,ACCESS-ESM1-5,500002,nonparametric,monthly,04,calibration,True,,False,monthly,04,1.0,1.6074116666666667,121,121,600,121,0,0,0,,141.4,,,,,,,,,,
QDM_NP_monthly,ACCESS-ESM1-5,500002,nonparametric,monthly,04,validation,True,,False,monthly,04,1.0,1.6074116666666667,121,121,420,118,0,0,0,,36.72453233965725,,,,,,,,,,
QDM_NP_monthly,ACCESS-ESM1-5,500002,nonparametric,monthly,05,calibration,True,,False,monthly,05,1.0,1.8128145161290312,199,199,620,199,0,0,0,,134.2,,,,,,,,,,
QDM_NP_monthly,ACCESS-ESM1-5,500002,nonparametric,monthly,05,validation,True,,False,monthly,05,1.0,1.8128145161290312,199,199,434,128,0,0,0,,71.83939622909922,,,,,,,,,,
QDM_NP_monthly,ACCESS-ESM1-5,500002,nonparametric,monthly,06,calibration,True,,False,monthly,06,1.0,10.48876,188,188,600,188,0,0,0,,115.4,,,,,,,,,,
QDM_NP_monthly,ACCESS-ESM1-5,500002,nonparametric,monthly,06,validation,True,,False,monthly,06,1.0,10.48876,188,188,420,131,0,0,0,,296.4108910141786,,,,,,,,,,
QDM_NP_monthly,ACCESS-ESM1-5,500002,nonparametric,monthly,07,calibration,True,,False,monthly,07,1.0,7.036637096774194,275,275,620,275,0,0,0,,118.5,,,,,,,,,,
QDM_NP_monthly,ACCESS-ESM1-5,500002,nonparametric,monthly,07,validation,True,,False,monthly,07,1.0,7.036637096774194,275,275,434,214,0,0,0,,118.06030028514746,,,,,,,,,,
QDM_NP_monthly,ACCESS-ESM1-5,500002,nonparametric,monthly,08,calibration,True,,False,monthly,08,1.0,3.9963064516129037,329,329,620,329,0,0,0,,147.0,,,,,,,,,,
QDM_NP_monthly,ACCESS-ESM1-5,500002,nonparametric,monthly,08,validation,True,,False,monthly,08,1.0,3.9963064516129037,329,329,434,204,0,0,0,,170.77793439594853,,,,,,,,,,
QDM_NP_monthly,ACCESS-ESM1-5,500002,nonparametric,monthly,09,calibration,True,,False,monthly,09,1.0,6.810254999999996,249,249,600,249,0,0,0,,97.1,,,,,,,,,,
QDM_NP_monthly,ACCESS-ESM1-5,500002,nonparametric,monthly,09,validation,True,,False,monthly,09,1.0,6.810254999999996,249,249,420,156,0,0,0,,83.34187062224251,,,,,,,,,,
QDM_NP_monthly,ACCESS-ESM1-5,500002,nonparametric,monthly,10,calibration,True,,False,monthly,10,1.0,7.2883032258064535,132,132,620,132,0,0,0,,80.4,,,,,,,,,,
QDM_NP_monthly,ACCESS-ESM1-5,500002,nonparametric,monthly,10,validation,True,,False,monthly,10,1.0,7.2883032258064535,132,132,434,160,0,0,0,,79.66328473828608,,,,,,,,,,
QDM_NP_monthly,ACCESS-ESM1-5,500002,nonparametric,monthly,11,calibration,True,,False,monthly,11,1.0,5.230583333333328,50,50,600,50,0,0,0,,72.8,,,,,,,,,,
QDM_NP_monthly,ACCESS-ESM1-5,500002,nonparametric,monthly,11,validation,True,,False,monthly,11,1.0,5.230583333333328,50,50,420,40,0,0,0,,65.82988449407551,,,,,,,,,,
QDM_NP_monthly,ACCESS-ESM1-5,500002,nonparametric,monthly,12,calibration,False,"insufficient wet days obs=14, model=14",True,annual,all,1.0,2.704406451612903,14,14,620,0,0,0,0,,,,,,,,,,,,
QDM_NP_monthly,ACCESS-ESM1-5,500002,nonparametric,monthly,12,validation,False,"insufficient wet days obs=14, model=14",True,annual,all,1.0,2.704406451612903,14,14,434,2,0,0,0,,6.412385117927139,,,,,,,,,,
QDM_NP_monthly,ACCESS-ESM1-5,500003,nonparametric,monthly,01,calibration,False,"insufficient wet days obs=9, model=9",True,annual,all,1.0,3.1767145161290298,9,9,620,61,4,0,0,,17.252459016393313,,,,,,,,,,
QDM_NP_monthly,ACCESS-ESM1-5,500003,nonparametric,monthly,01,validation,False,"insufficient wet days obs=9, model=9",True,annual,all,1.0,3.1767145161290298,9,9,434,60,0,0,0,,21.483761662604056,,,,,,,,,,
QDM_NP_monthly,ACCESS-ESM1-5,500003,nonparametric,monthly,02,calibration,False,"insufficient wet days obs=19, model=19",True,annual,all,1.0,3.1448247787610626,19,19,565,88,5,0,0,,18.368522727272698,,,,,,,,,,
QDM_NP_monthly,ACCESS-ESM1-5,500003,nonparametric,monthly,02,validation,False,"insufficient wet days obs=19, model=19",True,annual,all,1.0,3.1448247787610626,19,19,395,63,3,0,0,,17.604444444444436,,,,,,,,,,
QDM_NP_monthly,ACCESS-ESM1-5,500003,nonparametric,monthly,03,calibration,True,,False,monthly,03,1.0,2.372132258064516,41,41,620,41,0,0,0,,67.2,,,,,,,,,,
QDM_NP_monthly,ACCESS-ESM1-5,500003,nonparametric,monthly,03,validation,True,,False,monthly,03,1.0,2.372132258064516,41,41,434,43,0,0,0,,111.98778625954199,,,,,,,,,,
QDM_NP_monthly,ACCESS-ESM1-5,500003,nonparametric,monthly,04,calibration,True,,False,monthly,04,1.0,1.3529866666666668,148,148,600,148,0,0,0,,76.3,,,,,,,,,,
QDM_NP_monthly,ACCESS-ESM1-5,500003,nonparametric,monthly,04,validation,True,,False,monthly,04,1.0,1.3529866666666668,148,148,420,130,0,0,0,,55.11820696420949,,,,,,,,,,
QDM_NP_monthly,ACCESS-ESM1-5,500003,nonparametric,monthly,05,calibration,True,,False,monthly,05,1.0,1.1557870967741934,244,244,620,244,0,0,0,,123.0,,,,,,,,,,
QDM_NP_monthly,ACCESS-ESM1-5,500003,nonparametric,monthly,05,validation,True,,False,monthly,05,1.0,1.1557870967741934,244,244,434,157,0,0,0,,85.66813803373888,,,,,,,,,,
QDM_NP_monthly,ACCESS-ESM1-5,500003,nonparametric,monthly,06,calibration,True,,False,monthly,06,1.0,3.3657666666666666,212,212,600,212,0,0,0,,62.8,,,,,,,,,,
QDM_NP_monthly,ACCESS-ESM1-5,500003,nonparametric,monthly,06,validation,True,,False,monthly,06,1.0,3.3657666666666666,212,212,420,157,0,0,0,,160.97756114556324,,,,,,,,,,
QDM_NP_monthly,ACCESS-ESM1-5,500003,nonparametric,monthly,07,calibration,True,,False,monthly,07,1.0,2.1217016129032253,265,265,620,265,0,0,0,,157.0,,,,,,,,,,
QDM_NP_monthly,ACCESS-ESM1-5,500003,nonparametric,monthly,07,validation,True,,False,monthly,07,1.0,2.1217016129032253,265,265,434,201,0,0,0,,147.93510811541455,,,,,,,,,,
QDM_NP_monthly,ACCESS-ESM1-5,500003,nonparametric,monthly,08,calibration,True,,False,monthly,08,1.0,1.2245483870967742,320,320,620,320,0,0,0,,181.3,,,,,,,,,,
QDM_NP_monthly,ACCESS-ESM1-5,500003,nonparametric,monthly,08,validation,True,,False,monthly,08,1.0,1.2245483870967742,320,320,434,229,0,0,0,,146.56734223490216,,,,,,,,,,
QDM_NP_monthly,ACCESS-ESM1-5,500003,nonparametric,monthly,09,calibration,True,,False,monthly,09,1.0,2.0933500000000005,270,270,600,270,0,0,0,,129.0,,,,,,,,,,
QDM_NP_monthly,ACCESS-ESM1-5,500003,nonparametric,monthly,09,validation,True,,False,monthly,09,1.0,2.0933500000000005,270,270,420,203,0,0,0,,100.43560638050585,,,,,,,,,,
QDM_NP_monthly,ACCESS-ESM1-5,500003,nonparametric,monthly,10,calibration,True,,False,monthly,10,1.0,2.148448387096777,182,182,620,182,0,0,0,,98.2,,,,,,,,,,
QDM_NP_monthly,ACCESS-ESM1-5,500003,nonparametric,monthly,10,validation,True,,False,monthly,10,1.0,2.148448387096777,182,182,434,214,0,0,0,,53.631811026293995,,,,,,,,,,
QDM_NP_monthly,ACCESS-ESM1-5,500003,nonparametric,monthly,11,calibration,True,,False,monthly,11,1.0,3.1346766666666666,58,58,600,58,0,0,0,,92.4,,,,,,,,,,
QDM_NP_monthly,ACCESS-ESM1-5,500003,nonparametric,monthly,11,validation,True,,False,monthly,11,1.0,3.1346766666666666,58,58,420,45,0,0,0,,58.803987877476686,,,,,,,,,,
QDM_NP_monthly,ACCESS-ESM1-5,500003,nonparametric,monthly,12,calibration,False,"insufficient wet days obs=13, model=13",True,annual,all,1.0,3.0558032258064496,13,13,620,60,4,0,0,,16.887500000000028,,,,,,,,,,
QDM_NP_monthly,ACCESS-ESM1-5,500003,nonparametric,monthly,12,validation,False,"insufficient wet days obs=13, model=13",True,annual,all,1.0,3.0558032258064496,13,13,434,52,1,0,0,,18.88049263522714,,,,,,,,,,
QDM_NP_monthly,ACCESS-ESM1-5,500004,nonparametric,monthly,01,calibration,False,"insufficient wet days obs=9, model=9",True,annual,all,1.0,2.990020967741932,9,9,620,3,0,0,0,,6.039832459781259,,,,,,,,,,
QDM_NP_monthly,ACCESS-ESM1-5,500004,nonparametric,monthly,01,validation,False,"insufficient wet days obs=9, model=9",True,annual,all,1.0,2.990020967741932,9,9,434,7,0,0,0,,19.510006476683934,,,,,,,,,,
QDM_NP_monthly,ACCESS-ESM1-5,500004,nonparametric,monthly,02,calibration,False,"insufficient wet days obs=22, model=22",True,annual,all,1.0,2.8349345132743364,22,22,565,4,0,0,0,,9.857864747858946,,,,,,,,,,
QDM_NP_monthly,ACCESS-ESM1-5,500004,nonparametric,monthly,02,validation,False,"insufficient wet days obs=22, model=22",True,annual,all,1.0,2.8349345132743364,22,22,395,4,0,0,0,,8.06222570455188,,,,,,,,,,
QDM_NP_monthly,ACCESS-ESM1-5,500004,nonparametric,monthly,03,calibration,True,,False,monthly,03,1.0,2.4683580645161287,37,37,620,37,0,0,0,,59.0,,,,,,,,,,
QDM_NP_monthly,ACCESS-ESM1-5,500004,nonparametric,monthly,03,validation,True,,False,monthly,03,1.0,2.4683580645161287,37,37,434,36,0,0,0,,85.43678567076887,,,,,,,,,,
QDM_NP_monthly,ACCESS-ESM1-5,500004,nonparametric,monthly,04,calibration,True,,False,monthly,04,1.0,1.5748466666666667,127,127,600,127,0,0,0,,93.5,,,,,,,,,,
QDM_NP_monthly,ACCESS-ESM1-5,500004,nonparametric,monthly,04,validation,True,,False,monthly,04,1.0,1.5748466666666667,127,127,420,123,0,0,0,,25.257212673938263,,,,,,,,,,
QDM_NP_monthly,ACCESS-ESM1-5,500004,nonparametric,monthly,05,calibration,True,,False,monthly,05,1.0,1.619838709677419,220,220,620,220,0,0,0,,89.3,,,,,,,,,,
QDM_NP_monthly,ACCESS-ESM1-5,500004,nonparametric,monthly,05,validation,True,,False,monthly,05,1.0,1.619838709677419,220,220,434,145,0,0,0,,64.75218973229195,,,,,,,,,,
QDM_NP_monthly,ACCESS-ESM1-5,500004,nonparametric,monthly,06,calibration,True,,False,monthly,06,1.0,10.799,180,180,600,180,0,0,0,,49.4,,,,,,,,,,
QDM_NP_monthly,ACCESS-ESM1-5,500004,nonparametric,monthly,06,validation,True,,False,monthly,06,1.0,10.799,180,180,420,128,0,0,0,,149.52852737548753,,,,,,,,,,
QDM_NP_monthly,ACCESS-ESM1-5,500004,nonparametric,monthly,07,calibration,True,,False,monthly,07,1.0,7.4395354838709675,262,262,620,262,0,0,0,,98.5,,,,,,,,,,
QDM_NP_monthly,ACCESS-ESM1-5,500004,nonparametric,monthly,07,validation,True,,False,monthly,07,1.0,7.4395354838709675,262,262,434,207,0,0,0,,97.56189893494502,,,,,,,,,,
QDM_NP_monthly,ACCESS-ESM1-5,500004,nonparametric,monthly,08,calibration,True,,False,monthly,08,1.0,5.59515,279,279,620,279,0,0,0,,105.2,,,,,,,,,,
QDM_NP_monthly,ACCESS-ESM1-5,500004,nonparametric,monthly,08,validation,True,,False,monthly,08,1.0,5.59515,279,279,434,171,0,0,0,,117.90841613493455,,,,,,,,,,
QDM_NP_monthly,ACCESS-ESM1-5,500004,nonparametric,monthly,09,calibration,True,,False,monthly,09,1.0,6.493693333333329,256,256,600,256,0,0,0,,107.2,,,,,,,,,,
QDM_NP_monthly,ACCESS-ESM1-5,500004,nonparametric,monthly,09,validation,True,,False,monthly,09,1.0,6.493693333333329,256,256,420,161,0,0,0,,95.0316772018758,,,,,,,,,,
QDM_NP_monthly,ACCESS-ESM1-5,500004,nonparametric,monthly,10,calibration,True,,False,monthly,10,1.0,6.04875,155,155,620,155,0,0,0,,79.3,,,,,,,,,,
QDM_NP_monthly,ACCESS-ESM1-5,500004,nonparametric,monthly,10,validation,True,,False,monthly,10,1.0,6.04875,155,155,434,190,0,0,0,,78.57336417594634,,,,,,,,,,
QDM_NP_monthly,ACCESS-ESM1-5,500004,nonparametric,monthly,11,calibration,True,,False,monthly,11,1.0,4.639615,57,57,600,57,0,0,0,,94.4,,,,,,,,,,
QDM_NP_monthly,ACCESS-ESM1-5,500004,nonparametric,monthly,11,validation,True,,False,monthly,11,1.0,4.639615,57,57,420,47,0,0,0,,80.28413479180138,,,,,,,,,,
QDM_NP_monthly,ACCESS-ESM1-5,500004,nonparametric,monthly,12,calibration,False,"insufficient wet days obs=9, model=9",True,annual,all,1.0,2.9516096774193543,9,9,620,0,0,0,0,,,,,,,,,,,,
QDM_NP_monthly,ACCESS-ESM1-5,500004,nonparametric,monthly,12,validation,False,"insufficient wet days obs=9, model=9",True,annual,all,1.0,2.9516096774193543,9,9,434,2,0,0,0,,5.2468843386829,,,,,,,,,,
QDM_NP_monthly,ACCESS-ESM1-5,500005,nonparametric,monthly,01,calibration,True,,False,monthly,01,1.0,2.1220322580645146,36,36,620,36,0,0,0,,9.5,,,,,,,,,,
QDM_NP_monthly,ACCESS-ESM1-5,500005,nonparametric,monthly,01,validation,True,,False,monthly,01,1.0,2.1220322580645146,36,36,434,32,0,0,0,,27.69696721894332,,,,,,,,,,
QDM_NP_monthly,ACCESS-ESM1-5,500005,nonparametric,monthly,02,calibration,True,,False,monthly,02,1.0,2.148375221238937,61,61,565,61,0,0,0,,10.4,,,,,,,,,,
QDM_NP_monthly,ACCESS-ESM1-5,500005,nonparametric,monthly,02,validation,True,,False,monthly,02,1.0,2.148375221238937,61,61,395,42,0,0,0,,8.857897418016261,,,,,,,,,,
QDM_NP_monthly,ACCESS-ESM1-5,500005,nonparametric,monthly,03,calibration,True,,False,monthly,03,1.0,1.5206387096774194,132,132,620,132,0,0,0,,32.3,,,,,,,,,,
QDM_NP_monthly,ACCESS-ESM1-5,500005,nonparametric,monthly,03,validation,True,,False,monthly,03,1.0,1.5206387096774194,132,132,434,113,0,0,0,,46.81285608856089,,,,,,,,,,
QDM_NP_monthly,ACCESS-ESM1-5,500005,nonparametric,monthly,04,calibration,True,,False,monthly,04,1.0,0.9512833333333333,274,274,600,274,0,0,0,,39.0,,,,,,,,,,
QDM_NP_monthly,ACCESS-ESM1-5,500005,nonparametric,monthly,04,validation,True,,False,monthly,04,1.0,0.9512833333333333,274,274,420,234,0,0,0,,13.27264054796505,,,,,,,,,,
QDM_NP_monthly,ACCESS-ESM1-5,500005,nonparametric,monthly,05,calibration,True,,False,monthly,05,1.0,0.3127193548387097,533,533,620,533,0,0,0,,42.0,,,,,,,,,,
QDM_NP_monthly,ACCESS-ESM1-5,500005,nonparametric,monthly,05,validation,True,,False,monthly,05,1.0,0.3127193548387097,533,533,434,371,0,0,0,,27.87098895118237,,,,,,,,,,
QDM_NP_monthly,ACCESS-ESM1-5,500005,nonparametric,monthly,06,calibration,True,,False,monthly,06,1.0,0.8140400000000001,536,536,600,536,0,0,0,,24.1,,,,,,,,,,
QDM_NP_monthly,ACCESS-ESM1-5,500005,nonparametric,monthly,06,validation,True,,False,monthly,06,1.0,0.8140400000000001,536,536,420,389,0,0,0,,73.41922892530454,,,,,,,,,,
QDM_NP_monthly,ACCESS-ESM1-5,500005,nonparametric,monthly,07,calibration,True,,False,monthly,07,1.0,0.7136935483870968,582,582,620,582,0,0,0,,38.6,,,,,,,,,,
QDM_NP_monthly,ACCESS-ESM1-5,500005,nonparametric,monthly,07,validation,True,,False,monthly,07,1.0,0.7136935483870968,582,582,434,396,0,0,0,,39.21645749743029,,,,,,,,,,
QDM_NP_monthly,ACCESS-ESM1-5,500005,nonparametric,monthly,08,calibration,True,,False,monthly,08,1.0,0.3496016129032257,601,601,620,601,0,0,0,,48.3,,,,,,,,,,
QDM_NP_monthly,ACCESS-ESM1-5,500005,nonparametric,monthly,08,validation,True,,False,monthly,08,1.0,0.3496016129032257,601,601,434,425,0,0,0,,54.32829577695076,,,,,,,,,,
QDM_NP_monthly,ACCESS-ESM1-5,500005,nonparametric,monthly,09,calibration,True,,False,monthly,09,1.0,0.5289583333333333,575,575,600,575,0,0,0,,47.1,,,,,,,,,,
QDM_NP_monthly,ACCESS-ESM1-5,500005,nonparametric,monthly,09,validation,True,,False,monthly,09,1.0,0.5289583333333333,575,575,420,400,0,0,0,,41.41339898585804,,,,,,,,,,
QDM_NP_monthly,ACCESS-ESM1-5,500005,nonparametric,monthly,10,calibration,True,,False,monthly,10,1.0,0.6008274193548387,513,513,620,513,0,0,0,,35.1,,,,,,,,,,
QDM_NP_monthly,ACCESS-ESM1-5,500005,nonparametric,monthly,10,validation,True,,False,monthly,10,1.0,0.6008274193548387,513,513,434,396,0,0,0,,42.96782329527054,,,,,,,,,,
QDM_NP_monthly,ACCESS-ESM1-5,500005,nonparametric,monthly,11,calibration,True,,False,monthly,11,1.0,1.1966933333333327,256,256,600,256,0,0,0,,40.1,,,,,,,,,,
QDM_NP_monthly,ACCESS-ESM1-5,500005,nonparametric,monthly,11,validation,True,,False,monthly,11,1.0,1.1966933333333327,256,256,420,206,0,0,0,,33.93259027749782,,,,,,,,,,
QDM_NP_monthly,ACCESS-ESM1-5,500005,nonparametric,monthly,12,calibration,True,,False,monthly,12,1.0,1.6578467741935485,75,75,620,75,0,0,0,,33.6,,,,,,,,,,
QDM_NP_monthly,ACCESS-ESM1-5,500005,nonparametric,monthly,12,validation,True,,False,monthly,12,1.0,1.6578467741935485,75,75,434,74,0,0,0,,41.29983133754577,,,,,,,,,,
QDM_NP_monthly,ACCESS-ESM1-5,500006,nonparametric,monthly,01,calibration,True,,False,monthly,01,1.0,2.081161290322582,40,40,620,40,0,0,0,,9.0,,,,,,,,,,
QDM_NP_monthly,ACCESS-ESM1-5,500006,nonparametric,monthly,01,validation,True,,False,monthly,01,1.0,2.081161290322582,40,40,434,35,0,0,0,,26.446027809399904,,,,,,,,,,
QDM_NP_monthly,ACCESS-ESM1-5,500006,nonparametric,monthly,02,calibration,True,,False,monthly,02,1.0,2.1451097345132744,62,62,565,62,0,0,0,,9.6,,,,,,,,,,
QDM_NP_monthly,ACCESS-ESM1-5,500006,nonparametric,monthly,02,validation,True,,False,monthly,02,1.0,2.1451097345132744,62,62,395,43,0,0,0,,8.29371639950678,,,,,,,,,,
QDM_NP_monthly,ACCESS-ESM1-5,500006,nonparametric,monthly,03,calibration,True,,False,monthly,03,1.0,1.5104354838709677,135,135,620,135,0,0,0,,30.1,,,,,,,,,,
QDM_NP_monthly,ACCESS-ESM1-5,500006,nonparametric,monthly,03,validation,True,,False,monthly,03,1.0,1.5104354838709677,135,135,434,114,0,0,0,,43.60074159639599,,,,,,,,,,
QDM_NP_monthly,ACCESS-ESM1-5,500006,nonparametric,monthly,04,calibration,True,,False,monthly,04,1.0,0.9109466666666667,284,284,600,284,0,0,0,,34.2,,,,,,,,,,
QDM_NP_monthly,ACCESS-ESM1-5,500006,nonparametric,monthly,04,validation,True,,False,monthly,04,1.0,0.9109466666666667,284,284,420,241,0,0,0,,12.893844611108914,,,,,,,,,,
QDM_NP_monthly,ACCESS-ESM1-5,500006,nonparametric,monthly,05,calibration,True,,False,monthly,05,1.0,0.306,536,535,620,535,0,0,0,,46.089065420560786,,,,,,,,,,
QDM_NP_monthly,ACCESS-ESM1-5,500006,nonparametric,monthly,05,validation,True,,False,monthly,05,1.0,0.306,536,535,434,371,0,0,0,,25.528265024272972,,,,,,,,,,
QDM_NP_monthly,ACCESS-ESM1-5,500006,nonparametric,monthly,06,calibration,True,,False,monthly,06,1.0,0.7396233333333337,541,541,600,541,0,0,0,,24.3,,,,,,,,,,
QDM_NP_monthly,ACCESS-ESM1-5,500006,nonparametric,monthly,06,validation,True,,False,monthly,06,1.0,0.7396233333333337,541,541,420,394,0,0,0,,66.75984714097122,,,,,,,,,,
QDM_NP_monthly,ACCESS-ESM1-5,500006,nonparametric,monthly,07,calibration,True,,False,monthly,07,1.0,0.6944354838709673,585,585,620,585,0,0,0,,36.3,,,,,,,,,,
QDM_NP_monthly,ACCESS-ESM1-5,500006,nonparametric,monthly,07,validation,True,,False,monthly,07,1.0,0.6944354838709673,585,585,434,398,0,0,0,,36.113805665069556,,,,,,,,,,
QDM_NP_monthly,ACCESS-ESM1-5,500006,nonparametric,monthly,08,calibration,True,,False,monthly,08,1.0,0.33558870967741977,603,603,620,603,0,0,0,,43.4,,,,,,,,,,
QDM_NP_monthly,ACCESS-ESM1-5,500006,nonparametric,monthly,08,validation,True,,False,monthly,08,1.0,0.33558870967741977,603,603,434,425,0,0,0,,48.96906212395074,,,,,,,,,,
QDM_NP_monthly,ACCESS-ESM1-5,500006,nonparametric,monthly,09,calibration,True,,False,monthly,09,1.0,0.41328000000000037,582,582,600,582,0,0,0,,42.8,,,,,,,,,,
QDM_NP_monthly,ACCESS-ESM1-5,500006,nonparametric,monthly,09,validation,True,,False,monthly,09,1.0,0.41328000000000037,582,582,420,403,0,0,0,,36.70562939285929,,,,,,,,,,
QDM_NP_monthly,ACCESS-ESM1-5,500006,nonparametric,monthly,10,calibration,True,,False,monthly,10,1.0,0.5225306451612904,523,523,620,523,0,0,0,,34.1,,,,,,,,,,
QDM_NP_monthly,ACCESS-ESM1-5,500006,nonparametric,monthly,10,validation,True,,False,monthly,10,1.0,0.5225306451612904,523,523,434,400,0,0,0,,40.0598212946562,,,,,,,,,,
QDM_NP_monthly,ACCESS-ESM1-5,500006,nonparametric,monthly,11,calibration,True,,False,monthly,11,1.0,1.1211266666666666,268,268,600,268,0,0,0,,35.3,,,,,,,,,,
QDM_NP_monthly,ACCESS-ESM1-5,500006,nonparametric,monthly,11,validation,True,,False,monthly,11,1.0,1.1211266666666666,268,268,420,216,0,0,0,,30.350319274275254,,,,,,,,,,
QDM_NP_monthly,ACCESS-ESM1-5,500006,nonparametric,monthly,12,calibration,True,,False,monthly,12,1.0,1.632522580645161,81,81,620,81,0,0,0,,29.5,,,,,,,,,,
QDM_NP_monthly,ACCESS-ESM1-5,500006,nonparametric,monthly,12,validation,True,,False,monthly,12,1.0,1.632522580645161,81,81,434,75,0,0,0,,36.00137392290662,,,,,,,,,,
QDM_NP_monthly,ACCESS-ESM1-5,500007,nonparametric,monthly,01,calibration,True,,False,monthly,01,1.0,2.324014516129031,37,37,620,37,0,0,0,,42.6,,,,,,,,,,
QDM_NP_monthly,ACCESS-ESM1-5,500007,nonparametric,monthly,01,validation,True,,False,monthly,01,1.0,2.324014516129031,37,37,434,41,0,0,0,,81.98125000000002,,,,,,,,,,
QDM_NP_monthly,ACCESS-ESM1-5,500007,nonparametric,monthly,02,calibration,True,,False,monthly,02,1.0,2.3100035398230085,63,63,565,63,0,0,0,,22.0,,,,,,,,,,
QDM_NP_monthly,ACCESS-ESM1-5,500007,nonparametric,monthly,02,validation,True,,False,monthly,02,1.0,2.3100035398230085,63,63,395,39,0,0,0,,38.1805164866475,,,,,,,,,,
QDM_NP_monthly,ACCESS-ESM1-5,500007,nonparametric,monthly,03,calibration,True,,False,monthly,03,1.0,1.5951854838709676,115,115,620,115,0,0,0,,41.2,,,,,,,,,,
QDM_NP_monthly,ACCESS-ESM1-5,500007,nonparametric,monthly,03,validation,True,,False,monthly,03,1.0,1.5951854838709676,115,115,434,111,0,0,0,,70.46439471465449,,,,,,,,,,
QDM_NP_monthly,ACCESS-ESM1-5,500007,nonparametric,monthly,04,calibration,True,,False,monthly,04,1.0,0.9584233333333333,254,254,600,254,0,0,0,,38.8,,,,,,,,,,
QDM_NP_monthly,ACCESS-ESM1-5,500007,nonparametric,monthly,04,validation,True,,False,monthly,04,1.0,0.9584233333333333,254,254,420,211,0,0,0,,28.627593184113323,,,,,,,,,,
QDM_NP_monthly,ACCESS-ESM1-5,500007,nonparametric,monthly,05,calibration,True,,False,monthly,05,1.0,0.512,488,486,620,486,0,0,0,,115.44650205761387,,,,,,,,,,
QDM_NP_monthly,ACCESS-ESM1-5,500007,nonparametric,monthly,05,validation,True,,False,monthly,05,1.0,0.512,488,486,434,302,0,0,0,,50.21157476787193,,,,,,,,,,
QDM_NP_monthly,ACCESS-ESM1-5,500007,nonparametric,monthly,06,calibration,True,,False,monthly,06,1.0,0.5904900000000001,498,498,600,498,0,0,0,,22.5,,,,,,,,,,
QDM_NP_monthly,ACCESS-ESM1-5,500007,nonparametric,monthly,06,validation,True,,False,monthly,06,1.0,0.5904900000000001,498,498,420,378,0,0,0,,56.10446162661834,,,,,,,,,,
QDM_NP_monthly,ACCESS-ESM1-5,500007,nonparametric,monthly,07,calibration,True,,False,monthly,07,1.0,0.7301000000000001,527,527,620,527,0,0,0,,30.2,,,,,,,,,,
QDM_NP_monthly,ACCESS-ESM1-5,500007,nonparametric,monthly,07,validation,True,,False,monthly,07,1.0,0.7301000000000001,527,527,434,368,0,0,0,,28.374563538883738,,,,,,,,,,
QDM_NP_monthly,ACCESS-ESM1-5,500007,nonparametric,monthly,08,calibration,True,,False,monthly,08,1.0,0.30892419354838707,573,573,620,573,0,0,0,,30.1,,,,,,,,,,
QDM_NP_monthly,ACCESS-ESM1-5,500007,nonparametric,monthly,08,validation,True,,False,monthly,08,1.0,0.30892419354838707,573,573,434,411,0,0,0,,25.213808537167527,,,,,,,,,,
QDM_NP_monthly,ACCESS-ESM1-5,500007,nonparametric,monthly,09,calibration,True,,False,monthly,09,1.0,0.4340999999999997,555,555,600,555,0,0,0,,37.0,,,,,,,,,,
QDM_NP_monthly,ACCESS-ESM1-5,500007,nonparametric,monthly,09,validation,True,,False,monthly,09,1.0,0.4340999999999997,555,555,420,393,0,0,0,,37.08594077713233,,,,,,,,,,
QDM_NP_monthly,ACCESS-ESM1-5,500007,nonparametric,monthly,10,calibration,True,,False,monthly,10,1.0,0.5003661290322581,489,489,620,489,0,0,0,,146.5,,,,,,,,,,
QDM_NP_monthly,ACCESS-ESM1-5,500007,nonparametric,monthly,10,validation,True,,False,monthly,10,1.0,0.5003661290322581,489,489,434,388,0,0,0,,87.78945158358528,,,,,,,,,,
QDM_NP_monthly,ACCESS-ESM1-5,500007,nonparametric,monthly,11,calibration,True,,False,monthly,11,1.0,1.2928333333333333,220,220,600,220,0,0,0,,118.3,,,,,,,,,,
QDM_NP_monthly,ACCESS-ESM1-5,500007,nonparametric,monthly,11,validation,True,,False,monthly,11,1.0,1.2928333333333333,220,220,420,194,0,0,0,,85.15313531353145,,,,,,,,,,
QDM_NP_monthly,ACCESS-ESM1-5,500007,nonparametric,monthly,12,calibration,True,,False,monthly,12,1.0,2.0235967741935488,55,55,620,55,0,0,0,,18.9,,,,,,,,,,
QDM_NP_monthly,ACCESS-ESM1-5,500007,nonparametric,monthly,12,validation,True,,False,monthly,12,1.0,2.0235967741935488,55,55,434,49,0,0,0,,46.74405687024446,,,,,,,,,,
QDM_NP_monthly,ACCESS-ESM1-5,500008,nonparametric,monthly,01,calibration,True,,False,monthly,01,1.0,2.1401645161290324,51,51,620,51,0,0,0,,6.2,,,,,,,,,,
QDM_NP_monthly,ACCESS-ESM1-5,500008,nonparametric,monthly,01,validation,True,,False,monthly,01,1.0,2.1401645161290324,51,51,434,52,0,0,0,,11.931543427230048,,,,,,,,,,
QDM_NP_monthly,ACCESS-ESM1-5,500008,nonparametric,monthly,02,calibration,True,,False,monthly,02,1.0,2.259116814159292,66,66,565,66,0,0,0,,12.7,,,,,,,,,,
QDM_NP_monthly,ACCESS-ESM1-5,500008,nonparametric,monthly,02,validation,True,,False,monthly,02,1.0,2.259116814159292,66,66,395,44,0,0,0,,20.9423812513078,,,,,,,,,,
QDM_NP_monthly,ACCESS-ESM1-5,500008,nonparametric,monthly,03,calibration,True,,False,monthly,03,1.0,1.4644709677419354,146,146,620,146,0,0,0,,25.1,,,,,,,,,,
QDM_NP_monthly,ACCESS-ESM1-5,500008,nonparametric,monthly,03,validation,True,,False,monthly,03,1.0,1.4644709677419354,146,146,434,131,0,0,0,,42.02383379428141,,,,,,,,,,
QDM_NP_monthly,ACCESS-ESM1-5,500008,nonparametric,monthly,04,calibration,True,,False,monthly,04,1.0,0.7325383333333333,323,323,600,323,0,0,0,,23.8,,,,,,,,,,
QDM_NP_monthly,ACCESS-ESM1-5,500008,nonparametric,monthly,04,validation,True,,False,monthly,04,1.0,0.7325383333333333,323,323,420,264,0,0,0,,17.08741079737405,,,,,,,,,,
QDM_NP_monthly,ACCESS-ESM1-5,500008,nonparametric,monthly,05,calibration,True,,False,monthly,05,1.0,0.25971451612903235,561,561,620,561,0,0,0,,68.0,,,,,,,,,,
QDM_NP_monthly,ACCESS-ESM1-5,500008,nonparametric,monthly,05,validation,True,,False,monthly,05,1.0,0.25971451612903235,561,561,434,370,0,0,0,,30.97124417173178,,,,,,,,,,
QDM_NP_monthly,ACCESS-ESM1-5,500008,nonparametric,monthly,06,calibration,True,,False,monthly,06,1.0,0.2608599999999999,558,558,600,558,0,0,0,,29.7,,,,,,,,,,
QDM_NP_monthly,ACCESS-ESM1-5,500008,nonparametric,monthly,06,validation,True,,False,monthly,06,1.0,0.2608599999999999,558,558,420,405,0,0,0,,54.28362848896475,,,,,,,,,,
QDM_NP_monthly,ACCESS-ESM1-5,500008,nonparametric,monthly,07,calibration,True,,False,monthly,07,1.0,0.30063225806451604,601,601,620,601,0,0,0,,21.7,,,,,,,,,,
QDM_NP_monthly,ACCESS-ESM1-5,500008,nonparametric,monthly,07,validation,True,,False,monthly,07,1.0,0.30063225806451604,601,601,434,415,0,0,0,,20.450298604364555,,,,,,,,,,
QDM_NP_monthly,ACCESS-ESM1-5,500008,nonparametric,monthly,08,calibration,True,,False,monthly,08,1.0,0.1334677419354836,610,610,620,610,0,0,0,,30.6,,,,,,,,,,
QDM_NP_monthly,ACCESS-ESM1-5,500008,nonparametric,monthly,08,validation,True,,False,monthly,08,1.0,0.1334677419354836,610,610,434,427,0,0,0,,25.22374398693235,,,,,,,,,,
QDM_NP_monthly,ACCESS-ESM1-5,500008,nonparametric,monthly,09,calibration,True,,False,monthly,09,1.0,0.08988500000000006,597,597,600,597,0,0,0,,30.2,,,,,,,,,,
QDM_NP_monthly,ACCESS-ESM1-5,500008,nonparametric,monthly,09,validation,True,,False,monthly,09,1.0,0.08988500000000006,597,597,420,414,0,0,0,,32.54950188809357,,,,,,,,,,
QDM_NP_monthly,ACCESS-ESM1-5,500008,nonparametric,monthly,10,calibration,True,,False,monthly,10,1.0,0.28639032258064495,557,557,620,557,0,0,0,,47.9,,,,,,,,,,
QDM_NP_monthly,ACCESS-ESM1-5,500008,nonparametric,monthly,10,validation,True,,False,monthly,10,1.0,0.28639032258064495,557,557,434,406,0,0,0,,31.52620874470431,,,,,,,,,,
QDM_NP_monthly,ACCESS-ESM1-5,500008,nonparametric,monthly,11,calibration,True,,False,monthly,11,1.0,0.738,338,336,600,336,0,0,0,,43.56279761904744,,,,,,,,,,
QDM_NP_monthly,ACCESS-ESM1-5,500008,nonparametric,monthly,11,validation,True,,False,monthly,11,1.0,0.738,338,336,420,287,0,0,0,,27.587473505077032,,,,,,,,,,
QDM_NP_monthly,ACCESS-ESM1-5,500008,nonparametric,monthly,12,calibration,True,,False,monthly,12,1.0,1.3424225806451613,147,147,620,147,0,0,0,,11.1,,,,,,,,,,
QDM_NP_monthly,ACCESS-ESM1-5,500008,nonparametric,monthly,12,validation,True,,False,monthly,12,1.0,1.3424225806451613,147,147,434,124,0,0,0,,27.32912454007217,,,,,,,,,,
QDM_NP_monthly,ACCESS-ESM1-5,500009,nonparametric,monthly,01,calibration,True,,False,monthly,01,1.0,2.2398451612903236,44,44,620,44,0,0,0,,16.7,,,,,,,,,,
QDM_NP_monthly,ACCESS-ESM1-5,500009,nonparametric,monthly,01,validation,True,,False,monthly,01,1.0,2.2398451612903236,44,44,434,45,0,0,0,,32.138189553990614,,,,,,,,,,
QDM_NP_monthly,ACCESS-ESM1-5,500009,nonparametric,monthly,02,calibration,True,,False,monthly,02,1.0,2.3100035398230085,63,63,565,63,0,0,0,,16.0,,,,,,,,,,
QDM_NP_monthly,ACCESS-ESM1-5,500009,nonparametric,monthly,02,validation,True,,False,monthly,02,1.0,2.3100035398230085,63,63,395,39,0,0,0,,24.02552386872849,,,,,,,,,,
QDM_NP_monthly,ACCESS-ESM1-5,500009,nonparametric,monthly,03,calibration,True,,False,monthly,03,1.0,1.5422096774193548,130,130,620,130,0,0,0,,17.7,,,,,,,,,,
QDM_NP_monthly,ACCESS-ESM1-5,500009,nonparametric,monthly,03,validation,True,,False,monthly,03,1.0,1.5422096774193548,130,130,434,118,0,0,0,,32.05488769568789,,,,,,,,,,
QDM_NP_monthly,ACCESS-ESM1-5,500009,nonparametric,monthly,04,calibration,True,,False,monthly,04,1.0,0.8084950000000001,297,297,600,297,0,0,0,,25.1,,,,,,,,,,
QDM_NP_monthly,ACCESS-ESM1-5,500009,nonparametric,monthly,04,validation,True,,False,monthly,04,1.0,0.8084950000000001,297,297,420,251,0,0,0,,18.390481055684514,,,,,,,,,,
QDM_NP_monthly,ACCESS-ESM1-5,500009,nonparametric,monthly,05,calibration,True,,False,monthly,05,1.0,0.329,541,539,620,539,0,0,0,,48.791836734693995,,,,,,,,,,
QDM_NP_monthly,ACCESS-ESM1-5,500009,nonparametric,monthly,05,validation,True,,False,monthly,05,1.0,0.329,541,539,434,347,0,0,0,,32.44298139184207,,,,,,,,,,
QDM_NP_monthly,ACCESS-ESM1-5,500009,nonparametric,monthly,06,calibration,True,,False,monthly,06,1.0,0.3069116666666667,547,547,600,547,0,0,0,,22.8,,,,,,,,,,
QDM_NP_monthly,ACCESS-ESM1-5,500009,nonparametric,monthly,06,validation,True,,False,monthly,06,1.0,0.3069116666666667,547,547,420,402,0,0,0,,59.080718068168245,,,,,,,,,,
QDM_NP_monthly,ACCESS-ESM1-5,500009,nonparametric,monthly,07,calibration,True,,False,monthly,07,1.0,0.3559096774193548,592,592,620,592,0,0,0,,43.4,,,,,,,,,,
QDM_NP_monthly,ACCESS-ESM1-5,500009,nonparametric,monthly,07,validation,True,,False,monthly,07,1.0,0.3559096774193548,592,592,434,411,0,0,0,,38.42396707895875,,,,,,,,,,
QDM_NP_monthly,ACCESS-ESM1-5,500009,nonparametric,monthly,08,calibration,True,,False,monthly,08,1.0,0.18367096774193578,603,603,620,603,0,0,0,,40.2,,,,,,,,,,
QDM_NP_monthly,ACCESS-ESM1-5,500009,nonparametric,monthly,08,validation,True,,False,monthly,08,1.0,0.18367096774193578,603,603,434,422,0,0,0,,32.69432901296188,,,,,,,,,,
QDM_NP_monthly,ACCESS-ESM1-5,500009,nonparametric,monthly,09,calibration,True,,False,monthly,09,1.0,0.20095666666666662,587,587,600,587,0,0,0,,31.5,,,,,,,,,,
QDM_NP_monthly,ACCESS-ESM1-5,500009,nonparametric,monthly,09,validation,True,,False,monthly,09,1.0,0.20095666666666662,587,587,420,407,0,0,0,,34.03613967851618,,,,,,,,,,
QDM_NP_monthly,ACCESS-ESM1-5,500009,nonparametric,monthly,10,calibration,True,,False,monthly,10,1.0,0.3777258064516129,535,535,620,535,0,0,0,,39.9,,,,,,,,,,
QDM_NP_monthly,ACCESS-ESM1-5,500009,nonparametric,monthly,10,validation,True,,False,monthly,10,1.0,0.3777258064516129,535,535,434,395,0,0,0,,27.7187241857648,,,,,,,,,,
QDM_NP_monthly,ACCESS-ESM1-5,500009,nonparametric,monthly,11,calibration,True,,False,monthly,11,1.0,0.9164183333333334,293,293,600,293,0,0,0,,25.4,,,,,,,,,,
QDM_NP_monthly,ACCESS-ESM1-5,500009,nonparametric,monthly,11,validation,True,,False,monthly,11,1.0,0.9164183333333334,293,293,420,255,0,0,0,,18.772933643661244,,,,,,,,,,
QDM_NP_monthly,ACCESS-ESM1-5,500009,nonparametric,monthly,12,calibration,True,,False,monthly,12,1.0,1.5856064516129045,101,101,620,101,0,0,0,,12.4,,,,,,,,,,
QDM_NP_monthly,ACCESS-ESM1-5,500009,nonparametric,monthly,12,validation,True,,False,monthly,12,1.0,1.5856064516129045,101,101,434,85,0,0,0,,30.8739882587246,,,,,,,,,,
QDM_NP_monthly,ACCESS-ESM1-5,500201,nonparametric,monthly,01,calibration,True,,False,monthly,01,1.0,2.2205999999999984,32,32,620,32,0,0,0,,87.2,,,,,,,,,,
QDM_NP_monthly,ACCESS-ESM1-5,500201,nonparametric,monthly,01,validation,True,,False,monthly,01,1.0,2.2205999999999984,32,32,434,30,0,0,0,,254.50024982966153,,,,,,,,,,
QDM_NP_monthly,ACCESS-ESM1-5,500201,nonparametric,monthly,02,calibration,True,,False,monthly,02,1.0,2.3422548672566377,49,49,565,49,0,0,0,,43.3,,,,,,,,,,
QDM_NP_monthly,ACCESS-ESM1-5,500201,nonparametric,monthly,02,validation,True,,False,monthly,02,1.0,2.3422548672566377,49,49,395,34,0,0,0,,42.723609619555035,,,,,,,,,,
QDM_NP_monthly,ACCESS-ESM1-5,500201,nonparametric,monthly,03,calibration,True,,False,monthly,03,1.0,2.0918645161290326,68,68,620,68,0,0,0,,79.0,,,,,,,,,,
QDM_NP_monthly,ACCESS-ESM1-5,500201,nonparametric,monthly,03,validation,True,,False,monthly,03,1.0,2.0918645161290326,68,68,434,57,0,0,0,,113.82300423565654,,,,,,,,,,
QDM_NP_monthly,ACCESS-ESM1-5,500201,nonparametric,monthly,04,calibration,True,,False,monthly,04,1.0,1.8047766666666665,82,82,600,82,0,0,0,,65.3,,,,,,,,,,
QDM_NP_monthly,ACCESS-ESM1-5,500201,nonparametric,monthly,04,validation,True,,False,monthly,04,1.0,1.8047766666666665,82,82,420,90,0,0,0,,26.87610326088663,,,,,,,,,,
QDM_NP_monthly,ACCESS-ESM1-5,500201,nonparametric,monthly,05,calibration,True,,False,monthly,05,1.0,1.9168806451612905,182,182,620,182,0,0,0,,197.3,,,,,,,,,,
QDM_NP_monthly,ACCESS-ESM1-5,500201,nonparametric,monthly,05,validation,True,,False,monthly,05,1.0,1.9168806451612905,182,182,434,124,0,0,0,,80.29349239009728,,,,,,,,,,
QDM_NP_monthly,ACCESS-ESM1-5,500201,nonparametric,monthly,06,calibration,True,,False,monthly,06,1.0,9.448741666666665,205,205,600,205,0,0,0,,43.7,,,,,,,,,,
QDM_NP_monthly,ACCESS-ESM1-5,500201,nonparametric,monthly,06,validation,True,,False,monthly,06,1.0,9.448741666666665,205,205,420,143,0,0,0,,119.6346559809653,,,,,,,,,,
QDM_NP_monthly,ACCESS-ESM1-5,500201,nonparametric,monthly,07,calibration,True,,False,monthly,07,1.0,8.892941935483881,228,228,620,228,0,0,0,,52.2,,,,,,,,,,
QDM_NP_monthly,ACCESS-ESM1-5,500201,nonparametric,monthly,07,validation,True,,False,monthly,07,1.0,8.892941935483881,228,228,434,188,0,0,0,,51.119201270151436,,,,,,,,,,
QDM_NP_monthly,ACCESS-ESM1-5,500201,nonparametric,monthly,08,calibration,True,,False,monthly,08,1.0,6.740199999999999,248,248,620,248,0,0,0,,41.8,,,,,,,,,,
QDM_NP_monthly,ACCESS-ESM1-5,500201,nonparametric,monthly,08,validation,True,,False,monthly,08,1.0,6.740199999999999,248,248,434,154,0,0,0,,48.92120029018846,,,,,,,,,,
QDM_NP_monthly,ACCESS-ESM1-5,500201,nonparametric,monthly,09,calibration,True,,False,monthly,09,1.0,7.9732400000000005,216,216,600,216,0,0,0,,57.5,,,,,,,,,,
QDM_NP_monthly,ACCESS-ESM1-5,500201,nonparametric,monthly,09,validation,True,,False,monthly,09,1.0,7.9732400000000005,216,216,420,138,0,0,0,,44.72422543203745,,,,,,,,,,
QDM_NP_monthly,ACCESS-ESM1-5,500201,nonparametric,monthly,10,calibration,True,,False,monthly,10,1.0,2.93919193548387,257,257,620,257,0,0,0,,296.9,,,,,,,,,,
QDM_NP_monthly,ACCESS-ESM1-5,500201,nonparametric,monthly,10,validation,True,,False,monthly,10,1.0,2.93919193548387,257,257,434,273,0,0,0,,294.179468144243,,,,,,,,,,
QDM_NP_monthly,ACCESS-ESM1-5,500201,nonparametric,monthly,11,calibration,True,,False,monthly,11,1.0,2.1115800000000005,129,129,600,129,0,0,0,,240.1,,,,,,,,,,
QDM_NP_monthly,ACCESS-ESM1-5,500201,nonparametric,monthly,11,validation,True,,False,monthly,11,1.0,2.1115800000000005,129,129,420,127,0,0,0,,205.6679701250868,,,,,,,,,,
QDM_NP_monthly,ACCESS-ESM1-5,500201,nonparametric,monthly,12,calibration,False,"insufficient wet days obs=23, model=23",True,annual,all,1.0,2.3201854838709672,23,23,620,3,0,0,0,,4.205739597568446,,,,,,,,,,
QDM_NP_monthly,ACCESS-ESM1-5,500201,nonparametric,monthly,12,validation,False,"insufficient wet days obs=23, model=23",True,annual,all,1.0,2.3201854838709672,23,23,434,2,0,0,0,,4.453663647715692,,,,,,,,,,
QDM_NP_monthly,ACCESS-ESM1-5,500202,nonparametric,monthly,01,calibration,False,"insufficient wet days obs=17, model=17",True,annual,all,1.0,2.780438709677419,17,17,620,44,3,0,0,,16.988863636363636,,,,,,,,,,
QDM_NP_monthly,ACCESS-ESM1-5,500202,nonparametric,monthly,01,validation,False,"insufficient wet days obs=17, model=17",True,annual,all,1.0,2.780438709677419,17,17,434,45,0,0,0,,24.22996058265453,,,,,,,,,,
QDM_NP_monthly,ACCESS-ESM1-5,500202,nonparametric,monthly,02,calibration,False,"insufficient wet days obs=27, model=27",True,annual,all,1.0,2.888047787610619,27,27,565,69,4,0,0,,20.74057971014492,,,,,,,,,,
QDM_NP_monthly,ACCESS-ESM1-5,500202,nonparametric,monthly,02,validation,False,"insufficient wet days obs=27, model=27",True,annual,all,1.0,2.888047787610619,27,27,395,44,0,0,0,,19.247724760623445,,,,,,,,,,
QDM_NP_monthly,ACCESS-ESM1-5,500202,nonparametric,monthly,03,calibration,True,,False,monthly,03,1.0,2.534096774193553,30,30,620,30,0,0,0,,176.0,,,,,,,,,,
QDM_NP_monthly,ACCESS-ESM1-5,500202,nonparametric,monthly,03,validation,True,,False,monthly,03,1.0,2.534096774193553,30,30,434,36,0,0,0,,293.30134496546714,,,,,,,,,,
QDM_NP_monthly,ACCESS-ESM1-5,500202,nonparametric,monthly,04,calibration,True,,False,monthly,04,1.0,1.903105,63,63,600,63,0,0,0,,51.9,,,,,,,,,,
QDM_NP_monthly,ACCESS-ESM1-5,500202,nonparametric,monthly,04,validation,True,,False,monthly,04,1.0,1.903105,63,63,420,50,0,0,0,,38.31205065036878,,,,,,,,,,
QDM_NP_monthly,ACCESS-ESM1-5,500202,nonparametric,monthly,05,calibration,True,,False,monthly,05,1.0,1.348,186,185,620,185,0,0,0,,224.89648648648722,,,,,,,,,,
QDM_NP_monthly,ACCESS-ESM1-5,500202,nonparametric,monthly,05,validation,True,,False,monthly,05,1.0,1.348,186,185,434,114,0,0,0,,96.76417352816,,,,,,,,,,
QDM_NP_monthly,ACCESS-ESM1-5,500202,nonparametric,monthly,06,calibration,True,,False,monthly,06,1.0,4.044159999999999,192,192,600,192,0,0,0,,53.4,,,,,,,,,,
QDM_NP_monthly,ACCESS-ESM1-5,500202,nonparametric,monthly,06,validation,True,,False,monthly,06,1.0,4.044159999999999,192,192,420,138,0,0,0,,122.39720145262463,,,,,,,,,,
QDM_NP_monthly,ACCESS-ESM1-5,500202,nonparametric,monthly,07,calibration,True,,False,monthly,07,1.0,3.0696612903225806,206,206,620,206,0,0,0,,85.8,,,,,,,,,,
QDM_NP_monthly,ACCESS-ESM1-5,500202,nonparametric,monthly,07,validation,True,,False,monthly,07,1.0,3.0696612903225806,206,206,434,167,0,0,0,,79.78023300571815,,,,,,,,,,
QDM_NP_monthly,ACCESS-ESM1-5,500202,nonparametric,monthly,08,calibration,True,,False,monthly,08,1.0,2.148258064516129,200,200,620,200,0,0,0,,52.5,,,,,,,,,,
QDM_NP_monthly,ACCESS-ESM1-5,500202,nonparametric,monthly,08,validation,True,,False,monthly,08,1.0,2.148258064516129,200,200,434,146,0,0,0,,44.35615505996894,,,,,,,,,,
QDM_NP_monthly,ACCESS-ESM1-5,500202,nonparametric,monthly,09,calibration,True,,False,monthly,09,1.0,2.4428466666666666,244,244,600,244,0,0,0,,104.5,,,,,,,,,,
QDM_NP_monthly,ACCESS-ESM1-5,500202,nonparametric,monthly,09,validation,True,,False,monthly,09,1.0,2.4428466666666666,244,244,420,187,0,0,0,,83.84593311384204,,,,,,,,,,
QDM_NP_monthly,ACCESS-ESM1-5,500202,nonparametric,monthly,10,calibration,True,,False,monthly,10,1.0,1.468209677419355,250,250,620,250,0,0,0,,152.0,,,,,,,,,,
QDM_NP_monthly,ACCESS-ESM1-5,500202,nonparametric,monthly,10,validation,True,,False,monthly,10,1.0,1.468209677419355,250,250,434,263,0,0,0,,132.02473244288709,,,,,,,,,,
QDM_NP_monthly,ACCESS-ESM1-5,500202,nonparametric,monthly,11,calibration,True,,False,monthly,11,1.0,1.9019300000000003,131,131,600,131,0,0,0,,298.5,,,,,,,,,,
QDM_NP_monthly,ACCESS-ESM1-5,500202,nonparametric,monthly,11,validation,True,,False,monthly,11,1.0,1.9019300000000003,131,131,420,112,0,0,0,,178.3367090062345,,,,,,,,,,
QDM_NP_monthly,ACCESS-ESM1-5,500202,nonparametric,monthly,12,calibration,False,"insufficient wet days obs=13, model=13",True,annual,all,1.0,3.0558032258064496,13,13,620,40,3,0,0,,16.04500000000004,,,,,,,,,,
QDM_NP_monthly,ACCESS-ESM1-5,500202,nonparametric,monthly,12,validation,False,"insufficient wet days obs=13, model=13",True,annual,all,1.0,3.0558032258064496,13,13,434,39,1,0,0,,19.74807092764545,,,,,,,,,,
QDM_NP_monthly,ACCESS-ESM1-5,500301,nonparametric,monthly,01,calibration,False,"insufficient wet days obs=19, model=18",True,annual,all,1.0,2.754,19,18,620,62,4,0,0,,16.292258064516158,,,,,,,,,,
QDM_NP_monthly,ACCESS-ESM1-5,500301,nonparametric,monthly,01,validation,False,"insufficient wet days obs=19, model=18",True,annual,all,1.0,2.754,19,18,434,66,0,0,0,,19.892032468040295,,,,,,,,,,
QDM_NP_monthly,ACCESS-ESM1-5,500301,nonparametric,monthly,02,calibration,False,"insufficient wet days obs=27, model=27",True,annual,all,1.0,2.888047787610619,27,27,565,93,5,0,0,,16.753010752688173,,,,,,,,,,
QDM_NP_monthly,ACCESS-ESM1-5,500301,nonparametric,monthly,02,validation,False,"insufficient wet days obs=27, model=27",True,annual,all,1.0,2.888047787610619,27,27,395,69,3,0,0,,16.43144927536232,,,,,,,,,,
QDM_NP_monthly,ACCESS-ESM1-5,500301,nonparametric,monthly,03,calibration,True,,False,monthly,03,1.0,2.272903225806449,45,45,620,45,0,0,0,,83.8,,,,,,,,,,
QDM_NP_monthly,ACCESS-ESM1-5,500301,nonparametric,monthly,03,validation,True,,False,monthly,03,1.0,2.272903225806449,45,45,434,47,0,0,0,,139.65143584151218,,,,,,,,,,
QDM_NP_monthly,ACCESS-ESM1-5,500301,nonparametric,monthly,04,calibration,True,,False,monthly,04,1.0,1.5700800000000001,104,104,600,104,0,0,0,,45.2,,,,,,,,,,
QDM_NP_monthly,ACCESS-ESM1-5,500301,nonparametric,monthly,04,validation,True,,False,monthly,04,1.0,1.5700800000000001,104,104,420,88,0,0,0,,33.36514940781127,,,,,,,,,,
QDM_NP_monthly,ACCESS-ESM1-5,500301,nonparametric,monthly,05,calibration,True,,False,monthly,05,1.0,1.171383870967742,238,238,620,238,0,0,0,,188.0,,,,,,,,,,
QDM_NP_monthly,ACCESS-ESM1-5,500301,nonparametric,monthly,05,validation,True,,False,monthly,05,1.0,1.171383870967742,238,238,434,153,0,0,0,,87.73347494308551,,,,,,,,,,
QDM_NP_monthly,ACCESS-ESM1-5,500301,nonparametric,monthly,06,calibration,True,,False,monthly,06,1.0,4.0203283333333335,193,193,600,193,0,0,0,,80.3,,,,,,,,,,
QDM_NP_monthly,ACCESS-ESM1-5,500301,nonparametric,monthly,06,validation,True,,False,monthly,06,1.0,4.0203283333333335,193,193,420,139,0,0,0,,198.00769496110865,,,,,,,,,,
QDM_NP_monthly,ACCESS-ESM1-5,500301,nonparametric,monthly,07,calibration,True,,False,monthly,07,1.0,2.409774193548387,240,240,620,240,0,0,0,,82.0,,,,,,,,,,
QDM_NP_monthly,ACCESS-ESM1-5,500301,nonparametric,monthly,07,validation,True,,False,monthly,07,1.0,2.409774193548387,240,240,434,189,0,0,0,,77.57817751371645,,,,,,,,,,
QDM_NP_monthly,ACCESS-ESM1-5,500301,nonparametric,monthly,08,calibration,True,,False,monthly,08,1.0,1.9855000000000003,217,217,620,217,0,0,0,,72.7,,,,,,,,,,
QDM_NP_monthly,ACCESS-ESM1-5,500301,nonparametric,monthly,08,validation,True,,False,monthly,08,1.0,1.9855000000000003,217,217,434,152,0,0,0,,58.65613402632589,,,,,,,,,,
QDM_NP_monthly,ACCESS-ESM1-5,500301,nonparametric,monthly,09,calibration,True,,False,monthly,09,1.0,1.7534999999999998,300,300,600,300,0,0,0,,72.5,,,,,,,,,,
QDM_NP_monthly,ACCESS-ESM1-5,500301,nonparametric,monthly,09,validation,True,,False,monthly,09,1.0,1.7534999999999998,300,300,420,233,0,0,0,,70.13391681922631,,,,,,,,,,
QDM_NP_monthly,ACCESS-ESM1-5,500301,nonparametric,monthly,10,calibration,True,,False,monthly,10,1.0,1.2658387096774195,300,300,620,300,0,0,0,,105.1,,,,,,,,,,
QDM_NP_monthly,ACCESS-ESM1-5,500301,nonparametric,monthly,10,validation,True,,False,monthly,10,1.0,1.2658387096774195,300,300,434,283,0,0,0,,89.0042505809507,,,,,,,,,,
QDM_NP_monthly,ACCESS-ESM1-5,500301,nonparametric,monthly,11,calibration,True,,False,monthly,11,1.0,1.8500700000000003,138,138,600,138,0,0,0,,180.9,,,,,,,,,,
QDM_NP_monthly,ACCESS-ESM1-5,500301,nonparametric,monthly,11,validation,True,,False,monthly,11,1.0,1.8500700000000003,138,138,420,117,0,0,0,,111.50343071104102,,,,,,,,,,
QDM_NP_monthly,ACCESS-ESM1-5,500301,nonparametric,monthly,12,calibration,False,"insufficient wet days obs=11, model=11",True,annual,all,1.0,3.2046145161290305,11,11,620,63,4,0,0,,16.36730158730163,,,,,,,,,,
QDM_NP_monthly,ACCESS-ESM1-5,500301,nonparametric,monthly,12,validation,False,"insufficient wet days obs=11, model=11",True,annual,all,1.0,3.2046145161290305,11,11,434,55,1,0,0,,18.249939290238228,,,,,,,,,,
QDM_P_annual,ACCESS-ESM1-5,500001,parametric,annual,all,calibration,True,,False,annual,all,1.0,2.1512224503764545,1625,1625,7305,1625,0,0,0,650.0,219.87494918041682,pearson3,10122.10670092022,0.06606216550200539,1.308698575550409e-06,3.0,pearson3,8582.137083150914,0.06959250366289338,2.7451200947682436e-07,3.0
QDM_P_annual,ACCESS-ESM1-5,500001,parametric,annual,all,validation,True,,False,annual,all,1.0,2.1512224503764545,1625,1625,5113,1347,0,3,0,650.0,221.81755809207846,pearson3,10122.10670092022,0.06606216550200539,1.308698575550409e-06,3.0,pearson3,8582.137083150914,0.06959250366289338,2.7451200947682436e-07,3.0
QDM_P_annual,ACCESS-ESM1-5,500002,parametric,annual,all,calibration,True,,False,annual,all,1.0,4.762107460643393,1618,1618,7305,1618,0,0,0,735.0,388.73796417418583,lognorm,12074.238361578493,0.04544683548632386,0.002422384305089989,2.0,pearson3,10600.994129481773,0.02178274427075444,0.42047955841434925,3.0
QDM_P_annual,ACCESS-ESM1-5,500002,parametric,annual,all,validation,True,,False,annual,all,1.0,4.762107460643393,1618,1618,5113,1206,0,0,3,735.0,735.0,lognorm,12074.238361578493,0.04544683548632386,0.002422384305089989,2.0,pearson3,10600.994129481773,0.02178274427075444,0.42047955841434925,3.0
QDM_P_annual,ACCESS-ESM1-5,500003,parametric,annual,all,calibration,True,,False,annual,all,1.0,1.992,1781,1780,7305,1780,0,0,0,906.5,278.56629390163687,pearson3,11448.829806981652,0.10497782609247319,1.5229195174148545e-17,3.0,pearson3,9062.523926201533,0.056294191376680514,2.4113629434435025e-05,3.0
QDM_P_annual,ACCESS-ESM1-5,500003,parametric,annual,all,validation,True,,False,annual,all,1.0,1.992,1781,1780,5113,1466,0,0,0,906.5,390.66647965137986,pearson3,11448.829806981652,0.10497782609247319,1.5229195174148545e-17,3.0,pearson3,9062.523926201533,0.056294191376680514,2.4113629434435025e-05,3.0
QDM_P_annual,ACCESS-ESM1-5,500004,parametric,annual,all,calibration,True,,False,annual,all,1.0,4.779441615331963,1613,1613,7305,1613,0,0,0,536.0,133.90976431646192,pearson3,10065.358052585754,0.15275734683182612,2.4917916710714816e-33,3.0,pearson3,10575.66930654941,0.021676046351252864,0.4286253464585317,3.0
QDM_P_annual,ACCESS-ESM1-5,500004,parametric,annual,all,validation,True,,False,annual,all,1.0,4.779441615331963,1613,1613,5113,1203,0,0,0,536.0,289.8975500587357,pearson3,10065.358052585754,0.15275734683182612,2.4917916710714816e-33,3.0,pearson3,10575.66930654941,0.021676046351252864,0.4286253464585317,3.0
QDM_P_annual,ACCESS-ESM1-5,500005,parametric,annual,all,calibration,True,,False,annual,all,1.0,1.08,4174,4173,7305,4173,0,0,0,241.5,17.91452527367491,pearson3,19862.804948041383,0.05405911218174175,4.830027828893569e-11,3.0,genextreme,22038.50987274727,0.06672940892257129,1.3389656515092434e-16,3.0
QDM_P_annual,ACCESS-ESM1-5,500005,parametric,annual,all,validation,True,,False,annual,all,1.0,1.08,4174,4173,5113,3018,0,0,0,241.5,22.251470850289138,pearson3,19862.804948041383,0.05405911218174175,4.830027828893569e-11,3.0,genextreme,22038.50987274727,0.06672940892257129,1.3389656515092434e-16,3.0
QDM_P_annual,ACCESS-ESM1-5,500006,parametric,annual,all,calibration,True,,False,annual,all,1.0,1.055,4240,4237,7305,4237,0,0,0,230.5,15.217212044282583,pearson3,20413.203469027096,0.036628927336536776,2.2286890218018187e-05,3.0,genextreme,22238.535868851694,0.0654674236161874,3.122451763248236e-16,3.0
QDM_P_annual,ACCESS-ESM1-5,500006,parametric,annual,all,validation,True,,False,annual,all,1.0,1.055,4240,4237,5113,3061,0,0,0,230.5,18.974165650883542,pearson3,20413.203469027096,0.036628927336536776,2.2286890218018187e-05,3.0,genextreme,22238.535868851694,0.0654674236161874,3.122451763248236e-16,3.0
QDM_P_annual,ACCESS-ESM1-5,500007,parametric,annual,all,calibration,True,,False,annual,all,1.0,0.997,3874,3868,7305,3868,0,0,0,732.5,22.477669187134385,pearson3,17230.616975185676,0.06574637276932147,5.292661001669802e-15,3.0,genextreme,14150.787411860269,0.023366450593583443,0.028825582618954293,3.0
QDM_P_annual,ACCESS-ESM1-5,500007,parametric,annual,all,validation,True,,False,annual,all,1.0,0.997,3874,3868,5113,2945,0,0,0,732.5,32.498282189589865,pearson3,17230.616975185676,0.06574637276932147,5.292661001669802e-15,3.0,genextreme,14150.787411860269,0.023366450593583443,0.028825582618954293,3.0
QDM_P_annual,ACCESS-ESM1-5,500008,parametric,annual,all,calibration,True,,False,annual,all,1.0,0.797,4555,4552,7305,4552,0,0,0,340.0,22.271605340272135,pearson3,21688.325117756165,0.04087479477451217,4.7518985587990795e-07,3.0,genextreme,15888.43787984128,0.018198854026894418,0.09686823025061175,3.0
QDM_P_annual,ACCESS-ESM1-5,500008,parametric,annual,all,validation,True,,False,annual,all,1.0,0.797,4555,4552,5113,3415,0,0,0,340.0,32.05141966578793,pearson3,21688.325117756165,0.04087479477451217,4.7518985587990795e-07,3.0,genextreme,15888.43787984128,0.018198854026894418,0.09686823025061175,3.0
QDM_P_annual,ACCESS-ESM1-5,500009,parametric,annual,all,calibration,True,,False,annual,all,1.0,0.854,4333,4329,7305,4329,0,0,0,244.0,20.83274367286928,pearson3,20525.74494531024,0.059400863394250214,9.87086662374202e-14,3.0,genextreme,15332.593614155176,0.017646560448279613,0.13331070573861703,3.0
QDM_P_annual,ACCESS-ESM1-5,500009,parametric,annual,all,validation,True,,False,annual,all,1.0,0.854,4333,4329,5113,3284,0,0,0,244.0,29.813411011676315,pearson3,20525.74494531024,0.059400863394250214,9.87086662374202e-14,3.0,genextreme,15332.593614155176,0.017646560448279613,0.13331070573861703,3.0
QDM_P_annual,ACCESS-ESM1-5,500201,parametric,annual,all,calibration,True,,False,annual,all,1.0,4.272470636550308,1719,1719,7305,1719,0,0,0,1484.5,77.9075544545387,pearson3,11197.427898063554,0.049940389871094615,0.00036400699091176746,3.0,pearson3,11230.594278385739,0.03340526658785914,0.042167769849023595,3.0
QDM_P_annual,ACCESS-ESM1-5,500201,parametric,annual,all,validation,True,,False,annual,all,1.0,4.272470636550308,1719,1719,5113,1290,0,0,0,1484.5,168.98124189620512,pearson3,11197.427898063554,0.049940389871094615,0.00036400699091176746,3.0,pearson3,11230.594278385739,0.03340526658785914,0.042167769849023595,3.0
QDM_P_annual,ACCESS-ESM1-5,500202,parametric,annual,all,calibration,True,,False,annual,all,1.0,2.238,1559,1558,7305,1558,0,0,0,1492.5,132.64484689115397,pearson3,10148.229936002863,0.07048159678310106,3.525788511651437e-07,3.0,pearson3,8295.279707151203,0.060202614693195954,2.3747807648631948e-05,3.0
QDM_P_annual,ACCESS-ESM1-5,500202,parametric,annual,all,validation,True,,False,annual,all,1.0,2.238,1559,1558,5113,1290,0,3,0,1492.5,166.9512245563141,pearson3,10148.229936002863,0.07048159678310106,3.525788511651437e-07,3.0,pearson3,8295.279707151203,0.060202614693195954,2.3747807648631948e-05,3.0
QDM_P_annual,ACCESS-ESM1-5,500301,parametric,annual,all,calibration,True,,False,annual,all,1.0,1.9412507871321014,1832,1832,7305,1832,0,0,0,940.0,28.89410635408554,pearson3,12065.451149883567,0.09597327414620738,3.87221829633173e-15,3.0,genextreme,9247.456492343863,0.06138102212421326,1.921663890930513e-06,3.0
QDM_P_annual,ACCESS-ESM1-5,500301,parametric,annual,all,validation,True,,False,annual,all,1.0,1.9412507871321014,1832,1832,5113,1508,0,0,0,940.0,37.215016156604214,pearson3,12065.451149883567,0.09597327414620738,3.87221829633173e-15,3.0,genextreme,9247.456492343863,0.06138102212421326,1.921663890930513e-06,3.0
QDM_P_monthly,ACCESS-ESM1-5,500001,parametric,monthly,01,calibration,False,"insufficient wet days obs=4, model=4",True,annual,all,1.0,4.267006451612904,4,4,620,50,2,0,0,650.0,18.77288297255923,,,,,,,,,,
QDM_P_monthly,ACCESS-ESM1-5,500001,parametric,monthly,01,validation,False,"insufficient wet days obs=4, model=4",True,annual,all,1.0,4.267006451612904,4,4,434,50,0,0,0,650.0,28.56585250947605,,,,,,,,,,
QDM_P_monthly,ACCESS-ESM1-5,500001,parametric,monthly,02,calibration,False,"insufficient wet days obs=18, model=18",True,annual,all,1.0,3.2277203539823014,18,18,565,74,0,0,0,650.0,13.10467577194189,,,,,,,,,,
QDM_P_monthly,ACCESS-ESM1-5,500001,parametric,monthly,02,validation,False,"insufficient wet days obs=18, model=18",True,annual,all,1.0,3.2277203539823014,18,18,395,48,2,0,0,650.0,26.725303799261383,,,,,,,,,,
QDM_P_monthly,ACCESS-ESM1-5,500001,parametric,monthly,03,calibration,False,"insufficient wet days obs=22, model=22",True,annual,all,1.0,2.7423903225806447,22,22,620,50,1,0,0,650.0,14.107261374635897,,,,,,,,,,
QDM_P_monthly,ACCESS-ESM1-5,500001,parametric,monthly,03,validation,False,"insufficient wet days obs=22, model=22",True,annual,all,1.0,2.7423903225806447,22,22,434,53,0,0,0,650.0,19.888631436326243,,,,,,,,,,
QDM_P_monthly,ACCESS-ESM1-5,500001,parametric,monthly,04,calibration,True,,False,monthly,04,1.0,1.5427333333333333,110,110,600,110,0,0,0,438.0,126.0425016562329,pearson3,748.8471980051573,0.1142221324056068,0.10475034852532972,3.0,pearson3,182.14259969665252,0.07976432575386916,0.46228794003354845,3.0
QDM_P_monthly,ACCESS-ESM1-5,500001,parametric,monthly,04,validation,True,,False,monthly,04,1.0,1.5427333333333333,110,110,420,91,0,0,0,438.0,89.54433733008594,pearson3,748.8471980051573,0.1142221324056068,0.10475034852532972,3.0,pearson3,182.14259969665252,0.07976432575386916,0.46228794003354845,3.0
QDM_P_monthly,ACCESS-ESM1-5,500001,parametric,monthly,05,calibration,True,,False,monthly,05,1.0,1.2723338709677419,207,207,620,207,0,0,0,650.0,65.17167169964064,pearson3,1394.339393455901,0.06671172395585084,0.3020642173529354,3.0,genextreme,628.9141058498965,0.05271333563310876,0.5941849824002717,3.0
QDM_P_monthly,ACCESS-ESM1-5,500001,parametric,monthly,05,validation,True,,False,monthly,05,1.0,1.2723338709677419,207,207,434,130,0,0,0,650.0,85.02850069643125,pearson3,1394.339393455901,0.06671172395585084,0.3020642173529354,3.0,genextreme,628.9141058498965,0.05271333563310876,0.5941849824002717,3.0
QDM_P_monthly,ACCESS-ESM1-5,500001,parametric,monthly,06,calibration,True,,False,monthly,06,1.0,4.078016666666667,190,190,600,190,0,0,0,294.5,74.00592996911313,pearson3,1088.8697888231645,0.05630711354882123,0.5639641475741675,3.0,pearson3,1199.3512670594453,0.0377181444779382,0.9402870338459727,3.0
QDM_P_monthly,ACCESS-ESM1-5,500001,parametric,monthly,06,validation,True,,False,monthly,06,1.0,4.078016666666667,190,190,420,137,0,0,0,294.5,140.67517354522462,pearson3,1088.8697888231645,0.05630711354882123,0.5639641475741675,3.0,pearson3,1199.3512670594453,0.0377181444779382,0.9402870338459727,3.0
QDM_P_monthly,ACCESS-ESM1-5,500001,parametric,monthly,07,calibration,True,,False,monthly,07,1.0,2.2038870967741944,259,259,620,259,0,0,0,411.0,77.55225944512841,pearson3,1585.0598885647387,0.13385819110348546,0.00016536446422565538,3.0,pearson3,1542.323051865404,0.07405397644480796,0.11100451946258072,3.0
QDM_P_monthly,ACCESS-ESM1-5,500001,parametric,monthly,07,validation,True,,False,monthly,07,1.0,2.2038870967741944,259,259,434,196,0,0,0,411.0,72.63487406019047,pearson3,1585.0598885647387,0.13385819110348546,0.00016536446422565538,3.0,pearson3,1542.323051865404,0.07405397644480796,0.11100451946258072,3.0
QDM_P_monthly,ACCESS-ESM1-5,500001,parametric,monthly,08,calibration,True,,False,monthly,08,1.0,1.1901419354838707,332,332,620,332,0,0,0,437.0,147.68094421469422,pearson3,2094.0606517525757,0.0826063597407789,0.020305063790752188,3.0,pearson3,1588.8536241718452,0.1611557561430248,5.3199837600511946e-08,3.0
QDM_P_monthly,ACCESS-ESM1-5,500001,parametric,monthly,08,validation,True,,False,monthly,08,1.0,1.1901419354838707,332,332,434,237,0,0,0,437.0,118.82483333491658,pearson3,2094.0606517525757,0.0826063597407789,0.020305063790752188,3.0,pearson3,1588.8536241718452,0.1611557561430248,5.3199837600511946e-08,3.0
QDM_P_monthly,ACCESS-ESM1-5,500001,parametric,monthly,09,calibration,True,,False,monthly,09,1.0,2.14362,262,262,600,262,0,0,0,481.5,156.10453416440322,pearson3,1818.9179900930242,0.08659240157762993,0.03699398301638357,3.0,pearson3,1503.9509659986202,0.04396044936974445,0.6751095542922788,3.0
QDM_P_monthly,ACCESS-ESM1-5,500001,parametric,monthly,09,validation,True,,False,monthly,09,1.0,2.14362,262,262,420,201,0,0,0,481.5,125.60073666013457,pearson3,1818.9179900930242,0.08659240157762993,0.03699398301638357,3.0,pearson3,1503.9509659986202,0.04396044936974445,0.6751095542922788,3.0
QDM_P_monthly,ACCESS-ESM1-5,500001,parametric,monthly,10,calibration,True,,False,monthly,10,1.0,2.4376129032258063,160,160,620,160,0,0,0,400.0,44.823072799480244,pearson3,994.3460418117925,0.077716065484709,0.27420080924017654,3.0,genextreme,879.8433667900592,0.0867526296695264,0.16958860194131642,3.0
QDM_P_monthly,ACCESS-ESM1-5,500001,parametric,monthly,10,validation,True,,False,monthly,10,1.0,2.4376129032258063,160,160,434,197,2,0,0,400.0,25.33815677323997,pearson3,994.3460418117925,0.077716065484709,0.27420080924017654,3.0,genextreme,879.8433667900592,0.0867526296695264,0.16958860194131642,3.0
QDM_P_monthly,ACCESS-ESM1-5,500001,parametric,monthly,11,calibration,True,,False,monthly,11,1.0,3.2039900000000037,54,54,600,54,0,0,0,175.5,68.84549156590508,pearson3,315.39577568650236,0.09121608784800739,0.7254520974615344,3.0,pearson3,267.75886826319675,0.152501079912916,0.14605628109723512,3.0
QDM_P_monthly,ACCESS-ESM1-5,500001,parametric,monthly,11,validation,True,,False,monthly,11,1.0,3.2039900000000037,54,54,420,42,0,0,0,175.5,38.30016845678266,pearson3,315.39577568650236,0.09121608784800739,0.7254520974615344,3.0,pearson3,267.75886826319675,0.152501079912916,0.14605628109723512,3.0
QDM_P_monthly,ACCESS-ESM1-5,500001,parametric,monthly,12,calibration,False,"insufficient wet days obs=7, model=7",True,annual,all,1.0,3.6551580645161286,7,7,620,47,0,0,0,650.0,9.511551972097205,,,,,,,,,,
QDM_P_monthly,ACCESS-ESM1-5,500001,parametric,monthly,12,validation,False,"insufficient wet days obs=7, model=7",True,annual,all,1.0,3.6551580645161286,7,7,434,45,0,0,0,650.0,24.760745965722627,,,,,,,,,,
QDM_P_monthly,ACCESS-ESM1-5,500002,parametric,monthly,01,calibration,False,"insufficient wet days obs=9, model=9",True,annual,all,1.0,2.990020967741932,9,9,620,3,0,0,0,,,,,,,,,,,,
QDM_P_monthly,ACCESS-ESM1-5,500002,parametric,monthly,01,validation,False,"insufficient wet days obs=9, model=9",True,annual,all,1.0,2.990020967741932,9,9,434,7,0,0,0,,,,,,,,,,,,
QDM_P_monthly,ACCESS-ESM1-5,500002,parametric,monthly,02,calibration,False,"insufficient wet days obs=14, model=14",True,annual,all,1.0,3.145007079646018,14,14,565,4,0,0,0,,,,,,,,,,,,
QDM_P_monthly,ACCESS-ESM1-5,500002,parametric,monthly,02,validation,False,"insufficient wet days obs=14, model=14",True,annual,all,1.0,3.145007079646018,14,14,395,4,0,0,0,,,,,,,,,,,,
QDM_P_monthly,ACCESS-ESM1-5,500002,parametric,monthly,03,calibration,True,,False,monthly,03,1.0,2.461429032258065,38,38,620,38,0,0,0,232.5,29.35867784180211,pearson3,225.26588138246987,0.15143273418974346,0.31559317419645216,3.0,pearson3,27.179706180791136,0.10177563242010174,0.7888809247104146,3.0
QDM_P_monthly,ACCESS-ESM1-5,500002,parametric,monthly,03,validation,True,,False,monthly,03,1.0,2.461429032258065,38,38,434,38,0,0,0,232.5,42.59651421336567,pearson3,225.26588138246987,0.15143273418974346,0.31559317419645216,3.0,pearson3,27.179706180791136,0.10177563242010174,0.7888809247104146,3.0
QDM_P_monthly,ACCESS-ESM1-5,500002,parametric,monthly,04,calibration,True,,False,monthly,04,1.0,1.6074116666666667,121,121,600,121,0,0,0,707.0,218.71924106137078,pearson3,909.2034473470238,0.04359190738034113,0.9679033673358094,3.0,pearson3,256.12989323431594,0.1212844104623455,0.052185210006782556,3.0
QDM_P_monthly,ACCESS-ESM1-5,500002,parametric,monthly,04,validation,True,,False,monthly,04,1.0,1.6074116666666667,121,121,420,118,0,0,0,707.0,54.62390847050126,pearson3,909.2034473470238,0.04359190738034113,0.9679033673358094,3.0,pearson3,256.12989323431594,0.1212844104623455,0.052185210006782556,3.0
QDM_P_monthly,ACCESS-ESM1-5,500002,parametric,monthly,05,calibration,True,,False,monthly,05,1.0,1.8128145161290312,199,199,620,199,0,0,0,671.0,209.22185896278947,pearson3,1526.753577303418,0.039816978050921326,0.8979534025289143,3.0,pearson3,973.9151594936678,0.07471813813861239,0.20597129676907378,3.0
QDM_P_monthly,ACCESS-ESM1-5,500002,parametric,monthly,05,validation,True,,False,monthly,05,1.0,1.8128145161290312,199,199,434,128,0,0,0,671.0,93.02508068520862,pearson3,1526.753577303418,0.039816978050921326,0.8979534025289143,3.0,pearson3,973.9151594936678,0.07471813813861239,0.20597129676907378,3.0
QDM_P_monthly,ACCESS-ESM1-5,500002,parametric,monthly,06,calibration,True,,False,monthly,06,1.0,10.48876,188,188,600,188,0,0,0,577.0,67.61341845035442,pearson3,1295.8291512622118,0.0718404147740451,0.2731352098176838,3.0,pearson3,1287.6908524152573,0.09539096598816132,0.06112174595730402,3.0
QDM_P_monthly,ACCESS-ESM1-5,500002,parametric,monthly,06,validation,True,,False,monthly,06,1.0,10.48876,188,188,420,131,0,0,0,577.0,199.34034587332644,pearson3,1295.8291512622118,0.0718404147740451,0.2731352098176838,3.0,pearson3,1287.6908524152573,0.09539096598816132,0.06112174595730402,3.0
QDM_P_monthly,ACCESS-ESM1-5,500002,parametric,monthly,07,calibration,True,,False,monthly,07,1.0,7.036637096774194,275,275,620,275,0,0,0,592.5,119.4682978321711,pearson3,2073.764234366555,0.04474682270067465,0.6240869086685397,3.0,pearson3,1928.075410146555,0.048374287310619546,0.5246999717414469,3.0
QDM_P_monthly,ACCESS-ESM1-5,500002,parametric,monthly,07,validation,True,,False,monthly,07,1.0,7.036637096774194,275,275,434,214,0,0,0,592.5,116.66800600593119,pearson3,2073.764234366555,0.04474682270067465,0.6240869086685397,3.0,pearson3,1928.075410146555,0.048374287310619546,0.5246999717414469,3.0
QDM_P_monthly,ACCESS-ESM1-5,500002,parametric,monthly,08,calibration,True,,False,monthly,08,1.0,3.9963064516129037,329,329,620,329,0,0,0,735.0,99.14209492534134,pearson3,2475.6997972264276,0.04862914185007161,0.4051205984304225,3.0,pearson3,2189.7529055560694,0.047793914173924534,0.4267772249760966,3.0
QDM_P_monthly,ACCESS-ESM1-5,500002,parametric,monthly,08,validation,True,,False,monthly,08,1.0,3.9963064516129037,329,329,434,204,0,0,0,735.0,113.52479646379815,pearson3,2475.6997972264276,0.04862914185007161,0.4051205984304225,3.0,pearson3,2189.7529055560694,0.047793914173924534,0.4267772249760966,3.0
QDM_P_monthly,ACCESS-ESM1-5,500002,parametric,monthly,09,calibration,True,,False,monthly,09,1.0,6.810254999999996,249,249,600,249,0,0,0,485.5,164.8945346203423,pearson3,1787.188773462894,0.060355366320421544,0.31196895532372737,3.0,pearson3,1581.0630712528173,0.03612077965168792,0.8894852924444596,3.0
QDM_P_monthly,ACCESS-ESM1-5,500002,parametric,monthly,09,validation,True,,False,monthly,09,1.0,6.810254999999996,249,249,420,156,0,0,0,485.5,112.1866974844716,pearson3,1787.188773462894,0.060355366320421544,0.31196895532372737,3.0,pearson3,1581.0630712528173,0.03612077965168792,0.8894852924444596,3.0
QDM_P_monthly,ACCESS-ESM1-5,500002,parametric,monthly,10,calibration,True,,False,monthly,10,1.0,7.2883032258064535,132,132,620,132,0,0,0,402.0,85.3525793368092,pearson3,900.6075661826135,0.0618882041948865,0.6693802226299923,3.0,pearson3,769.8404643139038,0.06268877804999795,0.6538475260655352,3.0
QDM_P_monthly,ACCESS-ESM1-5,500002,parametric,monthly,10,validation,True,,False,monthly,10,1.0,7.2883032258064535,132,132,434,160,0,0,0,402.0,76.71762546817897,pearson3,900.6075661826135,0.0618882041948865,0.6693802226299923,3.0,pearson3,769.8404643139038,0.06268877804999795,0.6538475260655352,3.0
QDM_P_monthly,ACCESS-ESM1-5,500002,parametric,monthly,11,calibration,True,,False,monthly,11,1.0,5.230583333333328,50,50,600,50,0,0,0,364.0,56.37766284792109,pearson3,296.07845969496515,0.09702753238718426,0.6977922055402828,3.0,pearson3,275.3990723509285,0.10302153439945294,0.626146848421314,3.0
QDM_P_monthly,ACCESS-ESM1-5,500002,parametric,monthly,11,validation,True,,False,monthly,11,1.0,5.230583333333328,50,50,420,40,0,0,0,364.0,44.935163031699204,pearson3,296.07845969496515,0.09702753238718426,0.6977922055402828,3.0,pearson3,275.3990723509285,0.10302153439945294,0.626146848421314,3.0
QDM_P_monthly,ACCESS-ESM1-5,500002,parametric,monthly,12,calibration,False,"insufficient wet days obs=14, model=14",True,annual,all,1.0,2.704406451612903,14,14,620,0,0,0,0,,,,,,,,,,,,
QDM_P_monthly,ACCESS-ESM1-5,500002,parametric,monthly,12,validation,False,"insufficient wet days obs=14, model=14",True,annual,all,1.0,2.704406451612903,14,14,434,2,0,0,0,,,,,,,,,,,,
QDM_P_monthly,ACCESS-ESM1-5,500003,parametric,monthly,01,calibration,False,"insufficient wet days obs=9, model=9",True,annual,all,1.0,3.1767145161290298,9,9,620,61,1,0,0,906.5,20.879021771819147,,,,,,,,,,
QDM_P_monthly,ACCESS-ESM1-5,500003,parametric,monthly,01,validation,False,"insufficient wet days obs=9, model=9",True,annual,all,1.0,3.1767145161290298,9,9,434,60,0,0,0,906.5,37.08804980613866,,,,,,,,,,
QDM_P_monthly,ACCESS-ESM1-5,500003,parametric,monthly,02,calibration,False,"insufficient wet days obs=19, model=19",True,annual,all,1.0,3.1448247787610626,19,19,565,88,0,0,0,906.5,17.37896587242075,,,,,,,,,,
QDM_P_monthly,ACCESS-ESM1-5,500003,parametric,monthly,02,validation,False,"insufficient wet days obs=19, model=19",True,annual,all,1.0,3.1448247787610626,19,19,395,63,0,0,0,906.5,29.65529856533041,,,,,,,,,,
QDM_P_monthly,ACCESS-ESM1-5,500003,parametric,monthly,03,calibration,True,,False,monthly,03,1.0,2.372132258064516,41,41,620,41,0,0,0,336.0,58.71458161699177,pearson3,258.38837166522626,0.09040771793335252,0.8610388455952271,3.0,pearson3,43.77723674943174,0.0768370285567444,0.9535212954098717,3.0
QDM_P_monthly,ACCESS-ESM1-5,500003,parametric,monthly,03,validation,True,,False,monthly,03,1.0,2.372132258064516,41,41,434,43,0,0,0,336.0,114.99527806676424,pearson3,258.38837166522626,0.09040771793335252,0.8610388455952271,3.0,pearson3,43.77723674943174,0.0768370285567444,0.9535212954098717,3.0
QDM_P_monthly,ACCESS-ESM1-5,500003,parametric,monthly,04,calibration,True,,False,monthly,04,1.0,1.3529866666666668,148,148,600,148,0,0,0,381.5,174.46014902353917,pearson3,987.2057892378532,0.06724587437811358,0.49399095514820446,3.0,pearson3,233.50130692916554,0.09355514133953313,0.140634824367055,3.0
QDM_P_monthly,ACCESS-ESM1-5,500003,parametric,monthly,04,validation,True,,False,monthly,04,1.0,1.3529866666666668,148,148,420,130,0,0,0,381.5,124.58124481147327,pearson3,987.2057892378532,0.06724587437811358,0.49399095514820446,3.0,pearson3,233.50130692916554,0.09355514133953313,0.140634824367055,3.0
QDM_P_monthly,ACCESS-ESM1-5,500003,parametric,monthly,05,calibration,True,,False,monthly,05,1.0,1.1557870967741934,244,244,620,244,0,0,0,615.0,77.21620314094038,pearson3,1662.433533608084,0.07673452490731891,0.10722684345066358,3.0,genextreme,671.9411087124522,0.05227227732027967,0.5009707572078331,3.0
QDM_P_monthly,ACCESS-ESM1-5,500003,parametric,monthly,05,validation,True,,False,monthly,05,1.0,1.1557870967741934,244,244,434,157,0,0,0,615.0,91.14196184711498,pearson3,1662.433533608084,0.07673452490731891,0.10722684345066358,3.0,genextreme,671.9411087124522,0.05227227732027967,0.5009707572078331,3.0
QDM_P_monthly,ACCESS-ESM1-5,500003,parametric,monthly,06,calibration,True,,False,monthly,06,1.0,3.3657666666666666,212,212,600,212,0,0,0,314.0,79.78593257260768,pearson3,1233.175805072156,0.0709887203502681,0.22481503128994962,3.0,pearson3,1323.628753860744,0.041268523803009605,0.8482195758874841,3.0
QDM_P_monthly,ACCESS-ESM1-5,500003,parametric,monthly,06,validation,True,,False,monthly,06,1.0,3.3657666666666666,212,212,420,157,0,0,0,314.0,138.70983813576294,pearson3,1233.175805072156,0.0709887203502681,0.22481503128994962,3.0,pearson3,1323.628753860744,0.041268523803009605,0.8482195758874841,3.0
QDM_P_monthly,ACCESS-ESM1-5,500003,parametric,monthly,07,calibration,True,,False,monthly,07,1.0,2.1217016129032253,265,265,620,265,0,0,0,785.0,77.74481086438068,pearson3,1790.7323854342021,0.07150556342001091,0.12674881910035618,3.0,pearson3,1575.0087086888716,0.07473933263235655,0.0984095676334632,3.0
QDM_P_monthly,ACCESS-ESM1-5,500003,parametric,monthly,07,validation,True,,False,monthly,07,1.0,2.1217016129032253,265,265,434,201,0,0,0,785.0,72.5843968353469,pearson3,1790.7323854342021,0.07150556342001091,0.12674881910035618,3.0,pearson3,1575.0087086888716,0.07473933263235655,0.0984095676334632,3.0
QDM_P_monthly,ACCESS-ESM1-5,500003,parametric,monthly,08,calibration,True,,False,monthly,08,1.0,1.2245483870967742,320,320,620,320,0,0,0,906.5,163.2296168353501,pearson3,2102.680656522914,0.04510364368592634,0.5183897929750483,3.0,pearson3,1551.1936069472642,0.07189595928181114,0.0696293906406743,3.0
QDM_P_monthly,ACCESS-ESM1-5,500003,parametric,monthly,08,validation,True,,False,monthly,08,1.0,1.2245483870967742,320,320,434,229,0,0,0,906.5,132.23333633338814,pearson3,2102.680656522914,0.04510364368592634,0.5183897929750483,3.0,pearson3,1551.1936069472642,0.07189595928181114,0.0696293906406743,3.0
QDM_P_monthly,ACCESS-ESM1-5,500003,parametric,monthly,09,calibration,True,,False,monthly,09,1.0,2.0933500000000005,270,270,600,270,0,0,0,645.0,172.26374530703143,pearson3,1830.9572704630727,0.0772831454055386,0.07536742494666437,3.0,pearson3,1520.286191615019,0.04435123811715798,0.646328349316913,3.0
QDM_P_monthly,ACCESS-ESM1-5,500003,parametric,monthly,09,validation,True,,False,monthly,09,1.0,2.0933500000000005,270,270,420,203,0,0,0,645.0,136.87875906040085,pearson3,1830.9572704630727,0.0772831454055386,0.07536742494666437,3.0,pearson3,1520.286191615019,0.04435123811715798,0.646328349316913,3.0
QDM_P_monthly,ACCESS-ESM1-5,500003,parametric,monthly,10,calibration,True,,False,monthly,10,1.0,2.148448387096777,182,182,620,182,0,0,0,491.0,186.06457842512228,pearson3,1012.400989007257,0.08563550449936502,0.13071032945458871,3.0,pearson3,957.9500750263965,0.0771384649514878,0.2174602909834087,3.0
QDM_P_monthly,ACCESS-ESM1-5,500003,parametric,monthly,10,validation,True,,False,monthly,10,1.0,2.148448387096777,182,182,434,214,0,0,0,491.0,97.38176355357196,pearson3,1012.400989007257,0.08563550449936502,0.13071032945458871,3.0,pearson3,957.9500750263965,0.0771384649514878,0.2174602909834087,3.0
QDM_P_monthly,ACCESS-ESM1-5,500003,parametric,monthly,11,calibration,True,,False,monthly,11,1.0,3.1346766666666666,58,58,600,58,0,0,1,462.0,462.0,genextreme,386.0122882735154,0.09325318818689987,0.6595846362984237,3.0,pearson3,268.8374297334798,0.1081812278880585,0.47316612680768666,3.0
QDM_P_monthly,ACCESS-ESM1-5,500003,parametric,monthly,11,validation,True,,False,monthly,11,1.0,3.1346766666666666,58,58,420,45,0,0,0,462.0,174.87069100237352,genextreme,386.0122882735154,0.09325318818689987,0.6595846362984237,3.0,pearson3,268.8374297334798,0.1081812278880585,0.47316612680768666,3.0
QDM_P_monthly,ACCESS-ESM1-5,500003,parametric,monthly,12,calibration,False,"insufficient wet days obs=13, model=13",True,annual,all,1.0,3.0558032258064496,13,13,620,60,0,0,0,906.5,12.897910562449152,,,,,,,,,,
QDM_P_monthly,ACCESS-ESM1-5,500003,parametric,monthly,12,validation,False,"insufficient wet days obs=13, model=13",True,annual,all,1.0,3.0558032258064496,13,13,434,52,0,0,0,906.5,32.136313168495406,,,,,,,,,,
QDM_P_monthly,ACCESS-ESM1-5,500004,parametric,monthly,01,calibration,False,"insufficient wet days obs=9, model=9",True,annual,all,1.0,2.990020967741932,9,9,620,3,0,0,0,,,,,,,,,,,,
QDM_P_monthly,ACCESS-ESM1-5,500004,parametric,monthly,01,validation,False,"insufficient wet days obs=9, model=9",True,annual,all,1.0,2.990020967741932,9,9,434,7,0,0,0,,,,,,,,,,,,
QDM_P_monthly,ACCESS-ESM1-5,500004,parametric,monthly,02,calibration,False,"insufficient wet days obs=22, model=22",True,annual,all,1.0,2.8349345132743364,22,22,565,4,0,0,0,,,,,,,,,,,,
QDM_P_monthly,ACCESS-ESM1-5,500004,parametric,monthly,02,validation,False,"insufficient wet days obs=22, model=22",True,annual,all,1.0,2.8349345132743364,22,22,395,4,0,0,0,,,,,,,,,,,,
QDM_P_monthly,ACCESS-ESM1-5,500004,parametric,monthly,03,calibration,True,,False,monthly,03,1.0,2.4683580645161287,37,37,620,37,0,0,0,295.0,18.716559216847642,pearson3,-34.42097081625464,0.21621619770241735,0.0535212196075503,3.0,pearson3,25.40297807154631,0.09421354421746303,0.8673099503619282,3.0
QDM_P_monthly,ACCESS-ESM1-5,500004,parametric,monthly,03,validation,True,,False,monthly,03,1.0,2.4683580645161287,37,37,434,36,0,0,0,295.0,32.02061402730462,pearson3,-34.42097081625464,0.21621619770241735,0.0535212196075503,3.0,pearson3,25.40297807154631,0.09421354421746303,0.8673099503619282,3.0
QDM_P_monthly,ACCESS-ESM1-5,500004,parametric,monthly,04,calibration,True,,False,monthly,04,1.0,1.5748466666666667,127,127,600,127,0,0,0,467.5,50.40771585457289,pearson3,732.0506790431169,0.11811023622042809,0.053183421156722255,3.0,genextreme,268.9583121852304,0.0925537641282862,0.213104276578588,3.0
QDM_P_monthly,ACCESS-ESM1-5,500004,parametric,monthly,04,validation,True,,False,monthly,04,1.0,1.5748466666666667,127,127,420,123,4,0,0,467.5,18.090237115064934,pearson3,732.0506790431169,0.11811023622042809,0.053183421156722255,3.0,genextreme,268.9583121852304,0.0925537641282862,0.213104276578588,3.0
QDM_P_monthly,ACCESS-ESM1-5,500004,parametric,monthly,05,calibration,True,,False,monthly,05,1.0,1.619838709677419,220,220,620,220,0,0,0,446.5,57.93924864742543,pearson3,1255.9916706150366,0.07727272723053734,0.13712592412893132,3.0,genextreme,1090.3661051577312,0.07917958834003003,0.1200890032670936,3.0
QDM_P_monthly,ACCESS-ESM1-5,500004,parametric,monthly,05,validation,True,,False,monthly,05,1.0,1.619838709677419,220,220,434,145,11,0,0,446.5,31.473175508867826,pearson3,1255.9916706150366,0.07727272723053734,0.13712592412893132,3.0,genextreme,1090.3661051577312,0.07917958834003003,0.1200890032670936,3.0
QDM_P_monthly,ACCESS-ESM1-5,500004,parametric,monthly,06,calibration,True,,False,monthly,06,1.0,10.799,180,180,600,180,0,0,0,247.0,28.261439194907364,pearson3,961.0868301098924,0.1858599405618545,6.46282259711877e-06,3.0,pearson3,1243.0563519874806,0.04997137434193838,0.7403328192186198,3.0
QDM_P_monthly,ACCESS-ESM1-5,500004,parametric,monthly,06,validation,True,,False,monthly,06,1.0,10.799,180,180,420,128,0,0,0,247.0,82.66897286913621,pearson3,961.0868301098924,0.1858599405618545,6.46282259711877e-06,3.0,pearson3,1243.0563519874806,0.04997137434193838,0.7403328192186198,3.0
QDM_P_monthly,ACCESS-ESM1-5,500004,parametric,monthly,07,calibration,True,,False,monthly,07,1.0,7.4395354838709675,262,262,620,262,0,0,0,492.5,71.14304798639652,pearson3,917.2475815848586,0.11450381618545027,0.0018960395404951271,3.0,pearson3,1845.6041715169345,0.04788527529422171,0.5685011415373772,3.0
QDM_P_monthly,ACCESS-ESM1-5,500004,parametric,monthly,07,validation,True,,False,monthly,07,1.0,7.4395354838709675,262,262,434,207,0,0,0,492.5,70.77829984342775,pearson3,917.2475815848586,0.11450381618545027,0.0018960395404951271,3.0,pearson3,1845.6041715169345,0.04788527529422171,0.5685011415373772,3.0
QDM_P_monthly,ACCESS-ESM1-5,500004,parametric,monthly,08,calibration,True,,False,monthly,08,1.0,5.59515,279,279,620,279,0,0,0,526.0,54.496739364275996,pearson3,1544.3283054686506,0.1167327093612831,0.0009067268895901208,3.0,pearson3,1863.5387799777575,0.0400479716541155,0.7465037716944702,3.0
QDM_P_monthly,ACCESS-ESM1-5,500004,parametric,monthly,08,validation,True,,False,monthly,08,1.0,5.59515,279,279,434,171,0,0,0,526.0,62.5476662254086,pearson3,1544.3283054686506,0.1167327093612831,0.0009067268895901208,3.0,pearson3,1863.5387799777575,0.0400479716541155,0.7465037716944702,3.0
QDM_P_monthly,ACCESS-ESM1-5,500004,parametric,monthly,09,calibration,True,,False,monthly,09,1.0,6.493693333333329,256,256,600,256,0,0,0,536.0,157.24806189351426,pearson3,1227.4509555122736,0.08984374967870434,0.03009111222721894,3.0,pearson3,1629.6150626762546,0.031844178786603394,0.9501365562956586,3.0
QDM_P_monthly,ACCESS-ESM1-5,500004,parametric,monthly,09,validation,True,,False,monthly,09,1.0,6.493693333333329,256,256,420,161,0,0,0,536.0,102.8530422002444,pearson3,1227.4509555122736,0.08984374967870434,0.03009111222721894,3.0,pearson3,1629.6150626762546,0.031844178786603394,0.9501365562956586,3.0
QDM_P_monthly,ACCESS-ESM1-5,500004,parametric,monthly,10,calibration,True,,False,monthly,10,1.0,6.04875,155,155,620,155,0,0,0,396.5,99.24178283950073,pearson3,779.1614627361853,0.10322580644844909,0.06841182322040862,3.0,pearson3,912.116676829664,0.047669707471421185,0.8559591215571087,3.0
QDM_P_monthly,ACCESS-ESM1-5,500004,parametric,monthly,10,validation,True,,False,monthly,10,1.0,6.04875,155,155,434,190,0,0,0,396.5,89.43836445345515,pearson3,779.1614627361853,0.10322580644844909,0.06841182322040862,3.0,pearson3,912.116676829664,0.047669707471421185,0.8559591215571087,3.0
QDM_P_monthly,ACCESS-ESM1-5,500004,parametric,monthly,11,calibration,True,,False,monthly,11,1.0,4.639615,57,57,600,57,0,0,0,472.0,31.87827399856387,pearson3,354.0977131028237,0.1260736928175185,0.2995080674048721,3.0,pearson3,313.89772350536094,0.07261985434413931,0.9031515486415197,3.0
QDM_P_monthly,ACCESS-ESM1-5,500004,parametric,monthly,11,validation,True,,False,monthly,11,1.0,4.639615,57,57,420,47,0,0,0,472.0,26.519241481826988,pearson3,354.0977131028237,0.1260736928175185,0.2995080674048721,3.0,pearson3,313.89772350536094,0.07261985434413931,0.9031515486415197,3.0
QDM_P_monthly,ACCESS-ESM1-5,500004,parametric,monthly,12,calibration,False,"insufficient wet days obs=9, model=9",True,annual,all,1.0,2.9516096774193543,9,9,620,0,0,0,0,,,,,,,,,,,,
QDM_P_monthly,ACCESS-ESM1-5,500004,parametric,monthly,12,validation,False,"insufficient wet days obs=9, model=9",True,annual,all,1.0,2.9516096774193543,9,9,434,2,0,0,0,,,,,,,,,,,,
QDM_P_monthly,ACCESS-ESM1-5,500005,parametric,monthly,01,calibration,True,,False,monthly,01,1.0,2.1220322580645146,36,36,620,36,0,0,0,47.5,5.978564512583938,pearson3,7.424796633902806,0.1829258406439631,0.1584303122651325,3.0,pearson3,47.91817692298862,0.07779380257855317,0.9694248801351681,3.0
QDM_P_monthly,ACCESS-ESM1-5,500005,parametric,monthly,01,validation,True,,False,monthly,01,1.0,2.1220322580645146,36,36,434,32,0,0,0,47.5,19.27091753271655,pearson3,7.424796633902806,0.1829258406439631,0.1584303122651325,3.0,pearson3,47.91817692298862,0.07779380257855317,0.9694248801351681,3.0
QDM_P_monthly,ACCESS-ESM1-5,500005,parametric,monthly,02,calibration,True,,False,monthly,02,1.0,2.148375221238937,61,61,565,61,0,0,0,52.0,17.15486080242292,pearson3,116.93503811314505,0.08196721311330175,0.7762916135286759,3.0,pearson3,101.04613200712308,0.0915533157320078,0.6521762556125937,3.0
QDM_P_monthly,ACCESS-ESM1-5,500005,parametric,monthly,02,validation,True,,False,monthly,02,1.0,2.148375221238937,61,61,395,42,0,0,0,52.0,11.133181859211971,pearson3,116.93503811314505,0.08196721311330175,0.7762916135286759,3.0,pearson3,101.04613200712308,0.0915533157320078,0.6521762556125937,3.0
QDM_P_monthly,ACCESS-ESM1-5,500005,parametric,monthly,03,calibration,True,,False,monthly,03,1.0,1.5206387096774194,132,132,620,132,0,0,0,161.5,15.966249022718383,pearson3,332.25711501282296,0.11847531201220018,0.045180313722372745,3.0,pearson3,188.66682497876127,0.05398873889185217,0.8162370254858752,3.0
QDM_P_monthly,ACCESS-ESM1-5,500005,parametric,monthly,03,validation,True,,False,monthly,03,1.0,1.5206387096774194,132,132,434,113,0,0,0,161.5,24.90331452927935,pearson3,332.25711501282296,0.11847531201220018,0.045180313722372745,3.0,pearson3,188.66682497876127,0.05398873889185217,0.8162370254858752,3.0
QDM_P_monthly,ACCESS-ESM1-5,500005,parametric,monthly,04,calibration,True,,False,monthly,04,1.0,0.9512833333333333,274,274,600,274,0,0,0,195.0,28.420964931787918,pearson3,1060.23846818694,0.10367855347193142,0.005112288631386763,3.0,genextreme,516.3842271013616,0.039818668159334825,0.7622507595664618,3.0
QDM_P_monthly,ACCESS-ESM1-5,500005,parametric,monthly,04,validation,True,,False,monthly,04,1.0,0.9512833333333333,274,274,420,234,1,0,0,195.0,9.939694811854096,pearson3,1060.23846818694,0.10367855347193142,0.005112288631386763,3.0,genextreme,516.3842271013616,0.039818668159334825,0.7622507595664618,3.0
QDM_P_monthly,ACCESS-ESM1-5,500005,parametric,monthly,05,calibration,True,,False,monthly,05,1.0,0.3127193548387097,533,533,620,533,0,0,0,210.0,31.817327123554286,pearson3,2713.5878380809604,0.05463243400755924,0.07999100249834168,3.0,genextreme,1995.7039487110455,0.04415022485283954,0.24268173400831072,3.0
QDM_P_monthly,ACCESS-ESM1-5,500005,parametric,monthly,05,validation,True,,False,monthly,05,1.0,0.3127193548387097,533,533,434,371,0,0,0,210.0,27.42863932817079,pearson3,2713.5878380809604,0.05463243400755924,0.07999100249834168,3.0,genextreme,1995.7039487110455,0.04415022485283954,0.24268173400831072,3.0
QDM_P_monthly,ACCESS-ESM1-5,500005,parametric,monthly,06,calibration,True,,False,monthly,06,1.0,0.8140400000000001,536,536,600,536,0,0,0,120.5,29.70155535767157,pearson3,2372.6299599908493,0.05054643890478894,0.12491418945220611,3.0,pearson3,3444.9701876059826,0.11354312880912887,1.7830114673275154e-06,3.0
QDM_P_monthly,ACCESS-ESM1-5,500005,parametric,monthly,06,validation,True,,False,monthly,06,1.0,0.8140400000000001,536,536,420,389,0,0,0,120.5,78.11018016102626,pearson3,2372.6299599908493,0.05054643890478894,0.12491418945220611,3.0,pearson3,3444.9701876059826,0.11354312880912887,1.7830114673275154e-06,3.0
QDM_P_monthly,ACCESS-ESM1-5,500005,parametric,monthly,07,calibration,True,,False,monthly,07,1.0,0.7136935483870968,582,582,620,582,0,0,0,193.0,30.452554587378927,pearson3,2730.091758320685,0.041049490854967896,0.27303068491613847,3.0,pearson3,3758.138144589161,0.04273202444410984,0.23166918977921802,3.0
QDM_P_monthly,ACCESS-ESM1-5,500005,parametric,monthly,07,validation,True,,False,monthly,07,1.0,0.7136935483870968,582,582,434,396,0,0,0,193.0,30.715332008404264,pearson3,2730.091758320685,0.041049490854967896,0.27303068491613847,3.0,pearson3,3758.138144589161,0.04273202444410984,0.23166918977921802,3.0
QDM_P_monthly,ACCESS-ESM1-5,500005,parametric,monthly,08,calibration,True,,False,monthly,08,1.0,0.3496016129032257,601,601,620,601,0,0,0,241.5,36.76630628670989,pearson3,3198.903118543283,0.039940934796423355,0.28539032994722635,3.0,pearson3,3704.929360732934,0.08565221086250518,0.0002764531953845891,3.0
QDM_P_monthly,ACCESS-ESM1-5,500005,parametric,monthly,08,validation,True,,False,monthly,08,1.0,0.3496016129032257,601,601,434,425,0,0,0,241.5,42.375540333695994,pearson3,3198.903118543283,0.039940934796423355,0.28539032994722635,3.0,pearson3,3704.929360732934,0.08565221086250518,0.0002764531953845891,3.0
QDM_P_monthly,ACCESS-ESM1-5,500005,parametric,monthly,09,calibration,True,,False,monthly,09,1.0,0.5289583333333333,575,575,600,575,0,0,0,235.5,55.259369610970595,pearson3,3204.661833336111,0.03825427314153468,0.3602036522697428,3.0,pearson3,3528.5720016921623,0.019757894156056235,0.9750728792567593,3.0
QDM_P_monthly,ACCESS-ESM1-5,500005,parametric,monthly,09,validation,True,,False,monthly,09,1.0,0.5289583333333333,575,575,420,400,0,0,0,235.5,41.29984152547943,pearson3,3204.661833336111,0.03825427314153468,0.3602036522697428,3.0,pearson3,3528.5720016921623,0.019757894156056235,0.9750728792567593,3.0
QDM_P_monthly,ACCESS-ESM1-5,500005,parametric,monthly,10,calibration,True,,False,monthly,10,1.0,0.6008274193548387,513,513,620,513,0,0,0,175.5,36.82042778989703,pearson3,2466.388536965543,0.08706019940418186,0.0007838189454517997,3.0,pearson3,2586.912864344839,0.05559337892029226,0.08079887187980017,3.0
QDM_P_monthly,ACCESS-ESM1-5,500005,parametric,monthly,10,validation,True,,False,monthly,10,1.0,0.6008274193548387,513,513,434,396,0,0,0,175.5,37.92637767905242,pearson3,2466.388536965543,0.08706019940418186,0.0007838189454517997,3.0,pearson3,2586.912864344839,0.05559337892029226,0.08079887187980017,3.0
QDM_P_monthly,ACCESS-ESM1-5,500005,parametric,monthly,11,calibration,True,,False,monthly,11,1.0,1.1966933333333327,256,256,600,256,0,0,0,200.5,9.387437248520751,pearson3,916.8083141211491,0.0803209073336344,0.06956188226623528,3.0,genextreme,978.6365474625472,0.051455072239836475,0.49074871378811913,3.0
QDM_P_monthly,ACCESS-ESM1-5,500005,parametric,monthly,11,validation,True,,False,monthly,11,1.0,1.1966933333333327,256,256,420,206,11,0,0,200.5,5.298233794269382,pearson3,916.8083141211491,0.0803209073336344,0.06956188226623528,3.0,genextreme,978.6365474625472,0.051455072239836475,0.49074871378811913,3.0
QDM_P_monthly,ACCESS-ESM1-5,500005,parametric,monthly,12,calibration,True,,False,monthly,12,1.0,1.6578467741935485,75,75,620,75,0,0,0,168.0,8.053437970863776,pearson3,92.94067429207652,0.10211535387616594,0.388531691763802,3.0,pearson3,85.92412274949612,0.07480637900487065,0.7669904436813115,3.0
QDM_P_monthly,ACCESS-ESM1-5,500005,parametric,monthly,12,validation,True,,False,monthly,12,1.0,1.6578467741935485,75,75,434,74,0,0,0,168.0,10.107167789549958,pearson3,92.94067429207652,0.10211535387616594,0.388531691763802,3.0,pearson3,85.92412274949612,0.07480637900487065,0.7669904436813115,3.0
QDM_P_monthly,ACCESS-ESM1-5,500006,parametric,monthly,01,calibration,True,,False,monthly,01,1.0,2.081161290322582,40,40,620,40,0,0,0,45.0,6.511072073754537,pearson3,-82.40263279193104,0.17499999959549595,0.15292946913785022,3.0,pearson3,50.51968332835721,0.07937964656638263,0.9453620541505734,3.0
QDM_P_monthly,ACCESS-ESM1-5,500006,parametric,monthly,01,validation,True,,False,monthly,01,1.0,2.081161290322582,40,40,434,35,0,0,0,45.0,23.701113405301268,pearson3,-82.40263279193104,0.17499999959549595,0.15292946913785022,3.0,pearson3,50.51968332835721,0.07937964656638263,0.9453620541505734,3.0
QDM_P_monthly,ACCESS-ESM1-5,500006,parametric,monthly,02,calibration,True,,False,monthly,02,1.0,2.1451097345132744,62,62,565,62,0,0,0,48.0,13.962778715583491,pearson3,203.2441722946848,0.1038276348859481,0.4839911322106055,3.0,pearson3,101.48720009671821,0.10602395489655417,0.45748077676035515,3.0
QDM_P_monthly,ACCESS-ESM1-5,500006,parametric,monthly,02,validation,True,,False,monthly,02,1.0,2.1451097345132744,62,62,395,43,0,0,0,48.0,10.499964611749087,pearson3,203.2441722946848,0.1038276348859481,0.4839911322106055,3.0,pearson3,101.48720009671821,0.10602395489655417,0.45748077676035515,3.0
QDM_P_monthly,ACCESS-ESM1-5,500006,parametric,monthly,03,calibration,True,,False,monthly,03,1.0,1.5104354838709677,135,135,620,135,0,0,0,150.5,9.731304638675748,pearson3,481.1557377285637,0.054449585674938794,0.7977234027104817,3.0,pearson3,191.84073091174056,0.06142660383484358,0.6651229620152317,3.0
QDM_P_monthly,ACCESS-ESM1-5,500006,parametric,monthly,03,validation,True,,False,monthly,03,1.0,1.5104354838709677,135,135,434,114,0,0,0,150.5,14.794034925568425,pearson3,481.1557377285637,0.054449585674938794,0.7977234027104817,3.0,pearson3,191.84073091174056,0.06142660383484358,0.6651229620152317,3.0
QDM_P_monthly,ACCESS-ESM1-5,500006,parametric,monthly,04,calibration,True,,False,monthly,04,1.0,0.9109466666666667,284,284,600,284,0,0,0,171.0,30.359757460724236,pearson3,1151.9929682049542,0.045774647886759216,0.575234329841092,3.0,genextreme,541.4194162700437,0.03961423244579315,0.7488229467000649,3.0
QDM_P_monthly,ACCESS-ESM1-5,500006,parametric,monthly,04,validation,True,,False,monthly,04,1.0,0.9109466666666667,284,284,420,241,1,0,0,171.0,10.943463214520527,pearson3,1151.9929682049542,0.045774647886759216,0.575234329841092,3.0,genextreme,541.4194162700437,0.03961423244579315,0.7488229467000649,3.0
QDM_P_monthly,ACCESS-ESM1-5,500006,parametric,monthly,05,calibration,True,,False,monthly,05,1.0,0.306,536,535,620,535,0,0,0,230.5,30.78501898684353,pearson3,2756.1033565849766,0.05781994049048722,0.053371404322294036,3.0,genextreme,2002.7296579870494,0.04429959436963393,0.2374179508418679,3.0
QDM_P_monthly,ACCESS-ESM1-5,500006,parametric,monthly,05,validation,True,,False,monthly,05,1.0,0.306,536,535,434,371,0,0,0,230.5,26.790627661727974,pearson3,2756.1033565849766,0.05781994049048722,0.053371404322294036,3.0,genextreme,2002.7296579870494,0.04429959436963393,0.2374179508418679,3.0
QDM_P_monthly,ACCESS-ESM1-5,500006,parametric,monthly,06,calibration,True,,False,monthly,06,1.0,0.7396233333333337,541,541,600,541,0,0,0,121.5,22.165311839081635,pearson3,2452.0779216940787,0.040816859098591673,0.31958307072879166,3.0,pearson3,3444.967508675434,0.02605132443890046,0.846732840938738,3.0
QDM_P_monthly,ACCESS-ESM1-5,500006,parametric,monthly,06,validation,True,,False,monthly,06,1.0,0.7396233333333337,541,541,420,394,0,0,0,121.5,55.89935564867983,pearson3,2452.0779216940787,0.040816859098591673,0.31958307072879166,3.0,pearson3,3444.967508675434,0.02605132443890046,0.846732840938738,3.0
QDM_P_monthly,ACCESS-ESM1-5,500006,parametric,monthly,07,calibration,True,,False,monthly,07,1.0,0.6944354838709673,585,585,620,585,0,0,0,181.5,29.541034825563738,pearson3,2872.628972061516,0.03593117428945791,0.42689361377335056,3.0,pearson3,3771.958886057431,0.05238564984934063,0.07781846920682634,3.0
QDM_P_monthly,ACCESS-ESM1-5,500006,parametric,monthly,07,validation,True,,False,monthly,07,1.0,0.6944354838709673,585,585,434,398,0,0,0,181.5,29.058625734447407,pearson3,2872.628972061516,0.03593117428945791,0.42689361377335056,3.0,pearson3,3771.958886057431,0.05238564984934063,0.07781846920682634,3.0
QDM_P_monthly,ACCESS-ESM1-5,500006,parametric,monthly,08,calibration,True,,False,monthly,08,1.0,0.33558870967741977,603,603,620,603,0,0,0,217.0,31.8788976330119,pearson3,3208.159944729687,0.03730988937765378,0.3618830940487461,3.0,pearson3,3705.169824433274,0.0599366353457898,0.02519400770009006,3.0
QDM_P_monthly,ACCESS-ESM1-5,500006,parametric,monthly,08,validation,True,,False,monthly,08,1.0,0.33558870967741977,603,603,434,425,0,0,0,217.0,36.49390490575946,pearson3,3208.159944729687,0.03730988937765378,0.3618830940487461,3.0,pearson3,3705.169824433274,0.0599366353457898,0.02519400770009006,3.0
QDM_P_monthly,ACCESS-ESM1-5,500006,parametric,monthly,09,calibration,True,,False,monthly,09,1.0,0.41328000000000037,582,582,600,582,0,0,0,214.0,52.623220494306636,pearson3,3225.8725142494022,0.04271835919947137,0.23198505803649683,3.0,pearson3,3581.4171749419784,0.034610496198819174,0.4778860967295563,3.0
QDM_P_monthly,ACCESS-ESM1-5,500006,parametric,monthly,09,validation,True,,False,monthly,09,1.0,0.41328000000000037,582,582,420,403,0,0,0,214.0,39.35960990233522,pearson3,3225.8725142494022,0.04271835919947137,0.23198505803649683,3.0,pearson3,3581.4171749419784,0.034610496198819174,0.4778860967295563,3.0
QDM_P_monthly,ACCESS-ESM1-5,500006,parametric,monthly,10,calibration,True,,False,monthly,10,1.0,0.5225306451612904,523,523,620,523,0,0,0,170.5,15.611389987886545,pearson3,2517.5739897662597,0.09059362091553883,0.00034769346055557815,3.0,genextreme,2709.5785954930025,0.06606861164394795,0.019855021001447707,3.0
QDM_P_monthly,ACCESS-ESM1-5,500006,parametric,monthly,10,validation,True,,False,monthly,10,1.0,0.5225306451612904,523,523,434,400,3,0,0,170.5,13.250962368470846,pearson3,2517.5739897662597,0.09059362091553883,0.00034769346055557815,3.0,genextreme,2709.5785954930025,0.06606861164394795,0.019855021001447707,3.0
QDM_P_monthly,ACCESS-ESM1-5,500006,parametric,monthly,11,calibration,True,,False,monthly,11,1.0,1.1211266666666666,268,268,600,268,0,0,0,176.5,11.055907676844733,pearson3,877.7331662940553,0.06716417910335874,0.17022991218843664,3.0,genextreme,1010.7352615542875,0.04681193250190857,0.5831800274822758,3.0
QDM_P_monthly,ACCESS-ESM1-5,500006,parametric,monthly,11,validation,True,,False,monthly,11,1.0,1.1211266666666666,268,268,420,216,11,0,0,176.5,6.146331141887471,pearson3,877.7331662940553,0.06716417910335874,0.17022991218843664,3.0,genextreme,1010.7352615542875,0.04681193250190857,0.5831800274822758,3.0
QDM_P_monthly,ACCESS-ESM1-5,500006,parametric,monthly,12,calibration,True,,False,monthly,12,1.0,1.632522580645161,81,81,620,81,0,0,0,147.5,10.360048230473954,pearson3,-42.23101366981964,0.12998256287363397,0.11837671987012233,3.0,pearson3,71.68525449293769,0.07025993622064972,0.7924542144942557,3.0
QDM_P_monthly,ACCESS-ESM1-5,500006,parametric,monthly,12,validation,True,,False,monthly,12,1.0,1.632522580645161,81,81,434,75,0,0,0,147.5,12.87880292033485,pearson3,-42.23101366981964,0.12998256287363397,0.11837671987012233,3.0,pearson3,71.68525449293769,0.07025993622064972,0.7924542144942557,3.0
QDM_P_monthly,ACCESS-ESM1-5,500007,parametric,monthly,01,calibration,True,,False,monthly,01,1.0,2.324014516129031,37,37,620,37,0,0,0,213.0,29.16246001777846,pearson3,168.4446949987481,0.11466364736560175,0.6730438713987091,3.0,pearson3,44.523150488006465,0.1288856653317812,0.5283477246161575,3.0
QDM_P_monthly,ACCESS-ESM1-5,500007,parametric,monthly,01,validation,True,,False,monthly,01,1.0,2.324014516129031,37,37,434,41,0,0,0,213.0,58.22406185999821,pearson3,168.4446949987481,0.11466364736560175,0.6730438713987091,3.0,pearson3,44.523150488006465,0.1288856653317812,0.5283477246161575,3.0
QDM_P_monthly,ACCESS-ESM1-5,500007,parametric,monthly,02,calibration,True,,False,monthly,02,1.0,2.3100035398230085,63,63,565,63,0,0,0,110.0,23.82756634480401,pearson3,297.4733327400486,0.11023367547711171,0.39927768570164435,3.0,pearson3,86.0105870400551,0.07175793582055084,0.8786511130571493,3.0
QDM_P_monthly,ACCESS-ESM1-5,500007,parametric,monthly,02,validation,True,,False,monthly,02,1.0,2.3100035398230085,63,63,395,39,0,0,0,110.0,48.27261203893266,pearson3,297.4733327400486,0.11023367547711171,0.39927768570164435,3.0,pearson3,86.0105870400551,0.07175793582055084,0.8786511130571493,3.0
QDM_P_monthly,ACCESS-ESM1-5,500007,parametric,monthly,03,calibration,True,,False,monthly,03,1.0,1.5951854838709676,115,115,620,115,0,0,0,206.0,31.57246376073468,pearson3,411.1466651575097,0.0941840638196651,0.24369974456592436,3.0,pearson3,146.69752920740535,0.05958513136222976,0.7862268405829707,3.0
QDM_P_monthly,ACCESS-ESM1-5,500007,parametric,monthly,03,validation,True,,False,monthly,03,1.0,1.5951854838709676,115,115,434,111,0,0,0,206.0,58.428081004972675,pearson3,411.1466651575097,0.0941840638196651,0.24369974456592436,3.0,pearson3,146.69752920740535,0.05958513136222976,0.7862268405829707,3.0
QDM_P_monthly,ACCESS-ESM1-5,500007,parametric,monthly,04,calibration,True,,False,monthly,04,1.0,0.9584233333333333,254,254,600,254,0,0,0,194.0,23.553889053600084,pearson3,929.5056531180101,0.08060439167008715,0.06973121516957159,3.0,genextreme,392.6697470761522,0.04283668434110022,0.7231353581001723,3.0
QDM_P_monthly,ACCESS-ESM1-5,500007,parametric,monthly,04,validation,True,,False,monthly,04,1.0,0.9584233333333333,254,254,420,211,1,0,0,194.0,10.64284860388128,pearson3,929.5056531180101,0.08060439167008715,0.06973121516957159,3.0,genextreme,392.6697470761522,0.04283668434110022,0.7231353581001723,3.0
QDM_P_monthly,ACCESS-ESM1-5,500007,parametric,monthly,05,calibration,True,,False,monthly,05,1.0,0.512,488,486,620,486,0,0,0,578.0,27.463817378378636,pearson3,2270.385172747312,0.08925225940357351,0.0007836574498953127,3.0,genextreme,1130.7209778237263,0.032986350545322285,0.6531250217406368,3.0
QDM_P_monthly,ACCESS-ESM1-5,500007,parametric,monthly,05,validation,True,,False,monthly,05,1.0,0.512,488,486,434,302,0,0,0,578.0,30.696164314207,pearson3,2270.385172747312,0.08925225940357351,0.0007836574498953127,3.0,genextreme,1130.7209778237263,0.032986350545322285,0.6531250217406368,3.0
QDM_P_monthly,ACCESS-ESM1-5,500007,parametric,monthly,06,calibration,True,,False,monthly,06,1.0,0.5904900000000001,498,498,600,498,0,0,0,112.5,56.55779041928151,pearson3,2026.6102267878377,0.037530955638952535,0.4731002992920036,3.0,pearson3,2559.035306055278,0.08567306210105274,0.0012516442764349805,3.0
QDM_P_monthly,ACCESS-ESM1-5,500007,parametric,monthly,06,validation,True,,False,monthly,06,1.0,0.5904900000000001,498,498,420,378,0,7,0,112.5,71.91982726061408,pearson3,2026.6102267878377,0.037530955638952535,0.4731002992920036,3.0,pearson3,2559.035306055278,0.08567306210105274,0.0012516442764349805,3.0
QDM_P_monthly,ACCESS-ESM1-5,500007,parametric,monthly,07,calibration,True,,False,monthly,07,1.0,0.7301000000000001,527,527,620,527,0,0,0,151.0,14.80343250860439,pearson3,2423.1614787513004,0.03779378232241176,0.4284713858790885,3.0,genextreme,2518.3544732845326,0.05935254919734234,0.046851903225876956,3.0
QDM_P_monthly,ACCESS-ESM1-5,500007,parametric,monthly,07,validation,True,,False,monthly,07,1.0,0.7301000000000001,527,527,434,368,0,0,0,151.0,24.04214728810937,pearson3,2423.1614787513004,0.03779378232241176,0.4284713858790885,3.0,genextreme,2518.3544732845326,0.05935254919734234,0.046851903225876956,3.0
QDM_P_monthly,ACCESS-ESM1-5,500007,parametric,monthly,08,calibration,True,,False,monthly,08,1.0,0.30892419354838707,573,573,620,573,0,0,0,150.5,17.536821288427852,pearson3,2726.052586504347,0.10160296593396534,1.329908323567206e-05,3.0,genextreme,2313.1596436964505,0.03477416562493968,0.4817603410622635,3.0
QDM_P_monthly,ACCESS-ESM1-5,500007,parametric,monthly,08,validation,True,,False,monthly,08,1.0,0.30892419354838707,573,573,434,411,0,0,0,150.5,15.942352682910258,pearson3,2726.052586504347,0.10160296593396534,1.329908323567206e-05,3.0,genextreme,2313.1596436964505,0.03477416562493968,0.4817603410622635,3.0
QDM_P_monthly,ACCESS-ESM1-5,500007,parametric,monthly,09,calibration,True,,False,monthly,09,1.0,0.4340999999999997,555,555,600,555,0,0,0,185.0,20.469495928811607,pearson3,2786.0445232871616,0.031285504584665974,0.6373103131579861,3.0,genextreme,2574.008607769023,0.04365941758250669,0.23376697030459914,3.0
QDM_P_monthly,ACCESS-ESM1-5,500007,parametric,monthly,09,validation,True,,False,monthly,09,1.0,0.4340999999999997,555,555,420,393,0,0,0,185.0,23.90875229218727,pearson3,2786.0445232871616,0.031285504584665974,0.6373103131579861,3.0,genextreme,2574.008607769023,0.04365941758250669,0.23376697030459914,3.0
QDM_P_monthly,ACCESS-ESM1-5,500007,parametric,monthly,10,calibration,True,,False,monthly,10,1.0,0.5003661290322581,489,489,620,489,0,0,0,732.5,28.682219989379863,pearson3,2550.6827892995675,0.058793981888735525,0.06535886689354042,3.0,genextreme,1861.127862861345,0.04357575851407419,0.3022832126684629,3.0
QDM_P_monthly,ACCESS-ESM1-5,500007,parametric,monthly,10,validation,True,,False,monthly,10,1.0,0.5003661290322581,489,489,434,388,8,0,0,732.5,20.37777913246638,pearson3,2550.6827892995675,0.058793981888735525,0.06535886689354042,3.0,genextreme,1861.127862861345,0.04357575851407419,0.3022832126684629,3.0
QDM_P_monthly,ACCESS-ESM1-5,500007,parametric,monthly,11,calibration,True,,False,monthly,11,1.0,1.2928333333333333,220,220,600,220,0,0,0,591.5,42.8783883265961,pearson3,987.5069956298541,0.08337621853285004,0.08865940759924407,3.0,genextreme,696.9777644555185,0.043403543312999004,0.7848602215497856,3.0
QDM_P_monthly,ACCESS-ESM1-5,500007,parametric,monthly,11,validation,True,,False,monthly,11,1.0,1.2928333333333333,220,220,420,194,12,0,0,591.5,23.765163256711308,pearson3,987.5069956298541,0.08337621853285004,0.08865940759924407,3.0,genextreme,696.9777644555185,0.043403543312999004,0.7848602215497856,3.0
QDM_P_monthly,ACCESS-ESM1-5,500007,parametric,monthly,12,calibration,True,,False,monthly,12,1.0,2.0235967741935488,55,55,620,55,0,0,0,94.5,11.95717076387585,pearson3,72.92561494139363,0.2621907596624113,0.0007966562178873815,3.0,pearson3,71.79558782975278,0.09668394537066188,0.6471413135650985,3.0
QDM_P_monthly,ACCESS-ESM1-5,500007,parametric,monthly,12,validation,True,,False,monthly,12,1.0,2.0235967741935488,55,55,434,49,0,0,0,94.5,38.00071057538021,pearson3,72.92561494139363,0.2621907596624113,0.0007966562178873815,3.0,pearson3,71.79558782975278,0.09668394537066188,0.6471413135650985,3.0
QDM_P_monthly,ACCESS-ESM1-5,500008,parametric,monthly,01,calibration,True,,False,monthly,01,1.0,2.1401645161290324,51,51,620,51,0,0,0,31.0,8.07636316673021,pearson3,91.78366691511299,0.17333558544302147,0.08248615615531885,3.0,pearson3,68.42339029543298,0.10037887224195718,0.646158330688384,3.0
QDM_P_monthly,ACCESS-ESM1-5,500008,parametric,monthly,01,validation,True,,False,monthly,01,1.0,2.1401645161290324,51,51,434,52,0,0,0,31.0,15.927895577610592,pearson3,91.78366691511299,0.17333558544302147,0.08248615615531885,3.0,pearson3,68.42339029543298,0.10037887224195718,0.646158330688384,3.0
QDM_P_monthly,ACCESS-ESM1-5,500008,parametric,monthly,02,calibration,True,,False,monthly,02,1.0,2.259116814159292,66,66,565,66,0,0,0,63.5,10.155728284133126,pearson3,192.71837283498857,0.0952711508452513,0.5546853557642585,3.0,pearson3,97.11303435885533,0.0668707917971652,0.910173389777479,3.0
QDM_P_monthly,ACCESS-ESM1-5,500008,parametric,monthly,02,validation,True,,False,monthly,02,1.0,2.259116814159292,66,66,395,44,0,0,0,63.5,20.105404963180522,pearson3,192.71837283498857,0.0952711508452513,0.5546853557642585,3.0,pearson3,97.11303435885533,0.0668707917971652,0.910173389777479,3.0
QDM_P_monthly,ACCESS-ESM1-5,500008,parametric,monthly,03,calibration,True,,False,monthly,03,1.0,1.4644709677419354,146,146,620,146,0,0,0,125.5,14.991032158471366,pearson3,328.672896529014,0.0879196981632061,0.19709881730662382,3.0,pearson3,171.4930749072944,0.04585968240157906,0.9045689139342087,3.0
QDM_P_monthly,ACCESS-ESM1-5,500008,parametric,monthly,03,validation,True,,False,monthly,03,1.0,1.4644709677419354,146,146,434,131,0,0,0,125.5,26.94216615671367,pearson3,328.672896529014,0.0879196981632061,0.19709881730662382,3.0,pearson3,171.4930749072944,0.04585968240157906,0.9045689139342087,3.0
QDM_P_monthly,ACCESS-ESM1-5,500008,parametric,monthly,04,calibration,True,,False,monthly,04,1.0,0.7325383333333333,323,323,600,323,0,0,0,119.0,30.543772429327845,pearson3,897.9651164548239,0.17524616101747997,3.801034205555541e-09,3.0,pearson3,534.4201965874928,0.06859919106577461,0.09128245057727635,3.0
QDM_P_monthly,ACCESS-ESM1-5,500008,parametric,monthly,04,validation,True,,False,monthly,04,1.0,0.7325383333333333,323,323,420,264,0,0,0,119.0,21.702197106516287,pearson3,897.9651164548239,0.17524616101747997,3.801034205555541e-09,3.0,pearson3,534.4201965874928,0.06859919106577461,0.09128245057727635,3.0
QDM_P_monthly,ACCESS-ESM1-5,500008,parametric,monthly,05,calibration,True,,False,monthly,05,1.0,0.25971451612903235,561,561,620,561,0,0,0,340.0,38.53395247138431,pearson3,2800.600210618363,0.05543972045363943,0.06121295812215022,3.0,genextreme,1394.9985649181472,0.04199233903967553,0.26827337878005963,3.0
QDM_P_monthly,ACCESS-ESM1-5,500008,parametric,monthly,05,validation,True,,False,monthly,05,1.0,0.25971451612903235,561,561,434,370,0,0,0,340.0,47.18150519387595,pearson3,2800.600210618363,0.05543972045363943,0.06121295812215022,3.0,genextreme,1394.9985649181472,0.04199233903967553,0.26827337878005963,3.0
QDM_P_monthly,ACCESS-ESM1-5,500008,parametric,monthly,06,calibration,True,,False,monthly,06,1.0,0.2608599999999999,558,558,600,558,0,0,0,148.5,12.848053582304415,pearson3,2535.2957994753297,0.040394318897347625,0.3139265260534244,3.0,genextreme,2788.9011262366766,0.06059345445089159,0.031857812529894836,3.0
QDM_P_monthly,ACCESS-ESM1-5,500008,parametric,monthly,06,validation,True,,False,monthly,06,1.0,0.2608599999999999,558,558,420,405,0,0,0,148.5,16.689098430084115,pearson3,2535.2957994753297,0.040394318897347625,0.3139265260534244,3.0,genextreme,2788.9011262366766,0.06059345445089159,0.031857812529894836,3.0
QDM_P_monthly,ACCESS-ESM1-5,500008,parametric,monthly,07,calibration,True,,False,monthly,07,1.0,0.30063225806451604,601,601,620,601,0,0,0,108.5,15.410088543312959,pearson3,2822.960734433751,0.034315418445785784,0.46841733013069875,3.0,genextreme,2840.812398092975,0.050909163975868754,0.08570804497191253,3.0
QDM_P_monthly,ACCESS-ESM1-5,500008,parametric,monthly,07,validation,True,,False,monthly,07,1.0,0.30063225806451604,601,601,434,415,0,0,0,108.5,23.777476748974998,pearson3,2822.960734433751,0.034315418445785784,0.46841733013069875,3.0,genextreme,2840.812398092975,0.050909163975868754,0.08570804497191253,3.0
QDM_P_monthly,ACCESS-ESM1-5,500008,parametric,monthly,08,calibration,True,,False,monthly,08,1.0,0.1334677419354836,610,610,620,610,0,0,0,153.0,19.546307865632482,pearson3,3067.597441795612,0.026296282086565093,0.7825560297299732,3.0,genextreme,2473.7544006233948,0.03969746563525145,0.284007513373857,3.0
QDM_P_monthly,ACCESS-ESM1-5,500008,parametric,monthly,08,validation,True,,False,monthly,08,1.0,0.1334677419354836,610,610,434,427,0,0,0,153.0,16.675935539878807,pearson3,3067.597441795612,0.026296282086565093,0.7825560297299732,3.0,genextreme,2473.7544006233948,0.03969746563525145,0.284007513373857,3.0
QDM_P_monthly,ACCESS-ESM1-5,500008,parametric,monthly,09,calibration,True,,False,monthly,09,1.0,0.08988500000000006,597,597,600,597,0,0,0,151.0,23.491810613055428,pearson3,3280.1334304976954,0.033167539282248804,0.5165490182028534,3.0,genextreme,2782.502842367994,0.034996043636164265,0.4475460817828115,3.0
QDM_P_monthly,ACCESS-ESM1-5,500008,parametric,monthly,09,validation,True,,False,monthly,09,1.0,0.08988500000000006,597,597,420,414,0,0,0,151.0,15.223296015320177,pearson3,3280.1334304976954,0.033167539282248804,0.5165490182028534,3.0,genextreme,2782.502842367994,0.034996043636164265,0.4475460817828115,3.0
QDM_P_monthly,ACCESS-ESM1-5,500008,parametric,monthly,10,calibration,True,,False,monthly,10,1.0,0.28639032258064495,557,557,620,557,0,0,0,239.5,28.507185022392836,pearson3,2955.116810997827,0.06547971583240009,0.016089537246937985,3.0,genextreme,2058.2691578018726,0.03827771759150961,0.3785605670350396,3.0
QDM_P_monthly,ACCESS-ESM1-5,500008,parametric,monthly,10,validation,True,,False,monthly,10,1.0,0.28639032258064495,557,557,434,406,0,0,0,239.5,38.920962322771494,pearson3,2955.116810997827,0.06547971583240009,0.016089537246937985,3.0,genextreme,2058.2691578018726,0.03827771759150961,0.3785605670350396,3.0
QDM_P_monthly,ACCESS-ESM1-5,500008,parametric,monthly,11,calibration,True,,False,monthly,11,1.0,0.738,338,336,600,336,0,0,0,218.0,14.390381015140235,pearson3,1131.4789475440405,0.08553334978043675,0.013374850438695013,3.0,genextreme,1010.1049574162384,0.05439016719591944,0.2635867963871865,3.0
QDM_P_monthly,ACCESS-ESM1-5,500008,parametric,monthly,11,validation,True,,False,monthly,11,1.0,0.738,338,336,420,287,0,0,0,218.0,10.512606994836,pearson3,1131.4789475440405,0.08553334978043675,0.013374850438695013,3.0,genextreme,1010.1049574162384,0.05439016719591944,0.2635867963871865,3.0
QDM_P_monthly,ACCESS-ESM1-5,500008,parametric,monthly,12,calibration,True,,False,monthly,12,1.0,1.3424225806451613,147,147,620,147,0,0,0,55.5,7.648115903471471,pearson3,75.33748139989854,0.11564625849877468,0.03608206751302978,3.0,pearson3,189.93566276792095,0.035052724902058546,0.9908482665600485,3.0
QDM_P_monthly,ACCESS-ESM1-5,500008,parametric,monthly,12,validation,True,,False,monthly,12,1.0,1.3424225806451613,147,147,434,124,0,0,0,55.5,21.355930940267562,pearson3,75.33748139989854,0.11564625849877468,0.03608206751302978,3.0,pearson3,189.93566276792095,0.035052724902058546,0.9908482665600485,3.0
QDM_P_monthly,ACCESS-ESM1-5,500009,parametric,monthly,01,calibration,True,,False,monthly,01,1.0,2.2398451612903236,44,44,620,44,0,0,0,83.5,5.471670639786785,pearson3,69.29104749095222,0.11639251606219836,0.5510570525220178,3.0,pearson3,43.850656561405245,0.10066341499656922,0.7262389251241872,3.0
QDM_P_monthly,ACCESS-ESM1-5,500009,parametric,monthly,01,validation,True,,False,monthly,01,1.0,2.2398451612903236,44,44,434,45,0,0,0,83.5,10.521399857536899,pearson3,69.29104749095222,0.11639251606219836,0.5510570525220178,3.0,pearson3,43.850656561405245,0.10066341499656922,0.7262389251241872,3.0
QDM_P_monthly,ACCESS-ESM1-5,500009,parametric,monthly,02,calibration,True,,False,monthly,02,1.0,2.3100035398230085,63,63,565,63,0,0,0,80.0,14.435509062453876,pearson3,133.96317780593708,0.07331255997961822,0.8626009340561426,3.0,pearson3,86.0105870400551,0.07175793582055084,0.8786511130571493,3.0
QDM_P_monthly,ACCESS-ESM1-5,500009,parametric,monthly,02,validation,True,,False,monthly,02,1.0,2.3100035398230085,63,63,395,39,0,0,0,80.0,29.93888748609807,pearson3,133.96317780593708,0.07331255997961822,0.8626009340561426,3.0,pearson3,86.0105870400551,0.07175793582055084,0.8786511130571493,3.0
QDM_P_monthly,ACCESS-ESM1-5,500009,parametric,monthly,03,calibration,True,,False,monthly,03,1.0,1.5422096774193548,130,130,620,130,0,0,0,88.5,15.427138422881214,pearson3,292.01192139068405,0.08922913252750081,0.23734304045117605,3.0,pearson3,144.3761098435013,0.08650367326666242,0.26916389372362926,3.0
QDM_P_monthly,ACCESS-ESM1-5,500009,parametric,monthly,03,validation,True,,False,monthly,03,1.0,1.5422096774193548,130,130,434,118,0,0,0,88.5,27.473906237584668,pearson3,292.01192139068405,0.08922913252750081,0.23734304045117605,3.0,pearson3,144.3761098435013,0.08650367326666242,0.26916389372362926,3.0
QDM_P_monthly,ACCESS-ESM1-5,500009,parametric,monthly,04,calibration,True,,False,monthly,04,1.0,0.8084950000000001,297,297,600,297,0,0,0,125.5,23.395488934608338,pearson3,1240.8083886667712,0.043771043771025836,0.6040375106272022,3.0,genextreme,478.62022261479194,0.035015169083940756,0.8469366253565831,3.0
QDM_P_monthly,ACCESS-ESM1-5,500009,parametric,monthly,04,validation,True,,False,monthly,04,1.0,0.8084950000000001,297,297,420,251,1,0,0,125.5,11.439138479330138,pearson3,1240.8083886667712,0.043771043771025836,0.6040375106272022,3.0,genextreme,478.62022261479194,0.035015169083940756,0.8469366253565831,3.0
QDM_P_monthly,ACCESS-ESM1-5,500009,parametric,monthly,05,calibration,True,,False,monthly,05,1.0,0.329,541,539,620,539,0,0,0,244.0,37.62107032223664,pearson3,2745.086314609157,0.033632005262514336,0.5616348504403869,3.0,genextreme,1313.8923399130183,0.037456902013344284,0.42568237084651894,3.0
QDM_P_monthly,ACCESS-ESM1-5,500009,parametric,monthly,05,validation,True,,False,monthly,05,1.0,0.329,541,539,434,347,0,0,0,244.0,43.05741299020943,pearson3,2745.086314609157,0.033632005262514336,0.5616348504403869,3.0,genextreme,1313.8923399130183,0.037456902013344284,0.42568237084651894,3.0
QDM_P_monthly,ACCESS-ESM1-5,500009,parametric,monthly,06,calibration,True,,False,monthly,06,1.0,0.3069116666666667,547,547,600,547,0,0,0,114.0,13.148263125207476,pearson3,2472.6351043791647,0.03372361244983191,0.5510899755477121,3.0,genextreme,2744.335452091638,0.06303889917360572,0.02476188185926087,3.0
QDM_P_monthly,ACCESS-ESM1-5,500009,parametric,monthly,06,validation,True,,False,monthly,06,1.0,0.3069116666666667,547,547,420,402,0,0,0,114.0,18.280251508301802,pearson3,2472.6351043791647,0.03372361244983191,0.5510899755477121,3.0,genextreme,2744.335452091638,0.06303889917360572,0.02476188185926087,3.0
QDM_P_monthly,ACCESS-ESM1-5,500009,parametric,monthly,07,calibration,True,,False,monthly,07,1.0,0.3559096774193548,592,592,620,592,0,0,0,217.0,18.412468710671625,pearson3,2837.2359419122713,0.03401528484407022,0.48934249144815223,3.0,genextreme,2798.8784648676765,0.052195962023947606,0.07667477028552727,3.0
QDM_P_monthly,ACCESS-ESM1-5,500009,parametric,monthly,07,validation,True,,False,monthly,07,1.0,0.3559096774193548,592,592,434,411,0,0,0,217.0,28.237857097651855,pearson3,2837.2359419122713,0.03401528484407022,0.48934249144815223,3.0,genextreme,2798.8784648676765,0.052195962023947606,0.07667477028552727,3.0
QDM_P_monthly,ACCESS-ESM1-5,500009,parametric,monthly,08,calibration,True,,False,monthly,08,1.0,0.18367096774193578,603,603,620,603,0,0,0,201.0,22.718955350674293,pearson3,3168.363715877365,0.0324469939560192,0.5385312684722404,3.0,genextreme,2439.9227079115276,0.03737069005926358,0.35992745830410133,3.0
QDM_P_monthly,ACCESS-ESM1-5,500009,parametric,monthly,08,validation,True,,False,monthly,08,1.0,0.18367096774193578,603,603,434,422,0,0,0,201.0,19.43635124589229,pearson3,3168.363715877365,0.0324469939560192,0.5385312684722404,3.0,genextreme,2439.9227079115276,0.03737069005926358,0.35992745830410133,3.0
QDM_P_monthly,ACCESS-ESM1-5,500009,parametric,monthly,09,calibration,True,,False,monthly,09,1.0,0.20095666666666662,587,587,600,587,0,0,0,157.5,24.689282115321504,pearson3,3217.7038579097025,0.02729107140499612,0.7637302510291208,3.0,genextreme,2730.1132250031387,0.03703815971896263,0.38699289661401415,3.0
QDM_P_monthly,ACCESS-ESM1-5,500009,parametric,monthly,09,validation,True,,False,monthly,09,1.0,0.20095666666666662,587,587,420,407,0,0,0,157.5,30.60965887135638,pearson3,3217.7038579097025,0.02729107140499612,0.7637302510291208,3.0,genextreme,2730.1132250031387,0.03703815971896263,0.38699289661401415,3.0
QDM_P_monthly,ACCESS-ESM1-5,500009,parametric,monthly,10,calibration,True,,False,monthly,10,1.0,0.3777258064516129,535,535,620,535,0,0,0,199.5,24.514825169990644,pearson3,2681.500265850462,0.040089050820163646,0.34700957582261804,3.0,genextreme,1984.3597871154748,0.04622012124762076,0.19698963833215366,3.0
QDM_P_monthly,ACCESS-ESM1-5,500009,parametric,monthly,10,validation,True,,False,monthly,10,1.0,0.3777258064516129,535,535,434,395,0,0,0,199.5,33.045954086377606,pearson3,2681.500265850462,0.040089050820163646,0.34700957582261804,3.0,genextreme,1984.3597871154748,0.04622012124762076,0.19698963833215366,3.0
QDM_P_monthly,ACCESS-ESM1-5,500009,parametric,monthly,11,calibration,True,,False,monthly,11,1.0,0.9164183333333334,293,293,600,293,0,0,0,127.0,17.392792834814227,pearson3,772.3726895132086,0.08801862987109607,0.02004154244443969,3.0,genextreme,894.9772423500656,0.04330690733224357,0.6258463775004561,3.0
QDM_P_monthly,ACCESS-ESM1-5,500009,parametric,monthly,11,validation,True,,False,monthly,11,1.0,0.9164183333333334,293,293,420,255,0,0,0,127.0,13.150595889481954,pearson3,772.3726895132086,0.08801862987109607,0.02004154244443969,3.0,genextreme,894.9772423500656,0.04330690733224357,0.6258463775004561,3.0
QDM_P_monthly,ACCESS-ESM1-5,500009,parametric,monthly,12,calibration,True,,False,monthly,12,1.0,1.5856064516129045,101,101,620,101,0,0,0,62.0,6.470171183955237,pearson3,35.54121049426216,0.14668394451972214,0.02321849141104826,3.0,pearson3,134.24925101312024,0.04115497312500893,0.9928978320831938,3.0
QDM_P_monthly,ACCESS-ESM1-5,500009,parametric,monthly,12,validation,True,,False,monthly,12,1.0,1.5856064516129045,101,101,434,85,0,0,0,62.0,20.307335267658917,pearson3,35.54121049426216,0.14668394451972214,0.02321849141104826,3.0,pearson3,134.24925101312024,0.04115497312500893,0.9928978320831938,3.0
QDM_P_monthly,ACCESS-ESM1-5,500201,parametric,monthly,01,calibration,True,,False,monthly,01,1.0,2.2205999999999984,32,32,620,32,0,0,0,436.0,74.82110950312641,pearson3,173.9088615641135,0.14382129455325593,0.4785252812774555,3.0,pearson3,37.24964956491254,0.10075253427265407,0.869310751700272,3.0
QDM_P_monthly,ACCESS-ESM1-5,500201,parametric,monthly,01,validation,True,,False,monthly,01,1.0,2.2205999999999984,32,32,434,30,0,0,0,436.0,259.289732661709,pearson3,173.9088615641135,0.14382129455325593,0.4785252812774555,3.0,pearson3,37.24964956491254,0.10075253427265407,0.869310751700272,3.0
QDM_P_monthly,ACCESS-ESM1-5,500201,parametric,monthly,02,calibration,True,,False,monthly,02,1.0,2.3422548672566377,49,49,565,49,0,0,0,216.5,69.83246356005479,pearson3,309.51979595541866,0.11746779752555936,0.47293702645120395,3.0,pearson3,66.42503726410773,0.10451868771118933,0.6204566576720649,3.0
QDM_P_monthly,ACCESS-ESM1-5,500201,parametric,monthly,02,validation,True,,False,monthly,02,1.0,2.3422548672566377,49,49,395,34,0,0,0,216.5,53.97749572197808,pearson3,309.51979595541866,0.11746779752555936,0.47293702645120395,3.0,pearson3,66.42503726410773,0.10451868771118933,0.6204566576720649,3.0
QDM_P_monthly,ACCESS-ESM1-5,500201,parametric,monthly,03,calibration,True,,False,monthly,03,1.0,2.0918645161290326,68,68,620,68,0,0,0,395.0,50.81752733225142,pearson3,457.90614396648516,0.08900115371482376,0.6219801731069097,3.0,pearson3,71.66737772676223,0.06884354923553421,0.8818282536432048,3.0
QDM_P_monthly,ACCESS-ESM1-5,500201,parametric,monthly,03,validation,True,,False,monthly,03,1.0,2.0918645161290326,68,68,434,57,0,0,0,395.0,80.7872066883096,pearson3,457.90614396648516,0.08900115371482376,0.6219801731069097,3.0,pearson3,71.66737772676223,0.06884354923553421,0.8818282536432048,3.0
QDM_P_monthly,ACCESS-ESM1-5,500201,parametric,monthly,04,calibration,True,,False,monthly,04,1.0,1.8047766666666665,82,82,600,82,0,0,0,326.5,147.318189922682,pearson3,541.5642294126924,0.049113220125760804,0.9834571404350555,3.0,pearson3,219.18011916683946,0.13601448032874636,0.0874856346135241,3.0
QDM_P_monthly,ACCESS-ESM1-5,500201,parametric,monthly,04,validation,True,,False,monthly,04,1.0,1.8047766666666665,82,82,420,90,0,0,0,326.5,36.12821739886282,pearson3,541.5642294126924,0.049113220125760804,0.9834571404350555,3.0,pearson3,219.18011916683946,0.13601448032874636,0.0874856346135241,3.0
QDM_P_monthly,ACCESS-ESM1-5,500201,parametric,monthly,05,calibration,True,,False,monthly,05,1.0,1.9168806451612905,182,182,620,182,0,0,0,986.5,32.95058425737204,pearson3,1222.4262302559464,0.08387010326598399,0.14594101863021425,3.0,genextreme,978.9972668224955,0.09400579554066857,0.07510975226472016,3.0
QDM_P_monthly,ACCESS-ESM1-5,500201,parametric,monthly,05,validation,True,,False,monthly,05,1.0,1.9168806451612905,182,182,434,124,8,0,0,986.5,16.769764573767738,pearson3,1222.4262302559464,0.08387010326598399,0.14594101863021425,3.0,genextreme,978.9972668224955,0.09400579554066857,0.07510975226472016,3.0
QDM_P_monthly,ACCESS-ESM1-5,500201,parametric,monthly,06,calibration,True,,False,monthly,06,1.0,9.448741666666665,205,205,600,205,0,0,0,218.5,42.1966171106952,pearson3,1062.366318963875,0.04878048780402765,0.6950709053059428,3.0,pearson3,1410.8775482191872,0.046945118346603754,0.7387081024375481,3.0
QDM_P_monthly,ACCESS-ESM1-5,500201,parametric,monthly,06,validation,True,,False,monthly,06,1.0,9.448741666666665,205,205,420,143,0,0,0,218.5,113.93042210393877,pearson3,1062.366318963875,0.04878048780402765,0.6950709053059428,3.0,pearson3,1410.8775482191872,0.046945118346603754,0.7387081024375481,3.0
QDM_P_monthly,ACCESS-ESM1-5,500201,parametric,monthly,07,calibration,True,,False,monthly,07,1.0,8.892941935483881,228,228,620,228,0,0,0,261.0,47.406755714150904,pearson3,1313.7540729020147,0.09943914642144214,0.02048927683045758,3.0,pearson3,1614.7703560474306,0.05519988804520459,0.4740113112284924,3.0
QDM_P_monthly,ACCESS-ESM1-5,500201,parametric,monthly,07,validation,True,,False,monthly,07,1.0,8.892941935483881,228,228,434,188,0,0,0,261.0,47.334515547840965,pearson3,1313.7540729020147,0.09943914642144214,0.02048927683045758,3.0,pearson3,1614.7703560474306,0.05519988804520459,0.4740113112284924,3.0
QDM_P_monthly,ACCESS-ESM1-5,500201,parametric,monthly,08,calibration,True,,False,monthly,08,1.0,6.740199999999999,248,248,620,248,0,0,0,209.0,36.02202265559032,pearson3,1245.333953874751,0.057609195086117615,0.36880712658901404,3.0,pearson3,1658.4194478235693,0.03467186701335917,0.916525693711914,3.0
QDM_P_monthly,ACCESS-ESM1-5,500201,parametric,monthly,08,validation,True,,False,monthly,08,1.0,6.740199999999999,248,248,434,154,0,0,0,209.0,41.15605462462215,pearson3,1245.333953874751,0.057609195086117615,0.36880712658901404,3.0,pearson3,1658.4194478235693,0.03467186701335917,0.916525693711914,3.0
QDM_P_monthly,ACCESS-ESM1-5,500201,parametric,monthly,09,calibration,True,,False,monthly,09,1.0,7.9732400000000005,216,216,600,216,0,0,0,287.5,66.96447461459445,pearson3,1178.174568152309,0.09605316209947223,0.034705708218622844,3.0,pearson3,1376.2787589462318,0.04187535709225582,0.8276294225911884,3.0
QDM_P_monthly,ACCESS-ESM1-5,500201,parametric,monthly,09,validation,True,,False,monthly,09,1.0,7.9732400000000005,216,216,420,138,0,0,0,287.5,45.110366798886034,pearson3,1178.174568152309,0.09605316209947223,0.034705708218622844,3.0,pearson3,1376.2787589462318,0.04187535709225582,0.8276294225911884,3.0
QDM_P_monthly,ACCESS-ESM1-5,500201,parametric,monthly,10,calibration,True,,False,monthly,10,1.0,2.93919193548387,257,257,620,257,0,0,0,1484.5,145.70837487402127,pearson3,1826.7965757109462,0.07772841544444925,0.08494554898874707,3.0,pearson3,1474.757670528813,0.03337711388722364,0.9277368274709397,3.0
QDM_P_monthly,ACCESS-ESM1-5,500201,parametric,monthly,10,validation,True,,False,monthly,10,1.0,2.93919193548387,257,257,434,273,0,0,0,1484.5,138.0937487114654,pearson3,1826.7965757109462,0.07772841544444925,0.08494554898874707,3.0,pearson3,1474.757670528813,0.03337711388722364,0.9277368274709397,3.0
QDM_P_monthly,ACCESS-ESM1-5,500201,parametric,monthly,11,calibration,True,,False,monthly,11,1.0,2.1115800000000005,129,129,600,129,0,0,0,1200.5,163.60662511205854,pearson3,1066.2234050593017,0.06704410204758793,0.5842545647400044,3.0,pearson3,603.5939495603809,0.07896868558341258,0.3773360208498031,3.0
QDM_P_monthly,ACCESS-ESM1-5,500201,parametric,monthly,11,validation,True,,False,monthly,11,1.0,2.1115800000000005,129,129,420,127,0,0,0,1200.5,144.28550963142877,pearson3,1066.2234050593017,0.06704410204758793,0.5842545647400044,3.0,pearson3,603.5939495603809,0.07896868558341258,0.3773360208498031,3.0
QDM_P_monthly,ACCESS-ESM1-5,500201,parametric,monthly,12,calibration,False,"insufficient wet days obs=23, model=23",True,annual,all,1.0,2.3201854838709672,23,23,620,3,0,0,0,,,,,,,,,,,,
QDM_P_monthly,ACCESS-ESM1-5,500201,parametric,monthly,12,validation,False,"insufficient wet days obs=23, model=23",True,annual,all,1.0,2.3201854838709672,23,23,434,2,0,0,0,,,,,,,,,,,,
QDM_P_monthly,ACCESS-ESM1-5,500202,parametric,monthly,01,calibration,False,"insufficient wet days obs=17, model=17",True,annual,all,1.0,2.780438709677419,17,17,620,44,1,0,0,1492.5,9.975242172143234,,,,,,,,,,
QDM_P_monthly,ACCESS-ESM1-5,500202,parametric,monthly,01,validation,False,"insufficient wet days obs=17, model=17",True,annual,all,1.0,2.780438709677419,17,17,434,45,0,0,0,1492.5,18.477828315174893,,,,,,,,,,
QDM_P_monthly,ACCESS-ESM1-5,500202,parametric,monthly,02,calibration,False,"insufficient wet days obs=27, model=27",True,annual,all,1.0,2.888047787610619,27,27,565,69,0,0,0,1492.5,8.70125689288449,,,,,,,,,,
QDM_P_monthly,ACCESS-ESM1-5,500202,parametric,monthly,02,validation,False,"insufficient wet days obs=27, model=27",True,annual,all,1.0,2.888047787610619,27,27,395,44,2,0,0,1492.5,16.54359092211804,,,,,,,,,,
QDM_P_monthly,ACCESS-ESM1-5,500202,parametric,monthly,03,calibration,True,,False,monthly,03,1.0,2.534096774193553,30,30,620,30,0,0,0,880.0,61.364235494177464,pearson3,231.9728575036314,0.1299275279795722,0.6446760336158271,3.0,pearson3,16.059824543534077,0.07806454948424402,0.9863518909067182,3.0
QDM_P_monthly,ACCESS-ESM1-5,500202,parametric,monthly,03,validation,True,,False,monthly,03,1.0,2.534096774193553,30,30,434,36,0,0,0,880.0,107.4090585734389,pearson3,231.9728575036314,0.1299275279795722,0.6446760336158271,3.0,pearson3,16.059824543534077,0.07806454948424402,0.9863518909067182,3.0
QDM_P_monthly,ACCESS-ESM1-5,500202,parametric,monthly,04,calibration,True,,False,monthly,04,1.0,1.903105,63,63,600,63,0,0,0,259.5,53.51937385144307,pearson3,417.01119879329644,0.1573830636047603,0.07889440309124696,3.0,pearson3,120.46372065650912,0.13649893835862392,0.1741418750938416,3.0
QDM_P_monthly,ACCESS-ESM1-5,500202,parametric,monthly,04,validation,True,,False,monthly,04,1.0,1.903105,63,63,420,50,0,0,0,259.5,38.72320901831628,pearson3,417.01119879329644,0.1573830636047603,0.07889440309124696,3.0,pearson3,120.46372065650912,0.13649893835862392,0.1741418750938416,3.0
QDM_P_monthly,ACCESS-ESM1-5,500202,parametric,monthly,05,calibration,True,,False,monthly,05,1.0,1.348,186,185,620,185,0,0,0,1126.5,66.43132745086704,lognorm,1199.2516584933487,0.06200962856375261,0.4537728799803,2.0,genextreme,592.4772277731254,0.04532753223140906,0.8248242925575916,3.0
QDM_P_monthly,ACCESS-ESM1-5,500202,parametric,monthly,05,validation,True,,False,monthly,05,1.0,1.348,186,185,434,114,6,0,0,1126.5,66.56942205843022,lognorm,1199.2516584933487,0.06200962856375261,0.4537728799803,2.0,genextreme,592.4772277731254,0.04532753223140906,0.8248242925575916,3.0
QDM_P_monthly,ACCESS-ESM1-5,500202,parametric,monthly,06,calibration,True,,False,monthly,06,1.0,4.044159999999999,192,192,600,192,0,0,0,267.0,61.7345788999607,pearson3,1056.2219805118882,0.07263753649274779,0.25073494160798837,3.0,pearson3,1206.737670176734,0.04065097100571088,0.8958721642518631,3.0
QDM_P_monthly,ACCESS-ESM1-5,500202,parametric,monthly,06,validation,True,,False,monthly,06,1.0,4.044159999999999,192,192,420,138,0,0,0,267.0,117.72532979824861,pearson3,1056.2219805118882,0.07263753649274779,0.25073494160798837,3.0,pearson3,1206.737670176734,0.04065097100571088,0.8958721642518631,3.0
QDM_P_monthly,ACCESS-ESM1-5,500202,parametric,monthly,07,calibration,True,,False,monthly,07,1.0,3.0696612903225806,206,206,620,206,0,0,0,429.0,50.538337275094555,pearson3,1276.0582451299954,0.05913445192896871,0.4500908431680315,3.0,pearson3,1302.5685744153488,0.07822405879786287,0.15240097598644176,3.0
QDM_P_monthly,ACCESS-ESM1-5,500202,parametric,monthly,07,validation,True,,False,monthly,07,1.0,3.0696612903225806,206,206,434,167,0,0,0,429.0,46.77824495386459,pearson3,1276.0582451299954,0.05913445192896871,0.4500908431680315,3.0,pearson3,1302.5685744153488,0.07822405879786287,0.15240097598644176,3.0
QDM_P_monthly,ACCESS-ESM1-5,500202,parametric,monthly,08,calibration,True,,False,monthly,08,1.0,2.148258064516129,200,200,620,200,0,0,0,262.5,44.10399649534482,pearson3,1039.1124054220447,0.08809886746143214,0.08439555274682309,3.0,pearson3,1118.4135464241913,0.048175556433956435,0.7234015497901847,3.0
QDM_P_monthly,ACCESS-ESM1-5,500202,parametric,monthly,08,validation,True,,False,monthly,08,1.0,2.148258064516129,200,200,434,146,0,0,0,262.5,35.76424406201785,pearson3,1039.1124054220447,0.08809886746143214,0.08439555274682309,3.0,pearson3,1118.4135464241913,0.048175556433956435,0.7234015497901847,3.0
QDM_P_monthly,ACCESS-ESM1-5,500202,parametric,monthly,09,calibration,True,,False,monthly,09,1.0,2.4428466666666666,244,244,600,244,0,0,0,522.5,98.10570572209286,pearson3,1494.1178561589272,0.06748588688940971,0.20685925387646775,3.0,pearson3,1398.3214658660381,0.057395743472179406,0.38305889996967046,3.0
QDM_P_monthly,ACCESS-ESM1-5,500202,parametric,monthly,09,validation,True,,False,monthly,09,1.0,2.4428466666666666,244,244,420,187,0,0,0,522.5,78.67087322016485,pearson3,1494.1178561589272,0.06748588688940971,0.20685925387646775,3.0,pearson3,1398.3214658660381,0.057395743472179406,0.38305889996967046,3.0
QDM_P_monthly,ACCESS-ESM1-5,500202,parametric,monthly,10,calibration,True,,False,monthly,10,1.0,1.468209677419355,250,250,620,250,0,0,0,760.0,309.3849420397359,pearson3,1827.2258763543969,0.08865586755766436,0.036905578801879835,3.0,pearson3,1167.9582954848272,0.08928659851963006,0.03487168684609376,3.0
QDM_P_monthly,ACCESS-ESM1-5,500202,parametric,monthly,10,validation,True,,False,monthly,10,1.0,1.468209677419355,250,250,434,263,0,0,0,760.0,167.79002890745295,pearson3,1827.2258763543969,0.08865586755766436,0.036905578801879835,3.0,pearson3,1167.9582954848272,0.08928659851963006,0.03487168684609376,3.0
QDM_P_monthly,ACCESS-ESM1-5,500202,parametric,monthly,11,calibration,True,,False,monthly,11,1.0,1.9019300000000003,131,131,600,131,0,0,0,1492.5,59.862277766561704,pearson3,976.5510401518726,0.09491810483514296,0.1769105615144163,3.0,genextreme,494.65481087758263,0.051895721804415484,0.8538490504677659,3.0
QDM_P_monthly,ACCESS-ESM1-5,500202,parametric,monthly,11,validation,True,,False,monthly,11,1.0,1.9019300000000003,131,131,420,112,1,0,0,1492.5,34.25912353862074,pearson3,976.5510401518726,0.09491810483514296,0.1769105615144163,3.0,genextreme,494.65481087758263,0.051895721804415484,0.8538490504677659,3.0
QDM_P_monthly,ACCESS-ESM1-5,500202,parametric,monthly,12,calibration,False,"insufficient wet days obs=13, model=13",True,annual,all,1.0,3.0558032258064496,13,13,620,40,0,0,0,1492.5,6.613697119345284,,,,,,,,,,
QDM_P_monthly,ACCESS-ESM1-5,500202,parametric,monthly,12,validation,False,"insufficient wet days obs=13, model=13",True,annual,all,1.0,3.0558032258064496,13,13,434,39,0,0,0,1492.5,15.824055749895962,,,,,,,,,,
QDM_P_monthly,ACCESS-ESM1-5,500301,parametric,monthly,01,calibration,False,"insufficient wet days obs=19, model=18",True,annual,all,1.0,2.754,19,18,620,62,7,0,0,940.0,6.62282439469703,,,,,,,,,,
QDM_P_monthly,ACCESS-ESM1-5,500301,parametric,monthly,01,validation,False,"insufficient wet days obs=19, model=18",True,annual,all,1.0,2.754,19,18,434,66,7,0,0,940.0,12.519459897302358,,,,,,,,,,
QDM_P_monthly,ACCESS-ESM1-5,500301,parametric,monthly,02,calibration,False,"insufficient wet days obs=27, model=27",True,annual,all,1.0,2.888047787610619,27,27,565,93,8,0,0,940.0,7.726015764201158,,,,,,,,,,
QDM_P_monthly,ACCESS-ESM1-5,500301,parametric,monthly,02,validation,False,"insufficient wet days obs=27, model=27",True,annual,all,1.0,2.888047787610619,27,27,395,69,4,0,0,940.0,11.58906873884142,,,,,,,,,,
QDM_P_monthly,ACCESS-ESM1-5,500301,parametric,monthly,03,calibration,True,,False,monthly,03,1.0,2.272903225806449,45,45,620,45,0,0,0,419.0,72.21916379792968,pearson3,301.65498457676523,0.06589496378837079,0.9825347403513511,3.0,pearson3,49.05579169403819,0.0748188059206131,0.9464429797451365,3.0
QDM_P_monthly,ACCESS-ESM1-5,500301,parametric,monthly,03,validation,True,,False,monthly,03,1.0,2.272903225806449,45,45,434,47,0,0,0,419.0,131.45915155299517,pearson3,301.65498457676523,0.06589496378837079,0.9825347403513511,3.0,pearson3,49.05579169403819,0.0748188059206131,0.9464429797451365,3.0
QDM_P_monthly,ACCESS-ESM1-5,500301,parametric,monthly,04,calibration,True,,False,monthly,04,1.0,1.5700800000000001,104,104,600,104,0,0,0,226.0,77.40984305177865,pearson3,552.3908327773015,0.09033962938576079,0.34330816024892163,3.0,pearson3,179.89843571951215,0.11055689480899089,0.14588362666142374,3.0
QDM_P_monthly,ACCESS-ESM1-5,500301,parametric,monthly,04,validation,True,,False,monthly,04,1.0,1.5700800000000001,104,104,420,88,0,0,0,226.0,57.596872891355176,pearson3,552.3908327773015,0.09033962938576079,0.34330816024892163,3.0,pearson3,179.89843571951215,0.11055689480899089,0.14588362666142374,3.0
QDM_P_monthly,ACCESS-ESM1-5,500301,parametric,monthly,05,calibration,True,,False,monthly,05,1.0,1.171383870967742,238,238,620,238,0,0,0,940.0,40.6751354708707,pearson3,1521.805753084061,0.07295370808991863,0.15107413965866212,3.0,genextreme,662.9442992348567,0.054952794904011115,0.45270283930992317,3.0
QDM_P_monthly,ACCESS-ESM1-5,500301,parametric,monthly,05,validation,True,,False,monthly,05,1.0,1.171383870967742,238,238,434,153,0,0,0,940.0,49.07298369632639,pearson3,1521.805753084061,0.07295370808991863,0.15107413965866212,3.0,genextreme,662.9442992348567,0.054952794904011115,0.45270283930992317,3.0
QDM_P_monthly,ACCESS-ESM1-5,500301,parametric,monthly,06,calibration,True,,False,monthly,06,1.0,4.0203283333333335,193,193,600,193,0,0,0,401.5,63.21011887967966,pearson3,1064.0962222451328,0.0904295248203657,0.07998302677034208,3.0,pearson3,1210.1970147089664,0.038126849875856884,0.9315138166902444,3.0
QDM_P_monthly,ACCESS-ESM1-5,500301,parametric,monthly,06,validation,True,,False,monthly,06,1.0,4.0203283333333335,193,193,420,139,0,0,0,401.5,112.63891697013358,pearson3,1064.0962222451328,0.0904295248203657,0.07998302677034208,3.0,pearson3,1210.1970147089664,0.038126849875856884,0.9315138166902444,3.0
QDM_P_monthly,ACCESS-ESM1-5,500301,parametric,monthly,07,calibration,True,,False,monthly,07,1.0,2.409774193548387,240,240,620,240,0,0,0,410.0,79.98660582844629,pearson3,1339.8760266179356,0.043966393002247584,0.7252843395862794,3.0,pearson3,1472.2263185251509,0.0522976057564952,0.5108478288964937,3.0
QDM_P_monthly,ACCESS-ESM1-5,500301,parametric,monthly,07,validation,True,,False,monthly,07,1.0,2.409774193548387,240,240,434,189,0,0,0,410.0,73.56679583921468,pearson3,1339.8760266179356,0.043966393002247584,0.7252843395862794,3.0,pearson3,1472.2263185251509,0.0522976057564952,0.5108478288964937,3.0
QDM_P_monthly,ACCESS-ESM1-5,500301,parametric,monthly,08,calibration,True,,False,monthly,08,1.0,1.9855000000000003,217,217,620,217,0,0,0,363.5,24.901730303123443,pearson3,1220.923923870629,0.08528353019854817,0.08027093963754328,3.0,genextreme,1247.9571125326192,0.08369121503047111,0.09033035131876088,3.0
QDM_P_monthly,ACCESS-ESM1-5,500301,parametric,monthly,08,validation,True,,False,monthly,08,1.0,1.9855000000000003,217,217,434,152,9,0,0,363.5,15.36196467398915,pearson3,1220.923923870629,0.08528353019854817,0.08027093963754328,3.0,genextreme,1247.9571125326192,0.08369121503047111,0.09033035131876088,3.0
QDM_P_monthly,ACCESS-ESM1-5,500301,parametric,monthly,09,calibration,True,,False,monthly,09,1.0,1.7534999999999998,300,300,600,300,0,0,0,362.5,141.14285880401636,pearson3,1976.5676311779378,0.048527532875529356,0.4653631299418207,3.0,pearson3,1638.3378251715749,0.052448619265889174,0.3684469286437585,3.0
QDM_P_monthly,ACCESS-ESM1-5,500301,parametric,monthly,09,validation,True,,False,monthly,09,1.0,1.7534999999999998,300,300,420,233,0,0,0,362.5,112.4340358489008,pearson3,1976.5676311779378,0.048527532875529356,0.4653631299418207,3.0,pearson3,1638.3378251715749,0.052448619265889174,0.3684469286437585,3.0
QDM_P_monthly,ACCESS-ESM1-5,500301,parametric,monthly,10,calibration,True,,False,monthly,10,1.0,1.2658387096774195,300,300,620,300,0,0,0,525.5,48.5312197555077,pearson3,2059.9487079099317,0.09545665683639959,0.007868504441197958,3.0,genextreme,1318.2713677558788,0.07609313485441838,0.05879618795503461,3.0
QDM_P_monthly,ACCESS-ESM1-5,500301,parametric,monthly,10,validation,True,,False,monthly,10,1.0,1.2658387096774195,300,300,434,283,8,0,0,525.5,33.54873901488184,pearson3,2059.9487079099317,0.09545665683639959,0.007868504441197958,3.0,genextreme,1318.2713677558788,0.07609313485441838,0.05879618795503461,3.0
QDM_P_monthly,ACCESS-ESM1-5,500301,parametric,monthly,11,calibration,True,,False,monthly,11,1.0,1.8500700000000003,138,138,600,138,0,0,0,904.5,152.17519322208767,pearson3,894.1636077034104,0.09539927918406423,0.15199360254055228,3.0,pearson3,507.01921518829886,0.1729225462432799,0.00044459378431612644,3.0
QDM_P_monthly,ACCESS-ESM1-5,500301,parametric,monthly,11,validation,True,,False,monthly,11,1.0,1.8500700000000003,138,138,420,117,0,0,0,904.5,89.33530388335829,pearson3,894.1636077034104,0.09539927918406423,0.15199360254055228,3.0,pearson3,507.01921518829886,0.1729225462432799,0.00044459378431612644,3.0
QDM_P_monthly,ACCESS-ESM1-5,500301,parametric,monthly,12,calibration,False,"insufficient wet days obs=11, model=11",True,annual,all,1.0,3.2046145161290305,11,11,620,63,8,0,0,940.0,5.830560732575504,,,,,,,,,,
QDM_P_monthly,ACCESS-ESM1-5,500301,parametric,monthly,12,validation,False,"insufficient wet days obs=11, model=11",True,annual,all,1.0,3.2046145161290305,11,11,434,55,5,0,0,940.0,12.265498648709851,,,,,,,,,,
QDM_NP_annual,CanESM5,500001,nonparametric,annual,all,calibration,True,,False,annual,all,1.0,4.176222465753424,1624,1624,7300,1624,0,0,0,,130.0,,,,,,,,,,
QDM_NP_annual,CanESM5,500001,nonparametric,annual,all,validation,True,,False,annual,all,1.0,4.176222465753424,1624,1624,5110,822,0,0,0,,118.75426106498726,,,,,,,,,,
QDM_NP_annual,CanESM5,500002,nonparametric,annual,all,calibration,True,,False,annual,all,1.0,6.211773150684937,1618,1618,7300,1618,0,0,0,,147.0,,,,,,,,,,
QDM_NP_annual,CanESM5,500002,nonparametric,annual,all,validation,True,,False,annual,all,1.0,6.211773150684937,1618,1618,5110,908,0,0,0,,169.92001080228468,,,,,,,,,,
QDM_NP_annual,CanESM5,500003,nonparametric,annual,all,calibration,True,,False,annual,all,1.0,3.395706849315069,1780,1780,7300,1780,0,0,0,,181.3,,,,,,,,,,
QDM_NP_annual,CanESM5,500003,nonparametric,annual,all,validation,True,,False,annual,all,1.0,3.395706849315069,1780,1780,5110,919,0,0,0,,176.88683674402463,,,,,,,,,,
QDM_NP_annual,CanESM5,500004,nonparametric,annual,all,calibration,True,,False,annual,all,1.0,6.24,1613,1612,7300,1612,0,0,0,,107.1993796526054,,,,,,,,,,
QDM_NP_annual,CanESM5,500004,nonparametric,annual,all,validation,True,,False,annual,all,1.0,6.24,1613,1612,5110,905,0,0,0,,124.86662097415102,,,,,,,,,,
QDM_NP_annual,CanESM5,500005,nonparametric,annual,all,calibration,True,,False,annual,all,1.0,1.0685716438356163,4173,4173,7300,4173,0,0,0,,48.3,,,,,,,,,,
QDM_NP_annual,CanESM5,500005,nonparametric,annual,all,validation,True,,False,annual,all,1.0,1.0685716438356163,4173,4173,5110,2623,0,0,0,,55.86190044799667,,,,,,,,,,
QDM_NP_annual,CanESM5,500006,nonparametric,annual,all,calibration,True,,False,annual,all,1.0,1.041,4239,4238,7300,4238,0,0,0,,46.09968145351667,,,,,,,,,,
QDM_NP_annual,CanESM5,500006,nonparametric,annual,all,validation,True,,False,annual,all,1.0,1.041,4239,4238,5110,2650,0,0,0,,52.78482345657622,,,,,,,,,,
QDM_NP_annual,CanESM5,500007,nonparametric,annual,all,calibration,True,,False,annual,all,1.0,1.2415305479452055,3873,3873,7300,3873,0,0,0,,146.5,,,,,,,,,,
QDM_NP_annual,CanESM5,500007,nonparametric,annual,all,validation,True,,False,annual,all,1.0,1.2415305479452055,3873,3873,5110,2348,0,0,0,,160.36629938775724,,,,,,,,,,
QDM_NP_annual,CanESM5,500008,nonparametric,annual,all,calibration,True,,False,annual,all,1.0,0.8936238356164385,4554,4554,7300,4554,0,0,0,,68.0,,,,,,,,,,
QDM_NP_annual,CanESM5,500008,nonparametric,annual,all,validation,True,,False,annual,all,1.0,0.8936238356164385,4554,4554,5110,2944,0,0,0,,72.70582954329456,,,,,,,,,,
QDM_NP_annual,CanESM5,500009,nonparametric,annual,all,calibration,True,,False,annual,all,1.0,0.344,4332,4325,7300,4325,0,0,0,,48.79643930635836,,,,,,,,,,
QDM_NP_annual,CanESM5,500009,nonparametric,annual,all,validation,True,,False,annual,all,1.0,0.344,4332,4325,5110,2632,0,0,0,,53.27012014007101,,,,,,,,,,
QDM_NP_annual,CanESM5,500201,nonparametric,annual,all,calibration,True,,False,annual,all,1.0,5.65405945205479,1718,1718,7300,1718,0,0,0,,296.9,,,,,,,,,,
QDM_NP_annual,CanESM5,500201,nonparametric,annual,all,validation,True,,False,annual,all,1.0,5.65405945205479,1718,1718,5110,967,0,0,0,,322.43658679404507,,,,,,,,,,
QDM_NP_annual,CanESM5,500202,nonparametric,annual,all,calibration,True,,False,annual,all,1.0,4.499280547945205,1558,1558,7300,1558,0,0,0,,298.5,,,,,,,,,,
QDM_NP_annual,CanESM5,500202,nonparametric,annual,all,validation,True,,False,annual,all,1.0,4.499280547945205,1558,1558,5110,781,0,0,0,,274.69238971692835,,,,,,,,,,
QDM_NP_annual,CanESM5,500301,nonparametric,annual,all,calibration,True,,False,annual,all,1.0,5.10950191780822,1832,1832,7300,1832,0,0,0,,188.0,,,,,,,,,,
QDM_NP_annual,CanESM5,500301,nonparametric,annual,all,validation,True,,False,annual,all,1.0,5.10950191780822,1832,1832,5110,1030,0,0,0,,217.3281355740376,,,,,,,,,,
QDM_NP_monthly,CanESM5,500001,nonparametric,monthly,01,calibration,False,"insufficient wet days obs=4, model=4",True,annual,all,1.0,3.6399483870967706,4,4,620,4,0,0,0,,10.509414671551504,,,,,,,,,,
QDM_NP_monthly,CanESM5,500001,nonparametric,monthly,01,validation,False,"insufficient wet days obs=4, model=4",True,annual,all,1.0,3.6399483870967706,4,4,434,0,0,0,0,,,,,,,,,,,,
QDM_NP_monthly,CanESM5,500001,nonparametric,monthly,02,calibration,False,"insufficient wet days obs=17, model=17",True,annual,all,1.0,1.3113035714285715,17,17,560,0,0,0,0,,,,,,,,,,,,
QDM_NP_monthly,CanESM5,500001,nonparametric,monthly,02,validation,False,"insufficient wet days obs=17, model=17",True,annual,all,1.0,1.3113035714285715,17,17,392,0,0,0,0,,,,,,,,,,,,
QDM_NP_monthly,CanESM5,500001,nonparametric,monthly,03,calibration,False,"insufficient wet days obs=22, model=22",True,annual,all,1.0,1.0379580645161282,22,22,620,1,0,0,0,,3.8429436518526114,,,,,,,,,,
QDM_NP_monthly,CanESM5,500001,nonparametric,monthly,03,validation,False,"insufficient wet days obs=22, model=22",True,annual,all,1.0,1.0379580645161282,22,22,434,0,0,0,0,,,,,,,,,,,,
QDM_NP_monthly,CanESM5,500001,nonparametric,monthly,04,calibration,True,,False,monthly,04,1.0,0.571,110,109,600,109,0,0,0,,87.53807339449541,,,,,,,,,,
QDM_NP_monthly,CanESM5,500001,nonparametric,monthly,04,validation,True,,False,monthly,04,1.0,0.571,110,109,420,76,0,2,0,,422.9013157894738,,,,,,,,,,
QDM_NP_monthly,CanESM5,500001,nonparametric,monthly,05,calibration,True,,False,monthly,05,1.0,0.8180032258064515,207,207,620,207,0,0,0,,130.0,,,,,,,,,,
QDM_NP_monthly,CanESM5,500001,nonparametric,monthly,05,validation,True,,False,monthly,05,1.0,0.8180032258064515,207,207,434,89,0,0,0,,97.97236752399468,,,,,,,,,,
QDM_NP_monthly,CanESM5,500001,nonparametric,monthly,06,calibration,True,,False,monthly,06,1.0,8.515466666666667,190,190,600,190,0,0,0,,58.9,,,,,,,,,,
QDM_NP_monthly,CanESM5,500001,nonparametric,monthly,06,validation,True,,False,monthly,06,1.0,8.515466666666667,190,190,420,79,0,0,0,,25.209932043528273,,,,,,,,,,
QDM_NP_monthly,CanESM5,500001,nonparametric,monthly,07,calibration,True,,False,monthly,07,1.0,7.56908870967742,259,259,620,259,0,0,0,,82.2,,,,,,,,,,
QDM_NP_monthly,CanESM5,500001,nonparametric,monthly,07,validation,True,,False,monthly,07,1.0,7.56908870967742,259,259,434,115,0,0,0,,50.51260176828383,,,,,,,,,,
QDM_NP_monthly,CanESM5,500001,nonparametric,monthly,08,calibration,True,,False,monthly,08,1.0,1.751606451612903,332,332,620,332,0,0,0,,87.4,,,,,,,,,,
QDM_NP_monthly,CanESM5,500001,nonparametric,monthly,08,validation,True,,False,monthly,08,1.0,1.751606451612903,332,332,434,201,0,0,0,,131.24736820048332,,,,,,,,,,
QDM_NP_monthly,CanESM5,500001,nonparametric,monthly,09,calibration,True,,False,monthly,09,1.0,1.8214666666666668,262,262,600,262,0,0,0,,96.3,,,,,,,,,,
QDM_NP_monthly,CanESM5,500001,nonparametric,monthly,09,validation,True,,False,monthly,09,1.0,1.8214666666666668,262,262,420,160,0,0,0,,88.92713195286095,,,,,,,,,,
QDM_NP_monthly,CanESM5,500001,nonparametric,monthly,10,calibration,True,,False,monthly,10,1.0,7.458032258064516,160,160,620,160,0,0,0,,80.0,,,,,,,,,,
QDM_NP_monthly,CanESM5,500001,nonparametric,monthly,10,validation,True,,False,monthly,10,1.0,7.458032258064516,160,160,434,77,0,0,0,,154.4020849901031,,,,,,,,,,
QDM_NP_monthly,CanESM5,500001,nonparametric,monthly,11,calibration,True,,False,monthly,11,1.0,9.594160000000004,54,54,600,54,0,0,0,,35.1,,,,,,,,,,
QDM_NP_monthly,CanESM5,500001,nonparametric,monthly,11,validation,True,,False,monthly,11,1.0,9.594160000000004,54,54,420,20,0,0,0,,65.39217478494906,,,,,,,,,,
QDM_NP_monthly,CanESM5,500001,nonparametric,monthly,12,calibration,False,"insufficient wet days obs=7, model=7",True,annual,all,1.0,10.625312903225803,7,7,620,34,0,0,0,,28.352250276015983,,,,,,,,,,
QDM_NP_monthly,CanESM5,500001,nonparametric,monthly,12,validation,False,"insufficient wet days obs=7, model=7",True,annual,all,1.0,10.625312903225803,7,7,434,14,0,0,0,,27.393767864148405,,,,,,,,,,
QDM_NP_monthly,CanESM5,500002,nonparametric,monthly,01,calibration,False,"insufficient wet days obs=9, model=9",True,annual,all,1.0,4.793975806451611,9,9,620,3,0,0,0,,14.355149067805243,,,,,,,,,,
QDM_NP_monthly,CanESM5,500002,nonparametric,monthly,01,validation,False,"insufficient wet days obs=9, model=9",True,annual,all,1.0,4.793975806451611,9,9,434,1,0,0,0,,6.8951266064384775,,,,,,,,,,
QDM_NP_monthly,CanESM5,500002,nonparametric,monthly,02,calibration,False,"insufficient wet days obs=14, model=14",True,annual,all,1.0,2.909824999999999,14,14,560,1,0,0,0,,5.412189846036391,,,,,,,,,,
QDM_NP_monthly,CanESM5,500002,nonparametric,monthly,02,validation,False,"insufficient wet days obs=14, model=14",True,annual,all,1.0,2.909824999999999,14,14,392,0,0,0,0,,,,,,,,,,,,
QDM_NP_monthly,CanESM5,500002,nonparametric,monthly,03,calibration,True,,False,monthly,03,1.0,1.9521645161290335,38,38,620,38,0,0,0,,46.5,,,,,,,,,,
QDM_NP_monthly,CanESM5,500002,nonparametric,monthly,03,validation,True,,False,monthly,03,1.0,1.9521645161290335,38,38,434,9,0,0,0,,24.00535092085615,,,,,,,,,,
QDM_NP_monthly,CanESM5,500002,nonparametric,monthly,04,calibration,True,,False,monthly,04,1.0,1.0284116666666665,121,121,600,121,0,0,0,,141.4,,,,,,,,,,
QDM_NP_monthly,CanESM5,500002,nonparametric,monthly,04,validation,True,,False,monthly,04,1.0,1.0284116666666665,121,121,420,101,0,0,0,,418.5602326135449,,,,,,,,,,
QDM_NP_monthly,CanESM5,500002,nonparametric,monthly,05,calibration,True,,False,monthly,05,1.0,1.3205677419354833,199,199,620,199,0,0,0,,134.2,,,,,,,,,,
QDM_NP_monthly,CanESM5,500002,nonparametric,monthly,05,validation,True,,False,monthly,05,1.0,1.3205677419354833,199,199,434,121,0,0,0,,166.07607659575763,,,,,,,,,,
QDM_NP_monthly,CanESM5,500002,nonparametric,monthly,06,calibration,True,,False,monthly,06,1.0,9.40494,188,188,600,188,0,0,0,,115.4,,,,,,,,,,
QDM_NP_monthly,CanESM5,500002,nonparametric,monthly,06,validation,True,,False,monthly,06,1.0,9.40494,188,188,420,115,0,0,0,,122.96476421144826,,,,,,,,,,
QDM_NP_monthly,CanESM5,500002,nonparametric,monthly,07,calibration,True,,False,monthly,07,1.0,9.881983870967742,275,275,620,275,0,0,0,,118.5,,,,,,,,,,
QDM_NP_monthly,CanESM5,500002,nonparametric,monthly,07,validation,True,,False,monthly,07,1.0,9.881983870967742,275,275,434,167,0,0,0,,60.37917651231174,,,,,,,,,,
QDM_NP_monthly,CanESM5,500002,nonparametric,monthly,08,calibration,True,,False,monthly,08,1.0,5.493082258064517,329,329,620,329,0,0,0,,147.0,,,,,,,,,,
QDM_NP_monthly,CanESM5,500002,nonparametric,monthly,08,validation,True,,False,monthly,08,1.0,5.493082258064517,329,329,434,166,0,0,0,,133.413110020586,,,,,,,,,,
QDM_NP_monthly,CanESM5,500002,nonparametric,monthly,09,calibration,True,,False,monthly,09,1.0,3.670449999999999,249,249,600,249,0,0,0,,97.1,,,,,,,,,,
QDM_NP_monthly,CanESM5,500002,nonparametric,monthly,09,validation,True,,False,monthly,09,1.0,3.670449999999999,249,249,420,163,0,0,0,,69.16057795156729,,,,,,,,,,
QDM_NP_monthly,CanESM5,500002,nonparametric,monthly,10,calibration,True,,False,monthly,10,1.0,9.318277419354839,132,132,620,132,0,0,0,,80.4,,,,,,,,,,
QDM_NP_monthly,CanESM5,500002,nonparametric,monthly,10,validation,True,,False,monthly,10,1.0,9.318277419354839,132,132,434,73,0,0,0,,50.855080700377705,,,,,,,,,,
QDM_NP_monthly,CanESM5,500002,nonparametric,monthly,11,calibration,True,,False,monthly,11,1.0,12.569749999999992,50,50,600,50,0,0,0,,72.8,,,,,,,,,,
QDM_NP_monthly,CanESM5,500002,nonparametric,monthly,11,validation,True,,False,monthly,11,1.0,12.569749999999992,50,50,420,15,0,0,0,,92.98823800041693,,,,,,,,,,
QDM_NP_monthly,CanESM5,500002,nonparametric,monthly,12,calibration,False,"insufficient wet days obs=14, model=14",True,annual,all,1.0,10.052090322580645,14,14,620,32,0,0,0,,30.397648483669776,,,,,,,,,,
QDM_NP_monthly,CanESM5,500002,nonparametric,monthly,12,validation,False,"insufficient wet days obs=14, model=14",True,annual,all,1.0,10.052090322580645,14,14,434,16,0,0,0,,21.60827495815586,,,,,,,,,,
QDM_NP_monthly,CanESM5,500003,nonparametric,monthly,01,calibration,False,"insufficient wet days obs=9, model=9",True,annual,all,1.0,2.686159677419355,9,9,620,6,0,0,0,,12.591747602203638,,,,,,,,,,
QDM_NP_monthly,CanESM5,500003,nonparametric,monthly,01,validation,False,"insufficient wet days obs=9, model=9",True,annual,all,1.0,2.686159677419355,9,9,434,0,0,0,0,,,,,,,,,,,,
QDM_NP_monthly,CanESM5,500003,nonparametric,monthly,02,calibration,False,"insufficient wet days obs=18, model=18",True,annual,all,1.0,1.3071285714285714,18,18,560,0,0,0,0,,,,,,,,,,,,
QDM_NP_monthly,CanESM5,500003,nonparametric,monthly,02,validation,False,"insufficient wet days obs=18, model=18",True,annual,all,1.0,1.3071285714285714,18,18,392,0,0,0,0,,,,,,,,,,,,
QDM_NP_monthly,CanESM5,500003,nonparametric,monthly,03,calibration,True,,False,monthly,03,1.0,0.90066129032258,41,41,620,41,0,0,0,,67.2,,,,,,,,,,
QDM_NP_monthly,CanESM5,500003,nonparametric,monthly,03,validation,True,,False,monthly,03,1.0,0.90066129032258,41,41,434,12,0,0,0,,27.5399005662201,,,,,,,,,,
QDM_NP_monthly,CanESM5,500003,nonparametric,monthly,04,calibration,True,,False,monthly,04,1.0,0.5152466666666666,148,148,600,148,0,0,0,,76.3,,,,,,,,,,
QDM_NP_monthly,CanESM5,500003,nonparametric,monthly,04,validation,True,,False,monthly,04,1.0,0.5152466666666666,148,148,420,102,0,2,0,,363.91176470588266,,,,,,,,,,
QDM_NP_monthly,CanESM5,500003,nonparametric,monthly,05,calibration,True,,False,monthly,05,1.0,0.5607870967741936,244,244,620,244,0,0,0,,123.0,,,,,,,,,,
QDM_NP_monthly,CanESM5,500003,nonparametric,monthly,05,validation,True,,False,monthly,05,1.0,0.5607870967741936,244,244,434,116,0,0,0,,103.08882236919081,,,,,,,,,,
QDM_NP_monthly,CanESM5,500003,nonparametric,monthly,06,calibration,True,,False,monthly,06,1.0,7.651886666666667,212,212,600,212,0,0,0,,62.8,,,,,,,,,,
QDM_NP_monthly,CanESM5,500003,nonparametric,monthly,06,validation,True,,False,monthly,06,1.0,7.651886666666667,212,212,420,91,0,0,0,,27.466459924438023,,,,,,,,,,
QDM_NP_monthly,CanESM5,500003,nonparametric,monthly,07,calibration,True,,False,monthly,07,1.0,7.205524193548385,265,265,620,265,0,0,0,,157.0,,,,,,,,,,
QDM_NP_monthly,CanESM5,500003,nonparametric,monthly,07,validation,True,,False,monthly,07,1.0,7.205524193548385,265,265,434,128,0,0,0,,99.38483576777789,,,,,,,,,,
QDM_NP_monthly,CanESM5,500003,nonparametric,monthly,08,calibration,True,,False,monthly,08,1.0,1.9400322580645162,320,320,620,320,0,0,0,,181.3,,,,,,,,,,
QDM_NP_monthly,CanESM5,500003,nonparametric,monthly,08,validation,True,,False,monthly,08,1.0,1.9400322580645162,320,320,434,194,0,0,0,,218.38100804872846,,,,,,,,,,
QDM_NP_monthly,CanESM5,500003,nonparametric,monthly,09,calibration,True,,False,monthly,09,1.0,1.5949500000000005,270,270,600,270,0,0,0,,129.0,,,,,,,,,,
QDM_NP_monthly,CanESM5,500003,nonparametric,monthly,09,validation,True,,False,monthly,09,1.0,1.5949500000000005,270,270,420,165,0,0,0,,115.77672637980054,,,,,,,,,,
QDM_NP_monthly,CanESM5,500003,nonparametric,monthly,10,calibration,True,,False,monthly,10,1.0,6.705293548387097,182,182,620,182,0,0,0,,98.2,,,,,,,,,,
QDM_NP_monthly,CanESM5,500003,nonparametric,monthly,10,validation,True,,False,monthly,10,1.0,6.705293548387097,182,182,434,83,0,0,0,,149.75326525305846,,,,,,,,,,
QDM_NP_monthly,CanESM5,500003,nonparametric,monthly,11,calibration,True,,False,monthly,11,1.0,9.218126666666667,58,58,600,58,0,0,0,,92.4,,,,,,,,,,
QDM_NP_monthly,CanESM5,500003,nonparametric,monthly,11,validation,True,,False,monthly,11,1.0,9.218126666666667,58,58,420,24,0,0,0,,158.64728795559753,,,,,,,,,,
QDM_NP_monthly,CanESM5,500003,nonparametric,monthly,12,calibration,False,"insufficient wet days obs=13, model=13",True,annual,all,1.0,8.198290322580627,13,13,620,39,0,0,0,,27.21453179998385,,,,,,,,,,
QDM_NP_monthly,CanESM5,500003,nonparametric,monthly,12,validation,False,"insufficient wet days obs=13, model=13",True,annual,all,1.0,8.198290322580627,13,13,434,20,0,0,0,,28.663646620397273,,,,,,,,,,
QDM_NP_monthly,CanESM5,500004,nonparametric,monthly,01,calibration,False,"insufficient wet days obs=9, model=9",True,annual,all,1.0,4.793975806451611,9,9,620,2,0,0,0,,10.109140893470792,,,,,,,,,,
QDM_NP_monthly,CanESM5,500004,nonparametric,monthly,01,validation,False,"insufficient wet days obs=9, model=9",True,annual,all,1.0,4.793975806451611,9,9,434,1,0,0,0,,5.161275028573848,,,,,,,,,,
QDM_NP_monthly,CanESM5,500004,nonparametric,monthly,02,calibration,False,"insufficient wet days obs=22, model=21",True,annual,all,1.0,2.607,22,21,560,1,0,0,0,,4.051238200059265,,,,,,,,,,
QDM_NP_monthly,CanESM5,500004,nonparametric,monthly,02,validation,False,"insufficient wet days obs=22, model=21",True,annual,all,1.0,2.607,22,21,392,0,0,0,0,,,,,,,,,,,,
QDM_NP_monthly,CanESM5,500004,nonparametric,monthly,03,calibration,True,,False,monthly,03,1.0,1.9701790322580643,37,37,620,37,0,0,0,,59.0,,,,,,,,,,
QDM_NP_monthly,CanESM5,500004,nonparametric,monthly,03,validation,True,,False,monthly,03,1.0,1.9701790322580643,37,37,434,9,0,0,0,,32.76920787659341,,,,,,,,,,
QDM_NP_monthly,CanESM5,500004,nonparametric,monthly,04,calibration,True,,False,monthly,04,1.0,1.0148466666666667,127,127,600,127,0,0,0,,93.5,,,,,,,,,,
QDM_NP_monthly,CanESM5,500004,nonparametric,monthly,04,validation,True,,False,monthly,04,1.0,1.0148466666666667,127,127,420,104,0,0,0,,282.4680683688276,,,,,,,,,,
QDM_NP_monthly,CanESM5,500004,nonparametric,monthly,05,calibration,True,,False,monthly,05,1.0,1.1555483870967738,220,220,620,220,0,0,0,,89.3,,,,,,,,,,
QDM_NP_monthly,CanESM5,500004,nonparametric,monthly,05,validation,True,,False,monthly,05,1.0,1.1555483870967738,220,220,434,151,0,0,0,,107.83325084926929,,,,,,,,,,
QDM_NP_monthly,CanESM5,500004,nonparametric,monthly,06,calibration,True,,False,monthly,06,1.0,9.646199999999999,180,180,600,180,0,0,0,,49.4,,,,,,,,,,
QDM_NP_monthly,CanESM5,500004,nonparametric,monthly,06,validation,True,,False,monthly,06,1.0,9.646199999999999,180,180,420,112,0,0,0,,59.483133724077874,,,,,,,,,,
QDM_NP_monthly,CanESM5,500004,nonparametric,monthly,07,calibration,True,,False,monthly,07,1.0,10.356693548387094,262,262,620,262,0,0,0,,98.5,,,,,,,,,,
QDM_NP_monthly,CanESM5,500004,nonparametric,monthly,07,validation,True,,False,monthly,07,1.0,10.356693548387094,262,262,434,155,0,0,0,,51.15565092255349,,,,,,,,,,
QDM_NP_monthly,CanESM5,500004,nonparametric,monthly,08,calibration,True,,False,monthly,08,1.0,7.394050000000004,279,279,620,279,0,0,0,,105.2,,,,,,,,,,
QDM_NP_monthly,CanESM5,500004,nonparametric,monthly,08,validation,True,,False,monthly,08,1.0,7.394050000000004,279,279,434,138,0,0,0,,76.67734881647758,,,,,,,,,,
QDM_NP_monthly,CanESM5,500004,nonparametric,monthly,09,calibration,True,,False,monthly,09,1.0,3.4903866666666654,256,256,600,256,0,0,0,,107.2,,,,,,,,,,
QDM_NP_monthly,CanESM5,500004,nonparametric,monthly,09,validation,True,,False,monthly,09,1.0,3.4903866666666654,256,256,420,171,0,0,0,,75.23932235032726,,,,,,,,,,
QDM_NP_monthly,CanESM5,500004,nonparametric,monthly,10,calibration,True,,False,monthly,10,1.0,8.0455,155,155,620,155,0,0,0,,79.3,,,,,,,,,,
QDM_NP_monthly,CanESM5,500004,nonparametric,monthly,10,validation,True,,False,monthly,10,1.0,8.0455,155,155,434,81,0,0,0,,59.91532475160296,,,,,,,,,,
QDM_NP_monthly,CanESM5,500004,nonparametric,monthly,11,calibration,True,,False,monthly,11,1.0,11.846610000000002,57,57,600,57,0,0,0,,94.4,,,,,,,,,,
QDM_NP_monthly,CanESM5,500004,nonparametric,monthly,11,validation,True,,False,monthly,11,1.0,11.846610000000002,57,57,420,16,0,0,0,,101.1696633707396,,,,,,,,,,
QDM_NP_monthly,CanESM5,500004,nonparametric,monthly,12,calibration,False,"insufficient wet days obs=9, model=9",True,annual,all,1.0,10.616843548387095,9,9,620,32,0,0,0,,27.408431405440247,,,,,,,,,,
QDM_NP_monthly,CanESM5,500004,nonparametric,monthly,12,validation,False,"insufficient wet days obs=9, model=9",True,annual,all,1.0,10.616843548387095,9,9,434,16,0,0,0,,19.42924446894305,,,,,,,,,,
QDM_NP_monthly,CanESM5,500005,nonparametric,monthly,01,calibration,True,,False,monthly,01,1.0,2.967348387096774,36,36,620,36,0,0,0,,9.5,,,,,,,,,,
QDM_NP_monthly,CanESM5,500005,nonparametric,monthly,01,validation,True,,False,monthly,01,1.0,2.967348387096774,36,36,434,23,0,0,0,,9.107747251180292,,,,,,,,,,
QDM_NP_monthly,CanESM5,500005,nonparametric,monthly,02,calibration,True,,False,monthly,02,1.0,2.0303214285714284,60,60,560,60,0,0,0,,10.4,,,,,,,,,,
QDM_NP_monthly,CanESM5,500005,nonparametric,monthly,02,validation,True,,False,monthly,02,1.0,2.0303214285714284,60,60,392,39,0,0,0,,9.34180673722072,,,,,,,,,,
QDM_NP_monthly,CanESM5,500005,nonparametric,monthly,03,calibration,True,,False,monthly,03,1.0,1.196,132,131,620,131,0,0,0,,32.3,,,,,,,,,,
QDM_NP_monthly,CanESM5,500005,nonparametric,monthly,03,validation,True,,False,monthly,03,1.0,1.196,132,131,434,68,0,0,0,,16.455408248000616,,,,,,,,,,
QDM_NP_monthly,CanESM5,500005,nonparametric,monthly,04,calibration,True,,False,monthly,04,1.0,0.7144566666666666,274,274,600,274,0,0,0,,39.0,,,,,,,,,,
QDM_NP_monthly,CanESM5,500005,nonparametric,monthly,04,validation,True,,False,monthly,04,1.0,0.7144566666666666,274,274,420,206,0,0,0,,120.00701937657061,,,,,,,,,,
QDM_NP_monthly,CanESM5,500005,nonparametric,monthly,05,calibration,True,,False,monthly,05,1.0,0.17185967741935484,533,533,620,533,0,0,0,,42.0,,,,,,,,,,
QDM_NP_monthly,CanESM5,500005,nonparametric,monthly,05,validation,True,,False,monthly,05,1.0,0.17185967741935484,533,533,434,400,0,0,0,,48.77341625699482,,,,,,,,,,
QDM_NP_monthly,CanESM5,500005,nonparametric,monthly,06,calibration,True,,False,monthly,06,1.0,0.3365733333333334,536,536,600,536,0,0,0,,24.1,,,,,,,,,,
QDM_NP_monthly,CanESM5,500005,nonparametric,monthly,06,validation,True,,False,monthly,06,1.0,0.3365733333333334,536,536,420,373,0,0,0,,28.645288884424616,,,,,,,,,,
QDM_NP_monthly,CanESM5,500005,nonparametric,monthly,07,calibration,True,,False,monthly,07,1.0,0.3058774193548387,582,582,620,582,0,0,0,,38.6,,,,,,,,,,
QDM_NP_monthly,CanESM5,500005,nonparametric,monthly,07,validation,True,,False,monthly,07,1.0,0.3058774193548387,582,582,434,404,0,0,0,,24.803258260658566,,,,,,,,,,
QDM_NP_monthly,CanESM5,500005,nonparametric,monthly,08,calibration,True,,False,monthly,08,1.0,0.07790806451612901,601,601,620,601,0,0,0,,48.3,,,,,,,,,,
QDM_NP_monthly,CanESM5,500005,nonparametric,monthly,08,validation,True,,False,monthly,08,1.0,0.07790806451612901,601,601,434,423,0,0,0,,24.486628290280546,,,,,,,,,,
QDM_NP_monthly,CanESM5,500005,nonparametric,monthly,09,calibration,True,,False,monthly,09,1.0,0.04691666666666662,575,575,600,575,0,0,0,,47.1,,,,,,,,,,
QDM_NP_monthly,CanESM5,500005,nonparametric,monthly,09,validation,True,,False,monthly,09,1.0,0.04691666666666662,575,575,420,392,0,0,0,,33.17761445519828,,,,,,,,,,
QDM_NP_monthly,CanESM5,500005,nonparametric,monthly,10,calibration,True,,False,monthly,10,1.0,0.1933096774193549,513,513,620,513,0,0,0,,35.1,,,,,,,,,,
QDM_NP_monthly,CanESM5,500005,nonparametric,monthly,10,validation,True,,False,monthly,10,1.0,0.1933096774193549,513,513,434,353,0,0,0,,23.180958691687323,,,,,,,,,,
QDM_NP_monthly,CanESM5,500005,nonparametric,monthly,11,calibration,True,,False,monthly,11,1.0,3.0134799999999977,256,256,600,256,0,0,0,,40.1,,,,,,,,,,
QDM_NP_monthly,CanESM5,500005,nonparametric,monthly,11,validation,True,,False,monthly,11,1.0,3.0134799999999977,256,256,420,125,0,0,0,,41.88214876806519,,,,,,,,,,
QDM_NP_monthly,CanESM5,500005,nonparametric,monthly,12,calibration,True,,False,monthly,12,1.0,3.7006048387096775,75,75,620,75,0,0,0,,33.6,,,,,,,,,,
QDM_NP_monthly,CanESM5,500005,nonparametric,monthly,12,validation,True,,False,monthly,12,1.0,3.7006048387096775,75,75,434,47,0,0,0,,21.673880034636916,,,,,,,,,,
QDM_NP_monthly,CanESM5,500006,nonparametric,monthly,01,calibration,True,,False,monthly,01,1.0,2.9055806451612907,40,40,620,40,0,0,0,,9.0,,,,,,,,,,
QDM_NP_monthly,CanESM5,500006,nonparametric,monthly,01,validation,True,,False,monthly,01,1.0,2.9055806451612907,40,40,434,23,0,0,0,,9.173384543450673,,,,,,,,,,
QDM_NP_monthly,CanESM5,500006,nonparametric,monthly,02,calibration,True,,False,monthly,02,1.0,2.020198214285714,61,61,560,61,0,0,0,,9.6,,,,,,,,,,
QDM_NP_monthly,CanESM5,500006,nonparametric,monthly,02,validation,True,,False,monthly,02,1.0,2.020198214285714,61,61,392,39,0,0,0,,8.738182415167723,,,,,,,,,,
QDM_NP_monthly,CanESM5,500006,nonparametric,monthly,03,calibration,True,,False,monthly,03,1.0,1.1877419354838707,135,135,620,135,0,0,0,,30.1,,,,,,,,,,
QDM_NP_monthly,CanESM5,500006,nonparametric,monthly,03,validation,True,,False,monthly,03,1.0,1.1877419354838707,135,135,434,70,0,0,0,,15.292501941018505,,,,,,,,,,
QDM_NP_monthly,CanESM5,500006,nonparametric,monthly,04,calibration,True,,False,monthly,04,1.0,0.6893133333333331,284,284,600,284,0,0,0,,34.2,,,,,,,,,,
QDM_NP_monthly,CanESM5,500006,nonparametric,monthly,04,validation,True,,False,monthly,04,1.0,0.6893133333333331,284,284,420,211,0,0,0,,106.23291792286514,,,,,,,,,,
QDM_NP_monthly,CanESM5,500006,nonparametric,monthly,05,calibration,True,,False,monthly,05,1.0,0.16,536,535,620,535,0,0,0,,46.089065420560786,,,,,,,,,,
QDM_NP_monthly,CanESM5,500006,nonparametric,monthly,05,validation,True,,False,monthly,05,1.0,0.16,536,535,434,403,0,0,0,,52.1560687955821,,,,,,,,,,
QDM_NP_monthly,CanESM5,500006,nonparametric,monthly,06,calibration,True,,False,monthly,06,1.0,0.3162133333333336,541,541,600,541,0,0,0,,24.3,,,,,,,,,,
QDM_NP_monthly,CanESM5,500006,nonparametric,monthly,06,validation,True,,False,monthly,06,1.0,0.3162133333333336,541,541,420,376,0,0,0,,28.2621255514545,,,,,,,,,,
QDM_NP_monthly,CanESM5,500006,nonparametric,monthly,07,calibration,True,,False,monthly,07,1.0,0.29188709677419344,585,585,620,585,0,0,0,,36.3,,,,,,,,,,
QDM_NP_monthly,CanESM5,500006,nonparametric,monthly,07,validation,True,,False,monthly,07,1.0,0.29188709677419344,585,585,434,406,0,0,0,,22.220285166962817,,,,,,,,,,
QDM_NP_monthly,CanESM5,500006,nonparametric,monthly,08,calibration,True,,False,monthly,08,1.0,0.07291774193548395,603,603,620,603,0,0,0,,43.4,,,,,,,,,,
QDM_NP_monthly,CanESM5,500006,nonparametric,monthly,08,validation,True,,False,monthly,08,1.0,0.07291774193548395,603,603,434,426,0,0,0,,22.224963255045182,,,,,,,,,,
QDM_NP_monthly,CanESM5,500006,nonparametric,monthly,09,calibration,True,,False,monthly,09,1.0,0.036,582,581,600,581,0,0,0,,42.796557659208155,,,,,,,,,,
QDM_NP_monthly,CanESM5,500006,nonparametric,monthly,09,validation,True,,False,monthly,09,1.0,0.036,582,581,420,397,0,0,0,,30.049139907067897,,,,,,,,,,
QDM_NP_monthly,CanESM5,500006,nonparametric,monthly,10,calibration,True,,False,monthly,10,1.0,0.17053064516129043,523,523,620,523,0,0,0,,34.1,,,,,,,,,,
QDM_NP_monthly,CanESM5,500006,nonparametric,monthly,10,validation,True,,False,monthly,10,1.0,0.17053064516129043,523,523,434,359,0,0,0,,23.821480545122657,,,,,,,,,,
QDM_NP_monthly,CanESM5,500006,nonparametric,monthly,11,calibration,True,,False,monthly,11,1.0,2.80168,268,268,600,268,0,0,0,,35.3,,,,,,,,,,
QDM_NP_monthly,CanESM5,500006,nonparametric,monthly,11,validation,True,,False,monthly,11,1.0,2.80168,268,268,420,131,0,0,0,,39.70887676363954,,,,,,,,,,
QDM_NP_monthly,CanESM5,500006,nonparametric,monthly,12,calibration,True,,False,monthly,12,1.0,3.468266129032258,81,81,620,81,0,0,0,,29.5,,,,,,,,,,
QDM_NP_monthly,CanESM5,500006,nonparametric,monthly,12,validation,True,,False,monthly,12,1.0,3.468266129032258,81,81,434,50,0,0,0,,19.230435697585506,,,,,,,,,,
QDM_NP_monthly,CanESM5,500007,nonparametric,monthly,01,calibration,True,,False,monthly,01,1.0,2.939730645161289,37,37,620,37,0,0,0,,42.6,,,,,,,,,,
QDM_NP_monthly,CanESM5,500007,nonparametric,monthly,01,validation,True,,False,monthly,01,1.0,2.939730645161289,37,37,434,23,0,0,0,,40.086728553070124,,,,,,,,,,
QDM_NP_monthly,CanESM5,500007,nonparametric,monthly,02,calibration,True,,False,monthly,02,1.0,2.018110714285714,62,62,560,62,0,0,0,,22.0,,,,,,,,,,
QDM_NP_monthly,CanESM5,500007,nonparametric,monthly,02,validation,True,,False,monthly,02,1.0,2.018110714285714,62,62,392,39,0,0,0,,20.535801558500832,,,,,,,,,,
QDM_NP_monthly,CanESM5,500007,nonparametric,monthly,03,calibration,True,,False,monthly,03,1.0,1.2576693548387092,115,115,620,115,0,0,0,,41.2,,,,,,,,,,
QDM_NP_monthly,CanESM5,500007,nonparametric,monthly,03,validation,True,,False,monthly,03,1.0,1.2576693548387092,115,115,434,61,0,0,0,,20.3575783946857,,,,,,,,,,
QDM_NP_monthly,CanESM5,500007,nonparametric,monthly,04,calibration,True,,False,monthly,04,1.0,0.746,254,252,600,252,0,0,0,,38.79365079365079,,,,,,,,,,
QDM_NP_monthly,CanESM5,500007,nonparametric,monthly,04,validation,True,,False,monthly,04,1.0,0.746,254,252,420,187,0,0,0,,119.94016992973566,,,,,,,,,,
QDM_NP_monthly,CanESM5,500007,nonparametric,monthly,05,calibration,True,,False,monthly,05,1.0,0.2877870967741935,488,488,620,488,0,0,0,,115.6,,,,,,,,,,
QDM_NP_monthly,CanESM5,500007,nonparametric,monthly,05,validation,True,,False,monthly,05,1.0,0.2877870967741935,488,488,434,383,0,0,0,,122.73733197965434,,,,,,,,,,
QDM_NP_monthly,CanESM5,500007,nonparametric,monthly,06,calibration,True,,False,monthly,06,1.0,0.7937500000000007,498,498,600,498,0,0,0,,22.5,,,,,,,,,,
QDM_NP_monthly,CanESM5,500007,nonparametric,monthly,06,validation,True,,False,monthly,06,1.0,0.7937500000000007,498,498,420,326,0,0,0,,26.56966882751632,,,,,,,,,,
QDM_NP_monthly,CanESM5,500007,nonparametric,monthly,07,calibration,True,,False,monthly,07,1.0,2.0376000000000003,527,527,620,527,0,0,0,,30.2,,,,,,,,,,
QDM_NP_monthly,CanESM5,500007,nonparametric,monthly,07,validation,True,,False,monthly,07,1.0,2.0376000000000003,527,527,434,318,0,0,0,,20.309061699423612,,,,,,,,,,
QDM_NP_monthly,CanESM5,500007,nonparametric,monthly,08,calibration,True,,False,monthly,08,1.0,0.1739241935483871,573,573,620,573,0,0,0,,30.1,,,,,,,,,,
QDM_NP_monthly,CanESM5,500007,nonparametric,monthly,08,validation,True,,False,monthly,08,1.0,0.1739241935483871,573,573,434,393,0,0,0,,17.784012764696488,,,,,,,,,,
QDM_NP_monthly,CanESM5,500007,nonparametric,monthly,09,calibration,True,,False,monthly,09,1.0,0.067,555,552,600,552,0,0,0,,36.98315217391319,,,,,,,,,,
QDM_NP_monthly,CanESM5,500007,nonparametric,monthly,09,validation,True,,False,monthly,09,1.0,0.067,555,552,420,383,0,0,0,,25.50520824402225,,,,,,,,,,
QDM_NP_monthly,CanESM5,500007,nonparametric,monthly,10,calibration,True,,False,monthly,10,1.0,0.25636612903225814,489,489,620,489,0,0,0,,146.5,,,,,,,,,,
QDM_NP_monthly,CanESM5,500007,nonparametric,monthly,10,validation,True,,False,monthly,10,1.0,0.25636612903225814,489,489,434,329,0,0,0,,83.76610661586416,,,,,,,,,,
QDM_NP_monthly,CanESM5,500007,nonparametric,monthly,11,calibration,True,,False,monthly,11,1.0,3.781766666666667,220,220,600,220,0,0,0,,118.3,,,,,,,,,,
QDM_NP_monthly,CanESM5,500007,nonparametric,monthly,11,validation,True,,False,monthly,11,1.0,3.781766666666667,220,220,420,111,0,0,0,,124.29836281077176,,,,,,,,,,
QDM_NP_monthly,CanESM5,500007,nonparametric,monthly,12,calibration,True,,False,monthly,12,1.0,4.443266129032258,55,55,620,55,0,0,0,,18.9,,,,,,,,,,
QDM_NP_monthly,CanESM5,500007,nonparametric,monthly,12,validation,True,,False,monthly,12,1.0,4.443266129032258,55,55,434,36,0,0,0,,12.443730099597047,,,,,,,,,,
QDM_NP_monthly,CanESM5,500008,nonparametric,monthly,01,calibration,True,,False,monthly,01,1.0,2.6296370967741978,51,51,620,51,0,0,0,,6.2,,,,,,,,,,
QDM_NP_monthly,CanESM5,500008,nonparametric,monthly,01,validation,True,,False,monthly,01,1.0,2.6296370967741978,51,51,434,32,0,0,0,,6.1405968941877935,,,,,,,,,,
QDM_NP_monthly,CanESM5,500008,nonparametric,monthly,02,calibration,True,,False,monthly,02,1.0,1.9780624999999985,65,65,560,65,0,0,0,,12.7,,,,,,,,,,
QDM_NP_monthly,CanESM5,500008,nonparametric,monthly,02,validation,True,,False,monthly,02,1.0,1.9780624999999985,65,65,392,42,0,0,0,,11.177581901786077,,,,,,,,,,
QDM_NP_monthly,CanESM5,500008,nonparametric,monthly,03,calibration,True,,False,monthly,03,1.0,1.1302354838709676,146,146,620,146,0,0,0,,25.1,,,,,,,,,,
QDM_NP_monthly,CanESM5,500008,nonparametric,monthly,03,validation,True,,False,monthly,03,1.0,1.1302354838709676,146,146,434,75,0,0,0,,11.88574349296218,,,,,,,,,,
QDM_NP_monthly,CanESM5,500008,nonparametric,monthly,04,calibration,True,,False,monthly,04,1.0,0.6135383333333333,323,323,600,323,0,0,0,,23.8,,,,,,,,,,
QDM_NP_monthly,CanESM5,500008,nonparametric,monthly,04,validation,True,,False,monthly,04,1.0,0.6135383333333333,323,323,420,251,0,0,0,,70.73395938321214,,,,,,,,,,
QDM_NP_monthly,CanESM5,500008,nonparametric,monthly,05,calibration,True,,False,monthly,05,1.0,0.107,561,560,620,560,0,0,0,,67.96508928571362,,,,,,,,,,
QDM_NP_monthly,CanESM5,500008,nonparametric,monthly,05,validation,True,,False,monthly,05,1.0,0.107,561,560,434,411,0,0,0,,72.52519315605372,,,,,,,,,,
QDM_NP_monthly,CanESM5,500008,nonparametric,monthly,06,calibration,True,,False,monthly,06,1.0,0.18892999999999996,558,558,600,558,0,0,0,,29.7,,,,,,,,,,
QDM_NP_monthly,CanESM5,500008,nonparametric,monthly,06,validation,True,,False,monthly,06,1.0,0.18892999999999996,558,558,420,390,0,0,0,,32.875114163442674,,,,,,,,,,
QDM_NP_monthly,CanESM5,500008,nonparametric,monthly,07,calibration,True,,False,monthly,07,1.0,0.11087741935483869,601,601,620,601,0,0,0,,21.7,,,,,,,,,,
QDM_NP_monthly,CanESM5,500008,nonparametric,monthly,07,validation,True,,False,monthly,07,1.0,0.11087741935483869,601,601,434,429,0,0,0,,16.372430842960387,,,,,,,,,,
QDM_NP_monthly,CanESM5,500008,nonparametric,monthly,08,calibration,True,,False,monthly,08,1.0,0.03698387096774192,610,610,620,610,0,0,0,,30.6,,,,,,,,,,
QDM_NP_monthly,CanESM5,500008,nonparametric,monthly,08,validation,True,,False,monthly,08,1.0,0.03698387096774192,610,610,434,430,0,0,0,,15.281227001985453,,,,,,,,,,
QDM_NP_monthly,CanESM5,500008,nonparametric,monthly,09,calibration,True,,False,monthly,09,1.0,0.004995000000000003,597,597,600,597,0,0,0,,30.2,,,,,,,,,,
QDM_NP_monthly,CanESM5,500008,nonparametric,monthly,09,validation,True,,False,monthly,09,1.0,0.004995000000000003,597,597,420,417,0,0,0,,21.458616421523715,,,,,,,,,,
QDM_NP_monthly,CanESM5,500008,nonparametric,monthly,10,calibration,True,,False,monthly,10,1.0,0.11589838709677418,557,557,620,557,0,0,0,,47.9,,,,,,,,,,
QDM_NP_monthly,CanESM5,500008,nonparametric,monthly,10,validation,True,,False,monthly,10,1.0,0.11589838709677418,557,557,434,381,0,0,0,,27.399992262996005,,,,,,,,,,
QDM_NP_monthly,CanESM5,500008,nonparametric,monthly,11,calibration,True,,False,monthly,11,1.0,1.8436333333333335,338,338,600,338,0,0,0,,43.6,,,,,,,,,,
QDM_NP_monthly,CanESM5,500008,nonparametric,monthly,11,validation,True,,False,monthly,11,1.0,1.8436333333333335,338,338,420,189,0,0,0,,44.93631340475426,,,,,,,,,,
QDM_NP_monthly,CanESM5,500008,nonparametric,monthly,12,calibration,True,,False,monthly,12,1.0,2.558659677419355,147,147,620,147,0,0,0,,11.1,,,,,,,,,,
QDM_NP_monthly,CanESM5,500008,nonparametric,monthly,12,validation,True,,False,monthly,12,1.0,2.558659677419355,147,147,434,85,0,0,0,,7.2412513126753515,,,,,,,,,,
QDM_NP_monthly,CanESM5,500009,nonparametric,monthly,01,calibration,True,,False,monthly,01,1.0,1.1743483870967752,44,44,620,44,0,0,0,,16.7,,,,,,,,,,
QDM_NP_monthly,CanESM5,500009,nonparametric,monthly,01,validation,True,,False,monthly,01,1.0,1.1743483870967752,44,44,434,24,0,0,0,,5.45709361839973,,,,,,,,,,
QDM_NP_monthly,CanESM5,500009,nonparametric,monthly,02,calibration,True,,False,monthly,02,1.0,0.7835535714285714,62,62,560,62,0,0,0,,16.0,,,,,,,,,,
QDM_NP_monthly,CanESM5,500009,nonparametric,monthly,02,validation,True,,False,monthly,02,1.0,0.7835535714285714,62,62,392,32,0,0,0,,9.221873960545501,,,,,,,,,,
QDM_NP_monthly,CanESM5,500009,nonparametric,monthly,03,calibration,True,,False,monthly,03,1.0,0.5392096774193549,130,130,620,130,0,0,0,,17.7,,,,,,,,,,
QDM_NP_monthly,CanESM5,500009,nonparametric,monthly,03,validation,True,,False,monthly,03,1.0,0.5392096774193549,130,130,434,71,0,0,0,,15.896656590106595,,,,,,,,,,
QDM_NP_monthly,CanESM5,500009,nonparametric,monthly,04,calibration,True,,False,monthly,04,1.0,0.33149500000000004,297,297,600,297,0,0,0,,25.1,,,,,,,,,,
QDM_NP_monthly,CanESM5,500009,nonparametric,monthly,04,validation,True,,False,monthly,04,1.0,0.33149500000000004,297,297,420,204,0,2,0,,123.106617647059,,,,,,,,,,
QDM_NP_monthly,CanESM5,500009,nonparametric,monthly,05,calibration,True,,False,monthly,05,1.0,0.09,541,540,620,540,0,0,0,,48.79592592592605,,,,,,,,,,
QDM_NP_monthly,CanESM5,500009,nonparametric,monthly,05,validation,True,,False,monthly,05,1.0,0.09,541,540,434,354,0,0,0,,40.88887075894114,,,,,,,,,,
QDM_NP_monthly,CanESM5,500009,nonparametric,monthly,06,calibration,True,,False,monthly,06,1.0,0.06973500000000007,547,547,600,547,0,0,0,,22.8,,,,,,,,,,
QDM_NP_monthly,CanESM5,500009,nonparametric,monthly,06,validation,True,,False,monthly,06,1.0,0.06973500000000007,547,547,420,343,0,0,0,,11.197076186319055,,,,,,,,,,
QDM_NP_monthly,CanESM5,500009,nonparametric,monthly,07,calibration,True,,False,monthly,07,1.0,0.03095483870967742,592,592,620,592,0,0,0,,43.4,,,,,,,,,,
QDM_NP_monthly,CanESM5,500009,nonparametric,monthly,07,validation,True,,False,monthly,07,1.0,0.03095483870967742,592,592,434,399,76,0,0,,25.97203060722451,,,,,,,,,,
QDM_NP_monthly,CanESM5,500009,nonparametric,monthly,08,calibration,True,,False,monthly,08,1.0,0.023,603,601,620,601,0,0,0,,40.17986688851952,,,,,,,,,,
QDM_NP_monthly,CanESM5,500009,nonparametric,monthly,08,validation,True,,False,monthly,08,1.0,0.023,603,601,434,413,0,0,0,,47.86826606629039,,,,,,,,,,
QDM_NP_monthly,CanESM5,500009,nonparametric,monthly,09,calibration,True,,False,monthly,09,1.0,0.010978333333333298,587,587,600,587,0,0,0,,31.5,,,,,,,,,,
QDM_NP_monthly,CanESM5,500009,nonparametric,monthly,09,validation,True,,False,monthly,09,1.0,0.010978333333333298,587,587,420,408,0,0,0,,30.09258950789884,,,,,,,,,,
QDM_NP_monthly,CanESM5,500009,nonparametric,monthly,10,calibration,True,,False,monthly,10,1.0,0.12986290322580646,535,535,620,535,0,0,0,,39.9,,,,,,,,,,
QDM_NP_monthly,CanESM5,500009,nonparametric,monthly,10,validation,True,,False,monthly,10,1.0,0.12986290322580646,535,535,434,359,0,0,0,,72.14755808859188,,,,,,,,,,
QDM_NP_monthly,CanESM5,500009,nonparametric,monthly,11,calibration,True,,False,monthly,11,1.0,0.8273950000000001,293,293,600,293,0,0,0,,25.4,,,,,,,,,,
QDM_NP_monthly,CanESM5,500009,nonparametric,monthly,11,validation,True,,False,monthly,11,1.0,0.8273950000000001,293,293,420,150,0,0,0,,37.29699416610704,,,,,,,,,,
QDM_NP_monthly,CanESM5,500009,nonparametric,monthly,12,calibration,True,,False,monthly,12,1.0,1.475,101,100,620,100,0,0,0,,12.394,,,,,,,,,,
QDM_NP_monthly,CanESM5,500009,nonparametric,monthly,12,validation,True,,False,monthly,12,1.0,1.475,101,100,434,79,0,0,0,,12.889883484768387,,,,,,,,,,
QDM_NP_monthly,CanESM5,500201,nonparametric,monthly,01,calibration,True,,False,monthly,01,1.0,3.0247870967741908,32,32,620,32,0,0,0,,87.2,,,,,,,,,,
QDM_NP_monthly,CanESM5,500201,nonparametric,monthly,01,validation,True,,False,monthly,01,1.0,3.0247870967741908,32,32,434,22,0,0,0,,81.55666530106252,,,,,,,,,,
QDM_NP_monthly,CanESM5,500201,nonparametric,monthly,02,calibration,True,,False,monthly,02,1.0,2.2140857142857144,48,48,560,48,0,0,0,,43.3,,,,,,,,,,
QDM_NP_monthly,CanESM5,500201,nonparametric,monthly,02,validation,True,,False,monthly,02,1.0,2.2140857142857144,48,48,392,28,0,0,0,,41.79937747118706,,,,,,,,,,
QDM_NP_monthly,CanESM5,500201,nonparametric,monthly,03,calibration,True,,False,monthly,03,1.0,1.6141096774193548,68,68,620,68,0,0,0,,79.0,,,,,,,,,,
QDM_NP_monthly,CanESM5,500201,nonparametric,monthly,03,validation,True,,False,monthly,03,1.0,1.6141096774193548,68,68,434,25,0,0,0,,43.71733993933596,,,,,,,,,,
QDM_NP_monthly,CanESM5,500201,nonparametric,monthly,04,calibration,True,,False,monthly,04,1.0,1.1572299999999998,82,82,600,82,0,0,0,,65.3,,,,,,,,,,
QDM_NP_monthly,CanESM5,500201,nonparametric,monthly,04,validation,True,,False,monthly,04,1.0,1.1572299999999998,82,82,420,76,0,0,0,,201.60677674393585,,,,,,,,,,
QDM_NP_monthly,CanESM5,500201,nonparametric,monthly,05,calibration,True,,False,monthly,05,1.0,1.462293548387097,182,182,620,182,0,0,0,,197.3,,,,,,,,,,
QDM_NP_monthly,CanESM5,500201,nonparametric,monthly,05,validation,True,,False,monthly,05,1.0,1.462293548387097,182,182,434,101,0,0,0,,200.66998108291034,,,,,,,,,,
QDM_NP_monthly,CanESM5,500201,nonparametric,monthly,06,calibration,True,,False,monthly,06,1.0,9.07905,205,205,600,205,0,0,0,,43.7,,,,,,,,,,
QDM_NP_monthly,CanESM5,500201,nonparametric,monthly,06,validation,True,,False,monthly,06,1.0,9.07905,205,205,420,123,0,0,0,,51.30307624309389,,,,,,,,,,
QDM_NP_monthly,CanESM5,500201,nonparametric,monthly,07,calibration,True,,False,monthly,07,1.0,11.55010322580645,228,228,620,228,0,0,0,,52.2,,,,,,,,,,
QDM_NP_monthly,CanESM5,500201,nonparametric,monthly,07,validation,True,,False,monthly,07,1.0,11.55010322580645,228,228,434,127,0,0,0,,29.667744604443715,,,,,,,,,,
QDM_NP_monthly,CanESM5,500201,nonparametric,monthly,08,calibration,True,,False,monthly,08,1.0,8.976,248,247,620,247,0,0,0,,41.7866396761135,,,,,,,,,,
QDM_NP_monthly,CanESM5,500201,nonparametric,monthly,08,validation,True,,False,monthly,08,1.0,8.976,248,247,434,118,0,0,0,,40.15645830619502,,,,,,,,,,
QDM_NP_monthly,CanESM5,500201,nonparametric,monthly,09,calibration,True,,False,monthly,09,1.0,5.1006800000000005,216,216,600,216,0,0,0,,57.5,,,,,,,,,,
QDM_NP_monthly,CanESM5,500201,nonparametric,monthly,09,validation,True,,False,monthly,09,1.0,5.1006800000000005,216,216,420,136,0,0,0,,39.195823687250595,,,,,,,,,,
QDM_NP_monthly,CanESM5,500201,nonparametric,monthly,10,calibration,True,,False,monthly,10,1.0,4.173549999999996,257,257,620,257,0,0,0,,296.9,,,,,,,,,,
QDM_NP_monthly,CanESM5,500201,nonparametric,monthly,10,validation,True,,False,monthly,10,1.0,4.173549999999996,257,257,434,121,0,0,0,,166.84819068497066,,,,,,,,,,
QDM_NP_monthly,CanESM5,500201,nonparametric,monthly,11,calibration,True,,False,monthly,11,1.0,6.350075,129,129,600,129,0,0,0,,240.1,,,,,,,,,,
QDM_NP_monthly,CanESM5,500201,nonparametric,monthly,11,validation,True,,False,monthly,11,1.0,6.350075,129,129,420,66,0,0,0,,251.29451546044854,,,,,,,,,,
QDM_NP_monthly,CanESM5,500201,nonparametric,monthly,12,calibration,False,"insufficient wet days obs=23, model=23",True,annual,all,1.0,7.666409677419353,23,23,620,37,0,0,0,,25.136011468679875,,,,,,,,,,
QDM_NP_monthly,CanESM5,500201,nonparametric,monthly,12,validation,False,"insufficient wet days obs=23, model=23",True,annual,all,1.0,7.666409677419353,23,23,434,20,0,0,0,,17.355780966070895,,,,,,,,,,
QDM_NP_monthly,CanESM5,500202,nonparametric,monthly,01,calibration,False,"insufficient wet days obs=17, model=17",True,annual,all,1.0,1.8819048387096766,17,17,620,3,0,0,0,,9.055323806377002,,,,,,,,,,
QDM_NP_monthly,CanESM5,500202,nonparametric,monthly,01,validation,False,"insufficient wet days obs=17, model=17",True,annual,all,1.0,1.8819048387096766,17,17,434,0,0,0,0,,,,,,,,,,,,
QDM_NP_monthly,CanESM5,500202,nonparametric,monthly,02,calibration,False,"insufficient wet days obs=26, model=26",True,annual,all,1.0,1.0782785714285716,26,26,560,0,0,0,0,,,,,,,,,,,,
QDM_NP_monthly,CanESM5,500202,nonparametric,monthly,02,validation,False,"insufficient wet days obs=26, model=26",True,annual,all,1.0,1.0782785714285716,26,26,392,0,0,0,0,,,,,,,,,,,,
QDM_NP_monthly,CanESM5,500202,nonparametric,monthly,03,calibration,True,,False,monthly,03,1.0,0.9864354838709684,30,30,620,30,0,0,0,,176.0,,,,,,,,,,
QDM_NP_monthly,CanESM5,500202,nonparametric,monthly,03,validation,True,,False,monthly,03,1.0,0.9864354838709684,30,30,434,9,0,0,0,,55.291418962898675,,,,,,,,,,
QDM_NP_monthly,CanESM5,500202,nonparametric,monthly,04,calibration,True,,False,monthly,04,1.0,0.6592100000000001,63,63,600,63,0,0,0,,51.9,,,,,,,,,,
QDM_NP_monthly,CanESM5,500202,nonparametric,monthly,04,validation,True,,False,monthly,04,1.0,0.6592100000000001,63,63,420,54,0,2,0,,257.2916666666666,,,,,,,,,,
QDM_NP_monthly,CanESM5,500202,nonparametric,monthly,05,calibration,True,,False,monthly,05,1.0,1.0559999999999994,186,186,620,186,0,0,0,,225.3,,,,,,,,,,
QDM_NP_monthly,CanESM5,500202,nonparametric,monthly,05,validation,True,,False,monthly,05,1.0,1.0559999999999994,186,186,434,76,0,0,0,,108.38638427676909,,,,,,,,,,
QDM_NP_monthly,CanESM5,500202,nonparametric,monthly,06,calibration,True,,False,monthly,06,1.0,8.362399999999994,192,192,600,192,0,0,0,,53.4,,,,,,,,,,
QDM_NP_monthly,CanESM5,500202,nonparametric,monthly,06,validation,True,,False,monthly,06,1.0,8.362399999999994,192,192,420,79,0,0,0,,19.900718086256862,,,,,,,,,,
QDM_NP_monthly,CanESM5,500202,nonparametric,monthly,07,calibration,True,,False,monthly,07,1.0,9.309,206,205,620,205,0,0,0,,85.75658536585365,,,,,,,,,,
QDM_NP_monthly,CanESM5,500202,nonparametric,monthly,07,validation,True,,False,monthly,07,1.0,9.309,206,205,434,88,0,0,0,,50.08008797051204,,,,,,,,,,
QDM_NP_monthly,CanESM5,500202,nonparametric,monthly,08,calibration,True,,False,monthly,08,1.0,6.329967741935484,200,200,620,200,0,0,0,,52.5,,,,,,,,,,
QDM_NP_monthly,CanESM5,500202,nonparametric,monthly,08,validation,True,,False,monthly,08,1.0,6.329967741935484,200,200,434,135,0,0,0,,82.0355501891884,,,,,,,,,,
QDM_NP_monthly,CanESM5,500202,nonparametric,monthly,09,calibration,True,,False,monthly,09,1.0,2.388259999999997,244,244,600,244,0,0,0,,104.5,,,,,,,,,,
QDM_NP_monthly,CanESM5,500202,nonparametric,monthly,09,validation,True,,False,monthly,09,1.0,2.388259999999997,244,244,420,150,0,0,0,,99.52398309243732,,,,,,,,,,
QDM_NP_monthly,CanESM5,500202,nonparametric,monthly,10,calibration,True,,False,monthly,10,1.0,3.7785322580645175,250,250,620,250,0,0,0,,152.0,,,,,,,,,,
QDM_NP_monthly,CanESM5,500202,nonparametric,monthly,10,validation,True,,False,monthly,10,1.0,3.7785322580645175,250,250,434,118,0,0,0,,303.3813522508498,,,,,,,,,,
QDM_NP_monthly,CanESM5,500202,nonparametric,monthly,11,calibration,True,,False,monthly,11,1.0,4.528221666666671,131,131,600,131,0,0,0,,298.5,,,,,,,,,,
QDM_NP_monthly,CanESM5,500202,nonparametric,monthly,11,validation,True,,False,monthly,11,1.0,4.528221666666671,131,131,420,49,0,0,0,,268.488542083975,,,,,,,,,,
QDM_NP_monthly,CanESM5,500202,nonparametric,monthly,12,calibration,False,"insufficient wet days obs=13, model=13",True,annual,all,1.0,8.198290322580627,13,13,620,31,0,0,0,,32.06717329819869,,,,,,,,,,
QDM_NP_monthly,CanESM5,500202,nonparametric,monthly,12,validation,False,"insufficient wet days obs=13, model=13",True,annual,all,1.0,8.198290322580627,13,13,434,11,0,0,0,,29.435122756723956,,,,,,,,,,
QDM_NP_monthly,CanESM5,500301,nonparametric,monthly,01,calibration,False,"insufficient wet days obs=19, model=19",True,annual,all,1.0,3.7006887096774155,19,19,620,6,0,0,0,,13.643142339218153,,,,,,,,,,
QDM_NP_monthly,CanESM5,500301,nonparametric,monthly,01,validation,False,"insufficient wet days obs=19, model=19",True,annual,all,1.0,3.7006887096774155,19,19,434,2,0,0,0,,7.983812984972008,,,,,,,,,,
QDM_NP_monthly,CanESM5,500301,nonparametric,monthly,02,calibration,False,"insufficient wet days obs=27, model=27",True,annual,all,1.0,2.4927607142857124,27,27,560,1,0,0,0,,3.600844850544102,,,,,,,,,,
QDM_NP_monthly,CanESM5,500301,nonparametric,monthly,02,validation,False,"insufficient wet days obs=27, model=27",True,annual,all,1.0,2.4927607142857124,27,27,392,1,0,0,0,,3.113760962394968,,,,,,,,,,
QDM_NP_monthly,CanESM5,500301,nonparametric,monthly,03,calibration,True,,False,monthly,03,1.0,1.8221612903225795,45,45,620,45,0,0,0,,83.8,,,,,,,,,,
QDM_NP_monthly,CanESM5,500301,nonparametric,monthly,03,validation,True,,False,monthly,03,1.0,1.8221612903225795,45,45,434,14,0,0,0,,38.211809754131394,,,,,,,,,,
QDM_NP_monthly,CanESM5,500301,nonparametric,monthly,04,calibration,True,,False,monthly,04,1.0,1.07,104,103,600,103,0,0,0,,45.2,,,,,,,,,,
QDM_NP_monthly,CanESM5,500301,nonparametric,monthly,04,validation,True,,False,monthly,04,1.0,1.07,104,103,420,93,0,0,0,,139.79168267355624,,,,,,,,,,
QDM_NP_monthly,CanESM5,500301,nonparametric,monthly,05,calibration,True,,False,monthly,05,1.0,1.044383870967742,238,238,620,238,0,0,0,,188.0,,,,,,,,,,
QDM_NP_monthly,CanESM5,500301,nonparametric,monthly,05,validation,True,,False,monthly,05,1.0,1.044383870967742,238,238,434,177,0,0,0,,204.66519039367762,,,,,,,,,,
QDM_NP_monthly,CanESM5,500301,nonparametric,monthly,06,calibration,True,,False,monthly,06,1.0,9.338643333333332,193,193,600,193,0,0,0,,80.3,,,,,,,,,,
QDM_NP_monthly,CanESM5,500301,nonparametric,monthly,06,validation,True,,False,monthly,06,1.0,9.338643333333332,193,193,420,115,0,0,0,,94.18452919508752,,,,,,,,,,
QDM_NP_monthly,CanESM5,500301,nonparametric,monthly,07,calibration,True,,False,monthly,07,1.0,11.186580645161289,240,240,620,240,0,0,0,,82.0,,,,,,,,,,
QDM_NP_monthly,CanESM5,500301,nonparametric,monthly,07,validation,True,,False,monthly,07,1.0,11.186580645161289,240,240,434,134,0,0,0,,38.06494513971725,,,,,,,,,,
QDM_NP_monthly,CanESM5,500301,nonparametric,monthly,08,calibration,True,,False,monthly,08,1.0,10.039349999999999,217,217,620,217,0,0,0,,72.7,,,,,,,,,,
QDM_NP_monthly,CanESM5,500301,nonparametric,monthly,08,validation,True,,False,monthly,08,1.0,10.039349999999999,217,217,434,108,0,0,0,,54.65409468814853,,,,,,,,,,
QDM_NP_monthly,CanESM5,500301,nonparametric,monthly,09,calibration,True,,False,monthly,09,1.0,2.4375,300,300,600,300,0,0,0,,72.5,,,,,,,,,,
QDM_NP_monthly,CanESM5,500301,nonparametric,monthly,09,validation,True,,False,monthly,09,1.0,2.4375,300,300,420,189,0,0,0,,50.12596079013334,,,,,,,,,,
QDM_NP_monthly,CanESM5,500301,nonparametric,monthly,10,calibration,True,,False,monthly,10,1.0,2.738903225806452,300,300,620,300,0,0,0,,105.1,,,,,,,,,,
QDM_NP_monthly,CanESM5,500301,nonparametric,monthly,10,validation,True,,False,monthly,10,1.0,2.738903225806452,300,300,434,147,0,0,0,,89.391572586478,,,,,,,,,,
QDM_NP_monthly,CanESM5,500301,nonparametric,monthly,11,calibration,True,,False,monthly,11,1.0,6.065460000000001,138,138,600,138,0,0,0,,180.9,,,,,,,,,,
QDM_NP_monthly,CanESM5,500301,nonparametric,monthly,11,validation,True,,False,monthly,11,1.0,6.065460000000001,138,138,420,68,0,0,0,,189.0038814901199,,,,,,,,,,
QDM_NP_monthly,CanESM5,500301,nonparametric,monthly,12,calibration,False,"insufficient wet days obs=11, model=11",True,annual,all,1.0,10.282872580645154,11,11,620,46,0,0,0,,24.274418379685613,,,,,,,,,,
QDM_NP_monthly,CanESM5,500301,nonparametric,monthly,12,validation,False,"insufficient wet days obs=11, model=11",True,annual,all,1.0,10.282872580645154,11,11,434,26,0,0,0,,18.1914376341613,,,,,,,,,,
QDM_P_annual,CanESM5,500001,parametric,annual,all,calibration,True,,False,annual,all,1.0,4.176222465753424,1624,1624,7300,1624,0,0,0,650.0,207.3430308561143,pearson3,10166.690809110334,0.04344633791481602,0.004217804457928766,3.0,pearson3,9705.058323452606,0.03891212079655648,0.014239195661302979,3.0
QDM_P_annual,CanESM5,500001,parametric,annual,all,validation,True,,False,annual,all,1.0,4.176222465753424,1624,1624,5110,822,0,0,0,650.0,194.62532261577743,pearson3,10166.690809110334,0.04344633791481602,0.004217804457928766,3.0,pearson3,9705.058323452606,0.03891212079655648,0.014239195661302979,3.0
QDM_P_annual,CanESM5,500002,parametric,annual,all,calibration,True,,False,annual,all,1.0,6.211773150684937,1618,1618,7300,1618,0,0,0,735.0,262.3268494763918,lognorm,12074.238361578493,0.04544683548632386,0.002422384305089989,2.0,genextreme,9980.256331873497,0.04643276215279735,0.0018052887938237916,3.0
QDM_P_annual,CanESM5,500002,parametric,annual,all,validation,True,,False,annual,all,1.0,6.211773150684937,1618,1618,5110,908,0,0,0,735.0,271.83481026107967,lognorm,12074.238361578493,0.04544683548632386,0.002422384305089989,2.0,genextreme,9980.256331873497,0.04643276215279735,0.0018052887938237916,3.0
QDM_P_annual,CanESM5,500003,parametric,annual,all,calibration,True,,False,annual,all,1.0,3.395706849315069,1780,1780,7300,1780,0,0,0,906.5,243.97648723090475,pearson3,11572.233860614782,0.10053148717794419,4.1005648586602895e-16,3.0,pearson3,10684.342675703712,0.03597322744035747,0.019477533101143796,3.0
QDM_P_annual,CanESM5,500003,parametric,annual,all,validation,True,,False,annual,all,1.0,3.395706849315069,1780,1780,5110,919,0,0,0,906.5,229.01180879781037,pearson3,11572.233860614782,0.10053148717794419,4.1005648586602895e-16,3.0,pearson3,10684.342675703712,0.03597322744035747,0.019477533101143796,3.0
QDM_P_annual,CanESM5,500004,parametric,annual,all,calibration,True,,False,annual,all,1.0,6.24,1613,1612,7300,1612,0,0,0,536.0,113.30109301433924,pearson3,10065.358052585754,0.15275734683182612,2.4917916710714816e-33,3.0,genextreme,9941.165937908834,0.04617594399871289,0.002000740734669143,3.0
QDM_P_annual,CanESM5,500004,parametric,annual,all,validation,True,,False,annual,all,1.0,6.24,1613,1612,5110,905,0,0,0,536.0,102.11285697376685,pearson3,10065.358052585754,0.15275734683182612,2.4917916710714816e-33,3.0,genextreme,9941.165937908834,0.04617594399871289,0.002000740734669143,3.0
QDM_P_annual,CanESM5,500005,parametric,annual,all,calibration,True,,False,annual,all,1.0,1.0685716438356163,4173,4173,7300,4173,0,0,0,241.5,165.74796661343024,pearson3,20012.091981836646,0.059411140779681126,3.024616082001513e-13,3.0,pearson3,23369.201293703154,0.1162761000236936,1.3067163052440588e-49,3.0
QDM_P_annual,CanESM5,500005,parametric,annual,all,validation,True,,False,annual,all,1.0,1.0685716438356163,4173,4173,5110,2623,0,0,0,241.5,188.9889605640138,pearson3,20012.091981836646,0.059411140779681126,3.024616082001513e-13,3.0,pearson3,23369.201293703154,0.1162761000236936,1.3067163052440588e-49,3.0
QDM_P_annual,CanESM5,500006,parametric,annual,all,calibration,True,,False,annual,all,1.0,1.041,4239,4238,7300,4238,0,0,0,230.5,18.124561094783765,pearson3,20422.226158878635,0.03385645562508066,0.00011746297464857288,3.0,genextreme,23721.673258032304,0.09018221312576757,1.925234701022993e-30,3.0
QDM_P_annual,CanESM5,500006,parametric,annual,all,validation,True,,False,annual,all,1.0,1.041,4239,4238,5110,2650,71,0,0,230.5,12.349425183851125,pearson3,20422.226158878635,0.03385645562508066,0.00011746297464857288,3.0,genextreme,23721.673258032304,0.09018221312576757,1.925234701022993e-30,3.0
QDM_P_annual,CanESM5,500007,parametric,annual,all,calibration,True,,False,annual,all,1.0,1.2415305479452055,3873,3873,7300,3873,0,0,0,732.5,119.61391499358737,pearson3,17291.183602135894,0.054003164510763924,2.943547501210347e-10,3.0,pearson3,21710.338720993786,0.10033429846198871,2.147464132906899e-34,3.0
QDM_P_annual,CanESM5,500007,parametric,annual,all,validation,True,,False,annual,all,1.0,1.2415305479452055,3873,3873,5110,2348,0,0,0,732.5,136.38604397695633,pearson3,17291.183602135894,0.054003164510763924,2.943547501210347e-10,3.0,pearson3,21710.338720993786,0.10033429846198871,2.147464132906899e-34,3.0
QDM_P_annual,CanESM5,500008,parametric,annual,all,calibration,True,,False,annual,all,1.0,0.8936238356164385,4554,4554,7300,4554,0,0,0,340.0,106.74438692074247,pearson3,21942.41450157436,0.09004835016715451,1.3931359138145453e-32,3.0,pearson3,24451.51247987589,0.09867779200682902,4.72105344739579e-39,3.0
QDM_P_annual,CanESM5,500008,parametric,annual,all,validation,True,,False,annual,all,1.0,0.8936238356164385,4554,4554,5110,2944,0,0,0,340.0,121.71196511414344,pearson3,21942.41450157436,0.09004835016715451,1.3931359138145453e-32,3.0,pearson3,24451.51247987589,0.09867779200682902,4.72105344739579e-39,3.0
QDM_P_annual,CanESM5,500009,parametric,annual,all,calibration,True,,False,annual,all,1.0,0.344,4332,4325,7300,4325,0,0,0,244.0,97.0895097462566,pearson3,20275.243353481153,0.05761610835826517,6.094422043782797e-13,3.0,pearson3,20004.173117364393,0.11585501814934651,4.957944323952199e-51,3.0
QDM_P_annual,CanESM5,500009,parametric,annual,all,validation,True,,False,annual,all,1.0,0.344,4332,4325,5110,2632,0,3,0,244.0,75.3689569187627,pearson3,20275.243353481153,0.05761610835826517,6.094422043782797e-13,3.0,pearson3,20004.173117364393,0.11585501814934651,4.957944323952199e-51,3.0
QDM_P_annual,CanESM5,500201,parametric,annual,all,calibration,True,,False,annual,all,1.0,5.65405945205479,1718,1718,7300,1718,0,0,0,1484.5,78.8541724790986,pearson3,10578.562359710664,0.03674215621225141,0.018860215572137042,3.0,genextreme,10637.780477759272,0.049476476404204495,0.00042884643267420797,3.0
QDM_P_annual,CanESM5,500201,parametric,annual,all,validation,True,,False,annual,all,1.0,5.65405945205479,1718,1718,5110,967,5,0,0,1484.5,33.493104362604676,pearson3,10578.562359710664,0.03674215621225141,0.018860215572137042,3.0,genextreme,10637.780477759272,0.049476476404204495,0.00042884643267420797,3.0
QDM_P_annual,CanESM5,500202,parametric,annual,all,calibration,True,,False,annual,all,1.0,4.499280547945205,1558,1558,7300,1558,0,0,0,1492.5,142.33277850348514,pearson3,10137.274257001322,0.07110411989069665,2.7031376578207064e-07,3.0,pearson3,9299.683125327045,0.040255057407965755,0.012473064943667784,3.0
QDM_P_annual,CanESM5,500202,parametric,annual,all,validation,True,,False,annual,all,1.0,4.499280547945205,1558,1558,5110,781,0,0,0,1492.5,133.60257550331792,pearson3,10137.274257001322,0.07110411989069665,2.7031376578207064e-07,3.0,pearson3,9299.683125327045,0.040255057407965755,0.012473064943667784,3.0
QDM_P_annual,CanESM5,500301,parametric,annual,all,calibration,True,,False,annual,all,1.0,5.10950191780822,1832,1832,7300,1832,0,0,0,940.0,54.500350415388,pearson3,12065.451149883567,0.09597327414620738,3.87221829633173e-15,3.0,genextreme,11388.815040995149,0.05162298125295128,0.0001105313544800384,3.0
QDM_P_annual,CanESM5,500301,parametric,annual,all,validation,True,,False,annual,all,1.0,5.10950191780822,1832,1832,5110,1030,5,0,0,940.0,23.77214227549694,pearson3,12065.451149883567,0.09597327414620738,3.87221829633173e-15,3.0,genextreme,11388.815040995149,0.05162298125295128,0.0001105313544800384,3.0
QDM_P_monthly,CanESM5,500001,parametric,monthly,01,calibration,False,"insufficient wet days obs=4, model=4",True,annual,all,1.0,3.6399483870967706,4,4,620,4,0,0,0,,,,,,,,,,,,
QDM_P_monthly,CanESM5,500001,parametric,monthly,01,validation,False,"insufficient wet days obs=4, model=4",True,annual,all,1.0,3.6399483870967706,4,4,434,0,0,0,0,,,,,,,,,,,,
QDM_P_monthly,CanESM5,500001,parametric,monthly,02,calibration,False,"insufficient wet days obs=17, model=17",True,annual,all,1.0,1.3113035714285715,17,17,560,0,0,0,0,,,,,,,,,,,,
QDM_P_monthly,CanESM5,500001,parametric,monthly,02,validation,False,"insufficient wet days obs=17, model=17",True,annual,all,1.0,1.3113035714285715,17,17,392,0,0,0,0,,,,,,,,,,,,
QDM_P_monthly,CanESM5,500001,parametric,monthly,03,calibration,False,"insufficient wet days obs=22, model=22",True,annual,all,1.0,1.0379580645161282,22,22,620,1,0,0,0,,,,,,,,,,,,
QDM_P_monthly,CanESM5,500001,parametric,monthly,03,validation,False,"insufficient wet days obs=22, model=22",True,annual,all,1.0,1.0379580645161282,22,22,434,0,0,0,0,,,,,,,,,,,,
QDM_P_monthly,CanESM5,500001,parametric,monthly,04,calibration,True,,False,monthly,04,1.0,0.571,110,109,600,109,0,0,0,438.0,162.8904411974988,pearson3,748.8471980051573,0.1142221324056068,0.10475034852532972,3.0,pearson3,-113.99566468089068,0.14889001373860117,0.014214495184365794,3.0
QDM_P_monthly,CanESM5,500001,parametric,monthly,04,validation,True,,False,monthly,04,1.0,0.571,110,109,420,76,0,1,2,438.0,438.0,pearson3,748.8471980051573,0.1142221324056068,0.10475034852532972,3.0,pearson3,-113.99566468089068,0.14889001373860117,0.014214495184365794,3.0
QDM_P_monthly,CanESM5,500001,parametric,monthly,05,calibration,True,,False,monthly,05,1.0,0.8180032258064515,207,207,620,207,0,0,0,650.0,105.4329211174731,pearson3,1394.339393455901,0.06671172395585084,0.3020642173529354,3.0,pearson3,998.5827604577212,0.11379811898904435,0.0086169047816135,3.0
QDM_P_monthly,CanESM5,500001,parametric,monthly,05,validation,True,,False,monthly,05,1.0,0.8180032258064515,207,207,434,89,0,0,0,650.0,85.39699928923403,pearson3,1394.339393455901,0.06671172395585084,0.3020642173529354,3.0,pearson3,998.5827604577212,0.11379811898904435,0.0086169047816135,3.0
QDM_P_monthly,CanESM5,500001,parametric,monthly,06,calibration,True,,False,monthly,06,1.0,8.515466666666667,190,190,600,190,0,0,0,294.5,85.50317604296124,pearson3,1088.8697888231645,0.05630711354882123,0.5639641475741675,3.0,pearson3,1178.8112581851785,0.06133211830516461,0.454399629142484,3.0
QDM_P_monthly,CanESM5,500001,parametric,monthly,06,validation,True,,False,monthly,06,1.0,8.515466666666667,190,190,420,79,0,0,0,294.5,29.587793294082402,pearson3,1088.8697888231645,0.05630711354882123,0.5639641475741675,3.0,pearson3,1178.8112581851785,0.06133211830516461,0.454399629142484,3.0
QDM_P_monthly,CanESM5,500001,parametric,monthly,07,calibration,True,,False,monthly,07,1.0,7.56908870967742,259,259,620,259,0,0,0,411.0,117.08480291664151,pearson3,1585.0598885647387,0.13385819110348546,0.00016536446422565538,3.0,pearson3,1459.336759952423,0.048308472188851925,0.5645136088963114,3.0
QDM_P_monthly,CanESM5,500001,parametric,monthly,07,validation,True,,False,monthly,07,1.0,7.56908870967742,259,259,434,115,0,0,0,411.0,71.58896704830492,pearson3,1585.0598885647387,0.13385819110348546,0.00016536446422565538,3.0,pearson3,1459.336759952423,0.048308472188851925,0.5645136088963114,3.0
QDM_P_monthly,CanESM5,500001,parametric,monthly,08,calibration,True,,False,monthly,08,1.0,1.751606451612903,332,332,620,332,0,0,0,437.0,110.52701011414165,pearson3,2094.0606517525757,0.0826063597407789,0.020305063790752188,3.0,pearson3,2039.7899006173197,0.08710647905571578,0.012175722410282946,3.0
QDM_P_monthly,CanESM5,500001,parametric,monthly,08,validation,True,,False,monthly,08,1.0,1.751606451612903,332,332,434,201,0,0,0,437.0,128.39568058078416,pearson3,2094.0606517525757,0.0826063597407789,0.020305063790752188,3.0,pearson3,2039.7899006173197,0.08710647905571578,0.012175722410282946,3.0
QDM_P_monthly,CanESM5,500001,parametric,monthly,09,calibration,True,,False,monthly,09,1.0,1.8214666666666668,262,262,600,262,0,0,0,481.5,146.51491675270134,pearson3,1818.9179900930242,0.08659240157762993,0.03699398301638357,3.0,pearson3,1589.668271752977,0.05744969924116561,0.33981819825892556,3.0
QDM_P_monthly,CanESM5,500001,parametric,monthly,09,validation,True,,False,monthly,09,1.0,1.8214666666666668,262,262,420,160,0,0,0,481.5,131.23248192553913,pearson3,1818.9179900930242,0.08659240157762993,0.03699398301638357,3.0,pearson3,1589.668271752977,0.05744969924116561,0.33981819825892556,3.0
QDM_P_monthly,CanESM5,500001,parametric,monthly,10,calibration,True,,False,monthly,10,1.0,7.458032258064516,160,160,620,160,0,0,0,400.0,77.18953860640603,pearson3,994.3460418117925,0.077716065484709,0.27420080924017654,3.0,pearson3,974.797783758187,0.059420782399709715,0.6030504477761319,3.0
QDM_P_monthly,CanESM5,500001,parametric,monthly,10,validation,True,,False,monthly,10,1.0,7.458032258064516,160,160,434,77,0,0,0,400.0,161.75508541260996,pearson3,994.3460418117925,0.077716065484709,0.27420080924017654,3.0,pearson3,974.797783758187,0.059420782399709715,0.6030504477761319,3.0
QDM_P_monthly,CanESM5,500001,parametric,monthly,11,calibration,True,,False,monthly,11,1.0,9.594160000000004,54,54,600,54,0,0,0,175.5,46.62812038914953,pearson3,315.39577568650236,0.09121608784800739,0.7254520974615344,3.0,pearson3,267.9782917011083,0.15630048435375798,0.12824894709548817,3.0
QDM_P_monthly,CanESM5,500001,parametric,monthly,11,validation,True,,False,monthly,11,1.0,9.594160000000004,54,54,420,20,0,0,0,,,pearson3,315.39577568650236,0.09121608784800739,0.7254520974615344,3.0,pearson3,267.9782917011083,0.15630048435375798,0.12824894709548817,3.0
QDM_P_monthly,CanESM5,500001,parametric,monthly,12,calibration,False,"insufficient wet days obs=7, model=7",True,annual,all,1.0,10.625312903225803,7,7,620,34,0,0,0,650.0,22.1974191707583,,,,,,,,,,
QDM_P_monthly,CanESM5,500001,parametric,monthly,12,validation,False,"insufficient wet days obs=7, model=7",True,annual,all,1.0,10.625312903225803,7,7,434,14,0,0,0,,,,,,,,,,,,
QDM_P_monthly,CanESM5,500002,parametric,monthly,01,calibration,False,"insufficient wet days obs=9, model=9",True,annual,all,1.0,4.793975806451611,9,9,620,3,0,0,0,,,,,,,,,,,,
QDM_P_monthly,CanESM5,500002,parametric,monthly,01,validation,False,"insufficient wet days obs=9, model=9",True,annual,all,1.0,4.793975806451611,9,9,434,1,0,0,0,,,,,,,,,,,,
QDM_P_monthly,CanESM5,500002,parametric,monthly,02,calibration,False,"insufficient wet days obs=14, model=14",True,annual,all,1.0,2.909824999999999,14,14,560,1,0,0,0,,,,,,,,,,,,
QDM_P_monthly,CanESM5,500002,parametric,monthly,02,validation,False,"insufficient wet days obs=14, model=14",True,annual,all,1.0,2.909824999999999,14,14,392,0,0,0,0,,,,,,,,,,,,
QDM_P_monthly,CanESM5,500002,parametric,monthly,03,calibration,True,,False,monthly,03,1.0,1.9521645161290335,38,38,620,38,0,0,0,232.5,50.058060422680605,pearson3,225.26588138246987,0.15143273418974346,0.31559317419645216,3.0,pearson3,37.295350542675514,0.08258495031197677,0.9388519210568735,3.0
QDM_P_monthly,CanESM5,500002,parametric,monthly,03,validation,True,,False,monthly,03,1.0,1.9521645161290335,38,38,434,9,0,0,0,,,pearson3,225.26588138246987,0.15143273418974346,0.31559317419645216,3.0,pearson3,37.295350542675514,0.08258495031197677,0.9388519210568735,3.0
QDM_P_monthly,CanESM5,500002,parametric,monthly,04,calibration,True,,False,monthly,04,1.0,1.0284116666666665,121,121,600,121,0,0,0,707.0,116.76441360008022,pearson3,909.2034473470238,0.04359190738034113,0.9679033673358094,3.0,pearson3,-21.760685540894865,0.05068514284755943,0.8993062253016177,3.0
QDM_P_monthly,CanESM5,500002,parametric,monthly,04,validation,True,,False,monthly,04,1.0,1.0284116666666665,121,121,420,101,0,0,0,707.0,347.0382566567602,pearson3,909.2034473470238,0.04359190738034113,0.9679033673358094,3.0,pearson3,-21.760685540894865,0.05068514284755943,0.8993062253016177,3.0
QDM_P_monthly,CanESM5,500002,parametric,monthly,05,calibration,True,,False,monthly,05,1.0,1.3205677419354833,199,199,620,199,0,0,0,671.0,338.1715681671785,pearson3,1526.753577303418,0.039816978050921326,0.8979534025289143,3.0,pearson3,996.262488237941,0.08330140505462802,0.11935790717756278,3.0
QDM_P_monthly,CanESM5,500002,parametric,monthly,05,validation,True,,False,monthly,05,1.0,1.3205677419354833,199,199,434,121,0,0,0,671.0,368.20637411106804,pearson3,1526.753577303418,0.039816978050921326,0.8979534025289143,3.0,pearson3,996.262488237941,0.08330140505462802,0.11935790717756278,3.0
QDM_P_monthly,CanESM5,500002,parametric,monthly,06,calibration,True,,False,monthly,06,1.0,9.40494,188,188,600,188,0,0,0,577.0,158.79601628838222,pearson3,1295.8291512622118,0.0718404147740451,0.2731352098176838,3.0,pearson3,1213.0654793319927,0.11018588280618946,0.019206642799498724,3.0
QDM_P_monthly,CanESM5,500002,parametric,monthly,06,validation,True,,False,monthly,06,1.0,9.40494,188,188,420,115,0,0,0,577.0,181.56131506939218,pearson3,1295.8291512622118,0.0718404147740451,0.2731352098176838,3.0,pearson3,1213.0654793319927,0.11018588280618946,0.019206642799498724,3.0
QDM_P_monthly,CanESM5,500002,parametric,monthly,07,calibration,True,,False,monthly,07,1.0,9.881983870967742,275,275,620,275,0,0,0,592.5,149.04603923374566,pearson3,2073.764234366555,0.04474682270067465,0.6240869086685397,3.0,genextreme,1565.7892378214306,0.06758641758916861,0.15485165334282947,3.0
QDM_P_monthly,CanESM5,500002,parametric,monthly,07,validation,True,,False,monthly,07,1.0,9.881983870967742,275,275,434,167,0,0,0,592.5,65.2011915583298,pearson3,2073.764234366555,0.04474682270067465,0.6240869086685397,3.0,genextreme,1565.7892378214306,0.06758641758916861,0.15485165334282947,3.0
QDM_P_monthly,CanESM5,500002,parametric,monthly,08,calibration,True,,False,monthly,08,1.0,5.493082258064517,329,329,620,329,0,0,0,735.0,181.79339370895943,pearson3,2475.6997972264276,0.04862914185007161,0.4051205984304225,3.0,genextreme,2011.0772402927275,0.06438993947720051,0.12507511589423115,3.0
QDM_P_monthly,CanESM5,500002,parametric,monthly,08,validation,True,,False,monthly,08,1.0,5.493082258064517,329,329,434,166,0,0,0,735.0,76.40775642669698,pearson3,2475.6997972264276,0.04862914185007161,0.4051205984304225,3.0,genextreme,2011.0772402927275,0.06438993947720051,0.12507511589423115,3.0
QDM_P_monthly,CanESM5,500002,parametric,monthly,09,calibration,True,,False,monthly,09,1.0,3.670449999999999,249,249,600,249,0,0,0,485.5,87.35018594845222,pearson3,1787.188773462894,0.060355366320421544,0.31196895532372737,3.0,genextreme,1601.9216143385156,0.0821956443141596,0.0653252147456469,3.0
QDM_P_monthly,CanESM5,500002,parametric,monthly,09,validation,True,,False,monthly,09,1.0,3.670449999999999,249,249,420,163,1,0,0,485.5,36.638131647911344,pearson3,1787.188773462894,0.060355366320421544,0.31196895532372737,3.0,genextreme,1601.9216143385156,0.0821956443141596,0.0653252147456469,3.0
QDM_P_monthly,CanESM5,500002,parametric,monthly,10,calibration,True,,False,monthly,10,1.0,9.318277419354839,132,132,620,132,0,0,0,402.0,109.44222319043085,pearson3,900.6075661826135,0.0618882041948865,0.6693802226299923,3.0,pearson3,845.7811851131454,0.10248084443204164,0.11649024461513924,3.0
QDM_P_monthly,CanESM5,500002,parametric,monthly,10,validation,True,,False,monthly,10,1.0,9.318277419354839,132,132,434,73,0,0,0,402.0,63.39202204348048,pearson3,900.6075661826135,0.0618882041948865,0.6693802226299923,3.0,pearson3,845.7811851131454,0.10248084443204164,0.11649024461513924,3.0
QDM_P_monthly,CanESM5,500002,parametric,monthly,11,calibration,True,,False,monthly,11,1.0,12.569749999999992,50,50,600,50,0,0,0,364.0,112.14022685102519,pearson3,296.07845969496515,0.09702753238718426,0.6977922055402828,3.0,pearson3,289.4655323642264,0.16198744228958173,0.1295886716314757,3.0
QDM_P_monthly,CanESM5,500002,parametric,monthly,11,validation,True,,False,monthly,11,1.0,12.569749999999992,50,50,420,15,0,0,0,,,pearson3,296.07845969496515,0.09702753238718426,0.6977922055402828,3.0,pearson3,289.4655323642264,0.16198744228958173,0.1295886716314757,3.0
QDM_P_monthly,CanESM5,500002,parametric,monthly,12,calibration,False,"insufficient wet days obs=14, model=14",True,annual,all,1.0,10.052090322580645,14,14,620,32,0,0,0,735.0,34.88729572990051,,,,,,,,,,
QDM_P_monthly,CanESM5,500002,parametric,monthly,12,validation,False,"insufficient wet days obs=14, model=14",True,annual,all,1.0,10.052090322580645,14,14,434,16,0,0,0,,,,,,,,,,,,
QDM_P_monthly,CanESM5,500003,parametric,monthly,01,calibration,False,"insufficient wet days obs=9, model=9",True,annual,all,1.0,2.686159677419355,9,9,620,6,0,0,0,,,,,,,,,,,,
QDM_P_monthly,CanESM5,500003,parametric,monthly,01,validation,False,"insufficient wet days obs=9, model=9",True,annual,all,1.0,2.686159677419355,9,9,434,0,0,0,0,,,,,,,,,,,,
QDM_P_monthly,CanESM5,500003,parametric,monthly,02,calibration,False,"insufficient wet days obs=18, model=18",True,annual,all,1.0,1.3071285714285714,18,18,560,0,0,0,0,,,,,,,,,,,,
QDM_P_monthly,CanESM5,500003,parametric,monthly,02,validation,False,"insufficient wet days obs=18, model=18",True,annual,all,1.0,1.3071285714285714,18,18,392,0,0,0,0,,,,,,,,,,,,
QDM_P_monthly,CanESM5,500003,parametric,monthly,03,calibration,True,,False,monthly,03,1.0,0.90066129032258,41,41,620,41,0,0,0,336.0,129.99040125752444,pearson3,258.38837166522626,0.09040771793335252,0.8610388455952271,3.0,pearson3,-22.800914208329793,0.15590252988895847,0.2451379758758484,3.0
QDM_P_monthly,CanESM5,500003,parametric,monthly,03,validation,True,,False,monthly,03,1.0,0.90066129032258,41,41,434,12,0,0,0,,,pearson3,258.38837166522626,0.09040771793335252,0.8610388455952271,3.0,pearson3,-22.800914208329793,0.15590252988895847,0.2451379758758484,3.0
QDM_P_monthly,CanESM5,500003,parametric,monthly,04,calibration,True,,False,monthly,04,1.0,0.5152466666666666,148,148,600,148,0,0,0,381.5,84.59277769754358,pearson3,987.2057892378532,0.06724587437811358,0.49399095514820446,3.0,genextreme,-127.98815254130176,0.04504483673408266,0.9114249808590903,3.0
QDM_P_monthly,CanESM5,500003,parametric,monthly,04,validation,True,,False,monthly,04,1.0,0.5152466666666666,148,148,420,102,0,0,0,381.5,257.18694018966016,pearson3,987.2057892378532,0.06724587437811358,0.49399095514820446,3.0,genextreme,-127.98815254130176,0.04504483673408266,0.9114249808590903,3.0
QDM_P_monthly,CanESM5,500003,parametric,monthly,05,calibration,True,,False,monthly,05,1.0,0.5607870967741936,244,244,620,244,0,0,0,615.0,98.06062070184781,pearson3,1662.433533608084,0.07673452490731891,0.10722684345066358,3.0,pearson3,1092.5217916943839,0.048651049105466804,0.5930554542932025,3.0
QDM_P_monthly,CanESM5,500003,parametric,monthly,05,validation,True,,False,monthly,05,1.0,0.5607870967741936,244,244,434,116,0,0,0,615.0,80.19965493780015,pearson3,1662.433533608084,0.07673452490731891,0.10722684345066358,3.0,pearson3,1092.5217916943839,0.048651049105466804,0.5930554542932025,3.0
QDM_P_monthly,CanESM5,500003,parametric,monthly,06,calibration,True,,False,monthly,06,1.0,7.651886666666667,212,212,600,212,0,0,0,314.0,89.9346928322204,pearson3,1233.175805072156,0.0709887203502681,0.22481503128994962,3.0,pearson3,1316.6804214641656,0.0686343483062315,0.25869470474691647,3.0
QDM_P_monthly,CanESM5,500003,parametric,monthly,06,validation,True,,False,monthly,06,1.0,7.651886666666667,212,212,420,91,0,0,0,314.0,30.401051067626753,pearson3,1233.175805072156,0.0709887203502681,0.22481503128994962,3.0,pearson3,1316.6804214641656,0.0686343483062315,0.25869470474691647,3.0
QDM_P_monthly,CanESM5,500003,parametric,monthly,07,calibration,True,,False,monthly,07,1.0,7.205524193548385,265,265,620,265,0,0,0,785.0,128.04586822052,pearson3,1790.7323854342021,0.07150556342001091,0.12674881910035618,3.0,pearson3,1504.9689355091677,0.046290597746359685,0.6044416092292177,3.0
QDM_P_monthly,CanESM5,500003,parametric,monthly,07,validation,True,,False,monthly,07,1.0,7.205524193548385,265,265,434,128,0,0,0,785.0,73.40052375701676,pearson3,1790.7323854342021,0.07150556342001091,0.12674881910035618,3.0,pearson3,1504.9689355091677,0.046290597746359685,0.6044416092292177,3.0
QDM_P_monthly,CanESM5,500003,parametric,monthly,08,calibration,True,,False,monthly,08,1.0,1.9400322580645162,320,320,620,320,0,0,0,906.5,125.26135930389528,pearson3,2102.680656522914,0.04510364368592634,0.5183897929750483,3.0,pearson3,1973.341295799501,0.08015110018220883,0.030965325205051242,3.0
QDM_P_monthly,CanESM5,500003,parametric,monthly,08,validation,True,,False,monthly,08,1.0,1.9400322580645162,320,320,434,194,0,0,0,906.5,147.39078342370192,pearson3,2102.680656522914,0.04510364368592634,0.5183897929750483,3.0,pearson3,1973.341295799501,0.08015110018220883,0.030965325205051242,3.0
QDM_P_monthly,CanESM5,500003,parametric,monthly,09,calibration,True,,False,monthly,09,1.0,1.5949500000000005,270,270,600,270,0,0,0,645.0,162.845002654405,pearson3,1830.9572704630727,0.0772831454055386,0.07536742494666437,3.0,pearson3,1637.6611348828458,0.061602117662560185,0.24683027183332218,3.0
QDM_P_monthly,CanESM5,500003,parametric,monthly,09,validation,True,,False,monthly,09,1.0,1.5949500000000005,270,270,420,165,0,0,0,645.0,145.58652817807507,pearson3,1830.9572704630727,0.0772831454055386,0.07536742494666437,3.0,pearson3,1637.6611348828458,0.061602117662560185,0.24683027183332218,3.0
QDM_P_monthly,CanESM5,500003,parametric,monthly,10,calibration,True,,False,monthly,10,1.0,6.705293548387097,182,182,620,182,0,0,0,491.0,60.96882387041454,pearson3,1012.400989007257,0.08563550449936502,0.13071032945458871,3.0,pearson3,1100.8933781442738,0.0654715351416163,0.39913709635171357,3.0
QDM_P_monthly,CanESM5,500003,parametric,monthly,10,validation,True,,False,monthly,10,1.0,6.705293548387097,182,182,434,83,0,0,0,491.0,131.0042166374232,pearson3,1012.400989007257,0.08563550449936502,0.13071032945458871,3.0,pearson3,1100.8933781442738,0.0654715351416163,0.39913709635171357,3.0
QDM_P_monthly,CanESM5,500003,parametric,monthly,11,calibration,True,,False,monthly,11,1.0,9.218126666666667,58,58,600,58,0,0,0,462.0,201.3686339911355,genextreme,386.0122882735154,0.09325318818689987,0.6595846362984237,3.0,pearson3,296.0653222931772,0.0984509182626459,0.5928063193177157,3.0
QDM_P_monthly,CanESM5,500003,parametric,monthly,11,validation,True,,False,monthly,11,1.0,9.218126666666667,58,58,420,24,0,0,0,,,genextreme,386.0122882735154,0.09325318818689987,0.6595846362984237,3.0,pearson3,296.0653222931772,0.0984509182626459,0.5928063193177157,3.0
QDM_P_monthly,CanESM5,500003,parametric,monthly,12,calibration,False,"insufficient wet days obs=13, model=13",True,annual,all,1.0,8.198290322580627,13,13,620,39,0,0,0,906.5,28.454673537542217,,,,,,,,,,
QDM_P_monthly,CanESM5,500003,parametric,monthly,12,validation,False,"insufficient wet days obs=13, model=13",True,annual,all,1.0,8.198290322580627,13,13,434,20,0,0,0,,,,,,,,,,,,
QDM_P_monthly,CanESM5,500004,parametric,monthly,01,calibration,False,"insufficient wet days obs=9, model=9",True,annual,all,1.0,4.793975806451611,9,9,620,2,0,0,0,,,,,,,,,,,,
QDM_P_monthly,CanESM5,500004,parametric,monthly,01,validation,False,"insufficient wet days obs=9, model=9",True,annual,all,1.0,4.793975806451611,9,9,434,1,0,0,0,,,,,,,,,,,,
QDM_P_monthly,CanESM5,500004,parametric,monthly,02,calibration,False,"insufficient wet days obs=22, model=21",True,annual,all,1.0,2.607,22,21,560,1,0,0,0,,,,,,,,,,,,
QDM_P_monthly,CanESM5,500004,parametric,monthly,02,validation,False,"insufficient wet days obs=22, model=21",True,annual,all,1.0,2.607,22,21,392,0,0,0,0,,,,,,,,,,,,
QDM_P_monthly,CanESM5,500004,parametric,monthly,03,calibration,True,,False,monthly,03,1.0,1.9701790322580643,37,37,620,37,0,0,0,295.0,35.309366734507456,pearson3,-34.42097081625464,0.21621619770241735,0.0535212196075503,3.0,pearson3,35.293464184645856,0.060804725593848086,0.9978478379085977,3.0
QDM_P_monthly,CanESM5,500004,parametric,monthly,03,validation,True,,False,monthly,03,1.0,1.9701790322580643,37,37,434,9,0,0,0,,,pearson3,-34.42097081625464,0.21621619770241735,0.0535212196075503,3.0,pearson3,35.293464184645856,0.060804725593848086,0.9978478379085977,3.0
QDM_P_monthly,CanESM5,500004,parametric,monthly,04,calibration,True,,False,monthly,04,1.0,1.0148466666666667,127,127,600,127,0,0,0,467.5,82.71678911417897,pearson3,732.0506790431169,0.11811023622042809,0.053183421156722255,3.0,pearson3,-29.466757852903783,0.06243330827738447,0.6815096128788721,3.0
QDM_P_monthly,CanESM5,500004,parametric,monthly,04,validation,True,,False,monthly,04,1.0,1.0148466666666667,127,127,420,104,0,0,0,467.5,294.43081024475146,pearson3,732.0506790431169,0.11811023622042809,0.053183421156722255,3.0,pearson3,-29.466757852903783,0.06243330827738447,0.6815096128788721,3.0
QDM_P_monthly,CanESM5,500004,parametric,monthly,05,calibration,True,,False,monthly,05,1.0,1.1555483870967738,220,220,620,220,0,0,0,446.5,346.8622611814249,pearson3,1255.9916706150366,0.07727272723053734,0.13712592412893132,3.0,pearson3,1084.8519899088922,0.10644543170909537,0.01263769216319915,3.0
QDM_P_monthly,CanESM5,500004,parametric,monthly,05,validation,True,,False,monthly,05,1.0,1.1555483870967738,220,220,434,151,0,1,0,446.5,295.66930618772244,pearson3,1255.9916706150366,0.07727272723053734,0.13712592412893132,3.0,pearson3,1084.8519899088922,0.10644543170909537,0.01263769216319915,3.0
QDM_P_monthly,CanESM5,500004,parametric,monthly,06,calibration,True,,False,monthly,06,1.0,9.646199999999999,180,180,600,180,0,0,0,247.0,80.15814724855018,pearson3,961.0868301098924,0.1858599405618545,6.46282259711877e-06,3.0,pearson3,1169.3299571006141,0.08404330014934355,0.1485256890969614,3.0
QDM_P_monthly,CanESM5,500004,parametric,monthly,06,validation,True,,False,monthly,06,1.0,9.646199999999999,180,180,420,112,0,0,0,247.0,91.39783273825796,pearson3,961.0868301098924,0.1858599405618545,6.46282259711877e-06,3.0,pearson3,1169.3299571006141,0.08404330014934355,0.1485256890969614,3.0
QDM_P_monthly,CanESM5,500004,parametric,monthly,07,calibration,True,,False,monthly,07,1.0,10.356693548387094,262,262,620,262,0,0,0,492.5,93.4428804407764,pearson3,917.2475815848586,0.11450381618545027,0.0018960395404951271,3.0,genextreme,1480.4683310780254,0.07019325695240253,0.14420786696251076,3.0
QDM_P_monthly,CanESM5,500004,parametric,monthly,07,validation,True,,False,monthly,07,1.0,10.356693548387094,262,262,434,155,0,0,0,492.5,35.01205042981716,pearson3,917.2475815848586,0.11450381618545027,0.0018960395404951271,3.0,genextreme,1480.4683310780254,0.07019325695240253,0.14420786696251076,3.0
QDM_P_monthly,CanESM5,500004,parametric,monthly,08,calibration,True,,False,monthly,08,1.0,7.394050000000004,279,279,620,279,0,0,0,526.0,97.23307337738795,pearson3,1544.3283054686506,0.1167327093612831,0.0009067268895901208,3.0,genextreme,1643.6150394377096,0.0472171949280554,0.546688739728579,3.0
QDM_P_monthly,CanESM5,500004,parametric,monthly,08,validation,True,,False,monthly,08,1.0,7.394050000000004,279,279,434,138,0,0,0,526.0,52.45188748715106,pearson3,1544.3283054686506,0.1167327093612831,0.0009067268895901208,3.0,genextreme,1643.6150394377096,0.0472171949280554,0.546688739728579,3.0
QDM_P_monthly,CanESM5,500004,parametric,monthly,09,calibration,True,,False,monthly,09,1.0,3.4903866666666654,256,256,600,256,0,0,0,536.0,87.8734172236671,pearson3,1227.4509555122736,0.08984374967870434,0.03009111222721894,3.0,genextreme,1649.62172138791,0.08099596085945332,0.06575276911661532,3.0
QDM_P_monthly,CanESM5,500004,parametric,monthly,09,validation,True,,False,monthly,09,1.0,3.4903866666666654,256,256,420,171,1,0,0,536.0,43.68994991662278,pearson3,1227.4509555122736,0.08984374967870434,0.03009111222721894,3.0,genextreme,1649.62172138791,0.08099596085945332,0.06575276911661532,3.0
QDM_P_monthly,CanESM5,500004,parametric,monthly,10,calibration,True,,False,monthly,10,1.0,8.0455,155,155,620,155,0,0,0,396.5,59.536365198480944,pearson3,779.1614627361853,0.10322580644844909,0.06841182322040862,3.0,genextreme,1001.0477327154865,0.06433858297576084,0.5215198558979776,3.0
QDM_P_monthly,CanESM5,500004,parametric,monthly,10,validation,True,,False,monthly,10,1.0,8.0455,155,155,434,81,3,0,0,396.5,27.02814893200908,pearson3,779.1614627361853,0.10322580644844909,0.06841182322040862,3.0,genextreme,1001.0477327154865,0.06433858297576084,0.5215198558979776,3.0
QDM_P_monthly,CanESM5,500004,parametric,monthly,11,calibration,True,,False,monthly,11,1.0,11.846610000000002,57,57,600,57,0,0,0,472.0,53.72165244035015,pearson3,354.0977131028237,0.1260736928175185,0.2995080674048721,3.0,pearson3,327.6144678404646,0.15771739813643626,0.10507003009832172,3.0
QDM_P_monthly,CanESM5,500004,parametric,monthly,11,validation,True,,False,monthly,11,1.0,11.846610000000002,57,57,420,16,0,0,0,,,pearson3,354.0977131028237,0.1260736928175185,0.2995080674048721,3.0,pearson3,327.6144678404646,0.15771739813643626,0.10507003009832172,3.0
QDM_P_monthly,CanESM5,500004,parametric,monthly,12,calibration,False,"insufficient wet days obs=9, model=9",True,annual,all,1.0,10.616843548387095,9,9,620,32,0,0,0,536.0,28.328482095418796,,,,,,,,,,
QDM_P_monthly,CanESM5,500004,parametric,monthly,12,validation,False,"insufficient wet days obs=9, model=9",True,annual,all,1.0,10.616843548387095,9,9,434,16,0,0,0,,,,,,,,,,,,
QDM_P_monthly,CanESM5,500005,parametric,monthly,01,calibration,True,,False,monthly,01,1.0,2.967348387096774,36,36,620,36,0,0,0,47.5,6.363462722484381,pearson3,7.424796633902806,0.1829258406439631,0.1584303122651325,3.0,pearson3,84.95106432329892,0.10890074890644119,0.7461860583317469,3.0
QDM_P_monthly,CanESM5,500005,parametric,monthly,01,validation,True,,False,monthly,01,1.0,2.967348387096774,36,36,434,23,0,0,0,,,pearson3,7.424796633902806,0.1829258406439631,0.1584303122651325,3.0,pearson3,84.95106432329892,0.10890074890644119,0.7461860583317469,3.0
QDM_P_monthly,CanESM5,500005,parametric,monthly,02,calibration,True,,False,monthly,02,1.0,2.0303214285714284,60,60,560,60,0,0,0,52.0,15.203123263112039,pearson3,114.61359049686973,0.08333333333236524,0.767579593368678,3.0,pearson3,73.78980680983703,0.0974383490494691,0.5850433931995096,3.0
QDM_P_monthly,CanESM5,500005,parametric,monthly,02,validation,True,,False,monthly,02,1.0,2.0303214285714284,60,60,392,39,0,0,0,52.0,13.368553398276756,pearson3,114.61359049686973,0.08333333333236524,0.767579593368678,3.0,pearson3,73.78980680983703,0.0974383490494691,0.5850433931995096,3.0
QDM_P_monthly,CanESM5,500005,parametric,monthly,03,calibration,True,,False,monthly,03,1.0,1.196,132,131,620,131,0,0,0,161.5,27.68082785414583,pearson3,332.25711501282296,0.11847531201220018,0.045180313722372745,3.0,pearson3,142.4540136002059,0.04174382364608531,0.9692176587817752,3.0
QDM_P_monthly,CanESM5,500005,parametric,monthly,03,validation,True,,False,monthly,03,1.0,1.196,132,131,434,68,0,0,0,161.5,10.17744875370035,pearson3,332.25711501282296,0.11847531201220018,0.045180313722372745,3.0,pearson3,142.4540136002059,0.04174382364608531,0.9692176587817752,3.0
QDM_P_monthly,CanESM5,500005,parametric,monthly,04,calibration,True,,False,monthly,04,1.0,0.7144566666666666,274,274,600,274,0,0,0,195.0,38.120673454746274,pearson3,1060.23846818694,0.10367855347193142,0.005112288631386763,3.0,pearson3,24.690360066815344,0.03713538443173334,0.8304113973754107,3.0
QDM_P_monthly,CanESM5,500005,parametric,monthly,04,validation,True,,False,monthly,04,1.0,0.7144566666666666,274,274,420,206,0,0,0,195.0,133.32834654827562,pearson3,1060.23846818694,0.10367855347193142,0.005112288631386763,3.0,pearson3,24.690360066815344,0.03713538443173334,0.8304113973754107,3.0
QDM_P_monthly,CanESM5,500005,parametric,monthly,05,calibration,True,,False,monthly,05,1.0,0.17185967741935484,533,533,620,533,0,0,0,210.0,27.908851924233844,pearson3,2713.5878380809604,0.05463243400755924,0.07999100249834168,3.0,genextreme,1785.6579854012452,0.042213092776641314,0.2900860725829858,3.0
QDM_P_monthly,CanESM5,500005,parametric,monthly,05,validation,True,,False,monthly,05,1.0,0.17185967741935484,533,533,434,400,1,0,0,210.0,8.517918630921537,pearson3,2713.5878380809604,0.05463243400755924,0.07999100249834168,3.0,genextreme,1785.6579854012452,0.042213092776641314,0.2900860725829858,3.0
QDM_P_monthly,CanESM5,500005,parametric,monthly,06,calibration,True,,False,monthly,06,1.0,0.3365733333333334,536,536,600,536,0,0,0,120.5,77.55426229679598,pearson3,2372.6299599908493,0.05054643890478894,0.12491418945220611,3.0,pearson3,3457.555001362338,0.0775068103485208,0.003014297394943324,3.0
QDM_P_monthly,CanESM5,500005,parametric,monthly,06,validation,True,,False,monthly,06,1.0,0.3365733333333334,536,536,420,373,0,0,0,120.5,88.42883395947942,pearson3,2372.6299599908493,0.05054643890478894,0.12491418945220611,3.0,pearson3,3457.555001362338,0.0775068103485208,0.003014297394943324,3.0
QDM_P_monthly,CanESM5,500005,parametric,monthly,07,calibration,True,,False,monthly,07,1.0,0.3058774193548387,582,582,620,582,0,0,0,193.0,54.141253144869246,pearson3,2730.091758320685,0.041049490854967896,0.27303068491613847,3.0,genextreme,3839.6877092310165,0.05321061069544464,0.07143799846515864,3.0
QDM_P_monthly,CanESM5,500005,parametric,monthly,07,validation,True,,False,monthly,07,1.0,0.3058774193548387,582,582,434,404,0,1,0,193.0,27.9776769074621,pearson3,2730.091758320685,0.041049490854967896,0.27303068491613847,3.0,genextreme,3839.6877092310165,0.05321061069544464,0.07143799846515864,3.0
QDM_P_monthly,CanESM5,500005,parametric,monthly,08,calibration,True,,False,monthly,08,1.0,0.07790806451612901,601,601,620,601,0,0,0,241.5,73.88986758820974,pearson3,3198.903118543283,0.039940934796423355,0.28539032994722635,3.0,gamma,3707.987889145508,0.09639015913672888,2.5980367405967295e-05,2.0
QDM_P_monthly,CanESM5,500005,parametric,monthly,08,validation,True,,False,monthly,08,1.0,0.07790806451612901,601,601,434,423,0,6,0,241.5,31.361290923161516,pearson3,3198.903118543283,0.039940934796423355,0.28539032994722635,3.0,gamma,3707.987889145508,0.09639015913672888,2.5980367405967295e-05,2.0
QDM_P_monthly,CanESM5,500005,parametric,monthly,09,calibration,True,,False,monthly,09,1.0,0.04691666666666662,575,575,600,575,0,0,0,235.5,49.28531253024825,pearson3,3204.661833336111,0.03825427314153468,0.3602036522697428,3.0,weibull_min,3037.29562071648,0.06923107281424301,0.0076833462552573775,2.0
QDM_P_monthly,CanESM5,500005,parametric,monthly,09,validation,True,,False,monthly,09,1.0,0.04691666666666662,575,575,420,392,0,0,0,235.5,51.93831978891474,pearson3,3204.661833336111,0.03825427314153468,0.3602036522697428,3.0,weibull_min,3037.29562071648,0.06923107281424301,0.0076833462552573775,2.0
QDM_P_monthly,CanESM5,500005,parametric,monthly,10,calibration,True,,False,monthly,10,1.0,0.1933096774193549,513,513,620,513,0,0,0,175.5,71.53711383255207,pearson3,2466.388536965543,0.08706019940418186,0.0007838189454517997,3.0,pearson3,2915.559118877125,0.11347657068067107,3.2827447749492956e-06,3.0
QDM_P_monthly,CanESM5,500005,parametric,monthly,10,validation,True,,False,monthly,10,1.0,0.1933096774193549,513,513,434,353,0,0,0,175.5,50.38380796035683,pearson3,2466.388536965543,0.08706019940418186,0.0007838189454517997,3.0,pearson3,2915.559118877125,0.11347657068067107,3.2827447749492956e-06,3.0
QDM_P_monthly,CanESM5,500005,parametric,monthly,11,calibration,True,,False,monthly,11,1.0,3.0134799999999977,256,256,600,256,0,0,0,200.5,25.54879923367137,pearson3,916.8083141211491,0.0803209073336344,0.06956188226623528,3.0,pearson3,1397.5218786474763,0.04482798137245042,0.6653324282091073,3.0
QDM_P_monthly,CanESM5,500005,parametric,monthly,11,validation,True,,False,monthly,11,1.0,3.0134799999999977,256,256,420,125,0,0,0,200.5,27.599561094670232,pearson3,916.8083141211491,0.0803209073336344,0.06956188226623528,3.0,pearson3,1397.5218786474763,0.04482798137245042,0.6653324282091073,3.0
QDM_P_monthly,CanESM5,500005,parametric,monthly,12,calibration,True,,False,monthly,12,1.0,3.7006048387096775,75,75,620,75,0,0,0,168.0,10.291216475681685,pearson3,92.94067429207652,0.10211535387616594,0.388531691763802,3.0,pearson3,317.69895537491743,0.11647246497226449,0.24139061360119207,3.0
QDM_P_monthly,CanESM5,500005,parametric,monthly,12,validation,True,,False,monthly,12,1.0,3.7006048387096775,75,75,434,47,0,0,0,168.0,6.4186262599249435,pearson3,92.94067429207652,0.10211535387616594,0.388531691763802,3.0,pearson3,317.69895537491743,0.11647246497226449,0.24139061360119207,3.0
QDM_P_monthly,CanESM5,500006,parametric,monthly,01,calibration,True,,False,monthly,01,1.0,2.9055806451612907,40,40,620,40,0,0,0,45.0,7.09280665139416,pearson3,-82.40263279193104,0.17499999959549595,0.15292946913785022,3.0,pearson3,80.291427982953,0.08917475296037741,0.8801150545532116,3.0
QDM_P_monthly,CanESM5,500006,parametric,monthly,01,validation,True,,False,monthly,01,1.0,2.9055806451612907,40,40,434,23,0,0,0,,,pearson3,-82.40263279193104,0.17499999959549595,0.15292946913785022,3.0,pearson3,80.291427982953,0.08917475296037741,0.8801150545532116,3.0
QDM_P_monthly,CanESM5,500006,parametric,monthly,02,calibration,True,,False,monthly,02,1.0,2.020198214285714,61,61,560,61,0,0,0,48.0,12.927838845125432,pearson3,196.20050527994673,0.08247626146824455,0.7699628142338781,3.0,pearson3,72.1331973616631,0.07919094980026276,0.8099076507249563,3.0
QDM_P_monthly,CanESM5,500006,parametric,monthly,02,validation,True,,False,monthly,02,1.0,2.020198214285714,61,61,392,39,0,0,0,48.0,11.5460283376074,pearson3,196.20050527994673,0.08247626146824455,0.7699628142338781,3.0,pearson3,72.1331973616631,0.07919094980026276,0.8099076507249563,3.0
QDM_P_monthly,CanESM5,500006,parametric,monthly,03,calibration,True,,False,monthly,03,1.0,1.1877419354838707,135,135,620,135,0,0,0,150.5,16.62959080440512,pearson3,481.1557377285637,0.054449585674938794,0.7977234027104817,3.0,pearson3,111.20426003401553,0.10254974000715933,0.10894096663710062,3.0
QDM_P_monthly,CanESM5,500006,parametric,monthly,03,validation,True,,False,monthly,03,1.0,1.1877419354838707,135,135,434,70,0,0,0,150.5,6.801431056879408,pearson3,481.1557377285637,0.054449585674938794,0.7977234027104817,3.0,pearson3,111.20426003401553,0.10254974000715933,0.10894096663710062,3.0
QDM_P_monthly,CanESM5,500006,parametric,monthly,04,calibration,True,,False,monthly,04,1.0,0.6893133333333331,284,284,600,284,0,0,0,171.0,40.37945049156638,pearson3,1151.9929682049542,0.045774647886759216,0.575234329841092,3.0,pearson3,35.146729280041086,0.03377156533471204,0.8912487356343923,3.0
QDM_P_monthly,CanESM5,500006,parametric,monthly,04,validation,True,,False,monthly,04,1.0,0.6893133333333331,284,284,420,211,0,0,0,171.0,116.04221301069342,pearson3,1151.9929682049542,0.045774647886759216,0.575234329841092,3.0,pearson3,35.146729280041086,0.03377156533471204,0.8912487356343923,3.0
QDM_P_monthly,CanESM5,500006,parametric,monthly,05,calibration,True,,False,monthly,05,1.0,0.16,536,535,620,535,0,0,0,230.5,27.085502550861133,pearson3,2756.1033565849766,0.05781994049048722,0.053371404322294036,3.0,genextreme,1790.472404069495,0.041886231308614574,0.29662669350758086,3.0
QDM_P_monthly,CanESM5,500006,parametric,monthly,05,validation,True,,False,monthly,05,1.0,0.16,536,535,434,403,1,0,0,230.5,8.299523033792074,pearson3,2756.1033565849766,0.05781994049048722,0.053371404322294036,3.0,genextreme,1790.472404069495,0.041886231308614574,0.29662669350758086,3.0
QDM_P_monthly,CanESM5,500006,parametric,monthly,06,calibration,True,,False,monthly,06,1.0,0.3162133333333336,541,541,600,541,0,0,0,121.5,62.48638662681909,pearson3,2452.0779216940787,0.040816859098591673,0.31958307072879166,3.0,pearson3,3453.5055592055196,0.086936756984488,0.0005244764245696856,3.0
QDM_P_monthly,CanESM5,500006,parametric,monthly,06,validation,True,,False,monthly,06,1.0,0.3162133333333336,541,541,420,376,0,0,0,121.5,74.9287564669378,pearson3,2452.0779216940787,0.040816859098591673,0.31958307072879166,3.0,pearson3,3453.5055592055196,0.086936756984488,0.0005244764245696856,3.0
QDM_P_monthly,CanESM5,500006,parametric,monthly,07,calibration,True,,False,monthly,07,1.0,0.29188709677419344,585,585,620,585,0,0,0,181.5,53.40256824831078,pearson3,2872.628972061516,0.03593117428945791,0.42689361377335056,3.0,genextreme,3863.7076179126243,0.053339630520748305,0.06910663057722777,3.0
QDM_P_monthly,CanESM5,500006,parametric,monthly,07,validation,True,,False,monthly,07,1.0,0.29188709677419344,585,585,434,406,0,0,0,181.5,29.434469435687287,pearson3,2872.628972061516,0.03593117428945791,0.42689361377335056,3.0,genextreme,3863.7076179126243,0.053339630520748305,0.06910663057722777,3.0
QDM_P_monthly,CanESM5,500006,parametric,monthly,08,calibration,True,,False,monthly,08,1.0,0.07291774193548395,603,603,620,603,0,0,0,217.0,63.524068906097526,pearson3,3208.159944729687,0.03730988937765378,0.3618830940487461,3.0,pearson3,3654.460459107854,0.11807138844479104,8.809949057652892e-08,3.0
QDM_P_monthly,CanESM5,500006,parametric,monthly,08,validation,True,,False,monthly,08,1.0,0.07291774193548395,603,603,434,426,0,0,0,217.0,28.7080598887098,pearson3,3208.159944729687,0.03730988937765378,0.3618830940487461,3.0,pearson3,3654.460459107854,0.11807138844479104,8.809949057652892e-08,3.0
QDM_P_monthly,CanESM5,500006,parametric,monthly,09,calibration,True,,False,monthly,09,1.0,0.036,582,581,600,581,0,0,0,214.0,56.59542273906626,pearson3,3225.8725142494022,0.04271835919947137,0.23198505803649683,3.0,pearson3,2959.798346555382,0.08535419211712858,0.0003936901383822906,3.0
QDM_P_monthly,CanESM5,500006,parametric,monthly,09,validation,True,,False,monthly,09,1.0,0.036,582,581,420,397,0,0,0,214.0,37.529149614454134,pearson3,3225.8725142494022,0.04271835919947137,0.23198505803649683,3.0,pearson3,2959.798346555382,0.08535419211712858,0.0003936901383822906,3.0
QDM_P_monthly,CanESM5,500006,parametric,monthly,10,calibration,True,,False,monthly,10,1.0,0.17053064516129043,523,523,620,523,0,0,0,170.5,91.85267461980594,pearson3,2517.5739897662597,0.09059362091553883,0.00034769346055557815,3.0,pearson3,3015.8900609921225,0.10709236335791938,1.1190319041401141e-05,3.0
QDM_P_monthly,CanESM5,500006,parametric,monthly,10,validation,True,,False,monthly,10,1.0,0.17053064516129043,523,523,434,359,0,0,0,170.5,59.22635985988257,pearson3,2517.5739897662597,0.09059362091553883,0.00034769346055557815,3.0,pearson3,3015.8900609921225,0.10709236335791938,1.1190319041401141e-05,3.0
QDM_P_monthly,CanESM5,500006,parametric,monthly,11,calibration,True,,False,monthly,11,1.0,2.80168,268,268,600,268,0,0,0,176.5,27.306287363688003,pearson3,877.7331662940553,0.06716417910335874,0.17022991218843664,3.0,pearson3,1466.2554274433555,0.05186293334160641,0.45170930068156134,3.0
QDM_P_monthly,CanESM5,500006,parametric,monthly,11,validation,True,,False,monthly,11,1.0,2.80168,268,268,420,131,0,0,0,176.5,29.53871405856966,pearson3,877.7331662940553,0.06716417910335874,0.17022991218843664,3.0,pearson3,1466.2554274433555,0.05186293334160641,0.45170930068156134,3.0
QDM_P_monthly,CanESM5,500006,parametric,monthly,12,calibration,True,,False,monthly,12,1.0,3.468266129032258,81,81,620,81,0,0,0,147.5,12.176956415006048,pearson3,-42.23101366981964,0.12998256287363397,0.11837671987012233,3.0,pearson3,348.2814462397908,0.06083292444613586,0.907369575374712,3.0
QDM_P_monthly,CanESM5,500006,parametric,monthly,12,validation,True,,False,monthly,12,1.0,3.468266129032258,81,81,434,50,0,0,0,147.5,7.616570727628049,pearson3,-42.23101366981964,0.12998256287363397,0.11837671987012233,3.0,pearson3,348.2814462397908,0.06083292444613586,0.907369575374712,3.0
QDM_P_monthly,CanESM5,500007,parametric,monthly,01,calibration,True,,False,monthly,01,1.0,2.939730645161289,37,37,620,37,0,0,0,213.0,31.69617757663454,pearson3,168.4446949987481,0.11466364736560175,0.6730438713987091,3.0,pearson3,84.58033777594422,0.13294434845289543,0.48903179098790783,3.0
QDM_P_monthly,CanESM5,500007,parametric,monthly,01,validation,True,,False,monthly,01,1.0,2.939730645161289,37,37,434,23,0,0,0,,,pearson3,168.4446949987481,0.11466364736560175,0.6730438713987091,3.0,pearson3,84.58033777594422,0.13294434845289543,0.48903179098790783,3.0
QDM_P_monthly,CanESM5,500007,parametric,monthly,02,calibration,True,,False,monthly,02,1.0,2.018110714285714,62,62,560,62,0,0,0,110.0,33.670056573277414,pearson3,285.9895993150542,0.12368259251070968,0.27567803408923675,3.0,pearson3,74.10067642371828,0.10209930702142356,0.5053556083420585,3.0
QDM_P_monthly,CanESM5,500007,parametric,monthly,02,validation,True,,False,monthly,02,1.0,2.018110714285714,62,62,392,39,0,0,0,110.0,29.21642633036432,pearson3,285.9895993150542,0.12368259251070968,0.27567803408923675,3.0,pearson3,74.10067642371828,0.10209930702142356,0.5053556083420585,3.0
QDM_P_monthly,CanESM5,500007,parametric,monthly,03,calibration,True,,False,monthly,03,1.0,1.2576693548387092,115,115,620,115,0,0,0,206.0,45.073707389388666,pearson3,411.1466651575097,0.0941840638196651,0.24369974456592436,3.0,pearson3,139.52423211799936,0.037807858141981954,0.9945854890140075,3.0
QDM_P_monthly,CanESM5,500007,parametric,monthly,03,validation,True,,False,monthly,03,1.0,1.2576693548387092,115,115,434,61,0,0,0,206.0,16.089665354031755,pearson3,411.1466651575097,0.0941840638196651,0.24369974456592436,3.0,pearson3,139.52423211799936,0.037807858141981954,0.9945854890140075,3.0
QDM_P_monthly,CanESM5,500007,parametric,monthly,04,calibration,True,,False,monthly,04,1.0,0.746,254,252,600,252,0,0,0,194.0,40.52350403291866,pearson3,929.5056531180101,0.08060439167008715,0.06973121516957159,3.0,pearson3,18.494423193398347,0.04051935293285269,0.7867961237169994,3.0
QDM_P_monthly,CanESM5,500007,parametric,monthly,04,validation,True,,False,monthly,04,1.0,0.746,254,252,420,187,0,0,0,194.0,114.61193796855211,pearson3,929.5056531180101,0.08060439167008715,0.06973121516957159,3.0,pearson3,18.494423193398347,0.04051935293285269,0.7867961237169994,3.0
QDM_P_monthly,CanESM5,500007,parametric,monthly,05,calibration,True,,False,monthly,05,1.0,0.2877870967741935,488,488,620,488,0,0,0,578.0,16.95408922665727,pearson3,2270.385172747312,0.08925225940357351,0.0007836574498953127,3.0,genextreme,1664.9116121385925,0.0431453591980957,0.3146445516924078,3.0
QDM_P_monthly,CanESM5,500007,parametric,monthly,05,validation,True,,False,monthly,05,1.0,0.2877870967741935,488,488,434,383,1,0,0,578.0,4.939740757919626,pearson3,2270.385172747312,0.08925225940357351,0.0007836574498953127,3.0,genextreme,1664.9116121385925,0.0431453591980957,0.3146445516924078,3.0
QDM_P_monthly,CanESM5,500007,parametric,monthly,06,calibration,True,,False,monthly,06,1.0,0.7937500000000007,498,498,600,498,0,0,0,112.5,30.718134114669688,pearson3,2026.6102267878377,0.037530955638952535,0.4731002992920036,3.0,lognorm,3225.824782150866,0.06596119781873189,0.02505668771574876,2.0
QDM_P_monthly,CanESM5,500007,parametric,monthly,06,validation,True,,False,monthly,06,1.0,0.7937500000000007,498,498,420,326,0,0,0,112.5,31.71452403919532,pearson3,2026.6102267878377,0.037530955638952535,0.4731002992920036,3.0,lognorm,3225.824782150866,0.06596119781873189,0.02505668771574876,2.0
QDM_P_monthly,CanESM5,500007,parametric,monthly,07,calibration,True,,False,monthly,07,1.0,2.0376000000000003,527,527,620,527,0,0,0,151.0,42.93842126455604,pearson3,2423.1614787513004,0.03779378232241176,0.4284713858790885,3.0,genextreme,3386.9677559016804,0.05408881649440034,0.08827404650810111,3.0
QDM_P_monthly,CanESM5,500007,parametric,monthly,07,validation,True,,False,monthly,07,1.0,2.0376000000000003,527,527,434,318,0,0,0,151.0,19.05750230470809,pearson3,2423.1614787513004,0.03779378232241176,0.4284713858790885,3.0,genextreme,3386.9677559016804,0.05408881649440034,0.08827404650810111,3.0
QDM_P_monthly,CanESM5,500007,parametric,monthly,08,calibration,True,,False,monthly,08,1.0,0.1739241935483871,573,573,620,573,0,0,0,150.5,56.13148785429046,pearson3,2726.052586504347,0.10160296593396534,1.329908323567206e-05,3.0,pearson3,3546.745431644599,0.12206698710910213,6.725897821850457e-08,3.0
QDM_P_monthly,CanESM5,500007,parametric,monthly,08,validation,True,,False,monthly,08,1.0,0.1739241935483871,573,573,434,393,0,0,0,150.5,24.036336285123006,pearson3,2726.052586504347,0.10160296593396534,1.329908323567206e-05,3.0,pearson3,3546.745431644599,0.12206698710910213,6.725897821850457e-08,3.0
QDM_P_monthly,CanESM5,500007,parametric,monthly,09,calibration,True,,False,monthly,09,1.0,0.067,555,552,600,552,0,0,0,185.0,60.95751384224614,pearson3,2786.0445232871616,0.031285504584665974,0.6373103131579861,3.0,pearson3,2927.472126307896,0.05543768842288824,0.06471326648839382,3.0
QDM_P_monthly,CanESM5,500007,parametric,monthly,09,validation,True,,False,monthly,09,1.0,0.067,555,552,420,383,0,0,0,185.0,52.62748065771551,pearson3,2786.0445232871616,0.031285504584665974,0.6373103131579861,3.0,pearson3,2927.472126307896,0.05543768842288824,0.06471326648839382,3.0
QDM_P_monthly,CanESM5,500007,parametric,monthly,10,calibration,True,,False,monthly,10,1.0,0.25636612903225814,489,489,620,489,0,0,0,732.5,122.19227780847922,pearson3,2550.6827892995675,0.058793981888735525,0.06535886689354042,3.0,pearson3,2902.7158486685557,0.09721853068849395,0.00017854949416017175,3.0
QDM_P_monthly,CanESM5,500007,parametric,monthly,10,validation,True,,False,monthly,10,1.0,0.25636612903225814,489,489,434,329,0,0,0,732.5,72.76163148483721,pearson3,2550.6827892995675,0.058793981888735525,0.06535886689354042,3.0,pearson3,2902.7158486685557,0.09721853068849395,0.00017854949416017175,3.0
QDM_P_monthly,CanESM5,500007,parametric,monthly,11,calibration,True,,False,monthly,11,1.0,3.781766666666667,220,220,600,220,0,0,0,591.5,99.99419315838144,pearson3,987.5069956298541,0.08337621853285004,0.08865940759924407,3.0,pearson3,1218.8044537240253,0.05537309275554059,0.4925929402329221,3.0
QDM_P_monthly,CanESM5,500007,parametric,monthly,11,validation,True,,False,monthly,11,1.0,3.781766666666667,220,220,420,111,0,0,0,591.5,110.84183662292642,pearson3,987.5069956298541,0.08337621853285004,0.08865940759924407,3.0,pearson3,1218.8044537240253,0.05537309275554059,0.4925929402329221,3.0
QDM_P_monthly,CanESM5,500007,parametric,monthly,12,calibration,True,,False,monthly,12,1.0,4.443266129032258,55,55,620,55,0,0,0,94.5,11.672430564429332,pearson3,72.92561494139363,0.2621907596624113,0.0007966562178873815,3.0,pearson3,246.54739477107813,0.0638326366262596,0.9679409711931384,3.0
QDM_P_monthly,CanESM5,500007,parametric,monthly,12,validation,True,,False,monthly,12,1.0,4.443266129032258,55,55,434,36,0,0,0,94.5,7.899211105404891,pearson3,72.92561494139363,0.2621907596624113,0.0007966562178873815,3.0,pearson3,246.54739477107813,0.0638326366262596,0.9679409711931384,3.0
QDM_P_monthly,CanESM5,500008,parametric,monthly,01,calibration,True,,False,monthly,01,1.0,2.6296370967741978,51,51,620,51,0,0,0,31.0,7.4049426054958944,pearson3,91.78366691511299,0.17333558544302147,0.08248615615531885,3.0,pearson3,106.10549146166791,0.10713005395429065,0.5652112858532596,3.0
QDM_P_monthly,CanESM5,500008,parametric,monthly,01,validation,True,,False,monthly,01,1.0,2.6296370967741978,51,51,434,32,0,0,0,31.0,7.1221316875740746,pearson3,91.78366691511299,0.17333558544302147,0.08248615615531885,3.0,pearson3,106.10549146166791,0.10713005395429065,0.5652112858532596,3.0
QDM_P_monthly,CanESM5,500008,parametric,monthly,02,calibration,True,,False,monthly,02,1.0,1.9780624999999985,65,65,560,65,0,0,0,63.5,20.231790518201066,pearson3,183.02445385353064,0.1319444265524568,0.190109451841041,3.0,pearson3,74.7215520514923,0.10637371553997638,0.4244222625857702,3.0
QDM_P_monthly,CanESM5,500008,parametric,monthly,02,validation,True,,False,monthly,02,1.0,1.9780624999999985,65,65,392,42,0,0,0,63.5,16.40562126349137,pearson3,183.02445385353064,0.1319444265524568,0.190109451841041,3.0,pearson3,74.7215520514923,0.10637371553997638,0.4244222625857702,3.0
QDM_P_monthly,CanESM5,500008,parametric,monthly,03,calibration,True,,False,monthly,03,1.0,1.1302354838709676,146,146,620,146,0,0,0,125.5,19.82061382212531,pearson3,328.672896529014,0.0879196981632061,0.19709881730662382,3.0,pearson3,162.6606774569198,0.04314932490173218,0.9376591979656412,3.0
QDM_P_monthly,CanESM5,500008,parametric,monthly,03,validation,True,,False,monthly,03,1.0,1.1302354838709676,146,146,434,75,0,0,0,125.5,7.648810163926634,pearson3,328.672896529014,0.0879196981632061,0.19709881730662382,3.0,pearson3,162.6606774569198,0.04314932490173218,0.9376591979656412,3.0
QDM_P_monthly,CanESM5,500008,parametric,monthly,04,calibration,True,,False,monthly,04,1.0,0.6135383333333333,323,323,600,323,0,0,0,119.0,21.671163079009315,pearson3,897.9651164548239,0.17524616101747997,3.801034205555541e-09,3.0,pearson3,78.4049365344224,0.038723510411723616,0.7029514044496701,3.0
QDM_P_monthly,CanESM5,500008,parametric,monthly,04,validation,True,,False,monthly,04,1.0,0.6135383333333333,323,323,420,251,0,0,0,119.0,63.22157985335712,pearson3,897.9651164548239,0.17524616101747997,3.801034205555541e-09,3.0,pearson3,78.4049365344224,0.038723510411723616,0.7029514044496701,3.0
QDM_P_monthly,CanESM5,500008,parametric,monthly,05,calibration,True,,False,monthly,05,1.0,0.107,561,560,620,560,0,0,0,340.0,23.114976465943958,pearson3,2800.600210618363,0.05543972045363943,0.06121295812215022,3.0,genextreme,1855.368964503877,0.03902286295157076,0.3521064357454008,3.0
QDM_P_monthly,CanESM5,500008,parametric,monthly,05,validation,True,,False,monthly,05,1.0,0.107,561,560,434,411,1,0,0,340.0,7.275866134996871,pearson3,2800.600210618363,0.05543972045363943,0.06121295812215022,3.0,genextreme,1855.368964503877,0.03902286295157076,0.3521064357454008,3.0
QDM_P_monthly,CanESM5,500008,parametric,monthly,06,calibration,True,,False,monthly,06,1.0,0.18892999999999996,558,558,600,558,0,0,0,148.5,57.6346994112444,pearson3,2535.2957994753297,0.040394318897347625,0.3139265260534244,3.0,pearson3,3557.1701866397516,0.09247524289521203,0.00013279255904645478,3.0
QDM_P_monthly,CanESM5,500008,parametric,monthly,06,validation,True,,False,monthly,06,1.0,0.18892999999999996,558,558,420,390,0,0,0,148.5,65.71617231090589,pearson3,2535.2957994753297,0.040394318897347625,0.3139265260534244,3.0,pearson3,3557.1701866397516,0.09247524289521203,0.00013279255904645478,3.0
QDM_P_monthly,CanESM5,500008,parametric,monthly,07,calibration,True,,False,monthly,07,1.0,0.11087741935483869,601,601,620,601,0,0,0,108.5,38.27102761875896,pearson3,2822.960734433751,0.034315418445785784,0.46841733013069875,3.0,genextreme,3988.686453219433,0.05451369551931928,0.05413275025693931,3.0
QDM_P_monthly,CanESM5,500008,parametric,monthly,07,validation,True,,False,monthly,07,1.0,0.11087741935483869,601,601,434,429,0,1,0,108.5,19.95351107772345,pearson3,2822.960734433751,0.034315418445785784,0.46841733013069875,3.0,genextreme,3988.686453219433,0.05451369551931928,0.05413275025693931,3.0
QDM_P_monthly,CanESM5,500008,parametric,monthly,08,calibration,True,,False,monthly,08,1.0,0.03698387096774192,610,610,620,610,0,0,0,153.0,47.39074050829233,pearson3,3067.597441795612,0.026296282086565093,0.7825560297299732,3.0,pearson3,3700.602548766926,0.09350735161162382,4.303515930846253e-05,3.0
QDM_P_monthly,CanESM5,500008,parametric,monthly,08,validation,True,,False,monthly,08,1.0,0.03698387096774192,610,610,434,430,0,0,0,153.0,21.770967486993964,pearson3,3067.597441795612,0.026296282086565093,0.7825560297299732,3.0,pearson3,3700.602548766926,0.09350735161162382,4.303515930846253e-05,3.0
QDM_P_monthly,CanESM5,500008,parametric,monthly,09,calibration,True,,False,monthly,09,1.0,0.004995000000000003,597,597,600,597,0,0,0,151.0,35.342201709471944,pearson3,3280.1334304976954,0.033167539282248804,0.5165490182028534,3.0,weibull_min,3037.857825495842,0.07159438163837858,0.004171379880542072,2.0
QDM_P_monthly,CanESM5,500008,parametric,monthly,09,validation,True,,False,monthly,09,1.0,0.004995000000000003,597,597,420,417,0,1,0,151.0,16.900175199526313,pearson3,3280.1334304976954,0.033167539282248804,0.5165490182028534,3.0,weibull_min,3037.857825495842,0.07159438163837858,0.004171379880542072,2.0
QDM_P_monthly,CanESM5,500008,parametric,monthly,10,calibration,True,,False,monthly,10,1.0,0.11589838709677418,557,557,620,557,0,0,0,239.5,115.67548295449596,pearson3,2955.116810997827,0.06547971583240009,0.016089537246937985,3.0,pearson3,3077.1136685736283,0.09365564701827811,0.00010558583422754605,3.0
QDM_P_monthly,CanESM5,500008,parametric,monthly,10,validation,True,,False,monthly,10,1.0,0.11589838709677418,557,557,434,381,0,0,0,239.5,79.73048469782553,pearson3,2955.116810997827,0.06547971583240009,0.016089537246937985,3.0,pearson3,3077.1136685736283,0.09365564701827811,0.00010558583422754605,3.0
QDM_P_monthly,CanESM5,500008,parametric,monthly,11,calibration,True,,False,monthly,11,1.0,1.8436333333333335,338,338,600,338,0,0,0,218.0,33.04440407877015,pearson3,1131.4789475440405,0.08553334978043675,0.013374850438695013,3.0,pearson3,1817.6951272515566,0.0626444303203697,0.13501531510672193,3.0
QDM_P_monthly,CanESM5,500008,parametric,monthly,11,validation,True,,False,monthly,11,1.0,1.8436333333333335,338,338,420,189,0,0,0,218.0,35.58081615012156,pearson3,1131.4789475440405,0.08553334978043675,0.013374850438695013,3.0,pearson3,1817.6951272515566,0.0626444303203697,0.13501531510672193,3.0
QDM_P_monthly,CanESM5,500008,parametric,monthly,12,calibration,True,,False,monthly,12,1.0,2.558659677419355,147,147,620,147,0,0,0,55.5,9.869459577158661,pearson3,75.33748139989854,0.11564625849877468,0.03608206751302978,3.0,pearson3,530.0524659696516,0.05046713134227987,0.8296147696338949,3.0
QDM_P_monthly,CanESM5,500008,parametric,monthly,12,validation,True,,False,monthly,12,1.0,2.558659677419355,147,147,434,85,0,0,0,55.5,6.574496278777569,pearson3,75.33748139989854,0.11564625849877468,0.03608206751302978,3.0,pearson3,530.0524659696516,0.05046713134227987,0.8296147696338949,3.0
QDM_P_monthly,CanESM5,500009,parametric,monthly,01,calibration,True,,False,monthly,01,1.0,1.1743483870967752,44,44,620,44,0,0,0,83.5,5.646571405564408,pearson3,69.29104749095222,0.11639251606219836,0.5510570525220178,3.0,pearson3,79.73207807598521,0.10669325339961944,0.6589804528435984,3.0
QDM_P_monthly,CanESM5,500009,parametric,monthly,01,validation,True,,False,monthly,01,1.0,1.1743483870967752,44,44,434,24,0,0,0,,,pearson3,69.29104749095222,0.11639251606219836,0.5510570525220178,3.0,pearson3,79.73207807598521,0.10669325339961944,0.6589804528435984,3.0
QDM_P_monthly,CanESM5,500009,parametric,monthly,02,calibration,True,,False,monthly,02,1.0,0.7835535714285714,62,62,560,62,0,0,0,80.0,7.181138818697739,pearson3,139.77910164774704,0.1180588299827513,0.32713543852796656,3.0,pearson3,-2.596640404401537,0.08300777492187486,0.7550008792449141,3.0
QDM_P_monthly,CanESM5,500009,parametric,monthly,02,validation,True,,False,monthly,02,1.0,0.7835535714285714,62,62,392,32,0,0,0,80.0,4.990464150024104,pearson3,139.77910164774704,0.1180588299827513,0.32713543852796656,3.0,pearson3,-2.596640404401537,0.08300777492187486,0.7550008792449141,3.0
QDM_P_monthly,CanESM5,500009,parametric,monthly,03,calibration,True,,False,monthly,03,1.0,0.5392096774193549,130,130,620,130,0,0,0,88.5,44.219131585278525,pearson3,292.01192139068405,0.08922913252750081,0.23734304045117605,3.0,pearson3,-33.629487561725014,0.05541578751385129,0.7985890192613189,3.0
QDM_P_monthly,CanESM5,500009,parametric,monthly,03,validation,True,,False,monthly,03,1.0,0.5392096774193549,130,130,434,71,0,0,0,88.5,13.379613385503621,pearson3,292.01192139068405,0.08922913252750081,0.23734304045117605,3.0,pearson3,-33.629487561725014,0.05541578751385129,0.7985890192613189,3.0
QDM_P_monthly,CanESM5,500009,parametric,monthly,04,calibration,True,,False,monthly,04,1.0,0.33149500000000004,297,297,600,297,0,0,0,125.5,66.20678480136525,pearson3,1240.8083886667712,0.043771043771025836,0.6040375106272022,3.0,pearson3,-247.95644486814246,0.08494998960919231,0.025890683750653398,3.0
QDM_P_monthly,CanESM5,500009,parametric,monthly,04,validation,True,,False,monthly,04,1.0,0.33149500000000004,297,297,420,204,0,2,2,125.5,125.5,pearson3,1240.8083886667712,0.043771043771025836,0.6040375106272022,3.0,pearson3,-247.95644486814246,0.08494998960919231,0.025890683750653398,3.0
QDM_P_monthly,CanESM5,500009,parametric,monthly,05,calibration,True,,False,monthly,05,1.0,0.09,541,540,620,540,0,0,0,244.0,16.310962272011146,pearson3,2745.086314609157,0.033632005262514336,0.5616348504403869,3.0,genextreme,1433.1615908370957,0.055928009690391245,0.06565522956721714,3.0
QDM_P_monthly,CanESM5,500009,parametric,monthly,05,validation,True,,False,monthly,05,1.0,0.09,541,540,434,354,0,0,0,244.0,5.090802073650009,pearson3,2745.086314609157,0.033632005262514336,0.5616348504403869,3.0,genextreme,1433.1615908370957,0.055928009690391245,0.06565522956721714,3.0
QDM_P_monthly,CanESM5,500009,parametric,monthly,06,calibration,True,,False,monthly,06,1.0,0.06973500000000007,547,547,600,547,0,0,0,114.0,30.764294995500723,pearson3,2472.6351043791647,0.03372361244983191,0.5510899755477121,3.0,pearson3,3226.8201540450714,0.15625211303106534,3.949870258239367e-12,3.0
QDM_P_monthly,CanESM5,500009,parametric,monthly,06,validation,True,,False,monthly,06,1.0,0.06973500000000007,547,547,420,343,0,0,0,114.0,13.368734670629054,pearson3,2472.6351043791647,0.03372361244983191,0.5510899755477121,3.0,pearson3,3226.8201540450714,0.15625211303106534,3.949870258239367e-12,3.0
QDM_P_monthly,CanESM5,500009,parametric,monthly,07,calibration,True,,False,monthly,07,1.0,0.03095483870967742,592,592,620,592,0,0,0,217.0,31.173306639896108,pearson3,2837.2359419122713,0.03401528484407022,0.48934249144815223,3.0,gamma,3536.561578825401,0.10870143311271846,1.5130165042671014e-06,2.0
QDM_P_monthly,CanESM5,500009,parametric,monthly,07,validation,True,,False,monthly,07,1.0,0.03095483870967742,592,592,434,399,0,1,0,217.0,19.9234262135946,pearson3,2837.2359419122713,0.03401528484407022,0.48934249144815223,3.0,gamma,3536.561578825401,0.10870143311271846,1.5130165042671014e-06,2.0
QDM_P_monthly,CanESM5,500009,parametric,monthly,08,calibration,True,,False,monthly,08,1.0,0.023,603,601,620,601,0,0,0,201.0,33.6163134100116,pearson3,3168.363715877365,0.0324469939560192,0.5385312684722404,3.0,gamma,2915.5058990512052,0.1359095462656671,3.824782511558056e-10,2.0
QDM_P_monthly,CanESM5,500009,parametric,monthly,08,validation,True,,False,monthly,08,1.0,0.023,603,601,434,413,0,3,0,201.0,35.13605349603297,pearson3,3168.363715877365,0.0324469939560192,0.5385312684722404,3.0,gamma,2915.5058990512052,0.1359095462656671,3.824782511558056e-10,2.0
QDM_P_monthly,CanESM5,500009,parametric,monthly,09,calibration,True,,False,monthly,09,1.0,0.010978333333333298,587,587,600,587,0,0,0,157.5,72.23280602154091,pearson3,3217.7038579097025,0.02729107140499612,0.7637302510291208,3.0,pearson3,2382.6302875852384,0.11548842230792855,2.8147017533664964e-07,3.0
QDM_P_monthly,CanESM5,500009,parametric,monthly,09,validation,True,,False,monthly,09,1.0,0.010978333333333298,587,587,420,408,0,0,0,157.5,91.81008672437513,pearson3,3217.7038579097025,0.02729107140499612,0.7637302510291208,3.0,pearson3,2382.6302875852384,0.11548842230792855,2.8147017533664964e-07,3.0
QDM_P_monthly,CanESM5,500009,parametric,monthly,10,calibration,True,,False,monthly,10,1.0,0.12986290322580646,535,535,620,535,0,0,0,199.5,41.57833809570589,pearson3,2681.500265850462,0.040089050820163646,0.34700957582261804,3.0,pearson3,2719.780522677248,0.170737593115321,4.180691542339818e-14,3.0
QDM_P_monthly,CanESM5,500009,parametric,monthly,10,validation,True,,False,monthly,10,1.0,0.12986290322580646,535,535,434,359,0,0,0,199.5,76.12430855117977,pearson3,2681.500265850462,0.040089050820163646,0.34700957582261804,3.0,pearson3,2719.780522677248,0.170737593115321,4.180691542339818e-14,3.0
QDM_P_monthly,CanESM5,500009,parametric,monthly,11,calibration,True,,False,monthly,11,1.0,0.8273950000000001,293,293,600,293,0,0,0,127.0,21.101069519121516,pearson3,772.3726895132086,0.08801862987109607,0.02004154244443969,3.0,pearson3,1480.127653361013,0.0777969088991004,0.054607612367037595,3.0
QDM_P_monthly,CanESM5,500009,parametric,monthly,11,validation,True,,False,monthly,11,1.0,0.8273950000000001,293,293,420,150,0,0,0,127.0,30.443309176276685,pearson3,772.3726895132086,0.08801862987109607,0.02004154244443969,3.0,pearson3,1480.127653361013,0.0777969088991004,0.054607612367037595,3.0
QDM_P_monthly,CanESM5,500009,parametric,monthly,12,calibration,True,,False,monthly,12,1.0,1.475,101,100,620,100,0,0,0,62.0,8.458742160042128,pearson3,35.54121049426216,0.14668394451972214,0.02321849141104826,3.0,pearson3,362.4988324343056,0.09212380419370436,0.3429754039516164,3.0
QDM_P_monthly,CanESM5,500009,parametric,monthly,12,validation,True,,False,monthly,12,1.0,1.475,101,100,434,79,0,0,0,62.0,8.766557465884395,pearson3,35.54121049426216,0.14668394451972214,0.02321849141104826,3.0,pearson3,362.4988324343056,0.09212380419370436,0.3429754039516164,3.0
QDM_P_monthly,CanESM5,500201,parametric,monthly,01,calibration,True,,False,monthly,01,1.0,3.0247870967741908,32,32,620,32,0,0,0,436.0,66.5126249129301,pearson3,173.9088615641135,0.14382129455325593,0.4785252812774555,3.0,pearson3,80.45260246109495,0.09042039519248168,0.9349687434150833,3.0
QDM_P_monthly,CanESM5,500201,parametric,monthly,01,validation,True,,False,monthly,01,1.0,3.0247870967741908,32,32,434,22,0,0,0,,,pearson3,173.9088615641135,0.14382129455325593,0.4785252812774555,3.0,pearson3,80.45260246109495,0.09042039519248168,0.9349687434150833,3.0
QDM_P_monthly,CanESM5,500201,parametric,monthly,02,calibration,True,,False,monthly,02,1.0,2.2140857142857144,48,48,560,48,0,0,0,216.5,72.63744981321841,pearson3,298.7356063780542,0.13286138039314524,0.33503555621232817,3.0,pearson3,48.352625452750814,0.07025161585837914,0.9584810905249984,3.0
QDM_P_monthly,CanESM5,500201,parametric,monthly,02,validation,True,,False,monthly,02,1.0,2.2140857142857144,48,48,392,28,0,0,0,,,pearson3,298.7356063780542,0.13286138039314524,0.33503555621232817,3.0,pearson3,48.352625452750814,0.07025161585837914,0.9584810905249984,3.0
QDM_P_monthly,CanESM5,500201,parametric,monthly,03,calibration,True,,False,monthly,03,1.0,1.6141096774193548,68,68,620,68,0,0,0,395.0,103.3581841594669,pearson3,457.90614396648516,0.08900115371482376,0.6219801731069097,3.0,pearson3,70.00011440150706,0.08566649213491762,0.6684673839780753,3.0
QDM_P_monthly,CanESM5,500201,parametric,monthly,03,validation,True,,False,monthly,03,1.0,1.6141096774193548,68,68,434,25,0,0,0,,,pearson3,457.90614396648516,0.08900115371482376,0.6219801731069097,3.0,pearson3,70.00011440150706,0.08566649213491762,0.6684673839780753,3.0
QDM_P_monthly,CanESM5,500201,parametric,monthly,04,calibration,True,,False,monthly,04,1.0,1.1572299999999998,82,82,600,82,0,0,0,326.5,91.61131567383683,pearson3,541.5642294126924,0.049113220125760804,0.9834571404350555,3.0,pearson3,0.8942958952327036,0.05029925552147068,0.9790019669162537,3.0
QDM_P_monthly,CanESM5,500201,parametric,monthly,04,validation,True,,False,monthly,04,1.0,1.1572299999999998,82,82,420,76,0,0,1,326.5,326.5,pearson3,541.5642294126924,0.049113220125760804,0.9834571404350555,3.0,pearson3,0.8942958952327036,0.05029925552147068,0.9790019669162537,3.0
QDM_P_monthly,CanESM5,500201,parametric,monthly,05,calibration,True,,False,monthly,05,1.0,1.462293548387097,182,182,620,182,0,0,0,986.5,164.97034657948114,pearson3,1222.4262302559464,0.08387010326598399,0.14594101863021425,3.0,pearson3,957.6358390879936,0.11420351336758328,0.015943258508722337,3.0
QDM_P_monthly,CanESM5,500201,parametric,monthly,05,validation,True,,False,monthly,05,1.0,1.462293548387097,182,182,434,101,0,0,0,986.5,179.6347555554906,pearson3,1222.4262302559464,0.08387010326598399,0.14594101863021425,3.0,pearson3,957.6358390879936,0.11420351336758328,0.015943258508722337,3.0
QDM_P_monthly,CanESM5,500201,parametric,monthly,06,calibration,True,,False,monthly,06,1.0,9.07905,205,205,600,205,0,0,0,218.5,112.27200005445255,pearson3,1062.366318963875,0.04878048780402765,0.6950709053059428,3.0,pearson3,1286.7301165907024,0.06921354396223711,0.26727840010873205,3.0
QDM_P_monthly,CanESM5,500201,parametric,monthly,06,validation,True,,False,monthly,06,1.0,9.07905,205,205,420,123,0,0,0,218.5,128.20253176065538,pearson3,1062.366318963875,0.04878048780402765,0.6950709053059428,3.0,pearson3,1286.7301165907024,0.06921354396223711,0.26727840010873205,3.0
QDM_P_monthly,CanESM5,500201,parametric,monthly,07,calibration,True,,False,monthly,07,1.0,11.55010322580645,228,228,620,228,0,0,0,261.0,53.66440823964232,pearson3,1313.7540729020147,0.09943914642144214,0.02048927683045758,3.0,genextreme,1272.8005917766654,0.07379684169437917,0.15873084068258903,3.0
QDM_P_monthly,CanESM5,500201,parametric,monthly,07,validation,True,,False,monthly,07,1.0,11.55010322580645,228,228,434,127,0,0,0,261.0,21.695279975323928,pearson3,1313.7540729020147,0.09943914642144214,0.02048927683045758,3.0,genextreme,1272.8005917766654,0.07379684169437917,0.15873084068258903,3.0
QDM_P_monthly,CanESM5,500201,parametric,monthly,08,calibration,True,,False,monthly,08,1.0,8.976,248,247,620,247,0,0,0,209.0,59.685020198139604,pearson3,1245.333953874751,0.057609195086117615,0.36880712658901404,3.0,genextreme,1422.998092138491,0.045861116033692806,0.6590994710259004,3.0
QDM_P_monthly,CanESM5,500201,parametric,monthly,08,validation,True,,False,monthly,08,1.0,8.976,248,247,434,118,0,0,0,209.0,34.535049016863695,pearson3,1245.333953874751,0.057609195086117615,0.36880712658901404,3.0,genextreme,1422.998092138491,0.045861116033692806,0.6590994710259004,3.0
QDM_P_monthly,CanESM5,500201,parametric,monthly,09,calibration,True,,False,monthly,09,1.0,5.1006800000000005,216,216,600,216,0,0,0,287.5,38.03809360691643,pearson3,1178.174568152309,0.09605316209947223,0.034705708218622844,3.0,genextreme,1389.7559011348476,0.07645403934952477,0.1519609542884599,3.0
QDM_P_monthly,CanESM5,500201,parametric,monthly,09,validation,True,,False,monthly,09,1.0,5.1006800000000005,216,216,420,136,1,0,0,287.5,17.198546454306687,pearson3,1178.174568152309,0.09605316209947223,0.034705708218622844,3.0,genextreme,1389.7559011348476,0.07645403934952477,0.1519609542884599,3.0
QDM_P_monthly,CanESM5,500201,parametric,monthly,10,calibration,True,,False,monthly,10,1.0,4.173549999999996,257,257,620,257,0,0,0,1484.5,100.97408236996245,pearson3,1826.7965757109462,0.07772841544444925,0.08494554898874707,3.0,genextreme,1629.7814313072424,0.0407029920051698,0.772303997698415,3.0
QDM_P_monthly,CanESM5,500201,parametric,monthly,10,validation,True,,False,monthly,10,1.0,4.173549999999996,257,257,434,121,1,0,0,1484.5,47.32277907877036,pearson3,1826.7965757109462,0.07772841544444925,0.08494554898874707,3.0,genextreme,1629.7814313072424,0.0407029920051698,0.772303997698415,3.0
QDM_P_monthly,CanESM5,500201,parametric,monthly,11,calibration,True,,False,monthly,11,1.0,6.350075,129,129,600,129,0,0,0,1200.5,230.5566876206056,pearson3,1066.2234050593017,0.06704410204758793,0.5842545647400044,3.0,pearson3,746.6647191850639,0.06816381203744093,0.5631828503658234,3.0
QDM_P_monthly,CanESM5,500201,parametric,monthly,11,validation,True,,False,monthly,11,1.0,6.350075,129,129,420,66,0,0,0,1200.5,233.79342465277497,pearson3,1066.2234050593017,0.06704410204758793,0.5842545647400044,3.0,pearson3,746.6647191850639,0.06816381203744093,0.5631828503658234,3.0
QDM_P_monthly,CanESM5,500201,parametric,monthly,12,calibration,False,"insufficient wet days obs=23, model=23",True,annual,all,1.0,7.666409677419353,23,23,620,37,0,0,0,1484.5,18.18434741621759,,,,,,,,,,
QDM_P_monthly,CanESM5,500201,parametric,monthly,12,validation,False,"insufficient wet days obs=23, model=23",True,annual,all,1.0,7.666409677419353,23,23,434,20,0,0,0,,,,,,,,,,,,
QDM_P_monthly,CanESM5,500202,parametric,monthly,01,calibration,False,"insufficient wet days obs=17, model=17",True,annual,all,1.0,1.8819048387096766,17,17,620,3,0,0,0,,,,,,,,,,,,
QDM_P_monthly,CanESM5,500202,parametric,monthly,01,validation,False,"insufficient wet days obs=17, model=17",True,annual,all,1.0,1.8819048387096766,17,17,434,0,0,0,0,,,,,,,,,,,,
QDM_P_monthly,CanESM5,500202,parametric,monthly,02,calibration,False,"insufficient wet days obs=26, model=26",True,annual,all,1.0,1.0782785714285716,26,26,560,0,0,0,0,,,,,,,,,,,,
QDM_P_monthly,CanESM5,500202,parametric,monthly,02,validation,False,"insufficient wet days obs=26, model=26",True,annual,all,1.0,1.0782785714285716,26,26,392,0,0,0,0,,,,,,,,,,,,
QDM_P_monthly,CanESM5,500202,parametric,monthly,03,calibration,True,,False,monthly,03,1.0,0.9864354838709684,30,30,620,30,0,0,0,880.0,137.67952919390876,pearson3,231.9728575036314,0.1299275279795722,0.6446760336158271,3.0,pearson3,-6.740066066273229,0.14833309387717103,0.4789366788724031,3.0
QDM_P_monthly,CanESM5,500202,parametric,monthly,03,validation,True,,False,monthly,03,1.0,0.9864354838709684,30,30,434,9,0,0,0,,,pearson3,231.9728575036314,0.1299275279795722,0.6446760336158271,3.0,pearson3,-6.740066066273229,0.14833309387717103,0.4789366788724031,3.0
QDM_P_monthly,CanESM5,500202,parametric,monthly,04,calibration,True,,False,monthly,04,1.0,0.6592100000000001,63,63,600,63,0,0,0,259.5,73.88156065217598,pearson3,417.01119879329644,0.1573830636047603,0.07889440309124696,3.0,pearson3,-15.656060178005458,0.12368821679868047,0.2673535500176929,3.0
QDM_P_monthly,CanESM5,500202,parametric,monthly,04,validation,True,,False,monthly,04,1.0,0.6592100000000001,63,63,420,54,0,0,1,259.5,259.5,pearson3,417.01119879329644,0.1573830636047603,0.07889440309124696,3.0,pearson3,-15.656060178005458,0.12368821679868047,0.2673535500176929,3.0
QDM_P_monthly,CanESM5,500202,parametric,monthly,05,calibration,True,,False,monthly,05,1.0,1.0559999999999994,186,186,620,186,0,0,0,1126.5,94.03828590475582,lognorm,1199.2516584933487,0.06200962856375261,0.4537728799803,2.0,pearson3,910.4448006101093,0.04293044965982218,0.8680347848661799,3.0
QDM_P_monthly,CanESM5,500202,parametric,monthly,05,validation,True,,False,monthly,05,1.0,1.0559999999999994,186,186,434,76,0,0,0,1126.5,62.970958796631976,lognorm,1199.2516584933487,0.06200962856375261,0.4537728799803,2.0,pearson3,910.4448006101093,0.04293044965982218,0.8680347848661799,3.0
QDM_P_monthly,CanESM5,500202,parametric,monthly,06,calibration,True,,False,monthly,06,1.0,8.362399999999994,192,192,600,192,0,0,0,267.0,71.1382228650726,pearson3,1056.2219805118882,0.07263753649274779,0.25073494160798837,3.0,pearson3,1193.0220137327058,0.063246210199291,0.40927522215934176,3.0
QDM_P_monthly,CanESM5,500202,parametric,monthly,06,validation,True,,False,monthly,06,1.0,8.362399999999994,192,192,420,79,0,0,0,267.0,24.663191260756108,pearson3,1056.2219805118882,0.07263753649274779,0.25073494160798837,3.0,pearson3,1193.0220137327058,0.063246210199291,0.40927522215934176,3.0
QDM_P_monthly,CanESM5,500202,parametric,monthly,07,calibration,True,,False,monthly,07,1.0,9.309,206,205,620,205,0,0,0,429.0,77.81817079318499,pearson3,1276.0582451299954,0.05913445192896871,0.4500908431680315,3.0,pearson3,1130.586503299302,0.06010510697833851,0.43254995623292414,3.0
QDM_P_monthly,CanESM5,500202,parametric,monthly,07,validation,True,,False,monthly,07,1.0,9.309,206,205,434,88,0,0,0,429.0,48.43226123468507,pearson3,1276.0582451299954,0.05913445192896871,0.4500908431680315,3.0,pearson3,1130.586503299302,0.06010510697833851,0.43254995623292414,3.0
QDM_P_monthly,CanESM5,500202,parametric,monthly,08,calibration,True,,False,monthly,08,1.0,6.329967741935484,200,200,620,200,0,0,0,262.5,57.242529943603515,pearson3,1039.1124054220447,0.08809886746143214,0.08439555274682309,3.0,pearson3,1192.0697981140377,0.0713283795287285,0.24870766271258637,3.0
QDM_P_monthly,CanESM5,500202,parametric,monthly,08,validation,True,,False,monthly,08,1.0,6.329967741935484,200,200,434,135,0,0,0,262.5,67.31838202666711,pearson3,1039.1124054220447,0.08809886746143214,0.08439555274682309,3.0,pearson3,1192.0697981140377,0.0713283795287285,0.24870766271258637,3.0
QDM_P_monthly,CanESM5,500202,parametric,monthly,09,calibration,True,,False,monthly,09,1.0,2.388259999999997,244,244,600,244,0,0,0,522.5,110.85108712523375,pearson3,1494.1178561589272,0.06748588688940971,0.20685925387646775,3.0,pearson3,1477.4150126904897,0.07329673563789241,0.1382658108382443,3.0
QDM_P_monthly,CanESM5,500202,parametric,monthly,09,validation,True,,False,monthly,09,1.0,2.388259999999997,244,244,420,150,0,0,0,522.5,98.14816206284382,pearson3,1494.1178561589272,0.06748588688940971,0.20685925387646775,3.0,pearson3,1477.4150126904897,0.07329673563789241,0.1382658108382443,3.0
QDM_P_monthly,CanESM5,500202,parametric,monthly,10,calibration,True,,False,monthly,10,1.0,3.7785322580645175,250,250,620,250,0,0,0,760.0,124.88730125763985,pearson3,1827.2258763543969,0.08865586755766436,0.036905578801879835,3.0,pearson3,1539.129972937993,0.051042822842691904,0.5161669095375907,3.0
QDM_P_monthly,CanESM5,500202,parametric,monthly,10,validation,True,,False,monthly,10,1.0,3.7785322580645175,250,250,434,118,0,0,0,760.0,272.3864758737911,pearson3,1827.2258763543969,0.08865586755766436,0.036905578801879835,3.0,pearson3,1539.129972937993,0.051042822842691904,0.5161669095375907,3.0
QDM_P_monthly,CanESM5,500202,parametric,monthly,11,calibration,True,,False,monthly,11,1.0,4.528221666666671,131,131,600,131,0,0,0,1492.5,92.81382704697987,pearson3,976.5510401518726,0.09491810483514296,0.1769105615144163,3.0,pearson3,697.3310561159037,0.043406263297236514,0.956897116362781,3.0
QDM_P_monthly,CanESM5,500202,parametric,monthly,11,validation,True,,False,monthly,11,1.0,4.528221666666671,131,131,420,49,0,0,0,1492.5,130.74351538235885,pearson3,976.5510401518726,0.09491810483514296,0.1769105615144163,3.0,pearson3,697.3310561159037,0.043406263297236514,0.956897116362781,3.0
QDM_P_monthly,CanESM5,500202,parametric,monthly,12,calibration,False,"insufficient wet days obs=13, model=13",True,annual,all,1.0,8.198290322580627,13,13,620,31,0,0,0,1492.5,16.520430024456843,,,,,,,,,,
QDM_P_monthly,CanESM5,500202,parametric,monthly,12,validation,False,"insufficient wet days obs=13, model=13",True,annual,all,1.0,8.198290322580627,13,13,434,11,0,0,0,,,,,,,,,,,,
QDM_P_monthly,CanESM5,500301,parametric,monthly,01,calibration,False,"insufficient wet days obs=19, model=19",True,annual,all,1.0,3.7006887096774155,19,19,620,6,0,0,0,,,,,,,,,,,,
QDM_P_monthly,CanESM5,500301,parametric,monthly,01,validation,False,"insufficient wet days obs=19, model=19",True,annual,all,1.0,3.7006887096774155,19,19,434,2,0,0,0,,,,,,,,,,,,
QDM_P_monthly,CanESM5,500301,parametric,monthly,02,calibration,False,"insufficient wet days obs=27, model=27",True,annual,all,1.0,2.4927607142857124,27,27,560,1,0,0,0,,,,,,,,,,,,
QDM_P_monthly,CanESM5,500301,parametric,monthly,02,validation,False,"insufficient wet days obs=27, model=27",True,annual,all,1.0,2.4927607142857124,27,27,392,1,0,0,0,,,,,,,,,,,,
QDM_P_monthly,CanESM5,500301,parametric,monthly,03,calibration,True,,False,monthly,03,1.0,1.8221612903225795,45,45,620,45,0,0,0,419.0,80.24336695772227,pearson3,301.65498457676523,0.06589496378837079,0.9825347403513511,3.0,pearson3,51.36023181308012,0.09192291626509304,0.8082469438044813,3.0
QDM_P_monthly,CanESM5,500301,parametric,monthly,03,validation,True,,False,monthly,03,1.0,1.8221612903225795,45,45,434,14,0,0,0,,,pearson3,301.65498457676523,0.06589496378837079,0.9825347403513511,3.0,pearson3,51.36023181308012,0.09192291626509304,0.8082469438044813,3.0
QDM_P_monthly,CanESM5,500301,parametric,monthly,04,calibration,True,,False,monthly,04,1.0,1.07,104,103,600,103,0,0,0,226.0,62.29849256643336,pearson3,552.3908327773015,0.09033962938576079,0.34330816024892163,3.0,pearson3,1.3778707911853285,0.10072247417878943,0.2309205349297031,3.0
QDM_P_monthly,CanESM5,500301,parametric,monthly,04,validation,True,,False,monthly,04,1.0,1.07,104,103,420,93,0,0,0,226.0,179.11238078492363,pearson3,552.3908327773015,0.09033962938576079,0.34330816024892163,3.0,pearson3,1.3778707911853285,0.10072247417878943,0.2309205349297031,3.0
QDM_P_monthly,CanESM5,500301,parametric,monthly,05,calibration,True,,False,monthly,05,1.0,1.044383870967742,238,238,620,238,0,0,0,940.0,136.94795463728704,pearson3,1521.805753084061,0.07295370808991863,0.15107413965866212,3.0,pearson3,1115.5613092784006,0.10935726413970015,0.006205239314364676,3.0
QDM_P_monthly,CanESM5,500301,parametric,monthly,05,validation,True,,False,monthly,05,1.0,1.044383870967742,238,238,434,177,0,0,0,940.0,164.60650765718546,pearson3,1521.805753084061,0.07295370808991863,0.15107413965866212,3.0,pearson3,1115.5613092784006,0.10935726413970015,0.006205239314364676,3.0
QDM_P_monthly,CanESM5,500301,parametric,monthly,06,calibration,True,,False,monthly,06,1.0,9.338643333333332,193,193,600,193,0,0,0,401.5,109.79213738550885,pearson3,1064.0962222451328,0.0904295248203657,0.07998302677034208,3.0,pearson3,1224.1170096729388,0.08972932422687391,0.08402275137403492,3.0
QDM_P_monthly,CanESM5,500301,parametric,monthly,06,validation,True,,False,monthly,06,1.0,9.338643333333332,193,193,420,115,0,0,0,401.5,125.31184753409492,pearson3,1064.0962222451328,0.0904295248203657,0.07998302677034208,3.0,pearson3,1224.1170096729388,0.08972932422687391,0.08402275137403492,3.0
QDM_P_monthly,CanESM5,500301,parametric,monthly,07,calibration,True,,False,monthly,07,1.0,11.186580645161289,240,240,620,240,0,0,0,410.0,81.00124401438704,pearson3,1339.8760266179356,0.043966393002247584,0.7252843395862794,3.0,genextreme,1340.3787627025463,0.07788044412624762,0.10314860843294082,3.0
QDM_P_monthly,CanESM5,500301,parametric,monthly,07,validation,True,,False,monthly,07,1.0,11.186580645161289,240,240,434,134,1,0,0,410.0,32.09144427238044,pearson3,1339.8760266179356,0.043966393002247584,0.7252843395862794,3.0,genextreme,1340.3787627025463,0.07788044412624762,0.10314860843294082,3.0
QDM_P_monthly,CanESM5,500301,parametric,monthly,08,calibration,True,,False,monthly,08,1.0,10.039349999999999,217,217,620,217,0,0,0,363.5,67.45293415155002,pearson3,1220.923923870629,0.08528353019854817,0.08027093963754328,3.0,genextreme,1213.0609111502336,0.05160101821498819,0.5917426454714785,3.0
QDM_P_monthly,CanESM5,500301,parametric,monthly,08,validation,True,,False,monthly,08,1.0,10.039349999999999,217,217,434,108,0,0,0,363.5,27.286819343285817,pearson3,1220.923923870629,0.08528353019854817,0.08027093963754328,3.0,genextreme,1213.0609111502336,0.05160101821498819,0.5917426454714785,3.0
QDM_P_monthly,CanESM5,500301,parametric,monthly,09,calibration,True,,False,monthly,09,1.0,2.4375,300,300,600,300,0,0,0,362.5,148.23108856308588,pearson3,1976.5676311779378,0.048527532875529356,0.4653631299418207,3.0,pearson3,1911.638064391755,0.10321325531553704,0.0030945665544546215,3.0
QDM_P_monthly,CanESM5,500301,parametric,monthly,09,validation,True,,False,monthly,09,1.0,2.4375,300,300,420,189,0,0,0,362.5,102.17955147789151,pearson3,1976.5676311779378,0.048527532875529356,0.4653631299418207,3.0,pearson3,1911.638064391755,0.10321325531553704,0.0030945665544546215,3.0
QDM_P_monthly,CanESM5,500301,parametric,monthly,10,calibration,True,,False,monthly,10,1.0,2.738903225806452,300,300,620,300,0,0,0,525.5,76.8075007726897,pearson3,2059.9487079099317,0.09545665683639959,0.007868504441197958,3.0,genextreme,1913.802683246639,0.04038308725710782,0.6965266325600751,3.0
QDM_P_monthly,CanESM5,500301,parametric,monthly,10,validation,True,,False,monthly,10,1.0,2.738903225806452,300,300,434,147,1,0,0,525.5,36.96434163661641,pearson3,2059.9487079099317,0.09545665683639959,0.007868504441197958,3.0,genextreme,1913.802683246639,0.04038308725710782,0.6965266325600751,3.0
QDM_P_monthly,CanESM5,500301,parametric,monthly,11,calibration,True,,False,monthly,11,1.0,6.065460000000001,138,138,600,138,0,0,0,904.5,113.87045797393932,pearson3,894.1636077034104,0.09539927918406423,0.15199360254055228,3.0,pearson3,793.9859311648262,0.07689977497639999,0.3693102896876772,3.0
QDM_P_monthly,CanESM5,500301,parametric,monthly,11,validation,True,,False,monthly,11,1.0,6.065460000000001,138,138,420,68,0,0,0,904.5,113.30675735125111,pearson3,894.1636077034104,0.09539927918406423,0.15199360254055228,3.0,pearson3,793.9859311648262,0.07689977497639999,0.3693102896876772,3.0
QDM_P_monthly,CanESM5,500301,parametric,monthly,12,calibration,False,"insufficient wet days obs=11, model=11",True,annual,all,1.0,10.282872580645154,11,11,620,46,0,0,0,940.0,13.207992425023114,,,,,,,,,,
QDM_P_monthly,CanESM5,500301,parametric,monthly,12,validation,False,"insufficient wet days obs=11, model=11",True,annual,all,1.0,10.282872580645154,11,11,434,26,0,0,0,,,,,,,,,,,,
QDM_NP_annual,CESM2,500001,nonparametric,annual,all,calibration,True,,False,annual,all,1.0,3.0204449315068485,1624,1624,7300,1624,0,0,0,,130.0,,,,,,,,,,
QDM_NP_annual,CESM2,500001,nonparametric,annual,all,validation,True,,False,annual,all,1.0,3.0204449315068485,1624,1624,5110,1164,0,0,0,,158.7703813943708,,,,,,,,,,
QDM_NP_annual,CESM2,500002,nonparametric,annual,all,calibration,True,,False,annual,all,1.0,6.719329863013703,1618,1618,7300,1618,0,0,0,,147.0,,,,,,,,,,
QDM_NP_annual,CESM2,500002,nonparametric,annual,all,validation,True,,False,annual,all,1.0,6.719329863013703,1618,1618,5110,1230,0,0,0,,136.7496605824315,,,,,,,,,,
QDM_NP_annual,CESM2,500003,nonparametric,annual,all,calibration,True,,False,annual,all,1.0,3.759975342465754,1780,1780,7300,1780,0,0,0,,181.3,,,,,,,,,,
QDM_NP_annual,CESM2,500003,nonparametric,annual,all,validation,True,,False,annual,all,1.0,3.759975342465754,1780,1780,5110,1309,0,0,0,,282.57344595786554,,,,,,,,,,
QDM_NP_annual,CESM2,500004,nonparametric,annual,all,calibration,True,,False,annual,all,1.0,4.260872465753423,1613,1613,7300,1613,0,0,0,,107.2,,,,,,,,,,
QDM_NP_annual,CESM2,500004,nonparametric,annual,all,validation,True,,False,annual,all,1.0,4.260872465753423,1613,1613,5110,1206,0,0,0,,170.60120341672172,,,,,,,,,,
QDM_NP_annual,CESM2,500005,nonparametric,annual,all,calibration,True,,False,annual,all,1.0,0.47914328767123243,4173,4173,7300,4173,0,0,0,,48.3,,,,,,,,,,
QDM_NP_annual,CESM2,500005,nonparametric,annual,all,validation,True,,False,annual,all,1.0,0.47914328767123243,4173,4173,5110,2859,0,0,0,,76.84024174695365,,,,,,,,,,
QDM_NP_annual,CESM2,500006,nonparametric,annual,all,calibration,True,,False,annual,all,1.0,0.44958068493150677,4239,4239,7300,4239,0,0,0,,46.1,,,,,,,,,,
QDM_NP_annual,CESM2,500006,nonparametric,annual,all,validation,True,,False,annual,all,1.0,0.44958068493150677,4239,4239,5110,2896,0,0,0,,72.76522341115754,,,,,,,,,,
QDM_NP_annual,CESM2,500007,nonparametric,annual,all,calibration,True,,False,annual,all,1.0,0.639,3873,3871,7300,3871,0,0,0,,146.49271506070727,,,,,,,,,,
QDM_NP_annual,CESM2,500007,nonparametric,annual,all,validation,True,,False,annual,all,1.0,0.639,3873,3871,5110,2670,0,0,0,,224.19933718445833,,,,,,,,,,
QDM_NP_annual,CESM2,500008,nonparametric,annual,all,calibration,True,,False,annual,all,1.0,0.39262383561643854,4554,4554,7300,4554,0,0,0,,68.0,,,,,,,,,,
QDM_NP_annual,CESM2,500008,nonparametric,annual,all,validation,True,,False,annual,all,1.0,0.39262383561643854,4554,4554,5110,3063,0,0,0,,82.66957919257705,,,,,,,,,,
QDM_NP_annual,CESM2,500009,nonparametric,annual,all,calibration,True,,False,annual,all,1.0,0.412,4332,4331,7300,4331,0,0,0,,48.79949203417293,,,,,,,,,,
QDM_NP_annual,CESM2,500009,nonparametric,annual,all,validation,True,,False,annual,all,1.0,0.412,4332,4331,5110,2946,0,0,0,,76.44016029474855,,,,,,,,,,
QDM_NP_annual,CESM2,500201,nonparametric,annual,all,calibration,True,,False,annual,all,1.0,3.958,1718,1717,7300,1717,0,0,0,,296.88345952241554,,,,,,,,,,
QDM_NP_annual,CESM2,500201,nonparametric,annual,all,validation,True,,False,annual,all,1.0,3.958,1718,1717,5110,1269,0,0,0,,458.07581487896704,,,,,,,,,,
QDM_NP_annual,CESM2,500202,nonparametric,annual,all,calibration,True,,False,annual,all,1.0,3.1592805479452055,1558,1558,7300,1558,0,0,0,,298.5,,,,,,,,,,
QDM_NP_annual,CESM2,500202,nonparametric,annual,all,validation,True,,False,annual,all,1.0,3.1592805479452055,1558,1558,5110,1125,0,0,0,,365.39690429553326,,,,,,,,,,
QDM_NP_annual,CESM2,500301,nonparametric,annual,all,calibration,True,,False,annual,all,1.0,2.581505753424661,1832,1832,7300,1832,0,0,0,,188.0,,,,,,,,,,
QDM_NP_annual,CESM2,500301,nonparametric,annual,all,validation,True,,False,annual,all,1.0,2.581505753424661,1832,1832,5110,1319,0,0,0,,239.94066147887128,,,,,,,,,,
QDM_NP_monthly,CESM2,500001,nonparametric,monthly,01,calibration,False,"insufficient wet days obs=4, model=4",True,annual,all,1.0,5.208032258064517,4,4,620,40,0,0,0,,14.111140231038792,,,,,,,,,,
QDM_NP_monthly,CESM2,500001,nonparametric,monthly,01,validation,False,"insufficient wet days obs=4, model=4",True,annual,all,1.0,5.208032258064517,4,4,434,10,1,0,0,,8.1,,,,,,,,,,
QDM_NP_monthly,CESM2,500001,nonparametric,monthly,02,calibration,False,"insufficient wet days obs=17, model=17",True,annual,all,1.0,2.8207285714285715,17,17,560,13,1,0,0,,9.0,,,,,,,,,,
QDM_NP_monthly,CESM2,500001,nonparametric,monthly,02,validation,False,"insufficient wet days obs=17, model=17",True,annual,all,1.0,2.8207285714285715,17,17,392,3,0,0,0,,4.58451331296377,,,,,,,,,,
QDM_NP_monthly,CESM2,500001,nonparametric,monthly,03,calibration,False,"insufficient wet days obs=22, model=22",True,annual,all,1.0,1.4368870967741927,22,22,620,0,0,0,0,,,,,,,,,,,,
QDM_NP_monthly,CESM2,500001,nonparametric,monthly,03,validation,False,"insufficient wet days obs=22, model=22",True,annual,all,1.0,1.4368870967741927,22,22,434,5,0,0,0,,7.92160828790087,,,,,,,,,,
QDM_NP_monthly,CESM2,500001,nonparametric,monthly,04,calibration,True,,False,monthly,04,1.0,0.5637333333333333,110,110,600,110,0,0,0,,87.6,,,,,,,,,,
QDM_NP_monthly,CESM2,500001,nonparametric,monthly,04,validation,True,,False,monthly,04,1.0,0.5637333333333333,110,110,420,52,0,0,0,,86.9132121925762,,,,,,,,,,
QDM_NP_monthly,CESM2,500001,nonparametric,monthly,05,calibration,True,,False,monthly,05,1.0,0.45366774193548387,207,207,620,207,0,0,0,,130.0,,,,,,,,,,
QDM_NP_monthly,CESM2,500001,nonparametric,monthly,05,validation,True,,False,monthly,05,1.0,0.45366774193548387,207,207,434,176,0,0,0,,222.35779917869633,,,,,,,,,,
QDM_NP_monthly,CESM2,500001,nonparametric,monthly,06,calibration,True,,False,monthly,06,1.0,4.131633333333333,190,190,600,190,0,0,0,,58.9,,,,,,,,,,
QDM_NP_monthly,CESM2,500001,nonparametric,monthly,06,validation,True,,False,monthly,06,1.0,4.131633333333333,190,190,420,127,0,0,0,,62.52445053512941,,,,,,,,,,
QDM_NP_monthly,CESM2,500001,nonparametric,monthly,07,calibration,True,,False,monthly,07,1.0,2.2195064516129035,259,259,620,259,0,0,0,,82.2,,,,,,,,,,
QDM_NP_monthly,CESM2,500001,nonparametric,monthly,07,validation,True,,False,monthly,07,1.0,2.2195064516129035,259,259,434,135,0,0,0,,104.10174054670306,,,,,,,,,,
QDM_NP_monthly,CESM2,500001,nonparametric,monthly,08,calibration,True,,False,monthly,08,1.0,1.500245161290322,332,332,620,332,0,0,0,,87.4,,,,,,,,,,
QDM_NP_monthly,CESM2,500001,nonparametric,monthly,08,validation,True,,False,monthly,08,1.0,1.500245161290322,332,332,434,227,0,0,0,,120.9535609487017,,,,,,,,,,
QDM_NP_monthly,CESM2,500001,nonparametric,monthly,09,calibration,True,,False,monthly,09,1.0,3.0543533333333333,262,262,600,262,0,0,0,,96.3,,,,,,,,,,
QDM_NP_monthly,CESM2,500001,nonparametric,monthly,09,validation,True,,False,monthly,09,1.0,3.0543533333333333,262,262,420,220,0,0,0,,126.25850799034504,,,,,,,,,,
QDM_NP_monthly,CESM2,500001,nonparametric,monthly,10,calibration,True,,False,monthly,10,1.0,5.982677419354839,160,160,620,160,0,0,0,,80.0,,,,,,,,,,
QDM_NP_monthly,CESM2,500001,nonparametric,monthly,10,validation,True,,False,monthly,10,1.0,5.982677419354839,160,160,434,107,0,0,0,,75.79257851140153,,,,,,,,,,
QDM_NP_monthly,CESM2,500001,nonparametric,monthly,11,calibration,True,,False,monthly,11,1.0,14.19335,54,54,600,54,0,0,0,,35.1,,,,,,,,,,
QDM_NP_monthly,CESM2,500001,nonparametric,monthly,11,validation,True,,False,monthly,11,1.0,14.19335,54,54,420,59,0,0,0,,44.77857491891418,,,,,,,,,,
QDM_NP_monthly,CESM2,500001,nonparametric,monthly,12,calibration,False,"insufficient wet days obs=7, model=7",True,annual,all,1.0,6.869204838709667,7,7,620,61,0,0,0,,67.82564234224604,,,,,,,,,,
QDM_NP_monthly,CESM2,500001,nonparametric,monthly,12,validation,False,"insufficient wet days obs=7, model=7",True,annual,all,1.0,6.869204838709667,7,7,434,43,0,0,0,,66.79148984033608,,,,,,,,,,
QDM_NP_monthly,CESM2,500002,nonparametric,monthly,01,calibration,False,"insufficient wet days obs=9, model=9",True,annual,all,1.0,3.2767451612903193,9,9,620,3,0,0,0,,9.65845254693737,,,,,,,,,,
QDM_NP_monthly,CESM2,500002,nonparametric,monthly,01,validation,False,"insufficient wet days obs=9, model=9",True,annual,all,1.0,3.2767451612903193,9,9,434,0,0,0,0,,,,,,,,,,,,
QDM_NP_monthly,CESM2,500002,nonparametric,monthly,02,calibration,False,"insufficient wet days obs=14, model=14",True,annual,all,1.0,1.6878999999999993,14,14,560,0,0,0,0,,,,,,,,,,,,
QDM_NP_monthly,CESM2,500002,nonparametric,monthly,02,validation,False,"insufficient wet days obs=14, model=14",True,annual,all,1.0,1.6878999999999993,14,14,392,0,0,0,0,,,,,,,,,,,,
QDM_NP_monthly,CESM2,500002,nonparametric,monthly,03,calibration,True,,False,monthly,03,1.0,0.5703064516129035,38,38,620,38,0,0,0,,46.5,,,,,,,,,,
QDM_NP_monthly,CESM2,500002,nonparametric,monthly,03,validation,True,,False,monthly,03,1.0,0.5703064516129035,38,38,434,43,0,0,0,,124.36120630568882,,,,,,,,,,
QDM_NP_monthly,CESM2,500002,nonparametric,monthly,04,calibration,True,,False,monthly,04,1.0,0.328,121,120,600,120,0,0,0,,141.13,,,,,,,,,,
QDM_NP_monthly,CESM2,500002,nonparametric,monthly,04,validation,True,,False,monthly,04,1.0,0.328,121,120,420,52,0,2,0,,492.03846153846155,,,,,,,,,,
QDM_NP_monthly,CESM2,500002,nonparametric,monthly,05,calibration,True,,False,monthly,05,1.0,1.3470854838709647,199,199,620,199,0,0,0,,134.2,,,,,,,,,,
QDM_NP_monthly,CESM2,500002,nonparametric,monthly,05,validation,True,,False,monthly,05,1.0,1.3470854838709647,199,199,434,194,0,0,0,,164.93571023109214,,,,,,,,,,
QDM_NP_monthly,CESM2,500002,nonparametric,monthly,06,calibration,True,,False,monthly,06,1.0,9.93928,188,188,600,188,0,0,0,,115.4,,,,,,,,,,
QDM_NP_monthly,CESM2,500002,nonparametric,monthly,06,validation,True,,False,monthly,06,1.0,9.93928,188,188,420,134,0,0,0,,80.7908542488041,,,,,,,,,,
QDM_NP_monthly,CESM2,500002,nonparametric,monthly,07,calibration,True,,False,monthly,07,1.0,6.769774193548387,275,275,620,275,0,0,0,,118.5,,,,,,,,,,
QDM_NP_monthly,CESM2,500002,nonparametric,monthly,07,validation,True,,False,monthly,07,1.0,6.769774193548387,275,275,434,167,0,0,0,,100.72989047160495,,,,,,,,,,
QDM_NP_monthly,CESM2,500002,nonparametric,monthly,08,calibration,True,,False,monthly,08,1.0,5.881898387096775,329,329,620,329,0,0,0,,147.0,,,,,,,,,,
QDM_NP_monthly,CESM2,500002,nonparametric,monthly,08,validation,True,,False,monthly,08,1.0,5.881898387096775,329,329,434,212,0,0,0,,127.5980641774922,,,,,,,,,,
QDM_NP_monthly,CESM2,500002,nonparametric,monthly,09,calibration,True,,False,monthly,09,1.0,7.358164999999998,249,249,600,249,0,0,0,,97.1,,,,,,,,,,
QDM_NP_monthly,CESM2,500002,nonparametric,monthly,09,validation,True,,False,monthly,09,1.0,7.358164999999998,249,249,420,225,0,0,0,,78.53068390970171,,,,,,,,,,
QDM_NP_monthly,CESM2,500002,nonparametric,monthly,10,calibration,True,,False,monthly,10,1.0,11.27061290322581,132,132,620,132,0,0,0,,80.4,,,,,,,,,,
QDM_NP_monthly,CESM2,500002,nonparametric,monthly,10,validation,True,,False,monthly,10,1.0,11.27061290322581,132,132,434,103,0,0,0,,57.62832882563412,,,,,,,,,,
QDM_NP_monthly,CESM2,500002,nonparametric,monthly,11,calibration,True,,False,monthly,11,1.0,19.40533333333326,50,50,600,50,0,0,0,,72.8,,,,,,,,,,
QDM_NP_monthly,CESM2,500002,nonparametric,monthly,11,validation,True,,False,monthly,11,1.0,19.40533333333326,50,50,420,47,0,0,0,,70.33939725704421,,,,,,,,,,
QDM_NP_monthly,CESM2,500002,nonparametric,monthly,12,calibration,False,"insufficient wet days obs=14, model=14",True,annual,all,1.0,6.320316129032251,14,14,620,13,0,0,0,,48.70261848968897,,,,,,,,,,
QDM_NP_monthly,CESM2,500002,nonparametric,monthly,12,validation,False,"insufficient wet days obs=14, model=14",True,annual,all,1.0,6.320316129032251,14,14,434,19,0,0,0,,41.95866104654664,,,,,,,,,,
QDM_NP_monthly,CESM2,500003,nonparametric,monthly,01,calibration,False,"insufficient wet days obs=9, model=9",True,annual,all,1.0,3.7599451612903207,9,9,620,9,0,0,0,,12.10238982261914,,,,,,,,,,
QDM_NP_monthly,CESM2,500003,nonparametric,monthly,01,validation,False,"insufficient wet days obs=9, model=9",True,annual,all,1.0,3.7599451612903207,9,9,434,2,0,0,0,,4.538701520475518,,,,,,,,,,
QDM_NP_monthly,CESM2,500003,nonparametric,monthly,02,calibration,False,"insufficient wet days obs=18, model=18",True,annual,all,1.0,1.7813857142857141,18,18,560,2,0,0,0,,5.487635874027126,,,,,,,,,,
QDM_NP_monthly,CESM2,500003,nonparametric,monthly,02,validation,False,"insufficient wet days obs=18, model=18",True,annual,all,1.0,1.7813857142857141,18,18,392,0,0,0,0,,,,,,,,,,,,
QDM_NP_monthly,CESM2,500003,nonparametric,monthly,03,calibration,True,,False,monthly,03,1.0,0.8121822580645142,41,41,620,41,0,0,0,,67.2,,,,,,,,,,
QDM_NP_monthly,CESM2,500003,nonparametric,monthly,03,validation,True,,False,monthly,03,1.0,0.8121822580645142,41,41,434,35,0,0,0,,222.36389586893173,,,,,,,,,,
QDM_NP_monthly,CESM2,500003,nonparametric,monthly,04,calibration,True,,False,monthly,04,1.0,0.3319866666666667,148,148,600,148,0,0,0,,76.3,,,,,,,,,,
QDM_NP_monthly,CESM2,500003,nonparametric,monthly,04,validation,True,,False,monthly,04,1.0,0.3319866666666667,148,148,420,73,0,0,0,,116.23524218348162,,,,,,,,,,
QDM_NP_monthly,CESM2,500003,nonparametric,monthly,05,calibration,True,,False,monthly,05,1.0,0.364,244,243,620,243,0,0,0,,122.96913580246887,,,,,,,,,,
QDM_NP_monthly,CESM2,500003,nonparametric,monthly,05,validation,True,,False,monthly,05,1.0,0.364,244,243,434,216,0,0,0,,167.70340412723394,,,,,,,,,,
QDM_NP_monthly,CESM2,500003,nonparametric,monthly,06,calibration,True,,False,monthly,06,1.0,6.270553333333334,212,212,600,212,0,0,0,,62.8,,,,,,,,,,
QDM_NP_monthly,CESM2,500003,nonparametric,monthly,06,validation,True,,False,monthly,06,1.0,6.270553333333334,212,212,420,129,0,0,0,,51.557431426705556,,,,,,,,,,
QDM_NP_monthly,CESM2,500003,nonparametric,monthly,07,calibration,True,,False,monthly,07,1.0,3.8800967741935466,265,265,620,265,0,0,0,,157.0,,,,,,,,,,
QDM_NP_monthly,CESM2,500003,nonparametric,monthly,07,validation,True,,False,monthly,07,1.0,3.8800967741935466,265,265,434,150,0,0,0,,177.35552190399625,,,,,,,,,,
QDM_NP_monthly,CESM2,500003,nonparametric,monthly,08,calibration,True,,False,monthly,08,1.0,2.988225806451612,320,320,620,320,0,0,0,,181.3,,,,,,,,,,
QDM_NP_monthly,CESM2,500003,nonparametric,monthly,08,validation,True,,False,monthly,08,1.0,2.988225806451612,320,320,434,218,0,0,0,,195.9025185394997,,,,,,,,,,
QDM_NP_monthly,CESM2,500003,nonparametric,monthly,09,calibration,True,,False,monthly,09,1.0,4.203200000000001,270,270,600,270,0,0,0,,129.0,,,,,,,,,,
QDM_NP_monthly,CESM2,500003,nonparametric,monthly,09,validation,True,,False,monthly,09,1.0,4.203200000000001,270,270,420,235,0,0,0,,144.52382638526674,,,,,,,,,,
QDM_NP_monthly,CESM2,500003,nonparametric,monthly,10,calibration,True,,False,monthly,10,1.0,6.6125870967741935,182,182,620,182,0,0,0,,98.2,,,,,,,,,,
QDM_NP_monthly,CESM2,500003,nonparametric,monthly,10,validation,True,,False,monthly,10,1.0,6.6125870967741935,182,182,434,140,0,0,0,,77.47213394383634,,,,,,,,,,
QDM_NP_monthly,CESM2,500003,nonparametric,monthly,11,calibration,True,,False,monthly,11,1.0,14.639690000000005,58,58,600,58,0,0,0,,92.4,,,,,,,,,,
QDM_NP_monthly,CESM2,500003,nonparametric,monthly,11,validation,True,,False,monthly,11,1.0,14.639690000000005,58,58,420,66,0,0,0,,152.1406693136699,,,,,,,,,,
QDM_NP_monthly,CESM2,500003,nonparametric,monthly,12,calibration,False,"insufficient wet days obs=13, model=13",True,annual,all,1.0,4.963641935483869,13,13,620,25,0,0,0,,66.79654839827323,,,,,,,,,,
QDM_NP_monthly,CESM2,500003,nonparametric,monthly,12,validation,False,"insufficient wet days obs=13, model=13",True,annual,all,1.0,4.963641935483869,13,13,434,31,0,0,0,,34.65396087608002,,,,,,,,,,
QDM_NP_monthly,CESM2,500004,nonparametric,monthly,01,calibration,False,"insufficient wet days obs=9, model=9",True,annual,all,1.0,3.7599451612903207,9,9,620,6,0,0,0,,12.544708688484336,,,,,,,,,,
QDM_NP_monthly,CESM2,500004,nonparametric,monthly,01,validation,False,"insufficient wet days obs=9, model=9",True,annual,all,1.0,3.7599451612903207,9,9,434,1,0,0,0,,3.403020354563362,,,,,,,,,,
QDM_NP_monthly,CESM2,500004,nonparametric,monthly,02,calibration,False,"insufficient wet days obs=22, model=22",True,annual,all,1.0,1.7031964285714287,22,22,560,2,0,0,0,,5.649135639319576,,,,,,,,,,
QDM_NP_monthly,CESM2,500004,nonparametric,monthly,02,validation,False,"insufficient wet days obs=22, model=22",True,annual,all,1.0,1.7031964285714287,22,22,392,0,0,0,0,,,,,,,,,,,,
QDM_NP_monthly,CESM2,500004,nonparametric,monthly,03,calibration,True,,False,monthly,03,1.0,0.8823129032258052,37,37,620,37,0,0,0,,59.0,,,,,,,,,,
QDM_NP_monthly,CESM2,500004,nonparametric,monthly,03,validation,True,,False,monthly,03,1.0,0.8823129032258052,37,37,434,33,0,0,0,,201.3161061946903,,,,,,,,,,
QDM_NP_monthly,CESM2,500004,nonparametric,monthly,04,calibration,True,,False,monthly,04,1.0,0.3618466666666666,127,127,600,127,0,0,0,,93.5,,,,,,,,,,
QDM_NP_monthly,CESM2,500004,nonparametric,monthly,04,validation,True,,False,monthly,04,1.0,0.3618466666666666,127,127,420,59,0,0,0,,141.43296813947165,,,,,,,,,,
QDM_NP_monthly,CESM2,500004,nonparametric,monthly,05,calibration,True,,False,monthly,05,1.0,0.4885483870967738,220,220,620,220,0,0,0,,89.3,,,,,,,,,,
QDM_NP_monthly,CESM2,500004,nonparametric,monthly,05,validation,True,,False,monthly,05,1.0,0.4885483870967738,220,220,434,199,0,0,0,,122.11733957061902,,,,,,,,,,
QDM_NP_monthly,CESM2,500004,nonparametric,monthly,06,calibration,True,,False,monthly,06,1.0,7.704799999999996,180,180,600,180,0,0,0,,49.4,,,,,,,,,,
QDM_NP_monthly,CESM2,500004,nonparametric,monthly,06,validation,True,,False,monthly,06,1.0,7.704799999999996,180,180,420,102,0,0,0,,44.06251970279665,,,,,,,,,,
QDM_NP_monthly,CESM2,500004,nonparametric,monthly,07,calibration,True,,False,monthly,07,1.0,3.9219161290322573,262,262,620,262,0,0,0,,98.5,,,,,,,,,,
QDM_NP_monthly,CESM2,500004,nonparametric,monthly,07,validation,True,,False,monthly,07,1.0,3.9219161290322573,262,262,434,150,0,0,0,,111.23249544782841,,,,,,,,,,
QDM_NP_monthly,CESM2,500004,nonparametric,monthly,08,calibration,True,,False,monthly,08,1.0,3.870700000000003,279,279,620,279,0,0,0,,105.2,,,,,,,,,,
QDM_NP_monthly,CESM2,500004,nonparametric,monthly,08,validation,True,,False,monthly,08,1.0,3.870700000000003,279,279,434,196,0,0,0,,115.25868524525816,,,,,,,,,,
QDM_NP_monthly,CESM2,500004,nonparametric,monthly,09,calibration,True,,False,monthly,09,1.0,4.689026666666664,256,256,600,256,0,0,0,,107.2,,,,,,,,,,
QDM_NP_monthly,CESM2,500004,nonparametric,monthly,09,validation,True,,False,monthly,09,1.0,4.689026666666664,256,256,420,221,0,0,0,,121.84677340156043,,,,,,,,,,
QDM_NP_monthly,CESM2,500004,nonparametric,monthly,10,calibration,True,,False,monthly,10,1.0,7.42975,155,155,620,155,0,0,0,,79.3,,,,,,,,,,
QDM_NP_monthly,CESM2,500004,nonparametric,monthly,10,validation,True,,False,monthly,10,1.0,7.42975,155,155,434,113,0,0,0,,65.30044347322371,,,,,,,,,,
QDM_NP_monthly,CESM2,500004,nonparametric,monthly,11,calibration,True,,False,monthly,11,1.0,14.829985000000008,57,57,600,57,0,0,0,,94.4,,,,,,,,,,
QDM_NP_monthly,CESM2,500004,nonparametric,monthly,11,validation,True,,False,monthly,11,1.0,14.829985000000008,57,57,420,64,0,0,0,,155.43375739405235,,,,,,,,,,
QDM_NP_monthly,CESM2,500004,nonparametric,monthly,12,calibration,False,"insufficient wet days obs=9, model=9",True,annual,all,1.0,6.0620290322580646,9,9,620,19,0,0,0,,73.07455005802572,,,,,,,,,,
QDM_NP_monthly,CESM2,500004,nonparametric,monthly,12,validation,False,"insufficient wet days obs=9, model=9",True,annual,all,1.0,6.0620290322580646,9,9,434,22,0,0,0,,37.61487645367605,,,,,,,,,,
QDM_NP_monthly,CESM2,500005,nonparametric,monthly,01,calibration,True,,False,monthly,01,1.0,2.247,36,35,620,35,0,0,0,,9.475714285714286,,,,,,,,,,
QDM_NP_monthly,CESM2,500005,nonparametric,monthly,01,validation,True,,False,monthly,01,1.0,2.247,36,35,434,10,0,0,0,,3.7225754595981178,,,,,,,,,,
QDM_NP_monthly,CESM2,500005,nonparametric,monthly,02,calibration,True,,False,monthly,02,1.0,1.0788571428571432,60,60,560,60,0,0,0,,10.4,,,,,,,,,,
QDM_NP_monthly,CESM2,500005,nonparametric,monthly,02,validation,True,,False,monthly,02,1.0,1.0788571428571432,60,60,392,17,0,0,0,,6.231460305750236,,,,,,,,,,
QDM_NP_monthly,CESM2,500005,nonparametric,monthly,03,calibration,True,,False,monthly,03,1.0,0.33,132,130,620,130,0,0,0,,32.3,,,,,,,,,,
QDM_NP_monthly,CESM2,500005,nonparametric,monthly,03,validation,True,,False,monthly,03,1.0,0.33,132,130,434,93,0,0,0,,112.71105693039134,,,,,,,,,,
QDM_NP_monthly,CESM2,500005,nonparametric,monthly,04,calibration,True,,False,monthly,04,1.0,0.19045666666666666,274,274,600,274,0,0,0,,39.0,,,,,,,,,,
QDM_NP_monthly,CESM2,500005,nonparametric,monthly,04,validation,True,,False,monthly,04,1.0,0.19045666666666666,274,274,420,178,0,0,0,,58.45019235699243,,,,,,,,,,
QDM_NP_monthly,CESM2,500005,nonparametric,monthly,05,calibration,True,,False,monthly,05,1.0,0.013859677419354868,533,533,620,533,0,0,0,,42.0,,,,,,,,,,
QDM_NP_monthly,CESM2,500005,nonparametric,monthly,05,validation,True,,False,monthly,05,1.0,0.013859677419354868,533,533,434,379,0,0,0,,58.41180479577453,,,,,,,,,,
QDM_NP_monthly,CESM2,500005,nonparametric,monthly,06,calibration,True,,False,monthly,06,1.0,0.056786666666666694,536,536,600,536,0,0,0,,24.1,,,,,,,,,,
QDM_NP_monthly,CESM2,500005,nonparametric,monthly,06,validation,True,,False,monthly,06,1.0,0.056786666666666694,536,536,420,376,0,0,0,,21.975297618830695,,,,,,,,,,
QDM_NP_monthly,CESM2,500005,nonparametric,monthly,07,calibration,True,,False,monthly,07,1.0,0.030938709677419348,582,582,620,582,0,0,0,,38.6,,,,,,,,,,
QDM_NP_monthly,CESM2,500005,nonparametric,monthly,07,validation,True,,False,monthly,07,1.0,0.030938709677419348,582,582,434,382,0,0,0,,44.724215057604454,,,,,,,,,,
QDM_NP_monthly,CESM2,500005,nonparametric,monthly,08,calibration,True,,False,monthly,08,1.0,0.04269354838709673,601,601,620,601,0,0,0,,48.3,,,,,,,,,,
QDM_NP_monthly,CESM2,500005,nonparametric,monthly,08,validation,True,,False,monthly,08,1.0,0.04269354838709673,601,601,434,411,0,0,0,,52.35807059501712,,,,,,,,,,
QDM_NP_monthly,CESM2,500005,nonparametric,monthly,09,calibration,True,,False,monthly,09,1.0,0.12074999999999986,575,575,600,575,0,0,0,,47.1,,,,,,,,,,
QDM_NP_monthly,CESM2,500005,nonparametric,monthly,09,validation,True,,False,monthly,09,1.0,0.12074999999999986,575,575,420,405,0,0,0,,53.621431035606605,,,,,,,,,,
QDM_NP_monthly,CESM2,500005,nonparametric,monthly,10,calibration,True,,False,monthly,10,1.0,0.6079290322580647,513,513,620,513,0,0,0,,35.1,,,,,,,,,,
QDM_NP_monthly,CESM2,500005,nonparametric,monthly,10,validation,True,,False,monthly,10,1.0,0.6079290322580647,513,513,434,384,0,0,0,,29.46430121039791,,,,,,,,,,
QDM_NP_monthly,CESM2,500005,nonparametric,monthly,11,calibration,True,,False,monthly,11,1.0,3.3347066666666665,256,256,600,256,0,0,0,,40.1,,,,,,,,,,
QDM_NP_monthly,CESM2,500005,nonparametric,monthly,11,validation,True,,False,monthly,11,1.0,3.3347066666666665,256,256,420,226,0,0,0,,65.01958423027575,,,,,,,,,,
QDM_NP_monthly,CESM2,500005,nonparametric,monthly,12,calibration,True,,False,monthly,12,1.0,2.230266129032258,75,75,620,75,0,0,0,,33.6,,,,,,,,,,
QDM_NP_monthly,CESM2,500005,nonparametric,monthly,12,validation,True,,False,monthly,12,1.0,2.230266129032258,75,75,434,74,0,0,0,,21.348900600540393,,,,,,,,,,
QDM_NP_monthly,CESM2,500006,nonparametric,monthly,01,calibration,True,,False,monthly,01,1.0,2.0783548387096817,40,40,620,40,0,0,0,,9.0,,,,,,,,,,
QDM_NP_monthly,CESM2,500006,nonparametric,monthly,01,validation,True,,False,monthly,01,1.0,2.0783548387096817,40,40,434,10,0,0,0,,3.7307305074080412,,,,,,,,,,
QDM_NP_monthly,CESM2,500006,nonparametric,monthly,02,calibration,True,,False,monthly,02,1.0,1.0690892857142853,61,61,560,61,0,0,0,,9.6,,,,,,,,,,
QDM_NP_monthly,CESM2,500006,nonparametric,monthly,02,validation,True,,False,monthly,02,1.0,1.0690892857142853,61,61,392,17,0,0,0,,6.049535253090253,,,,,,,,,,
QDM_NP_monthly,CESM2,500006,nonparametric,monthly,03,calibration,True,,False,monthly,03,1.0,0.3238709677419354,135,135,620,135,0,0,0,,30.1,,,,,,,,,,
QDM_NP_monthly,CESM2,500006,nonparametric,monthly,03,validation,True,,False,monthly,03,1.0,0.3238709677419354,135,135,434,96,0,0,0,,104.96130464799526,,,,,,,,,,
QDM_NP_monthly,CESM2,500006,nonparametric,monthly,04,calibration,True,,False,monthly,04,1.0,0.1824733333333333,284,284,600,284,0,0,0,,34.2,,,,,,,,,,
QDM_NP_monthly,CESM2,500006,nonparametric,monthly,04,validation,True,,False,monthly,04,1.0,0.1824733333333333,284,284,420,187,0,0,0,,51.808542919475244,,,,,,,,,,
QDM_NP_monthly,CESM2,500006,nonparametric,monthly,05,calibration,True,,False,monthly,05,1.0,0.012,536,534,620,534,0,0,0,,46.078089887640886,,,,,,,,,,
QDM_NP_monthly,CESM2,500006,nonparametric,monthly,05,validation,True,,False,monthly,05,1.0,0.012,536,534,434,379,0,0,0,,62.11538760665552,,,,,,,,,,
QDM_NP_monthly,CESM2,500006,nonparametric,monthly,06,calibration,True,,False,monthly,06,1.0,0.0465083333333335,541,541,600,541,0,0,0,,24.3,,,,,,,,,,
QDM_NP_monthly,CESM2,500006,nonparametric,monthly,06,validation,True,,False,monthly,06,1.0,0.0465083333333335,541,541,420,379,0,0,0,,20.37354927264704,,,,,,,,,,
QDM_NP_monthly,CESM2,500006,nonparametric,monthly,07,calibration,True,,False,monthly,07,1.0,0.025,585,584,620,584,0,0,0,,36.296147260274026,,,,,,,,,,
QDM_NP_monthly,CESM2,500006,nonparametric,monthly,07,validation,True,,False,monthly,07,1.0,0.025,585,584,434,383,0,0,0,,41.07600111700177,,,,,,,,,,
QDM_NP_monthly,CESM2,500006,nonparametric,monthly,08,calibration,True,,False,monthly,08,1.0,0.029753225806451837,603,603,620,603,0,0,0,,43.4,,,,,,,,,,
QDM_NP_monthly,CESM2,500006,nonparametric,monthly,08,validation,True,,False,monthly,08,1.0,0.029753225806451837,603,603,434,413,0,0,0,,47.23526704119825,,,,,,,,,,
QDM_NP_monthly,CESM2,500006,nonparametric,monthly,09,calibration,True,,False,monthly,09,1.0,0.08658000000000023,582,582,600,582,0,0,0,,42.8,,,,,,,,,,
QDM_NP_monthly,CESM2,500006,nonparametric,monthly,09,validation,True,,False,monthly,09,1.0,0.08658000000000023,582,582,420,408,0,0,0,,48.59097079303447,,,,,,,,,,
QDM_NP_monthly,CESM2,500006,nonparametric,monthly,10,calibration,True,,False,monthly,10,1.0,0.5128435483870968,523,523,620,523,0,0,0,,34.1,,,,,,,,,,
QDM_NP_monthly,CESM2,500006,nonparametric,monthly,10,validation,True,,False,monthly,10,1.0,0.5128435483870968,523,523,434,391,0,0,0,,30.22880553572534,,,,,,,,,,
QDM_NP_monthly,CESM2,500006,nonparametric,monthly,11,calibration,True,,False,monthly,11,1.0,3.1651466666666663,268,268,600,268,0,0,0,,35.3,,,,,,,,,,
QDM_NP_monthly,CESM2,500006,nonparametric,monthly,11,validation,True,,False,monthly,11,1.0,3.1651466666666663,268,268,420,237,0,0,0,,57.73883415052797,,,,,,,,,,
QDM_NP_monthly,CESM2,500006,nonparametric,monthly,12,calibration,True,,False,monthly,12,1.0,2.1450451612903225,81,81,620,81,0,0,0,,29.5,,,,,,,,,,
QDM_NP_monthly,CESM2,500006,nonparametric,monthly,12,validation,True,,False,monthly,12,1.0,2.1450451612903225,81,81,434,78,0,0,0,,19.41895277192521,,,,,,,,,,
QDM_NP_monthly,CESM2,500007,nonparametric,monthly,01,calibration,True,,False,monthly,01,1.0,2.18023709677419,37,37,620,37,0,0,0,,42.6,,,,,,,,,,
QDM_NP_monthly,CESM2,500007,nonparametric,monthly,01,validation,True,,False,monthly,01,1.0,2.18023709677419,37,37,434,10,0,0,0,,12.808159082995095,,,,,,,,,,
QDM_NP_monthly,CESM2,500007,nonparametric,monthly,02,calibration,True,,False,monthly,02,1.0,1.0528821428571424,62,62,560,62,0,0,0,,22.0,,,,,,,,,,
QDM_NP_monthly,CESM2,500007,nonparametric,monthly,02,validation,True,,False,monthly,02,1.0,1.0528821428571424,62,62,392,18,0,0,0,,14.778275783215197,,,,,,,,,,
QDM_NP_monthly,CESM2,500007,nonparametric,monthly,03,calibration,True,,False,monthly,03,1.0,0.3523709677419354,115,115,620,115,0,0,0,,41.2,,,,,,,,,,
QDM_NP_monthly,CESM2,500007,nonparametric,monthly,03,validation,True,,False,monthly,03,1.0,0.3523709677419354,115,115,434,85,0,0,0,,141.91473941937738,,,,,,,,,,
QDM_NP_monthly,CESM2,500007,nonparametric,monthly,04,calibration,True,,False,monthly,04,1.0,0.20642333333333335,254,254,600,254,0,0,0,,38.8,,,,,,,,,,
QDM_NP_monthly,CESM2,500007,nonparametric,monthly,04,validation,True,,False,monthly,04,1.0,0.20642333333333335,254,254,420,163,0,0,0,,58.80935623203174,,,,,,,,,,
QDM_NP_monthly,CESM2,500007,nonparametric,monthly,05,calibration,True,,False,monthly,05,1.0,0.04857419354838709,488,488,620,488,0,0,0,,115.6,,,,,,,,,,
QDM_NP_monthly,CESM2,500007,nonparametric,monthly,05,validation,True,,False,monthly,05,1.0,0.04857419354838709,488,488,434,351,0,0,0,,143.3693458341089,,,,,,,,,,
QDM_NP_monthly,CESM2,500007,nonparametric,monthly,06,calibration,True,,False,monthly,06,1.0,0.23843000000000056,498,498,600,498,0,0,0,,22.5,,,,,,,,,,
QDM_NP_monthly,CESM2,500007,nonparametric,monthly,06,validation,True,,False,monthly,06,1.0,0.23843000000000056,498,498,420,353,0,0,0,,19.393040196996846,,,,,,,,,,
QDM_NP_monthly,CESM2,500007,nonparametric,monthly,07,calibration,True,,False,monthly,07,1.0,0.2708000000000001,527,527,620,527,0,0,0,,30.2,,,,,,,,,,
QDM_NP_monthly,CESM2,500007,nonparametric,monthly,07,validation,True,,False,monthly,07,1.0,0.2708000000000001,527,527,434,328,0,0,0,,34.000273277926546,,,,,,,,,,
QDM_NP_monthly,CESM2,500007,nonparametric,monthly,08,calibration,True,,False,monthly,08,1.0,0.14454516129032255,573,573,620,573,0,0,0,,30.1,,,,,,,,,,
QDM_NP_monthly,CESM2,500007,nonparametric,monthly,08,validation,True,,False,monthly,08,1.0,0.14454516129032255,573,573,434,398,0,0,0,,33.96334062315177,,,,,,,,,,
QDM_NP_monthly,CESM2,500007,nonparametric,monthly,09,calibration,True,,False,monthly,09,1.0,0.18639999999999982,555,555,600,555,0,0,0,,37.0,,,,,,,,,,
QDM_NP_monthly,CESM2,500007,nonparametric,monthly,09,validation,True,,False,monthly,09,1.0,0.18639999999999982,555,555,420,401,0,0,0,,41.40910105223562,,,,,,,,,,
QDM_NP_monthly,CESM2,500007,nonparametric,monthly,10,calibration,True,,False,monthly,10,1.0,0.8574500000000006,489,489,620,489,0,0,0,,146.5,,,,,,,,,,
QDM_NP_monthly,CESM2,500007,nonparametric,monthly,10,validation,True,,False,monthly,10,1.0,0.8574500000000006,489,489,434,367,0,0,0,,116.01751704412357,,,,,,,,,,
QDM_NP_monthly,CESM2,500007,nonparametric,monthly,11,calibration,True,,False,monthly,11,1.0,4.004933333333333,220,220,600,220,0,0,0,,118.3,,,,,,,,,,
QDM_NP_monthly,CESM2,500007,nonparametric,monthly,11,validation,True,,False,monthly,11,1.0,4.004933333333333,220,220,420,207,0,0,0,,193.42889289099872,,,,,,,,,,
QDM_NP_monthly,CESM2,500007,nonparametric,monthly,12,calibration,True,,False,monthly,12,1.0,2.5726209677419356,55,55,620,55,0,0,0,,18.9,,,,,,,,,,
QDM_NP_monthly,CESM2,500007,nonparametric,monthly,12,validation,True,,False,monthly,12,1.0,2.5726209677419356,55,55,434,58,0,0,0,,17.237999654293247,,,,,,,,,,
QDM_NP_monthly,CESM2,500008,nonparametric,monthly,01,calibration,True,,False,monthly,01,1.0,2.5712467741935487,51,51,620,51,0,0,0,,6.2,,,,,,,,,,
QDM_NP_monthly,CESM2,500008,nonparametric,monthly,01,validation,True,,False,monthly,01,1.0,2.5712467741935487,51,51,434,20,0,0,0,,4.230757237773142,,,,,,,,,,
QDM_NP_monthly,CESM2,500008,nonparametric,monthly,02,calibration,True,,False,monthly,02,1.0,1.4516964285714284,65,65,560,65,0,0,0,,12.7,,,,,,,,,,
QDM_NP_monthly,CESM2,500008,nonparametric,monthly,02,validation,True,,False,monthly,02,1.0,1.4516964285714284,65,65,392,30,0,0,0,,7.292735661299074,,,,,,,,,,
QDM_NP_monthly,CESM2,500008,nonparametric,monthly,03,calibration,True,,False,monthly,03,1.0,0.4991774193548388,146,146,620,146,0,0,0,,25.1,,,,,,,,,,
QDM_NP_monthly,CESM2,500008,nonparametric,monthly,03,validation,True,,False,monthly,03,1.0,0.4991774193548388,146,146,434,105,0,0,0,,63.60763883464817,,,,,,,,,,
QDM_NP_monthly,CESM2,500008,nonparametric,monthly,04,calibration,True,,False,monthly,04,1.0,0.1960766666666667,323,323,600,323,0,0,0,,23.8,,,,,,,,,,
QDM_NP_monthly,CESM2,500008,nonparametric,monthly,04,validation,True,,False,monthly,04,1.0,0.1960766666666667,323,323,420,236,0,0,0,,20.235548554484172,,,,,,,,,,
QDM_NP_monthly,CESM2,500008,nonparametric,monthly,05,calibration,True,,False,monthly,05,1.0,0.022,561,560,620,560,0,0,0,,67.96508928571362,,,,,,,,,,
QDM_NP_monthly,CESM2,500008,nonparametric,monthly,05,validation,True,,False,monthly,05,1.0,0.022,561,560,434,385,0,0,0,,104.89369038320966,,,,,,,,,,
QDM_NP_monthly,CESM2,500008,nonparametric,monthly,06,calibration,True,,False,monthly,06,1.0,0.019,558,557,600,557,0,0,0,,29.691561938958937,,,,,,,,,,
QDM_NP_monthly,CESM2,500008,nonparametric,monthly,06,validation,True,,False,monthly,06,1.0,0.019,558,557,420,398,0,0,0,,29.948853898686828,,,,,,,,,,
QDM_NP_monthly,CESM2,500008,nonparametric,monthly,07,calibration,True,,False,monthly,07,1.0,0.014938709677419346,601,601,620,601,0,0,0,,21.7,,,,,,,,,,
QDM_NP_monthly,CESM2,500008,nonparametric,monthly,07,validation,True,,False,monthly,07,1.0,0.014938709677419346,601,601,434,404,0,0,0,,27.62983699206213,,,,,,,,,,
QDM_NP_monthly,CESM2,500008,nonparametric,monthly,08,calibration,True,,False,monthly,08,1.0,0.01698387096774193,610,610,620,610,0,0,0,,30.6,,,,,,,,,,
QDM_NP_monthly,CESM2,500008,nonparametric,monthly,08,validation,True,,False,monthly,08,1.0,0.01698387096774193,610,610,434,425,0,0,0,,41.99515806006618,,,,,,,,,,
QDM_NP_monthly,CESM2,500008,nonparametric,monthly,09,calibration,True,,False,monthly,09,1.0,0.011960000000000023,597,597,600,597,0,0,0,,30.2,,,,,,,,,,
QDM_NP_monthly,CESM2,500008,nonparametric,monthly,09,validation,True,,False,monthly,09,1.0,0.011960000000000023,597,597,420,419,0,0,0,,40.20403560965619,,,,,,,,,,
QDM_NP_monthly,CESM2,500008,nonparametric,monthly,10,calibration,True,,False,monthly,10,1.0,0.22889838709677418,557,557,620,557,0,0,0,,47.9,,,,,,,,,,
QDM_NP_monthly,CESM2,500008,nonparametric,monthly,10,validation,True,,False,monthly,10,1.0,0.22889838709677418,557,557,434,406,0,0,0,,42.81252331753335,,,,,,,,,,
QDM_NP_monthly,CESM2,500008,nonparametric,monthly,11,calibration,True,,False,monthly,11,1.0,1.7028166666666666,338,338,600,338,0,0,0,,43.6,,,,,,,,,,
QDM_NP_monthly,CESM2,500008,nonparametric,monthly,11,validation,True,,False,monthly,11,1.0,1.7028166666666666,338,338,420,285,0,0,0,,52.545446428894564,,,,,,,,,,
QDM_NP_monthly,CESM2,500008,nonparametric,monthly,12,calibration,True,,False,monthly,12,1.0,1.919,147,146,620,146,0,0,0,,11.091780821917805,,,,,,,,,,
QDM_NP_monthly,CESM2,500008,nonparametric,monthly,12,validation,True,,False,monthly,12,1.0,1.919,147,146,434,98,0,0,0,,11.288793924136336,,,,,,,,,,
QDM_NP_monthly,CESM2,500009,nonparametric,monthly,01,calibration,True,,False,monthly,01,1.0,1.9634258064516132,44,44,620,44,0,0,0,,16.7,,,,,,,,,,
QDM_NP_monthly,CESM2,500009,nonparametric,monthly,01,validation,True,,False,monthly,01,1.0,1.9634258064516132,44,44,434,11,0,0,0,,2.988709503820902,,,,,,,,,,
QDM_NP_monthly,CESM2,500009,nonparametric,monthly,02,calibration,True,,False,monthly,02,1.0,1.0528821428571424,62,62,560,62,0,0,0,,16.0,,,,,,,,,,
QDM_NP_monthly,CESM2,500009,nonparametric,monthly,02,validation,True,,False,monthly,02,1.0,1.0528821428571424,62,62,392,18,0,0,0,,5.71934344589273,,,,,,,,,,
QDM_NP_monthly,CESM2,500009,nonparametric,monthly,03,calibration,True,,False,monthly,03,1.0,0.3302096774193548,130,130,620,130,0,0,0,,17.7,,,,,,,,,,
QDM_NP_monthly,CESM2,500009,nonparametric,monthly,03,validation,True,,False,monthly,03,1.0,0.3302096774193548,130,130,434,93,0,0,0,,61.69484848290421,,,,,,,,,,
QDM_NP_monthly,CESM2,500009,nonparametric,monthly,04,calibration,True,,False,monthly,04,1.0,0.17649499999999999,297,297,600,297,0,0,0,,25.1,,,,,,,,,,
QDM_NP_monthly,CESM2,500009,nonparametric,monthly,04,validation,True,,False,monthly,04,1.0,0.17649499999999999,297,297,420,191,0,0,0,,37.56742511091239,,,,,,,,,,
QDM_NP_monthly,CESM2,500009,nonparametric,monthly,05,calibration,True,,False,monthly,05,1.0,0.011,541,540,620,540,0,0,0,,48.79592592592605,,,,,,,,,,
QDM_NP_monthly,CESM2,500009,nonparametric,monthly,05,validation,True,,False,monthly,05,1.0,0.011,541,540,434,380,0,0,0,,68.17704181093868,,,,,,,,,,
QDM_NP_monthly,CESM2,500009,nonparametric,monthly,06,calibration,True,,False,monthly,06,1.0,0.03273500000000007,547,547,600,547,0,0,0,,22.8,,,,,,,,,,
QDM_NP_monthly,CESM2,500009,nonparametric,monthly,06,validation,True,,False,monthly,06,1.0,0.03273500000000007,547,547,420,385,0,0,0,,18.607518560624573,,,,,,,,,,
QDM_NP_monthly,CESM2,500009,nonparametric,monthly,07,calibration,True,,False,monthly,07,1.0,0.007909677419354843,592,592,620,592,0,0,0,,43.4,,,,,,,,,,
QDM_NP_monthly,CESM2,500009,nonparametric,monthly,07,validation,True,,False,monthly,07,1.0,0.007909677419354843,592,592,434,393,0,0,0,,45.76644329891646,,,,,,,,,,
QDM_NP_monthly,CESM2,500009,nonparametric,monthly,08,calibration,True,,False,monthly,08,1.0,0.029753225806451837,603,603,620,603,0,0,0,,40.2,,,,,,,,,,
QDM_NP_monthly,CESM2,500009,nonparametric,monthly,08,validation,True,,False,monthly,08,1.0,0.029753225806451837,603,603,434,413,0,0,0,,43.73674622596294,,,,,,,,,,
QDM_NP_monthly,CESM2,500009,nonparametric,monthly,09,calibration,True,,False,monthly,09,1.0,0.0379783333333333,587,587,600,587,0,0,0,,31.5,,,,,,,,,,
QDM_NP_monthly,CESM2,500009,nonparametric,monthly,09,validation,True,,False,monthly,09,1.0,0.0379783333333333,587,587,420,410,0,0,0,,36.34701553244016,,,,,,,,,,
QDM_NP_monthly,CESM2,500009,nonparametric,monthly,10,calibration,True,,False,monthly,10,1.0,0.4174919354838709,535,535,620,535,0,0,0,,39.9,,,,,,,,,,
QDM_NP_monthly,CESM2,500009,nonparametric,monthly,10,validation,True,,False,monthly,10,1.0,0.4174919354838709,535,535,434,394,0,0,0,,31.356715089539044,,,,,,,,,,
QDM_NP_monthly,CESM2,500009,nonparametric,monthly,11,calibration,True,,False,monthly,11,1.0,2.780465,293,293,600,293,0,0,0,,25.4,,,,,,,,,,
QDM_NP_monthly,CESM2,500009,nonparametric,monthly,11,validation,True,,False,monthly,11,1.0,2.780465,293,293,420,250,0,0,0,,41.15785782616147,,,,,,,,,,
QDM_NP_monthly,CESM2,500009,nonparametric,monthly,12,calibration,True,,False,monthly,12,1.0,1.9951629032258067,101,101,620,101,0,0,0,,12.4,,,,,,,,,,
QDM_NP_monthly,CESM2,500009,nonparametric,monthly,12,validation,True,,False,monthly,12,1.0,1.9951629032258067,101,101,434,83,0,0,0,,9.792090281924104,,,,,,,,,,
QDM_NP_monthly,CESM2,500201,nonparametric,monthly,01,calibration,True,,False,monthly,01,1.0,2.296780645161285,32,32,620,32,0,0,0,,87.2,,,,,,,,,,
QDM_NP_monthly,CESM2,500201,nonparametric,monthly,01,validation,True,,False,monthly,01,1.0,2.296780645161285,32,32,434,10,0,0,0,,30.435493816626252,,,,,,,,,,
QDM_NP_monthly,CESM2,500201,nonparametric,monthly,02,calibration,True,,False,monthly,02,1.0,1.1968,48,48,560,48,0,0,0,,43.3,,,,,,,,,,
QDM_NP_monthly,CESM2,500201,nonparametric,monthly,02,validation,True,,False,monthly,02,1.0,1.1968,48,48,392,15,0,0,0,,29.308487715149127,,,,,,,,,,
QDM_NP_monthly,CESM2,500201,nonparametric,monthly,03,calibration,True,,False,monthly,03,1.0,0.5831096774193548,68,68,620,68,0,0,0,,79.0,,,,,,,,,,
QDM_NP_monthly,CESM2,500201,nonparametric,monthly,03,validation,True,,False,monthly,03,1.0,0.5831096774193548,68,68,434,51,0,0,0,,271.4522857708292,,,,,,,,,,
QDM_NP_monthly,CESM2,500201,nonparametric,monthly,04,calibration,True,,False,monthly,04,1.0,0.49868333333333326,82,82,600,82,0,0,0,,65.3,,,,,,,,,,
QDM_NP_monthly,CESM2,500201,nonparametric,monthly,04,validation,True,,False,monthly,04,1.0,0.49868333333333326,82,82,420,43,0,0,0,,106.97095782956981,,,,,,,,,,
QDM_NP_monthly,CESM2,500201,nonparametric,monthly,05,calibration,True,,False,monthly,05,1.0,0.8268806451612905,182,182,620,182,0,0,0,,197.3,,,,,,,,,,
QDM_NP_monthly,CESM2,500201,nonparametric,monthly,05,validation,True,,False,monthly,05,1.0,0.8268806451612905,182,182,434,174,0,0,0,,264.87555765712955,,,,,,,,,,
QDM_NP_monthly,CESM2,500201,nonparametric,monthly,06,calibration,True,,False,monthly,06,1.0,6.456416666666667,205,205,600,205,0,0,0,,43.7,,,,,,,,,,
QDM_NP_monthly,CESM2,500201,nonparametric,monthly,06,validation,True,,False,monthly,06,1.0,6.456416666666667,205,205,420,127,0,0,0,,34.94840710778448,,,,,,,,,,
QDM_NP_monthly,CESM2,500201,nonparametric,monthly,07,calibration,True,,False,monthly,07,1.0,4.838883870967743,228,228,620,228,0,0,0,,52.2,,,,,,,,,,
QDM_NP_monthly,CESM2,500201,nonparametric,monthly,07,validation,True,,False,monthly,07,1.0,4.838883870967743,228,228,434,127,0,0,0,,56.730148069889175,,,,,,,,,,
QDM_NP_monthly,CESM2,500201,nonparametric,monthly,08,calibration,True,,False,monthly,08,1.0,4.556599999999999,248,248,620,248,0,0,0,,41.8,,,,,,,,,,
QDM_NP_monthly,CESM2,500201,nonparametric,monthly,08,validation,True,,False,monthly,08,1.0,4.556599999999999,248,248,434,174,0,0,0,,47.128159101745865,,,,,,,,,,
QDM_NP_monthly,CESM2,500201,nonparametric,monthly,09,calibration,True,,False,monthly,09,1.0,5.758600000000002,216,216,600,216,0,0,0,,57.5,,,,,,,,,,
QDM_NP_monthly,CESM2,500201,nonparametric,monthly,09,validation,True,,False,monthly,09,1.0,5.758600000000002,216,216,420,192,0,0,0,,64.94161514447468,,,,,,,,,,
QDM_NP_monthly,CESM2,500201,nonparametric,monthly,10,calibration,True,,False,monthly,10,1.0,4.560388709677419,257,257,620,257,0,0,0,,296.9,,,,,,,,,,
QDM_NP_monthly,CESM2,500201,nonparametric,monthly,10,validation,True,,False,monthly,10,1.0,4.560388709677419,257,257,434,189,0,0,0,,234.03485067011215,,,,,,,,,,
QDM_NP_monthly,CESM2,500201,nonparametric,monthly,11,calibration,True,,False,monthly,11,1.0,6.729405000000002,129,129,600,129,0,0,0,,240.1,,,,,,,,,,
QDM_NP_monthly,CESM2,500201,nonparametric,monthly,11,validation,True,,False,monthly,11,1.0,6.729405000000002,129,129,420,129,0,0,0,,395.33522404991487,,,,,,,,,,
QDM_NP_monthly,CESM2,500201,nonparametric,monthly,12,calibration,False,"insufficient wet days obs=23, model=23",True,annual,all,1.0,3.7812225806451614,23,23,620,21,0,0,0,,69.94244607314327,,,,,,,,,,
QDM_NP_monthly,CESM2,500201,nonparametric,monthly,12,validation,False,"insufficient wet days obs=23, model=23",True,annual,all,1.0,3.7812225806451614,23,23,434,24,0,0,0,,36.94786996885266,,,,,,,,,,
QDM_NP_monthly,CESM2,500202,nonparametric,monthly,01,calibration,False,"insufficient wet days obs=17, model=17",True,annual,all,1.0,3.722358064516127,17,17,620,31,0,0,0,,15.172669278396814,,,,,,,,,,
QDM_NP_monthly,CESM2,500202,nonparametric,monthly,01,validation,False,"insufficient wet days obs=17, model=17",True,annual,all,1.0,3.722358064516127,17,17,434,7,1,0,0,,7.248571428571433,,,,,,,,,,
QDM_NP_monthly,CESM2,500202,nonparametric,monthly,02,calibration,False,"insufficient wet days obs=26, model=26",True,annual,all,1.0,2.254996428571429,26,26,560,11,1,0,0,,8.800909090909093,,,,,,,,,,
QDM_NP_monthly,CESM2,500202,nonparametric,monthly,02,validation,False,"insufficient wet days obs=26, model=26",True,annual,all,1.0,2.254996428571429,26,26,392,2,0,0,0,,4.04313709996049,,,,,,,,,,
QDM_NP_monthly,CESM2,500202,nonparametric,monthly,03,calibration,True,,False,monthly,03,1.0,1.2017419354838734,30,30,620,30,0,0,0,,176.0,,,,,,,,,,
QDM_NP_monthly,CESM2,500202,nonparametric,monthly,03,validation,True,,False,monthly,03,1.0,1.2017419354838734,30,30,434,30,0,0,0,,457.6,,,,,,,,,,
QDM_NP_monthly,CESM2,500202,nonparametric,monthly,04,calibration,True,,False,monthly,04,1.0,0.8926800000000004,63,63,600,63,0,0,0,,51.9,,,,,,,,,,
QDM_NP_monthly,CESM2,500202,nonparametric,monthly,04,validation,True,,False,monthly,04,1.0,0.8926800000000004,63,63,420,33,0,0,0,,50.847636230102324,,,,,,,,,,
QDM_NP_monthly,CESM2,500202,nonparametric,monthly,05,calibration,True,,False,monthly,05,1.0,0.5617999999999997,186,186,620,186,0,0,0,,225.3,,,,,,,,,,
QDM_NP_monthly,CESM2,500202,nonparametric,monthly,05,validation,True,,False,monthly,05,1.0,0.5617999999999997,186,186,434,161,0,0,0,,373.92413350612355,,,,,,,,,,
QDM_NP_monthly,CESM2,500202,nonparametric,monthly,06,calibration,True,,False,monthly,06,1.0,4.122,192,191,600,191,0,0,0,,53.384816753926685,,,,,,,,,,
QDM_NP_monthly,CESM2,500202,nonparametric,monthly,06,validation,True,,False,monthly,06,1.0,4.122,192,191,420,127,0,0,0,,56.014741194010334,,,,,,,,,,
QDM_NP_monthly,CESM2,500202,nonparametric,monthly,07,calibration,True,,False,monthly,07,1.0,3.3189774193548383,206,206,620,206,0,0,0,,85.8,,,,,,,,,,
QDM_NP_monthly,CESM2,500202,nonparametric,monthly,07,validation,True,,False,monthly,07,1.0,3.3189774193548383,206,206,434,101,0,0,0,,104.94132997513164,,,,,,,,,,
QDM_NP_monthly,CESM2,500202,nonparametric,monthly,08,calibration,True,,False,monthly,08,1.0,3.4852580645161293,200,200,620,200,0,0,0,,52.5,,,,,,,,,,
QDM_NP_monthly,CESM2,500202,nonparametric,monthly,08,validation,True,,False,monthly,08,1.0,3.4852580645161293,200,200,434,141,0,0,0,,74.52827552358822,,,,,,,,,,
QDM_NP_monthly,CESM2,500202,nonparametric,monthly,09,calibration,True,,False,monthly,09,1.0,3.581806666666665,244,244,600,244,0,0,0,,104.5,,,,,,,,,,
QDM_NP_monthly,CESM2,500202,nonparametric,monthly,09,validation,True,,False,monthly,09,1.0,3.581806666666665,244,244,420,203,0,0,0,,138.20104156513383,,,,,,,,,,
QDM_NP_monthly,CESM2,500202,nonparametric,monthly,10,calibration,True,,False,monthly,10,1.0,3.464290322580646,250,250,620,250,0,0,0,,152.0,,,,,,,,,,
QDM_NP_monthly,CESM2,500202,nonparametric,monthly,10,validation,True,,False,monthly,10,1.0,3.464290322580646,250,250,434,181,0,0,0,,145.05290343842333,,,,,,,,,,
QDM_NP_monthly,CESM2,500202,nonparametric,monthly,11,calibration,True,,False,monthly,11,1.0,5.4493100000000005,131,131,600,131,0,0,0,,298.5,,,,,,,,,,
QDM_NP_monthly,CESM2,500202,nonparametric,monthly,11,validation,True,,False,monthly,11,1.0,5.4493100000000005,131,131,420,135,0,0,0,,357.4839988944036,,,,,,,,,,
QDM_NP_monthly,CESM2,500202,nonparametric,monthly,12,calibration,False,"insufficient wet days obs=13, model=13",True,annual,all,1.0,4.837774193548383,13,13,620,56,0,0,0,,85.55481971259333,,,,,,,,,,
QDM_NP_monthly,CESM2,500202,nonparametric,monthly,12,validation,False,"insufficient wet days obs=13, model=13",True,annual,all,1.0,4.837774193548383,13,13,434,39,0,0,0,,75.95974892310632,,,,,,,,,,
QDM_NP_monthly,CESM2,500301,nonparametric,monthly,01,calibration,False,"insufficient wet days obs=19, model=19",True,annual,all,1.0,3.514596774193544,19,19,620,50,1,0,0,,14.823392645085999,,,,,,,,,,
QDM_NP_monthly,CESM2,500301,nonparametric,monthly,01,validation,False,"insufficient wet days obs=19, model=19",True,annual,all,1.0,3.514596774193544,19,19,434,20,2,0,0,,11.067999999999982,,,,,,,,,,
QDM_NP_monthly,CESM2,500301,nonparametric,monthly,02,calibration,False,"insufficient wet days obs=27, model=27",True,annual,all,1.0,2.2358678571428565,27,27,560,21,1,0,0,,11.650476190476187,,,,,,,,,,
QDM_NP_monthly,CESM2,500301,nonparametric,monthly,02,validation,False,"insufficient wet days obs=27, model=27",True,annual,all,1.0,2.2358678571428565,27,27,392,7,1,0,0,,6.845714285714289,,,,,,,,,,
QDM_NP_monthly,CESM2,500301,nonparametric,monthly,03,calibration,True,,False,monthly,03,1.0,1.0827258064516123,45,45,620,45,0,0,0,,83.8,,,,,,,,,,
QDM_NP_monthly,CESM2,500301,nonparametric,monthly,03,validation,True,,False,monthly,03,1.0,1.0827258064516123,45,45,434,31,0,0,0,,206.30928865293487,,,,,,,,,,
QDM_NP_monthly,CESM2,500301,nonparametric,monthly,04,calibration,True,,False,monthly,04,1.0,0.5801733333333333,104,104,600,104,0,0,0,,45.2,,,,,,,,,,
QDM_NP_monthly,CESM2,500301,nonparametric,monthly,04,validation,True,,False,monthly,04,1.0,0.5801733333333333,104,104,420,49,0,0,0,,49.157416391838076,,,,,,,,,,
QDM_NP_monthly,CESM2,500301,nonparametric,monthly,05,calibration,True,,False,monthly,05,1.0,0.350383870967742,238,238,620,238,0,0,0,,188.0,,,,,,,,,,
QDM_NP_monthly,CESM2,500301,nonparametric,monthly,05,validation,True,,False,monthly,05,1.0,0.350383870967742,238,238,434,199,0,0,0,,314.21240895053705,,,,,,,,,,
QDM_NP_monthly,CESM2,500301,nonparametric,monthly,06,calibration,True,,False,monthly,06,1.0,4.113181666666667,193,193,600,193,0,0,0,,80.3,,,,,,,,,,
QDM_NP_monthly,CESM2,500301,nonparametric,monthly,06,validation,True,,False,monthly,06,1.0,4.113181666666667,193,193,420,127,0,0,0,,84.25336223701912,,,,,,,,,,
QDM_NP_monthly,CESM2,500301,nonparametric,monthly,07,calibration,True,,False,monthly,07,1.0,2.4957419354838706,240,240,620,240,0,0,0,,82.0,,,,,,,,,,
QDM_NP_monthly,CESM2,500301,nonparametric,monthly,07,validation,True,,False,monthly,07,1.0,2.4957419354838706,240,240,434,126,0,0,0,,107.50676236723716,,,,,,,,,,
QDM_NP_monthly,CESM2,500301,nonparametric,monthly,08,calibration,True,,False,monthly,08,1.0,3.168050000000001,217,217,620,217,0,0,0,,72.7,,,,,,,,,,
QDM_NP_monthly,CESM2,500301,nonparametric,monthly,08,validation,True,,False,monthly,08,1.0,3.168050000000001,217,217,434,153,0,0,0,,97.87008974299107,,,,,,,,,,
QDM_NP_monthly,CESM2,500301,nonparametric,monthly,09,calibration,True,,False,monthly,09,1.0,2.513,300,300,600,300,0,0,0,,72.5,,,,,,,,,,
QDM_NP_monthly,CESM2,500301,nonparametric,monthly,09,validation,True,,False,monthly,09,1.0,2.513,300,300,420,238,0,0,0,,95.02360815299355,,,,,,,,,,
QDM_NP_monthly,CESM2,500301,nonparametric,monthly,10,calibration,True,,False,monthly,10,1.0,2.576129032258065,300,300,620,300,0,0,0,,105.1,,,,,,,,,,
QDM_NP_monthly,CESM2,500301,nonparametric,monthly,10,validation,True,,False,monthly,10,1.0,2.576129032258065,300,300,434,225,0,0,0,,99.80592964453625,,,,,,,,,,
QDM_NP_monthly,CESM2,500301,nonparametric,monthly,11,calibration,True,,False,monthly,11,1.0,5.280710000000001,138,138,600,138,0,0,0,,180.9,,,,,,,,,,
QDM_NP_monthly,CESM2,500301,nonparametric,monthly,11,validation,True,,False,monthly,11,1.0,5.280710000000001,138,138,420,139,0,0,0,,216.64608174203553,,,,,,,,,,
QDM_NP_monthly,CESM2,500301,nonparametric,monthly,12,calibration,False,"insufficient wet days obs=11, model=11",True,annual,all,1.0,5.076341935483868,11,11,620,83,0,0,0,,74.43204881840458,,,,,,,,,,
QDM_NP_monthly,CESM2,500301,nonparametric,monthly,12,validation,False,"insufficient wet days obs=11, model=11",True,annual,all,1.0,5.076341935483868,11,11,434,58,0,0,0,,73.78691112293444,,,,,,,,,,
QDM_P_annual,CESM2,500001,parametric,annual,all,calibration,True,,False,annual,all,1.0,3.0204449315068485,1624,1624,7300,1624,0,0,0,650.0,123.13502638476047,pearson3,10166.690809110334,0.04344633791481602,0.004217804457928766,3.0,pearson3,9544.150276375909,0.038802439113234444,0.014640211537839306,3.0
QDM_P_annual,CESM2,500001,parametric,annual,all,validation,True,,False,annual,all,1.0,3.0204449315068485,1624,1624,5110,1164,0,0,0,650.0,148.32243466133727,pearson3,10166.690809110334,0.04344633791481602,0.004217804457928766,3.0,pearson3,9544.150276375909,0.038802439113234444,0.014640211537839306,3.0
QDM_P_annual,CESM2,500002,parametric,annual,all,calibration,True,,False,annual,all,1.0,6.719329863013703,1618,1618,7300,1618,0,0,0,735.0,286.1687224113095,lognorm,12074.238361578493,0.04544683548632386,0.002422384305089989,2.0,pearson3,10632.515028993068,0.026257464025957744,0.21084282332495108,3.0
QDM_P_annual,CESM2,500002,parametric,annual,all,validation,True,,False,annual,all,1.0,6.719329863013703,1618,1618,5110,1230,0,0,0,735.0,227.13688847268787,lognorm,12074.238361578493,0.04544683548632386,0.002422384305089989,2.0,pearson3,10632.515028993068,0.026257464025957744,0.21084282332495108,3.0
QDM_P_annual,CESM2,500003,parametric,annual,all,calibration,True,,False,annual,all,1.0,3.759975342465754,1780,1780,7300,1780,0,0,0,906.5,104.94242322817563,pearson3,11572.233860614782,0.10053148717794419,4.1005648586602895e-16,3.0,pearson3,11018.87773592599,0.02828587596979726,0.11367970696897023,3.0
QDM_P_annual,CESM2,500003,parametric,annual,all,validation,True,,False,annual,all,1.0,3.759975342465754,1780,1780,5110,1309,0,0,0,906.5,167.7169561221518,pearson3,11572.233860614782,0.10053148717794419,4.1005648586602895e-16,3.0,pearson3,11018.87773592599,0.02828587596979726,0.11367970696897023,3.0
QDM_P_annual,CESM2,500004,parametric,annual,all,calibration,True,,False,annual,all,1.0,4.260872465753423,1613,1613,7300,1613,0,0,0,536.0,105.63108457603572,pearson3,10065.358052585754,0.15275734683182612,2.4917916710714816e-33,3.0,pearson3,10139.618834755307,0.030163162954184308,0.10410420505493512,3.0
QDM_P_annual,CESM2,500004,parametric,annual,all,validation,True,,False,annual,all,1.0,4.260872465753423,1613,1613,5110,1206,0,0,0,536.0,170.10640098005257,pearson3,10065.358052585754,0.15275734683182612,2.4917916710714816e-33,3.0,pearson3,10139.618834755307,0.030163162954184308,0.10410420505493512,3.0
QDM_P_annual,CESM2,500005,parametric,annual,all,calibration,True,,False,annual,all,1.0,0.47914328767123243,4173,4173,7300,4173,0,0,0,241.5,61.996136206209876,pearson3,20012.091981836646,0.059411140779681126,3.024616082001513e-13,3.0,pearson3,22230.563824355555,0.06154171500334393,3.503615208616181e-14,3.0
QDM_P_annual,CESM2,500005,parametric,annual,all,validation,True,,False,annual,all,1.0,0.47914328767123243,4173,4173,5110,2859,0,0,0,241.5,97.6504683758229,pearson3,20012.091981836646,0.059411140779681126,3.024616082001513e-13,3.0,pearson3,22230.563824355555,0.06154171500334393,3.503615208616181e-14,3.0
QDM_P_annual,CESM2,500006,parametric,annual,all,calibration,True,,False,annual,all,1.0,0.44958068493150677,4239,4239,7300,4239,0,0,0,230.5,53.12475351823779,pearson3,20422.226158878635,0.03385645562508066,0.00011746297464857288,3.0,pearson3,22520.812400025636,0.06268039721358987,6.38565405040315e-15,3.0
QDM_P_annual,CESM2,500006,parametric,annual,all,validation,True,,False,annual,all,1.0,0.44958068493150677,4239,4239,5110,2896,0,0,0,230.5,83.68968016473826,pearson3,20422.226158878635,0.03385645562508066,0.00011746297464857288,3.0,pearson3,22520.812400025636,0.06268039721358987,6.38565405040315e-15,3.0
QDM_P_annual,CESM2,500007,parametric,annual,all,calibration,True,,False,annual,all,1.0,0.639,3873,3871,7300,3871,0,0,0,732.5,42.77293033811687,pearson3,17291.183602135894,0.054003164510763924,2.943547501210347e-10,3.0,pearson3,20754.99519790319,0.04964524548401272,9.900645653264544e-09,3.0
QDM_P_annual,CESM2,500007,parametric,annual,all,validation,True,,False,annual,all,1.0,0.639,3873,3871,5110,2670,0,0,0,732.5,66.74719005595207,pearson3,17291.183602135894,0.054003164510763924,2.943547501210347e-10,3.0,pearson3,20754.99519790319,0.04964524548401272,9.900645653264544e-09,3.0
QDM_P_annual,CESM2,500008,parametric,annual,all,calibration,True,,False,annual,all,1.0,0.39262383561643854,4554,4554,7300,4554,0,0,0,340.0,15.771243407193724,pearson3,21942.41450157436,0.09004835016715451,1.3931359138145453e-32,3.0,genextreme,20660.700636168425,0.04111558072398336,3.9820197778389504e-07,3.0
QDM_P_annual,CESM2,500008,parametric,annual,all,validation,True,,False,annual,all,1.0,0.39262383561643854,4554,4554,5110,3063,0,0,0,340.0,19.769339841868792,pearson3,21942.41450157436,0.09004835016715451,1.3931359138145453e-32,3.0,genextreme,20660.700636168425,0.04111558072398336,3.9820197778389504e-07,3.0
QDM_P_annual,CESM2,500009,parametric,annual,all,calibration,True,,False,annual,all,1.0,0.412,4332,4331,7300,4331,0,0,0,244.0,56.23969144731787,pearson3,20275.243353481153,0.05761610835826517,6.094422043782797e-13,3.0,pearson3,22785.702350658925,0.062431076789484674,4.060609275441862e-15,3.0
QDM_P_annual,CESM2,500009,parametric,annual,all,validation,True,,False,annual,all,1.0,0.412,4332,4331,5110,2946,0,0,0,244.0,88.72825659059527,pearson3,20275.243353481153,0.05761610835826517,6.094422043782797e-13,3.0,pearson3,22785.702350658925,0.062431076789484674,4.060609275441862e-15,3.0
QDM_P_annual,CESM2,500201,parametric,annual,all,calibration,True,,False,annual,all,1.0,3.958,1718,1717,7300,1717,0,0,0,1484.5,70.83193600317892,pearson3,10578.562359710664,0.03674215621225141,0.018860215572137042,3.0,pearson3,10679.526018815282,0.044949594568600815,0.0018783970641299476,3.0
QDM_P_annual,CESM2,500201,parametric,annual,all,validation,True,,False,annual,all,1.0,3.958,1718,1717,5110,1269,0,0,0,1484.5,115.20771599792924,pearson3,10578.562359710664,0.03674215621225141,0.018860215572137042,3.0,pearson3,10679.526018815282,0.044949594568600815,0.0018783970641299476,3.0
QDM_P_annual,CESM2,500202,parametric,annual,all,calibration,True,,False,annual,all,1.0,3.1592805479452055,1558,1558,7300,1558,0,0,0,1492.5,95.923812733434,pearson3,10137.274257001322,0.07110411989069665,2.7031376578207064e-07,3.0,pearson3,9294.610989949462,0.06028538433894437,2.3018861441743058e-05,3.0
QDM_P_annual,CESM2,500202,parametric,annual,all,validation,True,,False,annual,all,1.0,3.1592805479452055,1558,1558,5110,1125,0,0,0,1492.5,114.96761102122846,pearson3,10137.274257001322,0.07110411989069665,2.7031376578207064e-07,3.0,pearson3,9294.610989949462,0.06028538433894437,2.3018861441743058e-05,3.0
QDM_P_annual,CESM2,500301,parametric,annual,all,calibration,True,,False,annual,all,1.0,2.581505753424661,1832,1832,7300,1832,0,0,0,940.0,69.74989508517318,pearson3,12065.451149883567,0.09597327414620738,3.87221829633173e-15,3.0,pearson3,10515.271537595172,0.05807142267528714,8.215795021972968e-06,3.0
QDM_P_annual,CESM2,500301,parametric,annual,all,validation,True,,False,annual,all,1.0,2.581505753424661,1832,1832,5110,1319,0,0,0,940.0,82.84041413998479,pearson3,12065.451149883567,0.09597327414620738,3.87221829633173e-15,3.0,pearson3,10515.271537595172,0.05807142267528714,8.215795021972968e-06,3.0
QDM_P_monthly,CESM2,500001,parametric,monthly,01,calibration,False,"insufficient wet days obs=4, model=4",True,annual,all,1.0,5.208032258064517,4,4,620,40,3,0,0,650.0,14.513931210033276,,,,,,,,,,
QDM_P_monthly,CESM2,500001,parametric,monthly,01,validation,False,"insufficient wet days obs=4, model=4",True,annual,all,1.0,5.208032258064517,4,4,434,10,0,0,0,,,,,,,,,,,,
QDM_P_monthly,CESM2,500001,parametric,monthly,02,calibration,False,"insufficient wet days obs=17, model=17",True,annual,all,1.0,2.8207285714285715,17,17,560,13,0,0,0,,,,,,,,,,,,
QDM_P_monthly,CESM2,500001,parametric,monthly,02,validation,False,"insufficient wet days obs=17, model=17",True,annual,all,1.0,2.8207285714285715,17,17,392,3,0,0,0,,,,,,,,,,,,
QDM_P_monthly,CESM2,500001,parametric,monthly,03,calibration,False,"insufficient wet days obs=22, model=22",True,annual,all,1.0,1.4368870967741927,22,22,620,0,0,0,0,,,,,,,,,,,,
QDM_P_monthly,CESM2,500001,parametric,monthly,03,validation,False,"insufficient wet days obs=22, model=22",True,annual,all,1.0,1.4368870967741927,22,22,434,5,0,0,0,,,,,,,,,,,,
QDM_P_monthly,CESM2,500001,parametric,monthly,04,calibration,True,,False,monthly,04,1.0,0.5637333333333333,110,110,600,110,0,0,0,438.0,169.9165700907808,pearson3,748.8471980051573,0.1142221324056068,0.10475034852532972,3.0,pearson3,158.25383442294236,0.11998960353599175,0.07742942446279966,3.0
QDM_P_monthly,CESM2,500001,parametric,monthly,04,validation,True,,False,monthly,04,1.0,0.5637333333333333,110,110,420,52,0,0,0,438.0,141.2528266553144,pearson3,748.8471980051573,0.1142221324056068,0.10475034852532972,3.0,pearson3,158.25383442294236,0.11998960353599175,0.07742942446279966,3.0
QDM_P_monthly,CESM2,500001,parametric,monthly,05,calibration,True,,False,monthly,05,1.0,0.45366774193548387,207,207,620,207,0,0,0,650.0,46.68493551147461,pearson3,1394.339393455901,0.06671172395585084,0.3020642173529354,3.0,genextreme,746.3762711970975,0.07193661238693994,0.22340062921051584,3.0
QDM_P_monthly,CESM2,500001,parametric,monthly,05,validation,True,,False,monthly,05,1.0,0.45366774193548387,207,207,434,176,0,0,0,650.0,44.20061332358855,pearson3,1394.339393455901,0.06671172395585084,0.3020642173529354,3.0,genextreme,746.3762711970975,0.07193661238693994,0.22340062921051584,3.0
QDM_P_monthly,CESM2,500001,parametric,monthly,06,calibration,True,,False,monthly,06,1.0,4.131633333333333,190,190,600,190,0,0,0,294.5,45.72291616471382,pearson3,1088.8697888231645,0.05630711354882123,0.5639641475741675,3.0,pearson3,1196.1239883702706,0.036019939395156075,0.9586515527394781,3.0
QDM_P_monthly,CESM2,500001,parametric,monthly,06,validation,True,,False,monthly,06,1.0,4.131633333333333,190,190,420,127,0,0,0,294.5,50.0167407174848,pearson3,1088.8697888231645,0.05630711354882123,0.5639641475741675,3.0,pearson3,1196.1239883702706,0.036019939395156075,0.9586515527394781,3.0
QDM_P_monthly,CESM2,500001,parametric,monthly,07,calibration,True,,False,monthly,07,1.0,2.2195064516129035,259,259,620,259,0,0,0,411.0,71.85580747779359,pearson3,1585.0598885647387,0.13385819110348546,0.00016536446422565538,3.0,pearson3,1474.8005861904069,0.039575040442200726,0.7968078682144252,3.0
QDM_P_monthly,CESM2,500001,parametric,monthly,07,validation,True,,False,monthly,07,1.0,2.2195064516129035,259,259,434,135,0,0,0,411.0,91.41706722028192,pearson3,1585.0598885647387,0.13385819110348546,0.00016536446422565538,3.0,pearson3,1474.8005861904069,0.039575040442200726,0.7968078682144252,3.0
QDM_P_monthly,CESM2,500001,parametric,monthly,08,calibration,True,,False,monthly,08,1.0,1.500245161290322,332,332,620,332,0,0,0,437.0,75.59516359780625,pearson3,2094.0606517525757,0.0826063597407789,0.020305063790752188,3.0,pearson3,1875.301383564461,0.09069041821304469,0.007946388004810859,3.0
QDM_P_monthly,CESM2,500001,parametric,monthly,08,validation,True,,False,monthly,08,1.0,1.500245161290322,332,332,434,227,0,0,0,437.0,109.61617399921704,pearson3,2094.0606517525757,0.0826063597407789,0.020305063790752188,3.0,pearson3,1875.301383564461,0.09069041821304469,0.007946388004810859,3.0
QDM_P_monthly,CESM2,500001,parametric,monthly,09,calibration,True,,False,monthly,09,1.0,3.0543533333333333,262,262,600,262,0,0,0,481.5,51.868690581723406,pearson3,1818.9179900930242,0.08659240157762993,0.03699398301638357,3.0,pearson3,1633.1410306883138,0.07486337693589212,0.10077236427673786,3.0
QDM_P_monthly,CESM2,500001,parametric,monthly,09,validation,True,,False,monthly,09,1.0,3.0543533333333333,262,262,420,220,0,0,0,481.5,69.12452634189296,pearson3,1818.9179900930242,0.08659240157762993,0.03699398301638357,3.0,pearson3,1633.1410306883138,0.07486337693589212,0.10077236427673786,3.0
QDM_P_monthly,CESM2,500001,parametric,monthly,10,calibration,True,,False,monthly,10,1.0,5.982677419354839,160,160,620,160,0,0,0,400.0,61.29451453649435,pearson3,994.3460418117925,0.077716065484709,0.27420080924017654,3.0,pearson3,980.4570769357782,0.06033206617370468,0.5837960260586742,3.0
QDM_P_monthly,CESM2,500001,parametric,monthly,10,validation,True,,False,monthly,10,1.0,5.982677419354839,160,160,434,107,0,0,0,400.0,58.324521685176926,pearson3,994.3460418117925,0.077716065484709,0.27420080924017654,3.0,pearson3,980.4570769357782,0.06033206617370468,0.5837960260586742,3.0
QDM_P_monthly,CESM2,500001,parametric,monthly,11,calibration,True,,False,monthly,11,1.0,14.19335,54,54,600,54,0,0,0,175.5,37.49288603200131,pearson3,315.39577568650236,0.09121608784800739,0.7254520974615344,3.0,pearson3,416.9535157183859,0.14513545930204708,0.18618805633692614,3.0
QDM_P_monthly,CESM2,500001,parametric,monthly,11,validation,True,,False,monthly,11,1.0,14.19335,54,54,420,59,0,0,0,175.5,47.66957280242685,pearson3,315.39577568650236,0.09121608784800739,0.7254520974615344,3.0,pearson3,416.9535157183859,0.14513545930204708,0.18618805633692614,3.0
QDM_P_monthly,CESM2,500001,parametric,monthly,12,calibration,False,"insufficient wet days obs=7, model=7",True,annual,all,1.0,6.869204838709667,7,7,620,61,0,0,0,650.0,60.143455224964185,,,,,,,,,,
QDM_P_monthly,CESM2,500001,parametric,monthly,12,validation,False,"insufficient wet days obs=7, model=7",True,annual,all,1.0,6.869204838709667,7,7,434,43,0,0,0,650.0,61.11024747590779,,,,,,,,,,
QDM_P_monthly,CESM2,500002,parametric,monthly,01,calibration,False,"insufficient wet days obs=9, model=9",True,annual,all,1.0,3.2767451612903193,9,9,620,3,0,0,0,,,,,,,,,,,,
QDM_P_monthly,CESM2,500002,parametric,monthly,01,validation,False,"insufficient wet days obs=9, model=9",True,annual,all,1.0,3.2767451612903193,9,9,434,0,0,0,0,,,,,,,,,,,,
QDM_P_monthly,CESM2,500002,parametric,monthly,02,calibration,False,"insufficient wet days obs=14, model=14",True,annual,all,1.0,1.6878999999999993,14,14,560,0,0,0,0,,,,,,,,,,,,
QDM_P_monthly,CESM2,500002,parametric,monthly,02,validation,False,"insufficient wet days obs=14, model=14",True,annual,all,1.0,1.6878999999999993,14,14,392,0,0,0,0,,,,,,,,,,,,
QDM_P_monthly,CESM2,500002,parametric,monthly,03,calibration,True,,False,monthly,03,1.0,0.5703064516129035,38,38,620,38,0,0,0,232.5,32.894060801929776,pearson3,225.26588138246987,0.15143273418974346,0.31559317419645216,3.0,pearson3,17.573274993194694,0.06480963442449594,0.9940783338534497,3.0
QDM_P_monthly,CESM2,500002,parametric,monthly,03,validation,True,,False,monthly,03,1.0,0.5703064516129035,38,38,434,43,0,0,0,232.5,91.81632137563979,pearson3,225.26588138246987,0.15143273418974346,0.31559317419645216,3.0,pearson3,17.573274993194694,0.06480963442449594,0.9940783338534497,3.0
QDM_P_monthly,CESM2,500002,parametric,monthly,04,calibration,True,,False,monthly,04,1.0,0.328,121,120,600,120,0,0,0,707.0,195.9992564139771,pearson3,909.2034473470238,0.04359190738034113,0.9679033673358094,3.0,pearson3,165.55840240524032,0.07469471740093603,0.49151217166068006,3.0
QDM_P_monthly,CESM2,500002,parametric,monthly,04,validation,True,,False,monthly,04,1.0,0.328,121,120,420,52,0,0,2,707.0,707.0,pearson3,909.2034473470238,0.04359190738034113,0.9679033673358094,3.0,pearson3,165.55840240524032,0.07469471740093603,0.49151217166068006,3.0
QDM_P_monthly,CESM2,500002,parametric,monthly,05,calibration,True,,False,monthly,05,1.0,1.3470854838709647,199,199,620,199,0,0,0,671.0,185.84568385987097,pearson3,1526.753577303418,0.039816978050921326,0.8979534025289143,3.0,pearson3,1099.4624049216395,0.04582206967706426,0.7799048259909422,3.0
QDM_P_monthly,CESM2,500002,parametric,monthly,05,validation,True,,False,monthly,05,1.0,1.3470854838709647,199,199,434,194,0,0,0,671.0,193.0270264951428,pearson3,1526.753577303418,0.039816978050921326,0.8979534025289143,3.0,pearson3,1099.4624049216395,0.04582206967706426,0.7799048259909422,3.0
QDM_P_monthly,CESM2,500002,parametric,monthly,06,calibration,True,,False,monthly,06,1.0,9.93928,188,188,600,188,0,0,0,577.0,66.86865452901638,pearson3,1295.8291512622118,0.0718404147740451,0.2731352098176838,3.0,pearson3,1295.1456500111926,0.06994266819031836,0.302354508272204,3.0
QDM_P_monthly,CESM2,500002,parametric,monthly,06,validation,True,,False,monthly,06,1.0,9.93928,188,188,420,134,0,0,0,577.0,46.53943031666874,pearson3,1295.8291512622118,0.0718404147740451,0.2731352098176838,3.0,pearson3,1295.1456500111926,0.06994266819031836,0.302354508272204,3.0
QDM_P_monthly,CESM2,500002,parametric,monthly,07,calibration,True,,False,monthly,07,1.0,6.769774193548387,275,275,620,275,0,0,0,592.5,117.92459172024294,pearson3,2073.764234366555,0.04474682270067465,0.6240869086685397,3.0,pearson3,1761.7833001101412,0.06157637727230164,0.23809621931407132,3.0
QDM_P_monthly,CESM2,500002,parametric,monthly,07,validation,True,,False,monthly,07,1.0,6.769774193548387,275,275,434,167,0,0,0,592.5,95.37870919058442,pearson3,2073.764234366555,0.04474682270067465,0.6240869086685397,3.0,pearson3,1761.7833001101412,0.06157637727230164,0.23809621931407132,3.0
QDM_P_monthly,CESM2,500002,parametric,monthly,08,calibration,True,,False,monthly,08,1.0,5.881898387096775,329,329,620,329,0,0,0,735.0,77.02726574548754,pearson3,2475.6997972264276,0.04862914185007161,0.4051205984304225,3.0,pearson3,2153.806720449435,0.04681181088648345,0.4530593290472815,3.0
QDM_P_monthly,CESM2,500002,parametric,monthly,08,validation,True,,False,monthly,08,1.0,5.881898387096775,329,329,434,212,0,0,0,735.0,69.97454117094706,pearson3,2475.6997972264276,0.04862914185007161,0.4051205984304225,3.0,pearson3,2153.806720449435,0.04681181088648345,0.4530593290472815,3.0
QDM_P_monthly,CESM2,500002,parametric,monthly,09,calibration,True,,False,monthly,09,1.0,7.358164999999998,249,249,600,249,0,0,0,485.5,96.4119334452677,pearson3,1787.188773462894,0.060355366320421544,0.31196895532372737,3.0,pearson3,1674.1980474457434,0.06750892775214912,0.1973593154315917,3.0
QDM_P_monthly,CESM2,500002,parametric,monthly,09,validation,True,,False,monthly,09,1.0,7.358164999999998,249,249,420,225,0,0,0,485.5,73.38869334287325,pearson3,1787.188773462894,0.060355366320421544,0.31196895532372737,3.0,pearson3,1674.1980474457434,0.06750892775214912,0.1973593154315917,3.0
QDM_P_monthly,CESM2,500002,parametric,monthly,10,calibration,True,,False,monthly,10,1.0,11.27061290322581,132,132,620,132,0,0,0,402.0,64.82116656123902,pearson3,900.6075661826135,0.0618882041948865,0.6693802226299923,3.0,pearson3,915.2938535412925,0.05540020281576685,0.7915431982759427,3.0
QDM_P_monthly,CESM2,500002,parametric,monthly,10,validation,True,,False,monthly,10,1.0,11.27061290322581,132,132,434,103,0,0,0,402.0,42.62291621414901,pearson3,900.6075661826135,0.0618882041948865,0.6693802226299923,3.0,pearson3,915.2938535412925,0.05540020281576685,0.7915431982759427,3.0
QDM_P_monthly,CESM2,500002,parametric,monthly,11,calibration,True,,False,monthly,11,1.0,19.40533333333326,50,50,600,50,0,0,0,364.0,71.02657623156124,pearson3,296.07845969496515,0.09702753238718426,0.6977922055402828,3.0,pearson3,365.0095560880611,0.09743354160270057,0.6929636611169097,3.0
QDM_P_monthly,CESM2,500002,parametric,monthly,11,validation,True,,False,monthly,11,1.0,19.40533333333326,50,50,420,47,0,0,0,364.0,52.75125621179588,pearson3,296.07845969496515,0.09702753238718426,0.6977922055402828,3.0,pearson3,365.0095560880611,0.09743354160270057,0.6929636611169097,3.0
QDM_P_monthly,CESM2,500002,parametric,monthly,12,calibration,False,"insufficient wet days obs=14, model=14",True,annual,all,1.0,6.320316129032251,14,14,620,13,0,0,0,,,,,,,,,,,,
QDM_P_monthly,CESM2,500002,parametric,monthly,12,validation,False,"insufficient wet days obs=14, model=14",True,annual,all,1.0,6.320316129032251,14,14,434,19,0,0,0,,,,,,,,,,,,
QDM_P_monthly,CESM2,500003,parametric,monthly,01,calibration,False,"insufficient wet days obs=9, model=9",True,annual,all,1.0,3.7599451612903207,9,9,620,9,0,0,0,,,,,,,,,,,,
QDM_P_monthly,CESM2,500003,parametric,monthly,01,validation,False,"insufficient wet days obs=9, model=9",True,annual,all,1.0,3.7599451612903207,9,9,434,2,0,0,0,,,,,,,,,,,,
QDM_P_monthly,CESM2,500003,parametric,monthly,02,calibration,False,"insufficient wet days obs=18, model=18",True,annual,all,1.0,1.7813857142857141,18,18,560,2,0,0,0,,,,,,,,,,,,
QDM_P_monthly,CESM2,500003,parametric,monthly,02,validation,False,"insufficient wet days obs=18, model=18",True,annual,all,1.0,1.7813857142857141,18,18,392,0,0,0,0,,,,,,,,,,,,
QDM_P_monthly,CESM2,500003,parametric,monthly,03,calibration,True,,False,monthly,03,1.0,0.8121822580645142,41,41,620,41,0,0,0,336.0,57.53807607401135,pearson3,258.38837166522626,0.09040771793335252,0.8610388455952271,3.0,pearson3,7.447506252312438,0.09879162278493192,0.7820457473713002,3.0
QDM_P_monthly,CESM2,500003,parametric,monthly,03,validation,True,,False,monthly,03,1.0,0.8121822580645142,41,41,434,35,0,0,0,336.0,224.0176168557521,pearson3,258.38837166522626,0.09040771793335252,0.8610388455952271,3.0,pearson3,7.447506252312438,0.09879162278493192,0.7820457473713002,3.0
QDM_P_monthly,CESM2,500003,parametric,monthly,04,calibration,True,,False,monthly,04,1.0,0.3319866666666667,148,148,600,148,0,0,0,381.5,61.05906300782255,pearson3,987.2057892378532,0.06724587437811358,0.49399095514820446,3.0,genextreme,131.51717608325967,0.08809987094591254,0.18929591737586593,3.0
QDM_P_monthly,CESM2,500003,parametric,monthly,04,validation,True,,False,monthly,04,1.0,0.3319866666666667,148,148,420,73,0,0,0,381.5,106.11897536705267,pearson3,987.2057892378532,0.06724587437811358,0.49399095514820446,3.0,genextreme,131.51717608325967,0.08809987094591254,0.18929591737586593,3.0
QDM_P_monthly,CESM2,500003,parametric,monthly,05,calibration,True,,False,monthly,05,1.0,0.364,244,243,620,243,0,0,0,615.0,138.45025700624785,pearson3,1662.433533608084,0.07673452490731891,0.10722684345066358,3.0,pearson3,1007.0782978113281,0.10018051949842127,0.014152938363552971,3.0
QDM_P_monthly,CESM2,500003,parametric,monthly,05,validation,True,,False,monthly,05,1.0,0.364,244,243,434,216,0,0,0,615.0,197.22936826187342,pearson3,1662.433533608084,0.07673452490731891,0.10722684345066358,3.0,pearson3,1007.0782978113281,0.10018051949842127,0.014152938363552971,3.0
QDM_P_monthly,CESM2,500003,parametric,monthly,06,calibration,True,,False,monthly,06,1.0,6.270553333333334,212,212,600,212,0,0,0,314.0,52.06465631428646,pearson3,1233.175805072156,0.0709887203502681,0.22481503128994962,3.0,pearson3,1341.739802072355,0.05144598393949473,0.6100590174811983,3.0
QDM_P_monthly,CESM2,500003,parametric,monthly,06,validation,True,,False,monthly,06,1.0,6.270553333333334,212,212,420,129,0,0,0,314.0,41.86282807913609,pearson3,1233.175805072156,0.0709887203502681,0.22481503128994962,3.0,pearson3,1341.739802072355,0.05144598393949473,0.6100590174811983,3.0
QDM_P_monthly,CESM2,500003,parametric,monthly,07,calibration,True,,False,monthly,07,1.0,3.8800967741935466,265,265,620,265,0,0,0,785.0,59.22453626422686,pearson3,1790.7323854342021,0.07150556342001091,0.12674881910035618,3.0,pearson3,1628.3205902327752,0.04591662287085718,0.6146588179667387,3.0
QDM_P_monthly,CESM2,500003,parametric,monthly,07,validation,True,,False,monthly,07,1.0,3.8800967741935466,265,265,434,150,0,0,0,785.0,69.83987175676174,pearson3,1790.7323854342021,0.07150556342001091,0.12674881910035618,3.0,pearson3,1628.3205902327752,0.04591662287085718,0.6146588179667387,3.0
QDM_P_monthly,CESM2,500003,parametric,monthly,08,calibration,True,,False,monthly,08,1.0,2.988225806451612,320,320,620,320,0,0,0,906.5,71.59788362927145,pearson3,2102.680656522914,0.04510364368592634,0.5183897929750483,3.0,pearson3,2021.566651031404,0.0586904344336614,0.2118536350166692,3.0
QDM_P_monthly,CESM2,500003,parametric,monthly,08,validation,True,,False,monthly,08,1.0,2.988225806451612,320,320,434,218,0,0,0,906.5,82.91293234610113,pearson3,2102.680656522914,0.04510364368592634,0.5183897929750483,3.0,pearson3,2021.566651031404,0.0586904344336614,0.2118536350166692,3.0
QDM_P_monthly,CESM2,500003,parametric,monthly,09,calibration,True,,False,monthly,09,1.0,4.203200000000001,270,270,600,270,0,0,0,645.0,57.964970144930284,pearson3,1830.9572704630727,0.0772831454055386,0.07536742494666437,3.0,pearson3,1755.3580791860682,0.06185818694736461,0.2426299319847216,3.0
QDM_P_monthly,CESM2,500003,parametric,monthly,09,validation,True,,False,monthly,09,1.0,4.203200000000001,270,270,420,235,0,0,0,645.0,66.25922222281667,pearson3,1830.9572704630727,0.0772831454055386,0.07536742494666437,3.0,pearson3,1755.3580791860682,0.06185818694736461,0.2426299319847216,3.0
QDM_P_monthly,CESM2,500003,parametric,monthly,10,calibration,True,,False,monthly,10,1.0,6.6125870967741935,182,182,620,182,0,0,0,491.0,61.29319408073055,pearson3,1012.400989007257,0.08563550449936502,0.13071032945458871,3.0,pearson3,1147.9219625537914,0.04109331595312948,0.9057272393472905,3.0
QDM_P_monthly,CESM2,500003,parametric,monthly,10,validation,True,,False,monthly,10,1.0,6.6125870967741935,182,182,434,140,0,0,0,491.0,51.21300228840674,pearson3,1012.400989007257,0.08563550449936502,0.13071032945458871,3.0,pearson3,1147.9219625537914,0.04109331595312948,0.9057272393472905,3.0
QDM_P_monthly,CESM2,500003,parametric,monthly,11,calibration,True,,False,monthly,11,1.0,14.639690000000005,58,58,600,58,0,0,0,462.0,63.49547411888167,genextreme,386.0122882735154,0.09325318818689987,0.6595846362984237,3.0,pearson3,427.8604196556215,0.09636013190524856,0.6195714786397041,3.0
QDM_P_monthly,CESM2,500003,parametric,monthly,11,validation,True,,False,monthly,11,1.0,14.639690000000005,58,58,420,66,0,0,0,462.0,257.67515417190623,genextreme,386.0122882735154,0.09325318818689987,0.6595846362984237,3.0,pearson3,427.8604196556215,0.09636013190524856,0.6195714786397041,3.0
QDM_P_monthly,CESM2,500003,parametric,monthly,12,calibration,False,"insufficient wet days obs=13, model=13",True,annual,all,1.0,4.963641935483869,13,13,620,25,0,0,0,,,,,,,,,,,,
QDM_P_monthly,CESM2,500003,parametric,monthly,12,validation,False,"insufficient wet days obs=13, model=13",True,annual,all,1.0,4.963641935483869,13,13,434,31,0,0,0,906.5,40.55552033422015,,,,,,,,,,
QDM_P_monthly,CESM2,500004,parametric,monthly,01,calibration,False,"insufficient wet days obs=9, model=9",True,annual,all,1.0,3.7599451612903207,9,9,620,6,0,0,0,,,,,,,,,,,,
QDM_P_monthly,CESM2,500004,parametric,monthly,01,validation,False,"insufficient wet days obs=9, model=9",True,annual,all,1.0,3.7599451612903207,9,9,434,1,0,0,0,,,,,,,,,,,,
QDM_P_monthly,CESM2,500004,parametric,monthly,02,calibration,False,"insufficient wet days obs=22, model=22",True,annual,all,1.0,1.7031964285714287,22,22,560,2,0,0,0,,,,,,,,,,,,
QDM_P_monthly,CESM2,500004,parametric,monthly,02,validation,False,"insufficient wet days obs=22, model=22",True,annual,all,1.0,1.7031964285714287,22,22,392,0,0,0,0,,,,,,,,,,,,
QDM_P_monthly,CESM2,500004,parametric,monthly,03,calibration,True,,False,monthly,03,1.0,0.8823129032258052,37,37,620,37,0,0,0,295.0,30.109197251279525,pearson3,-34.42097081625464,0.21621619770241735,0.0535212196075503,3.0,pearson3,-3.0830899373541047,0.11136077062300515,0.7069272130591384,3.0
QDM_P_monthly,CESM2,500004,parametric,monthly,03,validation,True,,False,monthly,03,1.0,0.8823129032258052,37,37,434,33,0,0,0,295.0,105.40454560807142,pearson3,-34.42097081625464,0.21621619770241735,0.0535212196075503,3.0,pearson3,-3.0830899373541047,0.11136077062300515,0.7069272130591384,3.0
QDM_P_monthly,CESM2,500004,parametric,monthly,04,calibration,True,,False,monthly,04,1.0,0.3618466666666666,127,127,600,127,0,0,0,467.5,42.268914915056406,pearson3,732.0506790431169,0.11811023622042809,0.053183421156722255,3.0,genextreme,157.86936512293954,0.09325121424587485,0.2061163463305854,3.0
QDM_P_monthly,CESM2,500004,parametric,monthly,04,validation,True,,False,monthly,04,1.0,0.3618466666666666,127,127,420,59,0,0,0,467.5,46.02251092622653,pearson3,732.0506790431169,0.11811023622042809,0.053183421156722255,3.0,genextreme,157.86936512293954,0.09325121424587485,0.2061163463305854,3.0
QDM_P_monthly,CESM2,500004,parametric,monthly,05,calibration,True,,False,monthly,05,1.0,0.4885483870967738,220,220,620,220,0,0,0,446.5,261.5011469618625,pearson3,1255.9916706150366,0.07727272723053734,0.13712592412893132,3.0,pearson3,984.2693891749423,0.07905170599783518,0.12117458260585323,3.0
QDM_P_monthly,CESM2,500004,parametric,monthly,05,validation,True,,False,monthly,05,1.0,0.4885483870967738,220,220,434,199,0,1,0,446.5,325.1841597990801,pearson3,1255.9916706150366,0.07727272723053734,0.13712592412893132,3.0,pearson3,984.2693891749423,0.07905170599783518,0.12117458260585323,3.0
QDM_P_monthly,CESM2,500004,parametric,monthly,06,calibration,True,,False,monthly,06,1.0,7.704799999999996,180,180,600,180,0,0,0,247.0,26.60319691125101,pearson3,961.0868301098924,0.1858599405618545,6.46282259711877e-06,3.0,pearson3,1135.144988861551,0.0693221849391385,0.3370269492888065,3.0
QDM_P_monthly,CESM2,500004,parametric,monthly,06,validation,True,,False,monthly,06,1.0,7.704799999999996,180,180,420,102,0,0,0,247.0,21.261351312859833,pearson3,961.0868301098924,0.1858599405618545,6.46282259711877e-06,3.0,pearson3,1135.144988861551,0.0693221849391385,0.3370269492888065,3.0
QDM_P_monthly,CESM2,500004,parametric,monthly,07,calibration,True,,False,monthly,07,1.0,3.9219161290322573,262,262,620,262,0,0,0,492.5,65.68978770263638,pearson3,917.2475815848586,0.11450381618545027,0.0018960395404951271,3.0,pearson3,1617.0497796983382,0.039020808188133235,0.804988316969655,3.0
QDM_P_monthly,CESM2,500004,parametric,monthly,07,validation,True,,False,monthly,07,1.0,3.9219161290322573,262,262,434,150,0,0,0,492.5,77.63774554485038,pearson3,917.2475815848586,0.11450381618545027,0.0018960395404951271,3.0,pearson3,1617.0497796983382,0.039020808188133235,0.804988316969655,3.0
QDM_P_monthly,CESM2,500004,parametric,monthly,08,calibration,True,,False,monthly,08,1.0,3.870700000000003,279,279,620,279,0,0,0,526.0,51.9933767584855,pearson3,1544.3283054686506,0.1167327093612831,0.0009067268895901208,3.0,pearson3,1777.568196009271,0.051897166219388335,0.4257406807611457,3.0
QDM_P_monthly,CESM2,500004,parametric,monthly,08,validation,True,,False,monthly,08,1.0,3.870700000000003,279,279,434,196,0,0,0,526.0,59.92275491919541,pearson3,1544.3283054686506,0.1167327093612831,0.0009067268895901208,3.0,pearson3,1777.568196009271,0.051897166219388335,0.4257406807611457,3.0
QDM_P_monthly,CESM2,500004,parametric,monthly,09,calibration,True,,False,monthly,09,1.0,4.689026666666664,256,256,600,256,0,0,0,536.0,78.47606428194234,pearson3,1227.4509555122736,0.08984374967870434,0.03009111222721894,3.0,pearson3,1659.8086992203123,0.05975240541358168,0.30782234860011226,3.0
QDM_P_monthly,CESM2,500004,parametric,monthly,09,validation,True,,False,monthly,09,1.0,4.689026666666664,256,256,420,221,0,0,0,536.0,89.94483543221808,pearson3,1227.4509555122736,0.08984374967870434,0.03009111222721894,3.0,pearson3,1659.8086992203123,0.05975240541358168,0.30782234860011226,3.0
QDM_P_monthly,CESM2,500004,parametric,monthly,10,calibration,True,,False,monthly,10,1.0,7.42975,155,155,620,155,0,0,0,396.5,71.18406890243158,pearson3,779.1614627361853,0.10322580644844909,0.06841182322040862,3.0,pearson3,1001.1187189706379,0.052105805433361074,0.7739666015374543,3.0
QDM_P_monthly,CESM2,500004,parametric,monthly,10,validation,True,,False,monthly,10,1.0,7.42975,155,155,434,113,0,0,0,396.5,58.460520076538174,pearson3,779.1614627361853,0.10322580644844909,0.06841182322040862,3.0,pearson3,1001.1187189706379,0.052105805433361074,0.7739666015374543,3.0
QDM_P_monthly,CESM2,500004,parametric,monthly,11,calibration,True,,False,monthly,11,1.0,14.829985000000008,57,57,600,57,0,0,0,472.0,24.010876286942246,pearson3,354.0977131028237,0.1260736928175185,0.2995080674048721,3.0,pearson3,421.15224863082153,0.05884711842686685,0.9824905160722085,3.0
QDM_P_monthly,CESM2,500004,parametric,monthly,11,validation,True,,False,monthly,11,1.0,14.829985000000008,57,57,420,64,0,0,0,472.0,44.665648666418406,pearson3,354.0977131028237,0.1260736928175185,0.2995080674048721,3.0,pearson3,421.15224863082153,0.05884711842686685,0.9824905160722085,3.0
QDM_P_monthly,CESM2,500004,parametric,monthly,12,calibration,False,"insufficient wet days obs=9, model=9",True,annual,all,1.0,6.0620290322580646,9,9,620,19,0,0,0,,,,,,,,,,,,
QDM_P_monthly,CESM2,500004,parametric,monthly,12,validation,False,"insufficient wet days obs=9, model=9",True,annual,all,1.0,6.0620290322580646,9,9,434,22,0,0,0,,,,,,,,,,,,
QDM_P_monthly,CESM2,500005,parametric,monthly,01,calibration,True,,False,monthly,01,1.0,2.247,36,35,620,35,0,0,0,47.5,6.506757777023863,pearson3,7.424796633902806,0.1829258406439631,0.1584303122651325,3.0,pearson3,90.36032358154925,0.17439943545327924,0.21123526713052865,3.0
QDM_P_monthly,CESM2,500005,parametric,monthly,01,validation,True,,False,monthly,01,1.0,2.247,36,35,434,10,0,0,0,,,pearson3,7.424796633902806,0.1829258406439631,0.1584303122651325,3.0,pearson3,90.36032358154925,0.17439943545327924,0.21123526713052865,3.0
QDM_P_monthly,CESM2,500005,parametric,monthly,02,calibration,True,,False,monthly,02,1.0,1.0788571428571432,60,60,560,60,0,0,0,52.0,13.0609803082897,pearson3,114.61359049686973,0.08333333333236524,0.767579593368678,3.0,pearson3,72.44046052317235,0.06650773119332773,0.9373397528786525,3.0
QDM_P_monthly,CESM2,500005,parametric,monthly,02,validation,True,,False,monthly,02,1.0,1.0788571428571432,60,60,392,17,0,0,0,,,pearson3,114.61359049686973,0.08333333333236524,0.767579593368678,3.0,pearson3,72.44046052317235,0.06650773119332773,0.9373397528786525,3.0
QDM_P_monthly,CESM2,500005,parametric,monthly,03,calibration,True,,False,monthly,03,1.0,0.33,132,130,620,130,0,0,0,161.5,25.642544368219994,pearson3,332.25711501282296,0.11847531201220018,0.045180313722372745,3.0,pearson3,25.52437080629184,0.1387823782863411,0.012027016835396531,3.0
QDM_P_monthly,CESM2,500005,parametric,monthly,03,validation,True,,False,monthly,03,1.0,0.33,132,130,434,93,0,0,0,161.5,91.44887423566084,pearson3,332.25711501282296,0.11847531201220018,0.045180313722372745,3.0,pearson3,25.52437080629184,0.1387823782863411,0.012027016835396531,3.0
QDM_P_monthly,CESM2,500005,parametric,monthly,04,calibration,True,,False,monthly,04,1.0,0.19045666666666666,274,274,600,274,0,0,0,195.0,21.595193910990194,pearson3,1060.23846818694,0.10367855347193142,0.005112288631386763,3.0,genextreme,11.68672328855638,0.03278332533956524,0.9204826836668076,3.0
QDM_P_monthly,CESM2,500005,parametric,monthly,04,validation,True,,False,monthly,04,1.0,0.19045666666666666,274,274,420,178,0,0,0,195.0,23.185293151779707,pearson3,1060.23846818694,0.10367855347193142,0.005112288631386763,3.0,genextreme,11.68672328855638,0.03278332533956524,0.9204826836668076,3.0
QDM_P_monthly,CESM2,500005,parametric,monthly,05,calibration,True,,False,monthly,05,1.0,0.013859677419354868,533,533,620,533,0,0,0,210.0,34.96913803381505,pearson3,2713.5878380809604,0.05463243400755924,0.07999100249834168,3.0,lognorm,1208.6293562527214,0.09807196534220952,6.487460475452928e-05,2.0
QDM_P_monthly,CESM2,500005,parametric,monthly,05,validation,True,,False,monthly,05,1.0,0.013859677419354868,533,533,434,379,0,0,0,210.0,58.575721164976116,pearson3,2713.5878380809604,0.05463243400755924,0.07999100249834168,3.0,lognorm,1208.6293562527214,0.09807196534220952,6.487460475452928e-05,2.0
QDM_P_monthly,CESM2,500005,parametric,monthly,06,calibration,True,,False,monthly,06,1.0,0.056786666666666694,536,536,600,536,0,0,0,120.5,25.947292270137357,pearson3,2372.6299599908493,0.05054643890478894,0.12491418945220611,3.0,pearson3,3104.580754411745,0.048049663045603846,0.16288976492391516,3.0
QDM_P_monthly,CESM2,500005,parametric,monthly,06,validation,True,,False,monthly,06,1.0,0.056786666666666694,536,536,420,376,0,0,0,120.5,21.331529470658396,pearson3,2372.6299599908493,0.05054643890478894,0.12491418945220611,3.0,pearson3,3104.580754411745,0.048049663045603846,0.16288976492391516,3.0
QDM_P_monthly,CESM2,500005,parametric,monthly,07,calibration,True,,False,monthly,07,1.0,0.030938709677419348,582,582,620,582,0,0,0,193.0,33.32998676444094,pearson3,2730.091758320685,0.041049490854967896,0.27303068491613847,3.0,pearson3,3184.6683563321812,0.06461243788961113,0.014815764019850842,3.0
QDM_P_monthly,CESM2,500005,parametric,monthly,07,validation,True,,False,monthly,07,1.0,0.030938709677419348,582,582,434,382,0,0,0,193.0,37.86411110960891,pearson3,2730.091758320685,0.041049490854967896,0.27303068491613847,3.0,pearson3,3184.6683563321812,0.06461243788961113,0.014815764019850842,3.0
QDM_P_monthly,CESM2,500005,parametric,monthly,08,calibration,True,,False,monthly,08,1.0,0.04269354838709673,601,601,620,601,0,0,0,241.5,39.74829871749529,pearson3,3198.903118543283,0.039940934796423355,0.28539032994722635,3.0,pearson3,3405.6322777618,0.05538381430131201,0.04822182006217812,3.0
QDM_P_monthly,CESM2,500005,parametric,monthly,08,validation,True,,False,monthly,08,1.0,0.04269354838709673,601,601,434,411,0,0,0,241.5,45.037577755394466,pearson3,3198.903118543283,0.039940934796423355,0.28539032994722635,3.0,pearson3,3405.6322777618,0.05538381430131201,0.04822182006217812,3.0
QDM_P_monthly,CESM2,500005,parametric,monthly,09,calibration,True,,False,monthly,09,1.0,0.12074999999999986,575,575,600,575,0,0,0,235.5,35.788310597602226,pearson3,3204.661833336111,0.03825427314153468,0.3602036522697428,3.0,pearson3,3358.1387392935635,0.0353964851915346,0.4567912716736586,3.0
QDM_P_monthly,CESM2,500005,parametric,monthly,09,validation,True,,False,monthly,09,1.0,0.12074999999999986,575,575,420,405,0,0,0,235.5,42.02732307484464,pearson3,3204.661833336111,0.03825427314153468,0.3602036522697428,3.0,pearson3,3358.1387392935635,0.0353964851915346,0.4567912716736586,3.0
QDM_P_monthly,CESM2,500005,parametric,monthly,10,calibration,True,,False,monthly,10,1.0,0.6079290322580647,513,513,620,513,0,0,0,175.5,35.38819060890729,pearson3,2466.388536965543,0.08706019940418186,0.0007838189454517997,3.0,pearson3,2981.6323186241134,0.050886071407613476,0.13557934003615846,3.0
QDM_P_monthly,CESM2,500005,parametric,monthly,10,validation,True,,False,monthly,10,1.0,0.6079290322580647,513,513,434,384,0,0,0,175.5,29.57820660480122,pearson3,2466.388536965543,0.08706019940418186,0.0007838189454517997,3.0,pearson3,2981.6323186241134,0.050886071407613476,0.13557934003615846,3.0
QDM_P_monthly,CESM2,500005,parametric,monthly,11,calibration,True,,False,monthly,11,1.0,3.3347066666666665,256,256,600,256,0,0,0,200.5,16.2301875379308,pearson3,916.8083141211491,0.0803209073336344,0.06956188226623528,3.0,pearson3,1544.2851957729565,0.05908753838242156,0.32052862898992873,3.0
QDM_P_monthly,CESM2,500005,parametric,monthly,11,validation,True,,False,monthly,11,1.0,3.3347066666666665,256,256,420,226,0,0,0,200.5,26.445345460472282,pearson3,916.8083141211491,0.0803209073336344,0.06956188226623528,3.0,pearson3,1544.2851957729565,0.05908753838242156,0.32052862898992873,3.0
QDM_P_monthly,CESM2,500005,parametric,monthly,12,calibration,True,,False,monthly,12,1.0,2.230266129032258,75,75,620,75,0,0,0,168.0,23.252729314594806,pearson3,92.94067429207652,0.10211535387616594,0.388531691763802,3.0,pearson3,234.95625368977878,0.14142361046301777,0.09015312379500728,3.0
QDM_P_monthly,CESM2,500005,parametric,monthly,12,validation,True,,False,monthly,12,1.0,2.230266129032258,75,75,434,74,0,0,0,168.0,11.947758954566941,pearson3,92.94067429207652,0.10211535387616594,0.388531691763802,3.0,pearson3,234.95625368977878,0.14142361046301777,0.09015312379500728,3.0
QDM_P_monthly,CESM2,500006,parametric,monthly,01,calibration,True,,False,monthly,01,1.0,2.0783548387096817,40,40,620,40,0,0,0,45.0,7.0741457143715785,pearson3,-82.40263279193104,0.17499999959549595,0.15292946913785022,3.0,pearson3,96.61678764912946,0.11471411214677085,0.6270435495816977,3.0
QDM_P_monthly,CESM2,500006,parametric,monthly,01,validation,True,,False,monthly,01,1.0,2.0783548387096817,40,40,434,10,0,0,0,,,pearson3,-82.40263279193104,0.17499999959549595,0.15292946913785022,3.0,pearson3,96.61678764912946,0.11471411214677085,0.6270435495816977,3.0
QDM_P_monthly,CESM2,500006,parametric,monthly,02,calibration,True,,False,monthly,02,1.0,1.0690892857142853,61,61,560,61,0,0,0,48.0,11.82195015607118,pearson3,196.20050527994673,0.08247626146824455,0.7699628142338781,3.0,pearson3,70.0304677131985,0.05793499355017881,0.9792786963610525,3.0
QDM_P_monthly,CESM2,500006,parametric,monthly,02,validation,True,,False,monthly,02,1.0,1.0690892857142853,61,61,392,17,0,0,0,,,pearson3,196.20050527994673,0.08247626146824455,0.7699628142338781,3.0,pearson3,70.0304677131985,0.05793499355017881,0.9792786963610525,3.0
QDM_P_monthly,CESM2,500006,parametric,monthly,03,calibration,True,,False,monthly,03,1.0,0.3238709677419354,135,135,620,135,0,0,0,150.5,10.342808766711329,pearson3,481.1557377285637,0.054449585674938794,0.7977234027104817,3.0,pearson3,-31.724254554990353,0.0775721078611814,0.3718589305024216,3.0
QDM_P_monthly,CESM2,500006,parametric,monthly,03,validation,True,,False,monthly,03,1.0,0.3238709677419354,135,135,434,96,0,0,0,150.5,35.52700931478352,pearson3,481.1557377285637,0.054449585674938794,0.7977234027104817,3.0,pearson3,-31.724254554990353,0.0775721078611814,0.3718589305024216,3.0
QDM_P_monthly,CESM2,500006,parametric,monthly,04,calibration,True,,False,monthly,04,1.0,0.1824733333333333,284,284,600,284,0,0,0,171.0,111.8695328055164,pearson3,1151.9929682049542,0.045774647886759216,0.575234329841092,3.0,pearson3,-16.32787244425566,0.15049795084631523,4.4251630975717895e-06,3.0
QDM_P_monthly,CESM2,500006,parametric,monthly,04,validation,True,,False,monthly,04,1.0,0.1824733333333333,284,284,420,187,0,1,0,171.0,121.51913524452468,pearson3,1151.9929682049542,0.045774647886759216,0.575234329841092,3.0,pearson3,-16.32787244425566,0.15049795084631523,4.4251630975717895e-06,3.0
QDM_P_monthly,CESM2,500006,parametric,monthly,05,calibration,True,,False,monthly,05,1.0,0.012,536,534,620,534,0,0,0,230.5,33.62125688648837,pearson3,2756.1033565849766,0.05781994049048722,0.053371404322294036,3.0,lognorm,1207.347769913334,0.09717761890644461,7.678372923180148e-05,2.0
QDM_P_monthly,CESM2,500006,parametric,monthly,05,validation,True,,False,monthly,05,1.0,0.012,536,534,434,379,0,0,0,230.5,56.19142237948938,pearson3,2756.1033565849766,0.05781994049048722,0.053371404322294036,3.0,lognorm,1207.347769913334,0.09717761890644461,7.678372923180148e-05,2.0
QDM_P_monthly,CESM2,500006,parametric,monthly,06,calibration,True,,False,monthly,06,1.0,0.0465083333333335,541,541,600,541,0,0,0,121.5,21.678027217667022,pearson3,2452.0779216940787,0.040816859098591673,0.31958307072879166,3.0,pearson3,3090.8212930842574,0.04966918998077968,0.13399235477199545,3.0
QDM_P_monthly,CESM2,500006,parametric,monthly,06,validation,True,,False,monthly,06,1.0,0.0465083333333335,541,541,420,379,0,0,0,121.5,17.614131291919648,pearson3,2452.0779216940787,0.040816859098591673,0.31958307072879166,3.0,pearson3,3090.8212930842574,0.04966918998077968,0.13399235477199545,3.0
QDM_P_monthly,CESM2,500006,parametric,monthly,07,calibration,True,,False,monthly,07,1.0,0.025,585,584,620,584,0,0,0,181.5,31.48501938676118,pearson3,2872.628972061516,0.03593117428945791,0.42689361377335056,3.0,pearson3,3200.3383210525235,0.05410932218571607,0.0630643702501078,3.0
QDM_P_monthly,CESM2,500006,parametric,monthly,07,validation,True,,False,monthly,07,1.0,0.025,585,584,434,383,0,0,0,181.5,35.35593403975603,pearson3,2872.628972061516,0.03593117428945791,0.42689361377335056,3.0,pearson3,3200.3383210525235,0.05410932218571607,0.0630643702501078,3.0
QDM_P_monthly,CESM2,500006,parametric,monthly,08,calibration,True,,False,monthly,08,1.0,0.029753225806451837,603,603,620,603,0,0,0,217.0,36.278104657213646,pearson3,3208.159944729687,0.03730988937765378,0.3618830940487461,3.0,pearson3,3418.7057096481053,0.0553796905013505,0.04765980554679894,3.0
QDM_P_monthly,CESM2,500006,parametric,monthly,08,validation,True,,False,monthly,08,1.0,0.029753225806451837,603,603,434,413,0,0,0,217.0,41.312237127482454,pearson3,3208.159944729687,0.03730988937765378,0.3618830940487461,3.0,pearson3,3418.7057096481053,0.0553796905013505,0.04765980554679894,3.0
QDM_P_monthly,CESM2,500006,parametric,monthly,09,calibration,True,,False,monthly,09,1.0,0.08658000000000023,582,582,600,582,0,0,0,214.0,34.94784216635753,pearson3,3225.8725142494022,0.04271835919947137,0.23198505803649683,3.0,pearson3,3391.8533217108475,0.03259127383872973,0.5554860803538335,3.0
QDM_P_monthly,CESM2,500006,parametric,monthly,09,validation,True,,False,monthly,09,1.0,0.08658000000000023,582,582,420,408,0,0,0,214.0,39.545259126609906,pearson3,3225.8725142494022,0.04271835919947137,0.23198505803649683,3.0,pearson3,3391.8533217108475,0.03259127383872973,0.5554860803538335,3.0
QDM_P_monthly,CESM2,500006,parametric,monthly,10,calibration,True,,False,monthly,10,1.0,0.5128435483870968,523,523,620,523,0,0,0,170.5,36.11376469456768,pearson3,2517.5739897662597,0.09059362091553883,0.00034769346055557815,3.0,pearson3,3032.3623150066132,0.04894230438274694,0.15790072001724054,3.0
QDM_P_monthly,CESM2,500006,parametric,monthly,10,validation,True,,False,monthly,10,1.0,0.5128435483870968,523,523,434,391,0,0,0,170.5,30.22276533503272,pearson3,2517.5739897662597,0.09059362091553883,0.00034769346055557815,3.0,pearson3,3032.3623150066132,0.04894230438274694,0.15790072001724054,3.0
QDM_P_monthly,CESM2,500006,parametric,monthly,11,calibration,True,,False,monthly,11,1.0,3.1651466666666663,268,268,600,268,0,0,0,176.5,15.18076163043285,pearson3,877.7331662940553,0.06716417910335874,0.17022991218843664,3.0,pearson3,1598.3290003885065,0.1122548439337091,0.002134393352520023,3.0
QDM_P_monthly,CESM2,500006,parametric,monthly,11,validation,True,,False,monthly,11,1.0,3.1651466666666663,268,268,420,237,0,0,0,176.5,24.069835431924634,pearson3,877.7331662940553,0.06716417910335874,0.17022991218843664,3.0,pearson3,1598.3290003885065,0.1122548439337091,0.002134393352520023,3.0
QDM_P_monthly,CESM2,500006,parametric,monthly,12,calibration,True,,False,monthly,12,1.0,2.1450451612903225,81,81,620,81,0,0,0,147.5,37.28491955011098,pearson3,-42.23101366981964,0.12998256287363397,0.11837671987012233,3.0,pearson3,256.1508158145453,0.14028468321978693,0.07470269195584789,3.0
QDM_P_monthly,CESM2,500006,parametric,monthly,12,validation,True,,False,monthly,12,1.0,2.1450451612903225,81,81,434,78,0,0,0,147.5,17.768758726730496,pearson3,-42.23101366981964,0.12998256287363397,0.11837671987012233,3.0,pearson3,256.1508158145453,0.14028468321978693,0.07470269195584789,3.0
QDM_P_monthly,CESM2,500007,parametric,monthly,01,calibration,True,,False,monthly,01,1.0,2.18023709677419,37,37,620,37,0,0,0,213.0,21.4516175538559,pearson3,168.4446949987481,0.11466364736560175,0.6730438713987091,3.0,pearson3,60.4698502172553,0.13446675723444135,0.4746386886789151,3.0
QDM_P_monthly,CESM2,500007,parametric,monthly,01,validation,True,,False,monthly,01,1.0,2.18023709677419,37,37,434,10,0,0,0,,,pearson3,168.4446949987481,0.11466364736560175,0.6730438713987091,3.0,pearson3,60.4698502172553,0.13446675723444135,0.4746386886789151,3.0
QDM_P_monthly,CESM2,500007,parametric,monthly,02,calibration,True,,False,monthly,02,1.0,1.0528821428571424,62,62,560,62,0,0,0,110.0,26.668534608665507,pearson3,285.9895993150542,0.12368259251070968,0.27567803408923675,3.0,pearson3,70.2261949720958,0.05300343597137766,0.9912381014121703,3.0
QDM_P_monthly,CESM2,500007,parametric,monthly,02,validation,True,,False,monthly,02,1.0,1.0528821428571424,62,62,392,18,0,0,0,,,pearson3,285.9895993150542,0.12368259251070968,0.27567803408923675,3.0,pearson3,70.2261949720958,0.05300343597137766,0.9912381014121703,3.0
QDM_P_monthly,CESM2,500007,parametric,monthly,03,calibration,True,,False,monthly,03,1.0,0.3523709677419354,115,115,620,115,0,0,0,206.0,31.416262222716163,pearson3,411.1466651575097,0.0941840638196651,0.24369974456592436,3.0,pearson3,32.368707231494405,0.09258738047483728,0.26120878957097904,3.0
QDM_P_monthly,CESM2,500007,parametric,monthly,03,validation,True,,False,monthly,03,1.0,0.3523709677419354,115,115,434,85,0,0,0,206.0,114.99755512615968,pearson3,411.1466651575097,0.0941840638196651,0.24369974456592436,3.0,pearson3,32.368707231494405,0.09258738047483728,0.26120878957097904,3.0
QDM_P_monthly,CESM2,500007,parametric,monthly,04,calibration,True,,False,monthly,04,1.0,0.20642333333333335,254,254,600,254,0,0,0,194.0,21.094632970965044,pearson3,929.5056531180101,0.08060439167008715,0.06973121516957159,3.0,genextreme,28.80215036594865,0.03644044861463658,0.8762214156381032,3.0
QDM_P_monthly,CESM2,500007,parametric,monthly,04,validation,True,,False,monthly,04,1.0,0.20642333333333335,254,254,420,163,0,0,0,194.0,28.229259512654313,pearson3,929.5056531180101,0.08060439167008715,0.06973121516957159,3.0,genextreme,28.80215036594865,0.03644044861463658,0.8762214156381032,3.0
QDM_P_monthly,CESM2,500007,parametric,monthly,05,calibration,True,,False,monthly,05,1.0,0.04857419354838709,488,488,620,488,0,0,0,578.0,15.176712116274963,pearson3,2270.385172747312,0.08925225940357351,0.0007836574498953127,3.0,genextreme,1179.4463129358887,0.054681889388246474,0.1040973796367276,3.0
QDM_P_monthly,CESM2,500007,parametric,monthly,05,validation,True,,False,monthly,05,1.0,0.04857419354838709,488,488,434,351,0,0,0,578.0,27.96812263455421,pearson3,2270.385172747312,0.08925225940357351,0.0007836574498953127,3.0,genextreme,1179.4463129358887,0.054681889388246474,0.1040973796367276,3.0
QDM_P_monthly,CESM2,500007,parametric,monthly,06,calibration,True,,False,monthly,06,1.0,0.23843000000000056,498,498,600,498,0,0,0,112.5,26.997665301179218,pearson3,2026.6102267878377,0.037530955638952535,0.4731002992920036,3.0,pearson3,2963.4643918560514,0.04911898044206087,0.17490419129390533,3.0
QDM_P_monthly,CESM2,500007,parametric,monthly,06,validation,True,,False,monthly,06,1.0,0.23843000000000056,498,498,420,353,0,0,0,112.5,22.422048339662755,pearson3,2026.6102267878377,0.037530955638952535,0.4731002992920036,3.0,pearson3,2963.4643918560514,0.04911898044206087,0.17490419129390533,3.0
QDM_P_monthly,CESM2,500007,parametric,monthly,07,calibration,True,,False,monthly,07,1.0,0.2708000000000001,527,527,620,527,0,0,0,151.0,28.964796426623778,pearson3,2423.1614787513004,0.03779378232241176,0.4284713858790885,3.0,pearson3,3013.477731216919,0.07146986652705492,0.008719549033347455,3.0
QDM_P_monthly,CESM2,500007,parametric,monthly,07,validation,True,,False,monthly,07,1.0,0.2708000000000001,527,527,434,328,0,0,0,151.0,33.28783666591801,pearson3,2423.1614787513004,0.03779378232241176,0.4284713858790885,3.0,pearson3,3013.477731216919,0.07146986652705492,0.008719549033347455,3.0
QDM_P_monthly,CESM2,500007,parametric,monthly,08,calibration,True,,False,monthly,08,1.0,0.14454516129032255,573,573,620,573,0,0,0,150.5,21.512527427413815,pearson3,2726.052586504347,0.10160296593396534,1.329908323567206e-05,3.0,pearson3,3288.7236870025026,0.04972074806331539,0.11375079330929527,3.0
QDM_P_monthly,CESM2,500007,parametric,monthly,08,validation,True,,False,monthly,08,1.0,0.14454516129032255,573,573,434,398,0,0,0,150.5,23.17842179561241,pearson3,2726.052586504347,0.10160296593396534,1.329908323567206e-05,3.0,pearson3,3288.7236870025026,0.04972074806331539,0.11375079330929527,3.0
QDM_P_monthly,CESM2,500007,parametric,monthly,09,calibration,True,,False,monthly,09,1.0,0.18639999999999982,555,555,600,555,0,0,0,185.0,27.224009394548695,pearson3,2786.0445232871616,0.031285504584665974,0.6373103131579861,3.0,pearson3,3295.94135285222,0.04935917302531989,0.12941255472349567,3.0
QDM_P_monthly,CESM2,500007,parametric,monthly,09,validation,True,,False,monthly,09,1.0,0.18639999999999982,555,555,420,401,0,0,0,185.0,31.636278274006393,pearson3,2786.0445232871616,0.031285504584665974,0.6373103131579861,3.0,pearson3,3295.94135285222,0.04935917302531989,0.12941255472349567,3.0
QDM_P_monthly,CESM2,500007,parametric,monthly,10,calibration,True,,False,monthly,10,1.0,0.8574500000000006,489,489,620,489,0,0,0,732.5,42.27120036314002,pearson3,2550.6827892995675,0.058793981888735525,0.06535886689354042,3.0,pearson3,2850.618738066011,0.09513982987051783,0.00026474379048784376,3.0
QDM_P_monthly,CESM2,500007,parametric,monthly,10,validation,True,,False,monthly,10,1.0,0.8574500000000006,489,489,434,367,0,0,0,732.5,35.32691136119525,pearson3,2550.6827892995675,0.058793981888735525,0.06535886689354042,3.0,pearson3,2850.618738066011,0.09513982987051783,0.00026474379048784376,3.0
QDM_P_monthly,CESM2,500007,parametric,monthly,11,calibration,True,,False,monthly,11,1.0,4.004933333333333,220,220,600,220,0,0,0,591.5,52.64928761347742,pearson3,987.5069956298541,0.08337621853285004,0.08865940759924407,3.0,pearson3,1347.2992295638228,0.09390429871531314,0.03864934764509842,3.0
QDM_P_monthly,CESM2,500007,parametric,monthly,11,validation,True,,False,monthly,11,1.0,4.004933333333333,220,220,420,207,0,0,0,591.5,89.9480440540263,pearson3,987.5069956298541,0.08337621853285004,0.08865940759924407,3.0,pearson3,1347.2992295638228,0.09390429871531314,0.03864934764509842,3.0
QDM_P_monthly,CESM2,500007,parametric,monthly,12,calibration,True,,False,monthly,12,1.0,2.5726209677419356,55,55,620,55,0,0,0,94.5,12.375343991506334,pearson3,72.92561494139363,0.2621907596624113,0.0007966562178873815,3.0,genextreme,198.1023429927933,0.07451142893108303,0.8977968476872293,3.0
QDM_P_monthly,CESM2,500007,parametric,monthly,12,validation,True,,False,monthly,12,1.0,2.5726209677419356,55,55,434,58,1,0,0,94.5,8.731199827515436,pearson3,72.92561494139363,0.2621907596624113,0.0007966562178873815,3.0,genextreme,198.1023429927933,0.07451142893108303,0.8977968476872293,3.0
QDM_P_monthly,CESM2,500008,parametric,monthly,01,calibration,True,,False,monthly,01,1.0,2.5712467741935487,51,51,620,51,0,0,0,31.0,7.2000193898188565,pearson3,91.78366691511299,0.17333558544302147,0.08248615615531885,3.0,pearson3,123.53309709431873,0.1012953053316844,0.6350802579318714,3.0
QDM_P_monthly,CESM2,500008,parametric,monthly,01,validation,True,,False,monthly,01,1.0,2.5712467741935487,51,51,434,20,0,0,0,,,pearson3,91.78366691511299,0.17333558544302147,0.08248615615531885,3.0,pearson3,123.53309709431873,0.1012953053316844,0.6350802579318714,3.0
QDM_P_monthly,CESM2,500008,parametric,monthly,02,calibration,True,,False,monthly,02,1.0,1.4516964285714284,65,65,560,65,0,0,0,63.5,11.819665349378505,pearson3,183.02445385353064,0.1319444265524568,0.190109451841041,3.0,pearson3,123.44677727688422,0.06643641559777513,0.9181737187072048,3.0
QDM_P_monthly,CESM2,500008,parametric,monthly,02,validation,True,,False,monthly,02,1.0,1.4516964285714284,65,65,392,30,0,0,0,63.5,6.943254730094045,pearson3,183.02445385353064,0.1319444265524568,0.190109451841041,3.0,pearson3,123.44677727688422,0.06643641559777513,0.9181737187072048,3.0
QDM_P_monthly,CESM2,500008,parametric,monthly,03,calibration,True,,False,monthly,03,1.0,0.4991774193548388,146,146,620,146,0,0,0,125.5,9.495180152369535,pearson3,328.672896529014,0.0879196981632061,0.19709881730662382,3.0,pearson3,84.42777735774428,0.0538473949046242,0.770309812529372,3.0
QDM_P_monthly,CESM2,500008,parametric,monthly,03,validation,True,,False,monthly,03,1.0,0.4991774193548388,146,146,434,105,0,0,0,125.5,27.476328805345894,pearson3,328.672896529014,0.0879196981632061,0.19709881730662382,3.0,pearson3,84.42777735774428,0.0538473949046242,0.770309812529372,3.0
QDM_P_monthly,CESM2,500008,parametric,monthly,04,calibration,True,,False,monthly,04,1.0,0.1960766666666667,323,323,600,323,0,0,0,119.0,54.2669712661062,pearson3,897.9651164548239,0.17524616101747997,3.801034205555541e-09,3.0,pearson3,109.7187230939075,0.06648567906725678,0.10994570335736908,3.0
QDM_P_monthly,CESM2,500008,parametric,monthly,04,validation,True,,False,monthly,04,1.0,0.1960766666666667,323,323,420,236,0,0,0,119.0,47.788488119160164,pearson3,897.9651164548239,0.17524616101747997,3.801034205555541e-09,3.0,pearson3,109.7187230939075,0.06648567906725678,0.10994570335736908,3.0
QDM_P_monthly,CESM2,500008,parametric,monthly,05,calibration,True,,False,monthly,05,1.0,0.022,561,560,620,560,0,0,0,340.0,23.231610671991465,pearson3,2800.600210618363,0.05543972045363943,0.06121295812215022,3.0,genextreme,864.7892402810994,0.05874233630541703,0.04026672409100285,3.0
QDM_P_monthly,CESM2,500008,parametric,monthly,05,validation,True,,False,monthly,05,1.0,0.022,561,560,434,385,0,0,0,340.0,53.9676877736662,pearson3,2800.600210618363,0.05543972045363943,0.06121295812215022,3.0,genextreme,864.7892402810994,0.05874233630541703,0.04026672409100285,3.0
QDM_P_monthly,CESM2,500008,parametric,monthly,06,calibration,True,,False,monthly,06,1.0,0.019,558,557,600,557,0,0,0,148.5,17.333127896637684,pearson3,2535.2957994753297,0.040394318897347625,0.3139265260534244,3.0,weibull_min,2751.6612291046235,0.051810957555322196,0.09705154588231735,2.0
QDM_P_monthly,CESM2,500008,parametric,monthly,06,validation,True,,False,monthly,06,1.0,0.019,558,557,420,398,0,5,0,148.5,23.024392162634243,pearson3,2535.2957994753297,0.040394318897347625,0.3139265260534244,3.0,weibull_min,2751.6612291046235,0.051810957555322196,0.09705154588231735,2.0
QDM_P_monthly,CESM2,500008,parametric,monthly,07,calibration,True,,False,monthly,07,1.0,0.014938709677419346,601,601,620,601,0,0,0,108.5,15.47753401772377,pearson3,2822.960734433751,0.034315418445785784,0.46841733013069875,3.0,lognorm,2725.0269611447106,0.054851222146968026,0.051769618405333895,2.0
QDM_P_monthly,CESM2,500008,parametric,monthly,07,validation,True,,False,monthly,07,1.0,0.014938709677419346,601,601,434,404,0,0,0,108.5,13.308870588951999,pearson3,2822.960734433751,0.034315418445785784,0.46841733013069875,3.0,lognorm,2725.0269611447106,0.054851222146968026,0.051769618405333895,2.0
QDM_P_monthly,CESM2,500008,parametric,monthly,08,calibration,True,,False,monthly,08,1.0,0.01698387096774193,610,610,620,610,0,0,0,153.0,16.365587333577405,pearson3,3067.597441795612,0.026296282086565093,0.7825560297299732,3.0,lognorm,2873.5668129612486,0.0463672987653235,0.1406710516342431,2.0
QDM_P_monthly,CESM2,500008,parametric,monthly,08,validation,True,,False,monthly,08,1.0,0.01698387096774193,610,610,434,425,0,0,0,153.0,17.98787229628785,pearson3,3067.597441795612,0.026296282086565093,0.7825560297299732,3.0,lognorm,2873.5668129612486,0.0463672987653235,0.1406710516342431,2.0
QDM_P_monthly,CESM2,500008,parametric,monthly,09,calibration,True,,False,monthly,09,1.0,0.011960000000000023,597,597,600,597,0,0,0,151.0,18.65100083965108,pearson3,3280.1334304976954,0.033167539282248804,0.5165490182028534,3.0,lognorm,3127.155074349831,0.052434834427321386,0.07240632947233039,2.0
QDM_P_monthly,CESM2,500008,parametric,monthly,09,validation,True,,False,monthly,09,1.0,0.011960000000000023,597,597,420,419,0,0,0,151.0,27.945869227089602,pearson3,3280.1334304976954,0.033167539282248804,0.5165490182028534,3.0,lognorm,3127.155074349831,0.052434834427321386,0.07240632947233039,2.0
QDM_P_monthly,CESM2,500008,parametric,monthly,10,calibration,True,,False,monthly,10,1.0,0.22889838709677418,557,557,620,557,0,0,0,239.5,25.665891291000058,pearson3,2955.116810997827,0.06547971583240009,0.016089537246937985,3.0,lognorm,2973.5464903656793,0.034286542606150605,0.5181082648867752,2.0
QDM_P_monthly,CESM2,500008,parametric,monthly,10,validation,True,,False,monthly,10,1.0,0.22889838709677418,557,557,434,406,0,1,0,239.5,14.163392500399466,pearson3,2955.116810997827,0.06547971583240009,0.016089537246937985,3.0,lognorm,2973.5464903656793,0.034286542606150605,0.5181082648867752,2.0
QDM_P_monthly,CESM2,500008,parametric,monthly,11,calibration,True,,False,monthly,11,1.0,1.7028166666666666,338,338,600,338,0,0,0,218.0,10.593011897685722,pearson3,1131.4789475440405,0.08553334978043675,0.013374850438695013,3.0,genextreme,1908.0388967864355,0.03443197083140248,0.8045821113984818,3.0
QDM_P_monthly,CESM2,500008,parametric,monthly,11,validation,True,,False,monthly,11,1.0,1.7028166666666666,338,338,420,285,8,0,0,218.0,6.171327366500641,pearson3,1131.4789475440405,0.08553334978043675,0.013374850438695013,3.0,genextreme,1908.0388967864355,0.03443197083140248,0.8045821113984818,3.0
QDM_P_monthly,CESM2,500008,parametric,monthly,12,calibration,True,,False,monthly,12,1.0,1.919,147,146,620,146,0,0,0,55.5,8.810259875476726,pearson3,75.33748139989854,0.11564625849877468,0.03608206751302978,3.0,genextreme,412.530458126152,0.07965565631756621,0.29648376259514075,3.0
QDM_P_monthly,CESM2,500008,parametric,monthly,12,validation,True,,False,monthly,12,1.0,1.919,147,146,434,98,3,0,0,55.5,4.660209094458382,pearson3,75.33748139989854,0.11564625849877468,0.03608206751302978,3.0,genextreme,412.530458126152,0.07965565631756621,0.29648376259514075,3.0
QDM_P_monthly,CESM2,500009,parametric,monthly,01,calibration,True,,False,monthly,01,1.0,1.9634258064516132,44,44,620,44,0,0,0,83.5,4.834780364603657,pearson3,69.29104749095222,0.11639251606219836,0.5510570525220178,3.0,pearson3,117.28112469882163,0.11901985429427486,0.5227148860337856,3.0
QDM_P_monthly,CESM2,500009,parametric,monthly,01,validation,True,,False,monthly,01,1.0,1.9634258064516132,44,44,434,11,0,0,0,,,pearson3,69.29104749095222,0.11639251606219836,0.5510570525220178,3.0,pearson3,117.28112469882163,0.11901985429427486,0.5227148860337856,3.0
QDM_P_monthly,CESM2,500009,parametric,monthly,02,calibration,True,,False,monthly,02,1.0,1.0528821428571424,62,62,560,62,0,0,0,80.0,11.401190920892663,pearson3,139.77910164774704,0.1180588299827513,0.32713543852796656,3.0,pearson3,70.2261949720958,0.05300343597137766,0.9912381014121703,3.0
QDM_P_monthly,CESM2,500009,parametric,monthly,02,validation,True,,False,monthly,02,1.0,1.0528821428571424,62,62,392,18,0,0,0,,,pearson3,139.77910164774704,0.1180588299827513,0.32713543852796656,3.0,pearson3,70.2261949720958,0.05300343597137766,0.9912381014121703,3.0
QDM_P_monthly,CESM2,500009,parametric,monthly,03,calibration,True,,False,monthly,03,1.0,0.3302096774193548,130,130,620,130,0,0,0,88.5,17.8673514688275,pearson3,292.01192139068405,0.08922913252750081,0.23734304045117605,3.0,pearson3,25.52437080629184,0.1387823782863411,0.012027016835396531,3.0
QDM_P_monthly,CESM2,500009,parametric,monthly,03,validation,True,,False,monthly,03,1.0,0.3302096774193548,130,130,434,93,0,0,0,88.5,62.92030645187091,pearson3,292.01192139068405,0.08922913252750081,0.23734304045117605,3.0,pearson3,25.52437080629184,0.1387823782863411,0.012027016835396531,3.0
QDM_P_monthly,CESM2,500009,parametric,monthly,04,calibration,True,,False,monthly,04,1.0,0.17649499999999999,297,297,600,297,0,0,0,125.5,20.296301454815247,pearson3,1240.8083886667712,0.043771043771025836,0.6040375106272022,3.0,genextreme,-15.88907086386996,0.03781176136090464,0.774780411208904,3.0
QDM_P_monthly,CESM2,500009,parametric,monthly,04,validation,True,,False,monthly,04,1.0,0.17649499999999999,297,297,420,191,0,0,0,125.5,18.192229898995368,pearson3,1240.8083886667712,0.043771043771025836,0.6040375106272022,3.0,genextreme,-15.88907086386996,0.03781176136090464,0.774780411208904,3.0
QDM_P_monthly,CESM2,500009,parametric,monthly,05,calibration,True,,False,monthly,05,1.0,0.011,541,540,620,540,0,0,0,244.0,27.89007658895697,pearson3,2745.086314609157,0.033632005262514336,0.5616348504403869,3.0,lognorm,1199.0625031345364,0.091870640244338,0.00020406179791867296,2.0
QDM_P_monthly,CESM2,500009,parametric,monthly,05,validation,True,,False,monthly,05,1.0,0.011,541,540,434,380,0,0,0,244.0,45.723920128271814,pearson3,2745.086314609157,0.033632005262514336,0.5616348504403869,3.0,lognorm,1199.0625031345364,0.091870640244338,0.00020406179791867296,2.0
QDM_P_monthly,CESM2,500009,parametric,monthly,06,calibration,True,,False,monthly,06,1.0,0.03273500000000007,547,547,600,547,0,0,0,114.0,22.926935934067195,pearson3,2472.6351043791647,0.03372361244983191,0.5510899755477121,3.0,pearson3,3131.158815263525,0.044232869200166,0.2280133502817544,3.0
QDM_P_monthly,CESM2,500009,parametric,monthly,06,validation,True,,False,monthly,06,1.0,0.03273500000000007,547,547,420,385,0,0,0,114.0,19.649562581421474,pearson3,2472.6351043791647,0.03372361244983191,0.5510899755477121,3.0,pearson3,3131.158815263525,0.044232869200166,0.2280133502817544,3.0
QDM_P_monthly,CESM2,500009,parametric,monthly,07,calibration,True,,False,monthly,07,1.0,0.007909677419354843,592,592,620,592,0,0,0,217.0,30.74085957805267,pearson3,2837.2359419122713,0.03401528484407022,0.48934249144815223,3.0,pearson3,3230.326378354018,0.037781288810636915,0.3577829283995182,3.0
QDM_P_monthly,CESM2,500009,parametric,monthly,07,validation,True,,False,monthly,07,1.0,0.007909677419354843,592,592,434,393,0,0,0,217.0,36.25829031917417,pearson3,2837.2359419122713,0.03401528484407022,0.48934249144815223,3.0,pearson3,3230.326378354018,0.037781288810636915,0.3577829283995182,3.0
QDM_P_monthly,CESM2,500009,parametric,monthly,08,calibration,True,,False,monthly,08,1.0,0.029753225806451837,603,603,620,603,0,0,0,201.0,32.436510709697295,pearson3,3168.363715877365,0.0324469939560192,0.5385312684722404,3.0,pearson3,3418.7057096481053,0.0553796905013505,0.04765980554679894,3.0
QDM_P_monthly,CESM2,500009,parametric,monthly,08,validation,True,,False,monthly,08,1.0,0.029753225806451837,603,603,434,413,0,0,0,201.0,36.93139585014639,pearson3,3168.363715877365,0.0324469939560192,0.5385312684722404,3.0,pearson3,3418.7057096481053,0.0553796905013505,0.04765980554679894,3.0
QDM_P_monthly,CESM2,500009,parametric,monthly,09,calibration,True,,False,monthly,09,1.0,0.0379783333333333,587,587,600,587,0,0,0,157.5,32.02580385399789,pearson3,3217.7038579097025,0.02729107140499612,0.7637302510291208,3.0,pearson3,3430.752269412118,0.03384664380721991,0.5011832164464118,3.0
QDM_P_monthly,CESM2,500009,parametric,monthly,09,validation,True,,False,monthly,09,1.0,0.0379783333333333,587,587,420,410,0,0,0,157.5,38.06623451083648,pearson3,3217.7038579097025,0.02729107140499612,0.7637302510291208,3.0,pearson3,3430.752269412118,0.03384664380721991,0.5011832164464118,3.0
QDM_P_monthly,CESM2,500009,parametric,monthly,10,calibration,True,,False,monthly,10,1.0,0.4174919354838709,535,535,620,535,0,0,0,199.5,43.019993567091745,pearson3,2681.500265850462,0.040089050820163646,0.34700957582261804,3.0,pearson3,3090.1778068561475,0.038192071775470016,0.4059660334562578,3.0
QDM_P_monthly,CESM2,500009,parametric,monthly,10,validation,True,,False,monthly,10,1.0,0.4174919354838709,535,535,434,394,0,0,0,199.5,36.3349852220768,pearson3,2681.500265850462,0.040089050820163646,0.34700957582261804,3.0,pearson3,3090.1778068561475,0.038192071775470016,0.4059660334562578,3.0
QDM_P_monthly,CESM2,500009,parametric,monthly,11,calibration,True,,False,monthly,11,1.0,2.780465,293,293,600,293,0,0,0,127.0,23.562891266596218,pearson3,772.3726895132086,0.08801862987109607,0.02004154244443969,3.0,pearson3,1737.4972156084027,0.07617746238641604,0.06328469183760588,3.0
QDM_P_monthly,CESM2,500009,parametric,monthly,11,validation,True,,False,monthly,11,1.0,2.780465,293,293,420,250,0,0,0,127.0,38.9756520230087,pearson3,772.3726895132086,0.08801862987109607,0.02004154244443969,3.0,pearson3,1737.4972156084027,0.07617746238641604,0.06328469183760588,3.0
QDM_P_monthly,CESM2,500009,parametric,monthly,12,calibration,True,,False,monthly,12,1.0,1.9951629032258067,101,101,620,101,0,0,0,62.0,24.548815501626148,pearson3,35.54121049426216,0.14668394451972214,0.02321849141104826,3.0,pearson3,284.9825637303903,0.16511616461811263,0.007108238994643412,3.0
QDM_P_monthly,CESM2,500009,parametric,monthly,12,validation,True,,False,monthly,12,1.0,1.9951629032258067,101,101,434,83,0,0,0,62.0,12.693617234458198,pearson3,35.54121049426216,0.14668394451972214,0.02321849141104826,3.0,pearson3,284.9825637303903,0.16511616461811263,0.007108238994643412,3.0
QDM_P_monthly,CESM2,500201,parametric,monthly,01,calibration,True,,False,monthly,01,1.0,2.296780645161285,32,32,620,32,0,0,0,436.0,80.45895071523022,pearson3,173.9088615641135,0.14382129455325593,0.4785252812774555,3.0,pearson3,85.95844508658743,0.13883598730702962,0.5231613945582945,3.0
QDM_P_monthly,CESM2,500201,parametric,monthly,01,validation,True,,False,monthly,01,1.0,2.296780645161285,32,32,434,10,0,0,0,,,pearson3,173.9088615641135,0.14382129455325593,0.4785252812774555,3.0,pearson3,85.95844508658743,0.13883598730702962,0.5231613945582945,3.0
QDM_P_monthly,CESM2,500201,parametric,monthly,02,calibration,True,,False,monthly,02,1.0,1.1968,48,48,560,48,0,0,0,216.5,55.9748454741699,pearson3,298.7356063780542,0.13286138039314524,0.33503555621232817,3.0,pearson3,59.084361963592116,0.07956579414552967,0.8978480317108792,3.0
QDM_P_monthly,CESM2,500201,parametric,monthly,02,validation,True,,False,monthly,02,1.0,1.1968,48,48,392,15,0,0,0,,,pearson3,298.7356063780542,0.13286138039314524,0.33503555621232817,3.0,pearson3,59.084361963592116,0.07956579414552967,0.8978480317108792,3.0
QDM_P_monthly,CESM2,500201,parametric,monthly,03,calibration,True,,False,monthly,03,1.0,0.5831096774193548,68,68,620,68,0,0,0,395.0,62.946755554747824,pearson3,457.90614396648516,0.08900115371482376,0.6219801731069097,3.0,pearson3,20.84699281892903,0.10022491577583065,0.47154973121477073,3.0
QDM_P_monthly,CESM2,500201,parametric,monthly,03,validation,True,,False,monthly,03,1.0,0.5831096774193548,68,68,434,51,0,0,0,395.0,234.58840304485906,pearson3,457.90614396648516,0.08900115371482376,0.6219801731069097,3.0,pearson3,20.84699281892903,0.10022491577583065,0.47154973121477073,3.0
QDM_P_monthly,CESM2,500201,parametric,monthly,04,calibration,True,,False,monthly,04,1.0,0.49868333333333326,82,82,600,82,0,0,0,326.5,185.69679664373496,pearson3,541.5642294126924,0.049113220125760804,0.9834571404350555,3.0,pearson3,159.82413266986143,0.06316538927362392,0.8783765143124164,3.0
QDM_P_monthly,CESM2,500201,parametric,monthly,04,validation,True,,False,monthly,04,1.0,0.49868333333333326,82,82,420,43,0,0,0,326.5,251.42622204621827,pearson3,541.5642294126924,0.049113220125760804,0.9834571404350555,3.0,pearson3,159.82413266986143,0.06316538927362392,0.8783765143124164,3.0
QDM_P_monthly,CESM2,500201,parametric,monthly,05,calibration,True,,False,monthly,05,1.0,0.8268806451612905,182,182,620,182,0,0,0,986.5,110.44410728553828,pearson3,1222.4262302559464,0.08387010326598399,0.14594101863021425,3.0,pearson3,850.8842164414491,0.05504841087955681,0.6194197125541663,3.0
QDM_P_monthly,CESM2,500201,parametric,monthly,05,validation,True,,False,monthly,05,1.0,0.8268806451612905,182,182,434,174,0,0,0,986.5,149.57343232923006,pearson3,1222.4262302559464,0.08387010326598399,0.14594101863021425,3.0,pearson3,850.8842164414491,0.05504841087955681,0.6194197125541663,3.0
QDM_P_monthly,CESM2,500201,parametric,monthly,06,calibration,True,,False,monthly,06,1.0,6.456416666666667,205,205,600,205,0,0,0,218.5,45.744266477990045,pearson3,1062.366318963875,0.04878048780402765,0.6950709053059428,3.0,pearson3,1310.1222372141435,0.06472173649786339,0.3422436166203202,3.0
QDM_P_monthly,CESM2,500201,parametric,monthly,06,validation,True,,False,monthly,06,1.0,6.456416666666667,205,205,420,127,0,0,0,218.5,35.92428778220891,pearson3,1062.366318963875,0.04878048780402765,0.6950709053059428,3.0,pearson3,1310.1222372141435,0.06472173649786339,0.3422436166203202,3.0
QDM_P_monthly,CESM2,500201,parametric,monthly,07,calibration,True,,False,monthly,07,1.0,4.838883870967743,228,228,620,228,0,0,0,261.0,38.52094902928155,pearson3,1313.7540729020147,0.09943914642144214,0.02048927683045758,3.0,pearson3,1418.5290770974448,0.030219801802907287,0.9813597537188564,3.0
QDM_P_monthly,CESM2,500201,parametric,monthly,07,validation,True,,False,monthly,07,1.0,4.838883870967743,228,228,434,127,0,0,0,261.0,44.16256418007607,pearson3,1313.7540729020147,0.09943914642144214,0.02048927683045758,3.0,pearson3,1418.5290770974448,0.030219801802907287,0.9813597537188564,3.0
QDM_P_monthly,CESM2,500201,parametric,monthly,08,calibration,True,,False,monthly,08,1.0,4.556599999999999,248,248,620,248,0,0,0,209.0,32.483349658739115,pearson3,1245.333953874751,0.057609195086117615,0.36880712658901404,3.0,pearson3,1601.3251293237252,0.07784383719821042,0.09386736571499654,3.0
QDM_P_monthly,CESM2,500201,parametric,monthly,08,validation,True,,False,monthly,08,1.0,4.556599999999999,248,248,434,174,0,0,0,209.0,37.34606190619232,pearson3,1245.333953874751,0.057609195086117615,0.36880712658901404,3.0,pearson3,1601.3251293237252,0.07784383719821042,0.09386736571499654,3.0
QDM_P_monthly,CESM2,500201,parametric,monthly,09,calibration,True,,False,monthly,09,1.0,5.758600000000002,216,216,600,216,0,0,0,287.5,32.61283994496001,pearson3,1178.174568152309,0.09605316209947223,0.034705708218622844,3.0,pearson3,1420.039975573336,0.06600438819397703,0.2905847189382532,3.0
QDM_P_monthly,CESM2,500201,parametric,monthly,09,validation,True,,False,monthly,09,1.0,5.758600000000002,216,216,420,192,0,0,0,287.5,36.650249996499184,pearson3,1178.174568152309,0.09605316209947223,0.034705708218622844,3.0,pearson3,1420.039975573336,0.06600438819397703,0.2905847189382532,3.0
QDM_P_monthly,CESM2,500201,parametric,monthly,10,calibration,True,,False,monthly,10,1.0,4.560388709677419,257,257,620,257,0,0,0,1484.5,129.57156011131727,pearson3,1826.7965757109462,0.07772841544444925,0.08494554898874707,3.0,pearson3,1566.4746398447414,0.049203874380386925,0.5458495988822678,3.0
QDM_P_monthly,CESM2,500201,parametric,monthly,10,validation,True,,False,monthly,10,1.0,4.560388709677419,257,257,434,189,0,0,0,1484.5,107.11224635517485,pearson3,1826.7965757109462,0.07772841544444925,0.08494554898874707,3.0,pearson3,1566.4746398447414,0.049203874380386925,0.5458495988822678,3.0
QDM_P_monthly,CESM2,500201,parametric,monthly,11,calibration,True,,False,monthly,11,1.0,6.729405000000002,129,129,600,129,0,0,0,1200.5,114.21304767498249,pearson3,1066.2234050593017,0.06704410204758793,0.5842545647400044,3.0,pearson3,880.243051289187,0.07698319766417422,0.4085240712619026,3.0
QDM_P_monthly,CESM2,500201,parametric,monthly,11,validation,True,,False,monthly,11,1.0,6.729405000000002,129,129,420,129,0,0,0,1200.5,198.54470770995127,pearson3,1066.2234050593017,0.06704410204758793,0.5842545647400044,3.0,pearson3,880.243051289187,0.07698319766417422,0.4085240712619026,3.0
QDM_P_monthly,CESM2,500201,parametric,monthly,12,calibration,False,"insufficient wet days obs=23, model=23",True,annual,all,1.0,3.7812225806451614,23,23,620,21,0,0,0,,,,,,,,,,,,
QDM_P_monthly,CESM2,500201,parametric,monthly,12,validation,False,"insufficient wet days obs=23, model=23",True,annual,all,1.0,3.7812225806451614,23,23,434,24,0,0,0,,,,,,,,,,,,
QDM_P_monthly,CESM2,500202,parametric,monthly,01,calibration,False,"insufficient wet days obs=17, model=17",True,annual,all,1.0,3.722358064516127,17,17,620,31,0,0,0,1492.5,10.084752175102418,,,,,,,,,,
QDM_P_monthly,CESM2,500202,parametric,monthly,01,validation,False,"insufficient wet days obs=17, model=17",True,annual,all,1.0,3.722358064516127,17,17,434,7,0,0,0,,,,,,,,,,,,
QDM_P_monthly,CESM2,500202,parametric,monthly,02,calibration,False,"insufficient wet days obs=26, model=26",True,annual,all,1.0,2.254996428571429,26,26,560,11,0,0,0,,,,,,,,,,,,
QDM_P_monthly,CESM2,500202,parametric,monthly,02,validation,False,"insufficient wet days obs=26, model=26",True,annual,all,1.0,2.254996428571429,26,26,392,2,0,0,0,,,,,,,,,,,,
QDM_P_monthly,CESM2,500202,parametric,monthly,03,calibration,True,,False,monthly,03,1.0,1.2017419354838734,30,30,620,30,0,0,0,880.0,38.85891321597419,pearson3,231.9728575036314,0.1299275279795722,0.6446760336158271,3.0,pearson3,20.817453920563164,0.0867569208743233,0.9630219837731505,3.0
QDM_P_monthly,CESM2,500202,parametric,monthly,03,validation,True,,False,monthly,03,1.0,1.2017419354838734,30,30,434,30,0,0,0,880.0,167.61961960871693,pearson3,231.9728575036314,0.1299275279795722,0.6446760336158271,3.0,pearson3,20.817453920563164,0.0867569208743233,0.9630219837731505,3.0
QDM_P_monthly,CESM2,500202,parametric,monthly,04,calibration,True,,False,monthly,04,1.0,0.8926800000000004,63,63,600,63,0,0,0,259.5,74.28334944632456,pearson3,417.01119879329644,0.1573830636047603,0.07889440309124696,3.0,pearson3,105.82282278193782,0.15746899917153223,0.07861929662375167,3.0
QDM_P_monthly,CESM2,500202,parametric,monthly,04,validation,True,,False,monthly,04,1.0,0.8926800000000004,63,63,420,33,0,0,0,259.5,61.755207122988914,pearson3,417.01119879329644,0.1573830636047603,0.07889440309124696,3.0,pearson3,105.82282278193782,0.15746899917153223,0.07861929662375167,3.0
QDM_P_monthly,CESM2,500202,parametric,monthly,05,calibration,True,,False,monthly,05,1.0,0.5617999999999997,186,186,620,186,0,0,0,1126.5,502.7736472786741,lognorm,1199.2516584933487,0.06200962856375261,0.4537728799803,2.0,pearson3,675.4858066028612,0.05341989978320816,0.6433936142847205,3.0
QDM_P_monthly,CESM2,500202,parametric,monthly,05,validation,True,,False,monthly,05,1.0,0.5617999999999997,186,186,434,161,0,1,0,1126.5,278.06535902409485,lognorm,1199.2516584933487,0.06200962856375261,0.4537728799803,2.0,pearson3,675.4858066028612,0.05341989978320816,0.6433936142847205,3.0
QDM_P_monthly,CESM2,500202,parametric,monthly,06,calibration,True,,False,monthly,06,1.0,4.122,192,191,600,191,0,0,0,267.0,37.44444401100707,pearson3,1056.2219805118882,0.07263753649274779,0.25073494160798837,3.0,pearson3,1198.3670858508426,0.04775644181998695,0.757837182094927,3.0
QDM_P_monthly,CESM2,500202,parametric,monthly,06,validation,True,,False,monthly,06,1.0,4.122,192,191,420,127,0,0,0,267.0,41.19559246341047,pearson3,1056.2219805118882,0.07263753649274779,0.25073494160798837,3.0,pearson3,1198.3670858508426,0.04775644181998695,0.757837182094927,3.0
QDM_P_monthly,CESM2,500202,parametric,monthly,07,calibration,True,,False,monthly,07,1.0,3.3189774193548383,206,206,620,206,0,0,0,429.0,51.40030919149087,pearson3,1276.0582451299954,0.05913445192896871,0.4500908431680315,3.0,pearson3,1207.6864831704565,0.041296147191414945,0.8591833034367478,3.0
QDM_P_monthly,CESM2,500202,parametric,monthly,07,validation,True,,False,monthly,07,1.0,3.3189774193548383,206,206,434,101,0,0,0,429.0,65.2634335966214,pearson3,1276.0582451299954,0.05913445192896871,0.4500908431680315,3.0,pearson3,1207.6864831704565,0.041296147191414945,0.8591833034367478,3.0
QDM_P_monthly,CESM2,500202,parametric,monthly,08,calibration,True,,False,monthly,08,1.0,3.4852580645161293,200,200,620,200,0,0,0,262.5,20.210582182287066,pearson3,1039.1124054220447,0.08809886746143214,0.08439555274682309,3.0,pearson3,1231.9497186525805,0.08743509505058877,0.08846997235132648,3.0
QDM_P_monthly,CESM2,500202,parametric,monthly,08,validation,True,,False,monthly,08,1.0,3.4852580645161293,200,200,434,141,0,0,0,262.5,29.237489305653444,pearson3,1039.1124054220447,0.08809886746143214,0.08439555274682309,3.0,pearson3,1231.9497186525805,0.08743509505058877,0.08846997235132648,3.0
QDM_P_monthly,CESM2,500202,parametric,monthly,09,calibration,True,,False,monthly,09,1.0,3.581806666666665,244,244,600,244,0,0,0,522.5,38.304889845016575,pearson3,1494.1178561589272,0.06748588688940971,0.20685925387646775,3.0,pearson3,1505.6534971014753,0.050760418602503465,0.538749604697553,3.0
QDM_P_monthly,CESM2,500202,parametric,monthly,09,validation,True,,False,monthly,09,1.0,3.581806666666665,244,244,420,203,0,0,0,522.5,51.13424617789567,pearson3,1494.1178561589272,0.06748588688940971,0.20685925387646775,3.0,pearson3,1505.6534971014753,0.050760418602503465,0.538749604697553,3.0
QDM_P_monthly,CESM2,500202,parametric,monthly,10,calibration,True,,False,monthly,10,1.0,3.464290322580646,250,250,620,250,0,0,0,760.0,112.13596850937947,pearson3,1827.2258763543969,0.08865586755766436,0.036905578801879835,3.0,pearson3,1484.9993833895114,0.07165700538549824,0.14615758631112807,3.0
QDM_P_monthly,CESM2,500202,parametric,monthly,10,validation,True,,False,monthly,10,1.0,3.464290322580646,250,250,434,181,0,0,0,760.0,107.67633379532354,pearson3,1827.2258763543969,0.08865586755766436,0.036905578801879835,3.0,pearson3,1484.9993833895114,0.07165700538549824,0.14615758631112807,3.0
QDM_P_monthly,CESM2,500202,parametric,monthly,11,calibration,True,,False,monthly,11,1.0,5.4493100000000005,131,131,600,131,0,0,0,1492.5,102.91710731507948,pearson3,976.5510401518726,0.09491810483514296,0.1769105615144163,3.0,pearson3,887.732665081575,0.10051696650626873,0.1322704429979339,3.0
QDM_P_monthly,CESM2,500202,parametric,monthly,11,validation,True,,False,monthly,11,1.0,5.4493100000000005,131,131,420,135,0,0,0,1492.5,124.34039692937904,pearson3,976.5510401518726,0.09491810483514296,0.1769105615144163,3.0,pearson3,887.732665081575,0.10051696650626873,0.1322704429979339,3.0
QDM_P_monthly,CESM2,500202,parametric,monthly,12,calibration,False,"insufficient wet days obs=13, model=13",True,annual,all,1.0,4.837774193548383,13,13,620,56,0,0,0,1492.5,48.45625738978113,,,,,,,,,,
QDM_P_monthly,CESM2,500202,parametric,monthly,12,validation,False,"insufficient wet days obs=13, model=13",True,annual,all,1.0,4.837774193548383,13,13,434,39,0,0,0,1492.5,47.71443269519684,,,,,,,,,,
QDM_P_monthly,CESM2,500301,parametric,monthly,01,calibration,False,"insufficient wet days obs=19, model=19",True,annual,all,1.0,3.514596774193544,19,19,620,50,1,0,0,940.0,7.829299013901444,,,,,,,,,,
QDM_P_monthly,CESM2,500301,parametric,monthly,01,validation,False,"insufficient wet days obs=19, model=19",True,annual,all,1.0,3.514596774193544,19,19,434,20,0,0,0,,,,,,,,,,,,
QDM_P_monthly,CESM2,500301,parametric,monthly,02,calibration,False,"insufficient wet days obs=27, model=27",True,annual,all,1.0,2.2358678571428565,27,27,560,21,0,0,0,,,,,,,,,,,,
QDM_P_monthly,CESM2,500301,parametric,monthly,02,validation,False,"insufficient wet days obs=27, model=27",True,annual,all,1.0,2.2358678571428565,27,27,392,7,0,0,0,,,,,,,,,,,,
QDM_P_monthly,CESM2,500301,parametric,monthly,03,calibration,True,,False,monthly,03,1.0,1.0827258064516123,45,45,620,45,0,0,0,419.0,38.597148802388055,pearson3,301.65498457676523,0.06589496378837079,0.9825347403513511,3.0,pearson3,15.794127722657151,0.0918649271393644,0.8088369093907881,3.0
QDM_P_monthly,CESM2,500301,parametric,monthly,03,validation,True,,False,monthly,03,1.0,1.0827258064516123,45,45,434,31,0,0,0,419.0,125.58384651526946,pearson3,301.65498457676523,0.06589496378837079,0.9825347403513511,3.0,pearson3,15.794127722657151,0.0918649271393644,0.8088369093907881,3.0
QDM_P_monthly,CESM2,500301,parametric,monthly,04,calibration,True,,False,monthly,04,1.0,0.5801733333333333,104,104,600,104,0,0,0,226.0,44.35655693726278,pearson3,552.3908327773015,0.09033962938576079,0.34330816024892163,3.0,genextreme,175.45334448374592,0.04968232362079117,0.9482482039145291,3.0
QDM_P_monthly,CESM2,500301,parametric,monthly,04,validation,True,,False,monthly,04,1.0,0.5801733333333333,104,104,420,49,1,0,0,226.0,26.5600753210355,pearson3,552.3908327773015,0.09033962938576079,0.34330816024892163,3.0,genextreme,175.45334448374592,0.04968232362079117,0.9482482039145291,3.0
QDM_P_monthly,CESM2,500301,parametric,monthly,05,calibration,True,,False,monthly,05,1.0,0.350383870967742,238,238,620,238,0,0,0,940.0,30.017357772316856,pearson3,1521.805753084061,0.07295370808991863,0.15107413965866212,3.0,genextreme,791.6876195495454,0.06619609256400072,0.23727275099605338,3.0
QDM_P_monthly,CESM2,500301,parametric,monthly,05,validation,True,,False,monthly,05,1.0,0.350383870967742,238,238,434,199,0,0,0,940.0,36.863709534225954,pearson3,1521.805753084061,0.07295370808991863,0.15107413965866212,3.0,genextreme,791.6876195495454,0.06619609256400072,0.23727275099605338,3.0
QDM_P_monthly,CESM2,500301,parametric,monthly,06,calibration,True,,False,monthly,06,1.0,4.113181666666667,193,193,600,193,0,0,0,401.5,44.11021600880841,pearson3,1064.0962222451328,0.0904295248203657,0.07998302677034208,3.0,pearson3,1185.5623055522944,0.060324240923517514,0.4656543300964916,3.0
QDM_P_monthly,CESM2,500301,parametric,monthly,06,validation,True,,False,monthly,06,1.0,4.113181666666667,193,193,420,127,0,0,0,401.5,47.49020181722088,pearson3,1064.0962222451328,0.0904295248203657,0.07998302677034208,3.0,pearson3,1185.5623055522944,0.060324240923517514,0.4656543300964916,3.0
QDM_P_monthly,CESM2,500301,parametric,monthly,07,calibration,True,,False,monthly,07,1.0,2.4957419354838706,240,240,620,240,0,0,0,410.0,78.3541510836112,pearson3,1339.8760266179356,0.043966393002247584,0.7252843395862794,3.0,pearson3,1390.171298727921,0.035049750942039215,0.9195010186284841,3.0
QDM_P_monthly,CESM2,500301,parametric,monthly,07,validation,True,,False,monthly,07,1.0,2.4957419354838706,240,240,434,126,0,0,0,410.0,102.13139202989925,pearson3,1339.8760266179356,0.043966393002247584,0.7252843395862794,3.0,pearson3,1390.171298727921,0.035049750942039215,0.9195010186284841,3.0
QDM_P_monthly,CESM2,500301,parametric,monthly,08,calibration,True,,False,monthly,08,1.0,3.168050000000001,217,217,620,217,0,0,0,363.5,36.19293771582543,pearson3,1220.923923870629,0.08528353019854817,0.08027093963754328,3.0,pearson3,1306.1374153207069,0.0537904049105411,0.5386001317502995,3.0
QDM_P_monthly,CESM2,500301,parametric,monthly,08,validation,True,,False,monthly,08,1.0,3.168050000000001,217,217,434,153,0,0,0,363.5,53.42093977554627,pearson3,1220.923923870629,0.08528353019854817,0.08027093963754328,3.0,pearson3,1306.1374153207069,0.0537904049105411,0.5386001317502995,3.0
QDM_P_monthly,CESM2,500301,parametric,monthly,09,calibration,True,,False,monthly,09,1.0,2.513,300,300,600,300,0,0,0,362.5,58.21128946285918,pearson3,1976.5676311779378,0.048527532875529356,0.4653631299418207,3.0,pearson3,1814.045066069128,0.0841799075989772,0.026825911352237997,3.0
QDM_P_monthly,CESM2,500301,parametric,monthly,09,validation,True,,False,monthly,09,1.0,2.513,300,300,420,238,0,0,0,362.5,78.01945681076754,pearson3,1976.5676311779378,0.048527532875529356,0.4653631299418207,3.0,pearson3,1814.045066069128,0.0841799075989772,0.026825911352237997,3.0
QDM_P_monthly,CESM2,500301,parametric,monthly,10,calibration,True,,False,monthly,10,1.0,2.576129032258065,300,300,620,300,0,0,0,525.5,87.08383754225939,pearson3,2059.9487079099317,0.09545665683639959,0.007868504441197958,3.0,pearson3,1744.4451820969448,0.04725959310121575,0.49933858139043497,3.0
QDM_P_monthly,CESM2,500301,parametric,monthly,10,validation,True,,False,monthly,10,1.0,2.576129032258065,300,300,434,225,0,0,0,525.5,81.76915473295688,pearson3,2059.9487079099317,0.09545665683639959,0.007868504441197958,3.0,pearson3,1744.4451820969448,0.04725959310121575,0.49933858139043497,3.0
QDM_P_monthly,CESM2,500301,parametric,monthly,11,calibration,True,,False,monthly,11,1.0,5.280710000000001,138,138,600,138,0,0,0,904.5,83.09756494655585,pearson3,894.1636077034104,0.09539927918406423,0.15199360254055228,3.0,pearson3,914.7316849873916,0.10218146548314755,0.10444879285182607,3.0
QDM_P_monthly,CESM2,500301,parametric,monthly,11,validation,True,,False,monthly,11,1.0,5.280710000000001,138,138,420,139,0,0,0,904.5,100.63809952732257,pearson3,894.1636077034104,0.09539927918406423,0.15199360254055228,3.0,pearson3,914.7316849873916,0.10218146548314755,0.10444879285182607,3.0
QDM_P_monthly,CESM2,500301,parametric,monthly,12,calibration,False,"insufficient wet days obs=11, model=11",True,annual,all,1.0,5.076341935483868,11,11,620,83,0,0,0,940.0,36.722313763615766,,,,,,,,,,
QDM_P_monthly,CESM2,500301,parametric,monthly,12,validation,False,"insufficient wet days obs=11, model=11",True,annual,all,1.0,5.076341935483868,11,11,434,58,0,0,0,940.0,34.36711142332348,,,,,,,,,,
QDM_NP_annual,EC-Earth3,500001,nonparametric,annual,all,calibration,True,,False,annual,all,1.0,2.137311225188227,1625,1625,7305,1625,0,0,0,,130.0,,,,,,,,,,
QDM_NP_annual,EC-Earth3,500001,nonparametric,annual,all,validation,True,,False,annual,all,1.0,2.137311225188227,1625,1625,5113,1172,0,0,0,,97.38086747498171,,,,,,,,,,
QDM_NP_annual,EC-Earth3,500002,nonparametric,annual,all,calibration,True,,False,annual,all,1.0,7.494576536618753,1618,1618,7305,1618,0,0,0,,147.0,,,,,,,,,,
QDM_NP_annual,EC-Earth3,500002,nonparametric,annual,all,validation,True,,False,annual,all,1.0,7.494576536618753,1618,1618,5113,1173,0,0,0,,165.6700936349483,,,,,,,,,,
QDM_NP_annual,EC-Earth3,500003,nonparametric,annual,all,calibration,True,,False,annual,all,1.0,1.9360975222450374,1781,1781,7305,1781,0,0,0,,181.3,,,,,,,,,,
QDM_NP_annual,EC-Earth3,500003,nonparametric,annual,all,validation,True,,False,annual,all,1.0,1.9360975222450374,1781,1781,5113,1278,0,0,0,,149.37898743056354,,,,,,,,,,
QDM_NP_annual,EC-Earth3,500004,nonparametric,annual,all,calibration,True,,False,annual,all,1.0,4.108589815195069,1613,1613,7305,1613,0,0,0,,107.2,,,,,,,,,,
QDM_NP_annual,EC-Earth3,500004,nonparametric,annual,all,validation,True,,False,annual,all,1.0,4.108589815195069,1613,1613,5113,1125,0,0,0,,112.15958399753498,,,,,,,,,,
QDM_NP_annual,EC-Earth3,500005,nonparametric,annual,all,calibration,True,,False,annual,all,1.0,0.669,4174,4173,7305,4173,0,0,0,,48.299856218547646,,,,,,,,,,
QDM_NP_annual,EC-Earth3,500005,nonparametric,annual,all,validation,True,,False,annual,all,1.0,0.669,4174,4173,5113,2989,0,0,0,,49.64540601920997,,,,,,,,,,
QDM_NP_annual,EC-Earth3,500006,nonparametric,annual,all,calibration,True,,False,annual,all,1.0,0.6421800068446266,4240,4240,7305,4240,0,0,0,,46.1,,,,,,,,,,
QDM_NP_annual,EC-Earth3,500006,nonparametric,annual,all,validation,True,,False,annual,all,1.0,0.6421800068446266,4240,4240,5113,3038,0,0,0,,47.65392140341317,,,,,,,,,,
QDM_NP_annual,EC-Earth3,500007,nonparametric,annual,all,calibration,True,,False,annual,all,1.0,0.7870583600273786,3874,3874,7305,3874,0,0,0,,146.5,,,,,,,,,,
QDM_NP_annual,EC-Earth3,500007,nonparametric,annual,all,validation,True,,False,annual,all,1.0,0.7870583600273786,3874,3874,5113,2796,0,0,0,,144.34470822237546,,,,,,,,,,
QDM_NP_annual,EC-Earth3,500008,nonparametric,annual,all,calibration,True,,False,annual,all,1.0,0.4549,4555,4552,7305,4552,0,0,0,,67.99337653779492,,,,,,,,,,
QDM_NP_annual,EC-Earth3,500008,nonparametric,annual,all,validation,True,,False,annual,all,1.0,0.4549,4555,4552,5113,3271,0,0,0,,46.891688642118986,,,,,,,,,,
QDM_NP_annual,EC-Earth3,500009,nonparametric,annual,all,calibration,True,,False,annual,all,1.0,0.50879,4333,4332,7305,4332,0,0,0,,48.79949215143169,,,,,,,,,,
QDM_NP_annual,EC-Earth3,500009,nonparametric,annual,all,validation,True,,False,annual,all,1.0,0.50879,4333,4332,5113,3125,0,0,0,,44.552510349257425,,,,,,,,,,
QDM_NP_annual,EC-Earth3,500201,nonparametric,annual,all,calibration,True,,False,annual,all,1.0,3.6299826283367556,1719,1719,7305,1719,0,0,0,,296.9,,,,,,,,,,
QDM_NP_annual,EC-Earth3,500201,nonparametric,annual,all,validation,True,,False,annual,all,1.0,3.6299826283367556,1719,1719,5113,1192,0,0,0,,291.75199742666973,,,,,,,,,,
QDM_NP_annual,EC-Earth3,500202,nonparametric,annual,all,calibration,True,,False,annual,all,1.0,2.2474067077344286,1559,1559,7305,1559,0,0,0,,298.5,,,,,,,,,,
QDM_NP_annual,EC-Earth3,500202,nonparametric,annual,all,validation,True,,False,annual,all,1.0,2.2474067077344286,1559,1559,5113,1111,0,0,0,,208.16071571919258,,,,,,,,,,
QDM_NP_annual,EC-Earth3,500301,nonparametric,annual,all,calibration,True,,False,annual,all,1.0,1.8650009445585216,1832,1832,7305,1832,0,0,0,,188.0,,,,,,,,,,
QDM_NP_annual,EC-Earth3,500301,nonparametric,annual,all,validation,True,,False,annual,all,1.0,1.8650009445585216,1832,1832,5113,1327,0,0,0,,158.43776056749795,,,,,,,,,,
QDM_NP_monthly,EC-Earth3,500001,nonparametric,monthly,01,calibration,False,"insufficient wet days obs=4, model=4",True,annual,all,1.0,4.491309677419355,4,4,620,29,0,0,0,,16.930043562387365,,,,,,,,,,
QDM_NP_monthly,EC-Earth3,500001,nonparametric,monthly,01,validation,False,"insufficient wet days obs=4, model=4",True,annual,all,1.0,4.491309677419355,4,4,434,20,0,0,0,,12.750606642689771,,,,,,,,,,
QDM_NP_monthly,EC-Earth3,500001,nonparametric,monthly,02,calibration,False,"insufficient wet days obs=18, model=18",True,annual,all,1.0,1.6171120353982305,18,18,565,7,0,0,0,,12.769224562891747,,,,,,,,,,
QDM_NP_monthly,EC-Earth3,500001,nonparametric,monthly,02,validation,False,"insufficient wet days obs=18, model=18",True,annual,all,1.0,1.6171120353982305,18,18,395,14,0,0,0,,9.799400903766243,,,,,,,,,,
QDM_NP_monthly,EC-Earth3,500001,nonparametric,monthly,03,calibration,False,"insufficient wet days obs=22, model=22",True,annual,all,1.0,1.5555880645161289,22,22,620,10,1,0,0,,8.1,,,,,,,,,,
QDM_NP_monthly,EC-Earth3,500001,nonparametric,monthly,03,validation,False,"insufficient wet days obs=22, model=22",True,annual,all,1.0,1.5555880645161289,22,22,434,5,0,0,0,,6.290265355902137,,,,,,,,,,
QDM_NP_monthly,EC-Earth3,500001,nonparametric,monthly,04,calibration,True,,False,monthly,04,1.0,0.49676016666666667,110,110,600,110,0,0,0,,87.6,,,,,,,,,,
QDM_NP_monthly,EC-Earth3,500001,nonparametric,monthly,04,validation,True,,False,monthly,04,1.0,0.49676016666666667,110,110,420,74,0,0,0,,60.07293815297287,,,,,,,,,,
QDM_NP_monthly,EC-Earth3,500001,nonparametric,monthly,05,calibration,True,,False,monthly,05,1.0,0.4920974354838709,207,207,620,207,0,0,0,,130.0,,,,,,,,,,
QDM_NP_monthly,EC-Earth3,500001,nonparametric,monthly,05,validation,True,,False,monthly,05,1.0,0.4920974354838709,207,207,434,164,0,0,0,,86.2956544809299,,,,,,,,,,
QDM_NP_monthly,EC-Earth3,500001,nonparametric,monthly,06,calibration,True,,False,monthly,06,1.0,1.357385,190,190,600,190,0,0,0,,58.9,,,,,,,,,,
QDM_NP_monthly,EC-Earth3,500001,nonparametric,monthly,06,validation,True,,False,monthly,06,1.0,1.357385,190,190,420,143,0,0,0,,40.66922414424881,,,,,,,,,,
QDM_NP_monthly,EC-Earth3,500001,nonparametric,monthly,07,calibration,True,,False,monthly,07,1.0,1.9770700000000003,259,259,620,259,0,0,0,,82.2,,,,,,,,,,
QDM_NP_monthly,EC-Earth3,500001,nonparametric,monthly,07,validation,True,,False,monthly,07,1.0,1.9770700000000003,259,259,434,182,0,0,0,,97.82595321951752,,,,,,,,,,
QDM_NP_monthly,EC-Earth3,500001,nonparametric,monthly,08,calibration,True,,False,monthly,08,1.0,1.4739,332,331,620,331,0,0,0,,87.37401812688809,,,,,,,,,,
QDM_NP_monthly,EC-Earth3,500001,nonparametric,monthly,08,validation,True,,False,monthly,08,1.0,1.4739,332,331,434,226,0,0,0,,98.57459288596624,,,,,,,,,,
QDM_NP_monthly,EC-Earth3,500001,nonparametric,monthly,09,calibration,True,,False,monthly,09,1.0,4.262637,262,262,600,262,0,0,0,,96.3,,,,,,,,,,
QDM_NP_monthly,EC-Earth3,500001,nonparametric,monthly,09,validation,True,,False,monthly,09,1.0,4.262637,262,262,420,129,0,0,0,,97.1780756145266,,,,,,,,,,
QDM_NP_monthly,EC-Earth3,500001,nonparametric,monthly,10,calibration,True,,False,monthly,10,1.0,6.978387096774194,160,160,620,160,0,0,0,,80.0,,,,,,,,,,
QDM_NP_monthly,EC-Earth3,500001,nonparametric,monthly,10,validation,True,,False,monthly,10,1.0,6.978387096774194,160,160,434,109,0,0,0,,69.3871964487929,,,,,,,,,,
QDM_NP_monthly,EC-Earth3,500001,nonparametric,monthly,11,calibration,True,,False,monthly,11,1.0,8.026538000000002,54,54,600,54,0,0,0,,35.1,,,,,,,,,,
QDM_NP_monthly,EC-Earth3,500001,nonparametric,monthly,11,validation,True,,False,monthly,11,1.0,8.026538000000002,54,54,420,46,0,0,0,,34.7625969745165,,,,,,,,,,
QDM_NP_monthly,EC-Earth3,500001,nonparametric,monthly,12,calibration,False,"insufficient wet days obs=7, model=7",True,annual,all,1.0,3.2006569354838708,7,7,620,34,0,0,0,,56.394463719499896,,,,,,,,,,
QDM_NP_monthly,EC-Earth3,500001,nonparametric,monthly,12,validation,False,"insufficient wet days obs=7, model=7",True,annual,all,1.0,3.2006569354838708,7,7,434,44,0,0,0,,52.6029892672961,,,,,,,,,,
QDM_NP_monthly,EC-Earth3,500002,nonparametric,monthly,01,calibration,False,"insufficient wet days obs=9, model=9",True,annual,all,1.0,2.6850296774193545,9,9,620,0,0,0,0,,,,,,,,,,,,
QDM_NP_monthly,EC-Earth3,500002,nonparametric,monthly,01,validation,False,"insufficient wet days obs=9, model=9",True,annual,all,1.0,2.6850296774193545,9,9,434,0,0,0,0,,,,,,,,,,,,
QDM_NP_monthly,EC-Earth3,500002,nonparametric,monthly,02,calibration,False,"insufficient wet days obs=14, model=14",True,annual,all,1.0,2.244213628318585,14,14,565,0,0,0,0,,,,,,,,,,,,
QDM_NP_monthly,EC-Earth3,500002,nonparametric,monthly,02,validation,False,"insufficient wet days obs=14, model=14",True,annual,all,1.0,2.244213628318585,14,14,395,0,0,0,0,,,,,,,,,,,,
QDM_NP_monthly,EC-Earth3,500002,nonparametric,monthly,03,calibration,True,,False,monthly,03,1.0,1.4653735483870969,38,38,620,38,0,0,0,,46.5,,,,,,,,,,
QDM_NP_monthly,EC-Earth3,500002,nonparametric,monthly,03,validation,True,,False,monthly,03,1.0,1.4653735483870969,38,38,434,21,0,0,0,,44.91265945793279,,,,,,,,,,
QDM_NP_monthly,EC-Earth3,500002,nonparametric,monthly,04,calibration,True,,False,monthly,04,1.0,0.6743467666666666,121,121,600,121,0,0,0,,141.4,,,,,,,,,,
QDM_NP_monthly,EC-Earth3,500002,nonparametric,monthly,04,validation,True,,False,monthly,04,1.0,0.6743467666666666,121,121,420,89,0,0,0,,134.95437025781854,,,,,,,,,,
QDM_NP_monthly,EC-Earth3,500002,nonparametric,monthly,05,calibration,True,,False,monthly,05,1.0,0.8318939032258064,199,199,620,199,0,0,0,,134.2,,,,,,,,,,
QDM_NP_monthly,EC-Earth3,500002,nonparametric,monthly,05,validation,True,,False,monthly,05,1.0,0.8318939032258064,199,199,434,131,0,0,0,,164.95442385062398,,,,,,,,,,
QDM_NP_monthly,EC-Earth3,500002,nonparametric,monthly,06,calibration,True,,False,monthly,06,1.0,5.680474,188,188,600,188,0,0,0,,115.4,,,,,,,,,,
QDM_NP_monthly,EC-Earth3,500002,nonparametric,monthly,06,validation,True,,False,monthly,06,1.0,5.680474,188,188,420,158,0,0,0,,80.76698951534286,,,,,,,,,,
QDM_NP_monthly,EC-Earth3,500002,nonparametric,monthly,07,calibration,True,,False,monthly,07,1.0,8.195222580645162,275,275,620,275,0,0,0,,118.5,,,,,,,,,,
QDM_NP_monthly,EC-Earth3,500002,nonparametric,monthly,07,validation,True,,False,monthly,07,1.0,8.195222580645162,275,275,434,222,0,0,0,,151.72043557220323,,,,,,,,,,
QDM_NP_monthly,EC-Earth3,500002,nonparametric,monthly,08,calibration,True,,False,monthly,08,1.0,7.071908870967743,329,329,620,329,0,0,0,,147.0,,,,,,,,,,
QDM_NP_monthly,EC-Earth3,500002,nonparametric,monthly,08,validation,True,,False,monthly,08,1.0,7.071908870967743,329,329,434,256,0,0,0,,147.81198440296504,,,,,,,,,,
QDM_NP_monthly,EC-Earth3,500002,nonparametric,monthly,09,calibration,True,,False,monthly,09,1.0,11.150279999999999,249,249,600,249,0,0,0,,97.1,,,,,,,,,,
QDM_NP_monthly,EC-Earth3,500002,nonparametric,monthly,09,validation,True,,False,monthly,09,1.0,11.150279999999999,249,249,420,141,0,0,0,,75.52921568897435,,,,,,,,,,
QDM_NP_monthly,EC-Earth3,500002,nonparametric,monthly,10,calibration,True,,False,monthly,10,1.0,13.352064516129037,132,132,620,132,0,0,0,,80.4,,,,,,,,,,
QDM_NP_monthly,EC-Earth3,500002,nonparametric,monthly,10,validation,True,,False,monthly,10,1.0,13.352064516129037,132,132,434,78,0,0,0,,100.36799151841218,,,,,,,,,,
QDM_NP_monthly,EC-Earth3,500002,nonparametric,monthly,11,calibration,True,,False,monthly,11,1.0,14.617583333333311,50,50,600,50,0,0,0,,72.8,,,,,,,,,,
QDM_NP_monthly,EC-Earth3,500002,nonparametric,monthly,11,validation,True,,False,monthly,11,1.0,14.617583333333311,50,50,420,40,0,0,0,,62.33852161312784,,,,,,,,,,
QDM_NP_monthly,EC-Earth3,500002,nonparametric,monthly,12,calibration,False,"insufficient wet days obs=14, model=14",True,annual,all,1.0,3.3924767741935478,14,14,620,4,0,0,0,,31.618590112893948,,,,,,,,,,
QDM_NP_monthly,EC-Earth3,500002,nonparametric,monthly,12,validation,False,"insufficient wet days obs=14, model=14",True,annual,all,1.0,3.3924767741935478,14,14,434,4,0,0,0,,25.14344639070373,,,,,,,,,,
QDM_NP_monthly,EC-Earth3,500003,nonparametric,monthly,01,calibration,False,"insufficient wet days obs=9, model=9",True,annual,all,1.0,3.393867580645156,9,9,620,38,0,0,0,,18.0055171793536,,,,,,,,,,
QDM_NP_monthly,EC-Earth3,500003,nonparametric,monthly,01,validation,False,"insufficient wet days obs=9, model=9",True,annual,all,1.0,3.393867580645156,9,9,434,28,0,0,0,,13.824419362104734,,,,,,,,,,
QDM_NP_monthly,EC-Earth3,500003,nonparametric,monthly,02,calibration,False,"insufficient wet days obs=19, model=19",True,annual,all,1.0,1.6044833628318587,19,19,565,10,0,0,0,,14.299819943947773,,,,,,,,,,
QDM_NP_monthly,EC-Earth3,500003,nonparametric,monthly,02,validation,False,"insufficient wet days obs=19, model=19",True,annual,all,1.0,1.6044833628318587,19,19,395,18,0,0,0,,10.541464599664405,,,,,,,,,,
QDM_NP_monthly,EC-Earth3,500003,nonparametric,monthly,03,calibration,True,,False,monthly,03,1.0,1.2189499999999982,41,41,620,41,0,0,0,,67.2,,,,,,,,,,
QDM_NP_monthly,EC-Earth3,500003,nonparametric,monthly,03,validation,True,,False,monthly,03,1.0,1.2189499999999982,41,41,434,29,0,0,0,,56.508775604070735,,,,,,,,,,
QDM_NP_monthly,EC-Earth3,500003,nonparametric,monthly,04,calibration,True,,False,monthly,04,1.0,0.43034433333333333,148,148,600,148,0,0,0,,76.3,,,,,,,,,,
QDM_NP_monthly,EC-Earth3,500003,nonparametric,monthly,04,validation,True,,False,monthly,04,1.0,0.43034433333333333,148,148,420,91,0,0,0,,53.259785180446606,,,,,,,,,,
QDM_NP_monthly,EC-Earth3,500003,nonparametric,monthly,05,calibration,True,,False,monthly,05,1.0,0.44346,244,243,620,243,0,0,0,,122.96913580246887,,,,,,,,,,
QDM_NP_monthly,EC-Earth3,500003,nonparametric,monthly,05,validation,True,,False,monthly,05,1.0,0.44346,244,243,434,188,0,0,0,,83.42751502447886,,,,,,,,,,
QDM_NP_monthly,EC-Earth3,500003,nonparametric,monthly,06,calibration,True,,False,monthly,06,1.0,1.2220726666666668,212,212,600,212,0,0,0,,62.8,,,,,,,,,,
QDM_NP_monthly,EC-Earth3,500003,nonparametric,monthly,06,validation,True,,False,monthly,06,1.0,1.2220726666666668,212,212,420,149,0,0,0,,44.5931848839526,,,,,,,,,,
QDM_NP_monthly,EC-Earth3,500003,nonparametric,monthly,07,calibration,True,,False,monthly,07,1.0,1.9144225806451605,265,265,620,265,0,0,0,,157.0,,,,,,,,,,
QDM_NP_monthly,EC-Earth3,500003,nonparametric,monthly,07,validation,True,,False,monthly,07,1.0,1.9144225806451605,265,265,434,183,0,0,0,,188.0674600133616,,,,,,,,,,
QDM_NP_monthly,EC-Earth3,500003,nonparametric,monthly,08,calibration,True,,False,monthly,08,1.0,1.5439258064516126,320,320,620,320,0,0,0,,181.3,,,,,,,,,,
QDM_NP_monthly,EC-Earth3,500003,nonparametric,monthly,08,validation,True,,False,monthly,08,1.0,1.5439258064516126,320,320,434,219,0,0,0,,198.30235687936542,,,,,,,,,,
QDM_NP_monthly,EC-Earth3,500003,nonparametric,monthly,09,calibration,True,,False,monthly,09,1.0,4.119155000000001,270,270,600,270,0,0,0,,129.0,,,,,,,,,,
QDM_NP_monthly,EC-Earth3,500003,nonparametric,monthly,09,validation,True,,False,monthly,09,1.0,4.119155000000001,270,270,420,130,0,0,0,,123.4819357993586,,,,,,,,,,
QDM_NP_monthly,EC-Earth3,500003,nonparametric,monthly,10,calibration,True,,False,monthly,10,1.0,5.831253548387099,182,182,620,182,0,0,0,,98.2,,,,,,,,,,
QDM_NP_monthly,EC-Earth3,500003,nonparametric,monthly,10,validation,True,,False,monthly,10,1.0,5.831253548387099,182,182,434,137,0,0,0,,80.04407462652895,,,,,,,,,,
QDM_NP_monthly,EC-Earth3,500003,nonparametric,monthly,11,calibration,True,,False,monthly,11,1.0,7.464996333333338,58,58,600,58,0,0,0,,92.4,,,,,,,,,,
QDM_NP_monthly,EC-Earth3,500003,nonparametric,monthly,11,validation,True,,False,monthly,11,1.0,7.464996333333338,58,58,420,48,0,0,0,,91.85739069676039,,,,,,,,,,
QDM_NP_monthly,EC-Earth3,500003,nonparametric,monthly,12,calibration,False,"insufficient wet days obs=13, model=13",True,annual,all,1.0,2.597519677419354,13,13,620,49,0,0,0,,58.59511561576824,,,,,,,,,,
QDM_NP_monthly,EC-Earth3,500003,nonparametric,monthly,12,validation,False,"insufficient wet days obs=13, model=13",True,annual,all,1.0,2.597519677419354,13,13,434,59,0,0,0,,60.75044481283514,,,,,,,,,,
QDM_NP_monthly,EC-Earth3,500004,nonparametric,monthly,01,calibration,False,"insufficient wet days obs=9, model=9",True,annual,all,1.0,2.72602758064516,9,9,620,3,0,0,0,,8.390909012746384,,,,,,,,,,
QDM_NP_monthly,EC-Earth3,500004,nonparametric,monthly,01,validation,False,"insufficient wet days obs=9, model=9",True,annual,all,1.0,2.72602758064516,9,9,434,1,0,0,0,,3.3914458800192997,,,,,,,,,,
QDM_NP_monthly,EC-Earth3,500004,nonparametric,monthly,02,calibration,False,"insufficient wet days obs=22, model=22",True,annual,all,1.0,1.45114796460177,22,22,565,1,0,0,0,,5.531644239532516,,,,,,,,,,
QDM_NP_monthly,EC-Earth3,500004,nonparametric,monthly,02,validation,False,"insufficient wet days obs=22, model=22",True,annual,all,1.0,1.45114796460177,22,22,395,2,0,0,0,,6.530156438026474,,,,,,,,,,
QDM_NP_monthly,EC-Earth3,500004,nonparametric,monthly,03,calibration,True,,False,monthly,03,1.0,1.276383225806451,37,37,620,37,0,0,0,,59.0,,,,,,,,,,
QDM_NP_monthly,EC-Earth3,500004,nonparametric,monthly,03,validation,True,,False,monthly,03,1.0,1.276383225806451,37,37,434,27,0,0,0,,65.18822327151993,,,,,,,,,,
QDM_NP_monthly,EC-Earth3,500004,nonparametric,monthly,04,calibration,True,,False,monthly,04,1.0,0.5328310833333334,127,127,600,127,0,0,0,,93.5,,,,,,,,,,
QDM_NP_monthly,EC-Earth3,500004,nonparametric,monthly,04,validation,True,,False,monthly,04,1.0,0.5328310833333334,127,127,420,92,0,0,0,,120.39401301338084,,,,,,,,,,
QDM_NP_monthly,EC-Earth3,500004,nonparametric,monthly,05,calibration,True,,False,monthly,05,1.0,0.6234277419354838,220,220,620,220,0,0,0,,89.3,,,,,,,,,,
QDM_NP_monthly,EC-Earth3,500004,nonparametric,monthly,05,validation,True,,False,monthly,05,1.0,0.6234277419354838,220,220,434,174,0,0,0,,117.75215254468536,,,,,,,,,,
QDM_NP_monthly,EC-Earth3,500004,nonparametric,monthly,06,calibration,True,,False,monthly,06,1.0,2.5577399999999986,180,180,600,180,0,0,0,,49.4,,,,,,,,,,
QDM_NP_monthly,EC-Earth3,500004,nonparametric,monthly,06,validation,True,,False,monthly,06,1.0,2.5577399999999986,180,180,420,147,0,0,0,,43.16286033572046,,,,,,,,,,
QDM_NP_monthly,EC-Earth3,500004,nonparametric,monthly,07,calibration,True,,False,monthly,07,1.0,4.831357419354838,262,262,620,262,0,0,0,,98.5,,,,,,,,,,
QDM_NP_monthly,EC-Earth3,500004,nonparametric,monthly,07,validation,True,,False,monthly,07,1.0,4.831357419354838,262,262,434,195,0,0,0,,109.42953400727434,,,,,,,,,,
QDM_NP_monthly,EC-Earth3,500004,nonparametric,monthly,08,calibration,True,,False,monthly,08,1.0,4.518805,279,279,620,279,0,0,0,,105.2,,,,,,,,,,
QDM_NP_monthly,EC-Earth3,500004,nonparametric,monthly,08,validation,True,,False,monthly,08,1.0,4.518805,279,279,434,205,0,0,0,,117.74765673359524,,,,,,,,,,
QDM_NP_monthly,EC-Earth3,500004,nonparametric,monthly,09,calibration,True,,False,monthly,09,1.0,7.851262666666664,256,256,600,256,0,0,0,,107.2,,,,,,,,,,
QDM_NP_monthly,EC-Earth3,500004,nonparametric,monthly,09,validation,True,,False,monthly,09,1.0,7.851262666666664,256,256,420,138,0,0,0,,118.95085836807623,,,,,,,,,,
QDM_NP_monthly,EC-Earth3,500004,nonparametric,monthly,10,calibration,True,,False,monthly,10,1.0,9.8651,155,155,620,155,0,0,0,,79.3,,,,,,,,,,
QDM_NP_monthly,EC-Earth3,500004,nonparametric,monthly,10,validation,True,,False,monthly,10,1.0,9.8651,155,155,434,87,0,0,0,,81.71795738663036,,,,,,,,,,
QDM_NP_monthly,EC-Earth3,500004,nonparametric,monthly,11,calibration,True,,False,monthly,11,1.0,10.771165000000002,57,57,600,57,0,0,0,,94.4,,,,,,,,,,
QDM_NP_monthly,EC-Earth3,500004,nonparametric,monthly,11,validation,True,,False,monthly,11,1.0,10.771165000000002,57,57,420,49,0,0,0,,92.88073400930351,,,,,,,,,,
QDM_NP_monthly,EC-Earth3,500004,nonparametric,monthly,12,calibration,False,"insufficient wet days obs=9, model=9",True,annual,all,1.0,2.9388304838709645,9,9,620,5,0,0,0,,33.313335613705036,,,,,,,,,,
QDM_NP_monthly,EC-Earth3,500004,nonparametric,monthly,12,validation,False,"insufficient wet days obs=9, model=9",True,annual,all,1.0,2.9388304838709645,9,9,434,8,0,0,0,,39.53190450854014,,,,,,,,,,
QDM_NP_monthly,EC-Earth3,500005,nonparametric,monthly,01,calibration,True,,False,monthly,01,1.0,1.743129677419352,36,36,620,36,0,0,0,,9.5,,,,,,,,,,
QDM_NP_monthly,EC-Earth3,500005,nonparametric,monthly,01,validation,True,,False,monthly,01,1.0,1.743129677419352,36,36,434,29,0,0,0,,8.042604453125904,,,,,,,,,,
QDM_NP_monthly,EC-Earth3,500005,nonparametric,monthly,02,calibration,True,,False,monthly,02,1.0,0.9511819292035393,61,61,565,61,0,0,0,,10.4,,,,,,,,,,
QDM_NP_monthly,EC-Earth3,500005,nonparametric,monthly,02,validation,True,,False,monthly,02,1.0,0.9511819292035393,61,61,395,64,0,0,0,,11.47635126890878,,,,,,,,,,
QDM_NP_monthly,EC-Earth3,500005,nonparametric,monthly,03,calibration,True,,False,monthly,03,1.0,0.5901544516129033,132,132,620,132,0,0,0,,32.3,,,,,,,,,,
QDM_NP_monthly,EC-Earth3,500005,nonparametric,monthly,03,validation,True,,False,monthly,03,1.0,0.5901544516129033,132,132,434,100,0,0,0,,35.73851157443362,,,,,,,,,,
QDM_NP_monthly,EC-Earth3,500005,nonparametric,monthly,04,calibration,True,,False,monthly,04,1.0,0.34761,274,273,600,273,0,0,0,,38.995054945054925,,,,,,,,,,
QDM_NP_monthly,EC-Earth3,500005,nonparametric,monthly,04,validation,True,,False,monthly,04,1.0,0.34761,274,273,420,176,0,0,0,,51.75403809373124,,,,,,,,,,
QDM_NP_monthly,EC-Earth3,500005,nonparametric,monthly,05,calibration,True,,False,monthly,05,1.0,0.1885619838709678,533,533,620,533,0,0,0,,42.0,,,,,,,,,,
QDM_NP_monthly,EC-Earth3,500005,nonparametric,monthly,05,validation,True,,False,monthly,05,1.0,0.1885619838709678,533,533,434,366,0,0,0,,56.50844064557113,,,,,,,,,,
QDM_NP_monthly,EC-Earth3,500005,nonparametric,monthly,06,calibration,True,,False,monthly,06,1.0,0.4102144000000001,536,536,600,536,0,0,0,,24.1,,,,,,,,,,
QDM_NP_monthly,EC-Earth3,500005,nonparametric,monthly,06,validation,True,,False,monthly,06,1.0,0.4102144000000001,536,536,420,373,0,0,0,,22.04017479844644,,,,,,,,,,
QDM_NP_monthly,EC-Earth3,500005,nonparametric,monthly,07,calibration,True,,False,monthly,07,1.0,0.6156317741935483,582,582,620,582,0,0,0,,38.6,,,,,,,,,,
QDM_NP_monthly,EC-Earth3,500005,nonparametric,monthly,07,validation,True,,False,monthly,07,1.0,0.6156317741935483,582,582,434,409,0,0,0,,43.597043655871246,,,,,,,,,,
QDM_NP_monthly,EC-Earth3,500005,nonparametric,monthly,08,calibration,True,,False,monthly,08,1.0,0.4826161774193548,601,601,620,601,0,0,0,,48.3,,,,,,,,,,
QDM_NP_monthly,EC-Earth3,500005,nonparametric,monthly,08,validation,True,,False,monthly,08,1.0,0.4826161774193548,601,601,434,421,0,0,0,,53.1831981015578,,,,,,,,,,
QDM_NP_monthly,EC-Earth3,500005,nonparametric,monthly,09,calibration,True,,False,monthly,09,1.0,0.9881454166666662,575,575,600,575,0,0,0,,47.1,,,,,,,,,,
QDM_NP_monthly,EC-Earth3,500005,nonparametric,monthly,09,validation,True,,False,monthly,09,1.0,0.9881454166666662,575,575,420,388,0,0,0,,53.25302655991701,,,,,,,,,,
QDM_NP_monthly,EC-Earth3,500005,nonparametric,monthly,10,calibration,True,,False,monthly,10,1.0,1.6245741935483882,513,513,620,513,0,0,0,,35.1,,,,,,,,,,
QDM_NP_monthly,EC-Earth3,500005,nonparametric,monthly,10,validation,True,,False,monthly,10,1.0,1.6245741935483882,513,513,434,363,0,0,0,,36.638288955554245,,,,,,,,,,
QDM_NP_monthly,EC-Earth3,500005,nonparametric,monthly,11,calibration,True,,False,monthly,11,1.0,2.0680253333333325,256,256,600,256,0,0,0,,40.1,,,,,,,,,,
QDM_NP_monthly,EC-Earth3,500005,nonparametric,monthly,11,validation,True,,False,monthly,11,1.0,2.0680253333333325,256,256,420,195,0,0,0,,38.675284603133306,,,,,,,,,,
QDM_NP_monthly,EC-Earth3,500005,nonparametric,monthly,12,calibration,True,,False,monthly,12,1.0,1.4411282258064515,75,75,620,75,0,0,0,,33.6,,,,,,,,,,
QDM_NP_monthly,EC-Earth3,500005,nonparametric,monthly,12,validation,True,,False,monthly,12,1.0,1.4411282258064515,75,75,434,84,0,0,0,,43.965740350783356,,,,,,,,,,
QDM_NP_monthly,EC-Earth3,500006,nonparametric,monthly,01,calibration,True,,False,monthly,01,1.0,1.6533774193548394,40,40,620,40,0,0,0,,9.0,,,,,,,,,,
QDM_NP_monthly,EC-Earth3,500006,nonparametric,monthly,01,validation,True,,False,monthly,01,1.0,1.6533774193548394,40,40,434,30,0,0,0,,7.777894155100639,,,,,,,,,,
QDM_NP_monthly,EC-Earth3,500006,nonparametric,monthly,02,calibration,True,,False,monthly,02,1.0,0.945560761061947,62,62,565,62,0,0,0,,9.6,,,,,,,,,,
QDM_NP_monthly,EC-Earth3,500006,nonparametric,monthly,02,validation,True,,False,monthly,02,1.0,0.945560761061947,62,62,395,65,0,0,0,,11.053359583209987,,,,,,,,,,
QDM_NP_monthly,EC-Earth3,500006,nonparametric,monthly,03,calibration,True,,False,monthly,03,1.0,0.58174,135,134,620,134,0,0,0,,30.099253731343286,,,,,,,,,,
QDM_NP_monthly,EC-Earth3,500006,nonparametric,monthly,03,validation,True,,False,monthly,03,1.0,0.58174,135,134,434,102,0,0,0,,33.261377989307334,,,,,,,,,,
QDM_NP_monthly,EC-Earth3,500006,nonparametric,monthly,04,calibration,True,,False,monthly,04,1.0,0.3381936,284,284,600,284,0,0,0,,34.2,,,,,,,,,,
QDM_NP_monthly,EC-Earth3,500006,nonparametric,monthly,04,validation,True,,False,monthly,04,1.0,0.3381936,284,284,420,177,0,0,0,,46.117505372307285,,,,,,,,,,
QDM_NP_monthly,EC-Earth3,500006,nonparametric,monthly,05,calibration,True,,False,monthly,05,1.0,0.1817625161290323,536,536,620,536,0,0,0,,46.1,,,,,,,,,,
QDM_NP_monthly,EC-Earth3,500006,nonparametric,monthly,05,validation,True,,False,monthly,05,1.0,0.1817625161290323,536,536,434,369,0,0,0,,59.88238696858517,,,,,,,,,,
QDM_NP_monthly,EC-Earth3,500006,nonparametric,monthly,06,calibration,True,,False,monthly,06,1.0,0.38815,541,540,600,540,0,0,0,,24.297777777777846,,,,,,,,,,
QDM_NP_monthly,EC-Earth3,500006,nonparametric,monthly,06,validation,True,,False,monthly,06,1.0,0.38815,541,540,420,374,0,0,0,,20.504452052239373,,,,,,,,,,
QDM_NP_monthly,EC-Earth3,500006,nonparametric,monthly,07,calibration,True,,False,monthly,07,1.0,0.5952064516129031,585,585,620,585,0,0,0,,36.3,,,,,,,,,,
QDM_NP_monthly,EC-Earth3,500006,nonparametric,monthly,07,validation,True,,False,monthly,07,1.0,0.5952064516129031,585,585,434,414,0,0,0,,40.2339980541338,,,,,,,,,,
QDM_NP_monthly,EC-Earth3,500006,nonparametric,monthly,08,calibration,True,,False,monthly,08,1.0,0.4691836774193549,603,603,620,603,0,0,0,,43.4,,,,,,,,,,
QDM_NP_monthly,EC-Earth3,500006,nonparametric,monthly,08,validation,True,,False,monthly,08,1.0,0.4691836774193549,603,603,434,422,0,0,0,,47.94351359816728,,,,,,,,,,
QDM_NP_monthly,EC-Earth3,500006,nonparametric,monthly,09,calibration,True,,False,monthly,09,1.0,0.7881948000000016,582,582,600,582,0,0,0,,42.8,,,,,,,,,,
QDM_NP_monthly,EC-Earth3,500006,nonparametric,monthly,09,validation,True,,False,monthly,09,1.0,0.7881948000000016,582,582,420,397,0,0,0,,48.264543690471314,,,,,,,,,,
QDM_NP_monthly,EC-Earth3,500006,nonparametric,monthly,10,calibration,True,,False,monthly,10,1.0,1.4000545161290325,523,523,620,523,0,0,0,,34.1,,,,,,,,,,
QDM_NP_monthly,EC-Earth3,500006,nonparametric,monthly,10,validation,True,,False,monthly,10,1.0,1.4000545161290325,523,523,434,382,0,0,0,,36.07683758428368,,,,,,,,,,
QDM_NP_monthly,EC-Earth3,500006,nonparametric,monthly,11,calibration,True,,False,monthly,11,1.0,1.9004079999999999,268,268,600,268,0,0,0,,35.3,,,,,,,,,,
QDM_NP_monthly,EC-Earth3,500006,nonparametric,monthly,11,validation,True,,False,monthly,11,1.0,1.9004079999999999,268,268,420,213,0,0,0,,34.85088285122001,,,,,,,,,,
QDM_NP_monthly,EC-Earth3,500006,nonparametric,monthly,12,calibration,True,,False,monthly,12,1.0,1.4192270967741936,81,81,620,81,0,0,0,,29.5,,,,,,,,,,
QDM_NP_monthly,EC-Earth3,500006,nonparametric,monthly,12,validation,True,,False,monthly,12,1.0,1.4192270967741936,81,81,434,85,0,0,0,,43.986973604343824,,,,,,,,,,
QDM_NP_monthly,EC-Earth3,500007,nonparametric,monthly,01,calibration,True,,False,monthly,01,1.0,1.7108499999999984,37,37,620,37,0,0,0,,42.6,,,,,,,,,,
QDM_NP_monthly,EC-Earth3,500007,nonparametric,monthly,01,validation,True,,False,monthly,01,1.0,1.7108499999999984,37,37,434,30,0,0,0,,35.77569739817779,,,,,,,,,,
QDM_NP_monthly,EC-Earth3,500007,nonparametric,monthly,02,calibration,True,,False,monthly,02,1.0,0.9429753805309734,63,63,565,63,0,0,0,,22.0,,,,,,,,,,
QDM_NP_monthly,EC-Earth3,500007,nonparametric,monthly,02,validation,True,,False,monthly,02,1.0,0.9429753805309734,63,63,395,65,0,0,0,,28.10339431930228,,,,,,,,,,
QDM_NP_monthly,EC-Earth3,500007,nonparametric,monthly,03,calibration,True,,False,monthly,03,1.0,0.644519758064516,115,115,620,115,0,0,0,,41.2,,,,,,,,,,
QDM_NP_monthly,EC-Earth3,500007,nonparametric,monthly,03,validation,True,,False,monthly,03,1.0,0.644519758064516,115,115,434,87,0,0,0,,45.19709609153745,,,,,,,,,,
QDM_NP_monthly,EC-Earth3,500007,nonparametric,monthly,04,calibration,True,,False,monthly,04,1.0,0.3740432,254,254,600,254,0,0,0,,38.8,,,,,,,,,,
QDM_NP_monthly,EC-Earth3,500007,nonparametric,monthly,04,validation,True,,False,monthly,04,1.0,0.3740432,254,254,420,159,0,0,0,,51.898474485256465,,,,,,,,,,
QDM_NP_monthly,EC-Earth3,500007,nonparametric,monthly,05,calibration,True,,False,monthly,05,1.0,0.24403780645161288,488,488,620,488,0,0,0,,115.6,,,,,,,,,,
QDM_NP_monthly,EC-Earth3,500007,nonparametric,monthly,05,validation,True,,False,monthly,05,1.0,0.24403780645161288,488,488,434,335,0,0,0,,135.9471966891992,,,,,,,,,,
QDM_NP_monthly,EC-Earth3,500007,nonparametric,monthly,06,calibration,True,,False,monthly,06,1.0,0.5404869000000001,498,498,600,498,0,0,0,,22.5,,,,,,,,,,
QDM_NP_monthly,EC-Earth3,500007,nonparametric,monthly,06,validation,True,,False,monthly,06,1.0,0.5404869000000001,498,498,420,341,0,0,0,,19.46551651699332,,,,,,,,,,
QDM_NP_monthly,EC-Earth3,500007,nonparametric,monthly,07,calibration,True,,False,monthly,07,1.0,0.9681725000000001,527,527,620,527,0,0,0,,30.2,,,,,,,,,,
QDM_NP_monthly,EC-Earth3,500007,nonparametric,monthly,07,validation,True,,False,monthly,07,1.0,0.9681725000000001,527,527,434,377,0,0,0,,33.41626956010778,,,,,,,,,,
QDM_NP_monthly,EC-Earth3,500007,nonparametric,monthly,08,calibration,True,,False,monthly,08,1.0,0.7559711774193548,573,573,620,573,0,0,0,,30.1,,,,,,,,,,
QDM_NP_monthly,EC-Earth3,500007,nonparametric,monthly,08,validation,True,,False,monthly,08,1.0,0.7559711774193548,573,573,434,409,0,0,0,,34.44397088680993,,,,,,,,,,
QDM_NP_monthly,EC-Earth3,500007,nonparametric,monthly,09,calibration,True,,False,monthly,09,1.0,1.3610399999999998,555,555,600,555,0,0,0,,37.0,,,,,,,,,,
QDM_NP_monthly,EC-Earth3,500007,nonparametric,monthly,09,validation,True,,False,monthly,09,1.0,1.3610399999999998,555,555,420,366,0,0,0,,40.838360090513405,,,,,,,,,,
QDM_NP_monthly,EC-Earth3,500007,nonparametric,monthly,10,calibration,True,,False,monthly,10,1.0,1.8941885483870968,489,489,620,489,0,0,0,,146.5,,,,,,,,,,
QDM_NP_monthly,EC-Earth3,500007,nonparametric,monthly,10,validation,True,,False,monthly,10,1.0,1.8941885483870968,489,489,434,341,0,0,0,,144.4574143450574,,,,,,,,,,
QDM_NP_monthly,EC-Earth3,500007,nonparametric,monthly,11,calibration,True,,False,monthly,11,1.0,2.4559566666666672,220,220,600,220,0,0,0,,118.3,,,,,,,,,,
QDM_NP_monthly,EC-Earth3,500007,nonparametric,monthly,11,validation,True,,False,monthly,11,1.0,2.4559566666666672,220,220,420,170,0,0,0,,114.48216336394226,,,,,,,,,,
QDM_NP_monthly,EC-Earth3,500007,nonparametric,monthly,12,calibration,True,,False,monthly,12,1.0,1.6132500000000003,55,55,620,55,0,0,0,,18.9,,,,,,,,,,
QDM_NP_monthly,EC-Earth3,500007,nonparametric,monthly,12,validation,True,,False,monthly,12,1.0,1.6132500000000003,55,55,434,65,0,0,0,,24.54390458265284,,,,,,,,,,
QDM_NP_monthly,EC-Earth3,500008,nonparametric,monthly,01,calibration,True,,False,monthly,01,1.0,1.611142580645162,51,51,620,51,0,0,0,,6.2,,,,,,,,,,
QDM_NP_monthly,EC-Earth3,500008,nonparametric,monthly,01,validation,True,,False,monthly,01,1.0,1.611142580645162,51,51,434,44,0,0,0,,5.008232403869067,,,,,,,,,,
QDM_NP_monthly,EC-Earth3,500008,nonparametric,monthly,02,calibration,True,,False,monthly,02,1.0,0.9005665132743358,66,66,565,66,0,0,0,,12.7,,,,,,,,,,
QDM_NP_monthly,EC-Earth3,500008,nonparametric,monthly,02,validation,True,,False,monthly,02,1.0,0.9005665132743358,66,66,395,66,0,0,0,,11.3772801868333,,,,,,,,,,
QDM_NP_monthly,EC-Earth3,500008,nonparametric,monthly,03,calibration,True,,False,monthly,03,1.0,0.43544045161290323,146,146,620,146,0,0,0,,25.1,,,,,,,,,,
QDM_NP_monthly,EC-Earth3,500008,nonparametric,monthly,03,validation,True,,False,monthly,03,1.0,0.43544045161290323,146,146,434,111,0,0,0,,22.370472868015757,,,,,,,,,,
QDM_NP_monthly,EC-Earth3,500008,nonparametric,monthly,04,calibration,True,,False,monthly,04,1.0,0.2311212333333334,323,323,600,323,0,0,0,,23.8,,,,,,,,,,
QDM_NP_monthly,EC-Earth3,500008,nonparametric,monthly,04,validation,True,,False,monthly,04,1.0,0.2311212333333334,323,323,420,220,0,0,0,,15.70860507265689,,,,,,,,,,
QDM_NP_monthly,EC-Earth3,500008,nonparametric,monthly,05,calibration,True,,False,monthly,05,1.0,0.11352540322580651,561,561,620,561,0,0,0,,68.0,,,,,,,,,,
QDM_NP_monthly,EC-Earth3,500008,nonparametric,monthly,05,validation,True,,False,monthly,05,1.0,0.11352540322580651,561,561,434,390,0,0,0,,41.93549782853158,,,,,,,,,,
QDM_NP_monthly,EC-Earth3,500008,nonparametric,monthly,06,calibration,True,,False,monthly,06,1.0,0.23018939999999974,558,558,600,558,0,0,0,,29.7,,,,,,,,,,
QDM_NP_monthly,EC-Earth3,500008,nonparametric,monthly,06,validation,True,,False,monthly,06,1.0,0.23018939999999974,558,558,420,386,0,0,0,,18.264976453095848,,,,,,,,,,
QDM_NP_monthly,EC-Earth3,500008,nonparametric,monthly,07,calibration,True,,False,monthly,07,1.0,0.29579853225806446,601,601,620,601,0,0,0,,21.7,,,,,,,,,,
QDM_NP_monthly,EC-Earth3,500008,nonparametric,monthly,07,validation,True,,False,monthly,07,1.0,0.29579853225806446,601,601,434,421,0,0,0,,25.965488360978636,,,,,,,,,,
QDM_NP_monthly,EC-Earth3,500008,nonparametric,monthly,08,calibration,True,,False,monthly,08,1.0,0.25165467741935477,610,610,620,610,0,0,0,,30.6,,,,,,,,,,
QDM_NP_monthly,EC-Earth3,500008,nonparametric,monthly,08,validation,True,,False,monthly,08,1.0,0.25165467741935477,610,610,434,424,0,0,0,,34.247476782905196,,,,,,,,,,
QDM_NP_monthly,EC-Earth3,500008,nonparametric,monthly,09,calibration,True,,False,monthly,09,1.0,0.12587285,597,597,600,597,0,0,0,,30.2,,,,,,,,,,
QDM_NP_monthly,EC-Earth3,500008,nonparametric,monthly,09,validation,True,,False,monthly,09,1.0,0.12587285,597,597,420,415,0,0,0,,32.325888381469554,,,,,,,,,,
QDM_NP_monthly,EC-Earth3,500008,nonparametric,monthly,10,calibration,True,,False,monthly,10,1.0,0.6478212258064514,557,557,620,557,0,0,0,,47.9,,,,,,,,,,
QDM_NP_monthly,EC-Earth3,500008,nonparametric,monthly,10,validation,True,,False,monthly,10,1.0,0.6478212258064514,557,557,434,390,0,0,0,,38.98591446392544,,,,,,,,,,
QDM_NP_monthly,EC-Earth3,500008,nonparametric,monthly,11,calibration,True,,False,monthly,11,1.0,1.0986,338,337,600,337,0,0,0,,43.58145400593453,,,,,,,,,,
QDM_NP_monthly,EC-Earth3,500008,nonparametric,monthly,11,validation,True,,False,monthly,11,1.0,1.0986,338,337,420,287,0,0,0,,42.25925053908193,,,,,,,,,,
QDM_NP_monthly,EC-Earth3,500008,nonparametric,monthly,12,calibration,True,,False,monthly,12,1.0,1.2287709677419356,147,147,620,147,0,0,0,,11.1,,,,,,,,,,
QDM_NP_monthly,EC-Earth3,500008,nonparametric,monthly,12,validation,True,,False,monthly,12,1.0,1.2287709677419356,147,147,434,135,0,0,0,,21.972433404227786,,,,,,,,,,
QDM_NP_monthly,EC-Earth3,500009,nonparametric,monthly,01,calibration,True,,False,monthly,01,1.0,1.7070909677419357,44,44,620,44,0,0,0,,16.7,,,,,,,,,,
QDM_NP_monthly,EC-Earth3,500009,nonparametric,monthly,01,validation,True,,False,monthly,01,1.0,1.7070909677419357,44,44,434,40,0,0,0,,13.056762987006943,,,,,,,,,,
QDM_NP_monthly,EC-Earth3,500009,nonparametric,monthly,02,calibration,True,,False,monthly,02,1.0,0.928983752212389,63,63,565,63,0,0,0,,16.0,,,,,,,,,,
QDM_NP_monthly,EC-Earth3,500009,nonparametric,monthly,02,validation,True,,False,monthly,02,1.0,0.928983752212389,63,63,395,62,0,0,0,,11.003928341890354,,,,,,,,,,
QDM_NP_monthly,EC-Earth3,500009,nonparametric,monthly,03,calibration,True,,False,monthly,03,1.0,0.4918403225806451,130,130,620,130,0,0,0,,17.7,,,,,,,,,,
QDM_NP_monthly,EC-Earth3,500009,nonparametric,monthly,03,validation,True,,False,monthly,03,1.0,0.4918403225806451,130,130,434,98,0,0,0,,17.20130498765106,,,,,,,,,,
QDM_NP_monthly,EC-Earth3,500009,nonparametric,monthly,04,calibration,True,,False,monthly,04,1.0,0.25606,297,296,600,296,0,0,0,,25.096452702702763,,,,,,,,,,
QDM_NP_monthly,EC-Earth3,500009,nonparametric,monthly,04,validation,True,,False,monthly,04,1.0,0.25606,297,296,420,198,0,0,0,,19.508156012583616,,,,,,,,,,
QDM_NP_monthly,EC-Earth3,500009,nonparametric,monthly,05,calibration,True,,False,monthly,05,1.0,0.13733,541,539,620,539,0,0,0,,48.791836734693995,,,,,,,,,,
QDM_NP_monthly,EC-Earth3,500009,nonparametric,monthly,05,validation,True,,False,monthly,05,1.0,0.13733,541,539,434,374,0,0,0,,33.75606824285106,,,,,,,,,,
QDM_NP_monthly,EC-Earth3,500009,nonparametric,monthly,06,calibration,True,,False,monthly,06,1.0,0.2559760833333334,547,547,600,547,0,0,0,,22.8,,,,,,,,,,
QDM_NP_monthly,EC-Earth3,500009,nonparametric,monthly,06,validation,True,,False,monthly,06,1.0,0.2559760833333334,547,547,420,383,0,0,0,,17.622301487296763,,,,,,,,,,
QDM_NP_monthly,EC-Earth3,500009,nonparametric,monthly,07,calibration,True,,False,monthly,07,1.0,0.37870206451612903,592,592,620,592,0,0,0,,43.4,,,,,,,,,,
QDM_NP_monthly,EC-Earth3,500009,nonparametric,monthly,07,validation,True,,False,monthly,07,1.0,0.37870206451612903,592,592,434,415,0,0,0,,48.89651734180721,,,,,,,,,,
QDM_NP_monthly,EC-Earth3,500009,nonparametric,monthly,08,calibration,True,,False,monthly,08,1.0,0.2971465806451615,603,603,620,603,0,0,0,,40.2,,,,,,,,,,
QDM_NP_monthly,EC-Earth3,500009,nonparametric,monthly,08,validation,True,,False,monthly,08,1.0,0.2971465806451615,603,603,434,421,0,0,0,,44.41583587647681,,,,,,,,,,
QDM_NP_monthly,EC-Earth3,500009,nonparametric,monthly,09,calibration,True,,False,monthly,09,1.0,0.3177091833333328,587,587,600,587,0,0,0,,31.5,,,,,,,,,,
QDM_NP_monthly,EC-Earth3,500009,nonparametric,monthly,09,validation,True,,False,monthly,09,1.0,0.3177091833333328,587,587,420,405,0,0,0,,33.84811302810001,,,,,,,,,,
QDM_NP_monthly,EC-Earth3,500009,nonparametric,monthly,10,calibration,True,,False,monthly,10,1.0,0.85221,535,535,620,535,0,0,0,,39.9,,,,,,,,,,
QDM_NP_monthly,EC-Earth3,500009,nonparametric,monthly,10,validation,True,,False,monthly,10,1.0,0.85221,535,535,434,374,0,0,0,,32.33242131253951,,,,,,,,,,
QDM_NP_monthly,EC-Earth3,500009,nonparametric,monthly,11,calibration,True,,False,monthly,11,1.0,1.3532278333333334,293,293,600,293,0,0,0,,25.4,,,,,,,,,,
QDM_NP_monthly,EC-Earth3,500009,nonparametric,monthly,11,validation,True,,False,monthly,11,1.0,1.3532278333333334,293,293,420,255,0,0,0,,24.87547237742812,,,,,,,,,,
QDM_NP_monthly,EC-Earth3,500009,nonparametric,monthly,12,calibration,True,,False,monthly,12,1.0,1.449572419354839,101,101,620,101,0,0,0,,12.4,,,,,,,,,,
QDM_NP_monthly,EC-Earth3,500009,nonparametric,monthly,12,validation,True,,False,monthly,12,1.0,1.449572419354839,101,101,434,114,0,0,0,,20.447229214328782,,,,,,,,,,
QDM_NP_monthly,EC-Earth3,500201,nonparametric,monthly,01,calibration,True,,False,monthly,01,1.0,1.8121141935483867,32,32,620,32,0,0,0,,87.2,,,,,,,,,,
QDM_NP_monthly,EC-Earth3,500201,nonparametric,monthly,01,validation,True,,False,monthly,01,1.0,1.8121141935483867,32,32,434,24,0,0,0,,72.92320949903699,,,,,,,,,,
QDM_NP_monthly,EC-Earth3,500201,nonparametric,monthly,02,calibration,True,,False,monthly,02,1.0,1.0891396460176994,49,49,565,49,0,0,0,,43.3,,,,,,,,,,
QDM_NP_monthly,EC-Earth3,500201,nonparametric,monthly,02,validation,True,,False,monthly,02,1.0,1.0891396460176994,49,49,395,54,0,0,0,,55.07140483977989,,,,,,,,,,
QDM_NP_monthly,EC-Earth3,500201,nonparametric,monthly,03,calibration,True,,False,monthly,03,1.0,0.9599752903225807,68,68,620,68,0,0,0,,79.0,,,,,,,,,,
QDM_NP_monthly,EC-Earth3,500201,nonparametric,monthly,03,validation,True,,False,monthly,03,1.0,0.9599752903225807,68,68,434,45,0,0,0,,86.5901667669184,,,,,,,,,,
QDM_NP_monthly,EC-Earth3,500201,nonparametric,monthly,04,calibration,True,,False,monthly,04,1.0,0.6446836333333332,82,82,600,82,0,0,0,,65.3,,,,,,,,,,
QDM_NP_monthly,EC-Earth3,500201,nonparametric,monthly,04,validation,True,,False,monthly,04,1.0,0.6446836333333332,82,82,420,68,0,0,0,,87.58713453018176,,,,,,,,,,
QDM_NP_monthly,EC-Earth3,500201,nonparametric,monthly,05,calibration,True,,False,monthly,05,1.0,0.7152804516129034,182,182,620,182,0,0,0,,197.3,,,,,,,,,,
QDM_NP_monthly,EC-Earth3,500201,nonparametric,monthly,05,validation,True,,False,monthly,05,1.0,0.7152804516129034,182,182,434,137,0,0,0,,238.7121261111023,,,,,,,,,,
QDM_NP_monthly,EC-Earth3,500201,nonparametric,monthly,06,calibration,True,,False,monthly,06,1.0,2.093724166666666,205,205,600,205,0,0,0,,43.7,,,,,,,,,,
QDM_NP_monthly,EC-Earth3,500201,nonparametric,monthly,06,validation,True,,False,monthly,06,1.0,2.093724166666666,205,205,420,169,0,0,0,,31.159518288528854,,,,,,,,,,
QDM_NP_monthly,EC-Earth3,500201,nonparametric,monthly,07,calibration,True,,False,monthly,07,1.0,6.230162580645162,228,228,620,228,0,0,0,,52.2,,,,,,,,,,
QDM_NP_monthly,EC-Earth3,500201,nonparametric,monthly,07,validation,True,,False,monthly,07,1.0,6.230162580645162,228,228,434,164,0,0,0,,56.98966102151257,,,,,,,,,,
QDM_NP_monthly,EC-Earth3,500201,nonparametric,monthly,08,calibration,True,,False,monthly,08,1.0,5.390639999999999,248,248,620,248,0,0,0,,41.8,,,,,,,,,,
QDM_NP_monthly,EC-Earth3,500201,nonparametric,monthly,08,validation,True,,False,monthly,08,1.0,5.390639999999999,248,248,434,187,0,0,0,,48.069718509648176,,,,,,,,,,
QDM_NP_monthly,EC-Earth3,500201,nonparametric,monthly,09,calibration,True,,False,monthly,09,1.0,8.86028,216,216,600,216,0,0,0,,57.5,,,,,,,,,,
QDM_NP_monthly,EC-Earth3,500201,nonparametric,monthly,09,validation,True,,False,monthly,09,1.0,8.86028,216,216,420,120,0,0,0,,61.10438867354308,,,,,,,,,,
QDM_NP_monthly,EC-Earth3,500201,nonparametric,monthly,10,calibration,True,,False,monthly,10,1.0,6.014840645161289,257,257,620,257,0,0,0,,296.9,,,,,,,,,,
QDM_NP_monthly,EC-Earth3,500201,nonparametric,monthly,10,validation,True,,False,monthly,10,1.0,6.014840645161289,257,257,434,181,0,0,0,,293.3560212320688,,,,,,,,,,
QDM_NP_monthly,EC-Earth3,500201,nonparametric,monthly,11,calibration,True,,False,monthly,11,1.0,5.155374500000002,129,129,600,129,0,0,0,,240.1,,,,,,,,,,
QDM_NP_monthly,EC-Earth3,500201,nonparametric,monthly,11,validation,True,,False,monthly,11,1.0,5.155374500000002,129,129,420,92,0,0,0,,229.11669686877553,,,,,,,,,,
QDM_NP_monthly,EC-Earth3,500201,nonparametric,monthly,12,calibration,False,"insufficient wet days obs=23, model=23",True,annual,all,1.0,2.157307580645161,23,23,620,7,0,0,0,,31.47535306845767,,,,,,,,,,
QDM_NP_monthly,EC-Earth3,500201,nonparametric,monthly,12,validation,False,"insufficient wet days obs=23, model=23",True,annual,all,1.0,2.157307580645161,23,23,434,10,0,0,0,,37.205698180710236,,,,,,,,,,
QDM_NP_monthly,EC-Earth3,500202,nonparametric,monthly,01,calibration,False,"insufficient wet days obs=17, model=17",True,annual,all,1.0,2.600601129032257,17,17,620,26,0,0,0,,19.077142725479142,,,,,,,,,,
QDM_NP_monthly,EC-Earth3,500202,nonparametric,monthly,01,validation,False,"insufficient wet days obs=17, model=17",True,annual,all,1.0,2.600601129032257,17,17,434,17,0,0,0,,12.854616538618902,,,,,,,,,,
QDM_NP_monthly,EC-Earth3,500202,nonparametric,monthly,02,calibration,False,"insufficient wet days obs=27, model=27",True,annual,all,1.0,1.4828297345132744,27,27,565,5,0,0,0,,11.324678427316561,,,,,,,,,,
QDM_NP_monthly,EC-Earth3,500202,nonparametric,monthly,02,validation,False,"insufficient wet days obs=27, model=27",True,annual,all,1.0,1.4828297345132744,27,27,395,13,0,0,0,,10.727183861712994,,,,,,,,,,
QDM_NP_monthly,EC-Earth3,500202,nonparametric,monthly,03,calibration,True,,False,monthly,03,1.0,1.4174645161290356,30,30,620,30,0,0,0,,176.0,,,,,,,,,,
QDM_NP_monthly,EC-Earth3,500202,nonparametric,monthly,03,validation,True,,False,monthly,03,1.0,1.4174645161290356,30,30,434,23,0,0,0,,148.15997118371408,,,,,,,,,,
QDM_NP_monthly,EC-Earth3,500202,nonparametric,monthly,04,calibration,True,,False,monthly,04,1.0,0.63074495,63,63,600,63,0,0,0,,51.9,,,,,,,,,,
QDM_NP_monthly,EC-Earth3,500202,nonparametric,monthly,04,validation,True,,False,monthly,04,1.0,0.63074495,63,63,420,51,0,0,0,,37.37531574834024,,,,,,,,,,
QDM_NP_monthly,EC-Earth3,500202,nonparametric,monthly,05,calibration,True,,False,monthly,05,1.0,0.537534,186,186,620,186,0,0,0,,225.3,,,,,,,,,,
QDM_NP_monthly,EC-Earth3,500202,nonparametric,monthly,05,validation,True,,False,monthly,05,1.0,0.537534,186,186,434,146,0,0,0,,141.13526356879484,,,,,,,,,,
QDM_NP_monthly,EC-Earth3,500202,nonparametric,monthly,06,calibration,True,,False,monthly,06,1.0,1.3231279999999972,192,192,600,192,0,0,0,,53.4,,,,,,,,,,
QDM_NP_monthly,EC-Earth3,500202,nonparametric,monthly,06,validation,True,,False,monthly,06,1.0,1.3231279999999972,192,192,420,143,0,0,0,,33.95827541328533,,,,,,,,,,
QDM_NP_monthly,EC-Earth3,500202,nonparametric,monthly,07,calibration,True,,False,monthly,07,1.0,2.701585161290322,206,206,620,206,0,0,0,,85.8,,,,,,,,,,
QDM_NP_monthly,EC-Earth3,500202,nonparametric,monthly,07,validation,True,,False,monthly,07,1.0,2.701585161290322,206,206,434,145,0,0,0,,100.76620072948162,,,,,,,,,,
QDM_NP_monthly,EC-Earth3,500202,nonparametric,monthly,08,calibration,True,,False,monthly,08,1.0,2.7395645161290325,200,200,620,200,0,0,0,,52.5,,,,,,,,,,
QDM_NP_monthly,EC-Earth3,500202,nonparametric,monthly,08,validation,True,,False,monthly,08,1.0,2.7395645161290325,200,200,434,139,0,0,0,,60.77863300940062,,,,,,,,,,
QDM_NP_monthly,EC-Earth3,500202,nonparametric,monthly,09,calibration,True,,False,monthly,09,1.0,4.734030666666665,244,244,600,244,0,0,0,,104.5,,,,,,,,,,
QDM_NP_monthly,EC-Earth3,500202,nonparametric,monthly,09,validation,True,,False,monthly,09,1.0,4.734030666666665,244,244,420,118,0,0,0,,111.34119263446182,,,,,,,,,,
QDM_NP_monthly,EC-Earth3,500202,nonparametric,monthly,10,calibration,True,,False,monthly,10,1.0,3.928496774193549,250,250,620,250,0,0,0,,152.0,,,,,,,,,,
QDM_NP_monthly,EC-Earth3,500202,nonparametric,monthly,10,validation,True,,False,monthly,10,1.0,3.928496774193549,250,250,434,180,0,0,0,,146.83654336207354,,,,,,,,,,
QDM_NP_monthly,EC-Earth3,500202,nonparametric,monthly,11,calibration,True,,False,monthly,11,1.0,3.2247346666666674,131,131,600,131,0,0,0,,298.5,,,,,,,,,,
QDM_NP_monthly,EC-Earth3,500202,nonparametric,monthly,11,validation,True,,False,monthly,11,1.0,3.2247346666666674,131,131,420,96,0,0,0,,265.8106890131697,,,,,,,,,,
QDM_NP_monthly,EC-Earth3,500202,nonparametric,monthly,12,calibration,False,"insufficient wet days obs=13, model=13",True,annual,all,1.0,2.597519677419354,13,13,620,25,0,0,0,,58.544778446441654,,,,,,,,,,
QDM_NP_monthly,EC-Earth3,500202,nonparametric,monthly,12,validation,False,"insufficient wet days obs=13, model=13",True,annual,all,1.0,2.597519677419354,13,13,434,39,0,0,0,,60.95525663922925,,,,,,,,,,
QDM_NP_monthly,EC-Earth3,500301,nonparametric,monthly,01,calibration,False,"insufficient wet days obs=19, model=19",True,annual,all,1.0,2.50008887096774,19,19,620,40,0,0,0,,19.429405606043776,,,,,,,,,,
QDM_NP_monthly,EC-Earth3,500301,nonparametric,monthly,01,validation,False,"insufficient wet days obs=19, model=19",True,annual,all,1.0,2.50008887096774,19,19,434,35,0,0,0,,14.845835920477114,,,,,,,,,,
QDM_NP_monthly,EC-Earth3,500301,nonparametric,monthly,02,calibration,False,"insufficient wet days obs=27, model=27",True,annual,all,1.0,1.4828297345132744,27,27,565,12,0,0,0,,14.418244725054217,,,,,,,,,,
QDM_NP_monthly,EC-Earth3,500301,nonparametric,monthly,02,validation,False,"insufficient wet days obs=27, model=27",True,annual,all,1.0,1.4828297345132744,27,27,395,22,0,0,0,,12.186915524718133,,,,,,,,,,
QDM_NP_monthly,EC-Earth3,500301,nonparametric,monthly,03,calibration,True,,False,monthly,03,1.0,1.070462096774188,45,45,620,45,0,0,0,,83.8,,,,,,,,,,
QDM_NP_monthly,EC-Earth3,500301,nonparametric,monthly,03,validation,True,,False,monthly,03,1.0,1.070462096774188,45,45,434,35,0,0,0,,73.60300628913483,,,,,,,,,,
QDM_NP_monthly,EC-Earth3,500301,nonparametric,monthly,04,calibration,True,,False,monthly,04,1.0,0.5017964,104,104,600,104,0,0,0,,45.2,,,,,,,,,,
QDM_NP_monthly,EC-Earth3,500301,nonparametric,monthly,04,validation,True,,False,monthly,04,1.0,0.5017964,104,104,420,73,0,0,0,,40.254468655247784,,,,,,,,,,
QDM_NP_monthly,EC-Earth3,500301,nonparametric,monthly,05,calibration,True,,False,monthly,05,1.0,0.4484104193548387,238,238,620,238,0,0,0,,188.0,,,,,,,,,,
QDM_NP_monthly,EC-Earth3,500301,nonparametric,monthly,05,validation,True,,False,monthly,05,1.0,0.4484104193548387,238,238,434,184,0,0,0,,120.80744283450532,,,,,,,,,,
QDM_NP_monthly,EC-Earth3,500301,nonparametric,monthly,06,calibration,True,,False,monthly,06,1.0,1.3084503333333333,193,193,600,193,0,0,0,,80.3,,,,,,,,,,
QDM_NP_monthly,EC-Earth3,500301,nonparametric,monthly,06,validation,True,,False,monthly,06,1.0,1.3084503333333333,193,193,420,145,0,0,0,,54.92459431283151,,,,,,,,,,
QDM_NP_monthly,EC-Earth3,500301,nonparametric,monthly,07,calibration,True,,False,monthly,07,1.0,2.122664516129032,240,240,620,240,0,0,0,,82.0,,,,,,,,,,
QDM_NP_monthly,EC-Earth3,500301,nonparametric,monthly,07,validation,True,,False,monthly,07,1.0,2.122664516129032,240,240,434,171,0,0,0,,99.21084211680859,,,,,,,,,,
QDM_NP_monthly,EC-Earth3,500301,nonparametric,monthly,08,calibration,True,,False,monthly,08,1.0,2.46605,217,217,620,217,0,0,0,,72.7,,,,,,,,,,
QDM_NP_monthly,EC-Earth3,500301,nonparametric,monthly,08,validation,True,,False,monthly,08,1.0,2.46605,217,217,434,150,0,0,0,,79.49397499865744,,,,,,,,,,
QDM_NP_monthly,EC-Earth3,500301,nonparametric,monthly,09,calibration,True,,False,monthly,09,1.0,3.4072500000000003,300,300,600,300,0,0,0,,72.5,,,,,,,,,,
QDM_NP_monthly,EC-Earth3,500301,nonparametric,monthly,09,validation,True,,False,monthly,09,1.0,3.4072500000000003,300,300,420,151,0,0,0,,75.26411124160656,,,,,,,,,,
QDM_NP_monthly,EC-Earth3,500301,nonparametric,monthly,10,calibration,True,,False,monthly,10,1.0,2.8784387096774195,300,300,620,300,0,0,0,,105.1,,,,,,,,,,
QDM_NP_monthly,EC-Earth3,500301,nonparametric,monthly,10,validation,True,,False,monthly,10,1.0,2.8784387096774195,300,300,434,219,0,0,0,,92.01906878407512,,,,,,,,,,
QDM_NP_monthly,EC-Earth3,500301,nonparametric,monthly,11,calibration,True,,False,monthly,11,1.0,3.0753450000000004,138,138,600,138,0,0,0,,180.9,,,,,,,,,,
QDM_NP_monthly,EC-Earth3,500301,nonparametric,monthly,11,validation,True,,False,monthly,11,1.0,3.0753450000000004,138,138,420,100,0,0,0,,172.57424496273342,,,,,,,,,,
QDM_NP_monthly,EC-Earth3,500301,nonparametric,monthly,12,calibration,False,"insufficient wet days obs=11, model=11",True,annual,all,1.0,2.7945811290322573,11,11,620,51,0,0,0,,58.94911252288838,,,,,,,,,,
QDM_NP_monthly,EC-Earth3,500301,nonparametric,monthly,12,validation,False,"insufficient wet days obs=11, model=11",True,annual,all,1.0,2.7945811290322573,11,11,434,62,0,0,0,,59.93780172479362,,,,,,,,,,
QDM_P_annual,EC-Earth3,500001,parametric,annual,all,calibration,True,,False,annual,all,1.0,2.137311225188227,1625,1625,7305,1625,0,0,0,650.0,106.24700400363189,pearson3,10122.10670092022,0.06606216550200539,1.308698575550409e-06,3.0,pearson3,8329.119955393791,0.03580904503173293,0.03023394954007219,3.0
QDM_P_annual,EC-Earth3,500001,parametric,annual,all,validation,True,,False,annual,all,1.0,2.137311225188227,1625,1625,5113,1172,0,0,0,650.0,68.734340209137,pearson3,10122.10670092022,0.06606216550200539,1.308698575550409e-06,3.0,pearson3,8329.119955393791,0.03580904503173293,0.03023394954007219,3.0
QDM_P_annual,EC-Earth3,500002,parametric,annual,all,calibration,True,,False,annual,all,1.0,7.494576536618753,1618,1618,7305,1618,0,0,0,735.0,222.12687736325097,lognorm,12074.238361578493,0.04544683548632386,0.002422384305089989,2.0,pearson3,9293.80399991812,0.041163058620064585,0.008077359311077238,3.0
QDM_P_annual,EC-Earth3,500002,parametric,annual,all,validation,True,,False,annual,all,1.0,7.494576536618753,1618,1618,5113,1173,0,0,0,735.0,268.56659783114844,lognorm,12074.238361578493,0.04544683548632386,0.002422384305089989,2.0,pearson3,9293.80399991812,0.041163058620064585,0.008077359311077238,3.0
QDM_P_annual,EC-Earth3,500003,parametric,annual,all,calibration,True,,False,annual,all,1.0,1.9360975222450374,1781,1781,7305,1781,0,0,0,906.5,161.4314156932281,pearson3,11448.829806981652,0.10497782609247319,1.5229195174148545e-17,3.0,pearson3,8913.24269708843,0.07720492649252075,1.1136404366036148e-09,3.0
QDM_P_annual,EC-Earth3,500003,parametric,annual,all,validation,True,,False,annual,all,1.0,1.9360975222450374,1781,1781,5113,1278,0,0,0,906.5,107.84195026885673,pearson3,11448.829806981652,0.10497782609247319,1.5229195174148545e-17,3.0,pearson3,8913.24269708843,0.07720492649252075,1.1136404366036148e-09,3.0
QDM_P_annual,EC-Earth3,500004,parametric,annual,all,calibration,True,,False,annual,all,1.0,4.108589815195069,1613,1613,7305,1613,0,0,0,536.0,96.11808457201616,pearson3,10065.358052585754,0.15275734683182612,2.4917916710714816e-33,3.0,pearson3,9199.112900186197,0.03983286738953862,0.01164269266379842,3.0
QDM_P_annual,EC-Earth3,500004,parametric,annual,all,validation,True,,False,annual,all,1.0,4.108589815195069,1613,1613,5113,1125,0,0,0,536.0,96.5023163577046,pearson3,10065.358052585754,0.15275734683182612,2.4917916710714816e-33,3.0,pearson3,9199.112900186197,0.03983286738953862,0.01164269266379842,3.0
QDM_P_annual,EC-Earth3,500005,parametric,annual,all,calibration,True,,False,annual,all,1.0,0.669,4174,4173,7305,4173,0,0,0,241.5,33.58312377699588,pearson3,19862.804948041383,0.05405911218174175,4.830027828893569e-11,3.0,pearson3,19923.761233417303,0.073497174537976,4.7597179994367026e-20,3.0
QDM_P_annual,EC-Earth3,500005,parametric,annual,all,validation,True,,False,annual,all,1.0,0.669,4174,4173,5113,2989,0,0,0,241.5,33.159760809922574,pearson3,19862.804948041383,0.05405911218174175,4.830027828893569e-11,3.0,pearson3,19923.761233417303,0.073497174537976,4.7597179994367026e-20,3.0
QDM_P_annual,EC-Earth3,500006,parametric,annual,all,calibration,True,,False,annual,all,1.0,0.6421800068446266,4240,4240,7305,4240,0,0,0,230.5,25.11238831671962,pearson3,20413.203469027096,0.036628927336536776,2.2286890218018187e-05,3.0,pearson3,20333.68645182124,0.1327615642042942,1.2507272335684551e-65,3.0
QDM_P_annual,EC-Earth3,500006,parametric,annual,all,validation,True,,False,annual,all,1.0,0.6421800068446266,4240,4240,5113,3038,0,0,0,230.5,24.816864346723932,pearson3,20413.203469027096,0.036628927336536776,2.2286890218018187e-05,3.0,pearson3,20333.68645182124,0.1327615642042942,1.2507272335684551e-65,3.0
QDM_P_annual,EC-Earth3,500007,parametric,annual,all,calibration,True,,False,annual,all,1.0,0.7870583600273786,3874,3874,7305,3874,0,0,0,732.5,34.563962204880696,pearson3,17230.616975185676,0.06574637276932147,5.292661001669802e-15,3.0,pearson3,19104.25444954366,0.0753964353949288,1.3420269846734646e-19,3.0
QDM_P_annual,EC-Earth3,500007,parametric,annual,all,validation,True,,False,annual,all,1.0,0.7870583600273786,3874,3874,5113,2796,0,0,0,732.5,34.753478688146515,pearson3,17230.616975185676,0.06574637276932147,5.292661001669802e-15,3.0,pearson3,19104.25444954366,0.0753964353949288,1.3420269846734646e-19,3.0
QDM_P_annual,EC-Earth3,500008,parametric,annual,all,calibration,True,,False,annual,all,1.0,0.4549,4555,4552,7305,4552,0,0,0,340.0,17.79087206145369,pearson3,21688.325117756165,0.04087479477451217,4.7518985587990795e-07,3.0,genextreme,17313.946988292682,0.04105872311909042,4.183539009068622e-07,3.0
QDM_P_annual,EC-Earth3,500008,parametric,annual,all,validation,True,,False,annual,all,1.0,0.4549,4555,4552,5113,3271,0,0,0,340.0,13.507412370071886,pearson3,21688.325117756165,0.04087479477451217,4.7518985587990795e-07,3.0,genextreme,17313.946988292682,0.04105872311909042,4.183539009068622e-07,3.0
QDM_P_annual,EC-Earth3,500009,parametric,annual,all,calibration,True,,False,annual,all,1.0,0.50879,4333,4332,7305,4332,0,0,0,244.0,53.43856089516982,pearson3,20525.74494531024,0.059400863394250214,9.87086662374202e-14,3.0,pearson3,16687.752261717735,0.08983747060166958,7.14011882923687e-31,3.0
QDM_P_annual,EC-Earth3,500009,parametric,annual,all,validation,True,,False,annual,all,1.0,0.50879,4333,4332,5113,3125,0,0,0,244.0,37.5743942792298,pearson3,20525.74494531024,0.059400863394250214,9.87086662374202e-14,3.0,pearson3,16687.752261717735,0.08983747060166958,7.14011882923687e-31,3.0
QDM_P_annual,EC-Earth3,500201,parametric,annual,all,calibration,True,,False,annual,all,1.0,3.6299826283367556,1719,1719,7305,1719,0,0,0,1484.5,55.8471317334233,pearson3,11197.427898063554,0.049940389871094615,0.00036400699091176746,3.0,pearson3,9855.684268805473,0.040945663800573184,0.0060995755380755514,3.0
QDM_P_annual,EC-Earth3,500201,parametric,annual,all,validation,True,,False,annual,all,1.0,3.6299826283367556,1719,1719,5113,1192,0,0,0,1484.5,56.35840423620684,pearson3,11197.427898063554,0.049940389871094615,0.00036400699091176746,3.0,pearson3,9855.684268805473,0.040945663800573184,0.0060995755380755514,3.0
QDM_P_annual,EC-Earth3,500202,parametric,annual,all,calibration,True,,False,annual,all,1.0,2.2474067077344286,1559,1559,7305,1559,0,0,0,1492.5,74.6129934754552,pearson3,10148.229936002863,0.07048159678310106,3.525788511651437e-07,3.0,pearson3,8073.41898095957,0.044064471063260696,0.004552189530069168,3.0
QDM_P_annual,EC-Earth3,500202,parametric,annual,all,validation,True,,False,annual,all,1.0,2.2474067077344286,1559,1559,5113,1111,0,0,0,1492.5,48.850619594285924,pearson3,10148.229936002863,0.07048159678310106,3.525788511651437e-07,3.0,pearson3,8073.41898095957,0.044064471063260696,0.004552189530069168,3.0
QDM_P_annual,EC-Earth3,500301,parametric,annual,all,calibration,True,,False,annual,all,1.0,1.8650009445585216,1832,1832,7305,1832,0,0,0,940.0,67.38846952049211,pearson3,12065.451149883567,0.09597327414620738,3.87221829633173e-15,3.0,pearson3,9101.72540174862,0.05587607906460723,2.060029013334824e-05,3.0
QDM_P_annual,EC-Earth3,500301,parametric,annual,all,validation,True,,False,annual,all,1.0,1.8650009445585216,1832,1832,5113,1327,0,0,0,940.0,45.958297667018364,pearson3,12065.451149883567,0.09597327414620738,3.87221829633173e-15,3.0,pearson3,9101.72540174862,0.05587607906460723,2.060029013334824e-05,3.0
QDM_P_monthly,EC-Earth3,500001,parametric,monthly,01,calibration,False,"insufficient wet days obs=4, model=4",True,annual,all,1.0,4.491309677419355,4,4,620,29,0,0,0,,,,,,,,,,,,
QDM_P_monthly,EC-Earth3,500001,parametric,monthly,01,validation,False,"insufficient wet days obs=4, model=4",True,annual,all,1.0,4.491309677419355,4,4,434,20,0,0,0,,,,,,,,,,,,
QDM_P_monthly,EC-Earth3,500001,parametric,monthly,02,calibration,False,"insufficient wet days obs=18, model=18",True,annual,all,1.0,1.6171120353982305,18,18,565,7,0,0,0,,,,,,,,,,,,
QDM_P_monthly,EC-Earth3,500001,parametric,monthly,02,validation,False,"insufficient wet days obs=18, model=18",True,annual,all,1.0,1.6171120353982305,18,18,395,14,0,0,0,,,,,,,,,,,,
QDM_P_monthly,EC-Earth3,500001,parametric,monthly,03,calibration,False,"insufficient wet days obs=22, model=22",True,annual,all,1.0,1.5555880645161289,22,22,620,10,0,0,0,,,,,,,,,,,,
QDM_P_monthly,EC-Earth3,500001,parametric,monthly,03,validation,False,"insufficient wet days obs=22, model=22",True,annual,all,1.0,1.5555880645161289,22,22,434,5,0,0,0,,,,,,,,,,,,
QDM_P_monthly,EC-Earth3,500001,parametric,monthly,04,calibration,True,,False,monthly,04,1.0,0.49676016666666667,110,110,600,110,0,0,0,438.0,90.6388090702517,pearson3,748.8471980051573,0.1142221324056068,0.10475034852532972,3.0,pearson3,-51.81649580408709,0.04365122452871631,0.9788921224658974,3.0
QDM_P_monthly,EC-Earth3,500001,parametric,monthly,04,validation,True,,False,monthly,04,1.0,0.49676016666666667,110,110,420,74,0,0,0,438.0,54.01528662430676,pearson3,748.8471980051573,0.1142221324056068,0.10475034852532972,3.0,pearson3,-51.81649580408709,0.04365122452871631,0.9788921224658974,3.0
QDM_P_monthly,EC-Earth3,500001,parametric,monthly,05,calibration,True,,False,monthly,05,1.0,0.4920974354838709,207,207,620,207,0,0,0,650.0,73.30069853408406,pearson3,1394.339393455901,0.06671172395585084,0.3020642173529354,3.0,genextreme,111.32664024966127,0.04994450005902029,0.6612397112302926,3.0
QDM_P_monthly,EC-Earth3,500001,parametric,monthly,05,validation,True,,False,monthly,05,1.0,0.4920974354838709,207,207,434,164,3,0,0,650.0,41.42958054877847,pearson3,1394.339393455901,0.06671172395585084,0.3020642173529354,3.0,genextreme,111.32664024966127,0.04994450005902029,0.6612397112302926,3.0
QDM_P_monthly,EC-Earth3,500001,parametric,monthly,06,calibration,True,,False,monthly,06,1.0,1.357385,190,190,600,190,0,0,0,294.5,104.19972082129688,pearson3,1088.8697888231645,0.05630711354882123,0.5639641475741675,3.0,pearson3,792.3654301457575,0.06420940006359066,0.3969727243558232,3.0
QDM_P_monthly,EC-Earth3,500001,parametric,monthly,06,validation,True,,False,monthly,06,1.0,1.357385,190,190,420,143,0,0,0,294.5,63.54629707501682,pearson3,1088.8697888231645,0.05630711354882123,0.5639641475741675,3.0,pearson3,792.3654301457575,0.06420940006359066,0.3969727243558232,3.0
QDM_P_monthly,EC-Earth3,500001,parametric,monthly,07,calibration,True,,False,monthly,07,1.0,1.9770700000000003,259,259,620,259,0,0,0,411.0,48.90331014883586,pearson3,1585.0598885647387,0.13385819110348546,0.00016536446422565538,3.0,pearson3,1345.6581004795398,0.11145976051492845,0.002941015294881736,3.0
QDM_P_monthly,EC-Earth3,500001,parametric,monthly,07,validation,True,,False,monthly,07,1.0,1.9770700000000003,259,259,434,182,0,0,0,411.0,60.485906540737346,pearson3,1585.0598885647387,0.13385819110348546,0.00016536446422565538,3.0,pearson3,1345.6581004795398,0.11145976051492845,0.002941015294881736,3.0
QDM_P_monthly,EC-Earth3,500001,parametric,monthly,08,calibration,True,,False,monthly,08,1.0,1.4739,332,331,620,331,0,0,0,437.0,54.03568725794577,pearson3,2094.0606517525757,0.0826063597407789,0.020305063790752188,3.0,pearson3,1523.0857040069043,0.06520418769415814,0.11465023633311577,3.0
QDM_P_monthly,EC-Earth3,500001,parametric,monthly,08,validation,True,,False,monthly,08,1.0,1.4739,332,331,434,226,0,0,0,437.0,63.99350790019198,pearson3,2094.0606517525757,0.0826063597407789,0.020305063790752188,3.0,pearson3,1523.0857040069043,0.06520418769415814,0.11465023633311577,3.0
QDM_P_monthly,EC-Earth3,500001,parametric,monthly,09,calibration,True,,False,monthly,09,1.0,4.262637,262,262,600,262,0,0,0,481.5,58.92844383003164,pearson3,1818.9179900930242,0.08659240157762993,0.03699398301638357,3.0,pearson3,1406.9312129333603,0.06239687261160298,0.2489387115603665,3.0
QDM_P_monthly,EC-Earth3,500001,parametric,monthly,09,validation,True,,False,monthly,09,1.0,4.262637,262,262,420,129,0,0,0,481.5,62.805193561383064,pearson3,1818.9179900930242,0.08659240157762993,0.03699398301638357,3.0,pearson3,1406.9312129333603,0.06239687261160298,0.2489387115603665,3.0
QDM_P_monthly,EC-Earth3,500001,parametric,monthly,10,calibration,True,,False,monthly,10,1.0,6.978387096774194,160,160,620,160,0,0,0,400.0,53.38982526579547,pearson3,994.3460418117925,0.077716065484709,0.27420080924017654,3.0,pearson3,800.288355840652,0.0953793407150022,0.1019107399474829,3.0
QDM_P_monthly,EC-Earth3,500001,parametric,monthly,10,validation,True,,False,monthly,10,1.0,6.978387096774194,160,160,434,109,0,0,0,400.0,41.08827263031873,pearson3,994.3460418117925,0.077716065484709,0.27420080924017654,3.0,pearson3,800.288355840652,0.0953793407150022,0.1019107399474829,3.0
QDM_P_monthly,EC-Earth3,500001,parametric,monthly,11,calibration,True,,False,monthly,11,1.0,8.026538000000002,54,54,600,54,0,0,0,175.5,42.08510262540195,pearson3,315.39577568650236,0.09121608784800739,0.7254520974615344,3.0,pearson3,275.8702960842027,0.08856132977802739,0.7574434902777339,3.0
QDM_P_monthly,EC-Earth3,500001,parametric,monthly,11,validation,True,,False,monthly,11,1.0,8.026538000000002,54,54,420,46,0,0,0,175.5,42.47165958531685,pearson3,315.39577568650236,0.09121608784800739,0.7254520974615344,3.0,pearson3,275.8702960842027,0.08856132977802739,0.7574434902777339,3.0
QDM_P_monthly,EC-Earth3,500001,parametric,monthly,12,calibration,False,"insufficient wet days obs=7, model=7",True,annual,all,1.0,3.2006569354838708,7,7,620,34,0,0,0,650.0,39.81420862831716,,,,,,,,,,
QDM_P_monthly,EC-Earth3,500001,parametric,monthly,12,validation,False,"insufficient wet days obs=7, model=7",True,annual,all,1.0,3.2006569354838708,7,7,434,44,0,0,0,650.0,35.40259414080698,,,,,,,,,,
QDM_P_monthly,EC-Earth3,500002,parametric,monthly,01,calibration,False,"insufficient wet days obs=9, model=9",True,annual,all,1.0,2.6850296774193545,9,9,620,0,0,0,0,,,,,,,,,,,,
QDM_P_monthly,EC-Earth3,500002,parametric,monthly,01,validation,False,"insufficient wet days obs=9, model=9",True,annual,all,1.0,2.6850296774193545,9,9,434,0,0,0,0,,,,,,,,,,,,
QDM_P_monthly,EC-Earth3,500002,parametric,monthly,02,calibration,False,"insufficient wet days obs=14, model=14",True,annual,all,1.0,2.244213628318585,14,14,565,0,0,0,0,,,,,,,,,,,,
QDM_P_monthly,EC-Earth3,500002,parametric,monthly,02,validation,False,"insufficient wet days obs=14, model=14",True,annual,all,1.0,2.244213628318585,14,14,395,0,0,0,0,,,,,,,,,,,,
QDM_P_monthly,EC-Earth3,500002,parametric,monthly,03,calibration,True,,False,monthly,03,1.0,1.4653735483870969,38,38,620,38,0,0,0,232.5,25.656806950720437,pearson3,225.26588138246987,0.15143273418974346,0.31559317419645216,3.0,pearson3,36.99805556354514,0.18085906928260265,0.1468761232135971,3.0
QDM_P_monthly,EC-Earth3,500002,parametric,monthly,03,validation,True,,False,monthly,03,1.0,1.4653735483870969,38,38,434,21,0,0,0,,,pearson3,225.26588138246987,0.15143273418974346,0.31559317419645216,3.0,pearson3,36.99805556354514,0.18085906928260265,0.1468761232135971,3.0
QDM_P_monthly,EC-Earth3,500002,parametric,monthly,04,calibration,True,,False,monthly,04,1.0,0.6743467666666666,121,121,600,121,0,0,0,707.0,114.15555134149962,pearson3,909.2034473470238,0.04359190738034113,0.9679033673358094,3.0,pearson3,-14.495545432509346,0.03514088250980646,0.9971565653342725,3.0
QDM_P_monthly,EC-Earth3,500002,parametric,monthly,04,validation,True,,False,monthly,04,1.0,0.6743467666666666,121,121,420,89,0,0,0,707.0,113.28143052469412,pearson3,909.2034473470238,0.04359190738034113,0.9679033673358094,3.0,pearson3,-14.495545432509346,0.03514088250980646,0.9971565653342725,3.0
QDM_P_monthly,EC-Earth3,500002,parametric,monthly,05,calibration,True,,False,monthly,05,1.0,0.8318939032258064,199,199,620,199,0,0,0,671.0,72.29111106492037,pearson3,1526.753577303418,0.039816978050921326,0.8979534025289143,3.0,genextreme,507.3756524522316,0.05133049800020417,0.6515393493811448,3.0
QDM_P_monthly,EC-Earth3,500002,parametric,monthly,05,validation,True,,False,monthly,05,1.0,0.8318939032258064,199,199,434,131,0,0,0,671.0,32.520014660418994,pearson3,1526.753577303418,0.039816978050921326,0.8979534025289143,3.0,genextreme,507.3756524522316,0.05133049800020417,0.6515393493811448,3.0
QDM_P_monthly,EC-Earth3,500002,parametric,monthly,06,calibration,True,,False,monthly,06,1.0,5.680474,188,188,600,188,0,0,0,577.0,69.14804943111363,pearson3,1295.8291512622118,0.0718404147740451,0.2731352098176838,3.0,pearson3,1056.9465817479095,0.04623893674644941,0.7987154464422468,3.0
QDM_P_monthly,EC-Earth3,500002,parametric,monthly,06,validation,True,,False,monthly,06,1.0,5.680474,188,188,420,158,0,0,0,577.0,45.86450285052514,pearson3,1295.8291512622118,0.0718404147740451,0.2731352098176838,3.0,pearson3,1056.9465817479095,0.04623893674644941,0.7987154464422468,3.0
QDM_P_monthly,EC-Earth3,500002,parametric,monthly,07,calibration,True,,False,monthly,07,1.0,8.195222580645162,275,275,620,275,0,0,0,592.5,77.45876486865356,pearson3,2073.764234366555,0.04474682270067465,0.6240869086685397,3.0,pearson3,1628.7126364852406,0.04572389246057584,0.5968921492955217,3.0
QDM_P_monthly,EC-Earth3,500002,parametric,monthly,07,validation,True,,False,monthly,07,1.0,8.195222580645162,275,275,434,222,0,0,0,592.5,112.20272361776445,pearson3,2073.764234366555,0.04474682270067465,0.6240869086685397,3.0,pearson3,1628.7126364852406,0.04572389246057584,0.5968921492955217,3.0
QDM_P_monthly,EC-Earth3,500002,parametric,monthly,08,calibration,True,,False,monthly,08,1.0,7.071908870967743,329,329,620,329,0,0,0,735.0,78.26711817732523,pearson3,2475.6997972264276,0.04862914185007161,0.4051205984304225,3.0,pearson3,1942.5779156881072,0.07578781367227877,0.04331949674487845,3.0
QDM_P_monthly,EC-Earth3,500002,parametric,monthly,08,validation,True,,False,monthly,08,1.0,7.071908870967743,329,329,434,256,0,0,0,735.0,81.56199106338583,pearson3,2475.6997972264276,0.04862914185007161,0.4051205984304225,3.0,pearson3,1942.5779156881072,0.07578781367227877,0.04331949674487845,3.0
QDM_P_monthly,EC-Earth3,500002,parametric,monthly,09,calibration,True,,False,monthly,09,1.0,11.150279999999999,249,249,600,249,0,0,0,485.5,121.06679886689021,pearson3,1787.188773462894,0.060355366320421544,0.31196895532372737,3.0,pearson3,1284.6963158079507,0.04982640168654007,0.5497551476668722,3.0
QDM_P_monthly,EC-Earth3,500002,parametric,monthly,09,validation,True,,False,monthly,09,1.0,11.150279999999999,249,249,420,141,0,0,0,485.5,60.049838536402014,pearson3,1787.188773462894,0.060355366320421544,0.31196895532372737,3.0,pearson3,1284.6963158079507,0.04982640168654007,0.5497551476668722,3.0
QDM_P_monthly,EC-Earth3,500002,parametric,monthly,10,calibration,True,,False,monthly,10,1.0,13.352064516129037,132,132,620,132,0,0,0,402.0,48.71789171119449,pearson3,900.6075661826135,0.0618882041948865,0.6693802226299923,3.0,pearson3,718.9773170583941,0.0663592176001126,0.5829582292533382,3.0
QDM_P_monthly,EC-Earth3,500002,parametric,monthly,10,validation,True,,False,monthly,10,1.0,13.352064516129037,132,132,434,78,0,0,0,402.0,75.20748834940645,pearson3,900.6075661826135,0.0618882041948865,0.6693802226299923,3.0,pearson3,718.9773170583941,0.0663592176001126,0.5829582292533382,3.0
QDM_P_monthly,EC-Earth3,500002,parametric,monthly,11,calibration,True,,False,monthly,11,1.0,14.617583333333311,50,50,600,50,0,0,0,364.0,58.44282480140584,pearson3,296.07845969496515,0.09702753238718426,0.6977922055402828,3.0,pearson3,277.21084758088637,0.09228906885920146,0.7533001924291219,3.0
QDM_P_monthly,EC-Earth3,500002,parametric,monthly,11,validation,True,,False,monthly,11,1.0,14.617583333333311,50,50,420,40,0,0,0,364.0,46.81973379710843,pearson3,296.07845969496515,0.09702753238718426,0.6977922055402828,3.0,pearson3,277.21084758088637,0.09228906885920146,0.7533001924291219,3.0
QDM_P_monthly,EC-Earth3,500002,parametric,monthly,12,calibration,False,"insufficient wet days obs=14, model=14",True,annual,all,1.0,3.3924767741935478,14,14,620,4,0,0,0,,,,,,,,,,,,
QDM_P_monthly,EC-Earth3,500002,parametric,monthly,12,validation,False,"insufficient wet days obs=14, model=14",True,annual,all,1.0,3.3924767741935478,14,14,434,4,0,0,0,,,,,,,,,,,,
QDM_P_monthly,EC-Earth3,500003,parametric,monthly,01,calibration,False,"insufficient wet days obs=9, model=9",True,annual,all,1.0,3.393867580645156,9,9,620,38,0,0,0,906.5,17.140508228888642,,,,,,,,,,
QDM_P_monthly,EC-Earth3,500003,parametric,monthly,01,validation,False,"insufficient wet days obs=9, model=9",True,annual,all,1.0,3.393867580645156,9,9,434,28,0,0,0,,,,,,,,,,,,
QDM_P_monthly,EC-Earth3,500003,parametric,monthly,02,calibration,False,"insufficient wet days obs=19, model=19",True,annual,all,1.0,1.6044833628318587,19,19,565,10,0,0,0,,,,,,,,,,,,
QDM_P_monthly,EC-Earth3,500003,parametric,monthly,02,validation,False,"insufficient wet days obs=19, model=19",True,annual,all,1.0,1.6044833628318587,19,19,395,18,0,0,0,,,,,,,,,,,,
QDM_P_monthly,EC-Earth3,500003,parametric,monthly,03,calibration,True,,False,monthly,03,1.0,1.2189499999999982,41,41,620,41,0,0,0,336.0,35.78137685378871,pearson3,258.38837166522626,0.09040771793335252,0.8610388455952271,3.0,pearson3,36.45260567942468,0.0951086260001273,0.8182732185173629,3.0
QDM_P_monthly,EC-Earth3,500003,parametric,monthly,03,validation,True,,False,monthly,03,1.0,1.2189499999999982,41,41,434,29,0,0,0,,,pearson3,258.38837166522626,0.09040771793335252,0.8610388455952271,3.0,pearson3,36.45260567942468,0.0951086260001273,0.8182732185173629,3.0
QDM_P_monthly,EC-Earth3,500003,parametric,monthly,04,calibration,True,,False,monthly,04,1.0,0.43034433333333333,148,148,600,148,0,0,0,381.5,118.32175856577098,pearson3,987.2057892378532,0.06724587437811358,0.49399095514820446,3.0,pearson3,-74.62755039713457,0.11464629291969025,0.03764148133604539,3.0
QDM_P_monthly,EC-Earth3,500003,parametric,monthly,04,validation,True,,False,monthly,04,1.0,0.43034433333333333,148,148,420,91,0,0,0,381.5,71.33108884107031,pearson3,987.2057892378532,0.06724587437811358,0.49399095514820446,3.0,pearson3,-74.62755039713457,0.11464629291969025,0.03764148133604539,3.0
QDM_P_monthly,EC-Earth3,500003,parametric,monthly,05,calibration,True,,False,monthly,05,1.0,0.44346,244,243,620,243,0,0,0,615.0,87.20689833061255,pearson3,1662.433533608084,0.07673452490731891,0.10722684345066358,3.0,genextreme,115.70968644159703,0.05383288001770631,0.4658517237397256,3.0
QDM_P_monthly,EC-Earth3,500003,parametric,monthly,05,validation,True,,False,monthly,05,1.0,0.44346,244,243,434,188,3,0,0,615.0,46.40494560991046,pearson3,1662.433533608084,0.07673452490731891,0.10722684345066358,3.0,genextreme,115.70968644159703,0.05383288001770631,0.4658517237397256,3.0
QDM_P_monthly,EC-Earth3,500003,parametric,monthly,06,calibration,True,,False,monthly,06,1.0,1.2220726666666668,212,212,600,212,0,0,0,314.0,32.380189581536435,pearson3,1233.175805072156,0.0709887203502681,0.22481503128994962,3.0,genextreme,899.8590678072685,0.08214929077853822,0.10811950769859102,3.0
QDM_P_monthly,EC-Earth3,500003,parametric,monthly,06,validation,True,,False,monthly,06,1.0,1.2220726666666668,212,212,420,149,2,0,0,314.0,19.342409955940813,pearson3,1233.175805072156,0.0709887203502681,0.22481503128994962,3.0,genextreme,899.8590678072685,0.08214929077853822,0.10811950769859102,3.0
QDM_P_monthly,EC-Earth3,500003,parametric,monthly,07,calibration,True,,False,monthly,07,1.0,1.9144225806451605,265,265,620,265,0,0,0,785.0,49.98656193699279,pearson3,1790.7323854342021,0.07150556342001091,0.12674881910035618,3.0,pearson3,1373.9543463163266,0.10070844037308546,0.00858974793602407,3.0
QDM_P_monthly,EC-Earth3,500003,parametric,monthly,07,validation,True,,False,monthly,07,1.0,1.9144225806451605,265,265,434,183,0,0,0,785.0,62.15897728232734,pearson3,1790.7323854342021,0.07150556342001091,0.12674881910035618,3.0,pearson3,1373.9543463163266,0.10070844037308546,0.00858974793602407,3.0
QDM_P_monthly,EC-Earth3,500003,parametric,monthly,08,calibration,True,,False,monthly,08,1.0,1.5439258064516126,320,320,620,320,0,0,0,906.5,55.63284149355903,pearson3,2102.680656522914,0.04510364368592634,0.5183897929750483,3.0,pearson3,1477.250882722251,0.0685063705119554,0.0946732011326149,3.0
QDM_P_monthly,EC-Earth3,500003,parametric,monthly,08,validation,True,,False,monthly,08,1.0,1.5439258064516126,320,320,434,219,0,0,0,906.5,65.85045084330488,pearson3,2102.680656522914,0.04510364368592634,0.5183897929750483,3.0,pearson3,1477.250882722251,0.0685063705119554,0.0946732011326149,3.0
QDM_P_monthly,EC-Earth3,500003,parametric,monthly,09,calibration,True,,False,monthly,09,1.0,4.119155000000001,270,270,600,270,0,0,0,645.0,62.66917076070714,pearson3,1830.9572704630727,0.0772831454055386,0.07536742494666437,3.0,pearson3,1451.609845245394,0.0690812265725882,0.14501231018916405,3.0
QDM_P_monthly,EC-Earth3,500003,parametric,monthly,09,validation,True,,False,monthly,09,1.0,4.119155000000001,270,270,420,130,0,0,0,645.0,68.99410715932558,pearson3,1830.9572704630727,0.0772831454055386,0.07536742494666437,3.0,pearson3,1451.609845245394,0.0690812265725882,0.14501231018916405,3.0
QDM_P_monthly,EC-Earth3,500003,parametric,monthly,10,calibration,True,,False,monthly,10,1.0,5.831253548387099,182,182,620,182,0,0,0,491.0,47.34447788154582,pearson3,1012.400989007257,0.08563550449936502,0.13071032945458871,3.0,pearson3,945.0098711351965,0.05523866603364669,0.6151022447232555,3.0
QDM_P_monthly,EC-Earth3,500003,parametric,monthly,10,validation,True,,False,monthly,10,1.0,5.831253548387099,182,182,434,137,0,0,0,491.0,37.16117871748852,pearson3,1012.400989007257,0.08563550449936502,0.13071032945458871,3.0,pearson3,945.0098711351965,0.05523866603364669,0.6151022447232555,3.0
QDM_P_monthly,EC-Earth3,500003,parametric,monthly,11,calibration,True,,False,monthly,11,1.0,7.464996333333338,58,58,600,58,0,0,0,462.0,244.52959029346243,genextreme,386.0122882735154,0.09325318818689987,0.6595846362984237,3.0,pearson3,301.4486058191803,0.06259474378428787,0.9662172708832375,3.0
QDM_P_monthly,EC-Earth3,500003,parametric,monthly,11,validation,True,,False,monthly,11,1.0,7.464996333333338,58,58,420,48,0,0,0,462.0,275.5301346216191,genextreme,386.0122882735154,0.09325318818689987,0.6595846362984237,3.0,pearson3,301.4486058191803,0.06259474378428787,0.9662172708832375,3.0
QDM_P_monthly,EC-Earth3,500003,parametric,monthly,12,calibration,False,"insufficient wet days obs=13, model=13",True,annual,all,1.0,2.597519677419354,13,13,620,49,0,0,0,906.5,55.64447817720089,,,,,,,,,,
QDM_P_monthly,EC-Earth3,500003,parametric,monthly,12,validation,False,"insufficient wet days obs=13, model=13",True,annual,all,1.0,2.597519677419354,13,13,434,59,0,0,0,906.5,55.157616615836574,,,,,,,,,,
QDM_P_monthly,EC-Earth3,500004,parametric,monthly,01,calibration,False,"insufficient wet days obs=9, model=9",True,annual,all,1.0,2.72602758064516,9,9,620,3,0,0,0,,,,,,,,,,,,
QDM_P_monthly,EC-Earth3,500004,parametric,monthly,01,validation,False,"insufficient wet days obs=9, model=9",True,annual,all,1.0,2.72602758064516,9,9,434,1,0,0,0,,,,,,,,,,,,
QDM_P_monthly,EC-Earth3,500004,parametric,monthly,02,calibration,False,"insufficient wet days obs=22, model=22",True,annual,all,1.0,1.45114796460177,22,22,565,1,0,0,0,,,,,,,,,,,,
QDM_P_monthly,EC-Earth3,500004,parametric,monthly,02,validation,False,"insufficient wet days obs=22, model=22",True,annual,all,1.0,1.45114796460177,22,22,395,2,0,0,0,,,,,,,,,,,,
QDM_P_monthly,EC-Earth3,500004,parametric,monthly,03,calibration,True,,False,monthly,03,1.0,1.276383225806451,37,37,620,37,0,0,0,295.0,20.262774975463632,pearson3,-34.42097081625464,0.21621619770241735,0.0535212196075503,3.0,pearson3,28.95524037261817,0.08708814542065824,0.9186678436940949,3.0
QDM_P_monthly,EC-Earth3,500004,parametric,monthly,03,validation,True,,False,monthly,03,1.0,1.276383225806451,37,37,434,27,0,0,0,,,pearson3,-34.42097081625464,0.21621619770241735,0.0535212196075503,3.0,pearson3,28.95524037261817,0.08708814542065824,0.9186678436940949,3.0
QDM_P_monthly,EC-Earth3,500004,parametric,monthly,04,calibration,True,,False,monthly,04,1.0,0.5328310833333334,127,127,600,127,0,0,0,467.5,77.85985282967883,pearson3,732.0506790431169,0.11811023622042809,0.053183421156722255,3.0,pearson3,-36.66975827195158,0.1253570572850068,0.03373458415932784,3.0
QDM_P_monthly,EC-Earth3,500004,parametric,monthly,04,validation,True,,False,monthly,04,1.0,0.5328310833333334,127,127,420,92,0,0,0,467.5,108.40371191953032,pearson3,732.0506790431169,0.11811023622042809,0.053183421156722255,3.0,pearson3,-36.66975827195158,0.1253570572850068,0.03373458415932784,3.0
QDM_P_monthly,EC-Earth3,500004,parametric,monthly,05,calibration,True,,False,monthly,05,1.0,0.6234277419354838,220,220,620,220,0,0,0,446.5,84.182195578445,pearson3,1255.9916706150366,0.07727272723053734,0.13712592412893132,3.0,genextreme,263.27823933748175,0.06048859184147354,0.3814413324928648,3.0
QDM_P_monthly,EC-Earth3,500004,parametric,monthly,05,validation,True,,False,monthly,05,1.0,0.6234277419354838,220,220,434,174,0,0,0,446.5,57.47555299449721,pearson3,1255.9916706150366,0.07727272723053734,0.13712592412893132,3.0,genextreme,263.27823933748175,0.06048859184147354,0.3814413324928648,3.0
QDM_P_monthly,EC-Earth3,500004,parametric,monthly,06,calibration,True,,False,monthly,06,1.0,2.5577399999999986,180,180,600,180,0,0,0,247.0,37.4131626928863,pearson3,961.0868301098924,0.1858599405618545,6.46282259711877e-06,3.0,pearson3,932.9203662759188,0.08531723931321264,0.13729926255621328,3.0
QDM_P_monthly,EC-Earth3,500004,parametric,monthly,06,validation,True,,False,monthly,06,1.0,2.5577399999999986,180,180,420,147,0,0,0,247.0,25.59756080447408,pearson3,961.0868301098924,0.1858599405618545,6.46282259711877e-06,3.0,pearson3,932.9203662759188,0.08531723931321264,0.13729926255621328,3.0
QDM_P_monthly,EC-Earth3,500004,parametric,monthly,07,calibration,True,,False,monthly,07,1.0,4.831357419354838,262,262,620,262,0,0,0,492.5,59.749870512235134,pearson3,917.2475815848586,0.11450381618545027,0.0018960395404951271,3.0,pearson3,1513.1685950834121,0.04843014769839682,0.5539926122032859,3.0
QDM_P_monthly,EC-Earth3,500004,parametric,monthly,07,validation,True,,False,monthly,07,1.0,4.831357419354838,262,262,434,195,0,0,0,492.5,65.55293392119742,pearson3,917.2475815848586,0.11450381618545027,0.0018960395404951271,3.0,pearson3,1513.1685950834121,0.04843014769839682,0.5539926122032859,3.0
QDM_P_monthly,EC-Earth3,500004,parametric,monthly,08,calibration,True,,False,monthly,08,1.0,4.518805,279,279,620,279,0,0,0,526.0,37.976065017252516,pearson3,1544.3283054686506,0.1167327093612831,0.0009067268895901208,3.0,pearson3,1578.9689953028246,0.05073813904392499,0.4543094744692878,3.0
QDM_P_monthly,EC-Earth3,500004,parametric,monthly,08,validation,True,,False,monthly,08,1.0,4.518805,279,279,434,205,0,0,0,526.0,47.46432048265662,pearson3,1544.3283054686506,0.1167327093612831,0.0009067268895901208,3.0,pearson3,1578.9689953028246,0.05073813904392499,0.4543094744692878,3.0
QDM_P_monthly,EC-Earth3,500004,parametric,monthly,09,calibration,True,,False,monthly,09,1.0,7.851262666666664,256,256,600,256,0,0,0,536.0,63.83617828227743,pearson3,1227.4509555122736,0.08984374967870434,0.03009111222721894,3.0,pearson3,1399.981897801089,0.06517289310524521,0.21729743263651746,3.0
QDM_P_monthly,EC-Earth3,500004,parametric,monthly,09,validation,True,,False,monthly,09,1.0,7.851262666666664,256,256,420,138,0,0,0,536.0,86.66772807382304,pearson3,1227.4509555122736,0.08984374967870434,0.03009111222721894,3.0,pearson3,1399.981897801089,0.06517289310524521,0.21729743263651746,3.0
QDM_P_monthly,EC-Earth3,500004,parametric,monthly,10,calibration,True,,False,monthly,10,1.0,9.8651,155,155,620,155,0,0,0,396.5,61.899951148254175,pearson3,779.1614627361853,0.10322580644844909,0.06841182322040862,3.0,pearson3,810.5992909061345,0.08082066148681488,0.2496609717421132,3.0
QDM_P_monthly,EC-Earth3,500004,parametric,monthly,10,validation,True,,False,monthly,10,1.0,9.8651,155,155,434,87,0,0,0,396.5,63.11654134363051,pearson3,779.1614627361853,0.10322580644844909,0.06841182322040862,3.0,pearson3,810.5992909061345,0.08082066148681488,0.2496609717421132,3.0
QDM_P_monthly,EC-Earth3,500004,parametric,monthly,11,calibration,True,,False,monthly,11,1.0,10.771165000000002,57,57,600,57,0,0,0,472.0,35.001318186112485,pearson3,354.0977131028237,0.1260736928175185,0.2995080674048721,3.0,pearson3,301.6762298041656,0.05914911053930805,0.9815685122720385,3.0
QDM_P_monthly,EC-Earth3,500004,parametric,monthly,11,validation,True,,False,monthly,11,1.0,10.771165000000002,57,57,420,49,0,0,0,472.0,33.49291043606389,pearson3,354.0977131028237,0.1260736928175185,0.2995080674048721,3.0,pearson3,301.6762298041656,0.05914911053930805,0.9815685122720385,3.0
QDM_P_monthly,EC-Earth3,500004,parametric,monthly,12,calibration,False,"insufficient wet days obs=9, model=9",True,annual,all,1.0,2.9388304838709645,9,9,620,5,0,0,0,,,,,,,,,,,,
QDM_P_monthly,EC-Earth3,500004,parametric,monthly,12,validation,False,"insufficient wet days obs=9, model=9",True,annual,all,1.0,2.9388304838709645,9,9,434,8,0,0,0,,,,,,,,,,,,
QDM_P_monthly,EC-Earth3,500005,parametric,monthly,01,calibration,True,,False,monthly,01,1.0,1.743129677419352,36,36,620,36,0,0,0,47.5,6.02545738216288,pearson3,7.424796633902806,0.1829258406439631,0.1584303122651325,3.0,pearson3,40.83697739540227,0.09775347765090359,0.8486543803331653,3.0
QDM_P_monthly,EC-Earth3,500005,parametric,monthly,01,validation,True,,False,monthly,01,1.0,1.743129677419352,36,36,434,29,0,0,0,,,pearson3,7.424796633902806,0.1829258406439631,0.1584303122651325,3.0,pearson3,40.83697739540227,0.09775347765090359,0.8486543803331653,3.0
QDM_P_monthly,EC-Earth3,500005,parametric,monthly,02,calibration,True,,False,monthly,02,1.0,0.9511819292035393,61,61,565,61,0,0,0,52.0,24.92335506453059,pearson3,116.93503811314505,0.08196721311330175,0.7762916135286759,3.0,pearson3,49.60803156532535,0.10087900791559898,0.5307961108982202,3.0
QDM_P_monthly,EC-Earth3,500005,parametric,monthly,02,validation,True,,False,monthly,02,1.0,0.9511819292035393,61,61,395,64,0,0,0,52.0,16.3711009304603,pearson3,116.93503811314505,0.08196721311330175,0.7762916135286759,3.0,pearson3,49.60803156532535,0.10087900791559898,0.5307961108982202,3.0
QDM_P_monthly,EC-Earth3,500005,parametric,monthly,03,calibration,True,,False,monthly,03,1.0,0.5901544516129033,132,132,620,132,0,0,0,161.5,15.50035385858051,pearson3,332.25711501282296,0.11847531201220018,0.045180313722372745,3.0,pearson3,100.10078491716408,0.06914615999990698,0.5304139310787211,3.0
QDM_P_monthly,EC-Earth3,500005,parametric,monthly,03,validation,True,,False,monthly,03,1.0,0.5901544516129033,132,132,434,100,0,0,0,161.5,16.594099961802417,pearson3,332.25711501282296,0.11847531201220018,0.045180313722372745,3.0,pearson3,100.10078491716408,0.06914615999990698,0.5304139310787211,3.0
QDM_P_monthly,EC-Earth3,500005,parametric,monthly,04,calibration,True,,False,monthly,04,1.0,0.34761,274,273,600,273,0,0,0,195.0,31.42507922681773,pearson3,1060.23846818694,0.10367855347193142,0.005112288631386763,3.0,pearson3,-147.92973566597928,0.06399566456987782,0.20455216156492217,3.0
QDM_P_monthly,EC-Earth3,500005,parametric,monthly,04,validation,True,,False,monthly,04,1.0,0.34761,274,273,420,176,0,0,0,195.0,43.35977265613316,pearson3,1060.23846818694,0.10367855347193142,0.005112288631386763,3.0,pearson3,-147.92973566597928,0.06399566456987782,0.20455216156492217,3.0
QDM_P_monthly,EC-Earth3,500005,parametric,monthly,05,calibration,True,,False,monthly,05,1.0,0.1885619838709678,533,533,620,533,0,0,0,210.0,39.302551664070776,pearson3,2713.5878380809604,0.05463243400755924,0.07999100249834168,3.0,genextreme,488.3086809779618,0.048409952530480305,0.15912009745332656,3.0
QDM_P_monthly,EC-Earth3,500005,parametric,monthly,05,validation,True,,False,monthly,05,1.0,0.1885619838709678,533,533,434,366,0,0,0,210.0,23.404053878246344,pearson3,2713.5878380809604,0.05463243400755924,0.07999100249834168,3.0,genextreme,488.3086809779618,0.048409952530480305,0.15912009745332656,3.0
QDM_P_monthly,EC-Earth3,500005,parametric,monthly,06,calibration,True,,False,monthly,06,1.0,0.4102144000000001,536,536,600,536,0,0,0,120.5,14.922960573183952,pearson3,2372.6299599908493,0.05054643890478894,0.12491418945220611,3.0,genextreme,2097.214596036211,0.03510040178111584,0.51241166794747,3.0
QDM_P_monthly,EC-Earth3,500005,parametric,monthly,06,validation,True,,False,monthly,06,1.0,0.4102144000000001,536,536,420,373,1,0,0,120.5,10.701970910923894,pearson3,2372.6299599908493,0.05054643890478894,0.12491418945220611,3.0,genextreme,2097.214596036211,0.03510040178111584,0.51241166794747,3.0
QDM_P_monthly,EC-Earth3,500005,parametric,monthly,07,calibration,True,,False,monthly,07,1.0,0.6156317741935483,582,582,620,582,0,0,0,193.0,22.004323056964427,pearson3,2730.091758320685,0.041049490854967896,0.27303068491613847,3.0,pearson3,3142.9069138733203,0.08441191796927588,0.0004679356954466299,3.0
QDM_P_monthly,EC-Earth3,500005,parametric,monthly,07,validation,True,,False,monthly,07,1.0,0.6156317741935483,582,582,434,409,0,0,0,193.0,24.029388182706686,pearson3,2730.091758320685,0.041049490854967896,0.27303068491613847,3.0,pearson3,3142.9069138733203,0.08441191796927588,0.0004679356954466299,3.0
QDM_P_monthly,EC-Earth3,500005,parametric,monthly,08,calibration,True,,False,monthly,08,1.0,0.4826161774193548,601,601,620,601,0,0,0,241.5,23.978057651291827,pearson3,3198.903118543283,0.039940934796423355,0.28539032994722635,3.0,pearson3,3269.0092982361116,0.06273735879707582,0.016871006784382872,3.0
QDM_P_monthly,EC-Earth3,500005,parametric,monthly,08,validation,True,,False,monthly,08,1.0,0.4826161774193548,601,601,434,421,0,0,0,241.5,28.048271153594882,pearson3,3198.903118543283,0.039940934796423355,0.28539032994722635,3.0,pearson3,3269.0092982361116,0.06273735879707582,0.016871006784382872,3.0
QDM_P_monthly,EC-Earth3,500005,parametric,monthly,09,calibration,True,,False,monthly,09,1.0,0.9881454166666662,575,575,600,575,0,0,0,235.5,26.676040618320442,pearson3,3204.661833336111,0.03825427314153468,0.3602036522697428,3.0,pearson3,3432.886593924309,0.04927292844181802,0.11855866818796679,3.0
QDM_P_monthly,EC-Earth3,500005,parametric,monthly,09,validation,True,,False,monthly,09,1.0,0.9881454166666662,575,575,420,388,0,0,0,235.5,30.734040881743404,pearson3,3204.661833336111,0.03825427314153468,0.3602036522697428,3.0,pearson3,3432.886593924309,0.04927292844181802,0.11855866818796679,3.0
QDM_P_monthly,EC-Earth3,500005,parametric,monthly,10,calibration,True,,False,monthly,10,1.0,1.6245741935483882,513,513,620,513,0,0,0,175.5,18.028439884563586,pearson3,2466.388536965543,0.08706019940418186,0.0007838189454517997,3.0,pearson3,2893.6726921249124,0.06448969818229588,0.026808233424287398,3.0
QDM_P_monthly,EC-Earth3,500005,parametric,monthly,10,validation,True,,False,monthly,10,1.0,1.6245741935483882,513,513,434,363,0,0,0,175.5,19.09941735288523,pearson3,2466.388536965543,0.08706019940418186,0.0007838189454517997,3.0,pearson3,2893.6726921249124,0.06448969818229588,0.026808233424287398,3.0
QDM_P_monthly,EC-Earth3,500005,parametric,monthly,11,calibration,True,,False,monthly,11,1.0,2.0680253333333325,256,256,600,256,0,0,0,200.5,13.377501467721588,pearson3,916.8083141211491,0.0803209073336344,0.06956188226623528,3.0,pearson3,1335.8391857983625,0.08317350077592733,0.05465457856364009,3.0
QDM_P_monthly,EC-Earth3,500005,parametric,monthly,11,validation,True,,False,monthly,11,1.0,2.0680253333333325,256,256,420,195,0,0,0,200.5,13.403056168540685,pearson3,916.8083141211491,0.0803209073336344,0.06956188226623528,3.0,pearson3,1335.8391857983625,0.08317350077592733,0.05465457856364009,3.0
QDM_P_monthly,EC-Earth3,500005,parametric,monthly,12,calibration,True,,False,monthly,12,1.0,1.4411282258064515,75,75,620,75,0,0,0,168.0,9.15410671982283,pearson3,92.94067429207652,0.10211535387616594,0.388531691763802,3.0,genextreme,123.11185418935484,0.08180470040712584,0.6664999178983233,3.0
QDM_P_monthly,EC-Earth3,500005,parametric,monthly,12,validation,True,,False,monthly,12,1.0,1.4411282258064515,75,75,434,84,2,0,0,168.0,5.672451945915616,pearson3,92.94067429207652,0.10211535387616594,0.388531691763802,3.0,genextreme,123.11185418935484,0.08180470040712584,0.6664999178983233,3.0
QDM_P_monthly,EC-Earth3,500006,parametric,monthly,01,calibration,True,,False,monthly,01,1.0,1.6533774193548394,40,40,620,40,0,0,0,45.0,6.833131710674205,pearson3,-82.40263279193104,0.17499999959549595,0.15292946913785022,3.0,pearson3,61.6166317984213,0.07242846365116318,0.9747482626810231,3.0
QDM_P_monthly,EC-Earth3,500006,parametric,monthly,01,validation,True,,False,monthly,01,1.0,1.6533774193548394,40,40,434,30,0,0,0,45.0,6.070678232666904,pearson3,-82.40263279193104,0.17499999959549595,0.15292946913785022,3.0,pearson3,61.6166317984213,0.07242846365116318,0.9747482626810231,3.0
QDM_P_monthly,EC-Earth3,500006,parametric,monthly,02,calibration,True,,False,monthly,02,1.0,0.945560761061947,62,62,565,62,0,0,0,48.0,19.953421849015793,pearson3,203.2441722946848,0.1038276348859481,0.4839911322106055,3.0,pearson3,55.15923238612778,0.07416969373643717,0.8595743137049036,3.0
QDM_P_monthly,EC-Earth3,500006,parametric,monthly,02,validation,True,,False,monthly,02,1.0,0.945560761061947,62,62,395,65,0,0,0,48.0,13.498236761333459,pearson3,203.2441722946848,0.1038276348859481,0.4839911322106055,3.0,pearson3,55.15923238612778,0.07416969373643717,0.8595743137049036,3.0
QDM_P_monthly,EC-Earth3,500006,parametric,monthly,03,calibration,True,,False,monthly,03,1.0,0.58174,135,134,620,134,0,0,0,150.5,9.538618003249544,pearson3,481.1557377285637,0.054449585674938794,0.7977234027104817,3.0,pearson3,98.23880190752266,0.06631663870321403,0.5743882481843656,3.0
QDM_P_monthly,EC-Earth3,500006,parametric,monthly,03,validation,True,,False,monthly,03,1.0,0.58174,135,134,434,102,0,0,0,150.5,10.516115781103405,pearson3,481.1557377285637,0.054449585674938794,0.7977234027104817,3.0,pearson3,98.23880190752266,0.06631663870321403,0.5743882481843656,3.0
QDM_P_monthly,EC-Earth3,500006,parametric,monthly,04,calibration,True,,False,monthly,04,1.0,0.3381936,284,284,600,284,0,0,0,171.0,31.69012041996107,pearson3,1151.9929682049542,0.045774647886759216,0.575234329841092,3.0,pearson3,-158.51855936672,0.06918549332470114,0.1258276681602729,3.0
QDM_P_monthly,EC-Earth3,500006,parametric,monthly,04,validation,True,,False,monthly,04,1.0,0.3381936,284,284,420,177,0,0,0,171.0,43.47674371540245,pearson3,1151.9929682049542,0.045774647886759216,0.575234329841092,3.0,pearson3,-158.51855936672,0.06918549332470114,0.1258276681602729,3.0
QDM_P_monthly,EC-Earth3,500006,parametric,monthly,05,calibration,True,,False,monthly,05,1.0,0.1817625161290323,536,536,620,536,0,0,0,230.5,38.013206537008216,pearson3,2756.1033565849766,0.05781994049048722,0.053371404322294036,3.0,genextreme,492.67914642401945,0.047636499321833226,0.16998029139952464,3.0
QDM_P_monthly,EC-Earth3,500006,parametric,monthly,05,validation,True,,False,monthly,05,1.0,0.1817625161290323,536,536,434,369,0,0,0,230.5,22.702371405473922,pearson3,2756.1033565849766,0.05781994049048722,0.053371404322294036,3.0,genextreme,492.67914642401945,0.047636499321833226,0.16998029139952464,3.0
QDM_P_monthly,EC-Earth3,500006,parametric,monthly,06,calibration,True,,False,monthly,06,1.0,0.38815,541,540,600,540,0,0,0,121.5,14.669927906779005,pearson3,2452.0779216940787,0.040816859098591673,0.31958307072879166,3.0,genextreme,2110.6615699679155,0.034771092266197234,0.5198303064239976,3.0
QDM_P_monthly,EC-Earth3,500006,parametric,monthly,06,validation,True,,False,monthly,06,1.0,0.38815,541,540,420,374,2,0,0,121.5,10.400049692450947,pearson3,2452.0779216940787,0.040816859098591673,0.31958307072879166,3.0,genextreme,2110.6615699679155,0.034771092266197234,0.5198303064239976,3.0
QDM_P_monthly,EC-Earth3,500006,parametric,monthly,07,calibration,True,,False,monthly,07,1.0,0.5952064516129031,585,585,620,585,0,0,0,181.5,24.801676797278308,pearson3,2872.628972061516,0.03593117428945791,0.42689361377335056,3.0,pearson3,3161.2371010365405,0.08883600839259687,0.00018183689312333578,3.0
QDM_P_monthly,EC-Earth3,500006,parametric,monthly,07,validation,True,,False,monthly,07,1.0,0.5952064516129031,585,585,434,414,0,0,0,181.5,27.226031574804345,pearson3,2872.628972061516,0.03593117428945791,0.42689361377335056,3.0,pearson3,3161.2371010365405,0.08883600839259687,0.00018183689312333578,3.0
QDM_P_monthly,EC-Earth3,500006,parametric,monthly,08,calibration,True,,False,monthly,08,1.0,0.4691836774193549,603,603,620,603,0,0,0,217.0,22.86778815611017,pearson3,3208.159944729687,0.03730988937765378,0.3618830940487461,3.0,pearson3,3273.695164529957,0.06436122666539079,0.012929198889791826,3.0
QDM_P_monthly,EC-Earth3,500006,parametric,monthly,08,validation,True,,False,monthly,08,1.0,0.4691836774193549,603,603,434,422,0,0,0,217.0,26.742214870388132,pearson3,3208.159944729687,0.03730988937765378,0.3618830940487461,3.0,pearson3,3273.695164529957,0.06436122666539079,0.012929198889791826,3.0
QDM_P_monthly,EC-Earth3,500006,parametric,monthly,09,calibration,True,,False,monthly,09,1.0,0.7881948000000016,582,582,600,582,0,0,0,214.0,25.890316942324567,pearson3,3225.8725142494022,0.04271835919947137,0.23198505803649683,3.0,pearson3,3482.9747236549874,0.045322766447486784,0.1774641810162939,3.0
QDM_P_monthly,EC-Earth3,500006,parametric,monthly,09,validation,True,,False,monthly,09,1.0,0.7881948000000016,582,582,420,397,0,0,0,214.0,29.74626365427608,pearson3,3225.8725142494022,0.04271835919947137,0.23198505803649683,3.0,pearson3,3482.9747236549874,0.045322766447486784,0.1774641810162939,3.0
QDM_P_monthly,EC-Earth3,500006,parametric,monthly,10,calibration,True,,False,monthly,10,1.0,1.4000545161290325,523,523,620,523,0,0,0,170.5,19.888206595480206,pearson3,2517.5739897662597,0.09059362091553883,0.00034769346055557815,3.0,pearson3,2972.7496077488827,0.06614240407196192,0.019652155854412996,3.0
QDM_P_monthly,EC-Earth3,500006,parametric,monthly,10,validation,True,,False,monthly,10,1.0,1.4000545161290325,523,523,434,382,0,0,0,170.5,21.011664202339183,pearson3,2517.5739897662597,0.09059362091553883,0.00034769346055557815,3.0,pearson3,2972.7496077488827,0.06614240407196192,0.019652155854412996,3.0
QDM_P_monthly,EC-Earth3,500006,parametric,monthly,11,calibration,True,,False,monthly,11,1.0,1.9004079999999999,268,268,600,268,0,0,0,176.5,20.053853143185613,pearson3,877.7331662940553,0.06716417910335874,0.17022991218843664,3.0,pearson3,1420.6061620391727,0.15134359773968753,7.981336931708244e-06,3.0
QDM_P_monthly,EC-Earth3,500006,parametric,monthly,11,validation,True,,False,monthly,11,1.0,1.9004079999999999,268,268,420,213,0,0,0,176.5,19.876286745807967,pearson3,877.7331662940553,0.06716417910335874,0.17022991218843664,3.0,pearson3,1420.6061620391727,0.15134359773968753,7.981336931708244e-06,3.0
QDM_P_monthly,EC-Earth3,500006,parametric,monthly,12,calibration,True,,False,monthly,12,1.0,1.4192270967741936,81,81,620,81,0,0,0,147.5,44.72172855700649,pearson3,-42.23101366981964,0.12998256287363397,0.11837671987012233,3.0,pearson3,113.60678150618534,0.08855855543390656,0.5202361622857427,3.0
QDM_P_monthly,EC-Earth3,500006,parametric,monthly,12,validation,True,,False,monthly,12,1.0,1.4192270967741936,81,81,434,85,0,0,0,147.5,46.32842991875848,pearson3,-42.23101366981964,0.12998256287363397,0.11837671987012233,3.0,pearson3,113.60678150618534,0.08855855543390656,0.5202361622857427,3.0
QDM_P_monthly,EC-Earth3,500007,parametric,monthly,01,calibration,True,,False,monthly,01,1.0,1.7108499999999984,37,37,620,37,0,0,0,213.0,22.24874694544502,pearson3,168.4446949987481,0.11466364736560175,0.6730438713987091,3.0,pearson3,46.39497885589855,0.083638945578747,0.9388975802792012,3.0
QDM_P_monthly,EC-Earth3,500007,parametric,monthly,01,validation,True,,False,monthly,01,1.0,1.7108499999999984,37,37,434,30,0,0,0,213.0,20.418884640584476,pearson3,168.4446949987481,0.11466364736560175,0.6730438713987091,3.0,pearson3,46.39497885589855,0.083638945578747,0.9388975802792012,3.0
QDM_P_monthly,EC-Earth3,500007,parametric,monthly,02,calibration,True,,False,monthly,02,1.0,0.9429753805309734,63,63,565,63,0,0,0,110.0,43.01812217917921,pearson3,297.4733327400486,0.11023367547711171,0.39927768570164435,3.0,pearson3,54.858721848369036,0.07016234674385147,0.8941744119581534,3.0
QDM_P_monthly,EC-Earth3,500007,parametric,monthly,02,validation,True,,False,monthly,02,1.0,0.9429753805309734,63,63,395,65,0,0,0,110.0,28.37566073724912,pearson3,297.4733327400486,0.11023367547711171,0.39927768570164435,3.0,pearson3,54.858721848369036,0.07016234674385147,0.8941744119581534,3.0
QDM_P_monthly,EC-Earth3,500007,parametric,monthly,03,calibration,True,,False,monthly,03,1.0,0.644519758064516,115,115,620,115,0,0,0,206.0,18.490917428871988,pearson3,411.1466651575097,0.0941840638196651,0.24369974456592436,3.0,pearson3,91.61896134292796,0.052792235533802995,0.8887180976509129,3.0
QDM_P_monthly,EC-Earth3,500007,parametric,monthly,03,validation,True,,False,monthly,03,1.0,0.644519758064516,115,115,434,87,0,0,0,206.0,21.36186303054158,pearson3,411.1466651575097,0.0941840638196651,0.24369974456592436,3.0,pearson3,91.61896134292796,0.052792235533802995,0.8887180976509129,3.0
QDM_P_monthly,EC-Earth3,500007,parametric,monthly,04,calibration,True,,False,monthly,04,1.0,0.3740432,254,254,600,254,0,0,0,194.0,28.804176088925377,pearson3,929.5056531180101,0.08060439167008715,0.06973121516957159,3.0,pearson3,-158.8760982129706,0.053956004985247774,0.4351801423226216,3.0
QDM_P_monthly,EC-Earth3,500007,parametric,monthly,04,validation,True,,False,monthly,04,1.0,0.3740432,254,254,420,159,0,0,0,194.0,40.775020280959644,pearson3,929.5056531180101,0.08060439167008715,0.06973121516957159,3.0,pearson3,-158.8760982129706,0.053956004985247774,0.4351801423226216,3.0
QDM_P_monthly,EC-Earth3,500007,parametric,monthly,05,calibration,True,,False,monthly,05,1.0,0.24403780645161288,488,488,620,488,0,0,0,578.0,24.59835120343384,pearson3,2270.385172747312,0.08925225940357351,0.0007836574498953127,3.0,genextreme,440.65210074475374,0.05324426134793009,0.12123952241356528,3.0
QDM_P_monthly,EC-Earth3,500007,parametric,monthly,05,validation,True,,False,monthly,05,1.0,0.24403780645161288,488,488,434,335,0,0,0,578.0,12.86762694780119,pearson3,2270.385172747312,0.08925225940357351,0.0007836574498953127,3.0,genextreme,440.65210074475374,0.05324426134793009,0.12123952241356528,3.0
QDM_P_monthly,EC-Earth3,500007,parametric,monthly,06,calibration,True,,False,monthly,06,1.0,0.5404869000000001,498,498,600,498,0,0,0,112.5,14.004135538348653,pearson3,2026.6102267878377,0.037530955638952535,0.4731002992920036,3.0,genextreme,1979.7277497942778,0.042976481104954334,0.30767975456930996,3.0
QDM_P_monthly,EC-Earth3,500007,parametric,monthly,06,validation,True,,False,monthly,06,1.0,0.5404869000000001,498,498,420,341,8,0,0,112.5,9.716854770122355,pearson3,2026.6102267878377,0.037530955638952535,0.4731002992920036,3.0,genextreme,1979.7277497942778,0.042976481104954334,0.30767975456930996,3.0
QDM_P_monthly,EC-Earth3,500007,parametric,monthly,07,calibration,True,,False,monthly,07,1.0,0.9681725000000001,527,527,620,527,0,0,0,151.0,21.053778921384783,pearson3,2423.1614787513004,0.03779378232241176,0.4284713858790885,3.0,pearson3,2911.343683656718,0.11991058103213467,4.634883087095525e-07,3.0
QDM_P_monthly,EC-Earth3,500007,parametric,monthly,07,validation,True,,False,monthly,07,1.0,0.9681725000000001,527,527,434,377,0,0,0,151.0,23.371649566751273,pearson3,2423.1614787513004,0.03779378232241176,0.4284713858790885,3.0,pearson3,2911.343683656718,0.11991058103213467,4.634883087095525e-07,3.0
QDM_P_monthly,EC-Earth3,500007,parametric,monthly,08,calibration,True,,False,monthly,08,1.0,0.7559711774193548,573,573,620,573,0,0,0,150.5,15.769660764144547,pearson3,2726.052586504347,0.10160296593396534,1.329908323567206e-05,3.0,pearson3,3102.675373352363,0.05281809446250185,0.07887063390566751,3.0
QDM_P_monthly,EC-Earth3,500007,parametric,monthly,08,validation,True,,False,monthly,08,1.0,0.7559711774193548,573,573,434,409,0,0,0,150.5,18.41902758493839,pearson3,2726.052586504347,0.10160296593396534,1.329908323567206e-05,3.0,pearson3,3102.675373352363,0.05281809446250185,0.07887063390566751,3.0
QDM_P_monthly,EC-Earth3,500007,parametric,monthly,09,calibration,True,,False,monthly,09,1.0,1.3610399999999998,555,555,600,555,0,0,0,185.0,20.765108368090537,pearson3,2786.0445232871616,0.031285504584665974,0.6373103131579861,3.0,pearson3,3297.4168731946506,0.050515209908206515,0.11375753022103652,3.0
QDM_P_monthly,EC-Earth3,500007,parametric,monthly,09,validation,True,,False,monthly,09,1.0,1.3610399999999998,555,555,420,366,0,0,0,185.0,23.974320513015975,pearson3,2786.0445232871616,0.031285504584665974,0.6373103131579861,3.0,pearson3,3297.4168731946506,0.050515209908206515,0.11375753022103652,3.0
QDM_P_monthly,EC-Earth3,500007,parametric,monthly,10,calibration,True,,False,monthly,10,1.0,1.8941885483870968,489,489,620,489,0,0,0,732.5,25.578628612521744,pearson3,2550.6827892995675,0.058793981888735525,0.06535886689354042,3.0,pearson3,2765.43204699655,0.06668515841586609,0.024655226267967567,3.0
QDM_P_monthly,EC-Earth3,500007,parametric,monthly,10,validation,True,,False,monthly,10,1.0,1.8941885483870968,489,489,434,341,0,0,0,732.5,27.438537286923392,pearson3,2550.6827892995675,0.058793981888735525,0.06535886689354042,3.0,pearson3,2765.43204699655,0.06668515841586609,0.024655226267967567,3.0
QDM_P_monthly,EC-Earth3,500007,parametric,monthly,11,calibration,True,,False,monthly,11,1.0,2.4559566666666672,220,220,600,220,0,0,0,591.5,43.994169506513096,pearson3,987.5069956298541,0.08337621853285004,0.08865940759924407,3.0,pearson3,1193.7789299882988,0.08221291085546534,0.0965912822312942,3.0
QDM_P_monthly,EC-Earth3,500007,parametric,monthly,11,validation,True,,False,monthly,11,1.0,2.4559566666666672,220,220,420,170,0,0,0,591.5,42.99442325095825,pearson3,987.5069956298541,0.08337621853285004,0.08865940759924407,3.0,pearson3,1193.7789299882988,0.08221291085546534,0.0965912822312942,3.0
QDM_P_monthly,EC-Earth3,500007,parametric,monthly,12,calibration,True,,False,monthly,12,1.0,1.6132500000000003,55,55,620,55,0,0,0,94.5,37.503256819131494,pearson3,72.92561494139363,0.2621907596624113,0.0007966562178873815,3.0,pearson3,97.2345860778849,0.12853267185983325,0.29745991093293556,3.0
QDM_P_monthly,EC-Earth3,500007,parametric,monthly,12,validation,True,,False,monthly,12,1.0,1.6132500000000003,55,55,434,65,0,0,0,94.5,39.45998131913297,pearson3,72.92561494139363,0.2621907596624113,0.0007966562178873815,3.0,pearson3,97.2345860778849,0.12853267185983325,0.29745991093293556,3.0
QDM_P_monthly,EC-Earth3,500008,parametric,monthly,01,calibration,True,,False,monthly,01,1.0,1.611142580645162,51,51,620,51,0,0,0,31.0,5.893851089884414,pearson3,91.78366691511299,0.17333558544302147,0.08248615615531885,3.0,pearson3,100.69220097086932,0.08389908444786309,0.8359314904519163,3.0
QDM_P_monthly,EC-Earth3,500008,parametric,monthly,01,validation,True,,False,monthly,01,1.0,1.611142580645162,51,51,434,44,0,0,0,31.0,4.810961127931914,pearson3,91.78366691511299,0.17333558544302147,0.08248615615531885,3.0,pearson3,100.69220097086932,0.08389908444786309,0.8359314904519163,3.0
QDM_P_monthly,EC-Earth3,500008,parametric,monthly,02,calibration,True,,False,monthly,02,1.0,0.9005665132743358,66,66,565,66,0,0,0,63.5,14.967595721173735,pearson3,192.71837283498857,0.0952711508452513,0.5546853557642585,3.0,pearson3,65.20824414161456,0.09362767188393456,0.5767510041794627,3.0
QDM_P_monthly,EC-Earth3,500008,parametric,monthly,02,validation,True,,False,monthly,02,1.0,0.9005665132743358,66,66,395,66,0,0,0,63.5,9.203967826368253,pearson3,192.71837283498857,0.0952711508452513,0.5546853557642585,3.0,pearson3,65.20824414161456,0.09362767188393456,0.5767510041794627,3.0
QDM_P_monthly,EC-Earth3,500008,parametric,monthly,03,calibration,True,,False,monthly,03,1.0,0.43544045161290323,146,146,620,146,0,0,0,125.5,10.782808109952052,pearson3,328.672896529014,0.0879196981632061,0.19709881730662382,3.0,pearson3,105.76110977349452,0.07256179612725311,0.4063099276479716,3.0
QDM_P_monthly,EC-Earth3,500008,parametric,monthly,03,validation,True,,False,monthly,03,1.0,0.43544045161290323,146,146,434,111,0,0,0,125.5,9.636342070626442,pearson3,328.672896529014,0.0879196981632061,0.19709881730662382,3.0,pearson3,105.76110977349452,0.07256179612725311,0.4063099276479716,3.0
QDM_P_monthly,EC-Earth3,500008,parametric,monthly,04,calibration,True,,False,monthly,04,1.0,0.2311212333333334,323,323,600,323,0,0,0,119.0,22.92524860326899,pearson3,897.9651164548239,0.17524616101747997,3.801034205555541e-09,3.0,pearson3,-196.77376633855073,0.05236599943152265,0.32709895711217896,3.0
QDM_P_monthly,EC-Earth3,500008,parametric,monthly,04,validation,True,,False,monthly,04,1.0,0.2311212333333334,323,323,420,220,0,0,0,119.0,14.714047036052321,pearson3,897.9651164548239,0.17524616101747997,3.801034205555541e-09,3.0,pearson3,-196.77376633855073,0.05236599943152265,0.32709895711217896,3.0
QDM_P_monthly,EC-Earth3,500008,parametric,monthly,05,calibration,True,,False,monthly,05,1.0,0.11352540322580651,561,561,620,561,0,0,0,340.0,36.485722314901956,pearson3,2800.600210618363,0.05543972045363943,0.06121295812215022,3.0,genextreme,189.08619935245508,0.038371516792999494,0.37126664737128534,3.0
QDM_P_monthly,EC-Earth3,500008,parametric,monthly,05,validation,True,,False,monthly,05,1.0,0.11352540322580651,561,561,434,390,3,0,0,340.0,14.002336046218431,pearson3,2800.600210618363,0.05543972045363943,0.06121295812215022,3.0,genextreme,189.08619935245508,0.038371516792999494,0.37126664737128534,3.0
QDM_P_monthly,EC-Earth3,500008,parametric,monthly,06,calibration,True,,False,monthly,06,1.0,0.23018939999999974,558,558,600,558,0,0,0,148.5,16.189250816401593,pearson3,2535.2957994753297,0.040394318897347625,0.3139265260534244,3.0,genextreme,1607.4720983958478,0.036786973059923844,0.42677103555425144,3.0
QDM_P_monthly,EC-Earth3,500008,parametric,monthly,06,validation,True,,False,monthly,06,1.0,0.23018939999999974,558,558,420,386,0,0,0,148.5,21.934395732145425,pearson3,2535.2957994753297,0.040394318897347625,0.3139265260534244,3.0,genextreme,1607.4720983958478,0.036786973059923844,0.42677103555425144,3.0
QDM_P_monthly,EC-Earth3,500008,parametric,monthly,07,calibration,True,,False,monthly,07,1.0,0.29579853225806446,601,601,620,601,0,0,0,108.5,12.96383689758097,pearson3,2822.960734433751,0.034315418445785784,0.46841733013069875,3.0,genextreme,2593.855797237106,0.06508754837282926,0.011732984011101726,3.0
QDM_P_monthly,EC-Earth3,500008,parametric,monthly,07,validation,True,,False,monthly,07,1.0,0.29579853225806446,601,601,434,421,0,0,0,108.5,14.481511253939077,pearson3,2822.960734433751,0.034315418445785784,0.46841733013069875,3.0,genextreme,2593.855797237106,0.06508754837282926,0.011732984011101726,3.0
QDM_P_monthly,EC-Earth3,500008,parametric,monthly,08,calibration,True,,False,monthly,08,1.0,0.25165467741935477,610,610,620,610,0,0,0,153.0,14.866358173278165,pearson3,3067.597441795612,0.026296282086565093,0.7825560297299732,3.0,genextreme,2550.4775972841844,0.041608370502432934,0.23494736727660825,3.0
QDM_P_monthly,EC-Earth3,500008,parametric,monthly,08,validation,True,,False,monthly,08,1.0,0.25165467741935477,610,610,434,424,0,0,0,153.0,14.09823529858319,pearson3,3067.597441795612,0.026296282086565093,0.7825560297299732,3.0,genextreme,2550.4775972841844,0.041608370502432934,0.23494736727660825,3.0
QDM_P_monthly,EC-Earth3,500008,parametric,monthly,09,calibration,True,,False,monthly,09,1.0,0.12587285,597,597,600,597,0,0,0,151.0,27.228381484175927,pearson3,3280.1334304976954,0.033167539282248804,0.5165490182028534,3.0,pearson3,3164.6708016756957,0.049531795958785596,0.10332313373731583,3.0
QDM_P_monthly,EC-Earth3,500008,parametric,monthly,09,validation,True,,False,monthly,09,1.0,0.12587285,597,597,420,415,0,0,0,151.0,29.23309870000281,pearson3,3280.1334304976954,0.033167539282248804,0.5165490182028534,3.0,pearson3,3164.6708016756957,0.049531795958785596,0.10332313373731583,3.0
QDM_P_monthly,EC-Earth3,500008,parametric,monthly,10,calibration,True,,False,monthly,10,1.0,0.6478212258064514,557,557,620,557,0,0,0,239.5,28.76350931217366,pearson3,2955.116810997827,0.06547971583240009,0.016089537246937985,3.0,pearson3,2786.848756456806,0.06456376051146356,0.01838752031226091,3.0
QDM_P_monthly,EC-Earth3,500008,parametric,monthly,10,validation,True,,False,monthly,10,1.0,0.6478212258064514,557,557,434,390,0,0,0,239.5,24.725006294676916,pearson3,2955.116810997827,0.06547971583240009,0.016089537246937985,3.0,pearson3,2786.848756456806,0.06456376051146356,0.01838752031226091,3.0
QDM_P_monthly,EC-Earth3,500008,parametric,monthly,11,calibration,True,,False,monthly,11,1.0,1.0986,338,337,600,337,0,0,0,218.0,20.617237105946412,pearson3,1131.4789475440405,0.08553334978043675,0.013374850438695013,3.0,pearson3,1405.1063456515822,0.05710378861863624,0.21350386890351025,3.0
QDM_P_monthly,EC-Earth3,500008,parametric,monthly,11,validation,True,,False,monthly,11,1.0,1.0986,338,337,420,287,0,0,0,218.0,20.320814797680764,pearson3,1131.4789475440405,0.08553334978043675,0.013374850438695013,3.0,pearson3,1405.1063456515822,0.05710378861863624,0.21350386890351025,3.0
QDM_P_monthly,EC-Earth3,500008,parametric,monthly,12,calibration,True,,False,monthly,12,1.0,1.2287709677419356,147,147,620,147,0,0,0,55.5,30.246849707404905,pearson3,75.33748139989854,0.11564625849877468,0.03608206751302978,3.0,pearson3,179.18650010145882,0.057560659556469385,0.6927092081097255,3.0
QDM_P_monthly,EC-Earth3,500008,parametric,monthly,12,validation,True,,False,monthly,12,1.0,1.2287709677419356,147,147,434,135,0,0,0,55.5,26.1856318457825,pearson3,75.33748139989854,0.11564625849877468,0.03608206751302978,3.0,pearson3,179.18650010145882,0.057560659556469385,0.6927092081097255,3.0
QDM_P_monthly,EC-Earth3,500009,parametric,monthly,01,calibration,True,,False,monthly,01,1.0,1.7070909677419357,44,44,620,44,0,0,0,83.5,3.665380223265132,pearson3,69.29104749095222,0.11639251606219836,0.5510570525220178,3.0,pearson3,99.20002682574635,0.07217580447944172,0.9633079560895929,3.0
QDM_P_monthly,EC-Earth3,500009,parametric,monthly,01,validation,True,,False,monthly,01,1.0,1.7070909677419357,44,44,434,40,0,0,0,83.5,3.0247588713134594,pearson3,69.29104749095222,0.11639251606219836,0.5510570525220178,3.0,pearson3,99.20002682574635,0.07217580447944172,0.9633079560895929,3.0
QDM_P_monthly,EC-Earth3,500009,parametric,monthly,02,calibration,True,,False,monthly,02,1.0,0.928983752212389,63,63,565,63,0,0,0,80.0,24.606607233800883,pearson3,133.96317780593708,0.07331255997961822,0.8626009340561426,3.0,pearson3,68.1500673727078,0.15502405529015617,0.08676887209807471,3.0
QDM_P_monthly,EC-Earth3,500009,parametric,monthly,02,validation,True,,False,monthly,02,1.0,0.928983752212389,63,63,395,62,0,0,0,80.0,13.399531098414306,pearson3,133.96317780593708,0.07331255997961822,0.8626009340561426,3.0,pearson3,68.1500673727078,0.15502405529015617,0.08676887209807471,3.0
QDM_P_monthly,EC-Earth3,500009,parametric,monthly,03,calibration,True,,False,monthly,03,1.0,0.4918403225806451,130,130,620,130,0,0,0,88.5,11.914102108235117,pearson3,292.01192139068405,0.08922913252750081,0.23734304045117605,3.0,pearson3,108.25302667395772,0.0969328980597568,0.16267494811271588,3.0
QDM_P_monthly,EC-Earth3,500009,parametric,monthly,03,validation,True,,False,monthly,03,1.0,0.4918403225806451,130,130,434,98,0,0,0,88.5,10.540054978460455,pearson3,292.01192139068405,0.08922913252750081,0.23734304045117605,3.0,pearson3,108.25302667395772,0.0969328980597568,0.16267494811271588,3.0
QDM_P_monthly,EC-Earth3,500009,parametric,monthly,04,calibration,True,,False,monthly,04,1.0,0.25606,297,296,600,296,0,0,0,125.5,35.7059970004495,pearson3,1240.8083886667712,0.043771043771025836,0.6040375106272022,3.0,pearson3,-187.69931131252133,0.044360071192265704,0.5891980128582142,3.0
QDM_P_monthly,EC-Earth3,500009,parametric,monthly,04,validation,True,,False,monthly,04,1.0,0.25606,297,296,420,198,0,0,0,125.5,23.303830224321405,pearson3,1240.8083886667712,0.043771043771025836,0.6040375106272022,3.0,pearson3,-187.69931131252133,0.044360071192265704,0.5891980128582142,3.0
QDM_P_monthly,EC-Earth3,500009,parametric,monthly,05,calibration,True,,False,monthly,05,1.0,0.13733,541,539,620,539,0,0,0,244.0,35.555205126428625,pearson3,2745.086314609157,0.033632005262514336,0.5616348504403869,3.0,genextreme,161.4023052851058,0.04008947428325249,0.3426313635858018,3.0
QDM_P_monthly,EC-Earth3,500009,parametric,monthly,05,validation,True,,False,monthly,05,1.0,0.13733,541,539,434,374,3,0,0,244.0,13.13396108335881,pearson3,2745.086314609157,0.033632005262514336,0.5616348504403869,3.0,genextreme,161.4023052851058,0.04008947428325249,0.3426313635858018,3.0
QDM_P_monthly,EC-Earth3,500009,parametric,monthly,06,calibration,True,,False,monthly,06,1.0,0.2559760833333334,547,547,600,547,0,0,0,114.0,16.84607076505272,pearson3,2472.6351043791647,0.03372361244983191,0.5510899755477121,3.0,genextreme,1580.2942395805742,0.03442905985584205,0.5243550858852273,3.0
QDM_P_monthly,EC-Earth3,500009,parametric,monthly,06,validation,True,,False,monthly,06,1.0,0.2559760833333334,547,547,420,383,0,0,0,114.0,22.88681405910408,pearson3,2472.6351043791647,0.03372361244983191,0.5510899755477121,3.0,genextreme,1580.2942395805742,0.03442905985584205,0.5243550858852273,3.0
QDM_P_monthly,EC-Earth3,500009,parametric,monthly,07,calibration,True,,False,monthly,07,1.0,0.37870206451612903,592,592,620,592,0,0,0,217.0,26.435326902166015,pearson3,2837.2359419122713,0.03401528484407022,0.48934249144815223,3.0,pearson3,2549.2659260003047,0.16394318861345847,2.2605688911571366e-14,3.0
QDM_P_monthly,EC-Earth3,500009,parametric,monthly,07,validation,True,,False,monthly,07,1.0,0.37870206451612903,592,592,434,415,0,0,0,217.0,32.142210208760524,pearson3,2837.2359419122713,0.03401528484407022,0.48934249144815223,3.0,pearson3,2549.2659260003047,0.16394318861345847,2.2605688911571366e-14,3.0
QDM_P_monthly,EC-Earth3,500009,parametric,monthly,08,calibration,True,,False,monthly,08,1.0,0.2971465806451615,603,603,620,603,0,0,0,201.0,16.986191561815108,pearson3,3168.363715877365,0.0324469939560192,0.5385312684722404,3.0,genextreme,2518.6236159740383,0.04172923326167799,0.23777294812681127,3.0
QDM_P_monthly,EC-Earth3,500009,parametric,monthly,08,validation,True,,False,monthly,08,1.0,0.2971465806451615,603,603,434,421,0,0,0,201.0,15.976772483837042,pearson3,3168.363715877365,0.0324469939560192,0.5385312684722404,3.0,genextreme,2518.6236159740383,0.04172923326167799,0.23777294812681127,3.0
QDM_P_monthly,EC-Earth3,500009,parametric,monthly,09,calibration,True,,False,monthly,09,1.0,0.3177091833333328,587,587,600,587,0,0,0,157.5,29.258332557842788,pearson3,3217.7038579097025,0.02729107140499612,0.7637302510291208,3.0,pearson3,3088.854263163922,0.04834184778022055,0.12452071912772833,3.0
QDM_P_monthly,EC-Earth3,500009,parametric,monthly,09,validation,True,,False,monthly,09,1.0,0.3177091833333328,587,587,420,405,0,0,0,157.5,29.565105111017413,pearson3,3217.7038579097025,0.02729107140499612,0.7637302510291208,3.0,pearson3,3088.854263163922,0.04834184778022055,0.12452071912772833,3.0
QDM_P_monthly,EC-Earth3,500009,parametric,monthly,10,calibration,True,,False,monthly,10,1.0,0.85221,535,535,620,535,0,0,0,199.5,22.273151978884606,pearson3,2681.500265850462,0.040089050820163646,0.34700957582261804,3.0,pearson3,2660.4431056371095,0.04957897202776651,0.1393534891725019,3.0
QDM_P_monthly,EC-Earth3,500009,parametric,monthly,10,validation,True,,False,monthly,10,1.0,0.85221,535,535,434,374,0,0,0,199.5,18.940568648971173,pearson3,2681.500265850462,0.040089050820163646,0.34700957582261804,3.0,pearson3,2660.4431056371095,0.04957897202776651,0.1393534891725019,3.0
QDM_P_monthly,EC-Earth3,500009,parametric,monthly,11,calibration,True,,False,monthly,11,1.0,1.3532278333333334,293,293,600,293,0,0,0,127.0,23.807318819768202,pearson3,772.3726895132086,0.08801862987109607,0.02004154244443969,3.0,pearson3,1272.6467132020907,0.07331021305495872,0.08154330077114769,3.0
QDM_P_monthly,EC-Earth3,500009,parametric,monthly,11,validation,True,,False,monthly,11,1.0,1.3532278333333334,293,293,420,255,0,0,0,127.0,23.69133504391479,pearson3,772.3726895132086,0.08801862987109607,0.02004154244443969,3.0,pearson3,1272.6467132020907,0.07331021305495872,0.08154330077114769,3.0
QDM_P_monthly,EC-Earth3,500009,parametric,monthly,12,calibration,True,,False,monthly,12,1.0,1.449572419354839,101,101,620,101,0,0,0,62.0,10.304731815428969,pearson3,35.54121049426216,0.14668394451972214,0.02321849141104826,3.0,genextreme,141.43486603784126,0.0675959243482181,0.7193936898751983,3.0
QDM_P_monthly,EC-Earth3,500009,parametric,monthly,12,validation,True,,False,monthly,12,1.0,1.449572419354839,101,101,434,114,2,0,0,62.0,6.604147978681483,pearson3,35.54121049426216,0.14668394451972214,0.02321849141104826,3.0,genextreme,141.43486603784126,0.0675959243482181,0.7193936898751983,3.0
QDM_P_monthly,EC-Earth3,500201,parametric,monthly,01,calibration,True,,False,monthly,01,1.0,1.8121141935483867,32,32,620,32,0,0,0,436.0,58.12928778462533,pearson3,173.9088615641135,0.14382129455325593,0.4785252812774555,3.0,pearson3,51.475012539417804,0.09564753394696823,0.9046388902662891,3.0
QDM_P_monthly,EC-Earth3,500201,parametric,monthly,01,validation,True,,False,monthly,01,1.0,1.8121141935483867,32,32,434,24,0,0,0,,,pearson3,173.9088615641135,0.14382129455325593,0.4785252812774555,3.0,pearson3,51.475012539417804,0.09564753394696823,0.9046388902662891,3.0
QDM_P_monthly,EC-Earth3,500201,parametric,monthly,02,calibration,True,,False,monthly,02,1.0,1.0891396460176994,49,49,565,49,0,0,0,216.5,113.97886018398702,pearson3,309.51979595541866,0.11746779752555936,0.47293702645120395,3.0,pearson3,33.04711993999865,0.08117320308749487,0.8773977845730165,3.0
QDM_P_monthly,EC-Earth3,500201,parametric,monthly,02,validation,True,,False,monthly,02,1.0,1.0891396460176994,49,49,395,54,0,0,0,216.5,71.45448828792985,pearson3,309.51979595541866,0.11746779752555936,0.47293702645120395,3.0,pearson3,33.04711993999865,0.08117320308749487,0.8773977845730165,3.0
QDM_P_monthly,EC-Earth3,500201,parametric,monthly,03,calibration,True,,False,monthly,03,1.0,0.9599752903225807,68,68,620,68,0,0,0,395.0,41.6283497828143,pearson3,457.90614396648516,0.08900115371482376,0.6219801731069097,3.0,pearson3,46.61360538238021,0.07155644610955914,0.8524313945056232,3.0
QDM_P_monthly,EC-Earth3,500201,parametric,monthly,03,validation,True,,False,monthly,03,1.0,0.9599752903225807,68,68,434,45,0,0,0,395.0,46.742560722022596,pearson3,457.90614396648516,0.08900115371482376,0.6219801731069097,3.0,pearson3,46.61360538238021,0.07155644610955914,0.8524313945056232,3.0
QDM_P_monthly,EC-Earth3,500201,parametric,monthly,04,calibration,True,,False,monthly,04,1.0,0.6446836333333332,82,82,600,82,0,0,0,326.5,63.820754228714705,pearson3,541.5642294126924,0.049113220125760804,0.9834571404350555,3.0,pearson3,-6.390189588359309,0.08901538443434681,0.5059885052575686,3.0
QDM_P_monthly,EC-Earth3,500201,parametric,monthly,04,validation,True,,False,monthly,04,1.0,0.6446836333333332,82,82,420,68,0,0,0,326.5,96.30194191622134,pearson3,541.5642294126924,0.049113220125760804,0.9834571404350555,3.0,pearson3,-6.390189588359309,0.08901538443434681,0.5059885052575686,3.0
QDM_P_monthly,EC-Earth3,500201,parametric,monthly,05,calibration,True,,False,monthly,05,1.0,0.7152804516129034,182,182,620,182,0,0,0,986.5,44.0342763463641,pearson3,1222.4262302559464,0.08387010326598399,0.14594101863021425,3.0,genextreme,242.6671868048004,0.05982151817928005,0.5134494834625405,3.0
QDM_P_monthly,EC-Earth3,500201,parametric,monthly,05,validation,True,,False,monthly,05,1.0,0.7152804516129034,182,182,434,137,0,0,0,986.5,25.261462570374288,pearson3,1222.4262302559464,0.08387010326598399,0.14594101863021425,3.0,genextreme,242.6671868048004,0.05982151817928005,0.5134494834625405,3.0
QDM_P_monthly,EC-Earth3,500201,parametric,monthly,06,calibration,True,,False,monthly,06,1.0,2.093724166666666,205,205,600,205,0,0,0,218.5,56.32741043939857,pearson3,1062.366318963875,0.04878048780402765,0.6950709053059428,3.0,pearson3,1050.3655865033552,0.09341534247514305,0.052329985334935714,3.0
QDM_P_monthly,EC-Earth3,500201,parametric,monthly,06,validation,True,,False,monthly,06,1.0,2.093724166666666,205,205,420,169,0,0,0,218.5,38.19118203829271,pearson3,1062.366318963875,0.04878048780402765,0.6950709053059428,3.0,pearson3,1050.3655865033552,0.09341534247514305,0.052329985334935714,3.0
QDM_P_monthly,EC-Earth3,500201,parametric,monthly,07,calibration,True,,False,monthly,07,1.0,6.230162580645162,228,228,620,228,0,0,0,261.0,37.108486494472444,pearson3,1313.7540729020147,0.09943914642144214,0.02048927683045758,3.0,pearson3,1287.3624031169486,0.054779668345221744,0.4837987678089426,3.0
QDM_P_monthly,EC-Earth3,500201,parametric,monthly,07,validation,True,,False,monthly,07,1.0,6.230162580645162,228,228,434,164,0,0,0,261.0,40.96138174012772,pearson3,1313.7540729020147,0.09943914642144214,0.02048927683045758,3.0,pearson3,1287.3624031169486,0.054779668345221744,0.4837987678089426,3.0
QDM_P_monthly,EC-Earth3,500201,parametric,monthly,08,calibration,True,,False,monthly,08,1.0,5.390639999999999,248,248,620,248,0,0,0,209.0,26.213828476880064,pearson3,1245.333953874751,0.057609195086117615,0.36880712658901404,3.0,pearson3,1383.0854827027654,0.052053421382951326,0.496041360897406,3.0
QDM_P_monthly,EC-Earth3,500201,parametric,monthly,08,validation,True,,False,monthly,08,1.0,5.390639999999999,248,248,434,187,0,0,0,209.0,32.86288656587333,pearson3,1245.333953874751,0.057609195086117615,0.36880712658901404,3.0,pearson3,1383.0854827027654,0.052053421382951326,0.496041360897406,3.0
QDM_P_monthly,EC-Earth3,500201,parametric,monthly,09,calibration,True,,False,monthly,09,1.0,8.86028,216,216,600,216,0,0,0,287.5,29.87357398432404,pearson3,1178.174568152309,0.09605316209947223,0.034705708218622844,3.0,pearson3,1176.3345746811112,0.059893831221016935,0.40471698650834365,3.0
QDM_P_monthly,EC-Earth3,500201,parametric,monthly,09,validation,True,,False,monthly,09,1.0,8.86028,216,216,420,120,0,0,0,287.5,39.9890151804927,pearson3,1178.174568152309,0.09605316209947223,0.034705708218622844,3.0,pearson3,1176.3345746811112,0.059893831221016935,0.40471698650834365,3.0
QDM_P_monthly,EC-Earth3,500201,parametric,monthly,10,calibration,True,,False,monthly,10,1.0,6.014840645161289,257,257,620,257,0,0,0,1484.5,85.60565198454717,pearson3,1826.7965757109462,0.07772841544444925,0.08494554898874707,3.0,pearson3,1442.9716636611422,0.058534789623131744,0.32912769646463824,3.0
QDM_P_monthly,EC-Earth3,500201,parametric,monthly,10,validation,True,,False,monthly,10,1.0,6.014840645161289,257,257,434,181,0,0,0,1484.5,95.59965250714157,pearson3,1826.7965757109462,0.07772841544444925,0.08494554898874707,3.0,pearson3,1442.9716636611422,0.058534789623131744,0.32912769646463824,3.0
QDM_P_monthly,EC-Earth3,500201,parametric,monthly,11,calibration,True,,False,monthly,11,1.0,5.155374500000002,129,129,600,129,0,0,0,1200.5,136.0407134751033,pearson3,1066.2234050593017,0.06704410204758793,0.5842545647400044,3.0,pearson3,732.2691460953713,0.05224962331279276,0.854439092367147,3.0
QDM_P_monthly,EC-Earth3,500201,parametric,monthly,11,validation,True,,False,monthly,11,1.0,5.155374500000002,129,129,420,92,0,0,0,1200.5,134.08828253976483,pearson3,1066.2234050593017,0.06704410204758793,0.5842545647400044,3.0,pearson3,732.2691460953713,0.05224962331279276,0.854439092367147,3.0
QDM_P_monthly,EC-Earth3,500201,parametric,monthly,12,calibration,False,"insufficient wet days obs=23, model=23",True,annual,all,1.0,2.157307580645161,23,23,620,7,0,0,0,,,,,,,,,,,,
QDM_P_monthly,EC-Earth3,500201,parametric,monthly,12,validation,False,"insufficient wet days obs=23, model=23",True,annual,all,1.0,2.157307580645161,23,23,434,10,0,0,0,,,,,,,,,,,,
QDM_P_monthly,EC-Earth3,500202,parametric,monthly,01,calibration,False,"insufficient wet days obs=17, model=17",True,annual,all,1.0,2.600601129032257,17,17,620,26,0,0,0,,,,,,,,,,,,
QDM_P_monthly,EC-Earth3,500202,parametric,monthly,01,validation,False,"insufficient wet days obs=17, model=17",True,annual,all,1.0,2.600601129032257,17,17,434,17,0,0,0,,,,,,,,,,,,
QDM_P_monthly,EC-Earth3,500202,parametric,monthly,02,calibration,False,"insufficient wet days obs=27, model=27",True,annual,all,1.0,1.4828297345132744,27,27,565,5,0,0,0,,,,,,,,,,,,
QDM_P_monthly,EC-Earth3,500202,parametric,monthly,02,validation,False,"insufficient wet days obs=27, model=27",True,annual,all,1.0,1.4828297345132744,27,27,395,13,0,0,0,,,,,,,,,,,,
QDM_P_monthly,EC-Earth3,500202,parametric,monthly,03,calibration,True,,False,monthly,03,1.0,1.4174645161290356,30,30,620,30,0,0,0,880.0,41.989124920778316,pearson3,231.9728575036314,0.1299275279795722,0.6446760336158271,3.0,pearson3,19.095785371054642,0.10708286954765844,0.8457436143764617,3.0
QDM_P_monthly,EC-Earth3,500202,parametric,monthly,03,validation,True,,False,monthly,03,1.0,1.4174645161290356,30,30,434,23,0,0,0,,,pearson3,231.9728575036314,0.1299275279795722,0.6446760336158271,3.0,pearson3,19.095785371054642,0.10708286954765844,0.8457436143764617,3.0
QDM_P_monthly,EC-Earth3,500202,parametric,monthly,04,calibration,True,,False,monthly,04,1.0,0.63074495,63,63,600,63,0,0,0,259.5,47.11502606552957,pearson3,417.01119879329644,0.1573830636047603,0.07889440309124696,3.0,pearson3,-0.11775084660164126,0.07389831997795387,0.8563313055374411,3.0
QDM_P_monthly,EC-Earth3,500202,parametric,monthly,04,validation,True,,False,monthly,04,1.0,0.63074495,63,63,420,51,0,0,0,259.5,27.88553230952872,pearson3,417.01119879329644,0.1573830636047603,0.07889440309124696,3.0,pearson3,-0.11775084660164126,0.07389831997795387,0.8563313055374411,3.0
QDM_P_monthly,EC-Earth3,500202,parametric,monthly,05,calibration,True,,False,monthly,05,1.0,0.537534,186,186,620,186,0,0,0,1126.5,75.11687720888484,lognorm,1199.2516584933487,0.06200962856375261,0.4537728799803,2.0,genextreme,113.83122496901402,0.052490554440326465,0.6647938102984332,3.0
QDM_P_monthly,EC-Earth3,500202,parametric,monthly,05,validation,True,,False,monthly,05,1.0,0.537534,186,186,434,146,0,0,0,1126.5,35.62224358838561,lognorm,1199.2516584933487,0.06200962856375261,0.4537728799803,2.0,genextreme,113.83122496901402,0.052490554440326465,0.6647938102984332,3.0
QDM_P_monthly,EC-Earth3,500202,parametric,monthly,06,calibration,True,,False,monthly,06,1.0,1.3231279999999972,192,192,600,192,0,0,0,267.0,93.39508934728225,pearson3,1056.2219805118882,0.07263753649274779,0.25073494160798837,3.0,pearson3,799.2544521566127,0.08661894926723535,0.1056730514759795,3.0
QDM_P_monthly,EC-Earth3,500202,parametric,monthly,06,validation,True,,False,monthly,06,1.0,1.3231279999999972,192,192,420,143,0,0,0,267.0,55.97282094598538,pearson3,1056.2219805118882,0.07263753649274779,0.25073494160798837,3.0,pearson3,799.2544521566127,0.08661894926723535,0.1056730514759795,3.0
QDM_P_monthly,EC-Earth3,500202,parametric,monthly,07,calibration,True,,False,monthly,07,1.0,2.701585161290322,206,206,620,206,0,0,0,429.0,33.64818493425638,pearson3,1276.0582451299954,0.05913445192896871,0.4500908431680315,3.0,pearson3,1123.4146555480543,0.07585707990589241,0.1773890470167535,3.0
QDM_P_monthly,EC-Earth3,500202,parametric,monthly,07,validation,True,,False,monthly,07,1.0,2.701585161290322,206,206,434,145,0,0,0,429.0,41.68340602184079,pearson3,1276.0582451299954,0.05913445192896871,0.4500908431680315,3.0,pearson3,1123.4146555480543,0.07585707990589241,0.1773890470167535,3.0
QDM_P_monthly,EC-Earth3,500202,parametric,monthly,08,calibration,True,,False,monthly,08,1.0,2.7395645161290325,200,200,620,200,0,0,0,262.5,19.00307293027043,pearson3,1039.1124054220447,0.08809886746143214,0.08439555274682309,3.0,pearson3,1039.2877724676905,0.0766059196951362,0.1814900915264812,3.0
QDM_P_monthly,EC-Earth3,500202,parametric,monthly,08,validation,True,,False,monthly,08,1.0,2.7395645161290325,200,200,434,139,0,0,0,262.5,22.900638306145314,pearson3,1039.1124054220447,0.08809886746143214,0.08439555274682309,3.0,pearson3,1039.2877724676905,0.0766059196951362,0.1814900915264812,3.0
QDM_P_monthly,EC-Earth3,500202,parametric,monthly,09,calibration,True,,False,monthly,09,1.0,4.734030666666665,244,244,600,244,0,0,0,522.5,44.88013719885905,pearson3,1494.1178561589272,0.06748588688940971,0.20685925387646775,3.0,pearson3,1302.0504658140567,0.06724522957939605,0.21018464626151656,3.0
QDM_P_monthly,EC-Earth3,500202,parametric,monthly,09,validation,True,,False,monthly,09,1.0,4.734030666666665,244,244,420,118,0,0,0,522.5,48.840577386350475,pearson3,1494.1178561589272,0.06748588688940971,0.20685925387646775,3.0,pearson3,1302.0504658140567,0.06724522957939605,0.21018464626151656,3.0
QDM_P_monthly,EC-Earth3,500202,parametric,monthly,10,calibration,True,,False,monthly,10,1.0,3.928496774193549,250,250,620,250,0,0,0,760.0,88.95741709316574,pearson3,1827.2258763543969,0.08865586755766436,0.036905578801879835,3.0,pearson3,1330.3772529737198,0.062338661526735284,0.2741715100736125,3.0
QDM_P_monthly,EC-Earth3,500202,parametric,monthly,10,validation,True,,False,monthly,10,1.0,3.928496774193549,250,250,434,180,0,0,0,760.0,70.80743893841561,pearson3,1827.2258763543969,0.08865586755766436,0.036905578801879835,3.0,pearson3,1330.3772529737198,0.062338661526735284,0.2741715100736125,3.0
QDM_P_monthly,EC-Earth3,500202,parametric,monthly,11,calibration,True,,False,monthly,11,1.0,3.2247346666666674,131,131,600,131,0,0,0,1492.5,74.61765195224491,pearson3,976.5510401518726,0.09491810483514296,0.1769105615144163,3.0,pearson3,678.6845334336208,0.04154639892874801,0.9705079095949379,3.0
QDM_P_monthly,EC-Earth3,500202,parametric,monthly,11,validation,True,,False,monthly,11,1.0,3.2247346666666674,131,131,420,96,0,0,0,1492.5,72.54694458284439,pearson3,976.5510401518726,0.09491810483514296,0.1769105615144163,3.0,pearson3,678.6845334336208,0.04154639892874801,0.9705079095949379,3.0
QDM_P_monthly,EC-Earth3,500202,parametric,monthly,12,calibration,False,"insufficient wet days obs=13, model=13",True,annual,all,1.0,2.597519677419354,13,13,620,25,0,0,0,,,,,,,,,,,,
QDM_P_monthly,EC-Earth3,500202,parametric,monthly,12,validation,False,"insufficient wet days obs=13, model=13",True,annual,all,1.0,2.597519677419354,13,13,434,39,0,0,0,1492.5,25.375689726603262,,,,,,,,,,
QDM_P_monthly,EC-Earth3,500301,parametric,monthly,01,calibration,False,"insufficient wet days obs=19, model=19",True,annual,all,1.0,2.50008887096774,19,19,620,40,0,0,0,940.0,7.72600368245574,,,,,,,,,,
QDM_P_monthly,EC-Earth3,500301,parametric,monthly,01,validation,False,"insufficient wet days obs=19, model=19",True,annual,all,1.0,2.50008887096774,19,19,434,35,1,0,0,940.0,6.418732086866368,,,,,,,,,,
QDM_P_monthly,EC-Earth3,500301,parametric,monthly,02,calibration,False,"insufficient wet days obs=27, model=27",True,annual,all,1.0,1.4828297345132744,27,27,565,12,0,0,0,,,,,,,,,,,,
QDM_P_monthly,EC-Earth3,500301,parametric,monthly,02,validation,False,"insufficient wet days obs=27, model=27",True,annual,all,1.0,1.4828297345132744,27,27,395,22,0,0,0,,,,,,,,,,,,
QDM_P_monthly,EC-Earth3,500301,parametric,monthly,03,calibration,True,,False,monthly,03,1.0,1.070462096774188,45,45,620,45,0,0,0,419.0,50.33450961778603,pearson3,301.65498457676523,0.06589496378837079,0.9825347403513511,3.0,pearson3,50.81546438088075,0.07627835062595154,0.9380487155517675,3.0
QDM_P_monthly,EC-Earth3,500301,parametric,monthly,03,validation,True,,False,monthly,03,1.0,1.070462096774188,45,45,434,35,0,0,0,419.0,43.673059139311135,pearson3,301.65498457676523,0.06589496378837079,0.9825347403513511,3.0,pearson3,50.81546438088075,0.07627835062595154,0.9380487155517675,3.0
QDM_P_monthly,EC-Earth3,500301,parametric,monthly,04,calibration,True,,False,monthly,04,1.0,0.5017964,104,104,600,104,0,0,0,226.0,56.97873914053002,pearson3,552.3908327773015,0.09033962938576079,0.34330816024892163,3.0,pearson3,-26.40799533226913,0.08215803601486349,0.4597115069376636,3.0
QDM_P_monthly,EC-Earth3,500301,parametric,monthly,04,validation,True,,False,monthly,04,1.0,0.5017964,104,104,420,73,0,0,0,226.0,33.393192947361754,pearson3,552.3908327773015,0.09033962938576079,0.34330816024892163,3.0,pearson3,-26.40799533226913,0.08215803601486349,0.4597115069376636,3.0
QDM_P_monthly,EC-Earth3,500301,parametric,monthly,05,calibration,True,,False,monthly,05,1.0,0.4484104193548387,238,238,620,238,0,0,0,940.0,46.970882443814695,pearson3,1521.805753084061,0.07295370808991863,0.15107413965866212,3.0,genextreme,118.13521379035686,0.05098990412194382,0.548748364418358,3.0
QDM_P_monthly,EC-Earth3,500301,parametric,monthly,05,validation,True,,False,monthly,05,1.0,0.4484104193548387,238,238,434,184,0,0,0,940.0,24.855077644826864,pearson3,1521.805753084061,0.07295370808991863,0.15107413965866212,3.0,genextreme,118.13521379035686,0.05098990412194382,0.548748364418358,3.0
QDM_P_monthly,EC-Earth3,500301,parametric,monthly,06,calibration,True,,False,monthly,06,1.0,1.3084503333333333,193,193,600,193,0,0,0,401.5,80.01764428205247,pearson3,1064.0962222451328,0.0904295248203657,0.07998302677034208,3.0,pearson3,814.8797013866574,0.07817051790893756,0.1792588288225997,3.0
QDM_P_monthly,EC-Earth3,500301,parametric,monthly,06,validation,True,,False,monthly,06,1.0,1.3084503333333333,193,193,420,145,0,0,0,401.5,49.268263734486396,pearson3,1064.0962222451328,0.0904295248203657,0.07998302677034208,3.0,pearson3,814.8797013866574,0.07817051790893756,0.1792588288225997,3.0
QDM_P_monthly,EC-Earth3,500301,parametric,monthly,07,calibration,True,,False,monthly,07,1.0,2.122664516129032,240,240,620,240,0,0,0,410.0,39.1656656245989,pearson3,1339.8760266179356,0.043966393002247584,0.7252843395862794,3.0,pearson3,1287.8114295016894,0.05559573842038129,0.4327510625411456,3.0
QDM_P_monthly,EC-Earth3,500301,parametric,monthly,07,validation,True,,False,monthly,07,1.0,2.122664516129032,240,240,434,171,0,0,0,410.0,50.06666096491299,pearson3,1339.8760266179356,0.043966393002247584,0.7252843395862794,3.0,pearson3,1287.8114295016894,0.05559573842038129,0.4327510625411456,3.0
QDM_P_monthly,EC-Earth3,500301,parametric,monthly,08,calibration,True,,False,monthly,08,1.0,2.46605,217,217,620,217,0,0,0,363.5,27.19495990545355,pearson3,1220.923923870629,0.08528353019854817,0.08027093963754328,3.0,pearson3,1110.0466801123935,0.06492763333642859,0.3063114404189763,3.0
QDM_P_monthly,EC-Earth3,500301,parametric,monthly,08,validation,True,,False,monthly,08,1.0,2.46605,217,217,434,150,0,0,0,363.5,33.365557428140974,pearson3,1220.923923870629,0.08528353019854817,0.08027093963754328,3.0,pearson3,1110.0466801123935,0.06492763333642859,0.3063114404189763,3.0
QDM_P_monthly,EC-Earth3,500301,parametric,monthly,09,calibration,True,,False,monthly,09,1.0,3.4072500000000003,300,300,600,300,0,0,0,362.5,64.10546734298956,pearson3,1976.5676311779378,0.048527532875529356,0.4653631299418207,3.0,pearson3,1625.1238800924716,0.0640547028224584,0.1632697804798493,3.0
QDM_P_monthly,EC-Earth3,500301,parametric,monthly,09,validation,True,,False,monthly,09,1.0,3.4072500000000003,300,300,420,151,0,0,0,362.5,68.8320940970397,pearson3,1976.5676311779378,0.048527532875529356,0.4653631299418207,3.0,pearson3,1625.1238800924716,0.0640547028224584,0.1632697804798493,3.0
QDM_P_monthly,EC-Earth3,500301,parametric,monthly,10,calibration,True,,False,monthly,10,1.0,2.8784387096774195,300,300,620,300,0,0,0,525.5,60.47094112893156,pearson3,2059.9487079099317,0.09545665683639959,0.007868504441197958,3.0,pearson3,1608.0292996201565,0.060839088505643735,0.2081342667057947,3.0
QDM_P_monthly,EC-Earth3,500301,parametric,monthly,10,validation,True,,False,monthly,10,1.0,2.8784387096774195,300,300,434,219,0,0,0,525.5,49.97019249143747,pearson3,2059.9487079099317,0.09545665683639959,0.007868504441197958,3.0,pearson3,1608.0292996201565,0.060839088505643735,0.2081342667057947,3.0
QDM_P_monthly,EC-Earth3,500301,parametric,monthly,11,calibration,True,,False,monthly,11,1.0,3.0753450000000004,138,138,600,138,0,0,0,904.5,61.478340452176596,pearson3,894.1636077034104,0.09539927918406423,0.15199360254055228,3.0,pearson3,707.0617246343569,0.05240820285637482,0.823514088011136,3.0
QDM_P_monthly,EC-Earth3,500301,parametric,monthly,11,validation,True,,False,monthly,11,1.0,3.0753450000000004,138,138,420,100,0,0,0,904.5,61.14501779597512,pearson3,894.1636077034104,0.09539927918406423,0.15199360254055228,3.0,pearson3,707.0617246343569,0.05240820285637482,0.823514088011136,3.0
QDM_P_monthly,EC-Earth3,500301,parametric,monthly,12,calibration,False,"insufficient wet days obs=11, model=11",True,annual,all,1.0,2.7945811290322573,11,11,620,51,0,0,0,940.0,24.302683379694063,,,,,,,,,,
QDM_P_monthly,EC-Earth3,500301,parametric,monthly,12,validation,False,"insufficient wet days obs=11, model=11",True,annual,all,1.0,2.7945811290322573,11,11,434,62,0,0,0,940.0,22.675725302585978,,,,,,,,,,
QDM_NP_annual,MIROC6,500001,nonparametric,annual,all,calibration,True,,False,annual,all,1.0,4.324669404517455,1625,1625,7305,1625,0,0,0,,130.0,,,,,,,,,,
QDM_NP_annual,MIROC6,500001,nonparametric,annual,all,validation,True,,False,annual,all,1.0,4.324669404517455,1625,1625,5113,1141,0,0,0,,108.58847046278649,,,,,,,,,,
QDM_NP_annual,MIROC6,500002,nonparametric,annual,all,calibration,True,,False,annual,all,1.0,7.966664476386036,1618,1618,7305,1618,0,0,0,,147.0,,,,,,,,,,
QDM_NP_annual,MIROC6,500002,nonparametric,annual,all,validation,True,,False,annual,all,1.0,7.966664476386036,1618,1618,5113,1117,0,0,0,,127.28824192774579,,,,,,,,,,
QDM_NP_annual,MIROC6,500003,nonparametric,annual,all,calibration,True,,False,annual,all,1.0,3.7472438056125936,1781,1781,7305,1781,0,0,0,,181.3,,,,,,,,,,
QDM_NP_annual,MIROC6,500003,nonparametric,annual,all,validation,True,,False,annual,all,1.0,3.7472438056125936,1781,1781,5113,1269,0,0,0,,152.88652913544632,,,,,,,,,,
QDM_NP_annual,MIROC6,500004,nonparametric,annual,all,calibration,True,,False,annual,all,1.0,4.382104038329909,1613,1613,7305,1613,0,0,0,,107.2,,,,,,,,,,
QDM_NP_annual,MIROC6,500004,nonparametric,annual,all,validation,True,,False,annual,all,1.0,4.382104038329909,1613,1613,5113,1134,0,0,0,,117.28645271231343,,,,,,,,,,
QDM_NP_annual,MIROC6,500005,nonparametric,annual,all,calibration,True,,False,annual,all,1.0,0.999,4174,4172,7305,4172,0,0,0,,48.299712368168684,,,,,,,,,,
QDM_NP_annual,MIROC6,500005,nonparametric,annual,all,validation,True,,False,annual,all,1.0,0.999,4174,4172,5113,2977,0,0,0,,51.05847473544487,,,,,,,,,,
QDM_NP_annual,MIROC6,500006,nonparametric,annual,all,calibration,True,,False,annual,all,1.0,0.9615804243668717,4240,4240,7305,4240,0,0,0,,46.1,,,,,,,,,,
QDM_NP_annual,MIROC6,500006,nonparametric,annual,all,validation,True,,False,annual,all,1.0,0.9615804243668717,4240,4240,5113,3024,0,0,0,,45.98056985819776,,,,,,,,,,
QDM_NP_annual,MIROC6,500007,nonparametric,annual,all,calibration,True,,False,annual,all,1.0,1.1675303216974675,3874,3874,7305,3874,0,0,0,,146.5,,,,,,,,,,
QDM_NP_annual,MIROC6,500007,nonparametric,annual,all,validation,True,,False,annual,all,1.0,1.1675303216974675,3874,3874,5113,2762,0,0,0,,112.98852511714797,,,,,,,,,,
QDM_NP_annual,MIROC6,500008,nonparametric,annual,all,calibration,True,,False,annual,all,1.0,0.804,4555,4554,7305,4554,0,0,0,,67.99779314888949,,,,,,,,,,
QDM_NP_annual,MIROC6,500008,nonparametric,annual,all,validation,True,,False,annual,all,1.0,0.804,4555,4554,5113,3234,0,0,0,,40.822609647002054,,,,,,,,,,
QDM_NP_annual,MIROC6,500009,nonparametric,annual,all,calibration,True,,False,annual,all,1.0,0.9121863107460649,4333,4333,7305,4333,0,0,0,,48.8,,,,,,,,,,
QDM_NP_annual,MIROC6,500009,nonparametric,annual,all,validation,True,,False,annual,all,1.0,0.9121863107460649,4333,4333,5113,3091,0,0,0,,47.64793692799304,,,,,,,,,,
QDM_NP_annual,MIROC6,500201,nonparametric,annual,all,calibration,True,,False,annual,all,1.0,3.926235318275154,1719,1719,7305,1719,0,0,0,,296.9,,,,,,,,,,
QDM_NP_annual,MIROC6,500201,nonparametric,annual,all,validation,True,,False,annual,all,1.0,3.926235318275154,1719,1719,5113,1238,0,0,0,,226.89510441069768,,,,,,,,,,
QDM_NP_annual,MIROC6,500202,nonparametric,annual,all,calibration,True,,False,annual,all,1.0,4.560213415468857,1559,1559,7305,1559,0,0,0,,298.5,,,,,,,,,,
QDM_NP_annual,MIROC6,500202,nonparametric,annual,all,validation,True,,False,annual,all,1.0,4.560213415468857,1559,1559,5113,1096,0,0,0,,183.03113567673225,,,,,,,,,,
QDM_NP_annual,MIROC6,500301,nonparametric,annual,all,calibration,True,,False,annual,all,1.0,3.58,1832,1831,7305,1831,0,0,0,,187.9980611687599,,,,,,,,,,
QDM_NP_annual,MIROC6,500301,nonparametric,annual,all,validation,True,,False,annual,all,1.0,3.58,1832,1831,5113,1307,0,0,0,,139.1115540907076,,,,,,,,,,
QDM_NP_monthly,MIROC6,500001,nonparametric,monthly,01,calibration,False,"insufficient wet days obs=4, model=4",True,annual,all,1.0,6.366064516129029,4,4,620,11,0,0,0,,21.5404306568069,,,,,,,,,,
QDM_NP_monthly,MIROC6,500001,nonparametric,monthly,01,validation,False,"insufficient wet days obs=4, model=4",True,annual,all,1.0,6.366064516129029,4,4,434,4,0,0,0,,10.001838398813936,,,,,,,,,,
QDM_NP_monthly,MIROC6,500001,nonparametric,monthly,02,calibration,False,"insufficient wet days obs=18, model=18",True,annual,all,1.0,2.7867964601769915,18,18,565,6,0,0,0,,7.421865323257766,,,,,,,,,,
QDM_NP_monthly,MIROC6,500001,nonparametric,monthly,02,validation,False,"insufficient wet days obs=18, model=18",True,annual,all,1.0,2.7867964601769915,18,18,395,2,0,0,0,,4.962868117797695,,,,,,,,,,
QDM_NP_monthly,MIROC6,500001,nonparametric,monthly,03,calibration,False,"insufficient wet days obs=22, model=22",True,annual,all,1.0,2.4894258064516124,22,22,620,1,0,0,0,,3.2789829768659975,,,,,,,,,,
QDM_NP_monthly,MIROC6,500001,nonparametric,monthly,03,validation,False,"insufficient wet days obs=22, model=22",True,annual,all,1.0,2.4894258064516124,22,22,434,2,0,0,0,,5.882842509603073,,,,,,,,,,
QDM_NP_monthly,MIROC6,500001,nonparametric,monthly,04,calibration,True,,False,monthly,04,1.0,1.2593666666666665,110,110,600,110,0,0,0,,87.6,,,,,,,,,,
QDM_NP_monthly,MIROC6,500001,nonparametric,monthly,04,validation,True,,False,monthly,04,1.0,1.2593666666666665,110,110,420,69,0,0,0,,95.31919232413942,,,,,,,,,,
QDM_NP_monthly,MIROC6,500001,nonparametric,monthly,05,calibration,True,,False,monthly,05,1.0,2.2040032258064515,207,207,620,207,0,0,0,,130.0,,,,,,,,,,
QDM_NP_monthly,MIROC6,500001,nonparametric,monthly,05,validation,True,,False,monthly,05,1.0,2.2040032258064515,207,207,434,147,0,0,0,,68.24156620199243,,,,,,,,,,
QDM_NP_monthly,MIROC6,500001,nonparametric,monthly,06,calibration,True,,False,monthly,06,1.0,8.389949999999999,190,190,600,190,0,0,0,,58.9,,,,,,,,,,
QDM_NP_monthly,MIROC6,500001,nonparametric,monthly,06,validation,True,,False,monthly,06,1.0,8.389949999999999,190,190,420,156,0,0,0,,60.40999659966736,,,,,,,,,,
QDM_NP_monthly,MIROC6,500001,nonparametric,monthly,07,calibration,True,,False,monthly,07,1.0,6.14751935483871,259,259,620,259,0,0,0,,82.2,,,,,,,,,,
QDM_NP_monthly,MIROC6,500001,nonparametric,monthly,07,validation,True,,False,monthly,07,1.0,6.14751935483871,259,259,434,179,0,0,0,,65.64350080893594,,,,,,,,,,
QDM_NP_monthly,MIROC6,500001,nonparametric,monthly,08,calibration,True,,False,monthly,08,1.0,2.952141935483871,332,332,620,332,0,0,0,,87.4,,,,,,,,,,
QDM_NP_monthly,MIROC6,500001,nonparametric,monthly,08,validation,True,,False,monthly,08,1.0,2.952141935483871,332,332,434,232,0,0,0,,74.09025469413456,,,,,,,,,,
QDM_NP_monthly,MIROC6,500001,nonparametric,monthly,09,calibration,True,,False,monthly,09,1.0,3.06931,262,262,600,262,0,0,0,,96.3,,,,,,,,,,
QDM_NP_monthly,MIROC6,500001,nonparametric,monthly,09,validation,True,,False,monthly,09,1.0,3.06931,262,262,420,174,0,0,0,,73.18414017736819,,,,,,,,,,
QDM_NP_monthly,MIROC6,500001,nonparametric,monthly,10,calibration,True,,False,monthly,10,1.0,5.224774193548387,160,160,620,160,0,0,0,,80.0,,,,,,,,,,
QDM_NP_monthly,MIROC6,500001,nonparametric,monthly,10,validation,True,,False,monthly,10,1.0,5.224774193548387,160,160,434,109,0,0,0,,43.04071969976238,,,,,,,,,,
QDM_NP_monthly,MIROC6,500001,nonparametric,monthly,11,calibration,True,,False,monthly,11,1.0,15.342610000000006,54,54,600,54,0,0,0,,35.1,,,,,,,,,,
QDM_NP_monthly,MIROC6,500001,nonparametric,monthly,11,validation,True,,False,monthly,11,1.0,15.342610000000006,54,54,420,42,0,0,0,,46.917784582860506,,,,,,,,,,
QDM_NP_monthly,MIROC6,500001,nonparametric,monthly,12,calibration,False,"insufficient wet days obs=7, model=7",True,annual,all,1.0,18.58091451612903,7,7,620,30,0,0,0,,91.6135293490123,,,,,,,,,,
QDM_NP_monthly,MIROC6,500001,nonparametric,monthly,12,validation,False,"insufficient wet days obs=7, model=7",True,annual,all,1.0,18.58091451612903,7,7,434,20,0,0,0,,61.3946760161018,,,,,,,,,,
QDM_NP_monthly,MIROC6,500002,nonparametric,monthly,01,calibration,False,"insufficient wet days obs=9, model=9",True,annual,all,1.0,8.173479032258063,9,9,620,11,0,0,0,,23.307690896713673,,,,,,,,,,
QDM_NP_monthly,MIROC6,500002,nonparametric,monthly,01,validation,False,"insufficient wet days obs=9, model=9",True,annual,all,1.0,8.173479032258063,9,9,434,4,0,0,0,,11.292407164700748,,,,,,,,,,
QDM_NP_monthly,MIROC6,500002,nonparametric,monthly,02,calibration,False,"insufficient wet days obs=14, model=14",True,annual,all,1.0,5.958175221238941,14,14,565,5,0,0,0,,14.188236570023857,,,,,,,,,,
QDM_NP_monthly,MIROC6,500002,nonparametric,monthly,02,validation,False,"insufficient wet days obs=14, model=14",True,annual,all,1.0,5.958175221238941,14,14,395,2,0,0,0,,10.053634886790537,,,,,,,,,,
QDM_NP_monthly,MIROC6,500002,nonparametric,monthly,03,calibration,True,,False,monthly,03,1.0,3.9461225806451616,38,38,620,38,0,0,0,,46.5,,,,,,,,,,
QDM_NP_monthly,MIROC6,500002,nonparametric,monthly,03,validation,True,,False,monthly,03,1.0,3.9461225806451616,38,38,434,42,0,0,0,,66.45902208640089,,,,,,,,,,
QDM_NP_monthly,MIROC6,500002,nonparametric,monthly,04,calibration,True,,False,monthly,04,1.0,2.4648399999999997,121,121,600,121,0,0,0,,141.4,,,,,,,,,,
QDM_NP_monthly,MIROC6,500002,nonparametric,monthly,04,validation,True,,False,monthly,04,1.0,2.4648399999999997,121,121,420,83,0,0,0,,170.44554863954127,,,,,,,,,,
QDM_NP_monthly,MIROC6,500002,nonparametric,monthly,05,calibration,True,,False,monthly,05,1.0,5.55976451612903,199,199,620,199,0,0,0,,134.2,,,,,,,,,,
QDM_NP_monthly,MIROC6,500002,nonparametric,monthly,05,validation,True,,False,monthly,05,1.0,5.55976451612903,199,199,434,152,0,0,0,,91.74534700525231,,,,,,,,,,
QDM_NP_monthly,MIROC6,500002,nonparametric,monthly,06,calibration,True,,False,monthly,06,1.0,12.973519999999999,188,188,600,188,0,0,0,,115.4,,,,,,,,,,
QDM_NP_monthly,MIROC6,500002,nonparametric,monthly,06,validation,True,,False,monthly,06,1.0,12.973519999999999,188,188,420,140,0,0,0,,94.12643366954154,,,,,,,,,,
QDM_NP_monthly,MIROC6,500002,nonparametric,monthly,07,calibration,True,,False,monthly,07,1.0,10.626330645161291,275,275,620,275,0,0,0,,118.5,,,,,,,,,,
QDM_NP_monthly,MIROC6,500002,nonparametric,monthly,07,validation,True,,False,monthly,07,1.0,10.626330645161291,275,275,434,198,0,0,0,,106.75217655227202,,,,,,,,,,
QDM_NP_monthly,MIROC6,500002,nonparametric,monthly,08,calibration,True,,False,monthly,08,1.0,6.771183870967742,329,329,620,329,0,0,0,,147.0,,,,,,,,,,
QDM_NP_monthly,MIROC6,500002,nonparametric,monthly,08,validation,True,,False,monthly,08,1.0,6.771183870967742,329,329,434,213,0,0,0,,135.75944343146278,,,,,,,,,,
QDM_NP_monthly,MIROC6,500002,nonparametric,monthly,09,calibration,True,,False,monthly,09,1.0,5.82498,249,249,600,249,0,0,0,,97.1,,,,,,,,,,
QDM_NP_monthly,MIROC6,500002,nonparametric,monthly,09,validation,True,,False,monthly,09,1.0,5.82498,249,249,420,167,0,0,0,,72.31707591428214,,,,,,,,,,
QDM_NP_monthly,MIROC6,500002,nonparametric,monthly,10,calibration,True,,False,monthly,10,1.0,9.072090322580646,132,132,620,132,0,0,0,,80.4,,,,,,,,,,
QDM_NP_monthly,MIROC6,500002,nonparametric,monthly,10,validation,True,,False,monthly,10,1.0,9.072090322580646,132,132,434,79,0,0,0,,57.43344905291033,,,,,,,,,,
QDM_NP_monthly,MIROC6,500002,nonparametric,monthly,11,calibration,True,,False,monthly,11,1.0,17.04691666666666,50,50,600,50,0,0,0,,72.8,,,,,,,,,,
QDM_NP_monthly,MIROC6,500002,nonparametric,monthly,11,validation,True,,False,monthly,11,1.0,17.04691666666666,50,50,420,47,0,0,0,,78.71189503870889,,,,,,,,,,
QDM_NP_monthly,MIROC6,500002,nonparametric,monthly,12,calibration,False,"insufficient wet days obs=14, model=14",True,annual,all,1.0,15.227816129032234,14,14,620,35,0,0,0,,92.7341317190866,,,,,,,,,,
QDM_NP_monthly,MIROC6,500002,nonparametric,monthly,12,validation,False,"insufficient wet days obs=14, model=14",True,annual,all,1.0,15.227816129032234,14,14,434,20,0,0,0,,68.48879192874041,,,,,,,,,,
QDM_NP_monthly,MIROC6,500003,nonparametric,monthly,01,calibration,False,"insufficient wet days obs=9, model=9",True,annual,all,1.0,4.676672580645158,9,9,620,12,0,0,0,,22.72395783267646,,,,,,,,,,
QDM_NP_monthly,MIROC6,500003,nonparametric,monthly,01,validation,False,"insufficient wet days obs=9, model=9",True,annual,all,1.0,4.676672580645158,9,9,434,6,0,0,0,,11.497396161816374,,,,,,,,,,
QDM_NP_monthly,MIROC6,500003,nonparametric,monthly,02,calibration,False,"insufficient wet days obs=19, model=19",True,annual,all,1.0,2.7463787610619472,19,19,565,10,1,0,0,,8.4,,,,,,,,,,
QDM_NP_monthly,MIROC6,500003,nonparametric,monthly,02,validation,False,"insufficient wet days obs=19, model=19",True,annual,all,1.0,2.7463787610619472,19,19,395,3,0,0,0,,6.859878990970865,,,,,,,,,,
QDM_NP_monthly,MIROC6,500003,nonparametric,monthly,03,calibration,True,,False,monthly,03,1.0,1.8208596774193542,41,41,620,41,0,0,0,,67.2,,,,,,,,,,
QDM_NP_monthly,MIROC6,500003,nonparametric,monthly,03,validation,True,,False,monthly,03,1.0,1.8208596774193542,41,41,434,38,0,0,0,,82.70904870145571,,,,,,,,,,
QDM_NP_monthly,MIROC6,500003,nonparametric,monthly,04,calibration,True,,False,monthly,04,1.0,1.0274933333333331,148,148,600,148,0,0,0,,76.3,,,,,,,,,,
QDM_NP_monthly,MIROC6,500003,nonparametric,monthly,04,validation,True,,False,monthly,04,1.0,1.0274933333333331,148,148,420,96,0,0,0,,78.13197287497701,,,,,,,,,,
QDM_NP_monthly,MIROC6,500003,nonparametric,monthly,05,calibration,True,,False,monthly,05,1.0,1.8375096774193547,244,244,620,244,0,0,0,,123.0,,,,,,,,,,
QDM_NP_monthly,MIROC6,500003,nonparametric,monthly,05,validation,True,,False,monthly,05,1.0,1.8375096774193547,244,244,434,166,0,0,0,,66.4209701105901,,,,,,,,,,
QDM_NP_monthly,MIROC6,500003,nonparametric,monthly,06,calibration,True,,False,monthly,06,1.0,7.685126666666667,212,212,600,212,0,0,0,,62.8,,,,,,,,,,
QDM_NP_monthly,MIROC6,500003,nonparametric,monthly,06,validation,True,,False,monthly,06,1.0,7.685126666666667,212,212,420,167,0,0,0,,66.44687024167477,,,,,,,,,,
QDM_NP_monthly,MIROC6,500003,nonparametric,monthly,07,calibration,True,,False,monthly,07,1.0,6.045427419354839,265,265,620,265,0,0,0,,157.0,,,,,,,,,,
QDM_NP_monthly,MIROC6,500003,nonparametric,monthly,07,validation,True,,False,monthly,07,1.0,6.045427419354839,265,265,434,181,0,0,0,,112.5985914161136,,,,,,,,,,
QDM_NP_monthly,MIROC6,500003,nonparametric,monthly,08,calibration,True,,False,monthly,08,1.0,3.168258064516129,320,320,620,320,0,0,0,,181.3,,,,,,,,,,
QDM_NP_monthly,MIROC6,500003,nonparametric,monthly,08,validation,True,,False,monthly,08,1.0,3.168258064516129,320,320,434,224,0,0,0,,149.31794719308527,,,,,,,,,,
QDM_NP_monthly,MIROC6,500003,nonparametric,monthly,09,calibration,True,,False,monthly,09,1.0,3.008550000000001,270,270,600,270,0,0,0,,129.0,,,,,,,,,,
QDM_NP_monthly,MIROC6,500003,nonparametric,monthly,09,validation,True,,False,monthly,09,1.0,3.008550000000001,270,270,420,176,0,0,0,,95.62865231023524,,,,,,,,,,
QDM_NP_monthly,MIROC6,500003,nonparametric,monthly,10,calibration,True,,False,monthly,10,1.0,4.607,182,181,620,181,0,0,0,,98.08950276243051,,,,,,,,,,
QDM_NP_monthly,MIROC6,500003,nonparametric,monthly,10,validation,True,,False,monthly,10,1.0,4.607,182,181,434,123,0,0,0,,47.618480525718454,,,,,,,,,,
QDM_NP_monthly,MIROC6,500003,nonparametric,monthly,11,calibration,True,,False,monthly,11,1.0,14.837740000000009,58,58,600,58,0,0,0,,92.4,,,,,,,,,,
QDM_NP_monthly,MIROC6,500003,nonparametric,monthly,11,validation,True,,False,monthly,11,1.0,14.837740000000009,58,58,420,45,0,0,0,,120.58380801625813,,,,,,,,,,
QDM_NP_monthly,MIROC6,500003,nonparametric,monthly,12,calibration,False,"insufficient wet days obs=13, model=13",True,annual,all,1.0,9.224866129032257,13,13,620,34,0,0,0,,92.85271548871049,,,,,,,,,,
QDM_NP_monthly,MIROC6,500003,nonparametric,monthly,12,validation,False,"insufficient wet days obs=13, model=13",True,annual,all,1.0,9.224866129032257,13,13,434,26,0,0,0,,64.38590626445335,,,,,,,,,,
QDM_NP_monthly,MIROC6,500004,nonparametric,monthly,01,calibration,False,"insufficient wet days obs=9, model=9",True,annual,all,1.0,4.676672580645158,9,9,620,11,0,0,0,,24.614746364391678,,,,,,,,,,
QDM_NP_monthly,MIROC6,500004,nonparametric,monthly,01,validation,False,"insufficient wet days obs=9, model=9",True,annual,all,1.0,4.676672580645158,9,9,434,4,0,0,0,,11.732531930879041,,,,,,,,,,
QDM_NP_monthly,MIROC6,500004,nonparametric,monthly,02,calibration,False,"insufficient wet days obs=22, model=22",True,annual,all,1.0,2.6450123893805313,22,22,565,6,0,0,0,,8.276327409187838,,,,,,,,,,
QDM_NP_monthly,MIROC6,500004,nonparametric,monthly,02,validation,False,"insufficient wet days obs=22, model=22",True,annual,all,1.0,2.6450123893805313,22,22,395,2,0,0,0,,5.9341260132765745,,,,,,,,,,
QDM_NP_monthly,MIROC6,500004,nonparametric,monthly,03,calibration,True,,False,monthly,03,1.0,1.9153564516128994,37,37,620,37,0,0,0,,59.0,,,,,,,,,,
QDM_NP_monthly,MIROC6,500004,nonparametric,monthly,03,validation,True,,False,monthly,03,1.0,1.9153564516128994,37,37,434,33,0,0,0,,73.96162584265478,,,,,,,,,,
QDM_NP_monthly,MIROC6,500004,nonparametric,monthly,04,calibration,True,,False,monthly,04,1.0,1.1354816666666665,127,127,600,127,0,0,0,,93.5,,,,,,,,,,
QDM_NP_monthly,MIROC6,500004,nonparametric,monthly,04,validation,True,,False,monthly,04,1.0,1.1354816666666665,127,127,420,88,0,0,0,,95.4776568744008,,,,,,,,,,
QDM_NP_monthly,MIROC6,500004,nonparametric,monthly,05,calibration,True,,False,monthly,05,1.0,2.120709677419355,220,220,620,220,0,0,0,,89.3,,,,,,,,,,
QDM_NP_monthly,MIROC6,500004,nonparametric,monthly,05,validation,True,,False,monthly,05,1.0,2.120709677419355,220,220,434,150,0,0,0,,57.32692639756867,,,,,,,,,,
QDM_NP_monthly,MIROC6,500004,nonparametric,monthly,06,calibration,True,,False,monthly,06,1.0,8.876099999999996,180,180,600,180,0,0,0,,49.4,,,,,,,,,,
QDM_NP_monthly,MIROC6,500004,nonparametric,monthly,06,validation,True,,False,monthly,06,1.0,8.876099999999996,180,180,420,151,0,0,0,,58.59099079774681,,,,,,,,,,
QDM_NP_monthly,MIROC6,500004,nonparametric,monthly,07,calibration,True,,False,monthly,07,1.0,6.079761290322581,262,262,620,262,0,0,0,,98.5,,,,,,,,,,
QDM_NP_monthly,MIROC6,500004,nonparametric,monthly,07,validation,True,,False,monthly,07,1.0,6.079761290322581,262,262,434,181,0,0,0,,62.04887251023766,,,,,,,,,,
QDM_NP_monthly,MIROC6,500004,nonparametric,monthly,08,calibration,True,,False,monthly,08,1.0,3.839100000000001,279,279,620,279,0,0,0,,105.2,,,,,,,,,,
QDM_NP_monthly,MIROC6,500004,nonparametric,monthly,08,validation,True,,False,monthly,08,1.0,3.839100000000001,279,279,434,201,0,0,0,,87.8739051488374,,,,,,,,,,
QDM_NP_monthly,MIROC6,500004,nonparametric,monthly,09,calibration,True,,False,monthly,09,1.0,3.1987066666666664,256,256,600,256,0,0,0,,107.2,,,,,,,,,,
QDM_NP_monthly,MIROC6,500004,nonparametric,monthly,09,validation,True,,False,monthly,09,1.0,3.1987066666666664,256,256,420,171,0,0,0,,87.23713252986792,,,,,,,,,,
QDM_NP_monthly,MIROC6,500004,nonparametric,monthly,10,calibration,True,,False,monthly,10,1.0,5.4245,155,155,620,155,0,0,0,,79.3,,,,,,,,,,
QDM_NP_monthly,MIROC6,500004,nonparametric,monthly,10,validation,True,,False,monthly,10,1.0,5.4245,155,155,434,108,0,0,0,,41.42816120176216,,,,,,,,,,
QDM_NP_monthly,MIROC6,500004,nonparametric,monthly,11,calibration,True,,False,monthly,11,1.0,15.12823,57,57,600,57,0,0,0,,94.4,,,,,,,,,,
QDM_NP_monthly,MIROC6,500004,nonparametric,monthly,11,validation,True,,False,monthly,11,1.0,15.12823,57,57,420,43,0,0,0,,119.22430697821368,,,,,,,,,,
QDM_NP_monthly,MIROC6,500004,nonparametric,monthly,12,calibration,False,"insufficient wet days obs=9, model=9",True,annual,all,1.0,12.688066129032212,9,9,620,30,0,0,0,,102.97952716322501,,,,,,,,,,
QDM_NP_monthly,MIROC6,500004,nonparametric,monthly,12,validation,False,"insufficient wet days obs=9, model=9",True,annual,all,1.0,12.688066129032212,9,9,434,20,0,0,0,,70.62882611600241,,,,,,,,,,
QDM_NP_monthly,MIROC6,500005,nonparametric,monthly,01,calibration,True,,False,monthly,01,1.0,2.718522580645161,36,36,620,36,0,0,0,,9.5,,,,,,,,,,
QDM_NP_monthly,MIROC6,500005,nonparametric,monthly,01,validation,True,,False,monthly,01,1.0,2.718522580645161,36,36,434,18,0,0,0,,5.965706051873197,,,,,,,,,,
QDM_NP_monthly,MIROC6,500005,nonparametric,monthly,02,calibration,True,,False,monthly,02,1.0,1.7737274336283182,61,61,565,61,0,0,0,,10.4,,,,,,,,,,
QDM_NP_monthly,MIROC6,500005,nonparametric,monthly,02,validation,True,,False,monthly,02,1.0,1.7737274336283182,61,61,395,48,0,0,0,,9.46803978232314,,,,,,,,,,
QDM_NP_monthly,MIROC6,500005,nonparametric,monthly,03,calibration,True,,False,monthly,03,1.0,1.0104903225806454,132,132,620,132,0,0,0,,32.3,,,,,,,,,,
QDM_NP_monthly,MIROC6,500005,nonparametric,monthly,03,validation,True,,False,monthly,03,1.0,1.0104903225806454,132,132,434,122,0,0,0,,40.41390673706975,,,,,,,,,,
QDM_NP_monthly,MIROC6,500005,nonparametric,monthly,04,calibration,True,,False,monthly,04,1.0,0.506,274,273,600,273,0,0,0,,38.995054945054925,,,,,,,,,,
QDM_NP_monthly,MIROC6,500005,nonparametric,monthly,04,validation,True,,False,monthly,04,1.0,0.506,274,273,420,183,0,0,0,,41.43479009074815,,,,,,,,,,
QDM_NP_monthly,MIROC6,500005,nonparametric,monthly,05,calibration,True,,False,monthly,05,1.0,0.10285967741935487,533,533,620,533,0,0,0,,42.0,,,,,,,,,,
QDM_NP_monthly,MIROC6,500005,nonparametric,monthly,05,validation,True,,False,monthly,05,1.0,0.10285967741935487,533,533,434,397,0,0,0,,24.520068842964513,,,,,,,,,,
QDM_NP_monthly,MIROC6,500005,nonparametric,monthly,06,calibration,True,,False,monthly,06,1.0,0.8309333333333334,536,536,600,536,0,0,0,,24.1,,,,,,,,,,
QDM_NP_monthly,MIROC6,500005,nonparametric,monthly,06,validation,True,,False,monthly,06,1.0,0.8309333333333334,536,536,420,373,0,0,0,,30.66890475594768,,,,,,,,,,
QDM_NP_monthly,MIROC6,500005,nonparametric,monthly,07,calibration,True,,False,monthly,07,1.0,0.712448387096774,582,582,620,582,0,0,0,,38.6,,,,,,,,,,
QDM_NP_monthly,MIROC6,500005,nonparametric,monthly,07,validation,True,,False,monthly,07,1.0,0.712448387096774,582,582,434,410,0,0,0,,32.5973014333965,,,,,,,,,,
QDM_NP_monthly,MIROC6,500005,nonparametric,monthly,08,calibration,True,,False,monthly,08,1.0,0.3403564516129032,601,601,620,601,0,0,0,,48.3,,,,,,,,,,
QDM_NP_monthly,MIROC6,500005,nonparametric,monthly,08,validation,True,,False,monthly,08,1.0,0.3403564516129032,601,601,434,413,0,0,0,,39.7128333840071,,,,,,,,,,
QDM_NP_monthly,MIROC6,500005,nonparametric,monthly,09,calibration,True,,False,monthly,09,1.0,0.16170833333333318,575,575,600,575,0,0,0,,47.1,,,,,,,,,,
QDM_NP_monthly,MIROC6,500005,nonparametric,monthly,09,validation,True,,False,monthly,09,1.0,0.16170833333333318,575,575,420,400,0,0,0,,38.44897497420763,,,,,,,,,,
QDM_NP_monthly,MIROC6,500005,nonparametric,monthly,10,calibration,True,,False,monthly,10,1.0,0.3701370967741936,513,513,620,513,0,0,0,,35.1,,,,,,,,,,
QDM_NP_monthly,MIROC6,500005,nonparametric,monthly,10,validation,True,,False,monthly,10,1.0,0.3701370967741936,513,513,434,372,0,0,0,,19.0329041236754,,,,,,,,,,
QDM_NP_monthly,MIROC6,500005,nonparametric,monthly,11,calibration,True,,False,monthly,11,1.0,1.6962666666666661,256,256,600,256,0,0,0,,40.1,,,,,,,,,,
QDM_NP_monthly,MIROC6,500005,nonparametric,monthly,11,validation,True,,False,monthly,11,1.0,1.6962666666666661,256,256,420,216,0,0,0,,51.213415181183905,,,,,,,,,,
QDM_NP_monthly,MIROC6,500005,nonparametric,monthly,12,calibration,True,,False,monthly,12,1.0,2.577653225806452,75,75,620,75,0,0,0,,33.6,,,,,,,,,,
QDM_NP_monthly,MIROC6,500005,nonparametric,monthly,12,validation,True,,False,monthly,12,1.0,2.577653225806452,75,75,434,48,0,0,0,,23.598705990366454,,,,,,,,,,
QDM_NP_monthly,MIROC6,500006,nonparametric,monthly,01,calibration,True,,False,monthly,01,1.0,2.6600645161290326,40,40,620,40,0,0,0,,9.0,,,,,,,,,,
QDM_NP_monthly,MIROC6,500006,nonparametric,monthly,01,validation,True,,False,monthly,01,1.0,2.6600645161290326,40,40,434,20,0,0,0,,5.965706051873198,,,,,,,,,,
QDM_NP_monthly,MIROC6,500006,nonparametric,monthly,02,calibration,True,,False,monthly,02,1.0,1.7613168141592923,62,62,565,62,0,0,0,,9.6,,,,,,,,,,
QDM_NP_monthly,MIROC6,500006,nonparametric,monthly,02,validation,True,,False,monthly,02,1.0,1.7613168141592923,62,62,395,48,0,0,0,,8.780111459945022,,,,,,,,,,
QDM_NP_monthly,MIROC6,500006,nonparametric,monthly,03,calibration,True,,False,monthly,03,1.0,0.9944354838709677,135,135,620,135,0,0,0,,30.1,,,,,,,,,,
QDM_NP_monthly,MIROC6,500006,nonparametric,monthly,03,validation,True,,False,monthly,03,1.0,0.9944354838709677,135,135,434,122,0,0,0,,37.71706648642212,,,,,,,,,,
QDM_NP_monthly,MIROC6,500006,nonparametric,monthly,04,calibration,True,,False,monthly,04,1.0,0.4858933333333332,284,284,600,284,0,0,0,,34.2,,,,,,,,,,
QDM_NP_monthly,MIROC6,500006,nonparametric,monthly,04,validation,True,,False,monthly,04,1.0,0.4858933333333332,284,284,420,187,0,0,0,,37.16824207835433,,,,,,,,,,
QDM_NP_monthly,MIROC6,500006,nonparametric,monthly,05,calibration,True,,False,monthly,05,1.0,0.099,536,535,620,535,0,0,0,,46.089065420560786,,,,,,,,,,
QDM_NP_monthly,MIROC6,500006,nonparametric,monthly,05,validation,True,,False,monthly,05,1.0,0.099,536,535,434,397,0,0,0,,24.415863818603704,,,,,,,,,,
QDM_NP_monthly,MIROC6,500006,nonparametric,monthly,06,calibration,True,,False,monthly,06,1.0,0.7648533333333344,541,541,600,541,0,0,0,,24.3,,,,,,,,,,
QDM_NP_monthly,MIROC6,500006,nonparametric,monthly,06,validation,True,,False,monthly,06,1.0,0.7648533333333344,541,541,420,379,0,0,0,,28.457036636740504,,,,,,,,,,
QDM_NP_monthly,MIROC6,500006,nonparametric,monthly,07,calibration,True,,False,monthly,07,1.0,0.6968870967741935,585,585,620,585,0,0,0,,36.3,,,,,,,,,,
QDM_NP_monthly,MIROC6,500006,nonparametric,monthly,07,validation,True,,False,monthly,07,1.0,0.6968870967741935,585,585,434,410,0,0,0,,28.091771172048233,,,,,,,,,,
QDM_NP_monthly,MIROC6,500006,nonparametric,monthly,08,calibration,True,,False,monthly,08,1.0,0.30717741935483944,603,603,620,603,0,0,0,,43.4,,,,,,,,,,
QDM_NP_monthly,MIROC6,500006,nonparametric,monthly,08,validation,True,,False,monthly,08,1.0,0.30717741935483944,603,603,434,413,0,0,0,,35.79188061668648,,,,,,,,,,
QDM_NP_monthly,MIROC6,500006,nonparametric,monthly,09,calibration,True,,False,monthly,09,1.0,0.11985000000000008,582,582,600,582,0,0,0,,42.8,,,,,,,,,,
QDM_NP_monthly,MIROC6,500006,nonparametric,monthly,09,validation,True,,False,monthly,09,1.0,0.11985000000000008,582,582,420,408,0,0,0,,34.064236635510014,,,,,,,,,,
QDM_NP_monthly,MIROC6,500006,nonparametric,monthly,10,calibration,True,,False,monthly,10,1.0,0.31884354838709683,523,523,620,523,0,0,0,,34.1,,,,,,,,,,
QDM_NP_monthly,MIROC6,500006,nonparametric,monthly,10,validation,True,,False,monthly,10,1.0,0.31884354838709683,523,523,434,380,0,0,0,,19.596933013635716,,,,,,,,,,
QDM_NP_monthly,MIROC6,500006,nonparametric,monthly,11,calibration,True,,False,monthly,11,1.0,1.56,268,267,600,267,0,0,0,,35.292509363295906,,,,,,,,,,
QDM_NP_monthly,MIROC6,500006,nonparametric,monthly,11,validation,True,,False,monthly,11,1.0,1.56,268,267,420,224,0,0,0,,45.60523279576438,,,,,,,,,,
QDM_NP_monthly,MIROC6,500006,nonparametric,monthly,12,calibration,True,,False,monthly,12,1.0,2.428396774193548,81,81,620,81,0,0,0,,29.5,,,,,,,,,,
QDM_NP_monthly,MIROC6,500006,nonparametric,monthly,12,validation,True,,False,monthly,12,1.0,2.428396774193548,81,81,434,58,0,0,0,,20.987433198098632,,,,,,,,,,
QDM_NP_monthly,MIROC6,500007,nonparametric,monthly,01,calibration,True,,False,monthly,01,1.0,2.7076564516129027,37,37,620,37,0,0,0,,42.6,,,,,,,,,,
QDM_NP_monthly,MIROC6,500007,nonparametric,monthly,01,validation,True,,False,monthly,01,1.0,2.7076564516129027,37,37,434,18,0,0,0,,24.511656841115418,,,,,,,,,,
QDM_NP_monthly,MIROC6,500007,nonparametric,monthly,02,calibration,True,,False,monthly,02,1.0,1.76,63,62,565,62,0,0,0,,21.991129032258062,,,,,,,,,,
QDM_NP_monthly,MIROC6,500007,nonparametric,monthly,02,validation,True,,False,monthly,02,1.0,1.76,63,62,395,48,0,0,0,,20.33457511529044,,,,,,,,,,
QDM_NP_monthly,MIROC6,500007,nonparametric,monthly,03,calibration,True,,False,monthly,03,1.0,1.0764838709677416,115,115,620,115,0,0,0,,41.2,,,,,,,,,,
QDM_NP_monthly,MIROC6,500007,nonparametric,monthly,03,validation,True,,False,monthly,03,1.0,1.0764838709677416,115,115,434,115,0,0,0,,51.23654080389769,,,,,,,,,,
QDM_NP_monthly,MIROC6,500007,nonparametric,monthly,04,calibration,True,,False,monthly,04,1.0,0.5676933333333334,254,254,600,254,0,0,0,,38.8,,,,,,,,,,
QDM_NP_monthly,MIROC6,500007,nonparametric,monthly,04,validation,True,,False,monthly,04,1.0,0.5676933333333334,254,254,420,170,0,0,0,,44.5415780766872,,,,,,,,,,
QDM_NP_monthly,MIROC6,500007,nonparametric,monthly,05,calibration,True,,False,monthly,05,1.0,0.21478709677419355,488,488,620,488,0,0,0,,115.6,,,,,,,,,,
QDM_NP_monthly,MIROC6,500007,nonparametric,monthly,05,validation,True,,False,monthly,05,1.0,0.21478709677419355,488,488,434,368,0,0,0,,57.299826852158944,,,,,,,,,,
QDM_NP_monthly,MIROC6,500007,nonparametric,monthly,06,calibration,True,,False,monthly,06,1.0,1.424390000000001,498,498,600,498,0,0,0,,22.5,,,,,,,,,,
QDM_NP_monthly,MIROC6,500007,nonparametric,monthly,06,validation,True,,False,monthly,06,1.0,1.424390000000001,498,498,420,343,0,0,0,,23.609433901080795,,,,,,,,,,
QDM_NP_monthly,MIROC6,500007,nonparametric,monthly,07,calibration,True,,False,monthly,07,1.0,1.4596500000000001,527,527,620,527,0,0,0,,30.2,,,,,,,,,,
QDM_NP_monthly,MIROC6,500007,nonparametric,monthly,07,validation,True,,False,monthly,07,1.0,1.4596500000000001,527,527,434,369,0,0,0,,23.58021890588428,,,,,,,,,,
QDM_NP_monthly,MIROC6,500007,nonparametric,monthly,08,calibration,True,,False,monthly,08,1.0,0.5826967741935484,573,573,620,573,0,0,0,,30.1,,,,,,,,,,
QDM_NP_monthly,MIROC6,500007,nonparametric,monthly,08,validation,True,,False,monthly,08,1.0,0.5826967741935484,573,573,434,396,0,0,0,,25.743694979152643,,,,,,,,,,
QDM_NP_monthly,MIROC6,500007,nonparametric,monthly,09,calibration,True,,False,monthly,09,1.0,0.26785,555,555,600,555,0,0,0,,37.0,,,,,,,,,,
QDM_NP_monthly,MIROC6,500007,nonparametric,monthly,09,validation,True,,False,monthly,09,1.0,0.26785,555,555,420,390,0,0,0,,28.495129579279883,,,,,,,,,,
QDM_NP_monthly,MIROC6,500007,nonparametric,monthly,10,calibration,True,,False,monthly,10,1.0,0.5326758064516132,489,489,620,489,0,0,0,,146.5,,,,,,,,,,
QDM_NP_monthly,MIROC6,500007,nonparametric,monthly,10,validation,True,,False,monthly,10,1.0,0.5326758064516132,489,489,434,349,0,0,0,,72.11500194684334,,,,,,,,,,
QDM_NP_monthly,MIROC6,500007,nonparametric,monthly,11,calibration,True,,False,monthly,11,1.0,2.0332,220,220,600,220,0,0,0,,118.3,,,,,,,,,,
QDM_NP_monthly,MIROC6,500007,nonparametric,monthly,11,validation,True,,False,monthly,11,1.0,2.0332,220,220,420,190,0,0,0,,151.65793294492113,,,,,,,,,,
QDM_NP_monthly,MIROC6,500007,nonparametric,monthly,12,calibration,True,,False,monthly,12,1.0,3.0490887096774193,55,55,620,55,0,0,0,,18.9,,,,,,,,,,
QDM_NP_monthly,MIROC6,500007,nonparametric,monthly,12,validation,True,,False,monthly,12,1.0,3.0490887096774193,55,55,434,38,0,0,0,,13.49316202532112,,,,,,,,,,
QDM_NP_monthly,MIROC6,500008,nonparametric,monthly,01,calibration,True,,False,monthly,01,1.0,2.4436580645161294,51,51,620,51,0,0,0,,6.2,,,,,,,,,,
QDM_NP_monthly,MIROC6,500008,nonparametric,monthly,01,validation,True,,False,monthly,01,1.0,2.4436580645161294,51,51,434,27,0,0,0,,5.013339856490541,,,,,,,,,,
QDM_NP_monthly,MIROC6,500008,nonparametric,monthly,02,calibration,True,,False,monthly,02,1.0,1.741817699115044,66,66,565,66,0,0,0,,12.7,,,,,,,,,,
QDM_NP_monthly,MIROC6,500008,nonparametric,monthly,02,validation,True,,False,monthly,02,1.0,1.741817699115044,66,66,395,49,0,0,0,,11.36502199851132,,,,,,,,,,
QDM_NP_monthly,MIROC6,500008,nonparametric,monthly,03,calibration,True,,False,monthly,03,1.0,0.9221774193548388,146,146,620,146,0,0,0,,25.1,,,,,,,,,,
QDM_NP_monthly,MIROC6,500008,nonparametric,monthly,03,validation,True,,False,monthly,03,1.0,0.9221774193548388,146,146,434,129,0,0,0,,31.199570440318546,,,,,,,,,,
QDM_NP_monthly,MIROC6,500008,nonparametric,monthly,04,calibration,True,,False,monthly,04,1.0,0.37853833333333337,323,323,600,323,0,0,0,,23.8,,,,,,,,,,
QDM_NP_monthly,MIROC6,500008,nonparametric,monthly,04,validation,True,,False,monthly,04,1.0,0.37853833333333337,323,323,420,216,0,0,0,,23.778795104961034,,,,,,,,,,
QDM_NP_monthly,MIROC6,500008,nonparametric,monthly,05,calibration,True,,False,monthly,05,1.0,0.052904838709677444,561,561,620,561,0,0,0,,68.0,,,,,,,,,,
QDM_NP_monthly,MIROC6,500008,nonparametric,monthly,05,validation,True,,False,monthly,05,1.0,0.052904838709677444,561,561,434,410,0,0,0,,33.71583173902078,,,,,,,,,,
QDM_NP_monthly,MIROC6,500008,nonparametric,monthly,06,calibration,True,,False,monthly,06,1.0,0.5082699999999989,558,558,600,558,0,0,0,,29.7,,,,,,,,,,
QDM_NP_monthly,MIROC6,500008,nonparametric,monthly,06,validation,True,,False,monthly,06,1.0,0.5082699999999989,558,558,420,390,0,0,0,,28.243517699362087,,,,,,,,,,
QDM_NP_monthly,MIROC6,500008,nonparametric,monthly,07,calibration,True,,False,monthly,07,1.0,0.40175483870967743,601,601,620,601,0,0,0,,21.7,,,,,,,,,,
QDM_NP_monthly,MIROC6,500008,nonparametric,monthly,07,validation,True,,False,monthly,07,1.0,0.40175483870967743,601,601,434,423,0,0,0,,18.858204665471128,,,,,,,,,,
QDM_NP_monthly,MIROC6,500008,nonparametric,monthly,08,calibration,True,,False,monthly,08,1.0,0.20888709677419348,610,610,620,610,0,0,0,,30.6,,,,,,,,,,
QDM_NP_monthly,MIROC6,500008,nonparametric,monthly,08,validation,True,,False,monthly,08,1.0,0.20888709677419348,610,610,434,421,0,0,0,,25.62681629950032,,,,,,,,,,
QDM_NP_monthly,MIROC6,500008,nonparametric,monthly,09,calibration,True,,False,monthly,09,1.0,0.005995000000000003,597,597,600,597,0,0,0,,30.2,,,,,,,,,,
QDM_NP_monthly,MIROC6,500008,nonparametric,monthly,09,validation,True,,False,monthly,09,1.0,0.005995000000000003,597,597,420,419,0,0,0,,24.613289394184203,,,,,,,,,,
QDM_NP_monthly,MIROC6,500008,nonparametric,monthly,10,calibration,True,,False,monthly,10,1.0,0.17059354838709667,557,557,620,557,0,0,0,,47.9,,,,,,,,,,
QDM_NP_monthly,MIROC6,500008,nonparametric,monthly,10,validation,True,,False,monthly,10,1.0,0.17059354838709667,557,557,434,408,0,0,0,,23.55735122167801,,,,,,,,,,
QDM_NP_monthly,MIROC6,500008,nonparametric,monthly,11,calibration,True,,False,monthly,11,1.0,1.14507,338,338,600,338,0,0,0,,43.6,,,,,,,,,,
QDM_NP_monthly,MIROC6,500008,nonparametric,monthly,11,validation,True,,False,monthly,11,1.0,1.14507,338,338,420,263,0,0,0,,54.67385292039497,,,,,,,,,,
QDM_NP_monthly,MIROC6,500008,nonparametric,monthly,12,calibration,True,,False,monthly,12,1.0,1.771474193548387,147,147,620,147,0,0,0,,11.1,,,,,,,,,,
QDM_NP_monthly,MIROC6,500008,nonparametric,monthly,12,validation,True,,False,monthly,12,1.0,1.771474193548387,147,147,434,104,0,0,0,,7.9259620738745,,,,,,,,,,
QDM_NP_monthly,MIROC6,500009,nonparametric,monthly,01,calibration,True,,False,monthly,01,1.0,2.625064516129033,44,44,620,44,0,0,0,,16.7,,,,,,,,,,
QDM_NP_monthly,MIROC6,500009,nonparametric,monthly,01,validation,True,,False,monthly,01,1.0,2.625064516129033,44,44,434,20,0,0,0,,6.397715140593648,,,,,,,,,,
QDM_NP_monthly,MIROC6,500009,nonparametric,monthly,02,calibration,True,,False,monthly,02,1.0,1.76,63,62,565,62,0,0,0,,15.93790322580644,,,,,,,,,,
QDM_NP_monthly,MIROC6,500009,nonparametric,monthly,02,validation,True,,False,monthly,02,1.0,1.76,63,62,395,48,0,0,0,,13.784425650808917,,,,,,,,,,
QDM_NP_monthly,MIROC6,500009,nonparametric,monthly,03,calibration,True,,False,monthly,03,1.0,1.0276290322580643,130,130,620,130,0,0,0,,17.7,,,,,,,,,,
QDM_NP_monthly,MIROC6,500009,nonparametric,monthly,03,validation,True,,False,monthly,03,1.0,1.0276290322580643,130,130,434,121,0,0,0,,22.129150703234526,,,,,,,,,,
QDM_NP_monthly,MIROC6,500009,nonparametric,monthly,04,calibration,True,,False,monthly,04,1.0,0.44349500000000003,297,297,600,297,0,0,0,,25.1,,,,,,,,,,
QDM_NP_monthly,MIROC6,500009,nonparametric,monthly,04,validation,True,,False,monthly,04,1.0,0.44349500000000003,297,297,420,196,0,0,0,,30.2578465956747,,,,,,,,,,
QDM_NP_monthly,MIROC6,500009,nonparametric,monthly,05,calibration,True,,False,monthly,05,1.0,0.0907451612903226,541,541,620,541,0,0,0,,48.8,,,,,,,,,,
QDM_NP_monthly,MIROC6,500009,nonparametric,monthly,05,validation,True,,False,monthly,05,1.0,0.0907451612903226,541,541,434,398,0,0,0,,26.617181174254057,,,,,,,,,,
QDM_NP_monthly,MIROC6,500009,nonparametric,monthly,06,calibration,True,,False,monthly,06,1.0,0.708851666666667,547,547,600,547,0,0,0,,22.8,,,,,,,,,,
QDM_NP_monthly,MIROC6,500009,nonparametric,monthly,06,validation,True,,False,monthly,06,1.0,0.708851666666667,547,547,420,383,0,0,0,,24.705426435052033,,,,,,,,,,
QDM_NP_monthly,MIROC6,500009,nonparametric,monthly,07,calibration,True,,False,monthly,07,1.0,0.5880064516129032,592,592,620,592,0,0,0,,43.4,,,,,,,,,,
QDM_NP_monthly,MIROC6,500009,nonparametric,monthly,07,validation,True,,False,monthly,07,1.0,0.5880064516129032,592,592,434,412,0,0,0,,24.86432927592406,,,,,,,,,,
QDM_NP_monthly,MIROC6,500009,nonparametric,monthly,08,calibration,True,,False,monthly,08,1.0,0.30717741935483944,603,603,620,603,0,0,0,,40.2,,,,,,,,,,
QDM_NP_monthly,MIROC6,500009,nonparametric,monthly,08,validation,True,,False,monthly,08,1.0,0.30717741935483944,603,603,434,413,0,0,0,,33.140924092090565,,,,,,,,,,
QDM_NP_monthly,MIROC6,500009,nonparametric,monthly,09,calibration,True,,False,monthly,09,1.0,0.0837616666666663,587,587,600,587,0,0,0,,31.5,,,,,,,,,,
QDM_NP_monthly,MIROC6,500009,nonparametric,monthly,09,validation,True,,False,monthly,09,1.0,0.0837616666666663,587,587,420,412,0,0,0,,25.345646369555844,,,,,,,,,,
QDM_NP_monthly,MIROC6,500009,nonparametric,monthly,10,calibration,True,,False,monthly,10,1.0,0.25658870967741937,535,535,620,535,0,0,0,,39.9,,,,,,,,,,
QDM_NP_monthly,MIROC6,500009,nonparametric,monthly,10,validation,True,,False,monthly,10,1.0,0.25658870967741937,535,535,434,390,0,0,0,,19.55672790454313,,,,,,,,,,
QDM_NP_monthly,MIROC6,500009,nonparametric,monthly,11,calibration,True,,False,monthly,11,1.0,1.3878133333333333,293,293,600,293,0,0,0,,25.4,,,,,,,,,,
QDM_NP_monthly,MIROC6,500009,nonparametric,monthly,11,validation,True,,False,monthly,11,1.0,1.3878133333333333,293,293,420,235,0,0,0,,32.39229868014821,,,,,,,,,,
QDM_NP_monthly,MIROC6,500009,nonparametric,monthly,12,calibration,True,,False,monthly,12,1.0,2.235791935483872,101,101,620,101,0,0,0,,12.4,,,,,,,,,,
QDM_NP_monthly,MIROC6,500009,nonparametric,monthly,12,validation,True,,False,monthly,12,1.0,2.235791935483872,101,101,434,69,0,0,0,,9.112277649104701,,,,,,,,,,
QDM_NP_monthly,MIROC6,500201,nonparametric,monthly,01,calibration,True,,False,monthly,01,1.0,2.879206451612903,32,32,620,32,0,0,0,,87.2,,,,,,,,,,
QDM_NP_monthly,MIROC6,500201,nonparametric,monthly,01,validation,True,,False,monthly,01,1.0,2.879206451612903,32,32,434,15,0,0,0,,50.74640576587781,,,,,,,,,,
QDM_NP_monthly,MIROC6,500201,nonparametric,monthly,02,calibration,True,,False,monthly,02,1.0,2.1148566371681428,49,49,565,49,0,0,0,,43.3,,,,,,,,,,
QDM_NP_monthly,MIROC6,500201,nonparametric,monthly,02,validation,True,,False,monthly,02,1.0,2.1148566371681428,49,49,395,30,0,0,0,,40.69432147930503,,,,,,,,,,
QDM_NP_monthly,MIROC6,500201,nonparametric,monthly,03,calibration,True,,False,monthly,03,1.0,1.4500967741935487,68,68,620,68,0,0,0,,79.0,,,,,,,,,,
QDM_NP_monthly,MIROC6,500201,nonparametric,monthly,03,validation,True,,False,monthly,03,1.0,1.4500967741935487,68,68,434,70,0,0,0,,98.2448233861145,,,,,,,,,,
QDM_NP_monthly,MIROC6,500201,nonparametric,monthly,04,calibration,True,,False,monthly,04,1.0,1.4295033333333331,82,82,600,82,0,0,0,,65.3,,,,,,,,,,
QDM_NP_monthly,MIROC6,500201,nonparametric,monthly,04,validation,True,,False,monthly,04,1.0,1.4295033333333331,82,82,420,55,0,0,0,,81.58749905501645,,,,,,,,,,
QDM_NP_monthly,MIROC6,500201,nonparametric,monthly,05,calibration,True,,False,monthly,05,1.0,2.8180548387096778,182,182,620,182,0,0,0,,197.3,,,,,,,,,,
QDM_NP_monthly,MIROC6,500201,nonparametric,monthly,05,validation,True,,False,monthly,05,1.0,2.8180548387096778,182,182,434,125,0,0,0,,94.43057603504352,,,,,,,,,,
QDM_NP_monthly,MIROC6,500201,nonparametric,monthly,06,calibration,True,,False,monthly,06,1.0,8.019616666666666,205,205,600,205,0,0,0,,43.7,,,,,,,,,,
QDM_NP_monthly,MIROC6,500201,nonparametric,monthly,06,validation,True,,False,monthly,06,1.0,8.019616666666666,205,205,420,160,0,0,0,,42.99633819507577,,,,,,,,,,
QDM_NP_monthly,MIROC6,500201,nonparametric,monthly,07,calibration,True,,False,monthly,07,1.0,7.175664516129034,228,228,620,228,0,0,0,,52.2,,,,,,,,,,
QDM_NP_monthly,MIROC6,500201,nonparametric,monthly,07,validation,True,,False,monthly,07,1.0,7.175664516129034,228,228,434,156,0,0,0,,39.722772434817124,,,,,,,,,,
QDM_NP_monthly,MIROC6,500201,nonparametric,monthly,08,calibration,True,,False,monthly,08,1.0,4.4616,248,248,620,248,0,0,0,,41.8,,,,,,,,,,
QDM_NP_monthly,MIROC6,500201,nonparametric,monthly,08,validation,True,,False,monthly,08,1.0,4.4616,248,248,434,180,0,0,0,,35.86579367905841,,,,,,,,,,
QDM_NP_monthly,MIROC6,500201,nonparametric,monthly,09,calibration,True,,False,monthly,09,1.0,3.7258800000000005,216,216,600,216,0,0,0,,57.5,,,,,,,,,,
QDM_NP_monthly,MIROC6,500201,nonparametric,monthly,09,validation,True,,False,monthly,09,1.0,3.7258800000000005,216,216,420,155,0,0,0,,43.95641647954423,,,,,,,,,,
QDM_NP_monthly,MIROC6,500201,nonparametric,monthly,10,calibration,True,,False,monthly,10,1.0,2.6209016129032254,257,257,620,257,0,0,0,,296.9,,,,,,,,,,
QDM_NP_monthly,MIROC6,500201,nonparametric,monthly,10,validation,True,,False,monthly,10,1.0,2.6209016129032254,257,257,434,193,0,0,0,,145.90362071194178,,,,,,,,,,
QDM_NP_monthly,MIROC6,500201,nonparametric,monthly,11,calibration,True,,False,monthly,11,1.0,4.008395000000002,129,129,600,129,0,0,0,,240.1,,,,,,,,,,
QDM_NP_monthly,MIROC6,500201,nonparametric,monthly,11,validation,True,,False,monthly,11,1.0,4.008395000000002,129,129,420,118,0,0,0,,309.89869759546133,,,,,,,,,,
QDM_NP_monthly,MIROC6,500201,nonparametric,monthly,12,calibration,False,"insufficient wet days obs=23, model=23",True,annual,all,1.0,5.158222580645162,23,23,620,32,0,0,0,,105.01243393064327,,,,,,,,,,
QDM_NP_monthly,MIROC6,500201,nonparametric,monthly,12,validation,False,"insufficient wet days obs=23, model=23",True,annual,all,1.0,5.158222580645162,23,23,434,24,0,0,0,,69.60125337669359,,,,,,,,,,
QDM_NP_monthly,MIROC6,500202,nonparametric,monthly,01,calibration,False,"insufficient wet days obs=17, model=17",True,annual,all,1.0,3.3882483870967723,17,17,620,11,0,0,0,,22.359029326606063,,,,,,,,,,
QDM_NP_monthly,MIROC6,500202,nonparametric,monthly,01,validation,False,"insufficient wet days obs=17, model=17",True,annual,all,1.0,3.3882483870967723,17,17,434,4,0,0,0,,9.545201999411937,,,,,,,,,,
QDM_NP_monthly,MIROC6,500202,nonparametric,monthly,02,calibration,False,"insufficient wet days obs=27, model=27",True,annual,all,1.0,2.578191150442478,27,27,565,3,0,0,0,,6.077989509563253,,,,,,,,,,
QDM_NP_monthly,MIROC6,500202,nonparametric,monthly,02,validation,False,"insufficient wet days obs=27, model=27",True,annual,all,1.0,2.578191150442478,27,27,395,2,0,0,0,,4.584123128066615,,,,,,,,,,
QDM_NP_monthly,MIROC6,500202,nonparametric,monthly,03,calibration,True,,False,monthly,03,1.0,2.1149838709677447,30,30,620,30,0,0,0,,176.0,,,,,,,,,,
QDM_NP_monthly,MIROC6,500202,nonparametric,monthly,03,validation,True,,False,monthly,03,1.0,2.1149838709677447,30,30,434,27,0,0,0,,214.40094384680137,,,,,,,,,,
QDM_NP_monthly,MIROC6,500202,nonparametric,monthly,04,calibration,True,,False,monthly,04,1.0,1.668985000000001,63,63,600,63,0,0,0,,51.9,,,,,,,,,,
QDM_NP_monthly,MIROC6,500202,nonparametric,monthly,04,validation,True,,False,monthly,04,1.0,1.668985000000001,63,63,420,40,0,0,0,,58.926933009322745,,,,,,,,,,
QDM_NP_monthly,MIROC6,500202,nonparametric,monthly,05,calibration,True,,False,monthly,05,1.0,2.654999999999999,186,186,620,186,0,0,0,,225.3,,,,,,,,,,
QDM_NP_monthly,MIROC6,500202,nonparametric,monthly,05,validation,True,,False,monthly,05,1.0,2.654999999999999,186,186,434,128,0,0,0,,106.40318345230297,,,,,,,,,,
QDM_NP_monthly,MIROC6,500202,nonparametric,monthly,06,calibration,True,,False,monthly,06,1.0,8.308239999999998,192,192,600,192,0,0,0,,53.4,,,,,,,,,,
QDM_NP_monthly,MIROC6,500202,nonparametric,monthly,06,validation,True,,False,monthly,06,1.0,8.308239999999998,192,192,420,157,0,0,0,,52.2241283828813,,,,,,,,,,
QDM_NP_monthly,MIROC6,500202,nonparametric,monthly,07,calibration,True,,False,monthly,07,1.0,7.920906451612902,206,206,620,206,0,0,0,,85.8,,,,,,,,,,
QDM_NP_monthly,MIROC6,500202,nonparametric,monthly,07,validation,True,,False,monthly,07,1.0,7.920906451612902,206,206,434,141,0,0,0,,54.06089745841859,,,,,,,,,,
QDM_NP_monthly,MIROC6,500202,nonparametric,monthly,08,calibration,True,,False,monthly,08,1.0,5.638354838709678,200,200,620,200,0,0,0,,52.5,,,,,,,,,,
QDM_NP_monthly,MIROC6,500202,nonparametric,monthly,08,validation,True,,False,monthly,08,1.0,5.638354838709678,200,200,434,147,0,0,0,,45.636131201454894,,,,,,,,,,
QDM_NP_monthly,MIROC6,500202,nonparametric,monthly,09,calibration,True,,False,monthly,09,1.0,3.3096266666666665,244,244,600,244,0,0,0,,104.5,,,,,,,,,,
QDM_NP_monthly,MIROC6,500202,nonparametric,monthly,09,validation,True,,False,monthly,09,1.0,3.3096266666666665,244,244,420,166,0,0,0,,81.41477130756111,,,,,,,,,,
QDM_NP_monthly,MIROC6,500202,nonparametric,monthly,10,calibration,True,,False,monthly,10,1.0,2.7670483870967746,250,250,620,250,0,0,0,,152.0,,,,,,,,,,
QDM_NP_monthly,MIROC6,500202,nonparametric,monthly,10,validation,True,,False,monthly,10,1.0,2.7670483870967746,250,250,434,190,0,0,0,,88.69684470366373,,,,,,,,,,
QDM_NP_monthly,MIROC6,500202,nonparametric,monthly,11,calibration,True,,False,monthly,11,1.0,3.892711666666667,131,131,600,131,0,0,0,,298.5,,,,,,,,,,
QDM_NP_monthly,MIROC6,500202,nonparametric,monthly,11,validation,True,,False,monthly,11,1.0,3.892711666666667,131,131,420,118,0,0,0,,376.8785572841058,,,,,,,,,,
QDM_NP_monthly,MIROC6,500202,nonparametric,monthly,12,calibration,False,"insufficient wet days obs=13, model=13",True,annual,all,1.0,9.224866129032257,13,13,620,28,0,0,0,,101.43919885841791,,,,,,,,,,
QDM_NP_monthly,MIROC6,500202,nonparametric,monthly,12,validation,False,"insufficient wet days obs=13, model=13",True,annual,all,1.0,9.224866129032257,13,13,434,19,0,0,0,,64.63172032725268,,,,,,,,,,
QDM_NP_monthly,MIROC6,500301,nonparametric,monthly,01,calibration,False,"insufficient wet days obs=19, model=19",True,annual,all,1.0,3.266961290322579,19,19,620,14,0,0,0,,22.788185334936074,,,,,,,,,,
QDM_NP_monthly,MIROC6,500301,nonparametric,monthly,01,validation,False,"insufficient wet days obs=19, model=19",True,annual,all,1.0,3.266961290322579,19,19,434,8,0,0,0,,11.123268273559914,,,,,,,,,,
QDM_NP_monthly,MIROC6,500301,nonparametric,monthly,02,calibration,False,"insufficient wet days obs=27, model=27",True,annual,all,1.0,2.578191150442478,27,27,565,11,1,0,0,,8.40272727272727,,,,,,,,,,
QDM_NP_monthly,MIROC6,500301,nonparametric,monthly,02,validation,False,"insufficient wet days obs=27, model=27",True,annual,all,1.0,2.578191150442478,27,27,395,4,0,0,0,,6.458788977066798,,,,,,,,,,
QDM_NP_monthly,MIROC6,500301,nonparametric,monthly,03,calibration,True,,False,monthly,03,1.0,1.7345806451612897,45,45,620,45,0,0,0,,83.8,,,,,,,,,,
QDM_NP_monthly,MIROC6,500301,nonparametric,monthly,03,validation,True,,False,monthly,03,1.0,1.7345806451612897,45,45,434,47,0,0,0,,104.21412911084045,,,,,,,,,,
QDM_NP_monthly,MIROC6,500301,nonparametric,monthly,04,calibration,True,,False,monthly,04,1.0,1.27252,104,104,600,104,0,0,0,,45.2,,,,,,,,,,
QDM_NP_monthly,MIROC6,500301,nonparametric,monthly,04,validation,True,,False,monthly,04,1.0,1.27252,104,104,420,69,0,0,0,,52.99535978596981,,,,,,,,,,
QDM_NP_monthly,MIROC6,500301,nonparametric,monthly,05,calibration,True,,False,monthly,05,1.0,1.872687096774194,238,238,620,238,0,0,0,,188.0,,,,,,,,,,
QDM_NP_monthly,MIROC6,500301,nonparametric,monthly,05,validation,True,,False,monthly,05,1.0,1.872687096774194,238,238,434,164,0,0,0,,93.23476118144077,,,,,,,,,,
QDM_NP_monthly,MIROC6,500301,nonparametric,monthly,06,calibration,True,,False,monthly,06,1.0,8.288503333333333,193,193,600,193,0,0,0,,80.3,,,,,,,,,,
QDM_NP_monthly,MIROC6,500301,nonparametric,monthly,06,validation,True,,False,monthly,06,1.0,8.288503333333333,193,193,420,158,0,0,0,,80.46427080309724,,,,,,,,,,
QDM_NP_monthly,MIROC6,500301,nonparametric,monthly,07,calibration,True,,False,monthly,07,1.0,6.75674193548387,240,240,620,240,0,0,0,,82.0,,,,,,,,,,
QDM_NP_monthly,MIROC6,500301,nonparametric,monthly,07,validation,True,,False,monthly,07,1.0,6.75674193548387,240,240,434,165,0,0,0,,59.320837560671706,,,,,,,,,,
QDM_NP_monthly,MIROC6,500301,nonparametric,monthly,08,calibration,True,,False,monthly,08,1.0,5.22825,217,217,620,217,0,0,0,,72.7,,,,,,,,,,
QDM_NP_monthly,MIROC6,500301,nonparametric,monthly,08,validation,True,,False,monthly,08,1.0,5.22825,217,217,434,162,0,0,0,,60.59159527487227,,,,,,,,,,
QDM_NP_monthly,MIROC6,500301,nonparametric,monthly,09,calibration,True,,False,monthly,09,1.0,2.54,300,300,600,300,0,0,0,,72.5,,,,,,,,,,
QDM_NP_monthly,MIROC6,500301,nonparametric,monthly,09,validation,True,,False,monthly,09,1.0,2.54,300,300,420,195,0,0,0,,55.78996446678004,,,,,,,,,,
QDM_NP_monthly,MIROC6,500301,nonparametric,monthly,10,calibration,True,,False,monthly,10,1.0,2.146967741935484,300,300,620,300,0,0,0,,105.1,,,,,,,,,,
QDM_NP_monthly,MIROC6,500301,nonparametric,monthly,10,validation,True,,False,monthly,10,1.0,2.146967741935484,300,300,434,215,0,0,0,,56.316327913378274,,,,,,,,,,
QDM_NP_monthly,MIROC6,500301,nonparametric,monthly,11,calibration,True,,False,monthly,11,1.0,3.6451300000000004,138,138,600,138,0,0,0,,180.9,,,,,,,,,,
QDM_NP_monthly,MIROC6,500301,nonparametric,monthly,11,validation,True,,False,monthly,11,1.0,3.6451300000000004,138,138,420,122,0,0,0,,232.47706268148497,,,,,,,,,,
QDM_NP_monthly,MIROC6,500301,nonparametric,monthly,12,calibration,False,"insufficient wet days obs=11, model=11",True,annual,all,1.0,10.657314516129023,11,11,620,35,0,0,0,,97.29851311418084,,,,,,,,,,
QDM_NP_monthly,MIROC6,500301,nonparametric,monthly,12,validation,False,"insufficient wet days obs=11, model=11",True,annual,all,1.0,10.657314516129023,11,11,434,27,0,0,0,,66.96198077841157,,,,,,,,,,
QDM_P_annual,MIROC6,500001,parametric,annual,all,calibration,True,,False,annual,all,1.0,4.324669404517455,1625,1625,7305,1625,0,0,0,650.0,198.53776378504296,pearson3,10122.10670092022,0.06606216550200539,1.308698575550409e-06,3.0,pearson3,9928.749782055824,0.01910190414099877,0.5867710065719618,3.0
QDM_P_annual,MIROC6,500001,parametric,annual,all,validation,True,,False,annual,all,1.0,4.324669404517455,1625,1625,5113,1141,0,0,0,650.0,108.6996622683353,pearson3,10122.10670092022,0.06606216550200539,1.308698575550409e-06,3.0,pearson3,9928.749782055824,0.01910190414099877,0.5867710065719618,3.0
QDM_P_annual,MIROC6,500002,parametric,annual,all,calibration,True,,False,annual,all,1.0,7.966664476386036,1618,1618,7305,1618,0,0,0,735.0,463.62098994891875,lognorm,12074.238361578493,0.04544683548632386,0.002422384305089989,2.0,pearson3,10138.941314663614,0.011537139489072645,0.9807768509170154,3.0
QDM_P_annual,MIROC6,500002,parametric,annual,all,validation,True,,False,annual,all,1.0,7.966664476386036,1618,1618,5113,1117,0,0,0,735.0,253.36771136541267,lognorm,12074.238361578493,0.04544683548632386,0.002422384305089989,2.0,pearson3,10138.941314663614,0.011537139489072645,0.9807768509170154,3.0
QDM_P_annual,MIROC6,500003,parametric,annual,all,calibration,True,,False,annual,all,1.0,3.7472438056125936,1781,1781,7305,1781,0,0,0,906.5,225.04158542721623,pearson3,11448.829806981652,0.10497782609247319,1.5229195174148545e-17,3.0,pearson3,10820.159932780012,0.03454309828723057,0.027854574686725697,3.0
QDM_P_annual,MIROC6,500003,parametric,annual,all,validation,True,,False,annual,all,1.0,3.7472438056125936,1781,1781,5113,1269,0,0,0,906.5,130.23407906458704,pearson3,11448.829806981652,0.10497782609247319,1.5229195174148545e-17,3.0,pearson3,10820.159932780012,0.03454309828723057,0.027854574686725697,3.0
QDM_P_annual,MIROC6,500004,parametric,annual,all,calibration,True,,False,annual,all,1.0,4.382104038329909,1613,1613,7305,1613,0,0,0,536.0,217.22858748157037,pearson3,10065.358052585754,0.15275734683182612,2.4917916710714816e-33,3.0,pearson3,9847.35220748034,0.018249021581919544,0.6490401024490913,3.0
QDM_P_annual,MIROC6,500004,parametric,annual,all,validation,True,,False,annual,all,1.0,4.382104038329909,1613,1613,5113,1134,0,0,0,536.0,126.61274290315475,pearson3,10065.358052585754,0.15275734683182612,2.4917916710714816e-33,3.0,pearson3,9847.35220748034,0.018249021581919544,0.6490401024490913,3.0
QDM_P_annual,MIROC6,500005,parametric,annual,all,calibration,True,,False,annual,all,1.0,0.999,4174,4172,7305,4172,0,0,0,241.5,98.03874748557534,pearson3,19862.804948041383,0.05405911218174175,4.830027828893569e-11,3.0,pearson3,21112.768466485995,0.10698767364331802,4.866514646321765e-42,3.0
QDM_P_annual,MIROC6,500005,parametric,annual,all,validation,True,,False,annual,all,1.0,0.999,4174,4172,5113,2977,0,0,0,241.5,58.16156399805314,pearson3,19862.804948041383,0.05405911218174175,4.830027828893569e-11,3.0,pearson3,21112.768466485995,0.10698767364331802,4.866514646321765e-42,3.0
QDM_P_annual,MIROC6,500006,parametric,annual,all,calibration,True,,False,annual,all,1.0,0.9615804243668717,4240,4240,7305,4240,0,0,0,230.5,81.90006666793064,pearson3,20413.203469027096,0.036628927336536776,2.2286890218018187e-05,3.0,pearson3,21353.120613711635,0.0888717868976927,1.373694421940692e-29,3.0
QDM_P_annual,MIROC6,500006,parametric,annual,all,validation,True,,False,annual,all,1.0,0.9615804243668717,4240,4240,5113,3024,0,0,0,230.5,48.93364552630417,pearson3,20413.203469027096,0.036628927336536776,2.2286890218018187e-05,3.0,pearson3,21353.120613711635,0.0888717868976927,1.373694421940692e-29,3.0
QDM_P_annual,MIROC6,500007,parametric,annual,all,calibration,True,,False,annual,all,1.0,1.1675303216974675,3874,3874,7305,3874,0,0,0,732.5,119.36334198961906,pearson3,17230.616975185676,0.06574637276932147,5.292661001669802e-15,3.0,pearson3,20146.128271402322,0.06073000421324393,7.306312353354934e-13,3.0
QDM_P_annual,MIROC6,500007,parametric,annual,all,validation,True,,False,annual,all,1.0,1.1675303216974675,3874,3874,5113,2762,0,0,0,732.5,70.39788688778627,pearson3,17230.616975185676,0.06574637276932147,5.292661001669802e-15,3.0,pearson3,20146.128271402322,0.06073000421324393,7.306312353354934e-13,3.0
QDM_P_annual,MIROC6,500008,parametric,annual,all,calibration,True,,False,annual,all,1.0,0.804,4555,4554,7305,4554,0,0,0,340.0,19.6500229854029,pearson3,21688.325117756165,0.04087479477451217,4.7518985587990795e-07,3.0,genextreme,22760.345392656403,0.0455251328595504,1.2201862778686699e-08,3.0
QDM_P_annual,MIROC6,500008,parametric,annual,all,validation,True,,False,annual,all,1.0,0.804,4555,4554,5113,3234,0,0,0,340.0,17.99519203948753,pearson3,21688.325117756165,0.04087479477451217,4.7518985587990795e-07,3.0,genextreme,22760.345392656403,0.0455251328595504,1.2201862778686699e-08,3.0
QDM_P_annual,MIROC6,500009,parametric,annual,all,calibration,True,,False,annual,all,1.0,0.9121863107460649,4333,4333,7305,4333,0,0,0,244.0,18.55291483015519,pearson3,20525.74494531024,0.059400863394250214,9.87086662374202e-14,3.0,genextreme,21976.200771622596,0.048017311998239554,4.03209252461281e-09,3.0
QDM_P_annual,MIROC6,500009,parametric,annual,all,validation,True,,False,annual,all,1.0,0.9121863107460649,4333,4333,5113,3091,157,0,0,244.0,10.598443271721214,pearson3,20525.74494531024,0.059400863394250214,9.87086662374202e-14,3.0,genextreme,21976.200771622596,0.048017311998239554,4.03209252461281e-09,3.0
QDM_P_annual,MIROC6,500201,parametric,annual,all,calibration,True,,False,annual,all,1.0,3.926235318275154,1719,1719,7305,1719,0,0,0,1484.5,133.57071393583536,pearson3,11197.427898063554,0.049940389871094615,0.00036400699091176746,3.0,pearson3,10498.24706887254,0.03331938572059077,0.04300950522464886,3.0
QDM_P_annual,MIROC6,500201,parametric,annual,all,validation,True,,False,annual,all,1.0,3.926235318275154,1719,1719,5113,1238,0,0,0,1484.5,77.93695833901258,pearson3,11197.427898063554,0.049940389871094615,0.00036400699091176746,3.0,pearson3,10498.24706887254,0.03331938572059077,0.04300950522464886,3.0
QDM_P_annual,MIROC6,500202,parametric,annual,all,calibration,True,,False,annual,all,1.0,4.560213415468857,1559,1559,7305,1559,0,0,0,1492.5,126.45656850111104,pearson3,10148.229936002863,0.07048159678310106,3.525788511651437e-07,3.0,pearson3,9566.275269287917,0.02372833270601693,0.3385429473558901,3.0
QDM_P_annual,MIROC6,500202,parametric,annual,all,validation,True,,False,annual,all,1.0,4.560213415468857,1559,1559,5113,1096,0,0,0,1492.5,72.13909809180973,pearson3,10148.229936002863,0.07048159678310106,3.525788511651437e-07,3.0,pearson3,9566.275269287917,0.02372833270601693,0.3385429473558901,3.0
QDM_P_annual,MIROC6,500301,parametric,annual,all,calibration,True,,False,annual,all,1.0,3.58,1832,1831,7305,1831,0,0,0,940.0,121.22086470970302,pearson3,12065.451149883567,0.09597327414620738,3.87221829633173e-15,3.0,pearson3,11111.39242295211,0.029760249482721157,0.07651028055855114,3.0
QDM_P_annual,MIROC6,500301,parametric,annual,all,validation,True,,False,annual,all,1.0,3.58,1832,1831,5113,1307,0,0,0,940.0,69.799404552407,pearson3,12065.451149883567,0.09597327414620738,3.87221829633173e-15,3.0,pearson3,11111.39242295211,0.029760249482721157,0.07651028055855114,3.0
QDM_P_monthly,MIROC6,500001,parametric,monthly,01,calibration,False,"insufficient wet days obs=4, model=4",True,annual,all,1.0,6.366064516129029,4,4,620,11,0,0,0,,,,,,,,,,,,
QDM_P_monthly,MIROC6,500001,parametric,monthly,01,validation,False,"insufficient wet days obs=4, model=4",True,annual,all,1.0,6.366064516129029,4,4,434,4,0,0,0,,,,,,,,,,,,
QDM_P_monthly,MIROC6,500001,parametric,monthly,02,calibration,False,"insufficient wet days obs=18, model=18",True,annual,all,1.0,2.7867964601769915,18,18,565,6,0,0,0,,,,,,,,,,,,
QDM_P_monthly,MIROC6,500001,parametric,monthly,02,validation,False,"insufficient wet days obs=18, model=18",True,annual,all,1.0,2.7867964601769915,18,18,395,2,0,0,0,,,,,,,,,,,,
QDM_P_monthly,MIROC6,500001,parametric,monthly,03,calibration,False,"insufficient wet days obs=22, model=22",True,annual,all,1.0,2.4894258064516124,22,22,620,1,0,0,0,,,,,,,,,,,,
QDM_P_monthly,MIROC6,500001,parametric,monthly,03,validation,False,"insufficient wet days obs=22, model=22",True,annual,all,1.0,2.4894258064516124,22,22,434,2,0,0,0,,,,,,,,,,,,
QDM_P_monthly,MIROC6,500001,parametric,monthly,04,calibration,True,,False,monthly,04,1.0,1.2593666666666665,110,110,600,110,0,0,0,438.0,173.53225602335795,pearson3,748.8471980051573,0.1142221324056068,0.10475034852532972,3.0,pearson3,190.60724481698983,0.09729109616989529,0.23317883322677524,3.0
QDM_P_monthly,MIROC6,500001,parametric,monthly,04,validation,True,,False,monthly,04,1.0,1.2593666666666665,110,110,420,69,0,0,0,438.0,180.61124408694937,pearson3,748.8471980051573,0.1142221324056068,0.10475034852532972,3.0,pearson3,190.60724481698983,0.09729109616989529,0.23317883322677524,3.0
QDM_P_monthly,MIROC6,500001,parametric,monthly,05,calibration,True,,False,monthly,05,1.0,2.2040032258064515,207,207,620,207,0,0,0,650.0,86.6586742587683,pearson3,1394.339393455901,0.06671172395585084,0.3020642173529354,3.0,pearson3,1152.778597706437,0.05741607740859955,0.48466586265456546,3.0
QDM_P_monthly,MIROC6,500001,parametric,monthly,05,validation,True,,False,monthly,05,1.0,2.2040032258064515,207,207,434,147,0,0,0,650.0,46.73812576758414,pearson3,1394.339393455901,0.06671172395585084,0.3020642173529354,3.0,pearson3,1152.778597706437,0.05741607740859955,0.48466586265456546,3.0
QDM_P_monthly,MIROC6,500001,parametric,monthly,06,calibration,True,,False,monthly,06,1.0,8.389949999999999,190,190,600,190,0,0,0,294.5,76.49723778539166,pearson3,1088.8697888231645,0.05630711354882123,0.5639641475741675,3.0,pearson3,1205.09139092952,0.048348619453077946,0.7473604031982852,3.0
QDM_P_monthly,MIROC6,500001,parametric,monthly,06,validation,True,,False,monthly,06,1.0,8.389949999999999,190,190,420,156,0,0,0,294.5,68.12614758685726,pearson3,1088.8697888231645,0.05630711354882123,0.5639641475741675,3.0,pearson3,1205.09139092952,0.048348619453077946,0.7473604031982852,3.0
QDM_P_monthly,MIROC6,500001,parametric,monthly,07,calibration,True,,False,monthly,07,1.0,6.14751935483871,259,259,620,259,0,0,0,411.0,170.0683692414086,pearson3,1585.0598885647387,0.13385819110348546,0.00016536446422565538,3.0,pearson3,1602.8030133542816,0.05644861120343314,0.3674757831225599,3.0
QDM_P_monthly,MIROC6,500001,parametric,monthly,07,validation,True,,False,monthly,07,1.0,6.14751935483871,259,259,434,179,0,0,0,411.0,84.7911004003272,pearson3,1585.0598885647387,0.13385819110348546,0.00016536446422565538,3.0,pearson3,1602.8030133542816,0.05644861120343314,0.3674757831225599,3.0
QDM_P_monthly,MIROC6,500001,parametric,monthly,08,calibration,True,,False,monthly,08,1.0,2.952141935483871,332,332,620,332,0,0,0,437.0,69.81531467860475,pearson3,2094.0606517525757,0.0826063597407789,0.020305063790752188,3.0,pearson3,1884.1553310633467,0.022230828558221116,0.9955098051749411,3.0
QDM_P_monthly,MIROC6,500001,parametric,monthly,08,validation,True,,False,monthly,08,1.0,2.952141935483871,332,332,434,232,0,0,0,437.0,60.85273101679681,pearson3,2094.0606517525757,0.0826063597407789,0.020305063790752188,3.0,pearson3,1884.1553310633467,0.022230828558221116,0.9955098051749411,3.0
QDM_P_monthly,MIROC6,500001,parametric,monthly,09,calibration,True,,False,monthly,09,1.0,3.06931,262,262,600,262,0,0,0,481.5,65.48808732714885,pearson3,1818.9179900930242,0.08659240157762993,0.03699398301638357,3.0,pearson3,1436.0080270011374,0.0463098942821224,0.611000167501369,3.0
QDM_P_monthly,MIROC6,500001,parametric,monthly,09,validation,True,,False,monthly,09,1.0,3.06931,262,262,420,174,0,0,0,481.5,50.7149490463178,pearson3,1818.9179900930242,0.08659240157762993,0.03699398301638357,3.0,pearson3,1436.0080270011374,0.0463098942821224,0.611000167501369,3.0
QDM_P_monthly,MIROC6,500001,parametric,monthly,10,calibration,True,,False,monthly,10,1.0,5.224774193548387,160,160,620,160,0,0,0,400.0,99.02832864208457,pearson3,994.3460418117925,0.077716065484709,0.27420080924017654,3.0,pearson3,1025.7904415494713,0.06597014021847714,0.46941076212420796,3.0
QDM_P_monthly,MIROC6,500001,parametric,monthly,10,validation,True,,False,monthly,10,1.0,5.224774193548387,160,160,434,109,0,0,0,400.0,46.64736902828513,pearson3,994.3460418117925,0.077716065484709,0.27420080924017654,3.0,pearson3,1025.7904415494713,0.06597014021847714,0.46941076212420796,3.0
QDM_P_monthly,MIROC6,500001,parametric,monthly,11,calibration,True,,False,monthly,11,1.0,15.342610000000006,54,54,600,54,0,0,0,175.5,28.860521862121185,pearson3,315.39577568650236,0.09121608784800739,0.7254520974615344,3.0,pearson3,392.6029191184604,0.1555900016761652,0.1314377932863824,3.0
QDM_P_monthly,MIROC6,500001,parametric,monthly,11,validation,True,,False,monthly,11,1.0,15.342610000000006,54,54,420,42,0,0,0,175.5,40.200679273718656,pearson3,315.39577568650236,0.09121608784800739,0.7254520974615344,3.0,pearson3,392.6029191184604,0.1555900016761652,0.1314377932863824,3.0
QDM_P_monthly,MIROC6,500001,parametric,monthly,12,calibration,False,"insufficient wet days obs=7, model=7",True,annual,all,1.0,18.58091451612903,7,7,620,30,0,0,0,650.0,83.04819236931573,,,,,,,,,,
QDM_P_monthly,MIROC6,500001,parametric,monthly,12,validation,False,"insufficient wet days obs=7, model=7",True,annual,all,1.0,18.58091451612903,7,7,434,20,0,0,0,,,,,,,,,,,,
QDM_P_monthly,MIROC6,500002,parametric,monthly,01,calibration,False,"insufficient wet days obs=9, model=9",True,annual,all,1.0,8.173479032258063,9,9,620,11,0,0,0,,,,,,,,,,,,
QDM_P_monthly,MIROC6,500002,parametric,monthly,01,validation,False,"insufficient wet days obs=9, model=9",True,annual,all,1.0,8.173479032258063,9,9,434,4,0,0,0,,,,,,,,,,,,
QDM_P_monthly,MIROC6,500002,parametric,monthly,02,calibration,False,"insufficient wet days obs=14, model=14",True,annual,all,1.0,5.958175221238941,14,14,565,5,0,0,0,,,,,,,,,,,,
QDM_P_monthly,MIROC6,500002,parametric,monthly,02,validation,False,"insufficient wet days obs=14, model=14",True,annual,all,1.0,5.958175221238941,14,14,395,2,0,0,0,,,,,,,,,,,,
QDM_P_monthly,MIROC6,500002,parametric,monthly,03,calibration,True,,False,monthly,03,1.0,3.9461225806451616,38,38,620,38,0,0,0,232.5,28.009445012000107,pearson3,225.26588138246987,0.15143273418974346,0.31559317419645216,3.0,pearson3,79.76560744343489,0.07644750556185442,0.9670972843034752,3.0
QDM_P_monthly,MIROC6,500002,parametric,monthly,03,validation,True,,False,monthly,03,1.0,3.9461225806451616,38,38,434,42,0,0,0,232.5,45.5193652509842,pearson3,225.26588138246987,0.15143273418974346,0.31559317419645216,3.0,pearson3,79.76560744343489,0.07644750556185442,0.9670972843034752,3.0
QDM_P_monthly,MIROC6,500002,parametric,monthly,04,calibration,True,,False,monthly,04,1.0,2.4648399999999997,121,121,600,121,0,0,0,707.0,244.72826788852697,pearson3,909.2034473470238,0.04359190738034113,0.9679033673358094,3.0,pearson3,340.77501580995676,0.08185768462236509,0.3719887293018197,3.0
QDM_P_monthly,MIROC6,500002,parametric,monthly,04,validation,True,,False,monthly,04,1.0,2.4648399999999997,121,121,420,83,0,0,0,707.0,295.6183058479655,pearson3,909.2034473470238,0.04359190738034113,0.9679033673358094,3.0,pearson3,340.77501580995676,0.08185768462236509,0.3719887293018197,3.0
QDM_P_monthly,MIROC6,500002,parametric,monthly,05,calibration,True,,False,monthly,05,1.0,5.55976451612903,199,199,620,199,0,0,0,671.0,96.53362341223449,pearson3,1526.753577303418,0.039816978050921326,0.8979534025289143,3.0,pearson3,1271.4299139836723,0.05269698864131078,0.6190280471648952,3.0
QDM_P_monthly,MIROC6,500002,parametric,monthly,05,validation,True,,False,monthly,05,1.0,5.55976451612903,199,199,434,152,0,0,0,671.0,67.38721315055646,pearson3,1526.753577303418,0.039816978050921326,0.8979534025289143,3.0,pearson3,1271.4299139836723,0.05269698864131078,0.6190280471648952,3.0
QDM_P_monthly,MIROC6,500002,parametric,monthly,06,calibration,True,,False,monthly,06,1.0,12.973519999999999,188,188,600,188,0,0,0,577.0,79.37360441251843,pearson3,1295.8291512622118,0.0718404147740451,0.2731352098176838,3.0,pearson3,1229.4790571596413,0.03446883620914476,0.9732390951748081,3.0
QDM_P_monthly,MIROC6,500002,parametric,monthly,06,validation,True,,False,monthly,06,1.0,12.973519999999999,188,188,420,140,0,0,0,577.0,63.51359798108837,pearson3,1295.8291512622118,0.0718404147740451,0.2731352098176838,3.0,pearson3,1229.4790571596413,0.03446883620914476,0.9732390951748081,3.0
QDM_P_monthly,MIROC6,500002,parametric,monthly,07,calibration,True,,False,monthly,07,1.0,10.626330645161291,275,275,620,275,0,0,0,592.5,148.31591785591652,pearson3,2073.764234366555,0.04474682270067465,0.6240869086685397,3.0,pearson3,1815.8736691123618,0.03346537399152727,0.9074104510943507,3.0
QDM_P_monthly,MIROC6,500002,parametric,monthly,07,validation,True,,False,monthly,07,1.0,10.626330645161291,275,275,434,198,0,0,0,592.5,85.41348261092458,pearson3,2073.764234366555,0.04474682270067465,0.6240869086685397,3.0,pearson3,1815.8736691123618,0.03346537399152727,0.9074104510943507,3.0
QDM_P_monthly,MIROC6,500002,parametric,monthly,08,calibration,True,,False,monthly,08,1.0,6.771183870967742,329,329,620,329,0,0,0,735.0,113.73882039478268,pearson3,2475.6997972264276,0.04862914185007161,0.4051205984304225,3.0,pearson3,1953.428570385769,0.03345378429446644,0.8428672799085835,3.0
QDM_P_monthly,MIROC6,500002,parametric,monthly,08,validation,True,,False,monthly,08,1.0,6.771183870967742,329,329,434,213,0,0,0,735.0,102.0052964939722,pearson3,2475.6997972264276,0.04862914185007161,0.4051205984304225,3.0,pearson3,1953.428570385769,0.03345378429446644,0.8428672799085835,3.0
QDM_P_monthly,MIROC6,500002,parametric,monthly,09,calibration,True,,False,monthly,09,1.0,5.82498,249,249,600,249,0,0,0,485.5,112.53126824887559,pearson3,1787.188773462894,0.060355366320421544,0.31196895532372737,3.0,pearson3,1363.359471932966,0.04678673202825967,0.6296052988233313,3.0
QDM_P_monthly,MIROC6,500002,parametric,monthly,09,validation,True,,False,monthly,09,1.0,5.82498,249,249,420,167,0,0,0,485.5,72.6321191215337,pearson3,1787.188773462894,0.060355366320421544,0.31196895532372737,3.0,pearson3,1363.359471932966,0.04678673202825967,0.6296052988233313,3.0
QDM_P_monthly,MIROC6,500002,parametric,monthly,10,calibration,True,,False,monthly,10,1.0,9.072090322580646,132,132,620,132,0,0,0,402.0,89.07113993858817,pearson3,900.6075661826135,0.0618882041948865,0.6693802226299923,3.0,pearson3,762.7521713118629,0.08935455228392353,0.228553049116343,3.0
QDM_P_monthly,MIROC6,500002,parametric,monthly,10,validation,True,,False,monthly,10,1.0,9.072090322580646,132,132,434,79,0,0,0,402.0,61.9817366221603,pearson3,900.6075661826135,0.0618882041948865,0.6693802226299923,3.0,pearson3,762.7521713118629,0.08935455228392353,0.228553049116343,3.0
QDM_P_monthly,MIROC6,500002,parametric,monthly,11,calibration,True,,False,monthly,11,1.0,17.04691666666666,50,50,600,50,0,0,0,364.0,64.6692428563362,pearson3,296.07845969496515,0.09702753238718426,0.6977922055402828,3.0,pearson3,342.5702736962804,0.0822338290953929,0.8602763240826875,3.0
QDM_P_monthly,MIROC6,500002,parametric,monthly,11,validation,True,,False,monthly,11,1.0,17.04691666666666,50,50,420,47,0,0,0,364.0,64.71105883819769,pearson3,296.07845969496515,0.09702753238718426,0.6977922055402828,3.0,pearson3,342.5702736962804,0.0822338290953929,0.8602763240826875,3.0
QDM_P_monthly,MIROC6,500002,parametric,monthly,12,calibration,False,"insufficient wet days obs=14, model=14",True,annual,all,1.0,15.227816129032234,14,14,620,35,0,0,0,735.0,164.699305518074,,,,,,,,,,
QDM_P_monthly,MIROC6,500002,parametric,monthly,12,validation,False,"insufficient wet days obs=14, model=14",True,annual,all,1.0,15.227816129032234,14,14,434,20,0,0,0,,,,,,,,,,,,
QDM_P_monthly,MIROC6,500003,parametric,monthly,01,calibration,False,"insufficient wet days obs=9, model=9",True,annual,all,1.0,4.676672580645158,9,9,620,12,0,0,0,,,,,,,,,,,,
QDM_P_monthly,MIROC6,500003,parametric,monthly,01,validation,False,"insufficient wet days obs=9, model=9",True,annual,all,1.0,4.676672580645158,9,9,434,6,0,0,0,,,,,,,,,,,,
QDM_P_monthly,MIROC6,500003,parametric,monthly,02,calibration,False,"insufficient wet days obs=19, model=19",True,annual,all,1.0,2.7463787610619472,19,19,565,10,0,0,0,,,,,,,,,,,,
QDM_P_monthly,MIROC6,500003,parametric,monthly,02,validation,False,"insufficient wet days obs=19, model=19",True,annual,all,1.0,2.7463787610619472,19,19,395,3,0,0,0,,,,,,,,,,,,
QDM_P_monthly,MIROC6,500003,parametric,monthly,03,calibration,True,,False,monthly,03,1.0,1.8208596774193542,41,41,620,41,0,0,0,336.0,42.66131828295576,pearson3,258.38837166522626,0.09040771793335252,0.8610388455952271,3.0,pearson3,75.43369547866685,0.07904770550340573,0.9420968625818342,3.0
QDM_P_monthly,MIROC6,500003,parametric,monthly,03,validation,True,,False,monthly,03,1.0,1.8208596774193542,41,41,434,38,0,0,0,336.0,56.67223328025807,pearson3,258.38837166522626,0.09040771793335252,0.8610388455952271,3.0,pearson3,75.43369547866685,0.07904770550340573,0.9420968625818342,3.0
QDM_P_monthly,MIROC6,500003,parametric,monthly,04,calibration,True,,False,monthly,04,1.0,1.0274933333333331,148,148,600,148,0,0,0,381.5,239.18438391363503,pearson3,987.2057892378532,0.06724587437811358,0.49399095514820446,3.0,pearson3,249.10584633399705,0.08141964850162045,0.2656253204281147,3.0
QDM_P_monthly,MIROC6,500003,parametric,monthly,04,validation,True,,False,monthly,04,1.0,1.0274933333333331,148,148,420,96,0,0,0,381.5,223.72872129475297,pearson3,987.2057892378532,0.06724587437811358,0.49399095514820446,3.0,pearson3,249.10584633399705,0.08141964850162045,0.2656253204281147,3.0
QDM_P_monthly,MIROC6,500003,parametric,monthly,05,calibration,True,,False,monthly,05,1.0,1.8375096774193547,244,244,620,244,0,0,0,615.0,109.661646668375,pearson3,1662.433533608084,0.07673452490731891,0.10722684345066358,3.0,pearson3,1272.501332498312,0.050740499118921145,0.5392545593726733,3.0
QDM_P_monthly,MIROC6,500003,parametric,monthly,05,validation,True,,False,monthly,05,1.0,1.8375096774193547,244,244,434,166,0,0,0,615.0,60.09358392361364,pearson3,1662.433533608084,0.07673452490731891,0.10722684345066358,3.0,pearson3,1272.501332498312,0.050740499118921145,0.5392545593726733,3.0
QDM_P_monthly,MIROC6,500003,parametric,monthly,06,calibration,True,,False,monthly,06,1.0,7.685126666666667,212,212,600,212,0,0,0,314.0,79.71876355679346,pearson3,1233.175805072156,0.0709887203502681,0.22481503128994962,3.0,pearson3,1327.3444168746178,0.04704734781582631,0.7177630482600561,3.0
QDM_P_monthly,MIROC6,500003,parametric,monthly,06,validation,True,,False,monthly,06,1.0,7.685126666666667,212,212,420,167,0,0,0,314.0,71.67563136920144,pearson3,1233.175805072156,0.0709887203502681,0.22481503128994962,3.0,pearson3,1327.3444168746178,0.04704734781582631,0.7177630482600561,3.0
QDM_P_monthly,MIROC6,500003,parametric,monthly,07,calibration,True,,False,monthly,07,1.0,6.045427419354839,265,265,620,265,0,0,0,785.0,174.55707150983483,pearson3,1790.7323854342021,0.07150556342001091,0.12674881910035618,3.0,pearson3,1631.647702054348,0.05081005329021426,0.48502928253810607,3.0
QDM_P_monthly,MIROC6,500003,parametric,monthly,07,validation,True,,False,monthly,07,1.0,6.045427419354839,265,265,434,181,0,0,0,785.0,89.24810784215576,pearson3,1790.7323854342021,0.07150556342001091,0.12674881910035618,3.0,pearson3,1631.647702054348,0.05081005329021426,0.48502928253810607,3.0
QDM_P_monthly,MIROC6,500003,parametric,monthly,08,calibration,True,,False,monthly,08,1.0,3.168258064516129,320,320,620,320,0,0,0,906.5,67.34037893406841,pearson3,2102.680656522914,0.04510364368592634,0.5183897929750483,3.0,pearson3,1810.206626662972,0.028622929014104237,0.9489441341767738,3.0
QDM_P_monthly,MIROC6,500003,parametric,monthly,08,validation,True,,False,monthly,08,1.0,3.168258064516129,320,320,434,224,0,0,0,906.5,58.868501360914074,pearson3,2102.680656522914,0.04510364368592634,0.5183897929750483,3.0,pearson3,1810.206626662972,0.028622929014104237,0.9489441341767738,3.0
QDM_P_monthly,MIROC6,500003,parametric,monthly,09,calibration,True,,False,monthly,09,1.0,3.008550000000001,270,270,600,270,0,0,0,645.0,79.6409503540442,pearson3,1830.9572704630727,0.0772831454055386,0.07536742494666437,3.0,pearson3,1461.614885107219,0.04367154680951971,0.665179009228412,3.0
QDM_P_monthly,MIROC6,500003,parametric,monthly,09,validation,True,,False,monthly,09,1.0,3.008550000000001,270,270,420,176,0,0,0,645.0,60.46365678822381,pearson3,1830.9572704630727,0.0772831454055386,0.07536742494666437,3.0,pearson3,1461.614885107219,0.04367154680951971,0.665179009228412,3.0
QDM_P_monthly,MIROC6,500003,parametric,monthly,10,calibration,True,,False,monthly,10,1.0,4.607,182,181,620,181,0,0,0,491.0,130.0488933827548,pearson3,1012.400989007257,0.08563550449936502,0.13071032945458871,3.0,pearson3,1164.6703203532234,0.14583150759755803,0.0008003258379351146,3.0
QDM_P_monthly,MIROC6,500003,parametric,monthly,10,validation,True,,False,monthly,10,1.0,4.607,182,181,434,123,0,0,0,491.0,60.85274342758321,pearson3,1012.400989007257,0.08563550449936502,0.13071032945458871,3.0,pearson3,1164.6703203532234,0.14583150759755803,0.0008003258379351146,3.0
QDM_P_monthly,MIROC6,500003,parametric,monthly,11,calibration,True,,False,monthly,11,1.0,14.837740000000009,58,58,600,58,0,0,0,462.0,50.069308085254846,genextreme,386.0122882735154,0.09325318818689987,0.6595846362984237,3.0,pearson3,404.74030072026414,0.14357656320299583,0.1658684288820258,3.0
QDM_P_monthly,MIROC6,500003,parametric,monthly,11,validation,True,,False,monthly,11,1.0,14.837740000000009,58,58,420,45,0,0,0,462.0,100.88802446642133,genextreme,386.0122882735154,0.09325318818689987,0.6595846362984237,3.0,pearson3,404.74030072026414,0.14357656320299583,0.1658684288820258,3.0
QDM_P_monthly,MIROC6,500003,parametric,monthly,12,calibration,False,"insufficient wet days obs=13, model=13",True,annual,all,1.0,9.224866129032257,13,13,620,34,0,0,0,906.5,105.64124919048784,,,,,,,,,,
QDM_P_monthly,MIROC6,500003,parametric,monthly,12,validation,False,"insufficient wet days obs=13, model=13",True,annual,all,1.0,9.224866129032257,13,13,434,26,0,0,0,,,,,,,,,,,,
QDM_P_monthly,MIROC6,500004,parametric,monthly,01,calibration,False,"insufficient wet days obs=9, model=9",True,annual,all,1.0,4.676672580645158,9,9,620,11,0,0,0,,,,,,,,,,,,
QDM_P_monthly,MIROC6,500004,parametric,monthly,01,validation,False,"insufficient wet days obs=9, model=9",True,annual,all,1.0,4.676672580645158,9,9,434,4,0,0,0,,,,,,,,,,,,
QDM_P_monthly,MIROC6,500004,parametric,monthly,02,calibration,False,"insufficient wet days obs=22, model=22",True,annual,all,1.0,2.6450123893805313,22,22,565,6,0,0,0,,,,,,,,,,,,
QDM_P_monthly,MIROC6,500004,parametric,monthly,02,validation,False,"insufficient wet days obs=22, model=22",True,annual,all,1.0,2.6450123893805313,22,22,395,2,0,0,0,,,,,,,,,,,,
QDM_P_monthly,MIROC6,500004,parametric,monthly,03,calibration,True,,False,monthly,03,1.0,1.9153564516128994,37,37,620,37,0,0,0,295.0,23.19865131380266,pearson3,-34.42097081625464,0.21621619770241735,0.0535212196075503,3.0,pearson3,61.73253047372951,0.10482332122367066,0.7722394351569213,3.0
QDM_P_monthly,MIROC6,500004,parametric,monthly,03,validation,True,,False,monthly,03,1.0,1.9153564516128994,37,37,434,33,0,0,0,295.0,34.08109066904385,pearson3,-34.42097081625464,0.21621619770241735,0.0535212196075503,3.0,pearson3,61.73253047372951,0.10482332122367066,0.7722394351569213,3.0
QDM_P_monthly,MIROC6,500004,parametric,monthly,04,calibration,True,,False,monthly,04,1.0,1.1354816666666665,127,127,600,127,0,0,0,467.5,55.119085511332905,pearson3,732.0506790431169,0.11811023622042809,0.053183421156722255,3.0,genextreme,244.2443817030549,0.10909705915874135,0.09019816247769541,3.0
QDM_P_monthly,MIROC6,500004,parametric,monthly,04,validation,True,,False,monthly,04,1.0,1.1354816666666665,127,127,420,88,2,0,0,467.5,31.11700700584057,pearson3,732.0506790431169,0.11811023622042809,0.053183421156722255,3.0,genextreme,244.2443817030549,0.10909705915874135,0.09019816247769541,3.0
QDM_P_monthly,MIROC6,500004,parametric,monthly,05,calibration,True,,False,monthly,05,1.0,2.120709677419355,220,220,620,220,0,0,0,446.5,142.0164894617323,pearson3,1255.9916706150366,0.07727272723053734,0.13712592412893132,3.0,pearson3,1208.5911357106147,0.06399954322078594,0.3149083946048431,3.0
QDM_P_monthly,MIROC6,500004,parametric,monthly,05,validation,True,,False,monthly,05,1.0,2.120709677419355,220,220,434,150,0,0,0,446.5,72.44804169481951,pearson3,1255.9916706150366,0.07727272723053734,0.13712592412893132,3.0,pearson3,1208.5911357106147,0.06399954322078594,0.3149083946048431,3.0
QDM_P_monthly,MIROC6,500004,parametric,monthly,06,calibration,True,,False,monthly,06,1.0,8.876099999999996,180,180,600,180,0,0,0,247.0,43.7700538371847,pearson3,961.0868301098924,0.1858599405618545,6.46282259711877e-06,3.0,pearson3,1133.0799132058537,0.09115280001596066,0.09433943757433405,3.0
QDM_P_monthly,MIROC6,500004,parametric,monthly,06,validation,True,,False,monthly,06,1.0,8.876099999999996,180,180,420,151,0,0,0,247.0,40.117039031362445,pearson3,961.0868301098924,0.1858599405618545,6.46282259711877e-06,3.0,pearson3,1133.0799132058537,0.09115280001596066,0.09433943757433405,3.0
QDM_P_monthly,MIROC6,500004,parametric,monthly,07,calibration,True,,False,monthly,07,1.0,6.079761290322581,262,262,620,262,0,0,0,492.5,186.87515651772674,pearson3,917.2475815848586,0.11450381618545027,0.0018960395404951271,3.0,pearson3,1618.9166514490705,0.059374104634363656,0.30209161180231736,3.0
QDM_P_monthly,MIROC6,500004,parametric,monthly,07,validation,True,,False,monthly,07,1.0,6.079761290322581,262,262,434,181,0,0,0,492.5,92.91982540126092,pearson3,917.2475815848586,0.11450381618545027,0.0018960395404951271,3.0,pearson3,1618.9166514490705,0.059374104634363656,0.30209161180231736,3.0
QDM_P_monthly,MIROC6,500004,parametric,monthly,08,calibration,True,,False,monthly,08,1.0,3.839100000000001,279,279,620,279,0,0,0,526.0,52.866007649246825,pearson3,1544.3283054686506,0.1167327093612831,0.0009067268895901208,3.0,pearson3,1605.714321756112,0.028089040167253998,0.9759775118257286,3.0
QDM_P_monthly,MIROC6,500004,parametric,monthly,08,validation,True,,False,monthly,08,1.0,3.839100000000001,279,279,434,201,0,0,0,526.0,45.430231097079464,pearson3,1544.3283054686506,0.1167327093612831,0.0009067268895901208,3.0,pearson3,1605.714321756112,0.028089040167253998,0.9759775118257286,3.0
QDM_P_monthly,MIROC6,500004,parametric,monthly,09,calibration,True,,False,monthly,09,1.0,3.1987066666666664,256,256,600,256,0,0,0,536.0,139.39103944376242,pearson3,1227.4509555122736,0.08984374967870434,0.03009111222721894,3.0,pearson3,1423.8775973134836,0.08510668653083997,0.04619173797497944,3.0
QDM_P_monthly,MIROC6,500004,parametric,monthly,09,validation,True,,False,monthly,09,1.0,3.1987066666666664,256,256,420,171,0,0,0,536.0,102.38131659356435,pearson3,1227.4509555122736,0.08984374967870434,0.03009111222721894,3.0,pearson3,1423.8775973134836,0.08510668653083997,0.04619173797497944,3.0
QDM_P_monthly,MIROC6,500004,parametric,monthly,10,calibration,True,,False,monthly,10,1.0,5.4245,155,155,620,155,0,0,0,396.5,108.974724171237,pearson3,779.1614627361853,0.10322580644844909,0.06841182322040862,3.0,pearson3,995.2981249975269,0.06949202941923993,0.4234350803381951,3.0
QDM_P_monthly,MIROC6,500004,parametric,monthly,10,validation,True,,False,monthly,10,1.0,5.4245,155,155,434,108,0,0,0,396.5,51.04386945532865,pearson3,779.1614627361853,0.10322580644844909,0.06841182322040862,3.0,pearson3,995.2981249975269,0.06949202941923993,0.4234350803381951,3.0
QDM_P_monthly,MIROC6,500004,parametric,monthly,11,calibration,True,,False,monthly,11,1.0,15.12823,57,57,600,57,0,0,0,472.0,26.039890768834177,pearson3,354.0977131028237,0.1260736928175185,0.2995080674048721,3.0,pearson3,407.21938344585135,0.14703267655518837,0.15373706788324948,3.0
QDM_P_monthly,MIROC6,500004,parametric,monthly,11,validation,True,,False,monthly,11,1.0,15.12823,57,57,420,43,0,0,0,472.0,35.62671067718689,pearson3,354.0977131028237,0.1260736928175185,0.2995080674048721,3.0,pearson3,407.21938344585135,0.14703267655518837,0.15373706788324948,3.0
QDM_P_monthly,MIROC6,500004,parametric,monthly,12,calibration,False,"insufficient wet days obs=9, model=9",True,annual,all,1.0,12.688066129032212,9,9,620,30,0,0,0,536.0,102.35864045526688,,,,,,,,,,
QDM_P_monthly,MIROC6,500004,parametric,monthly,12,validation,False,"insufficient wet days obs=9, model=9",True,annual,all,1.0,12.688066129032212,9,9,434,20,0,0,0,,,,,,,,,,,,
QDM_P_monthly,MIROC6,500005,parametric,monthly,01,calibration,True,,False,monthly,01,1.0,2.718522580645161,36,36,620,36,0,0,0,47.5,8.756564195685655,pearson3,7.424796633902806,0.1829258406439631,0.1584303122651325,3.0,pearson3,80.28624773298188,0.14493929452496562,0.39792973788783503,3.0
QDM_P_monthly,MIROC6,500005,parametric,monthly,01,validation,True,,False,monthly,01,1.0,2.718522580645161,36,36,434,18,0,0,0,,,pearson3,7.424796633902806,0.1829258406439631,0.1584303122651325,3.0,pearson3,80.28624773298188,0.14493929452496562,0.39792973788783503,3.0
QDM_P_monthly,MIROC6,500005,parametric,monthly,02,calibration,True,,False,monthly,02,1.0,1.7737274336283182,61,61,565,61,0,0,0,52.0,10.733028461711916,pearson3,116.93503811314505,0.08196721311330175,0.7762916135286759,3.0,pearson3,126.05049812155399,0.10394899546002079,0.49259626843913995,3.0
QDM_P_monthly,MIROC6,500005,parametric,monthly,02,validation,True,,False,monthly,02,1.0,1.7737274336283182,61,61,395,48,0,0,0,52.0,9.597682167992652,pearson3,116.93503811314505,0.08196721311330175,0.7762916135286759,3.0,pearson3,126.05049812155399,0.10394899546002079,0.49259626843913995,3.0
QDM_P_monthly,MIROC6,500005,parametric,monthly,03,calibration,True,,False,monthly,03,1.0,1.0104903225806454,132,132,620,132,0,0,0,161.5,17.035093172360867,pearson3,332.25711501282296,0.11847531201220018,0.045180313722372745,3.0,pearson3,175.59863742142403,0.04675768968369487,0.9219750631975538,3.0
QDM_P_monthly,MIROC6,500005,parametric,monthly,03,validation,True,,False,monthly,03,1.0,1.0104903225806454,132,132,434,122,0,0,0,161.5,22.908454614214275,pearson3,332.25711501282296,0.11847531201220018,0.045180313722372745,3.0,pearson3,175.59863742142403,0.04675768968369487,0.9219750631975538,3.0
QDM_P_monthly,MIROC6,500005,parametric,monthly,04,calibration,True,,False,monthly,04,1.0,0.506,274,273,600,273,0,0,0,195.0,69.39194708656149,pearson3,1060.23846818694,0.10367855347193142,0.005112288631386763,3.0,pearson3,487.2609092043091,0.05748419720719644,0.31562394118840686,3.0
QDM_P_monthly,MIROC6,500005,parametric,monthly,04,validation,True,,False,monthly,04,1.0,0.506,274,273,420,183,0,0,0,195.0,73.02316372552278,pearson3,1060.23846818694,0.10367855347193142,0.005112288631386763,3.0,pearson3,487.2609092043091,0.05748419720719644,0.31562394118840686,3.0
QDM_P_monthly,MIROC6,500005,parametric,monthly,05,calibration,True,,False,monthly,05,1.0,0.10285967741935487,533,533,620,533,0,0,0,210.0,63.915301858419916,pearson3,2713.5878380809604,0.05463243400755924,0.07999100249834168,3.0,pearson3,2341.0783982931243,0.051108523134671846,0.11930300472111588,3.0
QDM_P_monthly,MIROC6,500005,parametric,monthly,05,validation,True,,False,monthly,05,1.0,0.10285967741935487,533,533,434,397,0,0,0,210.0,36.609395232730556,pearson3,2713.5878380809604,0.05463243400755924,0.07999100249834168,3.0,pearson3,2341.0783982931243,0.051108523134671846,0.11930300472111588,3.0
QDM_P_monthly,MIROC6,500005,parametric,monthly,06,calibration,True,,False,monthly,06,1.0,0.8309333333333334,536,536,600,536,0,0,0,120.5,36.19787044323217,pearson3,2372.6299599908493,0.05054643890478894,0.12491418945220611,3.0,pearson3,3253.2965806969523,0.03787261241137736,0.41529691785742595,3.0
QDM_P_monthly,MIROC6,500005,parametric,monthly,06,validation,True,,False,monthly,06,1.0,0.8309333333333334,536,536,420,373,0,0,0,120.5,35.215189995971755,pearson3,2372.6299599908493,0.05054643890478894,0.12491418945220611,3.0,pearson3,3253.2965806969523,0.03787261241137736,0.41529691785742595,3.0
QDM_P_monthly,MIROC6,500005,parametric,monthly,07,calibration,True,,False,monthly,07,1.0,0.712448387096774,582,582,620,582,0,0,0,193.0,74.85575902627832,pearson3,2730.091758320685,0.041049490854967896,0.27303068491613847,3.0,pearson3,3483.804352351988,0.02790819452508348,0.7441627900272192,3.0
QDM_P_monthly,MIROC6,500005,parametric,monthly,07,validation,True,,False,monthly,07,1.0,0.712448387096774,582,582,434,410,0,0,0,193.0,40.7645769150651,pearson3,2730.091758320685,0.041049490854967896,0.27303068491613847,3.0,pearson3,3483.804352351988,0.02790819452508348,0.7441627900272192,3.0
QDM_P_monthly,MIROC6,500005,parametric,monthly,08,calibration,True,,False,monthly,08,1.0,0.3403564516129032,601,601,620,601,0,0,0,241.5,36.714813131593765,pearson3,3198.903118543283,0.039940934796423355,0.28539032994722635,3.0,pearson3,3245.0618973598566,0.0641507728945595,0.013582344069670562,3.0
QDM_P_monthly,MIROC6,500005,parametric,monthly,08,validation,True,,False,monthly,08,1.0,0.3403564516129032,601,601,434,413,0,0,0,241.5,32.50843693356366,pearson3,3198.903118543283,0.039940934796423355,0.28539032994722635,3.0,pearson3,3245.0618973598566,0.0641507728945595,0.013582344069670562,3.0
QDM_P_monthly,MIROC6,500005,parametric,monthly,09,calibration,True,,False,monthly,09,1.0,0.16170833333333318,575,575,600,575,0,0,0,235.5,45.685875449215175,pearson3,3204.661833336111,0.03825427314153468,0.3602036522697428,3.0,pearson3,2889.4854332957525,0.05260990774835195,0.08000122622672268,3.0
QDM_P_monthly,MIROC6,500005,parametric,monthly,09,validation,True,,False,monthly,09,1.0,0.16170833333333318,575,575,420,400,0,0,0,235.5,36.17302726740815,pearson3,3204.661833336111,0.03825427314153468,0.3602036522697428,3.0,pearson3,2889.4854332957525,0.05260990774835195,0.08000122622672268,3.0
QDM_P_monthly,MIROC6,500005,parametric,monthly,10,calibration,True,,False,monthly,10,1.0,0.3701370967741936,513,513,620,513,0,0,0,175.5,26.30652274259039,pearson3,2466.388536965543,0.08706019940418186,0.0007838189454517997,3.0,lognorm,2730.138542378892,0.04886573192964233,0.1669260151819555,2.0
QDM_P_monthly,MIROC6,500005,parametric,monthly,10,validation,True,,False,monthly,10,1.0,0.3701370967741936,513,513,434,372,0,2,0,175.5,10.09679497198691,pearson3,2466.388536965543,0.08706019940418186,0.0007838189454517997,3.0,lognorm,2730.138542378892,0.04886573192964233,0.1669260151819555,2.0
QDM_P_monthly,MIROC6,500005,parametric,monthly,11,calibration,True,,False,monthly,11,1.0,1.6962666666666661,256,256,600,256,0,0,0,200.5,11.156698046205173,pearson3,916.8083141211491,0.0803209073336344,0.06956188226623528,3.0,pearson3,1476.6014916082129,0.1323907551326871,0.00022555143425831095,3.0
QDM_P_monthly,MIROC6,500005,parametric,monthly,11,validation,True,,False,monthly,11,1.0,1.6962666666666661,256,256,420,216,0,0,0,200.5,15.505421734436098,pearson3,916.8083141211491,0.0803209073336344,0.06956188226623528,3.0,pearson3,1476.6014916082129,0.1323907551326871,0.00022555143425831095,3.0
QDM_P_monthly,MIROC6,500005,parametric,monthly,12,calibration,True,,False,monthly,12,1.0,2.577653225806452,75,75,620,75,0,0,0,168.0,6.404287422470936,pearson3,92.94067429207652,0.10211535387616594,0.388531691763802,3.0,genextreme,324.84555809947096,0.0650176877525141,0.8885435858007472,3.0
QDM_P_monthly,MIROC6,500005,parametric,monthly,12,validation,True,,False,monthly,12,1.0,2.577653225806452,75,75,434,48,4,0,0,168.0,3.415740236439942,pearson3,92.94067429207652,0.10211535387616594,0.388531691763802,3.0,genextreme,324.84555809947096,0.0650176877525141,0.8885435858007472,3.0
QDM_P_monthly,MIROC6,500006,parametric,monthly,01,calibration,True,,False,monthly,01,1.0,2.6600645161290326,40,40,620,40,0,0,0,45.0,12.163171686339833,pearson3,-82.40263279193104,0.17499999959549595,0.15292946913785022,3.0,pearson3,88.37459142139744,0.0982815578460623,0.7987667373552991,3.0
QDM_P_monthly,MIROC6,500006,parametric,monthly,01,validation,True,,False,monthly,01,1.0,2.6600645161290326,40,40,434,20,0,0,0,,,pearson3,-82.40263279193104,0.17499999959549595,0.15292946913785022,3.0,pearson3,88.37459142139744,0.0982815578460623,0.7987667373552991,3.0
QDM_P_monthly,MIROC6,500006,parametric,monthly,02,calibration,True,,False,monthly,02,1.0,1.7613168141592923,62,62,565,62,0,0,0,48.0,9.50521989743846,pearson3,203.2441722946848,0.1038276348859481,0.4839911322106055,3.0,pearson3,128.51711277178205,0.0978202911220648,0.5598833387929889,3.0
QDM_P_monthly,MIROC6,500006,parametric,monthly,02,validation,True,,False,monthly,02,1.0,1.7613168141592923,62,62,395,48,0,0,0,48.0,8.602700373827975,pearson3,203.2441722946848,0.1038276348859481,0.4839911322106055,3.0,pearson3,128.51711277178205,0.0978202911220648,0.5598833387929889,3.0
QDM_P_monthly,MIROC6,500006,parametric,monthly,03,calibration,True,,False,monthly,03,1.0,0.9944354838709677,135,135,620,135,0,0,0,150.5,10.876157529368863,pearson3,481.1557377285637,0.054449585674938794,0.7977234027104817,3.0,pearson3,183.41153846408938,0.043791910469446194,0.9479081779657733,3.0
QDM_P_monthly,MIROC6,500006,parametric,monthly,03,validation,True,,False,monthly,03,1.0,0.9944354838709677,135,135,434,122,0,0,0,150.5,14.02420830633211,pearson3,481.1557377285637,0.054449585674938794,0.7977234027104817,3.0,pearson3,183.41153846408938,0.043791910469446194,0.9479081779657733,3.0
QDM_P_monthly,MIROC6,500006,parametric,monthly,04,calibration,True,,False,monthly,04,1.0,0.4858933333333332,284,284,600,284,0,0,0,171.0,67.96664951852102,pearson3,1151.9929682049542,0.045774647886759216,0.575234329841092,3.0,pearson3,492.4530848244541,0.05732141903863586,0.29684197193782547,3.0
QDM_P_monthly,MIROC6,500006,parametric,monthly,04,validation,True,,False,monthly,04,1.0,0.4858933333333332,284,284,420,187,0,0,0,171.0,68.44346257447245,pearson3,1151.9929682049542,0.045774647886759216,0.575234329841092,3.0,pearson3,492.4530848244541,0.05732141903863586,0.29684197193782547,3.0
QDM_P_monthly,MIROC6,500006,parametric,monthly,05,calibration,True,,False,monthly,05,1.0,0.099,536,535,620,535,0,0,0,230.5,28.474762927272906,pearson3,2756.1033565849766,0.05781994049048722,0.053371404322294036,3.0,lognorm,2355.6554880865624,0.03892717464884754,0.3824313620900358,2.0
QDM_P_monthly,MIROC6,500006,parametric,monthly,05,validation,True,,False,monthly,05,1.0,0.099,536,535,434,397,0,1,0,230.5,11.23694119212149,pearson3,2756.1033565849766,0.05781994049048722,0.053371404322294036,3.0,lognorm,2355.6554880865624,0.03892717464884754,0.3824313620900358,2.0
QDM_P_monthly,MIROC6,500006,parametric,monthly,06,calibration,True,,False,monthly,06,1.0,0.7648533333333344,541,541,600,541,0,0,0,121.5,33.96803931500994,pearson3,2452.0779216940787,0.040816859098591673,0.31958307072879166,3.0,pearson3,3281.2827064438097,0.034736834796944255,0.5199189692249053,3.0
QDM_P_monthly,MIROC6,500006,parametric,monthly,06,validation,True,,False,monthly,06,1.0,0.7648533333333344,541,541,420,379,0,0,0,121.5,32.782436958836115,pearson3,2452.0779216940787,0.040816859098591673,0.31958307072879166,3.0,pearson3,3281.2827064438097,0.034736834796944255,0.5199189692249053,3.0
QDM_P_monthly,MIROC6,500006,parametric,monthly,07,calibration,True,,False,monthly,07,1.0,0.6968870967741935,585,585,620,585,0,0,0,181.5,75.99829880136434,pearson3,2872.628972061516,0.03593117428945791,0.42689361377335056,3.0,pearson3,3498.3351361137384,0.02266834891411529,0.9177414348113917,3.0
QDM_P_monthly,MIROC6,500006,parametric,monthly,07,validation,True,,False,monthly,07,1.0,0.6968870967741935,585,585,434,410,0,0,0,181.5,41.839870348627215,pearson3,2872.628972061516,0.03593117428945791,0.42689361377335056,3.0,pearson3,3498.3351361137384,0.02266834891411529,0.9177414348113917,3.0
QDM_P_monthly,MIROC6,500006,parametric,monthly,08,calibration,True,,False,monthly,08,1.0,0.30717741935483944,603,603,620,603,0,0,0,217.0,38.02360383135665,pearson3,3208.159944729687,0.03730988937765378,0.3618830940487461,3.0,pearson3,3268.4018376613285,0.03984992637081475,0.28608075857096804,3.0
QDM_P_monthly,MIROC6,500006,parametric,monthly,08,validation,True,,False,monthly,08,1.0,0.30717741935483944,603,603,434,413,0,0,0,217.0,34.21771710864158,pearson3,3208.159944729687,0.03730988937765378,0.3618830940487461,3.0,pearson3,3268.4018376613285,0.03984992637081475,0.28608075857096804,3.0
QDM_P_monthly,MIROC6,500006,parametric,monthly,09,calibration,True,,False,monthly,09,1.0,0.11985000000000008,582,582,600,582,0,0,0,214.0,41.90068333087232,pearson3,3225.8725142494022,0.04271835919947137,0.23198505803649683,3.0,pearson3,2923.883182935634,0.06537148412603933,0.01319933999403362,3.0
QDM_P_monthly,MIROC6,500006,parametric,monthly,09,validation,True,,False,monthly,09,1.0,0.11985000000000008,582,582,420,408,0,0,0,214.0,33.09780282591672,pearson3,3225.8725142494022,0.04271835919947137,0.23198505803649683,3.0,pearson3,2923.883182935634,0.06537148412603933,0.01319933999403362,3.0
QDM_P_monthly,MIROC6,500006,parametric,monthly,10,calibration,True,,False,monthly,10,1.0,0.31884354838709683,523,523,620,523,0,0,0,170.5,54.10328661047565,pearson3,2517.5739897662597,0.09059362091553883,0.00034769346055557815,3.0,pearson3,2734.5066465350596,0.08064104364123481,0.0020916740440700622,3.0
QDM_P_monthly,MIROC6,500006,parametric,monthly,10,validation,True,,False,monthly,10,1.0,0.31884354838709683,523,523,434,380,0,0,0,170.5,27.219178104103932,pearson3,2517.5739897662597,0.09059362091553883,0.00034769346055557815,3.0,pearson3,2734.5066465350596,0.08064104364123481,0.0020916740440700622,3.0
QDM_P_monthly,MIROC6,500006,parametric,monthly,11,calibration,True,,False,monthly,11,1.0,1.56,268,267,600,267,0,0,0,176.5,18.42204776793859,pearson3,877.7331662940553,0.06716417910335874,0.17022991218843664,3.0,pearson3,1550.4892099059753,0.09107204081949033,0.0223427240947662,3.0
QDM_P_monthly,MIROC6,500006,parametric,monthly,11,validation,True,,False,monthly,11,1.0,1.56,268,267,420,224,0,0,0,176.5,23.297556382062687,pearson3,877.7331662940553,0.06716417910335874,0.17022991218843664,3.0,pearson3,1550.4892099059753,0.09107204081949033,0.0223427240947662,3.0
QDM_P_monthly,MIROC6,500006,parametric,monthly,12,calibration,True,,False,monthly,12,1.0,2.428396774193548,81,81,620,81,0,0,0,147.5,29.603564952682426,pearson3,-42.23101366981964,0.12998256287363397,0.11837671987012233,3.0,pearson3,346.7237152214906,0.1362546251945654,0.08982020355513354,3.0
QDM_P_monthly,MIROC6,500006,parametric,monthly,12,validation,True,,False,monthly,12,1.0,2.428396774193548,81,81,434,58,0,0,0,147.5,21.26307286297884,pearson3,-42.23101366981964,0.12998256287363397,0.11837671987012233,3.0,pearson3,346.7237152214906,0.1362546251945654,0.08982020355513354,3.0
QDM_P_monthly,MIROC6,500007,parametric,monthly,01,calibration,True,,False,monthly,01,1.0,2.7076564516129027,37,37,620,37,0,0,0,213.0,49.16303861249994,pearson3,168.4446949987481,0.11466364736560175,0.6730438713987091,3.0,pearson3,87.24336452179921,0.09661443610923542,0.8474561480617806,3.0
QDM_P_monthly,MIROC6,500007,parametric,monthly,01,validation,True,,False,monthly,01,1.0,2.7076564516129027,37,37,434,18,0,0,0,,,pearson3,168.4446949987481,0.11466364736560175,0.6730438713987091,3.0,pearson3,87.24336452179921,0.09661443610923542,0.8474561480617806,3.0
QDM_P_monthly,MIROC6,500007,parametric,monthly,02,calibration,True,,False,monthly,02,1.0,1.76,63,62,565,62,0,0,0,110.0,19.135688758690428,pearson3,297.4733327400486,0.11023367547711171,0.39927768570164435,3.0,pearson3,128.51711277178205,0.0978202911220648,0.5598833387929889,3.0
QDM_P_monthly,MIROC6,500007,parametric,monthly,02,validation,True,,False,monthly,02,1.0,1.76,63,62,395,48,0,0,0,110.0,17.256378471842034,pearson3,297.4733327400486,0.11023367547711171,0.39927768570164435,3.0,pearson3,128.51711277178205,0.0978202911220648,0.5598833387929889,3.0
QDM_P_monthly,MIROC6,500007,parametric,monthly,03,calibration,True,,False,monthly,03,1.0,1.0764838709677416,115,115,620,115,0,0,0,206.0,26.32572219327658,pearson3,411.1466651575097,0.0941840638196651,0.24369974456592436,3.0,pearson3,150.3358727588617,0.0726124685107486,0.5544724248732549,3.0
QDM_P_monthly,MIROC6,500007,parametric,monthly,03,validation,True,,False,monthly,03,1.0,1.0764838709677416,115,115,434,115,0,0,0,206.0,34.84287033864084,pearson3,411.1466651575097,0.0941840638196651,0.24369974456592436,3.0,pearson3,150.3358727588617,0.0726124685107486,0.5544724248732549,3.0
QDM_P_monthly,MIROC6,500007,parametric,monthly,04,calibration,True,,False,monthly,04,1.0,0.5676933333333334,254,254,600,254,0,0,0,194.0,73.80413830579582,pearson3,929.5056531180101,0.08060439167008715,0.06973121516957159,3.0,pearson3,452.3901608434556,0.06239756329321833,0.2648378259022125,3.0
QDM_P_monthly,MIROC6,500007,parametric,monthly,04,validation,True,,False,monthly,04,1.0,0.5676933333333334,254,254,420,170,0,0,0,194.0,77.27503829665137,pearson3,929.5056531180101,0.08060439167008715,0.06973121516957159,3.0,pearson3,452.3901608434556,0.06239756329321833,0.2648378259022125,3.0
QDM_P_monthly,MIROC6,500007,parametric,monthly,05,calibration,True,,False,monthly,05,1.0,0.21478709677419355,488,488,620,488,0,0,0,578.0,43.05765145780938,pearson3,2270.385172747312,0.08925225940357351,0.0007836574498953127,3.0,pearson3,2242.540229609287,0.0969974031016671,0.00018981138531876888,3.0
QDM_P_monthly,MIROC6,500007,parametric,monthly,05,validation,True,,False,monthly,05,1.0,0.21478709677419355,488,488,434,368,0,0,0,578.0,24.11554793989037,pearson3,2270.385172747312,0.08925225940357351,0.0007836574498953127,3.0,pearson3,2242.540229609287,0.0969974031016671,0.00018981138531876888,3.0
QDM_P_monthly,MIROC6,500007,parametric,monthly,06,calibration,True,,False,monthly,06,1.0,1.424390000000001,498,498,600,498,0,0,0,112.5,33.51474639872868,pearson3,2026.6102267878377,0.037530955638952535,0.4731002992920036,3.0,pearson3,3009.632958004556,0.028482864878087544,0.802922527350473,3.0
QDM_P_monthly,MIROC6,500007,parametric,monthly,06,validation,True,,False,monthly,06,1.0,1.424390000000001,498,498,420,343,0,0,0,112.5,32.288644834741945,pearson3,2026.6102267878377,0.037530955638952535,0.4731002992920036,3.0,pearson3,3009.632958004556,0.028482864878087544,0.802922527350473,3.0
QDM_P_monthly,MIROC6,500007,parametric,monthly,07,calibration,True,,False,monthly,07,1.0,1.4596500000000001,527,527,620,527,0,0,0,151.0,63.70571419183014,pearson3,2423.1614787513004,0.03779378232241176,0.4284713858790885,3.0,pearson3,3147.7076944424825,0.029413756223295562,0.740410657889443,3.0
QDM_P_monthly,MIROC6,500007,parametric,monthly,07,validation,True,,False,monthly,07,1.0,1.4596500000000001,527,527,434,369,0,0,0,151.0,35.08730630760522,pearson3,2423.1614787513004,0.03779378232241176,0.4284713858790885,3.0,pearson3,3147.7076944424825,0.029413756223295562,0.740410657889443,3.0
QDM_P_monthly,MIROC6,500007,parametric,monthly,08,calibration,True,,False,monthly,08,1.0,0.5826967741935484,573,573,620,573,0,0,0,150.5,25.286154496014746,pearson3,2726.052586504347,0.10160296593396534,1.329908323567206e-05,3.0,pearson3,3097.2067197819847,0.06506277035490055,0.014933155023684353,3.0
QDM_P_monthly,MIROC6,500007,parametric,monthly,08,validation,True,,False,monthly,08,1.0,0.5826967741935484,573,573,434,396,0,0,0,150.5,22.325548999883637,pearson3,2726.052586504347,0.10160296593396534,1.329908323567206e-05,3.0,pearson3,3097.2067197819847,0.06506277035490055,0.014933155023684353,3.0
QDM_P_monthly,MIROC6,500007,parametric,monthly,09,calibration,True,,False,monthly,09,1.0,0.26785,555,555,600,555,0,0,0,185.0,34.769842696394846,pearson3,2786.0445232871616,0.031285504584665974,0.6373103131579861,3.0,pearson3,2795.3746174302496,0.05805301732603152,0.04560334378870623,3.0
QDM_P_monthly,MIROC6,500007,parametric,monthly,09,validation,True,,False,monthly,09,1.0,0.26785,555,555,420,390,0,0,0,185.0,27.028357629491328,pearson3,2786.0445232871616,0.031285504584665974,0.6373103131579861,3.0,pearson3,2795.3746174302496,0.05805301732603152,0.04560334378870623,3.0
QDM_P_monthly,MIROC6,500007,parametric,monthly,10,calibration,True,,False,monthly,10,1.0,0.5326758064516132,489,489,620,489,0,0,0,732.5,84.71070622109727,pearson3,2550.6827892995675,0.058793981888735525,0.06535886689354042,3.0,pearson3,2588.4718022835123,0.05859040772179924,0.06691496595850965,3.0
QDM_P_monthly,MIROC6,500007,parametric,monthly,10,validation,True,,False,monthly,10,1.0,0.5326758064516132,489,489,434,349,0,0,0,732.5,42.170226764551344,pearson3,2550.6827892995675,0.058793981888735525,0.06535886689354042,3.0,pearson3,2588.4718022835123,0.05859040772179924,0.06691496595850965,3.0
QDM_P_monthly,MIROC6,500007,parametric,monthly,11,calibration,True,,False,monthly,11,1.0,2.0332,220,220,600,220,0,0,0,591.5,50.46341603626548,pearson3,987.5069956298541,0.08337621853285004,0.08865940759924407,3.0,pearson3,1358.5124988761559,0.13099032817248496,0.0009437159594921468,3.0
QDM_P_monthly,MIROC6,500007,parametric,monthly,11,validation,True,,False,monthly,11,1.0,2.0332,220,220,420,190,0,0,0,591.5,66.76842604651969,pearson3,987.5069956298541,0.08337621853285004,0.08865940759924407,3.0,pearson3,1358.5124988761559,0.13099032817248496,0.0009437159594921468,3.0
QDM_P_monthly,MIROC6,500007,parametric,monthly,12,calibration,True,,False,monthly,12,1.0,3.0490887096774193,55,55,620,55,0,0,0,94.5,8.907125195808362,pearson3,72.92561494139363,0.2621907596624113,0.0007966562178873815,3.0,genextreme,272.34526039521893,0.09204028944113535,0.7052588238309347,3.0
QDM_P_monthly,MIROC6,500007,parametric,monthly,12,validation,True,,False,monthly,12,1.0,3.0490887096774193,55,55,434,38,4,0,0,94.5,5.255507762728724,pearson3,72.92561494139363,0.2621907596624113,0.0007966562178873815,3.0,genextreme,272.34526039521893,0.09204028944113535,0.7052588238309347,3.0
QDM_P_monthly,MIROC6,500008,parametric,monthly,01,calibration,True,,False,monthly,01,1.0,2.4436580645161294,51,51,620,51,0,0,0,31.0,12.065441245802582,pearson3,91.78366691511299,0.17333558544302147,0.08248615615531885,3.0,pearson3,114.75426271655098,0.11633190113705005,0.4606046393683553,3.0
QDM_P_monthly,MIROC6,500008,parametric,monthly,01,validation,True,,False,monthly,01,1.0,2.4436580645161294,51,51,434,27,0,0,0,,,pearson3,91.78366691511299,0.17333558544302147,0.08248615615531885,3.0,pearson3,114.75426271655098,0.11633190113705005,0.4606046393683553,3.0
QDM_P_monthly,MIROC6,500008,parametric,monthly,02,calibration,True,,False,monthly,02,1.0,1.741817699115044,66,66,565,66,0,0,0,63.5,8.951195011520461,pearson3,192.71837283498857,0.0952711508452513,0.5546853557642585,3.0,pearson3,126.974141806486,0.1399423945728162,0.13690333905891328,3.0
QDM_P_monthly,MIROC6,500008,parametric,monthly,02,validation,True,,False,monthly,02,1.0,1.741817699115044,66,66,395,49,0,0,0,63.5,8.170597960638522,pearson3,192.71837283498857,0.0952711508452513,0.5546853557642585,3.0,pearson3,126.974141806486,0.1399423945728162,0.13690333905891328,3.0
QDM_P_monthly,MIROC6,500008,parametric,monthly,03,calibration,True,,False,monthly,03,1.0,0.9221774193548388,146,146,620,146,0,0,0,125.5,12.548587243657106,pearson3,328.672896529014,0.0879196981632061,0.19709881730662382,3.0,pearson3,210.32058888184122,0.06741094763427424,0.49942864114185614,3.0
QDM_P_monthly,MIROC6,500008,parametric,monthly,03,validation,True,,False,monthly,03,1.0,0.9221774193548388,146,146,434,129,0,0,0,125.5,16.67080219862522,pearson3,328.672896529014,0.0879196981632061,0.19709881730662382,3.0,pearson3,210.32058888184122,0.06741094763427424,0.49942864114185614,3.0
QDM_P_monthly,MIROC6,500008,parametric,monthly,04,calibration,True,,False,monthly,04,1.0,0.37853833333333337,323,323,600,323,0,0,0,119.0,36.62782899427559,pearson3,897.9651164548239,0.17524616101747997,3.801034205555541e-09,3.0,pearson3,564.9981614113552,0.07759197651555472,0.038756667625835295,3.0
QDM_P_monthly,MIROC6,500008,parametric,monthly,04,validation,True,,False,monthly,04,1.0,0.37853833333333337,323,323,420,216,0,0,0,119.0,37.33207640405329,pearson3,897.9651164548239,0.17524616101747997,3.801034205555541e-09,3.0,pearson3,564.9981614113552,0.07759197651555472,0.038756667625835295,3.0
QDM_P_monthly,MIROC6,500008,parametric,monthly,05,calibration,True,,False,monthly,05,1.0,0.052904838709677444,561,561,620,561,0,0,0,340.0,22.611280784876335,pearson3,2800.600210618363,0.05543972045363943,0.06121295812215022,3.0,lognorm,2400.8069833601476,0.0377089545702648,0.3925695826246326,2.0
QDM_P_monthly,MIROC6,500008,parametric,monthly,05,validation,True,,False,monthly,05,1.0,0.052904838709677444,561,561,434,410,8,1,0,340.0,7.960916362699795,pearson3,2800.600210618363,0.05543972045363943,0.06121295812215022,3.0,lognorm,2400.8069833601476,0.0377089545702648,0.3925695826246326,2.0
QDM_P_monthly,MIROC6,500008,parametric,monthly,06,calibration,True,,False,monthly,06,1.0,0.5082699999999989,558,558,600,558,0,0,0,148.5,28.838279053866977,pearson3,2535.2957994753297,0.040394318897347625,0.3139265260534244,3.0,pearson3,3393.1093937994237,0.03450710370066473,0.5086722975885205,3.0
QDM_P_monthly,MIROC6,500008,parametric,monthly,06,validation,True,,False,monthly,06,1.0,0.5082699999999989,558,558,420,390,0,0,0,148.5,29.291829926143723,pearson3,2535.2957994753297,0.040394318897347625,0.3139265260534244,3.0,pearson3,3393.1093937994237,0.03450710370066473,0.5086722975885205,3.0
QDM_P_monthly,MIROC6,500008,parametric,monthly,07,calibration,True,,False,monthly,07,1.0,0.40175483870967743,601,601,620,601,0,0,0,108.5,55.2536179719937,pearson3,2822.960734433751,0.034315418445785784,0.46841733013069875,3.0,pearson3,3615.2639193778446,0.034347172979157015,0.46723103365085994,3.0
QDM_P_monthly,MIROC6,500008,parametric,monthly,07,validation,True,,False,monthly,07,1.0,0.40175483870967743,601,601,434,423,0,0,0,108.5,31.393637186199012,pearson3,2822.960734433751,0.034315418445785784,0.46841733013069875,3.0,pearson3,3615.2639193778446,0.034347172979157015,0.46723103365085994,3.0
QDM_P_monthly,MIROC6,500008,parametric,monthly,08,calibration,True,,False,monthly,08,1.0,0.20888709677419348,610,610,620,610,0,0,0,153.0,24.10393175745546,pearson3,3067.597441795612,0.026296282086565093,0.7825560297299732,3.0,pearson3,3308.7034445139775,0.0651900476242247,0.010694102078487916,3.0
QDM_P_monthly,MIROC6,500008,parametric,monthly,08,validation,True,,False,monthly,08,1.0,0.20888709677419348,610,610,434,421,0,0,0,153.0,21.591924765717845,pearson3,3067.597441795612,0.026296282086565093,0.7825560297299732,3.0,pearson3,3308.7034445139775,0.0651900476242247,0.010694102078487916,3.0
QDM_P_monthly,MIROC6,500008,parametric,monthly,09,calibration,True,,False,monthly,09,1.0,0.005995000000000003,597,597,600,597,0,0,0,151.0,35.89578503227992,pearson3,3280.1334304976954,0.033167539282248804,0.5165490182028534,3.0,pearson3,3006.401456921557,0.04222300776728405,0.23102242835711095,3.0
QDM_P_monthly,MIROC6,500008,parametric,monthly,09,validation,True,,False,monthly,09,1.0,0.005995000000000003,597,597,420,419,0,0,0,151.0,28.790866453483808,pearson3,3280.1334304976954,0.033167539282248804,0.5165490182028534,3.0,pearson3,3006.401456921557,0.04222300776728405,0.23102242835711095,3.0
QDM_P_monthly,MIROC6,500008,parametric,monthly,10,calibration,True,,False,monthly,10,1.0,0.17059354838709667,557,557,620,557,0,0,0,239.5,69.61470895782008,pearson3,2955.116810997827,0.06547971583240009,0.016089537246937985,3.0,pearson3,2861.2135730345863,0.07972276231891795,0.0015843716472249,3.0
QDM_P_monthly,MIROC6,500008,parametric,monthly,10,validation,True,,False,monthly,10,1.0,0.17059354838709667,557,557,434,408,0,0,0,239.5,34.74529852155339,pearson3,2955.116810997827,0.06547971583240009,0.016089537246937985,3.0,pearson3,2861.2135730345863,0.07972276231891795,0.0015843716472249,3.0
QDM_P_monthly,MIROC6,500008,parametric,monthly,11,calibration,True,,False,monthly,11,1.0,1.14507,338,338,600,338,0,0,0,218.0,18.35843753418736,pearson3,1131.4789475440405,0.08553334978043675,0.013374850438695013,3.0,pearson3,1794.226508251895,0.13812668140797074,4.3578772719445125e-06,3.0
QDM_P_monthly,MIROC6,500008,parametric,monthly,11,validation,True,,False,monthly,11,1.0,1.14507,338,338,420,263,0,0,0,218.0,26.303336883730548,pearson3,1131.4789475440405,0.08553334978043675,0.013374850438695013,3.0,pearson3,1794.226508251895,0.13812668140797074,4.3578772719445125e-06,3.0
QDM_P_monthly,MIROC6,500008,parametric,monthly,12,calibration,True,,False,monthly,12,1.0,1.771474193548387,147,147,620,147,0,0,0,55.5,7.805800307983208,pearson3,75.33748139989854,0.11564625849877468,0.03608206751302978,3.0,genextreme,503.56623028762675,0.050590918679809804,0.8274306223406684,3.0
QDM_P_monthly,MIROC6,500008,parametric,monthly,12,validation,True,,False,monthly,12,1.0,1.771474193548387,147,147,434,104,0,0,0,55.5,8.330018986366493,pearson3,75.33748139989854,0.11564625849877468,0.03608206751302978,3.0,genextreme,503.56623028762675,0.050590918679809804,0.8274306223406684,3.0
QDM_P_monthly,MIROC6,500009,parametric,monthly,01,calibration,True,,False,monthly,01,1.0,2.625064516129033,44,44,620,44,0,0,0,83.5,8.019853502917877,pearson3,69.29104749095222,0.11639251606219836,0.5510570525220178,3.0,pearson3,78.82923843610078,0.11138661433162172,0.6063326772832296,3.0
QDM_P_monthly,MIROC6,500009,parametric,monthly,01,validation,True,,False,monthly,01,1.0,2.625064516129033,44,44,434,20,0,0,0,,,pearson3,69.29104749095222,0.11639251606219836,0.5510570525220178,3.0,pearson3,78.82923843610078,0.11138661433162172,0.6063326772832296,3.0
QDM_P_monthly,MIROC6,500009,parametric,monthly,02,calibration,True,,False,monthly,02,1.0,1.76,63,62,565,62,0,0,0,80.0,11.487142376391889,pearson3,133.96317780593708,0.07331255997961822,0.8626009340561426,3.0,pearson3,128.51711277178205,0.0978202911220648,0.5598833387929889,3.0
QDM_P_monthly,MIROC6,500009,parametric,monthly,02,validation,True,,False,monthly,02,1.0,1.76,63,62,395,48,0,0,0,80.0,10.329987067090457,pearson3,133.96317780593708,0.07331255997961822,0.8626009340561426,3.0,pearson3,128.51711277178205,0.0978202911220648,0.5598833387929889,3.0
QDM_P_monthly,MIROC6,500009,parametric,monthly,03,calibration,True,,False,monthly,03,1.0,1.0276290322580643,130,130,620,130,0,0,0,88.5,11.229098135803131,pearson3,292.01192139068405,0.08922913252750081,0.23734304045117605,3.0,pearson3,165.37086265983882,0.04884234043312341,0.9005953377383324,3.0
QDM_P_monthly,MIROC6,500009,parametric,monthly,03,validation,True,,False,monthly,03,1.0,1.0276290322580643,130,130,434,121,0,0,0,88.5,14.824377362674516,pearson3,292.01192139068405,0.08922913252750081,0.23734304045117605,3.0,pearson3,165.37086265983882,0.04884234043312341,0.9005953377383324,3.0
QDM_P_monthly,MIROC6,500009,parametric,monthly,04,calibration,True,,False,monthly,04,1.0,0.44349500000000003,297,297,600,297,0,0,0,125.5,62.83128295286741,pearson3,1240.8083886667712,0.043771043771025836,0.6040375106272022,3.0,pearson3,526.4832533727766,0.06406936675277775,0.16714781814634383,3.0
QDM_P_monthly,MIROC6,500009,parametric,monthly,04,validation,True,,False,monthly,04,1.0,0.44349500000000003,297,297,420,196,0,0,0,125.5,63.92446418513523,pearson3,1240.8083886667712,0.043771043771025836,0.6040375106272022,3.0,pearson3,526.4832533727766,0.06406936675277775,0.16714781814634383,3.0
QDM_P_monthly,MIROC6,500009,parametric,monthly,05,calibration,True,,False,monthly,05,1.0,0.0907451612903226,541,541,620,541,0,0,0,244.0,23.86046191931472,pearson3,2745.086314609157,0.033632005262514336,0.5616348504403869,3.0,lognorm,2366.859792114095,0.03883352774802962,0.3786147744825461,2.0
QDM_P_monthly,MIROC6,500009,parametric,monthly,05,validation,True,,False,monthly,05,1.0,0.0907451612903226,541,541,434,398,0,0,0,244.0,15.489825029999492,pearson3,2745.086314609157,0.033632005262514336,0.5616348504403869,3.0,lognorm,2366.859792114095,0.03883352774802962,0.3786147744825461,2.0
QDM_P_monthly,MIROC6,500009,parametric,monthly,06,calibration,True,,False,monthly,06,1.0,0.708851666666667,547,547,600,547,0,0,0,114.0,29.978605908018416,pearson3,2472.6351043791647,0.03372361244983191,0.5510899755477121,3.0,pearson3,3311.710585849241,0.03174767806143089,0.627994073381192,3.0
QDM_P_monthly,MIROC6,500009,parametric,monthly,06,validation,True,,False,monthly,06,1.0,0.708851666666667,547,547,420,383,0,0,0,114.0,29.103165612076108,pearson3,2472.6351043791647,0.03372361244983191,0.5510899755477121,3.0,pearson3,3311.710585849241,0.03174767806143089,0.627994073381192,3.0
QDM_P_monthly,MIROC6,500009,parametric,monthly,07,calibration,True,,False,monthly,07,1.0,0.5880064516129032,592,592,620,592,0,0,0,217.0,72.52859100940941,pearson3,2837.2359419122713,0.03401528484407022,0.48934249144815223,3.0,pearson3,3547.526121229147,0.036858508666929135,0.3877954375248843,3.0
QDM_P_monthly,MIROC6,500009,parametric,monthly,07,validation,True,,False,monthly,07,1.0,0.5880064516129032,592,592,434,412,0,0,0,217.0,39.850107799350035,pearson3,2837.2359419122713,0.03401528484407022,0.48934249144815223,3.0,pearson3,3547.526121229147,0.036858508666929135,0.3877954375248843,3.0
QDM_P_monthly,MIROC6,500009,parametric,monthly,08,calibration,True,,False,monthly,08,1.0,0.30717741935483944,603,603,620,603,0,0,0,201.0,33.928868288206395,pearson3,3168.363715877365,0.0324469939560192,0.5385312684722404,3.0,pearson3,3268.4018376613285,0.03984992637081475,0.28608075857096804,3.0
QDM_P_monthly,MIROC6,500009,parametric,monthly,08,validation,True,,False,monthly,08,1.0,0.30717741935483944,603,603,434,413,0,0,0,201.0,30.937684230093186,pearson3,3168.363715877365,0.0324469939560192,0.5385312684722404,3.0,pearson3,3268.4018376613285,0.03984992637081475,0.28608075857096804,3.0
QDM_P_monthly,MIROC6,500009,parametric,monthly,09,calibration,True,,False,monthly,09,1.0,0.0837616666666663,587,587,600,587,0,0,0,157.5,40.29490058891402,pearson3,3217.7038579097025,0.02729107140499612,0.7637302510291208,3.0,pearson3,2966.5524300770003,0.09258823576672404,7.881740062590749e-05,3.0
QDM_P_monthly,MIROC6,500009,parametric,monthly,09,validation,True,,False,monthly,09,1.0,0.0837616666666663,587,587,420,412,0,0,0,157.5,31.916333113333714,pearson3,3217.7038579097025,0.02729107140499612,0.7637302510291208,3.0,pearson3,2966.5524300770003,0.09258823576672404,7.881740062590749e-05,3.0
QDM_P_monthly,MIROC6,500009,parametric,monthly,10,calibration,True,,False,monthly,10,1.0,0.25658870967741937,535,535,620,535,0,0,0,199.5,61.72878959270546,pearson3,2681.500265850462,0.040089050820163646,0.34700957582261804,3.0,pearson3,2791.5999429542253,0.09857339281562161,5.612860876745811e-05,3.0
QDM_P_monthly,MIROC6,500009,parametric,monthly,10,validation,True,,False,monthly,10,1.0,0.25658870967741937,535,535,434,390,0,0,0,199.5,31.479043318309436,pearson3,2681.500265850462,0.040089050820163646,0.34700957582261804,3.0,pearson3,2791.5999429542253,0.09857339281562161,5.612860876745811e-05,3.0
QDM_P_monthly,MIROC6,500009,parametric,monthly,11,calibration,True,,False,monthly,11,1.0,1.3878133333333333,293,293,600,293,0,0,0,127.0,19.781595320492656,pearson3,772.3726895132086,0.08801862987109607,0.02004154244443969,3.0,pearson3,1627.586008009512,0.11161972659664765,0.001234295145006997,3.0
QDM_P_monthly,MIROC6,500009,parametric,monthly,11,validation,True,,False,monthly,11,1.0,1.3878133333333333,293,293,420,235,0,0,0,127.0,27.126057390365176,pearson3,772.3726895132086,0.08801862987109607,0.02004154244443969,3.0,pearson3,1627.586008009512,0.11161972659664765,0.001234295145006997,3.0
QDM_P_monthly,MIROC6,500009,parametric,monthly,12,calibration,True,,False,monthly,12,1.0,2.235791935483872,101,101,620,101,0,0,0,62.0,6.057846389049996,pearson3,35.54121049426216,0.14668394451972214,0.02321849141104826,3.0,genextreme,390.5713501608937,0.06593442267185246,0.7468955952955992,3.0
QDM_P_monthly,MIROC6,500009,parametric,monthly,12,validation,True,,False,monthly,12,1.0,2.235791935483872,101,101,434,69,0,0,0,62.0,6.044638277224679,pearson3,35.54121049426216,0.14668394451972214,0.02321849141104826,3.0,genextreme,390.5713501608937,0.06593442267185246,0.7468955952955992,3.0
QDM_P_monthly,MIROC6,500201,parametric,monthly,01,calibration,True,,False,monthly,01,1.0,2.879206451612903,32,32,620,32,0,0,0,436.0,50.580346775872954,pearson3,173.9088615641135,0.14382129455325593,0.4785252812774555,3.0,genextreme,95.34923903496859,0.11261427821500025,0.7704321671926391,3.0
QDM_P_monthly,MIROC6,500201,parametric,monthly,01,validation,True,,False,monthly,01,1.0,2.879206451612903,32,32,434,15,0,0,0,,,pearson3,173.9088615641135,0.14382129455325593,0.4785252812774555,3.0,genextreme,95.34923903496859,0.11261427821500025,0.7704321671926391,3.0
QDM_P_monthly,MIROC6,500201,parametric,monthly,02,calibration,True,,False,monthly,02,1.0,2.1148566371681428,49,49,565,49,0,0,0,216.5,49.54016557239593,pearson3,309.51979595541866,0.11746779752555936,0.47293702645120395,3.0,pearson3,78.93116961402148,0.10698548292539023,0.5914160258267944,3.0
QDM_P_monthly,MIROC6,500201,parametric,monthly,02,validation,True,,False,monthly,02,1.0,2.1148566371681428,49,49,395,30,0,0,0,216.5,43.5186982377688,pearson3,309.51979595541866,0.11746779752555936,0.47293702645120395,3.0,pearson3,78.93116961402148,0.10698548292539023,0.5914160258267944,3.0
QDM_P_monthly,MIROC6,500201,parametric,monthly,03,calibration,True,,False,monthly,03,1.0,1.4500967741935487,68,68,620,68,0,0,0,395.0,56.16764401635075,pearson3,457.90614396648516,0.08900115371482376,0.6219801731069097,3.0,pearson3,108.86117570463553,0.06472352744010079,0.9205353707107876,3.0
QDM_P_monthly,MIROC6,500201,parametric,monthly,03,validation,True,,False,monthly,03,1.0,1.4500967741935487,68,68,434,70,0,0,0,395.0,80.01821802186203,pearson3,457.90614396648516,0.08900115371482376,0.6219801731069097,3.0,pearson3,108.86117570463553,0.06472352744010079,0.9205353707107876,3.0
QDM_P_monthly,MIROC6,500201,parametric,monthly,04,calibration,True,,False,monthly,04,1.0,1.4295033333333331,82,82,600,82,0,0,0,326.5,146.4417146696677,pearson3,541.5642294126924,0.049113220125760804,0.9834571404350555,3.0,pearson3,175.41238739718966,0.1298350417823576,0.11516690377551064,3.0
QDM_P_monthly,MIROC6,500201,parametric,monthly,04,validation,True,,False,monthly,04,1.0,1.4295033333333331,82,82,420,55,0,0,0,326.5,152.6986784355243,pearson3,541.5642294126924,0.049113220125760804,0.9834571404350555,3.0,pearson3,175.41238739718966,0.1298350417823576,0.11516690377551064,3.0
QDM_P_monthly,MIROC6,500201,parametric,monthly,05,calibration,True,,False,monthly,05,1.0,2.8180548387096778,182,182,620,182,0,0,0,986.5,59.28953647852854,pearson3,1222.4262302559464,0.08387010326598399,0.14594101863021425,3.0,pearson3,1033.8141074227756,0.05572491855627423,0.6040888959951729,3.0
QDM_P_monthly,MIROC6,500201,parametric,monthly,05,validation,True,,False,monthly,05,1.0,2.8180548387096778,182,182,434,125,0,0,0,986.5,32.218580736614314,pearson3,1222.4262302559464,0.08387010326598399,0.14594101863021425,3.0,pearson3,1033.8141074227756,0.05572491855627423,0.6040888959951729,3.0
QDM_P_monthly,MIROC6,500201,parametric,monthly,06,calibration,True,,False,monthly,06,1.0,8.019616666666666,205,205,600,205,0,0,0,218.5,71.61801356285454,pearson3,1062.366318963875,0.04878048780402765,0.6950709053059428,3.0,pearson3,1275.2511421914785,0.11166390601630644,0.011081865462909693,3.0
QDM_P_monthly,MIROC6,500201,parametric,monthly,06,validation,True,,False,monthly,06,1.0,8.019616666666666,205,205,420,160,0,0,0,218.5,65.150752599103,pearson3,1062.366318963875,0.04878048780402765,0.6950709053059428,3.0,pearson3,1275.2511421914785,0.11166390601630644,0.011081865462909693,3.0
QDM_P_monthly,MIROC6,500201,parametric,monthly,07,calibration,True,,False,monthly,07,1.0,7.175664516129034,228,228,620,228,0,0,0,261.0,114.09890828831355,pearson3,1313.7540729020147,0.09943914642144214,0.02048927683045758,3.0,pearson3,1410.0812081525162,0.05953505047749963,0.3793056113893999,3.0
QDM_P_monthly,MIROC6,500201,parametric,monthly,07,validation,True,,False,monthly,07,1.0,7.175664516129034,228,228,434,156,0,0,0,261.0,56.30034914598631,pearson3,1313.7540729020147,0.09943914642144214,0.02048927683045758,3.0,pearson3,1410.0812081525162,0.05953505047749963,0.3793056113893999,3.0
QDM_P_monthly,MIROC6,500201,parametric,monthly,08,calibration,True,,False,monthly,08,1.0,4.4616,248,248,620,248,0,0,0,209.0,34.132684577011744,pearson3,1245.333953874751,0.057609195086117615,0.36880712658901404,3.0,pearson3,1442.7749845268477,0.029346983808105076,0.9790175752926192,3.0
QDM_P_monthly,MIROC6,500201,parametric,monthly,08,validation,True,,False,monthly,08,1.0,4.4616,248,248,434,180,0,0,0,209.0,29.434560485329822,pearson3,1245.333953874751,0.057609195086117615,0.36880712658901404,3.0,pearson3,1442.7749845268477,0.029346983808105076,0.9790175752926192,3.0
QDM_P_monthly,MIROC6,500201,parametric,monthly,09,calibration,True,,False,monthly,09,1.0,3.7258800000000005,216,216,600,216,0,0,0,287.5,45.03154351247041,pearson3,1178.174568152309,0.09605316209947223,0.034705708218622844,3.0,pearson3,1230.6966628732862,0.0431188462632392,0.8002975404120584,3.0
QDM_P_monthly,MIROC6,500201,parametric,monthly,09,validation,True,,False,monthly,09,1.0,3.7258800000000005,216,216,420,155,0,0,0,287.5,34.006179077022075,pearson3,1178.174568152309,0.09605316209947223,0.034705708218622844,3.0,pearson3,1230.6966628732862,0.0431188462632392,0.8002975404120584,3.0
QDM_P_monthly,MIROC6,500201,parametric,monthly,10,calibration,True,,False,monthly,10,1.0,2.6209016129032254,257,257,620,257,0,0,0,1484.5,209.41550054026186,pearson3,1826.7965757109462,0.07772841544444925,0.08494554898874707,3.0,pearson3,1555.966845884717,0.05880325442104062,0.3238496979436274,3.0
QDM_P_monthly,MIROC6,500201,parametric,monthly,10,validation,True,,False,monthly,10,1.0,2.6209016129032254,257,257,434,193,0,0,0,1484.5,99.725580127979,pearson3,1826.7965757109462,0.07772841544444925,0.08494554898874707,3.0,pearson3,1555.966845884717,0.05880325442104062,0.3238496979436274,3.0
QDM_P_monthly,MIROC6,500201,parametric,monthly,11,calibration,True,,False,monthly,11,1.0,4.008395000000002,129,129,600,129,0,0,0,1200.5,112.27882941471827,pearson3,1066.2234050593017,0.06704410204758793,0.5842545647400044,3.0,pearson3,924.2131968547721,0.054786613100367476,0.8130603854581854,3.0
QDM_P_monthly,MIROC6,500201,parametric,monthly,11,validation,True,,False,monthly,11,1.0,4.008395000000002,129,129,420,118,0,0,0,1200.5,155.75552901194558,pearson3,1066.2234050593017,0.06704410204758793,0.5842545647400044,3.0,pearson3,924.2131968547721,0.054786613100367476,0.8130603854581854,3.0
QDM_P_monthly,MIROC6,500201,parametric,monthly,12,calibration,False,"insufficient wet days obs=23, model=23",True,annual,all,1.0,5.158222580645162,23,23,620,32,0,0,0,1484.5,63.27793864895789,,,,,,,,,,
QDM_P_monthly,MIROC6,500201,parametric,monthly,12,validation,False,"insufficient wet days obs=23, model=23",True,annual,all,1.0,5.158222580645162,23,23,434,24,0,0,0,,,,,,,,,,,,
QDM_P_monthly,MIROC6,500202,parametric,monthly,01,calibration,False,"insufficient wet days obs=17, model=17",True,annual,all,1.0,3.3882483870967723,17,17,620,11,0,0,0,,,,,,,,,,,,
QDM_P_monthly,MIROC6,500202,parametric,monthly,01,validation,False,"insufficient wet days obs=17, model=17",True,annual,all,1.0,3.3882483870967723,17,17,434,4,0,0,0,,,,,,,,,,,,
QDM_P_monthly,MIROC6,500202,parametric,monthly,02,calibration,False,"insufficient wet days obs=27, model=27",True,annual,all,1.0,2.578191150442478,27,27,565,3,0,0,0,,,,,,,,,,,,
QDM_P_monthly,MIROC6,500202,parametric,monthly,02,validation,False,"insufficient wet days obs=27, model=27",True,annual,all,1.0,2.578191150442478,27,27,395,2,0,0,0,,,,,,,,,,,,
QDM_P_monthly,MIROC6,500202,parametric,monthly,03,calibration,True,,False,monthly,03,1.0,2.1149838709677447,30,30,620,30,0,0,0,880.0,50.8634271296764,pearson3,231.9728575036314,0.1299275279795722,0.6446760336158271,3.0,pearson3,51.126053140236,0.12437627861590306,0.6961800882636175,3.0
QDM_P_monthly,MIROC6,500202,parametric,monthly,03,validation,True,,False,monthly,03,1.0,2.1149838709677447,30,30,434,27,0,0,0,,,pearson3,231.9728575036314,0.1299275279795722,0.6446760336158271,3.0,pearson3,51.126053140236,0.12437627861590306,0.6961800882636175,3.0
QDM_P_monthly,MIROC6,500202,parametric,monthly,04,calibration,True,,False,monthly,04,1.0,1.668985000000001,63,63,600,63,0,0,0,259.5,67.12757473867846,pearson3,417.01119879329644,0.1573830636047603,0.07889440309124696,3.0,pearson3,135.52228693481914,0.2092765746282199,0.006728060652935741,3.0
QDM_P_monthly,MIROC6,500202,parametric,monthly,04,validation,True,,False,monthly,04,1.0,1.668985000000001,63,63,420,40,0,0,0,259.5,58.75173429999707,pearson3,417.01119879329644,0.1573830636047603,0.07889440309124696,3.0,pearson3,135.52228693481914,0.2092765746282199,0.006728060652935741,3.0
QDM_P_monthly,MIROC6,500202,parametric,monthly,05,calibration,True,,False,monthly,05,1.0,2.654999999999999,186,186,620,186,0,0,0,1126.5,115.28893633046661,lognorm,1199.2516584933487,0.06200962856375261,0.4537728799803,2.0,pearson3,1059.541725513117,0.05603809092851575,0.5834408792791764,3.0
QDM_P_monthly,MIROC6,500202,parametric,monthly,05,validation,True,,False,monthly,05,1.0,2.654999999999999,186,186,434,128,0,0,0,1126.5,47.01625496802439,lognorm,1199.2516584933487,0.06200962856375261,0.4537728799803,2.0,pearson3,1059.541725513117,0.05603809092851575,0.5834408792791764,3.0
QDM_P_monthly,MIROC6,500202,parametric,monthly,06,calibration,True,,False,monthly,06,1.0,8.308239999999998,192,192,600,192,0,0,0,267.0,60.73749173337784,pearson3,1056.2219805118882,0.07263753649274779,0.25073494160798837,3.0,pearson3,1215.7227711137332,0.055733626605022124,0.5704549969314396,3.0
QDM_P_monthly,MIROC6,500202,parametric,monthly,06,validation,True,,False,monthly,06,1.0,8.308239999999998,192,192,420,157,0,0,0,267.0,55.17156546966136,pearson3,1056.2219805118882,0.07263753649274779,0.25073494160798837,3.0,pearson3,1215.7227711137332,0.055733626605022124,0.5704549969314396,3.0
QDM_P_monthly,MIROC6,500202,parametric,monthly,07,calibration,True,,False,monthly,07,1.0,7.920906451612902,206,206,620,206,0,0,0,429.0,111.88703945168295,pearson3,1276.0582451299954,0.05913445192896871,0.4500908431680315,3.0,pearson3,1277.2727544441873,0.08090797350701961,0.12756474577485954,3.0
QDM_P_monthly,MIROC6,500202,parametric,monthly,07,validation,True,,False,monthly,07,1.0,7.920906451612902,206,206,434,141,0,0,0,429.0,52.71334327225015,pearson3,1276.0582451299954,0.05913445192896871,0.4500908431680315,3.0,pearson3,1277.2727544441873,0.08090797350701961,0.12756474577485954,3.0
QDM_P_monthly,MIROC6,500202,parametric,monthly,08,calibration,True,,False,monthly,08,1.0,5.638354838709678,200,200,620,200,0,0,0,262.5,26.31677829235633,pearson3,1039.1124054220447,0.08809886746143214,0.08439555274682309,3.0,pearson3,1185.8962213595003,0.030611416912981505,0.9892016022608113,3.0
QDM_P_monthly,MIROC6,500202,parametric,monthly,08,validation,True,,False,monthly,08,1.0,5.638354838709678,200,200,434,147,0,0,0,262.5,22.553744820382832,pearson3,1039.1124054220447,0.08809886746143214,0.08439555274682309,3.0,pearson3,1185.8962213595003,0.030611416912981505,0.9892016022608113,3.0
QDM_P_monthly,MIROC6,500202,parametric,monthly,09,calibration,True,,False,monthly,09,1.0,3.3096266666666665,244,244,600,244,0,0,0,522.5,52.06313377538106,pearson3,1494.1178561589272,0.06748588688940971,0.20685925387646775,3.0,pearson3,1353.0586244391197,0.029977055661086216,0.9761248804844158,3.0
QDM_P_monthly,MIROC6,500202,parametric,monthly,09,validation,True,,False,monthly,09,1.0,3.3096266666666665,244,244,420,166,0,0,0,522.5,40.15520735745139,pearson3,1494.1178561589272,0.06748588688940971,0.20685925387646775,3.0,pearson3,1353.0586244391197,0.029977055661086216,0.9761248804844158,3.0
QDM_P_monthly,MIROC6,500202,parametric,monthly,10,calibration,True,,False,monthly,10,1.0,2.7670483870967746,250,250,620,250,0,0,0,760.0,179.04775798946372,pearson3,1827.2258763543969,0.08865586755766436,0.036905578801879835,3.0,pearson3,1511.0368770373088,0.06951959627083149,0.17019946822891785,3.0
QDM_P_monthly,MIROC6,500202,parametric,monthly,10,validation,True,,False,monthly,10,1.0,2.7670483870967746,250,250,434,190,0,0,0,760.0,85.97665133768095,pearson3,1827.2258763543969,0.08865586755766436,0.036905578801879835,3.0,pearson3,1511.0368770373088,0.06951959627083149,0.17019946822891785,3.0
QDM_P_monthly,MIROC6,500202,parametric,monthly,11,calibration,True,,False,monthly,11,1.0,3.892711666666667,131,131,600,131,0,0,0,1492.5,62.56345186404767,pearson3,976.5510401518726,0.09491810483514296,0.1769105615144163,3.0,pearson3,936.0443684578602,0.057574691404361555,0.7558058536628725,3.0
QDM_P_monthly,MIROC6,500202,parametric,monthly,11,validation,True,,False,monthly,11,1.0,3.892711666666667,131,131,420,118,0,0,0,1492.5,85.99028700577223,pearson3,976.5510401518726,0.09491810483514296,0.1769105615144163,3.0,pearson3,936.0443684578602,0.057574691404361555,0.7558058536628725,3.0
QDM_P_monthly,MIROC6,500202,parametric,monthly,12,calibration,False,"insufficient wet days obs=13, model=13",True,annual,all,1.0,9.224866129032257,13,13,620,28,0,0,0,,,,,,,,,,,,
QDM_P_monthly,MIROC6,500202,parametric,monthly,12,validation,False,"insufficient wet days obs=13, model=13",True,annual,all,1.0,9.224866129032257,13,13,434,19,0,0,0,,,,,,,,,,,,
QDM_P_monthly,MIROC6,500301,parametric,monthly,01,calibration,False,"insufficient wet days obs=19, model=19",True,annual,all,1.0,3.266961290322579,19,19,620,14,0,0,0,,,,,,,,,,,,
QDM_P_monthly,MIROC6,500301,parametric,monthly,01,validation,False,"insufficient wet days obs=19, model=19",True,annual,all,1.0,3.266961290322579,19,19,434,8,0,0,0,,,,,,,,,,,,
QDM_P_monthly,MIROC6,500301,parametric,monthly,02,calibration,False,"insufficient wet days obs=27, model=27",True,annual,all,1.0,2.578191150442478,27,27,565,11,0,0,0,,,,,,,,,,,,
QDM_P_monthly,MIROC6,500301,parametric,monthly,02,validation,False,"insufficient wet days obs=27, model=27",True,annual,all,1.0,2.578191150442478,27,27,395,4,0,0,0,,,,,,,,,,,,
QDM_P_monthly,MIROC6,500301,parametric,monthly,03,calibration,True,,False,monthly,03,1.0,1.7345806451612897,45,45,620,45,0,0,0,419.0,49.69856143165198,pearson3,301.65498457676523,0.06589496378837079,0.9825347403513511,3.0,pearson3,79.79440395387022,0.08907199469149557,0.836500143180109,3.0
QDM_P_monthly,MIROC6,500301,parametric,monthly,03,validation,True,,False,monthly,03,1.0,1.7345806451612897,45,45,434,47,0,0,0,419.0,80.24922620603897,pearson3,301.65498457676523,0.06589496378837079,0.9825347403513511,3.0,pearson3,79.79440395387022,0.08907199469149557,0.836500143180109,3.0
QDM_P_monthly,MIROC6,500301,parametric,monthly,04,calibration,True,,False,monthly,04,1.0,1.27252,104,104,600,104,0,0,0,226.0,117.38094109116516,pearson3,552.3908327773015,0.09033962938576079,0.34330816024892163,3.0,pearson3,199.58869418152926,0.12393437001962743,0.07511294099996702,3.0
QDM_P_monthly,MIROC6,500301,parametric,monthly,04,validation,True,,False,monthly,04,1.0,1.27252,104,104,420,69,0,0,0,226.0,121.55781415297865,pearson3,552.3908327773015,0.09033962938576079,0.34330816024892163,3.0,pearson3,199.58869418152926,0.12393437001962743,0.07511294099996702,3.0
QDM_P_monthly,MIROC6,500301,parametric,monthly,05,calibration,True,,False,monthly,05,1.0,1.872687096774194,238,238,620,238,0,0,0,940.0,64.1955106458707,pearson3,1521.805753084061,0.07295370808991863,0.15107413965866212,3.0,pearson3,1279.1158371771617,0.053655649122403115,0.48321023286699527,3.0
QDM_P_monthly,MIROC6,500301,parametric,monthly,05,validation,True,,False,monthly,05,1.0,1.872687096774194,238,238,434,164,0,0,0,940.0,35.04018271325524,pearson3,1521.805753084061,0.07295370808991863,0.15107413965866212,3.0,pearson3,1279.1158371771617,0.053655649122403115,0.48321023286699527,3.0
QDM_P_monthly,MIROC6,500301,parametric,monthly,06,calibration,True,,False,monthly,06,1.0,8.288503333333333,193,193,600,193,0,0,0,401.5,62.357690047048024,pearson3,1064.0962222451328,0.0904295248203657,0.07998302677034208,3.0,pearson3,1218.1237808787778,0.04542949478545233,0.8033279467535911,3.0
QDM_P_monthly,MIROC6,500301,parametric,monthly,06,validation,True,,False,monthly,06,1.0,8.288503333333333,193,193,420,158,0,0,0,401.5,57.20217189328582,pearson3,1064.0962222451328,0.0904295248203657,0.07998302677034208,3.0,pearson3,1218.1237808787778,0.04542949478545233,0.8033279467535911,3.0
QDM_P_monthly,MIROC6,500301,parametric,monthly,07,calibration,True,,False,monthly,07,1.0,6.75674193548387,240,240,620,240,0,0,0,410.0,175.06471190627215,pearson3,1339.8760266179356,0.043966393002247584,0.7252843395862794,3.0,pearson3,1480.9318639204448,0.06125987698856916,0.3157478082462466,3.0
QDM_P_monthly,MIROC6,500301,parametric,monthly,07,validation,True,,False,monthly,07,1.0,6.75674193548387,240,240,434,165,0,0,0,410.0,80.83724137373378,pearson3,1339.8760266179356,0.043966393002247584,0.7252843395862794,3.0,pearson3,1480.9318639204448,0.06125987698856916,0.3157478082462466,3.0
QDM_P_monthly,MIROC6,500301,parametric,monthly,08,calibration,True,,False,monthly,08,1.0,5.22825,217,217,620,217,0,0,0,363.5,39.59184100323611,pearson3,1220.923923870629,0.08528353019854817,0.08027093963754328,3.0,pearson3,1275.162522994053,0.02723513977333103,0.9957875666656839,3.0
QDM_P_monthly,MIROC6,500301,parametric,monthly,08,validation,True,,False,monthly,08,1.0,5.22825,217,217,434,162,0,0,0,363.5,33.92842573767049,pearson3,1220.923923870629,0.08528353019854817,0.08027093963754328,3.0,pearson3,1275.162522994053,0.02723513977333103,0.9957875666656839,3.0
QDM_P_monthly,MIROC6,500301,parametric,monthly,09,calibration,True,,False,monthly,09,1.0,2.54,300,300,600,300,0,0,0,362.5,81.89657694982216,pearson3,1976.5676311779378,0.048527532875529356,0.4653631299418207,3.0,pearson3,1620.3957651553021,0.03612569396805093,0.814812835038811,3.0
QDM_P_monthly,MIROC6,500301,parametric,monthly,09,validation,True,,False,monthly,09,1.0,2.54,300,300,420,195,0,0,0,362.5,62.93396894025115,pearson3,1976.5676311779378,0.048527532875529356,0.4653631299418207,3.0,pearson3,1620.3957651553021,0.03612569396805093,0.814812835038811,3.0
QDM_P_monthly,MIROC6,500301,parametric,monthly,10,calibration,True,,False,monthly,10,1.0,2.146967741935484,300,300,620,300,0,0,0,525.5,127.77344752149712,pearson3,2059.9487079099317,0.09545665683639959,0.007868504441197958,3.0,pearson3,1729.2548550423862,0.035058584426971184,0.84168337598656,3.0
QDM_P_monthly,MIROC6,500301,parametric,monthly,10,validation,True,,False,monthly,10,1.0,2.146967741935484,300,300,434,215,0,0,0,525.5,62.36827002769986,pearson3,2059.9487079099317,0.09545665683639959,0.007868504441197958,3.0,pearson3,1729.2548550423862,0.035058584426971184,0.84168337598656,3.0
QDM_P_monthly,MIROC6,500301,parametric,monthly,11,calibration,True,,False,monthly,11,1.0,3.6451300000000004,138,138,600,138,0,0,0,904.5,56.82916987982566,pearson3,894.1636077034104,0.09539927918406423,0.15199360254055228,3.0,pearson3,971.9656413774883,0.08888873787894969,0.21258466080645733,3.0
QDM_P_monthly,MIROC6,500301,parametric,monthly,11,validation,True,,False,monthly,11,1.0,3.6451300000000004,138,138,420,122,0,0,0,904.5,75.61168511705354,pearson3,894.1636077034104,0.09539927918406423,0.15199360254055228,3.0,pearson3,971.9656413774883,0.08888873787894969,0.21258466080645733,3.0
QDM_P_monthly,MIROC6,500301,parametric,monthly,12,calibration,False,"insufficient wet days obs=11, model=11",True,annual,all,1.0,10.657314516129023,11,11,620,35,0,0,0,940.0,53.53467725997663,,,,,,,,,,
QDM_P_monthly,MIROC6,500301,parametric,monthly,12,validation,False,"insufficient wet days obs=11, model=11",True,annual,all,1.0,10.657314516129023,11,11,434,27,0,0,0,,,,,,,,,,,,
