YEAR,MONTH,DAY,424004,438002,465001,465002,465003,465004,465005,465006,465007,465008,465009,465010,465011,465012,465201
1981,1,1,0,0,1.27,1.6,1.64,3.71,1.27,4.06,1.79,1.33,1.2,0.88,1,1.01,0
1981,1,2,0,0,1.57,1.99,2,5.02,1.57,5.31,2.25,1.61,1.47,1.1,1.23,1.24,0
1981,1,3,0,0,0,0,0,0,0,0,0,0,0,0,0,0,0
1981,1,4,0,0,1.58,2,2.02,5.06,1.59,5.35,2.27,1.62,1.48,1.11,1.24,1.25,0
1981,1,5,0,0,1.07,1.36,1.41,2.95,1.09,3.32,1.51,1.15,1.03,0.74,0.86,0.86,0
1981,1,6,0,0,0,0,0,0,0,0,0,0,0,0,0,0,0
1981,1,7,0,0,0,0,0,0,0,0,0,0,0,0,0,0,0
1981,1,8,0,0,0,0,0,0,0,0,0,0,0,0,0,0,0
1981,1,9,0,0,0,0,0,0,0,0,0,0,0,0,0,0,0
1981,1,10,0,0,0,0,0,0,0,0,0,0,0,0,0,0,0
1981,1,11,5.2,0,0,0,0,0,0,0,0,0,0,0,0,0,0
1981,1,12,0.18,0,0.56,0.72,0.79,1.13,0.58,1.49,0.77,0.66,0.57,0.37,0.47,0.46,0
1981,1,13,0,0,0,0.1,0.1,0,0.1,0.1,0.1,0.1,0.1,0,0.1,0,0
1981,1,14,0,0,0,0.1,0.1,0,0,0.1,0,0.1,0,0,0,0,0
1981,1,15,0,0,0,0,0,0,0,0,0,0,0,0,0,0,0
1981,1,16,0,0,0,0,0,0,0,0,0,0,0,0,0,0,0
1981,1,17,0,0,0,0,0,0,0,0,0,0,0,0,0,0,0
1981,1,18,0,0,0,0,0,0,0,0,0,0,0,0,0,0,0
1981,1,19,0,0,0,0,0,0,0,0,0,0,0,0,0,0,0
1981,1,20,0,0,0.1,0.1,0.1,0,0.1,0.1,0.1,0.1,0.1,0,0.1,0.1,0
1981,1,21,0,0,0.1,0.1,0.1,0.1,0.1,0.1,0.1,0.1,0.1,0.1,0.1,0.1,0
1981,1,22,0,0,0,0.1,0.1,0,0.1,0.1,0.1,0.1,0.1,0,0.1,0,0
1981,1,23,0,0,0,0,0,0,0,0,0,0,0,0,0,0,0
1981,1,24,0,0,0,0,0,0,0,0,0,0,0,0,0,0,0
1981,1,25,0,0,0,0,0,0,0,0,0,0,0,0,0,0,0
1981,1,26,0,0,0.1,0.1,0.1,0,0.1,0.1,0.1,0.1,0.1,0,0.1,0.1,0
1981,1,27,0,0,0,0,0,0,0,0,0,0,0,0,0,0,0
1981,1,28,0,0,0,0,0,0,0,0,0,0,0,0,0,0,0
1981,1,29,0,0,0,0,0,0,0,0,0,0,0,0,0,0,0
1981,1,30,0,0,1.35,1.72,1.75,4.1,1.36,4.43,1.93,1.41,1.28,0.94,1.07,1.08,0
1981,1,31,0,0,0.7,0.89,0.95,1.57,0.72,1.95,0.97,0.79,0.69,0.47,0.58,0.57,0
1981,2,1,0,0,0.47,0.6,0.71,0.27,0.51,0.6,0.61,0.59,0.48,0.37,0.42,0.41,0
1981,2,2,0,0,0,0,0,0,0,0,0,0,0,0,0,0,0
1981,2,3,0,0,0,0,0,0,0,0,0,0,0,0,0,0,0
1981,2,4,0,0,0.1,0.1,0.1,0,0.1,0.1,0.1,0.1,0.1,0,0.1,0,0
1981,2,5,0,0,0.1,0.1,0.12,0,0.1,0.1,0.1,0.1,0.1,0.1,0.1,0.1,0
1981,2,6,0,0,0,0,0,0,0,0,0,0,0,0,0,0,0
1981,2,7,0.93,0,0.1,0.1,0.1,0,0.1,0.1,0.1,0.1,0.1,0.1,0.1,0.1,0
1981,2,8,0,0,0.28,0.34,0.43,0.1,0.29,0.24,0.35,0.36,0.27,0.19,0.23,0.23,0
1981,2,9,0,0,0,0,0,0,0,0,0,0,0,0,0,0,0
1981,2,10,0,0,0,0,0,0,0,0,0,0,0,0,0,0,0
1981,2,11,0,0,0,0,0,0,0,0,0,0,0,0,0,0,0
1981,2,12,0,0,0,0,0,0,0,0,0,0,0,0,0,0,0
1981,2,13,0,0,0,0,0,0,0,0,0,0,0,0,0,0,0
1981,2,14,0,0,0,0,0,0,0,0,0,0,0,0,0,0,0
1981,2,15,0,0.49,1.38,1.89,2.08,2.56,1.53,3.24,1.86,1.64,1.46,1.26,1.33,1.33,0
1981,2,16,0,0,6.96,10.91,11.39,28.14,8.14,28.21,10.38,8.53,7.89,7.28,7.31,7.4,8.14
1981,2,17,0,0,0,0,0,0,0,0,0,0,0,0,0,0,0
1981,2,18,0,0,0.1,0.11,0.15,0,0.1,0.1,0.11,0.13,0.1,0.1,0.1,0.1,0
1981,2,19,0,0,0,0.1,0.1,0,0.1,0.1,0.1,0.1,0.1,0,0,0,0
1981,2,20,0,0,0,0,0,0,0,0,0,0,0,0,0,0,0
1981,2,21,0,0,0,0,0,0,0,0,0,0,0,0,0,0,0
1981,2,22,0.1,0,0,0.1,0.1,0,0,0,0,0.1,0,0,0,0,0
1981,2,23,0,0,0,0,0,0,0,0,0,0,0,0,0,0,0
1981,2,24,0,0,0,0,0,0,0,0,0,0,0,0,0,0,0
1981,2,25,0,0,0,0,0,0,0,0,0,0,0,0,0,0,0
1981,2,26,0,0,0,0,0,0,0,0,0,0,0,0,0,0,0
1981,2,27,0,0,0,0,0,0,0,0,0,0,0,0,0,0,0
1981,2,28,0,0,0,0,0,0,0,0,0,0,0,0,0,0,0
1981,3,1,0,0,0,0,0,0,0,0.1,0,0.1,0,0,0,0,0
1981,3,2,0,0,0.1,0.1,0.17,0.1,0.1,0.14,0.1,0.24,0.1,0.1,0.1,0.1,0
1981,3,3,0,0,0,0,0,0,0,0,0,0,0,0,0,0,0
1981,3,4,0,0,0,0,0,0,0,0,0,0,0,0,0,0,0
1981,3,5,0.1,0,0,0,0,0,0,0,0,0,0,0,0,0,0
1981,3,6,0.1,0,0.45,0.46,0.57,0.25,0.42,0.53,0.47,0.6,0.44,0.35,0.4,0.39,0
1981,3,7,0,0,3.88,3.73,4.02,5.53,3.43,5.74,4.55,3.49,3.41,3.73,3.53,3.56,0
1981,3,8,0,3.53,8.17,7.82,8.34,14.16,7.11,13.47,9.89,7.07,7.08,8.3,7.55,7.64,13.63
1981,3,9,0,0,0,0,0.1,0,0,0.1,0,0.1,0,0,0,0,0
1981,3,10,0,0,0.67,0.69,0.8,0.44,0.63,0.77,0.75,0.78,0.66,0.56,0.61,0.61,0
1981,3,11,0,0,0.1,0.1,0.11,0.1,0.1,0.1,0.1,0.19,0.1,0.1,0.1,0.1,0
1981,3,12,0.1,0,0,0,0,0,0,0,0,0,0,0,0,0,0
1981,3,13,0.1,0,0,0,0,0,0,0,0,0,0,0,0,0,0
1981,3,14,0,0,0,0,0,0,0,0,0,0,0,0,0,0,0
1981,3,15,0,0,0,0,0,0,0,0,0,0,0,0,0,0,0
1981,3,16,1.83,0,2.3,2.24,2.45,2.75,2.06,3.16,2.64,2.2,2.07,2.12,2.08,2.09,0
1981,3,17,0.58,0.1,3.77,3.64,3.93,5.33,3.34,5.59,4.42,3.42,3.33,3.63,3.43,3.46,0
1981,3,18,15.11,0,0,0,0,0,0,0,0,0,0,0,0,0,0
1981,3,19,3.18,0,0,0.1,0.1,0,0,0.1,0.1,0.1,0.1,0,0.1,0,0
1981,3,20,7.89,0,0.1,0.1,0.15,0.1,0.1,0.12,0.1,0.22,0.1,0.1,0.1,0.1,0
1981,3,21,0.46,0,0,0,0,0,0,0,0,0,0,0,0,0,0
1981,3,22,0.34,0,1.25,1.23,1.37,1.14,1.14,1.52,1.39,1.28,1.15,1.08,1.11,1.11,0
1981,3,23,0,0,1.05,1.05,1.19,0.89,0.96,1.3,1.17,1.14,0.99,0.9,0.95,0.94,0
1981,3,24,0.45,0,0.1,0.1,0.14,0.1,0.1,0.12,0.1,0.22,0.1,0.1,0.1,0.1,0
1981,3,25,2.3,0,0.19,0.25,0.33,0.1,0.2,0.26,0.25,0.36,0.25,0.17,0.22,0.2,0
1981,3,26,8.18,0,1.63,1.61,1.78,1.7,1.48,2.14,1.85,1.63,1.5,1.46,1.47,1.47,0
1981,3,27,3.3,0,0.29,0.33,0.4,0.13,0.29,0.32,0.33,0.45,0.32,0.24,0.29,0.28,0
1981,3,28,8.85,0,1.26,1.24,1.38,1.16,1.15,1.54,1.41,1.29,1.16,1.1,1.13,1.13,0
1981,3,29,6.08,0,1.73,1.69,1.87,1.82,1.57,2.26,1.96,1.7,1.57,1.56,1.56,1.56,0
1981,3,30,11.94,0,0.1,0.12,0.21,0.1,0.1,0.17,0.11,0.27,0.13,0.1,0.11,0.1,0
1981,3,31,1.02,0,0.1,0.1,0.1,0,0.1,0.1,0.1,0.13,0.1,0.1,0.1,0.1,0
1981,4,1,0,0,3.19,2.82,3.43,2.53,3,3.25,3.17,2.79,2.69,2.39,2.51,2.6,0
1981,4,2,0.18,0,4.59,4.06,4.78,4.26,4.33,4.9,4.52,3.9,3.75,3.46,3.58,3.7,0
1981,4,3,0.1,0,1.06,0.97,1.41,0.47,1,1.13,1.12,1.15,1.04,0.8,0.88,0.92,0
1981,4,4,0,0.14,0.69,0.71,1.04,0.19,0.65,0.73,0.8,0.84,0.78,0.57,0.63,0.66,0
1981,4,5,0,1.24,1.79,1.63,2.1,1.05,1.69,1.75,1.85,1.71,1.63,1.36,1.46,1.52,0
1981,4,6,0.1,0,0.2,0.36,0.67,0.1,0.19,0.46,0.39,0.54,0.44,0.26,0.3,0.32,0
1981,4,7,0.44,0,0,0,0,0,0,0,0,0,0,0,0,0,0
1981,4,8,0.39,0,0,0.1,0.1,0,0,0.1,0,0.1,0.1,0,0,0,0
1981,4,9,1.82,2.28,10.32,9.21,10.39,12.49,9.72,12.48,10.04,8.48,8.07,7.94,7.99,8.23,8.82
1981,4,10,0.91,0,2.59,2.36,2.95,1.88,2.44,2.73,2.64,2.4,2.29,1.98,2.09,2.17,0
1981,4,11,0.1,0.1,5.66,5.04,5.88,5.64,5.33,6.34,5.58,4.79,4.59,4.31,4.43,4.57,0
1981,4,12,10.1,0,0.1,0.15,0.44,0,0.1,0.32,0.14,0.36,0.24,0.1,0.1,0.12,0
1981,4,13,0.73,0,0,0,0.1,0,0,0.1,0,0.1,0.1,0,0,0,0
1981,4,14,0,0,2.07,1.84,2.34,1.34,1.95,2.09,2.09,1.9,1.82,1.54,1.65,1.72,0
1981,4,15,0,0,0.36,0.47,0.79,0.1,0.34,0.54,0.52,0.64,0.55,0.36,0.41,0.43,0
1981,4,16,0,0,0,0,0.1,0,0,0.1,0,0.1,0.1,0,0,0,0
1981,4,17,0,0,0,0,0,0,0,0,0,0,0,0,0,0,0
1981,4,18,0,0,0,0.1,0.13,0,0,0.12,0.1,0.11,0.1,0.1,0.1,0.1,0
1981,4,19,0,0,2.94,2.63,3.23,2.22,2.77,3.02,2.95,2.63,2.52,2.22,2.33,2.42,0
1981,4,20,0,0,0,0.1,0.18,0,0,0.15,0.1,0.15,0.1,0.1,0.1,0.1,0
1981,4,21,0,0,0.97,0.91,1.31,0.41,0.92,1.04,1.05,1.07,0.97,0.75,0.83,0.86,0
1981,4,22,0,0,0.77,0.77,1.11,0.26,0.73,0.82,0.88,0.9,0.83,0.62,0.69,0.72,0
1981,4,23,0,0,0,0,0,0,0,0,0,0,0,0,0,0,0
1981,4,24,0,0,0,0,0.1,0,0,0.1,0,0.1,0,0,0,0,0
1981,4,25,0,0,0,0.1,0.28,0,0,0.21,0.1,0.23,0.1,0.1,0.1,0.1,0
1981,4,26,0,0,0.15,0.32,0.63,0.1,0.14,0.44,0.34,0.51,0.41,0.23,0.27,0.29,0
1981,4,27,0,0.56,2.84,2.55,3.15,2.1,2.68,2.94,2.87,2.56,2.45,2.15,2.27,2.35,0
1981,4,28,3.89,0,0.7,0.71,1.05,0.2,0.66,0.74,0.81,0.85,0.78,0.57,0.64,0.67,0
1981,4,29,5.34,0,0.29,0.43,0.74,0.1,0.28,0.51,0.47,0.6,0.5,0.32,0.36,0.39,0
1981,4,30,7.18,0,2.86,2.56,3.16,2.12,2.69,2.95,2.88,2.57,2.46,2.16,2.28,2.36,0
1981,5,1,0.29,3.94,5.89,5.49,5.95,4.43,5.72,4.83,5.97,5.26,5.48,4.59,4.98,5.25,0.1
1981,5,2,0.2,0,1.1,1.29,1.86,0.26,1.27,1.06,1.48,1.51,1.25,1.02,1.24,1.17,0
1981,5,3,2.98,0,0.88,1.12,1.67,0.11,1.06,0.95,1.28,1.35,1.05,0.87,1.06,0.99,0
1981,5,4,0.1,0,1.69,1.75,2.35,0.66,1.83,1.41,2.02,1.92,1.75,1.43,1.68,1.66,0
1981,5,5,0.17,0,0,0,0,0,0,0.14,0,0,0,0,0,0,0
1981,5,6,1.35,0,0,0,0,0,0,0.1,0,0,0,0,0,0,0
1981,5,7,12.91,0,0.6,0.91,1.45,0.1,0.8,0.82,1.03,1.15,0.82,0.68,0.86,0.76,0
1981,5,8,2.78,0,1.36,1.49,2.08,0.44,1.52,1.21,1.72,1.69,1.47,1.2,1.43,1.39,0
1981,5,9,0,8.75,2.9,2.76,3.36,1.51,2.98,2.22,3.13,2.83,2.81,2.3,2.62,2.68,0
1981,5,10,0.11,0,0,0.31,0.81,0,0,0.46,0.33,0.61,0,0.14,0,0,0
1981,5,11,0,0.1,5.5,5.15,5.63,4.01,5.38,4.45,5.61,4.95,5.14,4.3,4.68,4.92,0
1981,5,12,0,2.74,4.26,3.98,4.54,2.74,4.24,3.32,4.42,3.92,4.02,3.33,3.69,3.84,0
1981,5,13,0,0,2.76,2.64,3.25,1.39,2.85,2.11,3,2.73,2.69,2.2,2.51,2.56,0
1981,5,14,0,0,2.5,2.41,3.02,1.2,2.6,1.93,2.75,2.53,2.45,2,2.3,2.33,0
1981,5,15,0,0,2.61,2.51,3.12,1.28,2.71,2,2.86,2.61,2.55,2.09,2.39,2.43,0
1981,5,16,0,16.44,16.23,16.13,15.19,17.95,14.92,16.59,16.13,14.42,14.98,13.11,13.42,14.45,17.91
1981,5,17,0,4.37,12.53,12.25,11.9,12.76,11.66,12.11,12.49,11.11,11.57,10.02,10.4,11.14,9.8
1981,5,18,0,4.22,7.24,6.81,7.15,5.98,6.94,6.19,7.27,6.42,6.7,5.66,6.07,6.43,0.96
1981,5,19,0,0,0,0,0,0,0,0.22,0,0.24,0,0,0,0,0
1981,5,20,17.38,0,0,0,0,0,0,0.18,0,0.18,0,0,0,0,0
1981,5,21,17.59,0,0,0.21,0.71,0,0,0.41,0,0.52,0,0,0,0,0
1981,5,22,26.75,0,0,0,0,0,0,0.1,0,0,0,0,0,0,0
1981,5,23,1.66,0,0,0,0,0,0,0,0,0,0,0,0,0,0
1981,5,24,8.85,1.58,5.52,5.16,5.64,4.03,5.39,4.46,5.62,4.97,5.15,4.31,4.7,4.94,0
1981,5,25,0.41,0,1.6,1.68,2.27,0.6,1.75,1.36,1.93,1.86,1.68,1.37,1.62,1.59,0
1981,5,26,0.5,0,0,0,0,0,0,0.1,0,0,0,0,0,0,0
1981,5,27,0.1,0,3.39,3.16,3.76,1.93,3.43,2.6,3.57,3.2,3.23,2.65,2.99,3.08,0
1981,5,28,0,0,3.07,2.89,3.5,1.66,3.13,2.35,3.28,2.95,2.95,2.42,2.74,2.81,0
1981,5,29,0,0,0,0,0,0,0,0.1,0,0,0,0,0,0,0
1981,5,30,0,0,0,0.43,0.94,0,0,0.54,0.48,0.72,0,0.25,0.39,0,0
1981,5,31,0,0,0,0,0,0,0,0.1,0,0,0,0,0,0,0
1981,6,1,0,0,2.68,2.54,3.15,1.15,2.79,1.82,2.74,2.72,2.55,2.28,2.57,2.54,0
1981,6,2,0,0,0.85,1.04,1.56,0.1,1.09,0.81,1.03,1.47,0.95,1,1.2,1.05,0
1981,6,3,3.84,0,1.16,1.29,1.81,0.21,1.39,0.95,1.32,1.66,1.22,1.21,1.44,1.31,0
1981,6,4,0.1,0,0,0,0.37,0,0,0.27,0,0.52,0,0,0,0,0
1981,6,5,6.6,0,0,0.6,1.11,0,0.57,0.58,0.52,1.11,0.47,0.61,0.77,0.59,0
1981,6,6,8.08,0,3.38,3.15,3.81,1.69,3.42,2.31,3.4,3.24,3.15,2.78,3.09,3.1,0
1981,6,7,0,1,5.14,4.72,5.55,3.27,4.95,3.72,5.1,4.58,4.68,4.07,4.39,4.49,0.29
1981,6,8,0.1,0,2.37,2.28,2.87,0.93,2.52,1.62,2.45,2.49,2.28,2.06,2.34,2.29,0
1981,6,9,14.85,0,5.91,5.4,6.31,4.02,5.61,4.38,5.83,5.18,5.34,4.63,4.95,5.09,0.94
1981,6,10,5.94,2.36,4.75,4.37,5.16,2.9,4.62,3.39,4.72,4.28,4.35,3.78,4.1,4.18,0.1
1981,6,11,16.07,1.37,5.65,5.17,6.05,3.76,5.38,4.15,5.58,4.97,5.11,4.43,4.75,4.88,0.68
1981,6,12,2.66,0,0,0,0,0,0,0.1,0,0,0,0,0,0,0
1981,6,13,0,0,0,0,0,0,0,0.1,0,0,0,0,0,0,0
1981,6,14,0,0,0,0.25,0.75,0,0,0.42,0,0.82,0,0.31,0.43,0,0
1981,6,15,0,0,2.09,2.04,2.61,0.74,2.26,1.45,2.18,2.29,2.03,1.86,2.13,2.06,0
1981,6,16,0,0,2.6,2.47,3.07,1.09,2.72,1.77,2.66,2.66,2.48,2.22,2.51,2.47,0
1981,6,17,2.91,1.74,6.42,5.86,6.82,4.53,6.04,4.83,6.32,5.57,5.78,4.99,5.31,5.48,1.5
1981,6,18,0,7.82,8.43,7.67,8.85,6.67,7.72,6.71,8.24,7.13,7.5,6.46,6.75,7.03,4.42
1981,6,19,0,0,1.88,1.87,2.42,0.61,2.06,1.32,1.98,2.14,1.85,1.71,1.97,1.89,0
1981,6,20,0,10.5,3.27,3.06,3.71,1.61,3.32,2.24,3.3,3.16,3.06,2.7,3.01,3.01,0
1981,6,21,0,16.87,10.61,9.66,11.09,9.13,9.54,8.87,10.34,8.84,9.36,8.05,8.31,8.69,8.44
1981,6,22,0,10.64,1.99,1.96,2.52,0.68,2.17,1.39,2.09,2.22,1.95,1.79,2.05,1.98,0
1981,6,23,0,0,1.14,1.27,1.79,0.2,1.37,0.94,1.3,1.65,1.2,1.2,1.42,1.29,0
1981,6,24,0,0,0,0,0,0,0,0.1,0,0,0,0,0,0,0
1981,6,25,11.4,0,2.36,2.27,2.86,0.92,2.51,1.62,2.44,2.49,2.27,2.05,2.33,2.28,0
1981,6,26,1.09,3.85,9.26,8.43,9.7,7.59,8.41,7.52,9.04,7.78,8.21,7.06,7.35,7.66,5.87
1981,6,27,4.6,7.28,4.46,4.1,4.87,2.63,4.36,3.15,4.44,4.05,4.09,3.57,3.88,3.95,0.1
1981,6,28,27.89,0,4.88,4.48,5.28,3.02,4.73,3.5,4.84,4.38,4.46,3.88,4.2,4.28,0.14
1981,6,29,26.13,0,0,0,0.62,0,0,0.37,0,0.72,0,0,0,0,0
1981,6,30,1.89,0,2.62,2.49,3.09,1.1,2.74,1.78,2.68,2.67,2.49,2.23,2.52,2.49,0
1981,7,1,0,0,6.22,5.24,5.96,3.77,5.67,4.26,5.8,4.92,5.13,4.6,4.88,4.92,0.77
1981,7,2,0,0,0.87,1.14,2.14,0.1,0.94,0.86,1.14,1.45,1.16,1.2,1.25,1.15,0
1981,7,3,3.12,0,0,0,1.41,0,0,0.45,0,0.7,0,0.47,0,0,0
1981,7,4,0,0,1.4,1.53,2.48,0.25,1.49,1.09,1.59,1.77,1.59,1.51,1.62,1.57,0
1981,7,5,5.09,0,1.32,1.47,2.42,0.21,1.41,1.05,1.52,1.72,1.52,1.46,1.56,1.51,0
1981,7,6,21.39,0,2.08,2.04,2.94,0.6,2.15,1.43,2.17,2.21,2.12,1.93,2.1,2.08,0
1981,7,7,20.4,1.94,3.48,3.12,3.95,1.52,3.4,2.27,3.4,3.13,3.17,2.83,3.07,3.08,0
1981,7,8,5.3,0,2.6,2.44,3.31,0.91,2.63,1.72,2.63,2.55,2.51,2.26,2.46,2.46,0
1981,7,9,10.47,1.28,5.81,4.92,5.65,3.4,5.33,3.94,5.44,4.65,4.84,4.33,4.61,4.65,0.48
1981,7,10,15.6,0.8,5.36,4.57,5.33,3.01,4.97,3.6,5.04,4.36,4.52,4.04,4.32,4.35,0.23
1981,7,11,23.62,0,0,0,1.04,0,0,0.3,0,0.35,0,0,0,0,0
1981,7,12,2.84,0,2.18,2.12,3.01,0.65,2.24,1.48,2.26,2.27,2.2,2,2.17,2.15,0
1981,7,13,2.6,2.28,7.17,5.97,6.65,4.63,6.42,5.01,6.63,5.54,5.78,5.21,5.49,5.53,1.58
1981,7,14,0,1.3,6.29,5.29,6,3.83,5.72,4.31,5.86,4.96,5.17,4.64,4.92,4.96,0.82
1981,7,15,0,0,4.73,4.09,4.87,2.49,4.45,3.14,4.5,3.95,4.08,3.64,3.91,3.94,0.1
1981,7,16,0,6.3,7.04,5.87,6.56,4.51,6.32,4.91,6.52,5.46,5.7,5.12,5.41,5.45,1.46
1981,7,17,0,0,4.49,3.9,4.69,2.29,4.25,2.96,4.28,3.79,3.9,3.48,3.74,3.77,0
1981,7,18,0,0,3.34,3.01,3.85,1.42,3.28,2.18,3.28,3.04,3.07,2.74,2.97,2.99,0
1981,7,19,0.59,0,1.84,1.85,2.77,0.46,1.92,1.3,1.96,2.05,1.93,1.78,1.93,1.9,0
1981,7,20,4.85,1.66,7.21,5.99,6.67,4.66,6.45,5.04,6.66,5.56,5.81,5.23,5.51,5.56,1.61
1981,7,21,4.45,1.38,5.4,4.6,5.36,3.05,5,3.63,5.08,4.39,4.55,4.07,4.34,4.38,0.25
1981,7,22,0.3,0,0.95,1.2,2.19,0.1,1.02,0.89,1.2,1.5,1.23,1.24,1.3,1.21,0
1981,7,23,0.99,0,0.62,0.95,1.98,0,0.68,0.77,0.91,1.3,0.94,1.04,1.05,0.94,0
1981,7,24,0,2.47,5.46,4.65,5.4,3.1,5.05,3.67,5.13,4.42,4.59,4.1,4.38,4.42,0.27
1981,7,25,0,3.89,1.51,1.61,2.55,0.29,1.6,1.14,1.67,1.84,1.67,1.57,1.69,1.65,0
1981,7,26,0,0,0,0,1.11,0,0,0.33,0,0.42,0,0,0,0,0
1981,7,27,13.17,0,0.45,0.81,1.87,0,0,0.7,0.75,1.19,0.79,0.93,0.91,0.79,0
1981,7,28,0,0,4.64,4.02,4.8,2.42,4.38,3.07,4.42,3.89,4.01,3.58,3.84,3.87,0
1981,7,29,0.42,6.76,7.13,5.94,6.62,4.6,6.39,4.98,6.59,5.52,5.76,5.18,5.47,5.51,1.55
1981,7,30,0,4.11,3.85,3.4,4.22,1.79,3.71,2.52,3.72,3.37,3.44,3.07,3.31,3.33,0
1981,7,31,0,0,0,0,0,0,0,0,0,0,0,0,0,0,0
1981,8,1,0.1,0,4.41,3.84,4.9,2.18,4.25,2.87,4.5,3.93,4.03,3.47,3.92,4.01,0
1981,8,2,0,0.82,6.1,5.16,6.24,3.6,5.77,4.1,6.04,5.13,5.28,4.56,5.07,5.22,0.62
1981,8,3,4.68,17.51,13.63,11.08,12.33,11.02,12.3,10.61,12.81,10.48,10.54,9.3,9.97,10.31,9.72
1981,8,4,26.44,12.75,13.53,11,12.25,10.91,12.21,10.52,12.73,10.41,10.47,9.24,9.91,10.24,9.57
1981,8,5,11.61,29.93,24.52,19.62,21.11,23.09,21.44,21.28,22.49,18.17,17.79,15.99,16.74,17.31,28.64
1981,8,6,0,1.74,9.35,7.71,8.87,6.64,8.63,6.77,8.98,7.44,7.59,6.63,7.23,7.46,3.78
1981,8,7,0,0.66,0,0,0,0,0,0.1,0,0,0,0,0,0,0
1981,8,8,0,0.1,5.86,4.97,6.05,3.38,5.56,3.92,5.82,4.96,5.1,4.41,4.91,5.05,0.47
1981,8,9,0,0,0,0,1.52,0,0,0.49,0,0.76,0,0,0,0,0
1981,8,10,0,3.82,6.7,5.63,6.73,4.13,6.31,4.57,6.59,5.56,5.71,4.95,5.48,5.64,1.06
1981,8,11,0,0,0,0,0.96,0,0,0.26,0,0,0,0,0,0,0
1981,8,12,0,0.13,5.37,4.59,5.65,2.96,5.12,3.55,5.37,4.61,4.74,4.09,4.58,4.7,0.21
1981,8,13,0,0,0,0,0.61,0,0,0.14,0,0,0,0,0,0,0
1981,8,14,7.85,0,0,0,0,0,0,0,0,0,0,0,0,0,0
1981,8,15,27.67,0,8.86,7.33,8.47,6.16,8.2,6.35,8.54,7.09,7.25,6.32,6.91,7.13,3.2
1981,8,16,19.16,0,1.33,1.5,2.59,0.17,1.22,1.09,1.67,1.84,1.58,1.46,1.7,1.65,0
1981,8,17,29.1,14.72,10.76,8.82,10.01,8.04,9.84,8,10.24,8.44,8.57,7.51,8.14,8.4,5.57
1981,8,18,1.32,1.21,0.7,1.07,2.21,0,0.55,0.85,1.11,1.48,1.02,1.06,1.23,1.12,0
1981,8,19,10.91,0,1.94,1.94,3,0.48,1.89,1.37,2.23,2.23,2.1,1.85,2.15,2.15,0
1981,8,20,0,0,0,0,0.99,0,0,0.27,0,0,0,0,0,0,0
1981,8,21,0,0,2.77,2.57,3.61,0.98,2.71,1.81,2.99,2.79,2.77,2.4,2.76,2.79,0
1981,8,22,0.54,0,0,0.3,1.59,0,0,0.52,0,0.83,0,0,0,0,0
1981,8,23,1.79,1.7,8,6.65,7.78,5.34,7.45,5.62,7.76,6.48,6.64,5.77,6.34,6.54,2.26
1981,8,24,0.45,23.12,14.2,11.53,12.79,11.63,12.78,11.15,13.33,10.88,10.93,9.66,10.34,10.68,10.61
1981,8,25,0,19.8,16.73,13.51,14.83,14.35,14.92,13.55,15.58,12.67,12.63,11.22,11.92,12.33,14.71
1981,8,26,21.4,0,0,0,0.65,0,0,0.15,0,0,0,0,0,0,0
1981,8,27,1.66,0,0,0,1.31,0,0,0.39,0,0.54,0,0,0,0,0
1981,8,28,0,24.35,15.78,12.76,14.06,13.32,14.12,12.64,14.73,12,11.99,10.63,11.33,11.71,13.13
1981,8,29,0,27.94,14.48,11.75,13.02,11.93,13.02,11.41,13.58,11.08,11.12,9.83,10.51,10.87,11.05
1981,8,30,10.06,36.1,21.65,17.38,18.8,19.83,19.05,18.39,19.94,16.15,15.9,14.24,14.98,15.49,23.34
1981,8,31,2.82,0,3.08,2.81,3.85,1.19,3,2,3.27,3,3.01,2.6,2.98,3.02,0
1981,9,1,2.73,4.18,6.59,5.57,6.96,4.19,6.06,4.55,6.55,5.62,5.88,4.96,5.64,5.77,0.72
1981,9,2,14.22,2.64,6.72,5.68,7.07,4.32,6.19,4.67,6.68,5.72,5.99,5.06,5.74,5.88,0.84
1981,9,3,3.97,0,3.73,3.3,4.64,1.77,3.41,2.44,3.88,3.5,3.5,2.86,3.42,3.49,0
1981,9,4,4.38,0.1,0,0.72,2.33,0,0,0.85,0.68,1.4,0,0.66,0,0,0
1981,9,5,0,0,1.67,1.81,3.19,0.47,1.19,1.36,2.07,2.19,1.51,1.54,1.8,1.68,0
1981,9,6,0,0,5.56,4.74,6.11,3.26,5.12,3.73,5.58,4.83,5.04,4.18,4.84,4.96,0.1
1981,9,7,0,0,5.09,4.37,5.72,2.85,4.69,3.38,5.14,4.48,4.65,3.84,4.48,4.59,0
1981,9,8,0,2.73,4.41,3.83,5.17,2.29,4.05,2.89,4.5,3.98,4.08,3.34,3.94,4.04,0
1981,9,9,0,0,3.82,3.37,4.7,1.83,3.49,2.5,3.96,3.56,3.57,2.92,3.48,3.56,0
1981,9,10,0,0,4.38,3.81,5.15,2.27,4.02,2.87,4.48,3.96,4.06,3.32,3.92,4.02,0
1981,9,11,10.02,0,0,0.55,2.2,0,0,0.78,0,1.28,0,0.52,0,0,0
1981,9,12,3.8,0,6.25,5.3,6.68,3.88,5.76,4.28,6.24,5.36,5.61,4.71,5.38,5.51,0.46
1981,9,13,0.59,3.98,6.45,5.46,6.85,4.06,5.94,4.44,6.42,5.51,5.77,4.85,5.53,5.66,0.61
1981,9,14,0,50.14,36.1,29.98,31.8,39.67,31.62,36.62,34.76,29.62,27.89,29.01,27.65,27.14,66.46
1981,9,15,0,0,0,0,2.06,0,0,0.71,0,1.14,0,0.37,0,0,0
1981,9,16,0,0,3.4,3.05,4.38,1.53,3.08,2.24,3.58,3.27,3.21,2.63,3.16,3.22,0
1981,9,17,3.64,18.05,17.87,14.85,16.49,16.52,16.01,15.62,17.27,14.61,14.52,13.9,14.16,14.15,20.33
1981,9,18,6.05,10.71,9.48,7.92,9.39,7.05,8.66,7.1,9.29,7.87,8.16,7.19,7.85,7.98,4.18
1981,9,19,0.19,10.35,10.25,8.55,10.04,7.86,9.34,7.82,10.02,8.48,8.76,7.79,8.44,8.56,5.36
1981,9,20,15.3,0,1.48,1.69,3.08,0.38,0.97,1.29,1.92,2.09,1.3,1.44,1.66,1.48,0
1981,9,21,10.09,0,1.21,1.54,2.95,0.27,0.7,1.21,1.72,1.97,1.04,1.31,1.47,1.23,0
1981,9,22,24.17,0,0,0,1.19,0,0,0.36,0,0,0,0,0,0,0
1981,9,23,22.71,0,2.56,2.42,3.76,0.96,2.22,1.76,2.82,2.71,2.44,2.07,2.49,2.49,0
1981,9,24,3.54,0,4.52,3.92,5.26,2.38,4.15,2.97,4.61,4.06,4.17,3.42,4.03,4.13,0
1981,9,25,0,29.08,16.73,13.9,15.53,15.18,15.02,14.4,16.19,13.69,13.68,12.98,13.31,13.33,17.82
1981,9,26,12.17,8.22,7.21,6.07,7.48,4.78,6.63,5.07,7.14,6.1,6.38,5.43,6.12,6.25,1.3
1981,9,27,14.92,0,2.19,2.16,3.51,0.75,1.82,1.59,2.5,2.48,2.08,1.84,2.21,2.16,0
1981,9,28,0,0,4.36,3.8,5.14,2.26,4.01,2.86,4.46,3.95,4.04,3.31,3.91,4.01,0
1981,9,29,6.45,9.56,13.51,11.24,12.81,11.45,12.21,11.04,13.12,11.09,11.26,10.39,10.9,10.98,11.18
1981,9,30,0.9,1.06,8.12,6.82,8.25,5.68,7.45,5.87,8,6.81,7.1,6.14,6.82,6.95,2.33
1981,10,1,0,0,0,0,0,0,0,0.1,0,0,0,0,0,0,0
1981,10,2,0.55,0,0,0,0,0,0,0.1,0,0,0,0,0,0,0
1981,10,3,5.04,0,0,0,1.17,0,0,0.42,0,0.57,0,0.1,0,0,0
1981,10,4,0,0,0,0,0.43,0,0,0.14,0,0,0,0,0,0,0
1981,10,5,2.44,0,0,0,0,0,0,0,0,0,0,0,0,0,0
1981,10,6,0.38,0,0,0,0,0,0,0.1,0,0,0,0,0,0,0
1981,10,7,6.77,0,4.04,3.7,4.66,2.94,4.17,3.62,4.19,3.73,3.45,3.06,3.36,3.34,0
1981,10,8,0.54,0,7.04,6.48,7.3,6.85,7.01,7.26,7.52,6.29,6.37,5.85,6.03,6.1,3.41
1981,10,9,3.71,0,4.95,4.52,5.45,4.01,5.02,4.62,5.18,4.48,4.31,3.86,4.15,4.15,0.4
1981,10,10,1.11,0,6.8,6.25,7.08,6.5,6.78,6.93,7.25,6.08,6.13,5.61,5.81,5.87,2.97
1981,10,11,2.27,0,3,2.8,3.8,1.87,3.2,2.61,3.11,2.92,2.5,2.22,2.5,2.47,0
1981,10,12,0,0,3.29,3.05,4.04,2.15,3.48,2.88,3.42,3.14,2.76,2.45,2.74,2.71,0
1981,10,13,2.94,0,3.07,2.85,3.85,1.93,3.27,2.67,3.18,2.97,2.56,2.27,2.55,2.52,0
1981,10,14,5.45,1.82,6.95,6.39,7.22,6.72,6.93,7.14,7.42,6.22,6.29,5.76,5.95,6.01,3.25
1981,10,15,0,43.57,23.5,23.15,22.6,36.98,22.92,35.48,27.46,22.05,24.08,24.52,22.16,23.29,57.42
1981,10,16,0,6.93,14.88,14.25,14.51,20.09,14.56,19.61,16.82,13.6,14.61,14.32,13.54,14.04,25.34
1981,10,17,0,0,4.65,4.24,5.19,3.65,4.74,4.28,4.85,4.23,4.02,3.59,3.89,3.88,0.18
1981,10,18,0,0,1.9,1.91,2.94,0.96,2.22,1.74,2.05,2.13,1.56,1.44,1.65,1.63,0
1981,10,19,0,0,1.31,1.48,2.54,0.6,1.72,1.37,1.53,1.76,1.11,1.09,1.24,1.23,0
1981,10,20,0,0,2.54,2.42,3.43,1.46,2.79,2.22,2.66,2.58,2.1,1.88,2.13,2.11,0
1981,10,21,0,0,6.08,5.57,6.44,5.49,6.09,5.99,6.43,5.45,5.41,4.91,5.16,5.19,1.77
1981,10,22,0.95,7.14,7.58,6.99,7.78,7.64,7.52,7.99,8.14,6.77,6.92,6.38,6.53,6.61,4.48
1981,10,23,0.1,11.27,11.45,10.8,11.33,13.94,11.25,13.86,12.69,10.35,10.95,10.48,10.21,10.49,14.43
1981,10,24,0,5.82,12.09,11.44,11.92,15.05,11.86,14.9,13.45,10.94,11.62,11.18,10.82,11.14,16.34
1981,10,25,0,11.69,19.52,19.02,18.86,29.01,19.06,27.98,22.52,18.13,19.68,19.75,18.16,18.98,42.04
1981,10,26,0,3.25,8.19,7.58,8.34,8.57,8.11,8.86,8.84,7.33,7.54,7,7.1,7.21,5.81
1981,10,27,0,3.21,10.41,9.76,10.37,12.16,10.24,12.2,11.45,9.37,9.85,9.35,9.2,9.42,11.44
1981,10,28,0,2.12,10.38,9.74,10.35,12.12,10.22,12.16,11.42,9.34,9.82,9.32,9.18,9.4,11.37
1981,10,29,0,8.48,13.48,12.84,13.21,17.53,13.21,17.22,15.13,12.27,13.11,12.74,12.17,12.58,20.71
1981,10,30,0,0,0,0.86,1.95,0.17,0.92,0.9,0.75,1.24,0.41,0.62,0.63,0.67,0
1981,10,31,2.39,0,4.15,3.79,4.75,3.06,4.27,3.73,4.31,3.82,3.55,3.16,3.45,3.44,0
1981,11,1,7.33,0,0.87,1.09,1.54,1.02,0.93,1.68,0.9,1.06,0.85,0.57,0.7,0.65,0
1981,11,2,0.19,0,3.58,4.05,4.25,6.69,3.45,7.66,4.22,3.39,3.07,2.48,2.71,2.67,0
1981,11,3,0,0,1.64,1.89,2.29,2.28,1.65,3.08,1.77,1.7,1.48,1.07,1.24,1.2,0
1981,11,4,0,0,5.84,6.75,6.66,13.35,5.58,14.4,7.33,5.48,4.98,4.28,4.54,4.49,0
1981,11,5,0,0,6,6.94,6.83,13.86,5.73,14.91,7.56,5.63,5.12,4.41,4.67,4.62,0
1981,11,6,0,0.1,9.38,11.17,10.57,25.64,8.92,26.8,12.49,8.88,8.01,7.28,7.53,7.46,3.63
1981,11,7,0,0,0.24,0.5,0.95,0.32,0.35,0.8,0.29,0.57,0.35,0.21,0.29,0.25,0
1981,11,8,0,0,4.59,5.25,5.33,9.53,4.41,10.55,5.6,4.32,3.93,3.28,3.52,3.48,0
1981,11,9,0,0,4.87,5.58,5.62,10.36,4.67,11.37,5.98,4.58,4.16,3.5,3.75,3.71,0
1981,11,10,0,0,0,0,0,0,0,0.1,0,0,0,0,0,0,0
1981,11,11,0,0,0.5,0.74,1.19,0.57,0.59,1.14,0.53,0.77,0.56,0.36,0.46,0.41,0
1981,11,12,0.1,0,0,0,0,0,0,0,0,0,0,0,0,0,0
1981,11,13,0,0,8.27,9.77,9.33,21.6,7.87,22.73,10.85,7.8,7.06,6.32,6.58,6.52,1.65
1981,11,14,0,0,0,0,0,0,0,0,0,0,0,0,0,0,0
1981,11,15,0,0,0,0,0,0,0,0,0,0,0,0,0,0,0
1981,11,16,2.82,0,0,0.1,0.45,0.1,0,0.26,0,0.18,0,0.1,0.1,0,0
1981,11,17,4.53,0,0,0.1,0.48,0.1,0,0.29,0,0.2,0,0.1,0.1,0.1,0
1981,11,18,2.45,0,0,0,0.1,0,0,0.1,0,0,0,0,0,0,0
1981,11,19,0.23,0,6.7,7.81,7.6,16.19,6.39,17.26,8.57,6.3,5.72,5,5.26,5.21,0.1
1981,11,20,5.44,0,0.39,0.64,1.09,0.46,0.49,1,0.43,0.69,0.47,0.3,0.39,0.35,0
1981,11,21,0.47,0,0,0,0,0,0,0,0,0,0,0,0,0,0
1981,11,22,2.6,0,0,0,0.18,0,0,0.1,0,0.1,0,0,0,0,0
1981,11,23,3.92,0,3.16,3.57,3.82,5.61,3.06,6.55,3.66,3.02,2.72,2.16,2.38,2.34,0
1981,11,24,0.11,0,3.12,3.52,3.78,5.5,3.02,6.45,3.61,2.98,2.69,2.13,2.35,2.31,0
1981,11,25,0.1,0.1,5.73,6.61,6.54,13,5.47,14.04,7.18,5.38,4.89,4.19,4.45,4.4,0
1981,11,26,0,0,7.28,8.52,8.23,18.13,6.93,19.21,9.4,6.85,6.21,5.48,5.74,5.69,0.42
1981,11,27,0,0,0,0.1,0.41,0.1,0,0.22,0,0.14,0,0,0.1,0,0
1981,11,28,0,0,3.25,3.68,3.92,5.86,3.15,6.81,3.79,3.11,2.81,2.24,2.46,2.42,0
1981,11,29,0,0,0,0.23,0.66,0.11,0.1,0.46,0.1,0.34,0.12,0.1,0.12,0.1,0
1981,11,30,0,0,0,0,0.31,0.1,0,0.15,0,0.1,0,0,0,0,0
1981,12,1,0,0,0.26,0.48,0.78,0.58,0.39,1.09,0.35,0.36,0.27,0.13,0.18,0.22,0
1981,12,2,0,0,0,0,0.1,0,0,0.1,0,0,0,0,0,0,0
1981,12,3,0,0,0,0,0.1,0,0,0.1,0,0,0,0,0,0,0
1981,12,4,0,0,1.68,2.34,2.58,4.83,1.81,5.74,2.17,1.78,1.51,0.88,1.1,1.12,0
1981,12,5,0,1.76,9.15,12.97,12.24,38.77,8.8,40.16,12.97,9.43,8.09,4.72,5.83,5.71,0
1981,12,6,0,5.74,27,41.04,38.53,142.84,26.25,152.44,39.97,28.99,24.36,13.91,17.04,17.01,33.21
1981,12,7,0,2.43,15.18,21.88,20.28,70.12,14.37,71.9,22.03,15.74,13.42,7.78,9.61,9.38,5.91
1981,12,8,0,0.1,3.48,4.81,4.85,11.9,3.52,13.01,4.67,3.58,3.08,1.81,2.25,2.24,0
1981,12,9,0,0,0,0.1,0.26,0.1,0.1,0.23,0.1,0.1,0.1,0,0,0.1,0
1981,12,10,0,0,0.44,0.71,1.02,0.99,0.59,1.62,0.57,0.54,0.43,0.23,0.3,0.34,0
1981,12,11,0,1.3,8.07,11.39,10.81,33.34,7.8,34.69,11.36,8.3,7.13,4.16,5.14,5.05,0
1981,12,12,0,0.1,3.99,5.53,5.5,14.13,4,15.25,5.4,4.1,3.53,2.08,2.57,2.55,0
1981,12,13,0,0.1,10.37,14.76,13.85,44.99,9.94,46.41,14.79,10.71,9.16,5.34,6.59,6.45,0.1
1981,12,14,0,0,0.59,0.9,1.21,1.36,0.73,2.06,0.75,0.69,0.56,0.3,0.4,0.43,0
1981,12,15,0,0,0,0.1,0.17,0.1,0,0.11,0,0.1,0,0,0,0,0
1981,12,16,0,0,5.05,7.04,6.88,18.91,5,20.08,6.94,5.19,4.47,2.62,3.24,3.21,0
1981,12,17,0,0,1.34,1.88,2.15,3.64,1.47,4.5,1.71,1.43,1.21,0.7,0.88,0.91,0
1981,12,18,0,0,2.22,3.07,3.26,6.79,2.33,7.82,2.91,2.31,1.98,1.16,1.45,1.46,0
1981,12,19,0,0,1.03,1.47,1.76,2.63,1.17,3.43,1.3,1.12,0.94,0.53,0.68,0.71,0
1981,12,20,0,0,6.2,8.68,8.36,24.26,6.06,25.49,8.6,6.37,5.48,3.21,3.97,3.91,0
1981,12,21,0,2.61,2.57,3.56,3.71,8.18,2.67,9.24,3.41,2.67,2.29,1.34,1.67,1.68,0
1981,12,22,0,0,0.81,1.19,1.5,1.99,0.96,2.75,1.03,0.91,0.75,0.42,0.54,0.57,0
1981,12,23,0,0,2.23,3.09,3.28,6.84,2.34,7.87,2.93,2.32,1.99,1.17,1.45,1.47,0
1981,12,24,0,0,4.04,5.6,5.56,14.33,4.04,15.44,5.46,4.15,3.57,2.1,2.6,2.58,0
1981,12,25,0,0,0,0,0,0,0,0,0,0,0,0,0,0,0
1981,12,26,0,0,0.24,0.45,0.75,0.53,0.37,1.04,0.33,0.34,0.25,0.12,0.17,0.21,0
1981,12,27,0,0,4.44,6.16,6.07,16.11,4.41,17.24,6.04,4.56,3.92,2.3,2.85,2.83,0
1981,12,28,0,0,0.18,0.36,0.65,0.39,0.29,0.87,0.24,0.28,0.19,0.1,0.13,0.16,0
1981,12,29,0,0.25,0,0,0.1,0,0,0.1,0,0,0,0,0,0,0
1981,12,30,0,0.64,0,0.1,0.18,0.1,0,0.12,0,0.1,0,0,0,0,0
1981,12,31,0,0,0,0.1,0.21,0.1,0,0.16,0,0.1,0,0,0,0,0
1982,1,1,0,0,0,0,0,0,0,0,0,0,0,0,0,0,0
1982,1,2,4.14,0,1.67,2.1,2.11,5.41,1.66,5.68,2.39,1.7,1.55,1.16,1.3,1.31,0
1982,1,3,0.1,0,8.29,10.47,9.93,39.05,7.99,36.86,12.54,7.61,7.15,5.86,5.96,6.17,24.78
1982,1,4,0,2.94,4.77,6.01,5.78,20.45,4.64,19.7,7.08,4.49,4.19,3.37,3.5,3.6,1.18
1982,1,5,0,0,0.3,0.39,0.46,0.42,0.32,0.7,0.4,0.4,0.32,0.18,0.26,0.25,0
1982,1,6,0,0,0.28,0.37,0.44,0.38,0.3,0.65,0.38,0.38,0.31,0.17,0.25,0.24,0
1982,1,7,0,0,0,0,0,0,0,0,0,0,0,0,0,0,0
1982,1,8,0,0,0.38,0.5,0.57,0.62,0.41,0.94,0.53,0.49,0.41,0.24,0.34,0.32,0
1982,1,9,0,0,0,0,0.1,0,0,0.1,0,0.1,0,0,0,0,0
1982,1,10,0,0,0,0,0.1,0,0,0.1,0,0.1,0,0,0,0,0
1982,1,11,0,0,0.61,0.79,0.85,1.31,0.63,1.67,0.85,0.71,0.61,0.41,0.51,0.5,0
1982,1,12,0,0.18,5.44,6.86,6.58,23.91,5.28,22.9,8.12,5.09,4.76,3.84,3.97,4.09,3.94
1982,1,13,0,0,0.1,0.1,0.16,0.1,0.1,0.13,0.1,0.14,0.1,0.1,0.1,0.1,0
1982,1,14,0.6,0,0.76,0.97,1.03,1.8,0.78,2.18,1.05,0.85,0.74,0.51,0.62,0.62,0
1982,1,15,11.83,0,0.19,0.26,0.33,0.2,0.21,0.42,0.26,0.29,0.22,0.11,0.18,0.16,0
1982,1,16,4.93,0,0.25,0.34,0.4,0.3,0.27,0.56,0.34,0.35,0.28,0.15,0.23,0.21,0
1982,1,17,0.1,0,0.46,0.6,0.67,0.86,0.49,1.2,0.64,0.57,0.48,0.3,0.4,0.39,0
1982,1,18,0,0,0,0,0,0,0,0,0,0,0,0,0,0,0
1982,1,19,0,0,0,0.1,0.1,0,0,0.1,0.1,0.1,0.1,0,0,0,0
1982,1,20,0,0,0.11,0.17,0.22,0.1,0.13,0.24,0.16,0.2,0.15,0.1,0.11,0.1,0
1982,1,21,0,0,0.1,0.13,0.18,0.1,0.1,0.18,0.12,0.17,0.11,0.1,0.1,0.1,0
1982,1,22,0,0,0,0,0,0,0,0,0,0,0,0,0,0,0
1982,1,23,0,0,0,0,0,0,0,0,0,0,0,0,0,0,0
1982,1,24,0,0,0,0,0,0,0,0,0,0,0,0,0,0,0
1982,1,25,0,0,0,0,0,0,0,0,0,0,0,0,0,0,0
1982,1,26,0,0,0.68,0.87,0.93,1.52,0.7,1.89,0.94,0.78,0.68,0.46,0.56,0.56,0
1982,1,27,0,0,1.52,1.92,1.94,4.78,1.52,5.09,2.17,1.56,1.42,1.06,1.19,1.2,0
1982,1,28,0,0,0,0,0,0,0,0,0,0,0,0,0,0,0
1982,1,29,0,0,0,0,0,0,0,0,0,0,0,0,0,0,0
1982,1,30,0,0,0.1,0.1,0.1,0,0.1,0.1,0.1,0.1,0.1,0,0.1,0.1,0
1982,1,31,0,0,0.1,0.1,0.15,0.1,0.1,0.13,0.1,0.14,0.1,0.1,0.1,0.1,0
1982,2,1,0,0,0.1,0.1,0.13,0,0.1,0.1,0.1,0.12,0.1,0.1,0.1,0.1,0
1982,2,2,0,0,0,0,0,0,0,0,0,0,0,0,0,0,0
1982,2,3,0.1,0,0,0,0,0,0,0,0,0,0,0,0,0,0
1982,2,4,0.1,0,0,0,0.1,0,0,0,0,0.1,0,0,0,0,0
1982,2,5,0,0,0.1,0.1,0.1,0,0.1,0.1,0.1,0.1,0.1,0,0.1,0.1,0
1982,2,6,0,0,0.25,0.3,0.39,0.1,0.27,0.22,0.31,0.33,0.25,0.17,0.21,0.21,0
1982,2,7,0,1.63,1.71,2.4,2.61,3.71,1.91,4.42,2.35,2.05,1.83,1.6,1.67,1.68,0
1982,2,8,0,16.6,2.25,3.24,3.48,5.81,2.55,6.55,3.15,2.7,2.45,2.17,2.24,2.26,0
1982,2,9,0.1,10.19,3.02,4.45,4.73,9.07,3.45,9.77,4.3,3.63,3.32,2.99,3.06,3.08,0.41
1982,2,10,0,0,0.46,0.58,0.7,0.26,0.49,0.57,0.59,0.58,0.46,0.36,0.41,0.4,0
1982,2,11,0,0.14,0.39,0.47,0.58,0.17,0.41,0.43,0.48,0.48,0.38,0.28,0.33,0.33,0
1982,2,12,0,0.1,0.1,0.11,0.16,0.1,0.1,0.1,0.12,0.14,0.1,0.1,0.1,0.1,0
1982,2,13,0,0,2.33,3.36,3.61,6.14,2.64,6.87,3.26,2.79,2.54,2.26,2.33,2.34,0
1982,2,14,0,0,0.2,0.24,0.31,0.1,0.21,0.15,0.25,0.27,0.19,0.12,0.16,0.15,0
1982,2,15,0,0,0,0,0,0,0,0,0,0,0,0,0,0,0
1982,2,16,0,0,0.39,0.48,0.59,0.17,0.42,0.45,0.49,0.49,0.39,0.29,0.34,0.34,0
1982,2,17,0,0,0,0,0,0,0,0,0,0,0,0,0,0,0
1982,2,18,0,0,0,0,0,0,0,0,0,0,0,0,0,0,0
1982,2,19,0,0,0,0,0,0,0,0,0,0,0,0,0,0,0
1982,2,20,0.11,0,0.1,0.1,0.1,0,0.1,0.1,0.1,0.1,0.1,0,0.1,0.1,0
1982,2,21,0,0,0,0,0,0,0,0,0,0,0,0,0,0,0
1982,2,22,0.1,0,0.1,0.12,0.18,0.1,0.11,0.1,0.13,0.16,0.1,0.1,0.1,0.1,0
1982,2,23,0,0,0.33,0.41,0.5,0.1,0.35,0.33,0.42,0.42,0.33,0.24,0.28,0.27,0
1982,2,24,0,0,1.36,1.86,2.05,2.5,1.51,3.17,1.84,1.62,1.44,1.24,1.31,1.31,0
1982,2,25,0,0,0.81,1.07,1.21,0.93,0.88,1.44,1.06,0.98,0.84,0.69,0.75,0.75,0
1982,2,26,0,0.61,2.84,4.16,4.44,8.26,3.23,8.98,4.02,3.41,3.11,2.79,2.86,2.89,0.21
1982,2,27,0,0,0,0,0,0,0,0,0,0,0,0,0,0,0
1982,2,28,0,0,0.1,0.1,0.13,0,0.1,0.1,0.1,0.11,0.1,0.1,0.1,0.1,0
1982,3,1,0,0,0,0,0.1,0,0,0.1,0,0.1,0.1,0,0.1,0,0
1982,3,2,0,0,0,0,0,0,0,0,0,0,0,0,0,0,0
1982,3,3,0,0,0.1,0.1,0.1,0,0.1,0.1,0.1,0.15,0.1,0.1,0.1,0.1,0
1982,3,4,0,0,3.48,3.33,3.59,4.81,3.08,5.05,4.03,3.16,3.05,3.3,3.13,3.16,0
1982,3,5,0,0,0,0,0,0,0,0,0,0,0,0,0,0,0
1982,3,6,0,0,0,0,0,0,0,0,0,0,0,0,0,0,0
1982,3,7,0.1,0,0,0,0,0,0,0,0,0,0,0,0,0,0
1982,3,8,0,0,0,0,0,0,0,0,0,0.1,0,0,0,0,0
1982,3,9,0,0,0,0,0,0,0,0,0,0,0,0,0,0,0
1982,3,10,0,0,0.63,0.66,0.76,0.39,0.59,0.74,0.71,0.76,0.63,0.53,0.58,0.57,0
1982,3,11,0,0,0,0,0,0,0,0,0,0,0,0,0,0,0
1982,3,12,0,0,0.1,0.1,0.17,0.1,0.1,0.14,0.1,0.24,0.1,0.1,0.1,0.1,0
1982,3,13,0,0,0,0,0,0,0,0,0,0,0,0,0,0,0
1982,3,14,0,0,0,0,0,0,0,0,0,0,0,0,0,0,0
1982,3,15,0,0,0.44,0.45,0.55,0.24,0.41,0.51,0.46,0.59,0.43,0.34,0.39,0.38,0
1982,3,16,0,0,1.84,1.79,1.97,2,1.66,2.4,2.09,1.78,1.66,1.66,1.65,1.66,0
1982,3,17,0.28,0,1.62,1.59,1.76,1.68,1.46,2.11,1.83,1.62,1.48,1.44,1.46,1.46,0
1982,3,18,3.01,0,0.25,0.3,0.37,0.1,0.25,0.29,0.3,0.41,0.29,0.21,0.26,0.25,0
1982,3,19,3.85,0,0,0,0,0,0,0,0,0,0,0,0,0,0
1982,3,20,4.07,0,0.14,0.21,0.29,0.1,0.15,0.23,0.2,0.33,0.21,0.14,0.18,0.17,0
1982,3,21,3.34,0,0,0,0,0,0,0,0,0,0,0,0,0,0
1982,3,22,1.16,0,0,0,0,0,0,0,0,0,0,0,0,0,0
1982,3,23,0,0,0,0,0.1,0,0,0.1,0,0.1,0,0,0,0,0
1982,3,24,0,0,0.36,0.39,0.46,0.19,0.35,0.41,0.4,0.52,0.38,0.29,0.33,0.33,0
1982,3,25,0,0,0.92,0.9,1.04,0.74,0.85,1.11,1,1.02,0.85,0.77,0.81,0.81,0
1982,3,26,0,0,1.93,1.87,2.04,2.15,1.74,2.51,2.18,1.86,1.73,1.74,1.72,1.73,0
1982,3,27,0.62,0,0,0,0,0,0,0,0,0,0,0,0,0,0
1982,3,28,0,0,0,0,0,0,0,0,0,0,0,0,0,0,0
1982,3,29,0,0,0,0,0,0,0,0.1,0,0.1,0,0,0,0,0
1982,3,30,0,0,0.1,0.1,0.1,0.1,0.1,0.1,0.1,0.19,0.1,0.1,0.1,0.1,0
1982,3,31,0,0,1.38,1.34,1.48,1.32,1.25,1.71,1.53,1.4,1.25,1.2,1.22,1.22,0
1982,4,1,0,0,0.81,0.8,1.14,0.29,0.77,0.87,0.91,0.92,0.86,0.65,0.72,0.75,0
1982,4,2,0,0,2.28,2.01,2.6,1.57,2.15,2.36,2.28,2.11,1.99,1.69,1.8,1.87,0
1982,4,3,0,0.1,4.86,4.27,5,4.64,4.58,5.26,4.76,4.08,3.93,3.66,3.78,3.9,0
1982,4,4,0,0,2.33,2.07,2.66,1.63,2.2,2.43,2.33,2.17,2.04,1.73,1.84,1.91,0
1982,4,5,0,0,0.4,0.5,0.82,0.1,0.38,0.56,0.56,0.67,0.58,0.39,0.44,0.46,0
1982,4,6,0,0,0.42,0.51,0.83,0.1,0.39,0.57,0.57,0.68,0.59,0.4,0.45,0.47,0
1982,4,7,0,0,0,0,0,0,0,0.1,0,0,0,0,0,0,0
1982,4,8,0,0,0.1,0.1,0.38,0,0.1,0.28,0.1,0.31,0.18,0.1,0.1,0.1,0
1982,4,9,0.1,0,0,0,0,0,0,0,0,0,0,0,0,0,0
1982,4,10,0,0,0,0,0.1,0,0,0.1,0,0.1,0,0,0,0,0
1982,4,11,0,0,0.94,0.89,1.27,0.38,0.88,1,1.02,1.03,0.95,0.72,0.8,0.84,0
1982,4,12,0,0,3.36,2.96,3.57,2.76,3.17,3.5,3.33,2.91,2.81,2.52,2.64,2.73,0
1982,4,13,0,0,2.21,1.95,2.52,1.5,2.09,2.28,2.22,2.05,1.92,1.64,1.75,1.82,0
1982,4,14,0,0,0.1,0.16,0.45,0,0.1,0.32,0.14,0.37,0.25,0.1,0.11,0.12,0
1982,4,15,0,0,2.43,2.18,2.77,1.72,2.29,2.55,2.45,2.26,2.14,1.83,1.93,2.01,0
1982,4,16,0,0,4.76,4.19,4.92,4.49,4.48,5.11,4.67,4.01,3.86,3.58,3.7,3.83,0
1982,4,17,0,0,2.34,2.08,2.67,1.64,2.21,2.44,2.34,2.18,2.05,1.74,1.85,1.92,0
1982,4,18,0,0,0.73,0.74,1.07,0.22,0.69,0.78,0.84,0.87,0.81,0.59,0.66,0.69,0
1982,4,19,0,0,0.26,0.4,0.71,0.1,0.25,0.49,0.44,0.58,0.48,0.3,0.34,0.37,0
1982,4,20,0,0,0.37,0.48,0.79,0.1,0.35,0.55,0.53,0.64,0.56,0.37,0.41,0.44,0
1982,4,21,0,0,2.55,2.32,2.92,1.85,2.4,2.7,2.61,2.37,2.26,1.95,2.06,2.14,0
1982,4,22,0,0,0,0,0,0,0,0.1,0,0,0,0,0,0,0
1982,4,23,0,0,2.3,2.03,2.62,1.59,2.16,2.38,2.29,2.13,2,1.7,1.81,1.88,0
1982,4,24,0,0,3.68,3.23,3.94,3.16,3.47,3.94,3.61,3.21,3.05,2.74,2.86,2.96,0
1982,4,25,0,0,0,0.1,0.1,0,0,0.1,0,0.1,0.1,0,0,0,0
1982,4,26,0,0,3.49,3.06,3.71,2.92,3.29,3.67,3.44,3.02,2.89,2.6,2.72,2.82,0
1982,4,27,0.1,0,2.4,2.15,2.74,1.69,2.26,2.51,2.41,2.23,2.11,1.8,1.9,1.98,0
1982,4,28,3.58,0,2.18,1.92,2.47,1.46,2.05,2.23,2.19,2.01,1.9,1.62,1.73,1.8,0
1982,4,29,0.16,0.1,2.24,1.97,2.55,1.53,2.11,2.31,2.25,2.08,1.95,1.66,1.77,1.84,0
1982,4,30,0.13,0,0,0.1,0.1,0,0,0.1,0,0.1,0.1,0,0,0,0
1982,5,1,19.87,0,0,0,0,0,0,0.1,0,0,0,0,0,0,0
1982,5,2,1.06,0,0,0,0,0,0,0.1,0,0,0,0,0,0,0
1982,5,3,4.8,0,0,0,0,0,0,0,0,0,0,0,0,0,0
1982,5,4,5.99,0,0.52,0.84,1.38,0.1,0.72,0.79,0.96,1.1,0.75,0.62,0.8,0.7,0
1982,5,5,22.1,0,0,0,0,0,0,0.1,0,0,0,0,0,0,0
1982,5,6,20.28,0,0,0,0,0,0,0,0,0,0,0,0,0,0
1982,5,7,8.8,0,0,0.1,0.58,0,0,0.33,0,0.41,0,0,0,0,0
1982,5,8,5.61,0,0,0,0.52,0,0,0.3,0,0.36,0,0,0,0,0
1982,5,9,3.98,0,1.2,1.37,1.94,0.33,1.37,1.11,1.57,1.58,1.33,1.09,1.31,1.26,0
1982,5,10,5.05,0,0,0,0,0,0,0.12,0,0,0,0,0,0,0
1982,5,11,0,0,6.13,5.74,6.18,4.7,5.95,5.07,6.19,5.49,5.69,4.77,5.17,5.46,0.1
1982,5,12,0.48,0,3.1,2.92,3.53,1.69,3.17,2.38,3.31,2.98,2.98,2.45,2.77,2.84,0
1982,5,13,1.48,0,0,0,0.44,0,0,0.25,0,0.29,0,0,0,0,0
1982,5,14,3.95,0,0,0,0,0,0,0,0,0,0,0,0,0,0
1982,5,15,0,0,0,0,0,0,0,0.1,0,0,0,0,0,0,0
1982,5,16,0,0,6.29,5.91,6.33,4.87,6.08,5.22,6.36,5.63,5.83,4.91,5.31,5.59,0.1
1982,5,17,0,48.53,24.8,25.24,22.8,30.62,22.44,27.59,24.59,22.17,22.89,20.31,20.46,22.11,39.23
1982,5,18,1.84,0,4.12,3.85,4.42,2.59,4.11,3.19,4.28,3.81,3.89,3.22,3.58,3.72,0
1982,5,19,0,0,0,0,0,0,0,0.1,0,0,0,0,0,0,0
1982,5,20,0.32,0,2.52,2.43,3.04,1.22,2.62,1.94,2.77,2.54,2.47,2.02,2.32,2.35,0
1982,5,21,0,0,5.46,5.11,5.59,3.96,5.33,4.4,5.57,4.92,5.1,4.26,4.65,4.88,0
1982,5,22,34.46,0,0,0,0,0,0,0.1,0,0,0,0,0,0,0
1982,5,23,8.94,0,0,0.64,1.17,0,0,0.67,0.72,0.91,0.52,0.44,0.6,0.48,0
1982,5,24,8.54,0,4.14,3.88,4.44,2.62,4.13,3.21,4.31,3.83,3.92,3.24,3.6,3.74,0
1982,5,25,13.83,0,2.25,2.2,2.81,1.03,2.36,1.77,2.52,2.34,2.23,1.82,2.11,2.12,0
1982,5,26,0.98,3.74,1.51,1.61,2.2,0.54,1.66,1.3,1.85,1.79,1.6,1.31,1.55,1.51,0
1982,5,27,0,2.27,2.19,2.15,2.76,1,2.31,1.73,2.47,2.29,2.18,1.78,2.06,2.08,0
1982,5,28,0.54,0,0,0.22,0.72,0,0,0.41,0,0.53,0,0,0,0,0
1982,5,29,6.15,1.01,4.91,4.57,5.11,3.39,4.83,3.91,5.01,4.46,4.59,3.81,4.19,4.39,0
1982,5,30,4.17,0,4.79,4.45,4.99,3.27,4.73,3.8,4.9,4.35,4.48,3.72,4.1,4.29,0
1982,5,31,2.11,0,0.84,1.09,1.65,0.1,1.02,0.94,1.25,1.32,1.02,0.84,1.04,0.96,0
1982,6,1,0,0,0,0,0,0,0,0,0,0,0,0,0,0,0
1982,6,2,0.51,0,0,0,0,0,0,0,0,0,0,0,0,0,0
1982,6,3,28.29,0,0,0,0,0,0,0,0,0,0,0,0,0,0
1982,6,4,25.51,0,1.86,1.85,2.4,0.59,2.05,1.31,1.97,2.13,1.83,1.69,1.95,1.87,0
1982,6,5,5.52,0,1.7,1.72,2.26,0.5,1.9,1.22,1.82,2.02,1.7,1.58,1.84,1.75,0
1982,6,6,8.01,0,0.47,0.72,1.24,0,0.72,0.65,0.67,1.22,0.61,0.72,0.89,0.72,0
1982,6,7,28.71,0,0,0,0.69,0,0,0.39,0,0.77,0,0,0,0,0
1982,6,8,6.41,0,0.59,0.82,1.34,0,0.83,0.7,0.78,1.3,0.72,0.81,0.99,0.82,0
1982,6,9,0.4,0.1,0.78,0.97,1.5,0.1,1.02,0.78,0.96,1.42,0.88,0.94,1.14,0.98,0
1982,6,10,0,0,1.78,1.78,2.33,0.54,1.97,1.26,1.89,2.07,1.76,1.63,1.89,1.81,0
1982,6,11,1.53,0.13,1.8,1.8,2.34,0.56,1.99,1.28,1.91,2.08,1.78,1.65,1.91,1.82,0
1982,6,12,9.55,4.88,9.82,8.94,10.28,8.23,8.88,8.08,9.58,8.22,8.69,7.47,7.75,8.09,6.91
1982,6,13,0,7.62,5.2,4.76,5.6,3.32,5,3.76,5.15,4.62,4.73,4.11,4.43,4.53,0.33
1982,6,14,4.63,8.18,11.46,10.44,11.96,10.12,10.24,9.74,11.16,9.51,10.09,8.67,8.91,9.34,10.17
1982,6,15,10.63,10.43,12.51,11.39,13.04,11.35,11.09,10.83,12.16,10.33,10.98,9.43,9.64,10.13,12.38
1982,6,16,10.84,8.12,16.7,15.23,17.37,16.45,14.5,15.32,16.18,13.63,14.53,12.47,12.57,13.28,22.01
1982,6,17,3.48,0,0.95,1.12,1.64,0.11,1.19,0.85,1.12,1.53,1.04,1.07,1.28,1.13,0
1982,6,18,0.33,0,0,0,0,0,0,0.1,0,0,0,0,0,0,0
1982,6,19,0,0,1.92,1.9,2.45,0.63,2.1,1.35,2.02,2.17,1.88,1.74,2,1.92,0
1982,6,20,1.31,0.5,5.82,5.32,6.22,3.93,5.53,4.3,5.74,5.11,5.27,4.56,4.88,5.02,0.85
1982,6,21,2.38,0,4.69,4.31,5.1,2.85,4.56,3.34,4.66,4.23,4.29,3.74,4.06,4.13,0.1
1982,6,22,1.39,5.16,6.07,5.54,6.47,4.18,5.74,4.52,5.98,5.29,5.48,4.74,5.06,5.21,1.1
1982,6,23,0,0,5.67,5.19,6.07,3.79,5.41,4.17,5.6,4.99,5.14,4.45,4.77,4.9,0.71
1982,6,24,4.28,20.01,14.26,12.99,14.85,13.44,12.52,12.67,13.84,11.7,12.46,10.7,10.87,11.45,16.26
1982,6,25,9.88,9.95,7.9,7.2,8.32,6.1,7.29,6.21,7.74,6.72,7.05,6.08,6.38,6.63,3.57
1982,6,26,22.72,30.88,13.5,12.3,14.06,12.53,11.9,11.88,13.12,11.11,11.82,10.15,10.34,10.88,14.57
1982,6,27,10.52,0,0,0,0.56,0,0,0.34,0,0.67,0,0,0,0,0
1982,6,28,30.1,4.17,9.79,8.91,10.25,8.19,8.86,8.05,9.55,8.2,8.66,7.45,7.73,8.07,6.85
1982,6,29,7.43,1.68,5.46,5,5.86,3.58,5.22,3.99,5.4,4.83,4.96,4.3,4.62,4.74,0.52
1982,6,30,0,0,0,0,0,0,0,0.1,0,0,0,0,0,0,0
1982,7,1,1.51,0,0,0,0,0,0,0,0,0,0,0,0,0,0
1982,7,2,0,0,0,0,1.25,0,0,0.39,0,0.55,0,0.32,0,0,0
1982,7,3,0.23,0,0,0.43,1.56,0,0,0.53,0.33,0.86,0,0.62,0.53,0,0
1982,7,4,0.46,0,3.06,2.79,3.65,1.22,3.03,2,3.03,2.85,2.86,2.56,2.78,2.79,0
1982,7,5,0,10.61,8.72,7.16,7.77,6.1,7.64,6.29,7.97,6.54,6.84,6.2,6.48,6.52,3.22
1982,7,6,2.73,31.62,17.2,13.62,13.82,14.99,14.06,13.99,15.31,11.93,12.45,11.57,11.7,11.7,15.51
1982,7,7,2.09,19.16,14.27,11.39,11.74,11.81,11.87,11.23,12.78,10.08,10.54,9.72,9.91,9.94,10.84
1982,7,8,0,0,2.05,2.02,2.92,0.58,2.12,1.41,2.14,2.19,2.09,1.91,2.08,2.06,0
1982,7,9,1.26,0,5.11,4.38,5.14,2.8,4.76,3.41,4.83,4.2,4.34,3.88,4.15,4.19,0.12
1982,7,10,0.87,6.84,8.79,7.21,7.82,6.17,7.69,6.35,8.03,6.58,6.89,6.24,6.52,6.56,3.3
1982,7,11,2.21,11.42,9.25,7.56,8.15,6.62,8.05,6.74,8.44,6.88,7.2,6.54,6.81,6.85,3.85
1982,7,12,4.31,20.6,14.51,11.58,11.92,12.08,12.05,11.46,12.99,10.23,10.7,9.88,10.07,10.08,11.23
1982,7,13,0,25.24,18,14.23,14.39,15.87,14.65,14.75,16,12.43,12.97,12.08,12.18,12.18,16.82
1982,7,14,5.67,0,4.03,3.54,4.35,1.93,3.86,2.64,3.88,3.49,3.57,3.18,3.44,3.46,0
1982,7,15,4.6,0,0,0,0.43,0,0,0.1,0,0,0,0,0,0,0
1982,7,16,8.22,0,5.37,4.58,5.34,3.03,4.98,3.61,5.06,4.37,4.53,4.05,4.33,4.36,0.23
1982,7,17,5.96,7.52,11.03,8.92,9.44,8.41,9.42,8.29,9.98,8.02,8.4,7.67,7.92,7.96,6.15
1982,7,18,3.1,6,7.74,6.4,7.06,5.16,6.87,5.47,7.12,5.91,6.17,5.57,5.85,5.89,2.14
1982,7,19,1.22,0,0.55,0.89,1.94,0,0.61,0.74,0.84,1.25,0.88,1,0.99,0.87,0
1982,7,20,8.12,3.68,3.42,3.08,3.91,1.48,3.35,2.24,3.35,3.09,3.13,2.79,3.03,3.04,0
1982,7,21,3.24,5.54,15.42,12.27,12.56,13.04,12.73,12.3,13.77,10.8,11.29,10.45,10.62,10.63,12.64
1982,7,22,3.52,36.05,23.75,18.58,18.42,22.35,18.87,20.35,20.94,16.02,16.67,15.68,15.62,15.57,26.7
1982,7,23,0,12.09,10.86,8.8,9.31,8.24,9.29,8.15,9.83,7.91,8.28,7.56,7.82,7.85,5.92
1982,7,24,1.11,0,4.93,4.24,5.01,2.65,4.62,3.28,4.67,4.08,4.22,3.77,4.04,4.07,0.1
1982,7,25,3.76,0,4.5,3.91,4.7,2.3,4.26,2.97,4.29,3.8,3.91,3.49,3.75,3.78,0
1982,7,26,1.46,28.54,12.78,10.26,10.68,10.22,10.75,9.86,11.49,9.13,9.55,8.78,9,9.03,8.61
1982,7,27,0,9.75,8.74,7.17,7.79,6.13,7.66,6.31,7.99,6.56,6.86,6.21,6.49,6.53,3.25
1982,7,28,5.23,4.93,4.27,3.73,4.53,2.12,4.07,2.81,4.1,3.65,3.75,3.34,3.6,3.63,0
1982,7,29,3.96,0,2.8,2.59,3.46,1.04,2.8,1.84,2.8,2.68,2.67,2.39,2.6,2.6,0
1982,7,30,2.12,0,4.69,4.06,4.84,2.46,4.42,3.11,4.46,3.92,4.05,3.61,3.88,3.91,0.1
1982,7,31,0.19,0,1.09,1.3,2.27,0.11,1.16,0.95,1.32,1.58,1.34,1.32,1.4,1.33,0
1982,8,1,0.1,4.45,11.13,9.11,10.31,8.42,10.16,8.33,10.58,8.71,8.83,7.75,8.38,8.65,6.08
1982,8,2,0,14.13,14.6,11.84,13.11,12.05,13.12,11.53,13.68,11.17,11.2,9.91,10.59,10.94,11.24
1982,8,3,1.9,7.84,18.46,14.87,16.23,16.25,16.37,15.23,17.11,13.89,13.78,12.28,13,13.44,17.66
1982,8,4,6.36,3.26,5.54,4.72,5.79,3.11,5.27,3.68,5.53,4.73,4.87,4.2,4.69,4.82,0.29
1982,8,5,11.66,0,2.65,2.48,3.52,0.9,2.59,1.75,2.88,2.7,2.67,2.32,2.67,2.7,0
1982,8,6,0,0,0,0.58,1.81,0,0,0.63,0.48,1.08,0,0.6,0.69,0,0
1982,8,7,9.22,4.65,7.18,6.01,7.11,4.57,6.73,4.95,7.02,5.9,6.06,5.25,5.8,5.97,1.47
1982,8,8,31.57,0,0,0.43,1.69,0,0,0.57,0,0.95,0,0.46,0,0,0
1982,8,9,10.34,0,3.17,2.88,3.92,1.25,3.09,2.05,3.36,3.06,3.08,2.66,3.05,3.09,0
1982,8,10,10.42,6.02,2.32,2.23,3.28,0.69,2.27,1.56,2.58,2.48,2.4,2.1,2.43,2.44,0
1982,8,11,21.95,0,3.96,3.49,4.54,1.83,3.83,2.56,4.08,3.62,3.69,3.18,3.6,3.68,0
1982,8,12,19.7,0,0,0,0.48,0,0,0.1,0,0,0,0,0,0,0
1982,8,13,5.72,0,0,0,0.82,0,0,0.21,0,0,0,0,0,0,0
1982,8,14,0.69,0,1.85,1.88,2.94,0.43,1.79,1.32,2.15,2.17,2.03,1.8,2.09,2.08,0
1982,8,15,0,0,0,0,0.93,0,0,0.25,0,0,0,0,0,0,0
1982,8,16,0,5.52,5.65,4.81,5.88,3.21,5.37,3.76,5.63,4.81,4.95,4.27,4.77,4.9,0.35
1982,8,17,0,12.06,7.56,6.31,7.42,4.92,7.07,5.26,7.36,6.17,6.33,5.49,6.05,6.23,1.82
1982,8,18,0,12.47,4.57,3.96,5.02,2.31,4.39,2.98,4.64,4.04,4.15,3.57,4.03,4.12,0
1982,8,19,16.94,10.7,9.5,7.83,8.99,6.79,8.76,6.9,9.11,7.55,7.7,6.72,7.32,7.56,3.96
1982,8,20,32.86,0,0,0.64,1.87,0,0,0.66,0.57,1.14,0,0.66,0.76,0.62,0
1982,8,21,23.5,0,3.41,3.06,4.11,1.42,3.32,2.2,3.58,3.23,3.27,2.82,3.22,3.27,0
1982,8,22,28.8,0.14,2.82,2.61,3.65,1.01,2.75,1.84,3.03,2.82,2.8,2.43,2.79,2.82,0
1982,8,23,0.84,0.1,1.39,1.55,2.63,0.2,1.29,1.11,1.74,1.88,1.64,1.5,1.75,1.71,0
1982,8,24,4.72,0,0,0,0.77,0,0,0.2,0,0,0,0,0,0,0
1982,8,25,2.31,3.17,3.05,2.79,3.83,1.17,2.98,1.98,3.25,2.98,2.99,2.58,2.96,3,0
1982,8,26,0.38,4.77,5.57,4.74,5.81,3.13,5.3,3.7,5.55,4.75,4.89,4.22,4.71,4.84,0.31
1982,8,27,0.49,0,3.35,3.02,4.06,1.38,3.26,2.17,3.53,3.19,3.22,2.78,3.17,3.23,0
1982,8,28,13.49,0,6.64,5.58,6.68,4.08,6.25,4.52,6.53,5.51,5.67,4.91,5.44,5.59,1.01
1982,8,29,9.54,0,0,0.61,1.84,0,0,0.65,0.53,1.11,0,0.63,0.72,0.58,0
1982,8,30,4.05,4.1,5.89,5,6.07,3.41,5.59,3.94,5.85,4.98,5.12,4.43,4.93,5.07,0.48
1982,8,31,3.54,0,0,0,0.71,0,0,0.18,0,0,0,0,0,0,0
1982,9,1,3.74,0,4.61,3.99,5.34,2.46,4.25,3.04,4.7,4.13,4.26,3.49,4.11,4.21,0
1982,9,2,5.34,3.95,7.03,5.93,7.33,4.61,6.47,4.93,6.97,5.96,6.24,5.3,5.98,6.12,1.12
1982,9,3,11.85,0,0,0,0,0,0,0,0,0,0,0,0,0,0
1982,9,4,5.77,0,0,0,0,0,0,0,0,0,0,0,0,0,0
1982,9,5,2.5,0,6.39,5.41,6.8,4.01,5.88,4.39,6.36,5.47,5.72,4.81,5.49,5.62,0.56
1982,9,6,4.6,28.59,19.1,15.87,17.54,18,17.08,16.95,18.44,15.61,15.44,14.9,15.07,15.04,23.11
1982,9,7,16.73,0,0,0,1.97,0,0,0.67,0,1.05,0,0,0,0,0
1982,9,8,3.58,0,0,0,1.7,0,0,0.55,0,0.78,0,0,0,0,0
1982,9,9,7.94,0,4.68,4.05,5.39,2.52,4.31,3.09,4.76,4.18,4.31,3.54,4.16,4.27,0
1982,9,10,0,17.94,9.89,8.27,9.74,7.49,9.03,7.49,9.68,8.21,8.49,7.52,8.17,8.29,4.81
1982,9,11,7.16,35.69,16.55,13.76,15.38,14.97,14.87,14.21,16.02,13.54,13.54,12.83,13.18,13.2,17.43
1982,9,12,7.53,9.4,11.36,9.47,10.98,9.06,10.32,8.89,11.07,9.37,9.61,8.67,9.28,9.39,7.2
1982,9,13,3.29,3.11,10.2,8.52,10,7.81,9.3,7.78,9.97,8.45,8.72,7.76,8.4,8.52,5.29
1982,9,14,4.47,13.17,9.4,7.86,9.32,6.97,8.59,7.02,9.21,7.81,8.1,7.13,7.79,7.92,4.06
1982,9,15,0.39,7.28,10,8.35,9.83,7.6,9.12,7.59,9.79,8.29,8.57,7.6,8.25,8.37,4.98
1982,9,16,0,4.35,7.58,6.38,7.79,5.14,6.96,5.39,7.49,6.39,6.67,5.72,6.4,6.54,1.7
1982,9,17,0,6.17,10.07,8.41,9.89,7.67,9.18,7.65,9.85,8.34,8.62,7.65,8.3,8.42,5.08
1982,9,18,0,0,3.42,3.06,4.4,1.54,3.1,2.25,3.59,3.28,3.22,2.64,3.17,3.23,0
1982,9,19,1.52,0.1,7.82,6.57,7.99,5.37,7.17,5.6,7.71,6.57,6.86,5.9,6.58,6.72,1.96
1982,9,20,5,0,2.48,2.36,3.71,0.91,2.14,1.72,2.75,2.65,2.36,2.02,2.43,2.42,0
1982,9,21,12.64,0,2.7,2.52,3.86,1.05,2.38,1.84,2.95,2.8,2.57,2.16,2.6,2.62,0
1982,9,22,24.49,0,0,0,0,0,0,0.1,0,0,0,0,0,0,0
1982,9,23,19.22,0,0,0,0,0,0,0,0,0,0,0,0,0,0
1982,9,24,0.31,0,0,0,0,0,0,0,0,0,0,0,0,0,0
1982,9,25,15.69,0,0,0,0,0,0,0.1,0,0,0,0,0,0,0
1982,9,26,0,0,10.59,8.84,10.33,8.23,9.64,8.15,10.34,8.76,9.02,8.06,8.7,8.81,5.91
1982,9,27,0,5.05,13.1,10.9,12.45,10.98,11.85,10.62,12.73,10.76,10.94,10.05,10.59,10.67,10.38
1982,9,28,4.36,7.74,14.32,11.91,13.49,12.37,12.92,11.86,13.89,11.74,11.86,11.03,11.5,11.57,12.76
1982,9,29,0,4.42,7.6,6.39,7.81,5.16,6.98,5.41,7.51,6.4,6.69,5.73,6.42,6.55,1.71
1982,9,30,0.34,2.12,9,7.54,8.99,6.56,8.24,6.66,8.84,7.5,7.79,6.82,7.49,7.62,3.49
1982,10,1,0.23,0,2.48,2.37,3.39,1.41,2.74,2.17,2.6,2.54,2.05,1.84,2.09,2.06,0
1982,10,2,2.62,0,10.54,9.89,10.49,12.38,10.37,12.41,11.61,9.49,9.99,9.49,9.33,9.56,11.81
1982,10,3,7.2,13.24,12.71,12.06,12.5,16.15,12.47,15.93,14.2,11.54,12.29,11.87,11.43,11.78,18.27
1982,10,4,4.34,15.28,11.24,10.59,11.14,13.58,11.05,13.53,12.44,10.15,10.73,10.25,10,10.27,13.82
1982,10,5,7.62,11.95,12.26,11.61,12.08,15.34,12.02,15.17,13.65,11.1,11.8,11.37,10.98,11.31,16.85
1982,10,6,0,5.64,7.86,7.26,8.04,8.06,7.79,8.39,8.46,7.03,7.2,6.67,6.79,6.89,5.08
1982,10,7,0,0,5.21,4.76,5.67,4.34,5.27,4.93,5.47,4.7,4.56,4.1,4.38,4.38,0.65
1982,10,8,0,0,0,0.61,1.72,0.1,0.55,0.74,0.42,1.05,0.13,0.45,0.37,0.45,0
1982,10,9,0,0,0,0.2,1.38,0,0,0.53,0,0.75,0,0.2,0,0.11,0
1982,10,10,2.24,0,0,0,0.63,0,0,0.2,0,0.14,0,0,0,0,0
1982,10,11,0.1,0,2.44,2.34,3.36,1.38,2.7,2.14,2.56,2.51,2.02,1.81,2.06,2.03,0
1982,10,12,2.01,0,2.74,2.58,3.59,1.63,2.97,2.39,2.86,2.73,2.27,2.03,2.29,2.26,0
1982,10,13,0.44,0,1.09,1.34,2.4,0.48,1.54,1.25,1.35,1.64,0.96,0.98,1.1,1.1,0
1982,10,14,5.73,0.1,3.75,3.44,4.42,2.63,3.9,3.33,3.89,3.5,3.18,2.82,3.12,3.1,0
1982,10,15,5.3,0,3.9,3.58,4.54,2.79,4.04,3.48,4.05,3.62,3.32,2.95,3.24,3.22,0
1982,10,16,0.1,0,2.62,2.48,3.49,1.53,2.86,2.29,2.74,2.64,2.17,1.94,2.19,2.17,0
1982,10,17,0,0,2.76,2.59,3.6,1.65,2.98,2.4,2.87,2.74,2.29,2.04,2.3,2.28,0
1982,10,18,1.92,0,0,0,0.31,0,0,0.11,0,0,0,0,0,0,0
1982,10,19,0.1,0,0,0,0.46,0,0,0.15,0,0,0,0,0,0,0
1982,10,20,0,0,5.31,4.85,5.76,4.48,5.37,5.05,5.58,4.79,4.66,4.19,4.47,4.48,0.76
1982,10,21,0,0,7.8,7.21,7.99,7.98,7.74,8.31,8.4,6.98,7.15,6.61,6.74,6.83,4.96
1982,10,22,1.05,0,1.62,1.7,2.75,0.78,1.98,1.55,1.8,1.95,1.34,1.27,1.45,1.44,0
1982,10,23,0,0,0,0.49,1.62,0.1,0.39,0.68,0.28,0.96,0,0.38,0.26,0.35,0
1982,10,24,5.9,0,0,0.32,1.48,0,0,0.59,0,0.84,0,0.27,0.1,0.21,0
1982,10,25,9.41,0,2.63,2.49,3.5,1.54,2.87,2.3,2.75,2.65,2.18,1.95,2.2,2.18,0
1982,10,26,1.71,0,5.51,5.03,5.94,4.73,5.55,5.29,5.8,4.96,4.85,4.37,4.64,4.66,0.99
1982,10,27,0,6.41,11.33,10.68,11.22,13.73,11.13,13.67,12.55,10.23,10.82,10.35,10.09,10.36,14.08
1982,10,28,0,0.99,13.56,12.92,13.29,17.68,13.29,17.36,15.23,12.34,13.2,12.83,12.25,12.66,20.98
1982,10,29,0,0,4.82,4.4,5.33,3.85,4.9,4.48,5.04,4.38,4.19,3.74,4.04,4.03,0.3
1982,10,30,0,0.1,3.81,3.49,4.46,2.68,3.95,3.38,3.95,3.55,3.23,2.87,3.16,3.14,0
1982,10,31,0,0,0,0,0.97,0,0,0.33,0,0.41,0,0,0,0,0
1982,11,1,0.1,0,1.74,1.99,2.39,2.46,1.74,3.27,1.88,1.78,1.55,1.14,1.31,1.27,0
1982,11,2,0,3.06,15.9,19.62,17.99,51.4,15.09,52.88,22.41,15.34,13.65,13.06,13.22,13.08,21.28
1982,11,3,0.1,13.23,18.35,22.85,20.81,61.67,17.41,63.32,26.23,17.8,15.79,15.29,15.4,15.23,29.22
1982,11,4,0.57,27.81,26.8,34.16,30.7,98.65,25.43,100.9,39.57,26.41,23.18,23.1,23,22.72,58.87
1982,11,5,0,2.08,13.25,16.13,14.93,40.54,12.57,41.85,18.32,12.68,11.35,10.67,10.87,10.77,13.27
1982,11,6,0,0.22,8.17,9.64,9.22,21.25,7.78,22.36,10.7,7.7,6.97,6.24,6.49,6.43,1.5
1982,11,7,0,1.26,10.12,12.11,11.39,28.39,9.61,29.56,13.59,9.6,8.65,7.92,8.16,8.08,5.2
1982,11,8,0,0,7.39,8.67,8.36,18.52,7.04,19.62,9.56,6.96,6.31,5.58,5.83,5.78,0.53
1982,11,9,0,0,5.71,6.59,6.52,12.93,5.45,13.97,7.15,5.36,4.87,4.17,4.43,4.39,0
1982,11,10,0,0,0.56,0.8,1.25,0.65,0.65,1.23,0.59,0.82,0.61,0.39,0.5,0.46,0
1982,11,11,0,0,0,0,0.24,0,0,0.1,0,0.1,0,0,0,0,0
1982,11,12,0,0.45,7.78,9.16,8.79,19.89,7.41,20.99,10.13,7.33,6.64,5.91,6.16,6.11,0.96
1982,11,13,0.2,17.1,20.69,25.96,23.54,71.72,19.63,73.5,29.9,20.17,17.84,17.44,17.49,17.3,37.14
1982,11,14,3.97,0,6.14,7.11,6.98,14.31,5.86,15.37,7.76,5.76,5.23,4.53,4.79,4.74,0
1982,11,15,1.93,0,0,0,0.19,0,0,0.1,0,0.1,0,0,0,0,0
1982,11,16,0.17,0,0,0,0.1,0,0,0.1,0,0,0,0,0,0,0
1982,11,17,0.1,0,0,0,0.1,0,0,0.1,0,0,0,0,0,0,0
1982,11,18,0.1,0,0,0,0.1,0,0,0.1,0,0,0,0,0,0,0
1982,11,19,2.57,0,0,0.1,0.34,0.1,0,0.17,0,0.1,0,0,0,0,0
1982,11,20,5.96,0,0,0.1,0.38,0.1,0,0.2,0,0.12,0,0,0,0,0
1982,11,21,5.6,0,1.52,1.76,2.17,2.06,1.54,2.84,1.63,1.6,1.38,0.99,1.15,1.11,0
1982,11,22,5.21,0,2.77,3.12,3.42,4.66,2.7,5.58,3.16,2.67,2.4,1.87,2.08,2.04,0
1982,11,23,10.41,0,1.49,1.73,2.14,2,1.51,2.78,1.59,1.57,1.35,0.97,1.13,1.09,0
1982,11,24,0.18,0,0.98,1.2,1.65,1.18,1.03,1.87,1.02,1.15,0.94,0.64,0.77,0.73,0
1982,11,25,0,0,1.7,1.95,2.34,2.38,1.7,3.19,1.83,1.75,1.52,1.11,1.28,1.24,0
1982,11,26,0,0,0,0.1,0.36,0.1,0,0.19,0,0.11,0,0,0,0,0
1982,11,27,0,0.11,9.85,11.76,11.09,27.37,9.36,28.54,13.19,9.33,8.41,7.68,7.93,7.85,4.6
1982,11,28,0,0,0.32,0.57,1.02,0.39,0.42,0.9,0.36,0.63,0.42,0.26,0.34,0.3,0
1982,11,29,0,0,0,0,0,0,0,0,0,0,0,0,0,0,0
1982,11,30,0,0,0,0,0.1,0,0,0.1,0,0,0,0,0,0,0
1982,12,1,0,0,0.25,0.46,0.76,0.55,0.38,1.06,0.34,0.35,0.26,0.12,0.17,0.21,0
1982,12,2,0,0,2.82,3.9,4.01,9.18,2.89,10.2,3.74,2.92,2.5,1.47,1.83,1.83,0
1982,12,3,0.1,0,0,0,0,0,0,0,0,0,0,0,0,0,0
1982,12,4,0.55,0,2.2,3.05,3.24,6.74,2.32,7.77,2.9,2.3,1.97,1.15,1.44,1.45,0
1982,12,5,0.96,0,0,0,0.1,0,0,0.1,0,0,0,0,0,0,0
1982,12,6,0,0,0.68,1.03,1.33,1.62,0.83,2.35,0.87,0.78,0.64,0.35,0.46,0.5,0
1982,12,7,0,0,0.88,1.28,1.58,2.18,1.03,2.99,1.12,0.98,0.81,0.46,0.59,0.62,0
1982,12,8,0,0,0,0,0,0,0,0,0,0,0,0,0,0,0
1982,12,9,2.22,0,0,0,0,0,0,0,0,0,0,0,0,0,0
1982,12,10,3.07,0,1.11,1.58,1.87,2.9,1.26,3.75,1.42,1.21,1.01,0.58,0.74,0.77,0
1982,12,11,0,0,0.53,0.83,1.14,1.22,0.67,1.88,0.67,0.63,0.51,0.27,0.36,0.39,0
1982,12,12,0,0,0,0,0,0,0,0,0,0,0,0,0,0,0
1982,12,13,0.1,0.46,4.61,6.41,6.31,16.9,4.59,18.05,6.3,4.74,4.08,2.4,2.96,2.94,0
1982,12,14,0,1.49,3.73,5.17,5.18,13.01,3.76,14.12,5.04,3.84,3.31,1.94,2.41,2.39,0
1982,12,15,0,1.93,11.5,16.42,15.39,50.8,10.98,52.45,16.49,11.88,10.17,5.91,7.3,7.14,0.71
1982,12,16,0,1.41,16.08,23.23,21.57,74.96,15.21,76.99,23.41,16.69,14.23,8.24,10.18,9.93,7.69
1982,12,17,0,0,0.1,0.17,0.42,0.13,0.12,0.46,0.1,0.12,0.1,0.1,0.1,0.1,0
1982,12,18,0,0,0,0,0,0,0,0,0,0,0,0,0,0,0
1982,12,19,0,0,0.76,1.12,1.43,1.84,0.9,2.57,0.96,0.86,0.7,0.39,0.51,0.54,0
1982,12,20,0,0,0.22,0.43,0.72,0.48,0.35,0.99,0.3,0.32,0.24,0.11,0.16,0.19,0
1982,12,21,1.1,0,6.47,9.08,8.73,25.6,6.33,26.84,9.02,6.66,5.72,3.35,4.14,4.08,0
1982,12,22,0.13,0,0,0,0,0,0,0,0,0,0,0,0,0,0
1982,12,23,0,0,0,0,0,0,0,0,0,0,0,0,0,0,0
1982,12,24,0,0,0,0,0.1,0,0,0.1,0,0,0,0,0,0,0
1982,12,25,0,0,0,0.1,0.3,0.1,0.1,0.28,0.1,0.1,0.1,0,0,0.1,0
1982,12,26,0,0,0,0,0,0,0,0,0,0,0,0,0,0,0
1982,12,27,0,0,0,0,0,0,0,0,0,0,0,0,0,0,0
1982,12,28,0,0,0,0,0,0,0,0,0,0,0,0,0,0,0
1982,12,29,0,0,0,0,0.1,0,0,0.1,0,0,0,0,0,0,0
1982,12,30,0,0,0,0,0,0,0,0,0,0,0,0,0,0,0
1982,12,31,0,0,0,0,0,0,0,0,0,0,0,0,0,0,0
1983,1,1,0,0,0,0,0,0,0,0,0,0,0,0,0,0,0
1983,1,2,0,0,0,0,0,0,0,0,0,0,0,0,0,0,0
1983,1,3,0,0,0,0,0,0,0,0,0,0,0,0,0,0,0
1983,1,4,0,0,0,0,0,0,0,0,0,0,0,0,0,0,0
1983,1,5,0,0,0,0,0,0,0,0,0,0,0,0,0,0,0
1983,1,6,0,0,0,0,0,0,0,0,0,0,0,0,0,0,0
1983,1,7,0,0,0,0,0,0,0,0,0,0,0,0,0,0,0
1983,1,8,0,0,0,0,0,0,0,0,0,0,0,0,0,0,0
1983,1,9,0,0,0.1,0.1,0.1,0,0.1,0.1,0.1,0.1,0.1,0,0.1,0.1,0
1983,1,10,0,0,0.1,0.12,0.18,0.1,0.1,0.16,0.11,0.16,0.1,0.1,0.1,0.1,0
1983,1,11,0.29,0,0,0,0,0,0,0,0,0,0,0,0,0,0
1983,1,12,0,0,0.43,0.56,0.64,0.78,0.46,1.11,0.59,0.54,0.45,0.28,0.37,0.36,0
1983,1,13,0,0,0.19,0.27,0.34,0.22,0.22,0.44,0.27,0.3,0.23,0.11,0.18,0.17,0
1983,1,14,0,0,1.46,1.84,1.86,4.5,1.46,4.82,2.08,1.5,1.36,1.01,1.14,1.15,0
1983,1,15,0,0,0,0,0,0,0,0,0,0,0,0,0,0,0
1983,1,16,0,0.1,3.1,3.9,3.81,12.08,3.04,11.94,4.54,3,2.78,2.19,2.32,2.38,0
1983,1,17,0.1,0,3.07,3.87,3.78,11.94,3.01,11.81,4.5,2.97,2.75,2.17,2.3,2.36,0
1983,1,18,0.31,0,0.1,0.1,0.11,0.1,0.1,0.1,0.1,0.1,0.1,0.1,0.1,0.1,0
1983,1,19,0.1,0,1.26,1.59,1.62,3.67,1.27,4.02,1.78,1.32,1.19,0.87,0.99,1,0
1983,1,20,0,0,1.23,1.56,1.59,3.56,1.24,3.92,1.74,1.29,1.17,0.85,0.98,0.98,0
1983,1,21,0,0,0,0,0,0,0,0,0,0,0,0,0,0,0
1983,1,22,0,0,0,0,0,0,0,0,0,0,0,0,0,0,0
1983,1,23,2.1,0,0.94,1.2,1.25,2.46,0.96,2.84,1.32,1.03,0.91,0.65,0.76,0.76,0
1983,1,24,0.12,1.5,3.92,4.94,4.78,16.14,3.83,15.71,5.8,3.74,3.48,2.77,2.91,2.98,0
1983,1,25,0,0,0,0,0,0,0,0,0,0,0,0,0,0,0
1983,1,26,0,0,0,0,0,0,0,0,0,0,0,0,0,0,0
1983,1,27,0,0,0.37,0.48,0.55,0.58,0.39,0.89,0.5,0.47,0.39,0.23,0.32,0.31,0
1983,1,28,0,0,0.1,0.1,0.15,0.1,0.1,0.12,0.1,0.14,0.1,0.1,0.1,0.1,0
1983,1,29,0,0.63,2.29,2.89,2.85,8.21,2.27,8.33,3.32,2.27,2.09,1.61,1.75,1.78,0
1983,1,30,0,1.69,4.63,5.84,5.62,19.73,4.51,19.04,6.88,4.37,4.07,3.27,3.41,3.5,0.8
1983,1,31,0,0,3.71,4.67,4.53,15.07,3.63,14.72,5.47,3.55,3.29,2.62,2.76,2.83,0
1983,2,1,0,1.16,3.15,4.67,4.97,9.66,3.6,10.35,4.51,3.81,3.47,3.14,3.2,3.23,0.58
1983,2,2,0.11,0,1.01,1.35,1.52,1.45,1.11,2.03,1.34,1.22,1.06,0.89,0.95,0.96,0
1983,2,3,0,0,0.59,0.74,0.87,0.46,0.63,0.86,0.75,0.72,0.6,0.47,0.53,0.53,0
1983,2,4,0,0,0,0,0,0,0,0,0,0,0,0,0,0,0
1983,2,5,0,0,0,0,0,0,0,0,0,0,0,0,0,0,0
1983,2,6,0,0,0,0.1,0.1,0,0,0,0.1,0.1,0,0,0,0,0
1983,2,7,0,0,0,0,0,0,0,0,0,0,0,0,0,0,0
1983,2,8,0,0,0.3,0.38,0.47,0.1,0.32,0.28,0.39,0.39,0.3,0.22,0.26,0.25,0
1983,2,9,0,0,0.15,0.18,0.25,0.1,0.15,0.1,0.19,0.21,0.14,0.1,0.12,0.11,0
1983,2,10,0,0,0,0,0,0,0,0,0,0,0,0,0,0,0
1983,2,11,0.1,0,1.07,1.44,1.61,1.59,1.18,2.2,1.43,1.28,1.12,0.95,1.01,1.01,0
1983,2,12,0,0,0.21,0.25,0.33,0.1,0.22,0.16,0.26,0.28,0.2,0.13,0.17,0.16,0
1983,2,13,0.1,0,0.17,0.21,0.28,0.1,0.17,0.11,0.22,0.24,0.16,0.1,0.13,0.13,0
1983,2,14,0,0,0.61,0.78,0.91,0.5,0.66,0.91,0.78,0.74,0.62,0.5,0.55,0.55,0
1983,2,15,0,0,0.1,0.1,0.1,0,0.1,0.1,0.1,0.1,0.1,0.1,0.1,0.1,0
1983,2,16,0.1,0,0,0.1,0.1,0,0,0,0.1,0.1,0,0,0,0,0
1983,2,17,0,0,0.42,0.52,0.63,0.21,0.45,0.5,0.53,0.52,0.42,0.32,0.37,0.36,0
1983,2,18,0,0,0.26,0.31,0.4,0.1,0.27,0.22,0.32,0.34,0.25,0.18,0.22,0.21,0
1983,2,19,0.1,0,1.59,2.21,2.42,3.29,1.78,3.99,2.17,1.9,1.7,1.48,1.55,1.56,0
1983,2,20,0,5.16,1.83,2.58,2.8,4.16,2.06,4.89,2.52,2.19,1.97,1.73,1.8,1.81,0
1983,2,21,0,0,1.28,1.76,1.94,2.24,1.42,2.9,1.73,1.54,1.36,1.16,1.23,1.23,0
1983,2,22,0.63,0,1.93,2.74,2.97,4.54,2.17,5.27,2.67,2.31,2.08,1.83,1.9,1.92,0
1983,2,23,1.54,0,0,0,0,0,0,0,0,0,0,0,0,0,0
1983,2,24,3.7,0,0,0,0,0,0,0,0,0,0,0,0,0,0
1983,2,25,4.68,0,0,0,0,0,0,0,0,0,0,0,0,0,0
1983,2,26,3.26,0,0,0,0,0,0,0,0,0,0,0,0,0,0
1983,2,27,1.62,0,0,0,0,0,0,0,0,0,0,0,0,0,0
1983,2,28,4.11,0,0.87,1.15,1.3,1.07,0.95,1.61,1.15,1.05,0.91,0.75,0.81,0.81,0
1983,3,1,6.18,0,2.53,2.44,2.65,3.11,2.26,3.46,2.9,2.35,2.25,2.34,2.27,2.29,0
1983,3,2,0.19,0,1.63,1.6,1.77,1.69,1.47,2.13,1.84,1.63,1.49,1.45,1.46,1.46,0
1983,3,3,0.1,0,0.18,0.24,0.32,0.1,0.18,0.25,0.23,0.36,0.24,0.16,0.21,0.19,0
1983,3,4,0,0,0,0,0,0,0,0.1,0,0.1,0,0,0,0,0
1983,3,5,0,0,0,0.1,0.1,0,0,0.1,0.1,0.1,0.1,0.1,0.1,0.1,0
1983,3,6,0.1,0,0,0,0,0,0,0,0,0,0,0,0,0,0
1983,3,7,0,0,0,0,0,0,0,0.1,0,0.1,0,0,0,0,0
1983,3,8,0.1,0,2.36,2.29,2.5,2.82,2.12,3.24,2.71,2.24,2.12,2.18,2.13,2.14,0
1983,3,9,0,0,2.06,1.98,2.16,2.35,1.85,2.73,2.32,1.97,1.83,1.86,1.83,1.84,0
1983,3,10,0,0,3.86,3.71,4,5.48,3.41,5.7,4.52,3.48,3.39,3.71,3.5,3.53,0
1983,3,11,0,0,0.1,0.16,0.24,0.1,0.1,0.19,0.14,0.29,0.16,0.1,0.14,0.12,0
1983,3,12,0,0,0.76,0.77,0.87,0.55,0.71,0.87,0.84,0.87,0.73,0.63,0.68,0.68,0
1983,3,13,0.1,0,0,0,0,0,0,0,0,0,0,0,0,0,0
1983,3,14,0,0,0,0,0,0,0,0,0,0,0,0,0,0,0
1983,3,15,13.52,0,0,0,0,0,0,0,0,0,0,0,0,0,0
1983,3,16,0,0,0,0,0,0,0,0,0,0,0,0,0,0,0
1983,3,17,0,0,0,0,0,0,0,0,0,0,0,0,0,0,0
1983,3,18,0,0,0,0,0,0,0,0,0,0,0,0,0,0,0
1983,3,19,0,0,0,0,0,0,0,0,0,0,0,0,0,0,0
1983,3,20,0,0,0,0,0,0,0,0.1,0,0.1,0,0,0,0,0
1983,3,21,0,0.69,0.44,0.45,0.56,0.25,0.42,0.52,0.47,0.6,0.44,0.35,0.39,0.39,0
1983,3,22,0,0,2.11,2.03,2.22,2.44,1.89,2.83,2.38,2.02,1.87,1.91,1.87,1.89,0
1983,3,23,0,0,0,0,0,0,0,0,0,0,0,0,0,0,0
1983,3,24,0,0,0,0,0,0,0,0,0,0,0,0,0,0,0
1983,3,25,0,0,0,0,0,0,0,0,0,0,0,0,0,0,0
1983,3,26,0,0,0,0,0,0,0,0,0,0,0,0,0,0,0
1983,3,27,0.1,0,0,0,0,0,0,0,0,0,0,0,0,0,0
1983,3,28,0,0,0,0.1,0.1,0,0,0.1,0.1,0.1,0.1,0.1,0.1,0.1,0
1983,3,29,0,0,0,0,0,0,0,0,0,0,0,0,0,0,0
1983,3,30,0,0,0,0,0,0,0,0,0,0,0,0,0,0,0
1983,3,31,0,0,0,0,0.1,0,0,0.1,0,0.1,0.1,0,0.1,0,0
1983,4,1,0,0,2.29,2.02,2.61,1.58,2.16,2.37,2.29,2.12,2,1.69,1.81,1.88,0
1983,4,2,0,0,0,0,0,0,0,0.1,0,0,0,0,0,0,0
1983,4,3,1.15,29.66,10.73,9.58,10.76,12.99,10.1,12.97,10.45,8.78,8.37,8.27,8.31,8.56,9.95
1983,4,4,0.36,40.97,37.41,33.65,35.96,56.74,35.22,49.76,36,29.38,27.83,29.35,28.74,29.48,97.65
1983,4,5,0,74.93,26.41,24.01,25.79,38.03,24.78,35.14,25.9,21.09,19.96,20.7,20.48,21.18,62.95
1983,4,6,0,24.5,19.57,17.6,19.3,26.91,18.36,25.29,18.96,15.77,14.9,15.24,15.1,15.5,38.68
1983,4,7,0,13.77,8.66,7.73,8.8,10.01,8.15,10.27,8.46,7.18,6.84,6.65,6.73,6.93,4.6
1983,4,8,0,0,0,0.1,0.1,0,0,0.1,0,0.1,0.1,0,0,0,0
1983,4,9,0,0,0.55,0.6,0.93,0.1,0.51,0.64,0.68,0.76,0.68,0.48,0.53,0.56,0
1983,4,10,0.56,0,0,0.1,0.22,0,0,0.17,0.1,0.18,0.1,0.1,0.1,0.1,0
1983,4,11,0,0,0,0,0,0,0,0,0,0,0,0,0,0,0
1983,4,12,32.61,0,0.14,0.32,0.62,0.1,0.13,0.43,0.33,0.5,0.4,0.22,0.26,0.28,0
1983,4,13,14.44,0,0.6,0.64,0.97,0.13,0.57,0.66,0.73,0.79,0.72,0.51,0.57,0.6,0
1983,4,14,1.53,0,0.92,0.87,1.25,0.37,0.87,0.98,1,1.01,0.94,0.71,0.79,0.83,0
1983,4,15,9.58,8.92,2.19,1.93,2.48,1.47,2.06,2.24,2.2,2.02,1.91,1.63,1.74,1.8,0
1983,4,16,11.86,0,0,0.1,0.1,0,0,0.1,0.1,0.1,0.1,0.1,0.1,0.1,0
1983,4,17,7.04,3.57,5.69,5.07,5.91,5.68,5.36,6.37,5.6,4.82,4.61,4.34,4.45,4.59,0
1983,4,18,12.46,0.35,0.98,0.92,1.32,0.41,0.92,1.05,1.06,1.07,0.98,0.75,0.83,0.87,0
1983,4,19,2.33,1.72,2.51,2.28,2.87,1.81,2.36,2.65,2.56,2.34,2.22,1.91,2.02,2.1,0
1983,4,20,3.82,0,1.02,0.94,1.36,0.44,0.96,1.09,1.09,1.11,1,0.77,0.85,0.89,0
1983,4,21,9.09,0,1.1,1.01,1.46,0.5,1.03,1.17,1.16,1.19,1.08,0.82,0.91,0.95,0
1983,4,22,11.31,0,1.55,1.45,1.91,0.79,1.46,1.58,1.64,1.56,1.47,1.2,1.29,1.35,0
1983,4,23,0.42,0,0,0.1,0.1,0,0,0.1,0.1,0.1,0.1,0.1,0.1,0.1,0
1983,4,24,0.1,0,1.61,1.49,1.96,0.85,1.51,1.62,1.69,1.59,1.51,1.23,1.33,1.39,0
1983,4,25,6.91,0,1.8,1.64,2.11,1.06,1.7,1.76,1.86,1.72,1.64,1.36,1.46,1.52,0
1983,4,26,23.42,0,1.73,1.58,2.05,0.98,1.63,1.7,1.79,1.67,1.59,1.31,1.41,1.47,0
1983,4,27,5.49,0.1,4.18,3.73,4.45,3.69,3.94,4.51,4.15,3.62,3.47,3.17,3.29,3.4,0
1983,4,28,3.39,0,3.21,2.84,3.45,2.57,3.03,3.29,3.2,2.81,2.71,2.41,2.53,2.62,0
1983,4,29,2.4,3.52,2.53,2.3,2.89,1.83,2.38,2.68,2.58,2.36,2.24,1.93,2.04,2.12,0
1983,4,30,4.54,15.01,13.08,11.67,12.94,16.64,12.31,16.01,12.68,10.57,10.07,10.09,10.09,10.38,16.99
1983,5,1,0,17.84,14.9,14.73,14.01,16.05,13.75,14.97,14.82,13.23,13.75,12,12.33,13.26,14.9
1983,5,2,0,23.7,7.22,6.79,7.13,5.96,6.93,6.17,7.25,6.41,6.68,5.65,6.05,6.42,0.94
1983,5,3,0,0,0,0,0,0,0,0,0,0,0,0,0,0,0
1983,5,4,0,1.4,6.84,6.44,6.81,5.51,6.58,5.76,6.9,6.08,6.35,5.36,5.76,6.09,0.58
1983,5,5,0,10.2,10.5,10.13,10.06,10.06,9.86,9.73,10.47,9.27,9.69,8.33,8.73,9.33,5.8
1983,5,6,0,32.97,19.09,19.12,17.69,22.1,17.43,20.2,18.93,16.96,17.61,15.49,15.75,17,24.69
1983,5,7,0,15.13,10.56,10.19,10.11,10.14,9.92,9.81,10.54,9.33,9.75,8.38,8.78,9.38,5.91
1983,5,8,0.12,17.68,15.05,14.88,14.13,16.27,13.88,15.13,14.96,13.36,13.89,12.12,12.45,13.39,15.21
1983,5,9,0,0,8,7.6,7.84,6.9,7.63,6.97,8.04,7.09,7.41,6.3,6.7,7.12,1.87
1983,5,10,0,0,0,0,0,0,0,0.1,0,0,0,0,0,0,0
1983,5,11,0,0,6.06,5.66,6.11,4.62,5.88,5,6.12,5.42,5.63,4.72,5.11,5.39,0.1
1983,5,12,0,0,9.95,9.57,9.58,9.33,9.37,9.13,9.93,8.81,9.17,7.87,8.27,8.82,4.84
1983,5,13,1.21,0,0,0,0,0,0,0,0,0,0,0,0,0,0
1983,5,14,0,0,0,0.12,0.61,0,0,0.35,0,0.44,0,0,0,0,0
1983,5,15,11.75,0,0,0,0.48,0,0,0.27,0,0.32,0,0,0,0,0
1983,5,16,15.81,0,0,0,0,0,0,0.1,0,0,0,0,0,0,0
1983,5,17,10.83,0,4.5,4.19,4.73,2.98,4.46,3.54,4.64,4.1,4.23,3.51,3.87,4.05,0
1983,5,18,10.03,0,1.34,1.48,2.06,0.42,1.5,1.19,1.7,1.67,1.45,1.19,1.42,1.37,0
1983,5,19,11.57,0,0,0,0,0,0,0.1,0,0,0,0,0,0,0
1983,5,20,2.01,0,0,0,0.53,0,0,0.3,0,0.37,0,0,0,0,0
1983,5,21,1.41,0,0,0,0,0,0,0,0,0,0,0,0,0,0
1983,5,22,0,0,0,0.48,0.99,0,0,0.56,0.53,0.76,0.34,0.29,0.44,0.3,0
1983,5,23,2.44,0,0,0.15,0.64,0,0,0.37,0,0.47,0,0,0,0,0
1983,5,24,0.81,0,1.62,1.7,2.29,0.61,1.77,1.37,1.95,1.87,1.7,1.38,1.63,1.61,0
1983,5,25,1.12,0.1,7.04,6.62,6.97,5.74,6.76,5.98,7.08,6.24,6.52,5.51,5.91,6.26,0.77
1983,5,26,1.99,0,3.37,3.15,3.75,1.92,3.42,2.59,3.56,3.19,3.22,2.64,2.98,3.07,0
1983,5,27,5.86,0,1.89,1.9,2.51,0.79,2.02,1.54,2.19,2.06,1.92,1.57,1.83,1.82,0
1983,5,28,0.1,1.03,8.69,8.28,8.45,7.73,8.24,7.73,8.68,7.7,8.01,6.83,7.24,7.7,2.78
1983,5,29,6.72,0,3,2.83,3.44,1.6,3.07,2.29,3.22,2.9,2.89,2.37,2.69,2.76,0
1983,5,30,14.29,0,0,0,0,0,0,0.1,0,0,0,0,0,0,0
1983,5,31,3.35,0,0,0,0,0,0,0.1,0,0,0,0,0,0,0
1983,6,1,2.57,0,0,0,0.53,0,0,0.33,0,0.65,0,0,0,0,0
1983,6,2,0,0,0.83,1.02,1.54,0.1,1.07,0.8,1.01,1.45,0.93,0.98,1.18,1.03,0
1983,6,3,4.97,0,5.01,4.6,5.41,3.15,4.84,3.6,4.97,4.48,4.57,3.97,4.29,4.39,0.21
1983,6,4,16.92,0,0,0,0.57,0,0,0.35,0,0.68,0,0,0,0,0
1983,6,5,2.82,1.22,4.84,4.45,5.25,2.99,4.69,3.47,4.81,4.35,4.42,3.85,4.17,4.25,0.12
1983,6,6,1.49,0,2.03,1.99,2.55,0.7,2.2,1.41,2.13,2.25,1.98,1.81,2.08,2.01,0
1983,6,7,0,1.52,3.66,3.4,4.09,1.93,3.67,2.52,3.67,3.45,3.4,2.99,3.3,3.32,0
1983,6,8,0,0,0,0.47,0.98,0,0,0.52,0.38,1.01,0,0.5,0.64,0.46,0
1983,6,9,3.02,0,0,0,0.28,0,0,0.23,0,0.44,0,0,0,0,0
1983,6,10,0,0,0,0,0,0,0,0.1,0,0,0,0,0,0,0
1983,6,11,1.38,0,1.41,1.48,2.01,0.34,1.63,1.07,1.55,1.82,1.44,1.38,1.62,1.51,0
1983,6,12,0,0.23,7.29,6.65,7.7,5.44,6.77,5.63,7.15,6.25,6.53,5.63,5.94,6.15,2.65
1983,6,13,9.78,0.26,3.03,2.85,3.48,1.41,3.11,2.06,3.07,2.98,2.85,2.53,2.83,2.82,0
1983,6,14,0,0,1.43,1.5,2.03,0.35,1.65,1.08,1.57,1.84,1.46,1.4,1.64,1.53,0
1983,6,15,0,0,1.3,1.4,1.93,0.29,1.53,1.02,1.45,1.75,1.35,1.31,1.54,1.43,0
1983,6,16,0,0,1.26,1.36,1.89,0.26,1.48,1,1.41,1.73,1.31,1.28,1.51,1.39,0
1983,6,17,8.72,5.05,10.5,9.56,10.97,9,9.44,8.76,10.24,8.75,9.27,7.97,8.23,8.61,8.22
1983,6,18,3.67,16.27,10.12,9.21,10.58,8.56,9.13,8.37,9.86,8.46,8.94,7.69,7.96,8.32,7.47
1983,6,19,0,0,2.76,2.62,3.23,1.21,2.87,1.88,2.82,2.78,2.62,2.34,2.63,2.6,0
1983,6,20,14.76,0,2.53,2.42,3.02,1.04,2.66,1.73,2.6,2.61,2.42,2.17,2.46,2.42,0
1983,6,21,3.38,0,3.56,3.31,3.99,1.85,3.58,2.45,3.58,3.37,3.31,2.91,3.22,3.24,0
1983,6,22,7.25,13.59,7.63,6.95,8.04,5.8,7.06,5.95,7.48,6.51,6.82,5.88,6.18,6.41,3.15
1983,6,23,6.44,4.6,6.78,6.18,7.18,4.9,6.34,5.16,6.66,5.84,6.09,5.25,5.57,5.76,1.94
1983,6,24,10.57,2.55,6.19,5.65,6.59,4.3,5.85,4.63,6.1,5.39,5.58,4.83,5.15,5.31,1.23
1983,6,25,4.58,0,7.88,7.18,8.3,6.07,7.27,6.19,7.72,6.71,7.03,6.06,6.37,6.61,3.54
1983,6,26,2.55,0,0,0,0,0,0,0.15,0,0.28,0,0,0,0,0
1983,6,27,0,0,1.23,1.34,1.86,0.25,1.45,0.98,1.38,1.71,1.28,1.26,1.48,1.36,0
1983,6,28,2.22,12.7,13.04,11.87,13.59,11.98,11.53,11.39,12.67,10.75,11.43,9.81,10.02,10.53,13.53
1983,6,29,5.68,27.71,17.83,16.26,18.55,17.86,15.41,16.56,17.26,14.51,15.48,13.29,13.35,14.12,24.77
1983,6,30,12.64,6.96,11.08,10.08,11.57,9.67,9.92,9.35,10.79,9.21,9.76,8.39,8.64,9.05,9.38
1983,7,1,0,5.96,6.38,5.36,6.07,3.91,5.79,4.38,5.94,5.03,5.24,4.7,4.98,5.02,0.89
1983,7,2,0,22.76,13.58,10.87,11.26,11.07,11.35,10.59,12.18,9.65,10.08,9.29,9.49,9.52,9.8
1983,7,3,0,31.03,20.11,15.83,15.87,18.22,16.21,16.78,17.81,13.75,14.33,13.4,13.45,13.43,20.37
1983,7,4,0,0,6.3,5.3,6.02,3.84,5.73,4.32,5.87,4.98,5.18,4.65,4.93,4.97,0.83
1983,7,5,0.31,0.5,4.95,4.25,5.02,2.67,4.63,3.29,4.68,4.09,4.23,3.78,4.05,4.08,0.1
1983,7,6,0,11.71,9.48,7.74,8.32,6.85,8.23,6.94,8.64,7.03,7.36,6.68,6.96,7,4.13
1983,7,7,0,2.32,6.68,5.59,6.29,4.18,6.03,4.62,6.2,5.22,5.44,4.89,5.18,5.22,1.14
1983,7,8,0,0,0.6,0.93,1.97,0,0.66,0.76,0.89,1.28,0.92,1.03,1.03,0.92,0
1983,7,9,0,0,0,0,0,0,0,0,0,0,0,0,0,0,0
1983,7,10,0,0,2.69,2.51,3.38,0.97,2.7,1.78,2.71,2.6,2.58,2.32,2.52,2.52,0
1983,7,11,0,14.85,14.45,11.53,11.88,12.01,12.01,11.4,12.94,10.19,10.66,9.84,10.03,10.05,11.13
1983,7,12,13.11,29.46,18.52,14.62,14.75,16.45,15.04,15.25,16.44,12.76,13.31,12.4,12.49,12.49,17.68
1983,7,13,5.99,5.75,9.51,7.76,8.34,6.88,8.25,6.96,8.66,7.05,7.37,6.7,6.97,7.01,4.16
1983,7,14,0,0.99,14.03,11.21,11.57,11.55,11.69,11.01,12.58,9.92,10.38,9.57,9.77,9.79,10.48
1983,7,15,0,7.26,16.89,13.39,13.6,14.65,13.83,13.69,15.04,11.73,12.25,11.38,11.51,11.51,15.01
1983,7,16,0,14.64,10.15,8.25,8.8,7.52,8.74,7.52,9.21,7.46,7.8,7.11,7.37,7.41,4.97
1983,7,17,0,4.77,7.94,6.56,7.21,5.35,7.03,5.64,7.3,6.04,6.31,5.7,5.98,6.02,2.35
1983,7,18,0,0,0,0,0.83,0,0,0.22,0,0,0,0,0,0,0
1983,7,19,0,0,0,0,0.95,0,0,0.27,0,0,0,0,0,0,0
1983,7,20,15.1,0,5.51,4.69,5.44,3.15,5.09,3.71,5.18,4.46,4.63,4.14,4.42,4.46,0.31
1983,7,21,11.73,1.67,4.24,3.7,4.51,2.09,4.04,2.78,4.06,3.62,3.72,3.32,3.58,3.6,0
1983,7,22,0,4.33,7.26,6.04,6.71,4.72,6.49,5.08,6.71,5.6,5.85,5.26,5.55,5.59,1.67
1983,7,23,1.38,32.22,22.72,17.81,17.7,21.18,18.12,19.34,20.06,15.38,16.01,15.04,15.01,14.97,24.89
1983,7,24,5.48,6.49,11.28,9.11,9.61,8.66,9.61,8.51,10.19,8.18,8.56,7.83,8.07,8.11,6.48
1983,7,25,6.78,3.97,10.3,8.36,8.91,7.67,8.86,7.65,9.34,7.55,7.9,7.2,7.46,7.5,5.17
1983,7,26,11.78,8.41,16.6,13.17,13.4,14.33,13.61,13.42,14.79,11.55,12.06,11.19,11.33,11.34,14.52
1983,7,27,22.74,10.17,13.16,10.55,10.96,10.63,11.04,10.22,11.82,9.38,9.81,9.02,9.24,9.26,9.18
1983,7,28,12.22,21.4,18.8,14.84,14.95,16.76,15.24,15.52,16.69,12.93,13.49,12.58,12.66,12.65,18.15
1983,7,29,25.15,8.02,13.42,10.74,11.15,10.9,11.23,10.45,12.04,9.54,9.98,9.18,9.39,9.42,9.56
1983,7,30,19.94,0,0,0,0,0,0,0,0,0,0,0,0,0,0
1983,7,31,4.21,0,3.44,3.08,3.92,1.49,3.36,2.24,3.36,3.1,3.14,2.8,3.04,3.05,0
1983,8,1,0,3.69,15.03,12.17,13.46,12.51,13.48,11.93,14.06,11.47,11.49,10.17,10.86,11.22,11.92
1983,8,2,0,5.12,10.67,8.75,9.93,7.95,9.76,7.92,10.16,8.38,8.51,7.46,8.08,8.34,5.45
1983,8,3,3.63,0,4.48,3.89,4.95,2.23,4.31,2.91,4.56,3.98,4.08,3.52,3.96,4.06,0
1983,8,4,1.53,0,0,0,0,0,0,0.1,0,0,0,0,0,0,0
1983,8,5,0,0.53,1.45,1.58,2.67,0.22,1.35,1.14,1.78,1.91,1.68,1.53,1.79,1.75,0
1983,8,6,1.88,0,0,0.36,1.64,0,0,0.54,0,0.89,0,0.39,0,0,0
1983,8,7,0,0.41,2.97,2.72,3.77,1.11,2.9,1.93,3.18,2.92,2.92,2.53,2.9,2.94,0
1983,8,8,0,10.3,9.94,8.17,9.34,7.22,9.13,7.27,9.5,7.86,8,7,7.61,7.85,4.5
1983,8,9,0,0,10.21,8.39,9.56,7.49,9.37,7.51,9.75,8.05,8.19,7.17,7.78,8.03,4.84
1983,8,10,0.31,9.16,18.96,15.26,16.63,16.81,16.79,15.72,17.56,14.25,14.12,12.59,13.31,13.76,18.53
1983,8,11,11.08,2.85,9.45,7.79,8.95,6.74,8.71,6.85,9.07,7.51,7.66,6.69,7.29,7.52,3.9
1983,8,12,8.81,18.59,11.6,9.48,10.69,8.9,10.57,8.76,11,9.04,9.15,8.04,8.68,8.97,6.73
1983,8,13,0,13.41,11.5,9.4,10.61,8.8,10.48,8.66,10.91,8.97,9.08,7.98,8.61,8.9,6.59
1983,8,14,0,0,0,0,1.2,0,0,0.35,0,0.44,0,0,0,0,0
1983,8,15,14.69,0,5.12,4.39,5.45,2.75,4.89,3.37,5.14,4.43,4.56,3.93,4.4,4.52,0.11
1983,8,16,0,0,3.38,3.04,4.08,1.4,3.29,2.18,3.55,3.21,3.24,2.8,3.19,3.25,0
1983,8,17,2.8,0,0,0,0,0,0,0.1,0,0,0,0,0,0,0
1983,8,18,5.7,0,12.67,10.32,11.55,10.01,11.48,9.73,11.96,9.8,9.89,8.71,9.36,9.68,8.28
1983,8,19,5.82,41.72,25.36,20.28,21.78,24.05,22.13,22.12,23.22,18.76,18.34,16.5,17.25,17.84,30.22
1983,8,20,4.29,0,1.84,1.87,2.93,0.42,1.78,1.32,2.14,2.17,2.02,1.79,2.08,2.07,0
1983,8,21,0,1.1,4,3.52,4.57,1.86,3.87,2.58,4.12,3.64,3.72,3.2,3.63,3.71,0
1983,8,22,0,0,0.89,1.2,2.32,0.1,0.75,0.92,1.29,1.59,1.2,1.19,1.39,1.29,0
1983,8,23,21.81,0,4.67,4.05,5.1,2.39,4.49,3.05,4.74,4.12,4.23,3.64,4.1,4.2,0.1
1983,8,24,4.23,0,2.5,2.36,3.41,0.8,2.44,1.66,2.74,2.6,2.55,2.22,2.56,2.58,0
1983,8,25,3.29,0,0,0.35,1.63,0,0,0.54,0,0.88,0,0.38,0,0,0
1983,8,26,29.74,0.24,1.17,1.39,2.49,0.1,1.05,1.02,1.54,1.75,1.45,1.36,1.59,1.53,0
1983,8,27,13.43,2.41,6.18,5.22,6.3,3.66,5.84,4.16,6.11,5.18,5.33,4.61,5.12,5.27,0.67
1983,8,28,3.45,1.09,11.33,9.27,10.47,8.62,10.33,8.51,10.76,8.85,8.97,7.87,8.51,8.79,6.35
1983,8,29,3.15,0.3,6.69,5.62,6.72,4.12,6.3,4.56,6.57,5.55,5.7,4.94,5.47,5.63,1.05
1983,8,30,0,5.62,7.86,6.55,7.66,5.21,7.33,5.51,7.64,6.38,6.54,5.69,6.25,6.44,2.12
1983,8,31,0,3.72,7.79,6.48,7.6,5.13,7.26,5.45,7.57,6.33,6.49,5.64,6.2,6.39,2.04
1983,9,1,0,3.92,7.73,6.5,7.92,5.29,7.1,5.52,7.63,6.5,6.79,5.83,6.52,6.65,1.87
1983,9,2,0,27.44,13.62,11.33,12.9,11.58,12.31,11.15,13.23,11.18,11.34,10.48,10.98,11.06,11.39
1983,9,3,5.72,15.42,12.61,10.5,12.04,10.44,11.42,10.13,12.26,10.37,10.57,9.67,10.22,10.31,9.46
1983,9,4,0,6.59,9.58,8.01,9.48,7.16,8.75,7.19,9.38,7.96,8.24,7.27,7.93,8.06,4.33
1983,9,5,0,29.33,14.15,11.77,13.35,12.18,12.78,11.7,13.73,11.61,11.74,10.9,11.38,11.45,12.44
1983,9,6,0,0,7.63,6.42,7.83,5.19,7.01,5.44,7.54,6.43,6.71,5.76,6.44,6.58,1.75
1983,9,7,0,17.32,16.85,14.01,15.64,15.32,15.13,14.53,16.3,13.79,13.77,13.08,13.4,13.42,18.09
1983,9,8,0,23.63,18.25,15.16,16.82,16.98,16.34,16.03,17.63,14.92,14.81,14.21,14.44,14.43,21.18
1983,9,9,0,13.77,9.44,7.89,9.36,7.01,8.62,7.06,9.25,7.84,8.13,7.16,7.82,7.95,4.12
1983,9,10,9.83,7.55,6.51,5.51,6.9,4.12,5.99,4.49,6.48,5.56,5.82,4.9,5.58,5.71,0.65
1983,9,11,35.17,10.06,7.07,5.96,7.36,4.64,6.5,4.95,7,5.99,6.26,5.32,6.01,6.14,1.15
1983,9,12,0,6.01,9.18,7.68,9.14,6.74,8.39,6.82,9,7.64,7.93,6.96,7.62,7.75,3.74
1983,9,13,0,16.05,17.44,14.49,16.13,16.02,15.64,15.16,16.86,14.26,14.21,13.55,13.84,13.84,19.37
1983,9,14,2.18,11.91,13.23,11.01,12.57,11.13,11.97,10.76,12.86,10.87,11.04,10.16,10.69,10.77,10.64
1983,9,15,2.07,5.77,8.32,6.98,8.41,5.87,7.62,6.04,8.19,6.96,7.26,6.29,6.97,7.1,2.58
1983,9,16,25.69,12.67,6.62,5.59,6.98,4.22,6.09,4.58,6.58,5.64,5.9,4.98,5.66,5.79,0.74
1983,9,17,13.24,27.66,12.49,10.4,11.94,10.3,11.31,10,12.15,10.27,10.48,9.57,10.13,10.22,9.23
1983,9,18,30.6,10.47,6.48,5.48,6.87,4.09,5.97,4.47,6.45,5.54,5.79,4.88,5.55,5.69,0.63
1983,9,19,6.3,0,7.02,5.92,7.32,4.6,6.45,4.91,6.96,5.95,6.22,5.29,5.97,6.1,1.11
1983,9,20,8.44,0.32,8.52,7.14,8.58,6.07,7.8,6.22,8.38,7.12,7.41,6.44,7.12,7.25,2.83
1983,9,21,33,0.76,8.43,7.06,8.5,5.98,7.72,6.14,8.29,7.05,7.34,6.37,7.05,7.18,2.72
1983,9,22,1.72,0,5.17,4.44,5.79,2.93,4.77,3.44,5.22,4.55,4.72,3.9,4.54,4.66,0
1983,9,23,13.56,0,6.6,5.58,6.97,4.2,6.08,4.57,6.56,5.63,5.89,4.97,5.65,5.78,0.73
1983,9,24,21.57,3.23,7.92,6.65,8.08,5.47,7.27,5.69,7.81,6.65,6.94,5.98,6.66,6.8,2.08
1983,9,25,36.75,2.31,7.7,6.47,7.89,5.25,7.07,5.49,7.6,6.48,6.77,5.81,6.49,6.63,1.83
1983,9,26,10.4,0,5.2,4.46,5.81,2.95,4.79,3.47,5.25,4.57,4.75,3.92,4.56,4.68,0
1983,9,27,5.75,0,8.68,7.27,8.72,6.24,7.95,6.37,8.53,7.25,7.54,6.57,7.25,7.38,3.05
1983,9,28,0,0,3.83,3.38,4.71,1.84,3.5,2.51,3.97,3.57,3.59,2.93,3.49,3.57,0
1983,9,29,1.92,0,3.86,3.4,4.74,1.86,3.53,2.53,4,3.59,3.61,2.95,3.52,3.59,0
1983,9,30,17.73,0.43,7.27,6.13,7.53,4.84,6.68,5.13,7.2,6.15,6.43,5.48,6.17,6.3,1.36
1983,10,1,11.43,0.14,7.34,6.76,7.57,7.29,7.3,7.67,7.86,6.56,6.68,6.14,6.31,6.38,4
1983,10,2,8.1,4.27,11.39,10.74,11.28,13.84,11.19,13.77,12.62,10.29,10.88,10.41,10.15,10.42,14.25
1983,10,3,1.57,0,4.35,3.98,4.93,3.3,4.46,3.96,4.53,3.99,3.75,3.33,3.63,3.62,0.1
1983,10,4,15.6,0,3.04,2.83,3.83,1.91,3.24,2.65,3.15,2.95,2.54,2.25,2.53,2.5,0
1983,10,5,10.8,0,4.68,4.27,5.21,3.68,4.77,4.31,4.88,4.26,4.05,3.62,3.91,3.9,0.2
1983,10,6,0,0,3.21,2.98,3.97,2.07,3.4,2.81,3.33,3.08,2.69,2.39,2.67,2.64,0
1983,10,7,0,0.8,5.98,5.48,6.36,5.36,6,5.88,6.33,5.37,5.32,4.82,5.07,5.1,1.63
1983,10,8,0.17,5.97,19.74,19.24,19.06,29.43,19.27,28.37,22.79,18.34,19.92,20.01,18.38,19.21,42.84
1983,10,9,0.35,1.76,6.3,5.78,6.64,5.8,6.31,6.28,6.68,5.64,5.64,5.12,5.36,5.4,2.12
1983,10,10,0,0,5.08,4.64,5.56,4.18,5.15,4.77,5.32,4.59,4.44,3.98,4.26,4.26,0.52
1983,10,11,0,0.51,5.64,5.16,6.06,4.9,5.68,5.45,5.95,5.07,4.99,4.5,4.77,4.78,1.16
1983,10,12,8.15,0,0.91,1.23,2.3,0.4,1.41,1.17,1.22,1.55,0.84,0.89,0.99,1,0
1983,10,13,0,0,1.5,1.62,2.66,0.7,1.87,1.48,1.69,1.88,1.25,1.2,1.36,1.36,0
1983,10,14,8.72,0,0,0,1.18,0,0,0.43,0,0.58,0,0.1,0,0,0
1983,10,15,0,0,0,0,0,0,0,0,0,0,0,0,0,0,0
1983,10,16,9.03,0,0,0,0,0,0,0,0,0,0,0,0,0,0
1983,10,17,3.95,0,0,0.4,1.55,0,0.27,0.63,0.17,0.9,0,0.32,0.18,0.27,0
1983,10,18,0.16,0,3.67,3.37,4.35,2.54,3.82,3.25,3.81,3.44,3.11,2.76,3.05,3.03,0
1983,10,19,2.77,4.2,9.47,8.84,9.51,10.61,9.34,10.76,10.34,8.5,8.87,8.34,8.31,8.48,8.93
1983,10,20,6.16,11.43,15.13,14.51,14.75,20.57,14.8,20.06,17.13,13.85,14.89,14.62,13.8,14.31,26.21
1983,10,21,0.85,8.42,11.99,11.34,11.83,14.87,11.77,14.73,13.33,10.85,11.52,11.07,10.72,11.03,16.03
1983,10,22,4.73,10.04,16.52,15.93,16.05,23.19,16.15,22.51,18.83,15.19,16.39,16.22,15.17,15.77,31.05
1983,10,23,0.87,6.61,13.69,13.05,13.4,17.91,13.41,17.57,15.38,12.46,13.33,12.97,12.38,12.79,21.39
1983,10,24,0,0,0,0,0.85,0,0,0.27,0,0.3,0,0,0,0,0
1983,10,25,0,0,0,0,0,0,0,0,0,0,0,0,0,0,0
1983,10,26,0,0,0,0,0,0,0,0.1,0,0,0,0,0,0,0
1983,10,27,0,0,3.23,2.99,3.98,2.09,3.41,2.82,3.35,3.09,2.7,2.4,2.68,2.66,0
1983,10,28,0,0,2.25,2.18,3.21,1.22,2.53,1.99,2.38,2.37,1.85,1.68,1.91,1.89,0
1983,10,29,0,0.92,7.2,6.63,7.44,7.08,7.16,7.47,7.7,6.43,6.53,6,6.18,6.25,3.72
1983,10,30,0,14.48,20.8,20.34,20.05,31.53,20.29,30.35,24.1,19.38,21.08,21.27,19.44,20.35,46.86
1983,10,31,0,1.15,7.56,6.97,7.77,7.61,7.51,7.97,8.12,6.76,6.9,6.36,6.51,6.6,4.44
1983,11,1,0,0,4.45,5.08,5.18,9.12,4.28,10.12,5.4,4.19,3.81,3.16,3.41,3.37,0
1983,11,2,2.31,0,2.72,3.06,3.37,4.54,2.65,5.45,3.09,2.63,2.36,1.83,2.04,2,0
1983,11,3,0,0,5.3,6.1,6.09,11.67,5.08,12.7,6.58,4.98,4.53,3.85,4.1,4.06,0
1983,11,4,0,0.83,6.47,7.53,7.35,15.42,6.18,16.49,8.24,6.08,5.52,4.81,5.07,5.02,0.1
1983,11,5,0,0,5.04,5.79,5.81,10.87,4.83,11.9,6.22,4.74,4.31,3.64,3.89,3.85,0
1983,11,6,0,0.1,8.55,10.11,9.63,22.6,8.13,23.72,11.26,8.07,7.3,6.56,6.81,6.75,2.09
1983,11,7,0.1,0,2.63,2.97,3.28,4.34,2.57,5.24,2.98,2.55,2.28,1.77,1.97,1.94,0
1983,11,8,2.85,4.93,13.4,16.34,15.11,41.16,12.71,42.48,18.56,12.83,11.48,10.81,11.01,10.9,13.72
1983,11,9,5.28,5.42,14.52,17.8,16.39,45.71,13.78,47.09,20.28,13.95,12.46,11.82,12,11.88,17.03
1983,11,10,2.17,1.71,12.12,14.69,13.65,36.11,11.51,37.35,16.61,11.58,10.37,9.68,9.89,9.8,10.16
1983,11,11,0.35,0,3.09,3.49,3.75,5.44,3,6.38,3.57,2.96,2.67,2.11,2.33,2.29,0
1983,11,12,0,0,0,0,0,0,0,0,0,0,0,0,0,0,0
1983,11,13,0.78,0,0,0,0.1,0,0,0.1,0,0,0,0,0,0,0
1983,11,14,0.23,0,1.87,2.13,2.51,2.7,1.86,3.54,2.04,1.89,1.66,1.22,1.4,1.37,0
1983,11,15,0,0,1.08,1.3,1.74,1.33,1.13,2.04,1.13,1.23,1.02,0.7,0.84,0.8,0
1983,11,16,0,0,0.1,0.3,0.73,0.15,0.14,0.54,0.11,0.39,0.18,0.1,0.16,0.12,0
1983,11,17,0,0,0.19,0.45,0.9,0.28,0.3,0.74,0.25,0.53,0.32,0.19,0.26,0.22,0
1983,11,18,0,0,1.5,1.74,2.15,2.02,1.52,2.8,1.61,1.58,1.36,0.98,1.14,1.1,0
1983,11,19,0,0,0.62,0.85,1.3,0.71,0.7,1.31,0.65,0.86,0.65,0.42,0.53,0.49,0
1983,11,20,0,0,5.28,6.07,6.06,11.61,5.06,12.64,6.55,4.96,4.51,3.83,4.08,4.04,0
1983,11,21,0.44,0.2,5.12,5.88,5.89,11.12,4.91,12.14,6.33,4.81,4.38,3.7,3.95,3.91,0
1983,11,22,11.51,0.1,3.96,4.5,4.66,7.74,3.82,8.73,4.74,3.75,3.4,2.78,3.02,2.98,0
1983,11,23,10.74,2.41,10.16,12.17,11.44,28.56,9.66,29.74,13.66,9.64,8.69,7.96,8.2,8.12,5.3
1983,11,24,0.74,6.07,13.55,16.55,15.29,41.8,12.87,43.14,18.8,12.99,11.62,10.96,11.15,11.04,14.18
1983,11,25,0.27,5.62,16.66,20.62,18.85,54.57,15.81,56.04,23.59,16.1,14.31,13.75,13.9,13.75,23.69
1983,11,26,0,6.94,14.33,17.56,16.18,44.95,13.6,46.32,19.99,13.76,12.29,11.65,11.84,11.72,16.47
1983,11,27,0,1.87,2.14,2.42,2.78,3.25,2.11,4.11,2.36,2.12,1.88,1.41,1.6,1.56,0
1983,11,28,0,0,0,0,0,0,0,0.1,0,0,0,0,0,0,0
1983,11,29,0,0,0,0,0.2,0,0,0.1,0,0.1,0,0,0,0,0
1983,11,30,0,0,3.2,3.61,3.86,5.72,3.1,6.66,3.72,3.06,2.76,2.19,2.41,2.38,0
1983,12,1,0,0.27,0.39,0.64,0.95,0.86,0.53,1.47,0.5,0.49,0.38,0.2,0.27,0.3,0
1983,12,2,0,0,0.1,0.27,0.54,0.25,0.21,0.64,0.16,0.2,0.13,0.1,0.1,0.11,0
1983,12,3,0,0,2.35,3.25,3.42,7.32,2.45,8.33,3.09,2.44,2.1,1.23,1.53,1.54,0
1983,12,4,0,0,4.41,6.13,6.04,15.99,4.39,17.14,6,4.53,3.9,2.29,2.84,2.81,0
1983,12,5,0,0.42,5.55,7.75,7.52,21.21,5.47,22.42,7.66,5.7,4.91,2.88,3.56,3.51,0
1983,12,6,0.84,0,0.83,1.21,1.52,2.05,0.98,2.82,1.06,0.93,0.77,0.43,0.56,0.59,0
1983,12,7,0,0,0,0,0,0,0,0,0,0,0,0,0,0,0
1983,12,8,0,0,0.15,0.33,0.62,0.35,0.26,0.8,0.21,0.25,0.17,0.1,0.11,0.14,0
1983,12,9,0.18,0,0.1,0.21,0.47,0.18,0.16,0.55,0.11,0.16,0.1,0.1,0.1,0.1,0
1983,12,10,1.75,1.37,6.4,8.96,8.62,25.21,6.25,26.42,8.89,6.58,5.65,3.31,4.09,4.03,0
1983,12,11,0.35,0,0,0,0.1,0,0,0.1,0,0,0,0,0,0,0
1983,12,12,0.77,0,0,0,0,0,0,0,0,0,0,0,0,0,0
1983,12,13,1.01,0,5.52,7.7,7.48,21.06,5.43,22.26,7.61,5.67,4.88,2.86,3.54,3.49,0
1983,12,14,0.69,0,1.78,2.47,2.71,5.17,1.91,6.12,2.31,1.87,1.6,0.93,1.17,1.19,0
1983,12,15,0.33,0,0.91,1.32,1.62,2.26,1.06,3.08,1.16,1.01,0.84,0.47,0.61,0.64,0
1983,12,16,0.19,0,0,0,0,0,0,0,0,0,0,0,0,0,0
1983,12,17,1.36,0,0.33,0.57,0.88,0.74,0.47,1.31,0.43,0.44,0.33,0.17,0.23,0.26,0
1983,12,18,1.43,0,0.1,0.11,0.34,0.1,0.1,0.32,0.1,0.1,0.1,0,0.1,0.1,0
1983,12,19,0.65,0,0.18,0.36,0.66,0.4,0.3,0.88,0.25,0.28,0.19,0.1,0.13,0.16,0
1983,12,20,1.05,0,0,0,0,0,0,0,0,0,0,0,0,0,0
1983,12,21,0,0,0,0,0,0,0,0,0,0,0,0,0,0,0
1983,12,22,0.1,0,0,0,0,0,0,0,0,0,0,0,0,0,0
1983,12,23,0,0,0,0,0.1,0,0,0.1,0,0,0,0,0,0,0
1983,12,24,0,0,0.72,1.08,1.38,1.74,0.87,2.46,0.92,0.82,0.68,0.37,0.49,0.52,0
1983,12,25,0,0,2.31,3.2,3.37,7.16,2.41,8.18,3.04,2.4,2.06,1.21,1.51,1.52,0
1983,12,26,0,0,1.66,2.32,2.56,4.75,1.79,5.67,2.15,1.75,1.49,0.87,1.09,1.11,0
1983,12,27,0,0,1.67,2.33,2.57,4.79,1.8,5.71,2.16,1.76,1.5,0.87,1.1,1.12,0
1983,12,28,0,0,11.38,16.24,15.23,50.16,10.86,51.79,16.29,11.75,10.05,5.85,7.22,7.06,0.62
1983,12,29,0,1.26,4.49,6.23,6.14,16.33,4.46,17.46,6.11,4.61,3.97,2.33,2.89,2.85,0
1983,12,30,0,0,5.97,8.35,8.06,23.19,5.86,24.39,8.27,6.14,5.28,3.09,3.82,3.77,0
1983,12,31,0,0.1,7.61,10.73,10.21,31.1,7.38,32.41,10.69,7.83,6.73,3.93,4.86,4.77,0
1984,1,1,0,0,1.19,1.51,1.55,3.44,1.21,3.79,1.69,1.26,1.13,0.83,0.95,0.95,0
1984,1,2,0,0,0,0,0,0,0,0,0,0,0,0,0,0,0
1984,1,3,4.39,0,0.38,0.49,0.56,0.61,0.4,0.92,0.52,0.48,0.4,0.24,0.33,0.32,0
1984,1,4,0,0.11,2.91,3.66,3.59,11.15,2.86,11.08,4.26,2.83,2.61,2.05,2.19,2.23,0
1984,1,5,0,0.82,4.22,5.31,5.13,17.63,4.11,17.09,6.24,4,3.72,2.98,3.11,3.2,0.11
1984,1,6,0,0,0,0,0,0,0,0,0,0,0,0,0,0,0
1984,1,7,0,0,2.12,2.67,2.66,7.45,2.1,7.61,3.07,2.11,1.94,1.49,1.62,1.65,0
1984,1,8,0,0.47,0.14,0.2,0.27,0.11,0.16,0.3,0.2,0.24,0.17,0.1,0.14,0.13,0
1984,1,9,0,0,0,0,0,0,0,0,0,0,0,0,0,0,0
1984,1,10,0,0,0,0,0,0,0,0,0,0,0,0,0,0,0
1984,1,11,0.32,0,0.1,0.1,0.1,0,0.1,0.1,0.1,0.1,0.1,0,0.1,0.1,0
1984,1,12,0,0,0,0.1,0.1,0,0,0.1,0.1,0.1,0.1,0,0,0,0
1984,1,13,0,0,3.45,4.34,4.22,13.76,3.38,13.51,5.07,3.31,3.07,2.43,2.57,2.63,0
1984,1,14,0,1.18,0.89,1.13,1.19,2.26,0.91,2.63,1.24,0.98,0.86,0.6,0.72,0.72,0
1984,1,15,0,0,0.12,0.18,0.23,0.1,0.14,0.25,0.17,0.21,0.15,0.1,0.12,0.11,0
1984,1,16,0,0,0,0,0,0,0,0,0,0,0,0,0,0,0
1984,1,17,2.79,0,0,0,0,0,0,0,0,0,0,0,0,0,0
1984,1,18,0,0,0,0,0,0,0,0,0,0,0,0,0,0,0
1984,1,19,0,0,0.1,0.15,0.21,0.1,0.12,0.22,0.15,0.19,0.13,0.1,0.1,0.1,0
1984,1,20,0,0,0,0,0,0,0,0,0,0,0,0,0,0,0
1984,1,21,0,0,0,0,0,0,0,0,0,0,0,0,0,0,0
1984,1,22,0,0,0,0,0,0,0,0,0,0,0,0,0,0,0
1984,1,23,0,0,3.04,3.83,3.75,11.8,2.99,11.68,4.46,2.95,2.73,2.14,2.28,2.34,0
1984,1,24,0,0,0.1,0.1,0.13,0.1,0.1,0.1,0.1,0.13,0.1,0.1,0.1,0.1,0
1984,1,25,0,0,0,0,0,0,0,0,0,0,0,0,0,0,0
1984,1,26,0,0,0,0,0,0,0,0,0,0,0,0,0,0,0
1984,1,27,0,0,0,0,0,0,0,0,0,0,0,0,0,0,0
1984,1,28,0,0,0,0,0,0,0,0,0,0,0,0,0,0,0
1984,1,29,0.53,0,0.35,0.46,0.52,0.54,0.37,0.84,0.48,0.45,0.37,0.22,0.31,0.29,0
1984,1,30,0.1,0.44,4.38,5.52,5.33,18.47,4.27,17.88,6.5,4.15,3.87,3.09,3.23,3.32,0.31
1984,1,31,0,2.14,2.46,3.1,3.05,9.01,2.43,9.08,3.58,2.42,2.23,1.73,1.87,1.9,0
1984,2,1,0,0.1,1.3,1.78,1.96,2.3,1.44,2.97,1.76,1.56,1.38,1.18,1.25,1.25,0
1984,2,2,0.1,0,0.11,0.13,0.2,0.1,0.12,0.1,0.14,0.17,0.11,0.1,0.1,0.1,0
1984,2,3,0,0,0,0,0,0,0,0,0,0,0,0,0,0,0
1984,2,4,0,0,0,0,0,0,0,0,0,0,0,0,0,0,0
1984,2,5,0.1,0,0.23,0.28,0.36,0.1,0.24,0.19,0.29,0.31,0.23,0.15,0.19,0.19,0
1984,2,6,0,0,1.26,1.72,1.9,2.16,1.39,2.81,1.69,1.5,1.32,1.14,1.2,1.21,0
1984,2,7,4.52,0,1.56,2.16,2.36,3.16,1.74,3.87,2.12,1.86,1.66,1.44,1.51,1.52,0
1984,2,8,1.2,0,1.44,1.98,2.18,2.76,1.6,3.44,1.95,1.72,1.53,1.32,1.39,1.4,0
1984,2,9,0,0,0.69,0.89,1.02,0.65,0.74,1.11,0.89,0.83,0.71,0.57,0.63,0.62,0
1984,2,10,0,0.45,1.66,2.32,2.53,3.54,1.86,4.25,2.27,1.99,1.78,1.55,1.62,1.63,0
1984,2,11,0,0.96,6.29,9.81,10.28,24.8,7.34,24.95,9.35,7.72,7.11,6.56,6.59,6.67,6.66
1984,2,12,0,14.68,7.43,11.73,12.19,30.56,8.7,30.51,11.14,9.12,8.44,7.82,7.82,7.92,9.23
1984,2,13,0.1,6.45,4.13,6.25,6.6,14.18,4.76,14.75,6,5.01,4.6,4.19,4.25,4.3,2.16
1984,2,14,0,0,0.16,0.2,0.27,0.1,0.17,0.1,0.21,0.24,0.16,0.1,0.13,0.13,0
1984,2,15,0,0.1,2.6,3.78,4.05,7.24,2.95,7.97,3.66,3.12,2.84,2.54,2.61,2.63,0.1
1984,2,16,0,0,0.66,0.86,0.99,0.6,0.72,1.05,0.87,0.81,0.68,0.55,0.6,0.6,0
1984,2,17,0,0,0.61,0.77,0.9,0.5,0.65,0.9,0.78,0.74,0.62,0.49,0.55,0.54,0
1984,2,18,0,13.22,5.82,9.04,9.48,22.42,6.78,22.7,8.62,7.12,6.57,6.04,6.08,6.15,5.62
1984,2,19,0.1,0,0,0,0.1,0,0,0,0,0.1,0,0,0,0,0
1984,2,20,0,0,0,0,0,0,0,0,0,0,0,0,0,0,0
1984,2,21,0,0,0,0,0,0,0,0,0,0,0,0,0,0,0
1984,2,22,0,0,0,0,0,0,0,0,0,0,0,0,0,0,0
1984,2,23,0,0,0,0,0,0,0,0,0,0,0,0,0,0,0
1984,2,24,0,0,0,0,0,0,0,0,0,0,0,0,0,0,0
1984,2,25,3.53,0,0,0,0,0,0,0,0,0,0,0,0,0,0
1984,2,26,1.49,0,0,0,0,0,0,0,0,0,0,0,0,0,0
1984,2,27,2.76,0,0,0,0,0,0,0,0,0,0,0,0,0,0
1984,2,28,2.59,0,0,0,0,0,0,0,0,0,0,0,0,0,0
1984,2,29,2.07,0,0,0,0,0,0,0,0,0,0,0,0,0,0
1984,3,1,0.1,0,0.1,0.13,0.21,0.1,0.1,0.18,0.12,0.28,0.14,0.1,0.12,0.1,0
1984,3,2,0,0,0,0,0,0,0,0,0,0,0,0,0,0,0
1984,3,3,2.18,0,0,0,0,0,0,0,0,0,0,0,0,0,0
1984,3,4,15.64,0,0.1,0.1,0.12,0.1,0.1,0.11,0.1,0.2,0.1,0.1,0.1,0.1,0
1984,3,5,5.63,0,0,0,0,0,0,0.1,0,0.1,0,0,0,0,0
1984,3,6,0.22,0,0,0,0,0,0,0,0,0,0,0,0,0,0
1984,3,7,0,0,0,0,0,0,0,0,0,0,0,0,0,0,0
1984,3,8,0,0,0,0,0,0,0,0,0,0,0,0,0,0,0
1984,3,9,0,0,0,0,0,0,0,0,0,0,0,0,0,0,0
1984,3,10,0,0,0,0,0.1,0,0,0.1,0,0.1,0,0,0,0,0
1984,3,11,0,0,0,0,0.1,0,0,0.1,0,0.1,0,0,0,0,0
1984,3,12,0,0,1.08,1.09,1.23,0.92,1,1.35,1.22,1.16,1.02,0.94,0.98,0.98,0
1984,3,13,0,0,0,0,0,0,0,0,0,0,0,0,0,0,0
1984,3,14,0,0,0,0,0,0,0,0,0,0,0,0,0,0,0
1984,3,15,0,0,0.89,0.87,1,0.7,0.82,1.06,0.96,0.99,0.82,0.74,0.78,0.78,0
1984,3,16,0,0,0,0,0,0,0,0,0,0,0,0,0,0,0
1984,3,17,0,0,0.1,0.1,0.1,0,0.1,0.1,0.1,0.14,0.1,0.1,0.1,0.1,0
1984,3,18,4.52,0,0.68,0.7,0.81,0.45,0.64,0.78,0.76,0.79,0.67,0.57,0.62,0.61,0
1984,3,19,9.45,0.22,3.08,2.97,3.22,4.05,2.74,4.4,3.57,2.83,2.73,2.9,2.79,2.81,0
1984,3,20,6.94,0,0,0,0,0,0,0,0,0,0,0,0,0,0
1984,3,21,0,2.6,2.16,2.07,2.28,2.51,1.93,2.91,2.43,2.06,1.91,1.95,1.91,1.92,0
1984,3,22,0,0,1.31,1.28,1.42,1.23,1.19,1.6,1.46,1.34,1.2,1.14,1.17,1.17,0
1984,3,23,0,0.1,3.2,3.08,3.33,4.28,2.84,4.57,3.71,2.91,2.82,3.02,2.89,2.91,0
1984,3,24,0,0,1.55,1.51,1.68,1.58,1.41,2.01,1.73,1.56,1.41,1.36,1.38,1.38,0
1984,3,25,0,0,0.17,0.23,0.31,0.1,0.17,0.24,0.22,0.35,0.23,0.15,0.2,0.19,0
1984,3,26,0,0,1.25,1.23,1.37,1.15,1.14,1.53,1.4,1.28,1.16,1.09,1.12,1.12,0
1984,3,27,0,0,0,0,0,0,0,0,0,0,0,0,0,0,0
1984,3,28,3.8,0,2.75,2.64,2.86,3.51,2.45,3.84,3.15,2.56,2.43,2.55,2.46,2.48,0
1984,3,29,0.42,0.16,5.43,5.21,5.59,8.53,4.77,8.47,6.47,4.79,4.74,5.37,4.98,5.03,1.95
1984,3,30,0,1.93,5.86,5.59,6,9.4,5.13,9.23,6.97,5.15,5.08,5.8,5.35,5.41,3.34
1984,3,31,0,0,0,0,0,0,0,0,0,0,0,0,0,0,0
1984,4,1,0,0,4.22,3.76,4.48,3.75,3.98,4.55,4.19,3.65,3.5,3.2,3.32,3.43,0
1984,4,2,0,0,6.63,5.83,6.74,7.06,6.24,7.52,6.44,5.49,5.25,5.01,5.12,5.28,0.6
1984,4,3,0,0,0,0.1,0.11,0,0,0.1,0.1,0.1,0.1,0.1,0.1,0.1,0
1984,4,4,0,0,0,0.1,0.14,0,0,0.12,0.1,0.11,0.1,0.1,0.1,0.1,0
1984,4,5,0,0,0,0.1,0.17,0,0,0.14,0.1,0.14,0.1,0.1,0.1,0.1,0
1984,4,6,0,0,2.01,1.8,2.28,1.28,1.9,2.02,2.04,1.85,1.79,1.51,1.61,1.68,0
1984,4,7,0,2.33,0,0.1,0.2,0,0,0.16,0.1,0.16,0.1,0.1,0.1,0.1,0
1984,4,8,0,0,1.72,1.57,2.04,0.97,1.62,1.7,1.78,1.66,1.58,1.31,1.41,1.46,0
1984,4,9,0,1.05,1.23,1.16,1.62,0.6,1.16,1.32,1.31,1.32,1.22,0.95,1.03,1.08,0
1984,4,10,0,0,0,0,0,0,0,0,0,0,0,0,0,0,0
1984,4,11,0,0,0,0,0,0,0,0,0,0,0,0,0,0,0
1984,4,12,0,0,4.32,3.84,4.57,3.89,4.07,4.65,4.28,3.72,3.57,3.27,3.39,3.51,0
1984,4,13,0,0.1,5.19,4.56,5.4,5.1,4.89,5.76,5.06,4.4,4.19,3.89,4.01,4.14,0
1984,4,14,1.21,0,1.51,1.42,1.88,0.77,1.43,1.55,1.61,1.53,1.44,1.17,1.26,1.32,0
1984,4,15,6.35,0,0,0.1,0.12,0,0,0.11,0.1,0.1,0.1,0.1,0.1,0.1,0
1984,4,16,0.1,0,1.95,1.75,2.23,1.21,1.83,1.94,1.99,1.81,1.74,1.46,1.57,1.63,0
1984,4,17,0,0.34,4.39,3.89,4.62,3.98,4.13,4.71,4.33,3.76,3.61,3.32,3.44,3.55,0
1984,4,18,0,14.39,3.75,3.31,4.03,3.25,3.53,4.03,3.69,3.28,3.12,2.8,2.92,3.03,0
1984,4,19,0,2.07,4.1,3.66,4.38,3.61,3.86,4.44,4.08,3.57,3.42,3.11,3.23,3.34,0
1984,4,20,0,0,1.12,1.04,1.49,0.52,1.06,1.2,1.18,1.21,1.1,0.84,0.93,0.97,0
1984,4,21,0.1,0,4.53,4.01,4.73,4.18,4.27,4.84,4.46,3.86,3.71,3.42,3.54,3.66,0
1984,4,22,0.1,1.88,6.85,6.06,7.01,7.38,6.45,7.87,6.66,5.72,5.45,5.19,5.29,5.46,1.02
1984,4,23,0.1,2.79,8.14,7.19,8.14,9.21,7.66,9.43,7.9,6.64,6.38,6.19,6.28,6.47,3.31
1984,4,24,0,0,3.12,2.77,3.37,2.45,2.94,3.18,3.11,2.74,2.64,2.34,2.46,2.55,0
1984,4,25,0,0,0.71,0.72,1.06,0.21,0.67,0.76,0.82,0.86,0.79,0.58,0.65,0.68,0
1984,4,26,3.21,0,1.66,1.53,2,0.91,1.57,1.66,1.74,1.63,1.55,1.27,1.37,1.43,0
1984,4,27,3.85,0,5.01,4.39,5.17,4.84,4.71,5.48,4.89,4.21,4.03,3.76,3.88,4.01,0
1984,4,28,4.42,0,1.19,1.12,1.58,0.57,1.12,1.28,1.26,1.28,1.18,0.91,0.99,1.04,0
1984,4,29,3.55,0,1.06,0.98,1.42,0.48,1,1.14,1.13,1.16,1.05,0.81,0.89,0.93,0
1984,4,30,0.1,0,2.31,2.04,2.63,1.6,2.17,2.4,2.3,2.14,2.01,1.71,1.82,1.89,0
1984,5,1,6.41,0,2.88,2.74,3.34,1.49,2.96,2.2,3.11,2.81,2.79,2.28,2.6,2.66,0
1984,5,2,5.58,0,1.57,1.65,2.24,0.58,1.71,1.34,1.9,1.83,1.65,1.35,1.59,1.56,0
1984,5,3,0.14,0,4.99,4.66,5.18,3.47,4.91,3.98,5.1,4.53,4.66,3.88,4.26,4.46,0
1984,5,4,0.39,0,2.18,2.14,2.75,0.99,2.3,1.72,2.46,2.28,2.17,1.77,2.05,2.07,0
1984,5,5,4.64,1.21,5.67,5.3,5.77,4.2,5.53,4.62,5.77,5.08,5.29,4.43,4.82,5.07,0
1984,5,6,3.15,13.14,7.64,7.26,7.54,6.45,7.3,6.61,7.69,6.8,7.08,6.01,6.41,6.8,1.4
1984,5,7,6.11,1.38,6.04,5.64,6.09,4.6,5.86,4.98,6.11,5.4,5.61,4.7,5.1,5.38,0.1
1984,5,8,1.92,6.49,8.49,8.06,8.26,7.49,8.06,7.51,8.49,7.51,7.84,6.67,7.08,7.53,2.48
1984,5,9,1.58,0.1,5.59,5.23,5.71,4.11,5.46,4.54,5.7,5.02,5.22,4.37,4.76,5,0
1984,5,10,9.83,0.1,2.78,2.66,3.27,1.41,2.87,2.12,3.02,2.74,2.71,2.21,2.53,2.58,0
1984,5,11,19.22,0.15,4.24,3.96,4.52,2.71,4.22,3.3,4.39,3.9,4,3.31,3.67,3.82,0
1984,5,12,15.11,0,2,1.99,2.6,0.87,2.13,1.61,2.29,2.15,2.02,1.64,1.92,1.92,0
1984,5,13,5.14,0.1,4.69,4.35,4.89,3.16,4.63,3.71,4.81,4.26,4.39,3.64,4.02,4.2,0
1984,5,14,4.15,0,1.81,1.84,2.44,0.74,1.94,1.49,2.12,2,1.85,1.51,1.77,1.76,0
1984,5,15,0.47,0,0,0.63,1.15,0,0,0.65,0.7,0.9,0.5,0.43,0.58,0.46,0
1984,5,16,1.82,1.19,4.58,4.26,4.8,3.06,4.53,3.61,4.71,4.17,4.3,3.57,3.94,4.11,0
1984,5,17,14.45,0.4,5.07,4.74,5.26,3.55,4.98,4.05,5.18,4.6,4.73,3.95,4.33,4.53,0
1984,5,18,9.21,0,6.96,6.56,6.91,5.66,6.7,5.9,7.02,6.18,6.46,5.45,5.86,6.2,0.7
1984,5,19,3,0,1.77,1.81,2.41,0.71,1.91,1.47,2.09,1.98,1.82,1.49,1.74,1.73,0
1984,5,20,0.76,0,0,0,0,0,0,0.18,0,0.19,0,0,0,0,0
1984,5,21,2.26,0,0.93,1.16,1.72,0.15,1.11,0.98,1.33,1.39,1.1,0.91,1.11,1.03,0
1984,5,22,15.9,0,6.64,6.26,6.64,5.27,6.4,5.55,6.71,5.93,6.17,5.2,5.6,5.92,0.39
1984,5,23,35.49,6.75,11.02,10.65,10.53,10.74,10.32,10.35,10.96,9.75,10.16,8.74,9.13,9.78,6.76
1984,5,24,13.69,27.36,14.84,14.66,13.95,15.96,13.69,14.9,14.75,13.17,13.68,11.94,12.27,13.19,14.75
1984,5,25,12.7,36.68,22.91,23.28,21.11,27.77,20.76,25.14,22.7,20.46,21.14,18.77,18.86,20.41,34.39
1984,5,26,10.34,20.15,16.42,16.31,15.34,18.22,15.09,16.82,16.31,14.57,15.15,13.26,13.57,14.61,18.3
1984,5,27,37.27,11.63,9.06,8.68,8.8,8.21,8.58,8.12,9.08,8.03,8.39,7.17,7.57,8.06,3.41
1984,5,28,37.94,0,0.61,0.92,1.46,0.1,0.81,0.83,1.04,1.16,0.83,0.68,0.87,0.77,0
1984,5,29,19.48,0,2.11,2.08,2.7,0.94,2.23,1.68,2.4,2.23,2.12,1.72,2,2.01,0
1984,5,30,9.16,0,0,0,0,0,0,0.21,0,0.23,0,0,0,0,0
1984,5,31,4.22,0,2.44,2.36,2.98,1.16,2.55,1.89,2.7,2.48,2.4,1.96,2.26,2.28,0
1984,6,1,3.25,0,0,0.41,0.91,0,0,0.49,0,0.95,0,0.44,0.58,0,0
1984,6,2,0.1,0,0,0.57,1.08,0,0.54,0.57,0.49,1.09,0.44,0.59,0.74,0.56,0
1984,6,3,0,0,0.77,0.96,1.49,0.1,1,0.77,0.95,1.41,0.87,0.93,1.13,0.97,0
1984,6,4,0.71,0,0,0,0.59,0,0,0.36,0,0.7,0,0,0,0,0
1984,6,5,4.87,0,0,0,0,0,0,0,0,0,0,0,0,0,0
1984,6,6,0,0.55,9.64,8.77,10.09,8.01,8.73,7.89,9.4,8.08,8.53,7.34,7.62,7.95,6.56
1984,6,7,0,0,2.27,2.2,2.77,0.86,2.43,1.56,2.36,2.42,2.19,1.99,2.26,2.21,0
1984,6,8,0,0,0,0,0,0,0,0.1,0,0,0,0,0,0,0
1984,6,9,0,4.38,8.72,7.94,9.15,6.99,7.97,6.99,8.53,7.36,7.75,6.67,6.96,7.25,4.92
1984,6,10,0,0,6.32,5.77,6.72,4.43,5.96,4.74,6.22,5.49,5.69,4.92,5.24,5.4,1.38
1984,6,11,0,0,0,0,0.68,0,0,0.39,0,0.76,0,0,0,0,0
1984,6,12,2.67,0,0.8,0.99,1.51,0.1,1.04,0.79,0.98,1.43,0.9,0.96,1.15,1,0
1984,6,13,0,0,1.12,1.25,1.77,0.19,1.35,0.93,1.28,1.64,1.18,1.18,1.4,1.27,0
1984,6,14,0,0,0.35,0.62,1.14,0,0.6,0.6,0.56,1.14,0.5,0.63,0.79,0.62,0
1984,6,15,1.74,0.81,4.22,3.89,4.63,2.41,4.15,2.96,4.21,3.87,3.88,3.39,3.71,3.76,0
1984,6,16,3.88,0,2.5,2.4,2.99,1.02,2.64,1.71,2.58,2.59,2.4,2.15,2.44,2.4,0
1984,6,17,0.77,0,0,0,0,0,0,0.16,0,0.3,0,0,0,0,0
1984,6,18,11.63,0,0.65,0.87,1.39,0.1,0.89,0.72,0.83,1.33,0.76,0.85,1.03,0.87,0
1984,6,19,6.11,0,5.62,5.14,6.02,3.73,5.36,4.12,5.55,4.95,5.09,4.41,4.73,4.86,0.66
1984,6,20,0,1.77,9.98,9.09,10.44,8.41,9.02,8.24,9.74,8.35,8.83,7.59,7.86,8.22,7.22
1984,6,21,10.89,40.97,22.27,20.34,23.15,23.49,18.97,21.52,21.51,18.01,19.22,16.5,16.42,17.43,36.02
1984,6,22,9.5,17.85,13.43,12.24,13.99,12.45,11.85,11.8,13.05,11.06,11.76,10.1,10.29,10.83,14.41
1984,6,23,0,0,4.08,3.77,4.49,2.29,4.03,2.85,4.07,3.77,3.76,3.29,3.61,3.65,0
1984,6,24,5.65,4.44,9.06,8.25,9.5,7.37,8.25,7.33,8.85,7.63,8.04,6.92,7.21,7.51,5.52
1984,6,25,16.59,28.85,13.86,12.63,14.44,12.97,12.19,12.26,13.46,11.4,12.12,10.41,10.59,11.15,15.37
1984,6,26,24.39,2.17,3.84,3.56,4.26,2.08,3.82,2.66,3.85,3.58,3.55,3.12,3.43,3.46,0
1984,6,27,6.38,0,3.06,2.88,3.51,1.44,3.13,2.08,3.1,3,2.88,2.55,2.85,2.84,0
1984,6,28,12.51,6.66,12.92,11.76,13.46,11.83,11.42,11.26,12.55,10.65,11.32,9.72,9.93,10.44,13.27
1984,6,29,9.06,1.3,5.87,5.36,6.27,3.98,5.57,4.34,5.79,5.14,5.3,4.59,4.91,5.05,0.89
1984,6,30,8.85,0,0,0,0.52,0,0,0.33,0,0.63,0,0,0,0,0
1984,7,1,10.83,0,0,0,1.01,0,0,0.29,0,0,0,0,0,0,0
1984,7,2,0,14.25,11.42,9.22,9.71,8.81,9.72,8.64,10.32,8.27,8.65,7.92,8.16,8.2,6.68
1984,7,3,0,9.58,11.14,9,9.51,8.52,9.5,8.39,10.07,8.09,8.46,7.74,7.99,8.02,6.29
1984,7,4,0.48,0,0,0,1.17,0,0,0.35,0,0.48,0,0,0,0,0
1984,7,5,1.92,0,0,0,0.82,0,0,0.22,0,0,0,0,0,0,0
1984,7,6,3.91,1.25,2.26,2.18,3.07,0.7,2.31,1.53,2.33,2.32,2.25,2.04,2.22,2.21,0
1984,7,7,0,1.09,4.97,4.27,5.04,2.69,4.65,3.31,4.71,4.11,4.25,3.79,4.06,4.1,0.1
1984,7,8,5.79,0.87,2.88,2.65,3.52,1.1,2.87,1.89,2.87,2.73,2.72,2.44,2.65,2.66,0
1984,7,9,12.92,0,3.32,3,3.84,1.4,3.26,2.17,3.26,3.02,3.05,2.73,2.96,2.97,0
1984,7,10,4.08,0,0,0,0.8,0,0,0.21,0,0,0,0,0,0,0
1984,7,11,0,0,3.91,3.45,4.26,1.84,3.76,2.56,3.77,3.41,3.48,3.11,3.35,3.38,0
1984,7,12,0.32,6.41,6.96,5.8,6.49,4.43,6.25,4.84,6.44,5.4,5.63,5.07,5.35,5.39,1.38
1984,7,13,1.08,11.93,11.38,9.19,9.69,8.77,9.69,8.61,10.28,8.25,8.63,7.89,8.14,8.18,6.63
1984,7,14,0,0.44,2.59,2.43,3.31,0.9,2.62,1.72,2.62,2.54,2.51,2.26,2.45,2.45,0
1984,7,15,7.39,1.41,4.54,3.94,4.73,2.33,4.29,3,4.33,3.82,3.94,3.51,3.78,3.81,0
1984,7,16,0,0,0,0,0.75,0,0,0.19,0,0,0,0,0,0,0
1984,7,17,0,0,0,0,1.19,0,0,0.36,0,0.49,0,0.27,0,0,0
1984,7,18,0,0,3.52,3.15,3.98,1.54,3.43,2.3,3.43,3.15,3.2,2.85,3.09,3.11,0
1984,7,19,0,0,0.33,0.72,1.8,0,0,0.66,0.65,1.11,0.69,0.86,0.82,0.69,0
1984,7,20,0,0,0,0,0,0,0,0,0,0,0,0,0,0,0
1984,7,21,6.43,0,5.42,4.61,5.37,3.06,5.01,3.64,5.09,4.4,4.56,4.08,4.35,4.39,0.25
1984,7,22,13.83,0.1,3.66,3.26,4.08,1.65,3.55,2.39,3.55,3.24,3.3,2.94,3.19,3.2,0
1984,7,23,8.7,0,1.26,1.42,2.38,0.18,1.34,1.02,1.46,1.68,1.48,1.42,1.52,1.46,0
1984,7,24,6.81,0,3.23,2.92,3.77,1.34,3.18,2.11,3.18,2.96,2.98,2.67,2.89,2.91,0
1984,7,25,1.04,0,0.3,0.69,1.77,0,0,0.64,0.61,1.09,0.66,0.83,0.79,0.66,0
1984,7,26,0,0,1.79,1.82,2.74,0.44,1.88,1.28,1.92,2.02,1.9,1.75,1.9,1.87,0
1984,7,27,2.43,4.45,8.86,7.26,7.87,6.24,7.75,6.41,8.1,6.63,6.94,6.29,6.56,6.61,3.38
1984,7,28,4.56,0,1.94,1.93,2.84,0.51,2.01,1.35,2.05,2.11,2.01,1.84,2,1.97,0
1984,7,29,2.78,0,0,0.58,1.68,0,0,0.59,0.49,0.99,0.54,0.74,0.68,0.54,0
1984,7,30,8.85,0,0,0,0,0,0,0,0,0,0,0,0,0,0
1984,7,31,7.27,0,0,0,0,0,0,0.1,0,0,0,0,0,0,0
1984,8,1,1.21,7.51,9.75,8.03,9.19,7.04,8.97,7.11,9.34,7.72,7.87,6.88,7.49,7.73,4.27
1984,8,2,2.17,0.43,4.74,4.1,5.15,2.44,4.55,3.1,4.8,4.16,4.28,3.68,4.15,4.25,0.1
1984,8,3,0,0,5.21,4.47,5.53,2.83,4.98,3.44,5.23,4.5,4.63,3.99,4.47,4.59,0.15
1984,8,4,6.86,0,0,0,0.59,0,0,0.13,0,0,0,0,0,0,0
1984,8,5,0,16.42,17.47,14.1,15.43,15.17,15.55,14.27,16.24,13.2,13.13,11.68,12.39,12.81,15.97
1984,8,6,1.17,0.1,3.92,3.46,4.51,1.8,3.8,2.54,4.05,3.59,3.66,3.15,3.58,3.65,0
1984,8,7,0,6.84,4.19,3.67,4.71,2,4.04,2.71,4.29,3.77,3.86,3.32,3.76,3.85,0
1984,8,8,0,9.76,10.52,8.63,9.81,7.8,9.64,7.79,10.03,8.27,8.41,7.36,7.98,8.24,5.25
1984,8,9,0,0,0.66,1.04,2.18,0,0.51,0.84,1.07,1.45,0.98,1.03,1.2,1.08,0
1984,8,10,0,1.92,5.13,4.4,5.47,2.77,4.9,3.38,5.15,4.44,4.57,3.94,4.41,4.53,0.11
1984,8,11,0,0,2.23,2.16,3.21,0.64,2.18,1.52,2.5,2.42,2.34,2.04,2.37,2.37,0
1984,8,12,4.13,19.11,14.66,11.88,13.16,12.11,13.17,11.58,13.73,11.21,11.24,9.94,10.62,10.98,11.33
1984,8,13,9.18,16.74,15.29,12.38,13.67,12.79,13.7,12.18,14.29,11.65,11.66,10.33,11.02,11.39,12.34
1984,8,14,0.77,0,0,0.45,1.71,0,0,0.58,0,0.97,0,0.48,0.55,0,0
1984,8,15,1.59,0,1.04,1.3,2.41,0.1,0.91,0.97,1.43,1.68,1.33,1.28,1.5,1.43,0
1984,8,16,0,1.5,3.87,3.42,4.47,1.76,3.75,2.5,4.01,3.55,3.62,3.12,3.54,3.62,0
1984,8,17,1,0.95,1.32,1.49,2.58,0.16,1.2,1.08,1.66,1.83,1.57,1.45,1.69,1.64,0
1984,8,18,0,3.42,1.27,1.46,2.55,0.14,1.15,1.06,1.62,1.81,1.54,1.42,1.66,1.61,0
1984,8,19,4.21,0,1.03,1.29,2.4,0.1,0.89,0.97,1.42,1.67,1.32,1.27,1.49,1.41,0
1984,8,20,0,3.52,6.85,5.75,6.85,4.27,6.44,4.69,6.72,5.66,5.82,5.04,5.58,5.74,1.19
1984,8,21,0,11.93,9.83,8.09,9.26,7.11,9.04,7.18,9.41,7.78,7.93,6.93,7.54,7.78,4.36
1984,8,22,0.88,18.22,15.49,12.54,13.83,13.01,13.88,12.37,14.48,11.8,11.8,10.46,11.15,11.53,12.67
1984,8,23,20.39,0,2.04,2.02,3.07,0.53,1.99,1.42,2.32,2.29,2.18,1.92,2.23,2.22,0
1984,8,24,11.26,0,4.39,3.82,4.88,2.16,4.23,2.85,4.48,3.92,4.01,3.46,3.9,3.99,0
1984,8,25,28.5,8.45,5.3,4.53,5.6,2.9,5.05,3.5,5.31,4.56,4.69,4.04,4.53,4.65,0.18
1984,8,26,27.16,0,6.9,5.79,6.89,4.32,6.49,4.73,6.77,5.7,5.86,5.08,5.61,5.78,1.23
1984,8,27,11.52,3.49,2.38,2.27,3.32,0.73,2.32,1.59,2.63,2.52,2.45,2.14,2.47,2.49,0
1984,8,28,0,18.72,14.09,11.44,12.7,11.51,12.69,11.05,13.23,10.81,10.85,9.59,10.27,10.61,10.44
1984,8,29,0,26.52,16,12.94,14.24,13.56,14.31,12.85,14.93,12.16,12.14,10.77,11.47,11.85,13.5
1984,8,30,2.22,2.77,5.15,4.41,5.48,2.78,4.92,3.39,5.17,4.45,4.58,3.95,4.42,4.54,0.12
1984,8,31,0,0,3.89,3.43,4.48,1.77,3.77,2.51,4.02,3.56,3.63,3.13,3.55,3.63,0
1984,9,1,1.5,0,3.08,2.81,4.14,1.3,2.76,2.05,3.29,3.05,2.92,2.41,2.9,2.94,0
1984,9,2,9.51,0,10.45,8.72,10.21,8.08,9.52,8.01,10.21,8.65,8.92,7.95,8.59,8.71,5.69
1984,9,3,0,25.59,20.8,17.28,18.97,20.07,18.55,18.83,20.06,16.99,16.7,16.29,16.34,16.26,27.08
1984,9,4,0,20.16,14.91,12.4,14,13.05,13.44,12.48,14.46,12.22,12.31,11.51,11.95,12.01,13.98
1984,9,5,0.85,0,7.47,6.28,7.7,5.03,6.86,5.29,7.38,6.3,6.58,5.63,6.31,6.45,1.57
1984,9,6,4.8,21.5,20.68,17.18,18.87,19.92,18.44,18.69,19.95,16.89,16.61,16.19,16.25,16.18,26.79
1984,9,7,0,11.01,9.56,7.99,9.46,7.14,8.73,7.17,9.36,7.94,8.23,7.25,7.91,8.04,4.3
1984,9,8,0,0.19,7.13,6.01,7.41,4.7,6.55,5.01,7.06,6.04,6.31,5.37,6.06,6.19,1.22
1984,9,9,0,0.28,5.44,4.65,6.01,3.16,5.02,3.65,5.47,4.75,4.95,4.1,4.75,4.87,0.1
1984,9,10,0,0,6.11,5.18,6.56,3.75,5.63,4.17,6.1,5.25,5.49,4.6,5.27,5.4,0.36
1984,9,11,22.58,2.29,8.7,7.29,8.73,6.25,7.97,6.39,8.55,7.26,7.56,6.58,7.26,7.39,3.08
1984,9,12,21.21,13.85,11.68,9.73,11.25,9.4,10.6,9.2,11.38,9.62,9.86,8.92,9.52,9.62,7.76
1984,9,13,28.68,7.02,9.2,7.7,9.15,6.76,8.41,6.84,9.02,7.65,7.94,6.97,7.64,7.77,3.77
1984,9,14,12.59,0,0.68,1.2,2.67,0.1,0,1.04,1.27,1.72,0,1.04,1.01,0,0
1984,9,15,14.86,0,0,0.83,2.41,0,0,0.89,0.82,1.48,0,0.75,0,0,0
1984,9,16,7.56,0,0.82,1.29,2.75,0.1,0,1.09,1.4,1.79,0,1.11,1.14,0.87,0
1984,9,17,0,0,0,0,0,0,0,0.1,0,0,0,0,0,0,0
1984,9,18,1.77,3.14,5.29,4.53,5.88,3.02,4.87,3.53,5.33,4.63,4.82,3.98,4.63,4.75,0
1984,9,19,4.91,0.89,5.06,4.35,5.7,2.83,4.66,3.36,5.12,4.46,4.63,3.82,4.46,4.57,0
1984,9,20,0,0,0,0.51,2.17,0,0,0.77,0,1.25,0,0.49,0,0,0
1984,9,21,0,0,0,0,1.44,0,0,0.45,0,0.55,0,0,0,0,0
1984,9,22,0,0,2.79,2.59,3.93,1.11,2.47,1.89,3.03,2.86,2.66,2.22,2.68,2.7,0
1984,9,23,0,4.56,7.19,6.06,7.47,4.76,6.61,5.06,7.12,6.09,6.36,5.42,6.1,6.24,1.28
1984,9,24,19.51,1.19,5.76,4.9,6.27,3.44,5.31,3.89,5.77,4.99,5.2,4.33,5,5.12,0.16
1984,9,25,0.43,0,3.2,2.9,4.23,1.39,2.88,2.12,3.39,3.13,3.03,2.49,3,3.04,0
1984,9,26,0,0,3.56,3.17,4.51,1.64,3.24,2.34,3.72,3.38,3.35,2.74,3.28,3.35,0
1984,9,27,0.49,0.35,5.03,4.33,5.68,2.81,4.64,3.34,5.09,4.44,4.61,3.8,4.43,4.55,0
1984,9,28,0,0,5.15,4.42,5.77,2.9,4.74,3.42,5.19,4.53,4.7,3.88,4.52,4.64,0
1984,9,29,0,0,4.54,3.94,5.28,2.4,4.18,2.99,4.63,4.08,4.2,3.44,4.05,4.15,0
1984,9,30,0,0,3.33,3,4.33,1.48,3.01,2.19,3.51,3.22,3.15,2.58,3.1,3.15,0
1984,10,1,0,0,0.4,0.94,2.02,0.21,1.03,0.95,0.85,1.31,0.51,0.67,0.71,0.74,0
1984,10,2,0,0,0,0.31,1.47,0,0,0.58,0,0.83,0,0.27,0.1,0.2,0
1984,10,3,0,0,0,0.23,1.4,0,0,0.54,0,0.77,0,0.22,0,0.13,0
1984,10,4,0,0,0,0,0.44,0,0,0.14,0,0,0,0,0,0,0
1984,10,5,0,0,0,0,0.28,0,0,0.1,0,0,0,0,0,0,0
1984,10,6,0,0,0,0,0,0,0,0,0,0,0,0,0,0,0
1984,10,7,0,0,0,0,0,0,0,0.1,0,0,0,0,0,0,0
1984,10,8,0,0,0,0,0,0,0,0,0,0,0,0,0,0,0
1984,10,9,0,0,0,0.27,1.43,0,0,0.56,0,0.8,0,0.24,0,0.17,0
1984,10,10,0,0,0,0,0,0,0,0.1,0,0,0,0,0,0,0
1984,10,11,1.74,0,0,0,0.95,0,0,0.32,0,0.39,0,0,0,0,0
1984,10,12,16.39,0,0.6,1.05,2.13,0.28,1.18,1.03,1,1.4,0.64,0.76,0.82,0.84,0
1984,10,13,0.7,0,0,0,0.36,0,0,0.12,0,0,0,0,0,0,0
1984,10,14,1.77,0,2.26,2.19,3.22,1.23,2.54,2,2.39,2.38,1.87,1.69,1.92,1.9,0
1984,10,15,0,0,1.36,1.52,2.57,0.62,1.76,1.39,1.57,1.79,1.15,1.12,1.27,1.26,0
1984,10,16,0,0,0,0,0,0,0,0.1,0,0,0,0,0,0,0
1984,10,17,0,0,2.03,2.01,3.04,1.05,2.33,1.83,2.17,2.22,1.67,1.52,1.74,1.72,0
1984,10,18,0,4.93,9.88,9.24,9.88,11.27,9.73,11.38,10.82,8.87,9.29,8.77,8.69,8.89,9.99
1984,10,19,11.08,0.84,7.21,6.64,7.46,7.1,7.18,7.5,7.72,6.45,6.55,6.02,6.19,6.26,3.75
1984,10,20,11.73,0,0.66,1.09,2.16,0.31,1.22,1.06,1.04,1.43,0.68,0.78,0.85,0.87,0
1984,10,21,7.24,0,3.43,3.16,4.15,2.29,3.6,3.01,3.55,3.25,2.89,2.56,2.85,2.82,0
1984,10,22,2.58,0,8.37,7.76,8.5,8.85,8.28,9.12,9.05,7.49,7.73,7.19,7.27,7.39,6.22
1984,10,23,3.69,0,1.87,1.89,2.92,0.94,2.19,1.72,2.02,2.11,1.54,1.42,1.62,1.61,0
1984,10,24,1.78,0,0,0,0,0,0,0.1,0,0,0,0,0,0,0
1984,10,25,0,0,0,0,0,0,0,0,0,0,0,0,0,0,0
1984,10,26,0,0,0,0,0.37,0,0,0.12,0,0,0,0,0,0,0
1984,10,27,0.11,0,3.11,2.89,3.88,1.97,3.3,2.71,3.22,3,2.6,2.3,2.58,2.56,0
1984,10,28,0.39,0,3.6,3.31,4.29,2.47,3.76,3.18,3.74,3.38,3.05,2.7,2.99,2.97,0
1984,10,29,0,0,0,0,0.92,0,0,0.31,0,0.37,0,0,0,0,0
1984,10,30,0,0,0,0,0,0,0,0,0,0,0,0,0,0,0
1984,10,31,0.74,0,0,0,0.66,0,0,0.21,0,0.16,0,0,0,0,0
1984,11,1,1.54,0.1,14.24,17.44,16.07,44.57,13.52,45.94,19.85,13.67,12.21,11.57,11.76,11.64,16.19
1984,11,2,0,5.52,11.28,13.6,12.7,32.83,10.71,34.07,15.34,10.74,9.65,8.94,9.17,9.08,7.98
1984,11,3,0,0.14,6.84,7.97,7.75,16.63,6.52,17.7,8.76,6.43,5.83,5.11,5.37,5.32,0.11
1984,11,4,0,0,0.25,0.5,0.95,0.32,0.35,0.81,0.3,0.57,0.36,0.22,0.3,0.26,0
1984,11,5,0,0,0,0,0.3,0,0,0.15,0,0.1,0,0,0,0,0
1984,11,6,0,0,1.77,2.03,2.42,2.52,1.77,3.33,1.92,1.81,1.58,1.16,1.33,1.3,0
1984,11,7,0,0,2.03,2.31,2.68,3.04,2.01,3.89,2.24,2.03,1.79,1.34,1.53,1.49,0
1984,11,8,0,0,2.02,2.3,2.67,3.01,2,3.86,2.22,2.02,1.78,1.33,1.52,1.48,0
1984,11,9,0,0,1.62,1.87,2.27,2.24,1.63,3.04,1.75,1.68,1.46,1.06,1.23,1.19,0
1984,11,10,0,0,2.7,3.05,3.35,4.51,2.64,5.42,3.08,2.62,2.35,1.82,2.03,1.99,0
1984,11,11,0,0,3.93,4.47,4.63,7.65,3.79,8.64,4.69,3.72,3.37,2.76,2.99,2.95,0
1984,11,12,0,0.19,5.16,5.93,5.93,11.24,4.94,12.26,6.38,4.85,4.41,3.73,3.98,3.94,0
1984,11,13,0,0,0,0.1,0.47,0.1,0,0.28,0,0.19,0,0.1,0.1,0,0
1984,11,14,0,0,0,0.1,0.36,0.1,0,0.19,0,0.11,0,0,0,0,0
1984,11,15,0,0,4.61,5.27,5.35,9.59,4.43,10.6,5.62,4.34,3.94,3.29,3.54,3.5,0
1984,11,16,0,0,3.05,3.44,3.71,5.34,2.96,6.27,3.52,2.92,2.63,2.08,2.29,2.26,0
1984,11,17,0,0.47,9.67,11.54,10.89,26.73,9.2,27.89,12.93,9.16,8.26,7.53,7.78,7.71,4.23
1984,11,18,0,4.84,12.31,14.95,13.87,36.91,11.69,38.12,16.9,11.77,10.54,9.86,10.07,9.97,10.68
1984,11,19,0,9.18,21.82,27.48,24.87,76.64,20.71,78.54,31.68,21.32,18.82,18.48,18.51,18.3,41.07
1984,11,20,0.1,14.32,19.74,24.71,22.43,67.63,18.73,69.31,28.41,19.2,17.01,16.57,16.65,16.46,33.9
1984,11,21,6.7,0,0,0.14,0.54,0.1,0,0.34,0.1,0.24,0.1,0.1,0.1,0.1,0
1984,11,22,1.65,0,0,0,0.22,0,0,0.1,0,0.1,0,0,0,0,0
1984,11,23,0,0,0.82,1.05,1.49,0.96,0.89,1.62,0.85,1.02,0.81,0.54,0.67,0.63,0
1984,11,24,0,0,0,0,0,0,0,0,0,0,0,0,0,0,0
1984,11,25,0,0,0,0,0,0,0,0,0,0,0,0,0,0,0
1984,11,26,0,0,0,0,0,0,0,0,0,0,0,0,0,0,0
1984,11,27,0,0,0,0.21,0.64,0.1,0.1,0.44,0.1,0.32,0.1,0.1,0.11,0.1,0
1984,11,28,0,0,0,0,0.1,0,0,0.1,0,0,0,0,0,0,0
1984,11,29,0,0,0,0,0,0,0,0,0,0,0,0,0,0,0
1984,11,30,0,0,0,0.1,0.38,0.1,0,0.2,0,0.13,0,0,0,0,0
1984,12,1,0,0,0.1,0.22,0.48,0.19,0.17,0.56,0.12,0.16,0.1,0.1,0.1,0.1,0
1984,12,2,0,0,0,0.1,0.31,0.1,0.1,0.28,0.1,0.1,0.1,0,0.1,0.1,0
1984,12,3,0,0,3.17,4.38,4.45,10.61,3.22,11.67,4.23,3.27,2.81,1.65,2.05,2.04,0
1984,12,4,0.1,0,0,0,0,0,0,0,0,0,0,0,0,0,0
1984,12,5,0.1,0,0,0,0,0,0,0,0,0,0,0,0,0,0
1984,12,6,0.1,0,0,0,0,0,0,0,0,0,0,0,0,0,0
1984,12,7,0,0,0,0,0.1,0,0,0.1,0,0,0,0,0,0,0
1984,12,8,0,0,0,0,0.11,0,0,0.1,0,0,0,0,0,0,0
1984,12,9,0,0,3.63,5.03,5.05,12.58,3.66,13.66,4.89,3.74,3.22,1.89,2.35,2.33,0
1984,12,10,0,0,0,0,0.1,0,0,0.1,0,0,0,0,0,0,0
1984,12,11,0,0,1.11,1.57,1.86,2.88,1.25,3.72,1.41,1.2,1.01,0.58,0.73,0.76,0
1984,12,12,0,0,0,0,0,0,0,0,0,0,0,0,0,0,0
1984,12,13,0,0,0,0.1,0.22,0.1,0.1,0.17,0,0.1,0,0,0,0,0
1984,12,14,0,0,0,0,0.1,0,0,0.1,0,0,0,0,0,0,0
1984,12,15,0,0,0,0,0,0,0,0,0,0,0,0,0,0,0
1984,12,16,0,0,0.64,0.97,1.28,1.49,0.79,2.22,0.82,0.74,0.61,0.33,0.43,0.47,0
1984,12,17,0,0.14,7.72,10.89,10.35,31.66,7.48,32.95,10.84,7.95,6.82,3.99,4.93,4.84,0
1984,12,18,0,0,1.14,1.62,1.92,3,1.29,3.86,1.47,1.24,1.04,0.6,0.76,0.79,0
1984,12,19,0,0,0,0.1,0.16,0.1,0,0.1,0,0.1,0,0,0,0,0
1984,12,20,0,0,0,0,0,0,0,0,0,0,0,0,0,0,0
1984,12,21,0,0,0,0,0,0,0,0,0,0,0,0,0,0,0
1984,12,22,0,0,0,0,0.1,0,0,0.1,0,0,0,0,0,0,0
1984,12,23,0,0,0,0,0.1,0,0,0.1,0,0,0,0,0,0,0
1984,12,24,0,0,0,0,0,0,0,0,0,0,0,0,0,0,0
1984,12,25,0,0,1.03,1.48,1.77,2.66,1.18,3.45,1.31,1.13,0.95,0.54,0.69,0.72,0
1984,12,26,0,0,0,0,0,0,0,0,0,0,0,0,0,0,0
1984,12,27,0,0,0,0,0,0,0,0,0,0,0,0,0,0,0
1984,12,28,0,0,0,0,0,0,0,0,0,0,0,0,0,0,0
1984,12,29,0,0,1.53,2.15,2.4,4.3,1.67,5.24,1.99,1.63,1.39,0.8,1.01,1.04,0
1984,12,30,0,0,0,0,0.1,0,0,0.1,0,0,0,0,0,0,0
1984,12,31,0,0,0,0.1,0.19,0.1,0,0.13,0,0.1,0,0,0,0,0
1985,1,1,0,0,0,0,0,0,0,0,0,0,0,0,0,0,0
1985,1,2,0,0,0,0,0,0,0,0,0,0,0,0,0,0,0
1985,1,3,0,0,0,0,0,0,0,0,0,0,0,0,0,0,0
1985,1,4,0,0,0.4,0.52,0.59,0.66,0.42,0.98,0.54,0.5,0.42,0.25,0.34,0.33,0
1985,1,5,0,0,0.53,0.69,0.76,1.05,0.56,1.41,0.74,0.64,0.54,0.35,0.45,0.44,0
1985,1,6,0,0,0,0,0,0,0,0,0,0,0,0,0,0,0
1985,1,7,0,0,0,0,0,0,0,0,0,0,0,0,0,0,0
1985,1,8,0,0,0,0,0,0,0,0,0,0,0,0,0,0,0
1985,1,9,0,0,0.85,1.08,1.14,2.11,0.87,2.49,1.19,0.94,0.83,0.58,0.69,0.69,0
1985,1,10,0,0,0.1,0.1,0.1,0,0.1,0.1,0.1,0.1,0.1,0,0.1,0,0
1985,1,11,0,0,0.11,0.16,0.22,0.1,0.13,0.23,0.15,0.2,0.14,0.1,0.11,0.1,0
1985,1,12,0,0,0.1,0.1,0.12,0.1,0.1,0.1,0.1,0.11,0.1,0.1,0.1,0.1,0
1985,1,13,0,0,1.64,2.07,2.09,5.3,1.64,5.58,2.35,1.68,1.53,1.15,1.28,1.29,0
1985,1,14,0,0.51,3.97,5,4.84,16.38,3.88,15.93,5.87,3.78,3.51,2.8,2.94,3.02,0.1
1985,1,15,0,0,0.1,0.1,0.1,0,0.1,0.1,0.1,0.1,0.1,0,0.1,0.1,0
1985,1,16,0,0,1.11,1.41,1.46,3.11,1.13,3.48,1.57,1.19,1.06,0.77,0.89,0.89,0
1985,1,17,0,0,0.1,0.1,0.1,0,0.1,0.1,0.1,0.1,0.1,0,0.1,0.1,0
1985,1,18,0,0,0,0,0,0,0,0,0,0,0,0,0,0,0
1985,1,19,0,0,0,0,0,0,0,0,0,0,0,0,0,0,0
1985,1,20,0,0,0,0,0,0,0,0,0,0,0,0,0,0,0
1985,1,21,0,0,0,0,0,0,0,0,0,0,0,0,0,0,0
1985,1,22,0,0,0.1,0.1,0.1,0,0.1,0.1,0.1,0.1,0.1,0,0.1,0.1,0
1985,1,23,0,0,0,0,0.1,0,0,0,0,0.1,0,0,0,0,0
1985,1,24,0,0,0,0,0,0,0,0,0,0,0,0,0,0,0
1985,1,25,0,0,0,0,0,0,0,0,0,0,0,0,0,0,0
1985,1,26,0.99,0,0,0,0,0,0,0,0,0,0,0,0,0,0
1985,1,27,0,0,0,0,0,0,0,0,0,0,0,0,0,0,0
1985,1,28,0,0,0,0,0,0,0,0,0,0,0,0,0,0,0
1985,1,29,0,0,0,0,0,0,0,0,0,0,0,0,0,0,0
1985,1,30,0,0,0,0,0,0,0,0,0,0,0,0,0,0,0
1985,1,31,0,0,0,0,0,0,0,0,0,0,0,0,0,0,0
1985,2,1,0,0,0,0,0,0,0,0,0,0,0,0,0,0,0
1985,2,2,0,0,0.1,0.1,0.1,0,0.1,0.1,0.1,0.1,0.1,0,0.1,0.1,0
1985,2,3,0,0,0.1,0.1,0.1,0,0.1,0.1,0.1,0.1,0.1,0.1,0.1,0.1,0
1985,2,4,0,0,0.12,0.14,0.21,0.1,0.12,0.1,0.15,0.18,0.12,0.1,0.1,0.1,0
1985,2,5,0,0,0.28,0.34,0.43,0.1,0.29,0.25,0.35,0.36,0.27,0.19,0.23,0.23,0
1985,2,6,0,0,0.31,0.38,0.47,0.1,0.32,0.29,0.39,0.4,0.3,0.22,0.26,0.25,0
1985,2,7,0,0,0.5,0.64,0.75,0.31,0.54,0.67,0.65,0.62,0.51,0.39,0.45,0.44,0
1985,2,8,0.1,0,1.17,1.58,1.76,1.91,1.3,2.55,1.57,1.4,1.24,1.05,1.12,1.12,0
1985,2,9,0,0,0.51,0.64,0.76,0.32,0.54,0.68,0.65,0.62,0.51,0.4,0.45,0.45,0
1985,2,10,0,0,0.21,0.26,0.33,0.1,0.22,0.16,0.27,0.28,0.21,0.13,0.17,0.17,0
1985,2,11,0,0.1,0.99,1.31,1.48,1.37,1.08,1.95,1.3,1.18,1.03,0.86,0.93,0.93,0
1985,2,12,0,0,0.83,1.09,1.24,0.97,0.9,1.48,1.09,1,0.86,0.71,0.77,0.77,0
1985,2,13,0,0,0,0,0,0,0,0,0,0,0,0,0,0,0
1985,2,14,0,0,0.63,0.81,0.94,0.54,0.68,0.95,0.81,0.77,0.64,0.51,0.57,0.57,0
1985,2,15,0,0,0.26,0.32,0.41,0.1,0.27,0.23,0.33,0.34,0.26,0.18,0.22,0.21,0
1985,2,16,0,0,0.1,0.12,0.17,0.1,0.1,0.1,0.13,0.15,0.1,0.1,0.1,0.1,0
1985,2,17,0,8.83,6.04,9.4,9.84,23.5,7.04,23.73,8.95,7.39,6.82,6.28,6.31,6.39,6.11
1985,2,18,0,0,0.79,1.02,1.17,0.87,0.85,1.37,1.02,0.95,0.81,0.66,0.73,0.72,0
1985,2,19,0,12.03,3.82,5.75,6.08,12.73,4.4,13.34,5.52,4.62,4.25,3.86,3.92,3.96,1.6
1985,2,20,0,0.2,2.81,4.11,4.39,8.14,3.2,8.86,3.98,3.37,3.08,2.76,2.83,2.86,0.19
1985,2,21,0,1.45,3.12,4.61,4.91,9.51,3.57,10.2,4.45,3.76,3.43,3.1,3.16,3.19,0.53
1985,2,22,0,1.81,4.2,6.37,6.71,14.49,4.85,15.05,6.11,5.1,4.68,4.27,4.32,4.37,2.3
1985,2,23,0,0.22,2.39,3.46,3.72,6.38,2.71,7.11,3.36,2.87,2.6,2.32,2.39,2.41,0
1985,2,24,0,0,0.45,0.56,0.67,0.24,0.47,0.54,0.57,0.55,0.44,0.34,0.39,0.39,0
1985,2,25,0,0,0.1,0.1,0.12,0,0.1,0.1,0.1,0.11,0.1,0.1,0.1,0.1,0
1985,2,26,0.1,0,0,0,0,0,0,0,0,0,0,0,0,0,0
1985,2,27,2.71,0,3.61,5.41,5.73,11.75,4.15,12.39,5.2,4.37,4,3.63,3.69,3.73,1.26
1985,2,28,0,0,1.58,2.2,2.4,3.24,1.76,3.95,2.16,1.88,1.69,1.46,1.54,1.54,0
1985,3,1,0,0,0,0,0,0,0,0,0,0,0,0,0,0,0
1985,3,2,0,0,0,0,0,0,0,0.1,0,0.1,0,0,0,0,0
1985,3,3,0,0,0,0,0,0,0,0,0,0,0,0,0,0,0
1985,3,4,0,0,0,0,0,0,0,0,0,0,0,0,0,0,0
1985,3,5,0,0,0,0,0,0,0,0,0,0,0,0,0,0,0
1985,3,6,0,0,0.37,0.4,0.47,0.19,0.36,0.43,0.41,0.53,0.38,0.3,0.34,0.34,0
1985,3,7,0,0,4.31,4.11,4.44,6.36,3.8,6.49,5.04,3.86,3.75,4.16,3.9,3.94,0.1
1985,3,8,0.9,0,1.17,1.16,1.3,1.03,1.07,1.44,1.31,1.22,1.09,1.02,1.05,1.05,0
1985,3,9,1.73,0,0,0,0,0,0,0.1,0,0.1,0,0,0,0,0
1985,3,10,0,0,2.6,2.51,2.72,3.25,2.32,3.56,2.98,2.42,2.31,2.41,2.34,2.35,0
1985,3,11,0,0,0,0,0,0,0,0,0,0,0,0,0,0,0
1985,3,12,0,0,0,0,0,0,0,0,0,0,0,0,0,0,0
1985,3,13,0,0.1,2.09,2.01,2.2,2.4,1.87,2.79,2.36,2,1.85,1.89,1.85,1.87,0
1985,3,14,0,0,2.62,2.52,2.73,3.27,2.34,3.59,3,2.43,2.32,2.43,2.35,2.36,0
1985,3,15,0,0,0.1,0.13,0.21,0.1,0.1,0.17,0.11,0.27,0.14,0.1,0.11,0.1,0
1985,3,16,0,0,0,0,0,0,0,0,0,0,0,0,0,0,0
1985,3,17,0,0,0,0,0,0,0,0,0,0,0,0,0,0,0
1985,3,18,0,0,0,0,0,0,0,0,0,0,0,0,0,0,0
1985,3,19,0.1,0,0,0,0,0,0,0,0,0,0,0,0,0,0
1985,3,20,0,0,0,0,0,0,0,0,0,0,0,0,0,0,0
1985,3,21,1.04,0,0,0,0,0,0,0,0,0.1,0,0,0,0,0
1985,3,22,0.51,0,0,0,0,0,0,0,0,0,0,0,0,0,0
1985,3,23,0.32,0,0,0,0,0,0,0,0,0,0,0,0,0,0
1985,3,24,0.33,0,0,0,0,0,0,0,0,0,0,0,0,0,0
1985,3,25,0,7.6,3.6,3.44,3.73,5.03,3.19,5.28,4.18,3.27,3.16,3.42,3.25,3.27,0
1985,3,26,0,0,0,0,0,0,0,0,0,0,0,0,0,0,0
1985,3,27,0,2.37,2.72,2.61,2.83,3.46,2.43,3.79,3.12,2.53,2.4,2.53,2.44,2.46,0
1985,3,28,0,0.1,1.99,1.92,2.09,2.24,1.79,2.61,2.24,1.91,1.78,1.79,1.77,1.78,0
1985,3,29,0.1,3.61,6.1,5.86,6.28,9.88,5.34,9.71,7.3,5.36,5.32,6.08,5.62,5.67,4.17
1985,3,30,0.8,0.3,6.04,5.8,6.22,9.78,5.29,9.62,7.23,5.32,5.27,6.02,5.56,5.62,3.95
1985,3,31,0.47,2.99,7,6.71,7.18,11.69,6.11,11.34,8.42,6.1,6.09,7.04,6.46,6.53,7.95
1985,4,1,0,7.71,8.52,7.55,8.62,9.79,8.02,10.04,8.27,7.03,6.69,6.49,6.57,6.77,4.25
1985,4,2,0,4.28,4.84,4.26,4.98,4.61,4.56,5.23,4.74,4.06,3.92,3.64,3.76,3.89,0
1985,4,3,0,0,1,0.93,1.35,0.43,0.95,1.07,1.08,1.1,1,0.77,0.85,0.89,0
1985,4,4,0,0,3.02,2.69,3.29,2.33,2.84,3.09,3.02,2.68,2.58,2.28,2.39,2.48,0
1985,4,5,0,0,1.91,1.72,2.2,1.17,1.8,1.9,1.95,1.79,1.72,1.44,1.54,1.6,0
1985,4,6,0,0,3.14,2.79,3.39,2.48,2.96,3.2,3.13,2.76,2.66,2.36,2.48,2.57,0
1985,4,7,0,9.88,5.88,5.22,6.06,5.96,5.54,6.56,5.77,4.94,4.74,4.47,4.58,4.73,0.1
1985,4,8,0,13.46,10.5,9.4,10.57,12.72,9.89,12.72,10.24,8.63,8.22,8.11,8.15,8.39,9.3
1985,4,9,1.28,0,2.02,1.8,2.29,1.29,1.9,2.04,2.05,1.86,1.79,1.51,1.62,1.68,0
1985,4,10,0,7.15,7.04,6.29,7.24,7.66,6.63,8.16,6.92,5.91,5.64,5.4,5.49,5.67,1.37
1985,4,11,0,1.59,7.95,7.03,7.98,8.92,7.48,9.12,7.73,6.51,6.25,6.05,6.14,6.33,2.84
1985,4,12,0,0,1.38,1.32,1.78,0.7,1.3,1.46,1.49,1.45,1.36,1.08,1.17,1.23,0
1985,4,13,0,0,6.16,5.45,6.29,6.37,5.8,6.84,6.02,5.13,4.93,4.67,4.78,4.94,0.1
1985,4,14,4.66,0,0,0.1,0.3,0,0,0.23,0.1,0.25,0.11,0.1,0.1,0.1,0
1985,4,15,12.01,0,0,0,0,0,0,0,0,0,0,0,0,0,0
1985,4,16,7.24,0,6.07,5.37,6.21,6.23,5.72,6.74,5.94,5.06,4.86,4.61,4.72,4.87,0.1
1985,4,17,8.9,0,3.03,2.7,3.3,2.34,2.86,3.11,3.04,2.69,2.59,2.29,2.4,2.49,0
1985,4,18,1.33,0,2.49,2.26,2.85,1.79,2.35,2.63,2.53,2.32,2.2,1.89,2,2.08,0
1985,4,19,1.9,0.42,7.71,6.84,7.79,8.55,7.26,8.84,7.52,6.35,6.09,5.88,5.97,6.16,2.26
1985,4,20,0.1,0.66,16.28,14.62,16.14,21.65,15.29,20.6,15.81,13.16,12.49,12.66,12.59,12.95,27.52
1985,4,21,0.54,0,0,0,0,0,0,0,0,0,0,0,0,0,0
1985,4,22,5.59,0,0,0,0,0,0,0,0,0,0,0,0,0,0
1985,4,23,2.89,0,0,0,0,0,0,0,0,0,0,0,0,0,0
1985,4,24,0.76,0,0.88,0.84,1.2,0.34,0.82,0.93,0.97,0.97,0.91,0.69,0.76,0.8,0
1985,4,25,1,0,0,0,0,0,0,0,0,0,0,0,0,0,0
1985,4,26,0,3.21,5.85,5.2,6.03,5.91,5.51,6.53,5.74,4.92,4.72,4.45,4.56,4.71,0
1985,4,27,0,18.25,8.56,7.61,8.68,9.87,8.06,10.12,8.33,7.08,6.74,6.55,6.62,6.83,4.37
1985,4,28,2.07,2.01,2.32,2.06,2.65,1.62,2.19,2.42,2.32,2.16,2.03,1.72,1.83,1.9,0
1985,4,29,0.69,0,0.1,0.18,0.47,0,0.1,0.34,0.17,0.38,0.27,0.1,0.13,0.15,0
1985,4,30,4.22,0,0,0,0,0,0,0,0,0,0,0,0,0,0
1985,5,1,0,0,0,0,0,0,0,0,0,0,0,0,0,0,0
1985,5,2,0.1,0,0,0,0,0,0,0.1,0,0,0,0,0,0,0
1985,5,3,6.48,0,0,0,0,0,0,0.1,0,0,0,0,0,0,0
1985,5,4,0,0,2.97,2.81,3.42,1.58,3.05,2.27,3.19,2.88,2.87,2.35,2.67,2.74,0
1985,5,5,7.04,0.27,3.08,2.9,3.51,1.67,3.15,2.36,3.29,2.96,2.96,2.43,2.75,2.82,0
1985,5,6,6.45,0,2.27,2.21,2.83,1.05,2.38,1.78,2.54,2.35,2.25,1.83,2.12,2.14,0
1985,5,7,6.79,0,0,0.56,1.08,0,0,0.62,0.63,0.84,0.44,0.37,0.52,0.4,0
1985,5,8,11.81,0,0,0,0,0,0,0.19,0,0.2,0,0,0,0,0
1985,5,9,1.61,0,1.45,1.57,2.15,0.5,1.61,1.26,1.8,1.75,1.55,1.27,1.5,1.47,0
1985,5,10,0,2.86,8.25,7.83,8.04,7.19,7.85,7.24,8.26,7.28,7.63,6.48,6.89,7.33,2.18
1985,5,11,1.87,0,1.44,1.56,2.14,0.49,1.6,1.26,1.79,1.74,1.54,1.26,1.5,1.46,0
1985,5,12,5.49,0,2.67,2.56,3.17,1.32,2.76,2.04,2.91,2.66,2.6,2.13,2.44,2.48,0
1985,5,13,0.79,0,3.15,2.96,3.56,1.73,3.21,2.42,3.36,3.01,3.02,2.48,2.81,2.88,0
1985,5,14,2.86,0,5.63,5.26,5.73,4.15,5.49,4.57,5.72,5.05,5.25,4.39,4.78,5.03,0
1985,5,15,78.66,0,12.16,11.82,11.53,12.27,11.33,11.67,12.08,10.75,11.21,9.68,10.06,10.79,8.97
1985,5,16,19.1,3.19,6.35,5.98,6.39,4.94,6.14,5.28,6.42,5.69,5.9,4.97,5.36,5.65,0.1
1985,5,17,36.65,3.12,7.59,7.2,7.49,6.38,7.25,6.55,7.63,6.75,7.02,5.96,6.36,6.74,1.32
1985,5,18,12.25,2.06,5.72,5.34,5.81,4.25,5.57,4.66,5.81,5.12,5.33,4.46,4.85,5.11,0
1985,5,19,2.76,12.74,9.01,8.63,8.76,8.14,8.53,8.07,9.03,7.99,8.34,7.13,7.53,8.02,3.33
1985,5,20,11.05,14.63,8.14,7.72,7.95,7.06,7.75,7.12,8.16,7.2,7.53,6.4,6.8,7.23,2.04
1985,5,21,0.52,3.51,8.11,7.7,7.93,7.03,7.73,7.1,8.14,7.18,7.51,6.38,6.79,7.21,2.01
1985,5,22,1.54,5.48,9.09,8.71,8.82,8.25,8.61,8.15,9.11,8.05,8.41,7.19,7.59,8.09,3.45
1985,5,23,4.83,19.38,8.2,7.79,8.01,7.14,7.81,7.19,8.22,7.25,7.59,6.45,6.86,7.29,2.12
1985,5,24,6.65,1.17,7.74,7.36,7.63,6.57,7.4,6.71,7.79,6.89,7.18,6.09,6.5,6.89,1.54
1985,5,25,13.54,0,4.53,4.21,4.76,3,4.48,3.56,4.66,4.12,4.25,3.53,3.9,4.07,0
1985,5,26,13.25,0,5.61,5.25,5.72,4.13,5.47,4.56,5.71,5.04,5.23,4.38,4.77,5.02,0
1985,5,27,4.51,0,0.99,1.21,1.77,0.19,1.16,1.01,1.38,1.43,1.15,0.94,1.15,1.08,0
1985,5,28,6.35,0,4.71,4.37,4.92,3.19,4.65,3.73,4.83,4.28,4.41,3.66,4.04,4.22,0
1985,5,29,10.66,3.82,12.32,12.01,11.69,12.49,11.47,11.87,12.25,10.91,11.35,9.83,10.2,10.93,9.34
1985,5,30,10.88,5.17,9.39,8.98,9.06,8.62,8.87,8.48,9.38,8.29,8.67,7.42,7.82,8.34,3.88
1985,5,31,2.9,8.24,9.87,9.48,9.5,9.23,9.29,9.03,9.83,8.73,9.1,7.8,8.19,8.75,4.68
1985,6,1,20.27,0,2.07,2.03,2.59,0.73,2.24,1.44,2.17,2.28,2.02,1.84,2.11,2.05,0
1985,6,2,4.41,0,3.02,2.84,3.47,1.41,3.1,2.06,3.06,2.97,2.84,2.52,2.82,2.81,0
1985,6,3,11,0,2.58,2.46,3.05,1.07,2.7,1.76,2.64,2.64,2.46,2.2,2.49,2.45,0
1985,6,4,31.77,0,2.66,2.53,3.13,1.13,2.77,1.81,2.72,2.7,2.53,2.26,2.55,2.52,0
1985,6,5,44.9,0,4.73,4.35,5.13,2.88,4.6,3.37,4.7,4.26,4.32,3.76,4.08,4.16,0.1
1985,6,6,50.47,0.28,2.84,2.69,3.3,1.27,2.94,1.93,2.9,2.84,2.69,2.4,2.69,2.67,0
1985,6,7,56.22,0,1.71,1.73,2.27,0.51,1.91,1.23,1.83,2.03,1.71,1.59,1.85,1.76,0
1985,6,8,15.49,0.7,4.13,3.82,4.55,2.34,4.08,2.89,4.13,3.81,3.81,3.33,3.65,3.7,0
1985,6,9,13.27,0.25,3.01,2.83,3.46,1.4,3.09,2.05,3.05,2.96,2.83,2.51,2.81,2.8,0
1985,6,10,1.15,0,3.53,3.28,3.96,1.82,3.55,2.43,3.55,3.35,3.29,2.89,3.2,3.22,0
1985,6,11,0.56,0,0.93,1.1,1.62,0.1,1.16,0.84,1.1,1.52,1.02,1.05,1.26,1.11,0
1985,6,12,3.29,0.84,5.96,5.45,6.36,4.07,5.65,4.42,5.88,5.21,5.38,4.66,4.98,5.12,0.98
1985,6,13,0,5.19,6.55,5.98,6.96,4.67,6.15,4.95,6.44,5.67,5.89,5.09,5.41,5.58,1.66
1985,6,14,1.6,0,4.37,4.03,4.78,2.55,4.29,3.08,4.36,3.99,4.02,3.5,3.82,3.88,0
1985,6,15,0.1,0,3.39,3.16,3.82,1.7,3.43,2.32,3.41,3.24,3.16,2.79,3.1,3.1,0
1985,6,16,0,1.79,7.99,7.28,8.41,6.19,7.36,6.29,7.82,6.79,7.12,6.14,6.44,6.69,3.71
1985,6,17,0,0,2.87,2.71,3.33,1.29,2.97,1.96,2.93,2.86,2.72,2.42,2.71,2.69,0
1985,6,18,0.97,1.27,7.55,6.88,7.96,5.71,6.99,5.87,7.4,6.45,6.75,5.82,6.13,6.35,3.03
1985,6,19,0,0.53,4.58,4.21,4.99,2.74,4.47,3.25,4.55,4.15,4.19,3.66,3.97,4.05,0.1
1985,6,20,0,0,2.71,2.57,3.18,1.17,2.82,1.84,2.77,2.74,2.57,2.3,2.59,2.56,0
1985,6,21,0,0,1.46,1.52,2.05,0.37,1.67,1.09,1.59,1.85,1.48,1.41,1.65,1.55,0
1985,6,22,0,3.55,6.6,6.03,7.01,4.72,6.19,5,6.49,5.71,5.94,5.13,5.45,5.62,1.72
1985,6,23,0,0,0,0.56,1.07,0,0.53,0.57,0.48,1.08,0.43,0.58,0.73,0.55,0
1985,6,24,0,0,0,0.41,0.92,0,0,0.5,0,0.96,0,0.45,0.59,0,0
1985,6,25,14.51,1.24,8.06,7.34,8.48,6.26,7.42,6.35,7.89,6.84,7.18,6.19,6.49,6.74,3.82
1985,6,26,1.29,0,1.18,1.3,1.83,0.23,1.41,0.96,1.34,1.68,1.24,1.23,1.45,1.33,0
1985,6,27,13.19,0.77,1.29,1.39,1.92,0.28,1.52,1.01,1.44,1.75,1.34,1.3,1.53,1.42,0
1985,6,28,3.73,0,1.98,1.95,2.51,0.67,2.16,1.38,2.08,2.21,1.94,1.78,2.04,1.97,0
1985,6,29,14.1,7.76,5.08,4.66,5.48,3.21,4.9,3.66,5.03,4.53,4.63,4.02,4.34,4.44,0.25
1985,6,30,1.84,0,3.13,2.94,3.58,1.5,3.2,2.14,3.17,3.05,2.94,2.61,2.91,2.9,0
1985,7,1,3.94,0,0,0.41,1.55,0,0,0.52,0.31,0.85,0,0.6,0.51,0,0
1985,7,2,4.41,0.14,0.71,1.02,2.04,0,0.77,0.8,0.99,1.35,1.02,1.1,1.12,1.01,0
1985,7,3,2.3,5.15,6.21,5.22,5.95,3.75,5.65,4.24,5.79,4.91,5.11,4.59,4.87,4.91,0.76
1985,7,4,3.56,0,0,0,1.29,0,0,0.4,0,0.58,0,0.36,0,0,0
1985,7,5,4.92,0.1,0,0,1.14,0,0,0.34,0,0.45,0,0,0,0,0
1985,7,6,0,0,0,0,0,0,0,0.1,0,0,0,0,0,0,0
1985,7,7,0,0,0,0,0,0,0,0.1,0,0,0,0,0,0,0
1985,7,8,12.99,0,0,0,0.5,0,0,0.1,0,0,0,0,0,0,0
1985,7,9,5.84,0,0.48,0.84,1.9,0,0.54,0.71,0.78,1.21,0.82,0.96,0.94,0.82,0
1985,7,10,12,0,0,0,0.72,0,0,0.18,0,0,0,0,0,0,0
1985,7,11,12.33,0,0,0.29,1.44,0,0,0.47,0,0.74,0,0.5,0,0,0
1985,7,12,11.02,0,0,0,0.89,0,0,0.24,0,0,0,0,0,0,0
1985,7,13,8.6,0,5.15,4.41,5.17,2.84,4.79,3.44,4.86,4.22,4.37,3.91,4.18,4.21,0.13
1985,7,14,1.27,1.21,5.72,4.85,5.59,3.32,5.26,3.87,5.36,4.59,4.77,4.27,4.55,4.59,0.42
1985,7,15,5.05,0,2.77,2.57,3.43,1.02,2.77,1.82,2.77,2.66,2.64,2.37,2.58,2.58,0
1985,7,16,5.87,3.29,1.61,1.68,2.62,0.34,1.7,1.19,1.76,1.9,1.75,1.64,1.77,1.73,0
1985,7,17,0,2.43,6.55,5.49,6.19,4.06,5.92,4.51,6.08,5.13,5.35,4.81,5.09,5.13,1.03
1985,7,18,0,3.12,1.7,1.75,2.68,0.39,1.79,1.23,1.84,1.96,1.82,1.69,1.83,1.8,0
1985,7,19,0,5.93,5.85,4.95,5.69,3.44,5.37,3.97,5.48,4.68,4.87,4.36,4.64,4.68,0.51
1985,7,20,0.78,6.8,10.18,8.27,8.82,7.55,8.76,7.54,9.24,7.47,7.82,7.13,7.39,7.43,5.01
1985,7,21,6.04,0,8.3,6.83,7.46,5.69,7.31,5.93,7.61,6.27,6.55,5.93,6.21,6.25,2.74
1985,7,22,4.37,0,0,0,0,0,0,0.1,0,0,0,0,0,0,0
1985,7,23,1,0,0,0,1.27,0,0,0.39,0,0.57,0,0.34,0,0,0
1985,7,24,0.77,0.29,4.35,3.79,4.59,2.18,4.13,2.86,4.16,3.7,3.8,3.39,3.65,3.68,0
1985,7,25,0,4.96,5.22,4.46,5.22,2.9,4.85,3.49,4.92,4.27,4.42,3.95,4.23,4.26,0.16
1985,7,26,0,0,0,0,0,0,0,0.1,0,0,0,0,0,0,0
1985,7,27,1.16,0,1.24,1.4,2.37,0.17,1.32,1.01,1.44,1.67,1.46,1.41,1.5,1.44,0
1985,7,28,0,5.51,5.94,5.02,5.75,3.52,5.44,4.04,5.56,4.74,4.93,4.42,4.7,4.74,0.57
1985,7,29,4.54,0,3.26,2.95,3.79,1.36,3.21,2.13,3.21,2.98,3.01,2.69,2.92,2.93,0
1985,7,30,8.25,0,3.14,2.85,3.7,1.27,3.1,2.05,3.1,2.9,2.92,2.61,2.83,2.84,0
1985,7,31,24.35,7.75,9.86,8.03,8.59,7.23,8.52,7.27,8.96,7.27,7.61,6.93,7.19,7.23,4.61
1985,8,1,6.23,20.85,16.82,13.58,14.9,14.45,14.99,13.64,15.66,12.73,12.69,11.28,11.98,12.38,14.86
1985,8,2,1.22,0,0,0,0,0,0,0.1,0,0,0,0,0,0,0
1985,8,3,0,0,0.63,1.02,2.17,0,0,0.83,1.04,1.44,0.95,1.01,1.17,1.06,0
1985,8,4,0.72,8.23,8.28,6.87,8,5.6,7.7,5.86,8.01,6.68,6.84,5.95,6.53,6.73,2.56
1985,8,5,13.55,2.18,0,0,1.29,0,0,0.38,0,0.52,0,0,0,0,0
1985,8,6,17.98,0,1.05,1.31,2.42,0.1,0.92,0.98,1.44,1.68,1.35,1.29,1.51,1.44,0
1985,8,7,19.05,0,1.34,1.51,2.6,0.17,1.23,1.09,1.69,1.85,1.59,1.47,1.71,1.66,0
1985,8,8,11.04,0,0,0,0,0,0,0,0,0,0,0,0,0,0
1985,8,9,34.37,0,0,0.29,1.58,0,0,0.51,0,0.82,0,0,0,0,0
1985,8,10,1.69,0,6.02,5.1,6.18,3.53,5.71,4.04,5.97,5.07,5.22,4.51,5.02,5.16,0.57
1985,8,11,7.19,0,2.12,2.08,3.14,0.58,2.07,1.46,2.4,2.35,2.25,1.97,2.29,2.29,0
1985,8,12,0,15.82,5.4,4.61,5.68,2.99,5.14,3.57,5.4,4.63,4.76,4.11,4.59,4.72,0.22
1985,8,13,0.93,1.26,4.24,3.7,4.75,2.04,4.09,2.75,4.34,3.81,3.9,3.36,3.8,3.88,0
1985,8,14,0,0,0,0,1.32,0,0,0.4,0,0.55,0,0,0,0,0
1985,8,15,0,1.79,5.04,4.33,5.39,2.68,4.82,3.31,5.07,4.37,4.5,3.88,4.35,4.46,0.1
1985,8,16,11.39,0,0,0,0,0,0,0.1,0,0,0,0,0,0,0
1985,8,17,2.99,0,4.02,3.54,4.59,1.88,3.89,2.6,4.14,3.66,3.74,3.22,3.65,3.73,0
1985,8,18,1.49,22.19,20.85,16.73,18.14,18.92,18.38,17.57,19.23,15.57,15.37,13.74,14.48,14.97,21.86
1985,8,19,0,19.66,17.18,13.87,15.2,14.85,15.3,13.99,15.98,12.99,12.93,11.5,12.21,12.62,15.48
1985,8,20,15.09,0,5.2,4.46,5.52,2.82,4.97,3.43,5.22,4.49,4.62,3.98,4.46,4.58,0.14
1985,8,21,13.1,6.37,7.02,5.89,6.99,4.43,6.59,4.83,6.88,5.79,5.95,5.15,5.69,5.86,1.33
1985,8,22,0,4.85,5.84,4.96,6.04,3.37,5.55,3.91,5.8,4.95,5.09,4.4,4.9,5.04,0.46
1985,8,23,0,17.98,17.28,13.94,15.28,14.95,15.38,14.08,16.07,13.06,13,11.56,12.27,12.68,15.64
1985,8,24,8.98,39.03,19.09,15.37,16.74,16.96,16.91,15.85,17.68,14.34,14.21,12.67,13.4,13.85,18.76
1985,8,25,8.64,4.26,7.64,6.37,7.48,4.99,7.13,5.32,7.43,6.22,6.38,5.54,6.1,6.29,1.89
1985,8,26,7.65,7.23,9.91,8.15,9.32,7.19,9.11,7.25,9.48,7.84,7.98,6.98,7.59,7.83,4.46
1985,8,27,7.16,0,0,0,0.78,0,0,0.2,0,0,0,0,0,0,0
1985,8,28,0.17,0,1.99,1.98,3.04,0.5,1.94,1.39,2.28,2.26,2.14,1.89,2.19,2.18,0
1985,8,29,10.83,5.65,10.79,8.84,10.03,8.07,9.87,8.03,10.27,8.46,8.59,7.53,8.16,8.42,5.61
1985,8,30,4.95,1.24,2.15,2.1,3.15,0.59,2.09,1.47,2.42,2.37,2.27,1.99,2.31,2.31,0
1985,8,31,28.22,2.79,7.71,6.42,7.54,5.06,7.2,5.38,7.5,6.27,6.43,5.59,6.15,6.34,1.97
1985,9,1,16.3,13.32,14.12,11.74,13.32,12.14,12.74,11.66,13.7,11.58,11.71,10.87,11.35,11.42,12.36
1985,9,2,13.29,29.58,13.84,11.52,13.09,11.83,12.5,11.38,13.44,11.36,11.51,10.65,11.15,11.22,11.83
1985,9,3,7.58,24.66,15.88,13.2,14.82,14.18,14.28,13.5,15.38,13.01,13.04,12.3,12.68,12.71,16
1985,9,4,21.33,4.28,9.85,8.23,9.71,7.45,8.99,7.45,9.64,8.17,8.45,7.48,8.14,8.26,4.74
1985,9,5,3.33,12.88,26.43,21.96,23.72,27.08,23.4,25.18,25.43,21.59,20.83,20.91,20.5,20.28,40.95
1985,9,6,1.16,52.67,22.72,18.88,20.6,22.44,20.21,20.98,21.9,18.56,18.11,17.86,17.76,17.64,31.7
1985,9,7,7.44,17.01,10.93,9.11,10.62,8.59,9.94,8.47,10.66,9.02,9.28,8.33,8.95,9.07,6.47
1985,9,8,1.1,15.16,11,9.17,10.68,8.67,10.01,8.54,10.73,9.08,9.34,8.39,9.01,9.12,6.6
1985,9,9,9.72,0,5.37,4.6,5.95,3.1,4.95,3.59,5.41,4.69,4.89,4.05,4.7,4.82,0.1
1985,9,10,2.8,0,0,0,1.85,0,0,0.61,0,0.93,0,0,0,0,0
1985,9,11,0,0,0,0,1.83,0,0,0.61,0,0.92,0,0,0,0,0
1985,9,12,0.54,0,2.84,2.63,3.96,1.14,2.52,1.91,3.07,2.89,2.7,2.25,2.71,2.74,0
1985,9,13,0,0,6.02,5.11,6.49,3.67,5.55,4.1,6.01,5.18,5.42,4.53,5.2,5.33,0.3
1985,9,14,5.68,0,0,0,1.41,0,0,0.44,0,0.54,0,0,0,0,0
1985,9,15,0.56,0,0,0,0,0,0,0,0,0,0,0,0,0,0
1985,9,16,0,0,2.54,2.41,3.75,0.95,2.21,1.76,2.81,2.7,2.42,2.06,2.48,2.48,0
1985,9,17,0,12.18,17.58,14.61,16.25,16.18,15.76,15.31,17,14.38,14.31,13.67,13.94,13.94,19.68
1985,9,18,7.33,20.03,10.36,8.65,10.14,7.98,9.44,7.93,10.12,8.57,8.85,7.88,8.52,8.64,5.54
1985,9,19,24.01,10.18,9.68,8.09,9.56,7.27,8.84,7.29,9.48,8.04,8.32,7.35,8.01,8.13,4.49
1985,9,20,19.13,19.42,16.15,13.43,15.04,14.5,14.52,13.78,15.64,13.22,13.24,12.51,12.88,12.91,16.58
1985,9,21,2.78,0,0,0,1.23,0,0,0.38,0,0,0,0,0,0,0
1985,9,22,0,0,0,0,1.27,0,0,0.39,0,0.42,0,0,0,0,0
1985,9,23,18.06,0,0,0,0.82,0,0,0.23,0,0,0,0,0,0,0
1985,9,24,11.54,0,0,0,1.72,0,0,0.56,0,0.8,0,0,0,0,0
1985,9,25,1.21,20.42,18.49,15.36,17.02,17.27,16.55,16.29,17.86,15.12,14.99,14.41,14.62,14.6,21.73
1985,9,26,0,0,9.66,8.08,9.55,7.25,8.82,7.27,9.46,8.02,8.31,7.33,7.99,8.12,4.45
1985,9,27,2.11,0,10.9,9.09,10.6,8.56,9.92,8.45,10.64,9,9.26,8.31,8.93,9.05,6.43
1985,9,28,15.95,0,0,0,0,0,0,0,0,0,0,0,0,0,0
1985,9,29,42.2,0,8.78,7.35,8.8,6.33,8.03,6.45,8.62,7.32,7.61,6.64,7.32,7.45,3.18
1985,9,30,7.41,5.02,16.98,14.11,15.74,15.47,15.24,14.66,16.42,13.89,13.86,13.18,13.5,13.51,18.36
1985,10,1,20.96,4.47,13.2,12.56,12.95,17.03,12.94,16.75,14.79,12,12.81,12.42,11.9,12.29,19.82
1985,10,2,11.15,1.26,8.09,7.49,8.25,8.42,8.01,8.72,8.73,7.24,7.44,6.9,7.01,7.11,5.59
1985,10,3,8.24,0,5.92,5.42,6.3,5.28,5.94,5.8,6.26,5.31,5.26,4.76,5.01,5.04,1.54
1985,10,4,0.1,0.1,4.33,3.95,4.91,3.27,4.44,3.93,4.5,3.97,3.72,3.31,3.61,3.59,0.1
1985,10,5,13.33,0,0,0,1.24,0,0,0.46,0,0.63,0,0.11,0,0,0
1985,10,6,18.09,0,3.52,3.24,4.23,2.39,3.69,3.1,3.65,3.32,2.97,2.63,2.93,2.9,0
1985,10,7,6.44,0,0,0.29,1.46,0,0,0.58,0,0.82,0,0.26,0,0.19,0
1985,10,8,3.9,0,0,0,0.21,0,0,0.1,0,0,0,0,0,0,0
1985,10,9,0.1,0,0,0,0,0,0,0.1,0,0,0,0,0,0,0
1985,10,10,0,0,0,0,0.4,0,0,0.13,0,0,0,0,0,0,0
1985,10,11,0,0,0,0,0.79,0,0,0.25,0,0.26,0,0,0,0,0
1985,10,12,0.17,0,1.84,1.87,2.9,0.92,2.17,1.7,1.99,2.09,1.52,1.4,1.6,1.59,0
1985,10,13,0,1.19,11.51,10.86,11.39,14.05,11.31,13.96,12.76,10.4,11.01,10.55,10.26,10.55,14.61
1985,10,14,4.79,5.36,18.05,17.5,17.48,26.12,17.63,25.27,20.7,16.68,18.06,18.01,16.69,17.4,36.55
1985,10,15,7.7,27.33,23.11,22.75,22.23,36.19,22.54,34.74,26.97,21.66,23.64,24.05,21.77,22.86,55.89
1985,10,16,0,30.25,21.33,20.89,20.56,32.6,20.82,31.36,24.76,19.91,21.68,21.91,19.98,20.93,48.93
1985,10,17,0,0.3,9.8,9.16,9.82,11.15,9.66,11.26,10.73,8.81,9.21,8.7,8.62,8.81,9.8
1985,10,18,0,0.77,7.67,7.08,7.87,7.78,7.61,8.12,8.24,6.86,7.01,6.48,6.61,6.7,4.68
1985,10,19,0,1.79,3.87,3.55,4.52,2.76,4.01,3.45,4.02,3.6,3.3,2.92,3.22,3.2,0
1985,10,20,0,0,0,0.24,1.41,0,0,0.55,0,0.78,0,0.23,0,0.14,0
1985,10,21,0,0,4.48,4.09,5.04,3.45,4.58,4.09,4.67,4.09,3.86,3.44,3.74,3.73,0.1
1985,10,22,0,0,1.21,1.42,2.47,0.54,1.64,1.31,1.45,1.71,1.04,1.04,1.17,1.17,0
1985,10,23,0,0,0,0,0,0,0,0.1,0,0,0,0,0,0,0
1985,10,24,0,0,0,0,0.47,0,0,0.15,0,0,0,0,0,0,0
1985,10,25,0,0,1.06,1.32,2.38,0.47,1.52,1.23,1.33,1.62,0.93,0.96,1.08,1.08,0
1985,10,26,0,0,3.58,3.29,4.27,2.44,3.74,3.15,3.71,3.36,3.02,2.68,2.97,2.95,0
1985,10,27,0,0,3.68,3.38,4.36,2.56,3.84,3.26,3.82,3.45,3.12,2.77,3.06,3.04,0
1985,10,28,0,0,1.44,1.57,2.62,0.66,1.82,1.44,1.64,1.84,1.2,1.16,1.32,1.32,0
1985,10,29,0,0,0,0,0.3,0,0,0.1,0,0,0,0,0,0,0
1985,10,30,0,0,0,0,0.78,0,0,0.25,0,0.25,0,0,0,0,0
1985,10,31,0,0,4.9,4.48,5.41,3.96,4.98,4.57,5.13,4.45,4.27,3.82,4.11,4.11,0.36
1985,11,1,0,4.16,11.51,13.9,12.97,33.72,10.93,35,15.68,10.96,9.85,9.14,9.36,9.28,8.55
1985,11,2,0,0.71,7.36,8.63,8.32,18.42,7.01,19.51,9.52,6.93,6.28,5.55,5.81,5.76,0.5
1985,11,3,0,0,0.4,0.64,1.1,0.47,0.5,1.01,0.44,0.69,0.48,0.3,0.39,0.35,0
1985,11,4,0,0,0.54,0.78,1.23,0.62,0.63,1.19,0.57,0.8,0.59,0.38,0.48,0.44,0
1985,11,5,0,0,0,0,0.32,0.1,0,0.16,0,0.1,0,0,0,0,0
1985,11,6,0,0,0.1,0.32,0.75,0.16,0.16,0.57,0.13,0.41,0.2,0.12,0.17,0.13,0
1985,11,7,0,0,0,0,0,0,0,0,0,0,0,0,0,0,0
1985,11,8,0,0,1.15,1.38,1.81,1.44,1.19,2.16,1.21,1.29,1.08,0.75,0.89,0.85,0
1985,11,9,0,0,5.26,6.05,6.04,11.54,5.04,12.58,6.52,4.94,4.49,3.81,4.07,4.02,0
1985,11,10,0,0,11.11,13.39,12.51,32.19,10.56,33.41,15.09,10.58,9.51,8.79,9.02,8.94,7.56
1985,11,11,0,10.21,19.31,24.13,21.93,65.81,18.32,67.44,27.72,18.78,16.62,16.17,16.26,16.07,32.42
1985,11,12,0,26.08,16.39,20.27,18.55,53.43,15.56,54.93,23.19,15.84,14.09,13.52,13.66,13.52,22.84
1985,11,13,0,6.18,14.06,17.21,15.87,43.85,13.35,45.21,19.58,13.5,12.06,11.41,11.6,11.48,15.66
1985,11,14,0,0,7.66,9,8.65,19.45,7.3,20.55,9.96,7.21,6.54,5.81,6.06,6.01,0.82
1985,11,15,0,0,0,0,0.1,0,0,0.1,0,0,0,0,0,0,0
1985,11,16,0,0,5.22,6,6,11.42,5,12.45,6.47,4.91,4.46,3.78,4.03,3.99,0
1985,11,17,2.99,0,4.33,4.94,5.05,8.77,4.16,9.77,5.23,4.08,3.71,3.07,3.31,3.27,0
1985,11,18,0,0.1,7.13,8.35,8.07,17.64,6.8,18.73,9.19,6.71,6.09,5.36,5.62,5.57,0.3
1985,11,19,0,0,0,0,0.16,0,0,0.1,0,0,0,0,0,0,0
1985,11,20,0,0,0,0,0.1,0,0,0.1,0,0,0,0,0,0,0
1985,11,21,0,0,0,0.22,0.65,0.1,0.1,0.45,0.1,0.33,0.11,0.1,0.11,0.1,0
1985,11,22,0.1,0,1.1,1.32,1.76,1.36,1.14,2.07,1.15,1.25,1.03,0.71,0.85,0.81,0
1985,11,23,0,0,6.86,8.01,7.78,16.72,6.54,17.79,8.8,6.45,5.85,5.13,5.39,5.34,0.13
1985,11,24,0,7.07,15.12,18.59,17.08,48.15,14.35,49.6,21.2,14.55,12.97,12.36,12.53,12.4,18.85
1985,11,25,0,0.39,2.53,2.85,3.18,4.11,2.47,5,2.85,2.46,2.2,1.69,1.9,1.86,0
1985,11,26,0,0,0,0,0.16,0,0,0.1,0,0,0,0,0,0,0
1985,11,27,0,0,0,0.1,0.37,0.1,0,0.2,0,0.12,0,0,0,0,0
1985,11,28,0,0,0,0.21,0.63,0.1,0.1,0.43,0.1,0.31,0.1,0.1,0.1,0.1,0
1985,11,29,0,0,0.5,0.73,1.19,0.57,0.58,1.13,0.52,0.76,0.55,0.35,0.45,0.41,0
1985,11,30,0,0,0,0,0,0,0,0,0,0,0,0,0,0,0
1985,12,1,0,0,0,0,0,0,0,0,0,0,0,0,0,0,0
1985,12,2,0,0,0.42,0.69,0.99,0.93,0.56,1.57,0.55,0.52,0.41,0.22,0.29,0.33,0
1985,12,3,0,0,0,0,0,0,0,0,0,0,0,0,0,0,0
1985,12,4,0,0,0,0,0,0,0,0,0,0,0,0,0,0,0
1985,12,5,0,0,2.27,3.14,3.32,7,2.38,8.02,2.99,2.36,2.03,1.19,1.48,1.49,0
1985,12,6,0,0,2.41,3.33,3.49,7.54,2.5,8.53,3.16,2.5,2.14,1.26,1.57,1.57,0
1985,12,7,0,0,0,0.1,0.23,0.1,0.1,0.19,0.1,0.1,0,0,0,0,0
1985,12,8,0,0,0.1,0.27,0.55,0.26,0.21,0.65,0.16,0.2,0.13,0.1,0.1,0.11,0
1985,12,9,0,0,0,0,0,0,0,0,0,0,0,0,0,0,0
1985,12,10,0,0,0,0,0,0,0,0,0,0,0,0,0,0,0
1985,12,11,0.1,0,0,0,0,0,0,0,0,0,0,0,0,0,0
1985,12,12,0,0,0,0,0.1,0,0,0.1,0,0,0,0,0,0,0
1985,12,13,0,0,0,0,0.1,0,0,0.1,0,0,0,0,0,0,0
1985,12,14,0,0,0,0,0,0,0,0,0,0,0,0,0,0,0
1985,12,15,0,0,0,0,0.1,0,0,0.1,0,0,0,0,0,0,0
1985,12,16,0,0,0.76,1.13,1.43,1.86,0.91,2.59,0.96,0.86,0.71,0.4,0.51,0.55,0
1985,12,17,0,0,0.98,1.41,1.7,2.48,1.12,3.29,1.25,1.07,0.9,0.51,0.65,0.68,0
1985,12,18,0.24,0,0,0,0.1,0,0,0.1,0,0,0,0,0,0,0
1985,12,19,0,0,0,0.1,0.14,0,0,0.1,0,0,0,0,0,0,0
1985,12,20,0,0,0,0,0,0,0,0,0,0,0,0,0,0,0
1985,12,21,0,0,0,0,0,0,0,0,0,0,0,0,0,0,0
1985,12,22,0,0,0,0.1,0.23,0.1,0.1,0.19,0.1,0.1,0,0,0,0,0
1985,12,23,0,0,1.44,2.02,2.28,3.98,1.58,4.89,1.85,1.53,1.3,0.75,0.95,0.97,0
1985,12,24,0,0,0,0.1,0.2,0.1,0,0.14,0,0.1,0,0,0,0,0
1985,12,25,0,0,4.46,6.2,6.1,16.22,4.44,17.35,6.07,4.59,3.94,2.32,2.87,2.84,0
1985,12,26,0,0,6.43,9.02,8.67,25.41,6.29,26.63,8.95,6.62,5.69,3.33,4.11,4.05,0
1985,12,27,0,0,0.24,0.45,0.74,0.52,0.37,1.03,0.32,0.34,0.25,0.12,0.17,0.2,0
1985,12,28,0,0,0.1,0.17,0.43,0.14,0.12,0.47,0.1,0.13,0.1,0.1,0.1,0.1,0
1985,12,29,0,0,0,0,0,0,0,0,0,0,0,0,0,0,0
1985,12,30,0,0,0.12,0.29,0.57,0.29,0.23,0.7,0.18,0.22,0.14,0.1,0.1,0.12,0
1985,12,31,0,0,0.49,0.78,1.09,1.12,0.63,1.75,0.63,0.59,0.47,0.25,0.34,0.37,0
1986,1,1,0,0,0,0,0,0,0,0,0,0,0,0,0,0,0
1986,1,2,0,0,0,0,0,0,0,0,0,0,0,0,0,0,0
1986,1,3,0,0,0,0.1,0.1,0,0,0.1,0.1,0.1,0.1,0,0,0,0
1986,1,4,0,0,0,0,0.1,0,0,0,0,0.1,0,0,0,0,0
1986,1,5,0,0,0.37,0.49,0.55,0.59,0.39,0.9,0.51,0.47,0.39,0.23,0.32,0.31,0
1986,1,6,0,0,0.1,0.1,0.1,0.1,0.1,0.1,0.1,0.1,0.1,0.1,0.1,0.1,0
1986,1,7,0,0,0,0,0,0,0,0,0,0,0,0,0,0,0
1986,1,8,0,0,0,0,0,0,0,0,0,0,0,0,0,0,0
1986,1,9,0,0,0,0,0,0,0,0,0,0,0,0,0,0,0
1986,1,10,0,0,0,0,0,0,0,0,0,0,0,0,0,0,0
1986,1,11,0,0,0.4,0.52,0.59,0.67,0.42,0.99,0.55,0.5,0.42,0.25,0.35,0.34,0
1986,1,12,0,0,0,0,0,0,0,0,0,0,0,0,0,0,0
1986,1,13,0,0,0,0,0,0,0,0,0,0,0,0,0,0,0
1986,1,14,0,0,0,0,0,0,0,0,0,0,0,0,0,0,0
1986,1,15,0,0,0,0,0.1,0,0,0.1,0,0.1,0,0,0,0,0
1986,1,16,0,0,0,0,0,0,0,0,0,0,0,0,0,0,0
1986,1,17,0,0,0,0,0,0,0,0,0,0,0,0,0,0,0
1986,1,18,0,0,0,0,0,0,0,0,0,0,0,0,0,0,0
1986,1,19,0,0,0,0,0,0,0,0,0,0,0,0,0,0,0
1986,1,20,0,0,0.86,1.1,1.15,2.15,0.88,2.53,1.21,0.95,0.84,0.59,0.7,0.7,0
1986,1,21,0,0,1.13,1.43,1.47,3.18,1.14,3.54,1.59,1.2,1.07,0.78,0.9,0.9,0
1986,1,22,0,0,2.6,3.28,3.23,9.7,2.57,9.72,3.79,2.55,2.35,1.83,1.97,2.01,0
1986,1,23,0,0,0.1,0.1,0.1,0.1,0.1,0.1,0.1,0.1,0.1,0.1,0.1,0.1,0
1986,1,24,0,0,0,0,0,0,0,0,0,0,0,0,0,0,0
1986,1,25,0,0,0,0,0,0,0,0,0,0,0,0,0,0,0
1986,1,26,0,0,0,0,0.1,0,0,0.1,0,0.1,0,0,0,0,0
1986,1,27,0,0,0.77,0.98,1.04,1.84,0.79,2.22,1.07,0.86,0.76,0.52,0.63,0.63,0
1986,1,28,0,0,0.1,0.16,0.21,0.1,0.12,0.22,0.15,0.19,0.13,0.1,0.1,0.1,0
1986,1,29,0,0,0.1,0.1,0.1,0.1,0.1,0.1,0.1,0.1,0.1,0.1,0.1,0.1,0
1986,1,30,0,0,0.1,0.1,0.11,0.1,0.1,0.1,0.1,0.11,0.1,0.1,0.1,0.1,0
1986,1,31,0,0,0,0,0,0,0,0,0,0,0,0,0,0,0
1986,2,1,0,0,1.05,1.42,1.58,1.56,1.16,2.15,1.41,1.27,1.1,0.93,1,1,0
1986,2,2,0,0,0,0,0,0,0,0,0,0,0,0,0,0,0
1986,2,3,0.69,0,0,0,0,0,0,0,0,0,0,0,0,0,0
1986,2,4,0,0,0,0,0,0,0,0,0,0,0,0,0,0,0
1986,2,5,0,0,0,0,0,0,0,0,0,0,0,0,0,0,0
1986,2,6,0,0,0.22,0.26,0.34,0.1,0.23,0.17,0.27,0.29,0.21,0.14,0.18,0.17,0
1986,2,7,0,0,0.35,0.43,0.52,0.12,0.37,0.37,0.44,0.44,0.35,0.25,0.3,0.29,0
1986,2,8,0.31,0,0,0,0,0,0,0,0,0,0,0,0,0,0
1986,2,9,1.44,0,0,0,0,0,0,0,0,0,0,0,0,0,0
1986,2,10,0,0,0,0,0,0,0,0,0,0,0,0,0,0,0
1986,2,11,0.1,0,0,0,0,0,0,0,0,0,0,0,0,0,0
1986,2,12,0,0,0,0,0,0,0,0,0,0,0,0,0,0,0
1986,2,13,0,0,0,0,0,0,0,0,0,0,0,0,0,0,0
1986,2,14,0,0,0,0,0,0,0,0,0,0,0,0,0,0,0
1986,2,15,0,0,0,0,0,0,0,0,0,0,0,0,0,0,0
1986,2,16,0,0,0,0,0,0,0,0,0,0,0,0,0,0,0
1986,2,17,0,0,0.17,0.22,0.28,0.1,0.18,0.11,0.22,0.24,0.17,0.11,0.13,0.13,0
1986,2,18,0,5.44,1.64,2.28,2.49,3.45,1.83,4.17,2.24,1.96,1.75,1.53,1.6,1.61,0
1986,2,19,0.25,0,0,0.1,0.1,0,0,0,0,0.1,0,0,0,0,0
1986,2,20,0,0.15,2.89,4.26,4.54,8.51,3.3,9.22,4.11,3.48,3.17,2.85,2.92,2.95,0.27
1986,2,21,0,0,0,0,0,0,0,0,0,0,0,0,0,0,0
1986,2,22,0,0,0,0,0,0,0,0,0,0,0,0,0,0,0
1986,2,23,0.1,0,0.23,0.28,0.36,0.1,0.24,0.19,0.29,0.3,0.23,0.15,0.19,0.18,0
1986,2,24,0,0,0.1,0.11,0.15,0,0.1,0.1,0.11,0.13,0.1,0.1,0.1,0.1,0
1986,2,25,0,0,0.3,0.37,0.46,0.1,0.31,0.27,0.38,0.39,0.29,0.21,0.25,0.25,0
1986,2,26,0,0,0,0,0,0,0,0,0,0,0,0,0,0,0
1986,2,27,0,0,0,0,0,0,0,0,0,0,0,0,0,0,0
1986,2,28,0,0,0.32,0.4,0.49,0.1,0.34,0.31,0.41,0.41,0.32,0.23,0.27,0.26,0
1986,3,1,0,0.11,4.12,3.95,4.24,6,3.64,6.12,4.83,3.69,3.6,3.97,3.74,3.77,0
1986,3,2,0,6.32,4.39,4.2,4.54,6.52,3.87,6.65,5.16,3.94,3.84,4.25,3.99,4.03,0.1
1986,3,3,0,0.25,0.65,0.67,0.78,0.41,0.61,0.75,0.72,0.77,0.64,0.54,0.59,0.59,0
1986,3,4,0,0,0,0.1,0.1,0,0,0.1,0.1,0.1,0.1,0.1,0.1,0.1,0
1986,3,5,0,0.14,0.56,0.6,0.71,0.34,0.53,0.68,0.64,0.71,0.57,0.47,0.53,0.52,0
1986,3,6,0.1,0.2,1.48,1.43,1.6,1.48,1.34,1.88,1.64,1.49,1.33,1.29,1.3,1.31,0
1986,3,7,0,3.99,3.56,3.4,3.69,4.96,3.15,5.2,4.12,3.24,3.11,3.38,3.2,3.23,0
1986,3,8,19.05,0,0,0,0,0,0,0,0,0.1,0,0,0,0,0
1986,3,9,4.71,0,0,0.1,0.1,0,0,0.1,0.1,0.1,0.1,0.1,0.1,0.1,0
1986,3,10,0.38,0,0,0,0,0,0,0,0,0,0,0,0,0,0
1986,3,11,2.63,0.1,0.85,0.84,0.95,0.65,0.78,1,0.92,0.95,0.79,0.7,0.75,0.75,0
1986,3,12,1.44,0,0,0.1,0.1,0,0,0.1,0.1,0.1,0.1,0.1,0.1,0.1,0
1986,3,13,1.57,0,1.05,1.06,1.2,0.89,0.97,1.31,1.18,1.14,1,0.91,0.96,0.95,0
1986,3,14,0,0,0.74,0.75,0.85,0.52,0.69,0.83,0.81,0.85,0.71,0.62,0.67,0.66,0
1986,3,15,0,0,0.16,0.22,0.3,0.1,0.17,0.24,0.22,0.34,0.22,0.15,0.19,0.18,0
1986,3,16,0,0,0.1,0.1,0.15,0.1,0.1,0.13,0.1,0.23,0.1,0.1,0.1,0.1,0
1986,3,17,0,0,0.34,0.37,0.44,0.17,0.33,0.39,0.38,0.5,0.36,0.28,0.32,0.31,0
1986,3,18,0,0,0,0,0,0,0,0,0,0.1,0,0,0,0,0
1986,3,19,0,0,0.24,0.28,0.36,0.1,0.23,0.28,0.28,0.39,0.28,0.2,0.24,0.23,0
1986,3,20,0,0,0,0,0,0,0,0,0,0,0,0,0,0,0
1986,3,21,0,0,0.52,0.56,0.67,0.31,0.49,0.63,0.59,0.68,0.54,0.43,0.49,0.48,0
1986,3,22,0,0,0,0.1,0.1,0,0,0.1,0.1,0.1,0.1,0.1,0.1,0.1,0
1986,3,23,0,0,1.12,1.12,1.26,0.95,1.02,1.38,1.25,1.18,1.05,0.97,1.01,1,0
1986,3,24,0,0,0,0,0,0,0,0,0,0.1,0,0,0,0,0
1986,3,25,0,0,0.33,0.36,0.44,0.16,0.32,0.37,0.37,0.49,0.35,0.27,0.31,0.31,0
1986,3,26,0,0,0.57,0.6,0.71,0.34,0.54,0.68,0.64,0.72,0.58,0.48,0.53,0.52,0
1986,3,27,0,0,0.69,0.7,0.81,0.46,0.64,0.79,0.76,0.8,0.67,0.57,0.63,0.62,0
1986,3,28,0,0,0.26,0.3,0.38,0.1,0.25,0.29,0.3,0.41,0.3,0.21,0.26,0.25,0
1986,3,29,0,0,1.68,1.65,1.82,1.75,1.52,2.19,1.9,1.66,1.53,1.5,1.51,1.51,0
1986,3,30,0.39,0,0.42,0.43,0.53,0.23,0.4,0.49,0.45,0.57,0.42,0.33,0.37,0.37,0
1986,3,31,5.55,0.87,0.98,0.97,1.11,0.8,0.9,1.2,1.07,1.07,0.91,0.82,0.87,0.86,0
1986,4,1,0.41,0,1.04,0.96,1.39,0.46,0.98,1.11,1.11,1.13,1.02,0.79,0.87,0.91,0
1986,4,2,0,0,0,0,0,0,0,0.1,0,0,0,0,0,0,0
1986,4,3,1.43,1.62,5.03,4.41,5.19,4.87,4.73,5.51,4.91,4.23,4.05,3.77,3.89,4.02,0
1986,4,4,0.1,0,14.46,12.97,14.36,18.8,13.65,18.07,14.05,11.72,11.15,11.23,11.2,11.51,21.53
1986,4,5,0,0,0,0,0,0,0,0,0,0,0,0,0,0,0
1986,4,6,0,0.71,5.36,4.76,5.6,5.33,5.04,6,5.27,4.57,4.36,4.07,4.18,4.32,0
1986,4,7,0,7.83,16.7,14.97,16.5,22.37,15.7,21.07,16.19,13.45,12.78,12.98,12.9,13.26,28.8
1986,4,8,0,0,0,0,0,0,0,0,0,0,0,0,0,0,0
1986,4,9,0,0,0.18,0.34,0.65,0.1,0.17,0.45,0.37,0.53,0.42,0.25,0.28,0.31,0
1986,4,10,0,6.02,5.07,4.44,5.24,4.92,4.77,5.57,4.94,4.27,4.07,3.8,3.92,4.05,0
1986,4,11,0,0,0.45,0.54,0.86,0.1,0.43,0.59,0.6,0.7,0.61,0.42,0.47,0.5,0
1986,4,12,0,0,0,0,0,0,0,0,0,0,0,0,0,0,0
1986,4,13,0,0,0.81,0.79,1.13,0.28,0.76,0.86,0.91,0.92,0.86,0.64,0.71,0.75,0
1986,4,14,0,0.1,2.46,2.22,2.82,1.76,2.32,2.59,2.5,2.29,2.17,1.86,1.97,2.05,0
1986,4,15,0,0,0,0,0,0,0,0.1,0,0,0,0,0,0,0
1986,4,16,0,0,0,0,0.1,0,0,0.1,0,0.1,0,0,0,0,0
1986,4,17,4.58,0,0.1,0.1,0.35,0,0.1,0.25,0.1,0.28,0.15,0.1,0.1,0.1,0
1986,4,18,4.38,5.37,9.23,8.21,9.28,10.76,8.69,10.89,8.99,7.57,7.24,7.08,7.15,7.36,5.82
1986,4,19,5.44,0,0,0,0.1,0,0,0.1,0,0.1,0,0,0,0,0
1986,4,20,10.92,0.58,5.4,4.81,5.65,5.38,5.08,6.07,5.32,4.61,4.4,4.11,4.22,4.36,0
1986,4,21,21.63,0,2.35,2.09,2.68,1.65,2.22,2.45,2.35,2.18,2.06,1.75,1.86,1.93,0
1986,4,22,1.12,0.29,4.14,3.69,4.41,3.65,3.9,4.48,4.11,3.6,3.44,3.14,3.26,3.37,0
1986,4,23,0.65,0,4.55,4.03,4.75,4.21,4.29,4.86,4.48,3.87,3.72,3.44,3.55,3.67,0
1986,4,24,0,0,0,0,0.1,0,0,0.1,0,0.1,0,0,0,0,0
1986,4,25,0.15,0,0,0.1,0.26,0,0,0.2,0.1,0.21,0.1,0.1,0.1,0.1,0
1986,4,26,13.12,0,0,0,0.1,0,0,0.1,0,0.1,0,0,0,0,0
1986,4,27,4.75,0,0,0,0,0,0,0,0,0,0,0,0,0,0
1986,4,28,2.75,0,0.1,0.1,0.38,0,0.1,0.28,0.1,0.31,0.19,0.1,0.1,0.1,0
1986,4,29,3.06,0,0,0,0,0,0,0,0,0,0,0,0,0,0
1986,4,30,3.33,0,0,0,0.1,0,0,0.1,0,0.1,0,0,0,0,0
1986,5,1,3.55,0,0,0.7,1.22,0.1,0.54,0.7,0.78,0.96,0.58,0.49,0.65,0.54,0
1986,5,2,11.99,0.1,5.38,5.04,5.53,3.88,5.26,4.33,5.5,4.86,5.03,4.21,4.59,4.82,0
1986,5,3,4.07,0,0.44,0.78,1.32,0.1,0.64,0.75,0.89,1.04,0.68,0.57,0.74,0.63,0
1986,5,4,12.5,0,0,0,0,0,0,0.1,0,0,0,0,0,0,0
1986,5,5,0,0,0,0,0,0,0,0.1,0,0,0,0,0,0,0
1986,5,6,0,0,0,0.54,1.06,0,0,0.6,0.6,0.82,0.41,0.35,0.5,0.37,0
1986,5,7,0,0,0.55,0.86,1.4,0.1,0.74,0.8,0.98,1.11,0.77,0.64,0.82,0.72,0
1986,5,8,0,0,2.42,2.34,2.96,1.15,2.53,1.88,2.68,2.47,2.38,1.94,2.24,2.26,0
1986,5,9,0,0,2.09,2.06,2.68,0.93,2.21,1.67,2.37,2.22,2.1,1.71,1.99,1.99,0
1986,5,10,0,0,2.28,2.22,2.84,1.06,2.4,1.79,2.55,2.36,2.26,1.84,2.13,2.15,0
1986,5,11,0,0,0,0.16,0.65,0,0,0.37,0,0.47,0,0,0,0,0
1986,5,12,0,0,0,0.13,0.63,0,0,0.36,0,0.45,0,0,0,0,0
1986,5,13,4.46,0,3.16,2.97,3.57,1.74,3.22,2.42,3.37,3.02,3.03,2.49,2.82,2.89,0
1986,5,14,13.18,0,1.47,1.57,2.16,0.51,1.62,1.27,1.81,1.76,1.56,1.27,1.51,1.48,0
1986,5,15,2.72,0,3.82,3.58,4.16,2.31,3.83,2.95,3.99,3.57,3.62,2.99,3.34,3.45,0
1986,5,16,0,0,3.47,3.23,3.84,2.01,3.51,2.67,3.65,3.27,3.3,2.71,3.05,3.15,0
1986,5,17,1.02,0,0,0.61,1.13,0,0,0.64,0.68,0.88,0.49,0.41,0.57,0.44,0
1986,5,18,6.62,0,1.15,1.33,1.9,0.29,1.31,1.08,1.52,1.54,1.29,1.05,1.27,1.21,0
1986,5,19,8.76,0,5.47,5.12,5.61,3.98,5.35,4.42,5.58,4.93,5.11,4.28,4.66,4.9,0
1986,5,20,6.83,4.18,10.63,10.25,10.16,10.23,9.97,9.88,10.6,9.38,9.81,8.43,8.83,9.44,6.01
1986,5,21,23.13,0.58,7.78,7.4,7.67,6.63,7.44,6.74,7.83,6.92,7.22,6.13,6.53,6.93,1.6
1986,5,22,15.99,0,5.3,4.97,5.47,3.79,5.19,4.26,5.43,4.8,4.96,4.15,4.53,4.75,0
1986,5,23,3.69,0,3.86,3.61,4.2,2.34,3.87,2.98,4.03,3.6,3.65,3.02,3.37,3.49,0
1986,5,24,0.37,0,1.67,1.73,2.33,0.64,1.81,1.4,2,1.9,1.74,1.42,1.67,1.64,0
1986,5,25,2.37,26.63,15.36,15.18,14.38,16.7,14.15,15.51,15.25,13.6,14.16,12.36,12.69,13.66,15.81
1986,5,26,7,15.64,12.24,11.92,11.61,12.38,11.4,11.77,12.16,10.83,11.28,9.75,10.13,10.86,9.16
1986,5,27,2.42,4.02,10.79,10.4,10.3,10.44,10.12,10.08,10.75,9.52,9.95,8.56,8.96,9.58,6.28
1986,5,28,15.19,14.51,14.97,14.8,14.07,16.16,13.82,15.05,14.89,13.29,13.82,12.06,12.39,13.33,15.05
1986,5,29,2.58,3.78,11.25,10.92,10.75,11.04,10.52,10.62,11.22,9.97,10.38,8.96,9.35,10,7.25
1986,5,30,0.1,18.31,13.07,12.78,12.34,13.51,12.14,12.74,13,11.55,12.05,10.45,10.82,11.62,10.8
1986,5,31,1.05,5.83,18.64,18.68,17.33,21.44,17.03,19.61,18.51,16.59,17.2,15.13,15.39,16.6,23.64
1986,6,1,3.92,0,3.58,3.33,4.01,1.86,3.6,2.47,3.6,3.39,3.33,2.93,3.24,3.26,0
1986,6,2,23.4,0,1.07,1.22,1.74,0.17,1.3,0.91,1.24,1.61,1.15,1.15,1.37,1.23,0
1986,6,3,2.31,0,1.61,1.65,2.18,0.45,1.82,1.17,1.74,1.96,1.62,1.52,1.77,1.67,0
1986,6,4,1.52,1.87,5.52,5.05,5.92,3.63,5.27,4.03,5.45,4.87,5,4.34,4.66,4.78,0.57
1986,6,5,8.16,0,4.65,4.28,5.06,2.81,4.53,3.31,4.63,4.21,4.26,3.71,4.03,4.11,0.1
1986,6,6,1.41,0,0,0,0.29,0,0,0.24,0,0.45,0,0,0,0,0
1986,6,7,6.26,0,0.52,0.76,1.28,0,0.76,0.66,0.71,1.25,0.65,0.75,0.92,0.76,0
1986,6,8,37.43,0,0,0,0,0,0,0.11,0,0,0,0,0,0,0
1986,6,9,0.49,0,2.81,2.66,3.27,1.25,2.91,1.91,2.87,2.81,2.66,2.37,2.67,2.64,0
1986,6,10,0.74,0,0.67,0.88,1.41,0.1,0.91,0.73,0.86,1.35,0.78,0.86,1.05,0.89,0
1986,6,11,4.16,0,0,0,0,0,0,0.1,0,0,0,0,0,0,0
1986,6,12,0.66,0,0,0,0.6,0,0,0.36,0,0.7,0,0,0,0,0
1986,6,13,0,0.1,3.78,3.51,4.2,2.03,3.77,2.62,3.79,3.54,3.51,3.08,3.39,3.42,0
1986,6,14,0,0.1,2.75,2.61,3.22,1.2,2.86,1.87,2.81,2.77,2.61,2.33,2.62,2.59,0
1986,6,15,6.82,0.1,1.33,1.41,1.94,0.3,1.55,1.03,1.47,1.77,1.37,1.32,1.56,1.44,0
1986,6,16,9.23,0.1,2.65,2.52,3.12,1.13,2.77,1.8,2.71,2.69,2.52,2.25,2.54,2.51,0
1986,6,17,19.49,1.95,4.48,4.13,4.89,2.65,4.38,3.17,4.46,4.07,4.11,3.58,3.9,3.97,0.1
1986,6,18,5.74,0,4.16,3.84,4.57,2.36,4.1,2.91,4.15,3.83,3.83,3.35,3.67,3.72,0
1986,6,19,0,0,0,0,0,0,0,0.1,0,0,0,0,0,0,0
1986,6,20,5.71,0,2.19,2.13,2.7,0.81,2.35,1.51,2.28,2.36,2.12,1.93,2.2,2.14,0
1986,6,21,0,0,4.97,4.56,5.38,3.11,4.81,3.57,4.93,4.45,4.54,3.94,4.26,4.36,0.19
1986,6,22,5.41,10.71,13.23,12.05,13.79,12.21,11.68,11.59,12.85,10.9,11.59,9.95,10.15,10.68,13.96
1986,6,23,11.51,26.23,11.69,10.64,12.2,10.38,10.42,9.98,11.38,9.69,10.28,8.83,9.07,9.51,10.64
1986,6,24,3.33,0,5.7,5.22,6.1,3.82,5.43,4.2,5.63,5.01,5.17,4.47,4.8,4.93,0.73
1986,6,25,15.77,0,2.91,2.75,3.37,1.33,3,1.98,2.96,2.89,2.75,2.45,2.74,2.73,0
1986,6,26,19.79,2.29,7.82,7.12,8.24,6,7.22,6.13,7.66,6.66,6.98,6.01,6.32,6.56,3.44
1986,6,27,13.48,0,1.83,1.82,2.37,0.58,2.02,1.29,1.94,2.11,1.81,1.67,1.93,1.85,0
1986,6,28,5.55,0,1,1.15,1.68,0.13,1.23,0.87,1.17,1.56,1.08,1.1,1.31,1.17,0
1986,6,29,4.56,0,3.71,3.45,4.14,1.97,3.71,2.57,3.73,3.49,3.45,3.03,3.34,3.36,0
1986,6,30,1.22,3.68,7.8,7.1,8.21,5.98,7.2,6.11,7.64,6.64,6.96,6,6.3,6.54,3.41
1986,7,1,0,4.47,6.05,5.1,5.83,3.62,5.53,4.12,5.65,4.81,5.01,4.49,4.77,4.81,0.65
1986,7,2,0.82,5.41,7.98,6.59,7.24,5.39,7.06,5.67,7.33,6.06,6.34,5.72,6.01,6.05,2.4
1986,7,3,0,7.65,8.15,6.71,7.36,5.55,7.19,5.81,7.48,6.17,6.45,5.83,6.11,6.15,2.58
1986,7,4,0,0,1.41,1.54,2.49,0.25,1.51,1.09,1.59,1.78,1.6,1.52,1.63,1.58,0
1986,7,5,0,0,1.38,1.51,2.46,0.23,1.47,1.08,1.57,1.76,1.57,1.49,1.6,1.55,0
1986,7,6,0,0.1,4.26,3.72,4.52,2.11,4.06,2.8,4.08,3.64,3.74,3.33,3.59,3.62,0
1986,7,7,0,1.15,2.89,2.66,3.52,1.1,2.88,1.9,2.88,2.74,2.73,2.45,2.66,2.67,0
1986,7,8,2.51,1.96,3.09,2.82,3.67,1.24,3.06,2.02,3.06,2.87,2.88,2.58,2.8,2.81,0
1986,7,9,0,0,0,0,1.12,0,0,0.33,0,0.43,0,0,0,0,0
1986,7,10,0.41,1.76,2.96,2.71,3.57,1.15,2.94,1.94,2.94,2.78,2.78,2.49,2.71,2.71,0
1986,7,11,1.21,0,1.19,1.37,2.34,0.15,1.26,0.99,1.4,1.64,1.42,1.38,1.47,1.4,0
1986,7,12,7.33,0,0,0,0,0,0,0,0,0,0,0,0,0,0
1986,7,13,4.17,0,0,0,0,0,0,0.1,0,0,0,0,0,0,0
1986,7,14,24.6,0.11,3.22,2.92,3.76,1.33,3.17,2.1,3.17,2.95,2.98,2.66,2.89,2.9,0
1986,7,15,38.06,1.43,1.08,1.29,2.27,0.1,1.15,0.95,1.31,1.57,1.33,1.31,1.39,1.32,0
1986,7,16,33.88,0,0.28,0.68,1.76,0,0,0.64,0.6,1.08,0.65,0.82,0.78,0.65,0
1986,7,17,6.22,0,3.93,3.47,4.28,1.86,3.78,2.57,3.79,3.42,3.5,3.12,3.37,3.39,0
1986,7,18,0,0,3.73,3.31,4.13,1.7,3.61,2.44,3.62,3.29,3.35,2.99,3.23,3.25,0
1986,7,19,1.43,0,1.6,1.67,2.61,0.34,1.69,1.18,1.75,1.9,1.74,1.63,1.76,1.72,0
1986,7,20,0.13,0,6.08,5.13,5.85,3.64,5.55,4.15,5.68,4.83,5.03,4.51,4.79,4.83,0.67
1986,7,21,0,2.7,5.91,5,5.73,3.49,5.42,4.02,5.53,4.72,4.91,4.4,4.68,4.72,0.55
1986,7,22,5.2,0.95,2.79,2.59,3.45,1.04,2.79,1.84,2.79,2.67,2.66,2.39,2.59,2.6,0
1986,7,23,2.59,0,3.6,3.21,4.04,1.6,3.5,2.35,3.5,3.2,3.26,2.91,3.15,3.16,0
1986,7,24,2.03,0,0,0,1.42,0,0,0.46,0,0.72,0,0.48,0,0,0
1986,7,25,0,0,0,0,0.68,0,0,0.17,0,0,0,0,0,0,0
1986,7,26,0.25,0,0.92,1.18,2.17,0.1,0.99,0.88,1.18,1.48,1.21,1.23,1.28,1.19,0
1986,7,27,0.84,0.37,5.25,4.48,5.24,2.92,4.87,3.51,4.95,4.29,4.44,3.97,4.24,4.28,0.17
1986,7,28,5.5,0,3.96,3.49,4.3,1.87,3.8,2.59,3.82,3.44,3.52,3.14,3.39,3.41,0
1986,7,29,15.69,0,0,0,0,0,0,0.1,0,0,0,0,0,0,0
1986,7,30,11.42,1.9,6.35,5.33,6.05,3.88,5.77,4.36,5.91,5.01,5.21,4.68,4.96,5,0.87
1986,7,31,13.5,0,5.09,4.37,5.13,2.79,4.75,3.4,4.81,4.19,4.33,3.87,4.14,4.18,0.11
1986,8,1,4.31,0,2.73,2.54,3.59,0.96,2.67,1.79,2.96,2.76,2.74,2.37,2.73,2.76,0
1986,8,2,7.53,0,0,0,0.73,0,0,0.18,0,0,0,0,0,0,0
1986,8,3,0,0.42,2.36,2.26,3.31,0.72,2.31,1.59,2.62,2.51,2.44,2.13,2.46,2.48,0
1986,8,4,0,0,0.59,0.98,2.14,0,0,0.81,1,1.41,0.91,0.98,1.13,1.02,0
1986,8,5,5.96,0,0,0,0,0,0,0.1,0,0,0,0,0,0,0
1986,8,6,5.63,0,0,0.55,1.79,0,0,0.62,0.46,1.06,0,0.58,0.66,0,0
1986,8,7,0,0,1.56,1.67,2.74,0.28,1.49,1.19,1.89,1.99,1.78,1.61,1.88,1.85,0
1986,8,8,6.04,0,0,0.37,1.65,0,0,0.55,0,0.9,0,0.41,0,0,0
1986,8,9,0.55,0,0,0.39,1.67,0,0,0.56,0,0.92,0,0.43,0,0,0
1986,8,10,0,2.56,8.93,7.38,8.53,6.23,8.26,6.41,8.6,7.14,7.3,6.36,6.95,7.17,3.28
1986,8,11,3.25,23.93,26.35,21.06,22.6,25.2,22.97,23.16,24.11,19.47,18.99,17.1,17.86,18.47,32.11
1986,8,12,0,0,0,0,0,0,0,0,0,0,0,0,0,0,0
1986,8,13,1.46,0,4.86,4.19,5.25,2.54,4.66,3.18,4.91,4.25,4.37,3.76,4.23,4.33,0.1
1986,8,14,23.33,0,0,0,1.39,0,0,0.43,0,0.63,0,0,0,0,0
1986,8,15,18.36,5.15,7.08,5.93,7.03,4.47,6.64,4.87,6.92,5.82,5.98,5.19,5.73,5.9,1.37
1986,8,16,36.87,0.4,4.05,3.56,4.61,1.9,3.92,2.62,4.17,3.68,3.76,3.23,3.66,3.74,0
1986,8,17,7.98,0.83,7.32,6.12,7.23,4.7,6.86,5.07,7.15,6,6.16,5.34,5.89,6.07,1.6
1986,8,18,0,0,2.3,2.22,3.27,0.69,2.25,1.55,2.56,2.47,2.39,2.09,2.42,2.43,0
1986,8,19,0,1.9,6.82,5.73,6.82,4.24,6.41,4.67,6.69,5.64,5.8,5.02,5.56,5.72,1.16
1986,8,20,0,0,5.9,5.01,6.08,3.42,5.6,3.95,5.86,4.99,5.13,4.44,4.94,5.08,0.49
1986,8,21,0,8.82,9.78,8.05,9.21,7.06,9,7.14,9.36,7.74,7.89,6.9,7.5,7.75,4.3
1986,8,22,1.48,3.79,10.64,8.72,9.91,7.92,9.74,7.89,10.13,8.35,8.49,7.44,8.06,8.32,5.41
1986,8,23,0.57,6.88,8.84,7.31,8.45,6.14,8.18,6.33,8.52,7.08,7.23,6.31,6.89,7.11,3.17
1986,8,24,2.06,0,0,0.38,1.66,0,0,0.55,0,0.91,0,0.42,0,0,0
1986,8,25,1.71,0.21,5.71,4.86,5.93,3.26,5.43,3.81,5.68,4.85,4.99,4.31,4.81,4.94,0.38
1986,8,26,0.42,0,6.27,5.3,6.38,3.75,5.93,4.23,6.19,5.25,5.4,4.67,5.19,5.34,0.73
1986,8,27,0.92,11.67,6.16,5.21,6.29,3.65,5.83,4.15,6.09,5.17,5.32,4.6,5.11,5.26,0.66
1986,8,28,0,0,0.48,0.9,2.08,0,0,0.78,0.9,1.35,0.82,0.9,1.05,0.92,0
1986,8,29,4.53,4.48,5.59,4.77,5.84,3.16,5.32,3.72,5.58,4.77,4.91,4.24,4.73,4.86,0.32
1986,8,30,0,0,0,0,1.13,0,0,0.32,0,0.38,0,0,0,0,0
1986,8,31,18.07,4.42,8.12,6.75,7.87,5.45,7.56,5.72,7.87,6.56,6.73,5.85,6.42,6.62,2.38
1986,9,1,5.11,2.07,5.67,4.83,6.2,3.36,5.23,3.82,5.69,4.92,5.13,4.27,4.93,5.05,0.11
1986,9,2,6.17,40.5,19.48,16.18,17.85,18.46,17.4,17.37,18.81,15.92,15.72,15.21,15.36,15.31,23.98
1986,9,3,2.9,59.83,19.29,16.02,17.69,18.23,17.24,17.16,18.62,15.76,15.58,15.05,15.21,15.17,23.54
1986,9,4,0,0,8.02,6.73,8.16,5.57,7.36,5.78,7.91,6.73,7.02,6.06,6.74,6.87,2.21
1986,9,5,0,0,4.99,4.29,5.64,2.77,4.6,3.31,5.05,4.41,4.57,3.77,4.4,4.51,0
1986,9,6,0,8.31,13,10.82,12.37,10.87,11.76,10.52,12.63,10.68,10.86,9.98,10.51,10.6,10.18
1986,9,7,6,7.24,10.88,9.07,10.57,8.54,9.9,8.42,10.62,8.99,9.25,8.29,8.91,9.03,6.39
1986,9,8,0,23.47,13.81,11.49,13.06,11.79,12.47,11.34,13.4,11.33,11.48,10.62,11.12,11.2,11.75
1986,9,9,0.96,21.64,12.16,10.12,11.66,9.93,11.02,9.68,11.83,10.01,10.23,9.31,9.88,9.98,8.62
1986,9,10,1.26,34.16,19.68,16.35,18.02,18.71,17.58,17.59,19,16.08,15.87,15.37,15.51,15.46,24.45
1986,9,11,0.68,4.15,7.45,6.27,7.68,5.01,6.84,5.28,7.37,6.29,6.57,5.62,6.3,6.44,1.55
1986,9,12,10.32,0.21,4.28,3.73,5.07,2.19,3.93,2.81,4.39,3.89,3.97,3.25,3.84,3.94,0
1986,9,13,0,2.26,7.93,6.66,8.09,5.49,7.28,5.7,7.82,6.66,6.95,5.99,6.67,6.81,2.1
1986,9,14,3.08,1.02,3.89,3.42,4.76,1.89,3.56,2.54,4.02,3.61,3.64,2.97,3.54,3.62,0
1986,9,15,14.39,0,0,0.64,2.27,0,0,0.82,0.59,1.35,0,0.6,0,0,0
1986,9,16,20.65,0,1.19,1.52,2.94,0.26,0,1.2,1.7,1.96,1.02,1.3,1.45,1.21,0
1986,9,17,22.99,0.46,4.46,3.87,5.21,2.33,4.1,2.93,4.56,4.02,4.13,3.38,3.99,4.09,0
1986,9,18,12.26,22.37,14.04,11.68,13.25,12.05,12.67,11.58,13.62,11.52,11.65,10.81,11.3,11.36,12.21
1986,9,19,1.7,12.52,21.19,17.6,19.3,20.55,18.88,19.25,20.43,17.31,16.98,16.61,16.62,16.54,28
1986,9,20,10.36,23.15,34.12,28.32,30.13,36.92,29.93,34.14,32.71,27.86,26.38,27.25,26.13,25.69,60.97
1986,9,21,0.36,85.16,39.4,32.85,34.58,43.83,34.48,40.33,37.81,34.58,30.43,31.62,29.99,29.39,76.21
1986,9,22,5.23,9.51,12.3,10.25,11.78,10.1,11.15,9.82,11.97,10.12,10.34,9.42,9.99,10.09,8.89
1986,9,23,3.21,4.49,2.49,2.37,3.72,0.92,2.16,1.73,2.76,2.66,2.37,2.03,2.44,2.43,0
1986,9,24,23.56,0,3.14,2.85,4.19,1.34,2.82,2.08,3.34,3.09,2.98,2.45,2.95,2.99,0
1986,9,25,21.81,0.16,9.38,7.84,9.31,6.95,8.57,7,9.19,7.8,8.08,7.11,7.78,7.9,4.03
1986,9,26,5.04,2.02,10.83,9.03,10.53,8.48,9.85,8.38,10.57,8.95,9.21,8.25,8.88,8.99,6.31
1986,9,27,0,23.97,23.29,19.35,21.07,23.14,20.69,21.6,22.44,19.02,18.53,18.33,18.18,18.04,33.08
1986,9,28,0,69.56,29.23,24.3,26.07,30.64,25.8,28.4,28.1,23.88,22.87,23.22,22.56,22.26,48.17
1986,9,29,3.99,22.07,10.27,8.57,10.06,7.88,9.36,7.84,10.04,8.5,8.78,7.81,8.45,8.57,5.39
1986,9,30,1.65,6.84,7.34,6.18,7.59,4.9,6.74,5.18,7.26,6.2,6.48,5.53,6.22,6.35,1.43
1986,10,1,9.75,4.97,10.28,9.63,10.25,11.94,10.12,12,11.3,9.25,9.71,9.21,9.08,9.29,11.08
1986,10,2,15.86,7.2,24.36,24.05,23.41,38.74,23.76,37.15,28.54,22.91,25.04,25.57,23.03,24.23,60.87
1986,10,3,24.62,0.68,9.02,8.39,9.1,9.88,8.91,10.08,9.81,8.09,8.4,7.87,7.88,8.03,7.79
1986,10,4,20.03,17.62,15.45,14.84,15.05,21.17,15.11,20.62,17.52,14.16,15.23,14.98,14.11,14.64,27.31
1986,10,5,0.1,13.34,13.6,12.96,13.33,17.76,13.33,17.43,15.28,12.38,13.24,12.88,12.29,12.71,21.11
1986,10,6,0,0,0,0,0.62,0,0,0.2,0,0.13,0,0,0,0,0
1986,10,7,0.11,0,2.92,2.73,3.73,1.79,3.13,2.54,3.03,2.86,2.43,2.16,2.43,2.4,0
1986,10,8,0,0,5.87,5.37,6.26,5.21,5.9,5.74,6.2,5.27,5.21,4.72,4.97,5,1.47
1986,10,9,0,0,5.7,5.22,6.11,4.99,5.74,5.53,6.01,5.13,5.05,4.56,4.82,4.84,1.24
1986,10,10,0,0,0.89,1.22,2.29,0.4,1.39,1.16,1.2,1.54,0.82,0.88,0.98,0.99,0
1986,10,11,0,0,1.98,1.98,3.01,1.02,2.29,1.8,2.13,2.19,1.63,1.5,1.71,1.69,0
1986,10,12,8.83,1.9,6.71,6.17,7.01,6.38,6.7,6.82,7.15,6.01,6.05,5.53,5.73,5.79,2.81
1986,10,13,3.51,4.12,13.12,12.48,12.88,16.89,12.86,16.62,14.7,11.93,12.73,12.34,11.83,12.21,19.57
1986,10,14,12.79,0,5.14,4.69,5.61,4.25,5.2,4.84,5.39,4.64,4.49,4.03,4.31,4.32,0.58
1986,10,15,5.12,0,0.68,1.1,2.17,0.31,1.24,1.07,1.05,1.44,0.69,0.79,0.86,0.88,0
1986,10,16,6.27,0,0,0,1.06,0,0,0.37,0,0.48,0,0,0,0,0
1986,10,17,7.97,0,1.23,1.43,2.48,0.55,1.65,1.32,1.46,1.72,1.05,1.05,1.18,1.18,0
1986,10,18,10.23,0,3.08,2.86,3.86,1.94,3.28,2.68,3.2,2.98,2.57,2.28,2.56,2.53,0
1986,10,19,9.92,0,0.87,1.21,2.28,0.39,1.38,1.15,1.19,1.53,0.81,0.88,0.97,0.98,0
1986,10,20,2.04,0,1.93,1.93,2.97,0.98,2.24,1.76,2.07,2.15,1.59,1.46,1.67,1.65,0
1986,10,21,20.48,0,1.68,1.75,2.79,0.81,2.03,1.59,1.85,1.99,1.39,1.3,1.49,1.48,0
1986,10,22,23.21,0,2.65,2.5,3.52,1.55,2.88,2.31,2.76,2.66,2.19,1.96,2.22,2.19,0
1986,10,23,7.53,0,3.32,3.07,4.06,2.18,3.5,2.91,3.44,3.16,2.79,2.47,2.76,2.73,0
1986,10,24,2.53,0,2.59,2.46,3.47,1.5,2.84,2.26,2.71,2.62,2.15,1.92,2.17,2.15,0
1986,10,25,0.14,0,0,0.77,1.87,0.13,0.8,0.85,0.64,1.18,0.32,0.56,0.55,0.6,0
1986,10,26,2.37,0,0,0,1.12,0,0,0.4,0,0.54,0,0.1,0,0,0
1986,10,27,4.36,0,0.34,0.9,1.99,0.19,0.98,0.93,0.81,1.28,0.47,0.65,0.67,0.71,0
1986,10,28,0.64,0,1.08,1.33,2.39,0.48,1.53,1.24,1.34,1.63,0.94,0.97,1.09,1.09,0
1986,10,29,3.81,0.7,6.03,5.52,6.4,5.42,6.05,5.94,6.38,5.41,5.37,4.86,5.11,5.14,1.7
1986,10,30,1.55,0,0,0,0,0,0,0.1,0,0,0,0,0,0,0
1986,10,31,0,0,0,0,0,0,0,0.1,0,0,0,0,0,0,0
1986,11,1,0,0,0,0.16,0.57,0.1,0,0.37,0.1,0.27,0.1,0.1,0.1,0.1,0
1986,11,2,0,0,3.71,4.21,4.4,7.06,3.58,8.03,4.4,3.52,3.19,2.59,2.82,2.78,0
1986,11,3,0,0,0.91,1.13,1.58,1.08,0.97,1.75,0.94,1.09,0.88,0.6,0.73,0.68,0
1986,11,4,0,0,2.6,2.94,3.25,4.28,2.54,5.18,2.95,2.53,2.26,1.75,1.95,1.92,0
1986,11,5,0,0,0.14,0.4,0.85,0.24,0.25,0.68,0.2,0.49,0.27,0.16,0.23,0.19,0
1986,11,6,0,0,0,0,0.1,0,0,0.1,0,0,0,0,0,0,0
1986,11,7,1.63,0,3.5,3.96,4.18,6.49,3.38,7.46,4.12,3.33,3.01,2.42,2.65,2.61,0
1986,11,8,0.1,0,0,0,0,0,0,0.1,0,0,0,0,0,0,0
1986,11,9,0,0,0,0,0.2,0,0,0.1,0,0.1,0,0,0,0,0
1986,11,10,0,0,0,0.26,0.69,0.12,0.1,0.49,0.1,0.36,0.14,0.1,0.13,0.1,0
1986,11,11,0,0,0,0.1,0.44,0.1,0,0.25,0,0.16,0,0.1,0.1,0,0
1986,11,12,0,0,0.42,0.66,1.11,0.48,0.51,1.03,0.45,0.7,0.49,0.31,0.4,0.36,0
1986,11,13,0,0,3.13,3.53,3.79,5.54,3.04,6.48,3.63,2.99,2.7,2.14,2.36,2.32,0
1986,11,14,0,2.17,11.99,14.51,13.52,35.59,11.39,36.87,16.42,11.45,10.26,9.56,9.78,9.69,9.81
1986,11,15,0.1,0,0,0,0,0,0,0,0,0,0,0,0,0,0
1986,11,16,3.59,0,0,0,0.16,0,0,0.1,0,0,0,0,0,0,0
1986,11,17,0,0,2.55,2.88,3.2,4.16,2.5,5.06,2.89,2.48,2.22,1.71,1.92,1.88,0
1986,11,18,0,0,2.11,2.39,2.76,3.2,2.09,4.06,2.34,2.1,1.86,1.4,1.58,1.55,0
1986,11,19,0,0,0.96,1.19,1.63,1.16,1.02,1.84,1,1.14,0.92,0.63,0.76,0.72,0
1986,11,20,0,0,1.11,1.33,1.77,1.37,1.15,2.08,1.16,1.25,1.04,0.72,0.86,0.82,0
1986,11,21,0,0,0.28,0.53,0.98,0.35,0.38,0.85,0.32,0.59,0.38,0.23,0.32,0.27,0
1986,11,22,0,0,0.95,1.18,1.62,1.14,1.01,1.82,0.99,1.13,0.92,0.62,0.75,0.72,0
1986,11,23,0,0,2.23,2.52,2.87,3.44,2.19,4.31,2.48,2.2,1.95,1.48,1.67,1.63,0
1986,11,24,0,0,2.35,2.65,2.99,3.7,2.3,4.58,2.62,2.3,2.05,1.56,1.76,1.72,0
1986,11,25,0,0,1.16,1.39,1.82,1.46,1.2,2.18,1.22,1.3,1.09,0.75,0.9,0.86,0
1986,11,26,0.84,0,0.1,0.34,0.78,0.18,0.19,0.6,0.15,0.43,0.22,0.13,0.19,0.15,0
1986,11,27,0,0,0.1,0.28,0.71,0.14,0.12,0.52,0.1,0.38,0.16,0.1,0.15,0.11,0
1986,11,28,0,0,3.1,3.5,3.76,5.47,3.01,6.41,3.59,2.97,2.68,2.12,2.34,2.3,0
1986,11,29,0,0.1,6.11,7.08,6.96,14.23,5.84,15.29,7.72,5.74,5.22,4.51,4.77,4.72,0
1986,11,30,0,0,1.03,1.26,1.7,1.26,1.08,1.96,1.08,1.19,0.98,0.67,0.81,0.77,0
1986,12,1,0,0,13,18.63,17.39,58.58,12.36,60.33,18.73,13.45,11.48,6.68,8.24,8.05,2.34
1986,12,2,0,0,1.77,2.46,2.69,5.13,1.89,6.08,2.3,1.86,1.59,0.93,1.16,1.18,0
1986,12,3,0.1,0,1.63,2.28,2.51,4.64,1.76,5.56,2.11,1.72,1.47,0.85,1.07,1.09,0
1986,12,4,0,0,0,0.1,0.26,0.1,0.1,0.22,0.1,0.1,0.1,0,0,0.1,0
1986,12,5,0,0,0,0,0,0,0,0,0,0,0,0,0,0,0
1986,12,6,0,0,0,0,0,0,0,0,0,0,0,0,0,0,0
1986,12,7,0,0,0,0,0,0,0,0,0,0,0,0,0,0,0
1986,12,8,0,0,0,0,0,0,0,0,0,0,0,0,0,0,0
1986,12,9,0,0,0,0,0,0,0,0,0,0,0,0,0,0,0
1986,12,10,0,0,0.22,0.43,0.72,0.49,0.35,1,0.31,0.33,0.24,0.11,0.16,0.19,0
1986,12,11,1.54,0,1.56,2.18,2.43,4.37,1.69,5.32,2.01,1.65,1.41,0.81,1.02,1.05,0
1986,12,12,0.48,0,0,0,0.1,0,0,0.1,0,0,0,0,0,0,0
1986,12,13,1.18,0,0,0,0,0,0,0,0,0,0,0,0,0,0
1986,12,14,0,0,0.35,0.58,0.89,0.77,0.48,1.35,0.45,0.45,0.34,0.17,0.24,0.27,0
1986,12,15,0.1,0,0.58,0.88,1.2,1.33,0.72,2.02,0.73,0.68,0.54,0.3,0.39,0.42,0
1986,12,16,0,0,3.67,5.09,5.1,12.76,3.7,13.84,4.95,3.78,3.25,1.91,2.37,2.36,0
1986,12,17,0,0,1.16,1.64,1.94,3.05,1.31,3.92,1.49,1.26,1.06,0.61,0.77,0.8,0
1986,12,18,0,0,0,0.1,0.2,0.1,0,0.15,0,0.1,0,0,0,0,0
1986,12,19,1.5,0,0,0,0,0,0,0,0,0,0,0,0,0,0
1986,12,20,0.98,0,0,0,0,0,0,0,0,0,0,0,0,0,0
1986,12,21,0.9,0,1.58,2.21,2.45,4.45,1.71,5.39,2.04,1.67,1.42,0.82,1.04,1.06,0
1986,12,22,1.03,0,0.5,0.78,1.09,1.13,0.64,1.77,0.63,0.6,0.48,0.25,0.34,0.37,0
1986,12,23,0,0,0,0,0,0,0,0,0,0,0,0,0,0,0
1986,12,24,0,0,0,0,0,0,0,0,0,0,0,0,0,0,0
1986,12,25,0,0,0,0,0,0,0,0,0,0,0,0,0,0,0
1986,12,26,0,0,0,0,0.1,0,0,0.1,0,0,0,0,0,0,0
1986,12,27,0,0,0,0,0.1,0,0,0,0,0,0,0,0,0,0
1986,12,28,0,0,0,0,0,0,0,0,0,0,0,0,0,0,0
1986,12,29,0,0,0,0,0,0,0,0,0,0,0,0,0,0,0
1986,12,30,0,0,0,0.1,0.32,0.1,0.1,0.29,0.1,0.1,0.1,0,0.1,0.1,0
1986,12,31,0,0,0,0,0,0,0,0,0,0,0,0,0,0,0
1987,1,1,0,0,0,0,0,0,0,0,0,0,0,0,0,0,0
1987,1,2,0,0,0.1,0.1,0.16,0.1,0.1,0.14,0.1,0.15,0.1,0.1,0.1,0.1,0
1987,1,3,0,0,1,1.27,1.32,2.67,1.01,3.05,1.41,1.08,0.96,0.69,0.8,0.8,0
1987,1,4,0,0,0,0,0,0,0,0,0,0,0,0,0,0,0
1987,1,5,0,0,0,0,0,0,0,0,0,0,0,0,0,0,0
1987,1,6,0,0,0,0,0,0,0,0,0,0,0,0,0,0,0
1987,1,7,0,0,0,0,0,0,0,0,0,0,0,0,0,0,0
1987,1,8,0,0,0,0,0,0,0,0,0,0,0,0,0,0,0
1987,1,9,0,0,0.43,0.55,0.63,0.75,0.45,1.08,0.58,0.53,0.44,0.27,0.37,0.36,0
1987,1,10,0,4.25,9.38,11.88,11.21,45,9.02,42.1,14.2,8.56,8.06,6.61,6.72,6.96,34.43
1987,1,11,0,0,0.27,0.36,0.43,0.35,0.29,0.62,0.36,0.37,0.29,0.16,0.24,0.23,0
1987,1,12,0,0,3.88,4.89,4.73,15.92,3.79,15.51,5.73,3.69,3.44,2.74,2.88,2.95,0
1987,1,13,0,0,0,0.1,0.1,0,0,0.1,0.1,0.1,0.1,0,0,0,0
1987,1,14,0,0,0,0,0,0,0,0,0,0,0,0,0,0,0
1987,1,15,0,0,0,0,0,0,0,0,0,0,0,0,0,0,0
1987,1,16,0.63,0,0,0,0,0,0,0,0,0,0,0,0,0,0
1987,1,17,0.92,0,0,0,0,0,0,0,0,0,0,0,0,0,0
1987,1,18,0,0,0,0,0,0,0,0,0,0,0,0,0,0,0
1987,1,19,0,0,0,0,0,0,0,0,0,0,0,0,0,0,0
1987,1,20,0,0,0,0,0,0,0,0,0,0,0,0,0,0,0
1987,1,21,0,0,0.1,0.1,0.14,0.1,0.1,0.11,0.1,0.13,0.1,0.1,0.1,0.1,0
1987,1,22,0,0,0.4,0.52,0.6,0.68,0.43,1.01,0.55,0.51,0.42,0.26,0.35,0.34,0
1987,1,23,0,0,0.59,0.75,0.82,1.23,0.61,1.59,0.81,0.69,0.59,0.39,0.49,0.48,0
1987,1,24,0,0,0,0,0,0,0,0,0,0,0,0,0,0,0
1987,1,25,0,0,0,0,0,0,0,0,0,0,0,0,0,0,0
1987,1,26,0,0,0,0.1,0.1,0,0,0.1,0.1,0.1,0,0,0,0,0
1987,1,27,0,0,0,0,0,0,0,0,0,0,0,0,0,0,0
1987,1,28,0,0,0,0,0,0,0,0,0,0,0,0,0,0,0
1987,1,29,0,0,0,0,0,0,0,0,0,0,0,0,0,0,0
1987,1,30,0,0,0,0,0,0,0,0,0,0,0,0,0,0,0
1987,1,31,0,0,0,0,0,0,0,0,0,0,0,0,0,0,0
1987,2,1,0,0,0,0,0,0,0,0,0,0,0,0,0,0,0
1987,2,2,0,4.17,1.35,1.85,2.03,2.46,1.5,3.14,1.82,1.61,1.43,1.23,1.3,1.3,0
1987,2,3,0,0,0,0,0,0,0,0,0,0,0,0,0,0,0
1987,2,4,0,0,0.42,0.51,0.63,0.2,0.44,0.49,0.52,0.52,0.42,0.31,0.36,0.36,0
1987,2,5,0,2.9,3.66,5.49,5.81,11.97,4.21,12.6,5.28,4.43,4.06,3.68,3.74,3.78,1.34
1987,2,6,0,0,0,0,0,0,0,0,0,0,0,0,0,0,0
1987,2,7,0,0,0,0,0,0,0,0,0,0,0,0,0,0,0
1987,2,8,0.1,1.72,2.23,3.21,3.45,5.73,2.52,6.47,3.12,2.68,2.43,2.15,2.22,2.24,0
1987,2,9,0,0,0,0,0,0,0,0,0,0,0,0,0,0,0
1987,2,10,0,0,0,0,0,0,0,0,0,0,0,0,0,0,0
1987,2,11,0,0,0,0,0,0,0,0,0,0,0,0,0,0,0
1987,2,12,0,0,0,0,0,0,0,0,0,0,0,0,0,0,0
1987,2,13,0.16,0,0,0,0,0,0,0,0,0,0,0,0,0,0
1987,2,14,0,0,0,0,0,0,0,0,0,0,0,0,0,0,0
1987,2,15,0,0.57,1.01,1.34,1.51,1.43,1.1,2.01,1.33,1.21,1.05,0.88,0.95,0.95,0
1987,2,16,0,1.02,0.65,0.83,0.97,0.57,0.7,0.99,0.84,0.79,0.66,0.53,0.59,0.58,0
1987,2,17,0,0,0.15,0.19,0.26,0.1,0.15,0.1,0.2,0.22,0.14,0.1,0.12,0.12,0
1987,2,18,0,0.1,1.29,1.77,1.95,2.27,1.43,2.93,1.75,1.55,1.37,1.17,1.24,1.24,0
1987,2,19,0,0,1.8,2.54,2.75,4.06,2.02,4.79,2.48,2.15,1.94,1.7,1.77,1.78,0
1987,2,20,0,0,1.52,2.11,2.31,3.03,1.7,3.74,2.08,1.82,1.62,1.41,1.47,1.48,0
1987,2,21,0,0,0.1,0.11,0.16,0.1,0.1,0.1,0.12,0.14,0.1,0.1,0.1,0.1,0
1987,2,22,0,0,0.14,0.18,0.24,0.1,0.15,0.1,0.19,0.21,0.14,0.1,0.11,0.11,0
1987,2,23,0,0,0.12,0.14,0.21,0.1,0.13,0.1,0.15,0.18,0.12,0.1,0.1,0.1,0
1987,2,24,0,0,0,0,0,0,0,0,0,0,0,0,0,0,0
1987,2,25,0,0,0,0,0.1,0,0,0,0,0.1,0,0,0,0,0
1987,2,26,0,0,0,0,0,0,0,0,0,0,0,0,0,0,0
1987,2,27,0,0,0,0,0,0,0,0,0,0,0,0,0,0,0
1987,2,28,0,0,0,0,0,0,0,0,0,0,0,0,0,0,0
1987,3,1,0,0,0.1,0.1,0.18,0.1,0.1,0.15,0.1,0.25,0.11,0.1,0.1,0.1,0
1987,3,2,0,0,1.15,1.14,1.28,1,1.05,1.42,1.29,1.21,1.07,1,1.03,1.03,0
1987,3,3,0,0,0.38,0.4,0.48,0.2,0.36,0.44,0.41,0.54,0.39,0.3,0.35,0.34,0
1987,3,4,0,0,0,0.1,0.1,0,0,0.1,0.1,0.1,0.1,0.1,0.1,0.1,0
1987,3,5,0,0,0,0,0,0,0,0,0,0,0,0,0,0,0
1987,3,6,0,0,0,0,0,0,0,0,0,0,0,0,0,0,0
1987,3,7,0,0,3.06,2.95,3.2,4.02,2.72,4.37,3.55,2.82,2.71,2.88,2.77,2.79,0
1987,3,8,0,0,0,0,0,0,0,0,0,0.1,0,0,0,0,0
1987,3,9,0,0,0.12,0.19,0.27,0.1,0.13,0.22,0.18,0.32,0.19,0.12,0.16,0.15,0
1987,3,10,0,0,0.22,0.27,0.34,0.1,0.22,0.27,0.27,0.38,0.27,0.19,0.23,0.22,0
1987,3,11,0.1,0,0.98,0.97,1.12,0.81,0.9,1.21,1.08,1.08,0.92,0.83,0.88,0.87,0
1987,3,12,0,0,6.84,6.56,7.03,11.42,5.97,11.08,8.23,5.99,5.96,6.87,6.31,6.38,7.21
1987,3,13,0,0.1,1.19,1.18,1.32,1.05,1.09,1.46,1.33,1.23,1.1,1.03,1.07,1.07,0
1987,3,14,0,0,0,0,0,0,0,0.1,0,0.1,0,0,0,0,0
1987,3,15,0,0,0.11,0.18,0.26,0.1,0.12,0.21,0.17,0.32,0.19,0.11,0.16,0.15,0
1987,3,16,0,0,0,0,0,0,0,0,0,0,0,0,0,0,0
1987,3,17,0,0,0,0,0.1,0,0,0.1,0,0.1,0,0,0,0,0
1987,3,18,0.1,0,1.33,1.3,1.44,1.27,1.22,1.64,1.48,1.36,1.22,1.16,1.19,1.19,0
1987,3,19,0,0,0,0.1,0.1,0,0,0.1,0.1,0.1,0.1,0,0.1,0.1,0
1987,3,20,0,0,0,0,0,0,0,0,0,0,0,0,0,0,0
1987,3,21,0,0,0,0,0,0,0,0,0,0,0,0,0,0,0
1987,3,22,0,0,0.1,0.1,0.1,0,0.1,0.1,0.1,0.13,0.1,0.1,0.1,0.1,0
1987,3,23,0,0,0.5,0.52,0.63,0.29,0.47,0.6,0.55,0.65,0.5,0.4,0.46,0.45,0
1987,3,24,0,0,0.27,0.31,0.39,0.11,0.27,0.3,0.32,0.43,0.31,0.23,0.27,0.26,0
1987,3,25,0,14.98,11.25,10.81,11.52,20.72,9.75,19.4,13.81,9.66,9.75,11.68,10.52,10.64,31.2
1987,3,26,0,0,8.28,7.92,8.45,14.39,7.21,13.7,10.01,7.17,7.16,8.41,7.65,7.74,14.16
1987,3,27,0.1,6.04,5.18,4.96,5.33,8.05,4.54,8.04,6.13,4.59,4.52,5.08,4.73,4.78,1.36
1987,3,28,0.2,0.1,0.7,0.72,0.83,0.48,0.66,0.8,0.78,0.81,0.68,0.59,0.64,0.63,0
1987,3,29,5.07,7.78,1.7,1.66,1.84,1.77,1.54,2.22,1.93,1.68,1.55,1.52,1.53,1.53,0
1987,3,30,3.09,38.77,9.05,8.66,9.22,16,7.86,15.12,10.99,7.8,7.83,9.25,8.38,8.49,18.28
1987,3,31,2.01,12.91,7.74,7.43,7.94,13.26,6.75,12.74,9.37,6.74,6.73,7.85,7.17,7.25,11.53
1987,4,1,0,0,0.1,0.1,0.36,0,0.1,0.26,0.1,0.29,0.17,0.1,0.1,0.1,0
1987,4,2,0,0,0,0,0,0,0,0,0,0,0,0,0,0,0
1987,4,3,0,0,0,0,0,0,0,0,0,0,0,0,0,0,0
1987,4,4,0,0,0,0,0,0,0,0,0,0,0,0,0,0,0
1987,4,5,0,0,0.93,0.88,1.26,0.38,0.88,0.99,1.01,1.03,0.95,0.72,0.8,0.83,0
1987,4,6,0,0,0,0,0,0,0,0,0,0,0,0,0,0,0
1987,4,7,0,0,0,0,0,0,0,0,0,0,0,0,0,0,0
1987,4,8,1.62,0,0,0,0.1,0,0,0.1,0,0.1,0,0,0,0,0
1987,4,9,0.2,0,0,0,0,0,0,0,0,0,0,0,0,0,0
1987,4,10,0.12,0,0,0,0,0,0,0,0,0,0,0,0,0,0
1987,4,11,0.13,0,0,0,0,0,0,0,0,0,0,0,0,0,0
1987,4,12,0,0,0,0,0,0,0,0,0,0,0,0,0,0,0
1987,4,13,0.68,0,0,0,0,0,0,0,0,0,0,0,0,0,0
1987,4,14,1.18,0,0,0,0,0,0,0,0,0,0,0,0,0,0
1987,4,15,0.84,0,0,0,0,0,0,0.1,0,0,0,0,0,0,0
1987,4,16,2.02,0,0.42,0.52,0.84,0.1,0.4,0.57,0.58,0.68,0.59,0.4,0.45,0.48,0
1987,4,17,0,0.1,0.88,0.85,1.2,0.34,0.83,0.94,0.97,0.98,0.91,0.69,0.76,0.8,0
1987,4,18,0,0,4.72,4.16,4.88,4.44,4.44,5.05,4.63,3.98,3.84,3.55,3.67,3.79,0
1987,4,19,0,3.05,11.62,10.33,11.51,14.44,10.95,14.1,11.26,9.39,8.97,8.93,8.96,9.22,12.54
1987,4,20,0,0,2.05,1.83,2.32,1.32,1.93,2.07,2.08,1.89,1.81,1.53,1.64,1.7,0
1987,4,21,0,0,2.68,2.42,3.02,1.94,2.52,2.8,2.72,2.46,2.34,2.04,2.15,2.23,0
1987,4,22,0,0,0.1,0.23,0.52,0.1,0.1,0.37,0.23,0.43,0.31,0.15,0.17,0.19,0
1987,4,23,0,0,0.62,0.66,0.99,0.15,0.59,0.68,0.75,0.81,0.73,0.53,0.59,0.62,0
1987,4,24,0,1.34,6.57,5.78,6.66,6.97,6.19,7.43,6.39,5.43,5.2,4.97,5.08,5.23,0.49
1987,4,25,0,2.74,4.8,4.22,4.95,4.55,4.52,5.17,4.7,4.03,3.89,3.61,3.73,3.86,0
1987,4,26,0,0.5,5.73,5.09,5.93,5.73,5.39,6.41,5.63,4.84,4.63,4.36,4.47,4.62,0
1987,4,27,0,0,0.72,0.73,1.06,0.22,0.67,0.76,0.83,0.86,0.8,0.59,0.65,0.68,0
1987,4,28,0,0,0,0,0.1,0,0,0.1,0,0.1,0,0,0,0,0
1987,4,29,0,19.39,13.43,11.95,13.24,17.21,12.63,16.57,13,10.81,10.31,10.35,10.35,10.64,18.02
1987,4,30,0,0,2.62,2.38,2.97,1.9,2.47,2.76,2.67,2.42,2.3,2,2.11,2.19,0
1987,5,1,0,0,0,0,0,0,0,0.15,0,0,0,0,0,0,0
1987,5,2,0,0,0,0,0,0,0,0,0,0,0,0,0,0,0
1987,5,3,0,0,0,0,0,0,0,0,0,0,0,0,0,0,0
1987,5,4,0,0,0,0,0,0,0,0,0,0,0,0,0,0,0
1987,5,5,0,0,0,0,0,0,0,0.1,0,0,0,0,0,0,0
1987,5,6,0,0,0,0,0,0,0,0.1,0,0,0,0,0,0,0
1987,5,7,0,0,4.98,4.64,5.17,3.45,4.89,3.97,5.08,4.52,4.65,3.87,4.25,4.45,0
1987,5,8,0,0.54,7.83,7.44,7.7,6.68,7.48,6.78,7.87,6.96,7.26,6.16,6.57,6.97,1.65
1987,5,9,0,0,0.65,0.94,1.49,0.1,0.84,0.85,1.07,1.19,0.86,0.71,0.89,0.8,0
1987,5,10,0,0,7.89,7.5,7.76,6.76,7.53,6.85,7.93,7.01,7.31,6.21,6.62,7.03,1.73
1987,5,11,0,0,3.41,3.18,3.79,1.95,3.45,2.62,3.59,3.22,3.25,2.67,3.01,3.1,0
1987,5,12,0,0,0.77,1.04,1.59,0.1,0.96,0.9,1.18,1.27,0.96,0.79,0.99,0.9,0
1987,5,13,0,0,3.01,2.84,3.45,1.61,3.08,2.3,3.23,2.91,2.9,2.38,2.7,2.77,0
1987,5,14,0,0,3.78,3.53,4.12,2.27,3.79,2.91,3.94,3.53,3.57,2.95,3.3,3.41,0
1987,5,15,1.44,0,5.9,5.51,5.96,4.45,5.74,4.84,5.98,5.28,5.49,4.6,4.99,5.26,0.1
1987,5,16,0,0,1.84,1.86,2.47,0.76,1.97,1.51,2.15,2.02,1.88,1.53,1.8,1.78,0
1987,5,17,0,0,3.88,3.63,4.22,2.37,3.89,3,4.05,3.62,3.67,3.04,3.39,3.51,0
1987,5,18,0,2,6.38,6.01,6.42,4.97,6.17,5.31,6.46,5.71,5.93,4.99,5.39,5.69,0.14
1987,5,19,0,0,4.2,3.92,4.49,2.67,4.18,3.26,4.36,3.87,3.96,3.28,3.64,3.79,0
1987,5,20,0,0.1,4.34,4.05,4.61,2.82,4.31,3.39,4.49,3.98,4.09,3.39,3.75,3.91,0
1987,5,21,4,0.46,7.76,7.38,7.65,6.6,7.42,6.72,7.81,6.91,7.2,6.11,6.52,6.91,1.57
1987,5,22,7.6,2.71,11.72,11.38,11.14,11.67,10.94,11.14,11.67,10.35,10.81,9.34,9.72,10.41,8.09
1987,5,23,0,7.6,10.24,9.88,9.85,9.71,9.63,9.43,10.23,9.07,9.46,8.13,8.52,9.1,5.37
1987,5,24,0,0,0.46,0.79,1.33,0.1,0.66,0.76,0.9,1.05,0.69,0.57,0.75,0.64,0
1987,5,25,0,0,0,0.71,1.24,0.1,0.56,0.71,0.8,0.98,0.6,0.5,0.67,0.56,0
1987,5,26,0,0,1.17,1.35,1.92,0.31,1.34,1.09,1.54,1.55,1.31,1.07,1.29,1.23,0
1987,5,27,0,0,4.25,3.97,4.53,2.73,4.23,3.31,4.41,3.91,4.01,3.32,3.68,3.83,0
1987,5,28,0,0,2.85,2.72,3.32,1.47,2.94,2.18,3.09,2.8,2.77,2.27,2.58,2.64,0
1987,5,29,0,0,4.51,4.2,4.75,2.99,4.47,3.55,4.65,4.11,4.24,3.52,3.88,4.06,0
1987,5,30,0,0,0.48,0.81,1.35,0.1,0.68,0.77,0.92,1.07,0.71,0.59,0.76,0.66,0
1987,5,31,7.64,0,1.99,1.98,2.59,0.86,2.11,1.6,2.28,2.14,2.01,1.64,1.91,1.91,0
1987,6,1,4.84,0,1.72,1.74,2.28,0.51,1.92,1.24,1.84,2.04,1.72,1.6,1.85,1.77,0
1987,6,2,6.92,0,0,0,0,0,0,0.16,0,0.29,0,0,0,0,0
1987,6,3,11.17,0,0,0,0.43,0,0,0.29,0,0.57,0,0,0,0,0
1987,6,4,18.5,0,1.04,1.19,1.71,0.15,1.27,0.89,1.21,1.59,1.12,1.13,1.35,1.2,0
1987,6,5,0.36,1.09,4.96,4.55,5.36,3.1,4.79,3.56,4.92,4.44,4.52,3.93,4.25,4.35,0.18
1987,6,6,4.48,3.04,3.3,3.09,3.74,1.63,3.35,2.26,3.33,3.18,3.09,2.73,3.03,3.04,0
1987,6,7,13.12,0,0,0,0.46,0,0,0.3,0,0.59,0,0,0,0,0
1987,6,8,2.89,0,0.69,0.9,1.42,0.1,0.93,0.74,0.88,1.36,0.8,0.88,1.06,0.91,0
1987,6,9,0.17,0.64,1.9,1.88,2.43,0.62,2.08,1.34,2,2.16,1.87,1.72,1.98,1.91,0
1987,6,10,9.69,0,0.7,0.91,1.43,0.1,0.94,0.74,0.89,1.37,0.81,0.89,1.07,0.91,0
1987,6,11,1.34,0,1.27,1.37,1.9,0.27,1.49,1,1.42,1.73,1.32,1.29,1.52,1.4,0
1987,6,12,15.21,0.1,6.69,6.1,7.09,4.81,6.27,5.08,6.58,5.78,6.01,5.19,5.51,5.69,1.83
1987,6,13,0,0,1.25,1.35,1.88,0.26,1.47,0.99,1.4,1.72,1.3,1.27,1.5,1.38,0
1987,6,14,0,0.1,4.25,3.92,4.67,2.44,4.18,2.98,4.24,3.9,3.91,3.42,3.73,3.79,0
1987,6,15,0,2.44,2.49,2.39,2.98,1.01,2.63,1.7,2.57,2.58,2.39,2.15,2.43,2.39,0
1987,6,16,0,2.85,6.45,5.89,6.85,4.57,6.07,4.86,6.35,5.59,5.81,5.02,5.34,5.51,1.54
1987,6,17,0,0.62,6.48,5.92,6.89,4.6,6.1,4.89,6.38,5.62,5.84,5.04,5.36,5.53,1.58
1987,6,18,3.99,0,0,0,0,0,0,0.1,0,0,0,0,0,0,0
1987,6,19,1.92,0.87,2.77,2.62,3.24,1.22,2.88,1.88,2.83,2.78,2.63,2.34,2.64,2.61,0
1987,6,20,0,0.1,4.43,4.08,4.84,2.61,4.34,3.13,4.41,4.04,4.07,3.55,3.87,3.93,0.1
1987,6,21,0,4.85,7.27,6.63,7.68,5.42,6.76,5.61,7.13,6.23,6.51,5.62,5.93,6.14,2.62
1987,6,22,0.47,0.1,6.29,5.74,6.69,4.4,5.93,4.71,6.19,5.47,5.67,4.9,5.22,5.38,1.34
1987,6,23,4.7,2.13,6.65,6.07,7.06,4.78,6.24,5.04,6.54,5.75,5.98,5.17,5.48,5.66,1.79
1987,6,24,9.97,0.9,4.26,3.93,4.68,2.46,4.19,2.99,4.25,3.91,3.92,3.43,3.74,3.8,0
1987,6,25,6.29,0,3.32,3.1,3.76,1.65,3.37,2.27,3.35,3.2,3.11,2.74,3.05,3.05,0
1987,6,26,8.44,0,3.15,2.96,3.6,1.51,3.22,2.15,3.19,3.07,2.96,2.62,2.92,2.92,0
1987,6,27,4.32,3.39,6.9,6.29,7.31,5.03,6.45,5.27,6.78,5.94,6.19,5.34,5.66,5.85,2.11
1987,6,28,7.9,0,3.05,2.87,3.5,1.43,3.13,2.08,3.09,2.99,2.87,2.54,2.84,2.83,0
1987,6,29,0.43,5.29,8.4,7.65,8.83,6.64,7.7,6.69,8.22,7.11,7.48,6.44,6.74,7.01,4.38
1987,6,30,1.59,30.15,13.94,12.69,14.52,13.06,12.26,12.34,13.53,11.46,12.19,10.46,10.64,11.21,15.54
1987,7,1,4.27,22.06,14.84,11.83,12.15,12.42,12.3,11.77,13.28,10.44,10.91,10.09,10.27,10.28,11.74
1987,7,2,0.37,20.99,12.08,9.72,10.18,9.49,10.22,9.23,10.89,8.69,9.09,8.33,8.57,8.6,7.6
1987,7,3,3.85,18.22,10.77,8.72,9.24,8.14,9.22,8.06,9.75,7.85,8.22,7.5,7.76,7.79,5.79
1987,7,4,1.02,19.33,17.64,13.96,14.13,15.48,14.39,14.41,15.69,12.21,12.74,11.85,11.96,11.96,16.23
1987,7,5,19.23,23.01,16.06,12.76,13.02,13.74,13.21,12.91,14.33,11.21,11.71,10.85,11.01,11.02,13.66
1987,7,6,2.34,28.99,12.64,10.15,10.58,10.08,10.64,9.74,11.37,9.05,9.46,8.69,8.92,8.95,8.41
1987,7,7,0,13.59,10.73,8.7,9.22,8.11,9.19,8.03,9.72,7.83,8.2,7.48,7.74,7.77,5.74
1987,7,8,2.68,4.22,3.41,3.07,3.9,1.47,3.34,2.23,3.34,3.08,3.12,2.79,3.02,3.03,0
1987,7,9,2.16,5.58,4.02,3.53,4.34,1.92,3.85,2.63,3.87,3.48,3.56,3.18,3.43,3.45,0
1987,7,10,2.46,6.45,7.47,6.19,6.86,4.91,6.66,5.25,6.88,5.73,5.99,5.4,5.68,5.72,1.87
1987,7,11,4.96,19.86,16.23,12.89,13.14,13.93,13.34,13.07,14.47,11.32,11.82,10.96,11.11,11.12,13.93
1987,7,12,7.61,24.05,16.69,13.24,13.46,14.43,13.68,13.51,14.87,11.61,12.12,11.25,11.39,11.4,14.68
1987,7,13,5,9.81,10.36,8.41,8.95,7.73,8.9,7.7,9.39,7.59,7.94,7.24,7.5,7.54,5.24
1987,7,14,1.42,11.79,9.56,7.8,8.38,6.93,8.29,7.01,8.7,7.08,7.41,6.73,7.01,7.05,4.23
1987,7,15,2.13,11.64,11.8,9.51,9.98,9.2,10,8.98,10.64,8.51,8.91,8.16,8.4,8.43,7.21
1987,7,16,9.03,14.54,13.01,10.44,10.85,10.47,10.93,10.09,11.7,9.28,9.71,8.93,9.15,9.17,8.96
1987,7,17,8.42,10.81,15.73,12.5,12.78,13.38,12.96,12.6,14.04,11,11.49,10.65,10.81,10.82,13.13
1987,7,18,0,13.77,13.37,10.7,11.11,10.84,11.19,10.41,12,9.51,9.94,9.15,9.36,9.39,9.48
1987,7,19,8.09,35.14,23.38,18.3,18.16,21.93,18.61,19.99,20.63,15.79,16.43,15.45,15.4,15.36,26.05
1987,7,20,5.72,13.23,16.32,12.95,13.2,14.03,13.41,13.16,14.55,11.38,11.88,11.02,11.17,11.17,14.08
1987,7,21,0,21.2,22.42,17.57,17.49,20.83,17.9,19.04,19.8,15.19,15.82,14.85,14.83,14.79,24.36
1987,7,22,11.17,0.12,4.21,3.68,4.49,2.07,4.02,2.77,4.04,3.61,3.7,3.3,3.56,3.58,0
1987,7,23,0.63,0,9.72,7.92,8.49,7.09,8.41,7.15,8.85,7.18,7.52,6.84,7.11,7.15,4.43
1987,7,24,12.39,11.35,12.29,9.88,10.33,9.71,10.37,9.42,11.07,8.82,9.23,8.47,8.7,8.73,7.9
1987,7,25,0,3.56,2.92,2.69,3.55,1.13,2.91,1.92,2.91,2.76,2.76,2.47,2.69,2.69,0
1987,7,26,8.39,0,0,0,1.36,0,0,0.43,0,0.66,0,0.42,0,0,0
1987,7,27,21.22,1.51,0,0.56,1.67,0,0,0.58,0.47,0.97,0.52,0.72,0.66,0.52,0
1987,7,28,20.56,1.31,3.8,3.37,4.19,1.75,3.67,2.48,3.68,3.34,3.4,3.04,3.28,3.3,0
1987,7,29,5.18,0,4.88,4.2,4.98,2.61,4.57,3.24,4.62,4.04,4.18,3.73,4,4.03,0.1
1987,7,30,1.37,0,2.12,2.07,2.97,0.62,2.19,1.45,2.21,2.24,2.15,1.96,2.13,2.11,0
1987,7,31,0,0,4.91,4.22,4.99,2.63,4.59,3.26,4.65,4.06,4.2,3.75,4.02,4.05,0.1
1987,8,1,0,0.1,3.23,2.93,3.97,1.29,3.15,2.09,3.42,3.11,3.13,2.7,3.09,3.14,0
1987,8,2,0,0,3.59,3.21,4.25,1.55,3.49,2.32,3.75,3.36,3.41,2.94,3.34,3.41,0
1987,8,3,0,1.72,3.91,3.45,4.5,1.79,3.79,2.53,4.04,3.58,3.65,3.15,3.57,3.64,0
1987,8,4,0.94,0,0.86,1.18,2.31,0,0.72,0.91,1.26,1.57,1.17,1.17,1.37,1.27,0
1987,8,5,7.88,0,0.73,1.09,2.23,0,0.59,0.86,1.14,1.5,1.05,1.09,1.26,1.15,0
1987,8,6,12.33,4.59,6.8,5.71,6.81,4.23,6.4,4.65,6.68,5.63,5.79,5.01,5.55,5.71,1.14
1987,8,7,27.94,2.33,2.7,2.52,3.56,0.93,2.64,1.77,2.92,2.74,2.71,2.35,2.71,2.73,0
1987,8,8,33.33,0,1.9,1.92,2.98,0.46,1.85,1.35,2.2,2.21,2.07,1.83,2.13,2.12,0
1987,8,9,3.69,0,0,0,0.51,0,0,0.11,0,0,0,0,0,0,0
1987,8,10,6.97,0,1.87,1.89,2.95,0.44,1.81,1.33,2.16,2.18,2.04,1.81,2.1,2.09,0
1987,8,11,5.87,6.51,11.23,9.19,10.39,8.52,10.25,8.42,10.67,8.78,8.9,7.81,8.44,8.72,6.21
1987,8,12,3.76,4.51,8.34,6.92,8.05,5.66,7.75,5.91,8.07,6.72,6.89,5.99,6.57,6.77,2.62
1987,8,13,16.69,3.94,5.61,4.78,5.85,3.17,5.34,3.73,5.59,4.78,4.92,4.25,4.74,4.87,0.33
1987,8,14,3.06,1.12,4.85,4.18,5.24,2.53,4.65,3.17,4.9,4.24,4.36,3.75,4.22,4.32,0.1
1987,8,15,0.1,0,0,0,0.94,0,0,0.25,0,0,0,0,0,0,0
1987,8,16,0,0,0,0.52,1.77,0,0,0.61,0.41,1.03,0,0.54,0.62,0,0
1987,8,17,0,1.45,7.2,6.02,7.13,4.59,6.75,4.97,7.03,5.91,6.07,5.26,5.81,5.98,1.48
1987,8,18,0,9.82,3.45,3.09,4.14,1.45,3.36,2.23,3.61,3.26,3.3,2.84,3.24,3.3,0
1987,8,19,9.69,0,4.61,4,5.05,2.34,4.43,3,4.68,4.07,4.18,3.6,4.05,4.15,0.1
1987,8,20,15.57,0,1.38,1.54,2.62,0.19,1.28,1.11,1.72,1.87,1.63,1.49,1.75,1.7,0
1987,8,21,0.6,0,0,0.59,1.82,0,0,0.64,0.5,1.09,0,0.61,0.7,0,0
1987,8,22,0,1.63,2.41,2.3,3.35,0.75,2.36,1.61,2.66,2.54,2.48,2.16,2.5,2.51,0
1987,8,23,1.63,1.86,5.06,4.35,5.41,2.71,4.84,3.33,5.09,4.39,4.52,3.89,4.37,4.48,0.1
1987,8,24,1.99,14.81,13.39,10.88,12.13,10.76,12.09,10.39,12.6,10.31,10.37,9.15,9.82,10.15,9.35
1987,8,25,0,31.49,19.97,16.06,17.46,17.94,17.64,16.73,18.46,14.96,14.79,13.21,13.94,14.41,20.32
1987,8,26,0.66,18.34,13.02,10.6,11.84,10.38,11.78,10.05,12.27,10.04,10.12,8.92,9.58,9.9,8.79
1987,8,27,19.37,14.99,3.48,3.12,4.16,1.47,3.39,2.25,3.65,3.28,3.32,2.87,3.27,3.33,0
1987,8,28,18.26,17.74,9.88,8.13,9.3,7.16,9.09,7.23,9.46,7.82,7.96,6.96,7.57,7.82,4.43
1987,8,29,15.71,9.98,9.28,7.66,8.81,6.57,8.57,6.71,8.91,7.39,7.54,6.58,7.18,7.41,3.69
1987,8,30,12.38,20.39,15.22,12.33,13.62,12.72,13.65,12.11,14.24,11.61,11.62,10.29,10.98,11.35,12.23
1987,8,31,9.01,0.28,8.1,6.73,7.86,5.43,7.54,5.71,7.85,6.55,6.71,5.84,6.41,6.61,2.36
1987,9,1,4.56,0,4.53,3.93,5.27,2.39,4.17,2.98,4.62,4.07,4.19,3.43,4.04,4.14,0
1987,9,2,1.02,7.6,12.7,10.58,12.12,10.54,11.51,10.22,12.35,10.45,10.64,9.74,10.29,10.38,9.63
1987,9,3,15.17,21.36,18.83,15.64,17.31,17.68,16.84,16.66,18.19,15.39,15.24,14.68,14.88,14.85,22.5
1987,9,4,0,47.02,29.89,24.84,26.63,31.49,26.37,29.17,28.73,24.42,23.35,23.76,23.04,22.73,49.91
1987,9,5,10.47,54.14,14.44,12.01,13.59,12.51,13.02,11.99,14.01,11.84,11.96,11.13,11.6,11.66,13.01
1987,9,6,0,21.22,28.12,23.37,25.14,29.23,24.84,27.12,27.04,22.96,22.06,22.3,21.74,21.48,45.28
1987,9,7,0,28.35,43.82,37.54,38.43,49.6,38.7,44.71,42.09,40.76,35.09,34.98,33.02,32.43,92.9
1987,9,8,4.64,62.38,22.91,19.03,20.75,22.66,20.36,21.18,22.07,18.71,18.25,18.01,17.9,17.77,32.14
1987,9,9,1.05,38.37,12.33,10.27,11.81,10.13,11.18,9.85,12,10.15,10.36,9.45,10.01,10.11,8.95
1987,9,10,5.56,17.63,12.83,10.68,12.23,10.69,11.62,10.35,12.48,10.55,10.74,9.84,10.39,10.48,9.87
1987,9,11,16.16,0,3.85,3.39,4.73,1.85,3.51,2.52,3.99,3.58,3.6,2.94,3.5,3.58,0
1987,9,12,5.3,0,0,0,1.21,0,0,0.37,0,0,0,0,0,0,0
1987,9,13,10.51,0,5.87,5,6.37,3.54,5.41,3.98,5.88,5.07,5.3,4.42,5.09,5.21,0.21
1987,9,14,0,0,5.1,4.38,5.73,2.87,4.7,3.39,5.16,4.49,4.67,3.85,4.49,4.6,0
1987,9,15,0,4.59,5.86,4.98,6.35,3.53,5.4,3.97,5.86,5.06,5.29,4.41,5.07,5.2,0.21
1987,9,16,1.47,10.12,9.81,8.2,9.67,7.4,8.95,7.41,9.6,8.14,8.42,7.45,8.1,8.23,4.68
1987,9,17,3.2,32.78,14.74,12.25,13.84,12.85,13.28,12.3,14.29,12.08,12.18,11.37,11.82,11.88,13.62
1987,9,18,17.98,0,11.73,9.77,11.3,9.46,10.65,9.26,11.43,9.67,9.9,8.97,9.56,9.66,7.86
1987,9,19,1.2,16.62,11.1,9.26,10.76,8.78,10.09,8.64,10.83,9.16,9.42,8.47,9.08,9.19,6.76
1987,9,20,2.75,0.52,4.84,4.17,5.52,2.64,4.45,3.2,4.91,4.3,4.44,3.65,4.28,4.39,0
1987,9,21,7.91,0,5.49,4.69,6.05,3.2,5.06,3.68,5.51,4.78,4.98,4.13,4.78,4.91,0.1
1987,9,22,0.33,0,3.93,3.46,4.79,1.92,3.6,2.57,4.06,3.64,3.67,3,3.57,3.65,0
1987,9,23,3.86,0,0,0,0,0,0,0.16,0,0,0,0,0,0,0
1987,9,24,2.51,0,0,0,2.07,0,0,0.72,0,1.16,0,0.38,0,0,0
1987,9,25,4.93,0.27,2.14,2.12,3.48,0.72,1.77,1.56,2.46,2.45,2.03,1.81,2.17,2.12,0
1987,9,26,5.7,0,0,0,0,0,0,0.1,0,0,0,0,0,0,0
1987,9,27,2.57,0,5.93,5.04,6.42,3.59,5.47,4.03,5.93,5.12,5.35,4.46,5.13,5.26,0.25
1987,9,28,12.79,0,4.39,3.82,5.16,2.28,4.04,2.88,4.49,3.97,4.07,3.33,3.93,4.03,0
1987,9,29,37.33,0,1.06,1.44,2.88,0.21,0,1.16,1.61,1.9,0.9,1.24,1.34,1.09,0
1987,9,30,22.32,0,0,0,0,0,0,0.1,0,0,0,0,0,0,0
1987,10,1,2.98,0,0,0,0,0,0,0.1,0,0,0,0,0,0,0
1987,10,2,0.1,0,0,0,0,0,0,0,0,0,0,0,0,0,0
1987,10,3,0,0,0,0,1.13,0,0,0.4,0,0.55,0,0.1,0,0,0
1987,10,4,0.84,0,0.99,1.28,2.34,0.44,1.46,1.2,1.27,1.59,0.88,0.93,1.03,1.04,0
1987,10,5,17.12,0,2.47,2.36,3.38,1.4,2.72,2.16,2.59,2.53,2.04,1.83,2.08,2.05,0
1987,10,6,7.88,0,3.89,3.56,4.53,2.77,4.03,3.46,4.04,3.61,3.31,2.94,3.23,3.21,0
1987,10,7,13.71,0,0,0.81,1.91,0.15,0.85,0.87,0.69,1.21,0.36,0.58,0.58,0.63,0
1987,10,8,0,0,5.03,4.6,5.52,4.12,5.1,4.72,5.27,4.56,4.4,3.94,4.23,4.22,0.48
1987,10,9,6.63,0.25,9.71,9.07,9.73,11,9.57,11.12,10.62,8.72,9.11,8.59,8.53,8.72,9.54
1987,10,10,15,2.15,9.31,8.68,9.36,10.35,9.19,10.52,10.15,8.35,8.7,8.17,8.16,8.32,8.52
1987,10,11,5.61,4.04,10.98,10.33,10.9,13.13,10.8,13.11,12.13,9.9,10.45,9.97,9.75,10.01,13.06
1987,10,12,0.15,7.59,18.47,17.94,17.87,26.95,18.04,26.04,21.23,17.1,18.53,18.51,17.11,17.86,38.11
1987,10,13,0.21,8.36,20.93,20.47,20.18,31.79,20.42,30.59,24.26,19.5,21.22,21.42,19.57,20.49,47.37
1987,10,14,0,0,4.37,3.99,4.94,3.32,4.48,3.97,4.55,4,3.76,3.35,3.64,3.63,0.1
1987,10,15,26.81,0,2.13,2.08,3.11,1.13,2.42,1.9,2.26,2.28,1.75,1.59,1.81,1.79,0
1987,10,16,12.36,0,3.66,3.36,4.34,2.53,3.81,3.23,3.79,3.43,3.09,2.74,3.04,3.02,0
1987,10,17,1.93,0,3.98,3.65,4.61,2.88,4.12,3.56,4.14,3.69,3.4,3.02,3.31,3.29,0
1987,10,18,4.29,0,3.62,3.33,4.31,2.48,3.77,3.19,3.75,3.4,3.06,2.71,3,2.98,0
1987,10,19,26.32,0,1.67,1.74,2.78,0.8,2.02,1.58,1.83,1.98,1.38,1.3,1.48,1.47,0
1987,10,20,6.1,0,0,0.25,1.42,0,0,0.56,0,0.79,0,0.24,0,0.15,0
1987,10,21,0,0,0,0,0.33,0,0,0.11,0,0,0,0,0,0,0
1987,10,22,8.48,0,4.31,3.94,4.9,3.25,4.42,3.91,4.49,3.96,3.71,3.3,3.6,3.58,0.1
1987,10,23,1.64,0,3.16,2.93,3.93,2.02,3.35,2.76,3.28,3.04,2.64,2.35,2.63,2.6,0
1987,10,24,3.28,0,2.51,2.39,3.41,1.43,2.76,2.2,2.63,2.56,2.08,1.86,2.11,2.08,0
1987,10,25,0,0,1.47,1.59,2.64,0.68,1.85,1.46,1.66,1.86,1.23,1.18,1.34,1.34,0
1987,10,26,0,0,0,0.54,1.67,0.1,0.46,0.71,0.35,1,0,0.41,0.31,0.39,0
1987,10,27,0,0,0,0,1.08,0,0,0.38,0,0.5,0,0.1,0,0,0
1987,10,28,0,0,0,0,1.2,0,0,0.44,0,0.6,0,0.1,0,0,0
1987,10,29,0.88,0,1.51,1.63,2.67,0.71,1.89,1.48,1.7,1.89,1.26,1.21,1.37,1.37,0
1987,10,30,0,0,5.75,5.26,6.15,5.05,5.78,5.58,6.07,5.17,5.09,4.6,4.86,4.88,1.3
1987,10,31,0,0,3.49,3.22,4.2,2.36,3.66,3.07,3.62,3.3,2.95,2.61,2.9,2.88,0
1987,11,1,0.1,0,7.54,8.85,8.52,19.04,7.18,20.13,9.78,7.1,6.43,5.7,5.96,5.91,0.68
1987,11,2,0.89,0.1,7.02,8.21,7.95,17.26,6.7,18.35,9.03,6.61,5.99,5.27,5.53,5.47,0.23
1987,11,3,0.83,0,6.25,7.26,7.11,14.7,5.97,15.76,7.93,5.88,5.34,4.63,4.88,4.84,0
1987,11,4,2.33,0,0,0,0,0,0,0,0,0,0,0,0,0,0
1987,11,5,0,0,0,0,0.1,0,0,0.1,0,0,0,0,0,0,0
1987,11,6,0,0,3.84,4.35,4.53,7.39,3.7,8.37,4.57,3.63,3.29,2.68,2.92,2.88,0
1987,11,7,0,2.51,6.97,8.14,7.89,17.08,6.64,18.16,8.95,6.55,5.95,5.22,5.48,5.43,0.19
1987,11,8,0,0,4.72,5.4,5.46,9.91,4.53,10.92,5.77,4.44,4.04,3.38,3.63,3.59,0
1987,11,9,0,0,5.58,6.43,6.38,12.52,5.33,13.55,6.96,5.24,4.76,4.07,4.32,4.28,0
1987,11,10,0,0.59,8.51,10.07,9.6,22.47,8.1,23.6,11.2,8.03,7.27,6.53,6.78,6.72,2.03
1987,11,11,0,7.65,10.5,12.59,11.82,29.82,9.97,31.02,14.16,9.97,8.97,8.25,8.49,8.41,6.06
1987,11,12,0,9.38,18.17,22.62,20.61,60.93,17.24,62.54,25.95,17.62,15.64,15.14,15.24,15.08,28.64
1987,11,13,0,0,0,0.13,0.54,0.1,0,0.33,0,0.24,0.1,0.1,0.1,0.1,0
1987,11,14,0,0,0,0,0,0,0,0,0,0,0,0,0,0,0
1987,11,15,0.94,0,5.81,6.72,6.64,13.28,5.56,14.32,7.3,5.46,4.96,4.27,4.52,4.48,0
1987,11,16,9.09,0,1.92,2.19,2.57,2.81,1.91,3.65,2.1,1.94,1.7,1.26,1.44,1.41,0
1987,11,17,7.48,0,0,0,0.25,0,0,0.1,0,0.1,0,0,0,0,0
1987,11,18,0.8,0,0,0,0,0,0,0,0,0,0,0,0,0,0
1987,11,19,1.43,0,0,0,0,0,0,0,0,0,0,0,0,0,0
1987,11,20,0,0,6.09,7.06,6.93,14.16,5.81,15.21,7.69,5.72,5.2,4.49,4.75,4.7,0
1987,11,21,0,0.61,9.34,11.12,10.52,25.49,8.88,26.65,12.43,8.84,7.98,7.25,7.49,7.42,3.55
1987,11,22,0,18.29,30.47,39.12,35.04,115.17,28.92,117.77,45.44,30.18,26.4,26.54,26.33,26.01,72.38
1987,11,23,0.28,12.58,22.48,28.36,25.63,79.52,21.33,81.42,32.72,22,19.4,19.09,19.1,18.88,43.37
1987,11,24,0.59,0.23,4.83,5.53,5.58,10.24,4.63,11.26,5.93,4.55,4.13,3.47,3.72,3.68,0
1987,11,25,2.96,0,4.74,5.42,5.48,9.97,4.55,10.98,5.8,4.46,4.05,3.39,3.64,3.6,0
1987,11,26,0.21,0,0,0.14,0.55,0.1,0,0.34,0.1,0.25,0.1,0.1,0.1,0.1,0
1987,11,27,0.1,0,1.03,1.25,1.69,1.24,1.07,1.94,1.07,1.19,0.97,0.67,0.8,0.76,0
1987,11,28,0.55,0.92,6.28,7.29,7.14,14.78,5.99,15.84,7.96,5.9,5.36,4.65,4.9,4.86,0
1987,11,29,0.52,2.31,12.38,15.04,13.95,37.18,11.75,38.39,17.01,11.83,10.6,9.92,10.13,10.03,10.86
1987,11,30,0,1.06,10.35,12.41,11.65,29.27,9.84,30.46,13.94,9.83,8.85,8.12,8.36,8.28,5.73
1987,12,1,0,0,0,0,0.1,0,0,0.1,0,0,0,0,0,0,0
1987,12,2,0,0,0.1,0.23,0.5,0.2,0.18,0.59,0.13,0.17,0.11,0.1,0.1,0.1,0
1987,12,3,0,0,2.03,2.82,3.02,6.11,2.15,7.07,2.65,2.13,1.82,1.06,1.33,1.34,0
1987,12,4,0,0,0.79,1.16,1.47,1.93,0.94,2.68,1,0.89,0.73,0.41,0.53,0.56,0
1987,12,5,0,0,2.26,3.12,3.31,6.94,2.37,7.97,2.97,2.35,2.02,1.18,1.47,1.49,0
1987,12,6,0,0,0.16,0.34,0.63,0.36,0.27,0.82,0.22,0.26,0.18,0.1,0.11,0.15,0
1987,12,7,0,0,0,0.1,0.18,0.1,0,0.11,0,0.1,0,0,0,0,0
1987,12,8,0,0,0,0.1,0.27,0.1,0.1,0.24,0.1,0.1,0.1,0,0,0.1,0
1987,12,9,0.1,0,0.89,1.3,1.6,2.22,1.05,3.03,1.14,0.99,0.83,0.47,0.6,0.63,0
1987,12,10,0.1,0,0.2,0.4,0.69,0.44,0.33,0.95,0.28,0.3,0.22,0.1,0.14,0.18,0
1987,12,11,0,0,0,0.1,0.27,0.1,0.1,0.25,0.1,0.1,0.1,0,0,0.1,0
1987,12,12,0,0.1,3.32,4.6,4.66,11.27,3.38,12.36,4.46,3.43,2.95,1.73,2.15,2.14,0
1987,12,13,0,0.1,1.88,2.61,2.83,5.52,2,6.51,2.45,1.97,1.69,0.98,1.23,1.25,0
1987,12,14,0,0.19,3.77,5.22,5.23,13.18,3.8,14.31,5.1,3.89,3.35,1.96,2.43,2.42,0
1987,12,15,0,0.76,8,11.3,10.73,33.04,7.75,34.38,11.27,8.24,7.08,4.13,5.1,5.01,0
1987,12,16,0,0.1,4.36,6.06,5.98,15.77,4.35,16.92,5.94,4.48,3.86,2.27,2.81,2.78,0
1987,12,17,0,0.91,7.83,11.05,10.5,32.21,7.59,33.49,11.01,8.06,6.92,4.05,5,4.9,0
1987,12,18,0,0,0.1,0.25,0.53,0.23,0.2,0.62,0.15,0.18,0.12,0.1,0.1,0.1,0
1987,12,19,0,0,0.87,1.26,1.57,2.14,1.02,2.94,1.1,0.97,0.8,0.45,0.58,0.61,0
1987,12,20,0,0,0,0,0,0,0,0,0,0,0,0,0,0,0
1987,12,21,0,0,0,0,0,0,0,0,0,0,0,0,0,0,0
1987,12,22,0,0,0,0.1,0.26,0.1,0.1,0.22,0.1,0.1,0.1,0,0,0.1,0
1987,12,23,0,0,0,0,0,0,0,0,0,0,0,0,0,0,0
1987,12,24,0,0,0,0,0.1,0,0,0.1,0,0,0,0,0,0,0
1987,12,25,2.46,0,0,0,0,0,0,0,0,0,0,0,0,0,0
1987,12,26,1.15,0.26,2.71,3.75,3.87,8.73,2.79,9.78,3.59,2.8,2.41,1.41,1.76,1.76,0
1987,12,27,0.13,0,2.07,2.87,3.07,6.24,2.18,7.21,2.7,2.16,1.85,1.08,1.35,1.36,0
1987,12,28,0,0,0,0,0,0,0,0,0,0,0,0,0,0,0
1987,12,29,0,0,1.02,1.46,1.75,2.61,1.16,3.41,1.29,1.11,0.93,0.53,0.68,0.71,0
1987,12,30,0,0,0,0,0,0,0,0,0,0,0,0,0,0,0
1987,12,31,0,0,1.48,2.07,2.33,4.1,1.62,5.03,1.91,1.57,1.33,0.77,0.97,1,0
1988,1,1,0,0,1.69,2.13,2.14,5.52,1.69,5.78,2.42,1.72,1.57,1.18,1.31,1.33,0
1988,1,2,0,0,0.83,1.06,1.11,2.05,0.85,2.43,1.16,0.92,0.81,0.57,0.68,0.67,0
1988,1,3,0,0,2.35,2.95,2.92,8.48,2.32,8.57,3.4,2.32,2.13,1.65,1.79,1.82,0
1988,1,4,0,0,2.19,2.76,2.73,7.75,2.16,7.89,3.17,2.17,2,1.54,1.67,1.7,0
1988,1,5,0.2,0,0.48,0.62,0.69,0.91,0.5,1.25,0.66,0.58,0.5,0.31,0.41,0.4,0
1988,1,6,0,0.34,2.76,3.48,3.41,10.43,2.72,10.4,4.03,2.69,2.49,1.94,2.08,2.13,0
1988,1,7,0,0,0,0,0,0,0,0,0,0,0,0,0,0,0
1988,1,8,0,0,0.41,0.53,0.61,0.71,0.43,1.03,0.56,0.52,0.43,0.26,0.36,0.35,0
1988,1,9,0,0,0.16,0.22,0.29,0.15,0.18,0.35,0.22,0.26,0.19,0.1,0.15,0.14,0
1988,1,10,2.69,0,0,0,0,0,0,0,0,0,0,0,0,0,0
1988,1,11,1.49,0,0.87,1.11,1.16,2.18,0.89,2.56,1.22,0.96,0.85,0.59,0.71,0.7,0
1988,1,12,0.25,0,0,0,0,0,0,0,0,0,0,0,0,0,0
1988,1,13,0,0,0,0,0,0,0,0,0,0,0,0,0,0,0
1988,1,14,0,0,0.54,0.69,0.76,1.07,0.56,1.43,0.74,0.64,0.55,0.35,0.46,0.45,0
1988,1,15,0,0,1.55,1.96,1.98,4.92,1.55,5.22,2.22,1.59,1.45,1.08,1.21,1.22,0
1988,1,16,0,0,0.98,1.25,1.3,2.62,1,2.99,1.38,1.07,0.95,0.68,0.79,0.79,0
1988,1,17,5.59,0,0,0,0,0,0,0,0,0,0,0,0,0,0
1988,1,18,2.04,1.05,4.02,5.06,4.9,16.62,3.92,16.16,5.93,3.82,3.55,2.83,2.97,3.05,0.1
1988,1,19,0,0.1,1.43,1.8,1.83,4.37,1.43,4.7,2.03,1.47,1.34,0.99,1.12,1.13,0
1988,1,20,0,0,0.1,0.1,0.1,0,0.1,0.1,0.1,0.1,0.1,0,0.1,0.1,0
1988,1,21,0,0,0,0,0,0,0,0,0,0,0,0,0,0,0
1988,1,22,0,0,0,0,0,0,0,0,0,0,0,0,0,0,0
1988,1,23,0,0,0,0,0,0,0,0,0,0,0,0,0,0,0
1988,1,24,0,0,0,0,0,0,0,0,0,0,0,0,0,0,0
1988,1,25,0,0,0,0,0,0,0,0,0,0,0,0,0,0,0
1988,1,26,0,0,0,0,0,0,0,0,0,0,0,0,0,0,0
1988,1,27,0,0,0,0,0,0,0,0,0,0,0,0,0,0,0
1988,1,28,0,0,0.1,0.1,0.1,0.1,0.1,0.1,0.1,0.1,0.1,0.1,0.1,0.1,0
1988,1,29,0,0,0,0,0,0,0,0,0,0,0,0,0,0,0
1988,1,30,0,0,0.1,0.1,0.12,0.1,0.1,0.1,0.1,0.11,0.1,0.1,0.1,0.1,0
1988,1,31,0,0,0,0,0,0,0,0,0,0,0,0,0,0,0
1988,2,1,0,0,0,0,0,0,0,0,0,0,0,0,0,0,0
1988,2,2,0,0,0.59,0.75,0.88,0.47,0.64,0.87,0.76,0.72,0.6,0.48,0.53,0.53,0
1988,2,3,0,0,2.06,2.93,3.17,5.04,2.32,5.78,2.86,2.46,2.23,1.96,2.04,2.05,0
1988,2,4,0,0,3.43,5.12,5.42,10.9,3.93,11.56,4.93,4.14,3.79,3.43,3.49,3.53,0.97
1988,2,5,0,0,0.54,0.69,0.8,0.38,0.58,0.76,0.7,0.66,0.55,0.43,0.49,0.48,0
1988,2,6,0,0,0.1,0.12,0.17,0.1,0.1,0.1,0.13,0.15,0.1,0.1,0.1,0.1,0
1988,2,7,0,0,0.66,0.85,0.98,0.58,0.71,1.02,0.85,0.8,0.67,0.54,0.59,0.59,0
1988,2,8,0,1.91,2.78,4.07,4.34,8.02,3.17,8.74,3.94,3.34,3.05,2.73,2.8,2.83,0.17
1988,2,9,0.1,0.8,1.5,2.08,2.28,2.95,1.67,3.65,2.04,1.79,1.6,1.38,1.45,1.46,0
1988,2,10,0,0.53,1.79,2.52,2.73,4,2.01,4.73,2.47,2.14,1.92,1.68,1.76,1.77,0
1988,2,11,0,4.64,3.19,4.73,5.03,9.81,3.65,10.51,4.57,3.85,3.52,3.17,3.24,3.27,0.63
1988,2,12,0.45,0,2.53,3.67,3.92,6.94,2.87,7.67,3.56,3.03,2.76,2.46,2.53,2.55,0.1
1988,2,13,0,0,0.11,0.13,0.19,0.1,0.11,0.1,0.14,0.16,0.11,0.1,0.1,0.1,0
1988,2,14,0,0,0.1,0.12,0.17,0.1,0.1,0.1,0.13,0.15,0.1,0.1,0.1,0.1,0
1988,2,15,0,0,0,0.1,0.1,0,0,0,0.1,0.1,0,0,0,0,0
1988,2,16,0,0,0.1,0.1,0.1,0,0.1,0.1,0.1,0.1,0.1,0,0.1,0,0
1988,2,17,0,0,0.36,0.45,0.54,0.14,0.39,0.39,0.46,0.45,0.36,0.26,0.31,0.31,0
1988,2,18,0,0,0,0,0,0,0,0,0,0,0,0,0,0,0
1988,2,19,0,0,0,0,0,0,0,0,0,0,0,0,0,0,0
1988,2,20,0,0,0.18,0.22,0.29,0.1,0.19,0.12,0.23,0.25,0.17,0.11,0.14,0.13,0
1988,2,21,0.42,0,0.27,0.33,0.42,0.1,0.28,0.24,0.34,0.36,0.27,0.19,0.23,0.22,0
1988,2,22,0.78,0,1.75,2.46,2.67,3.84,1.96,4.57,2.41,2.09,1.88,1.64,1.71,1.72,0
1988,2,23,0,0,0,0,0,0,0,0,0,0,0,0,0,0,0
1988,2,24,6.4,0,0.13,0.15,0.22,0.1,0.13,0.1,0.16,0.19,0.12,0.1,0.1,0.1,0
1988,2,25,1.74,0,0.11,0.13,0.2,0.1,0.12,0.1,0.14,0.17,0.11,0.1,0.1,0.1,0
1988,2,26,0,0,0.1,0.1,0.1,0,0.1,0.1,0.1,0.1,0.1,0.1,0.1,0.1,0
1988,2,27,0,0,0,0,0,0,0,0,0,0,0,0,0,0,0
1988,2,28,0,0,0,0,0,0,0,0,0,0,0,0,0,0,0
1988,2,29,0,0,0,0,0,0,0,0,0,0,0,0,0,0,0
1988,3,1,0,0,0.43,0.44,0.54,0.24,0.41,0.5,0.46,0.58,0.42,0.34,0.38,0.38,0
1988,3,2,0,0,3,2.9,3.15,3.94,2.67,4.29,3.48,2.78,2.66,2.83,2.72,2.73,0
1988,3,3,0,1.17,2.44,2.36,2.57,2.95,2.18,3.34,2.8,2.29,2.18,2.25,2.19,2.21,0
1988,3,4,0.78,0,0.61,0.64,0.75,0.37,0.58,0.72,0.69,0.75,0.61,0.51,0.57,0.56,0
1988,3,5,2.4,0,0.66,0.68,0.79,0.43,0.62,0.76,0.73,0.77,0.65,0.55,0.6,0.6,0
1988,3,6,4.65,0,1,1,1.14,0.83,0.92,1.23,1.1,1.09,0.94,0.85,0.9,0.89,0
1988,3,7,1.36,1.66,2.81,2.69,2.93,3.62,2.51,3.95,3.22,2.61,2.47,2.61,2.51,2.54,0
1988,3,8,0,0,0,0,0,0,0,0,0,0,0,0,0,0,0
1988,3,9,0,0,0.22,0.27,0.35,0.1,0.22,0.27,0.27,0.38,0.27,0.19,0.23,0.22,0
1988,3,10,0,0,0,0,0,0,0,0,0,0,0,0,0,0,0
1988,3,11,0,0,0,0,0,0,0,0,0,0,0,0,0,0,0
1988,3,12,0,0,0.1,0.1,0.1,0.1,0.1,0.1,0.1,0.17,0.1,0.1,0.1,0.1,0
1988,3,13,0,0,0.33,0.36,0.43,0.16,0.32,0.37,0.37,0.48,0.35,0.27,0.31,0.3,0
1988,3,14,0,0,0,0,0,0,0,0,0,0,0,0,0,0,0
1988,3,15,0,0,0,0,0,0,0,0,0,0,0,0,0,0,0
1988,3,16,0,0,0.1,0.1,0.1,0.1,0.1,0.1,0.1,0.18,0.1,0.1,0.1,0.1,0
1988,3,17,0,0,0.59,0.62,0.73,0.35,0.56,0.7,0.67,0.73,0.6,0.5,0.55,0.54,0
1988,3,18,1.46,0,0.41,0.43,0.52,0.22,0.39,0.48,0.44,0.57,0.41,0.32,0.37,0.36,0
1988,3,19,0.82,0,0,0,0,0,0,0,0,0,0,0,0,0,0
1988,3,20,0,0,0,0,0,0,0,0,0,0,0,0,0,0,0
1988,3,21,0,0,1.92,1.86,2.03,2.13,1.73,2.49,2.17,1.85,1.72,1.73,1.71,1.72,0
1988,3,22,0,5.9,2.69,2.59,2.8,3.41,2.4,3.73,3.08,2.5,2.38,2.5,2.41,2.43,0
1988,3,23,0,0,0.9,0.88,1.01,0.71,0.83,1.08,0.97,1,0.83,0.75,0.79,0.79,0
1988,3,24,0,0,0.1,0.1,0.1,0,0.1,0.1,0.1,0.15,0.1,0.1,0.1,0.1,0
1988,3,25,0,0.1,2,1.93,2.1,2.26,1.8,2.63,2.26,1.92,1.78,1.8,1.78,1.79,0
1988,3,26,0,0,0.37,0.39,0.46,0.19,0.35,0.42,0.4,0.52,0.38,0.29,0.34,0.33,0
1988,3,27,0,0,0,0,0,0,0,0,0,0,0,0,0,0,0
1988,3,28,0,0,0.95,0.93,1.08,0.77,0.87,1.15,1.03,1.04,0.88,0.79,0.84,0.83,0
1988,3,29,0,0,1.57,1.53,1.7,1.61,1.42,2.03,1.75,1.58,1.43,1.38,1.4,1.4,0
1988,3,30,0,0,0.3,0.34,0.41,0.14,0.29,0.33,0.34,0.45,0.33,0.25,0.29,0.28,0
1988,3,31,0,0,0,0,0,0,0,0,0,0,0,0,0,0,0
1988,4,1,0,0,0,0,0,0,0,0,0,0,0,0,0,0,0
1988,4,2,0,0,0,0,0,0,0,0,0,0,0,0,0,0,0
1988,4,3,0,0,0,0,0,0,0,0.1,0,0,0,0,0,0,0
1988,4,4,0,0,0,0,0.1,0,0,0.1,0,0.1,0.1,0,0,0,0
1988,4,5,0,0,2.03,1.81,2.3,1.3,1.91,2.05,2.06,1.87,1.8,1.52,1.63,1.69,0
1988,4,6,0,0,0.49,0.57,0.89,0.1,0.46,0.61,0.63,0.72,0.64,0.44,0.5,0.52,0
1988,4,7,0,0,1.15,1.07,1.52,0.54,1.08,1.23,1.21,1.24,1.14,0.87,0.95,1,0
1988,4,8,0,0,0.1,0.12,0.41,0,0.1,0.3,0.1,0.33,0.21,0.1,0.1,0.1,0
1988,4,9,0,0,0,0,0,0,0,0,0,0,0,0,0,0,0
1988,4,10,0,0,0,0,0.1,0,0,0.1,0,0.1,0,0,0,0,0
1988,4,11,0,0,0.25,0.39,0.7,0.1,0.24,0.49,0.43,0.57,0.47,0.29,0.33,0.36,0
1988,4,12,0,0,0.1,0.19,0.49,0.1,0.1,0.35,0.19,0.4,0.28,0.12,0.14,0.16,0
1988,4,13,0,0,0.5,0.57,0.9,0.1,0.47,0.61,0.64,0.73,0.65,0.45,0.5,0.53,0
1988,4,14,0,0,0,0.1,0.3,0,0,0.22,0.1,0.24,0.11,0.1,0.1,0.1,0
1988,4,15,0,0,4.04,3.61,4.33,3.56,3.8,4.38,4.02,3.53,3.37,3.07,3.19,3.3,0
1988,4,16,0,0,3.64,3.18,3.89,3.11,3.43,3.88,3.57,3.17,3.01,2.71,2.83,2.93,0
1988,4,17,0,0,6.54,5.75,6.62,6.92,6.16,7.38,6.36,5.4,5.18,4.94,5.05,5.21,0.43
1988,4,18,0,0.1,0,0,0,0,0,0.1,0,0,0,0,0,0,0
1988,4,19,0,1.14,6.32,5.58,6.42,6.6,5.95,7.04,6.16,5.23,5.03,4.79,4.9,5.05,0.1
1988,4,20,6.72,0.1,5.63,5.02,5.86,5.61,5.3,6.31,5.55,4.77,4.57,4.29,4.4,4.55,0
1988,4,21,0.61,0.1,1.74,1.59,2.07,1,1.64,1.72,1.81,1.68,1.6,1.33,1.43,1.48,0
1988,4,22,9.89,0,0,0,0,0,0,0.1,0,0,0,0,0,0,0
1988,4,23,0.1,0,0.27,0.41,0.72,0.1,0.25,0.5,0.44,0.58,0.49,0.3,0.35,0.37,0
1988,4,24,3.27,0.65,3.45,3.03,3.66,2.86,3.25,3.61,3.4,2.98,2.87,2.57,2.7,2.79,0
1988,4,25,2.15,0,2.09,1.86,2.37,1.37,1.97,2.13,2.12,1.93,1.84,1.56,1.67,1.74,0
1988,4,26,21.08,0,0,0,0,0,0,0,0,0,0,0,0,0,0
1988,4,27,8.14,1.02,7.19,6.41,7.36,7.8,6.77,8.31,7.04,6,5.74,5.5,5.6,5.77,1.55
1988,4,28,7.45,36.81,10.84,9.68,10.85,13.17,10.21,13.09,10.55,8.86,8.44,8.35,8.4,8.64,10.27
1988,4,29,9.99,5.69,1.62,1.49,1.96,0.86,1.52,1.63,1.69,1.6,1.51,1.24,1.34,1.39,0
1988,4,30,9.18,0,4.47,3.96,4.68,4.09,4.21,4.78,4.41,3.82,3.67,3.38,3.5,3.61,0
1988,5,1,4.25,3.23,6.41,6.04,6.45,5.01,6.2,5.35,6.49,5.74,5.96,5.02,5.42,5.72,0.17
1988,5,2,2.17,0,0.58,0.89,1.43,0.1,0.77,0.81,1.01,1.14,0.8,0.66,0.84,0.74,0
1988,5,3,2.84,0,3.59,3.35,3.95,2.11,3.62,2.76,3.76,3.37,3.4,2.8,3.14,3.25,0
1988,5,4,3.51,0,0,0.27,0.78,0,0,0.44,0,0.58,0,0,0,0,0
1988,5,5,3.62,0,1.39,1.51,2.09,0.45,1.54,1.22,1.74,1.7,1.49,1.22,1.45,1.41,0
1988,5,6,0.1,0,1.9,1.91,2.51,0.8,2.03,1.54,2.2,2.07,1.93,1.57,1.84,1.83,0
1988,5,7,0,0,3.61,3.37,3.97,2.13,3.64,2.78,3.78,3.39,3.42,2.81,3.16,3.27,0
1988,5,8,0,0,0,0,0,0,0,0.1,0,0,0,0,0,0,0
1988,5,9,0,0,0.59,0.9,1.44,0.1,0.79,0.82,1.02,1.15,0.81,0.67,0.85,0.75,0
1988,5,10,0,0,3.28,3.07,3.67,1.84,3.33,2.52,3.48,3.11,3.14,2.57,2.91,2.99,0
1988,5,11,3.19,0,1.53,1.63,2.22,0.55,1.68,1.31,1.87,1.81,1.62,1.32,1.56,1.53,0
1988,5,12,9.4,0,4.96,4.63,5.16,3.44,4.88,3.96,5.07,4.51,4.63,3.86,4.23,4.44,0
1988,5,13,7.26,0,0.91,1.14,1.7,0.13,1.09,0.97,1.31,1.37,1.08,0.89,1.09,1.02,0
1988,5,14,0.1,0,0,0.24,0.74,0,0,0.42,0,0.55,0,0,0,0,0
1988,5,15,0,0,2.45,2.37,2.99,1.17,2.56,1.9,2.71,2.49,2.41,1.97,2.27,2.29,0
1988,5,16,0,5.99,2.82,2.69,3.29,1.44,2.9,2.15,3.05,2.77,2.74,2.24,2.55,2.61,0
1988,5,17,0,0,3.26,3.05,3.65,1.82,3.31,2.5,3.45,3.09,3.12,2.56,2.89,2.97,0
1988,5,18,0,0,1.18,1.35,1.93,0.32,1.35,1.1,1.55,1.56,1.32,1.08,1.3,1.24,0
1988,5,19,0,0,2.41,2.33,2.95,1.14,2.51,1.87,2.67,2.46,2.37,1.93,2.23,2.25,0
1988,5,20,3.04,0,5.26,4.93,5.43,3.74,5.15,4.22,5.38,4.77,4.92,4.11,4.5,4.71,0
1988,5,21,0.3,0,5,4.67,5.19,3.48,4.92,3.99,5.11,4.54,4.67,3.89,4.27,4.47,0
1988,5,22,0,6.29,18.79,18.82,17.45,21.66,17.17,19.8,18.65,16.71,17.34,15.25,15.51,16.73,23.95
1988,5,23,3.67,30.97,14.22,13.97,13.36,15.1,13.15,14.12,14.13,12.57,13.11,11.41,11.76,12.64,13.26
1988,5,24,20.71,5.43,7.68,7.3,7.58,6.49,7.34,6.65,7.73,6.84,7.12,6.04,6.45,6.84,1.46
1988,5,25,10.19,8.63,6.15,5.76,6.2,4.72,5.96,5.09,6.21,5.5,5.71,4.79,5.18,5.47,0.1
1988,5,26,2.18,34.09,15.74,15.57,14.72,17.25,14.49,16,15.61,13.96,14.5,12.67,12.99,13.99,16.75
1988,5,27,0,21.79,18.13,18.08,16.85,20.68,16.58,18.98,17.97,16.11,16.7,14.67,14.94,16.12,22.38
1988,5,28,0,52.62,31.29,32.46,28.56,40.62,28.05,37.3,31,28.31,28.87,25.8,25.73,27.92,56.68
1988,5,29,1.3,78.93,48.63,50.89,43.55,68.17,43,58.93,47.98,43.61,44.83,40.5,39.8,43.42,116.82
1988,5,30,0,58.2,39.26,41.06,35.47,53.5,34.89,46.94,39.67,38.12,37.26,35.04,33.3,36.27,77.35
1988,5,31,5.71,0,6.44,6.07,6.48,5.04,6.22,5.38,6.53,5.77,5.99,5.05,5.45,5.75,0.2
1988,6,1,31.16,2.48,12.98,11.82,13.52,11.91,11.47,11.32,12.61,10.7,11.37,9.77,9.97,10.48,13.4
1988,6,2,24.94,10.15,12.24,11.14,12.76,11.03,10.87,10.55,11.9,10.12,10.74,9.23,9.45,9.92,11.8
1988,6,3,22.94,11.48,10.65,9.69,11.13,9.17,9.57,8.91,10.38,8.87,9.4,8.07,8.33,8.72,8.51
1988,6,4,12.71,5.44,5.29,4.85,5.7,3.41,5.08,3.84,5.24,4.7,4.81,4.18,4.5,4.61,0.4
1988,6,5,11.75,6.36,8.15,7.42,8.57,6.36,7.49,6.44,7.97,6.91,7.26,6.25,6.55,6.81,3.96
1988,6,6,3.77,0,0,0,0,0,0,0.11,0,0,0,0,0,0,0
1988,6,7,0,0,0,0,0,0,0,0.21,0,0.4,0,0,0,0,0
1988,6,8,0,0.1,3.67,3.41,4.1,1.94,3.67,2.53,3.69,3.46,3.41,3,3.31,3.33,0
1988,6,9,0,0.94,2.74,2.6,3.21,1.19,2.85,1.86,2.8,2.76,2.6,2.32,2.61,2.59,0
1988,6,10,1.79,0,3.1,2.91,3.55,1.47,3.17,2.12,3.14,3.03,2.91,2.58,2.88,2.88,0
1988,6,11,0,0.1,5.24,4.8,5.64,3.36,5.03,3.8,5.19,4.66,4.76,4.14,4.46,4.56,0.36
1988,6,12,10.68,1.76,4.47,4.12,4.88,2.64,4.37,3.16,4.45,4.06,4.1,3.58,3.89,3.96,0.1
1988,6,13,0,3.11,3.59,3.34,4.02,1.87,3.61,2.47,3.61,3.4,3.34,2.94,3.25,3.27,0
1988,6,14,4.67,0,2.16,2.1,2.67,0.79,2.32,1.49,2.25,2.34,2.1,1.91,2.18,2.12,0
1988,6,15,12.57,1.17,4.01,3.71,4.43,2.23,3.97,2.79,4.01,3.71,3.7,3.24,3.55,3.6,0
1988,6,16,5.02,0,0,0,0,0,0,0,0,0,0,0,0,0,0
1988,6,17,10.42,0,2.95,2.78,3.41,1.36,3.04,2.01,3,2.92,2.79,2.48,2.77,2.76,0
1988,6,18,1.62,0,0,0,0.3,0,0,0.24,0,0.46,0,0,0,0,0
1988,6,19,0,0,3.75,3.48,4.17,2,3.74,2.59,3.76,3.52,3.48,3.05,3.36,3.39,0
1988,6,20,0.57,7.19,7.69,7.01,8.11,5.87,7.11,6.01,7.54,6.56,6.87,5.92,6.23,6.46,3.24
1988,6,21,0,0,2.85,2.7,3.31,1.28,2.95,1.94,2.91,2.84,2.7,2.4,2.7,2.68,0
1988,6,22,0,0,0,0,0.53,0,0,0.33,0,0.64,0,0,0,0,0
1988,6,23,18.11,0,0.68,0.89,1.42,0.1,0.92,0.73,0.87,1.35,0.79,0.87,1.06,0.9,0
1988,6,24,0,0,0,0.44,0.95,0,0,0.51,0.35,0.98,0,0.48,0.62,0.43,0
1988,6,25,8.05,2.27,6.94,6.33,7.34,5.07,6.48,5.3,6.81,5.97,6.22,5.37,5.69,5.88,2.16
1988,6,26,1.96,0.58,4.31,3.98,4.72,2.5,4.23,3.03,4.3,3.94,3.96,3.46,3.78,3.84,0
1988,6,27,0,0.34,3.47,3.24,3.91,1.77,3.5,2.39,3.5,3.31,3.24,2.85,3.16,3.17,0
1988,6,28,0,0,3.86,3.58,4.28,2.1,3.84,2.68,3.87,3.6,3.57,3.13,3.44,3.48,0
1988,6,29,0,0,7.21,6.58,7.62,5.36,6.71,5.56,7.08,6.19,6.46,5.57,5.89,6.1,2.54
1988,6,30,0,0,0.56,0.79,1.32,0,0.8,0.68,0.75,1.27,0.69,0.78,0.96,0.79,0
1988,7,1,5.89,0,0,0,0.97,0,0,0.27,0,0,0,0,0,0,0
1988,7,2,0,0,5.27,4.5,5.26,2.94,4.9,3.53,4.97,4.3,4.46,3.99,4.26,4.3,0.18
1988,7,3,0,2.11,3.81,3.37,4.19,1.76,3.68,2.49,3.69,3.34,3.41,3.04,3.29,3.31,0
1988,7,4,14.04,0,2.15,2.09,2.99,0.63,2.21,1.46,2.23,2.25,2.17,1.97,2.15,2.13,0
1988,7,5,3.45,2.09,4.2,3.67,4.48,2.06,4.01,2.76,4.03,3.6,3.69,3.29,3.55,3.58,0
1988,7,6,10.33,4.39,6.42,5.38,6.1,3.94,5.82,4.41,5.97,5.05,5.26,4.72,5.01,5.04,0.92
1988,7,7,0.93,0.1,5.18,4.43,5.19,2.86,4.82,3.46,4.89,4.24,4.39,3.92,4.2,4.23,0.14
1988,7,8,1.96,0,5.56,4.72,5.47,3.18,5.13,3.75,5.22,4.49,4.66,4.17,4.45,4.48,0.33
1988,7,9,1.99,5.68,6.07,5.12,5.84,3.63,5.54,4.14,5.66,4.82,5.02,4.5,4.78,4.82,0.66
1988,7,10,1.88,0,0,0,0.79,0,0,0.21,0,0,0,0,0,0,0
1988,7,11,0,0,0,0,0,0,0,0.1,0,0,0,0,0,0,0
1988,7,12,0,0,2.9,2.67,3.53,1.11,2.89,1.9,2.89,2.74,2.74,2.46,2.67,2.67,0
1988,7,13,0,0,4.29,3.74,4.54,2.13,4.08,2.82,4.11,3.66,3.76,3.35,3.61,3.63,0
1988,7,14,0,0,1.52,1.61,2.56,0.3,1.61,1.14,1.68,1.85,1.68,1.58,1.7,1.66,0
1988,7,15,1.91,0,0.58,0.92,1.96,0,0.64,0.75,0.88,1.27,0.91,1.02,1.02,0.91,0
1988,7,16,0,0,1.29,1.44,2.4,0.19,1.37,1.03,1.48,1.7,1.5,1.44,1.54,1.48,0
1988,7,17,0.22,0,5.47,4.66,5.41,3.11,5.06,3.68,5.14,4.43,4.6,4.11,4.39,4.43,0.28
1988,7,18,0,0,0.91,1.17,2.17,0.1,0.98,0.88,1.17,1.48,1.2,1.22,1.27,1.18,0
1988,7,19,0,9.24,10.57,8.57,9.11,7.95,9.07,7.89,9.58,7.73,8.09,7.38,7.64,7.67,5.53
1988,7,20,13.43,0,3.05,2.78,3.64,1.21,3.02,2,3.02,2.84,2.85,2.55,2.77,2.78,0
1988,7,21,0,0,4.44,3.86,4.65,2.25,4.21,2.93,4.24,3.76,3.86,3.45,3.71,3.74,0
1988,7,22,1.77,4.68,3.56,3.18,4.01,1.58,3.47,2.33,3.47,3.18,3.23,2.88,3.12,3.14,0
1988,7,23,0,0.11,2.97,2.72,3.58,1.16,2.95,1.95,2.95,2.79,2.79,2.5,2.72,2.72,0
1988,7,24,0,0.1,5.78,4.89,5.63,3.38,5.31,3.91,5.41,4.63,4.81,4.31,4.59,4.63,0.46
1988,7,25,0.1,0,2.45,2.32,3.2,0.81,2.48,1.63,2.49,2.45,2.4,2.16,2.35,2.35,0
1988,7,26,0,0.81,7.76,6.42,7.07,5.18,6.88,5.49,7.14,5.92,6.19,5.58,5.87,5.91,2.16
1988,7,27,0,0,0,0,0,0,0,0,0,0,0,0,0,0,0
1988,7,28,0,0,2.17,2.11,3.01,0.65,2.23,1.48,2.25,2.26,2.19,1.99,2.16,2.15,0
1988,7,29,0.11,4.62,7.7,6.37,7.03,5.12,6.84,5.44,7.09,5.88,6.14,5.54,5.83,5.87,2.1
1988,7,30,0.51,0,10.42,8.45,8.99,7.79,8.95,7.75,9.45,7.63,7.98,7.28,7.54,7.58,5.32
1988,7,31,1.78,0,2.74,2.55,3.42,1.01,2.75,1.81,2.75,2.64,2.62,2.36,2.56,2.56,0
1988,8,1,2.74,8.19,7.13,5.97,7.07,4.52,6.68,4.91,6.97,5.86,6.02,5.22,5.76,5.93,1.42
1988,8,2,3.09,15.16,10.43,8.56,9.74,7.72,9.56,7.71,9.95,8.21,8.35,7.31,7.93,8.19,5.14
1988,8,3,0,2.35,19.66,15.81,17.2,17.6,17.39,16.42,18.18,14.74,14.59,13.02,13.75,14.22,19.77
1988,8,4,6.65,0,0,0,0.6,0,0,0.14,0,0,0,0,0,0,0
1988,8,5,3.97,7.39,5.99,5.08,6.16,3.5,5.68,4.02,5.94,5.05,5.2,4.49,5,5.14,0.55
1988,8,6,0.97,1.34,5.62,4.79,5.86,3.18,5.35,3.74,5.6,4.79,4.93,4.26,4.75,4.88,0.33
1988,8,7,3.01,0,0,0,0,0,0,0.1,0,0,0,0,0,0,0
1988,8,8,5.79,0,0,0,0.9,0,0,0.24,0,0,0,0,0,0,0
1988,8,9,15.64,0.58,1.07,1.32,2.43,0.1,0.94,0.99,1.45,1.69,1.36,1.3,1.52,1.45,0
1988,8,10,26.67,0,2.4,2.29,3.34,0.74,2.35,1.61,2.65,2.53,2.47,2.15,2.49,2.5,0
1988,8,11,10.46,0,0.62,1.01,2.16,0,0,0.82,1.02,1.43,0.94,1,1.16,1.04,0
1988,8,12,3.2,1.53,9.33,7.7,8.85,6.62,8.61,6.75,8.96,7.42,7.58,6.61,7.21,7.44,3.75
1988,8,13,6.62,4.13,10.15,8.34,9.51,7.43,9.32,7.46,9.7,8.01,8.15,7.13,7.75,8,4.77
1988,8,14,17.71,0,0,0,0,0,0,0,0,0,0,0,0,0,0
1988,8,15,4.47,0,1.19,1.4,2.5,0.11,1.06,1.03,1.55,1.76,1.47,1.37,1.6,1.54,0
1988,8,16,0.4,0,1.49,1.61,2.69,0.24,1.4,1.15,1.82,1.94,1.72,1.56,1.82,1.78,0
1988,8,17,4.66,1.18,3.53,3.16,4.2,1.51,3.44,2.28,3.69,3.32,3.36,2.9,3.3,3.36,0
1988,8,18,0.39,0,0,0,0,0,0,0.1,0,0,0,0,0,0,0
1988,8,19,4.35,1.29,2.35,2.25,3.3,0.72,2.3,1.58,2.61,2.5,2.43,2.12,2.46,2.47,0
1988,8,20,9.99,0,4.14,3.63,4.67,1.96,4,2.68,4.25,3.74,3.82,3.29,3.73,3.81,0
1988,8,21,12.58,0,3.75,3.33,4.37,1.67,3.64,2.42,3.89,3.47,3.53,3.04,3.46,3.53,0
1988,8,22,26.92,1.76,7.58,6.32,7.43,4.94,7.08,5.28,7.38,6.18,6.34,5.51,6.06,6.25,1.84
1988,8,23,24.75,0.85,5.31,4.54,5.61,2.91,5.07,3.51,5.32,4.57,4.7,4.05,4.54,4.66,0.19
1988,8,24,6.88,1.61,2.85,2.63,3.68,1.03,2.79,1.86,3.07,2.84,2.83,2.45,2.82,2.85,0
1988,8,25,11.21,0,5.96,5.05,6.13,3.48,5.65,4,5.91,5.03,5.18,4.47,4.98,5.12,0.53
1988,8,26,22.85,0,0,0,1.42,0,0,0.44,0,0.66,0,0,0,0,0
1988,8,27,10.38,0,0,0,0,0,0,0,0,0,0,0,0,0,0
1988,8,28,6.46,0,5.05,4.34,5.4,2.7,4.83,3.32,5.08,4.38,4.51,3.88,4.36,4.47,0.1
1988,8,29,0.1,7.88,9.48,7.81,8.97,6.76,8.73,6.87,9.09,7.53,7.68,6.71,7.31,7.54,3.93
1988,8,30,2.13,7.8,11.78,9.62,10.83,9.09,10.72,8.92,11.16,9.17,9.27,8.15,8.79,9.08,6.98
1988,8,31,18.45,0,0,0.78,1.98,0,0,0.72,0.74,1.25,0.67,0.79,0.91,0.78,0
1988,9,1,0.28,0,0,0,0.92,0,0,0.27,0,0,0,0,0,0,0
1988,9,2,0.25,0,0,0,1.64,0,0,0.52,0,0.72,0,0,0,0,0
1988,9,3,15.23,0,0.92,1.35,2.8,0.15,0,1.12,1.5,1.83,0,1.17,1.22,0.96,0
1988,9,4,30.3,0,2.31,2.24,3.59,0.81,1.96,1.64,2.6,2.55,2.2,1.92,2.3,2.27,0
1988,9,5,0.69,0,4.56,3.95,5.29,2.41,4.19,3,4.65,4.09,4.21,3.45,4.06,4.17,0
1988,9,6,0,0,0,0,0,0,0,0.1,0,0,0,0,0,0,0
1988,9,7,0,0,0.94,1.37,2.81,0.16,0,1.13,1.52,1.85,0,1.18,1.24,0.98,0
1988,9,8,0,2.76,7.4,6.23,7.64,4.96,6.8,5.24,7.32,6.25,6.53,5.58,6.26,6.4,1.5
1988,9,9,0,16.91,21.32,17.72,19.41,20.71,19,19.41,20.56,17.42,17.08,16.72,16.72,16.64,28.32
1988,9,10,0,0.18,6.92,5.84,7.24,4.51,6.37,4.83,6.87,5.88,6.15,5.21,5.9,6.03,1.02
1988,9,11,2.69,0.1,7.99,6.71,8.13,5.54,7.33,5.75,7.87,6.7,6.99,6.03,6.71,6.85,2.17
1988,9,12,3.7,2.96,10.68,8.91,10.41,8.33,9.73,8.24,10.43,8.83,9.1,8.14,8.77,8.88,6.07
1988,9,13,2.77,2.78,10.5,8.76,10.25,8.13,9.56,8.06,10.25,8.68,8.95,7.99,8.63,8.74,5.76
1988,9,14,8.37,1.55,16.26,13.52,15.14,14.63,14.62,13.9,15.74,13.31,13.33,12.6,12.96,12.99,16.81
1988,9,15,3.16,0,5.12,4.39,5.75,2.88,4.72,3.4,5.17,4.5,4.68,3.86,4.5,4.61,0
1988,9,16,36.19,0,2.35,2.27,3.62,0.83,2,1.66,2.63,2.57,2.23,1.94,2.33,2.3,0
1988,9,17,16.09,0,4.1,3.59,4.92,2.05,3.76,2.68,4.22,3.76,3.82,3.12,3.7,3.79,0
1988,9,18,0,9.45,10.02,8.37,9.85,7.63,9.14,7.61,9.81,8.31,8.59,7.62,8.27,8.39,5.01
1988,9,19,2.28,1.31,17.37,14.44,16.07,15.94,15.58,15.08,16.8,14.21,14.15,13.5,13.79,13.79,19.22
1988,9,20,0,0,0,0.75,2.36,0,0,0.86,0.73,1.43,0,0.69,0,0,0
1988,9,21,0.62,0,3.52,3.14,4.47,1.61,3.2,2.31,3.69,3.35,3.31,2.71,3.25,3.31,0
1988,9,22,1.45,0,0,0,2.11,0,0,0.74,0,1.2,0,0.43,0,0,0
1988,9,23,2.53,0.41,6.33,5.36,6.75,3.95,5.83,4.34,6.31,5.42,5.67,4.76,5.44,5.57,0.51
1988,9,24,40.45,0,0,0.57,2.22,0,0,0.79,0,1.29,0,0.53,0,0,0
1988,9,25,23.41,1.59,5.92,5.03,6.4,3.58,5.45,4.01,5.92,5.11,5.33,4.45,5.12,5.25,0.24
1988,9,26,10.95,9.67,16.04,13.34,14.95,14.37,14.42,13.67,15.53,13.13,13.16,12.42,12.8,12.83,16.34
1988,9,27,9.62,5.2,10.73,8.95,10.45,8.38,9.77,8.28,10.48,8.87,9.13,8.18,8.8,8.92,6.15
1988,9,28,12.89,19.78,13.44,11.18,12.75,11.37,12.15,10.97,13.06,11.04,11.2,10.33,10.85,10.93,11.04
1988,9,29,16.58,26.79,11.51,9.6,11.11,9.23,10.46,9.04,11.22,9.49,9.73,8.8,9.4,9.5,7.48
1988,9,30,3.35,25.78,17.31,14.38,16.02,15.86,15.52,15.01,16.73,14.15,14.1,13.44,13.74,13.74,19.08
1988,10,1,6.89,10.18,6.58,6.04,6.89,6.19,6.57,6.64,7,5.89,5.91,5.39,5.61,5.66,2.58
1988,10,2,9.98,11.77,14.07,13.44,13.76,18.62,13.78,18.23,15.85,12.83,13.75,13.41,12.76,13.2,22.66
1988,10,3,5.36,14.93,10.03,9.38,10.02,11.52,9.87,11.61,11,9.01,9.45,8.93,8.84,9.04,10.39
1988,10,4,3.74,9,13.81,13.18,13.52,18.14,13.53,17.78,15.53,12.59,13.47,13.11,12.5,12.92,21.8
1988,10,5,6.03,7.7,8.57,7.96,8.69,9.17,8.48,9.42,9.29,7.68,7.94,7.4,7.46,7.59,6.7
1988,10,6,0.19,0,4.24,3.88,4.84,3.17,4.36,3.84,4.41,3.9,3.64,3.24,3.54,3.52,0.1
1988,10,7,0,4.76,7,6.44,7.27,6.8,6.98,7.21,7.48,6.26,6.34,5.81,6,6.06,3.35
1988,10,8,0.1,7.76,13.16,12.52,12.92,16.96,12.9,16.68,14.74,11.96,12.77,12.38,11.86,12.25,19.69
1988,10,9,0,4.23,8.95,8.33,9.04,9.78,8.85,9.98,9.74,8.02,8.33,7.8,7.82,7.97,7.63
1988,10,10,0,0.12,8.82,8.2,8.92,9.57,8.72,9.79,9.59,7.91,8.2,7.67,7.7,7.84,7.31
1988,10,11,0,0,7.5,6.92,7.72,7.53,7.45,7.89,8.05,6.71,6.84,6.31,6.46,6.54,4.33
1988,10,12,0,1.74,10.65,10,10.59,12.57,10.48,12.58,11.74,9.59,10.1,9.61,9.43,9.67,12.11
1988,10,13,0.1,3.46,9.59,8.95,9.62,10.8,9.45,10.94,10.48,8.61,8.99,8.47,8.42,8.6,9.23
1988,10,14,0,6.11,9.9,9.26,9.9,11.32,9.76,11.42,10.85,8.9,9.32,8.8,8.72,8.91,10.06
1988,10,15,0,5.1,10,9.36,10,11.48,9.85,11.57,10.97,8.99,9.42,8.91,8.81,9.01,10.32
1988,10,16,9.08,5.59,11.61,10.95,11.48,14.21,11.4,14.11,12.88,10.49,11.11,10.65,10.35,10.64,14.89
1988,10,17,2.07,0.82,4.73,4.32,5.26,3.75,4.82,4.38,4.94,4.3,4.11,3.67,3.96,3.95,0.23
1988,10,18,14.44,0,1.86,1.88,2.91,0.93,2.18,1.71,2.01,2.1,1.53,1.41,1.61,1.6,0
1988,10,19,22.29,0,0.79,1.16,2.23,0.36,1.32,1.11,1.14,1.49,0.76,0.84,0.93,0.94,0
1988,10,20,2.75,0,1.37,1.53,2.58,0.63,1.77,1.4,1.58,1.8,1.16,1.13,1.28,1.27,0
1988,10,21,0.1,0,5.58,5.1,6,4.83,5.62,5.38,5.88,5.02,4.93,4.44,4.71,4.73,1.08
1988,10,22,0,0,5.83,5.33,6.22,5.15,5.86,5.68,6.15,5.23,5.17,4.67,4.93,4.95,1.4
1988,10,23,0,6.46,8.55,7.94,8.67,9.14,8.46,9.39,9.27,7.66,7.92,7.38,7.44,7.57,6.65
1988,10,24,0,5.45,8.76,8.14,8.86,9.47,8.66,9.7,9.51,7.85,8.13,7.6,7.64,7.78,7.16
1988,10,25,12.96,31.1,22.4,22.01,21.56,34.75,21.85,33.38,26.09,20.96,22.86,23.2,21.05,22.09,53.1
1988,10,26,18.45,41.41,36.99,37.87,35.84,66.39,36.3,63.22,44.74,35.68,39.49,41.66,35.86,39.31,111.57
1988,10,27,13.05,12.21,13.05,12.4,12.81,16.75,12.79,16.49,14.61,11.85,12.64,12.25,11.75,12.13,19.33
1988,10,28,0.18,10.48,11.3,10.65,11.2,13.68,11.11,13.62,12.51,10.2,10.79,10.32,10.06,10.33,13.99
1988,10,29,5.99,0,4.99,4.56,5.48,4.07,5.06,4.67,5.23,4.52,4.35,3.9,4.19,4.19,0.44
1988,10,30,0.44,0,3.24,3,3.99,2.1,3.43,2.83,3.36,3.1,2.72,2.41,2.69,2.67,0
1988,10,31,8.67,0,0,0,0.8,0,0,0.26,0,0.27,0,0,0,0,0
1988,11,1,3.68,0,0.72,0.95,1.4,0.83,0.79,1.46,0.75,0.94,0.73,0.48,0.6,0.56,0
1988,11,2,1.98,0,0,0,0.17,0,0,0.1,0,0.1,0,0,0,0,0
1988,11,3,0.16,0,0,0.1,0.43,0.1,0,0.24,0,0.16,0,0,0.1,0,0
1988,11,4,0,0,3.47,3.93,4.15,6.42,3.36,7.38,4.08,3.3,2.99,2.4,2.63,2.59,0
1988,11,5,0.1,0,0,0,0,0,0,0,0,0,0,0,0,0,0
1988,11,6,1.82,0,0,0,0.32,0.1,0,0.16,0,0.1,0,0,0,0,0
1988,11,7,3.26,0,1.17,1.4,1.83,1.47,1.21,2.2,1.23,1.31,1.09,0.76,0.9,0.87,0
1988,11,8,2.54,0,0,0,0.1,0,0,0.1,0,0,0,0,0,0,0
1988,11,9,0,0,2.68,3.02,3.33,4.45,2.61,5.36,3.04,2.59,2.33,1.8,2.01,1.98,0
1988,11,10,0,1.32,12.18,14.77,13.72,36.38,11.57,37.6,16.7,11.64,10.43,9.73,9.95,9.86,10.33
1988,11,11,0,1.75,10.75,12.91,12.1,30.78,10.21,31.99,14.54,10.21,9.19,8.47,8.7,8.62,6.66
1988,11,12,0,11.99,18.71,23.34,21.26,63.23,17.76,64.94,26.79,18.17,16.11,15.63,15.73,15.55,30.43
1988,11,13,0,0,9.14,10.87,10.3,24.76,8.69,25.91,12.14,8.65,7.81,7.07,7.32,7.26,3.16
1988,11,14,0,0,0,0,0,0,0,0,0,0,0,0,0,0,0
1988,11,15,0,0,0.37,0.62,1.07,0.44,0.47,0.97,0.41,0.67,0.46,0.28,0.37,0.33,0
1988,11,16,0,0,0.49,0.72,1.18,0.56,0.58,1.12,0.52,0.76,0.55,0.35,0.45,0.4,0
1988,11,17,0,0,0,0,0.21,0,0,0.1,0,0.1,0,0,0,0,0
1988,11,18,0,0,4.54,5.19,5.27,9.38,4.36,10.39,5.52,4.27,3.88,3.24,3.48,3.44,0
1988,11,19,0,0,0,0.1,0.33,0.1,0,0.17,0,0.1,0,0,0,0,0
1988,11,20,0,0,0,0,0,0,0,0,0,0,0,0,0,0,0
1988,11,21,0.69,0,0.1,0.29,0.73,0.15,0.13,0.53,0.1,0.39,0.17,0.1,0.15,0.12,0
1988,11,22,0,0,0.99,1.21,1.65,1.19,1.04,1.88,1.03,1.16,0.95,0.64,0.78,0.74,0
1988,11,23,0,0,1.48,1.72,2.13,1.99,1.5,2.76,1.58,1.56,1.34,0.96,1.12,1.09,0
1988,11,24,0,0,0.34,0.58,1.04,0.41,0.44,0.92,0.37,0.64,0.43,0.26,0.35,0.31,0
1988,11,25,0,0,2.5,2.83,3.15,4.05,2.45,4.95,2.82,2.44,2.18,1.68,1.88,1.84,0
1988,11,26,0,0,3.38,3.83,4.06,6.19,3.27,7.14,3.96,3.22,2.91,2.33,2.56,2.52,0
1988,11,27,0,0,0.29,0.53,0.99,0.36,0.39,0.86,0.33,0.6,0.39,0.24,0.32,0.28,0
1988,11,28,0,0,0.26,0.51,0.97,0.34,0.37,0.83,0.31,0.58,0.37,0.23,0.31,0.26,0
1988,11,29,0,0,0.26,0.51,0.96,0.33,0.36,0.82,0.3,0.58,0.36,0.22,0.3,0.26,0
1988,11,30,0,0,0,0,0,0,0,0,0,0,0,0,0,0,0
1988,12,1,0,0,0,0,0.1,0,0,0.1,0,0,0,0,0,0,0
1988,12,2,0,0,11.76,16.84,15.72,52.2,11.22,53.78,16.88,12.16,10.4,6.05,7.47,7.3,0.94
1988,12,3,0,0.14,6.65,9.33,8.95,26.41,6.48,27.67,9.26,6.83,5.87,3.44,4.25,4.18,0
1988,12,4,0,0,0,0,0.1,0,0,0.1,0,0,0,0,0,0,0
1988,12,5,0,0,0,0,0,0,0,0,0,0,0,0,0,0,0
1988,12,6,0,0,0,0,0,0,0,0,0,0,0,0,0,0,0
1988,12,7,0,0,0,0,0,0,0,0,0,0,0,0,0,0,0
1988,12,8,0,0,0,0,0,0,0,0,0,0,0,0,0,0,0
1988,12,9,0,0,0,0,0,0,0,0,0,0,0,0,0,0,0
1988,12,10,0,0,2.65,3.66,3.8,8.48,2.74,9.54,3.51,2.74,2.36,1.38,1.72,1.73,0
1988,12,11,0,0,0.1,0.19,0.46,0.16,0.14,0.52,0.1,0.14,0.1,0.1,0.1,0.1,0
1988,12,12,0,0,2.73,3.77,3.89,8.8,2.81,9.84,3.61,2.82,2.42,1.42,1.77,1.77,0
1988,12,13,0,0,2.15,2.98,3.18,6.56,2.27,7.57,2.83,2.25,1.93,1.13,1.41,1.42,0
1988,12,14,0,0,0,0,0.1,0,0,0.1,0,0,0,0,0,0,0
1988,12,15,0,0,0.47,0.76,1.06,1.08,0.62,1.7,0.61,0.58,0.46,0.24,0.32,0.36,0
1988,12,16,0,0,1.07,1.53,1.82,2.78,1.22,3.6,1.36,1.17,0.98,0.56,0.71,0.74,0
1988,12,17,0,0,0.84,1.22,1.53,2.07,0.99,2.85,1.07,0.94,0.77,0.44,0.56,0.59,0
1988,12,18,0,0,0,0,0,0,0,0,0,0,0,0,0,0,0
1988,12,19,0,0,0,0,0,0,0,0,0,0,0,0,0,0,0
1988,12,20,0,0,0.52,0.81,1.12,1.19,0.66,1.84,0.66,0.62,0.5,0.27,0.35,0.39,0
1988,12,21,0,0,1.55,2.16,2.42,4.34,1.68,5.28,2,1.64,1.4,0.81,1.02,1.04,0
1988,12,22,0.1,0.3,3.31,4.57,4.64,11.2,3.36,12.28,4.43,3.41,2.93,1.72,2.14,2.13,0
1988,12,23,0,0,1.23,1.74,2.02,3.27,1.37,4.15,1.58,1.32,1.12,0.64,0.81,0.84,0
1988,12,24,0,0,0,0.1,0.29,0.1,0.1,0.26,0.1,0.1,0.1,0,0,0.1,0
1988,12,25,0,0,0.1,0.14,0.38,0.1,0.1,0.39,0.1,0.1,0.1,0.1,0.1,0.1,0
1988,12,26,0.23,0,0.1,0.11,0.35,0.1,0.1,0.34,0.1,0.1,0.1,0,0.1,0.1,0
1988,12,27,0.23,0.15,10.47,14.91,13.99,45.5,10.03,46.95,14.95,10.81,9.26,5.39,6.65,6.52,0.13
1988,12,28,0,0,0.78,1.15,1.46,1.91,0.93,2.66,0.99,0.88,0.73,0.41,0.53,0.56,0
1988,12,29,0,0,0,0.1,0.14,0,0,0.1,0,0,0,0,0,0,0
1988,12,30,0,0,0.1,0.15,0.4,0.12,0.1,0.43,0.1,0.11,0.1,0.1,0.1,0.1,0
1988,12,31,0,0,0.12,0.3,0.58,0.29,0.23,0.71,0.18,0.22,0.15,0.1,0.1,0.12,0
1989,1,1,0.13,0,0.1,0.11,0.16,0.1,0.1,0.15,0.1,0.15,0.1,0.1,0.1,0.1,0
1989,1,2,0,0,0.44,0.57,0.64,0.79,0.46,1.12,0.6,0.54,0.45,0.28,0.38,0.37,0
1989,1,3,0,0,0.16,0.23,0.29,0.15,0.18,0.36,0.22,0.26,0.19,0.1,0.16,0.14,0
1989,1,4,3.47,0,1.45,1.83,1.85,4.46,1.45,4.77,2.06,1.49,1.35,1.01,1.13,1.14,0
1989,1,5,3.77,0,0.24,0.33,0.39,0.3,0.27,0.54,0.33,0.34,0.27,0.14,0.22,0.21,0
1989,1,6,1.3,2.58,6.02,7.59,7.27,26.96,5.83,25.72,9.01,5.61,5.24,4.25,4.38,4.52,7.28
1989,1,7,0.1,1.79,6.16,7.77,7.43,27.69,5.97,26.4,9.24,5.73,5.36,4.35,4.48,4.62,8.2
1989,1,8,0,0.55,1.82,2.29,2.29,6.07,1.81,6.31,2.61,1.83,1.68,1.27,1.4,1.42,0
1989,1,9,0,0,0.1,0.1,0.1,0.1,0.1,0.1,0.1,0.1,0.1,0,0.1,0.1,0
1989,1,10,0,0,0.31,0.41,0.48,0.46,0.33,0.75,0.43,0.42,0.34,0.19,0.28,0.27,0
1989,1,11,0,0,0,0,0,0,0,0,0,0,0,0,0,0,0
1989,1,12,0,0,0,0,0,0,0,0,0,0,0,0,0,0,0
1989,1,13,0,0,0,0,0,0,0,0,0,0,0,0,0,0,0
1989,1,14,0,0,0,0,0,0,0,0,0,0,0,0,0,0,0
1989,1,15,0,0.1,0.72,0.92,0.99,1.67,0.74,2.05,1.01,0.82,0.72,0.49,0.6,0.59,0
1989,1,16,0,0,0.71,0.91,0.97,1.63,0.73,2.01,0.99,0.81,0.71,0.48,0.59,0.58,0
1989,1,17,0,0.87,2.2,2.78,2.75,7.83,2.18,7.97,3.19,2.19,2.01,1.55,1.68,1.71,0
1989,1,18,0,0,0.24,0.32,0.39,0.29,0.26,0.54,0.33,0.34,0.27,0.14,0.22,0.21,0
1989,1,19,2.88,0,0.23,0.31,0.37,0.27,0.25,0.51,0.31,0.33,0.26,0.13,0.21,0.2,0
1989,1,20,0.1,0,1.47,1.85,1.88,4.55,1.47,4.86,2.09,1.51,1.37,1.02,1.15,1.16,0
1989,1,21,0,0,1.03,1.3,1.35,2.78,1.04,3.15,1.45,1.11,0.99,0.71,0.83,0.83,0
1989,1,22,0,0,0.1,0.1,0.14,0.1,0.1,0.11,0.1,0.13,0.1,0.1,0.1,0.1,0
1989,1,23,0,0,2.11,2.65,2.64,7.37,2.09,7.53,3.04,2.1,1.93,1.48,1.61,1.64,0
1989,1,24,0,0,0,0,0,0,0,0,0,0,0,0,0,0,0
1989,1,25,0,0,0,0,0,0,0,0,0,0,0,0,0,0,0
1989,1,26,0,0,0,0,0,0,0,0,0,0,0,0,0,0,0
1989,1,27,0,0,0,0,0,0,0,0,0,0,0,0,0,0,0
1989,1,28,0,0,0,0,0,0,0,0,0,0,0,0,0,0,0
1989,1,29,6.66,0,0,0,0,0,0,0,0,0,0,0,0,0,0
1989,1,30,0.1,0,0,0,0,0,0,0,0,0,0,0,0,0,0
1989,1,31,0,0,0,0,0,0,0,0,0,0,0,0,0,0,0
1989,2,1,0.87,0,1.21,1.63,1.82,2.01,1.33,2.65,1.61,1.44,1.27,1.08,1.15,1.16,0
1989,2,2,8.43,0,0,0,0,0,0,0,0,0,0,0,0,0,0
1989,2,3,8.02,0,0,0,0,0,0,0,0,0,0,0,0,0,0
1989,2,4,0.77,0,0,0,0,0,0,0,0,0,0,0,0,0,0
1989,2,5,0,0,0,0,0,0,0,0,0,0,0,0,0,0,0
1989,2,6,0,0,0.34,0.42,0.51,0.11,0.36,0.34,0.43,0.43,0.33,0.24,0.29,0.28,0
1989,2,7,0,0,0,0,0,0,0,0,0,0,0,0,0,0,0
1989,2,8,0.28,0,0,0,0,0,0,0,0,0,0,0,0,0,0
1989,2,9,0,0,0,0,0,0,0,0,0,0,0,0,0,0,0
1989,2,10,0,0,1.16,1.56,1.74,1.86,1.28,2.49,1.55,1.38,1.22,1.03,1.1,1.1,0
1989,2,11,0,0,1.69,2.36,2.57,3.62,1.88,4.34,2.31,2.02,1.8,1.58,1.65,1.66,0
1989,2,12,0,0,0,0,0,0,0,0,0,0,0,0,0,0,0
1989,2,13,0,0,0.1,0.1,0.1,0,0.1,0.1,0.1,0.1,0.1,0.1,0.1,0.1,0
1989,2,14,0,0,0.52,0.65,0.77,0.34,0.55,0.7,0.66,0.63,0.52,0.4,0.46,0.46,0
1989,2,15,0,0,0,0,0,0,0,0,0,0,0,0,0,0,0
1989,2,16,0,0,0,0,0,0,0,0,0,0,0,0,0,0,0
1989,2,17,0,0,0,0,0,0,0,0,0,0,0,0,0,0,0
1989,2,18,0,0,0,0,0,0,0,0,0,0,0,0,0,0,0
1989,2,19,0,0,3.35,4.98,5.28,10.54,3.83,11.2,4.79,4.04,3.7,3.34,3.41,3.44,0.84
1989,2,20,0,0,1.14,1.54,1.71,1.81,1.26,2.44,1.52,1.36,1.2,1.01,1.08,1.09,0
1989,2,21,0,0,0,0.1,0.1,0,0,0,0.1,0.1,0,0,0,0,0
1989,2,22,0,0,0.1,0.1,0.1,0,0.1,0.1,0.1,0.1,0.1,0.1,0.1,0.1,0
1989,2,23,0,0,0.1,0.1,0.1,0,0.1,0.1,0.1,0.1,0.1,0.1,0.1,0.1,0
1989,2,24,0,0,0,0,0,0,0,0,0,0,0,0,0,0,0
1989,2,25,1.89,0,0,0,0,0,0,0,0,0,0,0,0,0,0
1989,2,26,0,0,1.06,1.43,1.6,1.57,1.17,2.18,1.42,1.27,1.11,0.94,1,1,0
1989,2,27,0,0.1,2.19,3.15,3.39,5.57,2.48,6.31,3.07,2.63,2.38,2.11,2.18,2.2,0
1989,2,28,0,0,1.27,1.73,1.91,2.19,1.4,2.83,1.71,1.52,1.34,1.14,1.21,1.22,0
1989,3,1,0,0,0.39,0.41,0.49,0.21,0.37,0.45,0.42,0.54,0.39,0.31,0.35,0.35,0
1989,3,2,0,0,0.31,0.35,0.42,0.14,0.3,0.34,0.35,0.47,0.34,0.25,0.3,0.29,0
1989,3,3,0,0,0.84,0.84,0.94,0.64,0.78,0.99,0.92,0.94,0.79,0.7,0.74,0.74,0
1989,3,4,0,0,1.44,1.4,1.55,1.42,1.31,1.82,1.6,1.46,1.3,1.26,1.27,1.27,0
1989,3,5,0,0.18,3.28,3.15,3.4,4.43,2.91,4.68,3.8,2.98,2.89,3.1,2.96,2.98,0
1989,3,6,0,3.22,4.15,3.97,4.26,6.05,3.66,6.17,4.86,3.72,3.63,4,3.76,3.8,0
1989,3,7,0.1,0,0.9,0.89,1.02,0.72,0.83,1.08,0.98,1,0.84,0.75,0.79,0.79,0
1989,3,8,0,0,0,0,0,0,0,0,0,0,0,0,0,0,0
1989,3,9,0,0,0.1,0.1,0.1,0.1,0.1,0.1,0.1,0.18,0.1,0.1,0.1,0.1,0
1989,3,10,0.12,0,0.23,0.28,0.35,0.1,0.23,0.28,0.28,0.39,0.27,0.19,0.24,0.23,0
1989,3,11,3.96,11.3,7.16,6.86,7.33,12.04,6.25,11.6,8.62,6.21,6.22,7.21,6.6,6.68,8.69
1989,3,12,1.53,19.75,6.35,6.08,6.5,10.38,5.55,10.1,7.6,5.54,5.52,6.34,5.83,5.9,5.17
1989,3,13,6.49,0,0.31,0.34,0.42,0.14,0.3,0.34,0.35,0.46,0.33,0.25,0.3,0.29,0
1989,3,14,0.1,0,0.53,0.57,0.68,0.32,0.5,0.65,0.6,0.69,0.55,0.44,0.5,0.49,0
1989,3,15,0,0,0,0,0,0,0,0,0,0,0,0,0,0,0
1989,3,16,0.1,0,0.6,0.63,0.74,0.36,0.56,0.71,0.67,0.73,0.6,0.5,0.56,0.55,0
1989,3,17,0.1,0.37,2.29,2.23,2.44,2.73,2.05,3.15,2.63,2.19,2.06,2.11,2.07,2.08,0
1989,3,18,0,0.1,2.87,2.75,3,3.72,2.56,4.07,3.29,2.67,2.53,2.67,2.58,2.59,0
1989,3,19,0,0,2.08,2,2.19,2.38,1.86,2.77,2.34,1.99,1.85,1.88,1.84,1.86,0
1989,3,20,0,7.05,5.29,5.09,5.46,8.27,4.65,8.26,6.3,4.69,4.63,5.22,4.86,4.9,1.59
1989,3,21,0,0,0.42,0.44,0.54,0.23,0.4,0.5,0.45,0.58,0.42,0.33,0.38,0.37,0
1989,3,22,0,0,0.39,0.41,0.5,0.21,0.37,0.45,0.42,0.55,0.4,0.31,0.35,0.35,0
1989,3,23,0.1,0,0.29,0.32,0.4,0.12,0.28,0.31,0.33,0.44,0.32,0.24,0.28,0.27,0
1989,3,24,0,1.61,2.68,2.57,2.78,3.38,2.39,3.7,3.07,2.49,2.37,2.48,2.4,2.42,0
1989,3,25,0,0.65,5.25,5.04,5.42,8.19,4.61,8.19,6.25,4.66,4.59,5.18,4.81,4.86,1.52
1989,3,26,0,0,2.24,2.17,2.38,2.66,2.01,3.07,2.56,2.14,2.01,2.05,2.02,2.02,0
1989,3,27,0,0,0,0,0,0,0,0,0,0,0,0,0,0,0
1989,3,28,1.91,0,0,0.1,0.1,0,0,0.1,0.1,0.1,0.1,0.1,0.1,0.1,0
1989,3,29,14.58,0,0,0,0,0,0,0,0,0,0,0,0,0,0
1989,3,30,0,0,0,0,0,0,0,0,0,0,0,0,0,0,0
1989,3,31,0,0,0,0.1,0.1,0,0,0.1,0,0.1,0.1,0,0.1,0,0
1989,4,1,0,0,0,0,0,0,0,0,0,0,0,0,0,0,0
1989,4,2,0,0,1.3,1.25,1.71,0.66,1.23,1.39,1.41,1.39,1.29,1.02,1.11,1.16,0
1989,4,3,0,0,3.69,3.25,3.96,3.18,3.48,3.96,3.62,3.23,3.07,2.75,2.87,2.97,0
1989,4,4,0,0,0,0,0.1,0,0,0.1,0,0.1,0,0,0,0,0
1989,4,5,0,0,2.41,2.16,2.75,1.7,2.27,2.52,2.42,2.24,2.12,1.81,1.91,1.99,0
1989,4,6,0.36,0,3.67,3.21,3.93,3.14,3.45,3.92,3.6,3.2,3.04,2.73,2.85,2.95,0
1989,4,7,18.52,0,2.98,2.66,3.26,2.27,2.81,3.06,2.99,2.65,2.55,2.25,2.36,2.45,0
1989,4,8,7.6,0,0.1,0.25,0.54,0.1,0.1,0.38,0.25,0.44,0.33,0.16,0.19,0.21,0
1989,4,9,6.59,0,0,0.1,0.15,0,0,0.13,0.1,0.12,0.1,0.1,0.1,0.1,0
1989,4,10,7.11,0,0,0,0,0,0,0,0,0,0,0,0,0,0
1989,4,11,0,0,0,0,0,0,0,0,0,0,0,0,0,0,0
1989,4,12,0,0,0,0,0.1,0,0,0.1,0,0.1,0,0,0,0,0
1989,4,13,0,0,3.54,3.1,3.78,2.99,3.34,3.75,3.49,3.08,2.93,2.64,2.76,2.86,0
1989,4,14,0,0,0,0.1,0.12,0,0,0.11,0.1,0.1,0.1,0.1,0.1,0.1,0
1989,4,15,0,0,0,0,0,0,0,0.1,0,0,0,0,0,0,0
1989,4,16,0,0,0,0,0.1,0,0,0.1,0,0.1,0,0,0,0,0
1989,4,17,0,1.78,8.28,7.3,8.32,9.43,7.8,9.66,8.03,6.79,6.48,6.3,6.38,6.58,3.66
1989,4,18,0,15.66,5.05,4.42,5.22,4.9,4.75,5.54,4.93,4.25,4.06,3.79,3.91,4.04,0
1989,4,19,0,0,2.57,2.33,2.93,1.86,2.42,2.71,2.62,2.38,2.27,1.96,2.07,2.15,0
1989,4,20,0,0,2.92,2.62,3.22,2.2,2.75,3.01,2.94,2.62,2.51,2.21,2.32,2.41,0
1989,4,21,0,0,1.87,1.69,2.17,1.13,1.76,1.85,1.92,1.76,1.69,1.41,1.52,1.58,0
1989,4,22,0,0.3,5.25,4.64,5.47,5.18,4.95,5.85,5.13,4.46,4.25,3.95,4.07,4.2,0
1989,4,23,0,2.43,3.31,2.92,3.53,2.69,3.12,3.42,3.28,2.87,2.77,2.48,2.6,2.69,0
1989,4,24,0.1,0,0,0.1,0.21,0,0,0.16,0.1,0.17,0.1,0.1,0.1,0.1,0
1989,4,25,0,0,0,0,0,0,0,0,0,0,0,0,0,0,0
1989,4,26,0,0,0.1,0.1,0.35,0,0.1,0.26,0.1,0.29,0.16,0.1,0.1,0.1,0
1989,4,27,3.15,0,0.59,0.64,0.96,0.12,0.55,0.66,0.72,0.78,0.71,0.5,0.56,0.59,0
1989,4,28,0.72,1.21,5.44,4.87,5.7,5.44,5.13,6.13,5.38,4.65,4.44,4.16,4.27,4.41,0
1989,4,29,0.66,0.1,4.45,3.94,4.67,4.06,4.19,4.76,4.39,3.8,3.65,3.36,3.48,3.6,0
1989,4,30,0,2.85,2.26,1.99,2.57,1.55,2.13,2.34,2.26,2.09,1.97,1.68,1.79,1.86,0
1989,5,1,10.72,11.83,7.7,7.32,7.6,6.52,7.36,6.67,7.75,6.85,7.14,6.06,6.46,6.86,1.49
1989,5,2,18.14,7.98,9.55,9.13,9.19,8.82,9.01,8.67,9.53,8.42,8.81,7.54,7.94,8.48,4.12
1989,5,3,0.91,0,13.62,13.38,12.86,14.26,12.62,13.42,13.55,12.08,12.56,10.92,11.28,12.11,12.08
1989,5,4,7.92,13.55,17,16.9,15.85,19.05,15.59,17.56,16.85,15.1,15.66,13.72,14.01,15.11,19.69
1989,5,5,17.7,7.85,12.04,11.69,11.41,12.11,11.23,11.53,11.97,10.63,11.1,9.59,9.97,10.69,8.7
1989,5,6,1.67,0,3.04,2.87,3.48,1.64,3.11,2.33,3.26,2.93,2.93,2.4,2.73,2.79,0
1989,5,7,1.01,0,0,0.58,1.1,0,0,0.63,0.65,0.86,0.46,0.39,0.54,0.41,0
1989,5,8,4.2,7.72,4.73,4.38,4.93,3.2,4.66,3.74,4.84,4.3,4.43,3.67,4.05,4.24,0
1989,5,9,0,1.25,7.07,6.66,7,5.79,6.8,6.01,7.12,6.27,6.56,5.54,5.94,6.29,0.8
1989,5,10,9.59,22.51,10.89,10.5,10.4,10.57,10.21,10.19,10.84,9.62,10.04,8.64,9.03,9.67,6.48
1989,5,11,0,19.95,13.52,13.26,12.76,14.13,12.53,13.3,13.43,11.98,12.45,10.82,11.18,12,11.85
1989,5,12,0,0,6.49,6.12,6.52,5.1,6.27,5.42,6.58,5.81,6.04,5.09,5.49,5.8,0.26
1989,5,13,0,3.59,13.22,12.92,12.46,13.72,12.27,12.93,13.14,11.68,12.19,10.57,10.94,11.74,11.14
1989,5,14,3.02,5.58,10.86,10.47,10.36,10.53,10.18,10.15,10.81,9.59,10.01,8.61,9.01,9.64,6.41
1989,5,15,7.68,0,6.58,6.21,6.6,5.21,6.35,5.5,6.66,5.88,6.12,5.16,5.56,5.87,0.34
1989,5,16,4.35,0,0,0,0,0,0,0.16,0,0.15,0,0,0,0,0
1989,5,17,22.6,0,8.31,7.89,8.09,7.27,7.91,7.31,8.32,7.34,7.68,6.54,6.94,7.38,2.26
1989,5,18,10.08,0,5.16,4.83,5.34,3.64,5.06,4.14,5.28,4.68,4.83,4.03,4.41,4.62,0
1989,5,19,47.04,0,0,0.28,0.78,0,0,0.45,0,0.59,0,0,0,0,0
1989,5,20,19.35,0,4.17,3.9,4.46,2.65,4.16,3.24,4.33,3.85,3.94,3.26,3.62,3.77,0
1989,5,21,21.77,0,3.02,2.85,3.46,1.62,3.09,2.31,3.24,2.92,2.91,2.39,2.71,2.78,0
1989,5,22,0.14,25.72,17.65,17.61,16.43,19.99,16.16,18.35,17.52,15.68,16.28,14.29,14.57,15.71,21.17
1989,5,23,2.88,4.97,12.49,12.2,11.86,12.7,11.62,12.06,12.44,11.07,11.52,9.98,10.36,11.1,9.7
1989,5,24,2.66,29.62,19.7,19.82,18.29,23,17.96,20.99,19.57,17.57,18.18,16.03,16.26,17.56,26.29
1989,5,25,31.38,35.99,24.34,24.79,22.41,29.95,22,27.03,24.14,21.78,22.47,19.96,20.07,21.7,38.15
1989,5,26,18.03,32.41,20.84,21.04,19.3,24.67,18.95,22.46,20.68,18.6,19.23,16.99,17.19,18.58,29.14
1989,5,27,1.39,24.25,14.4,14.15,13.51,15.36,13.31,14.35,14.3,12.74,13.27,11.56,11.9,12.8,13.7
1989,5,28,0,13.34,8.91,8.53,8.67,8.01,8.44,7.97,8.93,7.91,8.24,7.04,7.45,7.93,3.17
1989,5,29,0,6.14,5.29,4.96,5.46,3.78,5.18,4.24,5.41,4.79,4.95,4.14,4.52,4.74,0
1989,5,30,0,18.62,9.49,9.08,9.15,8.76,8.96,8.6,9.48,8.37,8.76,7.5,7.9,8.43,4.04
1989,5,31,4.28,18.15,12.82,12.54,12.14,13.17,11.92,12.43,12.76,11.35,11.83,10.26,10.63,11.4,10.34
1989,6,1,8.8,0,0.98,1.14,1.66,0.12,1.21,0.86,1.15,1.54,1.06,1.08,1.29,1.15,0
1989,6,2,2.64,0,2.45,2.35,2.94,0.99,2.59,1.68,2.53,2.55,2.35,2.12,2.4,2.36,0
1989,6,3,5.05,0,0,0,0.58,0,0,0.35,0,0.69,0,0,0,0,0
1989,6,4,0,0,0,0,0,0,0,0.19,0,0.36,0,0,0,0,0
1989,6,5,0,0,2.08,2.04,2.6,0.73,2.25,1.44,2.18,2.28,2.03,1.85,2.12,2.05,0
1989,6,6,0,0,0,0,0.37,0,0,0.27,0,0.51,0,0,0,0,0
1989,6,7,0.64,0,0,0,0,0,0,0,0,0,0,0,0,0,0
1989,6,8,0,0,0,0,0,0,0,0,0,0,0,0,0,0,0
1989,6,9,0.1,0,0,0,0,0,0,0.1,0,0,0,0,0,0,0
1989,6,10,14.26,0.66,6.71,6.12,7.11,4.83,6.28,5.09,6.59,5.79,6.03,5.2,5.52,5.7,1.85
1989,6,11,9.73,0,7.77,7.08,8.19,5.96,7.18,6.09,7.62,6.62,6.94,5.98,6.29,6.53,3.37
1989,6,12,12.44,0,1.4,1.47,2,0.34,1.62,1.06,1.54,1.82,1.44,1.37,1.61,1.5,0
1989,6,13,11.57,0.1,4.55,4.19,4.96,2.72,4.45,3.23,4.53,4.13,4.17,3.64,3.96,4.03,0.1
1989,6,14,0.11,6.61,9.55,8.69,10,7.91,8.65,7.81,9.32,8.01,8.45,7.27,7.55,7.88,6.4
1989,6,15,3.75,0,8.47,7.72,8.9,6.72,7.76,6.75,8.29,7.17,7.54,6.49,6.79,7.06,4.5
1989,6,16,0,6,9.04,8.23,9.48,7.34,8.23,7.3,8.83,7.61,8.02,6.9,7.19,7.49,5.47
1989,6,17,0,10.36,7.53,6.86,7.94,5.69,6.97,5.85,7.38,6.43,6.73,5.8,6.11,6.34,3
1989,6,18,0,18.77,11,10.01,11.49,9.57,9.85,9.27,10.71,9.14,9.69,8.33,8.58,8.99,9.21
1989,6,19,0,18.39,10.96,9.97,11.44,9.53,9.82,9.23,10.67,9.11,9.66,8.3,8.55,8.96,9.13
1989,6,20,0,12.24,9.76,8.88,10.21,8.15,8.83,8.02,9.52,8.17,8.64,7.43,7.7,8.04,6.8
1989,6,21,0,0,0,0.5,1.01,0,0,0.54,0.41,1.03,0.36,0.52,0.67,0.49,0
1989,6,22,20.78,0,1.93,1.91,2.46,0.64,2.11,1.35,2.03,2.18,1.89,1.74,2.01,1.93,0
1989,6,23,0,0,0,0,0,0,0,0,0,0,0,0,0,0,0
1989,6,24,0.68,0,0,0,0,0,0,0.2,0,0.37,0,0,0,0,0
1989,6,25,12.91,8.39,8.45,7.69,8.88,6.69,7.74,6.73,8.27,7.15,7.52,6.47,6.77,7.04,4.46
1989,6,26,6.54,14.35,15.92,14.52,16.57,15.49,13.87,14.47,15.43,13.02,13.87,11.91,12.03,12.7,20.14
1989,6,27,0,2.23,6.02,5.5,6.42,4.13,5.7,4.47,5.93,5.26,5.44,4.7,5.02,5.17,1.05
1989,6,28,1.63,15.86,11.38,10.36,11.87,10.01,10.16,9.65,11.07,9.44,10.01,8.6,8.85,9.27,9.99
1989,6,29,0.86,1.11,7.23,6.59,7.64,5.38,6.73,5.58,7.1,6.2,6.48,5.59,5.9,6.11,2.57
1989,6,30,3.9,0.3,5.99,5.47,6.39,4.1,5.68,4.45,5.9,5.23,5.41,4.68,5,5.15,1.01
1989,7,1,25.73,0,0,0,0.49,0,0,0.1,0,0,0,0,0,0,0
1989,7,2,16.8,0,2.16,2.1,3,0.64,2.22,1.47,2.24,2.26,2.18,1.98,2.15,2.14,0
1989,7,3,2.45,1.46,3.3,2.98,3.82,1.39,3.24,2.15,3.24,3.01,3.03,2.71,2.94,2.95,0
1989,7,4,8.32,0,0,0.38,1.52,0,0,0.51,0,0.82,0,0.58,0.48,0,0
1989,7,5,7.83,0.1,0.47,0.83,1.89,0,0.53,0.71,0.77,1.2,0.81,0.95,0.93,0.81,0
1989,7,6,2.92,0,3.13,2.85,3.69,1.27,3.09,2.05,3.09,2.89,2.91,2.6,2.82,2.83,0
1989,7,7,0,0,4.83,4.16,4.94,2.57,4.53,3.2,4.58,4.01,4.14,3.7,3.97,4,0.1
1989,7,8,0.33,0,2.35,2.24,3.13,0.75,2.39,1.58,2.4,2.38,2.32,2.1,2.29,2.28,0
1989,7,9,0,0.96,3.82,3.38,4.2,1.77,3.69,2.5,3.7,3.35,3.42,3.05,3.3,3.32,0
1989,7,10,0,1.49,5.07,4.35,5.11,2.77,4.73,3.38,4.79,4.17,4.31,3.85,4.13,4.16,0.1
1989,7,11,0,1.13,5.62,4.77,5.51,3.24,5.18,3.79,5.27,4.53,4.7,4.21,4.49,4.52,0.36
1989,7,12,0,0,0,0,0.48,0,0,0.1,0,0,0,0,0,0,0
1989,7,13,2.94,0.26,3.29,2.97,3.81,1.38,3.23,2.15,3.23,3,3.03,2.7,2.93,2.95,0
1989,7,14,3.65,0,0,0,1.06,0,0,0.31,0,0.37,0,0,0,0,0
1989,7,15,19.51,0,2.53,2.39,3.27,0.87,2.57,1.68,2.57,2.5,2.46,2.22,2.42,2.41,0
1989,7,16,33.07,0,0,0,0.96,0,0,0.27,0,0,0,0,0,0,0
1989,7,17,16.13,0,1.55,1.64,2.58,0.31,1.64,1.16,1.71,1.87,1.71,1.6,1.73,1.69,0
1989,7,18,13.3,3.74,6.18,5.2,5.92,3.73,5.63,4.22,5.76,4.89,5.09,4.57,4.85,4.89,0.74
1989,7,19,19.79,0.22,2.58,2.42,3.3,0.9,2.61,1.71,2.61,2.53,2.5,2.25,2.45,2.44,0
1989,7,20,10.65,0,0,0.53,1.64,0,0,0.57,0.43,0.94,0.49,0.7,0.63,0.49,0
1989,7,21,17.11,2.63,2.82,2.61,3.47,1.06,2.82,1.86,2.82,2.69,2.68,2.41,2.62,2.62,0
1989,7,22,15.18,2.92,5,4.29,5.06,2.71,4.67,3.33,4.73,4.12,4.27,3.81,4.08,4.11,0.1
1989,7,23,1.54,3.38,7.06,5.88,6.57,4.53,6.34,4.92,6.53,5.47,5.71,5.14,5.42,5.46,1.48
1989,7,24,3,0.77,3.78,3.35,4.17,1.74,3.65,2.47,3.66,3.32,3.39,3.02,3.27,3.29,0
1989,7,25,3.29,2.55,1.77,1.8,2.73,0.42,1.85,1.27,1.9,2.01,1.88,1.74,1.88,1.85,0
1989,7,26,1.65,0,1.11,1.31,2.29,0.12,1.19,0.96,1.34,1.6,1.36,1.34,1.42,1.35,0
1989,7,27,3.59,1.74,3.87,3.42,4.24,1.81,3.73,2.53,3.74,3.38,3.45,3.08,3.33,3.35,0
1989,7,28,8.35,0,2.38,2.27,3.16,0.77,2.42,1.6,2.43,2.4,2.35,2.12,2.31,2.3,0
1989,7,29,11.57,1.03,2.11,2.07,2.97,0.61,2.18,1.45,2.2,2.23,2.14,1.95,2.12,2.11,0
1989,7,30,7.48,0,0,0,1.09,0,0,0.32,0,0.4,0,0,0,0,0
1989,7,31,23.17,0.7,3.45,3.09,3.93,1.49,3.37,2.25,3.37,3.1,3.14,2.81,3.04,3.06,0
1989,8,1,40.29,3.47,4.69,4.06,5.11,2.4,4.5,3.06,4.75,4.13,4.24,3.65,4.11,4.21,0.1
1989,8,2,10.54,0,4.21,3.69,4.73,2.02,4.07,2.73,4.31,3.79,3.88,3.34,3.78,3.86,0
1989,8,3,0,21.33,16.31,13.18,14.5,13.9,14.57,13.15,15.21,12.38,12.35,10.96,11.66,12.06,14.02
1989,8,4,0,28.89,22.36,17.93,19.38,20.63,19.64,19.1,20.57,16.65,16.37,14.67,15.41,15.94,24.63
1989,8,5,14.44,15.26,12.8,10.42,11.66,10.15,11.59,9.85,12.07,9.89,9.97,8.79,9.45,9.76,8.47
1989,8,6,4.57,0,2.06,2.04,3.09,0.54,2.01,1.43,2.34,2.31,2.2,1.93,2.24,2.24,0
1989,8,7,2.49,0,0,0,0.92,0,0,0.25,0,0,0,0,0,0,0
1989,8,8,10.14,0,1,1.27,2.39,0.1,0.86,0.96,1.39,1.65,1.29,1.25,1.47,1.39,0
1989,8,9,16.3,0,3.76,3.34,4.38,1.68,3.65,2.43,3.9,3.48,3.54,3.05,3.47,3.53,0
1989,8,10,13.95,0,0,0,0.98,0,0,0.27,0,0,0,0,0,0,0
1989,8,11,12.89,3.67,4.06,3.57,4.62,1.91,3.93,2.63,4.18,3.68,3.77,3.24,3.67,3.75,0
1989,8,12,20.15,17.28,10.94,8.96,10.15,8.23,10,8.16,10.41,8.57,8.7,7.63,8.26,8.53,5.82
1989,8,13,5.13,0,2.09,2.05,3.11,0.56,2.03,1.44,2.37,2.33,2.22,1.95,2.26,2.26,0
1989,8,14,3.52,3.28,1.72,1.78,2.85,0.36,1.65,1.26,2.03,2.08,1.91,1.71,1.99,1.97,0
1989,8,15,11.75,0,2.58,2.42,3.47,0.86,2.52,1.71,2.82,2.66,2.61,2.27,2.62,2.64,0
1989,8,16,64.36,0,0.51,0.93,2.09,0,0,0.79,0.92,1.37,0.85,0.93,1.07,0.95,0
1989,8,17,38.4,0,0,0,0.84,0,0,0.22,0,0,0,0,0,0,0
1989,8,18,11.71,3.62,2.21,2.14,3.2,0.63,2.16,1.5,2.48,2.41,2.32,2.03,2.35,2.35,0
1989,8,19,13,2.73,9,7.44,8.58,6.3,8.32,6.46,8.66,7.19,7.35,6.41,7,7.22,3.36
1989,8,20,0,0,0,0,0,0,0,0.1,0,0,0,0,0,0,0
1989,8,21,13.6,2.9,5.32,4.55,5.62,2.93,5.08,3.52,5.33,4.58,4.71,4.06,4.55,4.67,0.19
1989,8,22,7.41,0.54,5.8,4.93,6,3.33,5.51,3.87,5.76,4.91,5.06,4.37,4.87,5,0.43
1989,8,23,0,0.61,4.89,4.21,5.27,2.56,4.68,3.2,4.93,4.27,4.39,3.78,4.25,4.35,0.1
1989,8,24,5.47,16.63,12.27,10.01,11.23,9.59,11.14,9.36,11.6,9.51,9.61,8.46,9.11,9.41,7.68
1989,8,25,6.16,20.69,12.98,10.56,11.8,10.33,11.74,10.01,12.23,10.01,10.09,8.9,9.56,9.87,8.73
1989,8,26,9.76,0,2.95,2.71,3.75,1.1,2.88,1.92,3.15,2.91,2.91,2.51,2.88,2.92,0
1989,8,27,0.76,0,2.33,2.23,3.29,0.7,2.28,1.57,2.59,2.49,2.41,2.11,2.44,2.45,0
1989,8,28,4.19,0.45,4.79,4.14,5.2,2.49,4.6,3.13,4.85,4.2,4.32,3.72,4.18,4.29,0.1
1989,8,29,25.15,0,4.51,3.91,4.97,2.25,4.34,2.93,4.58,4,4.1,3.53,3.98,4.08,0
1989,8,30,0,0,3.62,3.22,4.27,1.57,3.51,2.33,3.77,3.37,3.43,2.95,3.36,3.43,0
1989,8,31,7.82,13.88,15.85,12.82,14.12,13.4,14.18,12.71,14.79,12.05,12.04,10.68,11.37,11.76,13.25
1989,9,1,3.41,0,0,0,0,0,0,0.15,0,0,0,0,0,0,0
1989,9,2,3.23,3.76,8.41,7.05,8.49,5.96,7.7,6.12,8.27,7.03,7.33,6.36,7.04,7.17,2.69
1989,9,3,3.47,16.15,14.87,12.36,13.96,13,13.4,12.44,14.41,12.19,12.28,11.48,11.92,11.97,13.89
1989,9,4,1.55,2.59,7.61,6.4,7.82,5.17,6.99,5.42,7.52,6.41,6.7,5.74,6.43,6.56,1.73
1989,9,5,8.16,4.08,8.44,7.08,8.52,6,7.74,6.15,8.31,7.06,7.35,6.38,7.06,7.2,2.74
1989,9,6,3.37,9.62,12.19,10.15,11.68,9.97,11.05,9.71,11.86,10.03,10.25,9.33,9.9,10,8.68
1989,9,7,0,10.24,12.21,10.17,11.71,10,11.08,9.73,11.89,10.05,10.27,9.35,9.93,10.02,8.73
1989,9,8,0,0,1.38,1.63,3.03,0.34,0.87,1.26,1.85,2.05,1.21,1.39,1.59,1.39,0
1989,9,9,2.91,0,0,0,0,0,0,0.11,0,0,0,0,0,0,0
1989,9,10,0,0,0,0,1.9,0,0,0.64,0,0.98,0,0,0,0,0
1989,9,11,0,0,3.1,2.82,4.15,1.31,2.78,2.06,3.3,3.06,2.94,2.42,2.92,2.96,0
1989,9,12,8.53,0,4.77,4.11,5.46,2.58,4.39,3.15,4.84,4.24,4.39,3.6,4.23,4.33,0
1989,9,13,0,3.35,7,5.91,7.31,4.58,6.44,4.9,6.94,5.94,6.21,5.27,5.96,6.09,1.09
1989,9,14,0,8.41,15.43,12.83,14.43,13.65,13.89,13.02,14.95,12.64,12.7,11.93,12.34,12.38,15.04
1989,9,15,0.8,22.68,16.79,13.96,15.58,15.25,15.07,14.46,16.25,13.74,13.72,13.03,13.36,13.37,17.95
1989,9,16,3.18,9.34,5.51,4.71,6.07,3.22,5.08,3.7,5.54,4.8,5,4.15,4.81,4.93,0.1
1989,9,17,25.16,0,0,0,0.8,0,0,0.22,0,0,0,0,0,0,0
1989,9,18,16.66,0,0,1.09,2.6,0,0,1,1.13,1.65,0,0.96,0.89,0,0
1989,9,19,3.9,1.38,3.8,3.36,4.69,1.82,3.47,2.49,3.95,3.55,3.56,2.91,3.47,3.55,0
1989,9,20,1.41,3.47,4.22,3.69,5.02,2.15,3.88,2.77,4.34,3.85,3.93,3.21,3.8,3.89,0
1989,9,21,28.43,5.09,8.35,7.01,8.44,5.9,7.66,6.07,8.22,6.99,7.28,6.31,7,7.13,2.62
1989,9,22,7.82,0,0,0,0.78,0,0,0.22,0,0,0,0,0,0,0
1989,9,23,0,0,4.2,3.66,5,2.12,3.85,2.75,4.31,3.83,3.9,3.19,3.78,3.87,0
1989,9,24,1.29,10.65,11.43,9.53,11.05,9.14,10.39,8.97,11.15,9.43,9.67,8.73,9.34,9.44,7.34
1989,9,25,12.99,19.54,16.44,13.66,15.28,14.83,14.76,14.08,15.91,13.45,13.46,12.74,13.09,13.11,17.18
1989,9,26,6.8,4.52,10.09,8.43,9.91,7.7,9.2,7.67,9.87,8.36,8.64,7.67,8.32,8.44,5.11
1989,9,27,0,0,0,0,0,0,0,0.1,0,0,0,0,0,0,0
1989,9,28,0.82,0,1.65,1.79,3.18,0.46,1.17,1.36,2.05,2.18,1.49,1.53,1.79,1.66,0
1989,9,29,3.94,0,0.9,1.34,2.79,0.14,0,1.11,1.47,1.82,0,1.15,1.2,0.93,0
1989,9,30,0,0,0,0.77,2.37,0,0,0.87,0.75,1.44,0,0.7,0,0,0
1989,10,1,0,0,0,0.46,1.6,0.1,0.36,0.66,0.25,0.94,0,0.36,0.24,0.33,0
1989,10,2,0,0,1.58,1.67,2.71,0.75,1.94,1.52,1.76,1.92,1.31,1.24,1.42,1.41,0
1989,10,3,0,0,1.53,1.64,2.68,0.72,1.9,1.49,1.72,1.89,1.27,1.22,1.38,1.38,0
1989,10,4,0,0,0,0,0,0,0,0.1,0,0,0,0,0,0,0
1989,10,5,0,0,0,0.41,1.56,0,0.29,0.64,0.19,0.91,0,0.33,0.19,0.29,0
1989,10,6,0,0,0.3,0.88,1.97,0.18,0.95,0.91,0.78,1.26,0.44,0.63,0.65,0.69,0
1989,10,7,2.71,0,0,0,1.16,0,0,0.41,0,0.56,0,0.1,0,0,0
1989,10,8,4.7,0,1.77,1.81,2.85,0.87,2.1,1.65,1.93,2.05,1.46,1.36,1.55,1.54,0
1989,10,9,12.04,0,3.74,3.43,4.41,2.61,3.89,3.31,3.88,3.49,3.17,2.81,3.11,3.08,0
1989,10,10,4.76,0,4.38,4,4.96,3.33,4.49,3.99,4.56,4.01,3.77,3.36,3.66,3.64,0.1
1989,10,11,0.1,0,0,0.68,1.79,0.1,0.66,0.79,0.52,1.1,0.21,0.5,0.45,0.51,0
1989,10,12,1.27,0,3.85,3.53,4.5,2.73,3.99,3.42,3.99,3.58,3.27,2.9,3.2,3.18,0
1989,10,13,0.1,0,0,0.16,1.34,0,0,0.51,0,0.72,0,0.18,0,0.1,0
1989,10,14,1.03,0,1.13,1.36,2.42,0.5,1.57,1.27,1.38,1.66,0.98,1,1.12,1.12,0
1989,10,15,0,0,0,0.55,1.68,0.1,0.48,0.71,0.36,1.01,0,0.42,0.33,0.41,0
1989,10,16,1.1,0,0.38,0.93,2.01,0.21,1.01,0.95,0.84,1.3,0.49,0.67,0.69,0.73,0
1989,10,17,3.04,0,1.65,1.72,2.77,0.8,2,1.57,1.82,1.97,1.37,1.29,1.47,1.46,0
1989,10,18,0.32,0,1.48,1.6,2.65,0.69,1.86,1.47,1.68,1.87,1.24,1.19,1.35,1.35,0
1989,10,19,0,0,3.19,2.95,3.95,2.05,3.38,2.78,3.31,3.06,2.67,2.37,2.65,2.62,0
1989,10,20,1.86,0,5.27,4.81,5.73,4.42,5.33,5,5.53,4.75,4.62,4.15,4.43,4.44,0.71
1989,10,21,6.59,17.19,16.92,16.34,16.42,23.95,16.54,23.23,19.32,15.58,16.83,16.69,15.57,16.2,32.47
1989,10,22,10.54,60.56,25.1,24.83,24.12,40.27,24.48,38.62,29.46,23.65,25.86,26.48,23.79,25.04,63.85
1989,10,23,0.99,28.35,12.86,12.21,12.64,16.41,12.61,16.17,14.38,11.68,12.44,12.04,11.57,11.93,18.73
1989,10,24,0,18.36,19.85,19.36,19.16,29.64,19.37,28.58,22.92,18.44,20.04,20.14,18.48,19.33,43.25
1989,10,25,0,5.54,10.08,9.43,10.06,11.6,9.92,11.68,11.06,9.06,9.5,8.99,8.88,9.09,10.53
1989,10,26,0.35,20.01,12.75,12.1,12.53,16.22,12.5,15.99,14.25,11.57,12.33,11.92,11.46,11.82,18.38
1989,10,27,1.01,12.12,13.94,13.31,13.64,18.37,13.65,18.01,15.69,12.71,13.6,13.26,12.63,13.06,22.22
1989,10,28,0,29.07,44.54,45.58,41.85,81.98,42.94,75.31,53.38,42.64,47.3,50.04,43.41,48.65,156.92
1989,10,29,1.3,35.85,21.06,20.61,20.3,32.05,20.55,30.84,24.42,19.63,21.37,21.58,19.7,20.64,47.89
1989,10,30,0,12.39,12.12,11.47,11.95,15.11,11.89,14.95,13.49,10.98,11.66,11.22,10.85,11.17,16.44
1989,10,31,0,51.45,42.18,43.17,39.99,77.1,40.87,71.57,50.68,40.48,44.85,47.42,41.05,45.74,141.52
1989,11,1,0,17.67,18.9,23.59,21.48,64.04,17.94,65.75,27.1,18.37,16.28,15.8,15.9,15.72,31.07
1989,11,2,0,0.26,8.3,9.81,9.36,21.73,7.9,22.85,10.9,7.83,7.09,6.35,6.61,6.55,1.7
1989,11,3,0.19,8.12,14.15,17.32,15.97,44.21,13.43,45.57,19.71,13.58,12.14,11.49,11.68,11.56,15.93
1989,11,4,0.22,1.36,10.45,12.53,11.76,29.64,9.93,30.83,14.09,9.92,8.93,8.21,8.45,8.37,5.95
1989,11,5,0.1,0.8,8,9.43,9.03,20.67,7.62,21.78,10.46,7.55,6.83,6.1,6.35,6.3,1.26
1989,11,6,0.1,0,7.85,9.23,8.86,20.1,7.47,21.21,10.23,7.39,6.7,5.96,6.22,6.16,1.05
1989,11,7,0.97,3,11.87,14.35,13.38,35.1,11.27,36.4,16.23,11.32,10.16,9.46,9.68,9.59,9.49
1989,11,8,0.1,0,2.69,3.04,3.34,4.48,2.63,5.39,3.06,2.6,2.34,1.81,2.02,1.99,0
1989,11,9,0,0,0.1,0.31,0.75,0.16,0.15,0.56,0.12,0.41,0.19,0.11,0.17,0.13,0
1989,11,10,0,0,0,0,0,0,0,0,0,0,0,0,0,0,0
1989,11,11,0,0,0.46,0.7,1.16,0.53,0.55,1.09,0.49,0.74,0.53,0.33,0.43,0.39,0
1989,11,12,0,0,0.45,0.69,1.14,0.51,0.54,1.07,0.48,0.73,0.52,0.33,0.42,0.38,0
1989,11,13,0,0,4.49,5.12,5.21,9.23,4.31,10.23,5.45,4.23,3.84,3.19,3.44,3.4,0
1989,11,14,0,0,0,0,0.13,0,0,0.1,0,0,0,0,0,0,0
1989,11,15,0,0,0.48,0.71,1.17,0.55,0.57,1.11,0.51,0.75,0.54,0.34,0.44,0.4,0
1989,11,16,0,0,2.44,2.76,3.09,3.91,2.39,4.8,2.75,2.39,2.13,1.63,1.83,1.8,0
1989,11,17,0,0.1,4.28,4.87,4.99,8.63,4.11,9.62,5.16,4.03,3.66,3.03,3.27,3.23,0
1989,11,18,0,0,0,0,0.1,0,0,0.1,0,0,0,0,0,0,0
1989,11,19,0,0,0,0,0,0,0,0,0,0,0,0,0,0,0
1989,11,20,0,0,2.48,2.8,3.13,3.99,2.43,4.89,2.79,2.42,2.16,1.66,1.86,1.82,0
1989,11,21,0,0,4.82,5.51,5.56,10.18,4.62,11.2,5.9,4.53,4.12,3.45,3.7,3.66,0
1989,11,22,0,0,4.14,4.72,4.85,8.24,3.99,9.24,4.98,3.91,3.55,2.92,3.16,3.12,0
1989,11,23,0,0,0,0,0,0,0,0,0,0,0,0,0,0,0
1989,11,24,0,0,0.67,0.9,1.35,0.77,0.75,1.38,0.7,0.9,0.69,0.45,0.57,0.52,0
1989,11,25,0,0,0,0.19,0.61,0.1,0.1,0.41,0.1,0.29,0.1,0.1,0.1,0.1,0
1989,11,26,0,0,0,0,0.18,0,0,0.1,0,0.1,0,0,0,0,0
1989,11,27,0,4.66,13.8,16.87,15.57,42.8,13.1,44.15,19.18,13.24,11.83,11.18,11.37,11.26,14.9
1989,11,28,0,0,1.85,2.11,2.49,2.66,1.84,3.49,2.01,1.87,1.64,1.21,1.39,1.35,0
1989,11,29,0,0,2.94,3.32,3.6,5.07,2.86,6,3.38,2.82,2.54,2,2.21,2.18,0
1989,11,30,0,0,0.61,0.84,1.3,0.7,0.69,1.3,0.64,0.86,0.65,0.42,0.53,0.49,0
1989,12,1,0,0,0.4,0.65,0.96,0.88,0.54,1.5,0.51,0.5,0.39,0.2,0.27,0.31,0
1989,12,2,0,0,4.54,6.3,6.21,16.56,4.51,17.68,6.19,4.66,4.01,2.36,2.92,2.89,0
1989,12,3,0,0,0.18,0.37,0.66,0.41,0.3,0.89,0.25,0.28,0.2,0.1,0.13,0.16,0
1989,12,4,0,0,0.65,0.98,1.29,1.53,0.8,2.26,0.83,0.75,0.62,0.34,0.44,0.48,0
1989,12,5,0,0.22,3.1,4.28,4.36,10.31,3.16,11.39,4.13,3.19,2.75,1.61,2.01,2,0
1989,12,6,0,0,0.1,0.14,0.38,0.1,0.1,0.39,0.1,0.1,0.1,0.1,0.1,0.1,0
1989,12,7,0,0,0.41,0.67,0.97,0.89,0.55,1.53,0.53,0.51,0.4,0.21,0.28,0.32,0
1989,12,8,0,0,0.1,0.19,0.45,0.16,0.14,0.51,0.1,0.14,0.1,0.1,0.1,0.1,0
1989,12,9,0,0,0,0.1,0.24,0.1,0.1,0.2,0.1,0.1,0,0,0,0,0
1989,12,10,0,0,0,0,0.1,0,0,0.1,0,0,0,0,0,0,0
1989,12,11,0,0.1,3.03,4.19,4.28,10.01,3.1,11.11,4.04,3.12,2.69,1.58,1.96,1.96,0
1989,12,12,0,0.59,9.07,12.86,12.14,38.37,8.74,39.77,12.86,9.35,8.02,4.68,5.78,5.66,0
1989,12,13,0,0,0.92,1.34,1.64,2.31,1.07,3.13,1.18,1.02,0.85,0.48,0.62,0.65,0
1989,12,14,0,0,0,0,0,0,0,0,0,0,0,0,0,0,0
1989,12,15,0,0,0,0,0.1,0,0,0,0,0,0,0,0,0,0
1989,12,16,0,0,1.38,1.93,2.2,3.76,1.51,4.64,1.76,1.47,1.24,0.72,0.91,0.93,0
1989,12,17,0,0,2.88,3.98,4.09,9.43,2.96,10.48,3.83,2.98,2.56,1.5,1.87,1.87,0
1989,12,18,0,0,0.86,1.25,1.56,2.12,1.01,2.92,1.09,0.96,0.79,0.45,0.57,0.61,0
1989,12,19,0,0,0.8,1.17,1.48,1.95,0.94,2.71,1.01,0.9,0.74,0.42,0.54,0.57,0
1989,12,20,0,0,6.12,8.57,8.26,23.88,5.99,25.13,8.49,6.28,5.41,3.17,3.92,3.86,0
1989,12,21,0,0,3.13,4.33,4.41,10.46,3.19,11.53,4.18,3.23,2.78,1.63,2.03,2.02,0
1989,12,22,0,0.1,2.63,3.64,3.78,8.42,2.72,9.48,3.49,2.73,2.35,1.37,1.71,1.72,0
1989,12,23,0,0.1,3.46,4.78,4.83,11.81,3.5,12.93,4.65,3.56,3.07,1.8,2.23,2.23,0
1989,12,24,0,0,0,0,0.1,0,0,0.1,0,0,0,0,0,0,0
1989,12,25,0,0,7.4,10.42,9.93,30.08,7.19,31.34,10.37,7.61,6.54,3.82,4.72,4.64,0
1989,12,26,0,0,0,0,0.1,0,0,0.1,0,0,0,0,0,0,0
1989,12,27,0,0,0,0,0,0,0,0,0,0,0,0,0,0,0
1989,12,28,0,0,0.28,0.51,0.81,0.63,0.41,1.16,0.37,0.39,0.29,0.14,0.2,0.23,0
1989,12,29,0,0,0,0.1,0.22,0.1,0.1,0.17,0,0.1,0,0,0,0,0
1989,12,30,0,0,0,0,0.12,0,0,0.1,0,0,0,0,0,0,0
1989,12,31,0,0,0,0,0.1,0,0,0.1,0,0,0,0,0,0,0
1990,1,1,0,0,0.43,0.56,0.63,0.77,0.45,1.1,0.59,0.54,0.45,0.28,0.37,0.36,0
1990,1,2,0,0,0,0,0,0,0,0,0,0,0,0,0,0,0
1990,1,3,0,0,0.1,0.1,0.1,0,0.1,0.1,0.1,0.1,0.1,0,0.1,0.1,0
1990,1,4,0,0,0.32,0.42,0.49,0.48,0.34,0.77,0.44,0.42,0.34,0.2,0.28,0.27,0
1990,1,5,0,0,0,0,0,0,0,0,0,0,0,0,0,0,0
1990,1,6,0,0,0,0,0,0,0,0,0,0,0,0,0,0,0
1990,1,7,7.68,0,0,0,0,0,0,0,0,0,0,0,0,0,0
1990,1,8,0.1,0,0,0,0,0,0,0,0,0,0,0,0,0,0
1990,1,9,0,0,0.1,0.1,0.15,0.1,0.1,0.13,0.1,0.14,0.1,0.1,0.1,0.1,0
1990,1,10,0,0,0.31,0.41,0.48,0.45,0.33,0.74,0.42,0.41,0.33,0.19,0.27,0.26,0
1990,1,11,0,0,0,0,0,0,0,0,0,0,0,0,0,0,0
1990,1,12,0,0,0,0,0,0,0,0,0,0,0,0,0,0,0
1990,1,13,0,0,0,0,0,0,0,0,0,0,0,0,0,0,0
1990,1,14,0,0,0,0,0,0,0,0,0,0,0,0,0,0,0
1990,1,15,0,0,0,0,0,0,0,0,0,0,0,0,0,0,0
1990,1,16,0.14,0,0,0,0,0,0,0,0,0,0,0,0,0,0
1990,1,17,0,0,0,0,0,0,0,0,0,0,0,0,0,0,0
1990,1,18,0,0,0,0,0,0,0,0,0,0,0,0,0,0,0
1990,1,19,0,0,0,0,0.1,0,0,0,0,0.1,0,0,0,0,0
1990,1,20,0,0,0,0,0,0,0,0,0,0,0,0,0,0,0
1990,1,21,0,0,0,0,0,0,0,0,0,0,0,0,0,0,0
1990,1,22,0,0,0,0,0,0,0,0,0,0,0,0,0,0,0
1990,1,23,0,0,0,0,0,0,0,0,0,0,0,0,0,0,0
1990,1,24,0,0,0,0,0,0,0,0,0,0,0,0,0,0,0
1990,1,25,0,0,0,0,0,0,0,0,0,0,0,0,0,0,0
1990,1,26,0,0,0,0,0,0,0,0,0,0,0,0,0,0,0
1990,1,27,0,0,0,0,0,0,0,0,0,0,0,0,0,0,0
1990,1,28,0,0,0,0,0,0,0,0,0,0,0,0,0,0,0
1990,1,29,0,0,0.1,0.14,0.19,0.1,0.1,0.19,0.13,0.17,0.12,0.1,0.1,0.1,0
1990,1,30,0,0,0,0,0,0,0,0,0,0,0,0,0,0,0
1990,1,31,0,0,0,0,0,0,0,0,0,0,0,0,0,0,0
1990,2,1,0,0,0,0,0,0,0,0,0,0,0,0,0,0,0
1990,2,2,0,0,0,0,0,0,0,0,0,0,0,0,0,0,0
1990,2,3,0,0,0,0,0,0,0,0,0,0,0,0,0,0,0
1990,2,4,0,0,0,0,0,0,0,0,0,0,0,0,0,0,0
1990,2,5,0,0.3,0.82,1.07,1.22,0.95,0.89,1.46,1.07,0.99,0.84,0.7,0.76,0.76,0
1990,2,6,0,0,0.99,1.32,1.49,1.39,1.09,1.97,1.31,1.19,1.04,0.87,0.93,0.94,0
1990,2,7,0,0,0.27,0.32,0.41,0.1,0.28,0.23,0.33,0.35,0.26,0.18,0.22,0.22,0
1990,2,8,0,0,0,0,0,0,0,0,0,0,0,0,0,0,0
1990,2,9,0,0,0.1,0.1,0.1,0,0.1,0.1,0.1,0.1,0.1,0,0.1,0.1,0
1990,2,10,0.1,0,0.16,0.2,0.27,0.1,0.17,0.1,0.21,0.23,0.16,0.1,0.13,0.12,0
1990,2,11,0,0,0,0,0.1,0,0,0,0,0,0,0,0,0,0
1990,2,12,0,0,0.35,0.44,0.53,0.13,0.37,0.38,0.45,0.44,0.35,0.25,0.3,0.3,0
1990,2,13,0,0,0,0,0,0,0,0,0,0,0,0,0,0,0
1990,2,14,0,0,0.4,0.48,0.59,0.18,0.42,0.45,0.5,0.49,0.39,0.29,0.34,0.34,0
1990,2,15,0,0,0.84,1.1,1.25,0.98,0.91,1.5,1.1,1.01,0.86,0.71,0.78,0.78,0
1990,2,16,0,0.11,2.29,3.3,3.54,5.97,2.59,6.71,3.21,2.74,2.49,2.21,2.28,2.3,0
1990,2,17,0,0,1.09,1.47,1.64,1.67,1.2,2.28,1.46,1.31,1.15,0.97,1.03,1.04,0
1990,2,18,0,0,1.27,1.74,1.92,2.21,1.41,2.87,1.72,1.53,1.35,1.15,1.22,1.22,0
1990,2,19,0,0,0.34,0.42,0.52,0.12,0.36,0.36,0.44,0.43,0.34,0.24,0.29,0.29,0
1990,2,20,0,0,0.1,0.1,0.13,0,0.1,0.1,0.1,0.12,0.1,0.1,0.1,0.1,0
1990,2,21,0,0,0,0,0,0,0,0,0,0,0,0,0,0,0
1990,2,22,0.24,0,0,0.1,0.1,0,0,0,0.1,0.1,0.1,0,0,0,0
1990,2,23,0,0,0.73,0.95,1.08,0.75,0.79,1.22,0.95,0.88,0.75,0.61,0.67,0.67,0
1990,2,24,0,0,0.85,1.12,1.27,1.01,0.92,1.53,1.12,1.02,0.88,0.73,0.79,0.79,0
1990,2,25,0,0,0.84,1.11,1.26,1,0.92,1.51,1.11,1.02,0.87,0.72,0.78,0.78,0
1990,2,26,0,0,0.43,0.53,0.65,0.22,0.46,0.52,0.54,0.54,0.43,0.33,0.38,0.37,0
1990,2,27,0,0,0.93,1.23,1.39,1.23,1.02,1.79,1.23,1.11,0.97,0.81,0.87,0.87,0
1990,2,28,0,0,0.81,1.06,1.21,0.92,0.88,1.43,1.06,0.97,0.83,0.69,0.75,0.75,0
1990,3,1,0,0,0.53,0.56,0.67,0.32,0.5,0.64,0.59,0.68,0.54,0.43,0.49,0.48,0
1990,3,2,0,0,0,0,0,0,0,0.1,0,0.1,0,0,0,0,0
1990,3,3,0,0,0.77,0.77,0.88,0.56,0.71,0.87,0.84,0.87,0.73,0.64,0.69,0.68,0
1990,3,4,0,16.26,5.57,5.34,5.71,8.82,4.89,8.69,6.63,4.89,4.85,5.51,5.1,5.16,2.41
1990,3,5,0.85,0.45,1.5,1.45,1.62,1.5,1.36,1.91,1.66,1.51,1.35,1.31,1.32,1.32,0
1990,3,6,0,0,0.55,0.58,0.69,0.33,0.52,0.66,0.62,0.7,0.56,0.46,0.52,0.51,0
1990,3,7,0,0,0,0,0,0,0,0,0,0,0,0,0,0,0
1990,3,8,0,0,0,0,0,0,0,0,0,0,0,0,0,0,0
1990,3,9,0.1,0,0,0,0,0,0,0,0,0,0,0,0,0,0
1990,3,10,0,0,0,0,0,0,0,0,0,0,0,0,0,0,0
1990,3,11,0,0,0,0,0,0,0,0.1,0,0.1,0,0,0,0,0
1990,3,12,0,0,0,0,0,0,0,0.1,0,0.1,0,0,0,0,0
1990,3,13,0,0,2.19,2.11,2.32,2.57,1.96,2.97,2.47,2.09,1.95,1.98,1.95,1.96,0
1990,3,14,0,0,0.1,0.14,0.22,0.1,0.1,0.18,0.12,0.28,0.14,0.1,0.12,0.1,0
1990,3,15,0,0,0.57,0.61,0.72,0.34,0.54,0.69,0.65,0.72,0.58,0.48,0.54,0.53,0
1990,3,16,3.64,0,0.15,0.21,0.29,0.1,0.16,0.23,0.21,0.34,0.22,0.14,0.19,0.17,0
1990,3,17,0,0,1.94,1.88,2.05,2.16,1.75,2.53,2.2,1.87,1.74,1.75,1.73,1.74,0
1990,3,18,0,0,0.77,0.78,0.88,0.56,0.72,0.88,0.85,0.88,0.74,0.64,0.69,0.69,0
1990,3,19,0,0,4.89,4.68,5.01,7.48,4.3,7.47,5.78,4.33,4.26,4.78,4.46,4.5,0.74
1990,3,20,0,1.88,2.97,2.86,3.11,3.88,2.63,4.23,3.43,2.75,2.63,2.79,2.68,2.7,0
1990,3,21,0,0,2.26,2.19,2.4,2.67,2.02,3.09,2.58,2.15,2.02,2.07,2.03,2.04,0
1990,3,22,0,0,1.07,1.07,1.21,0.91,0.98,1.33,1.2,1.15,1.01,0.93,0.97,0.96,0
1990,3,23,0,0,1.29,1.26,1.4,1.19,1.17,1.56,1.43,1.31,1.18,1.12,1.15,1.15,0
1990,3,24,0,0,0.83,0.83,0.93,0.63,0.77,0.97,0.91,0.93,0.78,0.69,0.74,0.73,0
1990,3,25,0,0,0.1,0.1,0.1,0,0.1,0.1,0.1,0.12,0.1,0.1,0.1,0.1,0
1990,3,26,0,0,0,0,0,0,0,0,0,0,0,0,0,0,0
1990,3,27,0,0,0.1,0.1,0.12,0.1,0.1,0.1,0.1,0.2,0.1,0.1,0.1,0.1,0
1990,3,28,0,0,0.1,0.1,0.1,0,0.1,0.1,0.1,0.13,0.1,0.1,0.1,0.1,0
1990,3,29,0,0,0,0,0,0,0,0,0,0.1,0,0,0,0,0
1990,3,30,0,0,0,0.1,0.1,0,0,0.1,0,0.1,0.1,0,0.1,0,0
1990,3,31,0,0,0.1,0.12,0.2,0.1,0.1,0.16,0.1,0.27,0.13,0.1,0.1,0.1,0
1990,4,1,0,0,1.69,1.55,2.02,0.94,1.59,1.68,1.76,1.65,1.56,1.29,1.39,1.45,0
1990,4,2,0,0,4.3,3.83,4.55,3.86,4.05,4.63,4.26,3.71,3.56,3.26,3.38,3.49,0
1990,4,3,0,8.28,9.45,8.39,9.46,11.11,8.9,11.12,9.19,7.72,7.38,7.24,7.31,7.53,6.42
1990,4,4,0,5.14,3.89,3.48,4.2,3.42,3.66,4.23,3.87,3.42,3.26,2.95,3.07,3.18,0
1990,4,5,0,7.38,8.18,7.23,8.2,9.28,7.71,9.5,7.94,6.69,6.41,6.23,6.32,6.51,3.43
1990,4,6,0,0,1.34,1.28,1.74,0.68,1.26,1.43,1.45,1.42,1.32,1.05,1.14,1.19,0
1990,4,7,0,0,0,0,0,0,0,0.1,0,0,0,0,0,0,0
1990,4,8,0,4.91,11.29,10.05,11.22,13.9,10.63,13.57,10.95,9.16,8.75,8.68,8.72,8.97,11.57
1990,4,9,1.8,5.61,5.31,4.71,5.55,5.27,5.01,5.94,5.21,4.52,4.32,4.02,4.13,4.27,0
1990,4,10,0,0,0,0,0.1,0,0,0.1,0,0.1,0.1,0,0,0,0
1990,4,11,0.5,0,0.84,0.82,1.16,0.31,0.8,0.9,0.94,0.94,0.89,0.67,0.74,0.77,0
1990,4,12,0,0,0.33,0.45,0.77,0.1,0.31,0.53,0.5,0.62,0.53,0.34,0.39,0.41,0
1990,4,13,0,0,0.78,0.77,1.11,0.26,0.73,0.83,0.88,0.9,0.84,0.62,0.69,0.73,0
1990,4,14,0.1,0,0.12,0.3,0.6,0.1,0.11,0.42,0.31,0.49,0.38,0.21,0.24,0.26,0
1990,4,15,0.81,0,1.88,1.7,2.18,1.14,1.77,1.86,1.93,1.77,1.7,1.42,1.52,1.58,0
1990,4,16,0.22,0,1.9,1.71,2.19,1.16,1.79,1.88,1.95,1.78,1.71,1.43,1.54,1.6,0
1990,4,17,0,0,2.38,2.13,2.72,1.68,2.24,2.49,2.39,2.21,2.09,1.78,1.89,1.96,0
1990,4,18,0,0.1,2.32,2.05,2.64,1.61,2.18,2.41,2.31,2.15,2.02,1.71,1.83,1.9,0
1990,4,19,0,0.1,3.76,3.33,4.05,3.26,3.54,4.05,3.71,3.3,3.14,2.82,2.94,3.04,0
1990,4,20,0,0,0.7,0.72,1.05,0.21,0.66,0.75,0.82,0.86,0.79,0.58,0.64,0.67,0
1990,4,21,0,0.1,5.54,4.94,5.78,5.53,5.22,6.22,5.46,4.71,4.51,4.22,4.34,4.48,0
1990,4,22,0,0,7.42,6.6,7.56,8.11,6.99,8.55,7.26,6.16,5.9,5.67,5.77,5.95,1.84
1990,4,23,0,0,3.17,2.81,3.42,2.52,2.99,3.23,3.16,2.78,2.68,2.38,2.5,2.59,0
1990,4,24,0,0,3.5,3.07,3.73,2.93,3.3,3.69,3.45,3.04,2.9,2.61,2.73,2.83,0
1990,4,25,0,0.1,3.85,3.43,4.15,3.37,3.62,4.17,3.82,3.38,3.22,2.91,3.02,3.13,0
1990,4,26,0,0,0,0,0.1,0,0,0.1,0,0.1,0,0,0,0,0
1990,4,27,0,0,0,0.1,0.26,0,0,0.2,0.1,0.22,0.1,0.1,0.1,0.1,0
1990,4,28,0,0,0.56,0.62,0.94,0.1,0.53,0.64,0.7,0.77,0.69,0.49,0.55,0.58,0
1990,4,29,0,0,1.5,1.4,1.87,0.76,1.41,1.54,1.59,1.52,1.43,1.16,1.25,1.31,0
1990,4,30,0,0,2.54,2.31,2.91,1.84,2.39,2.69,2.6,2.37,2.25,1.94,2.05,2.13,0
1990,5,1,0,0,0,0,0,0,0,0.1,0,0,0,0,0,0,0
1990,5,2,0,0,0,0.1,0.54,0,0,0.31,0,0.38,0,0,0,0,0
1990,5,3,0,0,0,0.65,1.18,0,0,0.67,0.73,0.92,0.53,0.45,0.61,0.49,0
1990,5,4,2.62,0,0,0.66,1.19,0,0,0.68,0.74,0.93,0.54,0.46,0.62,0.5,0
1990,5,5,0,2.65,5.75,5.37,5.83,4.28,5.6,4.69,5.84,5.14,5.35,4.48,4.87,5.13,0
1990,5,6,0,12.94,16.13,16.03,15.11,17.81,14.84,16.49,16.04,14.34,14.89,13.03,13.34,14.36,17.72
1990,5,7,0,0,4.41,4.11,4.66,2.89,4.38,3.45,4.55,4.03,4.15,3.44,3.8,3.97,0
1990,5,8,29.62,4.69,7.8,7.42,7.68,6.65,7.46,6.76,7.85,6.94,7.24,6.15,6.55,6.95,1.62
1990,5,9,32.17,0,5.98,5.58,6.03,4.54,5.81,4.92,6.05,5.35,5.56,4.66,5.05,5.33,0.1
1990,5,10,55.88,0,2.7,2.59,3.2,1.34,2.8,2.06,2.95,2.68,2.63,2.16,2.46,2.51,0
1990,5,11,0.75,0,2.91,2.77,3.37,1.52,2.99,2.23,3.14,2.84,2.82,2.31,2.63,2.69,0
1990,5,12,4.89,0,0,0.23,0.73,0,0,0.42,0,0.54,0,0,0,0,0
1990,5,13,0,0,0,0.72,1.25,0.1,0.57,0.71,0.81,0.99,0.61,0.51,0.68,0.57,0
1990,5,14,0,0,0.8,1.06,1.61,0.1,0.98,0.91,1.2,1.29,0.98,0.81,1,0.92,0
1990,5,15,0,0,2.4,2.32,2.94,1.13,2.5,1.86,2.66,2.45,2.36,1.92,2.22,2.24,0
1990,5,16,0,0,2.73,2.61,3.22,1.36,2.82,2.08,2.97,2.7,2.65,2.17,2.48,2.53,0
1990,5,17,0.38,0,0,0.34,0.84,0,0,0.48,0.36,0.63,0,0.17,0.3,0,0
1990,5,18,0,0,0.78,1.05,1.6,0.1,0.97,0.91,1.19,1.28,0.97,0.8,1,0.91,0
1990,5,19,0,2.89,5.39,5.05,5.54,3.9,5.28,4.34,5.51,4.87,5.04,4.22,4.6,4.83,0
1990,5,20,0,0,1.27,1.42,2,0.38,1.43,1.15,1.64,1.62,1.39,1.14,1.37,1.32,0
1990,5,21,0,0,3.69,3.45,4.04,2.2,3.71,2.85,3.86,3.46,3.5,2.88,3.22,3.34,0
1990,5,22,0,0,1.59,1.67,2.26,0.59,1.74,1.35,1.92,1.85,1.67,1.36,1.61,1.58,0
1990,5,23,0.1,0,2.33,2.26,2.88,1.09,2.44,1.82,2.59,2.4,2.3,1.87,2.17,2.19,0
1990,5,24,3.81,7.02,10.33,9.97,9.93,9.84,9.71,9.53,10.32,9.14,9.55,8.2,8.6,9.19,5.53
1990,5,25,5.77,0,1.78,1.82,2.42,0.72,1.92,1.47,2.1,1.98,1.83,1.5,1.75,1.74,0
1990,5,26,6.08,0,0.75,1.02,1.57,0.1,0.94,0.89,1.16,1.26,0.94,0.78,0.97,0.88,0
1990,5,27,7.76,0,3.14,2.95,3.56,1.72,3.2,2.41,3.35,3,3.01,2.47,2.8,2.87,0
1990,5,28,11.51,0,4.05,3.8,4.37,2.53,4.05,3.13,4.22,3.76,3.84,3.17,3.53,3.67,0
1990,5,29,24.48,0,0,0,0,0,0,0.1,0,0,0,0,0,0,0
1990,5,30,11.63,0,2.16,2.12,2.74,0.97,2.28,1.71,2.44,2.27,2.15,1.75,2.04,2.05,0
1990,5,31,7.08,0,0,0,0,0,0,0.1,0,0,0,0,0,0,0
1990,6,1,17.49,0,0,0,0,0,0,0.1,0,0,0,0,0,0,0
1990,6,2,0,0.18,2.29,2.21,2.79,0.88,2.44,1.57,2.38,2.44,2.21,2,2.28,2.23,0
1990,6,3,0,3.88,1.85,1.84,2.39,0.59,2.04,1.31,1.96,2.12,1.82,1.69,1.94,1.87,0
1990,6,4,0,0,4.59,4.22,5,2.75,4.48,3.26,4.57,4.16,4.21,3.66,3.98,4.06,0.1
1990,6,5,7.12,0,1.82,1.81,2.36,0.57,2.01,1.29,1.93,2.1,1.8,1.66,1.92,1.84,0
1990,6,6,29.16,0,0,0.3,0.8,0,0,0.44,0,0.86,0,0.35,0.48,0,0
1990,6,7,17.98,0,0,0.42,0.93,0,0,0.5,0,0.97,0,0.46,0.6,0,0
1990,6,8,35.41,0.1,3.7,3.44,4.13,1.97,3.7,2.56,3.72,3.48,3.44,3.02,3.33,3.36,0
1990,6,9,17.14,0,2.72,2.58,3.19,1.18,2.83,1.85,2.78,2.75,2.58,2.31,2.6,2.57,0
1990,6,10,2.23,0,0,0,0,0,0,0.1,0,0,0,0,0,0,0
1990,6,11,2.28,0,2.15,2.09,2.66,0.78,2.32,1.49,2.24,2.33,2.09,1.9,2.17,2.11,0
1990,6,12,2.98,0,1.79,1.79,2.34,0.55,1.98,1.27,1.9,2.08,1.77,1.64,1.9,1.82,0
1990,6,13,19.64,0,1.64,1.67,2.21,0.47,1.84,1.19,1.76,1.98,1.64,1.54,1.79,1.7,0
1990,6,14,34.54,0,1.89,1.87,2.43,0.61,2.07,1.33,1.99,2.15,1.86,1.71,1.98,1.9,0
1990,6,15,23.63,0,0.55,0.78,1.31,0,0.79,0.68,0.74,1.27,0.68,0.78,0.95,0.78,0
1990,6,16,24.66,0,0,0,0,0,0,0.1,0,0,0,0,0,0,0
1990,6,17,10.17,0,0,0,0,0,0,0.1,0,0,0,0,0,0,0
1990,6,18,10.73,0,2.4,2.31,2.89,0.95,2.55,1.64,2.48,2.52,2.31,2.08,2.36,2.32,0
1990,6,19,3.46,0.1,7.01,6.39,7.42,5.15,6.54,5.37,6.88,6.03,6.28,5.42,5.74,5.94,2.25
1990,6,20,6.69,1.25,6.83,6.23,7.23,4.96,6.39,5.2,6.71,5.89,6.13,5.29,5.61,5.8,2.01
1990,6,21,8.28,0,4.77,4.38,5.17,2.92,4.63,3.4,4.73,4.29,4.36,3.79,4.11,4.19,0.1
1990,6,22,2.45,0,1.05,1.2,1.72,0.16,1.28,0.9,1.22,1.59,1.13,1.14,1.35,1.21,0
1990,6,23,0,0,1.84,1.83,2.38,0.58,2.03,1.3,1.95,2.11,1.81,1.68,1.94,1.86,0
1990,6,24,4.72,0,5.63,5.15,6.03,3.74,5.37,4.13,5.56,4.96,5.1,4.42,4.74,4.87,0.67
1990,6,25,0,0.71,8.26,7.52,8.69,6.49,7.59,6.55,8.08,7,7.36,6.34,6.64,6.9,4.15
1990,6,26,1.81,0,3.44,3.21,3.88,1.75,3.47,2.36,3.47,3.28,3.21,2.83,3.14,3.15,0
1990,6,27,15.3,2.46,4.62,4.25,5.02,2.78,4.5,3.28,4.59,4.18,4.23,3.68,4,4.08,0.1
1990,6,28,2.48,5.69,5.88,5.38,6.28,3.99,5.58,4.35,5.8,5.15,5.32,4.6,4.93,5.06,0.91
1990,6,29,0.23,0.96,3.65,3.39,4.08,1.92,3.66,2.52,3.66,3.44,3.39,2.98,3.29,3.31,0
1990,6,30,11.99,14.82,11.2,10.2,11.7,9.81,10.02,9.48,10.91,9.31,9.87,8.48,8.73,9.14,9.63
1990,7,1,0,33.57,18.26,14.42,14.57,16.16,14.84,14.99,16.21,12.59,13.13,12.24,12.33,12.33,17.24
1990,7,2,1.4,15.39,13.69,10.95,11.33,11.18,11.43,10.69,12.28,9.71,10.15,9.36,9.56,9.58,9.96
1990,7,3,6.09,22.29,26.14,20.4,20.1,25.1,20.62,22.73,22.99,17.52,18.19,17.19,17.04,16.97,31
1990,7,4,1.74,42.29,20.7,16.27,16.28,18.88,16.64,17.36,18.32,14.12,14.71,13.77,13.8,13.78,21.37
1990,7,5,0,9.3,5.54,4.71,5.46,3.17,5.12,3.74,5.21,4.48,4.65,4.16,4.44,4.47,0.32
1990,7,6,1.01,5.21,9.4,7.68,8.26,6.78,8.17,6.87,8.57,6.98,7.3,6.63,6.91,6.95,4.04
1990,7,7,2.66,0.43,6.13,5.16,5.89,3.68,5.59,4.18,5.72,4.86,5.06,4.54,4.82,4.86,0.7
1990,7,8,0,2.89,2.19,2.13,3.02,0.66,2.25,1.49,2.27,2.28,2.2,2,2.18,2.16,0
1990,7,9,0,0.25,4.18,3.66,4.46,2.04,3.99,2.74,4.01,3.58,3.67,3.28,3.53,3.56,0
1990,7,10,0,0,2,1.98,2.89,0.55,2.08,1.39,2.11,2.16,2.06,1.88,2.05,2.02,0
1990,7,11,0,0,3.37,3.03,3.87,1.44,3.3,2.2,3.3,3.05,3.09,2.76,2.99,3,0
1990,7,12,0,0.37,3.38,3.04,3.88,1.44,3.31,2.21,3.31,3.06,3.09,2.76,3,3.01,0
1990,7,13,0,0,4.11,3.61,4.41,2,3.94,2.7,3.95,3.54,3.63,3.24,3.49,3.52,0
1990,7,14,20.72,0,3.08,2.81,3.66,1.23,3.05,2.02,3.05,2.86,2.87,2.57,2.79,2.8,0
1990,7,15,0,0,1.15,1.34,2.31,0.13,1.23,0.98,1.37,1.62,1.39,1.36,1.44,1.38,0
1990,7,16,0.88,3.19,4.4,3.83,4.62,2.22,4.18,2.9,4.21,3.73,3.84,3.42,3.68,3.71,0
1990,7,17,0,5.61,6.01,5.07,5.8,3.57,5.49,4.09,5.61,4.78,4.97,4.46,4.74,4.78,0.61
1990,7,18,0,0,3.55,3.17,4,1.57,3.46,2.32,3.46,3.17,3.22,2.88,3.11,3.13,0
1990,7,19,0.76,0,4.8,4.14,4.92,2.55,4.51,3.18,4.56,3.99,4.12,3.68,3.95,3.98,0.1
1990,7,20,0,0,2.14,2.08,2.98,0.63,2.2,1.46,2.22,2.24,2.16,1.97,2.14,2.12,0
1990,7,21,0.1,0,2.21,2.14,3.04,0.67,2.27,1.5,2.29,2.29,2.22,2.02,2.19,2.18,0
1990,7,22,29.56,1.73,3.1,2.83,3.68,1.25,3.07,2.03,3.07,2.88,2.89,2.59,2.81,2.82,0
1990,7,23,10.12,2.45,3.99,3.51,4.33,1.9,3.83,2.61,3.85,3.46,3.54,3.16,3.41,3.43,0
1990,7,24,0,0,3.53,3.16,3.99,1.55,3.44,2.3,3.44,3.16,3.2,2.86,3.1,3.11,0
1990,7,25,17.43,0,4.06,3.57,4.38,1.96,3.89,2.66,3.91,3.51,3.59,3.21,3.46,3.48,0
1990,7,26,16.22,0,2.78,2.58,3.44,1.03,2.78,1.83,2.78,2.66,2.65,2.38,2.59,2.59,0
1990,7,27,4.43,0.1,1.57,1.65,2.59,0.32,1.65,1.16,1.72,1.88,1.72,1.61,1.74,1.69,0
1990,7,28,14.48,0,0,0,0,0,0,0,0,0,0,0,0,0,0
1990,7,29,11.52,0,0,0,0.42,0,0,0.1,0,0,0,0,0,0,0
1990,7,30,10.98,0,0,0,0.46,0,0,0.1,0,0,0,0,0,0,0
1990,7,31,7.67,0,0,0,0,0,0,0.1,0,0,0,0,0,0,0
1990,8,1,3.78,0,0,0,1.27,0,0,0.38,0,0.5,0,0,0,0,0
1990,8,2,12.68,1.32,3.3,2.98,4.02,1.35,3.22,2.14,3.48,3.16,3.19,2.75,3.14,3.19,0
1990,8,3,10.7,2.75,7.31,6.11,7.21,4.69,6.84,5.06,7.13,5.99,6.15,5.33,5.88,6.06,1.58
1990,8,4,23.17,0,0.44,0.87,2.05,0,0,0.76,0.85,1.32,0.78,0.87,1.01,0.89,0
1990,8,5,4.78,0,0,0.67,1.89,0,0,0.67,0.6,1.16,0,0.68,0.79,0.65,0
1990,8,6,20.88,6.81,8.41,6.97,8.1,5.72,7.81,5.96,8.13,6.77,6.93,6.03,6.61,6.82,2.69
1990,8,7,8.38,0,6.19,5.23,6.32,3.68,5.86,4.17,6.12,5.19,5.35,4.62,5.13,5.28,0.68
1990,8,8,9.72,0,0,0.53,1.78,0,0,0.61,0.43,1.04,0,0.55,0.64,0,0
1990,8,9,0,0,4.12,3.62,4.66,1.95,3.98,2.67,4.23,3.73,3.81,3.28,3.72,3.8,0
1990,8,10,1.96,0.1,1.76,1.81,2.87,0.37,1.69,1.28,2.06,2.11,1.94,1.73,2.02,2,0
1990,8,11,4.7,2.98,4.99,4.3,5.36,2.65,4.78,3.28,5.03,4.34,4.47,3.85,4.32,4.43,0.1
1990,8,12,12.13,0.98,0.75,1.1,2.24,0,0.6,0.87,1.15,1.51,1.06,1.1,1.27,1.16,0
1990,8,13,0,0,0,0,0,0,0,0.1,0,0,0,0,0,0,0
1990,8,14,0.98,0.26,2.76,2.56,3.61,0.97,2.7,1.81,2.98,2.78,2.76,2.39,2.75,2.78,0
1990,8,15,5.31,0.1,3.36,3.03,4.07,1.39,3.28,2.17,3.54,3.2,3.23,2.79,3.18,3.24,0
1990,8,16,1.93,0,0,0,0.56,0,0,0.12,0,0,0,0,0,0,0
1990,8,17,0.19,0,0,0,0,0,0,0.1,0,0,0,0,0,0,0
1990,8,18,3.43,4.94,7.75,6.45,7.57,5.1,7.23,5.42,7.53,6.3,6.46,5.61,6.17,6.36,2
1990,8,19,0,31.92,17.37,14.02,15.35,15.06,15.46,14.18,16.15,13.13,13.06,11.62,12.33,12.74,15.8
1990,8,20,0,0,0,0,1.18,0,0,0.34,0,0.42,0,0,0,0,0
1990,8,21,0,1.22,3.84,3.39,4.44,1.73,3.72,2.48,3.97,3.53,3.6,3.1,3.52,3.59,0
1990,8,22,0,0.81,1.11,1.35,2.46,0.1,0.99,1,1.49,1.72,1.4,1.33,1.55,1.49,0
1990,8,23,0,6.92,7.62,6.35,7.46,4.97,7.11,5.31,7.41,6.21,6.37,5.53,6.09,6.27,1.87
1990,8,24,16.15,1.56,6.05,5.13,6.21,3.56,5.73,4.07,6,5.1,5.24,4.53,5.04,5.18,0.59
1990,8,25,3.27,8.01,7.22,6.04,7.14,4.6,6.76,4.98,7.05,5.92,6.08,5.28,5.82,6,1.5
1990,8,26,5.77,2.62,6.24,5.27,6.35,3.72,5.9,4.21,6.16,5.23,5.38,4.65,5.17,5.31,0.71
1990,8,27,26.21,0,0,0.49,1.74,0,0,0.59,0,1,0,0.51,0.59,0,0
1990,8,28,24.56,0,1.65,1.73,2.8,0.32,1.58,1.23,1.97,2.04,1.86,1.67,1.94,1.92,0
1990,8,29,8.19,0,7.54,6.29,7.4,4.9,7.05,5.25,7.34,6.15,6.32,5.48,6.04,6.22,1.8
1990,8,30,0,0,6.89,5.78,6.88,4.3,6.47,4.72,6.75,5.69,5.85,5.07,5.6,5.77,1.21
1990,8,31,0,0,0,0,0.81,0,0,0.21,0,0,0,0,0,0,0
1990,9,1,1.44,0,2.12,2.11,3.47,0.71,1.75,1.55,2.44,2.44,2.01,1.8,2.15,2.1,0
1990,9,2,2.86,0,0,0,1.8,0,0,0.59,0,0.88,0,0,0,0,0
1990,9,3,0.14,0,4.5,3.91,5.25,2.37,4.14,2.96,4.59,4.05,4.16,3.41,4.02,4.12,0
1990,9,4,12.31,0,1.14,1.49,2.91,0.24,0,1.19,1.66,1.94,0.97,1.28,1.41,1.16,0
1990,9,5,3.92,0,0,0.66,2.29,0,0,0.83,0.61,1.36,0,0.61,0,0,0
1990,9,6,28.93,0,0,0,0,0,0,0,0,0,0,0,0,0,0
1990,9,7,4.98,0,1.31,1.59,3,0.31,0.8,1.24,1.79,2.01,1.13,1.36,1.54,1.32,0
1990,9,8,6.53,0,0,1.07,2.58,0,0,0.99,1.11,1.64,0,0.95,0.87,0,0
1990,9,9,0,0,1.5,1.7,3.09,0.39,0.99,1.3,1.93,2.1,1.32,1.45,1.67,1.5,0
1990,9,10,4.53,1.5,5.41,4.63,5.99,3.13,4.99,3.63,5.45,4.73,4.92,4.08,4.73,4.85,0.1
1990,9,11,0.48,0,0,0.59,2.23,0,0,0.8,0,1.31,0,0.55,0,0,0
1990,9,12,0,0,1.23,1.55,2.96,0.28,0.73,1.22,1.74,1.98,1.06,1.32,1.49,1.25,0
1990,9,13,0,0,0,0,1.75,0,0,0.57,0,0.83,0,0,0,0,0
1990,9,14,0,0,0,0,1.62,0,0,0.51,0,0.7,0,0,0,0,0
1990,9,15,0,0,1.88,1.95,3.32,0.58,1.46,1.45,2.24,2.3,1.77,1.66,1.97,1.88,0
1990,9,16,0,6.46,9.87,8.25,9.73,7.47,9.01,7.47,9.66,8.19,8.47,7.5,8.15,8.28,4.77
1990,9,17,0,0,0,0,0,0,0,0,0,0,0,0,0,0,0
1990,9,18,0,0,0,0,0,0,0,0,0,0,0,0,0,0,0
1990,9,19,0,0,0,0.48,2.14,0,0,0.75,0,1.22,0,0.46,0,0,0
1990,9,20,9.2,6.5,8.04,6.75,8.18,5.59,7.37,5.79,7.92,6.74,7.03,6.07,6.75,6.89,2.23
1990,9,21,17.33,2.5,4.82,4.16,5.51,2.63,4.44,3.19,4.89,4.29,4.43,3.64,4.27,4.38,0
1990,9,22,10.75,0,1.11,1.47,2.9,0.23,0,1.18,1.65,1.93,0.94,1.26,1.39,1.14,0
1990,9,23,5.63,0,4.32,3.76,5.1,2.22,3.97,2.83,4.43,3.92,4.01,3.28,3.88,3.97,0
1990,9,24,41.32,7.65,9.64,8.06,9.53,7.22,8.8,7.25,9.44,8,8.29,7.32,7.98,8.1,4.42
1990,9,25,34.7,0,2.52,2.4,3.74,0.94,2.19,1.75,2.79,2.69,2.41,2.05,2.47,2.46,0
1990,9,26,29.73,0,0.97,1.38,2.82,0.17,0,1.13,1.53,1.86,0,1.19,1.26,1,0
1990,9,27,0.1,0,2.72,2.54,3.87,1.06,2.39,1.85,2.96,2.81,2.58,2.17,2.62,2.63,0
1990,9,28,50.77,0,0,0,0.69,0,0,0.19,0,0,0,0,0,0,0
1990,9,29,32.62,0,0,0.68,2.3,0,0,0.83,0.64,1.37,0,0.63,0,0,0
1990,9,30,31.23,16.24,11.49,9.57,11.09,9.2,10.44,9.02,11.2,9.47,9.71,8.77,9.38,9.48,7.43
1990,10,1,27.87,1.95,11.54,10.89,11.42,14.1,11.34,14.01,12.8,10.43,11.05,10.58,10.29,10.58,14.7
1990,10,2,0,1.46,9.04,8.42,9.12,9.92,8.93,10.11,9.84,8.11,8.42,7.89,7.9,8.05,7.84
1990,10,3,8.43,10.64,13.99,13.35,13.68,18.45,13.7,18.08,15.74,12.75,13.65,13.31,12.67,13.1,22.37
1990,10,4,0.72,0,0,0,0.56,0,0,0.18,0,0.1,0,0,0,0,0
1990,10,5,7.41,0,0,0,0,0,0,0.1,0,0,0,0,0,0,0
1990,10,6,13.24,0,1.81,1.84,2.88,0.9,2.14,1.68,1.97,2.07,1.49,1.39,1.58,1.57,0
1990,10,7,33.29,0,2.84,2.66,3.67,1.72,3.06,2.47,2.95,2.8,2.36,2.1,2.37,2.34,0
1990,10,8,15.48,5.78,11.92,11.27,11.77,14.76,11.7,14.63,13.26,10.79,11.45,11,10.66,10.97,15.84
1990,10,9,2.11,0,0,0,0.88,0,0,0.29,0,0.33,0,0,0,0,0
1990,10,10,5.27,0,2.35,2.26,3.28,1.3,2.61,2.07,2.47,2.44,1.94,1.74,1.98,1.96,0
1990,10,11,3.32,0,2.18,2.13,3.15,1.17,2.47,1.94,2.31,2.32,1.8,1.63,1.86,1.83,0
1990,10,12,6.74,0,0,0.74,1.84,0.11,0.74,0.82,0.6,1.15,0.28,0.54,0.51,0.56,0
1990,10,13,1.48,0,0,0,0,0,0,0,0,0,0,0,0,0,0
1990,10,14,4.24,0,4.16,3.81,4.77,3.08,4.28,3.75,4.33,3.83,3.56,3.17,3.47,3.45,0
1990,10,15,0.43,15.76,17.27,16.71,16.75,24.63,16.88,23.87,19.75,15.93,17.22,17.1,15.92,16.57,33.74
1990,10,16,0,37.2,14.68,14.05,14.33,19.73,14.37,19.27,16.58,13.41,14.4,14.1,13.35,13.83,24.67
1990,10,17,0.46,0,5.73,5.24,6.14,5.03,5.77,5.57,6.05,5.15,5.08,4.59,4.85,4.87,1.28
1990,10,18,3.76,0,1.71,1.77,2.81,0.83,2.05,1.61,1.87,2.01,1.41,1.32,1.51,1.5,0
1990,10,19,0,0,0,0.15,1.33,0,0,0.51,0,0.71,0,0.17,0,0.1,0
1990,10,20,0.45,0,4.17,3.82,4.78,3.09,4.3,3.76,4.34,3.84,3.58,3.18,3.48,3.46,0
1990,10,21,0.31,2.75,13.44,12.8,13.17,17.46,13.17,17.15,15.08,12.23,13.06,12.69,12.13,12.54,20.58
1990,10,22,1.2,0,3.35,3.09,4.08,2.21,3.53,2.93,3.47,3.18,2.81,2.49,2.78,2.76,0
1990,10,23,10.61,0,0,0,0.51,0,0,0.16,0,0,0,0,0,0,0
1990,10,24,11.81,0,0,0,0,0,0,0,0,0,0,0,0,0,0
1990,10,25,0,0,0,0,0,0,0,0.1,0,0,0,0,0,0,0
1990,10,26,1.66,0,2.43,2.33,3.34,1.37,2.69,2.13,2.55,2.5,2.01,1.8,2.05,2.02,0
1990,10,27,2.49,0,2.31,2.23,3.25,1.27,2.58,2.03,2.43,2.41,1.9,1.71,1.95,1.93,0
1990,10,28,3.34,0,2.29,2.22,3.24,1.26,2.56,2.02,2.42,2.4,1.89,1.7,1.94,1.92,0
1990,10,29,0,0,3.33,3.08,4.07,2.19,3.51,2.92,3.46,3.17,2.8,2.48,2.77,2.74,0
1990,10,30,0.19,0,5.12,4.68,5.6,4.23,5.19,4.83,5.37,4.63,4.48,4.02,4.3,4.3,0.56
1990,10,31,0,0,0,0.42,1.57,0,0.31,0.64,0.2,0.91,0,0.34,0.2,0.3,0
1990,11,1,0.64,0,0,0,0.1,0,0,0.1,0,0,0,0,0,0,0
1990,11,2,0.28,0,0.66,0.89,1.34,0.76,0.74,1.37,0.69,0.9,0.68,0.45,0.56,0.52,0
1990,11,3,0,0,0.36,0.61,1.06,0.43,0.46,0.96,0.4,0.66,0.45,0.28,0.37,0.33,0
1990,11,4,0,0,2.26,2.56,2.91,3.52,2.23,4.39,2.52,2.23,1.98,1.5,1.7,1.66,0
1990,11,5,0,0,0,0,0,0,0,0,0,0,0,0,0,0,0
1990,11,6,0,0,0,0.1,0.41,0.1,0,0.23,0,0.15,0,0,0.1,0,0
1990,11,7,0,0,0,0,0.1,0,0,0.1,0,0,0,0,0,0,0
1990,11,8,0,0,0,0,0.29,0,0,0.13,0,0.1,0,0,0,0,0
1990,11,9,0,0,2.89,3.26,3.54,4.94,2.81,5.87,3.31,2.78,2.5,1.96,2.17,2.14,0
1990,11,10,11.94,0,3.44,3.9,4.12,6.34,3.33,7.3,4.04,3.27,2.96,2.38,2.6,2.57,0
1990,11,11,6.36,0,0.19,0.45,0.89,0.27,0.3,0.73,0.24,0.52,0.31,0.19,0.26,0.22,0
1990,11,12,1.29,0,0,0.19,0.61,0.1,0.1,0.41,0.1,0.3,0.1,0.1,0.1,0.1,0
1990,11,13,0,0,0,0.1,0.42,0.1,0,0.23,0,0.15,0,0,0.1,0,0
1990,11,14,0,0,0,0,0.28,0,0,0.13,0,0.1,0,0,0,0,0
1990,11,15,0,0,0.94,1.16,1.6,1.12,0.99,1.79,0.97,1.12,0.9,0.61,0.74,0.7,0
1990,11,16,0,0,0.46,0.69,1.15,0.52,0.55,1.08,0.49,0.73,0.52,0.33,0.43,0.38,0
1990,11,17,0,0,0,0,0,0,0,0.1,0,0,0,0,0,0,0
1990,11,18,0,0,0,0,0.17,0,0,0.1,0,0,0,0,0,0,0
1990,11,19,0,0,0,0,0.1,0,0,0.1,0,0,0,0,0,0,0
1990,11,20,0,0,0,0,0,0,0,0,0,0,0,0,0,0,0
1990,11,21,0,0,0,0,0,0,0,0,0,0,0,0,0,0,0
1990,11,22,0,0,0,0,0,0,0,0,0,0,0,0,0,0,0
1990,11,23,0,0,0.34,0.59,1.04,0.41,0.44,0.93,0.38,0.65,0.43,0.27,0.36,0.31,0
1990,11,24,0,0,1.3,1.52,1.95,1.67,1.33,2.42,1.37,1.41,1.19,0.84,0.99,0.95,0
1990,11,25,0,0,3.98,4.52,4.68,7.79,3.83,8.77,4.76,3.76,3.41,2.79,3.03,2.99,0
1990,11,26,0,0,1.91,2.18,2.56,2.79,1.9,3.63,2.09,1.93,1.69,1.26,1.44,1.4,0
1990,11,27,0,0,0,0,0.1,0,0,0.1,0,0,0,0,0,0,0
1990,11,28,0,0,0,0,0,0,0,0.1,0,0,0,0,0,0,0
1990,11,29,0,0,0,0,0.23,0,0,0.1,0,0.1,0,0,0,0,0
1990,11,30,0,0,0,0,0.1,0,0,0.1,0,0,0,0,0,0,0
1990,12,1,0,0,0,0,0,0,0,0,0,0,0,0,0,0,0
1990,12,2,0,0,0,0,0.1,0,0,0.1,0,0,0,0,0,0,0
1990,12,3,0,0,0.21,0.41,0.71,0.46,0.34,0.97,0.29,0.32,0.23,0.11,0.15,0.19,0
1990,12,4,0,0,0.1,0.16,0.41,0.12,0.11,0.44,0.1,0.11,0.1,0.1,0.1,0.1,0
1990,12,5,0,0,0,0.1,0.25,0.1,0.1,0.21,0.1,0.1,0,0,0,0.1,0
1990,12,6,0,0,0.52,0.82,1.13,1.21,0.67,1.86,0.66,0.63,0.5,0.27,0.36,0.39,0
1990,12,7,0,0,0,0,0.12,0,0,0.1,0,0,0,0,0,0,0
1990,12,8,0,0,0,0,0.12,0,0,0.1,0,0,0,0,0,0,0
1990,12,9,0,0,0.1,0.24,0.51,0.21,0.18,0.59,0.14,0.17,0.11,0.1,0.1,0.1,0
1990,12,10,0,0,1.33,1.87,2.14,3.61,1.47,4.47,1.7,1.42,1.2,0.69,0.88,0.9,0
1990,12,11,0,0,0,0,0.12,0,0,0.1,0,0,0,0,0,0,0
1990,12,12,0,0,0,0,0,0,0,0,0,0,0,0,0,0,0
1990,12,13,0,0,0,0,0.1,0,0,0.1,0,0,0,0,0,0,0
1990,12,14,0,0,0,0.1,0.19,0.1,0,0.13,0,0.1,0,0,0,0,0
1990,12,15,0,0,0,0,0,0,0,0,0,0,0,0,0,0,0
1990,12,16,0,0,3.88,5.38,5.37,13.64,3.9,14.78,5.25,3.99,3.44,2.02,2.5,2.49,0
1990,12,17,0,0,1.79,2.48,2.72,5.21,1.92,6.17,2.33,1.88,1.61,0.94,1.17,1.19,0
1990,12,18,0,0,0,0.1,0.17,0.1,0,0.11,0,0.1,0,0,0,0,0
1990,12,19,0,0,0,0,0.1,0,0,0.1,0,0,0,0,0,0,0
1990,12,20,0,0,0,0,0.1,0,0,0.1,0,0,0,0,0,0,0
1990,12,21,0,0,0,0,0,0,0,0,0,0,0,0,0,0,0
1990,12,22,0,0,0,0,0.1,0,0,0.1,0,0,0,0,0,0,0
1990,12,23,0,0,0,0,0,0,0,0,0,0,0,0,0,0,0
1990,12,24,0,0,0,0,0.1,0,0,0.1,0,0,0,0,0,0,0
1990,12,25,0,0,0.32,0.56,0.86,0.72,0.45,1.28,0.42,0.43,0.32,0.16,0.22,0.26,0
1990,12,26,0,0.8,14.9,21.48,19.93,68.66,14.12,70.47,21.63,15.45,13.19,7.64,9.44,9.22,5.42
1990,12,27,0,0.54,19.26,27.96,25.83,92.01,18.14,94.25,28.24,20.03,17.04,9.86,12.17,11.87,14.73
1990,12,28,0,0,0,0,0.1,0,0,0.1,0,0,0,0,0,0,0
1990,12,29,0,0,0,0,0,0,0,0,0,0,0,0,0,0,0
1990,12,30,0,0,0,0,0,0,0,0,0,0,0,0,0,0,0
1990,12,31,0,0,0,0,0.1,0,0,0.1,0,0,0,0,0,0,0
1991,1,1,0,0,0,0,0,0,0,0,0,0,0,0,0,0,0
1991,1,2,0.1,0,0,0,0,0,0,0,0,0,0,0,0,0,0
1991,1,3,2.16,0,0,0,0,0,0,0,0,0,0,0,0,0,0
1991,1,4,0.26,0,0,0,0,0,0,0,0,0,0,0,0,0,0
1991,1,5,0.23,0,0,0,0,0,0,0,0,0,0,0,0,0,0
1991,1,6,0.82,0,0,0,0,0,0,0,0,0,0,0,0,0,0
1991,1,7,1.34,0,0,0,0,0,0,0,0,0,0,0,0,0,0
1991,1,8,1.14,0,0,0,0,0,0,0,0,0,0,0,0,0,0
1991,1,9,1.08,0,1.07,1.35,1.4,2.92,1.08,3.29,1.5,1.14,1.02,0.73,0.85,0.86,0
1991,1,10,2.44,0.14,5.16,6.5,6.24,22.45,5.01,21.56,7.69,4.84,4.52,3.64,3.78,3.89,2.6
1991,1,11,0,0,0.67,0.86,0.92,1.49,0.69,1.86,0.93,0.76,0.67,0.45,0.56,0.55,0
1991,1,12,0,0,0.41,0.54,0.61,0.72,0.44,1.04,0.57,0.52,0.43,0.26,0.36,0.35,0
1991,1,13,0,0,0,0,0,0,0,0,0,0,0,0,0,0,0
1991,1,14,0,0,0,0,0,0,0,0,0,0,0,0,0,0,0
1991,1,15,0,0,0,0,0,0,0,0,0,0,0,0,0,0,0
1991,1,16,0,0,0,0,0,0,0,0,0,0,0,0,0,0,0
1991,1,17,0,0,0,0,0,0,0,0,0,0,0,0,0,0,0
1991,1,18,0,0,0,0,0,0,0,0,0,0,0,0,0,0,0
1991,1,19,0,0,0,0,0,0,0,0,0,0,0,0,0,0,0
1991,1,20,0,0,0,0,0,0,0,0,0,0,0,0,0,0,0
1991,1,21,0,0,0,0,0,0,0,0,0,0,0,0,0,0,0
1991,1,22,0,0,0,0,0.1,0,0,0,0,0.1,0,0,0,0,0
1991,1,23,0,0,0,0,0,0,0,0,0,0,0,0,0,0,0
1991,1,24,0,0,0,0,0,0,0,0,0,0,0,0,0,0,0
1991,1,25,0,0,0,0,0,0,0,0,0,0,0,0,0,0,0
1991,1,26,0,0,0,0,0,0,0,0,0,0,0,0,0,0,0
1991,1,27,0,0,0,0,0,0,0,0,0,0,0,0,0,0,0
1991,1,28,0,0,0,0,0,0,0,0,0,0,0,0,0,0,0
1991,1,29,0,0,0,0,0,0,0,0,0,0,0,0,0,0,0
1991,1,30,0,0,0,0,0,0,0,0,0,0,0,0,0,0,0
1991,1,31,0.38,0,0,0,0,0,0,0,0,0,0,0,0,0,0
1991,2,1,1.59,0,0,0,0,0,0,0,0,0,0,0,0,0,0
1991,2,2,1.65,0,0,0,0,0,0,0,0,0,0,0,0,0,0
1991,2,3,0.46,0,0.1,0.1,0.1,0,0.1,0.1,0.1,0.1,0.1,0.1,0.1,0.1,0
1991,2,4,0,0,0.78,1,1.15,0.85,0.84,1.34,1.01,0.93,0.8,0.65,0.71,0.71,0
1991,2,5,3.99,0,0,0.1,0.1,0,0.1,0.1,0.1,0.1,0.1,0,0,0,0
1991,2,6,3.04,0,0,0,0,0,0,0,0,0,0,0,0,0,0
1991,2,7,0.59,0,0.32,0.4,0.49,0.1,0.34,0.32,0.41,0.41,0.32,0.23,0.27,0.27,0
1991,2,8,0,0,0.29,0.36,0.46,0.1,0.31,0.27,0.38,0.38,0.29,0.21,0.25,0.24,0
1991,2,9,0,0,0,0,0.1,0,0,0,0,0,0,0,0,0,0
1991,2,10,0,0,0.1,0.1,0.1,0,0.1,0.1,0.1,0.1,0.1,0.1,0.1,0.1,0
1991,2,11,0,0,0,0,0,0,0,0,0,0,0,0,0,0,0
1991,2,12,0.4,0,0,0,0,0,0,0,0,0,0,0,0,0,0
1991,2,13,0,0,0.1,0.1,0.1,0,0.1,0.1,0.1,0.1,0.1,0,0.1,0.1,0
1991,2,14,0,0,0.24,0.28,0.37,0.1,0.25,0.19,0.29,0.31,0.23,0.15,0.19,0.19,0
1991,2,15,0,0,0,0,0,0,0,0,0,0,0,0,0,0,0
1991,2,16,0,0,0,0,0,0,0,0,0,0,0,0,0,0,0
1991,2,17,0,0,0,0,0,0,0,0,0,0,0,0,0,0,0
1991,2,18,0,0,0,0,0,0,0,0,0,0,0,0,0,0,0
1991,2,19,0,0,0,0,0,0,0,0,0,0,0,0,0,0,0
1991,2,20,3.44,0,0,0,0,0,0,0,0,0,0,0,0,0,0
1991,2,21,0,0,0,0,0,0,0,0,0,0,0,0,0,0,0
1991,2,22,0,0,0,0,0,0,0,0,0,0,0,0,0,0,0
1991,2,23,0.1,0,0,0.1,0.1,0,0.1,0.1,0.1,0.1,0.1,0,0,0,0
1991,2,24,0.48,0,0,0,0,0,0,0,0,0,0,0,0,0,0
1991,2,25,0,0,0.22,0.27,0.35,0.1,0.23,0.18,0.28,0.29,0.22,0.14,0.18,0.18,0
1991,2,26,0,0,2.35,3.39,3.65,6.22,2.66,6.95,3.29,2.82,2.56,2.28,2.35,2.37,0
1991,2,27,0,0,0,0,0,0,0,0,0,0,0,0,0,0,0
1991,2,28,0,0,0,0,0,0,0,0,0,0,0,0,0,0,0
1991,3,1,0,0,0,0,0,0,0,0,0,0,0,0,0,0,0
1991,3,2,0.4,0,1.08,1.08,1.22,0.91,0.99,1.34,1.21,1.16,1.02,0.93,0.98,0.97,0
1991,3,3,0,0,0.75,0.76,0.86,0.54,0.7,0.85,0.83,0.86,0.72,0.63,0.67,0.67,0
1991,3,4,0,0,2.17,2.08,2.29,2.53,1.94,2.93,2.44,2.07,1.93,1.96,1.93,1.93,0
1991,3,5,0,0,2.07,1.99,2.17,2.36,1.86,2.75,2.33,1.98,1.84,1.87,1.83,1.85,0
1991,3,6,0,0,0,0,0,0,0,0,0,0,0,0,0,0,0
1991,3,7,0.23,0,0,0,0,0,0,0,0,0,0,0,0,0,0
1991,3,8,1.51,0,0,0,0,0,0,0,0,0,0,0,0,0,0
1991,3,9,1.64,0,0,0,0,0,0,0,0,0,0,0,0,0,0
1991,3,10,0.13,0,0,0,0,0,0,0,0,0,0,0,0,0,0
1991,3,11,0,0,0,0,0,0,0,0,0,0.1,0,0,0,0,0
1991,3,12,0,0,0.37,0.39,0.47,0.19,0.35,0.42,0.4,0.52,0.38,0.29,0.34,0.33,0
1991,3,13,0.23,0,0,0,0.1,0,0,0.1,0,0.1,0,0,0,0,0
1991,3,14,0.5,0.71,4.07,3.9,4.19,5.89,3.59,6.01,4.77,3.64,3.56,3.92,3.69,3.73,0
1991,3,15,0,0,0.47,0.48,0.59,0.27,0.44,0.56,0.5,0.62,0.47,0.36,0.42,0.41,0
1991,3,16,0,0,0,0,0,0,0,0,0,0,0,0,0,0,0
1991,3,17,0.24,0,0,0,0,0,0,0,0,0,0,0,0,0,0
1991,3,18,0,0,0,0,0,0,0,0,0,0,0,0,0,0,0
1991,3,19,0,0,0,0,0,0,0,0,0,0,0,0,0,0,0
1991,3,20,0.1,0,1.91,1.85,2.02,2.11,1.72,2.48,2.16,1.84,1.71,1.72,1.71,1.71,0
1991,3,21,0,0,2.04,1.97,2.15,2.33,1.84,2.71,2.31,1.96,1.82,1.84,1.82,1.83,0
1991,3,22,0,0,0,0,0,0,0,0,0,0,0,0,0,0,0
1991,3,23,0,0,0,0,0,0,0,0,0,0,0,0,0,0,0
1991,3,24,0,0,0,0,0,0,0,0,0,0,0,0,0,0,0
1991,3,25,0,0,0,0,0,0,0,0,0,0,0,0,0,0,0
1991,3,26,0,0,0,0,0,0,0,0,0,0,0,0,0,0,0
1991,3,27,0,0,0,0.1,0.1,0,0,0.1,0.1,0.1,0.1,0.1,0.1,0.1,0
1991,3,28,0,0.26,4.65,4.46,4.79,6.98,4.09,7.07,5.49,4.13,4.07,4.53,4.24,4.28,0.2
1991,3,29,0,0,0.28,0.32,0.39,0.12,0.27,0.31,0.32,0.43,0.31,0.23,0.27,0.26,0
1991,3,30,0,0,0,0,0,0,0,0,0,0,0,0,0,0,0
1991,3,31,0,0,0,0,0,0,0,0,0,0,0,0,0,0,0
1991,4,1,0,0,3.93,3.53,4.25,3.47,3.7,4.28,3.93,3.46,3.3,2.99,3.11,3.22,0
1991,4,2,0,0,12.07,10.8,12.08,15.17,11.37,14.87,11.73,9.86,9.37,9.32,9.34,9.61,13.89
1991,4,3,0,0.81,4.78,4.21,4.93,4.52,4.5,5.14,4.69,4.02,3.88,3.6,3.72,3.84,0
1991,4,4,0,0,0,0,0,0,0,0,0,0,0,0,0,0,0
1991,4,5,0,0,3.46,3.04,3.68,2.88,3.26,3.63,3.42,2.99,2.88,2.58,2.7,2.8,0
1991,4,6,0,0.6,5.09,4.46,5.27,4.95,4.79,5.6,4.96,4.3,4.09,3.82,3.94,4.07,0
1991,4,7,0,0.1,1.24,1.17,1.63,0.61,1.16,1.32,1.32,1.32,1.22,0.95,1.04,1.09,0
1991,4,8,0,0,0.36,0.47,0.78,0.1,0.33,0.54,0.52,0.64,0.55,0.36,0.4,0.43,0
1991,4,9,0,9.56,5.94,5.27,6.11,6.05,5.6,6.62,5.83,4.98,4.78,4.52,4.63,4.78,0.1
1991,4,10,0,31.63,13.78,12.3,13.69,17.78,12.96,17.17,13.32,11.17,10.6,10.63,10.61,10.91,19.09
1991,4,11,0,0,0.1,0.26,0.56,0.1,0.1,0.4,0.27,0.46,0.35,0.18,0.21,0.23,0
1991,4,12,0,0,0.92,0.88,1.25,0.37,0.87,0.99,1.01,1.02,0.94,0.72,0.79,0.83,0
1991,4,13,0,0,0.51,0.58,0.9,0.1,0.48,0.62,0.65,0.73,0.65,0.45,0.51,0.54,0
1991,4,14,0,0,0,0.1,0.16,0,0,0.13,0.1,0.13,0.1,0.1,0.1,0.1,0
1991,4,15,0,0,0.48,0.56,0.88,0.1,0.46,0.6,0.63,0.72,0.64,0.44,0.49,0.52,0
1991,4,16,0,0,0,0.1,0.22,0,0,0.17,0.1,0.18,0.1,0.1,0.1,0.1,0
1991,4,17,0,0,2.2,1.94,2.5,1.48,2.07,2.26,2.21,2.03,1.91,1.63,1.74,1.81,0
1991,4,18,0,0,0.97,0.91,1.31,0.4,0.91,1.03,1.05,1.06,0.97,0.74,0.82,0.86,0
1991,4,19,0,0,0,0,0.1,0,0,0.1,0,0.1,0,0,0,0,0
1991,4,20,0,0,2.15,1.9,2.44,1.43,2.03,2.2,2.17,1.99,1.88,1.6,1.71,1.78,0
1991,4,21,5.15,0,0,0,0,0,0,0,0,0,0,0,0,0,0
1991,4,22,3.96,0,0,0,0.1,0,0,0.1,0,0.1,0,0,0,0,0
1991,4,23,3.75,0,0.15,0.32,0.62,0.1,0.14,0.44,0.34,0.51,0.4,0.23,0.26,0.28,0
1991,4,24,0,0,0.1,0.27,0.57,0.1,0.1,0.4,0.28,0.46,0.36,0.19,0.22,0.24,0
1991,4,25,0,0,0.1,0.26,0.56,0.1,0.1,0.39,0.27,0.45,0.34,0.17,0.2,0.22,0
1991,4,26,0,0,3.91,3.51,4.23,3.46,3.69,4.26,3.91,3.45,3.29,2.98,3.1,3.21,0
1991,4,27,0,0,1.13,1.05,1.5,0.53,1.07,1.21,1.19,1.22,1.12,0.85,0.93,0.98,0
1991,4,28,0,2.9,6.35,5.6,6.44,6.65,5.98,7.08,6.19,5.25,5.06,4.81,4.92,5.07,0.1
1991,4,29,0,4.98,10.62,9.49,10.67,12.83,10,12.85,10.34,8.71,8.29,8.19,8.23,8.48,9.62
1991,4,30,0,0.27,6.79,5.98,6.93,7.29,6.39,7.77,6.58,5.65,5.38,5.12,5.23,5.39,0.9
1991,5,1,0.49,0,2.58,2.48,3.09,1.25,2.68,1.98,2.83,2.59,2.52,2.06,2.36,2.4,0
1991,5,2,6.02,0,2.34,2.27,2.89,1.09,2.45,1.83,2.6,2.41,2.31,1.88,2.18,2.2,0
1991,5,3,0,0,0,0.1,0.59,0,0,0.34,0,0.42,0,0,0,0,0
1991,5,4,0,0,0,0,0.42,0,0,0.24,0,0.28,0,0,0,0,0
1991,5,5,0,0,0,0.33,0.83,0,0,0.47,0.35,0.63,0,0.16,0.29,0,0
1991,5,6,0,0,1.73,1.78,2.37,0.68,1.87,1.44,2.05,1.94,1.78,1.46,1.71,1.69,0
1991,5,7,0,0,0,0.62,1.14,0,0,0.65,0.69,0.89,0.5,0.42,0.57,0.45,0
1991,5,8,0,0,0.54,0.85,1.39,0.1,0.73,0.79,0.97,1.11,0.76,0.63,0.81,0.71,0
1991,5,9,0,0,1.98,1.97,2.58,0.85,2.1,1.6,2.27,2.13,2,1.63,1.9,1.9,0
1991,5,10,0,0,0.4,0.75,1.28,0.1,0.6,0.73,0.85,1.01,0.64,0.54,0.7,0.59,0
1991,5,11,0,0,1.31,1.45,2.03,0.4,1.47,1.17,1.67,1.65,1.42,1.16,1.39,1.34,0
1991,5,12,0,0,2.49,2.4,3.01,1.19,2.59,1.92,2.74,2.52,2.44,1.99,2.29,2.32,0
1991,5,13,0,0,0,0,0,0,0,0.1,0,0,0,0,0,0,0
1991,5,14,10.45,0,1.93,1.93,2.54,0.82,2.06,1.57,2.23,2.09,1.96,1.6,1.87,1.86,0
1991,5,15,17.48,0,0,0,0,0,0,0,0,0,0,0,0,0,0
1991,5,16,18.26,0,2.26,2.2,2.82,1.04,2.37,1.78,2.53,2.34,2.24,1.83,2.12,2.13,0
1991,5,17,0,6.44,13.85,13.62,13.06,14.58,12.82,13.67,13.78,12.28,12.78,11.12,11.47,12.32,12.55
1991,5,18,2.82,5.73,11.15,10.81,10.66,10.91,10.44,10.5,11.11,9.87,10.28,8.86,9.25,9.89,7.04
1991,5,19,4.3,4.49,2.98,2.82,3.43,1.59,3.06,2.28,3.21,2.89,2.88,2.36,2.68,2.75,0
1991,5,20,11.69,1.94,8.77,8.38,8.54,7.84,8.32,7.82,8.78,7.78,8.1,6.92,7.32,7.79,2.94
1991,5,21,4.94,0,4.08,3.82,4.39,2.55,4.07,3.15,4.25,3.78,3.86,3.19,3.55,3.69,0
1991,5,22,0.1,0,11.28,10.96,10.79,11.08,10.55,10.66,11.26,10,10.42,8.99,9.38,10.03,7.32
1991,5,23,4.38,0.17,4.95,4.61,5.14,3.43,4.87,3.95,5.06,4.5,4.62,3.85,4.22,4.43,0
1991,5,24,4.33,0.1,6.91,6.51,6.86,5.59,6.65,5.84,6.97,6.14,6.41,5.41,5.81,6.15,0.65
1991,5,25,16.96,3.06,12.4,12.11,11.78,12.59,11.54,11.97,12.35,10.99,11.44,9.9,10.28,11.02,9.52
1991,5,26,0.1,17.22,10.92,10.54,10.43,10.61,10.23,10.23,10.87,9.65,10.07,8.66,9.06,9.69,6.55
1991,5,27,7.49,20.53,17.89,17.85,16.62,20.33,16.37,18.67,17.74,15.87,16.49,14.48,14.75,15.91,21.75
1991,5,28,0.33,26.31,19.39,19.45,17.98,22.53,17.69,20.6,19.21,17.26,17.87,15.73,15.99,17.26,25.49
1991,5,29,4.12,38.17,19.89,20.01,18.44,23.28,18.12,21.19,19.74,17.72,18.35,16.18,16.41,17.72,26.69
1991,5,30,0,26.02,8.55,8.13,8.32,7.57,8.12,7.58,8.55,7.57,7.9,6.72,7.13,7.59,2.56
1991,5,31,11.1,22.03,13.67,13.44,12.91,14.33,12.66,13.48,13.61,12.13,12.62,10.97,11.33,12.16,12.2
1991,6,1,4.89,0.35,4.78,4.39,5.18,2.93,4.64,3.41,4.75,4.3,4.37,3.8,4.12,4.2,0.1
1991,6,2,10.95,5.96,4.87,4.47,5.27,3.01,4.72,3.49,4.83,4.37,4.45,3.87,4.19,4.27,0.14
1991,6,3,0,4.14,5.27,4.83,5.67,3.39,5.06,3.82,5.21,4.68,4.79,4.16,4.48,4.58,0.38
1991,6,4,0,3.24,6.38,5.83,6.79,4.5,6.01,4.8,6.28,5.54,5.75,4.97,5.29,5.46,1.46
1991,6,5,1.83,1.58,3.29,3.08,3.73,1.62,3.34,2.25,3.32,3.17,3.08,2.72,3.02,3.03,0
1991,6,6,7.57,7.97,10.73,9.76,11.2,9.26,9.63,8.99,10.45,8.93,9.46,8.13,8.39,8.78,8.66
1991,6,7,15.87,0,0,0,0,0,0,0,0,0,0,0,0,0,0
1991,6,8,19.34,0,3.96,3.67,4.38,2.19,3.93,2.76,3.96,3.68,3.66,3.21,3.52,3.56,0
1991,6,9,16.48,10.29,8.85,8.06,9.29,7.13,8.08,7.12,8.65,7.46,7.86,6.77,7.06,7.35,5.15
1991,6,10,0,14.95,12.08,11,12.6,10.84,10.74,10.38,11.75,10,10.61,9.12,9.34,9.81,11.47
1991,6,11,0,10.79,9.85,8.97,10.31,8.26,8.91,8.12,9.61,8.25,8.72,7.5,7.77,8.12,6.97
1991,6,12,6.17,1.63,7.75,7.06,8.17,5.94,7.16,6.07,7.6,6.61,6.92,5.97,6.27,6.51,3.34
1991,6,13,2.09,0,3.62,3.36,4.04,1.89,3.63,2.49,3.63,3.42,3.36,2.96,3.26,3.29,0
1991,6,14,10.22,4.92,6.4,5.84,6.8,4.52,6.02,4.82,6.3,5.55,5.76,4.98,5.3,5.47,1.48
1991,6,15,0,5.09,9.61,8.74,10.06,7.98,8.7,7.86,9.37,8.05,8.5,7.31,7.59,7.93,6.51
1991,6,16,0,5.58,8.65,7.87,9.08,6.91,7.91,6.92,8.45,7.3,7.68,6.62,6.91,7.19,4.79
1991,6,17,0,0,1.54,1.59,2.12,0.41,1.75,1.14,1.67,1.91,1.55,1.47,1.71,1.61,0
1991,6,18,0,2.33,4.3,3.97,4.71,2.49,4.22,3.02,4.29,3.94,3.95,3.45,3.77,3.83,0
1991,6,19,0,0,0,0,0,0,0,0.1,0,0,0,0,0,0,0
1991,6,20,11.06,0,3.2,2.99,3.64,1.55,3.26,2.18,3.23,3.1,3,2.65,2.95,2.95,0
1991,6,21,33.05,0,3.93,3.64,4.35,2.16,3.9,2.73,3.93,3.65,3.63,3.18,3.5,3.53,0
1991,6,22,4.46,0,4.28,3.95,4.69,2.47,4.2,3,4.26,3.92,3.93,3.44,3.75,3.81,0
1991,6,23,0,0,1.68,1.7,2.25,0.49,1.88,1.21,1.8,2.01,1.68,1.57,1.82,1.73,0
1991,6,24,0.59,0,0,0,0,0,0,0.21,0,0.39,0,0,0,0,0
1991,6,25,22.09,10.01,8.12,7.4,8.55,6.34,7.47,6.42,7.95,6.89,7.24,6.24,6.54,6.79,3.93
1991,6,26,1.9,0,2.13,2.08,2.64,0.77,2.3,1.47,2.22,2.32,2.07,1.89,2.16,2.1,0
1991,6,27,1.12,0.54,3.89,3.61,4.31,2.13,3.87,2.7,3.9,3.63,3.6,3.16,3.47,3.51,0
1991,6,28,3.65,3.31,8.03,7.32,8.46,6.24,7.4,6.33,7.87,6.83,7.16,6.17,6.47,6.73,3.78
1991,6,29,3.71,0,0.61,0.84,1.36,0.1,0.86,0.71,0.8,1.31,0.74,0.82,1,0.84,0
1991,6,30,0.1,0,2.22,2.15,2.73,0.83,2.38,1.53,2.31,2.39,2.15,1.95,2.23,2.17,0
1991,7,1,0.54,2.98,5.16,4.42,5.18,2.85,4.81,3.45,4.87,4.23,4.38,3.92,4.19,4.22,0.14
1991,7,2,7.42,2.2,5.93,5.01,5.74,3.51,5.43,4.03,5.54,4.73,4.92,4.41,4.69,4.73,0.56
1991,7,3,0,3.41,8.04,6.63,7.28,5.45,7.11,5.72,7.38,6.1,6.38,5.76,6.05,6.09,2.46
1991,7,4,0,0,0,0.63,1.72,0,0,0.62,0.55,1.03,0.6,0.78,0.73,0.6,0
1991,7,5,0.81,0,0,0,0,0,0,0.1,0,0,0,0,0,0,0
1991,7,6,3.5,0,0,0,0.52,0,0,0.11,0,0,0,0,0,0,0
1991,7,7,22.53,0,3.39,3.05,3.89,1.45,3.32,2.21,3.32,3.07,3.1,2.77,3,3.02,0
1991,7,8,14.63,10.42,6.63,5.55,6.25,4.13,5.99,4.58,6.15,5.19,5.41,4.86,5.14,5.18,1.1
1991,7,9,4.23,0,2.73,2.54,3.41,1,2.74,1.8,2.74,2.63,2.62,2.35,2.55,2.56,0
1991,7,10,4.02,0,0,0,0,0,0,0.1,0,0,0,0,0,0,0
1991,7,11,0.5,0,0,0,0.76,0,0,0.2,0,0,0,0,0,0,0
1991,7,12,0,1.07,3.62,3.23,4.06,1.62,3.52,2.37,3.52,3.22,3.27,2.92,3.16,3.18,0
1991,7,13,9.82,0,0.64,0.96,1.99,0,0.7,0.77,0.92,1.31,0.96,1.05,1.06,0.95,0
1991,7,14,7.54,0.92,0.61,0.94,1.98,0,0.67,0.76,0.9,1.29,0.93,1.04,1.04,0.93,0
1991,7,15,2.06,3.48,5.39,4.59,5.35,3.04,4.99,3.62,5.07,4.38,4.54,4.06,4.34,4.37,0.24
1991,7,16,7.07,0,0,0,0.58,0,0,0.13,0,0,0,0,0,0,0
1991,7,17,0,15.17,17.42,13.79,13.98,15.23,14.22,14.19,15.49,12.06,12.59,11.71,11.83,11.83,15.85
1991,7,18,0.1,0,0,0,0.63,0,0,0.15,0,0,0,0,0,0,0
1991,7,19,1.89,2.19,1.78,1.81,2.73,0.43,1.86,1.27,1.91,2.01,1.89,1.74,1.89,1.86,0
1991,7,20,6.35,0,2.94,2.7,3.56,1.13,2.92,1.93,2.92,2.77,2.77,2.48,2.69,2.7,0
1991,7,21,1.07,0,9.33,7.62,8.21,6.7,8.11,6.81,8.5,6.93,7.25,6.59,6.86,6.9,3.94
1991,7,22,0,0,0,0,0.84,0,0,0.23,0,0,0,0,0,0,0
1991,7,23,0.96,0,0,0,1.42,0,0,0.46,0,0.71,0,0.47,0,0,0
1991,7,24,15.86,0,1.71,1.76,2.69,0.39,1.8,1.24,1.85,1.97,1.83,1.7,1.84,1.81,0
1991,7,25,2.81,1.98,3.72,3.3,4.12,1.69,3.6,2.43,3.61,3.28,3.34,2.98,3.23,3.24,0
1991,7,26,0,0,0,0,1.08,0,0,0.32,0,0.39,0,0,0,0,0
1991,7,27,0,0,3.24,2.93,3.78,1.35,3.19,2.12,3.19,2.97,2.99,2.68,2.9,2.91,0
1991,7,28,0,7.13,8.65,7.1,7.72,6.04,7.58,6.23,7.91,6.5,6.79,6.15,6.43,6.47,3.14
1991,7,29,9.99,15.84,19.1,15.06,15.16,17.09,15.46,15.81,16.94,13.12,13.68,12.77,12.84,12.83,18.65
1991,7,30,7.1,46.44,21.86,17.16,17.1,20.2,17.5,18.5,19.32,14.85,15.46,14.5,14.5,14.46,23.39
1991,7,31,12.11,20.79,15.49,12.32,12.61,13.13,12.79,12.37,13.84,10.85,11.34,10.5,10.66,10.68,12.76
1991,8,1,2.43,0,0,0.42,1.68,0,0,0.57,0,0.94,0,0.45,0,0,0
1991,8,2,9.91,0.19,6.32,5.33,6.42,3.79,5.97,4.27,6.23,5.28,5.44,4.7,5.22,5.37,0.77
1991,8,3,0.96,1.48,6.77,5.69,6.78,4.19,6.37,4.63,6.65,5.6,5.76,4.99,5.52,5.69,1.11
1991,8,4,0,2.7,10.49,8.61,9.79,7.77,9.61,7.76,10,8.25,8.39,7.35,7.97,8.22,5.22
1991,8,5,2.92,0.37,3.42,3.07,4.12,1.43,3.33,2.21,3.59,3.24,3.28,2.83,3.22,3.28,0
1991,8,6,1.06,3.89,7.27,6.08,7.18,4.65,6.81,5.03,7.1,5.96,6.12,5.31,5.86,6.03,1.55
1991,8,7,5.89,0,0,0,1.54,0,0,0.5,0,0.78,0,0,0,0,0
1991,8,8,5.35,0,0,0.54,1.78,0,0,0.62,0.44,1.05,0,0.56,0.65,0,0
1991,8,9,5.26,1.16,4.75,4.11,5.16,2.45,4.56,3.11,4.81,4.17,4.29,3.69,4.15,4.26,0.1
1991,8,10,3.39,0.99,5.17,4.44,5.5,2.8,4.94,3.41,5.19,4.47,4.6,3.96,4.44,4.56,0.13
1991,8,11,10.87,0,0,0,0,0,0,0,0,0,0,0,0,0,0
1991,8,12,13.66,0,3.61,3.21,4.26,1.56,3.5,2.33,3.76,3.37,3.42,2.95,3.35,3.42,0
1991,8,13,10.18,5,4.4,3.83,4.89,2.17,4.24,2.86,4.49,3.93,4.02,3.46,3.91,4,0
1991,8,14,12.63,3.87,9.02,7.45,8.6,6.32,8.34,6.48,8.68,7.21,7.36,6.42,7.01,7.23,3.39
1991,8,15,11.17,0,0,0,1.38,0,0,0.42,0,0.62,0,0,0,0,0
1991,8,16,1.56,0,0,0,1.5,0,0,0.48,0,0.74,0,0,0,0,0
1991,8,17,0,0.68,6.04,5.11,6.19,3.54,5.72,4.06,5.98,5.08,5.23,4.52,5.03,5.17,0.58
1991,8,18,10.1,2.14,2.84,2.62,3.67,1.02,2.78,1.85,3.06,2.83,2.82,2.44,2.81,2.84,0
1991,8,19,0,0,3.8,3.37,4.41,1.71,3.69,2.45,3.94,3.5,3.57,3.07,3.49,3.56,0
1991,8,20,0,2.28,5.09,4.37,5.43,2.73,4.87,3.35,5.12,4.41,4.54,3.91,4.39,4.5,0.1
1991,8,21,2.94,5.18,7.41,6.19,7.3,4.79,6.94,5.14,7.23,6.06,6.22,5.4,5.95,6.13,1.68
1991,8,22,0,10.87,7.77,6.47,7.59,5.12,7.25,5.43,7.55,6.31,6.48,5.63,6.19,6.38,2.02
1991,8,23,0,15.63,10.02,8.24,9.41,7.3,9.2,7.34,9.58,7.91,8.06,7.05,7.66,7.9,4.6
1991,8,24,15.22,0,2.34,2.24,3.29,0.71,2.29,1.57,2.6,2.49,2.42,2.12,2.45,2.46,0
1991,8,25,18.75,21.5,14.84,12.03,13.31,12.31,13.32,11.75,13.89,11.34,11.36,10.05,10.74,11.1,11.62
1991,8,26,14.56,14.05,13.73,11.15,12.41,11.12,12.38,10.71,12.9,10.55,10.61,9.37,10.04,10.37,9.87
1991,8,27,2.9,15.92,3.86,3.41,4.46,1.75,3.74,2.49,3.99,3.55,3.61,3.11,3.53,3.61,0
1991,8,28,5.06,0,1.64,1.72,2.8,0.32,1.57,1.22,1.96,2.04,1.85,1.66,1.93,1.91,0
1991,8,29,6.13,0,3.14,2.85,3.9,1.23,3.06,2.03,3.33,3.04,3.05,2.64,3.02,3.07,0
1991,8,30,4.15,2.08,5.55,4.73,5.8,3.12,5.28,3.69,5.54,4.74,4.88,4.21,4.7,4.83,0.3
1991,8,31,0,0,0.67,1.05,2.19,0,0.52,0.84,1.08,1.46,0.99,1.04,1.21,1.1,0
1991,9,1,6.25,1.13,6.49,5.5,6.88,4.11,5.98,4.48,6.46,5.55,5.8,4.89,5.57,5.7,0.64
1991,9,2,0,7.83,8.34,6.99,8.43,5.89,7.64,6.06,8.2,6.98,7.27,6.3,6.98,7.12,2.6
1991,9,3,4.77,0,0.73,1.23,2.7,0.1,0,1.06,1.31,1.74,0,1.06,1.05,0,0
1991,9,4,27.73,7.15,14.65,12.18,13.77,12.75,13.21,12.21,14.21,12.01,12.12,11.3,11.76,11.81,13.44
1991,9,5,0,3.63,10.95,9.13,10.64,8.61,9.96,8.49,10.69,9.04,9.3,8.35,8.97,9.08,6.51
1991,9,6,0,0,1.45,1.67,3.07,0.37,0.95,1.29,1.9,2.08,1.28,1.43,1.64,1.46,0
1991,9,7,0,0,3.59,3.19,4.53,1.66,3.27,2.35,3.75,3.4,3.38,2.76,3.3,3.37,0
1991,9,8,0,0,0,0,1.15,0,0,0.35,0,0,0,0,0,0,0
1991,9,9,0,0,5.36,4.58,5.94,3.08,4.94,3.58,5.39,4.68,4.88,4.04,4.69,4.81,0.1
1991,9,10,1.59,0,4.21,3.68,5.01,2.14,3.86,2.76,4.32,3.84,3.91,3.2,3.79,3.88,0
1991,9,11,38.7,0,6.2,5.26,6.63,3.83,5.71,4.24,6.18,5.32,5.56,4.66,5.34,5.47,0.42
1991,9,12,15.62,17.73,14.48,12.04,13.63,12.56,13.06,12.04,14.04,11.87,11.99,11.16,11.63,11.69,13.1
1991,9,13,1.42,45.28,26.81,22.28,24.04,27.56,23.72,25.6,25.79,21.9,21.1,21.22,20.78,20.55,41.9
1991,9,14,0.42,25.21,19.58,16.27,17.94,18.58,17.49,17.48,18.9,16,15.79,15.29,15.43,15.39,24.21
1991,9,15,3.52,36.52,21.75,18.07,19.78,21.24,19.37,19.88,20.97,17.77,17.4,17.07,17.04,16.94,29.36
1991,9,16,0,13.39,13.96,11.61,13.19,11.96,12.61,11.5,13.55,11.45,11.59,10.75,11.24,11.31,12.05
1991,9,17,10.63,0,0,0,0.96,0,0,0.28,0,0,0,0,0,0,0
1991,9,18,0,0,3.79,3.35,4.68,1.81,3.46,2.48,3.93,3.54,3.55,2.9,3.46,3.54,0
1991,9,19,0.1,14.82,13.55,11.27,12.84,11.49,12.25,11.08,13.16,11.12,11.28,10.42,10.93,11.01,11.25
1991,9,20,0,2.56,8.91,7.46,8.91,6.47,8.15,6.57,8.75,7.43,7.72,6.74,7.42,7.55,3.36
1991,9,21,1.28,14.99,14.69,12.22,13.81,12.8,13.25,12.26,14.25,12.04,12.15,11.34,11.79,11.84,13.53
1991,9,22,6.32,15.96,24.89,20.68,22.42,25.14,22.07,23.42,23.96,20.32,19.7,19.64,19.36,19.18,37.05
1991,9,23,0.65,19.06,16.92,14.06,15.69,15.4,15.18,14.6,16.36,13.84,13.81,13.13,13.45,13.46,18.22
1991,9,24,5.51,14.01,8.93,7.47,8.92,6.48,8.17,6.59,8.76,7.44,7.73,6.76,7.43,7.56,3.39
1991,9,25,0,4.01,2.44,2.34,3.68,0.89,2.1,1.71,2.72,2.63,2.33,2,2.4,2.39,0
1991,9,26,0,10.01,8.81,7.38,8.83,6.37,8.07,6.49,8.66,7.35,7.64,6.67,7.35,7.48,3.23
1991,9,27,0,11.98,12.13,10.1,11.63,9.9,11,9.65,11.8,9.98,10.2,9.28,9.86,9.96,8.57
1991,9,28,0,0,0,0,2.01,0,0,0.69,0,1.1,0,0.32,0,0,0
1991,9,29,23.86,1.77,9.32,7.79,9.25,6.89,8.51,6.95,9.13,7.75,8.04,7.06,7.73,7.86,3.94
1991,9,30,6.91,0,6.12,5.2,6.57,3.76,5.64,4.18,6.11,5.26,5.5,4.61,5.28,5.41,0.37
1991,10,1,7.66,0,3.01,2.81,3.81,1.88,3.22,2.62,3.13,2.93,2.51,2.23,2.51,2.48,0
1991,10,2,2.29,0,4.76,4.35,5.28,3.79,4.85,4.41,4.98,4.33,4.13,3.69,3.99,3.98,0.25
1991,10,3,8.34,0,4.09,3.75,4.71,3,4.22,3.68,4.25,3.78,3.5,3.11,3.41,3.39,0
1991,10,4,3.36,0,2.4,2.3,3.32,1.34,2.66,2.11,2.52,2.48,1.98,1.78,2.02,2,0
1991,10,5,1.61,0,3.37,3.12,4.1,2.23,3.55,2.96,3.5,3.21,2.84,2.51,2.8,2.78,0
1991,10,6,2.48,0,8.68,8.06,8.78,9.34,8.58,9.57,9.41,7.77,8.05,7.51,7.56,7.69,6.95
1991,10,7,21.21,2.09,9.66,9.02,9.68,10.92,9.52,11.04,10.56,8.67,9.06,8.54,8.49,8.67,9.42
1991,10,8,2.2,0,7.36,6.78,7.59,7.31,7.31,7.69,7.89,6.58,6.7,6.16,6.33,6.4,4.03
1991,10,9,0,0.42,8.8,8.18,8.9,9.54,8.7,9.76,9.56,7.89,8.18,7.64,7.68,7.82,7.26
1991,10,10,2.41,0,0,0,0.5,0,0,0.16,0,0,0,0,0,0,0
1991,10,11,2.66,0,0,0,0.9,0,0,0.3,0,0.34,0,0,0,0,0
1991,10,12,13.42,0,0,0,0.67,0,0,0.21,0,0.17,0,0,0,0,0
1991,10,13,5.54,0,4.85,4.43,5.36,3.89,4.93,4.51,5.07,4.4,4.22,3.77,4.06,4.06,0.32
1991,10,14,2.82,0,1.91,1.92,2.95,0.97,2.23,1.75,2.06,2.14,1.58,1.45,1.66,1.64,0
1991,10,15,1.69,2.01,8.72,8.1,8.82,9.4,8.62,9.63,9.46,7.81,8.09,7.55,7.6,7.73,7.05
1991,10,16,0.6,0,0.46,0.97,2.05,0.24,1.07,0.98,0.9,1.34,0.55,0.7,0.74,0.77,0
1991,10,17,3.08,10.26,11.96,11.3,11.8,14.82,11.74,14.68,13.29,10.82,11.48,11.04,10.69,11,15.94
1991,10,18,0.97,10.71,17.65,17.09,17.1,25.35,17.24,24.55,20.21,16.29,17.63,17.54,16.29,16.97,35.1
1991,10,19,0.48,9.54,11.83,11.18,11.68,14.59,11.61,14.47,13.14,10.7,11.34,10.89,10.57,10.87,15.55
1991,10,20,1.4,16.52,6.75,6.2,7.04,6.42,6.73,6.87,7.19,6.04,6.08,5.56,5.77,5.82,2.87
1991,10,21,0,0,4.61,4.21,5.15,3.6,4.7,4.23,4.81,4.2,3.98,3.55,3.85,3.84,0.15
1991,10,22,0,0,2.24,2.17,3.2,1.21,2.52,1.98,2.36,2.36,1.84,1.67,1.9,1.88,0
1991,10,23,0.82,0,1.28,1.46,2.52,0.58,1.69,1.35,1.5,1.75,1.09,1.07,1.22,1.21,0
1991,10,24,0,0,1.69,1.76,2.8,0.82,2.04,1.6,1.86,2,1.4,1.31,1.5,1.49,0
1991,10,25,0,3.08,8.74,8.12,8.84,9.44,8.64,9.66,9.49,7.83,8.11,7.58,7.62,7.75,7.1
1991,10,26,0.53,6.87,12.02,11.37,11.86,14.93,11.8,14.79,13.37,10.88,11.55,11.11,10.76,11.07,16.13
1991,10,27,1.43,11.86,20.07,19.59,19.37,30.09,19.59,28.99,23.2,18.66,20.28,20.4,18.71,19.57,44.1
1991,10,28,2.69,0,4.71,4.3,5.23,3.72,4.79,4.35,4.91,4.28,4.08,3.64,3.94,3.93,0.21
1991,10,29,2.34,0,4.96,4.53,5.46,4.03,5.04,4.64,5.19,4.5,4.33,3.87,4.16,4.16,0.41
1991,10,30,0,0,5.66,5.17,6.07,4.93,5.7,5.47,5.96,5.09,5,4.51,4.78,4.8,1.18
1991,10,31,0,0,2.77,2.6,3.61,1.66,3,2.41,2.88,2.75,2.3,2.05,2.31,2.29,0
1991,11,1,0,0,0,0,0,0,0,0,0,0,0,0,0,0,0
1991,11,2,0,0,0,0,0.1,0,0,0.1,0,0,0,0,0,0,0
1991,11,3,0,0,0,0,0.29,0,0,0.14,0,0.1,0,0,0,0,0
1991,11,4,0,0,1.09,1.31,1.75,1.34,1.13,2.05,1.14,1.24,1.02,0.71,0.85,0.81,0
1991,11,5,0.45,0,1.32,1.55,1.98,1.72,1.35,2.47,1.4,1.43,1.22,0.86,1.01,0.97,0
1991,11,6,1.01,0,6.63,7.72,7.52,15.93,6.32,16.99,8.46,6.23,5.65,4.94,5.19,5.15,0.1
1991,11,7,0.52,0,9.55,11.38,10.75,26.25,9.08,27.41,12.74,9.04,8.16,7.42,7.67,7.6,3.96
1991,11,8,0.13,0,0,0,0.27,0,0,0.12,0,0.1,0,0,0,0,0
1991,11,9,0,0,0,0.1,0.36,0.1,0,0.18,0,0.11,0,0,0,0,0
1991,11,10,0,0,0,0,0,0,0,0,0,0,0,0,0,0,0
1991,11,11,0,0,1.45,1.69,2.1,1.93,1.47,2.71,1.55,1.54,1.32,0.94,1.1,1.06,0
1991,11,12,0,0,4.21,4.79,4.92,8.43,4.05,9.43,5.07,3.97,3.61,2.97,3.21,3.18,0
1991,11,13,0,0,3.28,3.71,3.95,5.93,3.18,6.88,3.83,3.13,2.83,2.26,2.48,2.44,0
1991,11,14,1,0,2.16,2.45,2.8,3.3,2.13,4.16,2.39,2.14,1.9,1.43,1.62,1.58,0
1991,11,15,2.12,0,0,0,0,0,0,0,0,0,0,0,0,0,0
1991,11,16,0,0,0,0,0,0,0,0,0,0,0,0,0,0,0
1991,11,17,0,0,5.97,6.91,6.81,13.79,5.71,14.83,7.53,5.61,5.1,4.4,4.65,4.61,0
1991,11,18,0,0,9.8,11.71,11.04,27.21,9.32,28.38,13.12,9.29,8.38,7.65,7.89,7.82,4.5
1991,11,19,0,0,3.67,4.16,4.35,6.93,3.54,7.9,4.34,3.48,3.15,2.55,2.78,2.74,0
1991,11,20,0,0,0,0,0.1,0,0,0.1,0,0,0,0,0,0,0
1991,11,21,0,0,1.04,1.27,1.71,1.27,1.09,1.97,1.09,1.2,0.99,0.68,0.82,0.78,0
1991,11,22,0,0,2.56,2.9,3.21,4.19,2.51,5.09,2.9,2.49,2.23,1.72,1.93,1.89,0
1991,11,23,0,0,2.64,2.98,3.29,4.36,2.58,5.27,3,2.56,2.29,1.78,1.98,1.95,0
1991,11,24,0,0,3.53,4,4.21,6.57,3.41,7.54,4.16,3.35,3.04,2.45,2.67,2.64,0
1991,11,25,0,0,3.34,3.78,4.01,6.08,3.23,7.03,3.9,3.18,2.88,2.3,2.52,2.49,0
1991,11,26,0,0,4.11,4.68,4.82,8.15,3.96,9.14,4.94,3.88,3.52,2.9,3.13,3.1,0
1991,11,27,0,0,0.53,0.76,1.22,0.6,0.61,1.17,0.55,0.79,0.58,0.37,0.47,0.43,0
1991,11,28,0,0,2.07,2.34,2.71,3.1,2.04,3.96,2.28,2.06,1.82,1.36,1.55,1.51,0
1991,11,29,0,0,0.65,0.87,1.33,0.74,0.72,1.35,0.67,0.88,0.67,0.44,0.55,0.51,0
1991,11,30,0,0,0.2,0.46,0.91,0.28,0.31,0.75,0.25,0.53,0.32,0.19,0.27,0.23,0
1991,12,1,0,0,4.94,6.88,6.72,18.39,4.89,19.54,6.77,5.08,4.37,2.56,3.17,3.13,0
1991,12,2,0,0,5.58,7.79,7.57,21.36,5.5,22.58,7.71,5.74,4.94,2.89,3.58,3.53,0
1991,12,3,0,0,1.15,1.63,1.93,3.03,1.3,3.89,1.48,1.25,1.05,0.6,0.76,0.79,0
1991,12,4,0,0,1.47,2.05,2.32,4.07,1.61,4.99,1.89,1.56,1.33,0.77,0.97,0.99,0
1991,12,5,0,0,0,0.1,0.15,0.1,0,0.1,0,0,0,0,0,0,0
1991,12,6,0,0,1.94,2.69,2.9,5.74,2.06,6.72,2.53,2.03,1.74,1.01,1.27,1.29,0
1991,12,7,0,0,2.9,4,4.12,9.49,2.97,10.55,3.86,3,2.57,1.51,1.88,1.88,0
1991,12,8,0,0,0,0,0.11,0,0,0.1,0,0,0,0,0,0,0
1991,12,9,0,0,0,0,0,0,0,0,0,0,0,0,0,0,0
1991,12,10,0,0,6.91,9.71,9.29,27.71,6.73,28.95,9.66,7.11,6.11,3.58,4.42,4.34,0
1991,12,11,0,0,9.9,14.07,13.23,42.56,9.5,43.95,14.09,10.21,8.74,5.1,6.29,6.17,0.1
1991,12,12,0,0.78,4.31,5.99,5.92,15.54,4.3,16.7,5.87,4.43,3.82,2.24,2.78,2.75,0
1991,12,13,0,2.26,14.66,21.1,19.58,67.34,13.89,69.06,21.24,15.19,12.96,7.52,9.28,9.06,4.96
1991,12,14,0,3.38,14.2,20.4,18.95,64.9,13.48,66.52,20.57,14.7,12.56,7.29,9,8.79,4.15
1991,12,15,0,1.04,15.45,22.3,20.67,71.61,14.63,73.44,22.47,16.03,13.68,7.92,9.79,9.55,6.46
1991,12,16,0,0,1.84,2.56,2.79,5.4,1.97,6.38,2.4,1.94,1.66,0.96,1.21,1.23,0
1991,12,17,0,0,0.1,0.18,0.44,0.15,0.13,0.49,0.1,0.13,0.1,0.1,0.1,0.1,0
1991,12,18,0,0,0,0,0,0,0,0,0,0,0,0,0,0,0
1991,12,19,0,0,0,0,0.1,0,0,0.1,0,0,0,0,0,0,0
1991,12,20,0,0,0.27,0.49,0.79,0.6,0.4,1.12,0.36,0.37,0.28,0.13,0.19,0.23,0
1991,12,21,0,0,0,0.1,0.18,0.1,0,0.12,0,0.1,0,0,0,0,0
1991,12,22,0,0,0,0,0,0,0,0,0,0,0,0,0,0,0
1991,12,23,0,0,0,0,0,0,0,0,0,0,0,0,0,0,0
1991,12,24,0,0,0,0,0,0,0,0,0,0,0,0,0,0,0
1991,12,25,0,0,0,0,0,0,0,0,0,0,0,0,0,0,0
1991,12,26,0,0,1.19,1.69,1.98,3.15,1.34,4.04,1.53,1.29,1.09,0.63,0.79,0.82,0
1991,12,27,0,0,0,0.1,0.24,0.1,0.1,0.2,0.1,0.1,0,0,0,0,0
1991,12,28,0,0,0,0,0.1,0,0,0.1,0,0,0,0,0,0,0
1991,12,29,0,0,1.06,1.51,1.8,2.73,1.2,3.54,1.34,1.15,0.96,0.55,0.7,0.73,0
1991,12,30,0,0,0.1,0.2,0.47,0.17,0.15,0.54,0.11,0.15,0.1,0.1,0.1,0.1,0
1991,12,31,0,2.19,17.23,25.03,23.04,81.3,16.28,83.07,25.19,17.95,15.28,8.81,10.9,10.65,10.05
1992,1,1,0,0,2.03,2.56,2.54,7.02,2.01,7.21,2.93,2.03,1.86,1.42,1.56,1.58,0
1992,1,2,0,0,0,0,0,0,0,0,0,0,0,0,0,0,0
1992,1,3,0,0,0,0,0,0,0,0,0,0,0,0,0,0,0
1992,1,4,0,0,0,0.1,0.1,0,0,0.1,0,0.1,0,0,0,0,0
1992,1,5,0,0,0.12,0.17,0.23,0.1,0.13,0.24,0.17,0.2,0.15,0.1,0.12,0.1,0
1992,1,6,0,0,0.53,0.68,0.74,1.03,0.55,1.38,0.73,0.63,0.54,0.35,0.45,0.44,0
1992,1,7,0,0,0.52,0.67,0.73,1,0.54,1.35,0.71,0.62,0.53,0.34,0.44,0.43,0
1992,1,8,0,0,0,0.1,0.1,0,0,0.1,0.1,0.1,0.1,0,0,0,0
1992,1,9,0,0,0,0,0,0,0,0,0,0,0,0,0,0,0
1992,1,10,0,0,0,0,0,0,0,0,0,0,0,0,0,0,0
1992,1,11,0,0,0,0,0,0,0,0,0,0,0,0,0,0,0
1992,1,12,0,0,0.1,0.1,0.14,0.1,0.1,0.12,0.1,0.13,0.1,0.1,0.1,0.1,0
1992,1,13,0,0,0,0,0,0,0,0,0,0,0,0,0,0,0
1992,1,14,0,0,0.1,0.1,0.1,0.1,0.1,0.1,0.1,0.1,0.1,0.1,0.1,0.1,0
1992,1,15,0,0,0.17,0.24,0.3,0.17,0.19,0.38,0.23,0.27,0.2,0.1,0.16,0.15,0
1992,1,16,0,0,0.74,0.94,1.01,1.74,0.76,2.11,1.03,0.84,0.73,0.5,0.61,0.6,0
1992,1,17,0,0,0,0,0.1,0,0,0,0,0.1,0,0,0,0,0
1992,1,18,0,0,0,0,0,0,0,0,0,0,0,0,0,0,0
1992,1,19,0,0,0,0,0,0,0,0,0,0,0,0,0,0,0
1992,1,20,0,0,0,0,0,0,0,0,0,0,0,0,0,0,0
1992,1,21,0,0,0,0,0,0,0,0,0,0,0,0,0,0,0
1992,1,22,1.54,0,0,0,0,0,0,0,0,0,0,0,0,0,0
1992,1,23,0,0,0,0,0,0,0,0,0,0,0,0,0,0,0
1992,1,24,0,0,0,0,0,0,0,0,0,0,0,0,0,0,0
1992,1,25,0,0,0,0,0,0,0,0,0,0,0,0,0,0,0
1992,1,26,0,0,2.44,3.07,3.03,8.92,2.41,8.99,3.55,2.4,2.21,1.72,1.85,1.89,0
1992,1,27,0,1.26,3.52,4.43,4.31,14.13,3.44,13.85,5.18,3.37,3.13,2.48,2.62,2.69,0
1992,1,28,0,0,0,0,0,0,0,0,0,0,0,0,0,0,0
1992,1,29,0,0,0.62,0.8,0.86,1.34,0.64,1.71,0.86,0.72,0.62,0.42,0.52,0.51,0
1992,1,30,0,0,1.31,1.65,1.69,3.91,1.32,4.25,1.86,1.37,1.23,0.91,1.03,1.04,0
1992,1,31,0,0,0,0,0,0,0,0,0,0,0,0,0,0,0
1992,2,1,0,0.1,0.53,0.66,0.78,0.35,0.56,0.72,0.67,0.64,0.53,0.41,0.47,0.46,0
1992,2,2,0,0,0.1,0.1,0.11,0,0.1,0.1,0.1,0.1,0.1,0.1,0.1,0.1,0
1992,2,3,0,0,0.91,1.21,1.36,1.17,1,1.73,1.2,1.09,0.95,0.78,0.85,0.85,0
1992,2,4,0,0,0,0.1,0.1,0,0,0,0.1,0.1,0,0,0,0,0
1992,2,5,0,0,0,0,0,0,0,0,0,0,0,0,0,0,0
1992,2,6,0,0,0.44,0.55,0.66,0.23,0.46,0.53,0.56,0.55,0.44,0.33,0.38,0.38,0
1992,2,7,0,0,0,0,0,0,0,0,0,0,0,0,0,0,0
1992,2,8,0,0,0,0,0,0,0,0,0,0,0,0,0,0,0
1992,2,9,0,0,0,0.1,0.1,0,0,0,0.1,0.1,0,0,0,0,0
1992,2,10,0,0,0,0,0,0,0,0,0,0,0,0,0,0,0
1992,2,11,0,0,0,0,0,0,0,0,0,0,0,0,0,0,0
1992,2,12,0,0,0,0,0,0,0,0,0,0,0,0,0,0,0
1992,2,13,0,0,0,0.1,0.1,0,0.1,0.1,0.1,0.1,0.1,0,0,0,0
1992,2,14,0,0,0,0,0,0,0,0,0,0,0,0,0,0,0
1992,2,15,0,0,0,0,0,0,0,0,0,0,0,0,0,0,0
1992,2,16,0.52,0,0.58,0.72,0.85,0.44,0.62,0.83,0.73,0.7,0.58,0.46,0.52,0.51,0
1992,2,17,0.33,0,3.94,5.94,6.27,13.25,4.53,13.84,5.71,4.77,4.38,3.98,4.04,4.08,1.82
1992,2,18,0.54,2.48,1.99,2.84,3.06,4.77,2.24,5.51,2.77,2.39,2.15,1.9,1.97,1.98,0
1992,2,19,0,0,0,0,0,0,0,0,0,0,0,0,0,0,0
1992,2,20,0.97,0,0.13,0.16,0.22,0.1,0.14,0.1,0.17,0.19,0.13,0.1,0.1,0.1,0
1992,2,21,0,0,0.24,0.28,0.37,0.1,0.25,0.2,0.3,0.31,0.23,0.16,0.2,0.19,0
1992,2,22,0,0,0.7,0.9,1.04,0.67,0.76,1.14,0.91,0.84,0.72,0.58,0.64,0.63,0
1992,2,23,0,0,0.1,0.12,0.17,0.1,0.1,0.1,0.12,0.14,0.1,0.1,0.1,0.1,0
1992,2,24,0,0,1.22,1.66,1.84,2.06,1.35,2.7,1.64,1.46,1.29,1.1,1.17,1.17,0
1992,2,25,0,0,1.46,2.01,2.21,2.82,1.62,3.51,1.98,1.74,1.55,1.34,1.41,1.42,0
1992,2,26,0,0,1.89,2.67,2.9,4.38,2.12,5.11,2.6,2.26,2.03,1.79,1.86,1.87,0
1992,2,27,0,47.37,4.36,6.61,6.97,15.23,5.03,15.76,6.34,5.28,4.86,4.43,4.49,4.54,2.58
1992,2,28,0,0,1.45,2,2.2,2.79,1.61,3.47,1.96,1.73,1.54,1.33,1.4,1.41,0
1992,2,29,0,0,1.53,2.13,2.33,3.07,1.71,3.78,2.09,1.83,1.64,1.42,1.49,1.49,0
1992,3,1,0,8.47,10.73,10.29,10.95,19.61,9.3,18.32,13.13,9.21,9.28,11.09,10,10.13,27.99
1992,3,2,0,0.8,1.9,1.84,2.01,2.09,1.71,2.47,2.15,1.83,1.71,1.71,1.7,1.7,0
1992,3,3,0,0,1.36,1.33,1.46,1.3,1.24,1.68,1.51,1.38,1.24,1.18,1.21,1.21,0
1992,3,4,0,0,0,0,0,0,0,0,0,0.1,0,0,0,0,0
1992,3,5,0,0,0,0,0,0,0,0,0,0,0,0,0,0,0
1992,3,6,0,0,0,0,0,0,0,0,0,0,0,0,0,0,0
1992,3,7,0,0,0.1,0.1,0.1,0.1,0.1,0.1,0.1,0.18,0.1,0.1,0.1,0.1,0
1992,3,8,0,4.31,6.66,6.36,6.81,11.03,5.82,10.69,7.97,5.82,5.77,6.66,6.11,6.18,6.41
1992,3,9,6.6,0,0.93,0.91,1.05,0.75,0.86,1.13,1.01,1.03,0.86,0.77,0.82,0.81,0
1992,3,10,0,13.4,7.08,6.79,7.25,11.86,6.18,11.47,8.52,6.16,6.15,7.13,6.53,6.6,8.32
1992,3,11,0,8.24,12.3,11.81,12.57,23.01,10.64,21.38,15.14,10.57,10.64,12.83,11.52,11.65,37.54
1992,3,12,0,0,2.57,2.48,2.69,3.19,2.3,3.52,2.95,2.39,2.28,2.38,2.31,2.33,0
1992,3,13,0,0,0,0,0,0,0,0.1,0,0.1,0,0,0,0,0
1992,3,14,0,0,0.27,0.31,0.38,0.11,0.26,0.3,0.31,0.42,0.3,0.22,0.27,0.26,0
1992,3,15,0,0,2.59,2.49,2.7,3.22,2.31,3.54,2.97,2.41,2.29,2.4,2.32,2.34,0
1992,3,16,0,0,1.38,1.35,1.48,1.34,1.26,1.72,1.54,1.4,1.26,1.21,1.22,1.23,0
1992,3,17,0,0,0.17,0.23,0.31,0.1,0.18,0.25,0.23,0.35,0.23,0.16,0.2,0.19,0
1992,3,18,0,0,0,0,0,0,0,0,0,0,0,0,0,0,0
1992,3,19,0,0,0,0,0.1,0,0,0.1,0,0.1,0,0,0,0,0
1992,3,20,0,0,0,0,0,0,0,0,0,0,0,0,0,0,0
1992,3,21,0,10.35,4.54,4.36,4.7,6.78,4,6.91,5.36,4.06,3.98,4.43,4.15,4.19,0.1
1992,3,22,0,10.65,13.81,13.27,14.13,26.43,11.94,24.38,17.09,11.8,11.96,14.51,12.98,13.13,47.08
1992,3,23,0,0,0,0,0.1,0,0,0.1,0,0.1,0,0,0,0,0
1992,3,24,0,0,1.01,1.01,1.15,0.85,0.93,1.25,1.12,1.1,0.95,0.86,0.91,0.9,0
1992,3,25,0,0,0.1,0.1,0.1,0,0.1,0.1,0.1,0.13,0.1,0.1,0.1,0.1,0
1992,3,26,0,0,0,0,0,0,0,0,0,0,0,0,0,0,0
1992,3,27,0,0,0,0,0,0,0,0,0,0,0,0,0,0,0
1992,3,28,0,0,0.13,0.19,0.27,0.1,0.13,0.22,0.18,0.32,0.2,0.12,0.17,0.15,0
1992,3,29,0,0,0,0,0,0,0,0.1,0,0.1,0,0,0,0,0
1992,3,30,20.63,0,2.28,2.21,2.42,2.71,2.04,3.13,2.61,2.18,2.04,2.09,2.05,2.06,0
1992,3,31,27.36,0,1.35,1.32,1.46,1.29,1.23,1.67,1.5,1.37,1.23,1.18,1.2,1.2,0
1992,4,1,2.63,2.12,4.88,4.29,5.02,4.67,4.6,5.3,4.78,4.09,3.95,3.67,3.79,3.92,0
1992,4,2,0.29,0,0,0,0.1,0,0,0.1,0,0.1,0,0,0,0,0
1992,4,3,1.05,0,0.57,0.62,0.95,0.11,0.54,0.65,0.7,0.77,0.69,0.49,0.55,0.58,0
1992,4,4,1.94,0,1.43,1.35,1.82,0.73,1.35,1.49,1.53,1.48,1.39,1.12,1.21,1.26,0
1992,4,5,1.54,0,0,0.1,0.27,0,0,0.2,0.1,0.22,0.1,0.1,0.1,0.1,0
1992,4,6,0.38,0,0,0,0,0,0,0.1,0,0,0,0,0,0,0
1992,4,7,0,0,0,0,0,0,0,0.1,0,0,0,0,0,0,0
1992,4,8,0,0,0,0,0,0,0,0.1,0,0,0,0,0,0,0
1992,4,9,0,0,0,0,0,0,0,0,0,0,0,0,0,0,0
1992,4,10,0,0,0.1,0.27,0.57,0.1,0.1,0.4,0.28,0.46,0.35,0.18,0.21,0.23,0
1992,4,11,0,0,0,0,0.1,0,0,0.1,0,0.1,0,0,0,0,0
1992,4,12,0,0,0,0,0.1,0,0,0.1,0,0.1,0,0,0,0,0
1992,4,13,2.13,0,3.27,2.89,3.49,2.64,3.08,3.36,3.24,2.84,2.74,2.45,2.57,2.66,0
1992,4,14,4.3,0.48,6.72,5.91,6.85,7.2,6.33,7.67,6.53,5.59,5.32,5.08,5.19,5.35,0.78
1992,4,15,6.24,0.22,6.6,5.8,6.7,7.02,6.21,7.48,6.42,5.46,5.22,4.99,5.1,5.26,0.55
1992,4,16,0.79,0,0.25,0.39,0.7,0.1,0.23,0.48,0.42,0.57,0.47,0.29,0.33,0.35,0
1992,4,17,4.83,0,0,0,0,0,0,0,0,0,0,0,0,0,0
1992,4,18,8.22,0,0,0.1,0.1,0,0,0.1,0,0.1,0.1,0.1,0,0.1,0
1992,4,19,0.1,0,2.52,2.29,2.88,1.82,2.37,2.66,2.57,2.35,2.23,1.92,2.03,2.11,0
1992,4,20,0,4.44,12.9,11.52,12.8,16.36,12.14,15.82,12.52,10.45,9.96,9.96,9.97,10.26,16.47
1992,4,21,0,8.44,10.95,9.77,10.94,13.35,10.31,13.21,10.65,8.93,8.52,8.44,8.48,8.73,10.6
1992,4,22,0,4.75,8.79,7.85,8.92,10.16,8.28,10.43,8.59,7.28,6.94,6.76,6.83,7.04,4.84
1992,4,23,0,0,0.58,0.63,0.95,0.11,0.54,0.65,0.71,0.78,0.7,0.5,0.55,0.58,0
1992,4,24,0,0,0.1,0.21,0.51,0.1,0.1,0.36,0.21,0.42,0.3,0.14,0.16,0.18,0
1992,4,25,0,0,0,0,0,0,0,0,0,0,0,0,0,0,0
1992,4,26,0,0,0,0,0,0,0,0,0,0,0,0,0,0,0
1992,4,27,0.2,0,0,0,0,0,0,0,0,0,0,0,0,0,0
1992,4,28,4.07,0.1,3.95,3.54,4.26,3.49,3.72,4.3,3.95,3.47,3.32,3.01,3.13,3.24,0
1992,4,29,0,0,0.1,0.16,0.45,0,0.1,0.32,0.15,0.37,0.25,0.1,0.11,0.13,0
1992,4,30,0,0,0,0,0,0,0,0,0,0,0,0,0,0,0
1992,5,1,0,4.81,9.71,9.29,9.34,9.03,9.15,8.85,9.68,8.58,8.95,7.66,8.07,8.61,4.36
1992,5,2,3.33,2.44,5.24,4.92,5.42,3.73,5.14,4.21,5.37,4.75,4.91,4.1,4.48,4.7,0
1992,5,3,0,9.96,5.64,5.27,5.74,4.16,5.5,4.59,5.74,5.06,5.26,4.4,4.79,5.04,0
1992,5,4,0.21,6.34,3.67,3.43,4.02,2.18,3.69,2.83,3.83,3.44,3.48,2.86,3.2,3.32,0
1992,5,5,0,0.36,1.05,1.25,1.81,0.23,1.22,1.03,1.43,1.47,1.2,0.98,1.19,1.13,0
1992,5,6,0,3.98,0,0,0,0,0,0.21,0,0.24,0,0,0,0,0
1992,5,7,0,0,0,0,0,0,0,0,0,0,0,0,0,0,0
1992,5,8,0,0,1.13,1.31,1.88,0.28,1.29,1.07,1.5,1.52,1.27,1.04,1.25,1.19,0
1992,5,9,42.04,5.63,1.11,1.3,1.87,0.27,1.28,1.06,1.49,1.51,1.26,1.03,1.25,1.18,0
1992,5,10,0,0,1.83,1.85,2.46,0.75,1.96,1.5,2.14,2.02,1.87,1.53,1.79,1.78,0
1992,5,11,11.39,0,1.68,1.74,2.34,0.65,1.82,1.41,2.01,1.91,1.74,1.42,1.68,1.65,0
1992,5,12,5.34,0,1.8,1.83,2.43,0.73,1.93,1.48,2.11,1.99,1.84,1.5,1.76,1.75,0
1992,5,13,0,0,0.92,1.15,1.71,0.14,1.1,0.97,1.32,1.38,1.09,0.9,1.1,1.02,0
1992,5,14,9.3,18.99,5.8,5.41,5.87,4.33,5.64,4.74,5.88,5.18,5.4,4.52,4.91,5.17,0
1992,5,15,3.13,0.1,4.87,4.53,5.07,3.35,4.8,3.87,4.98,4.42,4.55,3.78,4.16,4.36,0
1992,5,16,8.37,4.61,4.67,4.34,4.88,3.15,4.62,3.69,4.8,4.25,4.38,3.63,4.01,4.19,0
1992,5,17,9.73,7.21,5.41,5.07,5.56,3.91,5.29,4.36,5.53,4.88,5.06,4.23,4.61,4.85,0
1992,5,18,6.25,0,1.22,1.38,1.95,0.34,1.38,1.11,1.58,1.58,1.34,1.1,1.32,1.27,0
1992,5,19,16.09,0,2.51,2.42,3.03,1.21,2.61,1.93,2.76,2.54,2.46,2.01,2.31,2.34,0
1992,5,20,24.9,0,0,0.17,0.66,0,0,0.38,0,0.48,0,0,0,0,0
1992,5,21,0.68,0,0.41,0.76,1.29,0.1,0.61,0.73,0.86,1.02,0.65,0.54,0.71,0.6,0
1992,5,22,0,0,1.85,1.87,2.48,0.77,1.98,1.52,2.16,2.03,1.89,1.54,1.81,1.79,0
1992,5,23,0,0,7.61,7.22,7.51,6.41,7.27,6.57,7.65,6.77,7.04,5.98,6.38,6.76,1.35
1992,5,24,0.25,0,6.37,5.99,6.4,4.96,6.15,5.3,6.44,5.7,5.91,4.98,5.38,5.67,0.12
1992,5,25,0,0,7.37,6.95,7.27,6.13,7.06,6.32,7.39,6.54,6.81,5.76,6.17,6.54,1.08
1992,5,26,6.69,0,11.09,10.73,10.59,10.83,10.38,10.42,11.03,9.81,10.21,8.8,9.19,9.83,6.9
1992,5,27,39.38,16.01,16.05,15.94,15.03,17.68,14.76,16.39,15.95,14.26,14.81,12.95,13.27,14.28,17.52
1992,5,28,7.19,24.84,10.37,10,9.95,9.89,9.74,9.57,10.35,9.17,9.58,8.23,8.63,9.22,5.59
1992,5,29,7.37,15.51,11.48,11.15,10.95,11.35,10.73,10.85,11.45,10.16,10.6,9.15,9.53,10.21,7.67
1992,5,30,30.3,50.42,28.81,29.8,26.59,36.98,25.84,33.24,28.71,26.06,26.72,23.88,23.81,25.86,49.79
1992,5,31,18.73,103.18,35.04,36.76,31.9,46.79,31.26,42.12,35.21,33.22,32.97,30.41,29.42,32.02,63.21
1992,6,1,12.12,15.07,12.03,10.95,12.55,10.78,10.7,10.33,11.7,9.96,10.57,9.08,9.31,9.77,11.36
1992,6,2,5.46,6.4,9.23,8.4,9.67,7.55,8.39,7.49,9.01,7.76,8.18,7.04,7.33,7.64,5.82
1992,6,3,0,3.06,5.47,5.01,5.88,3.59,5.24,4,5.41,4.84,4.97,4.31,4.63,4.75,0.53
1992,6,4,0,2.4,2.24,2.17,2.74,0.84,2.4,1.54,2.33,2.4,2.17,1.96,2.24,2.19,0
1992,6,5,1.78,0,4.05,3.75,4.47,2.27,4.01,2.83,4.05,3.75,3.74,3.27,3.59,3.63,0
1992,6,6,0,0,3.26,3.05,3.7,1.6,3.31,2.23,3.29,3.15,3.05,2.7,3,3,0
1992,6,7,4.44,5.51,8.17,7.44,8.59,6.39,7.51,6.46,8,6.93,7.28,6.27,6.57,6.83,4
1992,6,8,0,9.37,10.54,9.59,11.01,9.04,9.48,8.8,10.27,8.78,9.3,7.99,8.26,8.64,8.29
1992,6,9,0,6.87,5,4.59,5.4,3.13,4.83,3.59,4.96,4.47,4.56,3.96,4.28,4.38,0.2
1992,6,10,23.17,1.43,1.62,1.65,2.19,0.45,1.83,1.18,1.75,1.97,1.63,1.53,1.78,1.68,0
1992,6,11,16.17,0,0,0,0.38,0,0,0.27,0,0.53,0,0,0,0,0
1992,6,12,0.67,0,0,0.59,1.1,0,0.56,0.58,0.51,1.11,0.46,0.6,0.76,0.58,0
1992,6,13,12.31,0.59,5.84,5.34,6.24,3.95,5.55,4.31,5.76,5.12,5.28,4.57,4.89,5.03,0.86
1992,6,14,12.25,0,1.01,1.16,1.68,0.14,1.24,0.88,1.18,1.57,1.09,1.11,1.32,1.18,0
1992,6,15,1.75,0.1,4.72,4.34,5.12,2.87,4.59,3.36,4.69,4.25,4.31,3.75,4.07,4.15,0.1
1992,6,16,0,0.21,3.04,2.86,3.49,1.42,3.12,2.07,3.08,2.98,2.86,2.54,2.84,2.83,0
1992,6,17,7.68,0,0,0,0,0,0,0,0,0,0,0,0,0,0
1992,6,18,0.31,0,1.57,1.61,2.15,0.43,1.78,1.15,1.7,1.93,1.58,1.49,1.74,1.64,0
1992,6,19,4.75,2.99,3.94,3.65,4.36,2.17,3.91,2.74,3.94,3.66,3.64,3.19,3.5,3.54,0
1992,6,20,7.29,6.57,6.88,6.28,7.29,5.01,6.43,5.25,6.76,5.93,6.18,5.33,5.65,5.84,2.08
1992,6,21,0,0,0,0.39,0.89,0,0,0.49,0,0.94,0,0.43,0.57,0,0
1992,6,22,0,1.7,4.02,3.72,4.44,2.24,3.98,2.8,4.02,3.72,3.71,3.25,3.56,3.61,0
1992,6,23,0,6.48,5.05,4.63,5.45,3.18,4.87,3.64,5.01,4.51,4.6,4,4.32,4.42,0.23
1992,6,24,0,0,1.19,1.31,1.84,0.23,1.42,0.97,1.35,1.68,1.25,1.23,1.46,1.33,0
1992,6,25,0,0,0,0,0.71,0,0,0.4,0,0.79,0,0,0,0,0
1992,6,26,0,3.77,8.93,8.13,9.37,7.22,8.14,7.2,8.72,7.52,7.93,6.82,7.11,7.41,5.28
1992,6,27,0,0,5.21,4.78,5.61,3.34,5.01,3.77,5.16,4.63,4.74,4.12,4.44,4.54,0.34
1992,6,28,2.93,3.42,7.97,7.26,8.39,6.17,7.34,6.27,7.8,6.77,7.11,6.12,6.43,6.68,3.67
1992,6,29,7.79,7.05,10.39,9.46,10.86,8.87,9.35,8.65,10.13,8.67,9.17,7.89,8.15,8.53,8.01
1992,6,30,0,11.73,16.44,14.97,17.09,16.12,14.28,15.02,15.92,13.41,14.3,12.27,12.38,13.08,21.35
1992,7,1,0.45,0,5.23,4.47,5.23,2.91,4.86,3.5,4.93,4.28,4.43,3.96,4.23,4.27,0.16
1992,7,2,0,0,0,0,0,0,0,0.1,0,0,0,0,0,0,0
1992,7,3,0,0,2.55,2.4,3.27,0.88,2.58,1.69,2.58,2.51,2.47,2.23,2.42,2.42,0
1992,7,4,2.05,17.09,9.97,8.12,8.68,7.34,8.61,7.37,9.06,7.35,7.69,7,7.26,7.3,4.75
1992,7,5,0,20.41,19.25,15.18,15.27,17.26,15.58,15.96,17.07,13.22,13.78,12.86,12.93,12.92,18.91
1992,7,6,1.71,3.24,7.34,6.09,6.77,4.78,6.55,5.14,6.77,5.65,5.9,5.31,5.6,5.64,1.74
1992,7,7,1.47,3.03,5.65,4.79,5.54,3.26,5.2,3.81,5.3,4.55,4.72,4.23,4.5,4.54,0.38
1992,7,8,12.51,2.87,10.93,8.85,9.36,8.31,9.34,8.2,9.89,7.96,8.33,7.61,7.86,7.9,6.01
1992,7,9,5.91,0,1.43,1.54,2.49,0.26,1.52,1.1,1.6,1.79,1.61,1.52,1.64,1.59,0
1992,7,10,0,2.85,3.59,3.2,4.03,1.6,3.49,2.34,3.49,3.2,3.25,2.9,3.14,3.16,0
1992,7,11,0,0,5.43,4.62,5.38,3.07,5.02,3.65,5.11,4.41,4.57,4.09,4.36,4.4,0.26
1992,7,12,0,0.34,4.99,4.28,5.05,2.7,4.66,3.32,4.72,4.12,4.26,3.8,4.07,4.1,0.1
1992,7,13,0,1.1,1.47,1.58,2.52,0.28,1.56,1.12,1.64,1.82,1.65,1.55,1.67,1.63,0
1992,7,14,0,0,0.38,0.76,1.83,0,0,0.68,0.69,1.15,0.74,0.89,0.86,0.73,0
1992,7,15,0.55,11.28,12.87,10.33,10.75,10.32,10.82,9.95,11.57,9.19,9.62,8.84,9.06,9.09,8.75
1992,7,16,6.27,0,0,0,1.21,0,0,0.37,0,0.51,0,0.29,0,0,0
1992,7,17,6.7,0,0,0,1.02,0,0,0.29,0,0,0,0,0,0,0
1992,7,18,3.4,0,3.92,3.46,4.27,1.85,3.77,2.56,3.78,3.41,3.49,3.11,3.36,3.38,0
1992,7,19,0,0,2.83,2.62,3.48,1.06,2.83,1.86,2.83,2.7,2.69,2.41,2.62,2.63,0
1992,7,20,9.15,0,2.4,2.29,3.17,0.79,2.44,1.61,2.45,2.42,2.36,2.14,2.32,2.32,0
1992,7,21,9.9,0,2.2,2.13,3.03,0.67,2.26,1.49,2.28,2.29,2.21,2.01,2.19,2.17,0
1992,7,22,4.75,4.71,7.58,6.28,6.95,5.01,6.75,5.34,6.98,5.81,6.07,5.47,5.75,5.8,1.98
1992,7,23,4.89,7.3,2.34,2.24,3.12,0.75,2.38,1.57,2.4,2.37,2.31,2.09,2.28,2.27,0
1992,7,24,16.41,0,2.98,2.73,3.59,1.16,2.96,1.95,2.96,2.8,2.8,2.51,2.72,2.73,0
1992,7,25,4.72,9.41,15.57,12.38,12.67,13.21,12.85,12.45,13.9,10.9,11.39,10.55,10.71,10.72,12.88
1992,7,26,2.33,12.64,16.51,13.09,13.33,14.23,13.54,13.33,14.71,11.49,12,11.13,11.28,11.28,14.37
1992,7,27,5.53,6.6,9.62,7.84,8.42,6.98,8.33,7.06,8.75,7.12,7.45,6.77,7.04,7.08,4.3
1992,7,28,17.01,0,3.61,3.22,4.05,1.61,3.51,2.36,3.51,3.21,3.26,2.91,3.15,3.17,0
1992,7,29,18.97,0,3.63,3.24,4.06,1.63,3.53,2.37,3.53,3.23,3.28,2.93,3.17,3.19,0
1992,7,30,3.68,1.57,4.85,4.18,4.96,2.59,4.55,3.22,4.6,4.03,4.16,3.71,3.98,4.02,0.1
1992,7,31,30.57,4.03,1.66,1.72,2.65,0.36,1.74,1.21,1.8,1.93,1.79,1.67,1.8,1.76,0
1992,8,1,14.01,0,4.25,3.71,4.76,2.05,4.1,2.75,4.35,3.82,3.91,3.37,3.8,3.89,0
1992,8,2,36.17,2,4.22,3.7,4.74,2.03,4.08,2.74,4.33,3.8,3.89,3.35,3.79,3.87,0
1992,8,3,37.63,0,1.51,1.63,2.71,0.26,1.43,1.16,1.84,1.95,1.74,1.58,1.84,1.81,0
1992,8,4,19.26,0.31,3.27,2.95,4,1.32,3.19,2.11,3.45,3.13,3.16,2.72,3.11,3.17,0
1992,8,5,16.77,1.99,6.49,5.47,6.56,3.94,6.12,4.41,6.39,5.41,5.56,4.81,5.34,5.49,0.89
1992,8,6,0.52,0.92,5.68,4.83,5.91,3.23,5.4,3.79,5.66,4.83,4.97,4.29,4.79,4.92,0.36
1992,8,7,0,0,0,0,1.51,0,0,0.48,0,0.75,0,0,0,0,0
1992,8,8,0,2.81,4.44,3.86,4.92,2.2,4.28,2.89,4.52,3.95,4.05,3.49,3.94,4.03,0
1992,8,9,0,0,2.69,2.51,3.55,0.92,2.63,1.77,2.91,2.73,2.7,2.34,2.7,2.72,0
1992,8,10,22.69,0,0.41,0.85,2.03,0,0,0.75,0.82,1.3,0.75,0.85,0.98,0.86,0
1992,8,11,35.53,0,2.47,2.34,3.39,0.79,2.42,1.65,2.72,2.58,2.53,2.2,2.54,2.56,0
1992,8,12,31.99,5.79,10.4,8.54,9.72,7.69,9.54,7.69,9.92,8.19,8.33,7.29,7.91,8.17,5.1
1992,8,13,45.73,14.63,13.29,10.81,12.06,10.66,12.01,10.3,12.51,10.24,10.31,9.09,9.76,10.08,9.21
1992,8,14,24.38,0,1.36,1.52,2.6,0.18,1.25,1.1,1.7,1.86,1.6,1.48,1.73,1.67,0
1992,8,15,8.13,0.11,1.52,1.64,2.72,0.26,1.45,1.17,1.85,1.96,1.75,1.58,1.85,1.82,0
1992,8,16,6.8,1.67,3.78,3.35,4.39,1.69,3.66,2.44,3.92,3.49,3.55,3.06,3.47,3.54,0
1992,8,17,7.62,10.58,9.11,7.53,8.68,6.41,8.42,6.56,8.76,7.27,7.43,6.48,7.07,7.3,3.49
1992,8,18,2.38,0,5.5,4.69,5.76,3.07,5.23,3.64,5.49,4.7,4.84,4.17,4.66,4.79,0.27
1992,8,19,5.02,0,0,0,1.55,0,0,0.5,0,0.79,0,0,0,0,0
1992,8,20,8.61,0,1.13,1.36,2.46,0.1,1,1.01,1.5,1.73,1.41,1.33,1.56,1.5,0
1992,8,21,6.41,0,0,0,1.37,0,0,0.42,0,0.61,0,0,0,0,0
1992,8,22,0.32,0,1.71,1.77,2.84,0.35,1.64,1.25,2.02,2.08,1.9,1.7,1.98,1.96,0
1992,8,23,0,0,1.01,1.28,2.39,0.1,0.88,0.96,1.4,1.66,1.31,1.26,1.48,1.4,0
1992,8,24,0.7,5.28,6.99,5.86,6.96,4.39,6.56,4.8,6.85,5.76,5.92,5.13,5.67,5.84,1.3
1992,8,25,1.42,12.68,19.81,15.93,17.33,17.77,17.51,16.57,18.32,14.85,14.69,13.12,13.84,14.31,20.04
1992,8,26,9.29,0,2.61,2.45,3.5,0.88,2.56,1.73,2.85,2.68,2.64,2.3,2.65,2.67,0
1992,8,27,4.11,0,0,0,0,0,0,0,0,0,0,0,0,0,0
1992,8,28,1.31,0,0,0,0,0,0,0.1,0,0,0,0,0,0,0
1992,8,29,0.33,10.08,13.83,11.23,12.49,11.23,12.47,10.8,12.99,10.62,10.68,9.43,10.1,10.44,10.03
1992,8,30,0,0,0,0,0,0,0,0,0,0,0,0,0,0,0
1992,8,31,0,0,0,0,1.12,0,0,0.32,0,0.37,0,0,0,0,0
1992,9,1,6.07,0,0,0.62,2.26,0,0,0.81,0,1.33,0,0.58,0,0,0
1992,9,2,0,0,3.9,3.44,4.77,1.9,3.57,2.55,4.04,3.62,3.65,2.98,3.55,3.63,0
1992,9,3,9.03,0,4.96,4.27,5.62,2.75,4.57,3.29,5.02,4.39,4.55,3.74,4.38,4.49,0
1992,9,4,27.29,0.72,1.61,1.77,3.15,0.44,1.12,1.34,2.02,2.16,1.44,1.51,1.75,1.62,0
1992,9,5,4.73,2.15,6.69,5.66,7.05,4.29,6.16,4.64,6.65,5.7,5.96,5.04,5.72,5.85,0.81
1992,9,6,10.59,11.26,15.48,12.87,14.47,13.71,13.93,13.07,14.99,12.68,12.74,11.97,12.38,12.42,15.15
1992,9,7,1.87,33.45,15.24,12.67,14.27,13.43,13.72,12.82,14.76,12.48,12.56,11.77,12.19,12.24,14.64
1992,9,8,0,0,1.33,1.6,3.01,0.32,0.82,1.25,1.81,2.02,1.16,1.37,1.56,1.34,0
1992,9,9,0,0,3.97,3.49,4.83,1.95,3.64,2.6,4.1,3.67,3.71,3.03,3.6,3.69,0
1992,9,10,4.71,2.18,6.46,5.47,6.86,4.08,5.95,4.45,6.43,5.52,5.78,4.86,5.54,5.67,0.62
1992,9,11,0,0.82,6.8,5.74,7.14,4.39,6.26,4.73,6.75,5.78,6.05,5.12,5.8,5.94,0.9
1992,9,12,14.98,6.21,8.37,7.02,8.46,5.92,7.67,6.09,8.24,7.01,7.3,6.33,7.01,7.14,2.65
1992,9,13,20.76,9.18,20.93,17.38,19.08,20.23,18.66,18.96,20.18,17.1,16.79,16.39,16.43,16.35,27.38
1992,9,14,23.27,0.7,7.76,6.53,7.95,5.32,7.13,5.55,7.66,6.53,6.82,5.86,6.54,6.68,1.9
1992,9,15,4.62,10.89,13.13,10.93,12.48,11.02,11.88,10.65,12.76,10.79,10.97,10.08,10.61,10.7,10.44
1992,9,16,10.28,11.2,7.97,6.69,8.12,5.52,7.31,5.73,7.86,6.69,6.98,6.02,6.7,6.84,2.15
1992,9,17,0,32.45,12.64,10.52,12.07,10.47,11.45,10.16,12.29,10.39,10.59,9.69,10.25,10.34,9.52
1992,9,18,6.67,6.63,9.5,7.94,9.41,7.07,8.68,7.12,9.31,7.89,8.18,7.21,7.87,8,4.21
1992,9,19,1.69,17.84,22.55,18.73,20.45,22.22,20.06,20.77,21.73,18.42,17.99,17.72,17.63,17.52,31.28
1992,9,20,0,30.94,32.65,27.18,28.95,35.03,28.73,32.4,31.35,26.68,25.34,26.05,25.06,24.67,57.2
1992,9,21,2.06,44.49,30.65,25.48,27.27,32.46,27.02,30.06,29.45,25.04,23.9,24.39,23.6,23.26,51.9
1992,9,22,1.07,51.34,11.54,9.62,11.14,9.26,10.48,9.07,11.25,9.51,9.75,8.82,9.42,9.52,7.53
1992,9,23,27.5,10.77,11.57,9.64,11.16,9.29,10.51,9.1,11.27,9.54,9.78,8.84,9.44,9.54,7.57
1992,9,24,24.99,7.79,9.22,7.71,9.17,6.78,8.43,6.86,9.04,7.67,7.96,6.99,7.65,7.78,3.8
1992,9,25,5.58,0.91,7.68,6.46,7.88,5.24,7.05,5.48,7.58,6.47,6.75,5.79,6.48,6.62,1.81
1992,9,26,8.03,0,0,0,1.08,0,0,0.32,0,0,0,0,0,0,0
1992,9,27,1.67,0,6.36,5.39,6.77,3.98,5.86,4.37,6.33,5.44,5.69,4.79,5.46,5.59,0.54
1992,9,28,13.35,0,7.08,5.97,7.37,4.66,6.51,4.97,7.02,6,6.27,5.33,6.02,6.15,1.17
1992,9,29,11.24,0,5.22,4.47,5.83,2.96,4.81,3.48,5.26,4.58,4.76,3.93,4.58,4.69,0
1992,9,30,16.02,3.82,4.45,3.86,5.2,2.32,4.09,2.92,4.54,4.01,4.11,3.37,3.98,4.08,0
1992,10,1,14.33,0,2.5,2.38,3.4,1.42,2.75,2.19,2.62,2.55,2.06,1.85,2.1,2.07,0
1992,10,2,12.53,4.63,8.07,7.47,8.23,8.39,8,8.69,8.71,7.22,7.42,6.88,6.99,7.09,5.55
1992,10,3,3.58,8.06,7.99,7.39,8.16,8.27,7.92,8.58,8.62,7.15,7.34,6.8,6.92,7.02,5.37
1992,10,4,0.27,0.52,4.83,4.41,5.35,3.87,4.91,4.49,5.05,4.39,4.2,3.76,4.05,4.04,0.31
1992,10,5,19.82,16.13,17.73,17.17,17.18,25.5,17.32,24.69,20.31,16.37,17.71,17.63,16.37,17.06,35.38
1992,10,6,1.39,21.52,18.56,18.03,17.96,27.13,18.13,26.2,21.34,17.18,18.63,18.61,17.2,17.95,38.44
1992,10,7,0.14,11.03,18.65,18.12,18.04,27.3,18.22,26.37,21.45,17.27,18.73,18.72,17.29,18.05,38.77
1992,10,8,0,3.97,12.29,11.64,12.11,15.4,12.06,15.23,13.69,11.13,11.84,11.4,11.01,11.34,16.96
1992,10,9,7.08,0,4.66,4.26,5.2,3.66,4.75,4.3,4.87,4.24,4.04,3.6,3.9,3.89,0.19
1992,10,10,0,19.66,16.08,15.49,15.64,22.36,15.73,21.74,18.29,14.77,15.92,15.71,14.74,15.31,29.51
1992,10,11,9.46,13.74,11.16,10.51,11.06,13.43,10.96,13.39,12.34,10.07,10.63,10.16,9.92,10.18,13.56
1992,10,12,8.58,4.43,8.29,7.68,8.43,8.73,8.2,9,8.96,7.42,7.64,7.11,7.19,7.31,6.04
1992,10,13,9.35,16.39,12.6,11.96,12.4,15.96,12.36,15.75,14.07,11.43,12.17,11.75,11.32,11.67,17.93
1992,10,14,5.21,8.3,15.29,14.68,14.9,20.86,14.96,20.34,17.32,14,15.06,14.8,13.95,14.47,26.75
1992,10,15,6.66,5.14,9.2,8.57,9.26,10.17,9.08,10.35,10.02,8.25,8.58,8.05,8.05,8.21,8.23
1992,10,16,10.87,0,5.52,5.05,5.95,4.75,5.57,5.3,5.81,4.97,4.87,4.39,4.66,4.67,1.01
1992,10,17,14.22,4.88,9.13,8.5,9.2,10.06,9.01,10.24,9.94,8.19,8.51,7.98,7.99,8.14,8.06
1992,10,18,3.14,4.84,9.98,9.33,9.97,11.44,9.83,11.53,10.94,8.97,9.39,8.88,8.79,8.99,10.26
1992,10,19,5.15,0.49,3.27,3.02,4.02,2.13,3.45,2.86,3.39,3.12,2.74,2.43,2.71,2.69,0
1992,10,20,3.49,0,0,0.69,1.8,0.1,0.67,0.79,0.53,1.11,0.23,0.5,0.46,0.52,0
1992,10,21,12.87,0,1.61,1.69,2.73,0.77,1.96,1.54,1.78,1.94,1.33,1.26,1.44,1.43,0
1992,10,22,17.76,0,2.38,2.28,3.3,1.32,2.64,2.09,2.5,2.46,1.96,1.76,2,1.98,0
1992,10,23,45.53,0,0,0.71,1.82,0.1,0.71,0.81,0.57,1.13,0.25,0.52,0.48,0.54,0
1992,10,24,2.35,0,3.31,3.06,4.05,2.17,3.49,2.89,3.43,3.15,2.78,2.46,2.75,2.72,0
1992,10,25,0,0,1.64,1.71,2.76,0.79,1.99,1.56,1.81,1.96,1.36,1.28,1.46,1.45,0
1992,10,26,10.35,0,0,0.75,1.85,0.12,0.76,0.83,0.61,1.16,0.29,0.54,0.52,0.58,0
1992,10,27,3.6,0,2.98,2.78,3.79,1.86,3.19,2.6,3.1,2.91,2.49,2.21,2.48,2.46,0
1992,10,28,12.12,1.36,5.84,5.35,6.23,5.17,5.87,5.7,6.17,5.25,5.18,4.69,4.94,4.97,1.43
1992,10,29,2.09,0.1,7.07,6.51,7.33,6.9,7.04,7.3,7.56,6.33,6.41,5.88,6.06,6.13,3.48
1992,10,30,0.8,0.13,9.83,9.19,9.84,11.19,9.68,11.3,10.76,8.83,9.24,8.72,8.65,8.84,9.86
1992,10,31,4.21,0,6.93,6.38,7.21,6.69,6.91,7.12,7.4,6.2,6.27,5.74,5.94,6,3.21
1992,11,1,0.3,0,6.18,7.17,7.04,14.47,5.9,15.52,7.82,5.81,5.27,4.57,4.82,4.78,0
1992,11,2,0.62,0,6.76,7.88,7.66,16.36,6.44,17.43,8.65,6.35,5.76,5.04,5.3,5.25,0.1
1992,11,3,2.28,0,0.1,0.31,0.74,0.16,0.15,0.55,0.12,0.4,0.19,0.11,0.17,0.13,0
1992,11,4,2.79,0,7.75,9.12,8.75,19.78,7.38,20.88,10.09,7.3,6.61,5.88,6.14,6.08,0.93
1992,11,5,0.14,0,4.42,5.04,5.14,9.02,4.24,10.02,5.35,4.16,3.78,3.14,3.38,3.34,0
1992,11,6,1.48,0,5.86,6.78,6.68,13.42,5.6,14.47,7.36,5.5,5,4.3,4.56,4.51,0
1992,11,7,1.89,0,5.51,6.35,6.31,12.32,5.27,13.35,6.87,5.18,4.7,4.02,4.27,4.23,0
1992,11,8,3.14,0,4.37,4.98,5.08,8.87,4.19,9.87,5.28,4.11,3.74,3.1,3.34,3.3,0
1992,11,9,0,3.31,8.91,10.58,10.04,23.92,8.48,25.06,11.8,8.42,7.61,6.87,7.12,7.06,2.73
1992,11,10,0,8.45,23.22,29.33,26.5,82.71,22.03,84.72,33.88,22.74,20.04,19.77,19.76,19.53,45.95
1992,11,11,0,4.41,13.1,15.94,14.75,39.92,12.43,41.24,18.1,12.52,11.22,10.54,10.74,10.64,12.83
1992,11,12,0,0.98,9.89,11.82,11.14,27.54,9.4,28.71,13.25,9.38,8.45,7.72,7.96,7.89,4.7
1992,11,13,0,0,7.22,8.45,8.17,17.93,6.88,19.02,9.31,6.79,6.16,5.43,5.69,5.64,0.37
1992,11,14,0,0,0.23,0.48,0.93,0.3,0.33,0.79,0.28,0.55,0.34,0.21,0.28,0.24,0
1992,11,15,0,0,0,0.23,0.65,0.1,0.1,0.46,0.1,0.33,0.12,0.1,0.12,0.1,0
1992,11,16,0,0.44,9.98,11.93,11.24,27.87,9.49,29.05,13.39,9.46,8.53,7.8,8.04,7.97,4.89
1992,11,17,0,2.36,11.22,13.53,12.64,32.61,10.66,33.84,15.26,10.69,9.6,8.89,9.12,9.03,7.84
1992,11,18,0,5.22,13.47,16.44,15.2,41.48,12.79,42.81,18.68,12.91,11.55,10.88,11.08,10.97,13.95
1992,11,19,0,0,1.89,2.15,2.53,2.75,1.88,3.58,2.06,1.91,1.67,1.24,1.42,1.38,0
1992,11,20,0,0,1.81,2.07,2.46,2.6,1.81,3.42,1.97,1.84,1.61,1.19,1.36,1.33,0
1992,11,21,0,0,0,0,0,0,0,0,0,0,0,0,0,0,0
1992,11,22,0,0,0,0,0.1,0,0,0.1,0,0,0,0,0,0,0
1992,11,23,0,0,0,0.1,0.46,0.1,0,0.27,0,0.18,0,0.1,0.1,0,0
1992,11,24,2.63,0,2.67,3.01,3.31,4.42,2.6,5.33,3.03,2.58,2.31,1.79,2,1.97,0
1992,11,25,0,0,1.26,1.48,1.91,1.6,1.29,2.35,1.33,1.38,1.16,0.81,0.97,0.93,0
1992,11,26,0,0.87,9.46,11.28,10.66,25.95,9,27.1,12.61,8.96,8.08,7.35,7.6,7.53,3.8
1992,11,27,0,1.63,11.06,13.32,12.45,31.98,10.51,33.2,15.01,10.52,9.46,8.75,8.98,8.89,7.43
1992,11,28,0,0,0,0,0.1,0,0,0.1,0,0,0,0,0,0,0
1992,11,29,0,0,1.55,1.79,2.2,2.11,1.56,2.9,1.66,1.62,1.4,1.01,1.17,1.14,0
1992,11,30,0,0,0,0,0,0,0,0,0,0,0,0,0,0,0
1992,12,1,0.86,0,0.31,0.55,0.85,0.7,0.44,1.25,0.41,0.42,0.32,0.16,0.22,0.25,0
1992,12,2,1.21,0,4.91,6.84,6.68,18.27,4.86,19.42,6.72,5.05,4.34,2.55,3.15,3.12,0
1992,12,3,0.39,0,1.45,2.03,2.3,4.01,1.59,4.92,1.87,1.54,1.31,0.76,0.95,0.98,0
1992,12,4,0.14,0.31,5.03,7,6.84,18.78,4.97,19.94,6.9,5.17,4.44,2.61,3.23,3.19,0
1992,12,5,0.38,0,0.51,0.8,1.11,1.16,0.65,1.81,0.64,0.61,0.49,0.26,0.35,0.38,0
1992,12,6,0,0,4.29,5.95,5.89,15.43,4.28,16.6,5.83,4.4,3.8,2.23,2.76,2.74,0
1992,12,7,0,0,0.69,1.04,1.34,1.64,0.84,2.37,0.88,0.79,0.65,0.36,0.47,0.5,0
1992,12,8,0,0,0.28,0.5,0.8,0.62,0.41,1.14,0.37,0.38,0.29,0.14,0.19,0.23,0
1992,12,9,0.29,0,1.8,2.5,2.74,5.24,1.93,6.21,2.34,1.89,1.62,0.94,1.18,1.2,0
1992,12,10,0.16,0,0,0,0,0,0,0,0,0,0,0,0,0,0
1992,12,11,0,0,1.62,2.26,2.5,4.6,1.75,5.53,2.09,1.71,1.46,0.85,1.06,1.09,0
1992,12,12,0,0,0.34,0.57,0.88,0.75,0.47,1.32,0.43,0.44,0.34,0.17,0.23,0.27,0
1992,12,13,0,0,0.5,0.79,1.1,1.15,0.64,1.79,0.64,0.61,0.48,0.26,0.34,0.38,0
1992,12,14,0.1,0,1.64,2.29,2.53,4.68,1.77,5.6,2.12,1.73,1.48,0.86,1.08,1.1,0
1992,12,15,0,0,12.04,17.26,16.08,53.73,11.49,55.15,17.32,12.47,10.65,6.19,7.64,7.48,1.21
1992,12,16,0,0,0,0,0,0,0,0,0,0,0,0,0,0,0
1992,12,17,0,0,1.25,1.76,2.04,3.33,1.39,4.21,1.6,1.34,1.13,0.65,0.83,0.85,0
1992,12,18,0,0,0,0,0,0,0,0,0,0,0,0,0,0,0
1992,12,19,0,0,0.13,0.31,0.6,0.32,0.24,0.75,0.2,0.23,0.16,0.1,0.1,0.13,0
1992,12,20,0,0,4.8,6.68,6.55,17.75,4.76,18.92,6.57,4.93,4.25,2.49,3.08,3.05,0
1992,12,21,0,0,0,0,0,0,0,0,0,0,0,0,0,0,0
1992,12,22,0.1,0,0,0,0,0,0,0,0,0,0,0,0,0,0
1992,12,23,0.15,0,0.89,1.29,1.59,2.2,1.04,3.01,1.13,0.99,0.82,0.46,0.59,0.63,0
1992,12,24,0,0,0,0,0,0,0,0,0,0,0,0,0,0,0
1992,12,25,0,0,0,0,0,0,0,0,0,0,0,0,0,0,0
1992,12,26,0,0,0,0,0.1,0,0,0.1,0,0,0,0,0,0,0
1992,12,27,0,0,0.42,0.68,0.99,0.92,0.56,1.55,0.54,0.52,0.41,0.21,0.28,0.32,0
1992,12,28,0,0,0,0,0.1,0,0,0,0,0,0,0,0,0,0
1992,12,29,0,0,0.1,0.1,0.33,0.1,0.1,0.31,0.1,0.1,0.1,0,0.1,0.1,0
1992,12,30,0.63,0.11,11.01,15.71,14.73,48.29,10.54,49.8,15.76,11.38,9.74,5.67,6.99,6.85,0.38
1992,12,31,0.26,0,0.95,1.37,1.66,2.38,1.1,3.2,1.21,1.04,0.87,0.49,0.63,0.66,0
1993,1,1,0.56,0,0.22,0.3,0.36,0.26,0.24,0.49,0.3,0.32,0.25,0.13,0.2,0.19,0
1993,1,2,0,0,0,0,0,0,0,0,0,0,0,0,0,0,0
1993,1,3,0,0,0.39,0.51,0.58,0.64,0.41,0.95,0.53,0.49,0.41,0.25,0.34,0.33,0
1993,1,4,0,0,0,0,0,0,0,0,0,0,0,0,0,0,0
1993,1,5,0,0,0.1,0.13,0.18,0.1,0.1,0.18,0.11,0.17,0.11,0.1,0.1,0.1,0
1993,1,6,0,0,0.1,0.11,0.17,0.1,0.1,0.15,0.1,0.15,0.1,0.1,0.1,0.1,0
1993,1,7,0,0,0,0,0,0,0,0,0,0,0,0,0,0,0
1993,1,8,0,0,0,0,0,0,0,0,0,0,0,0,0,0,0
1993,1,9,0,0,0,0,0,0,0,0,0,0,0,0,0,0,0
1993,1,10,0,0,0.64,0.82,0.89,1.41,0.66,1.77,0.89,0.74,0.64,0.43,0.53,0.53,0
1993,1,11,0,0,0.76,0.97,1.04,1.82,0.78,2.2,1.06,0.86,0.75,0.52,0.63,0.62,0
1993,1,12,0,0,0.65,0.83,0.89,1.42,0.67,1.79,0.9,0.74,0.65,0.43,0.54,0.53,0
1993,1,13,0,0,0.21,0.29,0.35,0.24,0.23,0.47,0.29,0.31,0.24,0.12,0.2,0.18,0
1993,1,14,0,0,0,0,0.1,0,0,0.1,0,0.1,0,0,0,0,0
1993,1,15,0,0,1.37,1.74,1.77,4.18,1.38,4.51,1.96,1.43,1.29,0.96,1.08,1.09,0
1993,1,16,0,0,0.15,0.21,0.27,0.12,0.17,0.31,0.2,0.24,0.18,0.1,0.14,0.13,0
1993,1,17,0,0,0,0,0,0,0,0,0,0,0,0,0,0,0
1993,1,18,0,0,0,0.1,0.1,0,0,0.1,0,0.1,0,0,0,0,0
1993,1,19,0,0,1.04,1.31,1.36,2.8,1.05,3.17,1.46,1.11,0.99,0.71,0.83,0.83,0
1993,1,20,0,0,0,0,0,0,0,0,0,0,0,0,0,0,0
1993,1,21,0,0,0,0,0,0,0,0,0,0,0,0,0,0,0
1993,1,22,0,0,0,0,0,0,0,0,0,0,0,0,0,0,0
1993,1,23,1.92,0,0.1,0.1,0.12,0.1,0.1,0.1,0.1,0.11,0.1,0.1,0.1,0.1,0
1993,1,24,1.45,0,0,0,0,0,0,0,0,0,0,0,0,0,0
1993,1,25,0.44,0,0,0,0,0,0,0,0,0,0,0,0,0,0
1993,1,26,0.1,0,0,0.1,0.1,0,0,0.1,0,0.1,0,0,0,0,0
1993,1,27,0,0,0,0.1,0.1,0,0.1,0.1,0.1,0.1,0.1,0,0.1,0,0
1993,1,28,0,0,0.32,0.43,0.5,0.49,0.35,0.79,0.45,0.43,0.35,0.2,0.29,0.28,0
1993,1,29,0,0,0.1,0.1,0.1,0.1,0.1,0.1,0.1,0.1,0.1,0,0.1,0.1,0
1993,1,30,1.38,0,0,0,0,0,0,0,0,0,0,0,0,0,0
1993,1,31,1.27,0,0,0,0,0,0,0,0,0,0,0,0,0,0
1993,2,1,0.13,0,0.11,0.13,0.19,0.1,0.12,0.1,0.14,0.17,0.11,0.1,0.1,0.1,0
1993,2,2,0,0,0,0.1,0.1,0,0,0,0.1,0.1,0,0,0,0,0
1993,2,3,0,0,0.1,0.1,0.12,0,0.1,0.1,0.1,0.11,0.1,0.1,0.1,0.1,0
1993,2,4,0,0,0.13,0.15,0.22,0.1,0.13,0.1,0.16,0.19,0.12,0.1,0.1,0.1,0
1993,2,5,0,0,0,0,0.1,0,0,0,0,0.1,0,0,0,0,0
1993,2,6,0,0,0.64,0.83,0.96,0.56,0.69,0.98,0.83,0.78,0.65,0.53,0.58,0.58,0
1993,2,7,0,0,2.37,3.43,3.68,6.3,2.69,7.03,3.33,2.85,2.58,2.3,2.37,2.39,0
1993,2,8,0,0,0.16,0.2,0.27,0.1,0.16,0.1,0.21,0.23,0.15,0.1,0.13,0.12,0
1993,2,9,0,0,0.19,0.23,0.3,0.1,0.2,0.13,0.24,0.26,0.18,0.12,0.15,0.14,0
1993,2,10,0,0,1.13,1.53,1.7,1.79,1.25,2.41,1.51,1.35,1.19,1.01,1.08,1.08,0
1993,2,11,0.1,0,0.83,1.08,1.23,0.96,0.9,1.47,1.08,1,0.85,0.7,0.76,0.76,0
1993,2,12,0,0.65,0.89,1.17,1.32,1.1,0.97,1.65,1.17,1.06,0.92,0.76,0.82,0.82,0
1993,2,13,0,0,0,0,0,0,0,0,0,0,0,0,0,0,0
1993,2,14,0,0,0.15,0.18,0.25,0.1,0.15,0.1,0.19,0.22,0.14,0.1,0.12,0.11,0
1993,2,15,0,0,0,0,0,0,0,0,0,0,0,0,0,0,0
1993,2,16,0,0,0,0,0,0,0,0,0,0,0,0,0,0,0
1993,2,17,0,0,0.1,0.13,0.18,0.1,0.11,0.1,0.13,0.16,0.1,0.1,0.1,0.1,0
1993,2,18,0,0,0.57,0.71,0.84,0.42,0.61,0.81,0.72,0.69,0.57,0.45,0.51,0.5,0
1993,2,19,0.1,0,0.43,0.54,0.65,0.23,0.46,0.52,0.55,0.54,0.43,0.33,0.38,0.38,0
1993,2,20,0.13,0,0.1,0.11,0.15,0,0.1,0.1,0.12,0.14,0.1,0.1,0.1,0.1,0
1993,2,21,1.96,0,0,0,0,0,0,0,0,0,0,0,0,0,0
1993,2,22,1.93,0,0,0,0,0,0,0,0,0,0,0,0,0,0
1993,2,23,0.22,0,0,0,0.1,0,0,0,0,0.1,0,0,0,0,0
1993,2,24,0,0,0.1,0.1,0.1,0,0.1,0.1,0.1,0.1,0.1,0,0.1,0.1,0
1993,2,25,0,0,0.1,0.1,0.14,0,0.1,0.1,0.1,0.13,0.1,0.1,0.1,0.1,0
1993,2,26,0,0,0,0,0,0,0,0,0,0,0,0,0,0,0
1993,2,27,0,0,0,0,0,0,0,0,0,0,0,0,0,0,0
1993,2,28,0,0,0,0,0,0,0,0,0,0,0,0,0,0,0
1993,3,1,0,0,0,0,0,0,0,0,0,0.1,0,0,0,0,0
1993,3,2,0,0,1.43,1.39,1.54,1.41,1.3,1.8,1.59,1.45,1.29,1.25,1.26,1.27,0
1993,3,3,0,0,2.77,2.65,2.88,3.54,2.47,3.87,3.17,2.57,2.44,2.57,2.48,2.5,0
1993,3,4,0,0,2.83,2.71,2.95,3.65,2.52,3.98,3.24,2.63,2.49,2.63,2.53,2.55,0
1993,3,5,0,0,0.48,0.5,0.61,0.28,0.45,0.57,0.52,0.63,0.48,0.37,0.44,0.42,0
1993,3,6,0,0,0,0,0,0,0,0.1,0,0.1,0,0,0,0,0
1993,3,7,0,0,0,0,0,0,0,0,0,0,0,0,0,0,0
1993,3,8,0,0,0,0,0,0,0,0,0,0,0,0,0,0,0
1993,3,9,0,0,0,0,0,0,0,0,0,0,0,0,0,0,0
1993,3,10,0,0,0.96,0.95,1.09,0.78,0.88,1.17,1.04,1.05,0.9,0.8,0.85,0.84,0
1993,3,11,0,0,1.77,1.72,1.9,1.87,1.59,2.3,2,1.72,1.6,1.59,1.58,1.59,0
1993,3,12,0,0,2.65,2.55,2.76,3.33,2.36,3.65,3.03,2.46,2.34,2.45,2.37,2.39,0
1993,3,13,0,0,0.1,0.1,0.13,0.1,0.1,0.11,0.1,0.21,0.1,0.1,0.1,0.1,0
1993,3,14,0,0,0.23,0.28,0.36,0.1,0.23,0.28,0.28,0.39,0.28,0.2,0.24,0.23,0
1993,3,15,0,0,1.4,1.36,1.5,1.36,1.27,1.75,1.55,1.42,1.27,1.22,1.24,1.24,0
1993,3,16,0,0,0.46,0.47,0.59,0.26,0.44,0.55,0.49,0.62,0.46,0.36,0.42,0.4,0
1993,3,17,0,0,0.72,0.73,0.84,0.5,0.67,0.81,0.79,0.82,0.69,0.6,0.65,0.64,0
1993,3,18,0,0,0,0,0,0,0,0,0,0,0,0,0,0,0
1993,3,19,0,0,0,0,0,0,0,0,0,0,0,0,0,0,0
1993,3,20,0,0,0,0.1,0.1,0,0,0.1,0.1,0.1,0.1,0.1,0.1,0.1,0
1993,3,21,0,1.06,0.35,0.38,0.45,0.17,0.33,0.39,0.38,0.5,0.36,0.28,0.32,0.32,0
1993,3,22,0,0.1,0,0,0,0,0,0.1,0,0.1,0,0,0,0,0
1993,3,23,0,0,0.1,0.1,0.14,0.1,0.1,0.12,0.1,0.22,0.1,0.1,0.1,0.1,0
1993,3,24,0,0,0,0,0.1,0,0,0.1,0,0.1,0,0,0,0,0
1993,3,25,0,0,0.2,0.25,0.33,0.1,0.2,0.26,0.25,0.37,0.25,0.17,0.22,0.21,0
1993,3,26,0,0,0.78,0.79,0.89,0.58,0.73,0.9,0.86,0.89,0.75,0.65,0.7,0.7,0
1993,3,27,0,0,0.87,0.86,0.98,0.68,0.8,1.03,0.95,0.97,0.81,0.72,0.77,0.76,0
1993,3,28,0,0,0.5,0.53,0.64,0.29,0.47,0.6,0.55,0.66,0.51,0.4,0.46,0.45,0
1993,3,29,0,0,0,0,0,0,0,0,0,0,0,0,0,0,0
1993,3,30,0,0,1.58,1.54,1.71,1.62,1.43,2.05,1.77,1.58,1.43,1.39,1.41,1.41,0
1993,3,31,0,0,0.56,0.59,0.7,0.34,0.53,0.67,0.63,0.71,0.57,0.47,0.52,0.51,0
1993,4,1,0.1,0,1.83,1.66,2.13,1.09,1.72,1.79,1.88,1.73,1.66,1.38,1.48,1.54,0
1993,4,2,0,0,1.21,1.14,1.59,0.58,1.14,1.29,1.28,1.29,1.19,0.92,1.01,1.05,0
1993,4,3,0,0,0.91,0.87,1.24,0.36,0.86,0.97,1,1.01,0.93,0.71,0.78,0.82,0
1993,4,4,0,0,1.7,1.56,2.03,0.95,1.6,1.68,1.77,1.65,1.57,1.3,1.39,1.45,0
1993,4,5,0.27,0,0.53,0.6,0.92,0.1,0.5,0.63,0.67,0.75,0.67,0.47,0.52,0.55,0
1993,4,6,3.78,0,3.71,3.26,3.98,3.19,3.49,3.98,3.64,3.24,3.08,2.76,2.88,2.98,0
1993,4,7,8.38,0.1,4.12,3.68,4.4,3.63,3.88,4.46,4.09,3.58,3.43,3.13,3.24,3.36,0
1993,4,8,3.09,0,0.51,0.58,0.91,0.1,0.48,0.62,0.66,0.74,0.66,0.46,0.51,0.54,0
1993,4,9,14.04,0,1.98,1.78,2.26,1.25,1.87,1.99,2.02,1.84,1.77,1.49,1.59,1.66,0
1993,4,10,1.04,0,1.36,1.3,1.76,0.69,1.28,1.44,1.47,1.43,1.34,1.07,1.15,1.21,0
1993,4,11,0,1.3,4.61,4.08,4.8,4.29,4.34,4.92,4.54,3.91,3.77,3.48,3.6,3.72,0
1993,4,12,0.57,0,1.64,1.52,1.99,0.89,1.55,1.64,1.72,1.62,1.53,1.26,1.35,1.41,0
1993,4,13,1.49,0,0,0,0,0,0,0.1,0,0,0,0,0,0,0
1993,4,14,13.47,0,0,0,0,0,0,0.1,0,0,0,0,0,0,0
1993,4,15,0.58,0,0,0.1,0.1,0,0,0.1,0,0.1,0.1,0,0,0,0
1993,4,16,1.88,0,0,0,0,0,0,0,0,0,0,0,0,0,0
1993,4,17,0,0,0.83,0.81,1.15,0.3,0.78,0.88,0.92,0.93,0.87,0.66,0.72,0.76,0
1993,4,18,0.55,0,6.1,5.4,6.24,6.28,5.74,6.78,5.97,5.09,4.89,4.63,4.74,4.89,0.1
1993,4,19,0,0,1.97,1.76,2.24,1.23,1.85,1.97,2,1.82,1.75,1.48,1.58,1.64,0
1993,4,20,0.87,10.2,8.09,7.15,8.1,9.14,7.62,9.35,7.86,6.61,6.35,6.16,6.25,6.44,3.2
1993,4,21,12.62,16.96,11.51,10.24,11.41,14.26,10.84,13.91,11.16,9.31,8.9,8.85,8.88,9.14,12.22
1993,4,22,0.67,33.93,9.52,8.45,9.52,11.22,8.96,11.2,9.25,7.76,7.43,7.29,7.36,7.58,6.62
1993,4,23,1.44,8.76,5.27,4.66,5.5,5.21,4.97,5.88,5.16,4.48,4.27,3.98,4.09,4.23,0
1993,4,24,4.97,0,0.1,0.22,0.52,0.1,0.1,0.36,0.22,0.42,0.31,0.14,0.17,0.19,0
1993,4,25,0.63,0,0.31,0.43,0.75,0.1,0.29,0.52,0.48,0.61,0.51,0.33,0.37,0.4,0
1993,4,26,0,1.53,2.25,1.98,2.56,1.54,2.12,2.33,2.25,2.09,1.96,1.67,1.78,1.85,0
1993,4,27,0,0,4.9,4.31,5.04,4.7,4.62,5.33,4.8,4.11,3.96,3.69,3.81,3.93,0
1993,4,28,0,0,1.02,0.95,1.37,0.45,0.96,1.09,1.09,1.12,1.01,0.78,0.86,0.9,0
1993,4,29,0,0,2.13,1.89,2.42,1.41,2.01,2.17,2.15,1.97,1.87,1.59,1.7,1.76,0
1993,4,30,0,0.47,0.83,0.81,1.15,0.3,0.78,0.89,0.93,0.94,0.88,0.66,0.73,0.77,0
1993,5,1,0,2.92,5.14,4.81,5.32,3.61,5.04,4.11,5.25,4.66,4.8,4.01,4.39,4.6,0
1993,5,2,0.1,0,4.54,4.22,4.77,3.02,4.5,3.57,4.67,4.13,4.26,3.54,3.91,4.08,0
1993,5,3,0,0,1.95,1.95,2.56,0.84,2.08,1.58,2.25,2.11,1.98,1.61,1.88,1.88,0
1993,5,4,0,0,0.83,1.08,1.64,0.1,1.01,0.93,1.24,1.31,1.01,0.83,1.03,0.95,0
1993,5,5,0.1,0,0.82,1.07,1.63,0.1,1,0.93,1.23,1.31,1,0.83,1.02,0.94,0
1993,5,6,0,0,3.13,2.94,3.55,1.71,3.19,2.4,3.33,2.99,3,2.46,2.79,2.86,0
1993,5,7,0,0,6.93,6.52,6.88,5.62,6.66,5.86,6.98,6.15,6.43,5.43,5.83,6.17,0.67
1993,5,8,0,0,5.86,5.47,5.92,4.4,5.7,4.8,5.94,5.23,5.45,4.57,4.96,5.22,0
1993,5,9,0,0,3.44,3.21,3.82,1.99,3.48,2.65,3.63,3.25,3.28,2.69,3.03,3.13,0
1993,5,10,0.53,0,0,0,0,0,0,0.17,0,0.17,0,0,0,0,0
1993,5,11,0,0,2.93,2.78,3.38,1.53,3,2.24,3.15,2.85,2.83,2.32,2.64,2.7,0
1993,5,12,0,0,3.55,3.31,3.91,2.08,3.58,2.73,3.72,3.34,3.37,2.77,3.11,3.22,0
1993,5,13,11.87,5.78,11.19,10.84,10.69,10.96,10.47,10.54,11.15,9.91,10.31,8.89,9.28,9.93,7.11
1993,5,14,21.46,0,3.72,3.47,4.07,2.22,3.74,2.87,3.88,3.48,3.52,2.9,3.24,3.36,0
1993,5,15,10.61,2.33,8.16,7.75,7.97,7.09,7.77,7.14,8.18,7.21,7.55,6.42,6.82,7.25,2.07
1993,5,16,31.01,6.09,5.23,4.9,5.41,3.71,5.13,4.2,5.35,4.74,4.9,4.09,4.47,4.69,0
1993,5,17,28.98,0,3.54,3.3,3.9,2.07,3.57,2.72,3.71,3.33,3.36,2.76,3.1,3.21,0
1993,5,18,23.31,0,2.84,2.71,3.31,1.46,2.93,2.17,3.08,2.79,2.76,2.26,2.57,2.63,0
1993,5,19,21,0,0,0.18,0.67,0,0,0.38,0,0.49,0,0,0,0,0
1993,5,20,3.6,0,0,0,0,0,0,0.1,0,0,0,0,0,0,0
1993,5,21,2.29,0.1,3.33,3.11,3.71,1.88,3.37,2.56,3.52,3.15,3.18,2.61,2.94,3.03,0
1993,5,22,1.77,2.09,6.26,5.88,6.3,4.84,6.06,5.19,6.32,5.6,5.8,4.88,5.28,5.56,0.1
1993,5,23,0,0.1,6.27,5.89,6.32,4.86,6.07,5.21,6.34,5.62,5.82,4.9,5.29,5.58,0.1
1993,5,24,0.22,9.8,9.17,8.78,8.89,8.35,8.68,8.24,9.18,8.12,8.48,7.25,7.65,8.16,3.57
1993,5,25,2.02,15.89,11.6,11.27,11.05,11.51,10.83,10.99,11.56,10.26,10.71,9.24,9.63,10.31,7.88
1993,5,26,6.28,23.95,17.29,17.26,16.14,19.47,15.85,17.94,17.18,15.39,15.96,14,14.29,15.4,20.43
1993,5,27,0,39.88,25.28,25.76,23.21,31.35,22.89,28.24,25.03,22.61,23.31,20.72,20.86,22.53,40.57
1993,5,28,0,9.56,9.28,8.88,8.97,8.48,8.77,8.36,9.28,8.2,8.58,7.33,7.74,8.25,3.72
1993,5,29,0,0,4.28,3.99,4.55,2.75,4.25,3.33,4.43,3.93,4.03,3.34,3.7,3.86,0
1993,5,30,0,1.68,4.43,4.13,4.68,2.91,4.4,3.48,4.58,4.05,4.17,3.46,3.82,3.99,0
1993,5,31,0,0,6.95,6.54,6.89,5.64,6.68,5.88,7,6.17,6.44,5.44,5.84,6.18,0.68
1993,6,1,0,0,0,0.32,0.82,0,0,0.45,0,0.88,0,0.37,0.5,0,0
1993,6,2,2.6,0,0,0.45,0.96,0,0,0.51,0.36,0.99,0,0.48,0.63,0.44,0
1993,6,3,4.01,0,2.04,2,2.56,0.71,2.21,1.42,2.14,2.26,1.99,1.82,2.09,2.02,0
1993,6,4,0.1,0,3.17,2.98,3.62,1.53,3.24,2.17,3.21,3.08,2.98,2.64,2.94,2.93,0
1993,6,5,1.86,0,2.86,2.7,3.32,1.29,2.96,1.95,2.92,2.85,2.71,2.41,2.7,2.68,0
1993,6,6,0,0,0,0,0.36,0,0,0.26,0,0.51,0,0,0,0,0
1993,6,7,0.55,0,0,0,0.66,0,0,0.38,0,0.75,0,0,0,0,0
1993,6,8,5.91,0,0,0,0,0,0,0,0,0,0,0,0,0,0
1993,6,9,9.19,0,2.89,2.73,3.35,1.31,2.99,1.97,2.94,2.88,2.73,2.43,2.73,2.71,0
1993,6,10,0.35,0,2.32,2.24,2.82,0.9,2.47,1.59,2.4,2.46,2.24,2.02,2.3,2.25,0
1993,6,11,0,0.37,3.8,3.53,4.23,2.05,3.79,2.63,3.81,3.56,3.52,3.09,3.4,3.44,0
1993,6,12,0,7.14,5.57,5.1,5.97,3.69,5.32,4.08,5.51,4.91,5.05,4.38,4.7,4.82,0.62
1993,6,13,0,2.15,4.79,4.4,5.2,2.94,4.65,3.42,4.76,4.31,4.38,3.81,4.13,4.21,0.1
1993,6,14,7.39,0,0,0,0,0,0,0,0,0,0,0,0,0,0
1993,6,15,0,0,2.17,2.11,2.68,0.79,2.33,1.5,2.26,2.35,2.11,1.91,2.19,2.13,0
1993,6,16,0,0.38,7.67,6.99,8.09,5.85,7.09,5.99,7.52,6.54,6.85,5.91,6.21,6.45,3.21
1993,6,17,2.07,1.89,2.11,2.06,2.63,0.75,2.28,1.46,2.2,2.31,2.05,1.87,2.14,2.08,0
1993,6,18,9.59,1.33,0.99,1.15,1.67,0.13,1.22,0.87,1.16,1.55,1.07,1.09,1.3,1.16,0
1993,6,19,0.54,0,0,0,0,0,0,0.1,0,0,0,0,0,0,0
1993,6,20,0,0,0,0,0,0,0,0,0,0,0,0,0,0,0
1993,6,21,0,0,1.67,1.7,2.24,0.48,1.87,1.21,1.79,2,1.67,1.56,1.81,1.72,0
1993,6,22,0,5.77,4.32,3.99,4.73,2.51,4.25,3.04,4.31,3.95,3.97,3.47,3.79,3.85,0
1993,6,23,0,12.42,8.88,8.08,9.31,7.16,8.1,7.15,8.67,7.48,7.88,6.78,7.08,7.37,5.19
1993,6,24,0,0,1.02,1.17,1.69,0.14,1.25,0.88,1.19,1.57,1.1,1.12,1.33,1.19,0
1993,6,25,0,3.01,4.49,4.14,4.9,2.66,4.39,3.18,4.47,4.08,4.12,3.59,3.91,3.98,0.1
1993,6,26,0,4.53,6.27,5.73,6.67,4.38,5.91,4.7,6.18,5.45,5.65,4.89,5.21,5.37,1.32
1993,6,27,0,9.82,11.98,10.91,12.5,10.73,10.66,10.28,11.65,9.92,10.53,9.04,9.27,9.73,11.25
1993,6,28,0.3,9.01,6.47,5.9,6.87,4.59,6.08,4.88,6.36,5.61,5.82,5.03,5.35,5.52,1.56
1993,6,29,0,4.5,6.72,6.13,7.13,4.85,6.3,5.11,6.61,5.8,6.04,5.22,5.53,5.72,1.87
1993,6,30,0,4.02,4.36,4.02,4.77,2.54,4.28,3.07,4.34,3.98,4.01,3.5,3.81,3.87,0
1993,7,1,0,0,0,0,0.66,0,0,0.16,0,0,0,0,0,0,0
1993,7,2,0,17.49,9.67,7.88,8.46,7.04,8.37,7.1,8.8,7.15,7.48,6.8,7.07,7.11,4.36
1993,7,3,0,18.52,12.5,10.05,10.49,9.94,10.54,9.62,11.25,8.96,9.37,8.61,8.83,8.86,8.22
1993,7,4,0,0.3,7.37,6.12,6.79,4.82,6.58,5.17,6.8,5.67,5.92,5.34,5.62,5.66,1.78
1993,7,5,0,5.12,6.5,5.45,6.16,4.01,5.89,4.47,6.04,5.1,5.32,4.77,5.06,5.1,0.99
1993,7,6,0,0,4.55,3.95,4.74,2.34,4.3,3.01,4.34,3.83,3.95,3.52,3.79,3.81,0
1993,7,7,0,0.15,7.92,6.54,7.19,5.33,7.01,5.62,7.28,6.02,6.3,5.69,5.97,6.01,2.33
1993,7,8,3.36,0,1.04,1.26,2.24,0.1,1.11,0.93,1.28,1.55,1.3,1.29,1.36,1.29,0
1993,7,9,2.54,0,0.32,0.71,1.79,0,0,0.65,0.64,1.11,0.68,0.85,0.81,0.68,0
1993,7,10,3.79,8.56,9.23,7.54,8.14,6.6,8.03,6.72,8.41,6.87,7.18,6.52,6.79,6.84,3.82
1993,7,11,2.42,14.44,13.98,11.17,11.53,11.48,11.65,10.95,12.53,9.89,10.35,9.53,9.74,9.76,10.39
1993,7,12,17.87,0,0,0,1.07,0,0,0.31,0,0.38,0,0,0,0,0
1993,7,13,5.77,0,0.5,0.85,1.9,0,0.55,0.72,0.8,1.22,0.84,0.97,0.95,0.83,0
1993,7,14,0.27,0,1.91,1.91,2.83,0.5,1.99,1.34,2.03,2.1,1.99,1.83,1.98,1.96,0
1993,7,15,0,0,3.27,2.96,3.8,1.37,3.22,2.14,3.22,2.99,3.02,2.7,2.93,2.94,0
1993,7,16,3.47,1.59,3.07,2.8,3.65,1.23,3.04,2.01,3.04,2.86,2.87,2.57,2.79,2.79,0
1993,7,17,6.62,0,0.96,1.21,2.2,0.1,1.03,0.9,1.21,1.51,1.24,1.25,1.31,1.23,0
1993,7,18,0,0,2.04,2.01,2.91,0.57,2.11,1.41,2.13,2.18,2.09,1.9,2.07,2.05,0
1993,7,19,1.32,2.07,6.89,5.75,6.44,4.37,6.2,4.78,6.38,5.35,5.59,5.02,5.31,5.35,1.32
1993,7,20,0,3.71,6.34,5.32,6.04,3.87,5.76,4.34,5.9,5,5.2,4.67,4.95,4.99,0.86
1993,7,21,0,3.53,6.77,5.65,6.35,4.26,6.1,4.68,6.27,5.28,5.5,4.95,5.23,5.27,1.21
1993,7,22,2.55,1.62,4.84,4.17,4.95,2.58,4.54,3.21,4.59,4.02,4.15,3.71,3.97,4.01,0.1
1993,7,23,6.45,0,0,0,0.98,0,0,0.28,0,0,0,0,0,0,0
1993,7,24,18.46,1.16,0.66,0.98,2.01,0,0.72,0.78,0.94,1.32,0.98,1.07,1.08,0.97,0
1993,7,25,6.38,0,1.53,1.62,2.56,0.3,1.62,1.15,1.69,1.85,1.69,1.59,1.71,1.67,0
1993,7,26,2.37,0,4.08,3.58,4.39,1.97,3.9,2.67,3.92,3.52,3.6,3.21,3.47,3.49,0
1993,7,27,13.37,16.08,16.15,12.82,13.08,13.83,13.28,12.99,14.4,11.26,11.76,10.91,11.06,11.07,13.8
1993,7,28,18.84,17.22,21.36,16.78,16.75,19.64,17.13,18.01,18.89,14.54,15.14,14.19,14.2,14.17,22.52
1993,7,29,9.5,4.5,7.84,6.48,7.13,5.26,6.95,5.55,7.21,5.97,6.24,5.63,5.92,5.96,2.25
1993,7,30,10.42,6.88,6.43,5.4,6.11,3.96,5.83,4.42,5.98,5.06,5.27,4.73,5.02,5.06,0.93
1993,7,31,0.15,0,0.56,0.9,1.94,0,0.62,0.74,0.85,1.26,0.89,1.01,1,0.88,0
1993,8,1,5.24,0,0,0,1.07,0,0,0.3,0,0,0,0,0,0,0
1993,8,2,0,0,0,0,1.49,0,0,0.47,0,0.73,0,0,0,0,0
1993,8,3,0,1.05,5.92,5.02,6.1,3.44,5.61,3.96,5.87,5,5.15,4.45,4.95,5.09,0.5
1993,8,4,11,0.67,6.13,5.19,6.27,3.62,5.8,4.13,6.07,5.15,5.3,4.58,5.09,5.24,0.64
1993,8,5,1.4,0,3.11,2.83,3.88,1.21,3.04,2.02,3.31,3.02,3.04,2.62,3,3.05,0
1993,8,6,0,0.93,5.98,5.07,6.14,3.49,5.67,4.01,5.93,5.04,5.19,4.48,4.99,5.13,0.54
1993,8,7,2.69,0,5.38,4.6,5.66,2.98,5.13,3.56,5.38,4.62,4.75,4.1,4.58,4.71,0.21
1993,8,8,0,0,4.3,3.75,4.8,2.09,4.15,2.79,4.4,3.85,3.95,3.4,3.84,3.93,0
1993,8,9,0.1,4.82,9.21,7.6,8.75,6.5,8.5,6.64,8.85,7.34,7.49,6.54,7.13,7.36,3.61
1993,8,10,15.5,17.06,18.34,14.77,16.13,16.12,16.27,15.11,17.01,13.81,13.71,12.21,12.93,13.37,17.46
1993,8,11,2.85,0,0,0,0.57,0,0,0.13,0,0,0,0,0,0,0
1993,8,12,0,0.39,6.43,5.42,6.51,3.89,6.07,4.36,6.34,5.36,5.52,4.77,5.29,5.45,0.85
1993,8,13,2.46,0,2.01,2,3.06,0.52,1.96,1.4,2.3,2.28,2.16,1.9,2.21,2.2,0
1993,8,14,0,0,11.4,9.32,10.52,8.69,10.39,8.57,10.82,8.89,9.01,7.91,8.55,8.83,6.44
1993,8,15,7.7,15.44,18.7,15.06,16.43,16.52,16.58,15.47,17.33,14.06,13.95,12.43,13.15,13.6,18.08
1993,8,16,0,0,0.95,1.24,2.36,0.1,0.82,0.94,1.35,1.62,1.25,1.23,1.44,1.35,0
1993,8,17,0,0,0,0,0,0,0,0,0,0,0,0,0,0,0
1993,8,18,12.79,0,0.65,1.03,2.17,0,0.49,0.83,1.05,1.45,0.97,1.02,1.18,1.07,0
1993,8,19,0,0.78,4.2,3.68,4.72,2.01,4.05,2.72,4.3,3.78,3.87,3.33,3.77,3.85,0
1993,8,20,0.67,7.47,8.6,7.12,8.26,5.91,7.97,6.13,8.3,6.91,7.06,6.15,6.73,6.95,2.9
1993,8,21,7.47,0,2.48,2.35,3.4,0.79,2.43,1.65,2.73,2.59,2.54,2.21,2.55,2.57,0
1993,8,22,0,0.22,1.1,1.34,2.45,0.1,0.97,1,1.48,1.71,1.39,1.32,1.54,1.48,0
1993,8,23,1.08,0,0,0,0,0,0,0.1,0,0,0,0,0,0,0
1993,8,24,16.38,0,0.4,0.84,2.02,0,0,0.75,0.81,1.29,0.74,0.84,0.97,0.85,0
1993,8,25,1.12,37.47,33.76,28.94,28.52,33.85,29.09,30.82,30.64,24.84,23.81,21.59,22.35,23.11,46.58
1993,8,26,0,38.25,19.23,15.48,16.85,17.11,17.02,15.99,17.8,14.44,14.3,12.76,13.48,13.94,19
1993,8,27,7.3,0,0,0,0.43,0,0,0.1,0,0,0,0,0,0,0
1993,8,28,2.6,0,0,0,0.74,0,0,0.18,0,0,0,0,0,0,0
1993,8,29,0,1.19,3.85,3.4,4.45,1.74,3.73,2.49,3.98,3.54,3.61,3.11,3.53,3.6,0
1993,8,30,8.77,2.6,5.28,4.52,5.59,2.89,5.04,3.49,5.29,4.55,4.68,4.04,4.52,4.64,0.18
1993,8,31,0.65,14.9,18.22,14.68,16.04,15.99,16.18,15,16.9,13.73,13.63,12.14,12.85,13.29,17.26
1993,9,1,9.16,0,6.23,5.28,6.66,3.86,5.73,4.26,6.21,5.34,5.59,4.68,5.36,5.49,0.44
1993,9,2,1.64,7.33,12.8,10.66,12.2,10.65,11.59,10.32,12.45,10.52,10.72,9.82,10.37,10.45,9.81
1993,9,3,31.9,26.59,19.78,16.43,18.11,18.83,17.67,17.7,19.09,16.16,15.95,15.46,15.58,15.53,24.69
1993,9,4,7.1,0.1,8.46,7.09,8.53,6.01,7.75,6.17,8.32,7.08,7.37,6.4,7.08,7.21,2.76
1993,9,5,0.71,0,0,0,2,0,0,0.68,0,1.08,0,0.3,0,0,0
1993,9,6,9.4,0,4.7,4.06,5.4,2.53,4.32,3.1,4.78,4.19,4.33,3.55,4.17,4.28,0
1993,9,7,0.4,8.92,8.55,7.17,8.61,6.11,7.83,6.25,8.41,7.15,7.44,6.47,7.15,7.28,2.88
1993,9,8,0,18.38,11.46,9.55,11.07,9.17,10.41,8.99,11.17,9.45,9.69,8.75,9.36,9.46,7.39
1993,9,9,28.19,2.99,8.98,7.52,8.97,6.54,8.22,6.64,8.82,7.49,7.78,6.8,7.48,7.61,3.47
1993,9,10,35.66,0,8.25,6.92,8.35,5.8,7.56,5.98,8.12,6.91,7.2,6.23,6.91,7.05,2.49
1993,9,11,0,22.52,22.22,18.46,20.17,21.81,19.77,20.4,21.41,18.14,17.74,17.45,17.39,17.28,30.47
1993,9,12,0,11.39,14.82,12.33,13.92,12.95,13.36,12.39,14.37,12.15,12.25,11.44,11.89,11.94,13.8
1993,9,13,0,0,1.02,1.41,2.85,0.19,0,1.15,1.57,1.88,0.85,1.22,1.3,1.05,0
1993,9,14,0,0,5.98,5.08,6.45,3.63,5.51,4.06,5.97,5.15,5.38,4.5,5.17,5.29,0.27
1993,9,15,0,0,6.75,5.71,7.1,4.35,6.21,4.69,6.71,5.75,6.01,5.08,5.77,5.9,0.86
1993,9,16,0,15.51,10.18,8.5,9.98,7.79,9.28,7.76,9.95,8.43,8.71,7.74,8.38,8.51,5.25
1993,9,17,0,15.07,11.2,9.34,10.85,8.89,10.18,8.74,10.92,9.24,9.49,8.55,9.16,9.27,6.94
1993,9,18,0,11.85,9.52,7.96,9.43,7.1,8.69,7.13,9.33,7.91,8.19,7.22,7.88,8.01,4.24
1993,9,19,0,0,0,0.96,2.5,0,0,0.95,0.98,1.56,0,0.86,0.74,0,0
1993,9,20,0,0,5.05,4.34,5.69,2.82,4.65,3.35,5.1,4.45,4.62,3.81,4.44,4.56,0
1993,9,21,0,2.34,7.9,6.64,8.06,5.45,7.25,5.67,7.79,6.64,6.93,5.96,6.65,6.78,2.06
1993,9,22,0,5.31,10.13,8.46,9.95,7.74,9.24,7.71,9.91,8.4,8.67,7.7,8.35,8.47,5.18
1993,9,23,0,0,6.31,5.35,6.73,3.94,5.82,4.33,6.29,5.41,5.66,4.75,5.43,5.56,0.5
1993,9,24,0,0,2.61,2.45,3.8,0.99,2.28,1.79,2.86,2.74,2.48,2.1,2.53,2.53,0
1993,9,25,0,0.68,5.53,4.72,6.08,3.23,5.09,3.71,5.55,4.81,5.02,4.16,4.82,4.94,0.1
1993,9,26,0,0,5.5,4.7,6.06,3.21,5.07,3.69,5.53,4.79,4.99,4.14,4.8,4.92,0.1
1993,9,27,0,0,0,0,0,0,0,0,0,0,0,0,0,0,0
1993,9,28,0,0,0,0,1.67,0,0,0.53,0,0.75,0,0,0,0,0
1993,9,29,0,1.47,6.28,5.33,6.71,3.91,5.79,4.31,6.26,5.39,5.63,4.73,5.4,5.53,0.48
1993,9,30,33.81,11.08,12.55,10.45,11.99,10.37,11.37,10.07,12.2,10.32,10.52,9.62,10.18,10.27,9.34
1993,10,1,5.57,0,5.72,5.23,6.12,5.01,5.75,5.55,6.03,5.14,5.06,4.57,4.83,4.85,1.26
1993,10,2,5.42,0,2.72,2.56,3.57,1.61,2.95,2.36,2.83,2.71,2.25,2.01,2.27,2.24,0
1993,10,3,7.92,0,5.81,5.32,6.2,5.13,5.84,5.66,6.13,5.22,5.15,4.66,4.92,4.94,1.38
1993,10,4,1.12,0,2.46,2.35,3.37,1.39,2.71,2.15,2.58,2.52,2.03,1.82,2.07,2.04,0
1993,10,5,0.24,4.51,9.64,9,9.66,10.88,9.5,11.01,10.54,8.65,9.04,8.52,8.46,8.65,9.36
1993,10,6,1.38,18.83,19.42,18.92,18.77,28.81,18.96,27.79,22.4,18.03,19.57,19.63,18.06,18.87,41.65
1993,10,7,0,25.82,14.49,13.86,14.15,19.37,14.18,18.94,16.35,13.23,14.19,13.88,13.16,13.63,24.03
1993,10,8,0,0,2.06,2.03,3.06,1.07,2.35,1.85,2.19,2.24,1.69,1.54,1.76,1.74,0
1993,10,9,0.36,0,1.16,1.39,2.44,0.52,1.6,1.29,1.41,1.68,1,1.01,1.14,1.14,0
1993,10,10,11.96,0,0.95,1.25,2.32,0.42,1.43,1.18,1.25,1.57,0.86,0.91,1.01,1.02,0
1993,10,11,2.32,0,3.12,2.9,3.89,1.98,3.31,2.72,3.24,3.01,2.61,2.31,2.59,2.57,0
1993,10,12,5.48,4.39,14.3,13.67,13.98,19.03,14,18.62,16.12,13.05,13.99,13.67,12.98,13.43,23.41
1993,10,13,7.04,33.51,29.09,29,27.87,48.56,28.34,46.41,34.45,27.62,30.32,31.37,27.84,29.41,80.25
1993,10,14,0,20.56,17.42,16.86,16.89,24.91,17.02,24.13,19.93,16.07,17.38,17.27,16.06,16.73,34.27
1993,10,15,0,53.84,39.58,40.52,37.91,71.75,38.58,67.39,47.71,38.08,42.17,44.54,38.46,42.52,125.14
1993,10,16,0,34.63,27.31,27.13,26.2,44.84,26.63,42.89,32.23,25.85,28.33,29.18,26.03,27.46,72.85
1993,10,17,1.06,13.54,10.49,9.84,10.44,12.3,10.32,12.33,11.54,9.44,9.93,9.43,9.28,9.5,11.66
1993,10,18,0,65.89,30.89,30.94,29.6,52.44,30.13,50.07,36.78,29.46,32.38,33.66,29.72,31.42,87.83
1993,10,19,0.1,3.01,7.28,6.71,7.52,7.21,7.24,7.59,7.8,6.51,6.62,6.09,6.26,6.33,3.89
1993,10,20,0.23,2.88,21.19,20.75,20.43,32.32,20.68,31.09,24.59,19.77,21.52,21.74,19.84,20.78,48.4
1993,10,21,2.12,7.47,25.95,25.74,24.93,42.06,25.33,40.24,30.55,24.51,26.81,27.55,24.67,25.99,67.28
1993,10,22,0.12,6.66,15.67,15.07,15.26,21.59,15.33,21.01,17.79,14.37,15.48,15.24,14.33,14.88,28.08
1993,10,23,0,0,8.15,7.54,8.3,8.51,8.07,8.8,8.8,7.29,7.5,6.96,7.06,7.17,5.72
1993,10,24,0,1.93,6.85,6.29,7.13,6.57,6.83,7,7.3,6.13,6.18,5.66,5.86,5.91,3.06
1993,10,25,0.1,7.25,13.9,13.26,13.6,18.29,13.61,17.93,15.63,12.67,13.56,13.21,12.58,13.01,22.08
1993,10,26,0,21.93,21.77,21.35,20.97,33.47,21.24,32.18,25.3,20.33,22.16,22.43,20.42,21.41,50.62
1993,10,27,0,0,4.28,3.92,4.87,3.22,4.4,3.88,4.46,3.93,3.68,3.27,3.57,3.56,0.1
1993,10,28,0,2.6,12.46,11.81,12.27,15.71,12.22,15.51,13.9,11.3,12.02,11.6,11.18,11.52,17.49
1993,10,29,4.41,0,4.11,3.76,4.72,3.02,4.23,3.69,4.27,3.79,3.51,3.12,3.42,3.4,0
1993,10,30,0,0,0.74,1.13,2.2,0.33,1.28,1.09,1.09,1.47,0.72,0.82,0.89,0.91,0
1993,10,31,0,0,0.76,1.14,2.21,0.34,1.3,1.1,1.11,1.48,0.74,0.82,0.9,0.92,0
1993,11,1,0.1,0,0,0,0,0,0,0,0,0,0,0,0,0,0
1993,11,2,0,0,0.83,1.05,1.5,0.97,0.89,1.63,0.86,1.03,0.82,0.55,0.67,0.63,0
1993,11,3,0,0,0.15,0.41,0.86,0.25,0.27,0.69,0.21,0.5,0.28,0.17,0.24,0.2,0
1993,11,4,0,0,1.3,1.53,1.96,1.69,1.33,2.43,1.38,1.42,1.2,0.85,1,0.96,0
1993,11,5,0,19.71,12.05,14.6,13.59,35.85,11.45,37.1,16.51,11.51,10.32,9.62,9.84,9.74,9.99
1993,11,6,0,4.49,13.97,17.09,15.77,43.49,13.26,44.85,19.44,13.41,11.98,11.33,11.52,11.41,15.4
1993,11,7,0,2.72,8.2,9.68,9.25,21.37,7.81,22.48,10.75,7.74,7,6.27,6.52,6.46,1.54
1993,11,8,0,5.02,16.02,19.78,18.13,51.91,15.2,53.38,22.6,15.46,13.76,13.17,13.33,13.19,21.66
1993,11,9,0,11.43,24.04,30.46,27.46,86.42,22.82,88.43,35.19,23.59,20.77,20.54,20.52,20.27,48.91
1993,11,10,0.1,16.06,26.14,33.27,29.93,95.68,24.81,97.95,38.52,25.73,22.6,22.49,22.42,22.14,56.46
1993,11,11,0,0.1,8.76,10.39,9.88,23.38,8.34,24.51,11.58,8.28,7.48,6.75,7,6.93,2.46
1993,11,12,0,0,2.91,3.29,3.57,5.01,2.83,5.93,3.35,2.8,2.52,1.98,2.19,2.16,0
1993,11,13,0,0.42,5.37,6.17,6.15,11.86,5.13,12.89,6.67,5.04,4.58,3.9,4.15,4.11,0
1993,11,14,0,0,0,0,0.1,0,0,0.1,0,0,0,0,0,0,0
1993,11,15,0,0,0,0.27,0.7,0.13,0.1,0.5,0.1,0.37,0.15,0.1,0.14,0.1,0
1993,11,16,0,0,3.06,3.46,3.72,5.37,2.97,6.31,3.54,2.93,2.64,2.09,2.31,2.27,0
1993,11,17,0,0,6.16,7.14,7.01,14.39,5.88,15.44,7.79,5.79,5.25,4.55,4.8,4.76,0
1993,11,18,0,0,2.19,2.48,2.84,3.37,2.16,4.24,2.43,2.17,1.92,1.45,1.64,1.61,0
1993,11,19,0,0,3.4,3.84,4.07,6.23,3.29,7.18,3.98,3.23,2.92,2.34,2.57,2.53,0
1993,11,20,0,0.1,4.26,4.85,4.98,8.58,4.1,9.57,5.14,4.02,3.65,3.01,3.25,3.22,0
1993,11,21,0,0,0,0,0.15,0,0,0.1,0,0,0,0,0,0,0
1993,11,22,0,0,0,0.1,0.46,0.1,0,0.27,0,0.18,0,0.1,0.1,0,0
1993,11,23,0,0,0,0.11,0.52,0.1,0,0.32,0,0.22,0.1,0.1,0.1,0.1,0
1993,11,24,0,0,0,0,0.1,0,0,0.1,0,0,0,0,0,0,0
1993,11,25,0,0,2.09,2.37,2.73,3.15,2.06,4.01,2.31,2.08,1.84,1.38,1.57,1.53,0
1993,11,26,0,0,0,0,0.13,0,0,0.1,0,0,0,0,0,0,0
1993,11,27,0,0,0,0,0,0,0,0.1,0,0,0,0,0,0,0
1993,11,28,0,0,0,0.1,0.45,0.1,0,0.26,0,0.17,0,0.1,0.1,0,0
1993,11,29,0,0,0.93,1.15,1.6,1.11,0.98,1.78,0.96,1.11,0.9,0.61,0.74,0.7,0
1993,11,30,0,0,0,0,0,0,0,0,0,0,0,0,0,0,0
1993,12,1,0,0,0.75,1.11,1.42,1.82,0.89,2.54,0.95,0.85,0.7,0.39,0.5,0.54,0
1993,12,2,0,0,0,0,0,0,0,0,0,0,0,0,0,0,0
1993,12,3,0,0,0,0.1,0.22,0.1,0.1,0.18,0,0.1,0,0,0,0,0
1993,12,4,0,0,0,0,0,0,0,0,0,0,0,0,0,0,0
1993,12,5,0,0,0,0,0,0,0,0,0,0,0,0,0,0,0
1993,12,6,0,0,0,0,0.1,0,0,0.1,0,0,0,0,0,0,0
1993,12,7,0,0,0.11,0.29,0.57,0.28,0.22,0.69,0.18,0.21,0.14,0.1,0.1,0.12,0
1993,12,8,0,0,3.29,4.55,4.61,11.12,3.34,12.2,4.41,3.39,2.92,1.72,2.13,2.12,0
1993,12,9,0,0,0,0,0,0,0,0,0,0,0,0,0,0,0
1993,12,10,0,0,0.1,0.18,0.44,0.15,0.13,0.5,0.1,0.14,0.1,0.1,0.1,0.1,0
1993,12,11,0,0,0,0,0,0,0,0,0,0,0,0,0,0,0
1993,12,12,0,0,0,0,0,0,0,0,0,0,0,0,0,0,0
1993,12,13,0,0,0,0,0,0,0,0,0,0,0,0,0,0,0
1993,12,14,0,0,0,0.1,0.23,0.1,0.1,0.18,0.1,0.1,0,0,0,0,0
1993,12,15,0,0,0,0,0,0,0,0,0,0,0,0,0,0,0
1993,12,16,0,0,0.62,0.93,1.25,1.43,0.76,2.15,0.79,0.72,0.58,0.32,0.42,0.45,0
1993,12,17,0,0,2.13,2.95,3.15,6.47,2.24,7.46,2.79,2.22,1.9,1.11,1.39,1.4,0
1993,12,18,0,0,0.1,0.22,0.49,0.19,0.17,0.57,0.12,0.16,0.1,0.1,0.1,0.1,0
1993,12,19,0,0,0,0,0.1,0,0,0,0,0,0,0,0,0,0
1993,12,20,0,0,0,0,0.1,0,0,0,0,0,0,0,0,0,0
1993,12,21,0,0,0,0,0,0,0,0,0,0,0,0,0,0,0
1993,12,22,0,0,0,0,0,0,0,0,0,0,0,0,0,0,0
1993,12,23,0,0,0,0,0,0,0,0,0,0,0,0,0,0,0
1993,12,24,0,0,0,0,0,0,0,0,0,0,0,0,0,0,0
1993,12,25,0,0,0,0,0,0,0,0,0,0,0,0,0,0,0
1993,12,26,0,0,0,0,0,0,0,0,0,0,0,0,0,0,0
1993,12,27,0,0,0,0.1,0.13,0,0,0.1,0,0,0,0,0,0,0
1993,12,28,0,0,0,0,0,0,0,0,0,0,0,0,0,0,0
1993,12,29,0,0,0,0,0,0,0,0,0,0,0,0,0,0,0
1993,12,30,0,0.74,4.72,6.56,6.44,17.36,4.69,18.55,6.45,4.85,4.18,2.45,3.03,3,0
1993,12,31,1.33,0,4.69,6.52,6.41,17.24,4.66,18.43,6.42,4.82,4.15,2.44,3.01,2.98,0
1994,1,1,1.87,0,3.28,4.13,4.03,12.96,3.22,12.76,4.82,3.16,2.93,2.31,2.45,2.51,0
1994,1,2,0,0,4.92,6.19,5.96,21.18,4.78,20.39,7.32,4.62,4.31,3.47,3.61,3.71,1.64
1994,1,3,0,0,0.81,1.04,1.09,1.99,0.83,2.36,1.14,0.9,0.8,0.55,0.66,0.66,0
1994,1,4,0,0,1.01,1.28,1.32,2.7,1.02,3.07,1.42,1.08,0.97,0.69,0.81,0.81,0
1994,1,5,0,0,3.19,4.01,3.91,12.49,3.13,12.33,4.68,3.07,2.85,2.25,2.39,2.44,0
1994,1,6,0,0,0.21,0.29,0.35,0.24,0.23,0.47,0.29,0.31,0.24,0.12,0.19,0.18,0
1994,1,7,0,0,0,0,0,0,0,0,0,0,0,0,0,0,0
1994,1,8,0,0,0,0.1,0.1,0,0.1,0.1,0.1,0.1,0.1,0,0,0,0
1994,1,9,0,0,0,0,0,0,0,0,0,0,0,0,0,0,0
1994,1,10,0,0,0,0,0,0,0,0,0,0,0,0,0,0,0
1994,1,11,0,0,0,0,0.1,0,0,0.1,0,0.1,0,0,0,0,0
1994,1,12,0,0,0,0,0,0,0,0,0,0,0,0,0,0,0
1994,1,13,0,0,0,0,0,0,0,0,0,0,0,0,0,0,0
1994,1,14,0,0,0,0,0,0,0,0,0,0,0,0,0,0,0
1994,1,15,0,0,0,0,0,0,0,0,0,0,0,0,0,0,0
1994,1,16,0,0,0,0,0,0,0,0,0,0,0,0,0,0,0
1994,1,17,0,0,0.1,0.1,0.11,0.1,0.1,0.1,0.1,0.1,0.1,0.1,0.1,0.1,0
1994,1,18,0,0,3.63,4.57,4.44,14.69,3.55,14.37,5.35,3.47,3.23,2.56,2.7,2.77,0
1994,1,19,0,0,1.35,1.7,1.74,4.06,1.35,4.4,1.92,1.4,1.27,0.94,1.06,1.07,0
1994,1,20,0,0,0.1,0.1,0.1,0.1,0.1,0.1,0.1,0.1,0.1,0.1,0.1,0.1,0
1994,1,21,0,0,3.22,4.05,3.95,12.64,3.16,12.46,4.73,3.1,2.88,2.27,2.41,2.47,0
1994,1,22,0,0,0.58,0.75,0.82,1.21,0.6,1.57,0.8,0.68,0.59,0.39,0.49,0.48,0
1994,1,23,0,0,0.1,0.1,0.1,0,0.1,0.1,0.1,0.1,0.1,0,0.1,0.1,0
1994,1,24,0.67,0,0,0,0,0,0,0,0,0,0,0,0,0,0
1994,1,25,0.16,0,0.1,0.1,0.1,0,0.1,0.1,0.1,0.1,0.1,0,0.1,0.1,0
1994,1,26,0,0,0,0,0,0,0,0,0,0,0,0,0,0,0
1994,1,27,0.1,0,0,0,0,0,0,0,0,0,0,0,0,0,0
1994,1,28,0.1,0,0,0,0,0,0,0,0,0,0,0,0,0,0
1994,1,29,0,0,0.1,0.15,0.21,0.1,0.12,0.21,0.14,0.19,0.13,0.1,0.1,0.1,0
1994,1,30,0.1,0,0,0,0,0,0,0,0,0,0,0,0,0,0
1994,1,31,0.55,0,0.8,1.02,1.08,1.94,0.82,2.32,1.12,0.89,0.78,0.54,0.65,0.65,0
1994,2,1,0,0,0,0,0,0,0,0,0,0,0,0,0,0,0
1994,2,2,0,0,0,0,0,0,0,0,0,0,0,0,0,0,0
1994,2,3,0,0,0.94,1.24,1.4,1.25,1.03,1.81,1.24,1.12,0.98,0.81,0.88,0.88,0
1994,2,4,0,0,0,0.1,0.1,0,0,0,0.1,0.1,0,0,0,0,0
1994,2,5,0,0,0,0,0,0,0,0,0,0,0,0,0,0,0
1994,2,6,0,0,0,0,0,0,0,0,0,0,0,0,0,0,0
1994,2,7,0,0,0,0,0,0,0,0,0,0,0,0,0,0,0
1994,2,8,0,0,0,0,0.1,0,0,0,0,0.1,0,0,0,0,0
1994,2,9,0,0,0,0,0,0,0,0,0,0,0,0,0,0,0
1994,2,10,0.1,0,0,0,0,0,0,0,0,0,0,0,0,0,0
1994,2,11,0.36,0,0,0,0.1,0,0,0,0,0,0,0,0,0,0
1994,2,12,1.12,0,0.25,0.3,0.39,0.1,0.26,0.21,0.31,0.33,0.25,0.17,0.21,0.2,0
1994,2,13,0.58,0,0.98,1.3,1.46,1.36,1.07,1.93,1.29,1.17,1.02,0.85,0.92,0.92,0
1994,2,14,0,0,1.78,2.5,2.71,3.95,1.99,4.68,2.45,2.12,1.91,1.67,1.74,1.75,0
1994,2,15,0,0,0.55,0.69,0.81,0.39,0.59,0.77,0.7,0.67,0.56,0.43,0.49,0.49,0
1994,2,16,0,0,0,0,0,0,0,0,0,0,0,0,0,0,0
1994,2,17,0,0,0,0,0,0,0,0,0,0,0,0,0,0,0
1994,2,18,0,0,1.02,1.36,1.53,1.46,1.12,2.05,1.35,1.22,1.06,0.9,0.96,0.96,0
1994,2,19,0,0,0.29,0.36,0.45,0.1,0.3,0.26,0.37,0.38,0.28,0.2,0.24,0.24,0
1994,2,20,0.38,1.08,5.47,8.44,8.84,20.63,6.35,20.98,8.07,6.67,6.15,5.65,5.69,5.75,4.85
1994,2,21,0.76,0,2.13,3.04,3.28,5.3,2.4,6.04,2.96,2.55,2.3,2.04,2.11,2.13,0
1994,2,22,0.26,0,0.97,1.28,1.44,1.32,1.06,1.89,1.27,1.16,1.01,0.84,0.91,0.91,0
1994,2,23,1.28,0,1.86,2.62,2.85,4.27,2.09,5,2.56,2.22,2,1.76,1.83,1.84,0
1994,2,24,1.68,0,1.37,1.88,2.07,2.53,1.52,3.2,1.85,1.63,1.45,1.25,1.32,1.32,0
1994,2,25,0.21,0,1.11,1.5,1.66,1.72,1.22,2.34,1.48,1.33,1.17,0.98,1.05,1.05,0
1994,2,26,0,0,0.67,0.87,1,0.61,0.73,1.06,0.87,0.82,0.69,0.55,0.61,0.61,0
1994,2,27,0,0,0,0.1,0.1,0,0,0,0.1,0.1,0,0,0,0,0
1994,2,28,0,0,0.76,0.98,1.13,0.81,0.82,1.3,0.98,0.91,0.78,0.64,0.7,0.7,0
1994,3,1,0,8.94,7.24,6.93,7.4,12.21,6.32,11.73,8.72,6.29,6.28,7.3,6.68,6.75,9.06
1994,3,2,0,0,3.44,3.29,3.54,4.73,3.05,4.97,3.99,3.13,3.01,3.26,3.1,3.13,0
1994,3,3,0,3.3,3.02,2.92,3.16,3.96,2.68,4.32,3.5,2.79,2.68,2.84,2.73,2.75,0
1994,3,4,0,1.5,3.99,3.83,4.12,5.74,3.52,5.9,4.67,3.57,3.5,3.84,3.62,3.65,0
1994,3,5,0,0,1.42,1.38,1.52,1.38,1.29,1.78,1.57,1.43,1.28,1.23,1.25,1.25,0
1994,3,6,0,0,1.88,1.82,2,2.06,1.69,2.44,2.12,1.81,1.69,1.69,1.68,1.68,0
1994,3,7,0.1,0,1.27,1.25,1.39,1.17,1.16,1.55,1.41,1.3,1.17,1.1,1.13,1.13,0
1994,3,8,0,0.1,2.5,2.41,2.62,3.06,2.23,3.42,2.86,2.33,2.22,2.31,2.25,2.26,0
1994,3,9,0,0,0.97,0.95,1.1,0.79,0.89,1.18,1.05,1.06,0.9,0.8,0.86,0.85,0
1994,3,10,0,0,3.4,3.26,3.5,4.65,3.01,4.89,3.94,3.09,2.98,3.22,3.06,3.09,0
1994,3,11,0,0,2.12,2.04,2.24,2.46,1.9,2.85,2.39,2.03,1.88,1.92,1.88,1.89,0
1994,3,12,0,1.99,4.47,4.3,4.63,6.68,3.94,6.81,5.28,4.01,3.92,4.35,4.09,4.12,0.1
1994,3,13,0,10.04,6.22,5.97,6.39,10.12,5.45,9.91,7.45,5.45,5.42,6.21,5.72,5.79,4.67
1994,3,14,0,0,1.37,1.33,1.47,1.31,1.24,1.69,1.52,1.39,1.24,1.19,1.21,1.21,0
1994,3,15,0,0,0.1,0.1,0.1,0.1,0.1,0.1,0.1,0.19,0.1,0.1,0.1,0.1,0
1994,3,16,0,0,0,0,0,0,0,0,0,0,0,0,0,0,0
1994,3,17,0,0,0.1,0.16,0.24,0.1,0.1,0.2,0.15,0.3,0.17,0.1,0.14,0.13,0
1994,3,18,2.56,0,0,0,0,0,0,0,0,0,0,0,0,0,0
1994,3,19,1.11,0,0.26,0.31,0.38,0.11,0.26,0.3,0.31,0.42,0.3,0.22,0.26,0.26,0
1994,3,20,0,0,0,0,0.1,0,0,0.1,0,0.1,0,0,0,0,0
1994,3,21,0,0,2.89,2.77,3.02,3.75,2.57,4.09,3.32,2.68,2.55,2.69,2.6,2.61,0
1994,3,22,12.99,0,2.48,2.4,2.61,3.03,2.22,3.4,2.85,2.32,2.21,2.3,2.23,2.25,0
1994,3,23,17.92,3.14,3.12,3,3.25,4.13,2.77,4.46,3.62,2.86,2.76,2.94,2.82,2.84,0
1994,3,24,7.61,0,6.72,6.42,6.88,11.16,5.87,10.82,8.04,5.87,5.82,6.72,6.17,6.24,6.66
1994,3,25,0.13,0.29,7.32,7.01,7.48,12.39,6.39,11.88,8.81,6.36,6.35,7.38,6.75,6.83,9.43
1994,3,26,0,0,0,0,0,0,0,0,0,0,0,0,0,0,0
1994,3,27,0,0,0,0,0,0,0,0,0,0,0,0,0,0,0
1994,3,28,0,0,0,0,0,0,0,0,0,0,0,0,0,0,0
1994,3,29,0,0,2.56,2.47,2.68,3.17,2.28,3.5,2.93,2.38,2.27,2.37,2.3,2.31,0
1994,3,30,0.13,0,2.02,1.95,2.12,2.29,1.82,2.67,2.28,1.94,1.8,1.82,1.8,1.81,0
1994,3,31,2.36,5.48,10.98,10.51,11.22,20.16,9.51,18.86,13.43,9.43,9.48,11.35,10.23,10.36,29.36
1994,4,1,3.24,8.6,12.38,11.09,12.37,15.53,11.65,15.25,12.05,10.1,9.6,9.58,9.59,9.87,14.92
1994,4,2,12.16,0,7.52,6.68,7.63,8.26,7.08,8.65,7.34,6.23,5.96,5.74,5.84,6.02,1.96
1994,4,3,6.78,0,1.99,1.78,2.26,1.26,1.88,2,2.03,1.84,1.77,1.49,1.6,1.66,0
1994,4,4,2.38,0,0,0.1,0.24,0,0,0.19,0.1,0.2,0.1,0.1,0.1,0.1,0
1994,4,5,0.12,1.75,4.26,3.79,4.52,3.81,4.01,4.59,4.22,3.68,3.53,3.23,3.35,3.46,0
1994,4,6,1.65,0,3.16,2.8,3.4,2.5,2.97,3.21,3.15,2.77,2.67,2.37,2.49,2.58,0
1994,4,7,3.12,5.91,3.56,3.11,3.79,3,3.35,3.77,3.5,3.09,2.94,2.65,2.77,2.87,0
1994,4,8,6.18,1.56,3.3,2.91,3.52,2.67,3.1,3.4,3.27,2.86,2.76,2.47,2.59,2.68,0
1994,4,9,0,20.59,15.01,13.42,14.8,19.7,14.17,18.7,14.54,12.09,11.51,11.64,11.59,11.92,23.16
1994,4,10,0.21,6.81,12.73,11.38,12.66,16.07,11.98,15.63,12.36,10.33,9.84,9.84,9.84,10.13,15.95
1994,4,11,4.7,0,2.16,1.91,2.45,1.44,2.03,2.21,2.17,2,1.89,1.61,1.72,1.78,0
1994,4,12,2.45,0,2.91,2.6,3.21,2.19,2.74,3,2.93,2.61,2.5,2.2,2.31,2.4,0
1994,4,13,3.45,2.59,6.26,5.53,6.37,6.51,5.89,6.94,6.11,5.19,4.99,4.74,4.85,5,0.1
1994,4,14,16.33,0,3.09,2.75,3.35,2.41,2.91,3.15,3.09,2.73,2.62,2.32,2.44,2.53,0
1994,4,15,5.06,0,0.66,0.68,1.02,0.17,0.62,0.7,0.78,0.82,0.75,0.55,0.61,0.64,0
1994,4,16,0.7,0,0,0,0,0,0,0,0,0,0,0,0,0,0
1994,4,17,2.86,0,0.35,0.46,0.78,0.1,0.33,0.54,0.51,0.63,0.54,0.35,0.4,0.43,0
1994,4,18,0.19,0,1.6,1.48,1.95,0.84,1.5,1.61,1.68,1.59,1.5,1.23,1.32,1.38,0
1994,4,19,0,1.66,1.14,1.06,1.51,0.53,1.07,1.22,1.19,1.23,1.12,0.85,0.94,0.98,0
1994,4,20,0,0,1.67,1.54,2.01,0.92,1.57,1.66,1.74,1.63,1.55,1.28,1.37,1.43,0
1994,4,21,0,0,1.57,1.46,1.93,0.81,1.48,1.59,1.65,1.57,1.48,1.21,1.3,1.36,0
1994,4,22,0,1.46,6.29,5.55,6.39,6.56,5.92,6.99,6.14,5.21,5.01,4.76,4.87,5.03,0.1
1994,4,23,0,0,0,0,0.1,0,0,0.1,0,0.1,0,0,0,0,0
1994,4,24,0,0,0,0,0,0,0,0,0,0,0,0,0,0,0
1994,4,25,0,0.95,5.21,4.59,5.42,5.13,4.91,5.79,5.07,4.42,4.21,3.91,4.03,4.16,0
1994,4,26,0,0,1.52,1.42,1.89,0.77,1.44,1.56,1.61,1.54,1.45,1.18,1.27,1.33,0
1994,4,27,2.57,0,1.96,1.75,2.23,1.22,1.84,1.95,1.99,1.82,1.75,1.47,1.57,1.64,0
1994,4,28,3,0,0.41,0.51,0.83,0.1,0.39,0.57,0.57,0.67,0.58,0.39,0.44,0.47,0
1994,4,29,0.48,0.53,7.47,6.64,7.6,8.19,7.04,8.6,7.3,6.19,5.93,5.71,5.8,5.98,1.9
1994,4,30,0,0,7.14,6.37,7.32,7.75,6.72,8.26,7,5.97,5.7,5.47,5.56,5.74,1.49
1994,5,1,16.18,0,8.64,8.23,8.41,7.68,8.2,7.68,8.63,7.66,7.97,6.79,7.2,7.67,2.7
1994,5,2,0,0,0,0,0,0,0,0.1,0,0,0,0,0,0,0
1994,5,3,0,0,0,0,0.49,0,0,0.28,0,0.33,0,0,0,0,0
1994,5,4,0,4.45,5.53,5.18,5.66,4.05,5.4,4.48,5.64,4.98,5.17,4.32,4.71,4.95,0
1994,5,5,8.2,0,0.97,1.19,1.75,0.17,1.14,0.99,1.36,1.41,1.13,0.93,1.13,1.06,0
1994,5,6,12.31,0.23,9.2,8.81,8.91,8.38,8.7,8.27,9.21,8.14,8.5,7.27,7.67,8.18,3.61
1994,5,7,24.69,0,0,0.1,0.55,0,0,0.31,0,0.39,0,0,0,0,0
1994,5,8,14.37,0,2.32,2.25,2.87,1.08,2.43,1.81,2.58,2.39,2.29,1.86,2.16,2.18,0
1994,5,9,1.72,6.19,7.31,6.89,7.22,6.06,7.01,6.26,7.34,6.49,6.77,5.72,6.12,6.5,1.03
1994,5,10,1.19,0,6.1,5.71,6.15,4.67,5.92,5.04,6.16,5.46,5.67,4.75,5.15,5.43,0.1
1994,5,11,0.1,0.1,8.8,8.41,8.56,7.87,8.34,7.85,8.81,7.8,8.13,6.94,7.34,7.81,2.98
1994,5,12,1.36,0,7.85,7.46,7.72,6.71,7.49,6.8,7.89,6.97,7.28,6.18,6.58,6.99,1.68
1994,5,13,2.92,0,2.04,2.02,2.64,0.9,2.17,1.64,2.33,2.18,2.06,1.68,1.95,1.95,0
1994,5,14,0.77,0,2.53,2.44,3.05,1.22,2.63,1.95,2.78,2.55,2.48,2.03,2.33,2.36,0
1994,5,15,8.67,0,4.33,4.04,4.59,2.81,4.3,3.38,4.48,3.97,4.08,3.38,3.74,3.9,0
1994,5,16,0,0,4.3,4.01,4.57,2.78,4.28,3.36,4.45,3.95,4.06,3.36,3.72,3.88,0
1994,5,17,2.2,4.65,10.47,10.09,10.03,10.01,9.83,9.69,10.44,9.25,9.66,8.31,8.7,9.3,5.75
1994,5,18,0,1.11,11.96,11.61,11.34,12,11.15,11.43,11.9,10.55,11.03,9.53,9.91,10.62,8.52
1994,5,19,0.23,0,4.94,4.6,5.13,3.42,4.86,3.93,5.04,4.48,4.61,3.83,4.21,4.41,0
1994,5,20,0,0,1.91,1.92,2.52,0.8,2.04,1.55,2.21,2.08,1.94,1.58,1.85,1.84,0
1994,5,21,0.97,0,0.71,0.99,1.53,0.1,0.89,0.87,1.12,1.23,0.91,0.75,0.94,0.85,0
1994,5,22,0,0,0,0,0,0,0,0.13,0,0,0,0,0,0,0
1994,5,23,2.04,23.23,21.78,22.03,20.11,26.08,19.78,23.67,21.58,19.44,20.08,17.75,17.93,19.41,31.5
1994,5,24,0,16.14,10.4,10.03,9.98,9.93,9.77,9.61,10.38,9.2,9.61,8.26,8.65,9.24,5.64
1994,5,25,8.98,0.78,5.7,5.33,5.79,4.23,5.56,4.65,5.8,5.11,5.31,4.45,4.84,5.09,0
1994,5,26,0.36,14.88,15.67,15.47,14.64,17.14,14.42,15.9,15.54,13.88,14.44,12.61,12.93,13.92,16.56
1994,5,27,0,37.37,23.59,23.94,21.72,28.8,21.35,26,23.39,21.08,21.76,19.28,19.43,21.04,36.05
1994,5,28,1.8,16.6,21.31,21.5,19.68,25.37,19.36,23.03,21.13,18.98,19.66,17.37,17.56,18.99,30.2
1994,5,29,0,9.48,9.44,9.03,9.1,8.69,8.91,8.54,9.43,8.33,8.72,7.46,7.86,8.38,3.96
1994,5,30,0,0.31,6.54,6.17,6.57,5.17,6.32,5.47,6.63,5.86,6.09,5.13,5.53,5.84,0.31
1994,5,31,0,4.73,11.76,11.42,11.18,11.73,10.98,11.18,11.71,10.39,10.85,9.37,9.75,10.45,8.16
1994,6,1,0,0,3.11,2.92,3.56,1.48,3.18,2.12,3.15,3.04,2.92,2.59,2.89,2.88,0
1994,6,2,0,4.05,4.21,3.88,4.62,2.4,4.14,2.95,4.2,3.86,3.87,3.38,3.7,3.75,0
1994,6,3,0,5.55,5.85,5.35,6.25,3.96,5.56,4.33,5.77,5.13,5.29,4.58,4.9,5.04,0.88
1994,6,4,0,2.87,5.22,4.79,5.63,3.35,5.02,3.78,5.17,4.64,4.75,4.13,4.45,4.55,0.35
1994,6,5,3.04,1.49,7.14,6.51,7.55,5.28,6.65,5.49,7.01,6.13,6.4,5.52,5.83,6.04,2.44
1994,6,6,5.17,14.13,14.01,12.77,14.6,13.15,12.32,12.42,13.6,11.52,12.25,10.52,10.7,11.26,15.71
1994,6,7,0,19.58,16.99,15.5,17.68,16.82,14.73,15.64,16.46,13.86,14.77,12.68,12.77,13.5,22.74
1994,6,8,0,9.56,11.51,10.48,12.01,10.17,10.27,9.79,11.2,9.55,10.12,8.7,8.94,9.37,10.26
1994,6,9,1.51,0,0,0,0,0,0,0.12,0,0,0,0,0,0,0
1994,6,10,0,0,5.45,4.99,5.85,3.56,5.21,3.97,5.39,4.82,4.94,4.29,4.61,4.73,0.51
1994,6,11,0,13.48,11.42,10.4,11.92,10.07,10.2,9.7,11.11,9.48,10.05,8.63,8.88,9.31,10.08
1994,6,12,8.12,19.37,15.36,14,15.99,14.8,13.41,13.87,14.9,12.58,13.39,11.5,11.64,12.28,18.83
1994,6,13,3.31,0,0,0,0,0,0,0,0,0,0,0,0,0,0
1994,6,14,0,0,0,0,0,0,0,0.21,0,0.41,0,0,0,0,0
1994,6,15,4.99,11.09,6.62,6.04,7.02,4.74,6.21,5.01,6.51,5.72,5.95,5.14,5.46,5.64,1.75
1994,6,16,10.79,0,0.54,0.78,1.3,0,0.78,0.67,0.73,1.26,0.67,0.77,0.94,0.77,0
1994,6,17,0,4.66,8.55,7.78,8.98,6.8,7.83,6.83,8.36,7.23,7.6,6.54,6.84,7.12,4.63
1994,6,18,2.33,5.33,11.16,10.16,11.65,9.77,9.99,9.43,10.87,9.27,9.83,8.45,8.7,9.11,9.55
1994,6,19,0,4.32,5.09,4.67,5.49,3.22,4.91,3.67,5.04,4.54,4.64,4.03,4.35,4.45,0.25
1994,6,20,0,0,2.1,2.05,2.62,0.74,2.27,1.45,2.19,2.3,2.04,1.86,2.13,2.07,0
1994,6,21,6.47,0,0,0,0,0,0,0.1,0,0,0,0,0,0,0
1994,6,22,1.42,0,0.76,0.96,1.48,0.1,0.99,0.77,0.94,1.4,0.86,0.93,1.12,0.96,0
1994,6,23,0,4.99,10.15,9.24,10.62,8.6,9.15,8.41,9.9,8.48,8.97,7.71,7.98,8.34,7.54
1994,6,24,0,13.08,16.84,15.36,17.53,16.63,14.61,15.47,16.32,13.74,14.65,12.57,12.67,13.39,22.36
1994,6,25,0,81.98,40.86,37.32,42.17,48.31,33.69,42.36,39.26,32.25,34.8,29.8,28.99,31.08,74.81
1994,6,26,0,24.59,19.93,18.18,20.72,20.51,17.1,18.89,19.28,16.17,17.25,14.8,14.8,15.69,30
1994,6,27,0,0,0.91,1.08,1.6,0.1,1.14,0.83,1.08,1.5,1,1.04,1.24,1.09,0
1994,6,28,0,0,5.5,5.04,5.9,3.62,5.26,4.02,5.44,4.86,4.99,4.33,4.65,4.77,0.56
1994,6,29,0,1.19,4.64,4.27,5.05,2.8,4.52,3.3,4.61,4.2,4.25,3.7,4.02,4.1,0.1
1994,6,30,2.14,7.1,8.9,8.1,9.34,7.19,8.12,7.17,8.7,7.5,7.9,6.8,7.09,7.39,5.23
1994,7,1,10.24,5.38,8.77,7.19,7.8,6.15,7.67,6.33,8.01,6.57,6.87,6.23,6.51,6.55,3.27
1994,7,2,6.3,0,1.8,1.83,2.75,0.44,1.89,1.28,1.93,2.03,1.9,1.76,1.9,1.87,0
1994,7,3,0.58,2.02,4.51,3.92,4.71,2.31,4.27,2.98,4.31,3.81,3.92,3.5,3.76,3.79,0
1994,7,4,0,6.56,9.81,7.99,8.55,7.17,8.48,7.22,8.92,7.24,7.57,6.89,7.16,7.2,4.54
1994,7,5,5.74,17.78,13.8,11.04,11.41,11.3,11.51,10.8,12.38,9.78,10.23,9.43,9.63,9.65,10.13
1994,7,6,0,5.89,11,8.9,9.41,8.38,9.39,8.26,9.95,8,8.37,7.65,7.9,7.94,6.1
1994,7,7,12.56,0,0,0,0,0,0,0.1,0,0,0,0,0,0,0
1994,7,8,0,0,0,0,0,0,0,0,0,0,0,0,0,0,0
1994,7,9,8.74,0.1,3,2.75,3.6,1.18,2.98,1.97,2.98,2.81,2.82,2.52,2.74,2.75,0
1994,7,10,9.95,0,0,0,1.13,0,0,0.34,0,0.44,0,0,0,0,0
1994,7,11,0,0.72,3.67,3.26,4.09,1.66,3.56,2.4,3.57,3.25,3.31,2.95,3.19,3.21,0
1994,7,12,12.86,3.22,5.32,4.54,5.3,2.98,4.93,3.56,5.01,4.33,4.49,4.01,4.29,4.32,0.2
1994,7,13,1.73,0,0.99,1.22,2.21,0.1,1.06,0.91,1.24,1.52,1.26,1.26,1.33,1.25,0
1994,7,14,3.21,10.87,10.03,8.16,8.72,7.4,8.65,7.42,9.11,7.38,7.73,7.03,7.3,7.34,4.82
1994,7,15,5.14,21.62,16.79,13.31,13.53,14.54,13.75,13.6,14.96,11.67,12.19,11.32,11.45,11.45,14.84
1994,7,16,0,0,0,0,1.37,0,0,0.44,0,0.67,0,0.43,0,0,0
1994,7,17,0,0,2.57,2.41,3.29,0.89,2.6,1.7,2.6,2.52,2.49,2.24,2.44,2.44,0
1994,7,18,0,0.93,2.29,2.2,3.09,0.72,2.34,1.54,2.36,2.34,2.28,2.07,2.25,2.24,0
1994,7,19,0,20.22,14.78,11.78,12.11,12.35,12.25,11.7,13.22,10.4,10.87,10.04,10.23,10.24,11.63
1994,7,20,0,16.32,14.71,11.73,12.06,12.28,12.2,11.64,13.16,10.36,10.83,10,10.19,10.2,11.53
1994,7,21,0,0.19,19.41,15.3,15.38,17.44,15.69,16.11,17.21,13.32,13.88,12.96,13.03,13.02,19.18
1994,7,22,6.84,5.86,19.75,15.55,15.62,17.82,15.94,16.43,17.5,13.53,14.1,13.17,13.23,13.21,19.75
1994,7,23,3.74,12.81,19.58,15.42,15.5,17.63,15.82,16.27,17.35,13.42,13.99,13.07,13.13,13.11,19.46
1994,7,24,4.5,23.51,22.13,17.36,17.29,20.51,17.69,18.76,19.55,15.02,15.63,14.67,14.66,14.62,23.86
1994,7,25,0,15.73,14.58,11.63,11.97,12.14,12.1,11.52,13.05,10.27,10.74,9.92,10.11,10.12,11.33
1994,7,26,0,3.08,4.75,4.1,4.88,2.5,4.46,3.15,4.51,3.96,4.08,3.65,3.91,3.94,0.1
1994,7,27,1.7,2.65,1.89,1.9,2.81,0.49,1.97,1.33,2.01,2.08,1.97,1.81,1.97,1.94,0
1994,7,28,5.03,1.85,4.72,4.08,4.86,2.48,4.44,3.13,4.49,3.94,4.07,3.63,3.9,3.93,0.1
1994,7,29,0,2.78,9.1,7.45,8.05,6.48,7.93,6.62,8.31,6.79,7.1,6.44,6.72,6.76,3.67
1994,7,30,2.7,10.05,13.21,10.59,11,10.68,11.07,10.27,11.87,9.41,9.84,9.05,9.27,9.3,9.25
1994,7,31,5.69,12.16,10.33,8.38,8.93,7.7,8.88,7.67,9.37,7.57,7.92,7.22,7.48,7.52,5.2
1994,8,1,4.59,3.57,2.45,2.33,3.37,0.77,2.39,1.63,2.7,2.57,2.51,2.19,2.52,2.54,0
1994,8,2,0.44,31.08,22.62,18.14,19.58,20.92,19.85,19.35,20.8,16.83,16.54,14.83,15.57,16.1,25.1
1994,8,3,10.58,44.03,26.96,21.53,23.06,25.88,23.47,23.76,24.63,19.87,19.39,17.47,18.23,18.85,33.23
1994,8,4,13.78,22.01,13.58,11.04,12.29,10.97,12.25,10.57,12.77,10.44,10.5,9.27,9.94,10.27,9.64
1994,8,5,14.38,7.43,11.1,9.09,10.28,8.39,10.14,8.3,10.55,8.68,8.81,7.73,8.36,8.63,6.03
1994,8,6,4.45,34.34,19.52,15.7,17.08,17.43,17.26,16.27,18.05,14.64,14.49,12.93,13.66,14.12,19.5
1994,8,7,0.9,25.27,18.58,14.96,16.33,16.39,16.48,15.35,17.22,13.98,13.87,12.36,13.08,13.52,17.87
1994,8,8,8.44,0,0,0,0,0,0,0.1,0,0,0,0,0,0,0
1994,8,9,2.47,3.35,6.87,5.77,6.86,4.29,6.46,4.71,6.74,5.68,5.83,5.06,5.59,5.76,1.2
1994,8,10,11.94,20.09,20.48,16.46,17.85,18.5,18.06,17.22,18.91,15.32,15.13,13.53,14.26,14.74,21.21
1994,8,11,11.43,0,1.68,1.75,2.82,0.34,1.61,1.24,1.99,2.06,1.88,1.68,1.96,1.94,0
1994,8,12,7.02,1.58,0,0,0.38,0,0,0.1,0,0,0,0,0,0,0
1994,8,13,1.14,0,0,0,0.44,0,0,0.1,0,0,0,0,0,0,0
1994,8,14,0,0.91,0,0,1.41,0,0,0.44,0,0.65,0,0,0,0,0
1994,8,15,2.44,0,2.53,2.39,3.44,0.82,2.48,1.68,2.77,2.62,2.58,2.24,2.59,2.6,0
1994,8,16,2.89,0.35,5.34,4.57,5.63,2.94,5.09,3.53,5.34,4.59,4.72,4.07,4.56,4.68,0.2
1994,8,17,10.26,0.73,3.54,3.17,4.21,1.52,3.45,2.29,3.7,3.32,3.37,2.91,3.31,3.37,0
1994,8,18,0,0,3.09,2.82,3.86,1.19,3.02,2,3.28,3.01,3.02,2.61,2.99,3.03,0
1994,8,19,0,0,0,0,1.15,0,0,0.33,0,0.39,0,0,0,0,0
1994,8,20,0,0,0,0.32,1.6,0,0,0.52,0,0.85,0,0,0,0,0
1994,8,21,0.43,9.21,10.29,8.45,9.63,7.57,9.44,7.58,9.82,8.11,8.25,7.22,7.84,8.09,4.95
1994,8,22,0,0,2.1,2.06,3.12,0.56,2.05,1.45,2.38,2.33,2.23,1.96,2.27,2.27,0
1994,8,23,0,2.12,3.21,2.91,3.95,1.28,3.13,2.08,3.39,3.09,3.11,2.69,3.07,3.12,0
1994,8,24,1.58,9.01,8.2,6.81,7.94,5.53,7.63,5.79,7.94,6.62,6.78,5.9,6.47,6.67,2.47
1994,8,25,0,12.2,10.26,8.43,9.61,7.54,9.41,7.56,9.8,8.09,8.23,7.2,7.82,8.07,4.92
1994,8,26,0,3.33,11.71,9.57,10.78,9.01,10.66,8.85,11.1,9.12,9.23,8.11,8.75,9.04,6.88
1994,8,27,0,0,1.24,1.44,2.53,0.13,1.12,1.05,1.6,1.79,1.51,1.41,1.64,1.59,0
1994,8,28,0,0,6.21,5.25,6.33,3.69,5.87,4.19,6.14,5.21,5.36,4.63,5.15,5.29,0.69
1994,8,29,0.2,0,6.72,5.65,6.74,4.15,6.33,4.59,6.6,5.57,5.73,4.96,5.49,5.65,1.07
1994,8,30,5.04,10.93,20.66,16.6,18,18.7,18.22,17.39,19.07,15.44,15.25,13.63,14.37,14.86,21.53
1994,8,31,12.94,13.49,10.35,8.5,9.67,7.63,9.49,7.63,9.87,8.15,8.29,7.25,7.87,8.13,5.03
1994,9,1,9.26,6.38,12.07,10.05,11.58,9.84,10.95,9.59,11.75,9.94,10.16,9.24,9.82,9.91,8.46
1994,9,2,0,0,1.57,1.74,3.13,0.42,1.07,1.33,1.98,2.13,1.39,1.48,1.72,1.57,0
1994,9,3,0,0,2.85,2.64,3.97,1.15,2.53,1.92,3.08,2.9,2.72,2.26,2.73,2.75,0
1994,9,4,11.72,1.29,2.05,2.06,3.42,0.67,1.67,1.52,2.38,2.4,1.93,1.76,2.1,2.04,0
1994,9,5,5.44,0,6.57,5.56,6.95,4.18,6.05,4.54,6.53,5.61,5.86,4.94,5.62,5.76,0.7
1994,9,6,2.84,0,0.65,1.18,2.66,0.1,0,1.03,1.25,1.71,0,1.02,0.99,0,0
1994,9,7,5.37,0,0,0,0,0,0,0,0,0,0,0,0,0,0
1994,9,8,3.6,0,4.11,3.6,4.94,2.06,3.77,2.69,4.23,3.77,3.83,3.13,3.71,3.8,0
1994,9,9,3.56,7.46,14.78,12.29,13.88,12.9,13.32,12.35,14.33,12.11,12.21,11.41,11.85,11.91,13.71
1994,9,10,5.41,17.52,16.1,13.38,15,14.43,14.47,13.73,15.59,13.18,13.2,12.47,12.84,12.87,16.46
1994,9,11,13.14,11.71,18.02,14.97,16.62,16.7,16.14,15.78,17.41,14.73,14.63,14.02,14.27,14.26,20.66
1994,9,12,19.32,0,7.5,6.31,7.72,5.06,6.89,5.32,7.41,6.32,6.61,5.65,6.34,6.48,1.61
1994,9,13,10.17,0,5.19,4.45,5.8,2.94,4.78,3.46,5.23,4.56,4.74,3.91,4.55,4.67,0
1994,9,14,7.7,10.59,11.3,9.42,10.94,9,10.27,8.84,11.02,9.33,9.57,8.63,9.24,9.35,7.11
1994,9,15,6.99,41.09,26.09,21.67,23.43,26.64,23.1,24.79,25.1,21.31,20.58,20.62,20.24,20.03,40.06
1994,9,16,0,9.13,8.76,7.33,8.78,6.31,8.02,6.44,8.6,7.31,7.6,6.63,7.3,7.43,3.16
1994,9,17,1.94,7.1,8.07,6.78,8.21,5.62,7.4,5.82,7.95,6.77,7.06,6.1,6.78,6.91,2.27
1994,9,18,2.34,14.49,11.15,9.3,10.81,8.83,10.14,8.69,10.88,9.2,9.46,8.51,9.12,9.23,6.85
1994,9,19,29.19,12.39,10.43,8.7,10.19,8.05,9.5,7.99,10.19,8.63,8.9,7.94,8.57,8.69,5.65
1994,9,20,0,3.02,6.52,5.52,6.91,4.13,6.01,4.5,6.49,5.57,5.83,4.91,5.59,5.72,0.67
1994,9,21,0,0,3.66,3.25,4.58,1.72,3.34,2.4,3.82,3.45,3.44,2.81,3.36,3.43,0
1994,9,22,1.15,4.73,7.22,6.09,7.49,4.79,6.64,5.09,7.15,6.11,6.39,5.44,6.13,6.26,1.31
1994,9,23,3.14,8.82,9.92,8.28,9.76,7.51,9.05,7.51,9.7,8.22,8.5,7.53,8.19,8.31,4.84
1994,9,24,9.87,6.8,12.39,10.32,11.86,10.2,11.23,9.91,12.06,10.2,10.41,9.49,10.06,10.16,9.06
1994,9,25,15.05,0.1,1.9,1.96,3.33,0.59,1.48,1.46,2.26,2.31,1.79,1.67,1.98,1.9,0
1994,9,26,17.9,0,0,0.98,2.52,0,0,0.95,1,1.58,0,0.87,0.76,0,0
1994,9,27,14.56,17.21,11.84,9.87,11.39,9.59,10.75,9.36,11.53,9.75,9.99,9.06,9.64,9.75,8.06
1994,9,28,0,75.27,31.55,26.22,28.03,33.62,27.78,31.11,30.31,25.77,24.55,25.13,24.26,23.89,54.3
1994,9,29,0,32.14,15.78,13.12,14.73,14.06,14.19,13.39,15.28,12.92,12.97,12.21,12.6,12.64,15.78
1994,9,30,0,0,2.28,2.22,3.57,0.79,1.92,1.63,2.58,2.53,2.17,1.9,2.27,2.24,0
1994,10,1,2.8,0,0,0.33,1.49,0,0,0.6,0,0.85,0,0.28,0.12,0.22,0
1994,10,2,0,0,4.45,4.07,5.02,3.41,4.56,4.06,4.64,4.07,3.84,3.42,3.72,3.7,0.1
1994,10,3,0,0.54,5.06,4.62,5.55,4.16,5.13,4.76,5.31,4.58,4.42,3.96,4.25,4.25,0.51
1994,10,4,0,5.01,11.13,10.48,11.03,13.38,10.94,13.34,12.3,10.04,10.6,10.12,9.89,10.15,13.48
1994,10,5,1.52,0.1,6.99,6.43,7.25,6.77,6.96,7.19,7.46,6.25,6.32,5.79,5.98,6.05,3.31
1994,10,6,0,0,2.7,2.55,3.56,1.6,2.93,2.35,2.82,2.7,2.24,2,2.26,2.23,0
1994,10,7,24.25,0,0,0,1.27,0,0,0.47,0,0.66,0,0.14,0,0,0
1994,10,8,10.29,0,5.01,4.57,5.5,4.09,5.08,4.69,5.24,4.53,4.37,3.91,4.2,4.2,0.45
1994,10,9,5.86,7.03,11.36,10.71,11.25,13.79,11.16,13.72,12.58,10.26,10.85,10.38,10.12,10.39,14.16
1994,10,10,14.66,6.36,11.04,10.39,10.95,13.23,10.85,13.2,12.2,9.96,10.51,10.03,9.81,10.06,13.23
1994,10,11,39.26,1.41,9.29,8.66,9.34,10.31,9.17,10.48,10.13,8.33,8.68,8.15,8.13,8.3,8.46
1994,10,12,21.74,0,0,0,0.49,0,0,0.15,0,0,0,0,0,0,0
1994,10,13,7.16,0,0,0,0.41,0,0,0.13,0,0,0,0,0,0,0
1994,10,14,9.3,0,0,0,0.76,0,0,0.24,0,0.24,0,0,0,0,0
1994,10,15,17.93,0,0.36,0.91,2,0.2,1,0.94,0.82,1.29,0.48,0.66,0.68,0.72,0
1994,10,16,0,0,1.45,1.58,2.63,0.67,1.84,1.45,1.65,1.85,1.22,1.17,1.33,1.33,0
1994,10,17,10.16,0,3.13,2.91,3.91,2,3.33,2.73,3.25,3.02,2.62,2.32,2.6,2.58,0
1994,10,18,1.95,0,7.09,6.53,7.35,6.92,7.06,7.33,7.58,6.34,6.43,5.9,6.08,6.15,3.51
1994,10,19,0,7.36,13.32,12.68,13.06,17.24,13.05,16.95,14.93,12.11,12.94,12.56,12.02,12.41,20.2
1994,10,20,0,0.9,7.3,6.73,7.54,7.23,7.26,7.62,7.82,6.53,6.64,6.11,6.28,6.35,3.93
1994,10,21,0,0,8.85,8.22,8.94,9.6,8.74,9.82,9.61,7.93,8.22,7.69,7.72,7.86,7.36
1994,10,22,0,1.12,9.24,8.61,9.3,10.24,9.12,10.41,10.08,8.29,8.63,8.1,8.09,8.25,8.35
1994,10,23,0,0,10.87,10.22,10.8,12.94,10.69,12.93,12,9.8,10.33,9.85,9.64,9.89,12.74
1994,10,24,0.31,0.1,8.05,7.45,8.21,8.36,7.98,8.66,8.68,7.2,7.4,6.86,6.97,7.08,5.5
1994,10,25,9.63,0,5.8,5.3,6.19,5.11,5.83,5.64,6.12,5.21,5.14,4.64,4.9,4.92,1.36
1994,10,26,2.84,0,3.78,3.47,4.44,2.66,3.93,3.35,3.92,3.52,3.21,2.84,3.14,3.12,0
1994,10,27,0,0,0,0.65,1.77,0.1,0.62,0.77,0.49,1.08,0.19,0.48,0.42,0.49,0
1994,10,28,0,0,4.52,4.13,5.08,3.5,4.62,4.14,4.71,4.13,3.9,3.48,3.78,3.77,0.11
1994,10,29,0,0,5.55,5.07,5.98,4.79,5.59,5.34,5.85,5,4.9,4.41,4.68,4.7,1.04
1994,10,30,1.21,0,7.16,6.59,7.41,7.02,7.13,7.42,7.66,6.4,6.5,5.97,6.15,6.21,3.65
1994,10,31,0,18.06,17.35,16.78,16.82,24.77,16.95,24,19.84,16,17.3,17.19,15.99,16.65,34
1994,11,1,0,2.46,6.23,7.23,7.09,14.62,5.95,15.68,7.89,5.85,5.32,4.61,4.86,4.82,0
1994,11,2,0,8.81,31.86,41.01,36.69,121.5,30.24,124.26,47.66,31.62,27.65,27.84,27.61,27.25,77.59
1994,11,3,0,0,0,0.12,0.52,0.1,0,0.32,0,0.23,0.1,0.1,0.1,0.1,0
1994,11,4,0,0,0,0,0,0,0,0,0,0,0,0,0,0,0
1994,11,5,3.78,0,0,0,0,0,0,0,0,0,0,0,0,0,0
1994,11,6,1.34,0,3.03,3.43,3.69,5.3,2.95,6.24,3.5,2.91,2.62,2.07,2.28,2.25,0
1994,11,7,0,0,0.7,0.93,1.38,0.81,0.78,1.43,0.73,0.93,0.72,0.47,0.59,0.55,0
1994,11,8,0,0,0,0,0.1,0,0,0.1,0,0,0,0,0,0,0
1994,11,9,0,0,0.3,0.55,1,0.37,0.4,0.87,0.34,0.61,0.4,0.25,0.33,0.29,0
1994,11,10,0,0,0,0.2,0.62,0.1,0.1,0.42,0.1,0.3,0.1,0.1,0.1,0.1,0
1994,11,11,0,0,0,0.15,0.55,0.1,0,0.35,0.1,0.25,0.1,0.1,0.1,0.1,0
1994,11,12,0,0,0,0.24,0.67,0.11,0.1,0.47,0.1,0.34,0.13,0.1,0.12,0.1,0
1994,11,13,0,0,3.62,4.1,4.3,6.81,3.5,7.78,4.28,3.44,3.11,2.52,2.74,2.71,0
1994,11,14,0,0,0.16,0.42,0.87,0.25,0.27,0.7,0.22,0.5,0.29,0.17,0.24,0.2,0
1994,11,15,0,0,1.99,2.26,2.63,2.95,1.97,3.79,2.18,1.99,1.76,1.31,1.49,1.46,0
1994,11,16,0,0,0,0.1,0.44,0.1,0,0.25,0,0.17,0,0.1,0.1,0,0
1994,11,17,0,0,1.73,1.98,2.38,2.44,1.73,3.25,1.87,1.77,1.54,1.13,1.3,1.26,0
1994,11,18,0,0,1.34,1.57,2,1.75,1.37,2.5,1.42,1.45,1.23,0.87,1.03,0.99,0
1994,11,19,0,0,4.7,5.38,5.44,9.86,4.51,10.87,5.75,4.43,4.02,3.37,3.61,3.57,0
1994,11,20,0,0,4.4,5.02,5.12,8.97,4.23,9.97,5.33,4.14,3.76,3.12,3.37,3.33,0
1994,11,21,4.13,0,0.1,0.3,0.74,0.15,0.14,0.55,0.11,0.4,0.18,0.11,0.16,0.12,0
1994,11,22,0.31,0,2.95,3.33,3.61,5.11,2.87,6.03,3.4,2.84,2.55,2.01,2.22,2.19,0
1994,11,23,1.59,0.28,6.02,6.97,6.86,13.93,5.75,14.98,7.59,5.65,5.14,4.43,4.69,4.64,0
1994,11,24,0.1,0,0,0.1,0.5,0.1,0,0.3,0,0.21,0.1,0.1,0.1,0.1,0
1994,11,25,3.87,0,0.13,0.4,0.84,0.23,0.25,0.67,0.2,0.48,0.27,0.16,0.23,0.18,0
1994,11,26,0.38,0,5.43,6.25,6.22,12.05,5.19,13.09,6.75,5.1,4.63,3.95,4.2,4.16,0
1994,11,27,0,0,1.86,2.12,2.5,2.68,1.85,3.51,2.03,1.88,1.65,1.22,1.4,1.36,0
1994,11,28,0,0,0,0,0.3,0,0,0.14,0,0.1,0,0,0,0,0
1994,11,29,0,0.1,6.38,7.41,7.25,15.1,6.09,16.16,8.1,5.99,5.44,4.73,4.98,4.94,0
1994,11,30,0,0,2.01,2.28,2.65,2.99,1.99,3.84,2.21,2.01,1.77,1.32,1.51,1.47,0
1994,12,1,0,0,0.11,0.28,0.56,0.27,0.22,0.68,0.17,0.21,0.14,0.1,0.1,0.12,0
1994,12,2,0,0,1.2,1.7,1.99,3.18,1.35,4.07,1.54,1.3,1.1,0.63,0.8,0.83,0
1994,12,3,0,0,0.85,1.24,1.55,2.11,1,2.89,1.08,0.95,0.79,0.44,0.57,0.6,0
1994,12,4,0,0,0.1,0.19,0.46,0.17,0.15,0.52,0.1,0.15,0.1,0.1,0.1,0.1,0
1994,12,5,0,0.17,1.21,1.72,2,3.21,1.36,4.09,1.56,1.31,1.1,0.63,0.8,0.83,0
1994,12,6,0,0,7.15,10.06,9.6,28.85,6.95,30.13,10,7.35,6.32,3.7,4.57,4.49,0
1994,12,7,0,0,4.19,5.81,5.77,15.02,4.19,16.16,5.7,4.31,3.71,2.18,2.7,2.68,0
1994,12,8,0.1,0,6.28,8.79,8.45,24.64,6.13,25.86,8.71,6.45,5.54,3.25,4.02,3.95,0
1994,12,9,0,0,0,0,0.1,0,0,0.1,0,0,0,0,0,0,0
1994,12,10,0,0,0,0,0,0,0,0,0,0,0,0,0,0,0
1994,12,11,0,0,0,0,0.1,0,0,0,0,0,0,0,0,0,0
1994,12,12,0,0,0,0,0.1,0,0,0.1,0,0,0,0,0,0,0
1994,12,13,0,0.38,0.1,0.13,0.37,0.1,0.1,0.37,0.1,0.1,0.1,0.1,0.1,0.1,0
1994,12,14,2.02,0.33,1.39,1.96,2.22,3.83,1.53,4.71,1.79,1.49,1.26,0.73,0.92,0.94,0
1994,12,15,1.7,0,1.09,1.55,1.84,2.83,1.23,3.66,1.39,1.19,0.99,0.57,0.72,0.75,0
1994,12,16,2.08,0,0,0,0,0,0,0,0,0,0,0,0,0,0
1994,12,17,0.37,0,0,0,0.12,0,0,0.1,0,0,0,0,0,0,0
1994,12,18,0,0,1.99,2.75,2.96,5.93,2.1,6.9,2.59,2.08,1.78,1.04,1.3,1.31,0
1994,12,19,0.57,0,0,0,0.1,0,0,0.1,0,0,0,0,0,0,0
1994,12,20,0,0,0.25,0.47,0.77,0.56,0.38,1.07,0.34,0.35,0.27,0.13,0.18,0.21,0
1994,12,21,0,0,0.15,0.34,0.63,0.36,0.27,0.81,0.22,0.26,0.17,0.1,0.11,0.14,0
1994,12,22,0,0,0.1,0.21,0.48,0.18,0.16,0.55,0.12,0.16,0.1,0.1,0.1,0.1,0
1994,12,23,0,0,0,0,0,0,0,0,0,0,0,0,0,0,0
1994,12,24,0,0,0,0.1,0.18,0.1,0,0.12,0,0.1,0,0,0,0,0
1994,12,25,0,0.48,9.72,13.81,12.99,41.66,9.33,43.07,13.82,10.02,8.59,5.01,6.18,6.06,0.1
1994,12,26,0,0,4.51,6.27,6.17,16.45,4.49,17.57,6.15,4.64,3.99,2.34,2.9,2.87,0
1994,12,27,0,0,4.17,5.78,5.74,14.92,4.17,16.05,5.66,4.29,3.69,2.17,2.68,2.66,0
1994,12,28,0,0,0.55,0.85,1.16,1.26,0.69,1.93,0.69,0.65,0.52,0.28,0.37,0.41,0
1994,12,29,0,0,1.73,2.4,2.64,4.98,1.85,5.91,2.23,1.82,1.55,0.9,1.13,1.15,0
1994,12,30,0,0,0.1,0.1,0.34,0.1,0.1,0.32,0.1,0.1,0.1,0,0.1,0.1,0
1994,12,31,1.96,0,1,1.44,1.73,2.56,1.15,3.36,1.27,1.1,0.92,0.52,0.67,0.7,0
1995,1,1,3.21,0,0.16,0.22,0.29,0.14,0.18,0.35,0.22,0.26,0.19,0.1,0.15,0.14,0
1995,1,2,0.75,0,0.52,0.67,0.74,1.01,0.54,1.36,0.72,0.62,0.53,0.34,0.44,0.43,0
1995,1,3,0.17,0,2.5,3.15,3.1,9.19,2.47,9.24,3.64,2.45,2.26,1.76,1.9,1.93,0
1995,1,4,0,0,0.18,0.25,0.32,0.19,0.2,0.4,0.25,0.28,0.21,0.1,0.17,0.16,0
1995,1,5,0,0,0,0,0,0,0,0,0,0,0,0,0,0,0
1995,1,6,0,0,0,0,0,0,0,0,0,0,0,0,0,0,0
1995,1,7,0,0,0.1,0.12,0.18,0.1,0.1,0.17,0.11,0.16,0.1,0.1,0.1,0.1,0
1995,1,8,0,0,0,0,0,0,0,0,0,0,0,0,0,0,0
1995,1,9,0,0,2.17,2.73,2.71,7.67,2.15,7.82,3.14,2.16,1.98,1.53,1.66,1.69,0
1995,1,10,0,0,3.34,4.21,4.1,13.28,3.28,13.06,4.92,3.22,2.98,2.36,2.5,2.56,0
1995,1,11,0,0,0,0,0.1,0,0,0,0,0.1,0,0,0,0,0
1995,1,12,0,0,0,0,0,0,0,0,0,0,0,0,0,0,0
1995,1,13,0.45,0,0,0,0,0,0,0,0,0,0,0,0,0,0
1995,1,14,0.1,0,0.97,1.23,1.28,2.57,0.99,2.94,1.36,1.05,0.94,0.67,0.78,0.78,0
1995,1,15,0.21,0,0.25,0.34,0.41,0.31,0.27,0.57,0.34,0.35,0.28,0.15,0.23,0.22,0
1995,1,16,2.23,0,0.2,0.28,0.34,0.22,0.22,0.45,0.28,0.3,0.23,0.11,0.19,0.17,0
1995,1,17,1.41,0,0.28,0.37,0.45,0.39,0.31,0.66,0.38,0.39,0.31,0.17,0.25,0.24,0
1995,1,18,0.1,0,0.84,1.07,1.12,2.07,0.86,2.45,1.17,0.92,0.82,0.57,0.68,0.68,0
1995,1,19,0,0,0.49,0.64,0.7,0.94,0.52,1.29,0.68,0.6,0.51,0.32,0.42,0.41,0
1995,1,20,0,0,1.01,1.29,1.33,2.72,1.03,3.1,1.43,1.09,0.98,0.7,0.82,0.81,0
1995,1,21,0,0,0.69,0.88,0.95,1.55,0.71,1.92,0.96,0.79,0.69,0.46,0.57,0.57,0
1995,1,22,0,2.02,4.84,6.1,5.87,20.81,4.71,20.04,7.2,4.56,4.25,3.42,3.55,3.65,1.41
1995,1,23,0,0,3.02,3.8,3.71,11.66,2.96,11.55,4.42,2.92,2.7,2.12,2.26,2.32,0
1995,1,24,0,0,1.29,1.63,1.67,3.83,1.3,4.17,1.83,1.35,1.22,0.9,1.02,1.03,0
1995,1,25,0,3.63,6.65,8.4,8.01,30.29,6.43,28.79,9.99,6.17,5.78,4.7,4.82,4.98,11.62
1995,1,26,0,0,7.59,9.57,9.11,35.3,7.33,33.36,11.45,7,6.56,5.36,5.47,5.66,18.94
1995,1,27,0,0,1.95,2.46,2.46,6.69,1.94,6.9,2.82,1.96,1.79,1.37,1.5,1.53,0
1995,1,28,0,0,1.73,2.18,2.19,5.68,1.72,5.94,2.48,1.75,1.6,1.21,1.34,1.36,0
1995,1,29,0,0,1.18,1.49,1.53,3.37,1.19,3.73,1.67,1.25,1.12,0.82,0.94,0.94,0
1995,1,30,0,0,0,0,0,0,0,0,0,0,0,0,0,0,0
1995,1,31,0,0,0,0,0,0,0,0,0,0,0,0,0,0,0
1995,2,1,0,0,0.1,0.1,0.14,0,0.1,0.1,0.1,0.12,0.1,0.1,0.1,0.1,0
1995,2,2,0,0,0,0,0,0,0,0,0,0,0,0,0,0,0
1995,2,3,0,0,0.1,0.1,0.1,0,0.1,0.1,0.1,0.1,0.1,0,0.1,0.1,0
1995,2,4,0,0,0,0,0,0,0,0,0,0,0,0,0,0,0
1995,2,5,0,0.1,0.93,1.22,1.38,1.21,1.01,1.77,1.22,1.11,0.96,0.8,0.87,0.87,0
1995,2,6,0,0,0.15,0.19,0.25,0.1,0.15,0.1,0.19,0.22,0.14,0.1,0.12,0.12,0
1995,2,7,0,0,0.1,0.1,0.1,0,0.1,0.1,0.1,0.1,0.1,0,0.1,0.1,0
1995,2,8,0,0,0,0,0,0,0,0,0,0,0,0,0,0,0
1995,2,9,0,0,0.32,0.4,0.5,0.1,0.34,0.33,0.42,0.42,0.32,0.23,0.28,0.27,0
1995,2,10,0,0,1.85,2.6,2.82,4.22,2.07,4.95,2.54,2.2,1.99,1.74,1.81,1.83,0
1995,2,11,0,0.38,1.67,2.34,2.55,3.58,1.87,4.29,2.29,2,1.79,1.56,1.63,1.64,0
1995,2,12,0,0,0.23,0.27,0.35,0.1,0.24,0.18,0.28,0.3,0.22,0.15,0.19,0.18,0
1995,2,13,0,0,0.24,0.29,0.37,0.1,0.25,0.2,0.3,0.32,0.24,0.16,0.2,0.19,0
1995,2,14,0,0,0,0,0.1,0,0,0,0,0.1,0,0,0,0,0
1995,2,15,0,0,0.11,0.13,0.19,0.1,0.11,0.1,0.14,0.16,0.1,0.1,0.1,0.1,0
1995,2,16,0,0,0.2,0.25,0.31,0.1,0.21,0.15,0.26,0.27,0.2,0.12,0.16,0.16,0
1995,2,17,0,0,0,0.1,0.1,0,0,0,0.1,0.1,0,0,0,0,0
1995,2,18,0,0,0.89,1.18,1.33,1.12,0.98,1.67,1.18,1.07,0.93,0.77,0.83,0.83,0
1995,2,19,0,0,0,0.1,0.1,0,0,0,0.1,0.1,0,0,0,0,0
1995,2,20,0,0,0.26,0.31,0.4,0.1,0.27,0.22,0.32,0.34,0.25,0.17,0.21,0.21,0
1995,2,21,0,0,0.14,0.16,0.23,0.1,0.14,0.1,0.17,0.2,0.13,0.1,0.11,0.1,0
1995,2,22,0,0,0.33,0.41,0.5,0.1,0.35,0.34,0.42,0.42,0.33,0.24,0.28,0.28,0
1995,2,23,0,0,0,0,0,0,0,0,0,0,0,0,0,0,0
1995,2,24,0,0,0,0,0,0,0,0,0,0,0,0,0,0,0
1995,2,25,0,0,0,0,0,0,0,0,0,0,0,0,0,0,0
1995,2,26,0,0,0.17,0.21,0.28,0.1,0.18,0.11,0.22,0.24,0.17,0.11,0.13,0.13,0
1995,2,27,0,0,0,0,0,0,0,0,0,0,0,0,0,0,0
1995,2,28,0,0,0,0,0,0,0,0,0,0,0,0,0,0,0
1995,3,1,0,0,0,0,0,0,0,0,0,0,0,0,0,0,0
1995,3,2,0,0,0,0,0,0,0,0,0,0,0,0,0,0,0
1995,3,3,0,28.55,6.53,6.25,6.67,10.77,5.71,10.44,7.82,5.7,5.67,6.53,6,6.07,5.92
1995,3,4,0,0,4.61,4.43,4.76,6.91,4.06,7.02,5.45,4.11,4.04,4.5,4.21,4.25,0.12
1995,3,5,0,4.73,9.87,9.46,10.07,17.76,8.57,16.67,12.03,8.49,8.54,10.15,9.18,9.28,22.92
1995,3,6,0,0,0.32,0.35,0.42,0.15,0.31,0.35,0.36,0.47,0.34,0.26,0.3,0.3,0
1995,3,7,0.1,0,0,0,0.1,0,0,0.1,0,0.1,0,0,0,0,0
1995,3,8,0.49,0,0.1,0.1,0.19,0.1,0.1,0.15,0.1,0.25,0.11,0.1,0.1,0.1,0
1995,3,9,0,0,0,0,0,0,0,0,0,0,0,0,0,0,0
1995,3,10,0,0,0,0,0,0,0,0,0,0,0,0,0,0,0
1995,3,11,0,0,0,0,0,0,0,0,0,0,0,0,0,0,0
1995,3,12,0,0,0.51,0.54,0.65,0.3,0.48,0.61,0.56,0.66,0.52,0.41,0.47,0.46,0
1995,3,13,0,0,0,0,0.1,0,0,0.1,0,0.1,0,0,0,0,0
1995,3,14,0,0,0,0,0,0,0,0,0,0,0,0,0,0,0
1995,3,15,1.96,0,3.72,3.59,3.88,5.26,3.29,5.51,4.36,3.38,3.28,3.57,3.39,3.42,0
1995,3,16,0,0,0.1,0.1,0.1,0.1,0.1,0.1,0.1,0.16,0.1,0.1,0.1,0.1,0
1995,3,17,0,0,1.95,1.89,2.06,2.18,1.76,2.55,2.21,1.88,1.75,1.76,1.74,1.75,0
1995,3,18,0,0.31,3.96,3.8,4.09,5.69,3.5,5.86,4.64,3.55,3.48,3.81,3.6,3.63,0
1995,3,19,8.67,0,0,0,0,0,0,0,0,0,0,0,0,0,0
1995,3,20,2.04,0,0,0,0,0,0,0,0,0,0,0,0,0,0
1995,3,21,0.1,0,0.19,0.24,0.32,0.1,0.19,0.25,0.24,0.36,0.24,0.17,0.21,0.2,0
1995,3,22,0,0,0.49,0.52,0.63,0.29,0.47,0.59,0.54,0.65,0.5,0.39,0.45,0.44,0
1995,3,23,0.74,0,0,0,0,0,0,0,0,0,0,0,0,0,0
1995,3,24,10.92,0,0,0,0,0,0,0,0,0,0,0,0,0,0
1995,3,25,0,0,0,0,0,0,0,0,0,0,0,0,0,0,0
1995,3,26,0,0,0,0,0,0,0,0,0,0,0,0,0,0,0
1995,3,27,0,0,0,0,0,0,0,0,0,0,0,0,0,0,0
1995,3,28,0.1,0,0.1,0.1,0.1,0,0.1,0.1,0.1,0.14,0.1,0.1,0.1,0.1,0
1995,3,29,1.23,0,0.1,0.15,0.23,0.1,0.1,0.19,0.13,0.29,0.16,0.1,0.13,0.11,0
1995,3,30,2.66,0,0.1,0.1,0.1,0,0.1,0.1,0.1,0.13,0.1,0.1,0.1,0.1,0
1995,3,31,0.56,0,0,0,0.1,0,0,0.1,0,0.1,0,0,0,0,0
1995,4,1,0.11,0,0.1,0.17,0.46,0,0.1,0.33,0.15,0.37,0.25,0.1,0.12,0.13,0
1995,4,2,1.02,0,0,0.1,0.21,0,0,0.17,0.1,0.17,0.1,0.1,0.1,0.1,0
1995,4,3,0,0,3.35,2.95,3.56,2.74,3.16,3.48,3.32,2.9,2.8,2.51,2.63,2.72,0
1995,4,4,0,0,1.45,1.37,1.83,0.74,1.37,1.51,1.55,1.49,1.4,1.13,1.22,1.27,0
1995,4,5,0,0,0,0,0,0,0,0,0,0,0,0,0,0,0
1995,4,6,0,0,0,0,0,0,0,0,0,0,0,0,0,0,0
1995,4,7,0,0,0,0.1,0.1,0,0,0.1,0,0.1,0.1,0.1,0,0,0
1995,4,8,0,0,0,0.1,0.1,0,0,0.1,0,0.1,0.1,0,0,0,0
1995,4,9,0,0,0.17,0.34,0.64,0.1,0.16,0.45,0.36,0.52,0.42,0.24,0.28,0.3,0
1995,4,10,0,0,0,0.1,0.1,0,0,0.1,0.1,0.1,0.1,0.1,0,0.1,0
1995,4,11,0,0,0,0,0,0,0,0,0,0,0,0,0,0,0
1995,4,12,0,0,0,0,0.1,0,0,0.1,0,0.1,0.1,0,0,0,0
1995,4,13,0,2.95,5.76,5.12,5.96,5.77,5.42,6.44,5.66,4.86,4.65,4.38,4.49,4.64,0
1995,4,14,0,1.69,6.51,5.73,6.58,6.88,6.13,7.33,6.33,5.37,5.16,4.92,5.03,5.19,0.37
1995,4,15,9.38,3.63,7.76,6.88,7.83,8.62,7.3,8.89,7.56,6.38,6.12,5.92,6.01,6.19,2.38
1995,4,16,30.74,0,2.66,2.41,3.01,1.93,2.51,2.79,2.71,2.45,2.33,2.03,2.14,2.22,0
1995,4,17,5.1,0,0,0,0,0,0,0.1,0,0,0,0,0,0,0
1995,4,18,0.1,0,0,0,0,0,0,0,0,0,0,0,0,0,0
1995,4,19,0,0,0,0.1,0.25,0,0,0.19,0.1,0.2,0.1,0.1,0.1,0.1,0
1995,4,20,0.82,0,0,0,0,0,0,0,0,0,0,0,0,0,0
1995,4,21,1.39,0,1.28,1.22,1.68,0.64,1.21,1.37,1.38,1.37,1.27,1,1.08,1.13,0
1995,4,22,0.59,0,0,0,0,0,0,0,0,0,0,0,0,0,0
1995,4,23,0,0,0,0,0,0,0,0,0,0,0,0,0,0,0
1995,4,24,1.6,0,0,0,0,0,0,0,0,0,0,0,0,0,0
1995,4,25,0.83,0,0,0,0,0,0,0,0,0,0,0,0,0,0
1995,4,26,1.3,0,0,0,0,0,0,0,0,0,0,0,0,0,0
1995,4,27,11.05,0,2.72,2.45,3.05,1.97,2.56,2.84,2.76,2.48,2.37,2.07,2.18,2.26,0
1995,4,28,11.44,0,0,0,0,0,0,0.1,0,0,0,0,0,0,0
1995,4,29,0.96,0,2.22,1.96,2.53,1.51,2.09,2.29,2.23,2.06,1.93,1.65,1.76,1.83,0
1995,4,30,4.88,0,0,0.1,0.31,0,0,0.23,0.1,0.25,0.12,0.1,0.1,0.1,0
1995,5,1,31.77,0,0,0.52,1.04,0,0,0.59,0.58,0.8,0.39,0.33,0.48,0.35,0
1995,5,2,13.47,0,3.65,3.4,4,2.16,3.67,2.81,3.81,3.42,3.45,2.84,3.19,3.3,0
1995,5,3,3.3,0,0.47,0.8,1.34,0.1,0.67,0.76,0.91,1.06,0.7,0.58,0.75,0.65,0
1995,5,4,0,0,1.55,1.64,2.22,0.56,1.69,1.32,1.88,1.82,1.63,1.33,1.57,1.54,0
1995,5,5,0,0,0.85,1.1,1.65,0.1,1.03,0.94,1.26,1.33,1.03,0.85,1.05,0.97,0
1995,5,6,0,0,5.15,4.82,5.33,3.63,5.05,4.12,5.27,4.67,4.81,4.02,4.4,4.61,0
1995,5,7,0,0,7.53,7.14,7.44,6.32,7.21,6.49,7.57,6.7,6.96,5.91,6.31,6.69,1.24
1995,5,8,0,0,6.33,5.96,6.38,4.92,6.13,5.27,6.41,5.67,5.88,4.95,5.35,5.64,0.1
1995,5,9,0,0,4.61,4.28,4.82,3.08,4.56,3.63,4.73,4.19,4.32,3.59,3.96,4.14,0
1995,5,10,1.79,0,2.12,2.09,2.71,0.95,2.24,1.69,2.41,2.24,2.13,1.73,2.01,2.02,0
1995,5,11,14.53,0,0,0,0,0,0,0.16,0,0.16,0,0,0,0,0
1995,5,12,4.53,2.21,5.55,5.19,5.67,4.06,5.42,4.49,5.65,4.99,5.18,4.33,4.72,4.96,0
1995,5,13,0.8,24.54,17.41,17.37,16.24,19.64,15.95,18.06,17.29,15.48,16.06,14.09,14.38,15.5,20.68
1995,5,14,0,16.91,6.43,6.06,6.46,5.02,6.21,5.36,6.51,5.76,5.98,5.03,5.43,5.73,0.19
1995,5,15,0.16,14.13,5.69,5.32,5.78,4.22,5.54,4.63,5.78,5.1,5.3,4.44,4.83,5.08,0
1995,5,16,2.8,1.79,5.04,4.71,5.23,3.52,4.95,4.03,5.16,4.58,4.71,3.93,4.31,4.51,0
1995,5,17,5.46,8.56,7.18,6.76,7.1,5.91,6.89,6.13,7.22,6.37,6.65,5.62,6.02,6.39,0.91
1995,5,18,0,15.26,10.43,10.06,10.01,9.97,9.8,9.65,10.41,9.22,9.64,8.28,8.68,9.27,5.69
1995,5,19,0.99,3.15,10.53,10.16,10.08,10.1,9.89,9.77,10.5,9.3,9.72,8.36,8.75,9.36,5.85
1995,5,20,7.11,0,6.07,5.68,6.12,4.64,5.89,5.01,6.14,5.43,5.64,4.73,5.12,5.41,0.1
1995,5,21,8,0,8.6,8.18,8.37,7.62,8.16,7.63,8.59,7.61,7.94,6.76,7.16,7.63,2.62
1995,5,22,0,1.44,13.72,13.5,12.96,14.41,12.72,13.54,13.66,12.18,12.67,11.02,11.37,12.21,12.32
1995,5,23,0,33.53,18.25,18.23,16.97,20.86,16.69,19.14,18.09,16.23,16.81,14.77,15.04,16.23,22.7
1995,5,24,0,39.03,17.77,17.73,16.53,20.16,16.27,18.51,17.63,15.77,16.38,14.38,14.66,15.81,21.44
1995,5,25,0,68,27.06,27.72,24.8,34.08,24.37,30.59,26.83,24.24,24.98,22.25,22.26,24.15,45.23
1995,5,26,0,62.28,30.05,31,27.58,38.8,26.94,34.57,29.85,27.05,27.79,24.84,24.77,26.89,52.81
1995,5,27,0,0.87,1.56,1.64,2.23,0.57,1.7,1.33,1.89,1.82,1.64,1.34,1.58,1.55,0
1995,5,28,0,1.52,14.16,13.92,13.31,15.02,13.09,14.04,14.07,12.52,13.05,11.36,11.71,12.58,13.14
1995,5,29,0,10.45,15.13,14.95,14.2,16.38,13.95,15.21,15.04,13.42,13.96,12.18,12.51,13.46,15.36
1995,5,30,0,28.09,18.49,18.53,17.21,21.22,16.9,19.45,18.37,16.47,17.07,15.01,15.28,16.47,23.32
1995,5,31,0,8.05,14.09,13.86,13.26,14.93,13.04,13.96,14.01,12.48,13,11.31,11.66,12.53,13.02
1995,6,1,3.59,0,2.48,2.38,2.97,1.01,2.62,1.7,2.56,2.57,2.38,2.14,2.42,2.38,0
1995,6,2,5.07,0.46,4.8,4.41,5.21,2.95,4.66,3.43,4.77,4.32,4.39,3.82,4.14,4.22,0.1
1995,6,3,0,0,2.02,1.98,2.54,0.69,2.19,1.41,2.12,2.24,1.97,1.81,2.07,2.01,0
1995,6,4,0,0,0,0,0.27,0,0,0.23,0,0.44,0,0,0,0,0
1995,6,5,0,0,0.34,0.61,1.13,0,0.59,0.59,0.54,1.13,0.49,0.63,0.78,0.61,0
1995,6,6,0,0.29,2.52,2.41,3.01,1.04,2.66,1.72,2.6,2.6,2.41,2.17,2.45,2.41,0
1995,6,7,0,3.96,2.64,2.51,3.11,1.12,2.76,1.8,2.7,2.69,2.51,2.25,2.54,2.5,0
1995,6,8,0,0,0,0,0.26,0,0,0.23,0,0.43,0,0,0,0,0
1995,6,9,0,1.06,4.99,4.58,5.39,3.12,4.82,3.58,4.94,4.46,4.55,3.95,4.27,4.37,0.2
1995,6,10,0,0,4.18,3.86,4.6,2.38,4.12,2.93,4.17,3.85,3.85,3.37,3.68,3.73,0
1995,6,11,0,0,0,0.49,1,0,0,0.53,0.4,1.02,0,0.52,0.66,0.48,0
1995,6,12,0,0,0,0,0.69,0,0,0.4,0,0.78,0,0,0,0,0
1995,6,13,0.92,0,8.57,7.8,9,6.83,7.85,6.85,8.38,7.24,7.62,6.56,6.86,7.14,4.67
1995,6,14,0,21.2,14.43,13.14,15.01,13.65,12.66,12.85,14,11.84,12.6,10.82,10.99,11.58,16.64
1995,6,15,0.63,23.53,13.3,12.11,13.85,12.29,11.74,11.66,12.92,10.95,11.64,10,10.2,10.72,14.11
1995,6,16,0,2.8,5.36,4.91,5.76,3.48,5.14,3.9,5.3,4.75,4.87,4.23,4.55,4.66,0.44
1995,6,17,0,0.1,6.3,5.76,6.71,4.42,5.94,4.73,6.21,5.48,5.68,4.91,5.23,5.39,1.36
1995,6,18,0,4.41,7.61,6.93,8.02,5.78,7.04,5.93,7.46,6.49,6.8,5.86,6.17,6.4,3.12
1995,6,19,0,5.37,6.64,6.06,7.04,4.76,6.22,5.03,6.53,5.74,5.97,5.15,5.47,5.65,1.77
1995,6,20,0,0,5.43,4.97,5.83,3.55,5.2,3.96,5.37,4.8,4.93,4.28,4.6,4.71,0.5
1995,6,21,0.87,0,0,0.35,0.85,0,0,0.47,0,0.91,0,0.4,0.53,0,0
1995,6,22,14.02,0,2.28,2.21,2.78,0.87,2.44,1.57,2.37,2.43,2.2,1.99,2.27,2.22,0
1995,6,23,0,5.73,7.1,6.47,7.51,5.24,6.61,5.46,6.97,6.1,6.36,5.49,5.81,6.01,2.38
1995,6,24,1.69,0.52,2.55,2.44,3.03,1.06,2.68,1.74,2.62,2.63,2.44,2.19,2.48,2.44,0
1995,6,25,0.1,0,0,0,0.44,0,0,0.3,0,0.57,0,0,0,0,0
1995,6,26,0,0,2.05,2.01,2.57,0.71,2.22,1.42,2.15,2.26,2,1.83,2.1,2.03,0
1995,6,27,0,1.35,6.21,5.67,6.61,4.32,5.86,4.64,6.11,5.4,5.6,4.84,5.16,5.32,1.25
1995,6,28,1.05,1.5,4.68,4.3,5.08,2.83,4.55,3.33,4.65,4.22,4.28,3.73,4.05,4.12,0.1
1995,6,29,0,2.78,6.74,6.15,7.15,4.87,6.31,5.12,6.63,5.82,6.06,5.23,5.55,5.73,1.9
1995,6,30,0,13.91,13.65,12.42,14.21,12.71,12.02,12.03,13.25,11.22,11.94,10.25,10.44,10.98,14.87
1995,7,1,9.74,24.63,11.92,9.6,10.07,9.32,10.09,9.08,10.75,8.59,8.98,8.23,8.47,8.5,7.37
1995,7,2,10.56,0,11.72,9.45,9.93,9.12,9.94,8.91,10.58,8.46,8.85,8.11,8.35,8.38,7.1
1995,7,3,5.43,0.53,1.69,1.74,2.67,0.38,1.78,1.22,1.83,1.95,1.82,1.69,1.82,1.79,0
1995,7,4,0,0,0.74,1.04,2.05,0,0.8,0.81,1.01,1.37,1.04,1.11,1.14,1.03,0
1995,7,5,9.42,2.26,7.86,6.49,7.15,5.28,6.96,5.57,7.22,5.98,6.25,5.65,5.93,5.97,2.27
1995,7,6,0,0,0,0,0,0,0,0.1,0,0,0,0,0,0,0
1995,7,7,0,0,0,0,1.26,0,0,0.39,0,0.56,0,0.33,0,0,0
1995,7,8,0,4.8,7.49,6.21,6.88,4.92,6.67,5.27,6.9,5.74,6,5.41,5.69,5.73,1.89
1995,7,9,0,0,0.81,1.1,2.1,0.1,0.88,0.84,1.08,1.41,1.11,1.16,1.2,1.1,0
1995,7,10,0,0,0,0,1.35,0,0,0.43,0,0.65,0,0.42,0,0,0
1995,7,11,3.81,0,1,1.23,2.22,0.1,1.07,0.91,1.25,1.53,1.27,1.27,1.34,1.26,0
1995,7,12,2.31,0.85,5.73,4.86,5.6,3.34,5.27,3.88,5.37,4.6,4.78,4.28,4.56,4.6,0.43
1995,7,13,3.57,0,3.12,2.84,3.69,1.26,3.08,2.04,3.08,2.89,2.9,2.59,2.82,2.83,0
1995,7,14,1.13,0,2.47,2.34,3.22,0.83,2.5,1.65,2.51,2.46,2.41,2.18,2.37,2.36,0
1995,7,15,0,4.99,6.65,5.56,6.27,4.15,6,4.59,6.17,5.2,5.42,4.87,5.15,5.19,1.11
1995,7,16,0,0.1,5.96,5.03,5.76,3.53,5.45,4.05,5.57,4.75,4.94,4.43,4.71,4.75,0.58
1995,7,17,0,0,3.02,2.77,3.62,1.19,3,1.98,3,2.83,2.83,2.54,2.75,2.76,0
1995,7,18,4.98,0,4.45,3.87,4.66,2.26,4.22,2.93,4.25,3.76,3.87,3.46,3.72,3.75,0
1995,7,19,3.02,9.99,11.24,9.08,9.58,8.63,9.58,8.48,10.16,8.15,8.53,7.8,8.05,8.09,6.43
1995,7,20,10.03,0,3.76,3.34,4.16,1.73,3.64,2.46,3.65,3.31,3.38,3.01,3.26,3.28,0
1995,7,21,8.15,0,1.99,1.97,2.88,0.54,2.07,1.38,2.1,2.15,2.05,1.88,2.04,2.02,0
1995,7,22,6.14,5.28,7.6,6.3,6.96,5.03,6.76,5.36,7,5.82,6.08,5.48,5.77,5.81,2
1995,7,23,4.83,0,0,0,1.08,0,0,0.31,0,0.39,0,0,0,0,0
1995,7,24,1.17,0,0,0.47,1.59,0,0,0.55,0.36,0.89,0,0.64,0.57,0,0
1995,7,25,0,3.84,5.67,4.81,5.56,3.29,5.22,3.83,5.32,4.57,4.74,4.24,4.52,4.56,0.4
1995,7,26,0.1,0,1.59,1.67,2.6,0.33,1.68,1.17,1.74,1.89,1.74,1.62,1.75,1.71,0
1995,7,27,2.15,0,0,0,0,0,0,0,0,0,0,0,0,0,0
1995,7,28,5.6,0,0,0,0.54,0,0,0.12,0,0,0,0,0,0,0
1995,7,29,6.59,0,0.51,0.86,1.91,0,0.57,0.72,0.81,1.23,0.85,0.97,0.96,0.84,0
1995,7,30,17.76,1.8,13.26,10.63,11.04,10.74,11.11,10.31,11.91,9.44,9.88,9.09,9.3,9.33,9.33
1995,7,31,3.48,2.83,11.84,9.54,10.01,9.24,10.03,9.01,10.68,8.54,8.93,8.18,8.42,8.45,7.26
1995,8,1,0,1.83,12.23,9.98,11.2,9.55,11.1,9.32,11.56,9.48,9.58,8.43,9.08,9.38,7.63
1995,8,2,3.11,0,0,0,0.85,0,0,0.22,0,0,0,0,0,0,0
1995,8,3,13.27,0,3.02,2.76,3.8,1.15,2.95,1.96,3.22,2.96,2.96,2.56,2.94,2.98,0
1995,8,4,0,4.32,3.71,3.3,4.34,1.64,3.61,2.4,3.86,3.44,3.5,3.02,3.43,3.5,0
1995,8,5,0,0.16,3.68,3.27,4.32,1.62,3.57,2.37,3.83,3.42,3.47,2.99,3.4,3.47,0
1995,8,6,0,0,0,0,0,0,0,0,0,0,0,0,0,0,0
1995,8,7,0,0,0,0,0.88,0,0,0.23,0,0,0,0,0,0,0
1995,8,8,0,12.97,10.07,8.28,9.45,7.35,9.25,7.39,9.62,7.95,8.09,7.08,7.69,7.94,4.67
1995,8,9,1.2,0,0.92,1.22,2.34,0.1,0.79,0.93,1.32,1.61,1.22,1.21,1.41,1.32,0
1995,8,10,0,3.84,1.63,1.72,2.79,0.31,1.56,1.22,1.95,2.03,1.84,1.65,1.92,1.9,0
1995,8,11,15.02,4.29,12.08,9.85,11.07,9.39,10.97,9.18,11.42,9.38,9.48,8.34,8.98,9.28,7.4
1995,8,12,0,7.07,2.78,2.58,3.62,0.99,2.72,1.82,3,2.79,2.77,2.4,2.76,2.8,0
1995,8,13,18.17,25.03,18.83,15.16,16.53,16.66,16.69,15.59,17.44,14.16,14.03,12.51,13.23,13.68,18.3
1995,8,14,7.33,16.84,16.15,13.06,14.37,13.73,14.44,13,15.07,12.26,12.24,10.87,11.56,11.95,13.75
1995,8,15,5.17,0,0,0,0,0,0,0,0,0,0,0,0,0,0
1995,8,16,0,0.57,4.98,4.29,5.35,2.64,4.77,3.27,5.02,4.33,4.46,3.84,4.31,4.42,0.1
1995,8,17,0,0,1.79,1.83,2.9,0.4,1.73,1.29,2.1,2.13,1.97,1.76,2.05,2.03,0
1995,8,18,2.35,3.77,8.24,6.84,7.97,5.57,7.66,5.82,7.98,6.65,6.81,5.93,6.5,6.7,2.51
1995,8,19,0,16.32,16.08,13,14.31,13.65,14.37,12.93,15,12.21,12.19,10.82,11.52,11.9,13.63
1995,8,20,4.49,5.03,7.6,6.34,7.45,4.96,7.1,5.29,7.39,6.19,6.36,5.52,6.07,6.26,1.86
1995,8,21,0,16.95,13.44,10.92,12.17,10.81,12.13,10.43,12.64,10.34,10.41,9.18,9.85,10.18,9.42
1995,8,22,0,5.4,9.26,7.64,8.79,6.55,8.54,6.69,8.89,7.37,7.53,6.57,7.16,7.39,3.66
1995,8,23,5.68,7.71,10.73,8.8,9.98,8.01,9.81,7.97,10.21,8.42,8.55,7.49,8.12,8.38,5.53
1995,8,24,0.29,61.47,22.11,17.73,19.18,20.35,19.43,18.86,20.35,16.47,16.21,14.52,15.26,15.78,24.18
1995,8,25,8.87,0,0,0,1.23,0,0,0.36,0,0.46,0,0,0,0,0
1995,8,26,17.44,0,3.64,3.24,4.29,1.59,3.54,2.35,3.79,3.39,3.45,2.97,3.38,3.44,0
1995,8,27,9.36,5.59,2.51,2.37,3.42,0.81,2.45,1.67,2.75,2.61,2.56,2.23,2.57,2.59,0
1995,8,28,16.61,7.55,8.18,6.79,7.92,5.51,7.61,5.77,7.92,6.61,6.77,5.89,6.46,6.66,2.45
1995,8,29,9.39,13.8,8.02,6.67,7.79,5.35,7.47,5.64,7.78,6.49,6.66,5.79,6.35,6.55,2.28
1995,8,30,5.54,0,3.07,2.8,3.84,1.18,2.99,1.99,3.26,2.99,3,2.59,2.97,3.01,0
1995,8,31,14.63,5.72,9.73,8.01,9.17,7.01,8.95,7.09,9.32,7.71,7.85,6.87,7.47,7.71,4.24
1995,9,1,2.97,0,5.02,4.31,5.67,2.8,4.62,3.33,5.08,4.43,4.6,3.79,4.42,4.54,0
1995,9,2,0,0,2.33,2.25,3.6,0.82,1.98,1.65,2.62,2.56,2.21,1.93,2.31,2.29,0
1995,9,3,9.3,1.69,4.81,4.15,5.49,2.62,4.43,3.18,4.88,4.28,4.42,3.63,4.26,4.37,0
1995,9,4,7.02,0,0,0,1.48,0,0,0.46,0,0.59,0,0,0,0,0
1995,9,5,11.33,0,0,0,0,0,0,0,0,0,0,0,0,0,0
1995,9,6,7.27,1.52,8.09,6.79,8.22,5.64,7.42,5.84,7.97,6.78,7.08,6.11,6.79,6.93,2.29
1995,9,7,0,0.66,5.27,4.52,5.87,3.01,4.86,3.52,5.31,4.62,4.81,3.97,4.62,4.74,0
1995,9,8,1.89,0,6.54,5.53,6.92,4.15,6.02,4.52,6.51,5.58,5.84,4.92,5.6,5.73,0.68
1995,9,9,13.09,7.93,10.57,8.82,10.31,8.2,9.62,8.12,10.32,8.74,9.01,8.05,8.68,8.8,5.87
1995,9,10,0,0.39,6.74,5.69,7.09,4.33,6.2,4.68,6.69,5.73,6,5.07,5.75,5.89,0.85
1995,9,11,0,16.72,15.53,12.91,14.51,13.77,13.97,13.12,15.04,12.72,12.77,12.01,12.41,12.45,15.25
1995,9,12,4.09,39.93,20.44,16.98,18.67,19.63,18.23,18.42,19.72,16.7,16.43,15.99,16.07,16.01,26.23
1995,9,13,14.33,16.53,14,11.64,13.22,12,12.64,11.54,13.58,11.48,11.62,10.78,11.27,11.34,12.13
1995,9,14,0,13.7,15.38,12.79,14.39,13.59,13.84,12.97,14.9,12.6,12.66,11.89,12.3,12.35,14.94
1995,9,15,5.9,20.55,12.04,10.03,11.56,9.8,10.92,9.56,11.72,9.91,10.14,9.21,9.79,9.89,8.41
1995,9,16,10.71,4.98,8.63,7.23,8.67,6.18,7.9,6.32,8.48,7.2,7.5,6.53,7.2,7.34,2.98
1995,9,17,0,0.3,5.16,4.43,5.78,2.91,4.75,3.43,5.21,4.54,4.71,3.89,4.53,4.65,0
1995,9,18,0.79,22.22,22.06,18.32,20.03,21.62,19.63,20.22,21.26,18.02,17.62,17.32,17.27,17.16,30.08
1995,9,19,0,4.11,8.89,7.44,8.89,6.45,8.13,6.56,8.73,7.41,7.7,6.73,7.4,7.53,3.34
1995,9,20,4.19,14.09,13.41,11.16,12.72,11.33,12.12,10.93,13.02,11.01,11.18,10.3,10.82,10.9,10.97
1995,9,21,3.62,21.08,15.19,12.63,14.23,13.37,13.68,12.77,14.72,12.44,12.52,11.74,12.16,12.21,14.55
1995,9,22,0.1,25.4,21.06,17.49,19.19,20.38,18.77,19.11,20.31,17.2,16.89,16.5,16.53,16.45,27.69
1995,9,23,2.02,13.54,11.87,9.89,11.41,9.62,10.77,9.39,11.56,9.78,10.01,9.08,9.66,9.77,8.11
1995,9,24,1.23,34.52,17.04,14.16,15.8,15.55,15.29,14.73,16.48,13.94,13.91,13.23,13.54,13.56,18.5
1995,9,25,7.24,14.41,17.72,14.73,16.37,16.35,15.88,15.46,17.13,14.49,14.42,13.78,14.05,14.05,20
1995,9,26,16.44,0,12.01,10.01,11.53,9.77,10.9,9.53,11.7,9.89,10.11,9.19,9.77,9.87,8.36
1995,9,27,1.54,0,0,1.01,2.54,0,0,0.97,1.04,1.6,0,0.9,0.8,0,0
1995,9,28,0,19.66,15.73,13.07,14.68,14,14.15,13.34,15.23,12.88,12.93,12.17,12.56,12.6,15.67
1995,9,29,0,26.18,14.08,11.71,13.28,12.09,12.71,11.62,13.66,11.55,11.68,10.84,11.32,11.39,12.28
1995,9,30,0,12.11,9.73,8.13,9.6,7.31,8.88,7.33,9.52,8.07,8.36,7.38,8.04,8.17,4.55
1995,10,1,0.58,7.94,5.63,5.15,6.04,4.88,5.67,5.43,5.93,5.06,4.97,4.49,4.75,4.77,1.14
1995,10,2,1.65,4.55,9.54,8.91,9.57,10.72,9.41,10.86,10.43,8.56,8.94,8.42,8.38,8.55,9.11
1995,10,3,5.67,1.29,17.5,16.93,16.96,25.05,17.1,24.27,20.02,16.14,17.46,17.36,16.14,16.81,34.54
1995,10,4,1.58,0,1.26,1.45,2.51,0.57,1.68,1.34,1.49,1.74,1.08,1.07,1.2,1.2,0
1995,10,5,7.57,0,3.86,3.54,4.51,2.74,4,3.44,4.01,3.59,3.28,2.91,3.21,3.19,0
1995,10,6,4.95,3.32,11.64,10.99,11.5,14.26,11.43,14.16,12.91,10.52,11.14,10.68,10.38,10.67,14.98
1995,10,7,15.11,16.26,12.93,12.29,12.7,16.55,12.68,16.3,14.47,11.75,12.52,12.12,11.64,12.01,18.97
1995,10,8,5.01,6.16,11.76,11.11,11.62,14.48,11.55,14.37,13.06,10.64,11.28,10.82,10.51,10.8,15.36
1995,10,9,3,0.76,9.52,8.88,9.55,10.69,9.39,10.83,10.4,8.54,8.92,8.39,8.35,8.53,9.05
1995,10,10,2.15,0,0,0.21,1.39,0,0,0.54,0,0.76,0,0.21,0,0.12,0
1995,10,11,0,0,2.82,2.65,3.65,1.71,3.04,2.46,2.94,2.79,2.35,2.09,2.35,2.33,0
1995,10,12,0,2.54,3.55,3.27,4.25,2.41,3.71,3.13,3.68,3.34,3,2.66,2.95,2.92,0
1995,10,13,3.26,0,7.32,6.75,7.55,7.26,7.28,7.64,7.84,6.55,6.66,6.13,6.29,6.37,3.96
1995,10,14,0,0,4.89,4.47,5.4,3.94,4.97,4.56,5.12,4.44,4.26,3.81,4.1,4.1,0.35
1995,10,15,0,0,0.85,1.2,2.26,0.38,1.36,1.14,1.18,1.52,0.8,0.87,0.96,0.97,0
1995,10,16,0,0,0,0,1.26,0,0,0.47,0,0.65,0,0.13,0,0,0
1995,10,17,0,0,0,0,0.98,0,0,0.33,0,0.42,0,0,0,0,0
1995,10,18,0,0,0,0.63,1.74,0.1,0.59,0.76,0.46,1.07,0.16,0.46,0.4,0.47,0
1995,10,19,0,0,7.37,6.8,7.6,7.34,7.33,7.72,7.91,6.59,6.71,6.18,6.34,6.42,4.07
1995,10,20,0,8.61,11.67,11.02,11.53,14.32,11.46,14.21,12.95,10.55,11.18,10.72,10.41,10.71,15.07
1995,10,21,0,0.43,10.68,10.03,10.62,12.61,10.5,12.62,11.77,9.62,10.13,9.64,9.46,9.7,12.19
1995,10,22,0,0,0,0,0,0,0,0.1,0,0,0,0,0,0,0
1995,10,23,0,0,0.54,1.02,2.1,0.26,1.13,1.01,0.95,1.37,0.6,0.73,0.79,0.81,0
1995,10,24,0,0,0,0,0.86,0,0,0.28,0,0.31,0,0,0,0,0
1995,10,25,0,0,0,0,0.24,0,0,0.1,0,0,0,0,0,0,0
1995,10,26,0,0,0,0,0.91,0,0,0.3,0,0.36,0,0,0,0,0
1995,10,27,0,0,0.48,0.98,2.06,0.24,1.09,0.98,0.91,1.35,0.56,0.71,0.75,0.78,0
1995,10,28,0,0,1.42,1.56,2.61,0.66,1.81,1.43,1.62,1.83,1.19,1.15,1.31,1.31,0
1995,10,29,0,0,5.57,5.09,5.99,4.81,5.61,5.36,5.86,5.01,4.91,4.43,4.7,4.71,1.06
1995,10,30,0,5.41,10.76,10.11,10.69,12.75,10.58,12.75,11.87,9.7,10.22,9.72,9.54,9.78,12.42
1995,10,31,0,0,2.94,2.75,3.75,1.82,3.15,2.56,3.06,2.88,2.45,2.18,2.45,2.43,0
1995,11,1,0,0,0,0,0,0,0,0,0,0,0,0,0,0,0
1995,11,2,0,0,0.86,1.08,1.53,1.01,0.92,1.67,0.89,1.05,0.84,0.56,0.69,0.65,0
1995,11,3,0,0,1.56,1.8,2.21,2.13,1.57,2.92,1.67,1.63,1.41,1.02,1.18,1.14,0
1995,11,4,0,0,5.34,6.15,6.13,11.8,5.12,12.83,6.64,5.02,4.56,3.88,4.13,4.09,0
1995,11,5,0,2.26,12.44,15.12,14.02,37.45,11.82,38.66,17.11,11.9,10.67,9.98,10.19,10.09,11.05
1995,11,6,0,1.39,11.57,13.97,13.04,33.95,10.98,35.24,15.77,11.02,9.9,9.19,9.42,9.33,8.7
1995,11,7,0,0,3.27,3.7,3.94,5.89,3.17,6.84,3.81,3.12,2.82,2.25,2.47,2.43,0
1995,11,8,0,0,0,0,0,0,0,0,0,0,0,0,0,0,0
1995,11,9,0,0,0,0,0.1,0,0,0.1,0,0,0,0,0,0,0
1995,11,10,0.81,0,0.12,0.39,0.84,0.23,0.24,0.66,0.19,0.48,0.26,0.16,0.22,0.18,0
1995,11,11,1.14,0,3.9,4.43,4.59,7.57,3.76,8.55,4.65,3.69,3.35,2.73,2.97,2.93,0
1995,11,12,0,0,1.63,1.88,2.28,2.26,1.64,3.06,1.76,1.69,1.47,1.06,1.23,1.2,0
1995,11,13,0,0,4.47,5.1,5.2,9.17,4.29,10.17,5.42,4.21,3.82,3.18,3.42,3.38,0
1995,11,14,0,0,0.31,0.56,1.02,0.38,0.42,0.89,0.35,0.62,0.41,0.25,0.34,0.29,0
1995,11,15,0,0,0,0,0.1,0,0,0.1,0,0,0,0,0,0,0
1995,11,16,2.75,0,0.1,0.32,0.76,0.17,0.17,0.58,0.13,0.41,0.2,0.12,0.18,0.14,0
1995,11,17,3.3,0,5.2,5.98,5.98,11.36,4.98,12.39,6.44,4.89,4.44,3.77,4.02,3.98,0
1995,11,18,2,0,5.06,5.81,5.83,10.94,4.85,11.96,6.25,4.76,4.33,3.65,3.9,3.86,0
1995,11,19,6.58,0,0,0,0.1,0,0,0.1,0,0,0,0,0,0,0
1995,11,20,0,0,0,0,0,0,0,0,0,0,0,0,0,0,0
1995,11,21,0,0,0,0,0.1,0,0,0.1,0,0,0,0,0,0,0
1995,11,22,0,0,0,0,0,0,0,0,0,0,0,0,0,0,0
1995,11,23,0,0,0,0,0,0,0,0,0,0,0,0,0,0,0
1995,11,24,0,0,0,0,0,0,0,0,0,0,0,0,0,0,0
1995,11,25,0,0,0.9,1.12,1.57,1.07,0.96,1.74,0.93,1.09,0.87,0.59,0.72,0.68,0
1995,11,26,0,0,3.64,4.12,4.32,6.85,3.51,7.82,4.3,3.45,3.12,2.53,2.76,2.72,0
1995,11,27,0.93,0,1.71,1.96,2.35,2.4,1.71,3.21,1.85,1.75,1.53,1.12,1.29,1.25,0
1995,11,28,0,0,0.47,0.71,1.16,0.54,0.56,1.1,0.5,0.75,0.53,0.34,0.44,0.39,0
1995,11,29,0,0,0,0.18,0.6,0.1,0.1,0.4,0.1,0.29,0.1,0.1,0.1,0.1,0
1995,11,30,0,0,0,0.12,0.53,0.1,0,0.33,0,0.23,0.1,0.1,0.1,0.1,0
1995,12,1,0,0,0.36,0.6,0.91,0.8,0.5,1.39,0.46,0.46,0.35,0.18,0.25,0.28,0
1995,12,2,0,0,0.32,0.55,0.86,0.71,0.45,1.27,0.41,0.42,0.32,0.16,0.22,0.26,0
1995,12,3,0,0,3.06,4.23,4.32,10.16,3.13,11.25,4.09,3.16,2.72,1.59,1.98,1.98,0
1995,12,4,0,0,4.86,6.76,6.61,18.01,4.81,19.17,6.65,4.99,4.29,2.52,3.12,3.08,0
1995,12,5,0,0,2.05,2.84,3.04,6.15,2.16,7.11,2.67,2.14,1.83,1.07,1.34,1.35,0
1995,12,6,0,0,0,0.1,0.21,0.1,0.1,0.16,0,0.1,0,0,0,0,0
1995,12,7,0,0,4.77,6.64,6.51,17.62,4.74,18.8,6.53,4.9,4.22,2.48,3.07,3.03,0
1995,12,8,0,0,0,0,0,0,0,0,0,0,0,0,0,0,0
1995,12,9,0,0,0.1,0.23,0.5,0.2,0.18,0.58,0.13,0.17,0.1,0.1,0.1,0.1,0
1995,12,10,0,0.1,1.92,2.67,2.89,5.7,2.05,6.68,2.51,2.02,1.73,1,1.26,1.28,0
1995,12,11,0,0,3.61,5,5.02,12.5,3.64,13.58,4.86,3.72,3.2,1.88,2.33,2.32,0
1995,12,12,0,0,0,0,0,0,0,0,0,0,0,0,0,0,0
1995,12,13,0,0,0.42,0.69,1,0.95,0.57,1.58,0.55,0.53,0.42,0.22,0.29,0.33,0
1995,12,14,2.3,0,8.51,12.03,11.39,35.54,8.21,36.9,12.02,8.76,7.52,4.39,5.42,5.32,0
1995,12,15,4.54,0,0,0,0,0,0,0,0,0,0,0,0,0,0
1995,12,16,0.62,0,0,0,0,0,0,0,0,0,0,0,0,0,0
1995,12,17,0.1,0,0.23,0.44,0.74,0.51,0.36,1.02,0.32,0.33,0.25,0.12,0.16,0.2,0
1995,12,18,0,0,0,0,0.1,0,0,0.1,0,0,0,0,0,0,0
1995,12,19,0,0,0,0,0.1,0,0,0.1,0,0,0,0,0,0,0
1995,12,20,0,0,0,0,0,0,0,0,0,0,0,0,0,0,0
1995,12,21,0,0,0,0,0.1,0,0,0,0,0,0,0,0,0,0
1995,12,22,0,0,0.51,0.8,1.12,1.18,0.65,1.82,0.65,0.62,0.49,0.26,0.35,0.38,0
1995,12,23,0,0,0.37,0.62,0.93,0.83,0.51,1.43,0.48,0.48,0.37,0.19,0.26,0.29,0
1995,12,24,0,0,0,0,0,0,0,0,0,0,0,0,0,0,0
1995,12,25,0,0,0,0,0.1,0,0,0.1,0,0,0,0,0,0,0
1995,12,26,0,0,1.81,2.51,2.75,5.28,1.94,6.25,2.36,1.9,1.63,0.95,1.19,1.21,0
1995,12,27,0,0,0.48,0.76,1.07,1.09,0.62,1.72,0.61,0.58,0.46,0.24,0.33,0.36,0
1995,12,28,0.1,0,1.42,1.99,2.26,3.92,1.56,4.82,1.83,1.52,1.28,0.74,0.94,0.96,0
1995,12,29,0.44,0,0,0,0,0,0,0,0,0,0,0,0,0,0
1995,12,30,1.85,0,0,0,0,0,0,0,0,0,0,0,0,0,0
1995,12,31,1.9,0,0,0,0.1,0,0,0.1,0,0,0,0,0,0,0
1996,1,1,1.76,0,0.13,0.19,0.25,0.1,0.15,0.27,0.18,0.22,0.16,0.1,0.13,0.12,0
1996,1,2,0.8,0,0,0,0,0,0,0,0,0,0,0,0,0,0
1996,1,3,0,0,0,0,0,0,0,0,0,0,0,0,0,0,0
1996,1,4,0,0,0.1,0.1,0.16,0.1,0.1,0.14,0.1,0.15,0.1,0.1,0.1,0.1,0
1996,1,5,0,0,0,0,0,0,0,0,0,0,0,0,0,0,0
1996,1,6,0,0,0,0,0,0,0,0,0,0,0,0,0,0,0
1996,1,7,2.6,0,0,0,0,0,0,0,0,0,0,0,0,0,0
1996,1,8,0.84,0.93,2.31,2.91,2.88,8.3,2.28,8.41,3.35,2.28,2.1,1.62,1.76,1.79,0
1996,1,9,0,1.9,3.16,3.98,3.88,12.36,3.1,12.2,4.63,3.05,2.83,2.23,2.37,2.42,0
1996,1,10,0.1,0,1.28,1.62,1.66,3.79,1.29,4.13,1.82,1.34,1.21,0.89,1.01,1.02,0
1996,1,11,0.97,0,1.9,2.39,2.39,6.43,1.89,6.65,2.73,1.91,1.75,1.33,1.46,1.48,0
1996,1,12,1.98,0,0,0,0,0,0,0,0,0,0,0,0,0,0
1996,1,13,0,0,0,0,0,0,0,0,0,0,0,0,0,0,0
1996,1,14,0,0,0,0,0,0,0,0,0,0,0,0,0,0,0
1996,1,15,0,0,0,0,0,0,0,0,0,0,0,0,0,0,0
1996,1,16,0,0,0,0,0,0,0,0,0,0,0,0,0,0,0
1996,1,17,0,0,0,0,0,0,0,0,0,0,0,0,0,0,0
1996,1,18,0,0,0,0.1,0.1,0,0,0.1,0.1,0.1,0.1,0,0,0,0
1996,1,19,0,0,0,0,0.1,0,0,0,0,0.1,0,0,0,0,0
1996,1,20,0,0,0,0,0,0,0,0,0,0,0,0,0,0,0
1996,1,21,0,0,0.1,0.11,0.17,0.1,0.1,0.15,0.1,0.15,0.1,0.1,0.1,0.1,0
1996,1,22,0,0,0,0,0,0,0,0,0,0,0,0,0,0,0
1996,1,23,0,0,0,0,0,0,0,0,0,0,0,0,0,0,0
1996,1,24,0,0,0,0,0,0,0,0,0,0,0,0,0,0,0
1996,1,25,0,0,0,0,0,0,0,0,0,0,0,0,0,0,0
1996,1,26,0,0,0,0,0,0,0,0,0,0,0,0,0,0,0
1996,1,27,0,0,0.37,0.49,0.56,0.6,0.4,0.91,0.51,0.48,0.4,0.24,0.33,0.31,0
1996,1,28,0,0,0,0,0.1,0,0,0.1,0,0.1,0,0,0,0,0
1996,1,29,0,0,0,0,0,0,0,0,0,0,0,0,0,0,0
1996,1,30,0,0,0,0,0,0,0,0,0,0,0,0,0,0,0
1996,1,31,0,0,0.1,0.1,0.1,0,0.1,0.1,0.1,0.1,0.1,0,0.1,0.1,0
1996,2,1,0.1,0,0,0,0,0,0,0,0,0,0,0,0,0,0
1996,2,2,0,0,0,0,0,0,0,0,0,0,0,0,0,0,0
1996,2,3,0,0,0,0,0,0,0,0,0,0,0,0,0,0,0
1996,2,4,0,0,0,0.1,0.1,0,0,0,0.1,0.1,0,0,0,0,0
1996,2,5,2.65,0,0.36,0.44,0.54,0.14,0.38,0.39,0.46,0.45,0.36,0.26,0.31,0.3,0
1996,2,6,0,0,0,0,0,0,0,0,0,0,0,0,0,0,0
1996,2,7,0.33,0,0,0,0,0,0,0,0,0,0,0,0,0,0
1996,2,8,0.13,0,0,0,0,0,0,0,0,0,0,0,0,0,0
1996,2,9,0,0,0,0,0,0,0,0,0,0,0,0,0,0,0
1996,2,10,0,0,0,0,0,0,0,0,0,0,0,0,0,0,0
1996,2,11,0.53,0,0.14,0.17,0.23,0.1,0.14,0.1,0.17,0.2,0.13,0.1,0.11,0.1,0
1996,2,12,1.16,0,0,0,0,0,0,0,0,0,0,0,0,0,0
1996,2,13,0.62,0,0,0,0,0,0,0,0,0,0,0,0,0,0
1996,2,14,0,0,0,0,0,0,0,0,0,0,0,0,0,0,0
1996,2,15,0.18,0,0,0,0,0,0,0,0,0,0,0,0,0,0
1996,2,16,0,0,0,0,0,0,0,0,0,0,0,0,0,0,0
1996,2,17,0,0,0.1,0.1,0.1,0,0.1,0.1,0.1,0.1,0.1,0,0.1,0.1,0
1996,2,18,0,0,0.1,0.1,0.14,0,0.1,0.1,0.11,0.13,0.1,0.1,0.1,0.1,0
1996,2,19,0,0,0,0,0,0,0,0,0,0,0,0,0,0,0
1996,2,20,0,0,0,0,0,0,0,0,0,0,0,0,0,0,0
1996,2,21,0,0,0,0,0,0,0,0,0,0,0,0,0,0,0
1996,2,22,0,0,0,0,0,0,0,0,0,0,0,0,0,0,0
1996,2,23,0,0,0,0,0,0,0,0,0,0,0,0,0,0,0
1996,2,24,0.84,0,0,0,0,0,0,0,0,0,0,0,0,0,0
1996,2,25,2.48,0,0,0,0,0,0,0,0,0,0,0,0,0,0
1996,2,26,0,0,0,0,0,0,0,0,0,0,0,0,0,0,0
1996,2,27,0,0,0,0,0,0,0,0,0,0,0,0,0,0,0
1996,2,28,0.86,0,0,0,0,0,0,0,0,0,0,0,0,0,0
1996,2,29,0,0,0,0,0,0,0,0,0,0,0,0,0,0,0
1996,3,1,0,0,0.1,0.11,0.19,0.1,0.1,0.16,0.1,0.26,0.12,0.1,0.1,0.1,0
1996,3,2,0,0,1.78,1.73,1.91,1.89,1.6,2.32,2.01,1.73,1.61,1.6,1.59,1.6,0
1996,3,3,0,0,0.81,0.81,0.92,0.61,0.75,0.94,0.89,0.92,0.77,0.68,0.72,0.72,0
1996,3,4,0,0,0,0,0,0,0,0,0,0,0,0,0,0,0
1996,3,5,0,0,0.55,0.59,0.7,0.33,0.52,0.67,0.63,0.7,0.57,0.46,0.52,0.51,0
1996,3,6,0,0,0,0,0,0,0,0,0,0,0,0,0,0,0
1996,3,7,0,0,0.34,0.37,0.44,0.16,0.32,0.38,0.37,0.49,0.36,0.27,0.32,0.31,0
1996,3,8,0,0,0.82,0.82,0.92,0.62,0.76,0.95,0.89,0.92,0.77,0.68,0.73,0.72,0
1996,3,9,0,0,0.1,0.1,0.1,0.1,0.1,0.1,0.1,0.16,0.1,0.1,0.1,0.1,0
1996,3,10,0,0.91,5.34,5.13,5.5,8.34,4.69,8.33,6.36,4.72,4.67,5.27,4.9,4.95,1.67
1996,3,11,0,0,2.21,2.13,2.34,2.6,1.98,3.01,2.51,2.11,1.97,2.01,1.98,1.98,0
1996,3,12,0.2,0,0.1,0.1,0.1,0.1,0.1,0.1,0.1,0.17,0.1,0.1,0.1,0.1,0
1996,3,13,0.73,0,0.21,0.26,0.34,0.1,0.21,0.27,0.26,0.37,0.26,0.18,0.23,0.22,0
1996,3,14,0.14,0,2.84,2.72,2.97,3.67,2.53,4.01,3.25,2.64,2.5,2.64,2.54,2.56,0
1996,3,15,0.29,0,0.1,0.16,0.24,0.1,0.1,0.19,0.15,0.3,0.17,0.1,0.14,0.12,0
1996,3,16,0,0,1.04,1.04,1.19,0.88,0.95,1.29,1.17,1.13,0.98,0.9,0.94,0.94,0
1996,3,17,0,0,0,0,0,0,0,0,0,0.1,0,0,0,0,0
1996,3,18,0,0,0,0,0,0,0,0.1,0,0.1,0,0,0,0,0
1996,3,19,0,13.9,5,4.78,5.12,7.7,4.39,7.68,5.9,4.43,4.35,4.89,4.55,4.6,0.97
1996,3,20,0,1.46,6.78,6.49,6.96,11.29,5.92,10.95,8.13,5.93,5.89,6.79,6.24,6.31,6.91
1996,3,21,0,0,0,0,0,0,0,0,0,0,0,0,0,0,0
1996,3,22,0,0,0,0,0,0,0,0,0,0,0,0,0,0,0
1996,3,23,0,0,0,0,0,0,0,0,0,0,0,0,0,0,0
1996,3,24,0,0.1,3.38,3.24,3.49,4.62,2.99,4.85,3.92,3.07,2.97,3.2,3.05,3.07,0
1996,3,25,0.1,14.39,6.6,6.31,6.73,10.9,5.76,10.56,7.89,5.76,5.72,6.59,6.05,6.12,6.16
1996,3,26,7.32,0,0.71,0.72,0.83,0.49,0.66,0.81,0.79,0.82,0.69,0.59,0.64,0.64,0
1996,3,27,0.63,0,0,0,0,0,0,0,0,0,0,0,0,0,0
1996,3,28,1.19,0,0,0,0,0,0,0.1,0,0.1,0,0,0,0,0
1996,3,29,0,0,0.1,0.1,0.15,0.1,0.1,0.13,0.1,0.22,0.1,0.1,0.1,0.1,0
1996,3,30,0,0,0,0,0,0,0,0,0,0,0,0,0,0,0
1996,3,31,0,0,0,0,0,0,0,0,0,0,0,0,0,0,0
1996,4,1,0,0,0.1,0.1,0.33,0,0.1,0.24,0.1,0.27,0.14,0.1,0.1,0.1,0
1996,4,2,35.03,0,0,0,0,0,0,0,0,0,0,0,0,0,0
1996,4,3,0,0,0,0,0.1,0,0,0.1,0,0.1,0,0,0,0,0
1996,4,4,0,1.27,7.99,7.07,8.02,8.99,7.53,9.2,7.77,6.54,6.28,6.09,6.18,6.37,2.96
1996,4,5,0,0,1.86,1.68,2.16,1.12,1.76,1.84,1.91,1.76,1.68,1.41,1.51,1.57,0
1996,4,6,0,0.89,5.57,4.97,5.81,5.56,5.25,6.25,5.49,4.73,4.53,4.25,4.36,4.5,0
1996,4,7,0,0,0,0,0,0,0,0,0,0,0,0,0,0,0
1996,4,8,0,0,0.1,0.25,0.55,0.1,0.1,0.39,0.25,0.45,0.33,0.17,0.19,0.22,0
1996,4,9,0,0,0,0.1,0.1,0,0,0.1,0.1,0.1,0.1,0.1,0.1,0.1,0
1996,4,10,0,0,0,0,0,0,0,0,0,0,0,0,0,0,0
1996,4,11,5.24,0,0.73,0.74,1.08,0.23,0.69,0.78,0.85,0.87,0.81,0.6,0.66,0.7,0
1996,4,12,39.44,0.24,4.16,3.71,4.43,3.66,3.92,4.5,4.13,3.61,3.46,3.16,3.27,3.39,0
1996,4,13,7.31,0,1.29,1.23,1.69,0.64,1.21,1.38,1.39,1.37,1.27,1,1.09,1.14,0
1996,4,14,6.12,0,4.63,4.09,4.82,4.32,4.36,4.94,4.56,3.92,3.78,3.49,3.61,3.73,0
1996,4,15,17.19,0,1.03,0.96,1.39,0.45,0.97,1.11,1.1,1.13,1.02,0.79,0.87,0.91,0
1996,4,16,3.3,0,0,0.1,0.18,0,0,0.14,0.1,0.14,0.1,0.1,0.1,0.1,0
1996,4,17,8.46,0,3.01,2.68,3.28,2.31,2.83,3.08,3.01,2.67,2.57,2.27,2.38,2.47,0
1996,4,18,7.67,0,2.77,2.5,3.09,2.01,2.61,2.88,2.8,2.52,2.41,2.1,2.22,2.3,0
1996,4,19,0,2.38,4.37,3.88,4.6,3.95,4.11,4.69,4.32,3.75,3.6,3.3,3.42,3.54,0
1996,4,20,0,5.29,1.65,1.52,1.99,0.9,1.56,1.65,1.73,1.62,1.54,1.26,1.36,1.42,0
1996,4,21,0,21.95,9.96,8.82,9.93,11.91,9.38,11.88,9.65,8.1,7.73,7.61,7.68,7.9,7.82
1996,4,22,0.1,16.53,17.55,15.79,17.36,23.79,16.53,22.51,17.02,14.2,13.45,13.67,13.57,13.96,31.89
1996,4,23,0.1,5.53,0,0,0,0,0,0.1,0,0,0,0,0,0,0
1996,4,24,0,25.62,14.74,13.2,14.58,19.25,13.91,18.37,14.3,11.9,11.33,11.44,11.4,11.71,22.35
1996,4,25,2.73,7.04,10.39,9.31,10.48,12.6,9.79,12.6,10.14,8.55,8.14,8.02,8.07,8.31,9.02
1996,4,26,0.25,0,0,0,0.1,0,0,0.1,0,0.1,0,0,0,0,0
1996,4,27,1.25,7.96,6.88,6.1,7.05,7.43,6.48,7.92,6.7,5.75,5.48,5.22,5.32,5.49,1.08
1996,4,28,0,2.48,2.79,2.51,3.11,2.03,2.62,2.9,2.82,2.53,2.42,2.11,2.23,2.31,0
1996,4,29,0.25,6.25,2.87,2.57,3.17,2.13,2.7,2.97,2.89,2.58,2.47,2.17,2.29,2.37,0
1996,4,30,0.92,0,0.1,0.1,0.37,0,0.1,0.27,0.1,0.3,0.18,0.1,0.1,0.1,0
1996,5,1,0.41,0,1.42,1.54,2.12,0.48,1.57,1.24,1.77,1.73,1.52,1.24,1.48,1.44,0
1996,5,2,0,0,0,0,0,0,0,0.1,0,0,0,0,0,0,0
1996,5,3,5.11,0,2.54,2.45,3.06,1.23,2.64,1.96,2.8,2.56,2.49,2.04,2.34,2.37,0
1996,5,4,7.34,0,3.56,3.32,3.93,2.09,3.59,2.74,3.73,3.35,3.38,2.78,3.12,3.23,0
1996,5,5,0.1,8.5,7.62,7.24,7.52,6.43,7.29,6.59,7.67,6.79,7.06,5.99,6.4,6.78,1.38
1996,5,6,1.24,0,5.2,4.88,5.38,3.68,5.1,4.17,5.33,4.72,4.87,4.07,4.45,4.66,0
1996,5,7,0,0,0,0.5,1.02,0,0,0.58,0.56,0.79,0.37,0.31,0.46,0.33,0
1996,5,8,0,0,3.43,3.2,3.81,1.98,3.47,2.64,3.62,3.24,3.27,2.68,3.02,3.12,0
1996,5,9,0,0,4.1,3.84,4.41,2.58,4.1,3.18,4.27,3.8,3.88,3.21,3.57,3.71,0
1996,5,10,0,0.89,2.95,2.79,3.4,1.56,3.03,2.26,3.17,2.86,2.85,2.33,2.65,2.72,0
1996,5,11,0,10.53,12.87,12.58,12.18,13.24,11.96,12.5,12.81,11.39,11.88,10.3,10.67,11.44,10.43
1996,5,12,0,0,5.36,5.03,5.52,3.86,5.25,4.31,5.48,4.85,5.02,4.19,4.58,4.81,0
1996,5,13,0.1,3.63,11.32,11,10.82,11.13,10.59,10.7,11.3,10.03,10.46,9.02,9.41,10.07,7.39
1996,5,14,1.16,10.28,11.06,10.69,10.56,10.78,10.35,10.39,11,9.78,10.19,8.77,9.16,9.81,6.83
1996,5,15,0,1.36,7.42,7.01,7.33,6.19,7.11,6.38,7.44,6.6,6.86,5.81,6.21,6.59,1.13
1996,5,16,0.28,9.88,10.03,9.66,9.66,9.44,9.44,9.22,10.02,8.89,9.26,7.95,8.35,8.91,5
1996,5,17,0,1.97,3.92,3.67,4.25,2.4,3.92,3.02,4.09,3.65,3.71,3.06,3.42,3.54,0
1996,5,18,3.17,12.14,9.31,8.91,9,8.52,8.8,8.39,9.3,8.22,8.6,7.35,7.76,8.27,3.76
1996,5,19,0,11.01,8.4,7.97,8.17,7.38,7.98,7.41,8.4,7.42,7.76,6.6,7.01,7.46,2.37
1996,5,20,2.46,0,2.56,2.46,3.07,1.24,2.66,1.96,2.81,2.57,2.5,2.04,2.35,2.38,0
1996,5,21,12.64,2.38,6.23,5.84,6.27,4.81,6.03,5.16,6.29,5.57,5.77,4.85,5.25,5.54,0.1
1996,5,22,1.26,0,4.81,4.46,5.01,3.28,4.74,3.81,4.92,4.37,4.5,3.73,4.11,4.3,0
1996,5,23,3.93,0,0,0.68,1.21,0,0,0.69,0.76,0.95,0.56,0.47,0.63,0.52,0
1996,5,24,4.86,0,4.92,4.59,5.12,3.4,4.85,3.92,5.03,4.47,4.6,3.82,4.2,4.4,0
1996,5,25,4.67,12.84,12.2,11.87,11.57,12.32,11.37,11.72,12.12,10.79,11.24,9.72,10.1,10.83,9.07
1996,5,26,0.56,11.09,13.27,12.97,12.51,13.79,12.31,12.99,13.18,11.73,12.23,10.61,10.98,11.79,11.26
1996,5,27,3.26,9.64,9.33,8.93,9.02,8.55,8.82,8.42,9.33,8.24,8.62,7.37,7.78,8.29,3.8
1996,5,28,0.44,5.22,13.57,13.32,12.81,14.2,12.58,13.36,13.49,12.03,12.51,10.87,11.23,12.05,11.96
1996,5,29,0,0.1,5.76,5.38,5.84,4.3,5.61,4.71,5.85,5.15,5.37,4.5,4.89,5.15,0
1996,5,30,12.98,0,0,0,0,0,0,0,0,0,0,0,0,0,0
1996,5,31,9.54,0,0,0,0,0,0,0,0,0,0,0,0,0,0
1996,6,1,8.93,3.99,5.12,4.69,5.52,3.25,4.93,3.69,5.07,4.56,4.66,4.05,4.37,4.47,0.27
1996,6,2,23.88,1.54,3.6,3.35,4.03,1.88,3.62,2.48,3.62,3.41,3.35,2.95,3.26,3.28,0
1996,6,3,4.12,5.48,5.31,4.86,5.71,3.43,5.09,3.86,5.25,4.71,4.82,4.19,4.51,4.62,0.41
1996,6,4,0.41,7.71,9.12,8.3,9.56,7.43,8.3,7.38,8.9,7.67,8.09,6.96,7.25,7.55,5.62
1996,6,5,0.48,1.81,10.05,9.15,10.51,8.48,9.07,8.31,9.8,8.4,8.88,7.64,7.91,8.27,7.34
1996,6,6,0.39,0,3.42,3.19,3.86,1.73,3.45,2.35,3.45,3.27,3.19,2.81,3.12,3.13,0
1996,6,7,0,0,0,0,0.35,0,0,0.26,0,0.5,0,0,0,0,0
1996,6,8,2.35,0,0,0,0.74,0,0,0.42,0,0.82,0,0.3,0,0,0
1996,6,9,1.99,0.49,2.38,2.29,2.88,0.94,2.53,1.63,2.46,2.5,2.29,2.07,2.35,2.3,0
1996,6,10,0.79,2.94,5.59,5.11,5.99,3.7,5.33,4.1,5.52,4.92,5.06,4.39,4.71,4.84,0.63
1996,6,11,0,2.97,6.81,6.21,7.22,4.94,6.37,5.19,6.69,5.87,6.11,5.28,5.6,5.78,1.99
1996,6,12,0.34,11.81,6.99,6.37,7.4,5.13,6.52,5.35,6.86,6.01,6.27,5.41,5.73,5.92,2.23
1996,6,13,0.1,4.69,6.95,6.34,7.36,5.09,6.49,5.32,6.83,5.98,6.24,5.38,5.7,5.89,2.18
1996,6,14,13.41,0,0,0,0,0,0,0.15,0,0.27,0,0,0,0,0
1996,6,15,1.58,0,0,0,0,0,0,0.1,0,0,0,0,0,0,0
1996,6,16,2.06,0,0.79,0.98,1.51,0.1,1.03,0.78,0.97,1.42,0.89,0.95,1.14,0.99,0
1996,6,17,0.89,0,3.45,3.22,3.89,1.75,3.48,2.37,3.48,3.29,3.22,2.84,3.14,3.16,0
1996,6,18,0,1.28,4.38,4.04,4.79,2.56,4.3,3.09,4.37,4,4.03,3.51,3.83,3.89,0
1996,6,19,1.72,0,0,0.38,0.88,0,0,0.48,0,0.93,0,0.42,0.56,0,0
1996,6,20,3.86,0,0,0,0,0,0,0.1,0,0,0,0,0,0,0
1996,6,21,0,9.62,6.79,6.2,7.2,4.92,6.36,5.17,6.68,5.86,6.1,5.27,5.58,5.77,1.97
1996,6,22,12.84,1.38,0.57,0.8,1.33,0,0.81,0.69,0.76,1.28,0.7,0.79,0.97,0.8,0
1996,6,23,0,2.05,5.13,4.71,5.53,3.26,4.94,3.71,5.08,4.57,4.67,4.06,4.38,4.48,0.28
1996,6,24,0,0,7.05,6.42,7.45,5.18,6.57,5.4,6.92,6.06,6.32,5.45,5.77,5.97,2.3
1996,6,25,7.5,5.66,11.6,10.56,12.1,10.28,10.35,9.89,11.29,9.62,10.2,8.77,9,9.44,10.45
1996,6,26,5.33,17.51,25.13,22.97,26.14,27.2,21.25,24.79,24.27,20.26,21.63,18.57,18.39,19.55,43.58
1996,6,27,0,20.46,18.21,16.62,18.95,18.34,15.72,16.98,17.63,14.82,15.81,13.57,13.62,14.41,25.72
1996,6,28,0,28.25,13.57,12.36,14.13,12.62,11.96,11.95,13.18,11.17,11.88,10.2,10.39,10.93,14.72
1996,6,29,4.1,24.97,14.87,13.55,15.47,14.2,13.01,13.33,14.42,12.18,12.98,11.14,11.3,11.91,17.67
1996,6,30,5.44,17.03,14.96,13.63,15.57,14.31,13.09,13.43,14.52,12.26,13.06,11.21,11.36,11.98,17.89
1996,7,1,2.89,11.21,14.15,11.3,11.66,11.68,11.78,11.12,12.68,10,10.46,9.64,9.84,9.87,10.66
1996,7,2,13.9,26.57,19.92,15.69,15.74,18.02,16.07,16.6,17.65,13.64,14.21,13.29,13.34,13.32,20.05
1996,7,3,0,16.95,9.38,7.66,8.25,6.75,8.15,6.85,8.55,6.96,7.29,6.62,6.89,6.93,4
1996,7,4,0,5.34,6.24,5.25,5.97,3.78,5.68,4.27,5.81,4.93,5.14,4.61,4.89,4.93,0.78
1996,7,5,0,0,2.06,2.02,2.93,0.58,2.13,1.42,2.15,2.19,2.1,1.92,2.08,2.07,0
1996,7,6,0,7.43,13.47,10.78,11.18,10.96,11.27,10.5,12.09,9.58,10.01,9.22,9.43,9.45,9.64
1996,7,7,0,5.82,6.14,5.18,5.9,3.7,5.6,4.2,5.73,4.87,5.07,4.55,4.83,4.87,0.71
1996,7,8,3.98,10.68,12.73,10.22,10.65,10.17,10.71,9.82,11.45,9.1,9.52,8.75,8.97,9,8.54
1996,7,9,3.89,3.34,12.42,9.98,10.43,9.85,10.47,9.54,11.18,8.9,9.32,8.55,8.78,8.81,8.09
1996,7,10,3.19,0.65,5.49,4.67,5.42,3.12,5.07,3.69,5.16,4.44,4.61,4.12,4.4,4.44,0.29
1996,7,11,0,2,6.53,5.47,6.18,4.04,5.91,4.5,6.07,5.12,5.34,4.8,5.08,5.12,1.01
1996,7,12,9.07,0.33,3.15,2.86,3.71,1.28,3.11,2.06,3.11,2.91,2.92,2.62,2.84,2.85,0
1996,7,13,12.74,0,2.28,2.19,3.08,0.71,2.33,1.54,2.35,2.34,2.27,2.06,2.24,2.23,0
1996,7,14,8.89,2.36,4.15,3.64,4.44,2.03,3.97,2.72,3.99,3.57,3.66,3.26,3.52,3.54,0
1996,7,15,5.11,0,2.81,2.6,3.47,1.05,2.81,1.85,2.81,2.69,2.67,2.4,2.61,2.61,0
1996,7,16,16.61,0,0,0,0,0,0,0,0,0,0,0,0,0,0
1996,7,17,4.12,0,4.59,3.98,4.76,2.38,4.33,3.03,4.37,3.86,3.97,3.55,3.81,3.84,0
1996,7,18,4.62,0,3.46,3.1,3.94,1.5,3.38,2.26,3.38,3.11,3.15,2.82,3.05,3.07,0
1996,7,19,2.02,0,0.57,0.91,1.95,0,0.63,0.75,0.86,1.27,0.9,1.01,1.01,0.89,0
1996,7,20,9.7,0,1.5,1.6,2.54,0.29,1.58,1.13,1.66,1.83,1.66,1.57,1.69,1.64,0
1996,7,21,14.86,0.4,5.63,4.78,5.53,3.25,5.19,3.8,5.28,4.54,4.71,4.22,4.5,4.53,0.37
1996,7,22,0,2.34,7.32,6.08,6.75,4.77,6.54,5.13,6.75,5.63,5.88,5.3,5.58,5.63,1.72
1996,7,23,2.39,0,0,0,0,0,0,0.1,0,0,0,0,0,0,0
1996,7,24,11.07,0.42,0,0.6,1.7,0,0,0.6,0.51,1.01,0.56,0.75,0.7,0.56,0
1996,7,25,14.19,16.69,10.7,8.67,9.2,8.08,9.17,8,9.69,7.81,8.17,7.46,7.72,7.75,5.7
1996,7,26,1.93,0.35,3.79,3.36,4.18,1.75,3.66,2.48,3.67,3.33,3.39,3.03,3.27,3.29,0
1996,7,27,0,0,4,3.52,4.34,1.91,3.84,2.62,3.86,3.47,3.55,3.17,3.42,3.44,0
1996,7,28,7.04,0,7.64,6.33,6.99,5.07,6.79,5.39,7.03,5.84,6.1,5.51,5.79,5.83,2.04
1996,7,29,0,0,7.35,6.11,6.78,4.8,6.57,5.16,6.79,5.66,5.91,5.32,5.61,5.65,1.76
1996,7,30,6.19,0.59,4.62,4,4.78,2.4,4.36,3.05,4.4,3.87,3.99,3.56,3.83,3.86,0
1996,7,31,2.71,0,0.4,0.77,1.84,0,0,0.68,0.71,1.15,0.75,0.9,0.87,0.75,0
1996,8,1,1.94,2.2,9.16,7.57,8.71,6.45,8.46,6.6,8.81,7.31,7.46,6.51,7.1,7.33,3.55
1996,8,2,0,2.64,5.1,4.38,5.44,2.74,4.88,3.36,5.13,4.42,4.55,3.92,4.39,4.51,0.11
1996,8,3,0,0,0,0,0.76,0,0,0.19,0,0,0,0,0,0,0
1996,8,4,5.22,0.7,2.64,2.47,3.52,0.89,2.58,1.74,2.87,2.7,2.66,2.31,2.66,2.69,0
1996,8,5,0,3.07,4.91,4.23,5.29,2.59,4.71,3.22,4.96,4.29,4.41,3.8,4.26,4.37,0.1
1996,8,6,0,0,0,0,0.49,0,0,0.1,0,0,0,0,0,0,0
1996,8,7,3.56,0,0,0,0.53,0,0,0.11,0,0,0,0,0,0,0
1996,8,8,3.08,5.95,8.32,6.91,8.04,5.64,7.73,5.89,8.05,6.71,6.87,5.98,6.55,6.76,2.6
1996,8,9,1.82,0,0.57,0.97,2.13,0,0,0.81,0.98,1.4,0.9,0.97,1.12,1,0
1996,8,10,2.2,1.65,6.75,5.67,6.77,4.18,6.35,4.61,6.63,5.59,5.75,4.98,5.51,5.67,1.1
1996,8,11,3.41,6.41,6.52,5.49,6.58,3.97,6.15,4.43,6.42,5.43,5.59,4.83,5.36,5.51,0.92
1996,8,12,1.68,0,0,0.77,1.97,0,0,0.72,0.73,1.24,0.66,0.78,0.9,0.77,0
1996,8,13,5.56,0,3.39,3.05,4.09,1.41,3.3,2.19,3.56,3.21,3.25,2.8,3.2,3.26,0
1996,8,14,2.51,0,2.22,2.15,3.21,0.64,2.17,1.51,2.49,2.41,2.33,2.04,2.36,2.36,0
1996,8,15,0,0,2.9,2.67,3.71,1.06,2.83,1.89,3.11,2.88,2.87,2.48,2.85,2.89,0
1996,8,16,0,2.83,5.08,4.36,5.42,2.72,4.85,3.34,5.1,4.4,4.53,3.9,4.38,4.49,0.1
1996,8,17,14.19,11.11,10.38,8.52,9.7,7.66,9.51,7.66,9.9,8.17,8.31,7.27,7.89,8.15,5.06
1996,8,18,10.95,0,9.23,7.62,8.77,6.52,8.52,6.67,8.87,7.36,7.51,6.55,7.15,7.38,3.63
1996,8,19,5.99,0,8.37,6.94,8.07,5.68,7.77,5.93,8.09,6.74,6.9,6.01,6.58,6.79,2.65
1996,8,20,0,0,0,0,1.17,0,0,0.34,0,0.41,0,0,0,0,0
1996,8,21,0,0,0,0,0,0,0,0,0,0,0,0,0,0,0
1996,8,22,1.78,0,0,0,0.5,0,0,0.1,0,0,0,0,0,0,0
1996,8,23,7.36,0,5.16,4.42,5.49,2.79,4.93,3.4,5.18,4.46,4.59,3.96,4.43,4.55,0.12
1996,8,24,15.93,1.4,4.6,3.99,5.04,2.33,4.42,2.99,4.67,4.06,4.17,3.59,4.05,4.14,0.1
1996,8,25,8.04,3.59,11.75,9.59,10.8,9.05,10.69,8.88,11.13,9.14,9.25,8.13,8.77,9.06,6.93
1996,8,26,1.05,0,2.66,2.49,3.53,0.91,2.6,1.75,2.89,2.71,2.68,2.33,2.68,2.71,0
1996,8,27,3.9,6.96,6.54,5.51,6.6,3.99,6.17,4.45,6.44,5.44,5.6,4.84,5.37,5.53,0.93
1996,8,28,0,7.3,10.58,8.68,9.86,7.86,9.69,7.84,10.08,8.31,8.45,7.4,8.02,8.28,5.33
1996,8,29,4.17,7.35,8.47,7.02,8.16,5.78,7.86,6.02,8.18,6.81,6.97,6.07,6.65,6.86,2.76
1996,8,30,0,8.59,12.15,9.91,11.13,9.47,11.04,9.25,11.49,9.43,9.53,8.38,9.03,9.33,7.51
1996,8,31,0.59,0,0,0.75,1.95,0,0,0.71,0.7,1.22,0.63,0.76,0.87,0.74,0
1996,9,1,3.04,0,2.07,2.07,3.43,0.68,1.69,1.53,2.4,2.41,1.95,1.77,2.11,2.06,0
1996,9,2,18.67,0,3.72,3.29,4.63,1.76,3.39,2.43,3.87,3.49,3.49,2.85,3.4,3.48,0
1996,9,3,4.05,17.42,18.41,15.29,16.95,17.17,16.48,16.2,17.79,15.05,14.93,14.34,14.56,14.54,21.54
1996,9,4,0,31.53,18.74,15.57,17.23,17.57,16.77,16.57,18.11,15.32,15.17,14.61,14.81,14.78,22.3
1996,9,5,0,0,1.26,1.56,2.97,0.29,0.75,1.22,1.76,1.99,1.09,1.33,1.51,1.28,0
1996,9,6,0,0,0,0,1.93,0,0,0.65,0,1.01,0,0,0,0,0
1996,9,7,0,0,2.96,2.72,4.05,1.22,2.64,1.98,3.18,2.97,2.81,2.33,2.81,2.84,0
1996,9,8,2.01,0,0,0,0,0,0,0.17,0,0,0,0,0,0,0
1996,9,9,0,0,6.21,5.27,6.65,3.84,5.72,4.25,6.19,5.33,5.57,4.67,5.35,5.48,0.43
1996,9,10,1.36,4.8,9.62,8.04,9.51,7.2,8.79,7.23,9.42,7.99,8.27,7.3,7.96,8.09,4.39
1996,9,11,23.13,12.32,15.94,13.25,14.86,14.24,14.33,13.56,15.43,13.05,13.08,12.34,12.72,12.75,16.12
1996,9,12,0.13,35.29,23.49,19.52,21.24,23.4,20.87,21.83,22.63,19.18,18.68,18.49,18.33,18.19,33.57
1996,9,13,0,38.88,20.1,16.7,18.38,19.22,17.94,18.05,19.4,16.42,16.18,15.72,15.82,15.76,25.43
1996,9,14,13.83,8.36,24.14,20.06,21.79,24.2,21.43,22.57,23.25,19.72,19.15,19.02,18.81,18.65,35.19
1996,9,15,13.72,9.73,23.92,19.87,21.6,23.92,21.24,22.31,23.03,19.53,19,18.84,18.64,18.49,34.62
1996,9,16,20.33,12.59,13.16,10.96,12.51,11.06,11.91,10.69,12.79,10.81,10.99,10.11,10.64,10.72,10.5
1996,9,17,0,18.6,12.36,10.3,11.83,10.16,11.21,9.88,12.03,10.17,10.38,9.47,10.04,10.13,9
1996,9,18,8.28,22.99,15.99,13.29,14.91,14.31,14.38,13.61,15.48,13.09,13.12,12.38,12.76,12.79,16.23
1996,9,19,30.01,15.33,9.75,8.14,9.62,7.33,8.9,7.35,9.54,8.09,8.37,7.4,8.06,8.18,4.58
1996,9,20,43.07,6.33,7.1,5.98,7.39,4.67,6.53,4.98,7.03,6.01,6.29,5.35,6.03,6.17,1.19
1996,9,21,22.45,5.97,9.3,7.78,9.24,6.87,8.5,6.93,9.12,7.73,8.02,7.05,7.71,7.84,3.91
1996,9,22,26.07,1.87,8.74,7.32,8.77,6.29,8,6.42,8.59,7.29,7.59,6.61,7.29,7.42,3.13
1996,9,23,21.93,22.83,17.51,14.55,16.19,16.1,15.7,15.23,16.93,14.32,14.26,13.61,13.89,13.89,19.53
1996,9,24,31.56,33.8,14.52,12.08,13.66,12.6,13.1,12.08,14.08,11.91,12.02,11.2,11.66,11.72,13.18
1996,9,25,4.49,0.62,15.05,12.51,14.11,13.21,13.56,12.63,14.59,12.33,12.42,11.62,12.05,12.11,14.26
1996,9,26,0,0.5,3.92,3.45,4.78,1.91,3.58,2.56,4.05,3.63,3.66,2.99,3.56,3.64,0
1996,9,27,0.16,2.87,7.78,6.54,7.96,5.34,7.14,5.57,7.68,6.54,6.83,5.87,6.56,6.69,1.92
1996,9,28,0,6.75,9.28,7.76,9.22,6.85,8.48,6.91,9.1,7.72,8.01,7.03,7.7,7.83,3.88
1996,9,29,0,11.52,10.22,8.54,10.02,7.84,9.32,7.8,10,8.47,8.74,7.78,8.42,8.54,5.32
1996,9,30,0,16.33,13.77,11.46,13.02,11.74,12.44,11.3,13.37,11.3,11.45,10.59,11.09,11.17,11.68
1996,10,1,4.02,5.23,14.63,14,14.28,19.64,14.32,19.19,16.52,13.37,14.35,14.04,13.3,13.78,24.51
1996,10,2,7.79,0,4.62,4.22,5.16,3.61,4.71,4.25,4.82,4.21,4,3.57,3.86,3.85,0.16
1996,10,3,6.13,0,2.78,2.62,3.62,1.67,3.01,2.42,2.9,2.76,2.31,2.06,2.32,2.3,0
1996,10,4,0.71,0,4.47,4.08,5.03,3.43,4.57,4.08,4.65,4.08,3.85,3.43,3.73,3.72,0.1
1996,10,5,10.94,0,1.33,1.5,2.55,0.6,1.73,1.38,1.54,1.77,1.12,1.1,1.25,1.24,0
1996,10,6,6.96,0,4.06,3.72,4.68,2.97,4.19,3.65,4.22,3.75,3.47,3.08,3.38,3.36,0
1996,10,7,16.82,1.68,8.13,7.52,8.28,8.48,8.05,8.78,8.77,7.27,7.48,6.94,7.04,7.15,5.68
1996,10,8,10.04,2.48,8.93,8.31,9.02,9.74,8.82,9.95,9.71,8,8.31,7.78,7.8,7.95,7.57
1996,10,9,5.77,14.59,19.96,19.47,19.27,29.86,19.48,28.78,23.06,18.55,20.16,20.27,18.6,19.45,43.67
1996,10,10,8.38,0,9.22,8.59,9.28,10.2,9.1,10.38,10.05,8.27,8.61,8.08,8.07,8.23,8.29
1996,10,11,25.86,0,6.06,5.55,6.43,5.47,6.08,5.97,6.41,5.44,5.4,4.9,5.14,5.17,1.74
1996,10,12,10.48,0,4.05,3.71,4.67,2.95,4.18,3.63,4.21,3.74,3.46,3.07,3.37,3.35,0
1996,10,13,0.16,0,0,0,0,0,0,0,0,0,0,0,0,0,0
1996,10,14,0,0,0,0,1.29,0,0,0.48,0,0.67,0,0.14,0,0,0
1996,10,15,0.63,0.74,10.1,9.46,10.09,11.65,9.95,11.72,11.09,9.08,9.52,9.01,8.91,9.11,10.6
1996,10,16,0,25.25,12.32,11.67,12.14,15.46,12.09,15.29,13.73,11.17,11.87,11.44,11.05,11.38,17.06
1996,10,17,0,14.82,29.62,29.57,28.38,49.71,28.87,47.49,35.14,28.17,30.92,32.05,28.39,30.01,82.49
1996,10,18,0,1.71,10.25,9.61,10.23,11.9,10.09,11.96,11.27,9.22,9.68,9.18,9.05,9.27,11.01
1996,10,19,0,0,6.97,6.41,7.24,6.74,6.94,7.16,7.44,6.23,6.3,5.78,5.97,6.03,3.28
1996,10,20,0,0.58,8.53,7.92,8.65,9.11,8.44,9.36,9.24,7.64,7.9,7.36,7.42,7.55,6.6
1996,10,21,0,0,6.63,6.09,6.93,6.26,6.62,6.71,7.06,5.93,5.96,5.44,5.66,5.71,2.67
1996,10,22,0,0,8.11,7.51,8.27,8.45,8.03,8.75,8.75,7.25,7.46,6.92,7.02,7.13,5.63
1996,10,23,0.41,0,6.7,6.15,6.99,6.35,6.68,6.8,7.13,5.99,6.03,5.51,5.72,5.77,2.78
1996,10,24,0,3.42,7.82,7.23,8,8.01,7.76,8.34,8.42,6.99,7.17,6.63,6.75,6.85,5
1996,10,25,0.1,0,12.57,11.92,12.37,15.9,12.33,15.69,14.03,11.4,12.13,11.71,11.29,11.63,17.82
1996,10,26,0.5,0,5.61,5.13,6.03,4.86,5.65,5.42,5.91,5.05,4.96,4.47,4.74,4.75,1.12
1996,10,27,0,0,7.41,6.83,7.64,7.39,7.37,7.77,7.95,6.63,6.75,6.22,6.38,6.45,4.14
1996,10,28,3.39,0,2.86,2.68,3.69,1.74,3.08,2.49,2.98,2.82,2.38,2.12,2.39,2.36,0
1996,10,29,0.75,0,5.37,4.91,5.82,4.55,5.42,5.12,5.65,4.84,4.72,4.25,4.52,4.53,0.83
1996,10,30,0,0,0,0,0,0,0,0.1,0,0,0,0,0,0,0
1996,10,31,0,0,0,0.11,1.3,0,0,0.49,0,0.68,0,0.15,0,0,0
1996,11,1,0,0,0,0,0.1,0,0,0.1,0,0,0,0,0,0,0
1996,11,2,1.08,0,0,0,0.1,0,0,0.1,0,0,0,0,0,0,0
1996,11,3,0,0,8.14,9.6,9.18,21.13,7.74,22.24,10.65,7.67,6.94,6.21,6.46,6.41,1.45
1996,11,4,0,5.12,12.51,15.21,14.1,37.71,11.89,38.93,17.22,11.96,10.73,10.04,10.25,10.15,11.23
1996,11,5,0,0,0.11,0.38,0.82,0.21,0.23,0.65,0.18,0.47,0.25,0.15,0.22,0.17,0
1996,11,6,2.05,0,0,0,0.26,0,0,0.11,0,0.1,0,0,0,0,0
1996,11,7,0.56,0,0.1,0.34,0.79,0.18,0.19,0.6,0.15,0.44,0.22,0.13,0.19,0.15,0
1996,11,8,4.08,0,0,0,0.13,0,0,0.1,0,0,0,0,0,0,0
1996,11,9,5.78,0,2.79,3.15,3.45,4.73,2.72,5.64,3.19,2.7,2.42,1.89,2.1,2.06,0
1996,11,10,1.31,0,5.49,6.33,6.29,12.25,5.25,13.29,6.84,5.16,4.69,4,4.25,4.21,0
1996,11,11,0.43,0,0,0,0.1,0,0,0.1,0,0,0,0,0,0,0
1996,11,12,0.43,0,0.59,0.82,1.28,0.67,0.67,1.27,0.61,0.84,0.63,0.4,0.51,0.47,0
1996,11,13,0,0,1.9,2.16,2.55,2.77,1.89,3.6,2.08,1.92,1.68,1.25,1.43,1.39,0
1996,11,14,0.26,0,0,0.1,0.34,0.1,0,0.17,0,0.1,0,0,0,0,0
1996,11,15,0.11,0,5.41,6.22,6.2,11.99,5.17,13.02,6.72,5.08,4.62,3.93,4.18,4.14,0
1996,11,16,0,0,5.53,6.38,6.33,12.38,5.29,13.42,6.9,5.2,4.72,4.03,4.29,4.24,0
1996,11,17,0,0,10.55,12.66,11.87,30.01,10.02,31.2,14.23,10.02,9.02,8.29,8.53,8.45,6.18
1996,11,18,0,2.89,8.07,9.51,9.11,20.89,7.68,22.01,10.56,7.61,6.89,6.15,6.41,6.35,1.35
1996,11,19,0.1,0,0,0,0,0,0,0,0,0,0,0,0,0,0
1996,11,20,0,0,0,0,0.1,0,0,0.1,0,0,0,0,0,0,0
1996,11,21,0,0,2.49,2.81,3.14,4.02,2.44,4.92,2.81,2.43,2.17,1.67,1.87,1.83,0
1996,11,22,0,0,0,0,0.1,0,0,0.1,0,0,0,0,0,0,0
1996,11,23,0,0,0,0,0.27,0,0,0.12,0,0.1,0,0,0,0,0
1996,11,24,0,0,3.18,3.6,3.85,5.68,3.09,6.62,3.7,3.04,2.75,2.18,2.4,2.37,0
1996,11,25,0,0,0,0,0,0,0,0.1,0,0,0,0,0,0,0
1996,11,26,4.19,0,0,0,0,0,0,0,0,0,0,0,0,0,0
1996,11,27,6.82,0,0,0,0,0,0,0,0,0,0,0,0,0,0
1996,11,28,4.47,0,0,0,0,0,0,0,0,0,0,0,0,0,0
1996,11,29,0,0,0,0,0,0,0,0,0,0,0,0,0,0,0
1996,11,30,0,0,0.81,1.03,1.48,0.94,0.87,1.59,0.83,1.01,0.8,0.53,0.65,0.61,0
1996,12,1,0,0,1.4,1.97,2.24,3.86,1.54,4.75,1.8,1.5,1.26,0.73,0.93,0.95,0
1996,12,2,0,0,0,0.1,0.3,0.1,0.1,0.27,0.1,0.1,0.1,0,0,0.1,0
1996,12,3,0,0,2.59,3.58,3.73,8.24,2.68,9.3,3.43,2.68,2.31,1.35,1.68,1.69,0
1996,12,4,0,0,3.04,4.21,4.3,10.09,3.11,11.18,4.06,3.14,2.71,1.59,1.97,1.97,0
1996,12,5,0,0,0,0,0,0,0,0,0,0,0,0,0,0,0
1996,12,6,0,0,0.74,1.09,1.4,1.78,0.88,2.5,0.93,0.84,0.69,0.38,0.5,0.53,0
1996,12,7,0,0,3.27,4.52,4.59,11.05,3.33,12.12,4.38,3.38,2.9,1.71,2.12,2.11,0
1996,12,8,0,0.1,0,0.1,0.13,0,0,0.1,0,0,0,0,0,0,0
1996,12,9,0,0,0,0,0.1,0,0,0.1,0,0,0,0,0,0,0
1996,12,10,0,0,0,0,0,0,0,0,0,0,0,0,0,0,0
1996,12,11,0,0,0,0,0.1,0,0,0.1,0,0,0,0,0,0,0
1996,12,12,0,0,0,0.1,0.28,0.1,0.1,0.25,0.1,0.1,0.1,0,0,0.1,0
1996,12,13,0,0,0.1,0.27,0.55,0.26,0.21,0.66,0.17,0.2,0.13,0.1,0.1,0.11,0
1996,12,14,0,0,1.27,1.8,2.07,3.42,1.42,4.3,1.63,1.37,1.16,0.66,0.84,0.87,0
1996,12,15,0,0.1,3.01,4.16,4.26,9.94,3.08,11.04,4.02,3.11,2.68,1.57,1.95,1.95,0
1996,12,16,0,0,4.56,6.34,6.24,16.67,4.54,17.81,6.22,4.69,4.03,2.37,2.93,2.9,0
1996,12,17,0,0.1,0.25,0.47,0.77,0.57,0.39,1.08,0.34,0.36,0.27,0.13,0.18,0.22,0
1996,12,18,0,0,2.44,3.37,3.53,7.64,2.53,8.64,3.2,2.53,2.17,1.27,1.58,1.59,0
1996,12,19,0,0,0.6,0.91,1.23,1.39,0.75,2.1,0.76,0.7,0.57,0.31,0.41,0.44,0
1996,12,20,0,0.1,9.46,13.43,12.66,40.37,9.1,41.76,13.45,9.76,8.37,4.88,6.02,5.9,0
1996,12,21,0,0,0.24,0.46,0.75,0.54,0.37,1.05,0.33,0.35,0.26,0.12,0.17,0.21,0
1996,12,22,0,0,3.81,5.28,5.29,13.36,3.84,14.5,5.16,3.93,3.38,1.99,2.46,2.45,0
1996,12,23,0,0.62,1.26,1.79,2.06,3.39,1.41,4.27,1.62,1.36,1.15,0.66,0.84,0.87,0
1996,12,24,0,0,1.12,1.59,1.88,2.93,1.27,3.77,1.43,1.22,1.02,0.59,0.74,0.77,0
1996,12,25,0,0,0,0,0,0,0,0,0,0,0,0,0,0,0
1996,12,26,0,0,0.1,0.26,0.53,0.24,0.2,0.63,0.15,0.19,0.12,0.1,0.1,0.1,0
1996,12,27,0,0,0.14,0.32,0.61,0.33,0.25,0.77,0.2,0.24,0.16,0.1,0.1,0.14,0
1996,12,28,0,0,0.29,0.52,0.82,0.65,0.42,1.18,0.38,0.4,0.3,0.14,0.2,0.24,0
1996,12,29,0,0,0,0,0,0,0,0,0,0,0,0,0,0,0
1996,12,30,0,0,0,0,0.1,0,0,0.1,0,0,0,0,0,0,0
1996,12,31,0,0,0,0,0,0,0,0,0,0,0,0,0,0,0
1997,1,1,0,0,0.1,0.12,0.17,0.1,0.1,0.16,0.1,0.16,0.1,0.1,0.1,0.1,0
1997,1,2,0,0,0,0,0,0,0,0,0,0,0,0,0,0,0
1997,1,3,0,0,0,0,0,0,0,0,0,0,0,0,0,0,0
1997,1,4,0,0,0,0,0,0,0,0,0,0,0,0,0,0,0
1997,1,5,0,0,0,0,0,0,0,0,0,0,0,0,0,0,0
1997,1,6,0,0,0,0,0,0,0,0,0,0,0,0,0,0,0
1997,1,7,0,0,0,0,0,0,0,0,0,0,0,0,0,0,0
1997,1,8,0,0,0,0,0,0,0,0,0,0,0,0,0,0,0
1997,1,9,0,0,0.19,0.26,0.32,0.2,0.21,0.42,0.26,0.29,0.22,0.1,0.17,0.16,0
1997,1,10,0,0,0.59,0.76,0.83,1.25,0.61,1.61,0.82,0.69,0.59,0.39,0.5,0.49,0
1997,1,11,0,0,0.31,0.42,0.49,0.47,0.34,0.76,0.43,0.42,0.34,0.2,0.28,0.27,0
1997,1,12,0,0,0,0,0,0,0,0,0,0,0,0,0,0,0
1997,1,13,0,0,0,0,0,0,0,0,0,0,0,0,0,0,0
1997,1,14,0,0,0,0,0,0,0,0,0,0,0,0,0,0,0
1997,1,15,0,0,0,0,0,0,0,0,0,0,0,0,0,0,0
1997,1,16,0,0,0,0,0,0,0,0,0,0,0,0,0,0,0
1997,1,17,0,0,0.1,0.1,0.1,0,0.1,0.1,0.1,0.1,0.1,0,0.1,0.1,0
1997,1,18,0,0,0.93,1.19,1.24,2.44,0.95,2.81,1.31,1.02,0.9,0.64,0.76,0.75,0
1997,1,19,0,0,0,0,0,0,0,0,0,0,0,0,0,0,0
1997,1,20,0,0,0,0,0,0,0,0,0,0,0,0,0,0,0
1997,1,21,0,0,0.34,0.45,0.52,0.53,0.36,0.82,0.47,0.44,0.36,0.21,0.3,0.29,0
1997,1,22,0.19,0,0.1,0.1,0.1,0,0.1,0.1,0.1,0.1,0.1,0,0.1,0,0
1997,1,23,1.17,0,0,0,0,0,0,0,0,0,0,0,0,0,0
1997,1,24,0,0,0,0,0,0,0,0,0,0,0,0,0,0,0
1997,1,25,0,0,0,0,0,0,0,0,0,0,0,0,0,0,0
1997,1,26,0,0,0,0,0,0,0,0,0,0,0,0,0,0,0
1997,1,27,0,0,0.88,1.12,1.18,2.23,0.9,2.61,1.23,0.97,0.86,0.6,0.72,0.71,0
1997,1,28,0,0,0.1,0.1,0.1,0,0.1,0.1,0.1,0.1,0.1,0,0.1,0,0
1997,1,29,0,0,0.46,0.61,0.68,0.87,0.49,1.21,0.64,0.57,0.48,0.31,0.4,0.39,0
1997,1,30,0,0,0.19,0.27,0.33,0.21,0.21,0.43,0.27,0.29,0.22,0.11,0.18,0.17,0
1997,1,31,0,0,0.17,0.24,0.31,0.17,0.19,0.38,0.24,0.27,0.2,0.1,0.16,0.15,0
1997,2,1,0.16,0,1.05,1.41,1.57,1.54,1.15,2.13,1.4,1.26,1.1,0.93,0.99,0.99,0
1997,2,2,0.12,1.3,2.86,4.21,4.49,8.39,3.26,9.1,4.06,3.45,3.14,2.82,2.89,2.92,0.24
1997,2,3,0,0,0.48,0.61,0.72,0.28,0.51,0.61,0.61,0.59,0.48,0.37,0.42,0.42,0
1997,2,4,0,0.36,2.67,3.9,4.17,7.55,3.03,8.26,3.78,3.21,2.92,2.62,2.68,2.71,0.1
1997,2,5,0,0,0.66,0.86,0.99,0.59,0.71,1.03,0.86,0.8,0.68,0.54,0.6,0.6,0
1997,2,6,0,0,1.7,2.38,2.59,3.66,1.9,4.38,2.33,2.03,1.82,1.59,1.66,1.67,0
1997,2,7,0,0,2.45,3.56,3.82,6.63,2.79,7.38,3.46,2.95,2.68,2.39,2.45,2.48,0.1
1997,2,8,0,0.1,2.04,2.91,3.14,4.97,2.3,5.71,2.84,2.44,2.21,1.95,2.02,2.04,0
1997,2,9,0,0,0,0,0,0,0,0,0,0,0,0,0,0,0
1997,2,10,0,0,0,0,0,0,0,0,0,0,0,0,0,0,0
1997,2,11,0,0,0,0,0,0,0,0,0,0,0,0,0,0,0
1997,2,12,0,0,0,0,0,0,0,0,0,0,0,0,0,0,0
1997,2,13,0,0,0,0,0,0,0,0,0,0,0,0,0,0,0
1997,2,14,0,0,0.62,0.79,0.92,0.52,0.67,0.93,0.8,0.75,0.63,0.5,0.56,0.56,0
1997,2,15,0,0,0.27,0.33,0.42,0.1,0.28,0.24,0.34,0.35,0.26,0.19,0.23,0.22,0
1997,2,16,0,0,0.38,0.46,0.57,0.16,0.4,0.42,0.48,0.47,0.38,0.28,0.33,0.32,0
1997,2,17,0,0,0.4,0.49,0.6,0.18,0.42,0.46,0.5,0.5,0.4,0.3,0.35,0.34,0
1997,2,18,0,0,0,0,0,0,0,0,0,0,0,0,0,0,0
1997,2,19,0,0,0,0,0,0,0,0,0,0,0,0,0,0,0
1997,2,20,0,0,0.88,1.16,1.31,1.08,0.96,1.63,1.16,1.06,0.91,0.75,0.82,0.82,0
1997,2,21,0,0,2.75,4.03,4.29,7.89,3.13,8.62,3.9,3.31,3.02,2.7,2.77,2.79,0.15
1997,2,22,0,0,0.1,0.1,0.13,0,0.1,0.1,0.1,0.12,0.1,0.1,0.1,0.1,0
1997,2,23,0,0,0.56,0.71,0.83,0.42,0.6,0.8,0.72,0.68,0.57,0.45,0.5,0.5,0
1997,2,24,0,0,0.41,0.51,0.62,0.2,0.44,0.48,0.52,0.51,0.41,0.31,0.36,0.36,0
1997,2,25,0,0,0,0,0,0,0,0,0,0,0,0,0,0,0
1997,2,26,0,0,0,0,0,0,0,0,0,0,0,0,0,0,0
1997,2,27,0,0,0,0,0,0,0,0,0,0,0,0,0,0,0
1997,2,28,0.19,0,0,0,0,0,0,0,0,0,0,0,0,0,0
1997,3,1,0,0,0,0.1,0.1,0,0.1,0.1,0.1,0.11,0.1,0.1,0.1,0.1,0
1997,3,2,0,0,0,0,0,0,0,0,0,0,0,0,0,0,0
1997,3,3,0,4.52,4.79,4.59,4.92,7.27,4.21,7.28,5.65,4.24,4.18,4.68,4.36,4.41,0.51
1997,3,4,0,64.36,19.78,18.41,19.85,38.36,16.65,34.87,23.99,16.28,16.54,20.41,18.14,18.32,81.96
1997,3,5,0,0,9.68,9.28,9.9,17.35,8.41,16.34,11.8,8.32,8.39,9.96,9.01,9.11,21.93
1997,3,6,0,0,0,0,0,0,0,0,0,0,0,0,0,0,0
1997,3,7,0,0,0,0.1,0.1,0,0,0.1,0.1,0.1,0.1,0,0.1,0.1,0
1997,3,8,0,0.23,5.11,4.87,5.25,7.91,4.48,7.9,6.03,4.53,4.44,5,4.65,4.7,1.21
1997,3,9,0,0,0.24,0.29,0.36,0.1,0.24,0.28,0.29,0.39,0.28,0.2,0.25,0.24,0
1997,3,10,0,0,0.16,0.22,0.3,0.1,0.16,0.24,0.21,0.34,0.22,0.15,0.19,0.18,0
1997,3,11,0,0,0.12,0.19,0.27,0.1,0.13,0.21,0.18,0.32,0.19,0.12,0.16,0.15,0
1997,3,12,0,0,1.51,1.45,1.63,1.51,1.36,1.92,1.66,1.52,1.35,1.31,1.33,1.33,0
1997,3,13,0,0,0.62,0.65,0.76,0.38,0.58,0.73,0.69,0.75,0.62,0.52,0.57,0.56,0
1997,3,14,0,0,0.1,0.1,0.1,0.1,0.1,0.1,0.1,0.18,0.1,0.1,0.1,0.1,0
1997,3,15,0,0,0,0,0,0,0,0,0,0,0,0,0,0,0
1997,3,16,0,0,0,0,0,0,0,0,0,0,0,0,0,0,0
1997,3,17,0,0,0,0,0,0,0,0,0,0,0,0,0,0,0
1997,3,18,0,0,2.92,2.81,3.06,3.8,2.6,4.15,3.36,2.71,2.58,2.73,2.63,2.65,0
1997,3,19,0,0.1,0.1,0.1,0.16,0.1,0.1,0.13,0.1,0.23,0.1,0.1,0.1,0.1,0
1997,3,20,0,4.41,2.38,2.31,2.52,2.85,2.13,3.26,2.73,2.25,2.13,2.19,2.14,2.15,0
1997,3,21,0,2.43,3.91,3.76,4.04,5.58,3.45,5.78,4.58,3.51,3.43,3.76,3.55,3.58,0
1997,3,22,0,0.27,10.06,9.63,10.27,18.17,8.73,17.08,12.26,8.66,8.69,10.35,9.34,9.46,23.92
1997,3,23,0.1,0,0.11,0.18,0.26,0.1,0.12,0.21,0.17,0.31,0.18,0.11,0.15,0.14,0
1997,3,24,0,0.1,2.32,2.25,2.46,2.77,2.08,3.18,2.66,2.21,2.08,2.14,2.09,2.1,0
1997,3,25,0,0,0.1,0.1,0.18,0.1,0.1,0.15,0.1,0.25,0.11,0.1,0.1,0.1,0
1997,3,26,0,0,0.1,0.1,0.11,0.1,0.1,0.1,0.1,0.19,0.1,0.1,0.1,0.1,0
1997,3,27,0,1.39,3.32,3.18,3.43,4.5,2.94,4.74,3.85,3.02,2.92,3.14,2.99,3.02,0
1997,3,28,0,2.32,5.62,5.38,5.76,8.91,4.93,8.76,6.69,4.93,4.89,5.56,5.14,5.2,2.57
1997,3,29,0,8,7.57,7.24,7.75,12.91,6.6,12.4,9.11,6.59,6.56,7.63,6.98,7.05,10.53
1997,3,30,0,0,1.47,1.42,1.59,1.46,1.34,1.87,1.63,1.49,1.33,1.28,1.3,1.3,0
1997,3,31,0,0,0,0,0,0,0,0,0,0,0,0,0,0,0
1997,4,1,0,0.68,6.66,5.86,6.78,7.11,6.27,7.57,6.47,5.53,5.27,5.03,5.14,5.3,0.66
1997,4,2,0,4.36,2.5,2.27,2.86,1.8,2.36,2.64,2.55,2.33,2.21,1.9,2.01,2.09,0
1997,4,3,0,0,0.1,0.2,0.49,0.1,0.1,0.35,0.19,0.4,0.28,0.12,0.14,0.16,0
1997,4,4,0,0,0.63,0.67,1,0.15,0.59,0.68,0.76,0.81,0.74,0.53,0.59,0.62,0
1997,4,5,0,0,0.61,0.65,0.98,0.13,0.57,0.67,0.73,0.79,0.72,0.52,0.57,0.61,0
1997,4,6,0,0.1,7.8,6.91,7.87,8.7,7.35,8.94,7.6,6.42,6.15,5.95,6.04,6.23,2.49
1997,4,7,0,0.12,11.18,9.96,11.13,13.71,10.52,13.45,10.85,9.08,8.67,8.6,8.64,8.89,11.25
1997,4,8,0,0,1.82,1.65,2.13,1.08,1.71,1.78,1.87,1.73,1.65,1.38,1.48,1.54,0
1997,4,9,0,6.7,8.23,7.27,8.26,9.35,7.75,9.58,7.99,6.74,6.44,6.26,6.35,6.54,3.55
1997,4,10,0,0,0.1,0.1,0.36,0,0.1,0.27,0.1,0.3,0.17,0.1,0.1,0.1,0
1997,4,11,0,0,0,0,0.1,0,0,0.1,0,0.1,0,0,0,0,0
1997,4,12,0,0,0,0,0.1,0,0,0.1,0,0.1,0,0,0,0,0
1997,4,13,0,6.48,3.9,3.49,4.21,3.44,3.67,4.25,3.89,3.43,3.28,2.96,3.08,3.19,0
1997,4,14,0,16.1,15.28,13.65,15.07,20.15,14.43,19.18,14.79,12.3,11.69,11.84,11.79,12.12,23.97
1997,4,15,5.79,0.21,0.23,0.38,0.68,0.1,0.21,0.48,0.41,0.56,0.46,0.28,0.32,0.34,0
1997,4,16,2.43,1.11,0.94,0.89,1.28,0.39,0.89,1.01,1.02,1.04,0.95,0.73,0.8,0.84,0
1997,4,17,0,1.43,6.97,6.21,7.17,7.57,6.57,8.06,6.83,5.84,5.58,5.33,5.43,5.6,1.25
1997,4,18,0,3.74,5.91,5.25,6.09,6,5.57,6.59,5.8,4.96,4.76,4.49,4.6,4.75,0.1
1997,4,19,0.47,0.38,2.48,2.25,2.84,1.78,2.34,2.62,2.52,2.31,2.19,1.88,1.99,2.07,0
1997,4,20,0.43,0,0,0,0,0,0,0.1,0,0,0,0,0,0,0
1997,4,21,19.28,0.1,0,0,0.1,0,0,0.1,0,0.1,0,0,0,0,0
1997,4,22,6.53,11.72,10.03,8.88,10.02,12.03,9.44,12,9.71,8.18,7.78,7.67,7.73,7.95,8.02
1997,4,23,8.72,6.93,21.68,19.55,21.39,30.37,20.41,28.34,21.01,17.45,16.51,16.95,16.73,17.29,46.3
1997,4,24,1.86,10.38,11.85,10.51,11.8,14.8,11.16,14.49,11.46,9.62,9.14,9.1,9.13,9.39,13.19
1997,4,25,5.2,0,0.72,0.73,1.07,0.22,0.68,0.77,0.83,0.87,0.8,0.59,0.65,0.69,0
1997,4,26,12.95,0,1.39,1.33,1.79,0.71,1.31,1.47,1.5,1.45,1.36,1.09,1.18,1.23,0
1997,4,27,17.83,0,6.13,5.42,6.26,6.33,5.77,6.81,6,5.11,4.91,4.65,4.76,4.91,0.1
1997,4,28,49.7,0.25,5.42,4.84,5.68,5.41,5.1,6.1,5.35,4.63,4.42,4.13,4.25,4.39,0
1997,4,29,29.41,0,0.95,0.9,1.29,0.39,0.9,1.02,1.03,1.05,0.96,0.74,0.81,0.85,0
1997,4,30,10.21,0,0,0,0,0,0,0.1,0,0,0,0,0,0,0
1997,5,1,9.93,0,0,0,0.5,0,0,0.29,0,0.35,0,0,0,0,0
1997,5,2,2.13,0,0,0,0.45,0,0,0.26,0,0.3,0,0,0,0,0
1997,5,3,5.4,0,1.41,1.53,2.11,0.47,1.56,1.23,1.76,1.72,1.51,1.24,1.47,1.43,0
1997,5,4,0,12.44,13.78,13.56,13.01,14.5,12.77,13.61,13.72,12.23,12.73,11.07,11.42,12.26,12.44
1997,5,5,0.86,9.01,12.28,11.96,11.65,12.43,11.44,11.82,12.21,10.87,11.31,9.79,10.16,10.9,9.25
1997,5,6,5.17,0.1,7.94,7.54,7.79,6.82,7.57,6.9,7.98,7.04,7.35,6.25,6.65,7.06,1.79
1997,5,7,9.35,0.1,10.73,10.34,10.24,10.36,10.06,10,10.69,9.46,9.9,8.51,8.9,9.53,6.17
1997,5,8,13.04,0,0,0.44,0.95,0,0,0.54,0.49,0.73,0.3,0.26,0.4,0,0
1997,5,9,26.02,20.72,15.82,15.66,14.8,17.36,14.56,16.1,15.68,14.03,14.57,12.73,13.05,14.06,16.94
1997,5,10,45.53,0,0.72,0.99,1.54,0.1,0.9,0.88,1.13,1.23,0.91,0.76,0.94,0.86,0
1997,5,11,19.61,0,0,0.41,0.92,0,0,0.52,0.44,0.7,0,0.23,0.37,0,0
1997,5,12,3.07,0,0,0,0,0,0,0.1,0,0,0,0,0,0,0
1997,5,13,3.83,0,0.64,0.93,1.48,0.1,0.83,0.84,1.06,1.18,0.85,0.7,0.88,0.79,0
1997,5,14,1.03,0.74,2.62,2.52,3.13,1.29,2.72,2.01,2.87,2.62,2.56,2.1,2.4,2.44,0
1997,5,15,2.22,17.53,9.65,9.23,9.29,8.96,9.1,8.79,9.63,8.52,8.91,7.62,8.03,8.57,4.28
1997,5,16,0,2.95,9.73,9.32,9.37,9.06,9.18,8.88,9.7,8.6,8.98,7.69,8.09,8.64,4.42
1997,5,17,0,10.69,7.09,6.67,7.01,5.81,6.81,6.03,7.14,6.29,6.57,5.55,5.95,6.31,0.82
1997,5,18,0,35.29,18.37,18.38,17.09,21.03,16.79,19.3,18.23,16.35,16.93,14.89,15.16,16.34,23.01
1997,5,19,1.62,8.82,6.65,6.27,6.66,5.3,6.42,5.57,6.73,5.94,6.19,5.22,5.62,5.94,0.41
1997,5,20,0.82,0,2.35,2.28,2.9,1.1,2.46,1.83,2.61,2.41,2.32,1.89,2.18,2.21,0
1997,5,21,6.38,0,0,0.19,0.68,0,0,0.39,0,0.5,0,0,0,0,0
1997,5,22,3.64,0,0,0,0,0,0,0,0,0,0,0,0,0,0
1997,5,23,0.7,0,2.59,2.49,3.1,1.26,2.69,1.98,2.84,2.6,2.53,2.07,2.37,2.41,0
1997,5,24,0,0,0,0.35,0.86,0,0,0.49,0.38,0.65,0,0.18,0.32,0,0
1997,5,25,0.25,0,3.34,3.12,3.72,1.89,3.39,2.57,3.53,3.16,3.19,2.62,2.95,3.04,0
1997,5,26,13.76,28.45,17.19,17.14,16.04,19.32,15.76,17.81,17.07,15.29,15.85,13.9,14.19,15.29,20.19
1997,5,27,0.85,19.76,20.27,20.38,18.75,23.83,18.45,21.7,20.1,18.03,18.69,16.48,16.7,18.05,27.61
1997,5,28,0.6,13.88,22.61,22.97,20.84,27.33,20.5,24.74,22.42,20.16,20.87,18.51,18.63,20.15,33.57
1997,5,29,21.61,30.07,20.65,20.8,19.1,24.39,18.78,22.21,20.46,18.41,19.03,16.8,17.01,18.38,28.63
1997,5,30,21.15,16.75,16.52,16.41,15.42,18.36,15.17,16.94,16.4,14.65,15.23,13.34,13.64,14.7,18.49
1997,5,31,59.79,0.1,6.32,5.94,6.36,4.91,6.11,5.25,6.39,5.66,5.86,4.94,5.33,5.62,0.1
1997,6,1,12.98,0,6.08,5.56,6.48,4.19,5.75,4.53,5.99,5.31,5.49,4.75,5.07,5.22,1.12
1997,6,2,12.06,4.82,8.28,7.54,8.71,6.51,7.61,6.57,8.11,7.02,7.38,6.35,6.65,6.92,4.19
1997,6,3,9.64,5.26,5.16,4.73,5.56,3.29,4.96,3.73,5.11,4.59,4.69,4.08,4.4,4.5,0.3
1997,6,4,0,9.88,14.09,12.84,14.68,13.25,12.38,12.5,13.68,11.58,12.32,10.58,10.76,11.32,15.89
1997,6,5,2.42,11.64,10.29,9.36,10.76,8.75,9.27,8.55,10.03,8.59,9.09,7.81,8.08,8.45,7.8
1997,6,6,4.51,0,2.44,2.34,2.93,0.98,2.58,1.67,2.52,2.55,2.34,2.11,2.39,2.35,0
1997,6,7,0,0,0,0.34,0.85,0,0,0.46,0,0.9,0,0.39,0.52,0,0
1997,6,8,0,0,1.55,1.59,2.13,0.42,1.76,1.14,1.68,1.92,1.56,1.48,1.72,1.62,0
1997,6,9,0,0,2.14,2.09,2.65,0.77,2.31,1.48,2.23,2.33,2.08,1.89,2.16,2.1,0
1997,6,10,0,0,4.39,4.05,4.81,2.57,4.31,3.1,4.38,4.01,4.04,3.52,3.84,3.9,0
1997,6,11,0,6.04,7.59,6.91,8,5.76,7.02,5.91,7.44,6.48,6.78,5.85,6.15,6.38,3.09
1997,6,12,0,6.7,9.46,8.61,9.91,7.81,8.58,7.72,9.23,7.94,8.38,7.21,7.49,7.81,6.23
1997,6,13,0,0,4.19,3.87,4.61,2.39,4.13,2.94,4.19,3.85,3.86,3.38,3.69,3.74,0
1997,6,14,0,7.23,9.89,9,10.35,8.3,8.94,8.15,9.64,8.27,8.74,7.52,7.79,8.14,7.03
1997,6,15,5.63,9.75,11.25,10.24,11.74,9.86,10.06,9.52,10.95,9.34,9.9,8.51,8.75,9.17,9.72
1997,6,16,0.1,12.51,17.48,15.94,18.18,17.42,15.12,16.17,16.93,14.24,15.18,13.03,13.11,13.86,23.9
1997,6,17,0,25.79,21.77,19.88,22.65,22.86,18.57,20.96,21.04,17.63,18.81,16.14,16.08,17.06,34.73
1997,6,18,0,11.56,9.34,8.5,9.79,7.68,8.48,7.6,9.12,7.85,8.28,7.12,7.41,7.73,6.02
1997,6,19,0,9.43,6.11,5.58,6.51,4.22,5.78,4.56,6.02,5.33,5.52,4.77,5.09,5.24,1.15
1997,6,20,0,0.14,1.34,1.42,1.95,0.3,1.56,1.03,1.48,1.78,1.38,1.33,1.56,1.45,0
1997,6,21,0,0,0.92,1.09,1.61,0.1,1.15,0.84,1.09,1.51,1.01,1.04,1.25,1.1,0
1997,6,22,0,0,0,0,0,0,0,0,0,0,0,0,0,0,0
1997,6,23,0,1.41,5.66,5.18,6.06,3.77,5.39,4.16,5.59,4.98,5.13,4.44,4.76,4.89,0.69
1997,6,24,0,16.57,11.84,10.77,12.35,10.55,10.54,10.13,11.51,9.8,10.4,8.94,9.17,9.62,10.94
1997,6,25,0,2.09,4.83,4.44,5.23,2.97,4.68,3.45,4.79,4.34,4.41,3.84,4.16,4.24,0.11
1997,6,26,0,9.69,10.08,9.18,10.55,8.52,9.1,8.34,9.83,8.43,8.91,7.66,7.93,8.29,7.41
1997,6,27,0,22.89,12.8,11.65,13.34,11.69,11.33,11.13,12.44,10.56,11.22,9.63,9.84,10.35,13
1997,6,28,0,13.8,11.65,10.6,12.15,10.33,10.38,9.94,11.33,9.65,10.24,8.8,9.04,9.48,10.55
1997,6,29,8.6,18.58,16.57,15.1,17.23,16.29,14.38,15.17,16.05,13.52,14.41,12.37,12.47,13.17,21.68
1997,6,30,6.02,32.54,19.11,17.43,19.87,19.47,16.43,17.98,18.49,15.52,16.56,14.21,14.24,15.08,27.96
1997,7,1,8.29,9.64,14.91,11.88,12.2,12.5,12.35,11.83,13.33,10.49,10.96,10.13,10.31,10.33,11.84
1997,7,2,0,0,2.63,2.47,3.34,0.93,2.65,1.74,2.66,2.57,2.54,2.29,2.49,2.48,0
1997,7,3,0,0,5.5,4.68,5.43,3.14,5.08,3.7,5.17,4.45,4.62,4.13,4.41,4.45,0.3
1997,7,4,2.24,0.1,8.32,6.85,7.48,5.71,7.32,5.95,7.62,6.28,6.57,5.94,6.22,6.26,2.76
1997,7,5,0,4.3,10.09,8.2,8.76,7.46,8.7,7.47,9.16,7.42,7.76,7.07,7.34,7.37,4.9
1997,7,6,0,4.83,20.49,16.12,16.14,18.65,16.49,17.16,18.14,13.99,14.58,13.64,13.68,13.65,21.02
1997,7,7,0,0,6.19,5.21,5.93,3.74,5.64,4.23,5.77,4.9,5.1,4.58,4.86,4.9,0.75
1997,7,8,0.67,3.81,7.45,6.18,6.85,4.89,6.64,5.23,6.87,5.72,5.97,5.38,5.67,5.71,1.85
1997,7,9,0,13.32,14.64,11.68,12.01,12.21,12.15,11.58,13.1,10.32,10.78,9.96,10.15,10.16,11.43
1997,7,10,0.69,30.47,16.99,13.46,13.68,14.76,13.9,13.79,15.13,11.8,12.32,11.44,11.57,11.57,15.18
1997,7,11,30.06,4.05,7.24,6.02,6.7,4.7,6.48,5.07,6.69,5.59,5.83,5.25,5.54,5.58,1.65
1997,7,12,35.78,0,6.6,5.52,6.23,4.1,5.96,4.55,6.13,5.17,5.39,4.84,5.12,5.16,1.07
1997,7,13,47.07,1.52,5.12,4.39,5.15,2.81,4.77,3.42,4.84,4.2,4.35,3.89,4.16,4.2,0.12
1997,7,14,27.78,5.79,11.64,9.39,9.87,9.04,9.89,8.84,10.51,8.41,8.8,8.06,8.3,8.34,6.99
1997,7,15,31.1,6.64,8.58,7.05,7.67,5.97,7.53,6.18,7.85,6.45,6.75,6.11,6.39,6.43,3.06
1997,7,16,13.24,0.36,3.74,3.32,4.14,1.71,3.62,2.44,3.63,3.3,3.36,3,3.24,3.26,0
1997,7,17,9.46,0,3.49,3.13,3.96,1.53,3.41,2.28,3.41,3.13,3.18,2.84,3.07,3.09,0
1997,7,18,19.65,0,0,0.51,1.62,0,0,0.56,0.41,0.93,0.46,0.68,0.61,0,0
1997,7,19,16.32,0,0,0.64,1.73,0,0,0.62,0.56,1.04,0.61,0.79,0.74,0.61,0
1997,7,20,8.05,3.51,6.73,5.63,6.33,4.23,6.07,4.66,6.24,5.25,5.48,4.92,5.21,5.25,1.18
1997,7,21,1.62,0,2.62,2.46,3.33,0.93,2.65,1.74,2.65,2.56,2.53,2.28,2.48,2.48,0
1997,7,22,23.39,1.69,2.76,2.56,3.43,1.01,2.76,1.82,2.76,2.65,2.63,2.36,2.57,2.57,0
1997,7,23,59.03,0,1.1,1.31,2.28,0.11,1.17,0.96,1.33,1.59,1.35,1.33,1.41,1.34,0
1997,7,24,21.05,1.92,4.53,3.93,4.72,2.32,4.28,2.99,4.32,3.81,3.93,3.51,3.77,3.8,0
1997,7,25,18.34,0,6.04,5.09,5.82,3.6,5.51,4.11,5.64,4.8,5,4.48,4.76,4.8,0.64
1997,7,26,7.45,0,0.98,1.21,2.2,0.1,1.04,0.9,1.23,1.51,1.25,1.26,1.32,1.24,0
1997,7,27,14.11,0.41,9.46,7.72,8.3,6.83,8.21,6.92,8.61,7.01,7.34,6.67,6.94,6.98,4.1
1997,7,28,0.1,23.78,25.04,19.56,19.32,23.84,19.82,21.64,22.05,16.83,17.49,16.49,16.39,16.33,29.02
1997,7,29,0,60.86,28.44,22.13,21.69,27.77,22.29,25.04,24.97,18.94,19.66,18.62,18.41,18.31,35.19
1997,7,30,8.53,0.18,9.15,7.49,8.08,6.53,7.97,6.66,8.35,6.82,7.13,6.47,6.75,6.79,3.73
1997,7,31,13.7,0,0,0,0,0,0,0,0,0,0,0,0,0,0
1997,8,1,0,0,2.79,2.59,3.63,0.99,2.73,1.83,3.01,2.8,2.78,2.41,2.77,2.81,0
1997,8,2,6.06,1.77,7.29,6.09,7.2,4.67,6.83,5.04,7.11,5.97,6.13,5.32,5.87,6.05,1.56
1997,8,3,9.61,6.3,8.82,7.29,8.44,6.12,8.16,6.31,8.5,7.06,7.22,6.29,6.88,7.1,3.15
1997,8,4,1.04,32.84,22.89,18.35,19.79,21.23,20.08,19.63,21.05,17.02,16.72,15,15.75,16.28,25.6
1997,8,5,0.61,0,6.92,5.81,6.9,4.33,6.5,4.75,6.78,5.71,5.87,5.09,5.62,5.79,1.24
1997,8,6,0,1.35,4.73,4.09,5.14,2.43,4.54,3.09,4.79,4.16,4.27,3.68,4.14,4.24,0.1
1997,8,7,0,3.4,7.01,5.87,6.97,4.41,6.58,4.82,6.86,5.77,5.93,5.14,5.68,5.85,1.31
1997,8,8,0,0,4.66,4.04,5.09,2.38,4.48,3.04,4.73,4.11,4.22,3.63,4.09,4.19,0.1
1997,8,9,6.83,8.92,7.45,6.22,7.33,4.82,6.97,5.17,7.26,6.09,6.25,5.42,5.98,6.16,1.72
1997,8,10,0,1.13,4.28,3.73,4.78,2.07,4.12,2.77,4.37,3.84,3.93,3.38,3.82,3.91,0
1997,8,11,4.03,0,0,0,1.25,0,0,0.37,0,0.48,0,0,0,0,0
1997,8,12,2.3,0,1.47,1.6,2.68,0.24,1.39,1.15,1.81,1.93,1.7,1.55,1.81,1.77,0
1997,8,13,13.16,5.43,6.61,5.56,6.65,4.05,6.22,4.5,6.5,5.49,5.64,4.89,5.41,5.57,0.98
1997,8,14,0.75,3.19,3.22,2.92,3.96,1.29,3.14,2.08,3.41,3.1,3.12,2.69,3.08,3.13,0
1997,8,15,0,0,0,0,1.24,0,0,0.36,0,0.47,0,0,0,0,0
1997,8,16,0.74,0.17,3.12,2.84,3.89,1.22,3.05,2.02,3.32,3.03,3.05,2.63,3.01,3.06,0
1997,8,17,0,0,1.92,1.93,2.99,0.46,1.86,1.35,2.21,2.21,2.08,1.84,2.14,2.13,0
1997,8,18,0,3.21,5.51,4.7,5.77,3.08,5.24,3.66,5.5,4.71,4.85,4.18,4.67,4.8,0.28
1997,8,19,0,0,0,0.44,1.7,0,0,0.57,0,0.96,0,0.47,0.54,0,0
1997,8,20,6.99,0,0.34,0.79,1.99,0,0,0.73,0.75,1.26,0.68,0.8,0.92,0.79,0
1997,8,21,0,0,2.08,2.05,3.1,0.55,2.02,1.43,2.35,2.32,2.21,1.94,2.25,2.25,0
1997,8,22,0,0,0.37,0.81,2.01,0,0,0.74,0.78,1.28,0.71,0.82,0.95,0.82,0
1997,8,23,0,0,3.97,3.5,4.55,1.84,3.85,2.57,4.1,3.62,3.7,3.19,3.61,3.69,0
1997,8,24,0,0,2.63,2.46,3.51,0.89,2.57,1.73,2.86,2.69,2.65,2.3,2.65,2.68,0
1997,8,25,0,5.82,9.99,8.21,9.38,7.27,9.18,7.32,9.55,7.89,8.04,7.03,7.64,7.89,4.57
1997,8,26,23.84,0.1,3.44,3.08,4.13,1.44,3.34,2.22,3.6,3.25,3.29,2.83,3.23,3.29,0
1997,8,27,27.41,0.47,8.26,6.86,7.99,5.58,7.68,5.84,8,6.67,6.83,5.94,6.51,6.72,2.54
1997,8,28,22.24,1.37,3.95,3.48,4.53,1.82,3.82,2.55,4.07,3.61,3.68,3.17,3.59,3.67,0
1997,8,29,1.34,0.63,3.9,3.44,4.49,1.78,3.78,2.52,4.03,3.57,3.64,3.14,3.56,3.63,0
1997,8,30,3.91,0,0,0,0,0,0,0,0,0,0,0,0,0,0
1997,8,31,0,0,0,0,0,0,0,0,0,0,0,0,0,0,0
1997,9,1,0,0,3.24,2.93,4.26,1.42,2.93,2.14,3.43,3.16,3.07,2.52,3.03,3.08,0
1997,9,2,1.95,0,0,0,0.94,0,0,0.27,0,0,0,0,0,0,0
1997,9,3,10.83,0,0,0,1.87,0,0,0.62,0,0.95,0,0,0,0,0
1997,9,4,0,0,2.68,2.51,3.85,1.04,2.36,1.83,2.93,2.79,2.56,2.15,2.59,2.6,0
1997,9,5,3.88,0,0.99,1.4,2.84,0.18,0,1.14,1.55,1.87,0.83,1.2,1.28,1.03,0
1997,9,6,0,0,0,0,0,0,0,0,0,0,0,0,0,0,0
1997,9,7,16.95,0,0,0,1.77,0,0,0.58,0,0.85,0,0,0,0,0
1997,9,8,9.98,0,4.88,4.2,5.55,2.68,4.49,3.23,4.95,4.33,4.48,3.68,4.31,4.42,0
1997,9,9,12.36,0,2.93,2.69,4.03,1.2,2.61,1.96,3.15,2.95,2.79,2.31,2.79,2.81,0
1997,9,10,5.82,5.89,9.08,7.6,9.05,6.64,8.3,6.73,8.91,7.56,7.85,6.88,7.55,7.68,3.6
1997,9,11,0,1.17,10.71,8.93,10.43,8.35,9.75,8.26,10.46,8.85,9.12,8.16,8.79,8.9,6.11
1997,9,12,5.87,3.5,7.57,6.36,7.78,5.12,6.95,5.38,7.47,6.37,6.66,5.7,6.39,6.53,1.68
1997,9,13,3.01,0,4.06,3.56,4.89,2.02,3.72,2.65,4.18,3.73,3.78,3.09,3.67,3.76,0
1997,9,14,6.15,0,2.92,2.68,4.02,1.19,2.6,1.96,3.14,2.94,2.77,2.3,2.77,2.8,0
1997,9,15,18.41,0.48,6.27,5.32,6.7,3.9,5.77,4.3,6.25,5.38,5.62,4.72,5.39,5.52,0.47
1997,9,16,11.81,0,11.33,9.44,10.96,9.03,10.3,8.86,11.05,9.35,9.59,8.65,9.26,9.37,7.16
1997,9,17,1.24,0,10.54,8.8,10.29,8.18,9.6,8.1,10.3,8.72,8.99,8.03,8.66,8.78,5.84
1997,9,18,2.23,41.71,24.63,20.46,22.2,24.81,21.84,23.12,23.71,20.11,19.51,19.42,19.17,19,36.4
1997,9,19,0,0,6.89,5.82,7.21,4.48,6.34,4.81,6.84,5.85,6.12,5.19,5.87,6.01,0.99
1997,9,20,0,0,0,0,0,0,0,0,0,0,0,0,0,0,0
1997,9,21,0,0,0,0,0,0,0,0,0,0,0,0,0,0,0
1997,9,22,0,6.29,8.06,6.76,8.19,5.61,7.39,5.81,7.94,6.76,7.05,6.08,6.77,6.9,2.25
1997,9,23,0,0,3.36,3.02,4.35,1.5,3.04,2.21,3.54,3.24,3.17,2.6,3.12,3.18,0
1997,9,24,11.2,2.84,7.65,6.43,7.85,5.21,7.02,5.45,7.55,6.44,6.73,5.77,6.45,6.59,1.77
1997,9,25,6.35,0,4.27,3.72,5.06,2.18,3.92,2.8,4.37,3.88,3.96,3.24,3.83,3.93,0
1997,9,26,13.5,0,2.82,2.62,3.95,1.13,2.5,1.9,3.06,2.88,2.69,2.24,2.7,2.72,0
1997,9,27,0,0,4.59,3.97,5.31,2.44,4.22,3.02,4.67,4.11,4.23,3.47,4.08,4.19,0
1997,9,28,0,0,8.72,7.3,8.75,6.27,7.98,6.4,8.57,7.28,7.57,6.6,7.27,7.41,3.1
1997,9,29,8.56,1.74,3.43,3.07,4.41,1.55,3.11,2.26,3.61,3.29,3.24,2.65,3.18,3.24,0
1997,9,30,3.5,0.6,9.79,8.18,9.65,7.38,8.93,7.39,9.58,8.12,8.4,7.43,8.09,8.21,4.65
1997,10,1,12.7,2.27,9.06,8.44,9.14,9.95,8.95,10.15,9.87,8.13,8.45,7.91,7.92,8.08,7.9
1997,10,2,1.16,3.53,9.11,8.48,9.18,10.02,8.99,10.21,9.92,8.17,8.49,7.96,7.96,8.12,8.01
1997,10,3,6.85,21.32,16.72,16.14,16.23,23.56,16.34,22.86,19.07,15.39,16.61,16.45,15.36,15.98,31.75
1997,10,4,7.83,35.22,24.84,24.55,23.87,39.74,24.23,38.08,29.14,23.39,25.57,26.16,23.52,24.75,62.81
1997,10,5,1.62,0,3.76,3.46,4.43,2.64,3.91,3.34,3.91,3.51,3.19,2.83,3.13,3.11,0
1997,10,6,1.47,2.82,7.14,6.58,7.39,7,7.11,7.4,7.64,6.39,6.48,5.95,6.13,6.2,3.61
1997,10,7,0,6.01,8.98,8.35,9.06,9.81,8.87,10.01,9.76,8.04,8.36,7.82,7.84,7.99,7.68
1997,10,8,1.9,8,9.78,9.14,9.79,11.12,9.64,11.23,10.71,8.78,9.19,8.67,8.6,8.79,9.74
1997,10,9,2.55,0,5.36,4.89,5.8,4.53,5.41,5.11,5.63,4.83,4.71,4.23,4.51,4.52,0.81
1997,10,10,0,0,5.33,4.87,5.78,4.49,5.38,5.07,5.6,4.8,4.68,4.21,4.48,4.49,0.78
1997,10,11,13.52,1.1,6.09,5.58,6.45,5.51,6.11,6.01,6.45,5.46,5.43,4.93,5.17,5.2,1.79
1997,10,12,9.86,27.66,18.39,17.85,17.79,26.78,17.96,25.88,21.12,17.01,18.43,18.41,17.03,17.76,37.79
1997,10,13,18.27,8.24,9.95,9.31,9.95,11.4,9.8,11.49,10.91,8.94,9.37,8.85,8.76,8.96,10.19
1997,10,14,10.41,7.88,15.91,15.3,15.47,22.02,15.55,21.42,18.08,14.6,15.73,15.51,14.56,15.12,28.88
1997,10,15,0.3,0.27,10.15,9.51,10.13,11.73,10,11.8,11.14,9.13,9.58,9.07,8.96,9.16,10.73
1997,10,16,0.1,16.78,15.56,14.95,15.15,21.37,15.22,20.81,17.66,14.27,15.35,15.11,14.22,14.76,27.69
1997,10,17,0.1,28,16.99,16.41,16.49,24.08,16.6,23.35,19.4,15.65,16.91,16.77,15.63,16.27,32.72
1997,10,18,0,12.3,9.43,8.79,9.47,10.54,9.3,10.69,10.29,8.46,8.82,8.3,8.26,8.44,8.81
1997,10,19,0.51,22.35,18.21,17.67,17.63,26.44,17.79,25.57,20.91,16.85,18.24,18.21,16.85,17.58,37.16
1997,10,20,0.42,6.98,7.63,7.04,7.83,7.72,7.58,8.07,8.2,6.82,6.97,6.44,6.58,6.67,4.6
1997,10,21,0.1,0,6.78,6.23,7.07,6.47,6.76,6.91,7.23,6.07,6.12,5.59,5.8,5.85,2.93
1997,10,22,3.43,5.06,8.63,8.02,8.75,9.27,8.54,9.51,9.36,7.73,8,7.47,7.52,7.65,6.85
1997,10,23,10.74,19.84,19.12,18.61,18.48,28.22,18.67,27.24,22.03,17.73,19.24,19.27,17.76,18.55,40.52
1997,10,24,4.84,2.63,15.51,14.9,15.1,21.27,15.17,20.72,17.59,14.21,15.29,15.05,14.17,14.7,27.5
1997,10,25,3.85,0,0,0,0.64,0,0,0.21,0,0.15,0,0,0,0,0
1997,10,26,2.46,0,0,0,1.03,0,0,0.36,0,0.46,0,0,0,0,0
1997,10,27,0,0,3.44,3.17,4.16,2.3,3.61,3.02,3.57,3.26,2.9,2.57,2.86,2.83,0
1997,10,28,0,0,4.63,4.23,5.17,3.63,4.73,4.27,4.84,4.22,4.01,3.58,3.87,3.87,0.17
1997,10,29,0.56,0.56,10.3,9.66,10.28,11.99,10.14,12.04,11.33,9.27,9.74,9.23,9.1,9.32,11.15
1997,10,30,1.35,0,2.61,2.47,3.48,1.52,2.85,2.27,2.72,2.63,2.16,1.93,2.18,2.16,0
1997,10,31,0.25,0,3.7,3.4,4.37,2.57,3.85,3.27,3.84,3.46,3.13,2.78,3.07,3.05,0
1997,11,1,1.05,0,1.95,2.22,2.6,2.88,1.94,3.72,2.14,1.97,1.73,1.29,1.47,1.43,0
1997,11,2,3.46,0,0.53,0.77,1.22,0.61,0.62,1.18,0.56,0.8,0.58,0.37,0.48,0.44,0
1997,11,3,0.4,0,2.86,3.23,3.51,4.88,2.78,5.8,3.28,2.75,2.48,1.94,2.15,2.11,0
1997,11,4,0,0,3.49,3.95,4.16,6.46,3.37,7.42,4.1,3.31,3,2.41,2.64,2.6,0
1997,11,5,0.22,0,0,0.1,0.4,0.1,0,0.21,0,0.14,0,0,0,0,0
1997,11,6,4.29,0,2.06,2.33,2.7,3.08,2.03,3.94,2.27,2.05,1.81,1.36,1.54,1.51,0
1997,11,7,0.98,1.79,13.32,16.24,15.02,40.84,12.64,42.17,18.44,12.75,11.41,10.74,10.94,10.84,13.49
1997,11,8,4.65,29.93,56.84,74.36,64.96,235.3,53.82,236.8,87.7,56.67,49.34,51.17,50.12,49.49,200.57
1997,11,9,7.2,5.95,15.78,19.46,17.85,50.9,14.97,52.37,22.23,15.22,13.55,12.96,13.11,12.98,20.91
1997,11,10,2.66,2.77,11.45,13.82,12.9,33.49,10.88,34.77,15.6,10.91,9.8,9.09,9.31,9.23,8.41
1997,11,11,1.84,0.21,10.3,12.35,11.6,29.09,9.79,30.28,13.87,9.78,8.81,8.08,8.32,8.24,5.62
1997,11,12,0.65,10.92,15.01,18.45,16.96,47.73,14.25,49.15,21.04,14.45,12.89,12.27,12.44,12.31,18.53
1997,11,13,0,21.34,29.33,37.57,33.69,110.01,27.83,112.54,43.6,29.02,25.4,25.46,25.3,24.98,68.14
1997,11,14,0,0,6.35,7.38,7.22,15.02,6.06,16.08,8.07,5.97,5.42,4.71,4.96,4.92,0
1997,11,15,0,0,0,0,0,0,0,0,0,0,0,0,0,0,0
1997,11,16,0,0,0,0,0.1,0,0,0.1,0,0,0,0,0,0,0
1997,11,17,0,0,0.6,0.83,1.28,0.68,0.68,1.28,0.62,0.84,0.63,0.41,0.52,0.48,0
1997,11,18,0,0,1.24,1.46,1.89,1.57,1.27,2.31,1.3,1.36,1.15,0.8,0.95,0.91,0
1997,11,19,0.88,0,4.44,5.06,5.16,9.07,4.26,10.07,5.38,4.18,3.79,3.15,3.39,3.35,0
1997,11,20,1.46,0,5.6,6.46,6.4,12.59,5.35,13.62,6.99,5.26,4.78,4.09,4.34,4.3,0
1997,11,21,0.1,0,3.61,4.08,4.29,6.77,3.48,7.74,4.26,3.42,3.1,2.5,2.73,2.7,0
1997,11,22,0.12,0,1.79,2.05,2.44,2.56,1.79,3.38,1.95,1.83,1.6,1.17,1.35,1.31,0
1997,11,23,0,0,2.97,3.35,3.62,5.14,2.88,6.07,3.41,2.85,2.56,2.02,2.23,2.2,0
1997,11,24,0,0,4.91,5.63,5.66,10.47,4.71,11.49,6.03,4.62,4.19,3.53,3.78,3.74,0
1997,11,25,0,0,3.41,3.86,4.09,6.27,3.3,7.22,4,3.25,2.94,2.36,2.58,2.54,0
1997,11,26,0,0,1.66,1.9,2.3,2.3,1.66,3.1,1.79,1.71,1.48,1.08,1.25,1.21,0
1997,11,27,0,0,0,0,0.24,0,0,0.1,0,0.1,0,0,0,0,0
1997,11,28,0,0,1.88,2.14,2.52,2.73,1.87,3.56,2.05,1.9,1.67,1.23,1.41,1.37,0
1997,11,29,1.11,0.1,7.3,8.56,8.26,18.23,6.96,19.31,9.44,6.87,6.23,5.51,5.76,5.71,0.45
1997,11,30,2.03,0,6.73,7.85,7.63,16.27,6.42,17.35,8.61,6.33,5.74,5.02,5.28,5.23,0.1
1997,12,1,0,0,2.53,3.5,3.66,8.02,2.63,9.06,3.35,2.63,2.26,1.32,1.64,1.65,0
1997,12,2,0,0,2.11,2.92,3.12,6.38,2.22,7.36,2.75,2.2,1.88,1.1,1.37,1.39,0
1997,12,3,0,0,8.92,12.64,11.94,37.64,8.6,39,12.64,9.2,7.89,4.6,5.68,5.57,0
1997,12,4,1.61,0.43,5.17,7.21,7.03,19.44,5.11,20.65,7.11,5.31,4.58,2.68,3.32,3.28,0
1997,12,5,3.2,0,4.24,5.88,5.83,15.22,4.24,16.38,5.77,4.36,3.75,2.2,2.73,2.71,0
1997,12,6,0.74,0.21,3.52,4.87,4.9,12.07,3.55,13.17,4.73,3.62,3.12,1.83,2.27,2.26,0
1997,12,7,2.8,0.96,14.43,20.74,19.26,66.03,13.68,67.79,20.89,14.93,12.76,7.41,9.14,8.92,4.54
1997,12,8,1.57,0.7,3.2,4.43,4.5,10.75,3.26,11.81,4.28,3.3,2.84,1.67,2.07,2.07,0
1997,12,9,5.1,0,0.37,0.61,0.93,0.82,0.51,1.42,0.48,0.47,0.36,0.19,0.25,0.29,0
1997,12,10,5.94,0,2,2.77,2.97,5.97,2.11,6.94,2.6,2.09,1.79,1.04,1.31,1.32,0
1997,12,11,2.55,0,0.71,1.06,1.36,1.7,0.86,2.42,0.9,0.81,0.67,0.37,0.48,0.51,0
1997,12,12,0.82,0,0.66,1,1.31,1.57,0.81,2.3,0.85,0.76,0.63,0.35,0.45,0.48,0
1997,12,13,0.33,0,0.56,0.86,1.17,1.29,0.7,1.97,0.71,0.66,0.53,0.29,0.38,0.41,0
1997,12,14,0.1,0,4.08,5.66,5.62,14.53,4.08,15.63,5.53,4.2,3.61,2.12,2.63,2.6,0
1997,12,15,0.2,0.18,0.17,0.35,0.65,0.38,0.28,0.85,0.23,0.27,0.19,0.1,0.12,0.15,0
1997,12,16,0.1,0,0,0,0.1,0,0,0.1,0,0,0,0,0,0,0
1997,12,17,0,0,0.91,1.33,1.63,2.28,1.07,3.1,1.17,1.01,0.85,0.48,0.61,0.65,0
1997,12,18,0,0,0,0,0,0,0,0,0,0,0,0,0,0,0
1997,12,19,0,0,0,0,0,0,0,0,0,0,0,0,0,0,0
1997,12,20,0,0,0.83,1.21,1.51,2.03,0.97,2.8,1.05,0.93,0.76,0.43,0.55,0.58,0
1997,12,21,0,0,3.65,5.06,5.07,12.67,3.68,13.75,4.92,3.76,3.23,1.9,2.36,2.34,0
1997,12,22,0,0,8.13,11.48,10.89,33.65,7.86,34.99,11.45,8.37,7.18,4.19,5.18,5.09,0
1997,12,23,0,0.68,5.36,7.48,7.26,20.32,5.28,21.5,7.37,5.51,4.74,2.78,3.44,3.39,0
1997,12,24,0,0,7.3,10.27,9.79,29.59,7.09,30.84,10.22,7.51,6.44,3.77,4.66,4.58,0
1997,12,25,0.15,1.87,8.44,11.93,11.31,35.22,8.15,36.56,11.92,8.7,7.46,4.36,5.38,5.28,0
1997,12,26,0.49,0.99,10.79,15.38,14.41,47.14,10.32,48.61,15.42,11.14,9.54,5.55,6.86,6.71,0.26
1997,12,27,0.34,1.82,10.27,14.62,13.72,44.49,9.84,45.92,14.64,10.6,9.08,5.29,6.53,6.39,0.1
1997,12,28,0.21,0,3.42,4.73,4.78,11.64,3.47,12.77,4.59,3.52,3.03,1.78,2.21,2.2,0
1997,12,29,0.79,0,0,0,0,0,0,0,0,0,0,0,0,0,0
1997,12,30,0.1,0,3.15,4.35,4.43,10.53,3.21,11.6,4.2,3.25,2.79,1.64,2.04,2.03,0
1997,12,31,0.1,1.1,2.79,3.85,3.97,9.05,2.86,10.08,3.69,2.88,2.48,1.45,1.81,1.81,0
1998,1,1,0,0.22,1.42,1.79,1.81,4.33,1.42,4.66,2.02,1.47,1.33,0.99,1.11,1.12,0
1998,1,2,0.69,0,1.32,1.67,1.7,3.95,1.33,4.28,1.87,1.38,1.24,0.92,1.04,1.05,0
1998,1,3,0,0,0.56,0.72,0.79,1.15,0.59,1.51,0.78,0.66,0.57,0.37,0.47,0.47,0
1998,1,4,0,0,1.21,1.53,1.57,3.5,1.22,3.85,1.72,1.28,1.15,0.84,0.96,0.97,0
1998,1,5,0,0,0.29,0.39,0.46,0.41,0.31,0.69,0.4,0.4,0.32,0.18,0.26,0.25,0
1998,1,6,0,0,0.1,0.1,0.1,0,0.1,0.1,0.1,0.1,0.1,0,0.1,0.1,0
1998,1,7,0,0,0.63,0.81,0.87,1.37,0.65,1.74,0.88,0.73,0.63,0.42,0.53,0.52,0
1998,1,8,0,0,0,0.1,0.1,0,0.1,0.1,0.1,0.1,0.1,0,0.1,0,0
1998,1,9,0,0,3.13,3.94,3.85,12.22,3.07,12.07,4.59,3.02,2.8,2.21,2.34,2.4,0
1998,1,10,0,0,1.2,1.52,1.56,3.47,1.21,3.82,1.71,1.27,1.14,0.83,0.96,0.96,0
1998,1,11,0,3.37,5.65,7.13,6.83,25.02,5.48,23.93,8.45,5.28,4.94,3.99,4.12,4.25,5.06
1998,1,12,0,18.98,18.03,22.74,21.22,93.1,17.21,85.29,27.58,16.05,15.22,12.79,12.69,13.22,103.8
1998,1,13,0,3.92,11.73,14.81,13.97,57.72,11.33,54.03,17.83,10.64,10.12,8.26,8.38,8.64,56.86
1998,1,14,0,2.28,6.31,7.96,7.61,28.5,6.11,27.13,9.46,5.87,5.49,4.46,4.58,4.73,9.25
1998,1,15,0,5.69,7.07,8.92,8.51,32.48,6.83,30.83,10.62,6.54,6.12,4.99,5.11,5.28,14.68
1998,1,16,0,9.46,7.9,9.99,9.5,36.96,7.62,34.97,11.92,7.29,6.82,5.58,5.69,5.89,21.54
1998,1,17,0,0.77,2.81,3.53,3.47,10.67,2.76,10.63,4.1,2.74,2.53,1.98,2.12,2.16,0
1998,1,18,0,0,0.1,0.1,0.1,0,0.1,0.1,0.1,0.1,0.1,0,0.1,0.1,0
1998,1,19,0,0.1,2.74,3.45,3.38,10.32,2.7,10.3,4,2.67,2.47,1.93,2.07,2.11,0
1998,1,20,0,0,1.48,1.86,1.89,4.6,1.48,4.91,2.11,1.52,1.38,1.03,1.16,1.17,0
1998,1,21,0,0,0.92,1.17,1.23,2.39,0.94,2.76,1.29,1.01,0.89,0.63,0.75,0.74,0
1998,1,22,0,0,0.58,0.74,0.81,1.2,0.6,1.56,0.79,0.68,0.58,0.38,0.49,0.48,0
1998,1,23,0,0,1.93,2.43,2.42,6.56,1.91,6.77,2.77,1.94,1.77,1.35,1.48,1.51,0
1998,1,24,0,0,0.71,0.9,0.97,1.61,0.73,1.99,0.98,0.8,0.7,0.47,0.59,0.58,0
1998,1,25,0,0.37,2.52,3.17,3.13,9.28,2.49,9.33,3.67,2.47,2.28,1.77,1.91,1.95,0
1998,1,26,0,0.67,0.9,1.14,1.19,2.28,0.91,2.66,1.25,0.98,0.87,0.61,0.73,0.72,0
1998,1,27,0,6.46,10.21,12.9,12.2,49.36,9.83,46.4,15.49,9.34,8.75,7.21,7.3,7.57,42.46
1998,1,28,0,0,0,0,0,0,0,0,0,0,0,0,0,0,0
1998,1,29,0,0,0.7,0.9,0.96,1.59,0.72,1.97,0.98,0.8,0.7,0.47,0.58,0.57,0
1998,1,30,0,0,0,0,0,0,0,0,0,0,0,0,0,0,0
1998,1,31,0,0,0,0,0,0,0,0,0,0,0,0,0,0,0
1998,2,1,0.1,0,0,0,0,0,0,0,0,0,0,0,0,0,0
1998,2,2,0,0,0,0,0,0,0,0,0,0,0,0,0,0,0
1998,2,3,0,0,0,0,0,0,0,0,0,0,0,0,0,0,0
1998,2,4,0,0,0,0,0,0,0,0,0,0,0,0,0,0,0
1998,2,5,0.1,0,0,0,0,0,0,0,0,0,0,0,0,0,0
1998,2,6,0,0,0,0,0,0,0,0,0,0,0,0,0,0,0
1998,2,7,0,0,0,0,0,0,0,0,0,0,0,0,0,0,0
1998,2,8,0,0,0,0,0,0,0,0,0,0,0,0,0,0,0
1998,2,9,0.92,0,0,0,0,0,0,0,0,0,0,0,0,0,0
1998,2,10,0.1,0,0,0,0,0,0,0,0,0,0,0,0,0,0
1998,2,11,0.32,0,0,0,0,0,0,0,0,0,0,0,0,0,0
1998,2,12,0.1,0,0.22,0.26,0.34,0.1,0.23,0.17,0.28,0.29,0.22,0.14,0.18,0.17,0
1998,2,13,0,0,0.75,0.97,1.11,0.78,0.81,1.27,0.97,0.9,0.77,0.62,0.69,0.69,0
1998,2,14,0.1,0,0.14,0.17,0.24,0.1,0.14,0.1,0.18,0.21,0.13,0.1,0.11,0.11,0
1998,2,15,0,0,0,0,0.1,0,0,0,0,0.1,0,0,0,0,0
1998,2,16,0.1,0,0,0,0.1,0,0,0,0,0.1,0,0,0,0,0
1998,2,17,0,0,0,0.1,0.1,0,0,0,0.1,0.1,0,0,0,0,0
1998,2,18,0,0,0.53,0.67,0.78,0.36,0.57,0.73,0.68,0.65,0.54,0.41,0.47,0.47,0
1998,2,19,0,0,0,0,0,0,0,0,0,0,0,0,0,0,0
1998,2,20,0,0,0,0,0,0,0,0,0,0,0,0,0,0,0
1998,2,21,0,0,0.1,0.1,0.1,0,0.1,0.1,0.1,0.1,0.1,0,0.1,0.1,0
1998,2,22,0,0,0,0,0,0,0,0,0,0,0,0,0,0,0
1998,2,23,0,0,1.97,2.81,3.04,4.7,2.22,5.45,2.74,2.37,2.13,1.88,1.95,1.96,0
1998,2,24,0,0,0.96,1.27,1.43,1.3,1.05,1.87,1.26,1.15,1,0.83,0.9,0.9,0
1998,2,25,0,0,0.12,0.14,0.2,0.1,0.12,0.1,0.15,0.18,0.11,0.1,0.1,0.1,0
1998,2,26,0,0,0,0,0,0,0,0,0,0,0,0,0,0,0
1998,2,27,0,0,0.38,0.47,0.57,0.16,0.4,0.43,0.48,0.48,0.38,0.28,0.33,0.33,0
1998,2,28,0,0,0.24,0.29,0.38,0.1,0.25,0.2,0.3,0.32,0.24,0.16,0.2,0.2,0
1998,3,1,0,23.88,7.85,7.53,8.04,13.46,6.84,12.92,9.5,6.81,6.82,7.96,7.26,7.35,12.05
1998,3,2,0,0,4.75,4.56,4.89,7.2,4.18,7.23,5.61,4.2,4.15,4.64,4.33,4.38,0.43
1998,3,3,0,0,0,0,0,0,0,0,0,0,0,0,0,0,0
1998,3,4,0.1,0.52,1.8,1.75,1.93,1.93,1.62,2.34,2.04,1.75,1.63,1.62,1.61,1.62,0
1998,3,5,0.31,0,0,0,0,0,0,0,0,0,0,0,0,0,0
1998,3,6,2.77,0,0,0,0,0,0,0.1,0,0.1,0,0,0,0,0
1998,3,7,0.7,0,0,0,0.1,0,0,0.1,0,0.1,0,0,0,0,0
1998,3,8,0,2.91,1.81,1.76,1.94,1.95,1.63,2.36,2.05,1.75,1.64,1.63,1.62,1.63,0
1998,3,9,0.96,2.21,1.54,1.49,1.67,1.56,1.39,1.98,1.71,1.55,1.39,1.34,1.36,1.36,0
1998,3,10,0.35,0,0.1,0.1,0.13,0.1,0.1,0.11,0.1,0.21,0.1,0.1,0.1,0.1,0
1998,3,11,0,1.24,1.72,1.68,1.86,1.8,1.56,2.25,1.95,1.69,1.57,1.55,1.55,1.55,0
1998,3,12,0,0,0,0,0.1,0,0,0.1,0,0.1,0,0,0,0,0
1998,3,13,0.1,0,0.1,0.1,0.13,0.1,0.1,0.12,0.1,0.21,0.1,0.1,0.1,0.1,0
1998,3,14,0,0,0,0.1,0.1,0,0,0.1,0.1,0.1,0.1,0.1,0.1,0.1,0
1998,3,15,0,0,0.64,0.66,0.77,0.4,0.6,0.74,0.71,0.76,0.63,0.53,0.59,0.58,0
1998,3,16,0,0,0.24,0.29,0.36,0.1,0.24,0.29,0.29,0.4,0.28,0.2,0.25,0.24,0
1998,3,17,2.81,0.1,0.5,0.53,0.64,0.3,0.48,0.61,0.56,0.66,0.51,0.41,0.47,0.46,0
1998,3,18,1.34,0,0,0,0,0,0,0.1,0,0.1,0,0,0,0,0
1998,3,19,0.64,0,0,0.1,0.1,0,0,0.1,0.1,0.1,0.1,0,0.1,0.1,0
1998,3,20,0,0,0,0,0,0,0,0,0,0,0,0,0,0,0
1998,3,21,0.37,0,0,0,0,0,0,0.1,0,0.1,0,0,0,0,0
1998,3,22,1.06,0.21,2.18,2.09,2.3,2.55,1.95,2.95,2.46,2.08,1.94,1.97,1.94,1.94,0
1998,3,23,0,12.47,6.29,6.03,6.45,10.25,5.5,10,7.52,5.49,5.47,6.27,5.78,5.84,4.92
1998,3,24,6.71,0,5.53,5.3,5.67,8.72,4.85,8.62,6.58,4.85,4.82,5.46,5.06,5.12,2.26
1998,3,25,0,0,0.74,0.75,0.86,0.53,0.69,0.84,0.82,0.85,0.71,0.62,0.67,0.66,0
1998,3,26,0,0,0,0,0,0,0,0,0,0,0,0,0,0,0
1998,3,27,0,0,0,0,0,0,0,0,0,0,0,0,0,0,0
1998,3,28,0,0,0,0,0,0,0,0,0,0,0,0,0,0,0
1998,3,29,0,0,0,0,0,0,0,0,0,0,0,0,0,0,0
1998,3,30,4.28,0,2.66,2.56,2.77,3.35,2.38,3.67,3.05,2.47,2.35,2.47,2.39,2.4,0
1998,3,31,0,0,0.94,0.93,1.07,0.76,0.87,1.15,1.02,1.04,0.88,0.78,0.83,0.82,0
1998,4,1,0.1,0,0,0,0,0,0,0,0,0,0,0,0,0,0
1998,4,2,1.92,0,0,0,0,0,0,0,0,0,0,0,0,0,0
1998,4,3,2.17,0,0,0,0,0,0,0,0,0,0,0,0,0,0
1998,4,4,0.14,0,0,0,0,0,0,0,0,0,0,0,0,0,0
1998,4,5,0,0,0,0.1,0.2,0,0,0.16,0.1,0.17,0.1,0.1,0.1,0.1,0
1998,4,6,0.1,0,1.47,1.38,1.85,0.74,1.38,1.52,1.56,1.5,1.41,1.14,1.23,1.29,0
1998,4,7,0.1,0,0.59,0.64,0.97,0.12,0.56,0.66,0.72,0.79,0.71,0.51,0.57,0.6,0
1998,4,8,0,0,3.43,3.02,3.64,2.85,3.23,3.59,3.39,2.97,2.86,2.56,2.69,2.78,0
1998,4,9,0,0,1.97,1.77,2.25,1.24,1.86,1.98,2.01,1.83,1.76,1.48,1.59,1.65,0
1998,4,10,0,0.16,3.63,3.17,3.88,3.09,3.41,3.86,3.56,3.16,3,2.7,2.82,2.92,0
1998,4,11,0,0,0.1,0.14,0.43,0,0.1,0.31,0.12,0.35,0.23,0.1,0.1,0.11,0
1998,4,12,0,0,0.1,0.18,0.47,0,0.1,0.33,0.17,0.38,0.26,0.1,0.12,0.14,0
1998,4,13,0,0,0.58,0.63,0.96,0.11,0.55,0.65,0.71,0.78,0.7,0.5,0.56,0.59,0
1998,4,14,0,0,0.1,0.1,0.31,0,0.1,0.23,0.1,0.25,0.12,0.1,0.1,0.1,0
1998,4,15,0,0,0,0,0,0,0,0,0,0,0,0,0,0,0
1998,4,16,3.36,0,0.1,0.14,0.43,0,0.1,0.31,0.12,0.35,0.22,0.1,0.1,0.1,0
1998,4,17,0.16,0,0,0,0,0,0,0,0,0,0,0,0,0,0
1998,4,18,0,0,1.31,1.25,1.72,0.66,1.23,1.4,1.42,1.39,1.3,1.03,1.12,1.17,0
1998,4,19,0.17,10.61,6.01,5.32,6.16,6.14,5.66,6.68,5.88,5.02,4.82,4.56,4.67,4.82,0.1
1998,4,20,2,0.1,3.47,3.05,3.69,2.9,3.27,3.65,3.43,3.01,2.88,2.59,2.71,2.81,0
1998,4,21,1.31,0,0.67,0.7,1.03,0.18,0.63,0.72,0.79,0.84,0.77,0.56,0.62,0.65,0
1998,4,22,0.1,0,0,0,0,0,0,0.1,0,0,0,0,0,0,0
1998,4,23,0.1,0,0,0,0,0,0,0.1,0,0,0,0,0,0,0
1998,4,24,0,0,0,0.1,0.27,0,0,0.21,0.1,0.22,0.1,0.1,0.1,0.1,0
1998,4,25,0,0,0,0,0.1,0,0,0.1,0,0.1,0,0,0,0,0
1998,4,26,0,0,1.16,1.09,1.54,0.55,1.1,1.24,1.22,1.25,1.15,0.88,0.96,1.01,0
1998,4,27,0,0,0.26,0.4,0.71,0.1,0.24,0.49,0.43,0.58,0.48,0.3,0.34,0.36,0
1998,4,28,0,2.64,2.04,1.82,2.31,1.31,1.92,2.06,2.07,1.88,1.8,1.53,1.63,1.7,0
1998,4,29,0,28.11,8.61,7.67,8.74,9.94,8.11,10.2,8.4,7.13,6.79,6.6,6.68,6.88,4.48
1998,4,30,1.73,0,3.23,2.85,3.46,2.59,3.04,3.3,3.21,2.82,2.72,2.42,2.54,2.63,0
1998,5,1,0.26,0,2.66,2.55,3.16,1.31,2.75,2.03,2.9,2.65,2.59,2.12,2.43,2.47,0
1998,5,2,6.18,15.01,4.55,4.23,4.78,3.03,4.51,3.59,4.69,4.14,4.28,3.55,3.92,4.09,0
1998,5,3,12.44,0,2.23,2.18,2.79,1.02,2.34,1.75,2.5,2.32,2.21,1.8,2.09,2.1,0
1998,5,4,1.94,2.03,6.46,6.09,6.49,5.06,6.24,5.39,6.54,5.78,6.01,5.06,5.46,5.76,0.22
1998,5,5,0,0,0,0.39,0.9,0,0,0.51,0.42,0.68,0,0.21,0.35,0,0
1998,5,6,3.22,0,3.7,3.46,4.06,2.21,3.72,2.86,3.87,3.47,3.51,2.89,3.23,3.35,0
1998,5,7,0,0,0,0,0,0,0,0,0,0,0,0,0,0,0
1998,5,8,5.89,0,0,0,0,0,0,0.1,0,0,0,0,0,0,0
1998,5,9,0,0.5,6.2,5.81,6.24,4.77,6,5.13,6.26,5.54,5.75,4.83,5.22,5.51,0.1
1998,5,10,0,0,3.66,3.42,4.01,2.17,3.68,2.82,3.82,3.43,3.47,2.85,3.19,3.31,0
1998,5,11,0,4.41,10.6,10.22,10.14,10.18,9.94,9.84,10.57,9.35,9.78,8.41,8.8,9.41,5.96
1998,5,12,0,0,2.24,2.19,2.8,1.03,2.35,1.76,2.51,2.33,2.22,1.81,2.1,2.11,0
1998,5,13,4.4,0,0.73,1,1.55,0.1,0.91,0.88,1.14,1.24,0.92,0.76,0.95,0.87,0
1998,5,14,0,1.73,4.47,4.16,4.71,2.95,4.44,3.51,4.61,4.08,4.21,3.49,3.85,4.02,0
1998,5,15,0,0,3.75,3.51,4.1,2.25,3.77,2.89,3.92,3.51,3.55,2.93,3.28,3.39,0
1998,5,16,0,0.1,3.99,3.74,4.31,2.46,3.99,3.08,4.16,3.71,3.78,3.12,3.48,3.61,0
1998,5,17,0,21.32,10.99,10.61,10.49,10.7,10.29,10.31,10.93,9.71,10.13,8.71,9.11,9.75,6.69
1998,5,18,0,5.12,6.51,6.14,6.54,5.13,6.29,5.44,6.59,5.83,6.06,5.1,5.5,5.81,0.27
1998,5,19,0,2.62,9.63,9.21,9.26,8.93,9.08,8.76,9.6,8.5,8.88,7.6,8,8.54,4.24
1998,5,20,0,0,6,5.59,6.05,4.55,5.82,4.94,6.07,5.36,5.57,4.67,5.06,5.34,0.1
1998,5,21,0,0,0.98,1.2,1.76,0.18,1.15,1,1.37,1.42,1.14,0.94,1.14,1.07,0
1998,5,22,0,7.79,6.87,6.47,6.83,5.55,6.62,5.8,6.93,6.11,6.38,5.38,5.78,6.12,0.62
1998,5,23,0,0,0,0.59,1.11,0,0,0.63,0.66,0.87,0.47,0.39,0.55,0.42,0
1998,5,24,0,0.25,5.08,4.75,5.27,3.56,4.99,4.06,5.2,4.61,4.75,3.96,4.34,4.54,0
1998,5,25,0,0,4.32,4.03,4.58,2.79,4.29,3.37,4.47,3.96,4.07,3.37,3.73,3.89,0
1998,5,26,0,0,6.67,6.29,6.67,5.32,6.44,5.59,6.75,5.95,6.2,5.23,5.63,5.95,0.43
1998,5,27,0,0,3.89,3.65,4.23,2.38,3.9,3.01,4.06,3.63,3.68,3.04,3.4,3.52,0
1998,5,28,5.43,0,1.92,1.93,2.53,0.81,2.05,1.56,2.22,2.09,1.95,1.59,1.86,1.85,0
1998,5,29,1.85,0,0,0,0,0,0,0.1,0,0,0,0,0,0,0
1998,5,30,0,0,0,0,0,0,0,0,0,0,0,0,0,0,0
1998,5,31,0,0,8.42,7.99,8.2,7.41,8,7.44,8.42,7.45,7.78,6.62,7.03,7.48,2.4
1998,6,1,0,0,1.75,1.76,2.3,0.52,1.94,1.25,1.86,2.05,1.73,1.61,1.87,1.78,0
1998,6,2,8.36,0,2,1.97,2.53,0.68,2.18,1.39,2.1,2.23,1.96,1.79,2.06,1.99,0
1998,6,3,18.24,0,0,0,0,0,0,0.1,0,0,0,0,0,0,0
1998,6,4,6.98,0,0,0,0,0,0,0,0,0,0,0,0,0,0
1998,6,5,0.82,9.31,9.52,8.66,9.97,7.88,8.63,7.78,9.29,7.98,8.43,7.25,7.53,7.86,6.34
1998,6,6,9.46,14.01,12.57,11.44,13.1,11.42,11.14,10.89,12.22,10.37,11.02,9.47,9.68,10.17,12.5
1998,6,7,18.77,0,6.26,5.71,6.66,4.37,5.9,4.68,6.16,5.44,5.64,4.88,5.2,5.35,1.31
1998,6,8,20.44,2.03,3.88,3.6,4.3,2.12,3.86,2.69,3.89,3.62,3.59,3.15,3.46,3.5,0
1998,6,9,4.8,5.12,6.86,6.26,7.27,4.99,6.42,5.24,6.74,5.91,6.16,5.32,5.63,5.83,2.06
1998,6,10,3.44,7.38,8.77,7.99,9.21,7.05,8.01,7.04,8.57,7.4,7.79,6.71,7,7.29,5.01
1998,6,11,6.63,9.5,8.01,7.3,8.43,6.22,7.38,6.31,7.85,6.81,7.14,6.15,6.46,6.71,3.74
1998,6,12,2.03,7.57,5.49,5.02,5.89,3.6,5.25,4.01,5.43,4.85,4.98,4.32,4.64,4.76,0.55
1998,6,13,5.1,0,0,0,0.65,0,0,0.38,0,0.74,0,0,0,0,0
1998,6,14,0.73,12.07,15.69,14.3,16.33,15.2,13.68,14.22,15.21,12.84,13.67,11.74,11.87,12.52,19.59
1998,6,15,0.95,15.72,14.52,13.22,15.1,13.76,12.73,12.94,14.08,11.9,12.68,10.88,11.04,11.64,16.84
1998,6,16,0,8.72,7.51,6.84,7.92,5.67,6.96,5.83,7.36,6.41,6.71,5.79,6.1,6.32,2.96
1998,6,17,0,9.07,10.25,9.33,10.72,8.71,9.24,8.51,9.99,8.56,9.06,7.79,8.05,8.42,7.73
1998,6,18,0.28,11.4,11.74,10.69,12.25,10.44,10.46,10.03,11.42,9.73,10.32,8.87,9.1,9.55,10.74
1998,6,19,0.65,13.28,12.68,11.54,13.21,11.56,11.23,11.01,12.32,10.46,11.12,9.55,9.76,10.26,12.75
1998,6,20,0,35.81,23.46,21.45,24.4,25.03,19.93,22.87,22.67,18.96,20.23,17.42,17.25,18.32,39.15
1998,6,21,0,14.24,12.34,11.24,12.87,11.15,10.96,10.66,12,10.2,10.84,9.31,9.53,10.01,12.02
1998,6,22,6.35,22,18.64,17,19.38,18.88,16.06,17.45,18.04,15.15,16.16,13.87,13.91,14.73,26.77
1998,6,23,14.68,13.18,13.17,11.99,13.72,12.13,11.63,11.52,12.79,10.85,11.53,9.9,10.1,10.63,13.82
1998,6,24,29.62,0,0,0.52,1.03,0,0,0.55,0.44,1.05,0.39,0.55,0.7,0.51,0
1998,6,25,26.79,0,1.1,1.24,1.76,0.18,1.32,0.92,1.26,1.62,1.17,1.17,1.39,1.25,0
1998,6,26,7.19,0,3.4,3.17,3.83,1.71,3.43,2.33,3.43,3.25,3.17,2.8,3.1,3.11,0
1998,6,27,0,6.83,5.79,5.3,6.19,3.9,5.51,4.28,5.72,5.08,5.24,4.54,4.86,4.99,0.82
1998,6,28,0,7.87,7.71,7.03,8.13,5.89,7.13,6.03,7.56,6.57,6.89,5.94,6.24,6.48,3.27
1998,6,29,0,13.69,10.43,9.49,10.9,8.92,9.38,8.69,10.16,8.7,9.21,7.92,8.18,8.55,8.08
1998,6,30,0,12.33,5.53,5.06,5.93,3.65,5.28,4.05,5.47,4.88,5.02,4.35,4.67,4.79,0.58
1998,7,1,4.25,0,0,0.55,1.66,0,0,0.58,0.46,0.96,0.51,0.71,0.65,0.51,0
1998,7,2,0.94,0,1.97,1.96,2.87,0.53,2.04,1.37,2.08,2.13,2.03,1.86,2.02,2,0
1998,7,3,0,0,0,0.67,1.76,0,0,0.63,0.59,1.07,0.64,0.81,0.77,0.64,0
1998,7,4,4.64,3.43,6.51,5.46,6.17,4.03,5.9,4.48,6.05,5.11,5.33,4.78,5.07,5.11,1
1998,7,5,11.22,10.3,9.75,7.94,8.51,7.12,8.44,7.17,8.87,7.2,7.54,6.85,7.12,7.16,4.47
1998,7,6,0,12.97,12.68,10.19,10.62,10.13,10.68,9.78,11.41,9.07,9.49,8.72,8.94,8.97,8.48
1998,7,7,0,9.14,9.83,8.01,8.57,7.2,8.5,7.24,8.94,7.25,7.59,6.91,7.18,7.22,4.57
1998,7,8,4.39,12.01,10.64,8.62,9.15,8.01,9.12,7.95,9.64,7.77,8.13,7.42,7.68,7.71,5.61
1998,7,9,32.36,16.57,11.57,9.33,9.82,8.96,9.83,8.77,10.44,8.36,8.75,8.01,8.26,8.29,6.88
1998,7,10,36.88,0,0,0.34,1.49,0,0,0.49,0,0.78,0,0.54,0.44,0,0
1998,7,11,7.89,4.08,3.75,3.33,4.15,1.72,3.63,2.45,3.64,3.3,3.37,3.01,3.25,3.27,0
1998,7,12,15.35,6.97,9.59,7.82,8.4,6.96,8.31,7.03,8.73,7.1,7.43,6.75,7.02,7.06,4.26
1998,7,13,11.47,9.93,10,8.14,8.7,7.37,8.63,7.39,9.09,7.36,7.71,7.02,7.28,7.32,4.79
1998,7,14,14.78,9.87,1.73,1.78,2.7,0.41,1.82,1.25,1.87,1.98,1.85,1.71,1.86,1.82,0
1998,7,15,4.68,9.03,12.12,9.75,10.21,9.54,10.25,9.27,10.92,8.71,9.12,8.36,8.6,8.63,7.66
1998,7,16,3.66,29.96,17.88,14.14,14.3,15.74,14.56,14.63,15.9,12.35,12.89,12,12.11,12.11,16.62
1998,7,17,0,39.3,15.65,12.44,12.73,13.29,12.9,12.52,13.97,10.95,11.44,10.6,10.76,10.77,13
1998,7,18,0,17.92,18.66,14.73,14.85,16.6,15.14,15.38,16.56,12.84,13.4,12.49,12.58,12.57,17.91
1998,7,19,0,15.61,9.2,7.52,8.12,6.57,8.01,6.7,8.39,6.85,7.17,6.5,6.78,6.82,3.79
1998,7,20,2.48,17.35,11.76,9.48,9.96,9.16,9.97,8.94,10.61,8.49,8.88,8.13,8.37,8.41,7.15
1998,7,21,4.77,1.34,1.48,1.59,2.53,0.28,1.57,1.13,1.65,1.82,1.65,1.56,1.68,1.63,0
1998,7,22,11.63,12.89,10.27,8.34,8.88,7.64,8.83,7.62,9.32,7.53,7.88,7.18,7.45,7.48,5.13
1998,7,23,41.41,5.02,8.19,6.75,7.39,5.59,7.22,5.85,7.51,6.2,6.48,5.86,6.14,6.18,2.62
1998,7,24,0.92,10.94,10.12,8.23,8.78,7.49,8.72,7.49,9.19,7.44,7.78,7.09,7.35,7.39,4.93
1998,7,25,0,24.94,15.05,11.99,12.3,12.65,12.46,11.96,13.46,10.57,11.05,10.22,10.4,10.41,12.06
1998,7,26,12.28,44.13,26.8,20.9,20.55,25.88,21.1,23.39,23.56,17.92,18.62,17.59,17.43,17.36,32.18
1998,7,27,4.47,0,7.78,6.43,7.09,5.2,6.9,5.5,7.15,5.93,6.2,5.59,5.88,5.92,2.18
1998,7,28,28.6,3.01,7.08,5.9,6.58,4.55,6.35,4.94,6.55,5.48,5.72,5.15,5.43,5.47,1.5
1998,7,29,7.01,12.4,15.2,12.1,12.4,12.8,12.56,12.1,13.58,10.66,11.15,10.31,10.48,10.5,12.29
1998,7,30,10.38,14.96,12.24,9.85,10.3,9.67,10.34,9.38,11.03,8.79,9.2,8.44,8.67,8.7,7.84
1998,7,31,0,8.76,12.37,9.95,10.4,9.8,10.44,9.5,11.14,8.88,9.29,8.52,8.75,8.78,8.03
1998,8,1,0,14.38,11.64,9.51,10.72,8.94,10.6,8.79,11.03,9.07,9.18,8.06,8.7,8.99,6.78
1998,8,2,3.71,21.66,15.16,12.28,13.56,12.65,13.59,12.05,14.18,11.56,11.57,10.25,10.94,11.31,12.13
1998,8,3,18.95,5.49,3.34,3.01,4.05,1.37,3.25,2.16,3.52,3.18,3.21,2.77,3.17,3.22,0
1998,8,4,0,4.16,6.97,5.85,6.95,4.38,6.55,4.79,6.83,5.75,5.91,5.12,5.66,5.83,1.29
1998,8,5,0,12.82,13.34,10.85,12.09,10.71,12.05,10.35,12.55,10.27,10.34,9.12,9.79,10.12,9.28
1998,8,6,0.71,21.84,18.11,14.59,15.95,15.87,16.08,14.89,16.8,13.65,13.55,12.07,12.78,13.22,17.06
1998,8,7,24.19,0,3.4,3.06,4.1,1.41,3.31,2.19,3.57,3.22,3.26,2.81,3.21,3.26,0
1998,8,8,8.94,0,0,0,0,0,0,0,0,0,0,0,0,0,0
1998,8,9,1.97,0,0,0.33,1.61,0,0,0.53,0,0.86,0,0,0,0,0
1998,8,10,3.48,13.19,8.45,7.01,8.14,5.76,7.84,6,8.16,6.8,6.96,6.06,6.64,6.84,2.74
1998,8,11,0,0,0.81,1.14,2.27,0,0.66,0.89,1.21,1.54,1.12,1.13,1.32,1.22,0
1998,8,12,0,8.5,6.56,5.52,6.61,4,6.18,4.46,6.45,5.45,5.61,4.85,5.38,5.54,0.95
1998,8,13,6.11,19.38,12.59,10.26,11.49,9.93,11.41,9.65,11.88,9.74,9.83,8.66,9.31,9.62,8.15
1998,8,14,21.67,14.21,15.71,12.71,14.01,13.24,14.06,12.57,14.67,11.95,11.94,10.59,11.28,11.66,13.01
1998,8,15,23.01,19.95,6.12,5.17,6.25,3.61,5.79,4.11,6.05,5.14,5.29,4.57,5.08,5.23,0.63
1998,8,16,11.34,2.49,3.94,3.47,4.52,1.81,3.81,2.54,4.06,3.6,3.67,3.16,3.59,3.66,0
1998,8,17,25.99,22.55,14.15,11.48,12.75,11.57,12.74,11.1,13.28,10.84,10.89,9.63,10.3,10.65,10.52
1998,8,18,21.01,17.39,12.89,10.49,11.73,10.24,11.66,9.93,12.15,9.95,10.03,8.84,9.5,9.82,8.59
1998,8,19,5.84,1.93,2.24,2.17,3.22,0.65,2.19,1.52,2.51,2.43,2.35,2.05,2.38,2.38,0
1998,8,20,7.56,3.31,9.19,7.58,8.73,6.48,8.48,6.62,8.83,7.32,7.48,6.52,7.12,7.34,3.58
1998,8,21,2.59,26.79,21.23,17.04,18.46,19.35,18.69,17.97,19.57,15.85,15.63,13.98,14.72,15.22,22.57
1998,8,22,16.54,0,1.29,1.47,2.56,0.15,1.17,1.07,1.64,1.82,1.55,1.43,1.67,1.62,0
1998,8,23,15.36,0.1,2.91,2.68,3.72,1.07,2.84,1.9,3.12,2.88,2.88,2.49,2.86,2.9,0
1998,8,24,11.99,8.14,4.53,3.93,4.99,2.27,4.36,2.95,4.61,4.02,4.12,3.55,4,4.1,0
1998,8,25,13.21,2.1,6.15,5.2,6.28,3.64,5.82,4.14,6.08,5.16,5.31,4.59,5.1,5.25,0.65
1998,8,26,3.02,18.46,12.11,9.88,11.1,9.43,11,9.22,11.46,9.4,9.5,8.36,9.01,9.31,7.46
1998,8,27,2.41,16.12,15.09,12.23,13.51,12.58,13.54,11.99,14.12,11.52,11.53,10.21,10.9,11.26,12.02
1998,8,28,2.05,12.9,11.07,9.06,10.26,8.36,10.11,8.28,10.52,8.66,8.79,7.71,8.34,8.61,5.99
1998,8,29,0,29.57,19.37,15.58,16.96,17.27,17.14,16.12,17.93,14.54,14.39,12.84,13.57,14.03,19.25
1998,8,30,0,56.73,25.83,20.65,22.16,24.6,22.53,22.62,23.64,19.09,18.65,16.79,17.54,18.14,31.14
1998,8,31,4.85,40.74,24.15,19.33,20.81,22.67,21.13,20.9,22.16,17.91,17.55,15.76,16.51,17.08,27.95
1998,9,1,2.25,18.27,13.27,11.04,12.6,11.17,12,10.79,12.89,10.9,11.07,10.19,10.72,10.8,10.7
1998,9,2,6.59,31.23,14.19,11.81,13.38,12.23,12.81,11.74,13.77,11.64,11.77,10.93,11.41,11.48,12.52
1998,9,3,1.97,125.23,27.21,22.61,24.38,28.06,24.07,26.07,26.17,22.22,21.39,21.55,21.07,20.83,42.93
1998,9,4,1.13,20.81,25.46,21.15,22.89,25.85,22.55,24.06,24.5,20.78,20.12,20.1,19.78,19.58,38.48
1998,9,5,4.11,57.65,24.38,20.25,21.99,24.5,21.63,22.83,23.47,19.91,19.33,19.22,18.98,18.82,35.78
1998,9,6,20.22,42.35,21.61,17.95,19.65,21.06,19.24,19.72,20.83,17.65,17.29,16.95,16.93,16.84,29
1998,9,7,17.18,17.11,17.94,14.91,16.56,16.61,16.07,15.7,17.34,14.67,14.58,13.96,14.21,14.21,20.49
1998,9,8,0,3.08,9.14,7.65,9.1,6.7,8.36,6.78,8.97,7.61,7.9,6.92,7.59,7.72,3.69
1998,9,9,0,0.1,5.61,4.79,6.15,3.31,5.17,3.78,5.63,4.88,5.09,4.23,4.88,5.01,0.1
1998,9,10,0,0,6.3,5.34,6.72,3.93,5.8,4.32,6.28,5.4,5.65,4.74,5.42,5.55,0.49
1998,9,11,12.55,15.87,10.4,8.68,10.17,8.03,9.48,7.97,10.17,8.61,8.88,7.92,8.56,8.68,5.61
1998,9,12,15.36,7.88,13.7,11.39,12.96,11.66,12.37,11.23,13.3,11.24,11.39,10.53,11.04,11.11,11.53
1998,9,13,1.9,5.5,11.7,9.75,11.27,9.43,10.63,9.23,11.4,9.64,9.88,8.95,9.54,9.64,7.81
1998,9,14,0,0,6.91,5.83,7.23,4.49,6.36,4.82,6.85,5.87,6.14,5.2,5.89,6.02,1
1998,9,15,23.71,0,8.65,7.24,8.69,6.2,7.92,6.33,8.5,7.22,7.51,6.54,7.22,7.35,3
1998,9,16,12.22,9.03,9.6,8.03,9.49,7.18,8.77,7.21,9.4,7.97,8.26,7.29,7.95,8.07,4.36
1998,9,17,25.33,8.07,11.25,9.38,10.89,8.94,10.23,8.79,10.97,9.28,9.53,8.59,9.2,9.31,7.02
1998,9,18,26.46,6.97,8.2,6.88,8.31,5.75,7.51,5.93,8.07,6.87,7.16,6.19,6.87,7.01,2.42
1998,9,19,11.08,1.22,15.28,12.71,14.31,13.48,13.76,12.87,14.81,12.52,12.59,11.81,12.23,12.28,14.74
1998,9,20,21.45,0,1.73,1.85,3.22,0.5,1.26,1.39,2.11,2.22,1.58,1.57,1.85,1.74,0
1998,9,21,29.46,0,3.3,2.97,4.31,1.46,2.98,2.18,3.49,3.2,3.12,2.56,3.08,3.13,0
1998,9,22,4.82,0,5.23,4.48,5.84,2.97,4.82,3.49,5.27,4.59,4.77,3.94,4.59,4.7,0
1998,9,23,0.91,0,0,0,0,0,0,0.1,0,0,0,0,0,0,0
1998,9,24,2.14,0,4.04,3.54,4.88,2,3.7,2.65,4.17,3.72,3.77,3.08,3.66,3.75,0
1998,9,25,26.86,21.78,16.32,13.56,15.18,14.69,14.66,13.96,15.8,13.36,13.37,12.65,13.01,13.03,16.93
1998,9,26,1.34,15.78,14.23,11.84,13.42,12.27,12.85,11.78,13.81,11.67,11.8,10.97,11.44,11.51,12.6
1998,9,27,0,0,2.76,2.57,3.91,1.09,2.44,1.87,3,2.84,2.63,2.2,2.65,2.67,0
1998,9,28,13.66,0,2.87,2.65,3.99,1.16,2.55,1.93,3.1,2.91,2.73,2.27,2.74,2.76,0
1998,9,29,58.28,0.78,6.03,5.13,6.5,3.68,5.56,4.11,6.03,5.2,5.43,4.54,5.21,5.34,0.31
1998,9,30,0,24.49,16.49,13.71,15.33,14.9,14.81,14.15,15.96,13.5,13.5,12.79,13.13,13.16,17.31
1998,10,1,1.25,19.32,16.27,15.67,15.81,22.7,15.9,22.06,18.52,14.95,16.12,15.93,14.92,15.51,30.15
1998,10,2,0,0,4.19,3.83,4.79,3.11,4.31,3.78,4.36,3.85,3.59,3.19,3.49,3.47,0
1998,10,3,0,1.87,7.89,7.3,8.07,8.12,7.83,8.44,8.51,7.06,7.24,6.71,6.83,6.92,5.16
1998,10,4,0,0,3.96,3.62,4.59,2.85,4.09,3.53,4.11,3.67,3.37,2.99,3.29,3.27,0
1998,10,5,20.72,0.18,4.93,4.5,5.43,4,5.01,4.61,5.16,4.47,4.3,3.85,4.14,4.13,0.39
1998,10,6,15.73,0,3.02,2.82,3.82,1.89,3.23,2.63,3.14,2.94,2.52,2.24,2.52,2.49,0
1998,10,7,0.92,1.24,6.4,5.87,6.73,5.93,6.4,6.41,6.79,5.73,5.73,5.22,5.45,5.49,2.27
1998,10,8,0,2.72,11.86,11.21,11.71,14.65,11.64,14.52,13.18,10.73,11.38,10.93,10.6,10.9,15.64
1998,10,9,0,15.16,14.03,13.4,13.72,18.53,13.74,18.16,15.79,12.79,13.7,13.36,12.71,13.15,22.51
1998,10,10,0,8.12,10.36,9.71,10.32,12.07,10.19,12.12,11.39,9.32,9.79,9.29,9.15,9.37,11.3
1998,10,11,0,0,6.55,6.01,6.86,6.14,6.54,6.6,6.96,5.86,5.88,5.36,5.58,5.63,2.52
1998,10,12,0,0.47,9.68,9.05,9.7,10.96,9.55,11.08,10.59,8.7,9.09,8.57,8.51,8.69,9.48
1998,10,13,0,6.56,10.62,9.97,10.57,12.52,10.45,12.54,11.7,9.57,10.07,9.58,9.41,9.64,12.04
1998,10,14,0,14.7,11.1,10.45,11.01,13.33,10.91,13.29,12.27,10.01,10.57,10.09,9.86,10.12,13.39
1998,10,15,2.22,0,6.19,5.67,6.54,5.64,6.2,6.14,6.56,5.55,5.53,5.02,5.26,5.29,1.94
1998,10,16,0,0,1.56,1.66,2.7,0.74,1.93,1.51,1.74,1.91,1.3,1.23,1.4,1.4,0
1998,10,17,0,0,5.39,4.92,5.83,4.57,5.44,5.14,5.66,4.86,4.74,4.26,4.54,4.55,0.85
1998,10,18,0,2.36,5.48,5.01,5.91,4.69,5.52,5.25,5.76,4.93,4.82,4.34,4.62,4.63,0.95
1998,10,19,0,3.85,9.26,8.63,9.32,10.28,9.14,10.45,10.1,8.31,8.65,8.13,8.11,8.28,8.4
1998,10,20,0,13.95,15.73,15.13,15.31,21.69,15.39,21.11,17.86,14.43,15.54,15.31,14.39,14.94,28.28
1998,10,21,0,8.67,19.03,18.51,18.39,28.03,18.58,27.06,21.91,17.64,19.13,19.16,17.66,18.45,40.16
1998,10,22,2.88,0,4.23,3.87,4.82,3.16,4.35,3.82,4.4,3.89,3.63,3.23,3.52,3.51,0.1
1998,10,23,1.08,0,2.9,2.72,3.72,1.78,3.12,2.53,3.02,2.85,2.42,2.15,2.42,2.39,0
1998,10,24,0,0,2.21,2.15,3.18,1.19,2.49,1.96,2.34,2.34,1.82,1.65,1.88,1.86,0
1998,10,25,0,0,4.88,4.45,5.38,3.93,4.96,4.54,5.1,4.42,4.24,3.8,4.09,4.08,0.34
1998,10,26,0,1.38,8.49,7.88,8.61,9.04,8.4,9.3,9.19,7.6,7.85,7.32,7.38,7.51,6.51
1998,10,27,0,0.72,8.01,7.41,8.18,8.3,7.94,8.61,8.64,7.17,7.36,6.82,6.93,7.04,5.42
1998,10,28,0,20.19,19.32,18.81,18.67,28.61,18.86,27.61,22.27,17.93,19.46,19.51,17.96,18.76,41.27
1998,10,29,0,0,6.87,6.31,7.14,6.6,6.84,7.02,7.32,6.14,6.2,5.68,5.87,5.93,3.09
1998,10,30,0,0,6.05,5.54,6.41,5.45,6.06,5.95,6.4,5.42,5.38,4.88,5.13,5.16,1.72
1998,10,31,0.68,0,2.22,2.16,3.19,1.2,2.5,1.97,2.35,2.35,1.83,1.66,1.89,1.87,0
1998,11,1,1.39,0,0.68,0.91,1.36,0.78,0.75,1.4,0.71,0.91,0.7,0.46,0.57,0.53,0
1998,11,2,0.35,0.57,7.42,8.7,8.39,18.62,7.07,19.72,9.61,6.98,6.33,5.6,5.86,5.81,0.56
1998,11,3,1.26,3.12,16.26,20.1,18.41,52.93,15.44,54.39,22.99,15.7,13.98,13.4,13.55,13.41,22.44
1998,11,4,2.72,2.61,14.71,18.06,16.61,46.5,13.96,47.89,20.58,14.14,12.62,11.99,12.17,12.05,17.61
1998,11,5,4.35,0.1,2.73,3.08,3.38,4.57,2.66,5.48,3.11,2.64,2.37,1.84,2.05,2.01,0
1998,11,6,0,0.4,2.54,2.87,3.19,4.13,2.49,5.03,2.87,2.47,2.21,1.7,1.91,1.87,0
1998,11,7,2.25,0,1.4,1.64,2.05,1.85,1.42,2.61,1.49,1.5,1.28,0.91,1.07,1.03,0
1998,11,8,0,0,0.57,0.81,1.26,0.65,0.66,1.24,0.6,0.83,0.62,0.4,0.5,0.46,0
1998,11,9,0,0,4.58,5.23,5.31,9.48,4.39,10.49,5.57,4.31,3.91,3.26,3.51,3.47,0
1998,11,10,0.1,0,1.53,1.77,2.18,2.08,1.55,2.86,1.64,1.61,1.38,1,1.16,1.12,0
1998,11,11,0.1,0,3.68,4.17,4.37,6.97,3.55,7.94,4.36,3.49,3.16,2.56,2.79,2.76,0
1998,11,12,1.8,0,6.5,7.56,7.38,15.51,6.2,16.57,8.28,6.11,5.55,4.83,5.09,5.04,0.1
1998,11,13,0,8.99,17.68,21.96,20.04,58.83,16.77,60.41,25.18,17.13,15.2,14.68,14.8,14.64,27
1998,11,14,0,6.42,12.88,15.65,14.5,39.05,12.23,40.34,17.77,12.3,11.03,10.35,10.56,10.46,12.21
1998,11,15,0,13.58,28.37,36.28,32.55,105.65,26.93,108.08,42.07,28.02,24.56,24.57,24.42,24.12,64.58
1998,11,16,0,18.95,23.62,29.87,26.96,84.49,22.41,86.5,34.51,23.16,20.39,20.14,20.12,19.89,47.41
1998,11,17,0,43.52,36.22,47.04,42.37,141.9,34.42,144.99,54.64,36.1,31.44,32.02,31.67,31.24,94.52
1998,11,18,0,13.94,22.84,28.84,26.05,81.09,21.67,83.02,33.28,22.35,19.71,19.42,19.43,19.2,44.62
1998,11,19,0,5.73,16.93,20.98,19.17,55.71,16.07,57.21,24.02,16.37,14.56,14.01,14.14,13.99,24.57
1998,11,20,0,0,8.41,9.94,9.48,22.1,8,23.22,11.05,7.93,7.18,6.44,6.69,6.63,1.86
1998,11,21,0,0,3.81,4.32,4.5,7.31,3.67,8.28,4.52,3.6,3.26,2.66,2.89,2.85,0
1998,11,22,0,0.76,7,8.17,7.92,17.17,6.67,18.25,8.99,6.58,5.97,5.25,5.5,5.45,0.21
1998,11,23,0,0,0,0,0.12,0,0,0.1,0,0,0,0,0,0,0
1998,11,24,4.85,0,0.76,0.99,1.44,0.88,0.83,1.52,0.79,0.98,0.77,0.51,0.63,0.59,0
1998,11,25,36.35,0,3.24,3.66,3.91,5.82,3.14,6.77,3.77,3.09,2.79,2.22,2.45,2.41,0
1998,11,26,21.96,0,0.75,0.97,1.42,0.86,0.82,1.49,0.77,0.96,0.75,0.5,0.61,0.57,0
1998,11,27,0,0,0,0.25,0.68,0.12,0.1,0.48,0.1,0.35,0.14,0.1,0.13,0.1,0
1998,11,28,0,0,3.31,3.74,3.98,6,3.21,6.96,3.87,3.16,2.85,2.28,2.5,2.47,0
1998,11,29,0.24,0,0,0.1,0.35,0.1,0,0.18,0,0.1,0,0,0,0,0
1998,11,30,0.85,0,0.51,0.74,1.2,0.58,0.6,1.15,0.54,0.78,0.56,0.36,0.46,0.42,0
1998,12,1,1.3,0.1,3.22,4.45,4.52,10.83,3.27,11.88,4.3,3.32,2.85,1.68,2.08,2.08,0
1998,12,2,0.18,0.1,1.37,1.92,2.19,3.73,1.5,4.6,1.75,1.46,1.23,0.71,0.9,0.93,0
1998,12,3,3.94,0,1.76,2.44,2.68,5.09,1.88,6.04,2.28,1.85,1.58,0.92,1.15,1.17,0
1998,12,4,4.24,0,0,0,0.11,0,0,0.1,0,0,0,0,0,0,0
1998,12,5,0.54,0,0,0,0,0,0,0,0,0,0,0,0,0,0
1998,12,6,0.66,0,0,0,0,0,0,0,0,0,0,0,0,0,0
1998,12,7,0.1,0,0,0,0,0,0,0,0,0,0,0,0,0,0
1998,12,8,0,0,0.1,0.2,0.46,0.17,0.15,0.53,0.11,0.15,0.1,0.1,0.1,0.1,0
1998,12,9,0,2.82,19.92,29,26.74,95.84,18.76,98.13,29.29,20.75,17.65,10.18,12.59,12.28,16.36
1998,12,10,0.1,6.86,31.59,48.61,44.41,178.62,32.13,184.03,49.34,34.42,29.37,16.79,20.63,20.49,43.85
1998,12,11,0.14,0,1.26,1.78,2.05,3.36,1.4,4.24,1.61,1.35,1.14,0.66,0.83,0.86,0
1998,12,12,0,0,0.3,0.54,0.84,0.68,0.43,1.23,0.4,0.41,0.31,0.15,0.21,0.25,0
1998,12,13,0,1.13,13.97,20.1,18.65,63.81,13.28,65.37,20.24,14.48,12.37,7.17,8.86,8.66,3.79
1998,12,14,0,0,2.46,3.4,3.56,7.75,2.56,8.76,3.25,2.56,2.19,1.29,1.6,1.61,0
1998,12,15,0,0,0,0,0.1,0,0,0.1,0,0,0,0,0,0,0
1998,12,16,0,0,0,0,0,0,0,0,0,0,0,0,0,0,0
1998,12,17,0.25,0,4.66,6.48,6.38,17.13,4.64,18.3,6.38,4.79,4.13,2.42,3,2.97,0
1998,12,18,0.72,0,0.33,0.56,0.87,0.73,0.46,1.29,0.42,0.43,0.33,0.16,0.23,0.26,0
1998,12,19,0,0,0.1,0.26,0.54,0.24,0.2,0.63,0.16,0.19,0.13,0.1,0.1,0.11,0
1998,12,20,0,0,0,0.1,0.32,0.1,0.1,0.29,0.1,0.1,0.1,0,0.1,0.1,0
1998,12,21,0,0,0.44,0.72,1.03,1.01,0.59,1.64,0.58,0.55,0.44,0.23,0.31,0.34,0
1998,12,22,0,0,0,0,0.1,0,0,0.1,0,0,0,0,0,0,0
1998,12,23,0,0,0.1,0.15,0.4,0.11,0.1,0.41,0.1,0.1,0.1,0.1,0.1,0.1,0
1998,12,24,0,0,2.39,3.31,3.47,7.48,2.49,8.48,3.15,2.49,2.13,1.25,1.56,1.57,0
1998,12,25,0,0,2.48,3.42,3.58,7.81,2.57,8.82,3.27,2.57,2.2,1.29,1.61,1.62,0
1998,12,26,0,0,0,0.1,0.26,0.1,0.1,0.23,0.1,0.1,0.1,0,0,0.1,0
1998,12,27,0,0,0,0.1,0.16,0.1,0,0.1,0,0.1,0,0,0,0,0
1998,12,28,0,0,0.1,0.2,0.47,0.18,0.16,0.54,0.11,0.15,0.1,0.1,0.1,0.1,0
1998,12,29,0.31,0,0,0.1,0.16,0.1,0,0.11,0,0.1,0,0,0,0,0
1998,12,30,0,0,0.13,0.3,0.59,0.31,0.24,0.73,0.19,0.23,0.15,0.1,0.1,0.13,0
1998,12,31,0,0.82,9.55,13.55,12.77,40.77,9.18,42.2,13.57,9.84,8.44,4.92,6.08,5.96,0
1999,1,1,0,0,0.1,0.15,0.2,0.1,0.11,0.21,0.14,0.18,0.13,0.1,0.1,0.1,0
1999,1,2,0,0,0,0,0,0,0,0,0,0,0,0,0,0,0
1999,1,3,0,0,0.35,0.46,0.53,0.55,0.37,0.85,0.48,0.45,0.37,0.22,0.31,0.3,0
1999,1,4,0,0,2.09,2.63,2.62,7.29,2.07,7.46,3.02,2.08,1.91,1.47,1.6,1.63,0
1999,1,5,0,0,1.76,2.23,2.23,5.85,1.76,6.1,2.54,1.79,1.63,1.24,1.37,1.38,0
1999,1,6,0,0,0.15,0.21,0.28,0.13,0.17,0.32,0.21,0.25,0.18,0.1,0.15,0.13,0
1999,1,7,0,0,0.26,0.35,0.42,0.33,0.28,0.6,0.36,0.36,0.29,0.16,0.24,0.22,0
1999,1,8,0.5,0,0.45,0.59,0.66,0.84,0.48,1.17,0.63,0.56,0.47,0.3,0.39,0.38,0
1999,1,9,0,0,0.29,0.38,0.45,0.41,0.31,0.68,0.39,0.39,0.31,0.18,0.26,0.25,0
1999,1,10,0.12,0,0,0,0,0,0,0,0,0,0,0,0,0,0
1999,1,11,0.1,0,0,0,0,0,0,0,0,0,0,0,0,0,0
1999,1,12,0.37,0,0.1,0.1,0.11,0.1,0.1,0.1,0.1,0.1,0.1,0.1,0.1,0.1,0
1999,1,13,0,0,0,0,0,0,0,0,0,0,0,0,0,0,0
1999,1,14,0,0,0,0,0,0,0,0,0,0,0,0,0,0,0
1999,1,15,0,0,0,0,0,0,0,0,0,0,0,0,0,0,0
1999,1,16,0,0,0,0,0,0,0,0,0,0,0,0,0,0,0
1999,1,17,0,0,0,0,0,0,0,0,0,0,0,0,0,0,0
1999,1,18,0,0,0,0,0,0,0,0,0,0,0,0,0,0,0
1999,1,19,0,0,0,0,0,0,0,0,0,0,0,0,0,0,0
1999,1,20,0,0,0,0,0,0,0,0,0,0,0,0,0,0,0
1999,1,21,0,0,0,0,0,0,0,0,0,0,0,0,0,0,0
1999,1,22,0,0,0,0,0,0,0,0,0,0,0,0,0,0,0
1999,1,23,0,0,0.16,0.22,0.28,0.14,0.18,0.34,0.22,0.25,0.19,0.1,0.15,0.14,0
1999,1,24,0.1,0,1.66,2.09,2.1,5.35,1.65,5.63,2.37,1.69,1.54,1.16,1.29,1.3,0
1999,1,25,1.58,0,0.15,0.21,0.27,0.12,0.17,0.31,0.2,0.24,0.18,0.1,0.14,0.13,0
1999,1,26,1.2,0,0.55,0.71,0.78,1.12,0.58,1.48,0.76,0.66,0.56,0.36,0.47,0.46,0
1999,1,27,1.05,0,0,0,0.1,0,0,0.1,0,0.1,0,0,0,0,0
1999,1,28,0,0,0,0,0,0,0,0,0,0,0,0,0,0,0
1999,1,29,0,0,0,0,0,0,0,0,0,0,0,0,0,0,0
1999,1,30,0,0,0,0,0,0,0,0,0,0,0,0,0,0,0
1999,1,31,0,0,0,0,0,0,0,0,0,0,0,0,0,0,0
1999,2,1,0,0,0,0.1,0.1,0,0.1,0.1,0.1,0.1,0.1,0,0,0,0
1999,2,2,0,0,0,0,0,0,0,0,0,0,0,0,0,0,0
1999,2,3,0,0,0.1,0.12,0.18,0.1,0.11,0.1,0.13,0.15,0.1,0.1,0.1,0.1,0
1999,2,4,0,0,0.8,1.04,1.19,0.9,0.87,1.4,1.04,0.96,0.82,0.68,0.74,0.74,0
1999,2,5,0,0,1.33,1.82,2,2.4,1.48,3.07,1.8,1.59,1.41,1.21,1.28,1.28,0
1999,2,6,0,0,0.1,0.1,0.1,0,0.1,0.1,0.1,0.1,0.1,0.1,0.1,0.1,0
1999,2,7,0,0,0,0,0,0,0,0,0,0,0,0,0,0,0
1999,2,8,0.37,0,0,0,0,0,0,0,0,0,0,0,0,0,0
1999,2,9,0.41,0,0,0,0,0,0,0,0,0,0,0,0,0,0
1999,2,10,0.14,0,0.62,0.78,0.92,0.51,0.66,0.92,0.79,0.75,0.62,0.5,0.56,0.55,0
1999,2,11,0.34,0,0,0,0,0,0,0,0,0,0,0,0,0,0
1999,2,12,1,0,0,0,0,0,0,0,0,0,0,0,0,0,0
1999,2,13,0.22,0,0.19,0.24,0.31,0.1,0.2,0.14,0.25,0.26,0.19,0.12,0.15,0.15,0
1999,2,14,0,0,0.16,0.21,0.27,0.1,0.17,0.1,0.22,0.24,0.16,0.1,0.13,0.13,0
1999,2,15,0,0,0.36,0.44,0.53,0.13,0.38,0.38,0.45,0.45,0.36,0.26,0.31,0.3,0
1999,2,16,0,0,0,0,0,0,0,0,0,0,0,0,0,0,0
1999,2,17,0,0,0,0,0,0,0,0,0,0,0,0,0,0,0
1999,2,18,0,0,0,0,0,0,0,0,0,0,0,0,0,0,0
1999,2,19,0,0,0.1,0.1,0.1,0,0.1,0.1,0.1,0.1,0.1,0.1,0.1,0.1,0
1999,2,20,0,0,0.15,0.19,0.26,0.1,0.16,0.1,0.2,0.22,0.15,0.1,0.12,0.12,0
1999,2,21,0,0,0,0,0,0,0,0,0,0,0,0,0,0,0
1999,2,22,0,0,0,0,0,0,0,0,0,0,0,0,0,0,0
1999,2,23,0,11.03,4.61,7.03,7.4,16.48,5.34,16.97,6.74,5.6,5.16,4.71,4.77,4.82,3.09
1999,2,24,0.2,0,1.72,2.42,2.63,3.75,1.93,4.47,2.37,2.06,1.85,1.62,1.68,1.69,0
1999,2,25,0.24,0,1.63,2.26,2.47,3.41,1.82,4.12,2.22,1.94,1.74,1.51,1.59,1.59,0
1999,2,26,0.41,0,0,0,0,0,0,0,0,0,0,0,0,0,0
1999,2,27,0,0,0,0,0,0,0,0,0,0,0,0,0,0,0
1999,2,28,0,0,0,0,0,0,0,0,0,0,0,0,0,0,0
1999,3,1,0,0,0,0,0,0,0,0,0,0,0,0,0,0,0
1999,3,2,0,0,0,0,0,0,0,0,0,0,0,0,0,0,0
1999,3,3,5.46,0,0,0,0,0,0,0,0,0,0,0,0,0,0
1999,3,4,4.17,0,0,0,0,0,0,0,0,0,0,0,0,0,0
1999,3,5,1.32,0,0,0,0,0,0,0,0,0,0,0,0,0,0
1999,3,6,0,0,0,0,0,0,0,0,0,0,0,0,0,0,0
1999,3,7,1.12,0,0,0,0,0,0,0,0,0,0,0,0,0,0
1999,3,8,2.89,0,0,0,0,0,0,0,0,0,0,0,0,0,0
1999,3,9,0,0,0.1,0.1,0.17,0.1,0.1,0.14,0.1,0.24,0.1,0.1,0.1,0.1,0
1999,3,10,0.1,0,0,0,0,0,0,0,0,0,0,0,0,0,0
1999,3,11,0,0,0,0,0,0,0,0,0,0.1,0,0,0,0,0
1999,3,12,0,0,0,0,0,0,0,0,0,0,0,0,0,0,0
1999,3,13,0,0,0.1,0.1,0.13,0.1,0.1,0.11,0.1,0.21,0.1,0.1,0.1,0.1,0
1999,3,14,0,0,0.32,0.35,0.42,0.15,0.3,0.35,0.35,0.47,0.34,0.26,0.3,0.29,0
1999,3,15,0,0,0.18,0.24,0.31,0.1,0.18,0.25,0.23,0.35,0.24,0.16,0.2,0.19,0
1999,3,16,0,0,0,0,0.1,0,0,0.1,0,0.1,0,0,0,0,0
1999,3,17,0,0,0.4,0.41,0.5,0.21,0.38,0.46,0.43,0.55,0.4,0.31,0.36,0.35,0
1999,3,18,0,0,0,0,0,0,0,0,0,0,0,0,0,0,0
1999,3,19,0,0,2.45,2.37,2.58,2.98,2.19,3.36,2.81,2.3,2.19,2.27,2.21,2.22,0
1999,3,20,0,0,0.1,0.1,0.1,0.1,0.1,0.1,0.1,0.15,0.1,0.1,0.1,0.1,0
1999,3,21,0,0,1.42,1.38,1.53,1.39,1.29,1.79,1.58,1.44,1.29,1.24,1.26,1.26,0
1999,3,22,0,0,0,0.1,0.1,0,0,0.1,0.1,0.1,0.1,0.1,0.1,0.1,0
1999,3,23,0,0,0,0,0.1,0,0,0.1,0,0.1,0,0,0,0,0
1999,3,24,0,0,0,0,0,0,0,0,0,0,0,0,0,0,0
1999,3,25,0,0,0.1,0.1,0.14,0.1,0.1,0.12,0.1,0.22,0.1,0.1,0.1,0.1,0
1999,3,26,0,0,1.28,1.26,1.39,1.18,1.17,1.56,1.42,1.31,1.17,1.11,1.14,1.14,0
1999,3,27,0,0,0.52,0.55,0.66,0.31,0.49,0.63,0.58,0.68,0.53,0.43,0.49,0.47,0
1999,3,28,0,0,0,0,0,0,0,0,0,0,0,0,0,0,0
1999,3,29,0,0,0,0,0,0,0,0,0,0.1,0,0,0,0,0
1999,3,30,0,0,0.45,0.46,0.58,0.26,0.43,0.54,0.48,0.61,0.45,0.35,0.41,0.39,0
1999,3,31,0,0,1.06,1.07,1.21,0.9,0.97,1.32,1.19,1.15,1,0.92,0.96,0.96,0
1999,4,1,0,12.84,3.52,3.08,3.74,2.95,3.31,3.71,3.46,3.05,2.91,2.62,2.74,2.84,0
1999,4,2,0,0,1.4,1.33,1.8,0.71,1.32,1.47,1.51,1.46,1.37,1.1,1.19,1.24,0
1999,4,3,0,4.13,4.7,4.14,4.87,4.41,4.42,5.02,4.61,3.97,3.82,3.54,3.66,3.78,0
1999,4,4,0,0,0.28,0.41,0.72,0.1,0.26,0.5,0.45,0.59,0.49,0.31,0.35,0.37,0
1999,4,5,0,0,0.79,0.78,1.12,0.27,0.74,0.84,0.89,0.91,0.85,0.63,0.7,0.74,0
1999,4,6,0,0,2,1.79,2.27,1.27,1.89,2.01,2.04,1.85,1.78,1.5,1.61,1.67,0
1999,4,7,0,0,0.74,0.75,1.08,0.23,0.7,0.79,0.85,0.88,0.81,0.6,0.67,0.7,0
1999,4,8,0,0,0.1,0.18,0.48,0,0.1,0.34,0.18,0.39,0.27,0.11,0.13,0.15,0
1999,4,9,0.23,0,1.18,1.1,1.55,0.56,1.11,1.26,1.24,1.26,1.16,0.89,0.97,1.02,0
1999,4,10,8.81,0,0.1,0.22,0.52,0.1,0.1,0.37,0.22,0.42,0.31,0.14,0.17,0.19,0
1999,4,11,0.74,0,0,0,0,0,0,0,0,0,0,0,0,0,0
1999,4,12,2.31,4.83,9.16,8.15,9.22,10.65,8.62,10.81,8.92,7.52,7.19,7.03,7.1,7.31,5.62
1999,4,13,0.77,12.39,14.19,12.75,14.13,18.35,13.38,17.77,13.81,11.54,10.96,11.03,11,11.31,20.72
1999,4,14,7.98,48.4,18.2,16.34,17.92,24.65,17.11,23.26,17.62,14.65,13.9,14.17,14.06,14.48,33.9
1999,4,15,4,1.4,3.58,3.14,3.83,3.04,3.38,3.8,3.53,3.12,2.96,2.67,2.79,2.89,0
1999,4,16,2.65,0,0.37,0.48,0.8,0.1,0.35,0.55,0.53,0.65,0.56,0.37,0.42,0.44,0
1999,4,17,0,0,0.1,0.1,0.39,0,0.1,0.28,0.1,0.32,0.19,0.1,0.1,0.1,0
1999,4,18,0.1,0,0.38,0.49,0.8,0.1,0.36,0.55,0.54,0.65,0.56,0.37,0.42,0.45,0
1999,4,19,0,0,0,0,0,0,0,0,0,0,0,0,0,0,0
1999,4,20,0,1.18,2.36,2.11,2.7,1.66,2.22,2.47,2.36,2.19,2.07,1.76,1.87,1.94,0
1999,4,21,0,0,0,0.1,0.28,0,0,0.21,0.1,0.23,0.1,0.1,0.1,0.1,0
1999,4,22,5.54,0,0,0,0,0,0,0.1,0,0,0,0,0,0,0
1999,4,23,0.34,0,0.47,0.55,0.87,0.1,0.44,0.6,0.62,0.71,0.63,0.43,0.48,0.51,0
1999,4,24,0.19,0.1,0.68,0.7,1.03,0.19,0.64,0.72,0.8,0.84,0.77,0.56,0.62,0.66,0
1999,4,25,2.04,0,2.58,2.34,2.94,1.87,2.43,2.72,2.63,2.39,2.28,1.97,2.08,2.16,0
1999,4,26,5.01,0,1.81,1.64,2.12,1.07,1.7,1.77,1.87,1.72,1.65,1.37,1.47,1.53,0
1999,4,27,1.06,0,0,0.1,0.25,0,0,0.19,0.1,0.2,0.1,0.1,0.1,0.1,0
1999,4,28,4.79,0,2.75,2.47,3.07,1.99,2.59,2.86,2.78,2.5,2.39,2.08,2.2,2.28,0
1999,4,29,3.52,0,0.1,0.14,0.43,0,0.1,0.31,0.13,0.35,0.23,0.1,0.1,0.11,0
1999,4,30,4.11,0,0.13,0.31,0.61,0.1,0.12,0.43,0.32,0.5,0.39,0.22,0.25,0.27,0
1999,5,1,0,0,0,0.1,0.57,0,0,0.33,0,0.4,0,0,0,0,0
1999,5,2,0,0,0,0,0.4,0,0,0.23,0,0.26,0,0,0,0,0
1999,5,3,4.59,0,0.63,0.92,1.47,0.1,0.82,0.84,1.05,1.17,0.84,0.69,0.88,0.78,0
1999,5,4,16.28,1.13,7.06,6.64,6.98,5.77,6.78,5.99,7.1,6.25,6.54,5.52,5.93,6.28,0.79
1999,5,5,0,0,5.66,5.29,5.76,4.18,5.51,4.6,5.75,5.07,5.27,4.41,4.8,5.05,0
1999,5,6,2.08,6.9,13.02,12.73,12.3,13.45,12.1,12.68,12.95,11.51,12.01,10.41,10.78,11.57,10.71
1999,5,7,12.06,1.27,5.33,5,5.49,3.83,5.22,4.28,5.45,4.82,4.99,4.17,4.55,4.78,0
1999,5,8,7.53,0,0,0.32,0.82,0,0,0.47,0.34,0.62,0,0.15,0.28,0,0
1999,5,9,14.86,0,1.74,1.78,2.38,0.69,1.88,1.44,2.06,1.95,1.79,1.46,1.72,1.7,0
1999,5,10,0,3.67,4.57,4.24,4.79,3.04,4.52,3.6,4.7,4.15,4.29,3.56,3.93,4.1,0
1999,5,11,0,0,2.31,2.24,2.86,1.07,2.42,1.8,2.57,2.38,2.28,1.86,2.15,2.17,0
1999,5,12,0,0,1.49,1.59,2.18,0.52,1.64,1.28,1.83,1.78,1.58,1.29,1.53,1.49,0
1999,5,13,0,0,0.49,0.82,1.36,0.1,0.69,0.77,0.93,1.07,0.72,0.6,0.77,0.67,0
1999,5,14,0,3.86,8.22,7.81,8.02,7.17,7.83,7.22,8.24,7.27,7.61,6.47,6.87,7.31,2.15
1999,5,15,4.72,0,3.68,3.44,4.03,2.19,3.7,2.84,3.85,3.45,3.49,2.87,3.21,3.33,0
1999,5,16,0,7.34,7.26,6.83,7.17,6,6.96,6.21,7.29,6.44,6.72,5.68,6.08,6.45,0.98
1999,5,17,15.63,5.33,9.89,9.51,9.53,9.27,9.32,9.06,9.86,8.76,9.12,7.82,8.22,8.77,4.73
1999,5,18,4.91,2.53,8.44,8.01,8.22,7.44,8.02,7.46,8.45,7.47,7.8,6.64,7.04,7.5,2.43
1999,5,19,28.68,2.15,8.09,7.68,7.92,7,7.71,7.07,8.12,7.16,7.49,6.37,6.77,7.2,1.98
1999,5,20,25.56,0,3.09,2.91,3.52,1.68,3.16,2.37,3.3,2.97,2.97,2.44,2.76,2.83,0
1999,5,21,13.61,0,2.36,2.29,2.91,1.11,2.47,1.84,2.62,2.42,2.33,1.9,2.19,2.22,0
1999,5,22,17.81,0,2.74,2.62,3.23,1.37,2.83,2.09,2.98,2.71,2.67,2.18,2.49,2.54,0
1999,5,23,8.5,0,0,0,0,0,0,0.1,0,0,0,0,0,0,0
1999,5,24,21.3,0,0,0,0,0,0,0,0,0,0,0,0,0,0
1999,5,25,4.05,0,0,0,0,0,0,0.1,0,0,0,0,0,0,0
1999,5,26,6.31,15.76,14.71,14.51,13.82,15.79,13.58,14.74,14.61,13.05,13.55,11.81,12.15,13.06,14.45
1999,5,27,9.12,13.04,12.58,12.3,11.94,12.83,11.7,12.16,12.53,11.15,11.61,10.06,10.43,11.19,9.89
1999,5,28,0,0,3.24,3.04,3.64,1.81,3.3,2.49,3.44,3.08,3.11,2.55,2.88,2.96,0
1999,5,29,0,0,5.12,4.79,5.31,3.6,5.03,4.1,5.24,4.65,4.79,4,4.38,4.58,0
1999,5,30,0,1.05,11.56,11.23,11.01,11.46,10.8,10.94,11.52,10.23,10.67,9.21,9.6,10.27,7.81
1999,5,31,0.71,2.77,3.96,3.71,4.29,2.44,3.97,3.06,4.14,3.69,3.75,3.1,3.46,3.59,0
1999,6,1,5.79,8.5,7.37,6.72,7.78,5.53,6.84,5.7,7.23,6.31,6.59,5.69,6,6.21,2.76
1999,6,2,5.12,8.55,6.67,6.09,7.08,4.79,6.25,5.06,6.56,5.76,6,5.18,5.5,5.68,1.81
1999,6,3,2.87,11.01,9.49,8.64,9.94,7.85,8.61,7.75,9.26,7.96,8.4,7.23,7.51,7.84,6.29
1999,6,4,5.49,0,1.47,1.53,2.06,0.37,1.68,1.1,1.6,1.86,1.49,1.42,1.66,1.55,0
1999,6,5,5.38,0,0,0.43,0.94,0,0,0.51,0.34,0.98,0,0.47,0.61,0.42,0
1999,6,6,10.27,0.1,3.31,3.1,3.75,1.64,3.36,2.27,3.34,3.19,3.1,2.74,3.04,3.04,0
1999,6,7,7.82,0.76,3.81,3.54,4.24,2.06,3.8,2.64,3.82,3.57,3.53,3.1,3.41,3.44,0
1999,6,8,20.61,0,1.73,1.75,2.29,0.52,1.93,1.24,1.85,2.04,1.72,1.61,1.86,1.78,0
1999,6,9,1.1,0,0,0,0.45,0,0,0.3,0,0.58,0,0,0,0,0
1999,6,10,0,0,0,0.26,0.76,0,0,0.43,0,0.83,0,0.32,0.44,0,0
1999,6,11,3.13,0,0,0.27,0.77,0,0,0.43,0,0.84,0,0.33,0.45,0,0
1999,6,12,5.97,0,0,0,0.41,0,0,0.29,0,0.55,0,0,0,0,0
1999,6,13,0,0,1.11,1.24,1.77,0.19,1.33,0.92,1.27,1.63,1.17,1.18,1.4,1.26,0
1999,6,14,3.42,0,4.12,3.81,4.54,2.33,4.07,2.88,4.12,3.8,3.8,3.32,3.64,3.69,0
1999,6,15,7.97,0,5.32,4.88,5.72,3.44,5.11,3.87,5.26,4.72,4.83,4.2,4.52,4.63,0.41
1999,6,16,15.12,0,0,0,0,0,0,0.1,0,0,0,0,0,0,0
1999,6,17,3.61,0,1.24,1.35,1.87,0.25,1.46,0.99,1.39,1.71,1.29,1.26,1.49,1.37,0
1999,6,18,0,0,3.95,3.66,4.37,2.18,3.92,2.75,3.95,3.67,3.65,3.2,3.51,3.55,0
1999,6,19,0.53,0,2.8,2.65,3.26,1.24,2.9,1.91,2.86,2.81,2.65,2.37,2.66,2.63,0
1999,6,20,12.38,0,3.34,3.12,3.78,1.67,3.39,2.29,3.37,3.21,3.13,2.76,3.06,3.07,0
1999,6,21,1.48,0,2.31,2.23,2.81,0.89,2.46,1.59,2.39,2.45,2.23,2.02,2.29,2.24,0
1999,6,22,18.37,0,4.24,3.91,4.65,2.43,4.17,2.98,4.23,3.89,3.9,3.41,3.73,3.78,0
1999,6,23,4.94,0.67,5.06,4.65,5.47,3.19,4.89,3.65,5.02,4.52,4.61,4.01,4.33,4.43,0.24
1999,6,24,7.64,2.64,0,0.4,0.9,0,0,0.49,0,0.95,0,0.44,0.57,0,0
1999,6,25,9.28,0,2.96,2.79,3.42,1.37,3.05,2.02,3.01,2.93,2.8,2.48,2.78,2.77,0
1999,6,26,1.56,0,1.97,1.94,2.5,0.66,2.15,1.38,2.07,2.21,1.93,1.77,2.04,1.96,0
1999,6,27,0,0,0,0,0.63,0,0,0.37,0,0.73,0,0,0,0,0
1999,6,28,15.68,4.76,6.52,5.95,6.92,4.64,6.12,4.92,6.41,5.64,5.86,5.07,5.39,5.56,1.62
1999,6,29,4.82,8.33,8.98,8.18,9.42,7.28,8.19,7.25,8.78,7.57,7.97,6.86,7.15,7.45,5.38
1999,6,30,2.17,0,1.37,1.45,1.98,0.32,1.59,1.05,1.51,1.8,1.41,1.35,1.59,1.48,0
1999,7,1,22.33,12.72,9,7.37,7.98,6.38,7.86,6.53,8.22,6.72,7.03,6.38,6.66,6.7,3.55
1999,7,2,7.15,16.44,12.16,9.79,10.24,9.58,10.28,9.3,10.96,8.74,9.15,8.39,8.62,8.65,7.72
1999,7,3,0,11.49,11.46,9.25,9.74,8.85,9.74,8.67,10.35,8.29,8.68,7.94,8.19,8.22,6.73
1999,7,4,0,38.09,15.81,12.57,12.84,13.47,13.02,12.67,14.11,11.05,11.55,10.7,10.86,10.87,13.26
1999,7,5,6.4,11.08,13.52,10.82,11.22,11.01,11.31,10.55,12.14,9.61,10.05,9.25,9.46,9.48,9.72
1999,7,6,15.02,0.69,3.69,3.28,4.11,1.68,3.58,2.41,3.59,3.27,3.32,2.97,3.21,3.23,0
1999,7,7,5.32,0,5.7,4.84,5.58,3.31,5.25,3.86,5.35,4.59,4.76,4.26,4.54,4.58,0.41
1999,7,8,3.27,0,0,0,0,0,0,0,0,0,0,0,0,0,0
1999,7,9,2.52,0.1,6.48,5.43,6.15,4,5.87,4.46,6.02,5.09,5.31,4.76,5.05,5.09,0.97
1999,7,10,0,0,3.9,3.44,4.26,1.83,3.75,2.55,3.76,3.4,3.47,3.1,3.35,3.37,0
1999,7,11,1.69,0,4.04,3.55,4.36,1.94,3.87,2.65,3.89,3.49,3.58,3.19,3.44,3.47,0
1999,7,12,2.36,0,4.57,3.96,4.75,2.35,4.31,3.02,4.35,3.84,3.96,3.53,3.79,3.82,0
1999,7,13,0.16,2.13,7.82,6.46,7.12,5.24,6.93,5.54,7.19,5.96,6.23,5.62,5.9,5.95,2.23
1999,7,14,5.16,8.51,8.7,7.14,7.75,6.08,7.62,6.27,7.95,6.53,6.83,6.18,6.46,6.5,3.19
1999,7,15,4.29,0,1.33,1.47,2.43,0.21,1.42,1.05,1.53,1.73,1.53,1.47,1.57,1.52,0
1999,7,16,0,0,0,0,0,0,0,0,0,0,0,0,0,0,0
1999,7,17,0,0,0.77,1.07,2.08,0.1,0.84,0.82,1.05,1.39,1.08,1.14,1.17,1.07,0
1999,7,18,8.96,0.27,1.44,1.55,2.5,0.26,1.53,1.1,1.61,1.8,1.62,1.53,1.64,1.6,0
1999,7,19,0.91,3.95,5.57,4.73,5.48,3.2,5.14,3.76,5.23,4.5,4.67,4.18,4.46,4.49,0.34
1999,7,20,0,0,10.67,8.65,9.17,8.04,9.14,7.97,9.66,7.79,8.15,7.44,7.7,7.73,5.66
1999,7,21,22.13,0,6.45,5.41,6.12,3.97,5.85,4.43,6,5.07,5.28,4.74,5.03,5.07,0.95
1999,7,22,0,0.71,5.82,4.93,5.67,3.42,5.34,3.95,5.45,4.66,4.85,4.34,4.62,4.66,0.49
1999,7,23,6.67,0,0.94,1.19,2.18,0.1,1.01,0.89,1.19,1.49,1.22,1.23,1.29,1.2,0
1999,7,24,8.92,0,0,0.3,1.45,0,0,0.48,0,0.75,0,0.51,0,0,0
1999,7,25,2.19,0,0,0,0.61,0,0,0.14,0,0,0,0,0,0,0
1999,7,26,0,1.71,6.26,5.26,5.98,3.8,5.69,4.28,5.83,4.94,5.15,4.62,4.9,4.94,0.8
1999,7,27,0,0,2.25,2.17,3.06,0.69,2.3,1.52,2.32,2.32,2.25,2.04,2.22,2.2,0
1999,7,28,0,0.84,4.63,4.01,4.79,2.41,4.37,3.06,4.41,3.88,4,3.57,3.84,3.87,0
1999,7,29,6.92,0,0,0.61,1.71,0,0,0.61,0.52,1.02,0.57,0.76,0.71,0.57,0
1999,7,30,2.79,0,0,0,0.78,0,0,0.2,0,0,0,0,0,0,0
1999,7,31,7.57,10.55,12.2,9.82,10.27,9.62,10.31,9.34,10.99,8.77,9.17,8.41,8.65,8.68,7.78
1999,8,1,8.67,48.7,24.92,19.94,21.43,23.55,21.77,21.68,22.84,18.45,18.05,16.23,16.98,17.56,29.39
1999,8,2,5.91,0,0.46,0.88,2.06,0,0,0.77,0.87,1.33,0.79,0.88,1.02,0.9,0
1999,8,3,6.18,0,4.94,4.25,5.31,2.61,4.73,3.24,4.98,4.31,4.43,3.81,4.28,4.39,0.1
1999,8,4,0.12,0,2.67,2.5,3.54,0.92,2.62,1.76,2.9,2.72,2.69,2.33,2.69,2.71,0
1999,8,5,0,0,3.16,2.87,3.91,1.24,3.08,2.05,3.35,3.06,3.07,2.65,3.04,3.08,0
1999,8,6,0,0,0,0,1.47,0,0,0.46,0,0.71,0,0,0,0,0
1999,8,7,1.45,9.31,7.83,6.52,7.63,5.17,7.3,5.48,7.6,6.36,6.52,5.66,6.22,6.42,2.08
1999,8,8,0,5.92,8.14,6.76,7.89,5.47,7.57,5.74,7.89,6.58,6.74,5.86,6.43,6.63,2.41
1999,8,9,25.35,2.3,8.58,7.11,8.24,5.89,7.95,6.11,8.28,6.89,7.05,6.14,6.72,6.93,2.88
1999,8,10,7.67,16.22,23.48,18.81,20.27,21.91,20.58,20.22,21.56,17.44,17.11,15.36,16.1,16.65,26.71
1999,8,11,0.79,4.07,5.83,4.95,6.02,3.36,5.53,3.9,5.79,4.94,5.08,4.39,4.89,5.03,0.45
1999,8,12,0,2.51,7.96,6.62,7.74,5.3,7.42,5.59,7.72,6.45,6.61,5.75,6.31,6.51,2.22
1999,8,13,2.97,8.87,11.82,9.65,10.86,9.12,10.75,8.95,11.19,9.19,9.3,8.17,8.82,9.11,7.03
1999,8,14,0,0,1.83,1.86,2.93,0.42,1.77,1.31,2.13,2.16,2,1.78,2.07,2.06,0
1999,8,15,0,5.09,12.39,10.1,11.32,9.71,11.24,9.47,11.7,9.6,9.69,8.53,9.18,9.49,7.86
1999,8,16,0,6.62,0,0,1.43,0,0,0.44,0,0.67,0,0,0,0,0
1999,8,17,0,0,0,0.68,1.9,0,0,0.68,0.61,1.17,0,0.69,0.8,0.66,0
1999,8,18,0,4.97,5.74,4.88,5.95,3.28,5.45,3.83,5.71,4.87,5.02,4.33,4.83,4.96,0.4
1999,8,19,0,0,1.16,1.38,2.48,0.1,1.03,1.02,1.53,1.74,1.44,1.35,1.58,1.52,0
1999,8,20,0.1,4.05,5.35,4.58,5.64,2.95,5.1,3.54,5.36,4.6,4.73,4.08,4.57,4.69,0.2
1999,8,21,0,2.45,4.16,3.65,4.69,1.98,4.02,2.69,4.27,3.76,3.84,3.31,3.74,3.83,0
1999,8,22,0,8.4,7.98,6.64,7.76,5.32,7.43,5.61,7.74,6.47,6.63,5.76,6.33,6.52,2.24
1999,8,23,13.32,8.68,8.71,7.21,8.35,6.01,8.07,6.22,8.4,6.98,7.14,6.22,6.81,7.02,3.03
1999,8,24,0,0.23,0,0.6,1.83,0,0,0.64,0.51,1.1,0,0.62,0.71,0.57,0
1999,8,25,0,8.1,10.55,8.65,9.84,7.83,9.66,7.81,10.06,8.29,8.43,7.38,8,8.26,5.29
1999,8,26,5.15,4.91,7.34,6.14,7.24,4.72,6.87,5.08,7.16,6.01,6.17,5.36,5.9,6.08,1.61
1999,8,27,6.91,0,8.16,6.78,7.9,5.49,7.59,5.76,7.9,6.59,6.75,5.88,6.45,6.65,2.43
1999,8,28,0,15.07,11.96,9.77,10.98,9.28,10.87,9.08,11.32,9.3,9.4,8.27,8.91,9.21,7.24
1999,8,29,3.93,33.81,14.72,11.93,13.21,12.18,13.22,11.64,13.79,11.25,11.28,9.98,10.66,11.02,11.43
1999,8,30,0,6.33,9.7,7.99,9.15,6.99,8.93,7.07,9.29,7.69,7.84,6.85,7.45,7.69,4.2
1999,8,31,0,0.51,3.18,2.89,3.93,1.26,3.11,2.06,3.37,3.07,3.09,2.67,3.05,3.1,0
1999,9,1,11.5,0,1.35,1.62,3.02,0.33,0.85,1.26,1.83,2.04,1.18,1.38,1.57,1.37,0
1999,9,2,5.09,0,3.58,3.18,4.52,1.65,3.25,2.34,3.74,3.39,3.36,2.75,3.29,3.36,0
1999,9,3,0,2.45,4.25,3.71,5.05,2.17,3.9,2.79,4.36,3.87,3.95,3.23,3.82,3.92,0
1999,9,4,2.6,0,4.34,3.77,5.11,2.23,3.98,2.84,4.44,3.93,4.02,3.29,3.89,3.98,0
1999,9,5,0,0,4.08,3.58,4.91,2.04,3.74,2.67,4.21,3.75,3.81,3.11,3.69,3.78,0
1999,9,6,6.64,0,0,0.49,2.16,0,0,0.76,0,1.24,0,0.47,0,0,0
1999,9,7,0,24.14,20.56,17.08,18.77,19.77,18.34,18.55,19.83,16.79,16.52,16.09,16.16,16.09,26.5
1999,9,8,3.78,36.96,25.76,21.4,23.15,26.23,22.82,24.41,24.79,21.04,20.34,20.35,20,19.8,39.26
1999,9,9,10.24,2.39,7.43,6.26,7.67,5,6.83,5.27,7.35,6.27,6.56,5.6,6.29,6.42,1.53
1999,9,10,7.3,3.72,7.53,6.34,7.75,5.09,6.92,5.35,7.44,6.35,6.63,5.68,6.37,6.5,1.64
1999,9,11,0.46,0,4.29,3.74,5.08,2.2,3.94,2.81,4.4,3.9,3.98,3.26,3.86,3.95,0
1999,9,12,5.46,0,5.74,4.89,6.26,3.42,5.29,3.88,5.76,4.97,5.19,4.32,4.99,5.11,0.15
1999,9,13,14.45,5.85,9.42,7.87,9.34,6.99,8.6,7.04,9.23,7.83,8.12,7.14,7.81,7.93,4.09
1999,9,14,8.09,8.72,7.71,6.49,7.9,5.27,7.08,5.51,7.62,6.49,6.78,5.82,6.51,6.64,1.85
1999,9,15,30.92,0,0,0,0,0,0,0.14,0,0,0,0,0,0,0
1999,9,16,8.63,0,4.17,3.64,4.98,2.1,3.82,2.73,4.28,3.81,3.88,3.17,3.76,3.85,0
1999,9,17,12.5,0,5.57,4.75,6.12,3.27,5.13,3.75,5.59,4.84,5.05,4.19,4.85,4.97,0.1
1999,9,18,11.46,0,5.8,4.94,6.31,3.47,5.35,3.92,5.81,5.02,5.24,4.37,5.03,5.16,0.18
1999,9,19,1.18,12.45,9.54,7.97,9.44,7.12,8.71,7.15,9.34,7.92,8.21,7.24,7.9,8.03,4.27
1999,9,20,8.19,21.93,18.09,15.03,16.68,16.79,16.2,15.86,17.48,14.79,14.69,14.08,14.33,14.31,20.83
1999,9,21,1.75,23.8,13.3,11.07,12.63,11.21,12.03,10.83,12.92,10.92,11.1,10.22,10.74,10.82,10.77
1999,9,22,13.77,0.93,9.12,7.63,9.09,6.68,8.34,6.77,8.95,7.59,7.88,6.91,7.58,7.71,3.66
1999,9,23,6.1,0,0,0,0.84,0,0,0.24,0,0,0,0,0,0,0
1999,9,24,18.32,0,6.42,5.44,6.82,4.04,5.91,4.42,6.39,5.49,5.74,4.83,5.51,5.64,0.58
1999,9,25,8.96,2.67,8.95,7.49,8.94,6.5,8.18,6.61,8.78,7.46,7.75,6.77,7.45,7.58,3.41
1999,9,26,0,19.18,9.77,8.16,9.64,7.36,8.92,7.37,9.56,8.1,8.39,7.42,8.07,8.2,4.61
1999,9,27,0,14.33,10.05,8.39,9.87,7.65,9.16,7.63,9.83,8.33,8.6,7.64,8.28,8.41,5.04
1999,9,28,0,6.54,7.14,6.02,7.43,4.72,6.57,5.02,7.08,6.05,6.32,5.38,6.07,6.2,1.23
1999,9,29,0,0.56,4.07,3.57,4.9,2.03,3.73,2.66,4.19,3.74,3.79,3.1,3.68,3.77,0
1999,9,30,0,11.45,11.38,9.49,11,9.08,10.34,8.91,11.1,9.39,9.63,8.69,9.3,9.4,7.25
1999,10,1,0,4.59,8.91,8.29,9,9.71,8.8,9.92,9.69,7.99,8.29,7.75,7.78,7.92,7.52
1999,10,2,4.16,0,0.5,0.99,2.08,0.25,1.1,0.99,0.92,1.35,0.57,0.72,0.76,0.79,0
1999,10,3,2.42,0,0,0.5,1.64,0.1,0.41,0.69,0.3,0.97,0,0.38,0.28,0.36,0
1999,10,4,5.18,0,5.49,5.02,5.92,4.71,5.54,5.27,5.78,4.94,4.84,4.36,4.63,4.64,0.97
1999,10,5,11.51,0,2.55,2.43,3.44,1.47,2.8,2.23,2.67,2.59,2.11,1.89,2.14,2.12,0
1999,10,6,5.96,0,0.77,1.15,2.22,0.35,1.31,1.11,1.12,1.48,0.75,0.83,0.92,0.93,0
1999,10,7,2.73,0,2.8,2.63,3.63,1.68,3.02,2.43,2.91,2.77,2.32,2.07,2.33,2.31,0
1999,10,8,0.79,0,9.4,8.77,9.45,10.5,9.28,10.65,10.26,8.44,8.8,8.27,8.24,8.41,8.75
1999,10,9,0,27.01,24.13,23.81,23.2,38.28,23.53,36.7,28.25,22.68,24.78,25.29,22.8,23.98,59.96
1999,10,10,0.52,9.4,10.73,10.08,10.67,12.71,10.56,12.71,11.83,9.67,10.19,9.69,9.51,9.75,12.35
1999,10,11,2.64,10.11,13.4,12.76,13.14,17.39,13.13,17.08,15.03,12.19,13.02,12.65,12.1,12.49,20.45
1999,10,12,19.01,9.82,12.19,11.54,12.01,15.22,11.96,15.06,13.57,11.04,11.73,11.29,10.92,11.24,16.64
1999,10,13,5.93,13.04,10.79,10.14,10.72,12.8,10.61,12.8,11.9,9.72,10.25,9.75,9.56,9.81,12.5
1999,10,14,2.9,2.04,7.76,7.17,7.95,7.92,7.7,8.26,8.35,6.94,7.11,6.57,6.7,6.79,4.88
1999,10,15,8.98,0,6.88,6.33,7.16,6.62,6.86,7.05,7.34,6.16,6.22,5.69,5.89,5.95,3.12
1999,10,16,0.86,0,4.42,4.04,4.99,3.38,4.53,4.03,4.61,4.05,3.81,3.39,3.69,3.68,0.1
1999,10,17,14.77,0,5.6,5.12,6.02,4.84,5.64,5.4,5.9,5.04,4.94,4.46,4.73,4.74,1.1
1999,10,18,2.51,0,4.22,3.86,4.81,3.14,4.33,3.81,4.39,3.88,3.61,3.21,3.51,3.5,0.1
1999,10,19,0,15.88,22.92,22.55,22.06,35.81,22.36,34.38,26.74,21.48,23.44,23.83,21.58,22.66,55.15
1999,10,20,0.2,9.75,10.95,10.3,10.87,13.09,10.77,13.06,12.1,9.88,10.42,9.94,9.73,9.98,12.98
1999,10,21,0.81,2.66,24.6,24.3,23.64,39.23,23.99,37.61,28.83,23.14,25.3,25.86,23.27,24.49,61.82
1999,10,22,5.1,49.44,28.58,28.48,27.4,47.52,27.86,45.41,33.83,27.12,29.76,30.76,27.33,28.87,78.26
1999,10,23,22.01,21.12,22.24,21.84,21.41,34.42,21.69,33.07,25.89,20.8,22.68,23,20.89,21.91,52.45
1999,10,24,18.63,0.1,8.31,7.7,8.45,8.76,8.22,9.03,8.98,7.43,7.67,7.13,7.21,7.33,6.08
1999,10,25,0.29,0,1.8,1.83,2.87,0.89,2.13,1.67,1.95,2.07,1.48,1.38,1.57,1.56,0
1999,10,26,0,0,6.51,5.98,6.83,6.09,6.51,6.56,6.92,5.83,5.85,5.33,5.55,5.6,2.47
1999,10,27,0,9.61,12.39,11.74,12.2,15.59,12.16,15.4,13.82,11.23,11.95,11.52,11.12,11.45,17.27
1999,10,28,0.1,5.87,9.09,8.46,9.16,9.99,8.97,10.18,9.89,8.15,8.47,7.94,7.94,8.1,7.95
1999,10,29,4.49,0,0,0,0.59,0,0,0.19,0,0.11,0,0,0,0,0
1999,10,30,0,1.48,7.74,7.15,7.94,7.89,7.68,8.23,8.33,6.92,7.09,6.55,6.68,6.78,4.84
1999,10,31,0,20.93,16.78,16.2,16.29,23.69,16.41,22.98,19.15,15.45,16.68,16.53,15.43,16.05,31.98
1999,11,1,0.46,80.14,40.57,52.82,47.02,161.49,38.5,165.17,61.66,40.76,35.26,36.06,35.54,35.07,110.75
1999,11,2,0.95,36.65,24.51,31.07,28.01,88.42,23.26,90.52,35.94,24.06,21.18,20.97,20.93,20.69,50.57
1999,11,3,0,0,0.39,0.63,1.08,0.45,0.48,0.99,0.42,0.68,0.47,0.29,0.38,0.34,0
1999,11,4,0,0,3.85,4.37,4.54,7.44,3.71,8.41,4.59,3.65,3.31,2.69,2.93,2.89,0
1999,11,5,0,0,0.1,0.35,0.8,0.19,0.2,0.62,0.16,0.45,0.23,0.14,0.2,0.16,0
1999,11,6,0.72,0,0,0,0.19,0,0,0.1,0,0.1,0,0,0,0,0
1999,11,7,0,0.1,6.89,8.04,7.8,16.81,6.57,17.88,8.84,6.48,5.88,5.16,5.41,5.36,0.14
1999,11,8,0,0.9,11.93,14.43,13.45,35.34,11.33,36.64,16.32,11.39,10.21,9.51,9.73,9.64,9.65
1999,11,9,0,1.42,8.62,10.2,9.71,22.86,8.2,23.98,11.36,8.14,7.36,6.62,6.87,6.81,2.21
1999,11,10,0,0,1.38,1.62,2.04,1.82,1.41,2.58,1.47,1.48,1.26,0.9,1.05,1.02,0
1999,11,11,11.11,0,2.12,2.41,2.77,3.23,2.1,4.08,2.35,2.11,1.87,1.4,1.59,1.56,0
1999,11,12,0.63,0,6.04,7,6.88,14.01,5.77,15.06,7.62,5.67,5.16,4.45,4.71,4.66,0
1999,11,13,3.42,0.1,7.25,8.49,8.2,18.03,6.91,19.11,9.36,6.82,6.18,5.46,5.71,5.66,0.4
1999,11,14,8.66,0.1,9.18,10.92,10.34,24.91,8.73,26.05,12.2,8.68,7.84,7.11,7.36,7.29,3.24
1999,11,15,3.18,0,6.45,7.5,7.33,15.34,6.16,16.4,8.21,6.06,5.5,4.79,5.05,5,0.1
1999,11,16,0,6.8,10.95,13.18,12.34,31.57,10.41,32.79,14.85,10.42,9.37,8.65,8.88,8.8,7.16
1999,11,17,0,0.12,8.58,10.16,9.67,22.73,8.17,23.85,11.31,8.1,7.33,6.59,6.84,6.78,2.15
1999,11,18,1.52,0,0,0,0.1,0,0,0.1,0,0,0,0,0,0,0
1999,11,19,1.73,0,0,0,0,0,0,0,0,0,0,0,0,0,0
1999,11,20,1.38,1.53,7.88,9.27,8.89,20.22,7.5,21.32,10.27,7.42,6.72,5.99,6.25,6.19,1.09
1999,11,21,0,0.56,5.18,5.95,5.95,11.3,4.96,12.33,6.41,4.87,4.43,3.75,4,3.96,0
1999,11,22,0,0,2.31,2.61,2.96,3.62,2.27,4.5,2.58,2.27,2.02,1.54,1.73,1.7,0
1999,11,23,0,0,4.65,5.31,5.39,9.7,4.46,10.7,5.67,4.37,3.97,3.32,3.57,3.53,0
1999,11,24,0,0,0,0.1,0.49,0.1,0,0.29,0,0.2,0.1,0.1,0.1,0.1,0
1999,11,25,0,0,0.63,0.86,1.31,0.72,0.71,1.32,0.66,0.87,0.66,0.43,0.54,0.5,0
1999,11,26,0,0,0,0.24,0.67,0.11,0.1,0.47,0.1,0.35,0.13,0.1,0.12,0.1,0
1999,11,27,0,0,2.37,2.68,3.02,3.75,2.33,4.63,2.65,2.32,2.07,1.58,1.78,1.74,0
1999,11,28,0,0,1.75,2,2.4,2.48,1.75,3.29,1.9,1.79,1.56,1.14,1.32,1.28,0
1999,11,29,0,0,0.14,0.41,0.86,0.24,0.26,0.68,0.21,0.49,0.28,0.17,0.23,0.19,0
1999,11,30,0,0,2.52,2.84,3.16,4.08,2.46,4.97,2.84,2.45,2.19,1.69,1.89,1.85,0
1999,12,1,0,0,1.6,2.23,2.48,4.53,1.73,5.46,2.07,1.69,1.44,0.83,1.05,1.07,0
1999,12,2,0,0,6.56,9.2,8.84,25.98,6.41,27.25,9.14,6.74,5.8,3.39,4.19,4.13,0
1999,12,3,0,0,0.48,0.77,1.08,1.11,0.63,1.73,0.62,0.59,0.47,0.25,0.33,0.37,0
1999,12,4,0,0,6.16,8.62,8.31,24.07,6.03,25.31,8.55,6.33,5.44,3.19,3.94,3.88,0
1999,12,5,0,0,4.97,6.92,6.76,18.52,4.92,19.66,6.81,5.11,4.39,2.58,3.19,3.15,0
1999,12,6,0,0,0,0,0,0,0,0,0,0,0,0,0,0,0
1999,12,7,0,0,0,0,0,0,0,0,0,0,0,0,0,0,0
1999,12,8,0,0,0,0.1,0.28,0.1,0.1,0.25,0.1,0.1,0.1,0,0,0.1,0
1999,12,9,0,0,6.24,8.74,8.41,24.45,6.1,25.68,8.66,6.41,5.51,3.23,3.99,3.93,0
1999,12,10,0,0,2.3,3.18,3.36,7.11,2.4,8.13,3.02,2.39,2.05,1.2,1.5,1.51,0
1999,12,11,0,0,0.99,1.42,1.71,2.51,1.13,3.31,1.26,1.08,0.91,0.51,0.66,0.69,0
1999,12,12,0,0,4.15,5.75,5.71,14.82,4.15,15.95,5.63,4.27,3.67,2.16,2.67,2.65,0
1999,12,13,0,0,7.2,10.13,9.67,29.09,6.99,30.37,10.07,7.4,6.36,3.72,4.6,4.52,0
1999,12,14,0,0,4.64,6.44,6.34,17.01,4.61,18.18,6.34,4.77,4.1,2.41,2.98,2.95,0
1999,12,15,0,0,1.51,2.11,2.37,4.2,1.64,5.14,1.95,1.6,1.36,0.79,0.99,1.02,0
1999,12,16,0,0,0.12,0.3,0.58,0.3,0.23,0.72,0.19,0.22,0.15,0.1,0.1,0.12,0
1999,12,17,0,0,0,0,0,0,0,0,0,0,0,0,0,0,0
1999,12,18,0,0.1,2.91,4.02,4.14,9.56,2.99,10.62,3.88,3.01,2.59,1.52,1.89,1.89,0
1999,12,19,0,0,0.72,1.07,1.37,1.72,0.86,2.44,0.91,0.82,0.67,0.37,0.48,0.52,0
1999,12,20,0,0,0,0,0,0,0,0,0,0,0,0,0,0,0
1999,12,21,0,0,0,0,0,0,0,0,0,0,0,0,0,0,0
1999,12,22,0,0,0,0,0,0,0,0,0,0,0,0,0,0,0
1999,12,23,0,0,0,0,0,0,0,0,0,0,0,0,0,0,0
1999,12,24,0,0,0,0,0.1,0,0,0.1,0,0,0,0,0,0,0
1999,12,25,0,0,0,0,0,0,0,0,0,0,0,0,0,0,0
1999,12,26,0,0,0,0,0.11,0,0,0.1,0,0,0,0,0,0,0
1999,12,27,0,0,0,0,0,0,0,0,0,0,0,0,0,0,0
1999,12,28,0,0,0,0,0.1,0,0,0.1,0,0,0,0,0,0,0
1999,12,29,0,0,0,0,0.1,0,0,0.1,0,0,0,0,0,0,0
1999,12,30,0,0,0,0,0,0,0,0,0,0,0,0,0,0,0
1999,12,31,0,0,0.57,0.87,1.19,1.32,0.72,2.01,0.72,0.67,0.54,0.29,0.39,0.42,0
2000,1,1,0,0,1.16,1.47,1.51,3.31,1.17,3.67,1.64,1.23,1.1,0.8,0.92,0.93,0
2000,1,2,0,0,1.62,2.04,2.06,5.2,1.62,5.49,2.32,1.65,1.51,1.13,1.26,1.27,0
2000,1,3,0,0,0.1,0.13,0.19,0.1,0.1,0.18,0.12,0.17,0.11,0.1,0.1,0.1,0
2000,1,4,0,0,1.97,2.48,2.48,6.76,1.95,6.96,2.84,1.98,1.81,1.38,1.51,1.54,0
2000,1,5,0,0,0.1,0.1,0.1,0.1,0.1,0.1,0.1,0.1,0.1,0,0.1,0.1,0
2000,1,6,0,0,1.98,2.5,2.49,6.82,1.97,7.02,2.86,1.99,1.82,1.39,1.52,1.55,0
2000,1,7,0,0,0.95,1.2,1.26,2.49,0.96,2.86,1.33,1.03,0.92,0.65,0.77,0.76,0
2000,1,8,0,0,1.74,2.19,2.2,5.74,1.73,5.99,2.5,1.77,1.61,1.22,1.35,1.37,0
2000,1,9,3.62,0,3.41,4.3,4.18,13.6,3.34,13.36,5.02,3.28,3.04,2.41,2.55,2.61,0
2000,1,10,0.89,0,1.08,1.37,1.42,2.99,1.1,3.35,1.52,1.16,1.03,0.74,0.87,0.87,0
2000,1,11,0.1,0,2.99,3.76,3.68,11.52,2.94,11.42,4.38,2.9,2.68,2.11,2.25,2.3,0
2000,1,12,0.22,0,0.1,0.14,0.2,0.1,0.11,0.2,0.13,0.18,0.12,0.1,0.1,0.1,0
2000,1,13,0.51,0,0.82,1.05,1.11,2.03,0.84,2.41,1.15,0.91,0.81,0.56,0.67,0.67,0
2000,1,14,0,0,0,0,0,0,0,0,0,0,0,0,0,0,0
2000,1,15,0,0,0,0,0,0,0,0,0,0,0,0,0,0,0
2000,1,16,0,0,0,0,0.1,0,0,0,0,0.1,0,0,0,0,0
2000,1,17,0,0,0,0.1,0.1,0,0.1,0.1,0.1,0.1,0.1,0,0,0,0
2000,1,18,0,0,0.2,0.28,0.35,0.23,0.23,0.46,0.28,0.3,0.24,0.12,0.19,0.18,0
2000,1,19,0,0,1.54,1.94,1.97,4.88,1.54,5.18,2.2,1.58,1.44,1.08,1.2,1.22,0
2000,1,20,0,0,0.19,0.27,0.33,0.21,0.21,0.43,0.26,0.29,0.22,0.11,0.18,0.17,0
2000,1,21,0,0,0,0,0,0,0,0,0,0,0,0,0,0,0
2000,1,22,0,0,0.23,0.31,0.38,0.28,0.25,0.52,0.32,0.33,0.26,0.14,0.21,0.2,0
2000,1,23,0,0,0.15,0.21,0.28,0.13,0.17,0.33,0.21,0.25,0.18,0.1,0.15,0.13,0
2000,1,24,0,0,0,0,0,0,0,0,0,0,0,0,0,0,0
2000,1,25,0,0,0.57,0.73,0.8,1.17,0.59,1.52,0.78,0.67,0.57,0.37,0.48,0.47,0
2000,1,26,0,0,0,0,0,0,0,0,0,0,0,0,0,0,0
2000,1,27,0,0,0,0,0,0,0,0,0,0,0,0,0,0,0
2000,1,28,0,0,0,0,0,0,0,0,0,0,0,0,0,0,0
2000,1,29,0,0,0,0,0.1,0,0,0.1,0,0.1,0,0,0,0,0
2000,1,30,0,0,0.27,0.36,0.43,0.36,0.29,0.63,0.37,0.37,0.3,0.16,0.24,0.23,0
2000,1,31,0,0,0,0,0,0,0,0,0,0,0,0,0,0,0
2000,2,1,0,0,1.47,2.03,2.23,2.86,1.63,3.54,2,1.76,1.56,1.35,1.42,1.43,0
2000,2,2,0,2.76,3.47,5.19,5.49,11.1,3.99,11.77,5,4.2,3.84,3.48,3.54,3.57,1.04
2000,2,3,0,0,0,0,0,0,0,0,0,0,0,0,0,0,0
2000,2,4,0,0,0.1,0.1,0.1,0,0.1,0.1,0.1,0.1,0.1,0.1,0.1,0.1,0
2000,2,5,0,0,0,0,0,0,0,0,0,0,0,0,0,0,0
2000,2,6,0,0,0,0,0.1,0,0,0,0,0.1,0,0,0,0,0
2000,2,7,0.1,0,0.11,0.13,0.19,0.1,0.11,0.1,0.14,0.17,0.11,0.1,0.1,0.1,0
2000,2,8,0,0,0,0,0,0,0,0,0,0,0,0,0,0,0
2000,2,9,0,0,0,0,0.1,0,0,0,0,0,0,0,0,0,0
2000,2,10,0,0,0,0,0,0,0,0,0,0,0,0,0,0,0
2000,2,11,0,0,0,0,0,0,0,0,0,0,0,0,0,0,0
2000,2,12,0,0,0,0,0,0,0,0,0,0,0,0,0,0,0
2000,2,13,0,0,0,0,0,0,0,0,0,0,0,0,0,0,0
2000,2,14,0.35,0,0.49,0.63,0.74,0.3,0.53,0.65,0.64,0.61,0.5,0.39,0.44,0.43,0
2000,2,15,0,0,0,0,0,0,0,0,0,0,0,0,0,0,0
2000,2,16,0,0,0.85,1.13,1.28,1.02,0.93,1.55,1.13,1.03,0.88,0.73,0.79,0.79,0
2000,2,17,0,0,0,0,0,0,0,0,0,0,0,0,0,0,0
2000,2,18,0,0,0.1,0.1,0.1,0,0.1,0.1,0.1,0.1,0.1,0.1,0.1,0.1,0
2000,2,19,0,0,0.1,0.1,0.1,0,0.1,0.1,0.1,0.1,0.1,0.1,0.1,0.1,0
2000,2,20,0,0,0,0,0,0,0,0,0,0,0,0,0,0,0
2000,2,21,0,0,0.74,0.96,1.1,0.77,0.81,1.25,0.96,0.89,0.76,0.62,0.68,0.68,0
2000,2,22,0,0,0.19,0.24,0.31,0.1,0.2,0.14,0.25,0.27,0.19,0.12,0.16,0.15,0
2000,2,23,0.29,0,0.8,1.05,1.2,0.91,0.87,1.41,1.05,0.97,0.83,0.68,0.74,0.74,0
2000,2,24,1.39,0,0,0,0,0,0,0,0,0,0,0,0,0,0
2000,2,25,0,0,0.13,0.15,0.22,0.1,0.13,0.1,0.16,0.19,0.12,0.1,0.1,0.1,0
2000,2,26,0,0,0,0,0,0,0,0,0,0,0,0,0,0,0
2000,2,27,0,0,0.1,0.1,0.1,0,0.1,0.1,0.1,0.1,0.1,0.1,0.1,0.1,0
2000,2,28,0,0,0.95,1.25,1.41,1.27,1.04,1.83,1.25,1.13,0.99,0.82,0.89,0.89,0
2000,2,29,0,0,2.92,4.31,4.59,8.63,3.33,9.34,4.16,3.52,3.21,2.89,2.95,2.98,0.31
2000,3,1,0,5.76,3.94,3.78,4.07,5.63,3.48,5.82,4.61,3.53,3.45,3.79,3.57,3.61,0
2000,3,2,0,0.84,9.33,8.94,9.55,16.62,8.11,15.73,11.35,8.06,8.08,9.56,8.67,8.77,19.93
2000,3,3,0,7.41,10.48,10.06,10.72,19.06,9.09,17.89,12.83,9,9.08,10.83,9.77,9.9,26.63
2000,3,4,0.1,0,3.36,3.22,3.47,4.58,2.98,4.81,3.89,3.05,2.95,3.18,3.03,3.05,0
2000,3,5,0,0,0.18,0.24,0.32,0.1,0.19,0.25,0.24,0.36,0.24,0.16,0.21,0.2,0
2000,3,6,0,0,0.1,0.1,0.11,0.1,0.1,0.1,0.1,0.2,0.1,0.1,0.1,0.1,0
2000,3,7,0.1,0,0,0,0,0,0,0,0,0,0,0,0,0,0
2000,3,8,0,0.56,0,0.1,0.1,0,0,0.1,0.1,0.1,0.1,0.1,0.1,0.1,0
2000,3,9,0,0.1,5.39,5.17,5.55,8.43,4.73,8.4,6.41,4.76,4.7,5.32,4.94,4.99,1.8
2000,3,10,0,0,0.52,0.55,0.66,0.31,0.49,0.62,0.57,0.67,0.53,0.42,0.48,0.47,0
2000,3,11,0,0,0,0,0,0,0,0,0,0,0,0,0,0,0
2000,3,12,0,0,0,0,0,0,0,0,0,0,0,0,0,0,0
2000,3,13,0,0,0,0,0.1,0,0,0.1,0,0.1,0.1,0,0.1,0,0
2000,3,14,0,0,0,0.1,0.1,0,0,0.1,0.1,0.1,0.1,0.1,0.1,0.1,0
2000,3,15,1.75,0.1,2.39,2.32,2.53,2.87,2.14,3.28,2.75,2.26,2.14,2.21,2.16,2.17,0
2000,3,16,0,0,0.89,0.88,1.01,0.7,0.82,1.07,0.97,0.99,0.83,0.74,0.78,0.78,0
2000,3,17,0,0,2.95,2.84,3.09,3.86,2.62,4.2,3.41,2.74,2.61,2.77,2.66,2.68,0
2000,3,18,0,0,0.42,0.44,0.53,0.23,0.4,0.49,0.45,0.58,0.42,0.33,0.38,0.37,0
2000,3,19,0,0,0.78,0.78,0.89,0.57,0.72,0.89,0.85,0.88,0.74,0.65,0.7,0.69,0
2000,3,20,0,0,0.54,0.58,0.69,0.33,0.51,0.66,0.61,0.7,0.56,0.45,0.51,0.5,0
2000,3,21,0.14,0,0,0,0,0,0,0,0,0,0,0,0,0,0
2000,3,22,1.78,0,0,0,0,0,0,0,0,0,0,0,0,0,0
2000,3,23,3.59,0,0.1,0.14,0.22,0.1,0.1,0.18,0.13,0.28,0.15,0.1,0.12,0.11,0
2000,3,24,5.14,0,0.1,0.1,0.1,0.1,0.1,0.1,0.1,0.17,0.1,0.1,0.1,0.1,0
2000,3,25,14.05,0,0,0,0,0,0,0,0,0,0,0,0,0,0
2000,3,26,9.24,0,0,0,0,0,0,0,0,0,0,0,0,0,0
2000,3,27,10.37,0,0.1,0.1,0.1,0.1,0.1,0.1,0.1,0.16,0.1,0.1,0.1,0.1,0
2000,3,28,9.66,0,0.29,0.33,0.4,0.13,0.28,0.31,0.33,0.44,0.32,0.24,0.28,0.27,0
2000,3,29,1.66,0,0.41,0.43,0.52,0.23,0.39,0.48,0.44,0.57,0.41,0.33,0.37,0.37,0
2000,3,30,0,0,1.1,1.1,1.24,0.93,1.01,1.36,1.23,1.17,1.04,0.95,1,0.99,0
2000,3,31,0,0,0.3,0.34,0.41,0.14,0.3,0.33,0.34,0.46,0.33,0.25,0.29,0.28,0
2000,4,1,0,0,0.21,0.36,0.67,0.1,0.2,0.47,0.39,0.55,0.44,0.27,0.3,0.33,0
2000,4,2,0,0,0,0,0,0,0,0,0,0,0,0,0,0,0
2000,4,3,0,0,0,0,0,0,0,0.1,0,0,0,0,0,0,0
2000,4,4,0,0,2.61,2.37,2.96,1.89,2.46,2.74,2.66,2.41,2.29,1.99,2.1,2.18,0
2000,4,5,0,0,7.38,6.56,7.52,8.04,6.95,8.5,7.22,6.13,5.87,5.64,5.73,5.91,1.78
2000,4,6,0,0,1.11,1.03,1.48,0.51,1.05,1.19,1.17,1.2,1.1,0.84,0.92,0.96,0
2000,4,7,0.1,0,0,0,0,0,0,0.1,0,0,0,0,0,0,0
2000,4,8,0,0,0,0,0,0,0,0,0,0,0,0,0,0,0
2000,4,9,0,0,0,0,0,0,0,0,0,0,0,0,0,0,0
2000,4,10,0,0,0.1,0.28,0.58,0.1,0.1,0.41,0.29,0.47,0.36,0.19,0.22,0.25,0
2000,4,11,0,0,0.1,0.1,0.32,0,0.1,0.24,0.1,0.26,0.13,0.1,0.1,0.1,0
2000,4,12,0,0,1.48,1.39,1.85,0.75,1.39,1.53,1.57,1.51,1.42,1.15,1.24,1.29,0
2000,4,13,0,0,2.14,1.9,2.43,1.42,2.02,2.19,2.16,1.98,1.87,1.59,1.7,1.77,0
2000,4,14,0,0,0,0,0.1,0,0,0.1,0,0.1,0,0,0,0,0
2000,4,15,0,0,0.82,0.8,1.14,0.29,0.77,0.87,0.92,0.93,0.87,0.65,0.72,0.76,0
2000,4,16,0,0,0,0,0,0,0,0.1,0,0,0,0,0,0,0
2000,4,17,0,0,0,0,0.1,0,0,0.1,0,0.1,0,0,0,0,0
2000,4,18,0,0,1.05,0.96,1.4,0.46,0.99,1.12,1.11,1.14,1.03,0.79,0.88,0.92,0
2000,4,19,0,0,1,0.93,1.34,0.43,0.94,1.07,1.07,1.09,0.99,0.76,0.84,0.88,0
2000,4,20,0,0,0,0,0,0,0,0.1,0,0,0,0,0,0,0
2000,4,21,0,1.85,0.19,0.35,0.66,0.1,0.18,0.46,0.38,0.53,0.43,0.25,0.29,0.31,0
2000,4,22,0.3,0,0,0,0,0,0,0.1,0,0,0,0,0,0,0
2000,4,23,0,0,0,0.1,0.17,0,0,0.14,0.1,0.14,0.1,0.1,0.1,0.1,0
2000,4,24,0,0,1.49,1.4,1.86,0.75,1.4,1.53,1.58,1.51,1.43,1.15,1.25,1.3,0
2000,4,25,8.64,0,1.92,1.73,2.21,1.18,1.81,1.91,1.96,1.79,1.72,1.45,1.55,1.61,0
2000,4,26,6.01,11.28,5.29,4.69,5.52,5.24,4.99,5.91,5.18,4.5,4.29,4,4.11,4.25,0
2000,4,27,0.88,2.54,8.94,7.97,9.04,10.3,8.42,10.58,8.73,7.37,7.04,6.87,6.94,7.15,5.07
2000,4,28,18.17,0.1,2.83,2.54,3.14,2.08,2.66,2.93,2.85,2.56,2.44,2.14,2.26,2.34,0
2000,4,29,2.26,0.1,4.28,3.81,4.53,3.83,4.03,4.61,4.24,3.69,3.54,3.24,3.36,3.48,0
2000,4,30,0.39,0,3.86,3.44,4.16,3.39,3.63,4.19,3.84,3.39,3.23,2.92,3.04,3.15,0
2000,5,1,0,1.29,8.73,8.33,8.5,7.79,8.28,7.78,8.73,7.74,8.06,6.88,7.28,7.74,2.86
2000,5,2,2.31,0,2.63,2.53,3.14,1.29,2.73,2.01,2.88,2.63,2.57,2.1,2.41,2.45,0
2000,5,3,2.24,0,0,0.26,0.76,0,0,0.43,0,0.56,0,0,0,0,0
2000,5,4,0.18,0,0,0.49,1.01,0,0,0.58,0.55,0.78,0.36,0.31,0.45,0.32,0
2000,5,5,12.18,0,3.48,3.24,3.85,2.02,3.52,2.68,3.66,3.28,3.31,2.72,3.06,3.16,0
2000,5,6,3.09,0,6.01,5.61,6.06,4.57,5.83,4.95,6.08,5.37,5.58,4.68,5.08,5.36,0.1
2000,5,7,3.86,0,5.78,5.4,5.86,4.32,5.63,4.72,5.87,5.17,5.38,4.51,4.9,5.16,0
2000,5,8,17.92,0,9.52,9.11,9.17,8.79,8.99,8.64,9.5,8.39,8.79,7.52,7.92,8.45,4.08
2000,5,9,1.33,0,1.64,1.71,2.3,0.62,1.78,1.38,1.96,1.88,1.71,1.39,1.64,1.62,0
2000,5,10,3.9,0,2.37,2.3,2.92,1.12,2.48,1.85,2.63,2.43,2.34,1.91,2.2,2.23,0
2000,5,11,1.23,2.24,7.5,7.09,7.4,6.28,7.17,6.46,7.53,6.66,6.93,5.87,6.28,6.65,1.2
2000,5,12,15.45,0,3.74,3.5,4.09,2.24,3.76,2.88,3.91,3.5,3.54,2.92,3.27,3.38,0
2000,5,13,23.5,0,3.52,3.28,3.88,2.05,3.55,2.71,3.69,3.31,3.34,2.74,3.09,3.19,0
2000,5,14,11.33,0,4.85,4.5,5.04,3.32,4.77,3.85,4.95,4.4,4.53,3.76,4.14,4.34,0
2000,5,15,1.9,0,4.21,3.93,4.5,2.69,4.19,3.27,4.37,3.88,3.97,3.29,3.65,3.8,0
2000,5,16,3.11,0,0.51,0.84,1.37,0.1,0.71,0.78,0.95,1.09,0.74,0.61,0.79,0.69,0
2000,5,17,8.63,0,1,1.21,1.78,0.19,1.17,1.01,1.39,1.43,1.16,0.95,1.16,1.09,0
2000,5,18,3.46,0,7.55,7.16,7.45,6.34,7.22,6.51,7.59,6.72,6.98,5.93,6.33,6.71,1.27
2000,5,19,0,0.1,6.47,6.11,6.51,5.08,6.26,5.41,6.56,5.8,6.02,5.08,5.47,5.78,0.24
2000,5,20,5.25,0,2.14,2.1,2.72,0.96,2.26,1.7,2.42,2.25,2.14,1.74,2.02,2.03,0
2000,5,21,8.33,0,0,0.11,0.6,0,0,0.34,0,0.43,0,0,0,0,0
2000,5,22,21.93,0,0,0,0,0,0,0.1,0,0,0,0,0,0,0
2000,5,23,9.07,0,0.42,0.77,1.3,0.1,0.62,0.74,0.87,1.03,0.66,0.55,0.72,0.61,0
2000,5,24,2.64,0,3.46,3.22,3.83,2,3.5,2.66,3.64,3.26,3.29,2.7,3.04,3.14,0
2000,5,25,5.31,0,0,0.1,0.56,0,0,0.32,0,0.4,0,0,0,0,0
2000,5,26,2.48,0,0,0,0,0,0,0.1,0,0,0,0,0,0,0
2000,5,27,0.4,0,0.94,1.17,1.73,0.16,1.12,0.98,1.34,1.39,1.11,0.91,1.12,1.04,0
2000,5,28,5.08,0,6.24,5.86,6.29,4.82,6.04,5.18,6.31,5.59,5.79,4.87,5.26,5.55,0.1
2000,5,29,2.52,6.04,9.04,8.66,8.78,8.18,8.56,8.09,9.06,8.01,8.36,7.15,7.55,8.04,3.37
2000,5,30,0,2.47,5.95,5.55,6,4.5,5.78,4.89,6.02,5.32,5.53,4.64,5.03,5.3,0.1
2000,5,31,14.14,4.89,7.11,6.69,7.03,5.83,6.83,6.05,7.15,6.3,6.59,5.57,5.97,6.32,0.84
2000,6,1,0.99,0,3.21,3,3.65,1.56,3.26,2.19,3.24,3.11,3.01,2.66,2.96,2.96,0
2000,6,2,0,0,0,0,0.48,0,0,0.31,0,0.6,0,0,0,0,0
2000,6,3,0,0,0,0,0,0,0,0.13,0,0,0,0,0,0,0
2000,6,4,0,0,0,0,0,0,0,0,0,0,0,0,0,0,0
2000,6,5,0,0,0,0,0,0,0,0.1,0,0,0,0,0,0,0
2000,6,6,0,0,1.15,1.28,1.8,0.21,1.38,0.95,1.31,1.66,1.21,1.21,1.43,1.3,0
2000,6,7,0,0,0,0.5,1.01,0,0,0.54,0.42,1.04,0.37,0.53,0.68,0.5,0
2000,6,8,1.45,0,6.76,6.17,7.16,4.88,6.33,5.14,6.64,5.83,6.07,5.24,5.56,5.74,1.92
2000,6,9,0,0,0.75,0.95,1.47,0.1,0.98,0.76,0.93,1.4,0.85,0.92,1.11,0.95,0
2000,6,10,0,0,0,0,0,0,0,0.18,0,0.35,0,0,0,0,0
2000,6,11,0.15,0,0,0.46,0.97,0,0,0.52,0.37,1,0,0.49,0.64,0.45,0
2000,6,12,0,1.32,5.18,4.75,5.59,3.31,4.99,3.75,5.13,4.61,4.72,4.1,4.42,4.52,0.32
2000,6,13,0,0,1.94,1.92,2.47,0.64,2.12,1.36,2.04,2.18,1.9,1.75,2.01,1.94,0
2000,6,14,0.62,0,2.94,2.78,3.4,1.35,3.03,2.01,2.99,2.91,2.78,2.47,2.77,2.75,0
2000,6,15,0,0,2.9,2.74,3.36,1.32,2.99,1.98,2.95,2.88,2.74,2.44,2.74,2.72,0
2000,6,16,0,0.61,8.5,7.74,8.93,6.75,7.78,6.78,8.31,7.19,7.56,6.51,6.81,7.08,4.54
2000,6,17,14.94,0,1.31,1.41,1.93,0.29,1.54,1.02,1.46,1.76,1.36,1.32,1.55,1.44,0
2000,6,18,1.95,0.1,4,3.7,4.41,2.22,3.96,2.78,4,3.7,3.69,3.23,3.55,3.59,0
2000,6,19,0,0,4.91,4.51,5.31,3.05,4.75,3.52,4.87,4.4,4.48,3.89,4.21,4.3,0.16
2000,6,20,0,0,3,2.82,3.45,1.39,3.08,2.04,3.04,2.95,2.82,2.51,2.8,2.79,0
2000,6,21,2.5,0,0.81,1,1.52,0.1,1.05,0.79,0.99,1.44,0.91,0.97,1.16,1.01,0
2000,6,22,6.95,3.6,8.22,7.48,8.64,6.43,7.55,6.51,8.04,6.97,7.32,6.3,6.6,6.86,4.07
2000,6,23,3.06,2.66,8.82,8.03,9.26,7.1,8.06,7.09,8.62,7.44,7.84,6.75,7.04,7.33,5.1
2000,6,24,11.81,0,0.73,0.94,1.46,0.1,0.97,0.76,0.92,1.39,0.84,0.91,1.1,0.94,0
2000,6,25,0,0,0,0,0,0,0,0.1,0,0,0,0,0,0,0
2000,6,26,0,14.7,12.86,11.71,13.4,11.76,11.38,11.2,12.49,10.6,11.27,9.68,9.89,10.39,13.13
2000,6,27,4.34,0.1,3.41,3.18,3.84,1.72,3.44,2.34,3.44,3.26,3.18,2.81,3.11,3.12,0
2000,6,28,3.4,0.8,5.04,4.62,5.44,3.17,4.86,3.63,4.99,4.5,4.59,3.99,4.31,4.41,0.23
2000,6,29,0.85,1.15,6.35,5.8,6.75,4.47,5.98,4.77,6.25,5.52,5.72,4.95,5.27,5.43,1.42
2000,6,30,0,2.59,7.2,6.56,7.61,5.34,6.69,5.54,7.06,6.17,6.45,5.56,5.87,6.08,2.51
2000,7,1,0,0,5.75,4.87,5.61,3.35,5.28,3.89,5.39,4.61,4.79,4.29,4.57,4.61,0.44
2000,7,2,0,0,0,0,1.22,0,0,0.37,0,0.52,0,0.3,0,0,0
2000,7,3,0,0,2.56,2.41,3.28,0.88,2.59,1.7,2.59,2.52,2.48,2.24,2.43,2.43,0
2000,7,4,15.26,0,5.66,4.8,5.55,3.27,5.21,3.82,5.31,4.56,4.73,4.24,4.51,4.55,0.39
2000,7,5,11.37,0,0,0,0,0,0,0.1,0,0,0,0,0,0,0
2000,7,6,14.71,2.4,7.12,5.92,6.61,4.58,6.38,4.97,6.58,5.5,5.74,5.17,5.46,5.5,1.53
2000,7,7,4.52,0,2.86,2.64,3.5,1.08,2.85,1.88,2.85,2.71,2.71,2.43,2.64,2.64,0
2000,7,8,0,0,3.47,3.11,3.95,1.51,3.39,2.27,3.39,3.12,3.16,2.82,3.06,3.07,0
2000,7,9,0,3.17,8.13,6.7,7.34,5.53,7.17,5.79,7.46,6.16,6.44,5.82,6.1,6.14,2.55
2000,7,10,0,7.05,11.68,9.42,9.9,9.08,9.91,8.87,10.54,8.44,8.83,8.08,8.33,8.36,7.04
2000,7,11,0,0,2.37,2.26,3.15,0.77,2.41,1.59,2.42,2.39,2.34,2.12,2.3,2.29,0
2000,7,12,0,0,3.84,3.39,4.21,1.78,3.7,2.51,3.71,3.36,3.43,3.06,3.31,3.33,0
2000,7,13,1.36,0,0,0,0.53,0,0,0.11,0,0,0,0,0,0,0
2000,7,14,17.64,0,0,0,0,0,0,0.1,0,0,0,0,0,0,0
2000,7,15,16.7,0,1.63,1.7,2.63,0.35,1.72,1.2,1.78,1.92,1.77,1.65,1.78,1.75,0
2000,7,16,4.04,0.48,6.16,5.19,5.91,3.71,5.62,4.21,5.74,4.88,5.08,4.56,4.84,4.88,0.72
2000,7,17,5.25,9.69,12,9.66,10.13,9.41,10.15,9.16,10.81,8.64,9.04,8.28,8.52,8.55,7.49
2000,7,18,0,15.96,16.41,13.02,13.27,14.13,13.47,13.24,14.63,11.43,11.94,11.08,11.22,11.23,14.22
2000,7,19,0,0,15.27,12.15,12.46,12.88,12.62,12.16,13.64,10.71,11.19,10.35,10.53,10.54,12.4
2000,7,20,3.05,0.17,6.8,5.68,6.38,4.29,6.13,4.71,6.3,5.3,5.53,4.97,5.25,5.29,1.24
2000,7,21,6.73,0,8.34,6.86,7.5,5.74,7.34,5.97,7.64,6.29,6.58,5.95,6.24,6.28,2.79
2000,7,22,1.31,8.87,8.61,7.07,7.69,5.99,7.55,6.19,7.87,6.47,6.76,6.12,6.4,6.45,3.09
2000,7,23,4.06,14.75,18.95,14.95,15.05,16.92,15.35,15.66,16.81,13.02,13.58,12.67,12.75,12.74,18.4
2000,7,24,0.43,0,0,0,0.85,0,0,0.23,0,0,0,0,0,0,0
2000,7,25,17.98,0,0,0,1.18,0,0,0.36,0,0.48,0,0,0,0,0
2000,7,26,24.87,0,0,0,0.51,0,0,0.11,0,0,0,0,0,0,0
2000,7,27,0.39,0,1.13,1.32,2.3,0.12,1.2,0.97,1.35,1.6,1.37,1.34,1.42,1.36,0
2000,7,28,1.67,0.83,5.03,4.31,5.08,2.73,4.69,3.35,4.75,4.14,4.28,3.83,4.1,4.13,0.1
2000,7,29,0,0,0,0,0,0,0,0.1,0,0,0,0,0,0,0
2000,7,30,0,1.87,4.42,3.85,4.64,2.24,4.2,2.92,4.23,3.75,3.85,3.44,3.7,3.73,0
2000,7,31,0,0,0,0,1.38,0,0,0.44,0,0.67,0,0.44,0,0,0
2000,8,1,0,13.11,9.6,7.91,9.07,6.88,8.84,6.98,9.2,7.62,7.77,6.78,7.39,7.62,4.08
2000,8,2,0,5.56,7.5,6.26,7.37,4.87,7.02,5.22,7.31,6.13,6.29,5.46,6.01,6.2,1.77
2000,8,3,0,0,0,0.7,1.91,0,0,0.69,0.64,1.19,0.57,0.71,0.82,0.69,0
2000,8,4,0,0.96,4.17,3.66,4.7,1.99,4.03,2.7,4.28,3.76,3.85,3.32,3.75,3.84,0
2000,8,5,0,2.04,4.7,4.07,5.12,2.41,4.51,3.07,4.76,4.14,4.25,3.66,4.12,4.22,0.1
2000,8,6,0,0,0,0,0.54,0,0,0.12,0,0,0,0,0,0,0
2000,8,7,0,1.42,1.26,1.45,2.54,0.14,1.14,1.06,1.61,1.8,1.52,1.42,1.65,1.6,0
2000,8,8,0,5.99,9.3,7.68,8.83,6.59,8.59,6.73,8.94,7.41,7.56,6.6,7.2,7.43,3.72
2000,8,9,0,0,4.81,4.15,5.21,2.5,4.61,3.14,4.86,4.21,4.33,3.73,4.19,4.3,0.1
2000,8,10,2.77,0,0,0,1.45,0,0,0.45,0,0.69,0,0,0,0,0
2000,8,11,6.31,11.23,10.85,8.89,10.08,8.14,9.92,8.08,10.33,8.5,8.63,7.57,8.2,8.46,5.69
2000,8,12,7.94,19.52,16.48,13.31,14.63,14.08,14.71,13.31,15.35,12.49,12.46,11.06,11.76,12.16,14.29
2000,8,13,5.4,0,0.35,0.8,2,0,0,0.73,0.77,1.27,0.7,0.81,0.93,0.81,0
2000,8,14,0,0,5.41,4.62,5.69,3,5.16,3.58,5.41,4.64,4.77,4.12,4.6,4.73,0.23
2000,8,15,1.75,0,0,0,0,0,0,0.1,0,0,0,0,0,0,0
2000,8,16,3.47,0,0,0,0.46,0,0,0.1,0,0,0,0,0,0,0
2000,8,17,1.39,0.12,6.65,5.6,6.69,4.09,6.27,4.53,6.54,5.52,5.68,4.92,5.45,5.61,1.02
2000,8,18,0,11.54,8.89,7.35,8.49,6.18,8.22,6.37,8.56,7.11,7.27,6.33,6.92,7.14,3.23
2000,8,19,0,0,7.92,6.59,7.71,5.26,7.38,5.56,7.69,6.42,6.59,5.72,6.29,6.48,2.18
2000,8,20,7.05,0,0,0,1.19,0,0,0.35,0,0.43,0,0,0,0,0
2000,8,21,1.35,0,0,0,1.09,0,0,0.31,0,0.33,0,0,0,0,0
2000,8,22,0.3,2.58,2.57,2.42,3.46,0.85,2.51,1.7,2.8,2.65,2.6,2.26,2.61,2.63,0
2000,8,23,17.53,2.96,5.42,4.63,5.7,3.01,5.17,3.59,5.42,4.65,4.78,4.13,4.61,4.74,0.23
2000,8,24,0.15,25.5,21.44,17.2,18.62,19.58,18.87,18.17,19.75,16,15.76,14.11,14.84,15.35,22.94
2000,8,25,0,19.25,12.47,10.16,11.39,9.8,11.31,9.54,11.77,9.65,9.75,8.58,9.23,9.54,7.97
2000,8,26,14.31,26,16.56,13.38,14.7,14.17,14.78,13.39,15.43,12.55,12.52,11.12,11.82,12.22,14.43
2000,8,27,8.57,23.72,14.04,11.4,12.66,11.45,12.65,11,13.18,10.77,10.82,9.56,10.23,10.58,10.35
2000,8,28,20.51,8.27,11.47,9.38,10.58,8.76,10.45,8.63,10.88,8.94,9.06,7.96,8.59,8.87,6.54
2000,8,29,14.5,11.48,12.84,10.46,11.69,10.19,11.63,9.89,12.11,9.92,10,8.81,9.47,9.79,8.53
2000,8,30,16.08,2.39,9.4,7.75,8.91,6.69,8.67,6.81,9.02,7.48,7.63,6.66,7.26,7.49,3.84
2000,8,31,2.55,4.88,5.47,4.67,5.73,3.05,5.21,3.62,5.46,4.68,4.81,4.15,4.64,4.77,0.25
2000,9,1,0.26,8.27,8.23,6.9,8.34,5.78,7.55,5.96,8.1,6.89,7.19,6.22,6.9,7.03,2.47
2000,9,2,0,10.95,11.05,9.21,10.72,8.72,10.05,8.59,10.78,9.12,9.38,8.43,9.05,9.16,6.68
2000,9,3,0,37.42,19.19,15.94,17.61,18.11,17.15,17.05,18.53,15.69,15.51,14.98,15.14,15.11,23.32
2000,9,4,0,0,3.6,3.21,4.54,1.67,3.28,2.36,3.76,3.41,3.39,2.77,3.32,3.38,0
2000,9,5,0,0,0.8,1.28,2.74,0.1,0,1.08,1.38,1.78,0,1.1,1.12,0.84,0
2000,9,6,7.21,0,2.89,2.66,4,1.17,2.57,1.94,3.11,2.92,2.74,2.28,2.75,2.77,0
2000,9,7,3.27,0,13.88,11.55,13.12,11.87,12.54,11.42,13.48,11.39,11.54,10.68,11.18,11.25,11.9
2000,9,8,0,43.74,21.9,18.2,19.9,21.42,19.5,20.05,21.11,17.89,17.51,17.19,17.15,17.05,29.72
2000,9,9,0,18.83,12.86,10.71,12.26,10.72,11.65,10.38,12.51,10.57,10.76,9.87,10.41,10.5,9.93
2000,9,10,0.22,5.54,11.18,9.32,10.83,8.86,10.16,8.71,10.9,9.22,9.47,8.53,9.14,9.25,6.89
2000,9,11,9.91,0,0,0,1.74,0,0,0.56,0,0.82,0,0,0,0,0
2000,9,12,1.8,1.45,5.79,4.93,6.3,3.46,5.33,3.91,5.8,5.01,5.23,4.35,5.02,5.14,0.17
2000,9,13,0.77,49.01,19.38,16.1,17.77,18.34,17.32,17.26,18.71,15.84,15.65,15.13,15.28,15.24,23.76
2000,9,14,0,30.39,21.46,17.83,19.53,20.88,19.12,19.56,20.7,17.53,17.19,16.83,16.83,16.74,28.65
2000,9,15,2.46,24.85,15.1,12.55,14.15,13.26,13.6,12.67,14.63,12.37,12.45,11.66,12.09,12.14,14.35
2000,9,16,0,20.95,16.67,13.85,15.48,15.1,14.97,14.33,16.13,13.64,13.63,12.93,13.27,13.29,17.69
2000,9,17,18.94,46.13,11.9,9.91,11.44,9.65,10.8,9.42,11.59,9.8,10.03,9.1,9.69,9.79,8.16
2000,9,18,54.47,23.3,13.03,10.84,12.4,10.91,11.79,10.55,12.66,10.71,10.89,10,10.54,10.62,10.25
2000,9,19,45.55,0,3.13,2.84,4.17,1.33,2.81,2.07,3.33,3.08,2.96,2.44,2.94,2.98,0
2000,9,20,6.75,0,7.26,6.11,7.52,4.82,6.67,5.11,7.18,6.13,6.41,5.47,6.15,6.29,1.35
2000,9,21,0,0,4.95,4.26,5.61,2.74,4.56,3.28,5.01,4.38,4.54,3.73,4.37,4.48,0
2000,9,22,2.44,0,2.38,2.29,3.64,0.85,2.04,1.67,2.66,2.59,2.26,1.96,2.35,2.33,0
2000,9,23,11.29,9.89,13.73,11.42,12.99,11.7,12.41,11.27,13.33,11.27,11.42,10.56,11.07,11.14,11.61
2000,9,24,19.71,0,0,1.05,2.57,0,0,0.98,1.09,1.62,0,0.93,0.84,0,0
2000,9,25,0,0,0,0,1.6,0,0,0.51,0,0.69,0,0,0,0,0
2000,9,26,66.84,7.69,6.88,5.81,7.2,4.46,6.33,4.8,6.82,5.84,6.11,5.18,5.86,6,0.98
2000,9,27,48.7,4.95,7.35,6.19,7.6,4.92,6.76,5.2,7.27,6.21,6.49,5.54,6.23,6.36,1.45
2000,9,28,87.43,37.89,14.36,11.94,13.52,12.41,12.95,11.91,13.93,11.77,11.89,11.06,11.54,11.6,12.85
2000,9,29,15.82,0,0,0.73,2.34,0,0,0.86,0.7,1.41,0,0.67,0,0,0
2000,9,30,26.26,0,0,0,0.88,0,0,0.25,0,0,0,0,0,0,0
2000,10,1,19.61,0,5.42,4.95,5.86,4.61,5.47,5.18,5.7,4.88,4.77,4.29,4.56,4.57,0.88
2000,10,2,7.12,3.6,8.47,7.86,8.6,9.01,8.38,9.27,9.17,7.58,7.83,7.3,7.36,7.49,6.46
2000,10,3,35.74,9.13,18.84,18.31,18.21,27.65,18.39,26.71,21.67,17.45,18.93,18.93,17.47,18.24,39.46
2000,10,4,23.89,0.16,9.38,8.75,9.43,10.46,9.25,10.62,10.24,8.41,8.77,8.25,8.22,8.39,8.69
2000,10,5,75.9,0,2.93,2.74,3.74,1.81,3.14,2.55,3.05,2.87,2.44,2.17,2.44,2.41,0
2000,10,6,22.59,0,2.66,2.51,3.53,1.56,2.9,2.32,2.78,2.67,2.2,1.97,2.23,2.2,0
2000,10,7,4.62,0,0.52,1.01,2.09,0.26,1.12,1,0.94,1.36,0.59,0.72,0.77,0.8,0
2000,10,8,4.14,0,0,0.44,1.58,0.1,0.32,0.65,0.22,0.92,0,0.34,0.22,0.31,0
2000,10,9,16.12,0,0,0,0,0,0,0.1,0,0,0,0,0,0,0
2000,10,10,29.11,0,3.48,3.21,4.19,2.34,3.65,3.06,3.61,3.29,2.93,2.6,2.89,2.87,0
2000,10,11,11.36,2.51,4.98,4.54,5.47,4.05,5.05,4.66,5.21,4.51,4.34,3.89,4.17,4.17,0.43
2000,10,12,8.19,0,1.75,1.8,2.84,0.86,2.09,1.64,1.91,2.04,1.45,1.35,1.54,1.53,0
2000,10,13,6.48,0,0,0,1.23,0,0,0.45,0,0.62,0,0.1,0,0,0
2000,10,14,16.26,0,2.2,2.14,3.16,1.18,2.48,1.95,2.32,2.33,1.81,1.64,1.87,1.85,0
2000,10,15,0.12,1.08,9.73,9.09,9.75,11.04,9.59,11.15,10.65,8.74,9.14,8.62,8.56,8.74,9.61
2000,10,16,0,6.51,12.64,11.99,12.43,16.02,12.4,15.81,14.11,11.47,12.21,11.79,11.36,11.71,18.04
2000,10,17,0,9.26,8.25,7.64,8.39,8.66,8.17,8.95,8.91,7.38,7.6,7.07,7.15,7.27,5.95
2000,10,18,0,17.33,9.49,8.86,9.53,10.65,9.36,10.79,10.37,8.52,8.89,8.37,8.33,8.5,8.99
2000,10,19,0,3.28,9.76,9.12,9.77,11.08,9.62,11.19,10.68,8.76,9.16,8.65,8.58,8.77,9.67
2000,10,20,0,0,4.49,4.1,5.05,3.46,4.59,4.11,4.68,4.1,3.88,3.46,3.75,3.74,0.1
2000,10,21,0,0,4.86,4.44,5.37,3.91,4.94,4.52,5.08,4.41,4.23,3.78,4.07,4.07,0.33
2000,10,22,0,0,2.81,2.64,3.64,1.7,3.03,2.44,2.92,2.78,2.33,2.08,2.34,2.32,0
2000,10,23,0,0,3.63,3.34,4.32,2.5,3.79,3.21,3.76,3.41,3.07,2.72,3.02,2.99,0
2000,10,24,0,0,3.17,2.94,3.94,2.03,3.36,2.77,3.29,3.05,2.66,2.36,2.64,2.61,0
2000,10,25,0,0,0,0,0.69,0,0,0.22,0,0.18,0,0,0,0,0
2000,10,26,0,0,0.81,1.18,2.24,0.37,1.34,1.12,1.15,1.5,0.77,0.85,0.94,0.95,0
2000,10,27,0,0,6.38,5.85,6.71,5.91,6.38,6.39,6.78,5.72,5.72,5.2,5.43,5.47,2.25
2000,10,28,0,0,4.27,3.9,4.86,3.2,4.39,3.87,4.44,3.92,3.67,3.26,3.56,3.54,0.1
2000,10,29,0,0,6.28,5.76,6.62,5.77,6.29,6.26,6.67,5.63,5.62,5.11,5.34,5.38,2.09
2000,10,30,0,0.24,7.02,6.46,7.28,6.82,6.99,7.23,7.5,6.28,6.36,5.83,6.02,6.08,3.38
2000,10,31,0,3.63,10.46,9.82,10.42,12.25,10.3,12.29,11.51,9.42,9.9,9.4,9.25,9.48,11.59
2000,11,1,0.1,0.38,8.48,10.03,9.56,22.34,8.06,23.47,11.15,8,7.24,6.5,6.75,6.69,1.97
2000,11,2,1.09,0.1,6.68,7.78,7.57,16.1,6.37,17.17,8.53,6.28,5.7,4.98,5.24,5.19,0.1
2000,11,3,9.57,0,5.66,6.53,6.47,12.79,5.41,13.83,7.08,5.32,4.83,4.14,4.39,4.35,0
2000,11,4,4.99,3.72,10.59,12.72,11.93,30.2,10.07,31.4,14.31,10.07,9.06,8.34,8.57,8.49,6.3
2000,11,5,1.57,0,2.81,3.17,3.46,4.76,2.73,5.67,3.21,2.71,2.43,1.9,2.11,2.07,0
2000,11,6,0.87,0.1,4.35,4.96,5.07,8.82,4.18,9.82,5.26,4.1,3.72,3.08,3.32,3.29,0
2000,11,7,0,8.63,17.84,22.18,20.23,59.52,16.93,61.11,25.43,17.29,15.34,14.83,14.94,14.78,27.53
2000,11,8,18.35,0,10.02,11.99,11.29,28.04,9.53,29.22,13.45,9.51,8.57,7.84,8.08,8.01,4.99
2000,11,9,4.72,0,1.58,1.83,2.23,2.17,1.59,2.96,1.7,1.65,1.43,1.03,1.2,1.16,0
2000,11,10,1.78,0,0.55,0.78,1.24,0.63,0.63,1.21,0.57,0.81,0.6,0.38,0.49,0.45,0
2000,11,11,0.1,0,0.17,0.43,0.88,0.26,0.28,0.72,0.23,0.51,0.3,0.18,0.25,0.21,0
2000,11,12,0.68,0,0,0.1,0.39,0.1,0,0.2,0,0.13,0,0,0,0,0
2000,11,13,0.41,0,0,0,0,0,0,0,0,0,0,0,0,0,0
2000,11,14,0.92,0,0,0.1,0.33,0.1,0,0.16,0,0.1,0,0,0,0,0
2000,11,15,0.1,0,0.16,0.43,0.88,0.26,0.28,0.71,0.22,0.51,0.29,0.18,0.25,0.21,0
2000,11,16,0,0,0,0,0,0,0,0,0,0,0,0,0,0,0
2000,11,17,0,0,0,0,0,0,0,0.1,0,0,0,0,0,0,0
2000,11,18,0,0,0.24,0.49,0.94,0.31,0.34,0.79,0.28,0.56,0.35,0.21,0.29,0.25,0
2000,11,19,0,0,0,0.18,0.59,0.1,0.1,0.39,0.1,0.28,0.1,0.1,0.1,0.1,0
2000,11,20,0,0,0,0,0,0,0,0,0,0,0,0,0,0,0
2000,11,21,0.34,0,0,0,0.22,0,0,0.1,0,0.1,0,0,0,0,0
2000,11,22,0.1,0,0.58,0.81,1.27,0.66,0.66,1.25,0.61,0.83,0.62,0.4,0.51,0.47,0
2000,11,23,1.18,0.32,4.78,5.47,5.52,10.08,4.58,11.09,5.85,4.49,4.08,3.42,3.67,3.63,0
2000,11,24,0,2.13,9.72,11.6,10.94,26.89,9.24,28.05,12.99,9.21,8.3,7.57,7.81,7.74,4.32
2000,11,25,0,0,0,0.1,0.43,0.1,0,0.24,0,0.16,0,0,0.1,0,0
2000,11,26,0,0,3.07,3.47,3.73,5.4,2.98,6.34,3.55,2.94,2.65,2.1,2.32,2.28,0
2000,11,27,0,0,2.47,2.79,3.11,3.97,2.42,4.86,2.78,2.41,2.15,1.65,1.85,1.81,0
2000,11,28,0,0,3.82,4.34,4.51,7.35,3.68,8.32,4.54,3.62,3.28,2.67,2.9,2.87,0
2000,11,29,0,0,0,0,0,0,0,0.1,0,0,0,0,0,0,0
2000,11,30,0,0,3.7,4.19,4.38,7.01,3.57,7.99,4.38,3.5,3.17,2.57,2.8,2.77,0
2000,12,1,0,0,4.06,5.63,5.59,14.43,4.06,15.53,5.49,4.17,3.59,2.11,2.61,2.59,0
2000,12,2,0,0,2.52,3.48,3.64,7.97,2.61,9,3.33,2.61,2.24,1.32,1.64,1.64,0
2000,12,3,0.26,0,0,0,0,0,0,0,0,0,0,0,0,0,0
2000,12,4,0.32,0,0.16,0.34,0.64,0.37,0.28,0.83,0.22,0.26,0.18,0.1,0.12,0.15,0
2000,12,5,0.1,0,2.69,3.73,3.85,8.67,2.78,9.72,3.57,2.79,2.4,1.41,1.75,1.75,0
2000,12,6,0,0,0.62,0.94,1.25,1.45,0.77,2.17,0.79,0.72,0.59,0.32,0.42,0.46,0
2000,12,7,0,0,3.9,5.41,5.39,13.74,3.92,14.87,5.28,4.01,3.46,2.03,2.52,2.5,0
2000,12,8,0,0,1.57,2.19,2.44,4.41,1.7,5.35,2.03,1.66,1.41,0.82,1.03,1.06,0
2000,12,9,0,0,0,0,0.1,0,0,0.1,0,0,0,0,0,0,0
2000,12,10,1.13,0,0,0,0,0,0,0,0,0,0,0,0,0,0
2000,12,11,0,0,0,0.1,0.15,0.1,0,0.1,0,0,0,0,0,0,0
2000,12,12,0,0,0.95,1.38,1.67,2.41,1.1,3.22,1.22,1.05,0.88,0.5,0.64,0.67,0
2000,12,13,0,1.02,9.81,13.94,13.1,42.11,9.41,43.51,13.95,10.12,8.66,5.05,6.24,6.11,0.1
2000,12,14,0,2.05,10.68,15.22,14.27,46.57,10.22,48.06,15.26,11.03,9.44,5.5,6.79,6.65,0.2
2000,12,15,0,0,0.87,1.27,1.57,2.16,1.02,2.96,1.11,0.97,0.81,0.46,0.58,0.62,0
2000,12,16,0.1,0,2.5,3.46,3.62,7.91,2.6,8.94,3.31,2.6,2.23,1.31,1.63,1.64,0
2000,12,17,0.52,0,0.63,0.95,1.26,1.46,0.78,2.19,0.8,0.73,0.59,0.33,0.42,0.46,0
2000,12,18,0.1,0,6.69,9.39,9,26.62,6.52,27.88,9.33,6.88,5.91,3.46,4.28,4.21,0
2000,12,19,0.12,0,1.38,1.94,2.21,3.79,1.52,4.67,1.78,1.48,1.25,0.72,0.91,0.94,0
2000,12,20,2.93,0,5.23,7.3,7.11,19.73,5.17,20.93,7.2,5.37,4.63,2.71,3.36,3.32,0
2000,12,21,0.59,0,0.78,1.15,1.45,1.89,0.92,2.64,0.98,0.88,0.72,0.4,0.52,0.55,0
2000,12,22,0,0,0.94,1.36,1.65,2.36,1.09,3.17,1.2,1.03,0.87,0.49,0.63,0.66,0
2000,12,23,0,0,0.43,0.71,1.01,0.98,0.58,1.61,0.56,0.54,0.43,0.22,0.3,0.34,0
2000,12,24,0,0,5.49,7.66,7.44,20.92,5.4,22.09,7.57,5.64,4.85,2.85,3.52,3.47,0
2000,12,25,0,0,5.11,7.12,6.95,19.17,5.06,20.37,7.03,5.25,4.52,2.65,3.28,3.24,0
2000,12,26,0,0,3.5,4.84,4.87,11.99,3.54,13.09,4.7,3.6,3.1,1.82,2.26,2.25,0
2000,12,27,0,0,0.1,0.12,0.36,0.1,0.1,0.35,0.1,0.1,0.1,0,0.1,0.1,0
2000,12,28,0,0,0,0,0.1,0,0,0.1,0,0,0,0,0,0,0
2000,12,29,0,0,0,0,0.1,0,0,0,0,0,0,0,0,0,0
2000,12,30,0,0,0.63,0.96,1.27,1.48,0.78,2.21,0.81,0.73,0.6,0.33,0.43,0.46,0
2000,12,31,0,0,0,0,0,0,0,0,0,0,0,0,0,0,0
2001,1,1,0,0,0,0,0,0,0,0,0,0,0,0,0,0,0
2001,1,2,0,0,1.02,1.3,1.34,2.75,1.04,3.12,1.44,1.1,0.98,0.7,0.82,0.82,0
2001,1,3,0,0,0.75,0.95,1.01,1.76,0.77,2.13,1.04,0.84,0.73,0.5,0.61,0.61,0
2001,1,4,0,0,0.1,0.1,0.14,0.1,0.1,0.11,0.1,0.13,0.1,0.1,0.1,0.1,0
2001,1,5,0,0,0,0,0,0,0,0,0,0,0,0,0,0,0
2001,1,6,0,0.29,0.95,1.21,1.27,2.52,0.97,2.89,1.34,1.04,0.92,0.66,0.77,0.77,0
2001,1,7,0,0,0.45,0.59,0.66,0.83,0.47,1.16,0.62,0.56,0.47,0.29,0.39,0.38,0
2001,1,8,0,0,2.04,2.58,2.56,7.08,2.03,7.27,2.95,2.04,1.87,1.43,1.57,1.59,0
2001,1,9,0,0,4.32,5.45,5.26,18.19,4.21,17.61,6.41,4.1,3.82,3.05,3.19,3.28,0.23
2001,1,10,0,0,1.4,1.76,1.79,4.26,1.4,4.58,1.99,1.45,1.31,0.97,1.1,1.11,0
2001,1,11,0,0,0.1,0.1,0.12,0.1,0.1,0.1,0.1,0.12,0.1,0.1,0.1,0.1,0
2001,1,12,0.15,0,0,0,0,0,0,0,0,0,0,0,0,0,0
2001,1,13,0.1,0,0.91,1.16,1.22,2.36,0.93,2.74,1.28,1,0.89,0.63,0.74,0.74,0
2001,1,14,0,0,0.66,0.84,0.9,1.46,0.68,1.82,0.91,0.75,0.66,0.44,0.55,0.54,0
2001,1,15,0,0,0,0,0,0,0,0,0,0,0,0,0,0,0
2001,1,16,0,0,2.58,3.25,3.2,9.59,2.55,9.62,3.76,2.53,2.33,1.82,1.95,1.99,0
2001,1,17,0,0,0.6,0.78,0.85,1.29,0.63,1.66,0.84,0.71,0.61,0.4,0.51,0.5,0
2001,1,18,0,0,0,0,0,0,0,0,0,0,0,0,0,0,0
2001,1,19,0.1,0,0,0,0,0,0,0,0,0,0,0,0,0,0
2001,1,20,0.1,0,0,0,0,0,0,0,0,0,0,0,0,0,0
2001,1,21,0,0,2.42,3.05,3.01,8.83,2.39,8.91,3.52,2.39,2.2,1.7,1.84,1.87,0
2001,1,22,0,0,2,2.52,2.51,6.89,1.98,7.08,2.89,2,1.83,1.4,1.53,1.56,0
2001,1,23,0,0,0,0,0,0,0,0,0,0,0,0,0,0,0
2001,1,24,0,0,0.1,0.1,0.1,0,0.1,0.1,0.1,0.1,0.1,0,0.1,0,0
2001,1,25,0,0,0,0,0,0,0,0,0,0,0,0,0,0,0
2001,1,26,0,0,0,0,0,0,0,0,0,0,0,0,0,0,0
2001,1,27,0,0,0,0,0,0,0,0,0,0,0,0,0,0,0
2001,1,28,0,0,0,0,0,0,0,0,0,0,0,0,0,0,0
2001,1,29,0,0,0,0,0,0,0,0,0,0,0,0,0,0,0
2001,1,30,0,0,0,0,0,0,0,0,0,0,0,0,0,0,0
2001,1,31,0,0.59,2.72,3.42,3.36,10.21,2.68,10.2,3.96,2.65,2.45,1.91,2.05,2.09,0
2001,2,1,0.37,0,1.1,1.48,1.65,1.69,1.21,2.31,1.47,1.32,1.16,0.97,1.04,1.04,0
2001,2,2,0,0,1.54,2.15,2.34,3.12,1.72,3.82,2.11,1.84,1.65,1.43,1.5,1.51,0
2001,2,3,0,0.1,4.28,6.49,6.83,14.86,4.94,15.4,6.22,5.18,4.77,4.34,4.4,4.45,2.43
2001,2,4,0,1.53,3.27,4.85,5.15,10.17,3.74,10.85,4.68,3.94,3.61,3.25,3.32,3.35,0.73
2001,2,5,0,0,0.9,1.19,1.34,1.14,0.98,1.69,1.19,1.08,0.93,0.77,0.84,0.84,0
2001,2,6,0,0,0.37,0.46,0.56,0.15,0.4,0.41,0.47,0.47,0.37,0.27,0.32,0.32,0
2001,2,7,0,0,0.68,0.88,1.01,0.63,0.74,1.09,0.89,0.83,0.7,0.56,0.62,0.62,0
2001,2,8,0,0,0,0,0,0,0,0,0,0,0,0,0,0,0
2001,2,9,0,0,0,0,0,0,0,0,0,0,0,0,0,0,0
2001,2,10,0,0,0,0.1,0.1,0,0.1,0.1,0.1,0.1,0.1,0,0,0,0
2001,2,11,0,0.41,3.57,5.33,5.65,11.54,4.1,12.18,5.13,4.31,3.95,3.58,3.64,3.68,1.17
2001,2,12,0,0.17,2.55,3.7,3.97,7.04,2.9,7.77,3.59,3.06,2.78,2.48,2.56,2.58,0.1
2001,2,13,0,0,0.45,0.57,0.68,0.25,0.48,0.55,0.58,0.56,0.45,0.35,0.4,0.39,0
2001,2,14,0,0,0.1,0.1,0.1,0,0.1,0.1,0.1,0.1,0.1,0.1,0.1,0.1,0
2001,2,15,0,0,0.14,0.17,0.24,0.1,0.14,0.1,0.18,0.2,0.13,0.1,0.11,0.11,0
2001,2,16,0,0,0.1,0.1,0.12,0,0.1,0.1,0.1,0.11,0.1,0.1,0.1,0.1,0
2001,2,17,0,0,0.58,0.74,0.87,0.46,0.63,0.85,0.74,0.71,0.59,0.47,0.52,0.52,0
2001,2,18,0,0,0.46,0.57,0.68,0.25,0.48,0.56,0.58,0.57,0.45,0.35,0.4,0.4,0
2001,2,19,1.37,0,1.24,1.69,1.87,2.11,1.37,2.76,1.67,1.48,1.31,1.12,1.19,1.19,0
2001,2,20,0.43,0,0.1,0.1,0.14,0,0.1,0.1,0.11,0.13,0.1,0.1,0.1,0.1,0
2001,2,21,0,0,0,0,0,0,0,0,0,0,0,0,0,0,0
2001,2,22,0.1,0,0,0,0.1,0,0,0,0,0.1,0,0,0,0,0
2001,2,23,0,0,0,0,0,0,0,0,0,0,0,0,0,0,0
2001,2,24,0,0,0.78,1.01,1.16,0.86,0.85,1.35,1.01,0.94,0.8,0.66,0.72,0.72,0
2001,2,25,0,0,0.91,1.2,1.35,1.16,0.99,1.71,1.19,1.09,0.94,0.78,0.84,0.84,0
2001,2,26,0,0,0.45,0.56,0.67,0.24,0.48,0.55,0.57,0.56,0.45,0.34,0.39,0.39,0
2001,2,27,0,8.26,5.63,8.72,9.13,21.49,6.56,21.79,8.32,6.87,6.34,5.83,5.87,5.94,5.21
2001,2,28,0,0,4.92,7.55,7.93,17.98,5.71,18.41,7.22,5.99,5.52,5.05,5.1,5.17,3.72
2001,3,1,0,0,2.78,2.67,2.9,3.57,2.48,3.9,3.19,2.58,2.45,2.58,2.49,2.51,0
2001,3,2,0,0,3.64,3.49,3.78,5.11,3.22,5.36,4.24,3.31,3.2,3.47,3.3,3.32,0
2001,3,3,0,0,0,0,0,0,0,0,0,0,0,0,0,0,0
2001,3,4,0,0,0.4,0.42,0.5,0.21,0.38,0.46,0.43,0.55,0.4,0.31,0.36,0.35,0
2001,3,5,0,0.1,1.89,1.83,2,2.07,1.7,2.45,2.13,1.82,1.7,1.7,1.69,1.69,0
2001,3,6,0,0,0.68,0.7,0.8,0.45,0.63,0.78,0.75,0.79,0.66,0.57,0.62,0.61,0
2001,3,7,0,0.29,4.86,4.65,4.98,7.41,4.27,7.4,5.74,4.3,4.24,4.75,4.43,4.47,0.66
2001,3,8,0,0,0.88,0.87,0.99,0.69,0.81,1.05,0.96,0.98,0.82,0.73,0.77,0.77,0
2001,3,9,0.25,0,0,0,0,0,0,0,0,0,0,0,0,0,0
2001,3,10,0,0,0.21,0.27,0.34,0.1,0.21,0.27,0.26,0.38,0.26,0.18,0.23,0.22,0
2001,3,11,0.1,0,0,0,0,0,0,0,0,0,0,0,0,0,0
2001,3,12,0.53,0,1.09,1.09,1.24,0.93,1,1.35,1.23,1.17,1.03,0.95,0.99,0.98,0
2001,3,13,3.26,0,0.65,0.68,0.78,0.42,0.61,0.76,0.73,0.77,0.64,0.55,0.6,0.59,0
2001,3,14,2.1,0,0,0,0,0,0,0,0,0,0,0,0,0,0
2001,3,15,0,0.1,1.22,1.21,1.35,1.1,1.12,1.49,1.36,1.25,1.13,1.06,1.09,1.09,0
2001,3,16,0.1,18.75,28.46,27.22,28.75,59.47,24.39,52.45,35.69,23.57,24.37,30.67,26.89,27.27,177.36
2001,3,17,3.91,20.94,11.58,11.1,11.82,21.45,10.03,19.94,14.21,9.92,10.01,12.03,10.81,10.94,33.04
2001,3,18,1.38,5.06,6.91,6.64,7.1,11.55,6.04,11.21,8.33,6.04,6.02,6.96,6.39,6.45,7.58
2001,3,19,0.27,6.18,8.62,8.27,8.83,15.09,7.5,14.39,10.47,7.47,7.48,8.8,8,8.09,16.09
2001,3,20,0.15,0,3.83,3.68,3.97,5.42,3.38,5.67,4.49,3.46,3.37,3.68,3.48,3.51,0
2001,3,21,5.38,0.67,2.35,2.28,2.49,2.8,2.1,3.22,2.69,2.23,2.1,2.17,2.12,2.13,0
2001,3,22,0,22.24,9.19,8.79,9.38,16.31,7.98,15.42,11.16,7.93,7.94,9.4,8.51,8.62,19.01
2001,3,23,0.98,1.82,3.62,3.47,3.76,5.07,3.2,5.32,4.21,3.29,3.18,3.44,3.27,3.3,0
2001,3,24,0,1.2,5.67,5.42,5.8,9.01,4.97,8.85,6.75,4.98,4.93,5.61,5.19,5.24,2.72
2001,3,25,0,12.08,13.24,12.73,13.53,25.08,11.45,23.2,16.33,11.31,11.45,13.85,12.4,12.56,43.46
2001,3,26,0,32.36,12.73,12.2,13,23.98,11.01,22.24,15.66,10.89,10.99,13.3,11.92,12.05,40.12
2001,3,27,0,17,8.5,8.14,8.71,14.85,7.39,14.16,10.3,7.37,7.37,8.66,7.88,7.96,15.36
2001,3,28,0.1,0,1.53,1.48,1.66,1.55,1.39,1.96,1.69,1.54,1.38,1.33,1.35,1.35,0
2001,3,29,1.93,0,0.36,0.38,0.46,0.18,0.34,0.41,0.39,0.51,0.37,0.29,0.33,0.32,0
2001,3,30,10.12,0,0,0,0,0,0,0,0,0,0,0,0,0,0
2001,3,31,0.57,0,0,0,0,0,0,0,0,0,0,0,0,0,0
2001,4,1,0,0,2.39,2.14,2.73,1.68,2.25,2.5,2.4,2.22,2.1,1.79,1.9,1.97,0
2001,4,2,0,1.91,3.79,3.36,4.08,3.3,3.57,4.09,3.74,3.32,3.16,2.85,2.96,3.07,0
2001,4,3,0,0,0,0,0,0,0,0.1,0,0,0,0,0,0,0
2001,4,4,1.41,0,1.46,1.37,1.84,0.74,1.37,1.51,1.56,1.5,1.41,1.13,1.23,1.28,0
2001,4,5,0.89,0,2.97,2.65,3.25,2.26,2.79,3.05,2.98,2.65,2.54,2.24,2.35,2.44,0
2001,4,6,0,0,6.94,6.17,7.13,7.52,6.54,8.01,6.79,5.81,5.54,5.29,5.39,5.56,1.19
2001,4,7,0,0,4.94,4.34,5.09,4.75,4.66,5.39,4.83,4.15,3.99,3.71,3.83,3.96,0
2001,4,8,0,0,0,0,0,0,0,0,0,0,0,0,0,0,0
2001,4,9,4.46,0,0,0,0,0,0,0,0,0,0,0,0,0,0
2001,4,10,0.1,0,0.44,0.53,0.85,0.1,0.42,0.58,0.59,0.69,0.61,0.41,0.46,0.49,0
2001,4,11,0,0,4.06,3.63,4.35,3.58,3.82,4.4,4.04,3.54,3.39,3.08,3.2,3.31,0
2001,4,12,0.1,0,0,0,0,0,0,0,0,0,0,0,0,0,0
2001,4,13,0,0,0,0,0,0,0,0,0,0,0,0,0,0,0
2001,4,14,0.53,5.8,11.74,10.42,11.65,14.62,11.05,14.29,11.36,9.51,9.05,9.01,9.05,9.31,12.87
2001,4,15,3.65,10.83,10.17,9.03,10.2,12.26,9.58,12.24,9.84,8.33,7.92,7.78,7.83,8.06,8.42
2001,4,16,2.29,0.37,13.95,12.52,13.91,18.07,13.13,17.47,13.56,11.36,10.78,10.83,10.81,11.11,19.9
2001,4,17,0.12,0,0,0,0.1,0,0,0.1,0,0.1,0,0,0,0,0
2001,4,18,0,0,0,0,0,0,0,0,0,0,0,0,0,0,0
2001,4,19,0.1,0,0,0,0,0,0,0,0,0,0,0,0,0,0
2001,4,20,0.1,0,0,0,0,0,0,0,0,0,0,0,0,0,0
2001,4,21,0.33,0,0,0,0,0,0,0,0,0,0,0,0,0,0
2001,4,22,0.6,0,0,0,0,0,0,0,0,0,0,0,0,0,0
2001,4,23,0,0,0,0,0,0,0,0,0,0,0,0,0,0,0
2001,4,24,0,0,0,0,0,0,0,0,0,0,0,0,0,0,0
2001,4,25,0,0,0,0,0,0,0,0,0,0,0,0,0,0,0
2001,4,26,0,0,0,0,0,0,0,0,0,0,0,0,0,0,0
2001,4,27,0,0,6.38,5.63,6.47,6.69,6.01,7.13,6.22,5.27,5.08,4.83,4.94,5.1,0.13
2001,4,28,4.34,4.05,7.09,6.33,7.28,7.71,6.68,8.21,6.96,5.94,5.67,5.43,5.53,5.7,1.43
2001,4,29,2.97,0,0.77,0.76,1.1,0.25,0.72,0.82,0.87,0.89,0.83,0.62,0.68,0.72,0
2001,4,30,0.51,0,0.32,0.45,0.76,0.1,0.31,0.52,0.49,0.62,0.53,0.34,0.38,0.41,0
2001,5,1,2.35,0,0,0,0,0,0,0.1,0,0,0,0,0,0,0
2001,5,2,10.14,0,0,0.37,0.88,0,0,0.5,0.4,0.67,0,0.2,0.33,0,0
2001,5,3,0.15,1.71,6.76,6.37,6.75,5.42,6.52,5.69,6.83,6.03,6.28,5.3,5.7,6.03,0.51
2001,5,4,0,0,3.22,3.02,3.62,1.79,3.28,2.47,3.42,3.06,3.09,2.53,2.86,2.94,0
2001,5,5,8.08,0,0,0.38,0.89,0,0,0.51,0.41,0.67,0,0.2,0.34,0,0
2001,5,6,7.41,0,1.38,1.5,2.08,0.45,1.53,1.21,1.73,1.7,1.48,1.21,1.44,1.4,0
2001,5,7,33.52,0,0.86,1.11,1.66,0.1,1.04,0.95,1.27,1.34,1.04,0.86,1.06,0.98,0
2001,5,8,1.5,0,0,0,0,0,0,0.1,0,0,0,0,0,0,0
2001,5,9,29.96,1.5,0.9,1.13,1.69,0.13,1.08,0.96,1.3,1.36,1.07,0.88,1.08,1.01,0
2001,5,10,25.79,0,0,0,0,0,0,0,0,0,0,0,0,0,0
2001,5,11,5.64,0,0,0.27,0.77,0,0,0.44,0,0.57,0,0,0,0,0
2001,5,12,16.56,0,0,0.7,1.23,0.1,0.55,0.7,0.79,0.97,0.59,0.5,0.66,0.55,0
2001,5,13,13.91,0,3.94,3.69,4.27,2.42,3.94,3.04,4.11,3.67,3.73,3.08,3.44,3.56,0
2001,5,14,25.33,9.4,12.08,11.73,11.45,12.16,11.26,11.58,12.01,10.67,11.13,9.62,10,10.72,8.79
2001,5,15,22.95,0,3.3,3.09,3.69,1.86,3.35,2.54,3.5,3.13,3.16,2.59,2.92,3.01,0
2001,5,16,18.85,0,0,0.63,1.16,0,0,0.66,0.71,0.91,0.51,0.43,0.59,0.47,0
2001,5,17,5.67,0.66,2.87,2.73,3.33,1.48,2.95,2.19,3.1,2.8,2.78,2.27,2.59,2.65,0
2001,5,18,0,0.1,1.4,1.52,2.1,0.46,1.55,1.23,1.75,1.71,1.5,1.23,1.46,1.42,0
2001,5,19,0,11.25,8.93,8.56,8.69,8.04,8.46,7.99,8.96,7.93,8.27,7.06,7.47,7.95,3.21
2001,5,20,2.28,9.32,10.14,9.79,9.77,9.59,9.54,9.34,10.14,8.99,9.37,8.05,8.45,9.02,5.21
2001,5,21,3.88,0,1.03,1.24,1.8,0.22,1.21,1.03,1.42,1.46,1.19,0.98,1.19,1.12,0
2001,5,22,9.98,7.4,10.27,9.91,9.87,9.76,9.66,9.46,10.26,9.09,9.49,8.15,8.55,9.13,5.43
2001,5,23,28.09,4.77,11.92,11.57,11.31,11.95,11.12,11.38,11.86,10.51,10.99,9.5,9.88,10.59,8.44
2001,5,24,5.03,42.04,22.31,22.65,20.6,26.88,20.24,24.33,22.14,19.92,20.6,18.26,18.4,19.89,32.79
2001,5,25,17.06,3.43,11.4,11.07,10.88,11.24,10.66,10.77,11.37,10.1,10.53,9.08,9.47,10.14,7.53
2001,5,26,7.45,15.38,15.51,15.33,14.51,16.92,14.29,15.7,15.4,13.73,14.3,12.48,12.81,13.79,16.17
2001,5,27,9.03,14.01,15.9,15.75,14.88,17.47,14.62,16.2,15.77,14.11,14.64,12.8,13.12,14.12,17.14
2001,5,28,7.15,0,12.92,12.63,12.22,13.31,12.01,12.56,12.86,11.43,11.92,10.34,10.7,11.49,10.53
2001,5,29,6.9,0,5.02,4.68,5.21,3.49,4.93,4.01,5.13,4.55,4.68,3.9,4.28,4.48,0
2001,5,30,13.32,0,3.9,3.66,4.24,2.39,3.91,3.02,4.08,3.64,3.7,3.05,3.41,3.53,0
2001,5,31,0,6.59,8.51,8.08,8.28,7.52,8.08,7.53,8.51,7.53,7.86,6.69,7.09,7.55,2.51
2001,6,1,7.75,0,0.38,0.65,1.17,0,0.63,0.61,0.59,1.16,0.53,0.66,0.82,0.64,0
2001,6,2,0,0,0,0,0,0,0,0.1,0,0,0,0,0,0,0
2001,6,3,0.1,0,1.06,1.21,1.73,0.16,1.29,0.9,1.23,1.6,1.14,1.15,1.36,1.22,0
2001,6,4,0.12,0,0,0,0,0,0,0.2,0,0.38,0,0,0,0,0
2001,6,5,5.23,10.94,9.37,8.53,9.82,7.71,8.51,7.63,9.15,7.87,8.3,7.14,7.43,7.75,6.07
2001,6,6,2.76,0.97,5.78,5.28,6.18,3.89,5.5,4.26,5.7,5.07,5.23,4.53,4.85,4.98,0.81
2001,6,7,0.98,0,0,0,0.4,0,0,0.28,0,0.54,0,0,0,0,0
2001,6,8,0.61,0,0,0,0,0,0,0.13,0,0,0,0,0,0,0
2001,6,9,2.53,0,0,0,0,0,0,0.1,0,0,0,0,0,0,0
2001,6,10,0,0,0,0.54,1.05,0,0,0.56,0.46,1.07,0.41,0.56,0.71,0.53,0
2001,6,11,13.86,2.07,9.67,8.8,10.12,8.05,8.76,7.93,9.43,8.1,8.56,7.36,7.64,7.97,6.62
2001,6,12,1.14,17.18,13.72,12.49,14.28,12.8,12.08,12.11,13.32,11.28,12,10.3,10.49,11.04,15.04
2001,6,13,6.32,38.94,26.31,24.07,27.38,28.75,22.21,26.17,25.4,21.2,22.63,19.43,19.2,20.43,46.82
2001,6,14,3.27,19.17,11.93,10.86,12.45,10.67,10.62,10.23,11.61,9.88,10.48,9.01,9.24,9.69,11.15
2001,6,15,1.33,8.95,7.39,6.73,7.8,5.55,6.86,5.72,7.25,6.32,6.61,5.7,6.01,6.23,2.79
2001,6,16,0,0,0,0,0.61,0,0,0.36,0,0.71,0,0,0,0,0
2001,6,17,1.27,0,0,0,0.54,0,0,0.34,0,0.66,0,0,0,0,0
2001,6,18,0.3,0,1.56,1.6,2.14,0.42,1.77,1.15,1.69,1.92,1.57,1.48,1.73,1.63,0
2001,6,19,0.75,8.78,8.67,7.89,9.1,6.94,7.93,6.95,8.48,7.32,7.71,6.63,6.93,7.21,4.83
2001,6,20,14.34,8.83,10.77,9.8,11.24,9.31,9.66,9.03,10.48,8.96,9.49,8.16,8.41,8.81,8.74
2001,6,21,1.26,6.08,9.92,9.03,10.38,8.33,8.96,8.18,9.67,8.3,8.77,7.54,7.82,8.17,7.1
2001,6,22,0,0,0,0,0,0,0,0.1,0,0,0,0,0,0,0
2001,6,23,0,1.47,7.25,6.61,7.66,5.4,6.74,5.6,7.12,6.22,6.49,5.6,5.91,6.12,2.59
2001,6,24,8.2,16.13,17.31,15.79,18,17.21,14.99,15.98,16.77,14.11,15.04,12.91,12.99,13.74,23.51
2001,6,25,0,17.68,15.47,14.1,16.1,14.93,13.5,13.99,15,12.66,13.48,11.58,11.71,12.36,19.08
2001,6,26,1.35,6.74,20.58,18.79,21.39,21.33,17.62,19.61,19.9,16.67,17.8,15.28,15.25,16.18,31.64
2001,6,27,10.47,12.16,19.36,17.67,20.14,19.79,16.64,18.26,18.73,15.73,16.77,14.4,14.42,15.27,28.58
2001,6,28,21.89,47.39,30.79,28.2,32.07,34.65,25.76,31.42,29.7,24.73,26.41,22.67,22.27,23.74,58.96
2001,6,29,0,29.48,11.79,10.73,12.3,10.5,10.5,10.08,11.47,9.76,10.36,8.9,9.14,9.58,10.84
2001,6,30,5.2,11.9,12.46,11.34,12.98,11.28,11.05,10.77,12.11,10.29,10.93,9.39,9.61,10.09,12.26
2001,7,1,0,0.1,3.33,3,3.84,1.41,3.27,2.18,3.27,3.03,3.06,2.73,2.96,2.98,0
2001,7,2,0,0,0.7,1.01,2.03,0,0.76,0.8,0.98,1.35,1.01,1.09,1.11,1,0
2001,7,3,0,5.08,5.88,4.97,5.71,3.47,5.39,3.99,5.5,4.7,4.89,4.38,4.66,4.7,0.53
2001,7,4,5.62,0,1.03,1.25,2.24,0.1,1.1,0.92,1.27,1.54,1.29,1.28,1.35,1.28,0
2001,7,5,3.72,6.53,11.96,9.63,10.1,9.37,10.12,9.12,10.78,8.61,9.01,8.26,8.5,8.53,7.43
2001,7,6,10.88,0,4.92,4.23,5,2.64,4.61,3.27,4.66,4.07,4.21,3.76,4.03,4.06,0.1
2001,7,7,3.54,0,3.25,2.94,3.79,1.35,3.2,2.12,3.2,2.98,3,2.68,2.91,2.92,0
2001,7,8,2.57,0,0,0.59,1.69,0,0,0.6,0.5,1,0.55,0.75,0.69,0.55,0
2001,7,9,0,0,3.54,3.17,4,1.56,3.45,2.31,3.45,3.17,3.21,2.87,3.11,3.12,0
2001,7,10,0,2.74,0,0.49,1.61,0,0,0.55,0.39,0.91,0,0.66,0.59,0,0
2001,7,11,3.38,19,12.46,10.01,10.46,9.89,10.51,9.57,11.22,8.93,9.35,8.58,8.81,8.84,8.15
2001,7,12,0,3.46,8.02,6.62,7.27,5.43,7.09,5.71,7.37,6.09,6.37,5.75,6.03,6.08,2.44
2001,7,13,0,2.22,8,6.6,7.25,5.41,7.08,5.69,7.35,6.08,6.35,5.74,6.02,6.06,2.42
2001,7,14,0.18,0,0,0,0.9,0,0,0.25,0,0,0,0,0,0,0
2001,7,15,7.24,19.51,11.1,8.98,9.48,8.48,9.47,8.36,10.04,8.07,8.44,7.71,7.97,8,6.24
2001,7,16,26.36,40.77,27.55,21.46,21.07,26.74,21.64,24.15,24.2,18.39,19.09,18.06,17.88,17.79,33.56
2001,7,17,18.22,10.36,11.17,9.03,9.53,8.55,9.52,8.42,10.1,8.11,8.49,7.76,8.01,8.04,6.33
2001,7,18,12.68,0,2.87,2.65,3.51,1.09,2.86,1.88,2.86,2.72,2.72,2.44,2.65,2.65,0
2001,7,19,0,0,0,0,0,0,0,0.1,0,0,0,0,0,0,0
2001,7,20,0,0,1.3,1.45,2.41,0.2,1.38,1.04,1.49,1.71,1.51,1.45,1.55,1.49,0
2001,7,21,2.65,6.92,8.52,7,7.62,5.91,7.48,6.12,7.8,6.41,6.7,6.07,6.35,6.39,2.99
2001,7,22,9.22,10.74,11.31,9.14,9.64,8.7,9.63,8.54,10.22,8.2,8.58,7.85,8.1,8.13,6.53
2001,7,23,7.36,7.93,8.54,7.02,7.64,5.93,7.5,6.14,7.82,6.42,6.72,6.08,6.36,6.4,3.01
2001,7,24,5.65,3.76,6.58,5.51,6.22,4.09,5.95,4.54,6.11,5.16,5.37,4.83,5.11,5.15,1.05
2001,7,25,13.63,0,5.19,4.44,5.2,2.87,4.83,3.47,4.9,4.25,4.4,3.93,4.21,4.24,0.15
2001,7,26,4.66,13.68,12.82,10.29,10.72,10.27,10.78,9.91,11.53,9.16,9.59,8.81,9.03,9.06,8.68
2001,7,27,0.65,0.62,2.51,2.37,3.25,0.86,2.55,1.67,2.55,2.49,2.45,2.21,2.4,2.4,0
2001,7,28,0.24,9.52,8.67,7.12,7.74,6.06,7.6,6.25,7.93,6.51,6.81,6.17,6.45,6.49,3.17
2001,7,29,1.1,24.33,25.56,19.96,19.69,24.43,20.2,22.16,22.5,17.15,17.82,16.82,16.7,16.63,29.95
2001,7,30,0.79,0,0,0.37,1.51,0,0,0.51,0,0.81,0,0.57,0.47,0,0
2001,7,31,0,0,2.49,2.35,3.23,0.84,2.53,1.66,2.53,2.47,2.43,2.19,2.39,2.38,0
2001,8,1,0,0,1.69,1.76,2.83,0.34,1.62,1.25,2,2.07,1.89,1.69,1.97,1.95,0
2001,8,2,1.74,32.36,17.57,14.17,15.52,15.28,15.63,14.37,16.33,13.27,13.2,11.74,12.45,12.87,16.14
2001,8,3,0,0,1.81,1.84,2.91,0.4,1.74,1.3,2.11,2.14,1.98,1.77,2.06,2.04,0
2001,8,4,6.28,0,2.05,2.03,3.08,0.54,2,1.42,2.33,2.3,2.19,1.93,2.24,2.23,0
2001,8,5,0,5.21,4.47,3.88,4.94,2.22,4.3,2.9,4.55,3.97,4.07,3.51,3.96,4.05,0
2001,8,6,10.3,11.86,8.95,7.4,8.55,6.25,8.28,6.43,8.62,7.16,7.31,6.38,6.97,7.19,3.31
2001,8,7,39.28,46.92,20.13,16.18,17.58,18.12,17.78,16.88,18.6,15.08,14.9,13.31,14.04,14.52,20.6
2001,8,8,5.38,18.98,11.57,9.46,10.66,8.87,10.54,8.72,10.97,9.02,9.13,8.02,8.66,8.94,6.68
2001,8,9,18.85,13.73,13.94,11.32,12.58,11.34,12.55,10.9,13.09,10.69,10.75,9.49,10.17,10.51,10.19
2001,8,10,1.29,0,0,0,0.45,0,0,0.1,0,0,0,0,0,0,0
2001,8,11,0,0,10.7,8.77,9.96,7.98,9.79,7.95,10.19,8.4,8.53,7.47,8.1,8.36,5.49
2001,8,12,2.08,69.65,23.8,19.06,20.53,22.27,20.84,20.55,21.85,17.66,17.32,15.55,16.3,16.86,27.31
2001,8,13,0,0.88,14.43,11.7,12.97,11.87,12.97,11.36,13.53,11.04,11.08,9.8,10.48,10.83,10.96
2001,8,14,0.37,0.38,0,0,1.34,0,0,0.41,0,0.57,0,0,0,0,0
2001,8,15,0.85,0.56,1.22,1.42,2.52,0.12,1.09,1.04,1.58,1.77,1.49,1.39,1.62,1.56,0
2001,8,16,0,4.68,6.09,5.15,6.23,3.58,5.76,4.09,6.02,5.12,5.27,4.55,5.06,5.21,0.61
2001,8,17,4.93,10.41,5.58,4.75,5.83,3.14,5.31,3.71,5.57,4.76,4.9,4.23,4.72,4.85,0.31
2001,8,18,0,5.31,11.3,9.24,10.44,8.59,10.3,8.48,10.73,8.82,8.94,7.85,8.48,8.76,6.3
2001,8,19,1.5,0,0.91,1.21,2.33,0.1,0.77,0.93,1.31,1.6,1.21,1.2,1.4,1.31,0
2001,8,20,1.55,5.46,10.46,8.59,9.77,7.74,9.59,7.74,9.98,8.23,8.37,7.33,7.95,8.2,5.18
2001,8,21,0,33.32,48.24,38.6,40.05,51.71,41.65,45.61,43.27,33.02,33.47,30.21,31.3,32.44,79.1
2001,8,22,0,27.07,16.39,13.25,14.56,13.99,14.64,13.23,15.28,12.43,12.4,11.01,11.71,12.11,14.15
2001,8,23,0,15.35,6.35,5.36,6.44,3.82,6,4.3,6.26,5.3,5.46,4.72,5.24,5.39,0.79
2001,8,24,2.27,2.24,4.87,4.2,5.26,2.55,4.67,3.19,4.92,4.26,4.38,3.77,4.24,4.34,0.1
2001,8,25,0,6.19,9.43,7.77,8.93,6.71,8.69,6.83,9.04,7.49,7.64,6.68,7.27,7.51,3.87
2001,8,26,8.54,10.99,11.85,9.68,10.89,9.16,10.78,8.98,11.22,9.22,9.33,8.2,8.84,9.13,7.08
2001,8,27,72.2,11.74,11.2,9.17,10.36,8.49,10.22,8.39,10.64,8.75,8.87,7.79,8.42,8.7,6.17
2001,8,28,20.76,8.78,7.11,5.95,7.06,4.51,6.67,4.9,6.95,5.85,6.01,5.21,5.75,5.92,1.41
2001,8,29,6.72,11.29,9.86,8.11,9.28,7.14,9.06,7.2,9.43,7.8,7.94,6.95,7.55,7.8,4.4
2001,8,30,3.99,39.81,15.57,12.6,13.89,13.09,13.94,12.44,14.54,11.85,11.85,10.5,11.19,11.57,12.78
2001,8,31,1.18,20.54,12.72,10.36,11.59,10.06,11.52,9.77,12,9.83,9.92,8.74,9.39,9.7,8.34
2001,9,1,0,39.39,15.63,12.99,14.6,13.88,14.06,13.23,15.14,12.8,12.85,12.09,12.49,12.53,15.46
2001,9,2,0,0,6.15,5.22,6.6,3.79,5.67,4.2,6.14,5.28,5.53,4.63,5.3,5.43,0.39
2001,9,3,16.23,0,7.24,6.1,7.51,4.81,6.65,5.1,7.17,6.12,6.4,5.46,6.14,6.28,1.33
2001,9,4,12.84,0,0,0,2.03,0,0,0.69,0,1.11,0,0.34,0,0,0
2001,9,5,8.66,0,2.09,2.09,3.44,0.69,1.71,1.54,2.41,2.42,1.97,1.78,2.13,2.07,0
2001,9,6,0,5.39,7.95,6.68,8.1,5.5,7.3,5.72,7.84,6.68,6.97,6,6.69,6.82,2.12
2001,9,7,0.3,4.77,12.77,10.63,12.18,10.61,11.56,10.29,12.41,10.5,10.69,9.79,10.34,10.43,9.75
2001,9,8,0.37,0,4.73,4.08,5.43,2.55,4.35,3.12,4.8,4.21,4.35,3.57,4.19,4.3,0
2001,9,9,2.82,27.01,14.96,12.44,14.03,13.11,13.48,12.53,14.5,12.26,12.35,11.55,11.99,12.04,14.07
2001,9,10,12.74,25.03,27.65,22.97,24.74,28.62,24.44,26.57,26.59,22.58,21.71,21.91,21.39,21.14,44.06
2001,9,11,11.67,20.29,17.65,14.67,16.31,16.27,15.82,15.38,17.06,14.43,14.36,13.72,14,13.99,19.84
2001,9,12,1.01,0,0,0.53,2.19,0,0,0.78,0,1.27,0,0.5,0,0,0
2001,9,13,5.8,0,0,0,0.71,0,0,0.19,0,0,0,0,0,0,0
2001,9,14,9.47,1.84,5.33,4.56,5.92,3.06,4.91,3.56,5.37,4.66,4.85,4.01,4.66,4.78,0.1
2001,9,15,16.51,0,5.59,4.77,6.13,3.28,5.15,3.76,5.61,4.86,5.06,4.2,4.86,4.99,0.1
2001,9,16,27.96,0.1,6.97,5.88,7.28,4.55,6.41,4.87,6.91,5.91,6.19,5.25,5.93,6.07,1.06
2001,9,17,19.91,7.51,6.86,5.79,7.19,4.45,6.31,4.78,6.81,5.83,6.1,5.17,5.85,5.98,0.96
2001,9,18,14.62,4.21,5.83,4.96,6.33,3.5,5.37,3.95,5.84,5.04,5.26,4.39,5.05,5.18,0.19
2001,9,19,15.43,0,3.48,3.11,4.44,1.58,3.16,2.28,3.65,3.32,3.28,2.68,3.21,3.28,0
2001,9,20,19.04,5.13,4.87,4.19,5.54,2.67,4.48,3.22,4.93,4.32,4.47,3.67,4.3,4.41,0
2001,9,21,14.74,0,0.61,1.14,2.64,0,0,1.02,1.2,1.69,0,1,0.95,0,0
2001,9,22,12.45,0,3.45,3.08,4.42,1.56,3.13,2.27,3.62,3.3,3.25,2.66,3.19,3.25,0
2001,9,23,4.13,6.42,8.53,7.15,8.59,6.09,7.82,6.24,8.39,7.13,7.43,6.45,7.13,7.27,2.86
2001,9,24,8.25,5.46,7.8,6.55,7.98,5.35,7.16,5.58,7.7,6.56,6.85,5.88,6.57,6.7,1.94
2001,9,25,9.54,0,5.6,4.78,6.14,3.3,5.16,3.77,5.62,4.87,5.08,4.22,4.87,5,0.1
2001,9,26,0,0,3.11,2.83,4.16,1.32,2.79,2.07,3.31,3.07,2.95,2.43,2.93,2.97,0
2001,9,27,0,0,3.63,3.23,4.56,1.7,3.31,2.38,3.79,3.43,3.41,2.79,3.34,3.41,0
2001,9,28,0,0,0,0,0,0,0,0,0,0,0,0,0,0,0
2001,9,29,0,0,2.39,2.3,3.65,0.86,2.05,1.68,2.68,2.6,2.28,1.97,2.36,2.35,0
2001,9,30,0,13.62,15.58,12.95,14.55,13.82,14.02,13.18,15.09,12.76,12.81,12.05,12.45,12.49,15.35
2001,10,1,0,9.89,14.21,13.58,13.89,18.86,13.91,18.46,16.01,12.96,13.89,13.56,12.89,13.34,23.1
2001,10,2,0,6.72,11.73,11.08,11.59,14.42,11.52,14.32,13.03,10.61,11.24,10.79,10.47,10.77,15.26
2001,10,3,0,0.2,8.89,8.27,8.98,9.67,8.78,9.89,9.66,7.97,8.27,7.73,7.76,7.9,7.47
2001,10,4,0,0,2.07,2.04,3.07,1.08,2.37,1.86,2.2,2.25,1.7,1.55,1.77,1.75,0
2001,10,5,0,0,2.57,2.44,3.45,1.48,2.81,2.24,2.68,2.6,2.12,1.9,2.15,2.13,0
2001,10,6,0,17.48,22.74,22.36,21.89,35.45,22.19,34.04,26.52,21.3,23.24,23.61,21.4,22.47,54.44
2001,10,7,0,28.71,17.57,17.01,17.03,25.2,17.17,24.41,20.12,16.22,17.54,17.45,16.21,16.89,34.82
2001,10,8,0,10.87,13.77,13.13,13.48,18.06,13.49,17.71,15.48,12.54,13.42,13.07,12.46,12.88,21.66
2001,10,9,0,0,2.53,2.4,3.42,1.45,2.77,2.21,2.64,2.57,2.09,1.87,2.12,2.1,0
2001,10,10,0,2.18,6.48,5.95,6.8,6.05,6.48,6.51,6.89,5.8,5.82,5.3,5.52,5.56,2.41
2001,10,11,1.17,0.17,8.33,7.72,8.47,8.79,8.24,9.06,9.01,7.45,7.69,7.15,7.23,7.35,6.13
2001,10,12,0,0,3.94,3.61,4.58,2.83,4.08,3.52,4.09,3.65,3.36,2.98,3.28,3.26,0
2001,10,13,1.98,0,4,3.66,4.63,2.89,4.13,3.58,4.15,3.7,3.41,3.03,3.32,3.31,0
2001,10,14,0.98,0,6.6,6.05,6.9,6.21,6.59,6.67,7.02,5.9,5.93,5.41,5.63,5.67,2.61
2001,10,15,0,15.4,16.33,15.74,15.87,22.82,15.96,22.17,18.59,15.01,16.19,16,14.98,15.57,30.37
2001,10,16,0,0,0,0,0,0,0,0.1,0,0,0,0,0,0,0
2001,10,17,0,0,0,0,0,0,0,0,0,0,0,0,0,0,0
2001,10,18,0,0,0,0,0,0,0,0.1,0,0,0,0,0,0,0
2001,10,19,0,0,10.44,9.79,10.4,12.21,10.27,12.25,11.48,9.39,9.88,9.37,9.23,9.45,11.52
2001,10,20,0,42.44,25.66,25.41,24.66,41.4,25.01,39.7,30.15,24.22,26.48,27.17,24.35,25.65,66.08
2001,10,21,14.88,0,17.2,16.63,16.68,24.49,16.81,23.73,19.66,15.86,17.14,17.02,15.84,16.5,33.48
2001,10,22,5.51,0,0,0,0.25,0,0,0.1,0,0,0,0,0,0,0
2001,10,23,6.81,0,0,0,0.75,0,0,0.24,0,0.23,0,0,0,0,0
2001,10,24,1.14,0,0,0,0.53,0,0,0.17,0,0,0,0,0,0,0
2001,10,25,0,0,2.11,2.07,3.1,1.12,2.4,1.89,2.24,2.28,1.74,1.58,1.8,1.78,0
2001,10,26,0.66,0.21,5.89,5.39,6.27,5.23,5.91,5.76,6.22,5.29,5.23,4.73,4.99,5.01,1.49
2001,10,27,0,0,0,0,0.82,0,0,0.26,0,0.28,0,0,0,0,0
2001,10,28,0,0,0,0,0.87,0,0,0.29,0,0.32,0,0,0,0,0
2001,10,29,0,0,4.78,4.36,5.3,3.8,4.86,4.43,4.99,4.34,4.15,3.71,4,3.99,0.26
2001,10,30,0,0,2.36,2.27,3.29,1.31,2.63,2.08,2.48,2.45,1.95,1.75,1.99,1.97,0
2001,10,31,0,0,6.17,5.65,6.53,5.62,6.18,6.12,6.54,5.53,5.51,5,5.24,5.27,1.91
2001,11,1,0,0,2.39,2.71,3.04,3.81,2.35,4.69,2.68,2.34,2.09,1.6,1.79,1.76,0
2001,11,2,12.99,4.08,14.91,18.32,16.84,47.31,14.15,48.71,20.89,14.34,12.8,12.17,12.35,12.22,18.22
2001,11,3,4.24,0,1.35,1.58,2.01,1.77,1.38,2.52,1.43,1.46,1.24,0.88,1.03,0.99,0
2001,11,4,0,0,4.52,5.16,5.25,9.33,4.34,10.33,5.5,4.26,3.87,3.22,3.46,3.43,0
2001,11,5,0,0,1.54,1.78,2.19,2.09,1.55,2.88,1.65,1.62,1.39,1,1.17,1.13,0
2001,11,6,0,0,2.58,2.91,3.23,4.22,2.52,5.12,2.92,2.5,2.24,1.73,1.93,1.9,0
2001,11,7,0,0,1.31,1.54,1.97,1.7,1.34,2.45,1.39,1.43,1.21,0.85,1.01,0.97,0
2001,11,8,2.48,0,1.8,2.06,2.45,2.58,1.8,3.4,1.96,1.83,1.6,1.18,1.36,1.32,0
2001,11,9,6.16,0,5.03,5.76,5.79,10.82,4.81,11.84,6.19,4.72,4.29,3.62,3.87,3.83,0
2001,11,10,0,0.24,8.1,9.56,9.14,21.01,7.71,22.13,10.6,7.64,6.92,6.18,6.44,6.38,1.4
2001,11,11,0,3.38,10.85,13.05,12.22,31.17,10.31,32.39,14.69,10.31,9.28,8.56,8.79,8.71,6.91
2001,11,12,0.1,1.08,11.01,13.25,12.4,31.78,10.46,32.99,14.93,10.47,9.41,8.7,8.93,8.85,7.3
2001,11,13,5.52,0.1,6.52,7.59,7.41,15.59,6.23,16.66,8.31,6.13,5.57,4.85,5.11,5.06,0.1
2001,11,14,1.86,0,0,0,0.15,0,0,0.1,0,0,0,0,0,0,0
2001,11,15,0.1,0,1.47,1.71,2.12,1.97,1.49,2.75,1.57,1.56,1.33,0.96,1.12,1.08,0
2001,11,16,1.32,0.65,9.3,11.07,10.47,25.35,8.84,26.5,12.37,8.8,7.94,7.21,7.46,7.39,3.47
2001,11,17,0.25,6.55,13.64,16.65,15.38,42.13,12.94,43.46,18.93,13.07,11.69,11.03,11.22,11.11,14.42
2001,11,18,0,0,1.19,1.42,1.85,1.5,1.23,2.23,1.25,1.32,1.11,0.77,0.92,0.88,0
2001,11,19,0,0,0,0,0.11,0,0,0.1,0,0,0,0,0,0,0
2001,11,20,0,0,1.97,2.24,2.61,2.9,1.95,3.74,2.16,1.97,1.74,1.29,1.48,1.44,0
2001,11,21,0.1,0,6.65,7.75,7.55,16.01,6.35,17.08,8.5,6.25,5.68,4.96,5.21,5.17,0.1
2001,11,22,0,0,3.17,3.58,3.83,5.65,3.08,6.59,3.68,3.03,2.73,2.17,2.39,2.36,0
2001,11,23,2.36,0.1,2.42,2.73,3.06,3.86,2.37,4.75,2.71,2.36,2.11,1.61,1.81,1.78,0
2001,11,24,0,0,5.68,6.56,6.49,12.85,5.43,13.9,7.11,5.34,4.85,4.16,4.41,4.37,0
2001,11,25,0,0,4.03,4.58,4.73,7.92,3.88,8.91,4.82,3.81,3.45,2.83,3.07,3.03,0
2001,11,26,0,0,1.44,1.68,2.09,1.91,1.46,2.69,1.54,1.53,1.31,0.94,1.1,1.06,0
2001,11,27,0,0,0.21,0.46,0.91,0.29,0.32,0.76,0.26,0.54,0.33,0.2,0.27,0.23,0
2001,11,28,0,0,0,0,0,0,0,0,0,0,0,0,0,0,0
2001,11,29,0,0,0,0,0,0,0,0,0,0,0,0,0,0,0
2001,11,30,0,0,0,0,0,0,0,0,0,0,0,0,0,0,0
2001,12,1,0,0,0,0,0,0,0,0,0,0,0,0,0,0,0
2001,12,2,0,0,5.42,7.57,7.35,20.62,5.34,21.78,7.47,5.57,4.79,2.81,3.48,3.43,0
2001,12,3,0,0,0.7,1.05,1.36,1.68,0.85,2.41,0.89,0.8,0.66,0.36,0.47,0.51,0
2001,12,4,0,0,1.5,2.09,2.36,4.17,1.64,5.1,1.93,1.59,1.35,0.78,0.98,1.01,0
2001,12,5,0,0,0,0,0.1,0,0,0,0,0,0,0,0,0,0
2001,12,6,0,0,0,0,0.1,0,0,0.1,0,0,0,0,0,0,0
2001,12,7,0,0,8.19,11.57,10.97,33.97,7.91,35.29,11.54,8.43,7.23,4.23,5.22,5.12,0
2001,12,8,0,0,1.41,1.98,2.25,3.89,1.55,4.78,1.81,1.51,1.27,0.74,0.93,0.95,0
2001,12,9,0,0,4.12,5.72,5.68,14.73,4.13,15.84,5.6,4.24,3.65,2.15,2.66,2.63,0
2001,12,10,0,0,3.54,4.89,4.92,12.16,3.57,13.26,4.75,3.64,3.13,1.84,2.28,2.27,0
2001,12,11,0,0,0.85,1.23,1.54,2.09,0.99,2.87,1.08,0.95,0.78,0.44,0.57,0.6,0
2001,12,12,0,0,0,0,0.1,0,0,0,0,0,0,0,0,0,0
2001,12,13,0,0,0,0,0,0,0,0,0,0,0,0,0,0,0
2001,12,14,0,0,0,0,0,0,0,0,0,0,0,0,0,0,0
2001,12,15,0,0,0.1,0.14,0.39,0.11,0.1,0.41,0.1,0.1,0.1,0.1,0.1,0.1,0
2001,12,16,0,0,1.43,2,2.27,3.95,1.57,4.85,1.84,1.53,1.29,0.75,0.94,0.97,0
2001,12,17,0,0,0,0.1,0.13,0,0,0.1,0,0,0,0,0,0,0
2001,12,18,0,0,1.69,2.36,2.6,4.87,1.82,5.78,2.19,1.79,1.52,0.89,1.11,1.13,0
2001,12,19,0,0,0,0.1,0.3,0.1,0.1,0.28,0.1,0.1,0.1,0,0,0.1,0
2001,12,20,0,0,0,0,0,0,0,0,0,0,0,0,0,0,0
2001,12,21,0,0,0,0,0,0,0,0,0,0,0,0,0,0,0
2001,12,22,0,0,0,0,0.1,0,0,0.1,0,0,0,0,0,0,0
2001,12,23,0,0,1.08,1.54,1.83,2.8,1.22,3.63,1.37,1.18,0.98,0.56,0.72,0.75,0
2001,12,24,0,0,0,0.1,0.13,0,0,0.1,0,0,0,0,0,0,0
2001,12,25,0,0,0,0,0,0,0,0,0,0,0,0,0,0,0
2001,12,26,0,0,0,0,0,0,0,0,0,0,0,0,0,0,0
2001,12,27,0,0,0,0,0,0,0,0,0,0,0,0,0,0,0
2001,12,28,0,0,0.1,0.15,0.4,0.11,0.1,0.42,0.1,0.11,0.1,0.1,0.1,0.1,0
2001,12,29,0,0,0.16,0.35,0.64,0.38,0.28,0.84,0.23,0.27,0.18,0.1,0.12,0.15,0
2001,12,30,0,0,0,0,0.1,0,0,0.1,0,0,0,0,0,0,0
2001,12,31,0,0,0,0,0,0,0,0,0,0,0,0,0,0,0
2002,1,1,0,0.1,1.25,1.58,1.61,3.63,1.26,3.98,1.77,1.31,1.18,0.86,0.99,0.99,0
2002,1,2,0,0,1.79,2.26,2.26,5.96,1.78,6.2,2.58,1.81,1.65,1.25,1.38,1.4,0
2002,1,3,0,0,2.06,2.6,2.58,7.15,2.04,7.33,2.98,2.06,1.89,1.44,1.58,1.6,0
2002,1,4,0,0,2.15,2.71,2.7,7.6,2.13,7.75,3.11,2.14,1.97,1.51,1.65,1.68,0
2002,1,5,0,0,0.1,0.1,0.11,0.1,0.1,0.1,0.1,0.11,0.1,0.1,0.1,0.1,0
2002,1,6,0.1,0,2.54,3.2,3.15,9.38,2.51,9.43,3.7,2.49,2.3,1.79,1.93,1.96,0
2002,1,7,0.87,0,1.83,2.31,2.31,6.12,1.82,6.36,2.63,1.85,1.69,1.28,1.41,1.43,0
2002,1,8,0.1,3.14,4.44,5.6,5.4,18.77,4.33,18.14,6.59,4.2,3.91,3.13,3.27,3.36,0.4
2002,1,9,0,0,3.55,4.48,4.35,14.32,3.48,14.02,5.23,3.41,3.16,2.51,2.65,2.71,0
2002,1,10,0,0,0.55,0.71,0.77,1.1,0.57,1.46,0.76,0.65,0.56,0.36,0.46,0.45,0
2002,1,11,0,0,0.84,1.07,1.13,2.09,0.86,2.47,1.18,0.93,0.82,0.57,0.69,0.68,0
2002,1,12,0,0.1,1.53,1.93,1.95,4.83,1.53,5.13,2.18,1.57,1.43,1.07,1.19,1.21,0
2002,1,13,0,0,1.1,1.4,1.45,3.08,1.12,3.45,1.56,1.18,1.05,0.76,0.88,0.88,0
2002,1,14,0,0.15,2.65,3.33,3.28,9.9,2.61,9.91,3.86,2.59,2.39,1.86,2,2.04,0
2002,1,15,0,0,3.25,4.09,3.99,12.8,3.19,12.61,4.77,3.13,2.9,2.29,2.43,2.49,0
2002,1,16,0,0.1,3.31,4.17,4.07,13.12,3.25,12.91,4.87,3.19,2.96,2.34,2.47,2.53,0
2002,1,17,0,0,0.13,0.18,0.24,0.1,0.14,0.26,0.18,0.22,0.16,0.1,0.12,0.11,0
2002,1,18,0,0,0,0.1,0.1,0,0,0.1,0.1,0.1,0,0,0,0,0
2002,1,19,0,0,0.54,0.7,0.77,1.09,0.57,1.44,0.75,0.65,0.55,0.36,0.46,0.45,0
2002,1,20,0,0.24,0.73,0.94,1,1.72,0.76,2.09,1.02,0.83,0.72,0.5,0.61,0.6,0
2002,1,21,0,0.1,4.06,5.12,4.95,16.86,3.96,16.39,6.01,3.86,3.59,2.87,3,3.09,0.1
2002,1,22,0,0.1,3.38,4.26,4.14,13.44,3.31,13.21,4.97,3.25,3.01,2.38,2.52,2.58,0
2002,1,23,0,0,0.51,0.66,0.72,0.98,0.53,1.32,0.7,0.61,0.52,0.33,0.43,0.42,0
2002,1,24,0,0,0,0,0,0,0,0,0,0,0,0,0,0,0
2002,1,25,0,0,0,0,0,0,0,0,0,0,0,0,0,0,0
2002,1,26,0,0,0,0,0,0,0,0,0,0,0,0,0,0,0
2002,1,27,0,0,0,0,0,0,0,0,0,0,0,0,0,0,0
2002,1,28,0,0,0.39,0.51,0.58,0.65,0.42,0.97,0.54,0.5,0.41,0.25,0.34,0.33,0
2002,1,29,0,0,0,0,0,0,0,0,0,0,0,0,0,0,0
2002,1,30,0,0,0,0,0,0,0,0,0,0,0,0,0,0,0
2002,1,31,0,0,0,0,0,0,0,0,0,0,0,0,0,0,0
2002,2,1,0,0,0,0,0.1,0,0,0,0,0,0,0,0,0,0
2002,2,2,0,0,0.31,0.38,0.48,0.1,0.33,0.29,0.4,0.4,0.31,0.22,0.26,0.26,0
2002,2,3,0.1,0.1,1.76,2.48,2.69,3.9,1.98,4.63,2.43,2.11,1.89,1.65,1.73,1.74,0
2002,2,4,0,0,2.99,4.4,4.68,8.92,3.41,9.62,4.25,3.59,3.28,2.95,3.02,3.05,0.38
2002,2,5,0,0.18,0.77,1,1.14,0.83,0.84,1.32,1,0.93,0.79,0.65,0.71,0.71,0
2002,2,6,0.27,0,0,0,0,0,0,0,0,0,0,0,0,0,0
2002,2,7,0,0,0,0,0,0,0,0,0,0,0,0,0,0,0
2002,2,8,0,0,0.56,0.7,0.83,0.41,0.6,0.79,0.71,0.68,0.57,0.44,0.5,0.5,0
2002,2,9,0,0,0.79,1.03,1.18,0.88,0.86,1.38,1.03,0.95,0.82,0.67,0.73,0.73,0
2002,2,10,0.2,0,2.95,4.35,4.63,8.77,3.37,9.48,4.21,3.56,3.25,2.92,2.98,3.01,0.34
2002,2,11,0.3,0,2.48,3.6,3.85,6.74,2.81,7.48,3.49,2.98,2.7,2.41,2.48,2.5,0.1
2002,2,12,2.98,0,0,0,0,0,0,0,0,0,0,0,0,0,0
2002,2,13,1.02,0,0,0,0,0,0,0,0,0,0,0,0,0,0
2002,2,14,0,0,0,0,0,0,0,0,0,0,0,0,0,0,0
2002,2,15,0.1,0,0,0,0,0,0,0,0,0,0,0,0,0,0
2002,2,16,0.14,0,0,0,0,0,0,0,0,0,0,0,0,0,0
2002,2,17,0,0,0,0,0,0,0,0,0,0,0,0,0,0,0
2002,2,18,0,0,0,0,0,0,0,0,0,0,0,0,0,0,0
2002,2,19,0,0,0,0,0,0,0,0,0,0,0,0,0,0,0
2002,2,20,0,0,0,0,0,0,0,0,0,0,0,0,0,0,0
2002,2,21,0,0,0,0,0,0,0,0,0,0,0,0,0,0,0
2002,2,22,0.1,0,0,0,0,0,0,0,0,0,0,0,0,0,0
2002,2,23,0,0,0,0,0,0,0,0,0,0,0,0,0,0,0
2002,2,24,0.1,0,0,0,0,0,0,0,0,0,0,0,0,0,0
2002,2,25,0,0,0,0.1,0.1,0,0,0,0,0.1,0,0,0,0,0
2002,2,26,0,0,0,0.1,0.1,0,0.1,0,0.1,0.1,0.1,0,0,0,0
2002,2,27,0,0,0,0,0,0,0,0,0,0,0,0,0,0,0
2002,2,28,0,0,0.22,0.27,0.35,0.1,0.24,0.18,0.28,0.3,0.22,0.14,0.18,0.18,0
2002,3,1,0.1,0,0,0,0,0,0,0,0,0,0,0,0,0,0
2002,3,2,0.1,0,4.34,4.14,4.47,6.42,3.82,6.54,5.08,3.89,3.78,4.19,3.93,3.96,0.1
2002,3,3,0,0.1,1.16,1.15,1.29,1.01,1.06,1.42,1.29,1.21,1.08,1,1.04,1.04,0
2002,3,4,0.15,0.76,4.82,4.62,4.95,7.34,4.24,7.34,5.7,4.27,4.21,4.71,4.4,4.44,0.59
2002,3,5,0,0,0.1,0.1,0.16,0.1,0.1,0.14,0.1,0.24,0.1,0.1,0.1,0.1,0
2002,3,6,0.1,0,0,0,0,0,0,0,0,0,0,0,0,0,0
2002,3,7,0,0,0,0,0,0,0,0,0,0,0,0,0,0,0
2002,3,8,0,0,0,0,0,0,0,0,0,0,0,0,0,0,0
2002,3,9,0.1,0,2.33,2.27,2.48,2.78,2.09,3.2,2.68,2.22,2.09,2.15,2.11,2.12,0
2002,3,10,0,0,1.41,1.37,1.51,1.37,1.28,1.76,1.56,1.43,1.28,1.23,1.24,1.25,0
2002,3,11,0,0,0.51,0.54,0.65,0.3,0.48,0.62,0.57,0.67,0.52,0.42,0.48,0.46,0
2002,3,12,0,0,0.21,0.26,0.34,0.1,0.21,0.26,0.26,0.37,0.26,0.18,0.22,0.21,0
2002,3,13,0,0,0,0,0,0,0,0,0,0,0,0,0,0,0
2002,3,14,0,0,1.74,1.7,1.88,1.84,1.58,2.28,1.98,1.71,1.58,1.57,1.57,1.57,0
2002,3,15,0,0,0,0.1,0.1,0,0.1,0.1,0.1,0.12,0.1,0.1,0.1,0.1,0
2002,3,16,0,0,0,0.1,0.1,0,0,0.1,0.1,0.1,0.1,0.1,0.1,0.1,0
2002,3,17,0.79,0,0,0,0,0,0,0,0,0,0,0,0,0,0
2002,3,18,0,0,0,0,0,0,0,0,0,0,0,0,0,0,0
2002,3,19,0,0,0,0,0,0,0,0,0,0,0,0,0,0,0
2002,3,20,0.89,0,0,0,0,0,0,0,0,0,0,0,0,0,0
2002,3,21,1.01,1.77,1.02,1.02,1.17,0.86,0.94,1.27,1.14,1.11,0.97,0.88,0.92,0.92,0
2002,3,22,4.01,0,0,0,0,0,0,0,0,0,0,0,0,0,0
2002,3,23,4.78,0,2.51,2.43,2.64,3.09,2.25,3.44,2.88,2.34,2.23,2.32,2.26,2.27,0
2002,3,24,4.58,0.1,0.38,0.4,0.48,0.2,0.36,0.43,0.41,0.53,0.39,0.3,0.34,0.34,0
2002,3,25,4.39,3.37,2.8,2.68,2.91,3.59,2.49,3.93,3.2,2.6,2.46,2.6,2.5,2.52,0
2002,3,26,3.05,2.26,7.65,7.33,7.85,13.08,6.67,12.57,9.24,6.66,6.64,7.74,7.07,7.15,11
2002,3,27,0,3.45,6.16,5.91,6.33,9.99,5.39,9.81,7.38,5.41,5.37,6.15,5.67,5.73,4.42
2002,3,28,0,1.35,2.86,2.74,2.99,3.7,2.54,4.04,3.27,2.65,2.52,2.66,2.56,2.58,0
2002,3,29,0,0,3.16,3.04,3.29,4.2,2.8,4.51,3.66,2.89,2.79,2.98,2.86,2.88,0
2002,3,30,0.1,0,0,0,0,0,0,0,0,0,0,0,0,0,0
2002,3,31,0,0,0,0,0,0,0,0,0,0,0,0,0,0,0
2002,4,1,0,0,1.62,1.5,1.97,0.87,1.53,1.63,1.7,1.6,1.52,1.25,1.34,1.4,0
2002,4,2,0,0,7.61,6.76,7.71,8.41,7.17,8.75,7.43,6.29,6.03,5.81,5.91,6.09,2.08
2002,4,3,0,0,3.78,3.35,4.06,3.28,3.56,4.07,3.73,3.31,3.15,2.83,2.95,3.06,0
2002,4,4,0,0,1.5,1.41,1.88,0.76,1.42,1.55,1.6,1.53,1.44,1.17,1.26,1.31,0
2002,4,5,0,0.1,2.95,2.64,3.24,2.24,2.78,3.04,2.96,2.64,2.53,2.23,2.34,2.43,0
2002,4,6,0,0,1.13,1.04,1.5,0.52,1.06,1.2,1.18,1.22,1.11,0.84,0.93,0.97,0
2002,4,7,0,0,0,0,0,0,0,0.1,0,0,0,0,0,0,0
2002,4,8,0,0,0.8,0.79,1.13,0.28,0.76,0.86,0.9,0.92,0.86,0.64,0.71,0.74,0
2002,4,9,0.24,0,0,0,0,0,0,0,0,0,0,0,0,0,0
2002,4,10,0,0,0,0.1,0.29,0,0,0.22,0.1,0.24,0.1,0.1,0.1,0.1,0
2002,4,11,10.8,4.52,8.47,7.49,8.56,9.72,7.98,9.97,8.2,6.98,6.65,6.44,6.52,6.72,4.13
2002,4,12,0,2.17,11.06,9.86,11.04,13.53,10.42,13.33,10.75,9.01,8.6,8.52,8.56,8.81,10.92
2002,4,13,0,19.99,9.37,8.33,9.4,10.99,8.83,11.05,9.12,7.67,7.33,7.19,7.25,7.47,6.22
2002,4,14,0.1,0,3.97,3.56,4.28,3.51,3.74,4.32,3.97,3.49,3.33,3.02,3.14,3.25,0
2002,4,15,0.1,2.69,1.89,1.71,2.18,1.15,1.78,1.87,1.94,1.78,1.7,1.43,1.53,1.59,0
2002,4,16,0,0,2.37,2.12,2.71,1.67,2.23,2.48,2.38,2.2,2.08,1.77,1.88,1.95,0
2002,4,17,0.97,0,0.18,0.35,0.65,0.1,0.17,0.45,0.37,0.53,0.43,0.25,0.29,0.31,0
2002,4,18,0,0,1.18,1.11,1.56,0.57,1.11,1.26,1.25,1.27,1.17,0.9,0.98,1.03,0
2002,4,19,0,0,4.96,4.36,5.12,4.78,4.68,5.42,4.85,4.17,4,3.73,3.85,3.98,0
2002,4,20,0,0,1.71,1.56,2.04,0.96,1.61,1.69,1.78,1.66,1.58,1.3,1.4,1.46,0
2002,4,21,0,0,6.19,5.47,6.32,6.42,5.83,6.87,6.05,5.15,4.95,4.7,4.81,4.96,0.1
2002,4,22,0,0,5.48,4.89,5.73,5.47,5.16,6.16,5.41,4.67,4.46,4.18,4.29,4.43,0
2002,4,23,0,13.15,11.96,10.65,11.94,14.98,11.26,14.68,11.58,9.74,9.25,9.19,9.21,9.48,13.52
2002,4,24,0,12.62,15.86,14.26,15.78,21.05,14.95,20.13,15.43,12.87,12.21,12.34,12.29,12.63,26.25
2002,4,25,0,0,2.42,2.17,2.76,1.71,2.28,2.54,2.44,2.25,2.13,1.82,1.92,2,0
2002,4,26,0,0,0.46,0.54,0.86,0.1,0.43,0.59,0.61,0.7,0.62,0.42,0.47,0.5,0
2002,4,27,0,0,0.8,0.78,1.12,0.28,0.75,0.85,0.9,0.91,0.85,0.64,0.7,0.74,0
2002,4,28,0,0,0,0,0,0,0,0.1,0,0,0,0,0,0,0
2002,4,29,0,0,0,0,0,0,0,0.1,0,0,0,0,0,0,0
2002,4,30,0,0,1.19,1.11,1.57,0.57,1.12,1.27,1.26,1.28,1.17,0.9,0.99,1.03,0
2002,5,1,0,0,4.83,4.49,5.03,3.31,4.76,3.84,4.94,4.39,4.52,3.75,4.13,4.33,0
2002,5,2,0,0,0.76,1.03,1.58,0.1,0.95,0.9,1.17,1.27,0.95,0.79,0.98,0.89,0
2002,5,3,0,0.44,3.42,3.19,3.8,1.97,3.46,2.63,3.6,3.23,3.26,2.68,3.01,3.11,0
2002,5,4,0,10.04,10.69,10.31,10.22,10.31,10.03,9.96,10.66,9.43,9.87,8.48,8.88,9.5,6.12
2002,5,5,0,0.21,0,0,0,0,0,0.1,0,0,0,0,0,0,0
2002,5,6,0,0,0,0,0,0,0,0,0,0,0,0,0,0,0
2002,5,7,0,0,0,0,0,0,0,0.1,0,0,0,0,0,0,0
2002,5,8,0,4.06,8.36,7.93,8.13,7.33,7.95,7.36,8.36,7.38,7.72,6.57,6.97,7.42,2.31
2002,5,9,0,0,0,0.2,0.69,0,0,0.39,0,0.51,0,0,0,0,0
2002,5,10,0,0,1.66,1.72,2.32,0.64,1.8,1.39,1.98,1.9,1.73,1.41,1.66,1.63,0
2002,5,11,0,0,0,0.69,1.21,0.1,0.53,0.69,0.77,0.95,0.57,0.48,0.64,0.53,0
2002,5,12,0,0,0.96,1.18,1.74,0.16,1.13,0.99,1.35,1.4,1.12,0.92,1.13,1.05,0
2002,5,13,0,0,1.06,1.26,1.82,0.23,1.23,1.04,1.44,1.47,1.21,0.99,1.2,1.14,0
2002,5,14,0,0,0.66,0.95,1.5,0.1,0.85,0.85,1.08,1.19,0.87,0.72,0.9,0.81,0
2002,5,15,0,0,1.32,1.46,2.04,0.41,1.48,1.18,1.68,1.66,1.43,1.17,1.4,1.35,0
2002,5,16,0,0,0,0,0,0,0,0.12,0,0,0,0,0,0,0
2002,5,17,0,8.3,4.7,4.36,4.91,3.18,4.64,3.72,4.82,4.27,4.4,3.65,4.03,4.21,0
2002,5,18,0,0,2.06,2.03,2.65,0.9,2.18,1.65,2.34,2.19,2.07,1.68,1.96,1.96,0
2002,5,19,16.66,0,4.78,4.44,4.98,3.26,4.71,3.79,4.89,4.34,4.47,3.71,4.09,4.28,0
2002,5,20,26.5,0,2.8,2.67,3.28,1.42,2.88,2.13,3.03,2.75,2.72,2.22,2.54,2.59,0
2002,5,21,5.52,0.8,3.21,3.01,3.61,1.78,3.27,2.46,3.41,3.06,3.08,2.52,2.85,2.93,0
2002,5,22,0,0,1.19,1.36,1.93,0.32,1.36,1.1,1.56,1.57,1.33,1.09,1.31,1.25,0
2002,5,23,0,13.65,8.96,8.58,8.71,8.08,8.49,8.02,8.98,7.95,8.29,7.08,7.49,7.97,3.25
2002,5,24,0,4.1,9.12,8.73,8.84,8.28,8.63,8.18,9.13,8.08,8.43,7.21,7.61,8.11,3.49
2002,5,25,0,22.75,17.1,17.02,15.95,19.19,15.68,17.69,16.96,15.19,15.75,13.81,14.1,15.19,19.94
2002,5,26,1.74,4.53,8.71,8.31,8.48,7.76,8.26,7.75,8.71,7.72,8.03,6.86,7.26,7.72,2.82
2002,5,27,0,3.31,9.97,9.6,9.61,9.37,9.39,9.16,9.96,8.83,9.2,7.9,8.3,8.85,4.89
2002,5,28,6.76,0.1,9.41,9.01,9.08,8.65,8.89,8.51,9.4,8.31,8.69,7.44,7.84,8.36,3.92
2002,5,29,4.61,0.29,11.88,11.53,11.27,11.89,11.08,11.33,11.82,10.48,10.96,9.46,9.85,10.55,8.37
2002,5,30,0.69,1.15,14.34,14.09,13.46,15.27,13.26,14.27,14.24,12.68,13.22,11.51,11.85,12.74,13.54
2002,5,31,1.13,1.07,6.98,6.57,6.92,5.68,6.71,5.92,7.03,6.19,6.48,5.47,5.87,6.22,0.72
2002,6,1,0,0,1.35,1.43,1.96,0.31,1.57,1.04,1.49,1.78,1.39,1.34,1.57,1.46,0
2002,6,2,0,0,1.77,1.77,2.32,0.54,1.96,1.26,1.88,2.06,1.75,1.63,1.88,1.8,0
2002,6,3,9.41,0,0,0,0.73,0,0,0.41,0,0.81,0,0.29,0,0,0
2002,6,4,0,0,0.49,0.74,1.26,0,0.74,0.65,0.69,1.23,0.63,0.74,0.91,0.74,0
2002,6,5,0,0,1.51,1.56,2.09,0.39,1.72,1.12,1.64,1.89,1.53,1.45,1.69,1.59,0
2002,6,6,0,0,0,0.37,0.87,0,0,0.48,0,0.92,0,0.41,0.55,0,0
2002,6,7,10.37,0,0,0,0,0,0,0.1,0,0,0,0,0,0,0
2002,6,8,7.86,0,0,0,0,0,0,0,0,0,0,0,0,0,0
2002,6,9,6.85,0,1.42,1.49,2.02,0.35,1.64,1.08,1.56,1.83,1.45,1.39,1.63,1.52,0
2002,6,10,2.94,0,0.96,1.13,1.65,0.11,1.2,0.86,1.13,1.54,1.05,1.08,1.28,1.14,0
2002,6,11,0,0,4.17,3.85,4.58,2.37,4.11,2.92,4.16,3.84,3.84,3.36,3.67,3.72,0
2002,6,12,3.11,0,2.92,2.76,3.38,1.33,3.01,1.99,2.97,2.9,2.76,2.45,2.75,2.73,0
2002,6,13,2.1,0,3.22,3.01,3.66,1.56,3.27,2.2,3.25,3.12,3.02,2.67,2.97,2.97,0
2002,6,14,0,4.79,6.1,5.57,6.5,4.21,5.77,4.54,6.01,5.32,5.5,4.76,5.08,5.23,1.13
2002,6,15,0,3.21,7.45,6.79,7.86,5.61,6.91,5.78,7.3,6.37,6.66,5.74,6.05,6.27,2.88
2002,6,16,0,1.61,5.1,4.68,5.51,3.23,4.92,3.68,5.06,4.55,4.65,4.04,4.36,4.46,0.26
2002,6,17,0,4.26,8.7,7.92,9.13,6.96,7.95,6.97,8.5,7.34,7.73,6.65,6.95,7.23,4.88
2002,6,18,0,0,6,5.49,6.41,4.12,5.69,4.46,5.92,5.25,5.42,4.69,5.01,5.16,1.03
2002,6,19,0,0,4.04,3.74,4.46,2.26,4,2.82,4.04,3.74,3.73,3.27,3.58,3.62,0
2002,6,20,0,6.44,6.85,6.24,7.25,4.98,6.4,5.22,6.73,5.9,6.15,5.31,5.62,5.81,2.04
2002,6,21,5.85,2.62,6.59,6.01,6.99,4.71,6.18,4.98,6.48,5.7,5.92,5.12,5.43,5.61,1.7
2002,6,22,2.4,0,4.09,3.78,4.5,2.3,4.04,2.86,4.09,3.77,3.77,3.3,3.61,3.66,0
2002,6,23,0,1.97,6.14,5.61,6.54,4.26,5.81,4.59,6.05,5.36,5.54,4.79,5.11,5.27,1.18
2002,6,24,8.32,20.95,15.16,13.81,15.77,14.55,13.25,13.64,14.7,12.41,13.22,11.35,11.5,12.12,18.35
2002,6,25,4.53,4.63,9.4,8.55,9.85,7.75,8.53,7.66,9.18,7.89,8.33,7.16,7.45,7.77,6.13
2002,6,26,0.16,5.4,8.24,7.5,8.66,6.46,7.57,6.53,8.06,6.98,7.34,6.32,6.62,6.88,4.11
2002,6,27,1.01,1.03,11.04,10.05,11.53,9.62,9.89,9.31,10.75,9.18,9.72,8.36,8.61,9.02,9.3
2002,6,28,0.93,17.35,14.6,13.3,15.19,13.87,12.8,13.03,14.16,11.97,12.75,10.94,11.1,11.7,17.04
2002,6,29,0.58,12.89,7.08,6.46,7.49,5.22,6.6,5.44,6.95,6.08,6.35,5.48,5.79,5.99,2.36
2002,6,30,0.42,15.46,11.33,10.32,11.83,9.96,10.13,9.61,11.03,9.41,9.97,8.57,8.81,9.24,9.89
2002,7,1,0,0,0.65,0.97,2,0,0.71,0.78,0.93,1.31,0.97,1.06,1.07,0.96,0
2002,7,2,1.05,0,0,0,0,0,0,0,0,0,0,0,0,0,0
2002,7,3,2.49,0,0.36,0.74,1.81,0,0,0.67,0.67,1.13,0.72,0.87,0.84,0.71,0
2002,7,4,0,6.68,7.8,6.45,7.1,5.22,6.92,5.52,7.17,5.95,6.21,5.61,5.89,5.93,2.2
2002,7,5,0,0,0,0.62,1.71,0,0,0.61,0.53,1.03,0.58,0.77,0.72,0.59,0
2002,7,6,0,0.51,5.79,4.9,5.64,3.39,5.32,3.92,5.42,4.64,4.83,4.32,4.6,4.64,0.47
2002,7,7,2.25,0,0,0,0.59,0,0,0.14,0,0,0,0,0,0,0
2002,7,8,5.34,0,2.24,2.16,3.05,0.69,2.29,1.51,2.31,2.31,2.24,2.03,2.21,2.19,0
2002,7,9,3.41,2.68,6.11,5.15,5.88,3.67,5.58,4.17,5.7,4.85,5.05,4.53,4.81,4.85,0.69
2002,7,10,0,0,4.71,4.07,4.85,2.47,4.43,3.12,4.47,3.93,4.06,3.62,3.89,3.92,0.1
2002,7,11,0,8.71,9.64,7.86,8.44,7.01,8.35,7.08,8.77,7.13,7.46,6.79,7.06,7.1,4.33
2002,7,12,4.94,26.22,12.97,10.4,10.82,10.42,10.89,10.04,11.65,9.25,9.68,8.9,9.12,9.15,8.89
2002,7,13,1.95,14.05,9.95,8.09,8.65,7.31,8.59,7.34,9.04,7.33,7.67,6.98,7.25,7.28,4.71
2002,7,14,0,10.23,8.21,6.76,7.4,5.61,7.24,5.86,7.53,6.21,6.49,5.87,6.15,6.2,2.65
2002,7,15,0,1.81,7.41,6.15,6.82,4.85,6.61,5.2,6.83,5.69,5.95,5.36,5.64,5.69,1.81
2002,7,16,4.7,0,0,0.46,1.58,0,0,0.54,0.35,0.88,0,0.64,0.56,0,0
2002,7,17,1.82,5.24,8.47,6.96,7.59,5.86,7.44,6.08,7.76,6.38,6.67,6.04,6.32,6.36,2.94
2002,7,18,1.19,0,5.2,4.45,5.21,2.88,4.84,3.48,4.91,4.26,4.41,3.94,4.22,4.25,0.15
2002,7,19,0,1.27,8.23,6.78,7.42,5.63,7.26,5.88,7.55,6.22,6.51,5.89,6.17,6.21,2.67
2002,7,20,0,6.15,12.33,9.92,10.36,9.75,10.41,9.46,11.1,8.85,9.26,8.49,8.73,8.76,7.96
2002,7,21,2.76,27.71,17.53,13.87,14.05,15.35,14.3,14.3,15.59,12.14,12.66,11.78,11.9,11.89,16.04
2002,7,22,7.73,7.39,4.76,4.11,4.89,2.51,4.47,3.16,4.52,3.97,4.09,3.66,3.92,3.95,0.1
2002,7,23,20.09,1.83,4.6,3.99,4.77,2.39,4.35,3.04,4.38,3.86,3.98,3.55,3.82,3.85,0
2002,7,24,16.9,8.36,10.21,8.29,8.84,7.58,8.79,7.57,9.26,7.49,7.84,7.15,7.41,7.45,5.05
2002,7,25,20.88,11.57,13.63,10.91,11.29,11.13,11.39,10.64,12.23,9.68,10.12,9.32,9.53,9.55,9.88
2002,7,26,7.51,8.61,10.45,8.48,9.02,7.82,8.97,7.78,9.47,7.65,8.01,7.3,7.56,7.6,5.36
2002,7,27,0,15.06,18.38,14.52,14.66,16.3,14.94,15.12,16.33,12.67,13.22,12.32,12.41,12.41,17.46
2002,7,28,0,5.18,10.06,8.18,8.74,7.43,8.67,7.44,9.14,7.4,7.75,7.05,7.32,7.36,4.86
2002,7,29,2.28,8.26,8.49,6.98,7.61,5.88,7.46,6.1,7.78,6.39,6.69,6.05,6.33,6.37,2.96
2002,7,30,5.55,0.89,12.04,9.69,10.16,9.45,10.19,9.19,10.85,8.66,9.06,8.31,8.55,8.58,7.54
2002,7,31,2.4,0,4.46,3.88,4.67,2.27,4.23,2.94,4.26,3.77,3.88,3.46,3.73,3.75,0
2002,8,1,0,3.1,8.53,7.07,8.21,5.85,7.92,6.07,8.24,6.86,7.02,6.11,6.69,6.9,2.83
2002,8,2,2.72,0,8.22,6.83,7.95,5.55,7.64,5.81,7.96,6.64,6.8,5.91,6.49,6.69,2.49
2002,8,3,7.27,8.32,9.62,7.93,9.09,6.91,8.86,7,9.22,7.63,7.78,6.8,7.4,7.64,4.11
2002,8,4,2.96,0,2.98,2.73,3.78,1.12,2.91,1.94,3.19,2.93,2.93,2.54,2.91,2.95,0
2002,8,5,5.42,0,2.03,2.01,3.07,0.52,1.97,1.41,2.31,2.29,2.17,1.91,2.22,2.21,0
2002,8,6,7.44,3.99,8.77,7.26,8.4,6.08,8.13,6.27,8.46,7.03,7.19,6.26,6.85,7.07,3.1
2002,8,7,14.76,0.52,2.17,2.12,3.17,0.61,2.12,1.48,2.44,2.38,2.29,2.01,2.32,2.33,0
2002,8,8,25.77,0,0,0,1.04,0,0,0.29,0,0,0,0,0,0,0
2002,8,9,0,0.33,0.94,1.23,2.35,0.1,0.8,0.94,1.34,1.62,1.24,1.22,1.42,1.33,0
2002,8,10,0,6.12,6.96,5.83,6.93,4.36,6.53,4.77,6.81,5.74,5.9,5.11,5.65,5.82,1.27
2002,8,11,0,0,0,0,0,0,0,0,0,0,0,0,0,0,0
2002,8,12,2.1,0,2.18,2.13,3.18,0.61,2.13,1.49,2.45,2.39,2.3,2.01,2.33,2.34,0
2002,8,13,12.18,9.26,7.43,6.21,7.32,4.8,6.95,5.16,7.25,6.07,6.24,5.41,5.96,6.14,1.7
2002,8,14,0,18.85,15.93,12.88,14.18,13.48,14.24,12.78,14.86,12.1,12.09,10.72,11.42,11.81,13.38
2002,8,15,0,0,0,0,0,0,0,0.1,0,0,0,0,0,0,0
2002,8,16,0,0,5.27,4.51,5.58,2.88,5.03,3.48,5.28,4.54,4.67,4.03,4.51,4.63,0.17
2002,8,17,0,23.32,17.09,13.79,15.12,14.75,15.22,13.9,15.9,12.93,12.87,11.44,12.15,12.56,15.32
2002,8,18,0,13.26,13.06,10.63,11.87,10.42,11.81,10.09,12.31,10.08,10.15,8.95,9.61,9.93,8.86
2002,8,19,0.34,6.66,11.17,9.14,10.34,8.46,10.19,8.36,10.61,8.73,8.85,7.77,8.4,8.68,6.12
2002,8,20,0,0,0,0,0,0,0,0,0,0,0,0,0,0,0
2002,8,21,0,3.14,6.59,5.54,6.64,4.03,6.21,4.48,6.48,5.48,5.63,4.88,5.4,5.56,0.97
2002,8,22,0,7,11.67,9.54,10.75,8.98,10.63,8.82,11.06,9.09,9.2,8.09,8.73,9.01,6.83
2002,8,23,0,0.89,2.96,2.72,3.76,1.11,2.89,1.93,3.16,2.92,2.92,2.52,2.89,2.93,0
2002,8,24,0,0,1.55,1.66,2.73,0.27,1.48,1.18,1.88,1.98,1.77,1.6,1.87,1.84,0
2002,8,25,0,28.25,37.31,31.78,31.24,37.94,31.92,34.38,33.72,27.03,26.06,23.65,24.39,25.3,53.4
2002,8,26,2.25,0.15,6.67,5.61,6.7,4.1,6.28,4.55,6.56,5.53,5.69,4.93,5.46,5.62,1.04
2002,8,27,0,3.24,12.04,9.82,11.04,9.35,10.94,9.15,11.39,9.35,9.45,8.31,8.96,9.26,7.35
2002,8,28,6.01,14.46,14.78,11.98,13.26,12.24,13.27,11.7,13.84,11.29,11.32,10.02,10.7,11.06,11.52
2002,8,29,0,0,0,0,0,0,0,0,0,0,0,0,0,0,0
2002,8,30,0,8.36,8.51,7.05,8.19,5.83,7.9,6.05,8.22,6.84,7,6.1,6.68,6.89,2.81
2002,8,31,4.89,34.89,20.3,16.32,17.71,18.31,17.92,17.05,18.75,15.2,15.01,13.42,14.15,14.62,20.9
2002,9,1,5.27,1.72,6.05,5.14,6.51,3.7,5.57,4.12,6.04,5.21,5.44,4.55,5.22,5.35,0.32
2002,9,2,8.5,4.38,6.14,5.21,6.59,3.78,5.65,4.19,6.13,5.27,5.51,4.62,5.29,5.42,0.38
2002,9,3,25.88,5.28,6.83,5.77,7.16,4.42,6.28,4.76,6.78,5.81,6.07,5.14,5.83,5.96,0.93
2002,9,4,24.65,0.64,5.82,4.95,6.32,3.49,5.36,3.94,5.82,5.03,5.25,4.38,5.04,5.17,0.18
2002,9,5,26.66,0,3.55,3.16,4.49,1.63,3.23,2.33,3.71,3.37,3.34,2.73,3.27,3.34,0
2002,9,6,6.88,0,1.98,2.01,3.38,0.63,1.58,1.49,2.32,2.36,1.86,1.72,2.04,1.97,0
2002,9,7,6.12,0,3.29,2.96,4.3,1.45,2.97,2.17,3.47,3.19,3.11,2.55,3.07,3.12,0
2002,9,8,13.88,0,5.01,4.3,5.65,2.78,4.61,3.32,5.06,4.42,4.58,3.78,4.41,4.52,0
2002,9,9,0,0.44,1.04,1.43,2.86,0.2,0,1.16,1.59,1.89,0.87,1.23,1.32,1.07,0
2002,9,10,0,0,0,0,1.02,0,0,0.3,0,0,0,0,0,0,0
2002,9,11,0,0,2.51,2.38,3.73,0.93,2.17,1.74,2.78,2.68,2.39,2.04,2.45,2.45,0
2002,9,12,0,0.37,4.98,4.28,5.63,2.76,4.58,3.3,5.04,4.4,4.56,3.76,4.39,4.5,0
2002,9,13,2.95,18.95,16.21,13.47,15.09,14.56,14.57,13.84,15.69,13.27,13.29,12.56,12.92,12.95,16.69
2002,9,14,7.88,0,0,0.85,2.42,0,0,0.9,0.84,1.49,0,0.76,0,0,0
2002,9,15,0,0,0,0,1.37,0,0,0.43,0,0.5,0,0,0,0,0
2002,9,16,2.3,0,0,0,1.39,0,0,0.43,0,0.52,0,0,0,0,0
2002,9,17,0.72,2.37,9.34,7.81,9.27,6.91,8.53,6.97,9.15,7.76,8.05,7.08,7.74,7.87,3.97
2002,9,18,2.42,11.65,12.9,10.74,12.29,10.76,11.67,10.42,12.54,10.6,10.79,9.9,10.44,10.53,10
2002,9,19,14.8,1.79,11.12,9.28,10.78,8.8,10.12,8.66,10.85,9.18,9.44,8.49,9.1,9.21,6.81
2002,9,20,22.19,0,1.55,1.73,3.12,0.41,1.04,1.32,1.97,2.12,1.37,1.47,1.7,1.55,0
2002,9,21,17.41,0,2.98,2.73,4.06,1.23,2.66,1.99,3.19,2.98,2.83,2.34,2.82,2.85,0
2002,9,22,0,0,3.62,3.22,4.55,1.69,3.3,2.37,3.78,3.42,3.4,2.78,3.33,3.4,0
2002,9,23,11.94,5.73,8.5,7.12,8.56,6.05,7.79,6.2,8.36,7.1,7.4,6.43,7.11,7.24,2.81
2002,9,24,11.16,10.83,10.64,8.88,10.37,8.28,9.69,8.19,10.39,8.79,9.06,8.1,8.73,8.85,5.99
2002,9,25,17.81,9.78,11.95,9.96,11.49,9.71,10.85,9.48,11.64,9.84,10.07,9.14,9.73,9.83,8.26
2002,9,26,0.1,3.19,8.28,6.95,8.38,5.83,7.59,6.01,8.15,6.94,7.23,6.26,6.94,7.08,2.53
2002,9,27,7.97,1.08,6.43,5.45,6.83,4.05,5.92,4.43,6.41,5.5,5.75,4.84,5.52,5.65,0.59
2002,9,28,4.3,3.29,2.73,2.55,3.89,1.07,2.41,1.85,2.97,2.82,2.6,2.18,2.63,2.64,0
2002,9,29,1.37,0,3.15,2.86,4.2,1.35,2.84,2.09,3.35,3.1,2.99,2.46,2.96,3.01,0
2002,9,30,13.94,0,4.47,3.88,5.23,2.35,4.11,2.94,4.57,4.03,4.14,3.39,4,4.1,0
2002,10,1,2.14,1.56,5.54,5.06,5.96,4.77,5.58,5.32,5.83,4.98,4.88,4.4,4.67,4.68,1.02
2002,10,2,0.62,0,5.78,5.29,6.18,5.09,5.81,5.62,6.1,5.19,5.12,4.63,4.89,4.91,1.34
2002,10,3,3.67,3.93,8.23,7.62,8.37,8.63,8.15,8.92,8.89,7.36,7.58,7.05,7.14,7.25,5.9
2002,10,4,4.26,3.71,7.91,7.32,8.09,8.15,7.85,8.47,8.53,7.08,7.26,6.73,6.84,6.94,5.2
2002,10,5,0,8.93,10.33,9.69,10.3,12.03,10.17,12.08,11.36,9.3,9.77,9.26,9.13,9.35,11.23
2002,10,6,5.83,14.16,14.35,13.72,14.02,19.11,14.05,18.7,16.18,13.1,14.04,13.72,13.02,13.48,23.56
2002,10,7,0,4,9.33,8.7,9.38,10.39,9.21,10.55,10.18,8.37,8.73,8.2,8.18,8.34,8.58
2002,10,8,0,3.39,6.5,5.96,6.81,6.07,6.49,6.54,6.9,5.82,5.83,5.31,5.54,5.58,2.44
2002,10,9,0,2.39,10.9,10.25,10.82,12.99,10.72,12.98,12.03,9.83,10.36,9.88,9.67,9.92,12.82
2002,10,10,0.61,16.01,21.47,21.04,20.69,32.88,20.95,31.62,24.94,20.04,21.83,22.08,20.12,21.08,49.48
2002,10,11,1.51,3.89,14.98,14.36,14.61,20.28,14.66,19.79,16.94,13.7,14.72,14.44,13.64,14.14,25.68
2002,10,12,10.1,9.33,12.43,11.78,12.24,15.65,12.19,15.46,13.86,11.27,11.98,11.56,11.15,11.49,17.38
2002,10,13,16.68,13.14,15.62,15.01,15.2,21.48,15.28,20.91,17.72,14.32,15.41,15.18,14.28,14.82,27.89
2002,10,14,12.61,0,7.39,6.82,7.62,7.37,7.35,7.74,7.93,6.61,6.73,6.2,6.36,6.44,4.11
2002,10,15,3.63,1.17,8.17,7.56,8.32,8.54,8.09,8.83,8.82,7.31,7.52,6.98,7.08,7.19,5.77
2002,10,16,1.83,3.15,10.7,10.06,10.64,12.66,10.53,12.67,11.8,9.64,10.16,9.66,9.49,9.72,12.27
2002,10,17,17.28,0.37,6.46,5.93,6.78,6.02,6.46,6.49,6.87,5.79,5.8,5.28,5.51,5.55,2.38
2002,10,18,5.33,0,2,1.99,3.02,1.03,2.3,1.81,2.14,2.2,1.65,1.51,1.72,1.7,0
2002,10,19,10.67,2.3,7.72,7.13,7.92,7.86,7.67,8.2,8.31,6.91,7.07,6.53,6.67,6.76,4.8
2002,10,20,28.46,5.68,12.9,12.25,12.67,16.48,12.64,16.24,14.42,11.71,12.48,12.08,11.6,11.97,18.85
2002,10,21,11.58,11.19,11.27,10.62,11.17,13.63,11.08,13.57,12.48,10.18,10.76,10.28,10.03,10.3,13.9
2002,10,22,3.24,0,6.14,5.62,6.5,5.58,6.15,6.08,6.5,5.5,5.48,4.97,5.21,5.24,1.86
2002,10,23,1.84,0,4.4,4.02,4.97,3.35,4.5,4,4.58,4.02,3.78,3.37,3.67,3.65,0.1
2002,10,24,0.26,0,3.39,3.13,4.12,2.25,3.56,2.97,3.51,3.22,2.85,2.53,2.81,2.79,0
2002,10,25,0.38,3.18,9,8.37,9.08,9.85,8.89,10.05,9.79,8.06,8.38,7.85,7.86,8.01,7.73
2002,10,26,1.96,3.11,8.51,7.9,8.63,9.07,8.42,9.33,9.22,7.62,7.87,7.34,7.4,7.53,6.56
2002,10,27,11.22,34.06,20.43,19.95,19.7,30.78,19.93,29.65,23.63,19.01,20.67,20.82,19.06,19.95,45.43
2002,10,28,8.06,39.56,26.62,26.39,25.51,43.39,25.98,41.48,31.34,25.13,27.54,28.29,25.31,26.68,69.9
2002,10,29,12.45,0,18.13,17.59,17.55,26.28,17.71,25.42,20.8,16.76,18.15,18.1,16.77,17.49,36.85
2002,10,30,0.1,0,7.18,6.61,7.43,7.05,7.14,7.45,7.68,6.42,6.52,5.98,6.16,6.23,3.68
2002,10,31,2.86,0,4.01,3.67,4.64,2.91,4.14,3.59,4.17,3.71,3.42,3.04,3.34,3.32,0
2002,11,1,13.65,0,1.98,2.25,2.62,2.93,1.96,3.77,2.17,1.98,1.75,1.3,1.48,1.45,0
2002,11,2,2.07,0,4.38,5,5.1,8.92,4.21,9.92,5.31,4.13,3.75,3.11,3.35,3.31,0
2002,11,3,6.94,0,8.24,9.72,9.29,21.49,7.84,22.6,10.8,7.77,7.03,6.3,6.55,6.49,1.59
2002,11,4,4.02,11.71,19.1,23.85,21.7,64.89,18.13,66.56,27.4,18.57,16.45,15.98,16.07,15.89,31.74
2002,11,5,8.47,0.52,4.97,5.69,5.72,10.64,4.76,11.66,6.11,4.67,4.24,3.58,3.82,3.78,0
2002,11,6,1.71,0,2.74,3.09,3.39,4.6,2.67,5.51,3.13,2.65,2.38,1.85,2.06,2.02,0
2002,11,7,7.78,0,4.18,4.75,4.89,8.34,4.02,9.33,5.03,3.94,3.58,2.95,3.19,3.15,0
2002,11,8,1.67,0,5.32,6.12,6.11,11.73,5.1,12.76,6.61,5,4.55,3.86,4.12,4.07,0
2002,11,9,6.47,4.32,8.34,9.85,9.4,21.85,7.93,22.97,10.95,7.87,7.12,6.38,6.64,6.58,1.75
2002,11,10,14.47,0,4.89,5.6,5.64,10.41,4.69,11.43,6.01,4.6,4.18,3.51,3.76,3.72,0
2002,11,11,5.36,0,0.27,0.52,0.97,0.34,0.38,0.84,0.32,0.59,0.38,0.23,0.31,0.27,0
2002,11,12,2.42,0,3.21,3.63,3.88,5.75,3.11,6.69,3.74,3.07,2.77,2.2,2.42,2.39,0
2002,11,13,15.4,0.17,5.75,6.64,6.56,13.07,5.5,14.11,7.21,5.4,4.91,4.21,4.46,4.42,0
2002,11,14,3.82,0.1,7.69,9.04,8.69,19.56,7.32,20.66,10,7.24,6.56,5.83,6.09,6.03,0.86
2002,11,15,1.12,0,11.8,14.27,13.31,34.86,11.21,36.17,16.14,11.26,10.11,9.4,9.62,9.53,9.33
2002,11,16,3.22,0,0,0.1,0.39,0.1,0,0.21,0,0.13,0,0,0,0,0
2002,11,17,2.15,0,1.51,1.75,2.16,2.04,1.53,2.82,1.62,1.59,1.37,0.98,1.15,1.11,0
2002,11,18,0.1,0,0.78,1,1.46,0.91,0.85,1.55,0.81,0.99,0.78,0.52,0.64,0.6,0
2002,11,19,0,0.1,4.51,5.14,5.23,9.28,4.33,10.28,5.47,4.24,3.85,3.21,3.45,3.41,0
2002,11,20,0,0,6.33,7.35,7.19,14.93,6.04,16,8.03,5.94,5.4,4.69,4.94,4.9,0
2002,11,21,0,0,0,0,0,0,0,0,0,0,0,0,0,0,0
2002,11,22,0,0,4.16,4.73,4.87,8.29,4,9.28,5,3.93,3.56,2.93,3.17,3.14,0
2002,11,23,0.26,0,0,0,0.11,0,0,0.1,0,0,0,0,0,0,0
2002,11,24,0,0,0,0.1,0.49,0.1,0,0.3,0,0.21,0.1,0.1,0.1,0.1,0
2002,11,25,0,0,6.94,8.11,7.86,16.99,6.62,18.07,8.91,6.53,5.92,5.2,5.46,5.41,0.17
2002,11,26,0,0,0.73,0.96,1.41,0.84,0.8,1.47,0.75,0.95,0.74,0.49,0.6,0.56,0
2002,11,27,0,0,3.3,3.73,3.96,5.97,3.19,6.92,3.85,3.14,2.84,2.27,2.49,2.45,0
2002,11,28,0,0,0.31,0.55,1.01,0.38,0.41,0.88,0.35,0.62,0.4,0.25,0.33,0.29,0
2002,11,29,0,0,0,0.11,0.51,0.1,0,0.31,0,0.22,0.1,0.1,0.1,0.1,0
2002,11,30,0,0,0,0,0,0,0,0,0,0,0,0,0,0,0
2002,12,1,0,0,2.6,3.6,3.75,8.29,2.7,9.36,3.45,2.7,2.32,1.36,1.69,1.7,0
2002,12,2,0,0,2.87,3.96,4.07,9.37,2.94,10.41,3.81,2.96,2.54,1.5,1.86,1.86,0
2002,12,3,0,0,2.8,3.87,3.99,9.11,2.88,10.14,3.72,2.9,2.49,1.46,1.82,1.82,0
2002,12,4,0.17,0,3.95,5.47,5.45,13.94,3.96,15.06,5.34,4.06,3.5,2.05,2.54,2.53,0
2002,12,5,0,0.84,3.57,4.95,4.97,12.33,3.61,13.42,4.8,3.68,3.17,1.86,2.31,2.3,0
2002,12,6,0,0.87,13.55,19.49,18.1,61.62,12.88,63.17,19.58,14.05,11.98,6.96,8.59,8.39,3.15
2002,12,7,0,0,2.66,3.68,3.82,8.54,2.75,9.6,3.53,2.76,2.37,1.39,1.73,1.74,0
2002,12,8,0,0,5.86,8.2,7.92,22.68,5.75,23.87,8.11,6.03,5.18,3.04,3.75,3.7,0
2002,12,9,0,0,0.97,1.4,1.69,2.46,1.12,3.27,1.24,1.07,0.89,0.5,0.65,0.68,0
2002,12,10,0,0,0,0.1,0.27,0.1,0.1,0.24,0.1,0.1,0.1,0,0,0.1,0
2002,12,11,0,1.19,7.5,10.56,10.07,30.57,7.28,31.88,10.53,7.72,6.63,3.88,4.79,4.71,0
2002,12,12,0,0,0.6,0.92,1.23,1.41,0.75,2.12,0.77,0.71,0.57,0.31,0.41,0.44,0
2002,12,13,0,0,0,0,0,0,0,0,0,0,0,0,0,0,0
2002,12,14,0,0,7.1,9.99,9.54,28.6,6.91,29.9,9.93,7.3,6.28,3.67,4.54,4.46,0
2002,12,15,0,0,0.14,0.32,0.61,0.34,0.25,0.78,0.21,0.24,0.17,0.1,0.11,0.14,0
2002,12,16,0,0,2.38,3.29,3.46,7.43,2.48,8.43,3.13,2.47,2.12,1.24,1.55,1.56,0
2002,12,17,0,0,0,0,0.1,0,0,0.1,0,0,0,0,0,0,0
2002,12,18,0,0,0.38,0.62,0.94,0.84,0.52,1.44,0.49,0.48,0.37,0.19,0.26,0.3,0
2002,12,19,0,0.1,5.83,8.15,7.87,22.51,5.72,23.71,8.05,5.99,5.15,3.02,3.73,3.68,0
2002,12,20,0,4.28,9.98,14.19,13.35,43.02,9.58,44.44,14.22,10.3,8.83,5.14,6.35,6.22,0.1
2002,12,21,0,0,1.01,1.45,1.74,2.58,1.15,3.38,1.28,1.11,0.93,0.53,0.67,0.7,0
2002,12,22,0,0,0.54,0.84,1.15,1.25,0.68,1.92,0.68,0.65,0.52,0.28,0.37,0.4,0
2002,12,23,0,0,0.1,0.1,0.32,0.1,0.1,0.3,0.1,0.1,0.1,0,0.1,0.1,0
2002,12,24,0,0,3.86,5.35,5.34,13.54,3.88,14.69,5.22,3.97,3.42,2.01,2.49,2.47,0
2002,12,25,0,0,4.59,6.37,6.27,16.79,4.56,17.93,6.26,4.72,4.06,2.38,2.95,2.92,0
2002,12,26,0,0,7.94,11.21,10.65,32.77,7.69,34.08,11.19,8.18,7.02,4.1,5.07,4.98,0
2002,12,27,0,0.32,5.79,8.1,7.83,22.35,5.68,23.55,8,5.95,5.12,3,3.71,3.66,0
2002,12,28,0,0,2.74,3.79,3.91,8.86,2.82,9.9,3.63,2.84,2.44,1.43,1.78,1.78,0
2002,12,29,0,0,0.1,0.19,0.45,0.16,0.14,0.5,0.1,0.14,0.1,0.1,0.1,0.1,0
2002,12,30,0,0,0,0,0,0,0,0,0,0,0,0,0,0,0
2002,12,31,0,0,0,0.1,0.22,0.1,0.1,0.17,0,0.1,0,0,0,0,0
2003,1,1,0,0,1.7,2.14,2.16,5.57,1.7,5.84,2.44,1.73,1.58,1.19,1.32,1.34,0
2003,1,2,0,0.4,3.67,4.62,4.48,14.87,3.59,14.54,5.41,3.51,3.26,2.59,2.73,2.8,0
2003,1,3,0,0,3.75,4.72,4.58,15.29,3.67,14.92,5.53,3.58,3.33,2.65,2.78,2.86,0
2003,1,4,0,0,0,0,0.1,0,0,0,0,0.1,0,0,0,0,0
2003,1,5,0,0,0,0,0,0,0,0,0,0,0,0,0,0,0
2003,1,6,0,0,0,0,0,0,0,0,0,0,0,0,0,0,0
2003,1,7,0,0,0,0,0,0,0,0,0,0,0,0,0,0,0
2003,1,8,0,0,4.16,5.25,5.07,17.35,4.06,16.84,6.17,3.95,3.68,2.94,3.08,3.16,0.1
2003,1,9,0,0,0.1,0.1,0.1,0.1,0.1,0.1,0.1,0.1,0.1,0,0.1,0.1,0
2003,1,10,0,0,0.17,0.23,0.3,0.16,0.19,0.37,0.23,0.27,0.2,0.1,0.16,0.15,0
2003,1,11,0,0,1.5,1.89,1.92,4.69,1.5,5,2.14,1.54,1.4,1.04,1.17,1.18,0
2003,1,12,0,0,0,0,0,0,0,0,0,0,0,0,0,0,0
2003,1,13,0,0,0,0,0.1,0,0,0,0,0.1,0,0,0,0,0
2003,1,14,0,0,0.1,0.1,0.1,0.1,0.1,0.1,0.1,0.1,0.1,0,0.1,0.1,0
2003,1,15,0,0,5.25,6.61,6.35,22.93,5.1,21.99,7.82,4.92,4.59,3.71,3.84,3.95,3.02
2003,1,16,0,0,1.1,1.39,1.44,3.05,1.11,3.42,1.55,1.17,1.05,0.76,0.88,0.88,0
2003,1,17,0.13,0,0.16,0.22,0.28,0.14,0.17,0.33,0.21,0.25,0.18,0.1,0.15,0.14,0
2003,1,18,1.11,0,0.53,0.68,0.75,1.04,0.55,1.39,0.73,0.63,0.54,0.35,0.45,0.44,0
2003,1,19,0,0,0.99,1.26,1.31,2.65,1.01,3.02,1.4,1.07,0.96,0.68,0.8,0.8,0
2003,1,20,0,0,0,0,0,0,0,0,0,0,0,0,0,0,0
2003,1,21,0,0,0.3,0.4,0.47,0.44,0.32,0.72,0.41,0.41,0.33,0.19,0.27,0.26,0
2003,1,22,0,0,0.13,0.19,0.24,0.1,0.15,0.26,0.18,0.22,0.16,0.1,0.13,0.11,0
2003,1,23,0,0,0,0,0,0,0,0,0,0,0,0,0,0,0
2003,1,24,0,0,1.38,1.75,1.78,4.22,1.39,4.55,1.97,1.44,1.3,0.96,1.09,1.1,0
2003,1,25,0,0,0,0,0,0,0,0,0,0,0,0,0,0,0
2003,1,26,0,0,0,0,0,0,0,0,0,0,0,0,0,0,0
2003,1,27,0,0,1.6,2.02,2.03,5.11,1.6,5.4,2.29,1.63,1.49,1.12,1.24,1.26,0
2003,1,28,0,0,1.34,1.69,1.72,4.02,1.34,4.36,1.9,1.4,1.26,0.93,1.05,1.06,0
2003,1,29,0,0,0.23,0.32,0.38,0.28,0.26,0.52,0.32,0.33,0.26,0.14,0.21,0.2,0
2003,1,30,0,0,0.6,0.77,0.83,1.26,0.62,1.62,0.82,0.7,0.6,0.4,0.5,0.49,0
2003,1,31,0,0,0.24,0.32,0.39,0.29,0.26,0.53,0.33,0.34,0.27,0.14,0.22,0.2,0
2003,2,1,0,0,0,0,0,0,0,0,0,0,0,0,0,0,0
2003,2,2,0,0,0.64,0.82,0.95,0.55,0.68,0.97,0.83,0.78,0.65,0.52,0.58,0.58,0
2003,2,3,0,0,0.1,0.1,0.1,0,0.1,0.1,0.1,0.1,0.1,0,0.1,0.1,0
2003,2,4,0,0,0.49,0.62,0.73,0.28,0.52,0.63,0.63,0.6,0.49,0.38,0.43,0.42,0
2003,2,5,0,0,1.57,2.18,2.38,3.2,1.75,3.91,2.14,1.87,1.67,1.45,1.52,1.53,0
2003,2,6,0,0,0.1,0.1,0.1,0,0.1,0.1,0.1,0.1,0.1,0,0.1,0,0
2003,2,7,0,0,0.39,0.48,0.58,0.17,0.41,0.44,0.49,0.48,0.39,0.29,0.34,0.33,0
2003,2,8,0,0,0,0,0,0,0,0,0,0,0,0,0,0,0
2003,2,9,0,0.12,1.4,1.92,2.12,2.63,1.55,3.31,1.89,1.67,1.48,1.28,1.35,1.36,0
2003,2,10,0,0,0.54,0.68,0.8,0.38,0.58,0.75,0.69,0.66,0.55,0.42,0.48,0.48,0
2003,2,11,0,0,0.76,0.99,1.14,0.82,0.83,1.31,0.99,0.92,0.79,0.64,0.7,0.7,0
2003,2,12,0,0,1.23,1.67,1.86,2.09,1.36,2.73,1.65,1.47,1.3,1.11,1.18,1.18,0
2003,2,13,0.1,0,0,0,0,0,0,0,0,0,0,0,0,0,0
2003,2,14,0.39,0.1,2.69,3.95,4.21,7.65,3.07,8.38,3.82,3.24,2.95,2.64,2.71,2.73,0.11
2003,2,15,0.47,0.1,2.41,3.5,3.75,6.47,2.73,7.2,3.39,2.9,2.63,2.34,2.41,2.43,0
2003,2,16,0,0,1.08,1.45,1.62,1.62,1.19,2.23,1.44,1.29,1.13,0.95,1.02,1.02,0
2003,2,17,1.51,0,0.73,0.94,1.07,0.73,0.79,1.21,0.94,0.87,0.75,0.6,0.66,0.66,0
2003,2,18,3.61,0,0.1,0.1,0.1,0,0.1,0.1,0.1,0.1,0.1,0.1,0.1,0.1,0
2003,2,19,0,0,0,0,0,0,0,0,0,0,0,0,0,0,0
2003,2,20,10.17,0,0,0,0,0,0,0,0,0,0,0,0,0,0
2003,2,21,5.19,0,0.29,0.36,0.45,0.1,0.3,0.26,0.37,0.38,0.28,0.21,0.25,0.24,0
2003,2,22,1.77,0.85,2.65,3.86,4.13,7.44,3.01,8.17,3.74,3.18,2.89,2.59,2.66,2.68,0.1
2003,2,23,0.61,3.97,3.05,4.5,4.79,9.22,3.49,9.91,4.35,3.67,3.36,3.02,3.09,3.12,0.44
2003,2,24,0.29,0,0.21,0.25,0.32,0.1,0.22,0.16,0.26,0.28,0.2,0.13,0.17,0.16,0
2003,2,25,2.27,0,0.53,0.68,0.79,0.37,0.57,0.74,0.68,0.65,0.54,0.42,0.48,0.47,0
2003,2,26,2.43,0,0.71,0.93,1.06,0.71,0.77,1.18,0.93,0.86,0.73,0.59,0.65,0.65,0
2003,2,27,2.15,0,0,0,0,0,0,0,0,0,0,0,0,0,0
2003,2,28,4.24,0,0,0.1,0.1,0,0,0,0.1,0.1,0,0,0,0,0
2003,3,1,0.92,0,1.03,1.04,1.18,0.87,0.95,1.29,1.16,1.12,0.98,0.89,0.94,0.93,0
2003,3,2,1.09,0.34,4.72,4.52,4.86,7.13,4.15,7.18,5.57,4.18,4.12,4.6,4.3,4.34,0.35
2003,3,3,0,0.47,3.04,2.93,3.18,3.99,2.7,4.34,3.52,2.8,2.69,2.86,2.75,2.77,0
2003,3,4,0,0.1,5.72,5.47,5.84,9.11,5.01,8.94,6.8,5.02,4.97,5.65,5.23,5.28,2.88
2003,3,5,0,0,1.67,1.64,1.81,1.73,1.51,2.18,1.89,1.66,1.52,1.49,1.5,1.5,0
2003,3,6,0,0.58,2.98,2.88,3.13,3.91,2.65,4.26,3.46,2.76,2.65,2.81,2.7,2.72,0
2003,3,7,0.1,17.8,7.96,7.63,8.14,13.69,6.93,13.09,9.63,6.89,6.9,8.07,7.36,7.45,12.58
2003,3,8,0,0,2.13,2.05,2.25,2.47,1.91,2.87,2.4,2.04,1.89,1.93,1.89,1.9,0
2003,3,9,0.1,0,0.54,0.57,0.68,0.32,0.51,0.65,0.61,0.69,0.55,0.45,0.51,0.5,0
2003,3,10,0,0,0,0,0,0,0,0,0,0,0,0,0,0,0
2003,3,11,0,0,0.1,0.1,0.1,0.1,0.1,0.1,0.1,0.17,0.1,0.1,0.1,0.1,0
2003,3,12,0,1.71,4.5,4.33,4.66,6.73,3.97,6.86,5.32,4.03,3.95,4.39,4.12,4.15,0.1
2003,3,13,0,4.63,5.48,5.25,5.63,8.63,4.81,8.55,6.52,4.82,4.78,5.41,5.02,5.07,2.11
2003,3,14,0,2.48,8.06,7.73,8.24,13.92,7.02,13.26,9.76,6.97,6.99,8.19,7.46,7.54,13.1
2003,3,15,0,9.43,10.25,9.84,10.49,18.58,8.89,17.48,12.53,8.83,8.88,10.57,9.55,9.66,25.26
2003,3,16,0,0.61,2.9,2.79,3.04,3.78,2.58,4.12,3.34,2.69,2.57,2.71,2.61,2.63,0
2003,3,17,0,0,3.66,3.52,3.81,5.14,3.24,5.39,4.27,3.33,3.22,3.49,3.32,3.34,0
2003,3,18,1.4,0,0.6,0.63,0.74,0.36,0.57,0.71,0.68,0.74,0.61,0.5,0.56,0.55,0
2003,3,19,2.49,0,4.23,4.04,4.35,6.21,3.73,6.33,4.95,3.79,3.69,4.08,3.83,3.87,0.1
2003,3,20,0,0.1,3.42,3.27,3.52,4.69,3.03,4.93,3.96,3.11,3,3.24,3.08,3.11,0
2003,3,21,5.72,0.1,2.71,2.6,2.81,3.43,2.41,3.76,3.1,2.52,2.39,2.51,2.42,2.44,0
2003,3,22,0,6.87,11.91,11.42,12.17,22.17,10.32,20.66,14.62,10.24,10.29,12.37,11.13,11.25,35.09
2003,3,23,0,4.1,5.9,5.64,6.05,9.49,5.17,9.33,7.02,5.19,5.12,5.84,5.4,5.45,3.49
2003,3,24,0,0,0,0,0,0,0,0,0,0,0,0,0,0,0
2003,3,25,0,0,0.1,0.11,0.19,0.1,0.1,0.16,0.1,0.26,0.12,0.1,0.1,0.1,0
2003,3,26,9.88,0,0.1,0.1,0.1,0,0.1,0.1,0.1,0.12,0.1,0.1,0.1,0.1,0
2003,3,27,7.75,0,0.58,0.61,0.72,0.35,0.55,0.69,0.65,0.72,0.59,0.49,0.54,0.53,0
2003,3,28,8.33,0,0.19,0.25,0.32,0.1,0.19,0.26,0.24,0.36,0.25,0.17,0.21,0.2,0
2003,3,29,0,0,0,0,0.1,0,0,0.1,0,0.1,0,0,0,0,0
2003,3,30,9.04,0,0,0,0,0,0,0,0,0,0,0,0,0,0
2003,3,31,11.22,0,0,0,0,0,0,0,0,0,0,0,0,0,0
2003,4,1,1.84,0,0,0,0,0,0,0,0,0,0,0,0,0,0
2003,4,2,0.29,0,0.21,0.37,0.68,0.1,0.2,0.47,0.4,0.55,0.45,0.27,0.31,0.33,0
2003,4,3,0,0.11,8.33,7.34,8.38,9.5,7.84,9.74,8.07,6.84,6.51,6.33,6.42,6.61,3.78
2003,4,4,0,2.22,3.99,3.58,4.3,3.52,3.76,4.34,3.98,3.5,3.35,3.04,3.16,3.27,0
2003,4,5,0,1.98,1.08,0.99,1.44,0.49,1.02,1.15,1.14,1.17,1.06,0.81,0.9,0.94,0
2003,4,6,0,0,0,0,0.1,0,0,0.1,0,0.1,0.1,0,0,0,0
2003,4,7,0,0,7.33,6.53,7.48,7.97,6.9,8.45,7.17,6.1,5.83,5.6,5.7,5.88,1.72
2003,4,8,0,3.97,13.6,12.1,13.46,17.5,12.8,16.87,13.15,10.99,10.42,10.48,10.47,10.77,18.54
2003,4,9,0,17.39,4.24,3.78,4.5,3.78,4,4.57,4.21,3.66,3.51,3.21,3.33,3.45,0
2003,4,10,0,0,0.1,0.1,0.32,0,0.1,0.24,0.1,0.26,0.13,0.1,0.1,0.1,0
2003,4,11,0,0,0.1,0.1,0.34,0,0.1,0.25,0.1,0.27,0.14,0.1,0.1,0.1,0
2003,4,12,0,0,0,0,0,0,0,0,0,0,0,0,0,0,0
2003,4,13,0,0,0,0,0,0,0,0.1,0,0,0,0,0,0,0
2003,4,14,0,0,0.96,0.9,1.3,0.4,0.91,1.03,1.04,1.06,0.97,0.74,0.82,0.86,0
2003,4,15,6.07,0,2.06,1.83,2.33,1.33,1.94,2.08,2.08,1.9,1.82,1.54,1.65,1.71,0
2003,4,16,7.75,0.69,9.3,8.27,9.34,10.88,8.76,10.97,9.06,7.62,7.28,7.13,7.2,7.42,6.02
2003,4,17,2.78,0,5.79,5.14,5.98,5.82,5.45,6.47,5.69,4.88,4.67,4.4,4.52,4.66,0
2003,4,18,0,0,1.84,1.66,2.14,1.1,1.73,1.8,1.89,1.74,1.67,1.39,1.49,1.55,0
2003,4,19,0,5.22,1.74,1.59,2.06,0.99,1.63,1.71,1.8,1.67,1.6,1.32,1.42,1.48,0
2003,4,20,0,0,0,0,0.1,0,0,0.1,0,0.1,0,0,0,0,0
2003,4,21,0,0,0.69,0.71,1.04,0.2,0.65,0.74,0.81,0.85,0.78,0.57,0.63,0.67,0
2003,4,22,0,0,2.17,1.92,2.46,1.45,2.04,2.22,2.18,2,1.89,1.61,1.72,1.79,0
2003,4,23,20.13,0,0,0.1,0.1,0,0,0.1,0,0.1,0.1,0,0,0,0
2003,4,24,6.47,0,0,0,0,0,0,0,0,0,0,0,0,0,0
2003,4,25,0,0,0,0,0,0,0,0,0,0,0,0,0,0,0
2003,4,26,0.31,0,0,0,0,0,0,0.1,0,0,0,0,0,0,0
2003,4,27,1.19,0,0.1,0.1,0.33,0,0.1,0.24,0.1,0.27,0.14,0.1,0.1,0.1,0
2003,4,28,1.48,1.37,1.76,1.61,2.08,1.02,1.66,1.73,1.82,1.69,1.61,1.34,1.44,1.5,0
2003,4,29,0,0,0,0,0.1,0,0,0.1,0,0.1,0,0,0,0,0
2003,4,30,0.59,0,1.2,1.13,1.58,0.58,1.13,1.28,1.27,1.29,1.19,0.92,1,1.05,0
2003,5,1,0,0,2.46,2.38,3,1.18,2.57,1.91,2.72,2.5,2.42,1.98,2.27,2.3,0
2003,5,2,0.67,0,2.48,2.39,3.01,1.19,2.58,1.91,2.73,2.51,2.43,1.98,2.28,2.31,0
2003,5,3,0,0,0.69,0.98,1.52,0.1,0.88,0.87,1.11,1.22,0.9,0.74,0.93,0.84,0
2003,5,4,0.1,0,0.5,0.83,1.36,0.1,0.7,0.78,0.94,1.08,0.73,0.61,0.78,0.68,0
2003,5,5,9.26,0,0,0.45,0.96,0,0,0.55,0.5,0.74,0.31,0.27,0.41,0.27,0
2003,5,6,2.96,11.53,8.27,7.85,8.06,7.22,7.87,7.27,8.28,7.3,7.64,6.5,6.91,7.35,2.2
2003,5,7,0,31.88,14.65,14.43,13.76,15.7,13.53,14.66,14.53,12.99,13.49,11.75,12.09,13.01,14.3
2003,5,8,1.09,44.36,13.32,13.02,12.56,13.86,12.36,13.05,13.23,11.78,12.28,10.65,11.01,11.83,11.38
2003,5,9,4.1,22.27,16.81,16.69,15.66,18.77,15.42,17.32,16.67,14.9,15.49,13.56,13.87,14.94,19.2
2003,5,10,10.99,17.37,14.78,14.58,13.89,15.88,13.64,14.82,14.68,13.11,13.61,11.87,12.21,13.13,14.6
2003,5,11,0.1,0,9.81,9.41,9.45,9.16,9.25,8.97,9.78,8.68,9.05,7.75,8.15,8.71,4.57
2003,5,12,27.81,0.91,8.84,8.46,8.61,7.92,8.38,7.9,8.86,7.84,8.17,6.98,7.38,7.86,3.06
2003,5,13,8.58,0,2.2,2.16,2.77,1,2.32,1.74,2.48,2.3,2.19,1.79,2.07,2.08,0
2003,5,14,34.95,2.83,7.72,7.34,7.61,6.55,7.38,6.69,7.77,6.87,7.16,6.08,6.48,6.88,1.51
2003,5,15,18.97,14.76,14.53,14.28,13.64,15.53,13.42,14.51,14.41,12.86,13.38,11.65,12,12.9,14
2003,5,16,8.04,0.1,6.03,5.63,6.08,4.59,5.85,4.97,6.09,5.39,5.6,4.69,5.09,5.37,0.1
2003,5,17,27.54,1.56,15.59,15.4,14.57,17.03,14.35,15.8,15.47,13.8,14.37,12.54,12.87,13.86,16.36
2003,5,18,9.69,0,4.06,3.81,4.38,2.54,4.06,3.14,4.24,3.77,3.85,3.18,3.54,3.68,0
2003,5,19,2.68,4.14,11.8,11.46,11.21,11.78,11.01,11.23,11.75,10.42,10.88,9.4,9.78,10.48,8.23
2003,5,20,16.37,11.73,11.52,11.19,10.98,11.4,10.76,10.89,11.48,10.19,10.63,9.18,9.56,10.24,7.74
2003,5,21,8.46,1.62,6.4,6.02,6.43,4.99,6.18,5.33,6.48,5.73,5.94,5.01,5.4,5.7,0.15
2003,5,22,8.12,22.99,18.94,18.97,17.57,21.88,17.3,20,18.79,16.84,17.47,15.37,15.63,16.86,24.29
2003,5,23,11.16,12.54,5.83,5.44,5.89,4.37,5.67,4.77,5.91,5.21,5.42,4.54,4.93,5.2,0
2003,5,24,14.61,9.72,6.53,6.16,6.55,5.15,6.3,5.45,6.61,5.84,6.07,5.12,5.52,5.83,0.29
2003,5,25,5.28,40.87,23.96,24.37,22.03,29.37,21.68,26.51,23.75,21.39,22.1,19.62,19.73,21.37,37.1
2003,5,26,0.94,26.99,15.44,15.25,14.44,16.81,14.22,15.6,15.32,13.66,14.23,12.42,12.75,13.72,15.98
2003,5,27,4.75,1.46,10.11,9.75,9.74,9.54,9.51,9.31,10.11,8.96,9.35,8.03,8.42,8.99,5.16
2003,5,28,1.7,5.02,9.92,9.54,9.56,9.3,9.34,9.1,9.9,8.78,9.14,7.85,8.25,8.8,4.79
2003,5,29,0,0,5.18,4.85,5.36,3.65,5.08,4.15,5.3,4.7,4.84,4.04,4.42,4.64,0
2003,5,30,0,0,0,0,0,0,0,0.1,0,0,0,0,0,0,0
2003,5,31,5,0,2.01,2,2.61,0.87,2.14,1.62,2.3,2.15,2.03,1.65,1.93,1.93,0
2003,6,1,10.07,0,0,0,0,0,0,0.1,0,0,0,0,0,0,0
2003,6,2,0.45,0,0,0,0,0,0,0.1,0,0,0,0,0,0,0
2003,6,3,0.69,0,0.37,0.64,1.16,0,0.62,0.6,0.58,1.15,0.52,0.65,0.81,0.63,0
2003,6,4,0,0,1.96,1.93,2.49,0.66,2.14,1.37,2.06,2.2,1.92,1.76,2.03,1.96,0
2003,6,5,4.3,0,0,0,0,0,0,0.18,0,0.34,0,0,0,0,0
2003,6,6,2.74,2.83,0,0,0.67,0,0,0.39,0,0.76,0,0,0,0,0
2003,6,7,2.3,0,0,0,0,0,0,0.22,0,0.41,0,0,0,0,0
2003,6,8,0.1,0,0,0,0.55,0,0,0.34,0,0.67,0,0,0,0,0
2003,6,9,0.26,0,0,0,0.31,0,0,0.24,0,0.47,0,0,0,0,0
2003,6,10,0.21,0,0.82,1.01,1.53,0.1,1.06,0.79,1,1.45,0.92,0.97,1.17,1.02,0
2003,6,11,0,0,2.99,2.81,3.44,1.38,3.07,2.03,3.03,2.94,2.82,2.5,2.8,2.78,0
2003,6,12,0,0,2.2,2.14,2.71,0.81,2.36,1.52,2.29,2.37,2.13,1.94,2.21,2.15,0
2003,6,13,0,0,0,0,0.33,0,0,0.25,0,0.48,0,0,0,0,0
2003,6,14,0,0,0,0,0.72,0,0,0.41,0,0.8,0,0.29,0,0,0
2003,6,15,0,0,0,0,0,0,0,0,0,0,0,0,0,0,0
2003,6,16,5.57,0,0,0,0,0,0,0.1,0,0,0,0,0,0,0
2003,6,17,0,0,0.48,0.73,1.25,0,0.73,0.65,0.68,1.22,0.62,0.73,0.9,0.73,0
2003,6,18,1.65,0,2.98,2.8,3.43,1.37,3.06,2.03,3.02,2.94,2.81,2.49,2.79,2.78,0
2003,6,19,7.36,0,0,0,0.34,0,0,0.26,0,0.49,0,0,0,0,0
2003,6,20,0,1.85,3.91,3.62,4.33,2.14,3.88,2.71,3.91,3.63,3.61,3.17,3.48,3.52,0
2003,6,21,5.15,0,3.23,3.02,3.67,1.57,3.28,2.21,3.26,3.12,3.02,2.67,2.98,2.98,0
2003,6,22,13.34,4.35,6.37,5.81,6.77,4.48,6,4.79,6.27,5.53,5.74,4.96,5.28,5.44,1.44
2003,6,23,17.26,4.23,12.29,11.19,12.81,11.09,10.91,10.6,11.95,10.16,10.79,9.27,9.49,9.97,11.91
2003,6,24,19.05,8.28,12.19,11.09,12.71,10.97,10.83,10.49,11.85,10.08,10.7,9.19,9.42,9.89,11.68
2003,6,25,0,7.66,4.86,4.46,5.26,3,4.71,3.48,4.82,4.36,4.43,3.86,4.18,4.26,0.13
2003,6,26,0,0,1.91,1.89,2.44,0.63,2.09,1.34,2.01,2.16,1.88,1.73,1.99,1.92,0
2003,6,27,1.23,1.4,3.07,2.88,3.52,1.45,3.14,2.09,3.11,3.01,2.89,2.56,2.86,2.85,0
2003,6,28,4.19,0,4.7,4.32,5.11,2.86,4.57,3.35,4.67,4.24,4.3,3.75,4.07,4.14,0.1
2003,6,29,0.76,3.74,6.5,5.93,6.9,4.62,6.11,4.91,6.4,5.63,5.85,5.06,5.37,5.54,1.59
2003,6,30,7.32,1.45,7.49,6.82,7.9,5.65,6.94,5.82,7.34,6.4,6.69,5.77,6.08,6.31,2.93
2003,7,1,10.07,0,0.46,0.82,1.88,0,0.52,0.7,0.76,1.19,0.8,0.94,0.92,0.8,0
2003,7,2,0,0,0.75,1.05,2.06,0.1,0.81,0.81,1.02,1.38,1.05,1.12,1.15,1.04,0
2003,7,3,0.8,0,2.61,2.45,3.32,0.92,2.64,1.73,2.64,2.55,2.52,2.27,2.47,2.47,0
2003,7,4,0.86,2.49,3.94,3.48,4.29,1.86,3.79,2.58,3.81,3.43,3.51,3.13,3.38,3.4,0
2003,7,5,0.73,1.36,0.72,1.03,2.05,0,0.79,0.8,1,1.36,1.03,1.1,1.13,1.02,0
2003,7,6,5.27,7.17,7.62,6.31,6.97,5.05,6.78,5.38,7.02,5.83,6.09,5.49,5.78,5.82,2.02
2003,7,7,6.75,12.48,7.66,6.34,7,5.09,6.81,5.41,7.05,5.86,6.12,5.52,5.8,5.85,2.06
2003,7,8,0.72,0,0,0.4,1.54,0,0,0.52,0,0.84,0,0.59,0.5,0,0
2003,7,9,6.17,0,0,0,0.74,0,0,0.19,0,0,0,0,0,0,0
2003,7,10,0,0,4.41,3.84,4.63,2.23,4.19,2.91,4.22,3.74,3.85,3.43,3.69,3.72,0
2003,7,11,0,2.24,7.54,6.25,6.92,4.98,6.72,5.31,6.95,5.78,6.04,5.44,5.73,5.77,1.95
2003,7,12,14.26,9.08,9.35,7.64,8.23,6.72,8.13,6.83,8.52,6.95,7.27,6.6,6.87,6.91,3.97
2003,7,13,14.33,20.03,14.98,11.94,12.25,12.57,12.4,11.9,13.39,10.53,11,10.17,10.35,10.37,11.95
2003,7,14,3.17,91.24,30.94,24.02,23.42,30.68,24.09,27.56,27.1,20.49,21.24,20.17,19.87,19.75,39.79
2003,7,15,6.48,9.19,24.57,19.21,18.99,23.3,19.48,21.17,21.65,16.54,17.19,16.2,16.11,16.05,28.17
2003,7,16,2.27,0,2.43,2.31,3.2,0.81,2.47,1.63,2.48,2.44,2.39,2.16,2.35,2.34,0
2003,7,17,25.44,7.22,9.78,7.97,8.53,7.15,8.46,7.2,8.89,7.22,7.56,6.87,7.14,7.18,4.5
2003,7,18,10.2,2.53,8.27,6.81,7.45,5.67,7.29,5.92,7.59,6.25,6.54,5.91,6.19,6.24,2.72
2003,7,19,8.81,0.75,6.9,5.76,6.45,4.38,6.21,4.79,6.39,5.37,5.6,5.03,5.32,5.36,1.34
2003,7,20,0,3.66,5.08,4.36,5.12,2.78,4.74,3.39,4.8,4.18,4.32,3.86,4.13,4.17,0.11
2003,7,21,22.95,37.03,29.53,22.96,22.46,29.04,23.08,26.16,25.9,19.62,20.35,19.3,19.05,18.94,37.23
2003,7,22,8.78,3.26,7.39,6.13,6.81,4.84,6.6,5.19,6.82,5.68,5.93,5.35,5.63,5.67,1.79
2003,7,23,0.95,0,0,0,0,0,0,0.1,0,0,0,0,0,0,0
2003,7,24,0.17,1.47,7.23,6.01,6.69,4.68,6.46,5.05,6.67,5.57,5.82,5.24,5.53,5.57,1.63
2003,7,25,6.89,12.32,9.3,7.6,8.19,6.67,8.09,6.79,8.48,6.91,7.24,6.57,6.84,6.88,3.91
2003,7,26,0,0,0,0,1.33,0,0,0.42,0,0.62,0,0.39,0,0,0
2003,7,27,0,0,2.32,2.23,3.12,0.74,2.37,1.56,2.39,2.37,2.31,2.09,2.27,2.26,0
2003,7,28,4.14,6.18,9.13,7.47,8.06,6.5,7.95,6.64,8.33,6.8,7.12,6.46,6.73,6.77,3.7
2003,7,29,7.86,12.56,12.55,10.08,10.52,9.98,10.57,9.66,11.29,8.99,9.4,8.63,8.86,8.89,8.28
2003,7,30,11.32,0.6,8.11,6.68,7.33,5.51,7.16,5.77,7.44,6.14,6.42,5.8,6.09,6.13,2.53
2003,7,31,14.4,0,3.16,2.87,3.72,1.29,3.12,2.07,3.12,2.91,2.93,2.62,2.85,2.86,0
2003,8,1,0.86,0,2.99,2.74,3.79,1.13,2.92,1.95,3.2,2.94,2.94,2.54,2.92,2.96,0
2003,8,2,6.67,0.1,0,0,0.86,0,0,0.23,0,0,0,0,0,0,0
2003,8,3,9.95,0,1.6,1.7,2.77,0.3,1.53,1.2,1.92,2.01,1.82,1.63,1.91,1.88,0
2003,8,4,16.46,0,0,0.66,1.88,0,0,0.67,0.58,1.15,0,0.67,0.77,0.63,0
2003,8,5,44.11,0,4.65,4.03,5.08,2.37,4.47,3.03,4.71,4.1,4.21,3.63,4.08,4.18,0.1
2003,8,6,4.87,0,2.29,2.21,3.26,0.68,2.24,1.55,2.55,2.46,2.38,2.08,2.41,2.42,0
2003,8,7,8.35,0.36,4.95,4.26,5.32,2.62,4.74,3.25,4.99,4.32,4.44,3.82,4.29,4.4,0.1
2003,8,8,0,0.72,4.04,3.55,4.6,1.89,3.9,2.61,4.15,3.67,3.75,3.23,3.66,3.74,0
2003,8,9,1.25,0,5.95,5.04,6.12,3.46,5.64,3.99,5.9,5.02,5.17,4.46,4.97,5.11,0.52
2003,8,10,15.15,0,6.51,5.48,6.57,3.96,6.14,4.42,6.41,5.42,5.57,4.82,5.35,5.5,0.91
2003,8,11,31.17,0,0,0,0.95,0,0,0.26,0,0,0,0,0,0,0
2003,8,12,6.59,0,4.97,4.27,5.34,2.63,4.76,3.26,5.01,4.33,4.45,3.83,4.3,4.41,0.1
2003,8,13,6.54,11.41,9.65,7.95,9.11,6.93,8.89,7.03,9.25,7.65,7.8,6.82,7.42,7.66,4.14
2003,8,14,6.75,6.23,5.52,4.71,5.78,3.1,5.26,3.67,5.51,4.72,4.86,4.19,4.68,4.81,0.28
2003,8,15,0.48,0,2.92,2.69,3.73,1.08,2.86,1.9,3.13,2.89,2.89,2.5,2.87,2.9,0
2003,8,16,3.84,0,2.46,2.33,3.38,0.78,2.41,1.64,2.71,2.58,2.52,2.19,2.53,2.55,0
2003,8,17,4.8,9.41,12.51,10.19,11.42,9.84,11.34,9.58,11.81,9.68,9.77,8.61,9.26,9.57,8.03
2003,8,18,3.04,0,0,0,0.58,0,0,0.13,0,0,0,0,0,0,0
2003,8,19,11.85,0,0,0,0,0,0,0.1,0,0,0,0,0,0,0
2003,8,20,0,0,0,0,0.83,0,0,0.22,0,0,0,0,0,0,0
2003,8,21,0,5.34,3.82,3.38,4.43,1.73,3.71,2.47,3.96,3.52,3.59,3.09,3.51,3.58,0
2003,8,22,2.14,8.54,7.88,6.56,7.68,5.23,7.35,5.53,7.65,6.4,6.56,5.7,6.26,6.46,2.14
2003,8,23,6.49,7.63,4.52,3.92,4.98,2.26,4.35,2.94,4.59,4.01,4.11,3.54,3.99,4.09,0
2003,8,24,30.45,4.56,7.84,6.53,7.65,5.19,7.31,5.5,7.62,6.37,6.53,5.68,6.24,6.43,2.1
2003,8,25,13.05,23.51,13.68,11.11,12.37,11.07,12.34,10.66,12.86,10.51,10.57,9.33,10,10.34,9.8
2003,8,26,1.36,24.58,16.64,13.44,14.76,14.26,14.85,13.47,15.5,12.61,12.57,11.17,11.87,12.27,14.57
2003,8,27,0.62,10.19,9.96,8.19,9.36,7.24,9.16,7.3,9.53,7.87,8.02,7.01,7.62,7.87,4.53
2003,8,28,10.66,5.69,2.27,2.19,3.24,0.66,2.22,1.54,2.53,2.45,2.36,2.07,2.39,2.4,0
2003,8,29,3.74,5.85,4.36,3.8,4.86,2.14,4.21,2.83,4.45,3.9,3.99,3.44,3.88,3.98,0
2003,8,30,6.94,9.51,12.63,10.29,11.52,9.97,11.45,9.69,11.92,9.77,9.86,8.68,9.34,9.65,8.22
2003,8,31,0.8,0,0,0,0.69,0,0,0.17,0,0,0,0,0,0,0
2003,9,1,1.85,0,0.85,1.31,2.76,0.11,0,1.1,1.43,1.8,0,1.13,1.16,0.89,0
2003,9,2,3.82,0.1,1.28,1.58,2.98,0.3,0.78,1.23,1.77,2,1.11,1.35,1.52,1.3,0
2003,9,3,11.41,0,6.18,5.24,6.62,3.82,5.69,4.22,6.17,5.31,5.55,4.65,5.32,5.45,0.41
2003,9,4,0,15.6,17.79,14.78,16.43,16.44,15.94,15.54,17.2,14.55,14.47,13.84,14.1,14.1,20.16
2003,9,5,0,0,0,0,0,0,0,0,0,0,0,0,0,0,0
2003,9,6,0,0,1.63,1.78,3.16,0.45,1.14,1.35,2.03,2.17,1.47,1.52,1.77,1.64,0
2003,9,7,4.69,0,7.38,6.22,7.63,4.95,6.79,5.23,7.3,6.23,6.52,5.57,6.25,6.39,1.48
2003,9,8,0,0,4.67,4.04,5.38,2.5,4.3,3.08,4.75,4.17,4.3,3.53,4.15,4.26,0
2003,9,9,2.48,0,0,0,0,0,0,0.14,0,0,0,0,0,0,0
2003,9,10,0,2.05,7.55,6.35,7.76,5.11,6.93,5.37,7.46,6.36,6.65,5.69,6.38,6.51,1.66
2003,9,11,0,29.85,19.99,16.61,18.29,19.08,17.85,17.93,19.29,16.33,16.1,15.63,15.74,15.68,25.18
2003,9,12,0,3.05,8.21,6.89,8.32,5.76,7.53,5.95,8.09,6.88,7.17,6.2,6.89,7.02,2.44
2003,9,13,1.08,13.24,19.89,16.52,18.2,18.96,17.76,17.81,19.19,16.25,16.02,15.54,15.66,15.61,24.93
2003,9,14,5.2,14.65,13.59,11.3,12.87,11.53,12.28,11.12,13.19,11.15,11.31,10.45,10.96,11.03,11.32
2003,9,15,9.44,12.95,11.93,9.94,11.46,9.68,10.82,9.45,11.61,9.82,10.05,9.12,9.71,9.81,8.21
2003,9,16,4.26,11.14,10.31,8.61,10.1,7.93,9.4,7.88,10.08,8.54,8.81,7.85,8.49,8.61,5.47
2003,9,17,6.2,0,0,0,0.98,0,0,0.29,0,0,0,0,0,0,0
2003,9,18,3.66,0,6.99,5.89,7.29,4.57,6.43,4.89,6.93,5.93,6.2,5.26,5.95,6.08,1.08
2003,9,19,0.76,1.67,12.42,10.35,11.89,10.23,11.26,9.94,12.09,10.22,10.43,9.52,10.08,10.18,9.11
2003,9,20,4.01,1.94,12.74,10.6,12.15,10.58,11.53,10.26,12.38,10.47,10.67,9.77,10.32,10.41,9.69
2003,9,21,3.84,5.62,16.38,13.61,15.23,14.76,14.71,14.02,15.85,13.4,13.41,12.69,13.05,13.07,17.06
2003,9,22,0,8.02,13.2,10.98,12.54,11.1,11.94,10.72,12.82,10.84,11.02,10.14,10.67,10.75,10.57
2003,9,23,0,11.58,12.96,10.79,12.34,10.83,11.73,10.48,12.6,10.65,10.84,9.95,10.49,10.57,10.12
2003,9,24,2.21,0,0,0,1.52,0,0,0.48,0,0.62,0,0,0,0,0
2003,9,25,7.64,0,0,0,1,0,0,0.3,0,0,0,0,0,0,0
2003,9,26,1.31,0,0,0,0,0,0,0,0,0,0,0,0,0,0
2003,9,27,8.89,0,0,0,0,0,0,0,0,0,0,0,0,0,0
2003,9,28,22.06,0,0,0,0,0,0,0,0,0,0,0,0,0,0
2003,9,29,37.96,0,0,0,0,0,0,0,0,0,0,0,0,0,0
2003,9,30,7.35,1.4,3.96,3.48,4.81,1.94,3.62,2.59,4.09,3.66,3.7,3.02,3.59,3.68,0
2003,10,1,2.19,0,2.15,2.11,3.13,1.15,2.44,1.92,2.28,2.3,1.77,1.61,1.83,1.81,0
2003,10,2,4.39,0,0,0,0,0,0,0.1,0,0,0,0,0,0,0
2003,10,3,9.24,0,0,0,0,0,0,0,0,0,0,0,0,0,0
2003,10,4,8.29,0,1.94,1.94,2.98,0.99,2.25,1.77,2.09,2.16,1.6,1.47,1.68,1.66,0
2003,10,5,7.28,0,3.25,3.01,4,2.11,3.44,2.84,3.37,3.11,2.73,2.42,2.7,2.68,0
2003,10,6,2.92,0,0,0,0,0,0,0.1,0,0,0,0,0,0,0
2003,10,7,6.93,19,18.93,18.41,18.3,27.84,18.48,26.88,21.79,17.54,19.03,19.05,17.57,18.34,39.8
2003,10,8,0,0,7.95,7.35,8.13,8.21,7.88,8.53,8.57,7.11,7.3,6.77,6.88,6.98,5.29
2003,10,9,0,0,0,0,0,0,0,0,0,0,0,0,0,0,0
2003,10,10,0,0,0,0.83,1.93,0.16,0.89,0.88,0.72,1.22,0.39,0.6,0.6,0.65,0
2003,10,11,0.59,0,1.34,1.51,2.56,0.61,1.74,1.38,1.56,1.78,1.13,1.11,1.26,1.25,0
2003,10,12,7.32,0,2.67,2.53,3.54,1.57,2.91,2.33,2.79,2.68,2.22,1.98,2.24,2.21,0
2003,10,13,3.92,13.64,15.08,14.46,14.7,20.47,14.75,19.97,17.07,13.8,14.83,14.56,13.74,14.25,26.03
2003,10,14,0.37,1.05,7.45,6.87,7.67,7.45,7.4,7.82,7.99,6.66,6.79,6.25,6.41,6.49,4.22
2003,10,15,3.65,12.57,12.68,12.03,12.47,16.09,12.43,15.87,14.16,11.5,12.25,11.83,11.39,11.74,18.15
2003,10,16,9.52,0,3.05,2.84,3.84,1.92,3.25,2.66,3.17,2.96,2.55,2.26,2.54,2.51,0
2003,10,17,4.57,4.35,5.97,5.46,6.34,5.34,5.99,5.86,6.31,5.35,5.31,4.81,5.06,5.08,1.6
2003,10,18,1.18,0,2.01,2,3.03,1.04,2.32,1.82,2.15,2.21,1.66,1.52,1.73,1.71,0
2003,10,19,5.64,3.74,11.21,10.56,11.11,13.53,11.02,13.48,12.41,10.12,10.7,10.22,9.98,10.24,13.73
2003,10,20,4.44,11.6,31.66,31.71,30.29,54.02,30.85,51.54,37.72,30.21,33.22,34.56,30.47,32.26,91.03
2003,10,21,4.98,1.66,7.25,6.68,7.49,7.15,7.21,7.54,7.76,6.48,6.59,6.06,6.23,6.3,3.82
2003,10,22,0.4,0.97,7.52,6.94,7.73,7.56,7.47,7.92,8.07,6.72,6.86,6.33,6.48,6.56,4.37
2003,10,23,0,2.24,6.27,5.75,6.61,5.75,6.28,6.24,6.65,5.62,5.6,5.09,5.33,5.37,2.06
2003,10,24,0,1.31,6.66,6.12,6.96,6.31,6.65,6.75,7.09,5.96,6,5.48,5.69,5.74,2.73
2003,10,25,4.04,19.49,16.46,15.87,15.99,23.06,16.09,22.4,18.75,15.13,16.32,16.15,15.1,15.71,30.82
2003,10,26,4.09,0,0.44,0.96,2.04,0.23,1.06,0.97,0.88,1.33,0.53,0.69,0.73,0.76,0
2003,10,27,15.35,0,0,0,0,0,0,0,0,0,0,0,0,0,0
2003,10,28,34.4,0,0,0,0.57,0,0,0.18,0,0.1,0,0,0,0,0
2003,10,29,0,0,2.32,2.24,3.26,1.28,2.59,2.04,2.44,2.42,1.91,1.72,1.96,1.94,0
2003,10,30,3.16,2.85,6.2,5.68,6.55,5.66,6.21,6.16,6.58,5.56,5.54,5.03,5.27,5.3,1.96
2003,10,31,0.47,6.82,9.18,8.55,9.24,10.13,9.06,10.31,10,8.23,8.56,8.03,8.03,8.19,8.17
2003,11,1,0.5,0.85,10.26,12.29,11.55,28.91,9.75,30.1,13.8,9.73,8.77,8.04,8.28,8.2,5.51
2003,11,2,0,23.4,27.54,35.14,31.58,101.91,26.14,104.26,40.74,27.16,23.82,23.78,23.67,23.38,61.52
2003,11,3,0.71,1.99,6.91,8.07,7.83,16.9,6.59,17.97,8.87,6.5,5.9,5.18,5.43,5.39,0.15
2003,11,4,2.69,1.2,9.03,10.72,10.17,24.34,8.58,25.48,11.96,8.53,7.71,6.97,7.22,7.16,2.94
2003,11,5,0,0.29,6.6,7.69,7.49,15.84,6.3,16.91,8.42,6.2,5.63,4.92,5.17,5.12,0.1
2003,11,6,0,4.01,15.66,19.31,17.71,50.41,14.86,51.87,22.05,15.1,13.45,12.85,13.01,12.88,20.55
2003,11,7,0,24.64,21.52,27.07,24.51,75.31,20.42,77.16,31.2,21.02,18.56,18.2,18.24,18.03,40.01
2003,11,8,0,10.44,16.53,20.44,18.7,54,15.69,55.48,23.39,15.97,14.2,13.63,13.77,13.64,23.26
2003,11,9,0,6.3,20.21,25.3,22.96,69.57,19.17,71.32,29.12,19.67,17.4,16.98,17.05,16.86,35.48
2003,11,10,1.02,15.15,25.01,31.74,28.59,90.63,23.73,92.75,36.71,24.58,21.61,21.43,21.38,21.12,52.34
2003,11,11,0,15.59,15.44,19.01,17.46,49.48,14.65,50.94,21.7,14.87,13.26,12.65,12.81,12.68,19.85
2003,11,12,0,20.5,19.98,24.99,22.69,68.56,18.95,70.29,28.77,19.43,17.21,16.77,16.84,16.66,34.69
2003,11,13,0,10.68,18.53,23.09,21.03,62.45,17.58,64.13,26.5,17.98,15.95,15.46,15.56,15.39,29.81
2003,11,14,0,12.9,20.96,26.32,23.85,72.86,19.88,74.68,30.32,20.44,18.06,17.68,17.73,17.53,38.05
2003,11,15,0,5.84,14.61,17.93,16.5,46.1,13.87,47.49,20.43,14.05,12.54,11.91,12.08,11.96,17.32
2003,11,16,0,5.31,13.72,16.76,15.48,42.46,13.02,43.81,19.05,13.15,11.76,11.1,11.3,11.19,14.66
2003,11,17,0,9.99,9.06,10.77,10.21,24.48,8.62,25.62,12.02,8.57,7.74,7.01,7.26,7.19,3.01
2003,11,18,0,0.54,8.37,9.89,9.44,21.97,7.97,23.09,11,7.9,7.15,6.41,6.67,6.6,1.81
2003,11,19,0,0.31,6.78,7.91,7.69,16.45,6.47,17.52,8.68,6.38,5.79,5.07,5.32,5.27,0.1
2003,11,20,0,0.1,7.81,9.19,8.82,19.99,7.44,21.1,10.18,7.36,6.67,5.94,6.19,6.14,1.01
2003,11,21,0,0,0.43,0.67,1.13,0.5,0.53,1.05,0.46,0.71,0.5,0.32,0.41,0.37,0
2003,11,22,0,0,1.68,1.92,2.32,2.34,1.68,3.14,1.81,1.73,1.5,1.09,1.26,1.23,0
2003,11,23,0.1,0,5.01,5.74,5.76,10.76,4.8,11.78,6.16,4.7,4.28,3.61,3.86,3.82,0
2003,11,24,0.15,1.03,10.9,13.11,12.28,31.37,10.36,32.59,14.77,10.37,9.32,8.61,8.84,8.76,7.03
2003,11,25,0,2.94,9.59,11.43,10.8,26.41,9.12,27.57,12.8,9.08,8.19,7.46,7.7,7.63,4.05
2003,11,26,0,0,1.22,1.45,1.88,1.54,1.25,2.28,1.28,1.35,1.13,0.79,0.94,0.9,0
2003,11,27,0,0.1,2.85,3.21,3.5,4.85,2.77,5.77,3.26,2.74,2.46,1.93,2.14,2.1,0
2003,11,28,0,0.1,5.77,6.67,6.59,13.14,5.52,14.18,7.24,5.42,4.92,4.23,4.48,4.44,0
2003,11,29,0,1.83,10.07,12.05,11.34,28.21,9.57,29.39,13.52,9.55,8.61,7.88,8.12,8.05,5.09
2003,11,30,0.1,0,5.64,6.51,6.45,12.72,5.39,13.76,7.05,5.3,4.81,4.12,4.37,4.33,0
2003,12,1,0.1,1.53,7.89,11.13,10.58,32.49,7.64,33.78,11.1,8.12,6.97,4.08,5.03,4.94,0
2003,12,2,0,0,2.45,3.38,3.55,7.7,2.54,8.7,3.22,2.54,2.18,1.28,1.59,1.6,0
2003,12,3,0,0,2.01,2.79,2.99,6.02,2.12,6.98,2.62,2.1,1.8,1.05,1.31,1.33,0
2003,12,4,0,0,0,0,0,0,0,0,0,0,0,0,0,0,0
2003,12,5,0,0,2.19,3.03,3.23,6.7,2.3,7.72,2.88,2.29,1.96,1.15,1.43,1.44,0
2003,12,6,0,0.39,3.97,5.5,5.47,14.03,3.98,15.16,5.37,4.08,3.51,2.06,2.56,2.54,0
2003,12,7,0.41,1.33,10.57,15.06,14.13,46.01,10.13,47.5,15.11,10.91,9.35,5.44,6.72,6.58,0.17
2003,12,8,0,0,2.83,3.92,4.03,9.24,2.91,10.27,3.76,2.93,2.52,1.48,1.84,1.84,0
2003,12,9,0.1,0.49,12.84,18.38,17.15,57.67,12.2,59.38,18.48,13.26,11.34,6.6,8.14,7.95,2.11
2003,12,10,0,3.22,15.76,22.75,21.08,73.25,14.91,75.06,22.92,16.35,13.94,8.08,9.98,9.74,7.04
2003,12,11,0,13.6,39.27,64.83,58.15,228.55,40.8,228.93,66.28,45.73,38.95,22.53,27.67,26.82,89.87
2003,12,12,0,4.65,21.78,31.83,29.23,105.97,20.48,108.41,32.14,22.74,19.32,11.12,13.74,13.42,20.64
2003,12,13,0.11,0,0,0.1,0.14,0.1,0,0.1,0,0,0,0,0,0,0
2003,12,14,0.1,0,6.82,9.58,9.17,27.27,6.65,28.51,9.52,7.02,6.02,3.53,4.36,4.29,0
2003,12,15,0.94,0,12.52,17.91,16.69,56.03,11.92,57.53,18.02,12.94,11.07,6.43,7.94,7.76,1.71
2003,12,16,0.1,0,5.72,8,7.74,22.01,5.62,23.22,7.91,5.88,5.06,2.96,3.67,3.62,0
2003,12,17,0,0,0.93,1.35,1.64,2.33,1.08,3.15,1.19,1.03,0.86,0.49,0.62,0.66,0
2003,12,18,0,0,1.74,2.41,2.65,5.02,1.86,5.95,2.25,1.83,1.55,0.91,1.14,1.16,0
2003,12,19,0,0,5.65,7.9,7.65,21.67,5.56,22.9,7.81,5.8,5,2.93,3.62,3.57,0
2003,12,20,0,0,1.61,2.25,2.49,4.56,1.74,5.49,2.08,1.7,1.45,0.84,1.06,1.08,0
2003,12,21,0,0.1,1.89,2.62,2.85,5.56,2.01,6.55,2.46,1.98,1.7,0.99,1.24,1.26,0
2003,12,22,0,0,0,0.1,0.24,0.1,0.1,0.2,0.1,0.1,0,0,0,0,0
2003,12,23,0,0.29,3.69,5.11,5.13,12.84,3.72,13.93,4.98,3.8,3.27,1.92,2.38,2.37,0
2003,12,24,0,1.07,7,9.84,9.42,28.14,6.82,29.42,9.8,7.2,6.19,3.62,4.47,4.4,0
2003,12,25,0,2.34,16.8,24.38,22.55,78.98,15.86,81.04,24.49,17.48,14.86,8.61,10.63,10.37,9.18
2003,12,26,0,2.52,10.9,15.55,14.57,47.72,10.43,49.17,15.59,11.26,9.63,5.61,6.93,6.78,0.32
2003,12,27,0,0.1,5,6.96,6.8,18.65,4.95,19.8,6.85,5.14,4.42,2.59,3.21,3.17,0
2003,12,28,0,0,1.52,2.14,2.39,4.26,1.66,5.21,1.97,1.62,1.38,0.8,1,1.03,0
2003,12,29,0,0.1,9.38,13.31,12.55,39.97,9.03,41.32,13.32,9.68,8.29,4.84,5.97,5.85,0
2003,12,30,0,0,0,0.1,0.13,0,0,0.1,0,0,0,0,0,0,0
2003,12,31,0.16,0,0.73,1.09,1.39,1.76,0.88,2.48,0.93,0.83,0.68,0.38,0.49,0.53,0
2004,1,1,3.09,0,0.46,0.6,0.67,0.85,0.48,1.18,0.63,0.56,0.48,0.3,0.39,0.38,0
2004,1,2,0,0,1.14,1.45,1.49,3.24,1.15,3.6,1.62,1.22,1.09,0.79,0.91,0.91,0
2004,1,3,0,0,0,0,0,0,0,0,0,0,0,0,0,0,0
2004,1,4,0,0,0,0,0,0,0,0,0,0,0,0,0,0,0
2004,1,5,0,0.99,5.07,6.4,6.15,22.03,4.93,21.16,7.56,4.77,4.45,3.58,3.72,3.83,2.27
2004,1,6,0,1.41,5.54,6.99,6.7,24.46,5.38,23.41,8.28,5.18,4.84,3.91,4.04,4.17,4.48
2004,1,7,0,0,2.27,2.86,2.83,8.13,2.25,8.25,3.3,2.25,2.07,1.6,1.73,1.76,0
2004,1,8,0,0,2.56,3.22,3.18,9.49,2.53,9.52,3.73,2.51,2.32,1.8,1.94,1.98,0
2004,1,9,0,0.1,2.79,3.51,3.44,10.55,2.74,10.52,4.07,2.72,2.51,1.96,2.1,2.15,0
2004,1,10,0,1.11,4.11,5.18,5.01,17.11,4.01,16.61,6.09,3.91,3.64,2.9,3.04,3.12,0.1
2004,1,11,0,0,2.67,3.36,3.3,10.01,2.63,10.01,3.89,2.61,2.41,1.88,2.02,2.06,0
2004,1,12,0,0,0,0,0,0,0,0,0,0,0,0,0,0,0
2004,1,13,0,0,0,0,0,0,0,0,0,0,0,0,0,0,0
2004,1,14,0,0,0,0,0,0,0,0,0,0,0,0,0,0,0
2004,1,15,0,0,0,0,0,0,0,0,0,0,0,0,0,0,0
2004,1,16,0,0,0,0,0,0,0,0,0,0,0,0,0,0,0
2004,1,17,0,0,0,0,0,0,0,0,0,0,0,0,0,0,0
2004,1,18,0,0,0.51,0.66,0.73,0.99,0.54,1.34,0.71,0.61,0.52,0.34,0.44,0.43,0
2004,1,19,0,0,0.2,0.28,0.34,0.23,0.22,0.45,0.28,0.3,0.23,0.12,0.19,0.17,0
2004,1,20,0,0,0,0,0,0,0,0,0,0,0,0,0,0,0
2004,1,21,0,0,0,0,0,0,0,0,0,0,0,0,0,0,0
2004,1,22,0,0,0,0,0,0,0,0,0,0,0,0,0,0,0
2004,1,23,0,0,0,0,0,0,0,0,0,0,0,0,0,0,0
2004,1,24,0,0,0.1,0.1,0.1,0,0.1,0.1,0.1,0.1,0.1,0,0.1,0.1,0
2004,1,25,3.95,0,0.1,0.11,0.17,0.1,0.1,0.16,0.1,0.16,0.1,0.1,0.1,0.1,0
2004,1,26,0.61,0,0.49,0.64,0.7,0.93,0.51,1.27,0.68,0.59,0.5,0.32,0.42,0.41,0
2004,1,27,0.1,0,0.79,1.01,1.07,1.92,0.81,2.3,1.11,0.89,0.78,0.54,0.65,0.64,0
2004,1,28,0,0,0,0,0,0,0,0,0,0,0,0,0,0,0
2004,1,29,0,0,0,0,0,0,0,0,0,0,0,0,0,0,0
2004,1,30,0,0,0,0,0,0,0,0,0,0,0,0,0,0,0
2004,1,31,0,0,0,0,0,0,0,0,0,0,0,0,0,0,0
2004,2,1,0,0,0.12,0.14,0.21,0.1,0.13,0.1,0.15,0.18,0.12,0.1,0.1,0.1,0
2004,2,2,0,0,0.13,0.16,0.23,0.1,0.14,0.1,0.17,0.2,0.13,0.1,0.11,0.1,0
2004,2,3,0,0,0,0,0,0,0,0,0,0,0,0,0,0,0
2004,2,4,0,0.1,1.31,1.8,1.98,2.33,1.45,3,1.77,1.57,1.39,1.19,1.26,1.26,0
2004,2,5,0.1,0.28,2.11,3.01,3.25,5.24,2.38,5.97,2.93,2.53,2.28,2.02,2.09,2.11,0
2004,2,6,0,0,0,0,0,0,0,0,0,0,0,0,0,0,0
2004,2,7,0,0,0,0,0,0,0,0,0,0,0,0,0,0,0
2004,2,8,0,0,0.5,0.63,0.74,0.31,0.53,0.66,0.64,0.62,0.51,0.39,0.44,0.44,0
2004,2,9,0,0,0.1,0.1,0.13,0,0.1,0.1,0.1,0.12,0.1,0.1,0.1,0.1,0
2004,2,10,0.1,0,0,0,0,0,0,0,0,0,0,0,0,0,0
2004,2,11,0,0,0,0,0,0,0,0,0,0,0,0,0,0,0
2004,2,12,0,0,0,0.1,0.1,0,0,0,0.1,0.1,0,0,0,0,0
2004,2,13,0,0,0,0,0,0,0,0,0,0,0,0,0,0,0
2004,2,14,0,0,0.18,0.23,0.29,0.1,0.19,0.13,0.24,0.25,0.18,0.11,0.14,0.14,0
2004,2,15,0.66,0,1.51,2.1,2.29,2.99,1.68,3.7,2.06,1.81,1.61,1.39,1.46,1.47,0
2004,2,16,0,3.22,2.14,3.07,3.31,5.37,2.42,6.1,2.98,2.57,2.32,2.06,2.13,2.15,0
2004,2,17,1.14,0,0.57,0.72,0.85,0.43,0.61,0.82,0.73,0.69,0.58,0.45,0.51,0.51,0
2004,2,18,0.71,0,0,0,0,0,0,0,0,0,0,0,0,0,0
2004,2,19,0,0,0,0,0,0,0,0,0,0,0,0,0,0,0
2004,2,20,0.15,0,0,0,0,0,0,0,0,0,0,0,0,0,0
2004,2,21,0.65,0,0,0,0,0,0,0,0,0,0,0,0,0,0
2004,2,22,0,0,0,0,0,0,0,0,0,0,0,0,0,0,0
2004,2,23,0.1,0,0,0,0,0,0,0,0,0,0,0,0,0,0
2004,2,24,0,0,0,0,0,0,0,0,0,0,0,0,0,0,0
2004,2,25,0,0,0,0,0,0,0,0,0,0,0,0,0,0,0
2004,2,26,0,0,0,0.1,0.1,0,0,0,0.1,0.1,0,0,0,0,0
2004,2,27,0,0,0.1,0.1,0.1,0,0.1,0.1,0.1,0.1,0.1,0.1,0.1,0.1,0
2004,2,28,0,0,0,0,0,0,0,0,0,0,0,0,0,0,0
2004,2,29,0,0,0.1,0.1,0.14,0,0.1,0.1,0.1,0.12,0.1,0.1,0.1,0.1,0
2004,3,1,0,0,0,0,0,0,0,0,0,0,0,0,0,0,0
2004,3,2,0,0,0,0.1,0.1,0,0,0.1,0.1,0.1,0.1,0,0.1,0.1,0
2004,3,3,0,0,0,0,0,0,0,0,0,0,0,0,0,0,0
2004,3,4,0,0,0.81,0.81,0.91,0.6,0.75,0.94,0.88,0.91,0.76,0.67,0.72,0.71,0
2004,3,5,0,0,0,0,0,0,0,0,0,0,0,0,0,0,0
2004,3,6,0,0,1.55,1.5,1.67,1.57,1.4,1.99,1.72,1.55,1.4,1.35,1.37,1.37,0
2004,3,7,3.43,0,0.46,0.47,0.58,0.26,0.43,0.54,0.48,0.61,0.46,0.36,0.41,0.4,0
2004,3,8,3.22,0,0,0.1,0.1,0,0,0.1,0.1,0.11,0.1,0.1,0.1,0.1,0
2004,3,9,2.7,0,0.1,0.1,0.1,0,0.1,0.1,0.1,0.14,0.1,0.1,0.1,0.1,0
2004,3,10,0,0,0.48,0.49,0.6,0.27,0.45,0.57,0.51,0.63,0.48,0.37,0.43,0.42,0
2004,3,11,0,0,1.23,1.21,1.35,1.11,1.12,1.5,1.37,1.26,1.14,1.07,1.1,1.1,0
2004,3,12,0.87,0,2.42,2.35,2.56,2.93,2.17,3.32,2.78,2.28,2.16,2.24,2.18,2.19,0
2004,3,13,10.63,0,0,0,0,0,0,0,0,0,0,0,0,0,0
2004,3,14,7.47,0,0,0,0,0,0,0,0,0,0,0,0,0,0
2004,3,15,2.43,0,0.82,0.82,0.93,0.62,0.76,0.96,0.9,0.93,0.78,0.69,0.73,0.73,0
2004,3,16,0.99,0,1.75,1.71,1.89,1.86,1.58,2.29,1.99,1.72,1.59,1.58,1.58,1.58,0
2004,3,17,0.18,0,0,0,0,0,0,0,0,0,0,0,0,0,0
2004,3,18,0,0,0,0,0,0,0,0.1,0,0.1,0,0,0,0,0
2004,3,19,0,0,0,0.1,0.1,0,0,0.1,0,0.1,0.1,0,0.1,0,0
2004,3,20,0,0,0.1,0.1,0.1,0.1,0.1,0.1,0.1,0.15,0.1,0.1,0.1,0.1,0
2004,3,21,0,0,1.18,1.17,1.31,1.04,1.08,1.45,1.32,1.23,1.1,1.03,1.06,1.06,0
2004,3,22,0.1,0,0,0,0,0,0,0,0,0,0,0,0,0,0
2004,3,23,0,0,0,0,0,0,0,0.1,0,0.1,0,0,0,0,0
2004,3,24,0,0,0.36,0.38,0.45,0.18,0.34,0.4,0.39,0.51,0.37,0.28,0.33,0.32,0
2004,3,25,0,0,1.61,1.58,1.75,1.66,1.46,2.1,1.82,1.61,1.47,1.43,1.45,1.45,0
2004,3,26,0,0,0.13,0.2,0.28,0.1,0.14,0.22,0.19,0.33,0.2,0.13,0.17,0.16,0
2004,3,27,0,0,3.46,3.31,3.57,4.77,3.06,5.01,4.01,3.14,3.03,3.28,3.11,3.14,0
2004,3,28,0,0,2.23,2.16,2.37,2.64,2,3.05,2.54,2.13,2,2.04,2,2.01,0
2004,3,29,0,0,0.95,0.94,1.08,0.78,0.88,1.16,1.04,1.05,0.89,0.79,0.84,0.83,0
2004,3,30,0,0,4.42,4.24,4.57,6.57,3.89,6.7,5.2,3.96,3.87,4.28,4.02,4.06,0.1
2004,3,31,0,0,0,0,0,0,0,0,0,0,0,0,0,0,0
2004,4,1,0,0,0.39,0.49,0.81,0.1,0.36,0.56,0.54,0.66,0.57,0.38,0.42,0.45,0
2004,4,2,0,0,0,0,0,0,0,0,0,0,0,0,0,0,0
2004,4,3,0,0,0,0,0,0,0,0,0,0,0,0,0,0,0
2004,4,4,0,8.12,13.25,11.81,13.09,16.93,12.47,16.27,12.84,10.68,10.19,10.22,10.22,10.51,17.51
2004,4,5,0,23.59,12.55,11.23,12.51,15.79,11.82,15.44,12.21,10.21,9.72,9.71,9.72,10,15.44
2004,4,6,0,11.95,17.13,15.32,16.85,23.08,16.11,21.76,16.57,13.75,13.06,13.3,13.21,13.57,30.07
2004,4,7,3.18,0,3.1,2.76,3.36,2.43,2.92,3.16,3.1,2.74,2.63,2.33,2.45,2.54,0
2004,4,8,2.5,0,0.78,0.78,1.11,0.27,0.74,0.84,0.89,0.91,0.84,0.63,0.7,0.73,0
2004,4,9,0,0,0,0,0,0,0,0.1,0,0,0,0,0,0,0
2004,4,10,0,0,0,0,0,0,0,0.1,0,0,0,0,0,0,0
2004,4,11,0,0,0.1,0.1,0.37,0,0.1,0.27,0.1,0.3,0.17,0.1,0.1,0.1,0
2004,4,12,0,0,0,0.1,0.1,0,0,0.1,0,0.1,0.1,0,0,0,0
2004,4,13,4.26,0,0.64,0.67,1,0.16,0.6,0.68,0.76,0.81,0.74,0.54,0.6,0.63,0
2004,4,14,6.97,0,0.1,0.29,0.59,0.1,0.1,0.41,0.3,0.48,0.37,0.2,0.23,0.25,0
2004,4,15,7.38,0,0.17,0.33,0.64,0.1,0.16,0.44,0.35,0.52,0.42,0.24,0.27,0.3,0
2004,4,16,1.56,0,1.25,1.19,1.65,0.62,1.18,1.34,1.35,1.34,1.24,0.97,1.06,1.11,0
2004,4,17,0,0,3.05,2.71,3.32,2.36,2.87,3.12,3.05,2.7,2.59,2.3,2.41,2.5,0
2004,4,18,0,0,0.1,0.24,0.54,0.1,0.1,0.38,0.24,0.44,0.33,0.16,0.19,0.21,0
2004,4,19,4.14,0,0,0.1,0.19,0,0,0.16,0.1,0.16,0.1,0.1,0.1,0.1,0
2004,4,20,11.58,0,0.28,0.42,0.73,0.1,0.27,0.5,0.46,0.59,0.5,0.31,0.35,0.38,0
2004,4,21,0.35,0,0.55,0.61,0.94,0.1,0.52,0.64,0.69,0.76,0.68,0.48,0.54,0.57,0
2004,4,22,2.36,0,3.65,3.2,3.91,3.12,3.44,3.9,3.59,3.19,3.02,2.72,2.84,2.94,0
2004,4,23,1.74,0,1.32,1.27,1.73,0.67,1.25,1.41,1.44,1.41,1.31,1.04,1.13,1.18,0
2004,4,24,0,0,12.2,10.94,12.23,15.35,11.49,15.06,11.89,9.98,9.49,9.45,9.47,9.74,14.4
2004,4,25,0,0,0,0,0,0,0,0,0,0,0,0,0,0,0
2004,4,26,0,0,0,0,0,0,0,0,0,0,0,0,0,0,0
2004,4,27,14.24,0,0,0,0,0,0,0,0,0,0,0,0,0,0
2004,4,28,1.38,0,0,0,0,0,0,0,0,0,0,0,0,0,0
2004,4,29,0.37,0,8.04,7.11,8.06,9.06,7.57,9.27,7.82,6.58,6.31,6.12,6.21,6.4,3.08
2004,4,30,27.23,11.5,11.4,10.14,11.31,14.08,10.74,13.72,11.06,9.23,8.82,8.77,8.8,9.06,11.89
2004,5,1,22.78,0,1.94,1.94,2.55,0.83,2.07,1.57,2.24,2.1,1.97,1.61,1.87,1.87,0
2004,5,2,30.64,1.91,6.3,5.93,6.35,4.89,6.1,5.24,6.37,5.64,5.85,4.92,5.32,5.61,0.1
2004,5,3,33.04,0,0,0,0,0,0,0.19,0,0.2,0,0,0,0,0
2004,5,4,101.12,0,2.83,2.7,3.3,1.45,2.92,2.16,3.07,2.78,2.75,2.25,2.56,2.62,0
2004,5,5,8.29,0,2.07,2.04,2.66,0.91,2.19,1.65,2.35,2.2,2.08,1.69,1.97,1.97,0
2004,5,6,0,0,0,0,0.51,0,0,0.29,0,0.36,0,0,0,0,0
2004,5,7,0,0,2.89,2.75,3.35,1.5,2.97,2.21,3.12,2.82,2.8,2.29,2.61,2.67,0
2004,5,8,0.27,0,8.98,8.61,8.74,8.11,8.51,8.04,9.01,7.97,8.32,7.1,7.51,7.99,3.29
2004,5,9,0.73,0.52,9.68,9.26,9.32,8.99,9.13,8.82,9.65,8.55,8.93,7.64,8.05,8.59,4.31
2004,5,10,1.14,0,3.03,2.86,3.47,1.63,3.1,2.32,3.25,2.93,2.92,2.39,2.72,2.79,0
2004,5,11,0,0,0,0.46,0.97,0,0,0.55,0.51,0.75,0.32,0.28,0.42,0.28,0
2004,5,12,0,0,0,0,0,0,0,0,0,0,0,0,0,0,0
2004,5,13,7.8,0,0,0,0,0,0,0.1,0,0,0,0,0,0,0
2004,5,14,13.98,0,6.09,5.69,6.14,4.65,5.9,5.03,6.15,5.45,5.65,4.74,5.14,5.42,0.1
2004,5,15,7.84,6.85,4.4,4.09,4.65,2.87,4.36,3.44,4.54,4.02,4.14,3.43,3.79,3.96,0
2004,5,16,2.5,0,0,0,0,0,0,0.1,0,0,0,0,0,0,0
2004,5,17,14.22,0,0,0,0,0,0,0,0,0,0,0,0,0,0
2004,5,18,48.55,0,0,0,0,0,0,0,0,0,0,0,0,0,0
2004,5,19,27.01,5.07,8.88,8.51,8.65,7.97,8.42,7.95,8.91,7.89,8.22,7.02,7.43,7.9,3.13
2004,5,20,40.2,0,4.09,3.83,4.4,2.57,4.09,3.17,4.26,3.79,3.87,3.2,3.56,3.7,0
2004,5,21,24.08,4.57,8.66,8.26,8.43,7.71,8.22,7.7,8.66,7.68,7.99,6.81,7.22,7.68,2.74
2004,5,22,14.77,0,1.25,1.41,1.98,0.36,1.41,1.13,1.62,1.61,1.37,1.13,1.35,1.3,0
2004,5,23,11.28,7.66,16.9,16.78,15.75,18.91,15.51,17.44,16.76,15,15.58,13.64,13.94,15.03,19.45
2004,5,24,15.54,8.69,13.12,12.82,12.38,13.58,12.18,12.8,13.04,11.59,12.1,10.49,10.86,11.66,10.9
2004,5,25,0,27.72,22.02,22.34,20.36,26.44,19.98,23.99,21.86,19.68,20.33,18.01,18.17,19.62,32.14
2004,5,26,3.39,0,8.53,8.11,8.3,7.54,8.1,7.56,8.53,7.55,7.88,6.7,7.11,7.57,2.54
2004,5,27,10.29,0,2.57,2.47,3.08,1.25,2.67,1.97,2.82,2.58,2.51,2.05,2.36,2.39,0
2004,5,28,0.95,1.42,21.07,21.27,19.49,25.02,19.16,22.71,20.91,18.79,19.44,17.18,17.38,18.78,29.65
2004,5,29,0.9,45.52,25.79,26.34,23.7,32.14,23.34,28.9,25.58,23.1,23.81,21.16,21.25,23.02,41.9
2004,5,30,1.75,18.46,19.54,19.64,18.14,22.75,17.82,20.8,19.39,17.42,18.02,15.88,16.11,17.39,25.89
2004,5,31,1.1,0,4.01,3.76,4.34,2.49,4.01,3.1,4.19,3.73,3.8,3.14,3.5,3.63,0
2004,6,1,9.32,2.53,4.51,4.15,4.91,2.67,4.4,3.19,4.48,4.09,4.13,3.6,3.92,3.99,0.1
2004,6,2,17.37,0.1,4.66,4.29,5.07,2.82,4.54,3.32,4.64,4.22,4.27,3.72,4.04,4.11,0.1
2004,6,3,8.64,20.23,14.34,13.07,14.93,13.54,12.59,12.76,13.92,11.77,12.53,10.76,10.93,11.51,16.45
2004,6,4,0,23.87,14.78,13.46,15.38,14.09,12.94,13.23,14.33,12.11,12.9,11.07,11.23,11.84,17.45
2004,6,5,0,54.15,21.33,19.48,22.18,22.3,18.22,20.46,20.63,17.27,18.45,15.82,15.77,16.73,33.6
2004,6,6,2.62,14.47,10.46,9.53,10.94,8.96,9.41,8.72,10.2,8.73,9.24,7.94,8.2,8.58,8.15
2004,6,7,0.19,31.68,18.42,16.81,19.16,18.6,15.89,17.21,17.83,14.98,15.98,13.72,13.77,14.57,26.24
2004,6,8,5.6,9.13,9.28,8.45,9.73,7.62,8.44,7.55,9.06,7.8,8.23,7.08,7.37,7.68,5.92
2004,6,9,6.14,1.04,5.9,5.39,6.3,4.01,5.6,4.37,5.82,5.16,5.33,4.61,4.94,5.08,0.92
2004,6,10,0,7.33,7.65,6.97,8.07,5.82,7.08,5.97,7.5,6.52,6.83,5.89,6.2,6.43,3.18
2004,6,11,0.1,27.2,14.17,12.92,14.76,13.35,12.45,12.59,13.76,11.64,12.39,10.64,10.81,11.39,16.07
2004,6,12,6.05,0,6.13,5.6,6.53,4.24,5.79,4.57,6.04,5.34,5.53,4.78,5.1,5.26,1.17
2004,6,13,9.92,0,0,0,0,0,0,0,0,0,0,0,0,0,0
2004,6,14,25.82,0,0,0,0,0,0,0.1,0,0,0,0,0,0,0
2004,6,15,0.27,0,0.88,1.06,1.58,0.1,1.11,0.82,1.05,1.48,0.97,1.01,1.21,1.06,0
2004,6,16,9.1,0,0.46,0.71,1.23,0,0.71,0.64,0.66,1.21,0.6,0.71,0.88,0.71,0
2004,6,17,13.63,4.29,5.97,5.46,6.37,4.08,5.66,4.43,5.89,5.22,5.4,4.67,4.99,5.14,1
2004,6,18,0,0.99,6.54,5.96,6.94,4.65,6.14,4.94,6.43,5.66,5.88,5.08,5.4,5.57,1.64
2004,6,19,1.87,7.52,9.58,8.72,10.03,7.95,8.68,7.83,9.35,8.03,8.48,7.29,7.57,7.91,6.45
2004,6,20,11.23,5.02,8.33,7.59,8.76,6.56,7.65,6.62,8.15,7.06,7.42,6.39,6.69,6.95,4.26
2004,6,21,1.55,0,0,0,0,0,0,0.1,0,0,0,0,0,0,0
2004,6,22,5.82,0,4.57,4.2,4.97,2.73,4.46,3.24,4.54,4.14,4.18,3.65,3.97,4.04,0.1
2004,6,23,7.15,15.59,10.58,9.63,11.05,9.08,9.51,8.84,10.31,8.81,9.33,8.02,8.28,8.67,8.37
2004,6,24,2.2,3.16,18.02,16.44,18.74,18.1,15.56,16.77,17.44,14.67,15.64,13.42,13.48,14.26,25.23
2004,6,25,0,0,0,0.31,0.81,0,0,0.45,0,0.87,0,0.36,0.49,0,0
2004,6,26,0,0,3.92,3.63,4.34,2.15,3.89,2.72,3.92,3.64,3.62,3.17,3.49,3.52,0
2004,6,27,2.85,0,4.35,4.01,4.76,2.53,4.27,3.06,4.33,3.97,4,3.49,3.8,3.86,0
2004,6,28,24.13,0,2.46,2.36,2.95,0.99,2.6,1.68,2.54,2.56,2.36,2.12,2.41,2.36,0
2004,6,29,20.11,0,1.17,1.3,1.82,0.22,1.4,0.96,1.33,1.67,1.23,1.22,1.44,1.32,0
2004,6,30,9.83,0,0,0,0,0,0,0.1,0,0,0,0,0,0,0
2004,7,1,1.8,0,0,0,0.93,0,0,0.26,0,0,0,0,0,0,0
2004,7,2,3.34,4,6.85,5.72,6.42,4.34,6.17,4.75,6.35,5.33,5.56,5,5.29,5.33,1.29
2004,7,3,19.37,0.76,7.56,6.27,6.93,5,6.73,5.33,6.97,5.79,6.05,5.46,5.74,5.78,1.96
2004,7,4,3.15,2.76,5.53,4.7,5.45,3.16,5.11,3.72,5.19,4.47,4.64,4.15,4.43,4.46,0.31
2004,7,5,6.64,4.28,8.88,7.28,7.89,6.26,7.77,6.43,8.12,6.65,6.95,6.3,6.58,6.62,3.41
2004,7,6,1.18,0,0,0,1.15,0,0,0.35,0,0.46,0,0,0,0,0
2004,7,7,0,7.35,9.92,8.07,8.63,7.29,8.56,7.32,9.01,7.31,7.65,6.96,7.23,7.27,4.68
2004,7,8,0,18.37,17.31,13.7,13.9,15.11,14.14,14.09,15.4,11.99,12.52,11.64,11.76,11.76,15.68
2004,7,9,0,1.12,8.45,6.95,7.57,5.84,7.43,6.06,7.74,6.37,6.66,6.02,6.3,6.35,2.91
2004,7,10,2.99,0,1.67,1.73,2.66,0.37,1.75,1.21,1.81,1.94,1.8,1.67,1.81,1.77,0
2004,7,11,0,0,6.75,5.64,6.34,4.24,6.09,4.67,6.26,5.26,5.49,4.94,5.22,5.26,1.2
2004,7,12,0.21,8.12,8.91,7.3,7.91,6.29,7.78,6.45,8.14,6.66,6.97,6.32,6.59,6.64,3.44
2004,7,13,0,0,2.5,2.36,3.24,0.85,2.54,1.66,2.54,2.48,2.44,2.2,2.39,2.39,0
2004,7,14,0.14,4.42,6.32,5.31,6.03,3.85,5.74,4.33,5.88,4.99,5.19,4.66,4.94,4.98,0.85
2004,7,15,1.57,0,1.01,1.24,2.23,0.1,1.08,0.92,1.26,1.54,1.28,1.28,1.35,1.27,0
2004,7,16,5.94,0,6.1,5.14,5.87,3.66,5.56,4.16,5.69,4.84,5.04,4.52,4.8,4.84,0.68
2004,7,17,14.55,3.61,7.15,5.95,6.63,4.61,6.41,4.99,6.61,5.53,5.77,5.19,5.48,5.52,1.56
2004,7,18,10.69,7.61,9.03,7.39,7.99,6.4,7.88,6.55,8.24,6.74,7.05,6.39,6.67,6.71,3.58
2004,7,19,9.54,6.37,8.08,6.67,7.31,5.49,7.14,5.76,7.42,6.13,6.41,5.79,6.07,6.11,2.51
2004,7,20,11.68,1.24,9.08,7.43,8.03,6.45,7.91,6.59,8.28,6.77,7.08,6.43,6.7,6.74,3.64
2004,7,21,6.51,0,8.17,6.73,7.37,5.57,7.21,5.83,7.49,6.18,6.47,5.84,6.13,6.17,2.6
2004,7,22,12.8,6.07,9.18,7.5,8.1,6.55,7.99,6.68,8.37,6.83,7.15,6.49,6.76,6.8,3.76
2004,7,23,13.56,0,8.98,7.35,7.96,6.36,7.84,6.51,8.2,6.71,7.02,6.36,6.64,6.68,3.52
2004,7,24,3.22,0,0,0.33,1.48,0,0,0.49,0,0.77,0,0.53,0.43,0,0
2004,7,25,0,0,3.17,2.88,3.73,1.3,3.13,2.07,3.13,2.92,2.94,2.63,2.86,2.87,0
2004,7,26,0,8.17,7.88,6.51,7.16,5.29,6.98,5.59,7.24,6,6.27,5.66,5.94,5.98,2.29
2004,7,27,4.16,15.28,13.31,10.67,11.07,10.79,11.15,10.36,11.95,9.47,9.91,9.12,9.33,9.36,9.41
2004,7,28,2.86,18.68,10.6,8.6,9.13,7.98,9.09,7.92,9.61,7.75,8.11,7.4,7.66,7.69,5.57
2004,7,29,8.63,8.66,14.39,11.48,11.83,11.94,11.96,11.34,12.88,10.15,10.62,9.8,9.99,10.01,11.03
2004,7,30,0.49,0,0,0,0.45,0,0,0.1,0,0,0,0,0,0,0
2004,7,31,3.07,4.36,6.99,5.83,6.52,4.46,6.28,4.86,6.47,5.42,5.66,5.09,5.38,5.42,1.41
2004,8,1,3.95,0,2.54,2.4,3.44,0.83,2.49,1.69,2.78,2.63,2.59,2.25,2.59,2.61,0
2004,8,2,3.38,12.54,11.53,9.43,10.63,8.83,10.51,8.69,10.94,8.99,9.11,8,8.64,8.92,6.64
2004,8,3,2.36,18.1,11.43,9.35,10.55,8.73,10.42,8.6,10.85,8.92,9.04,7.93,8.57,8.85,6.49
2004,8,4,2.03,0.1,3.51,3.14,4.18,1.49,3.41,2.26,3.67,3.3,3.34,2.88,3.28,3.35,0
2004,8,5,2.87,0,0,0,0.62,0,0,0.15,0,0,0,0,0,0,0
2004,8,6,0.26,10.03,5.24,4.49,5.55,2.86,5,3.46,5.26,4.52,4.65,4.01,4.49,4.61,0.16
2004,8,7,0,27.35,13.99,11.36,12.62,11.4,12.6,10.95,13.13,10.73,10.78,9.53,10.2,10.54,10.27
2004,8,8,0,0,0,0,1.1,0,0,0.31,0,0.34,0,0,0,0,0
2004,8,9,0,0,1.93,1.94,3,0.47,1.87,1.36,2.22,2.22,2.09,1.85,2.15,2.14,0
2004,8,10,1.65,3.44,7.69,6.41,7.53,5.05,7.18,5.37,7.48,6.26,6.42,5.58,6.14,6.32,1.95
2004,8,11,0.5,0.62,5.01,4.31,5.37,2.66,4.79,3.29,5.04,4.35,4.48,3.86,4.33,4.44,0.1
2004,8,12,0,0,3.73,3.31,4.35,1.65,3.62,2.4,3.87,3.45,3.51,3.03,3.44,3.51,0
2004,8,13,0,1.81,12,9.8,11.01,9.32,10.91,9.12,11.36,9.32,9.43,8.29,8.94,9.23,7.3
2004,8,14,0,0,7.65,6.38,7.49,5.01,7.15,5.34,7.45,6.23,6.39,5.55,6.11,6.3,1.91
2004,8,15,0,2.47,10.32,8.47,9.65,7.6,9.46,7.61,9.85,8.13,8.27,7.24,7.85,8.11,4.99
2004,8,16,9.04,12.4,21.03,16.89,18.3,19.14,18.54,17.77,19.4,15.71,15.49,13.86,14.6,15.09,22.21
2004,8,17,13.83,3.03,6.01,5.09,6.17,3.52,5.69,4.03,5.95,5.06,5.21,4.5,5.01,5.15,0.56
2004,8,18,22.54,0,0.85,1.17,2.3,0,0.71,0.91,1.25,1.56,1.16,1.16,1.36,1.25,0
2004,8,19,14.89,15.54,13.15,10.7,11.94,10.52,11.89,10.17,12.39,10.14,10.21,9.01,9.67,9.99,9
2004,8,20,5,27.64,17.68,14.25,15.6,15.39,15.72,14.47,16.42,13.34,13.26,11.8,12.52,12.94,16.32
2004,8,21,14.25,0,0,0,1.28,0,0,0.38,0,0.51,0,0,0,0,0
2004,8,22,7.5,0,2.83,2.61,3.66,1.02,2.76,1.85,3.04,2.83,2.81,2.44,2.8,2.83,0
2004,8,23,11.57,0,4.45,3.87,4.93,2.21,4.29,2.9,4.54,3.96,4.06,3.5,3.95,4.04,0
2004,8,24,0.83,0,3.26,2.94,3.99,1.31,3.17,2.11,3.44,3.12,3.15,2.72,3.11,3.16,0
2004,8,25,1.1,3.97,8.56,7.09,8.22,5.87,7.94,6.09,8.26,6.87,7.03,6.13,6.71,6.92,2.85
2004,8,26,0,12.61,10.24,8.41,9.58,7.52,9.39,7.54,9.77,8.07,8.21,7.18,7.8,8.05,4.88
2004,8,27,0,45.38,18,14.51,15.86,15.74,15.99,14.78,16.7,13.57,13.48,12,12.72,13.15,16.86
2004,8,28,17.36,30.69,16.23,13.12,14.43,13.81,14.5,13.08,15.14,12.32,12.3,10.91,11.61,12.01,13.88
2004,8,29,2.54,7.11,7.49,6.25,7.36,4.85,7,5.2,7.3,6.11,6.28,5.45,6,6.18,1.75
2004,8,30,0,8.73,6.29,5.31,6.39,3.76,5.94,4.25,6.21,5.26,5.41,4.68,5.2,5.35,0.75
2004,8,31,3.65,22.92,6.84,5.74,6.84,4.26,6.43,4.68,6.71,5.65,5.81,5.03,5.57,5.73,1.17
2004,9,1,6.56,1.64,4.13,3.61,4.95,2.07,3.78,2.7,4.24,3.78,3.84,3.14,3.72,3.81,0
2004,9,2,7.38,12.74,10.66,8.89,10.39,8.3,9.71,8.21,10.41,8.81,9.08,8.12,8.75,8.87,6.03
2004,9,3,18.58,0,0,0,0,0,0,0,0,0,0,0,0,0,0
2004,9,4,6.43,0,4.15,3.63,4.97,2.09,3.81,2.72,4.27,3.8,3.87,3.16,3.75,3.84,0
2004,9,5,9.09,3.79,10.78,8.99,10.49,8.43,9.81,8.33,10.52,8.91,9.17,8.21,8.84,8.96,6.23
2004,9,6,6.85,0,4,3.51,4.85,1.97,3.66,2.62,4.13,3.69,3.73,3.05,3.63,3.71,0
2004,9,7,0.51,0,8.27,6.93,8.37,5.82,7.58,5.99,8.14,6.92,7.21,6.25,6.93,7.06,2.51
2004,9,8,0,0,7.66,6.44,7.86,5.22,7.04,5.47,7.57,6.45,6.74,5.78,6.47,6.6,1.79
2004,9,9,8.41,0,0,0,1.33,0,0,0.41,0,0.47,0,0,0,0,0
2004,9,10,4.15,0,6.4,5.42,6.81,4.02,5.9,4.41,6.38,5.48,5.73,4.82,5.5,5.63,0.57
2004,9,11,8.12,4.69,13.37,11.13,12.69,11.29,12.09,10.9,12.99,10.98,11.15,10.28,10.8,10.88,10.9
2004,9,12,15.89,0,7.42,6.24,7.65,4.98,6.82,5.25,7.33,6.26,6.54,5.59,6.28,6.41,1.52
2004,9,13,15.11,8.56,12.24,10.2,11.73,10.03,11.1,9.76,11.92,10.08,10.29,9.38,9.95,10.04,8.78
2004,9,14,0,10.53,9.1,7.61,9.07,6.66,8.32,6.75,8.93,7.58,7.87,6.89,7.56,7.69,3.63
2004,9,15,0,0,0,0,1.29,0,0,0.4,0,0.44,0,0,0,0,0
2004,9,16,0,0,6.37,5.4,6.78,3.99,5.87,4.38,6.35,5.46,5.71,4.8,5.47,5.6,0.55
2004,9,17,10.87,0,6,5.1,6.48,3.66,5.53,4.08,6,5.17,5.41,4.52,5.19,5.32,0.29
2004,9,18,17.26,3.88,10.76,8.97,10.47,8.41,9.79,8.31,10.5,8.89,9.15,8.19,8.82,8.94,6.19
2004,9,19,10.99,6.25,10.8,9.01,10.51,8.46,9.83,8.35,10.55,8.93,9.19,8.23,8.86,8.97,6.27
2004,9,20,1.57,9.84,7.37,6.2,7.61,4.93,6.77,5.21,7.29,6.22,6.5,5.55,6.24,6.38,1.46
2004,9,21,2.71,0,3.04,2.77,4.11,1.27,2.72,2.02,3.25,3.02,2.88,2.38,2.87,2.91,0
2004,9,22,0,0,0,0,0,0,0,0,0,0,0,0,0,0,0
2004,9,23,0.52,0,0,0,0.73,0,0,0.2,0,0,0,0,0,0,0
2004,9,24,0,0,0,0.46,2.13,0,0,0.75,0,1.21,0,0.44,0,0,0
2004,9,25,0,1.97,7.52,6.32,7.74,5.08,6.9,5.34,7.43,6.34,6.62,5.67,6.35,6.49,1.62
2004,9,26,11.99,0.95,6.85,5.78,7.18,4.43,6.3,4.77,6.79,5.82,6.09,5.15,5.84,5.97,0.95
2004,9,27,9.94,1.89,4.94,4.25,5.6,2.72,4.55,3.27,5,4.37,4.53,3.72,4.36,4.47,0
2004,9,28,22.85,5.16,5.66,4.82,6.19,3.35,5.21,3.81,5.67,4.91,5.12,4.26,4.92,5.04,0.11
2004,9,29,13.19,0,0,0.79,2.38,0,0,0.88,0.77,1.45,0,0.72,0,0,0
2004,9,30,20.54,0,6.65,5.62,7.01,4.25,6.12,4.6,6.61,5.66,5.93,5,5.68,5.82,0.77
2004,10,1,20.26,24.98,16.85,16.27,16.36,23.82,16.47,23.11,19.23,15.52,16.76,16.61,15.5,16.13,32.23
2004,10,2,4.65,2.41,4.69,4.28,5.22,3.7,4.78,4.33,4.9,4.27,4.07,3.63,3.92,3.92,0.21
2004,10,3,6.55,2.07,7.59,7.01,7.8,7.67,7.54,8.02,8.16,6.79,6.94,6.4,6.55,6.63,4.52
2004,10,4,8.53,3.05,8.45,7.84,8.58,8.98,8.36,9.24,9.15,7.56,7.81,7.27,7.34,7.47,6.41
2004,10,5,22.89,0.6,5.15,4.7,5.62,4.27,5.21,4.86,5.4,4.65,4.51,4.04,4.33,4.33,0.59
2004,10,6,3.1,0,0,0.64,1.75,0.1,0.6,0.76,0.47,1.07,0.17,0.47,0.41,0.48,0
2004,10,7,7.45,0,1.18,1.4,2.45,0.53,1.61,1.29,1.42,1.69,1.02,1.02,1.15,1.15,0
2004,10,8,37.32,0,6.32,5.79,6.65,5.82,6.32,6.3,6.7,5.66,5.65,5.14,5.37,5.41,2.14
2004,10,9,8.01,0,3.15,2.92,3.92,2.01,3.34,2.74,3.26,3.03,2.63,2.33,2.62,2.59,0
2004,10,10,0,3.82,7.61,7.03,7.82,7.7,7.56,8.05,8.18,6.81,6.96,6.42,6.56,6.65,4.56
2004,10,11,0,13.84,11.7,11.05,11.56,14.37,11.49,14.26,12.99,10.58,11.21,10.75,10.44,10.74,15.16
2004,10,12,0,0,5.94,5.43,6.31,5.3,5.96,5.82,6.27,5.33,5.28,4.78,5.03,5.05,1.56
2004,10,13,0,1.85,8.27,7.66,8.41,8.69,8.18,8.97,8.94,7.4,7.62,7.09,7.17,7.29,5.99
2004,10,14,0,2.79,6.9,6.34,7.18,6.64,6.88,7.07,7.36,6.17,6.24,5.71,5.91,5.96,3.15
2004,10,15,7.49,1.98,6.76,6.21,7.05,6.45,6.75,6.89,7.21,6.05,6.1,5.57,5.78,5.83,2.9
2004,10,16,17.43,0,5.11,4.66,5.58,4.21,5.17,4.81,5.35,4.62,4.47,4,4.29,4.29,0.55
2004,10,17,4.07,0,1.39,1.54,2.59,0.64,1.78,1.41,1.6,1.81,1.17,1.14,1.29,1.29,0
2004,10,18,16.97,0,0,0,1.15,0,0,0.41,0,0.55,0,0.1,0,0,0
2004,10,19,1.04,0,0,0,0.34,0,0,0.11,0,0,0,0,0,0,0
2004,10,20,15.99,0,0,0.58,1.7,0.1,0.52,0.73,0.39,1.03,0.11,0.43,0.35,0.43,0
2004,10,21,8.78,0,4.58,4.18,5.12,3.56,4.67,4.2,4.78,4.17,3.96,3.53,3.83,3.82,0.13
2004,10,22,1.23,0,4.51,4.12,5.06,3.48,4.61,4.13,4.7,4.12,3.89,3.47,3.76,3.75,0.1
2004,10,23,0,6.31,14.53,13.91,14.19,19.46,14.23,19.02,16.4,13.28,14.24,13.93,13.21,13.68,24.19
2004,10,24,16.53,0.32,6.73,6.18,7.02,6.4,6.71,6.84,7.17,6.02,6.06,5.54,5.75,5.8,2.84
2004,10,25,11.66,0,4.02,3.68,4.65,2.92,4.15,3.61,4.18,3.72,3.43,3.05,3.35,3.33,0
2004,10,26,0,11.52,16.59,16,16.11,23.31,16.21,22.63,18.91,15.26,16.46,16.3,15.23,15.84,31.28
2004,10,27,0,23.71,20.31,19.83,19.59,30.55,19.82,29.42,23.49,18.89,20.54,20.68,18.94,19.82,44.98
2004,10,28,0.77,14.27,16.14,15.55,15.69,22.47,15.79,21.84,18.37,14.83,15.99,15.78,14.8,15.37,29.72
2004,10,29,0.5,0,2.88,2.69,3.7,1.76,3.09,2.5,2.99,2.83,2.39,2.13,2.4,2.37,0
2004,10,30,8.63,17.06,11.89,11.24,11.74,14.7,11.67,14.58,13.22,10.76,11.41,10.96,10.63,10.93,15.74
2004,10,31,0.94,5.19,8.35,7.74,8.48,8.82,8.26,9.09,9.03,7.47,7.71,7.17,7.25,7.37,6.18
2004,11,1,0.33,3.58,11.68,14.12,13.18,34.4,11.1,35.7,15.95,11.14,10,9.3,9.52,9.43,9.01
2004,11,2,1.61,0.74,7.08,8.28,8.01,17.45,6.75,18.53,9.11,6.66,6.04,5.32,5.57,5.52,0.26
2004,11,3,1.21,0.67,7.63,8.96,8.62,19.35,7.27,20.45,9.91,7.18,6.51,5.78,6.04,5.98,0.78
2004,11,4,0.54,0.78,8.95,10.62,10.08,24.06,8.51,25.2,11.85,8.46,7.64,6.91,7.16,7.09,2.8
2004,11,5,0.1,0.5,7.48,8.78,8.45,18.83,7.13,19.92,9.69,7.04,6.38,5.65,5.91,5.86,0.62
2004,11,6,0.42,3.86,11.74,14.2,13.24,34.63,11.15,35.94,16.04,11.19,10.05,9.35,9.57,9.48,9.17
2004,11,7,0.29,32.7,25.55,32.47,29.23,93.04,24.24,95.22,37.58,25.13,22.08,21.93,21.87,21.6,54.31
2004,11,8,0.53,16.57,22.14,27.9,25.24,78.03,21.01,79.94,32.18,21.65,19.1,18.78,18.8,18.58,42.18
2004,11,9,0.51,2.04,13.18,16.03,14.84,40.23,12.5,41.54,18.21,12.6,11.28,10.61,10.81,10.7,13.05
2004,11,10,1.91,0.1,8.87,10.53,10,23.78,8.44,24.92,11.74,8.39,7.58,6.84,7.09,7.03,2.66
2004,11,11,0.21,0,5.95,6.89,6.78,13.71,5.68,14.76,7.49,5.59,5.08,4.38,4.63,4.59,0
2004,11,12,0.48,0,0,0.2,0.62,0.1,0.1,0.43,0.1,0.31,0.1,0.1,0.1,0.1,0
2004,11,13,0.1,0,0,0,0,0,0,0,0,0,0,0,0,0,0
2004,11,14,0.12,0,2.61,2.95,3.26,4.31,2.55,5.21,2.96,2.54,2.27,1.76,1.96,1.93,0
2004,11,15,0,0,4.3,4.89,5.01,8.68,4.13,9.67,5.19,4.05,3.68,3.04,3.28,3.24,0
2004,11,16,0,0,1.13,1.35,1.79,1.4,1.17,2.11,1.18,1.27,1.05,0.73,0.87,0.83,0
2004,11,17,0,0,0.43,0.66,1.12,0.49,0.52,1.04,0.46,0.71,0.5,0.31,0.41,0.37,0
2004,11,18,0,0,10.8,12.98,12.16,30.97,10.26,32.19,14.61,10.26,9.23,8.52,8.75,8.67,6.78
2004,11,19,0,3.79,17.38,21.55,19.68,57.53,16.48,59.07,24.7,16.81,14.93,14.4,14.52,14.37,25.99
2004,11,20,0,0,1.59,1.84,2.24,2.19,1.6,2.98,1.71,1.66,1.43,1.04,1.2,1.17,0
2004,11,21,0,0,0,0.1,0.47,0.1,0,0.28,0,0.19,0,0.1,0.1,0,0
2004,11,22,0,0,0,0.18,0.6,0.1,0.1,0.4,0.1,0.28,0.1,0.1,0.1,0.1,0
2004,11,23,0,0,0.35,0.6,1.05,0.42,0.45,0.94,0.39,0.65,0.44,0.27,0.36,0.32,0
2004,11,24,0,0,0.44,0.68,1.13,0.5,0.53,1.06,0.47,0.72,0.51,0.32,0.42,0.37,0
2004,11,25,0,0,0,0.26,0.7,0.13,0.1,0.5,0.1,0.36,0.15,0.1,0.14,0.1,0
2004,11,26,0,1.14,8.8,10.43,9.92,23.51,8.37,24.65,11.63,8.31,7.51,6.78,7.03,6.97,2.53
2004,11,27,0,0,9.22,10.97,10.39,25.05,8.77,26.2,12.25,8.72,7.87,7.14,7.39,7.32,3.31
2004,11,28,0,1.91,14.81,18.19,16.73,46.9,14.06,48.3,20.73,14.24,12.71,12.08,12.26,12.13,17.91
2004,11,29,0,0,0.1,0.28,0.72,0.14,0.12,0.52,0.1,0.38,0.17,0.1,0.15,0.11,0
2004,11,30,2.1,0,1.78,2.04,2.43,2.54,1.78,3.36,1.93,1.82,1.59,1.17,1.34,1.3,0
2004,12,1,1.08,3.07,20.71,30.25,27.99,100.12,19.47,103.27,30.44,21.61,18.33,10.59,13.09,12.74,18.29
2004,12,2,2.15,1.57,22.94,33.4,30.6,111.83,21.49,113.72,33.84,23.87,20.33,11.73,14.49,14.12,23.59
2004,12,3,0,0,0,0,0,0,0,0,0,0,0,0,0,0,0
2004,12,4,0,0,0,0,0,0,0,0,0,0,0,0,0,0,0
2004,12,5,0,0,3.59,4.98,4.99,12.41,3.62,13.5,4.83,3.7,3.18,1.87,2.32,2.31,0
2004,12,6,0.22,0,2.76,3.81,3.93,8.92,2.83,9.96,3.65,2.85,2.45,1.44,1.79,1.79,0
2004,12,7,0,0,5.39,7.52,7.31,20.47,5.31,21.64,7.42,5.54,4.76,2.8,3.46,3.41,0
2004,12,8,0,0,0.55,0.85,1.17,1.28,0.7,1.95,0.7,0.66,0.52,0.29,0.38,0.41,0
2004,12,9,0,0,6.78,9.52,9.11,27.06,6.6,28.3,9.45,6.97,5.99,3.51,4.33,4.26,0
2004,12,10,0,0,6.6,9.26,8.89,26.19,6.44,27.46,9.2,6.78,5.84,3.41,4.22,4.16,0
2004,12,11,0,0.66,7.25,10.2,9.73,29.34,7.04,30.61,10.14,7.46,6.4,3.75,4.63,4.55,0
2004,12,12,0,0,1.97,2.74,2.94,5.88,2.09,6.85,2.57,2.06,1.77,1.03,1.29,1.31,0
2004,12,13,3.34,0.1,3.18,4.4,4.47,10.68,3.24,11.74,4.25,3.29,2.82,1.66,2.06,2.05,0
2004,12,14,10.77,0,0.34,0.58,0.89,0.76,0.48,1.33,0.44,0.45,0.34,0.17,0.24,0.27,0
2004,12,15,3.64,0,0,0,0.1,0,0,0.1,0,0,0,0,0,0,0
2004,12,16,0.29,0,1.7,2.37,2.61,4.9,1.83,5.82,2.2,1.8,1.53,0.89,1.12,1.14,0
2004,12,17,0.1,0,0,0,0.1,0,0,0.1,0,0,0,0,0,0,0
2004,12,18,1.27,0,5.33,7.43,7.22,20.18,5.25,21.36,7.33,5.47,4.71,2.76,3.42,3.37,0
2004,12,19,0.27,0,9.23,13.09,12.34,39.17,8.87,40.54,13.08,9.51,8.15,4.76,5.87,5.76,0
2004,12,20,0,0,1.17,1.66,1.95,3.08,1.32,3.95,1.5,1.27,1.07,0.61,0.77,0.81,0
2004,12,21,0,0,0,0,0,0,0,0,0,0,0,0,0,0,0
2004,12,22,0,0,0,0,0.1,0,0,0,0,0,0,0,0,0,0
2004,12,23,0,0,0,0,0.1,0,0,0.1,0,0,0,0,0,0,0
2004,12,24,0,0,2.55,3.51,3.67,8.08,2.64,9.12,3.37,2.64,2.27,1.33,1.65,1.66,0
2004,12,25,0,0,0,0.1,0.24,0.1,0.1,0.19,0.1,0.1,0,0,0,0,0
2004,12,26,0,0,12.68,18.13,16.92,56.8,12.06,58.43,18.25,13.09,11.2,6.51,8.04,7.86,1.91
2004,12,27,0,0,0,0,0.1,0,0,0.1,0,0,0,0,0,0,0
2004,12,28,0,0,0,0,0,0,0,0,0,0,0,0,0,0,0
2004,12,29,0,0,0,0,0,0,0,0,0,0,0,0,0,0,0
2004,12,30,0,0,2.96,4.09,4.2,9.75,3.03,10.83,3.95,3.06,2.63,1.54,1.92,1.92,0
2004,12,31,0,0,8.71,12.33,11.66,36.58,8.4,37.93,12.31,8.98,7.7,4.49,5.55,5.44,0
2005,1,1,0,0,0.5,0.65,0.71,0.96,0.52,1.3,0.69,0.6,0.51,0.33,0.42,0.41,0
2005,1,2,0.71,1.33,5.77,7.27,6.97,25.64,5.59,24.49,8.62,5.38,5.03,4.07,4.2,4.33,5.74
2005,1,3,0,7.55,6.85,8.64,8.24,31.34,6.62,29.76,10.29,6.34,5.94,4.84,4.96,5.13,13.03
2005,1,4,0.1,0.1,1.75,2.21,2.22,5.79,1.74,6.05,2.52,1.78,1.62,1.23,1.36,1.37,0
2005,1,5,0.41,0,0.65,0.84,0.9,1.44,0.67,1.81,0.91,0.75,0.65,0.44,0.54,0.53,0
2005,1,6,0,0,0.93,1.18,1.23,2.41,0.94,2.79,1.3,1.01,0.9,0.64,0.75,0.75,0
2005,1,7,0,0,0,0,0,0,0,0,0,0,0,0,0,0,0
2005,1,8,0,0,0.14,0.2,0.26,0.11,0.16,0.28,0.19,0.23,0.17,0.1,0.13,0.12,0
2005,1,9,0,0,0,0,0,0,0,0,0,0,0,0,0,0,0
2005,1,10,0,0,0,0,0,0,0,0,0,0,0,0,0,0,0
2005,1,11,0,0,0.22,0.31,0.37,0.27,0.25,0.5,0.31,0.32,0.26,0.13,0.21,0.19,0
2005,1,12,0,0,0.22,0.3,0.36,0.25,0.24,0.49,0.3,0.31,0.25,0.13,0.2,0.19,0
2005,1,13,0,0,0.14,0.2,0.26,0.11,0.16,0.3,0.2,0.23,0.17,0.1,0.14,0.12,0
2005,1,14,0,0,1.04,1.32,1.37,2.83,1.06,3.2,1.47,1.12,1,0.72,0.84,0.84,0
2005,1,15,0,0,0.33,0.44,0.5,0.5,0.35,0.79,0.45,0.43,0.35,0.21,0.29,0.28,0
2005,1,16,0,0,1.12,1.42,1.46,3.15,1.13,3.51,1.58,1.19,1.07,0.77,0.89,0.9,0
2005,1,17,0,0,2.08,2.61,2.6,7.22,2.06,7.39,3,2.07,1.9,1.46,1.59,1.62,0
2005,1,18,0,0,1.27,1.61,1.65,3.75,1.28,4.1,1.81,1.34,1.2,0.88,1.01,1.01,0
2005,1,19,0,0,0,0,0,0,0,0,0,0,0,0,0,0,0
2005,1,20,0,0,0.26,0.34,0.41,0.32,0.28,0.58,0.35,0.36,0.28,0.15,0.23,0.22,0
2005,1,21,0,0,2.83,3.57,3.5,10.79,2.79,10.74,4.14,2.76,2.55,2,2.13,2.18,0
2005,1,22,0.46,0,4.27,5.38,5.2,17.91,4.16,17.35,6.32,4.05,3.77,3.02,3.15,3.24,0.15
2005,1,23,0.94,0,0,0,0,0,0,0,0,0,0,0,0,0,0
2005,1,24,0.33,0,0.22,0.3,0.37,0.26,0.24,0.5,0.31,0.32,0.25,0.13,0.2,0.19,0
2005,1,25,0,0,0.28,0.37,0.44,0.37,0.3,0.65,0.38,0.38,0.3,0.17,0.25,0.24,0
2005,1,26,0,0,0.25,0.33,0.4,0.3,0.27,0.55,0.34,0.35,0.27,0.15,0.22,0.21,0
2005,1,27,0,0,0.1,0.1,0.1,0.1,0.1,0.1,0.1,0.1,0.1,0.1,0.1,0.1,0
2005,1,28,0,0,0,0,0,0,0,0,0,0,0,0,0,0,0
2005,1,29,0,0,0.1,0.1,0.11,0.1,0.1,0.1,0.1,0.1,0.1,0.1,0.1,0.1,0
2005,1,30,0,0,0.1,0.1,0.1,0,0.1,0.1,0.1,0.1,0.1,0,0.1,0.1,0
2005,1,31,0,0,0,0,0,0,0,0,0,0,0,0,0,0,0
2005,2,1,0,0,0.1,0.1,0.13,0,0.1,0.1,0.1,0.11,0.1,0.1,0.1,0.1,0
2005,2,2,0,0,0,0,0,0,0,0,0,0,0,0,0,0,0
2005,2,3,0.21,0,0,0,0,0,0,0,0,0,0,0,0,0,0
2005,2,4,0.67,0,0,0,0,0,0,0,0,0,0,0,0,0,0
2005,2,5,3.09,0,0,0,0.1,0,0,0,0,0.1,0,0,0,0,0
2005,2,6,2.32,0,0.44,0.55,0.66,0.23,0.47,0.53,0.56,0.55,0.44,0.34,0.39,0.38,0
2005,2,7,1.35,0,0,0,0,0,0,0,0,0,0,0,0,0,0
2005,2,8,2.93,0,0.1,0.1,0.1,0,0.1,0.1,0.1,0.1,0.1,0,0.1,0.1,0
2005,2,9,1.26,0,0,0,0,0,0,0,0,0,0,0,0,0,0
2005,2,10,0.1,0,5.31,8.19,8.58,19.87,6.17,20.25,7.83,6.47,5.97,5.47,5.52,5.59,4.52
2005,2,11,0,0,1.03,1.37,1.54,1.48,1.13,2.07,1.36,1.23,1.07,0.9,0.97,0.97,0
2005,2,12,0,0,0.1,0.11,0.16,0.1,0.1,0.1,0.12,0.14,0.1,0.1,0.1,0.1,0
2005,2,13,0,0,2.08,2.96,3.19,5.1,2.34,5.84,2.88,2.48,2.25,1.98,2.06,2.07,0
2005,2,14,0,0,0.48,0.61,0.72,0.28,0.52,0.62,0.62,0.6,0.49,0.38,0.42,0.42,0
2005,2,15,0,0,0,0,0,0,0,0,0,0,0,0,0,0,0
2005,2,16,0,0,0,0,0,0,0,0,0,0,0,0,0,0,0
2005,2,17,0.1,0,0,0,0,0,0,0,0,0,0,0,0,0,0
2005,2,18,0.1,0,1.34,1.84,2.02,2.43,1.49,3.1,1.81,1.6,1.42,1.22,1.29,1.29,0
2005,2,19,0,0,0,0,0,0,0,0,0,0,0,0,0,0,0
2005,2,20,0,0,0,0,0,0,0,0,0,0,0,0,0,0,0
2005,2,21,0,0,0,0,0,0,0,0,0,0,0,0,0,0,0
2005,2,22,0,0,0.27,0.32,0.41,0.1,0.28,0.23,0.33,0.35,0.26,0.18,0.22,0.22,0
2005,2,23,18.02,0,0,0,0,0,0,0,0,0,0,0,0,0,0
2005,2,24,2.11,0,0,0,0,0,0,0,0,0,0,0,0,0,0
2005,2,25,7.62,0,0,0,0,0,0,0,0,0,0,0,0,0,0
2005,2,26,0.5,0,0,0.1,0.1,0,0,0,0.1,0.1,0,0,0,0,0
2005,2,27,0,0,0,0,0.1,0,0,0,0,0.1,0,0,0,0,0
2005,2,28,2.37,0,0,0,0,0,0,0,0,0,0,0,0,0,0
2005,3,1,3.13,0,1.82,1.77,1.95,1.96,1.64,2.37,2.06,1.76,1.64,1.64,1.63,1.64,0
2005,3,2,1.3,0,0,0,0,0,0,0,0,0,0,0,0,0,0
2005,3,3,4.23,0,0,0,0,0,0,0,0,0,0,0,0,0,0
2005,3,4,1.42,0,0,0,0,0,0,0,0,0,0,0,0,0,0
2005,3,5,0.26,0,0,0.1,0.1,0,0,0.1,0.1,0.1,0.1,0.1,0.1,0.1,0
2005,3,6,0.41,0,0.66,0.69,0.79,0.43,0.62,0.77,0.74,0.78,0.65,0.56,0.61,0.6,0
2005,3,7,0.1,0,0,0,0.1,0,0,0.1,0,0.1,0,0,0,0,0
2005,3,8,0.1,0,0,0,0,0,0,0,0,0,0,0,0,0,0
2005,3,9,0,0,0,0,0,0,0,0,0,0,0,0,0,0,0
2005,3,10,0,0,0,0,0,0,0,0,0,0,0,0,0,0,0
2005,3,11,0,0,1.97,1.9,2.07,2.2,1.77,2.57,2.22,1.89,1.76,1.77,1.75,1.76,0
2005,3,12,0.1,25.9,5.81,5.55,5.94,9.3,5.09,9.14,6.91,5.11,5.04,5.75,5.31,5.37,3.18
2005,3,13,0,0.63,0.72,0.73,0.84,0.5,0.67,0.82,0.8,0.83,0.7,0.6,0.65,0.65,0
2005,3,14,0,0,0,0,0,0,0,0,0,0,0,0,0,0,0
2005,3,15,0,0,1.87,1.81,1.99,2.04,1.68,2.42,2.11,1.8,1.68,1.68,1.67,1.67,0
2005,3,16,0,0,0,0,0.1,0,0,0.1,0,0.1,0,0,0,0,0
2005,3,17,0.1,0,0,0,0,0,0,0,0,0,0,0,0,0,0
2005,3,18,0,0,0,0.1,0.1,0,0,0.1,0.1,0.1,0.1,0.1,0.1,0.1,0
2005,3,19,0,5.2,9.5,9.11,9.72,16.94,8.25,16.04,11.58,8.19,8.24,9.76,8.84,8.94,20.93
2005,3,20,0,2.15,5.95,5.69,6.11,9.59,5.21,9.43,7.08,5.23,5.17,5.89,5.45,5.5,3.65
2005,3,21,2.93,7.23,4.93,4.71,5.05,7.55,4.33,7.54,5.82,4.37,4.29,4.82,4.49,4.54,0.82
2005,3,22,4.45,0,0.99,0.98,1.12,0.82,0.91,1.22,1.09,1.08,0.93,0.83,0.88,0.88,0
2005,3,23,0,0.82,1.98,1.91,2.08,2.22,1.78,2.59,2.23,1.9,1.77,1.78,1.76,1.77,0
2005,3,24,0,8.71,14.58,13.99,14.88,28.02,12.57,25.82,18,12.43,12.57,15.3,13.67,13.83,51.77
2005,3,25,0,0.32,3.68,3.54,3.83,5.18,3.25,5.43,4.3,3.35,3.24,3.52,3.34,3.37,0
2005,3,26,0.44,0,0,0,0,0,0,0,0,0,0,0,0,0,0
2005,3,27,4.85,0,0,0,0,0,0,0,0,0,0,0,0,0,0
2005,3,28,0.1,0,0,0,0,0,0,0,0,0,0,0,0,0,0
2005,3,29,2.21,0,0.87,0.86,0.99,0.68,0.81,1.04,0.95,0.97,0.82,0.73,0.77,0.77,0
2005,3,30,16.78,0,1.46,1.41,1.57,1.44,1.32,1.84,1.61,1.47,1.31,1.27,1.28,1.29,0
2005,3,31,16.16,0,0,0,0,0,0,0.1,0,0.1,0,0,0,0,0
2005,4,1,0,0,0,0,0,0,0,0,0,0,0,0,0,0,0
2005,4,2,0,0,0.11,0.29,0.6,0.1,0.1,0.42,0.31,0.48,0.38,0.2,0.24,0.26,0
2005,4,3,0,0.63,3.8,3.38,4.1,3.32,3.58,4.11,3.76,3.34,3.18,2.86,2.98,3.09,0
2005,4,4,0,0,0.1,0.2,0.5,0.1,0.1,0.35,0.2,0.4,0.29,0.12,0.15,0.17,0
2005,4,5,0,10.04,20.5,18.49,20.16,28.55,19.39,26.49,19.93,16.49,15.62,16.05,15.9,16.27,41.83
2005,4,6,0,0,0,0,0,0,0,0.1,0,0,0,0,0,0,0
2005,4,7,0,0,1.16,1.08,1.53,0.55,1.09,1.24,1.22,1.25,1.14,0.87,0.95,1,0
2005,4,8,1.58,0,6.69,5.88,6.82,7.15,6.3,7.62,6.5,5.56,5.29,5.06,5.16,5.33,0.72
2005,4,9,8.3,0,1.75,1.6,2.07,1.01,1.65,1.72,1.82,1.69,1.61,1.33,1.43,1.49,0
2005,4,10,11.72,0,1.78,1.62,2.1,1.04,1.68,1.74,1.84,1.7,1.63,1.35,1.45,1.51,0
2005,4,11,2.2,0,0,0,0,0,0,0.1,0,0,0,0,0,0,0
2005,4,12,22.19,0,0,0,0,0,0,0,0,0,0,0,0,0,0
2005,4,13,25.05,0,0,0,0.1,0,0,0.1,0,0.1,0,0,0,0,0
2005,4,14,0.24,0,0,0.1,0.13,0,0,0.11,0.1,0.11,0.1,0.1,0.1,0.1,0
2005,4,15,0.1,0,4.65,4.11,4.83,4.35,4.38,4.96,4.58,3.94,3.79,3.51,3.63,3.75,0
2005,4,16,0,0.17,2.99,2.67,3.27,2.29,2.82,3.07,3,2.66,2.56,2.26,2.37,2.46,0
2005,4,17,0,1.94,3.72,3.28,4,3.21,3.51,4,3.65,3.25,3.09,2.77,2.89,3,0
2005,4,18,0.1,6.14,7.9,6.99,7.95,8.84,7.44,9.04,7.69,6.48,6.22,6.02,6.11,6.3,2.73
2005,4,19,6.41,3.11,5.11,4.47,5.3,4.98,4.81,5.63,4.98,4.32,4.1,3.83,3.95,4.08,0
2005,4,20,5.64,0,1.21,1.14,1.6,0.59,1.14,1.3,1.29,1.3,1.2,0.93,1.01,1.06,0
2005,4,21,14.65,0,0,0,0,0,0,0.1,0,0,0,0,0,0,0
2005,4,22,0.43,0,1.41,1.34,1.8,0.72,1.33,1.48,1.52,1.47,1.38,1.1,1.19,1.25,0
2005,4,23,4.03,12.17,8.86,7.91,8.98,10.23,8.35,10.51,8.66,7.32,6.99,6.81,6.89,7.1,4.95
2005,4,24,5.9,7.49,7.23,6.45,7.4,7.84,6.81,8.36,7.09,6.03,5.77,5.54,5.63,5.81,1.61
2005,4,25,20.6,0.52,9.01,8.03,9.1,10.42,8.48,10.66,8.79,7.42,7.09,6.92,6.99,7.2,5.22
2005,4,26,19.69,0,0,0,0.1,0,0,0.1,0,0.1,0,0,0,0,0
2005,4,27,59.5,0,0,0,0,0,0,0,0,0,0,0,0,0,0
2005,4,28,15.33,0,0,0,0.1,0,0,0.1,0,0.1,0,0,0,0,0
2005,4,29,18.89,0,0,0,0,0,0,0,0,0,0,0,0,0,0
2005,4,30,22.76,9.72,8.42,7.43,8.5,9.65,7.93,9.89,8.16,6.93,6.6,6.4,6.49,6.68,4.02
2005,5,1,33.99,0,0,0,0,0,0,0.1,0,0,0,0,0,0,0
2005,5,2,16.86,0,0,0.12,0.62,0,0,0.35,0,0.44,0,0,0,0,0
2005,5,3,19.74,0,1.86,1.88,2.49,0.77,2,1.52,2.17,2.04,1.9,1.55,1.81,1.8,0
2005,5,4,15.28,0,0,0.47,0.98,0,0,0.56,0.52,0.75,0.33,0.28,0.43,0.29,0
2005,5,5,11.93,0,0,0,0,0,0,0.1,0,0,0,0,0,0,0
2005,5,6,2.7,0,0,0,0,0,0,0,0,0,0,0,0,0,0
2005,5,7,0.31,0,0,0,0,0,0,0,0,0,0,0,0,0,0
2005,5,8,6.86,0,0,0,0,0,0,0.1,0,0,0,0,0,0,0
2005,5,9,14.06,0,0,0,0.5,0,0,0.28,0,0.34,0,0,0,0,0
2005,5,10,3.37,0,1.87,1.89,2.5,0.78,2.01,1.53,2.18,2.05,1.91,1.56,1.82,1.81,0
2005,5,11,7.3,0,0,0.73,1.26,0.1,0.58,0.72,0.82,0.99,0.62,0.52,0.69,0.57,0
2005,5,12,0,0.1,5.56,5.21,5.68,4.08,5.43,4.51,5.67,5,5.19,4.34,4.73,4.98,0
2005,5,13,0.51,0,0,0,0,0,0,0.1,0,0,0,0,0,0,0
2005,5,14,1.47,0,4.02,3.77,4.35,2.5,4.02,3.11,4.2,3.74,3.81,3.15,3.51,3.64,0
2005,5,15,9.64,1.6,6.74,6.36,6.73,5.4,6.5,5.67,6.81,6.01,6.27,5.29,5.69,6.01,0.5
2005,5,16,16.76,0.7,3.6,3.36,3.96,2.12,3.63,2.77,3.77,3.38,3.41,2.8,3.15,3.26,0
2005,5,17,20.85,0,1.3,1.44,2.02,0.39,1.46,1.16,1.66,1.64,1.41,1.16,1.38,1.33,0
2005,5,18,5.2,0,0,0.25,0.75,0,0,0.43,0,0.55,0,0,0,0,0
2005,5,19,28.39,0,0,0,0,0,0,0.1,0,0,0,0,0,0,0
2005,5,20,38.63,0,1.43,1.55,2.13,0.48,1.59,1.25,1.78,1.74,1.53,1.25,1.49,1.45,0
2005,5,21,1.45,1.54,10.08,9.72,9.71,9.5,9.48,9.28,10.08,8.94,9.32,8,8.4,8.96,5.11
2005,5,22,5.8,25.43,16.71,16.59,15.57,18.64,15.34,17.19,16.58,14.81,15.4,13.49,13.79,14.86,18.95
2005,5,23,0,9.23,7.02,6.61,6.95,5.72,6.75,5.96,7.07,6.22,6.51,5.5,5.9,6.25,0.75
2005,5,24,0.1,0,5.43,5.08,5.57,3.93,5.31,4.37,5.54,4.9,5.07,4.24,4.63,4.86,0
2005,5,25,2.6,0,7.48,7.07,7.38,6.26,7.16,6.44,7.51,6.65,6.91,5.86,6.26,6.64,1.18
2005,5,26,2.74,0,7.4,6.99,7.31,6.17,7.09,6.36,7.42,6.58,6.85,5.79,6.19,6.57,1.11
2005,5,27,0,5.68,10.76,10.37,10.27,10.4,10.09,10.04,10.72,9.49,9.93,8.54,8.93,9.55,6.22
2005,5,28,0,0.84,4.75,4.41,4.96,3.23,4.69,3.77,4.87,4.32,4.45,3.69,4.07,4.26,0
2005,5,29,0,28.82,15.97,15.85,14.95,17.57,14.69,16.29,15.86,14.19,14.72,12.88,13.19,14.2,17.33
2005,5,30,0,13.45,19.24,19.27,17.83,22.31,17.56,20.4,19.07,17.11,17.74,15.61,15.87,17.13,25.09
2005,5,31,0,46.93,27.85,28.61,25.6,35.23,25.01,31.92,27.56,25.07,25.66,22.92,22.89,24.83,47.36
2005,6,1,0,25.37,24.21,22.13,25.18,26,20.52,23.73,23.38,19.54,20.86,17.99,17.76,18.87,41.11
2005,6,2,0,23.2,13.79,12.56,14.36,12.88,12.13,12.18,13.39,11.34,12.06,10.35,10.54,11.09,15.2
2005,6,3,1,22.58,16.31,14.86,16.95,15.95,14.17,14.87,15.8,13.31,14.19,12.18,12.29,12.98,21.04
2005,6,4,2.59,18.96,12.74,11.6,13.27,11.63,11.28,11.07,12.38,10.51,11.17,9.59,9.8,10.3,12.87
2005,6,5,6.76,12.79,9.09,8.27,9.53,7.4,8.28,7.35,8.88,7.65,8.06,6.94,7.23,7.53,5.57
2005,6,6,0,7.92,7.86,7.16,8.28,6.05,7.25,6.17,7.7,6.69,7.01,6.04,6.35,6.59,3.51
2005,6,7,0,2.21,3.64,3.38,4.07,1.91,3.65,2.51,3.65,3.43,3.38,2.97,3.28,3.3,0
2005,6,8,0.18,6.53,6.22,5.68,6.63,4.34,5.87,4.66,6.13,5.42,5.61,4.85,5.17,5.33,1.27
2005,6,9,0,2.69,8.95,8.15,9.39,7.25,8.16,7.22,8.75,7.54,7.95,6.84,7.13,7.43,5.33
2005,6,10,0,0,0,0,0,0,0,0.14,0,0,0,0,0,0,0
2005,6,11,6.5,0,0.63,0.85,1.37,0.1,0.87,0.71,0.81,1.32,0.74,0.83,1.01,0.85,0
2005,6,12,4.92,0,2.34,2.26,2.84,0.91,2.49,1.61,2.42,2.47,2.25,2.04,2.32,2.27,0
2005,6,13,0,0.83,4.23,3.9,4.64,2.42,4.16,2.97,4.22,3.88,3.89,3.4,3.72,3.77,0
2005,6,14,0,0,0.5,0.75,1.27,0,0.75,0.66,0.7,1.24,0.64,0.74,0.92,0.75,0
2005,6,15,0,0,0,0.53,1.04,0,0,0.55,0.45,1.06,0.4,0.55,0.71,0.52,0
2005,6,16,2.27,2.31,4.44,4.09,4.85,2.62,4.35,3.14,4.43,4.05,4.08,3.56,3.88,3.94,0.1
2005,6,17,11.28,1.72,5.33,4.89,5.74,3.45,5.12,3.88,5.28,4.73,4.85,4.21,4.53,4.64,0.42
2005,6,18,17.61,5.85,8.31,7.57,8.73,6.54,7.63,6.59,8.13,7.04,7.4,6.37,6.67,6.94,4.23
2005,6,19,0.32,1.07,2.78,2.63,3.25,1.22,2.88,1.89,2.84,2.79,2.64,2.35,2.64,2.62,0
2005,6,20,0,0,1.38,1.46,1.99,0.33,1.6,1.05,1.52,1.8,1.42,1.36,1.6,1.49,0
2005,6,21,0.46,5.92,5.93,5.42,6.33,4.04,5.62,4.39,5.85,5.19,5.36,4.64,4.96,5.1,0.95
2005,6,22,4.25,33.51,20.23,18.48,21.05,20.9,17.34,19.23,19.57,16.41,17.51,15.03,15.02,15.92,30.78
2005,6,23,11.87,34.59,22.82,20.85,23.73,24.21,19.41,22.16,22.05,18.45,19.69,16.91,16.8,17.84,37.46
2005,6,24,10.32,24.22,10.92,9.94,11.4,9.49,9.79,9.18,10.63,9.08,9.62,8.27,8.52,8.93,9.05
2005,6,25,3.19,11.17,10.88,9.9,11.36,9.44,9.75,9.14,10.6,9.05,9.59,8.24,8.49,8.9,8.97
2005,6,26,8.52,21.46,14.69,13.38,15.29,13.98,12.87,13.13,14.25,12.04,12.82,11.01,11.17,11.77,17.24
2005,6,27,4.39,10.57,10.32,9.4,10.79,8.79,9.3,8.58,10.06,8.61,9.11,7.84,8.1,8.47,7.87
2005,6,28,0,16.42,11.29,10.28,11.78,9.91,10.09,9.56,10.99,9.37,9.94,8.54,8.78,9.21,9.81
2005,6,29,1.77,13.38,10.36,9.43,10.83,8.83,9.32,8.62,10.09,8.64,9.14,7.86,8.13,8.5,7.94
2005,6,30,0,0,0,0,0,0,0,0.1,0,0,0,0,0,0,0
2005,7,1,0.1,1.78,3.31,2.99,3.83,1.39,3.25,2.16,3.25,3.01,3.04,2.72,2.95,2.96,0
2005,7,2,0,3.36,3.21,2.91,3.75,1.32,3.16,2.09,3.16,2.95,2.97,2.65,2.88,2.89,0
2005,7,3,0,0.16,1.98,1.96,2.87,0.54,2.06,1.38,2.09,2.14,2.04,1.87,2.03,2.01,0
2005,7,4,10.29,3.58,4.39,3.82,4.62,2.21,4.16,2.89,4.19,3.72,3.83,3.41,3.68,3.7,0
2005,7,5,20.24,0.46,4.13,3.62,4.42,2.01,3.95,2.71,3.97,3.55,3.64,3.25,3.5,3.53,0
2005,7,6,18.71,0,6.7,5.6,6.3,4.2,6.05,4.63,6.21,5.23,5.46,4.9,5.19,5.23,1.16
2005,7,7,18.58,0,4.09,3.59,4.4,1.98,3.91,2.68,3.93,3.53,3.61,3.22,3.48,3.5,0
2005,7,8,0,0.45,5.26,4.49,5.25,2.93,4.89,3.52,4.96,4.29,4.45,3.98,4.25,4.29,0.18
2005,7,9,0,4.53,8.06,6.65,7.29,5.47,7.12,5.74,7.4,6.12,6.39,5.78,6.06,6.1,2.49
2005,7,10,0,0,5.04,4.32,5.09,2.75,4.71,3.36,4.77,4.15,4.29,3.84,4.11,4.14,0.1
2005,7,11,3.77,0,0,0,0,0,0,0,0,0,0,0,0,0,0
2005,7,12,10.16,0,1.45,1.56,2.51,0.27,1.54,1.11,1.62,1.8,1.63,1.54,1.65,1.61,0
2005,7,13,28.18,0.32,3.04,2.78,3.63,1.2,3.01,1.99,3.01,2.83,2.84,2.54,2.76,2.77,0
2005,7,14,7.92,1.33,4.81,4.15,4.93,2.56,4.52,3.19,4.57,4,4.13,3.69,3.96,3.99,0.1
2005,7,15,27.04,0,0.53,0.88,1.93,0,0.59,0.73,0.83,1.24,0.87,0.99,0.98,0.86,0
2005,7,16,0,0.56,6.66,5.58,6.28,4.17,6.02,4.6,6.18,5.21,5.43,4.88,5.17,5.21,1.13
2005,7,17,3.33,4.56,11.2,9.06,9.56,8.59,9.55,8.45,10.13,8.13,8.51,7.78,8.03,8.07,6.38
2005,7,18,0,19.68,23.04,18.05,17.92,21.54,18.36,19.65,20.33,15.58,16.22,15.24,15.2,15.16,25.45
2005,7,19,0,15.5,13.86,11.08,11.45,11.36,11.56,10.85,12.43,9.82,10.27,9.46,9.67,9.69,10.22
2005,7,20,5.57,8.92,21.61,16.96,16.93,19.91,17.31,18.25,19.1,14.69,15.29,14.34,14.34,14.31,22.95
2005,7,21,17.53,0,0,0,0.55,0,0,0.12,0,0,0,0,0,0,0
2005,7,22,7.3,0,0.76,1.06,2.07,0.1,0.83,0.82,1.03,1.38,1.06,1.13,1.16,1.05,0
2005,7,23,7.21,0.23,0,0.65,1.74,0,0,0.63,0.57,1.05,0.62,0.8,0.75,0.62,0
2005,7,24,0,1,7.68,6.36,7.02,5.11,6.82,5.42,7.07,5.87,6.13,5.53,5.82,5.86,2.08
2005,7,25,0,0,0,0,0.86,0,0,0.23,0,0,0,0,0,0,0
2005,7,26,0,0.97,1.2,1.38,2.35,0.15,1.28,1,1.41,1.65,1.43,1.39,1.48,1.41,0
2005,7,27,0,2.17,4.48,3.89,4.68,2.28,4.24,2.95,4.27,3.78,3.89,3.47,3.73,3.76,0
2005,7,28,14.94,0,0,0,0.7,0,0,0.18,0,0,0,0,0,0,0
2005,7,29,0,0.2,2.22,2.15,3.05,0.68,2.28,1.51,2.3,2.3,2.23,2.02,2.2,2.19,0
2005,7,30,1.34,3.14,3.18,2.89,3.74,1.31,3.14,2.08,3.14,2.93,2.95,2.64,2.86,2.87,0
2005,7,31,6.24,2.59,1.14,1.33,2.31,0.13,1.21,0.97,1.36,1.61,1.38,1.35,1.43,1.37,0
2005,8,1,1.24,0,3.1,2.82,3.87,1.2,3.03,2.01,3.3,3.01,3.03,2.62,2.99,3.04,0
2005,8,2,6.57,0,0,0,0,0,0,0,0,0,0,0,0,0,0
2005,8,3,5.28,0,0,0,0.4,0,0,0.1,0,0,0,0,0,0,0
2005,8,4,4.61,0,0,0,0,0,0,0,0,0,0,0,0,0,0
2005,8,5,3.13,0,0,0,1.48,0,0,0.47,0,0.72,0,0,0,0,0
2005,8,6,12.08,0,0,0,0,0,0,0,0,0,0,0,0,0,0
2005,8,7,30.81,10.75,10.12,8.32,9.49,7.41,9.3,7.44,9.67,7.99,8.13,7.11,7.73,7.98,4.74
2005,8,8,29.41,0.75,1.08,1.33,2.44,0.1,0.95,0.99,1.46,1.7,1.37,1.31,1.53,1.46,0
2005,8,9,9.08,14.54,9.09,7.51,8.66,6.38,8.4,6.54,8.74,7.26,7.41,6.46,7.06,7.28,3.47
2005,8,10,0,0,3.69,3.28,4.32,1.63,3.58,2.38,3.84,3.43,3.48,3,3.41,3.48,0
2005,8,11,0,0,0,0,0.7,0,0,0.17,0,0,0,0,0,0,0
2005,8,12,0.23,9.56,11.93,9.74,10.95,9.24,10.84,9.05,11.29,9.27,9.38,8.24,8.89,9.18,7.19
2005,8,13,4.07,0,0.38,0.82,2.01,0,0,0.74,0.8,1.29,0.72,0.83,0.96,0.83,0
2005,8,14,0,0,0,0,0,0,0,0,0,0,0,0,0,0,0
2005,8,15,0,9.36,3.99,3.51,4.56,1.85,3.86,2.58,4.11,3.63,3.71,3.19,3.62,3.7,0
2005,8,16,8.41,10.14,3.32,2.99,4.03,1.35,3.23,2.14,3.49,3.16,3.19,2.76,3.15,3.2,0
2005,8,17,1.27,1.95,8.98,7.42,8.56,6.27,8.3,6.45,8.64,7.17,7.33,6.39,6.98,7.2,3.33
2005,8,18,0,10.47,3.5,3.13,4.17,1.48,3.4,2.26,3.66,3.29,3.33,2.87,3.28,3.34,0
2005,8,19,0,7.97,6.41,5.41,6.49,3.87,6.05,4.34,6.32,5.35,5.5,4.76,5.28,5.44,0.84
2005,8,20,7.91,0,0,0.56,1.8,0,0,0.63,0.47,1.07,0,0.59,0.67,0,0
2005,8,21,12.04,0,1.78,1.83,2.89,0.39,1.72,1.29,2.08,2.12,1.96,1.75,2.04,2.02,0
2005,8,22,3.61,0,10.97,8.99,10.18,8.26,10.03,8.19,10.44,8.59,8.72,7.65,8.28,8.55,5.86
2005,8,23,55.9,25.75,28.37,22.65,24.21,27.53,24.64,25.23,25.88,20.87,20.31,18.32,19.09,19.74,35.97
2005,8,24,5.49,7.26,8.91,7.37,8.51,6.21,8.24,6.39,8.58,7.13,7.28,6.35,6.94,7.16,3.25
2005,8,25,6.39,0,4.64,4.02,5.07,2.36,4.45,3.02,4.7,4.09,4.2,3.62,4.07,4.17,0.1
2005,8,26,8.74,0,1.77,1.82,2.88,0.38,1.7,1.28,2.07,2.12,1.95,1.74,2.03,2.01,0
2005,8,27,2.62,4.24,4.82,4.16,5.22,2.51,4.62,3.15,4.87,4.22,4.34,3.74,4.2,4.31,0.1
2005,8,28,0.18,0,3.46,3.1,4.15,1.46,3.37,2.23,3.63,3.26,3.31,2.85,3.25,3.31,0
2005,8,29,0.16,6.26,9.38,7.73,8.89,6.66,8.65,6.79,9,7.46,7.61,6.64,7.24,7.47,3.81
2005,8,30,2.64,0.77,5.81,4.94,6.01,3.35,5.52,3.88,5.78,4.93,5.07,4.38,4.88,5.02,0.44
2005,8,31,2,9.06,4.93,4.24,5.3,2.6,4.72,3.23,4.97,4.3,4.42,3.81,4.27,4.38,0.1
2005,9,1,9.13,0,2.16,2.13,3.49,0.73,1.79,1.57,2.47,2.46,2.04,1.82,2.18,2.13,0
2005,9,2,0.66,0,3.23,2.92,4.25,1.41,2.91,2.13,3.42,3.15,3.06,2.51,3.02,3.07,0
2005,9,3,9.69,0,0,0,0.86,0,0,0.24,0,0,0,0,0,0,0
2005,9,4,3.76,1.92,6.78,5.73,7.12,4.38,6.24,4.72,6.74,5.77,6.04,5.11,5.79,5.92,0.89
2005,9,5,7.5,0.8,7.18,6.05,7.45,4.75,6.6,5.05,7.11,6.07,6.35,5.41,6.09,6.23,1.27
2005,9,6,16.88,6.05,5.69,4.85,6.21,3.37,5.24,3.83,5.7,4.93,5.15,4.28,4.94,5.06,0.12
2005,9,7,1.04,2.7,8.48,7.11,8.55,6.03,7.77,6.19,8.34,7.09,7.38,6.41,7.09,7.23,2.79
2005,9,8,2.66,6.67,15.33,12.75,14.35,13.54,13.8,12.92,14.86,12.56,12.63,11.85,12.27,12.31,14.84
2005,9,9,2.32,3.69,8.66,7.26,8.7,6.22,7.93,6.35,8.51,7.23,7.53,6.55,7.23,7.36,3.03
2005,9,10,0,12.25,5.95,5.06,6.43,3.6,5.48,4.04,5.95,5.13,5.36,4.47,5.14,5.27,0.26
2005,9,11,8.34,8.77,12.67,10.55,12.09,10.51,11.48,10.19,12.32,10.42,10.62,9.72,10.27,10.36,9.57
2005,9,12,0,30.11,20.33,16.88,18.57,19.49,18.13,18.3,19.61,16.6,16.35,15.9,15.99,15.92,25.95
2005,9,13,10.43,1.26,8.83,7.4,8.85,6.39,8.08,6.5,8.67,7.37,7.66,6.69,7.36,7.49,3.26
2005,9,14,20.98,0,2.1,2.1,3.46,0.7,1.73,1.55,2.43,2.43,1.99,1.79,2.14,2.09,0
2005,9,15,18.15,0,2.99,2.74,4.07,1.24,2.68,2,3.21,2.99,2.84,2.35,2.83,2.87,0
2005,9,16,4.07,0,5.46,4.66,6.02,3.17,5.03,3.66,5.49,4.76,4.96,4.11,4.76,4.88,0.1
2005,9,17,0.11,6.13,11.23,9.36,10.87,8.91,10.21,8.76,10.95,9.26,9.51,8.57,9.18,9.29,6.98
2005,9,18,0,12.04,12.45,10.37,11.91,10.26,11.29,9.97,12.12,10.25,10.45,9.54,10.11,10.2,9.17
2005,9,19,19.42,5.35,6.81,5.76,7.15,4.4,6.27,4.74,6.77,5.79,6.06,5.13,5.81,5.95,0.92
2005,9,20,24.82,0,6.94,5.86,7.25,4.52,6.38,4.85,6.88,5.89,6.16,5.23,5.91,6.04,1.03
2005,9,21,0,0,6.09,5.17,6.55,3.74,5.61,4.15,6.08,5.24,5.48,4.58,5.26,5.38,0.35
2005,9,22,0,12.81,9.24,7.73,9.19,6.8,8.44,6.87,9.06,7.69,7.98,7,7.67,7.8,3.83
2005,9,23,0,14.24,18.17,15.1,16.75,16.89,16.27,15.95,17.56,14.86,14.75,14.15,14.38,14.37,21
2005,9,24,0,4.66,17.11,14.22,15.85,15.62,15.35,14.8,16.55,13.99,13.96,13.28,13.59,13.6,18.64
2005,9,25,4.84,18.16,9.96,8.32,9.8,7.56,9.09,7.55,9.74,8.26,8.54,7.57,8.22,8.34,4.91
2005,9,26,10.67,2.1,10.98,9.15,10.66,8.64,9.98,8.52,10.71,9.06,9.32,8.37,8.99,9.1,6.55
2005,9,27,4.03,0,5.54,4.73,6.09,3.25,5.11,3.72,5.57,4.82,5.03,4.17,4.83,4.95,0.1
2005,9,28,8.99,8.67,9.83,8.21,9.69,7.42,8.97,7.43,9.62,8.15,8.44,7.47,8.12,8.25,4.71
2005,9,29,0,7.06,7.75,6.51,7.93,5.3,7.11,5.54,7.65,6.52,6.81,5.85,6.53,6.67,1.89
2005,9,30,4.43,14.57,15.14,12.59,14.19,13.32,13.64,12.72,14.67,12.41,12.49,11.7,12.12,12.17,14.45
2005,10,1,0.13,5.27,15.96,15.36,15.53,22.13,15.61,21.52,18.15,14.65,15.79,15.58,14.62,15.18,29.09
2005,10,2,0,0,5.77,5.27,6.16,5.07,5.8,5.6,6.08,5.18,5.11,4.61,4.88,4.89,1.32
2005,10,3,0,0,3.56,3.28,4.26,2.43,3.72,3.14,3.69,3.35,3.01,2.67,2.96,2.94,0
2005,10,4,0,0,0,0.85,1.94,0.16,0.9,0.89,0.74,1.23,0.4,0.61,0.62,0.66,0
2005,10,5,0,0,0,0,1.11,0,0,0.39,0,0.53,0,0.1,0,0,0
2005,10,6,0,0,3.36,3.1,4.09,2.22,3.54,2.94,3.48,3.19,2.82,2.5,2.79,2.77,0
2005,10,7,0,0,7.84,7.24,8.02,8.04,7.77,8.36,8.44,7.01,7.19,6.65,6.77,6.87,5.04
2005,10,8,0,7.31,10.81,10.17,10.74,12.85,10.63,12.84,11.93,9.75,10.27,9.78,9.59,9.84,12.58
2005,10,9,0,15.52,16.02,15.42,15.58,22.24,15.67,21.63,18.22,14.71,15.85,15.64,14.68,15.25,29.3
2005,10,10,13.14,32.99,18.3,17.76,17.71,26.61,17.87,25.72,21.01,16.93,18.34,18.31,16.94,17.67,37.47
2005,10,11,41.95,0,4.26,3.89,4.85,3.19,4.37,3.85,4.43,3.91,3.65,3.25,3.55,3.53,0.1
2005,10,12,21.47,0,4.2,3.84,4.8,3.13,4.32,3.79,4.37,3.87,3.6,3.2,3.5,3.48,0.1
2005,10,13,0.22,2.44,6.37,5.84,6.7,5.89,6.37,6.37,6.76,5.7,5.7,5.19,5.42,5.46,2.22
2005,10,14,4.81,2.69,5.3,4.84,5.75,4.46,5.35,5.03,5.56,4.78,4.65,4.18,4.46,4.46,0.74
2005,10,15,0,0,5.18,4.73,5.65,4.31,5.24,4.89,5.43,4.68,4.54,4.07,4.35,4.36,0.62
2005,10,16,0,0.1,6.12,5.61,6.48,5.55,6.14,6.06,6.49,5.49,5.46,4.96,5.2,5.23,1.84
2005,10,17,0,1.61,7.11,6.54,7.36,6.95,7.08,7.35,7.6,6.36,6.45,5.91,6.1,6.16,3.54
2005,10,18,0,3.35,13.64,13,13.36,17.83,13.37,17.5,15.33,12.42,13.28,12.92,12.34,12.75,21.25
2005,10,19,0,6.06,12.36,11.71,12.17,15.52,12.12,15.34,13.78,11.2,11.91,11.48,11.08,11.41,17.17
2005,10,20,0,23.24,19.22,18.71,18.57,28.41,18.77,27.42,22.15,17.83,19.35,19.39,17.86,18.66,40.89
2005,10,21,0,3.49,10.05,9.41,10.04,11.56,9.9,11.65,11.03,9.04,9.47,8.96,8.86,9.06,10.46
2005,10,22,0,1.53,7.97,7.37,8.14,8.24,7.9,8.55,8.59,7.13,7.32,6.78,6.9,7,5.33
2005,10,23,0,12.03,7.65,7.06,7.85,7.75,7.59,8.1,8.22,6.84,6.99,6.46,6.6,6.69,4.64
2005,10,24,2.56,0,0,0,0,0,0,0.1,0,0,0,0,0,0,0
2005,10,25,14.12,0,0,0,0.23,0,0,0.1,0,0,0,0,0,0,0
2005,10,26,0,0,0,0,1.01,0,0,0.34,0,0.44,0,0,0,0,0
2005,10,27,0,0,3.09,2.87,3.87,1.96,3.29,2.7,3.21,2.99,2.58,2.29,2.57,2.55,0
2005,10,28,0,23.96,14.78,14.15,14.42,19.91,14.46,19.44,16.7,13.51,14.5,14.21,13.45,13.93,25
2005,10,29,0,36.51,30.22,30.2,28.97,50.98,29.46,48.76,35.9,28.78,31.6,32.79,29.01,30.68,85.03
2005,10,30,0,56.86,34.81,35.22,33.77,61.03,34.02,59.05,41.77,33.39,36.81,38.78,33.74,36.1,104.61
2005,10,31,1.42,18.68,14.93,14.3,14.56,20.19,14.61,19.7,16.88,13.65,14.67,14.38,13.59,14.09,25.51
2005,11,1,0.61,0,6.07,7.03,6.91,14.08,5.79,15.14,7.66,5.7,5.18,4.47,4.73,4.68,0
2005,11,2,0,0,4.05,4.6,4.75,7.97,3.9,8.95,4.85,3.82,3.47,2.84,3.08,3.04,0
2005,11,3,0.1,0,11.39,13.74,12.83,33.27,10.82,34.54,15.51,10.85,9.75,9.04,9.26,9.18,8.26
2005,11,4,0.1,0,0,0,0.14,0,0,0.1,0,0,0,0,0,0,0
2005,11,5,0.13,0,2.3,2.6,2.94,3.6,2.26,4.47,2.57,2.26,2.01,1.53,1.72,1.69,0
2005,11,6,0,0,0,0,0,0,0,0,0,0,0,0,0,0,0
2005,11,7,2.89,0,0,0,0.1,0,0,0.1,0,0,0,0,0,0,0
2005,11,8,3.73,0,5.79,6.69,6.61,13.21,5.54,14.25,7.27,5.44,4.94,4.25,4.5,4.46,0
2005,11,9,6.26,0,2.27,2.57,2.92,3.54,2.24,4.42,2.54,2.24,1.99,1.51,1.71,1.67,0
2005,11,10,0,0,0.8,1.02,1.47,0.93,0.86,1.58,0.83,1,0.79,0.53,0.65,0.61,0
2005,11,11,0,0,1.83,2.09,2.48,2.64,1.83,3.47,2,1.86,1.63,1.2,1.38,1.34,0
2005,11,12,0.1,0,0.1,0.36,0.8,0.2,0.21,0.63,0.17,0.45,0.24,0.14,0.2,0.16,0
2005,11,13,0.15,0.1,8.84,10.48,9.96,23.65,8.41,24.78,11.68,8.35,7.55,6.81,7.06,7,2.59
2005,11,14,3.64,1.23,11.62,14.05,13.11,34.17,11.04,35.47,15.86,11.08,9.95,9.24,9.47,9.38,8.86
2005,11,15,1.56,12.28,21.23,26.68,24.17,74.06,20.14,75.89,30.75,20.72,18.31,17.94,17.98,17.77,39.01
2005,11,16,0.17,11.17,15.55,19.16,17.59,49.94,14.76,51.39,21.87,14.99,13.35,12.75,12.91,12.78,20.19
2005,11,17,1.69,22.31,33.68,43.45,38.83,129.82,31.96,132.66,50.63,33.52,29.21,29.54,29.25,28.87,84.4
2005,11,18,9.32,4.75,20.45,25.63,23.24,70.63,19.39,72.38,29.5,19.91,17.61,17.21,17.27,17.07,36.27
2005,11,19,0.46,0,0,0,0.2,0,0,0.1,0,0.1,0,0,0,0,0
2005,11,20,0,0,0,0,0,0,0,0,0,0,0,0,0,0,0
2005,11,21,0,0,0.84,1.06,1.51,0.98,0.9,1.64,0.87,1.04,0.83,0.55,0.68,0.64,0
2005,11,22,0,0,0,0,0.25,0,0,0.11,0,0.1,0,0,0,0,0
2005,11,23,0,0,0,0,0.1,0,0,0.1,0,0,0,0,0,0,0
2005,11,24,0,0,4.23,4.81,4.94,8.48,4.07,9.47,5.1,3.99,3.62,2.99,3.23,3.19,0
2005,11,25,0,0,2.08,2.36,2.72,3.13,2.05,3.99,2.29,2.07,1.83,1.37,1.56,1.52,0
2005,11,26,0,0,0.7,0.92,1.38,0.8,0.77,1.42,0.72,0.92,0.71,0.47,0.58,0.54,0
2005,11,27,0,0,0.22,0.48,0.93,0.3,0.33,0.78,0.27,0.55,0.34,0.2,0.28,0.24,0
2005,11,28,0,0,0,0.17,0.58,0.1,0.1,0.38,0.1,0.27,0.1,0.1,0.1,0.1,0
2005,11,29,0,0,5.45,6.28,6.24,12.12,5.21,13.16,6.78,5.12,4.65,3.96,4.22,4.18,0
2005,11,30,0,0,5.47,6.3,6.26,12.18,5.23,13.22,6.81,5.14,4.67,3.98,4.23,4.19,0
2005,12,1,0,0,0.81,1.18,1.49,1.97,0.95,2.73,1.02,0.9,0.74,0.42,0.54,0.57,0
2005,12,2,0,0,1.13,1.6,1.9,2.95,1.27,3.8,1.44,1.23,1.03,0.59,0.75,0.78,0
2005,12,3,0,0,2.28,3.16,3.34,7.05,2.39,8.08,3,2.37,2.04,1.19,1.49,1.5,0
2005,12,4,0,0,4.01,5.56,5.53,14.23,4.02,15.34,5.43,4.13,3.55,2.09,2.59,2.57,0
2005,12,5,0,0,2.99,4.14,4.24,9.87,3.07,10.97,3.99,3.09,2.66,1.56,1.94,1.94,0
2005,12,6,0,0,0,0.1,0.29,0.1,0.1,0.26,0.1,0.1,0.1,0,0,0.1,0
2005,12,7,0,0,0.64,0.98,1.28,1.51,0.8,2.24,0.82,0.75,0.61,0.34,0.43,0.47,0
2005,12,8,0,1.66,8.64,12.23,11.57,36.23,8.34,37.59,12.22,8.9,7.64,4.46,5.51,5.4,0
2005,12,9,0,0.6,12.35,17.69,16.48,55.27,11.78,56.74,17.79,12.78,10.93,6.35,7.84,7.67,1.52
2005,12,10,0.17,0,0.47,0.75,1.06,1.06,0.61,1.69,0.6,0.57,0.46,0.24,0.32,0.36,0
2005,12,11,0.61,0,1.85,2.58,2.8,5.43,1.98,6.42,2.42,1.95,1.67,0.97,1.21,1.24,0
2005,12,12,0.1,0,11.9,17.05,15.89,52.97,11.35,54.44,17.09,12.32,10.52,6.12,7.55,7.38,1.06
2005,12,13,0,0,16.42,23.74,22.06,76.8,15.53,79.02,23.94,17.05,14.53,8.42,10.39,10.14,8.41
2005,12,14,0,0,3.56,4.92,4.94,12.24,3.59,13.34,4.78,3.66,3.15,1.85,2.3,2.28,0
2005,12,15,0,0,1.07,1.52,1.81,2.75,1.21,3.57,1.35,1.16,0.97,0.56,0.71,0.74,0
2005,12,16,0,0,6,8.4,8.11,23.36,5.89,24.58,8.33,6.17,5.31,3.11,3.84,3.79,0
2005,12,17,0,0,0,0.1,0.14,0,0,0.1,0,0,0,0,0,0,0
2005,12,18,0.92,0,0.1,0.12,0.35,0.1,0.1,0.34,0.1,0.1,0.1,0,0.1,0.1,0
2005,12,19,0.1,0,2.97,4.11,4.22,9.81,3.05,10.9,3.97,3.08,2.65,1.55,1.93,1.93,0
2005,12,20,0,0.17,6.74,9.46,9.06,26.84,6.56,28.09,9.39,6.92,5.95,3.48,4.31,4.23,0
2005,12,21,0,0.57,11.63,16.62,15.56,51.44,11.1,53.11,16.69,12.02,10.28,5.98,7.38,7.22,0.82
2005,12,22,0,0,2.77,3.83,3.95,8.99,2.85,10.02,3.67,2.87,2.46,1.45,1.8,1.8,0
2005,12,23,0,0,4.21,5.85,5.8,15.12,4.22,16.27,5.73,4.34,3.73,2.19,2.71,2.69,0
2005,12,24,0,0,0.2,0.39,0.68,0.43,0.32,0.93,0.27,0.3,0.21,0.1,0.14,0.17,0
2005,12,25,0,0.1,1.31,1.85,2.12,3.55,1.45,4.41,1.68,1.4,1.19,0.68,0.87,0.89,0
2005,12,26,0,0,2.17,3,3.2,6.61,2.28,7.62,2.84,2.26,1.94,1.13,1.41,1.43,0
2005,12,27,0,0.1,5.69,7.95,7.7,21.84,5.59,23.06,7.86,5.84,5.03,2.95,3.64,3.59,0
2005,12,28,0,0.28,9.63,13.68,12.88,41.21,9.25,42.64,13.69,9.93,8.51,4.96,6.13,6.01,0.1
2005,12,29,0,0,6.32,8.85,8.51,24.83,6.17,26.05,8.77,6.49,5.58,3.27,4.04,3.98,0
2005,12,30,0,0,0.1,0.23,0.49,0.19,0.17,0.57,0.13,0.17,0.1,0.1,0.1,0.1,0
2005,12,31,0,0,0,0,0.1,0,0,0.1,0,0,0,0,0,0,0
2006,1,1,0,0.32,4.7,5.92,5.7,20.08,4.57,19.36,6.98,4.43,4.13,3.31,3.45,3.55,0.95
2006,1,2,0,0,3.59,4.52,4.4,14.5,3.51,14.19,5.29,3.44,3.19,2.54,2.67,2.74,0
2006,1,3,0.1,0,1.06,1.34,1.39,2.89,1.07,3.26,1.49,1.13,1.01,0.73,0.85,0.85,0
2006,1,4,0,0,0.21,0.29,0.36,0.25,0.24,0.48,0.29,0.31,0.24,0.12,0.2,0.18,0
2006,1,5,0,0,0.26,0.35,0.42,0.34,0.29,0.61,0.36,0.37,0.29,0.16,0.24,0.23,0
2006,1,6,0,0,0.18,0.26,0.32,0.19,0.2,0.41,0.25,0.28,0.21,0.1,0.17,0.16,0
2006,1,7,0,0,0,0,0,0,0,0,0,0,0,0,0,0,0
2006,1,8,0,0,0.1,0.1,0.1,0,0.1,0.1,0.1,0.1,0.1,0,0.1,0.1,0
2006,1,9,0,0,0,0,0,0,0,0,0,0,0,0,0,0,0
2006,1,10,0,0,0.11,0.17,0.22,0.1,0.13,0.24,0.16,0.2,0.14,0.1,0.11,0.1,0
2006,1,11,0,0,0,0,0,0,0,0,0,0,0,0,0,0,0
2006,1,12,0,0,0,0,0,0,0,0,0,0,0,0,0,0,0
2006,1,13,0,0,0,0,0,0,0,0,0,0,0,0,0,0,0
2006,1,14,0,0,0.82,1.04,1.1,2.01,0.84,2.38,1.14,0.91,0.8,0.56,0.67,0.66,0
2006,1,15,0,0,2.86,3.6,3.53,10.91,2.81,10.85,4.18,2.78,2.57,2.01,2.15,2.2,0
2006,1,16,0,0.72,4.99,6.29,6.05,21.61,4.85,20.77,7.43,4.69,4.38,3.53,3.66,3.77,1.95
2006,1,17,0,0,0.41,0.53,0.6,0.7,0.43,1.02,0.56,0.51,0.43,0.26,0.35,0.34,0
2006,1,18,0,0,0,0,0,0,0,0,0,0,0,0,0,0,0
2006,1,19,0,0,0.47,0.61,0.68,0.88,0.49,1.22,0.65,0.58,0.49,0.31,0.4,0.39,0
2006,1,20,0,0,0,0,0,0,0,0,0,0,0,0,0,0,0
2006,1,21,0,0,0,0,0,0,0,0,0,0,0,0,0,0,0
2006,1,22,0,0,1.41,1.78,1.8,4.3,1.41,4.62,2,1.46,1.32,0.98,1.1,1.11,0
2006,1,23,0,0,0,0,0,0,0,0,0,0,0,0,0,0,0
2006,1,24,0,0,0,0,0,0,0,0,0,0,0,0,0,0,0
2006,1,25,0,0,0,0,0,0,0,0,0,0,0,0,0,0,0
2006,1,26,0,0,0.1,0.14,0.19,0.1,0.1,0.19,0.13,0.18,0.12,0.1,0.1,0.1,0
2006,1,27,0,0,0.91,1.15,1.21,2.33,0.93,2.71,1.27,0.99,0.88,0.62,0.74,0.73,0
2006,1,28,0,0,0,0,0.1,0,0,0.1,0,0.1,0,0,0,0,0
2006,1,29,0,0,0.1,0.1,0.1,0.1,0.1,0.1,0.1,0.1,0.1,0,0.1,0.1,0
2006,1,30,0,0,0,0,0,0,0,0,0,0,0,0,0,0,0
2006,1,31,0,0,0,0,0,0,0,0,0,0,0,0,0,0,0
2006,2,1,0,0,0,0,0.1,0,0,0,0,0.1,0,0,0,0,0
2006,2,2,0,2.24,1.13,1.52,1.68,1.76,1.24,2.39,1.5,1.34,1.18,1,1.07,1.07,0
2006,2,3,0,0,0.46,0.58,0.69,0.25,0.49,0.57,0.59,0.57,0.46,0.35,0.4,0.4,0
2006,2,4,0,0,0,0,0,0,0,0,0,0,0,0,0,0,0
2006,2,5,0,0.1,0.47,0.59,0.7,0.26,0.5,0.58,0.6,0.58,0.47,0.36,0.41,0.41,0
2006,2,6,0,0,1.82,2.56,2.78,4.11,2.04,4.84,2.5,2.17,1.95,1.71,1.78,1.8,0
2006,2,7,0,0,0.18,0.22,0.29,0.1,0.19,0.12,0.23,0.25,0.18,0.11,0.14,0.14,0
2006,2,8,0,0,0,0,0,0,0,0,0,0,0,0,0,0,0
2006,2,9,0,0,0,0,0,0,0,0,0,0,0,0,0,0,0
2006,2,10,0,0,0,0,0,0,0,0,0,0,0,0,0,0,0
2006,2,11,0,0,0,0,0,0,0,0,0,0,0,0,0,0,0
2006,2,12,0,0,0,0,0,0,0,0,0,0,0,0,0,0,0
2006,2,13,0,0,0,0,0,0,0,0,0,0,0,0,0,0,0
2006,2,14,0,0,0,0,0,0,0,0,0,0,0,0,0,0,0
2006,2,15,0,0,0,0,0,0,0,0,0,0,0,0,0,0,0
2006,2,16,0,0,0,0,0.1,0,0,0,0,0.1,0,0,0,0,0
2006,2,17,0,6.85,4.43,6.75,7.11,15.61,5.12,16.12,6.47,5.39,4.95,4.52,4.57,4.63,2.74
2006,2,18,0,0,2.57,3.74,4.01,7.14,2.92,7.87,3.63,3.09,2.81,2.51,2.58,2.6,0.1
2006,2,19,0.23,0,0,0,0,0,0,0,0,0,0,0,0,0,0
2006,2,20,1.03,0,0.25,0.29,0.38,0.1,0.26,0.21,0.3,0.32,0.24,0.16,0.2,0.2,0
2006,2,21,0,0,1.32,1.81,1.99,2.37,1.47,3.04,1.78,1.58,1.4,1.2,1.27,1.27,0
2006,2,22,0,0,12.05,18.88,19.98,55.29,14.36,53.98,17.88,14.51,13.55,12.79,12.8,12.97,28.59
2006,2,23,0.1,4.89,9.27,14.79,15.35,40.29,10.91,39.56,14,11.44,10.59,9.84,9.84,9.96,13.49
2006,2,24,0.1,0.74,3.39,5.05,5.35,10.72,3.88,11.37,4.86,4.09,3.74,3.39,3.45,3.49,0.91
2006,2,25,0,0,0,0,0,0,0,0,0,0,0,0,0,0,0
2006,2,26,0,0,0,0,0,0,0,0,0,0,0,0,0,0,0
2006,2,27,0.44,0,0,0,0,0,0,0,0,0,0,0,0,0,0
2006,2,28,0.8,0,0,0,0,0,0,0,0,0,0,0,0,0,0
2006,3,1,0,0,0,0,0,0,0,0,0,0,0,0,0,0,0
2006,3,2,0.69,1.28,0,0,0,0,0,0,0,0,0,0,0,0,0
2006,3,3,4.99,5.34,3.22,3.09,3.34,4.32,2.86,4.6,3.73,2.93,2.84,3.04,2.91,2.93,0
2006,3,4,1.88,0,0,0,0.1,0,0,0.1,0,0.1,0.1,0,0,0,0
2006,3,5,1.14,0,0.13,0.2,0.27,0.1,0.14,0.22,0.19,0.32,0.2,0.13,0.17,0.16,0
2006,3,6,0.24,0,0,0,0,0,0,0,0,0,0,0,0,0,0
2006,3,7,0,0,0.48,0.5,0.61,0.28,0.46,0.58,0.52,0.64,0.49,0.38,0.44,0.43,0
2006,3,8,0.21,0,0.49,0.51,0.62,0.28,0.46,0.58,0.53,0.64,0.49,0.38,0.45,0.43,0
2006,3,9,1.55,0,0,0,0,0,0,0,0,0,0,0,0,0,0
2006,3,10,5.3,0,0,0.1,0.1,0,0.1,0.1,0.1,0.11,0.1,0.1,0.1,0.1,0
2006,3,11,1.98,2.54,2.74,2.63,2.84,3.49,2.44,3.81,3.14,2.54,2.41,2.54,2.45,2.47,0
2006,3,12,0.1,0,0,0,0,0,0,0,0,0,0,0,0,0,0
2006,3,13,0,0,0,0,0,0,0,0,0,0,0,0,0,0,0
2006,3,14,0,0,0.28,0.32,0.39,0.12,0.27,0.31,0.32,0.43,0.31,0.23,0.28,0.27,0
2006,3,15,0,0,0.1,0.17,0.25,0.1,0.11,0.2,0.16,0.31,0.18,0.1,0.15,0.13,0
2006,3,16,0,0,0.86,0.85,0.96,0.66,0.79,1.01,0.93,0.96,0.8,0.71,0.76,0.76,0
2006,3,17,0,0,0.94,0.92,1.06,0.76,0.86,1.14,1.01,1.03,0.87,0.78,0.83,0.82,0
2006,3,18,0.1,1.53,4.97,4.75,5.08,7.62,4.36,7.61,5.86,4.4,4.32,4.85,4.52,4.57,0.9
2006,3,19,0.16,0,5.14,4.92,5.29,7.98,4.51,7.97,6.08,4.56,4.48,5.03,4.69,4.73,1.28
2006,3,20,2.46,0,0.4,0.42,0.51,0.22,0.38,0.47,0.43,0.56,0.41,0.32,0.36,0.36,0
2006,3,21,6.28,0.78,0.91,0.9,1.03,0.73,0.84,1.1,0.99,1.01,0.85,0.76,0.8,0.8,0
2006,3,22,11.53,3.78,3.26,3.13,3.38,4.39,2.89,4.65,3.78,2.96,2.87,3.08,2.94,2.97,0
2006,3,23,0.6,0.1,0.84,0.83,0.94,0.64,0.77,0.98,0.91,0.94,0.79,0.7,0.74,0.74,0
2006,3,24,0,0,0,0,0,0,0,0,0,0,0,0,0,0,0
2006,3,25,0,0,0,0,0,0,0,0,0,0,0,0,0,0,0
2006,3,26,0.18,0,0.32,0.35,0.43,0.15,0.31,0.36,0.36,0.48,0.35,0.26,0.31,0.3,0
2006,3,27,5.8,1.02,3.8,3.66,3.95,5.37,3.36,5.63,4.46,3.44,3.35,3.65,3.46,3.49,0
2006,3,28,0.41,0,1.24,1.22,1.36,1.12,1.13,1.51,1.38,1.27,1.14,1.08,1.11,1.11,0
2006,3,29,0,0,0,0,0.1,0,0,0.1,0,0.1,0,0,0,0,0
2006,3,30,0,0,0,0,0,0,0,0,0,0,0,0,0,0,0
2006,3,31,0,0,0,0,0,0,0,0,0,0,0,0,0,0,0
2006,4,1,0,0,0.95,0.89,1.28,0.39,0.89,1.01,1.03,1.04,0.96,0.73,0.81,0.85,0
2006,4,2,0,0.43,4.98,4.37,5.14,4.81,4.69,5.45,4.87,4.19,4.02,3.74,3.86,3.99,0
2006,4,3,0,0,3.24,2.87,3.47,2.6,3.05,3.32,3.22,2.83,2.73,2.43,2.55,2.64,0
2006,4,4,0,0,0.1,0.25,0.55,0.1,0.1,0.39,0.26,0.45,0.34,0.17,0.2,0.22,0
2006,4,5,0.15,0,3.2,2.83,3.44,2.55,3.01,3.27,3.18,2.8,2.7,2.4,2.52,2.61,0
2006,4,6,3.92,0,0.1,0.23,0.53,0.1,0.1,0.37,0.23,0.43,0.32,0.15,0.18,0.2,0
2006,4,7,1.96,0,0,0.1,0.1,0,0,0.1,0,0.1,0.1,0,0,0,0
2006,4,8,0,0,0,0.1,0.1,0,0,0.1,0,0.1,0.1,0,0,0,0
2006,4,9,0.1,0,3.08,2.74,3.34,2.4,2.9,3.14,3.07,2.72,2.61,2.32,2.43,2.52,0
2006,4,10,0,0,0.1,0.12,0.41,0,0.1,0.29,0.1,0.33,0.21,0.1,0.1,0.1,0
2006,4,11,0,0,0,0,0,0,0,0.1,0,0,0,0,0,0,0
2006,4,12,15.57,0,0,0,0,0,0,0,0,0,0,0,0,0,0
2006,4,13,1.76,0,0.86,0.83,1.17,0.32,0.81,0.91,0.95,0.95,0.89,0.67,0.75,0.78,0
2006,4,14,0.1,0,0,0,0,0,0,0.1,0,0,0,0,0,0,0
2006,4,15,0,0,1.42,1.35,1.81,0.72,1.34,1.49,1.52,1.47,1.38,1.11,1.2,1.25,0
2006,4,16,0.1,5.06,1.1,1.02,1.47,0.51,1.04,1.18,1.16,1.19,1.08,0.83,0.91,0.95,0
2006,4,17,3.62,0,0,0,0.1,0,0,0.1,0,0.1,0,0,0,0,0
2006,4,18,5.74,0,0.2,0.36,0.66,0.1,0.19,0.46,0.38,0.54,0.44,0.26,0.29,0.32,0
2006,4,19,8.55,0,4.49,3.98,4.7,4.12,4.23,4.8,4.43,3.83,3.68,3.39,3.51,3.63,0
2006,4,20,16.61,0.78,7.01,6.25,7.21,7.61,6.6,8.11,6.87,5.88,5.61,5.36,5.46,5.63,1.31
2006,4,21,10.68,21.19,6.44,5.68,6.52,6.79,6.07,7.23,6.28,5.31,5.12,4.88,4.99,5.14,0.25
2006,4,22,9.28,11.05,10.1,8.94,10.11,12.14,9.51,12.12,9.78,8.25,7.84,7.72,7.78,8.01,8.22
2006,4,23,10.56,14.08,18.88,16.9,18.48,25.78,17.73,24.1,18.22,15.1,14.36,14.67,14.54,14.99,35.91
2006,4,24,14.88,4.59,6.47,5.7,6.54,6.83,6.1,7.28,6.3,5.34,5.14,4.9,5.01,5.17,0.31
2006,4,25,6.65,0.92,5.23,4.61,5.45,5.15,4.93,5.82,5.1,4.44,4.23,3.93,4.04,4.18,0
2006,4,26,0.46,0,2.81,2.53,3.13,2.07,2.65,2.92,2.84,2.55,2.44,2.13,2.25,2.33,0
2006,4,27,0.1,0,0.1,0.1,0.34,0,0.1,0.25,0.1,0.28,0.15,0.1,0.1,0.1,0
2006,4,28,0.1,0,0.1,0.11,0.39,0,0.1,0.28,0.1,0.32,0.19,0.1,0.1,0.1,0
2006,4,29,0.11,0,0,0.1,0.11,0,0,0.1,0.1,0.1,0.1,0.1,0.1,0.1,0
2006,4,30,0.1,0,0,0,0.1,0,0,0.1,0,0.1,0,0,0,0,0
2006,5,1,3.41,0,0,0,0.46,0,0,0.26,0,0.31,0,0,0,0,0
2006,5,2,5.37,0,4.45,4.14,4.69,2.93,4.41,3.49,4.59,4.06,4.18,3.47,3.83,4,0
2006,5,3,0,0,3.8,3.55,4.14,2.29,3.81,2.93,3.97,3.55,3.59,2.97,3.32,3.43,0
2006,5,4,0,0.82,0,0.34,0.85,0,0,0.48,0.37,0.64,0,0.17,0.31,0,0
2006,5,5,0,43.2,7.96,7.56,7.81,6.84,7.59,6.93,8,7.06,7.37,6.26,6.67,7.08,1.82
2006,5,6,0,0,0,0,0,0,0,0.1,0,0,0,0,0,0,0
2006,5,7,1.64,0,2.81,2.68,3.29,1.43,2.89,2.14,3.04,2.76,2.73,2.23,2.55,2.6,0
2006,5,8,0.43,10.77,18.01,17.96,16.73,20.51,16.48,18.82,17.85,15.98,16.6,14.57,14.85,16.02,22.07
2006,5,9,9.45,7.15,3.5,3.27,3.87,2.04,3.54,2.7,3.68,3.3,3.33,2.74,3.08,3.18,0
2006,5,10,7.72,0,0,0.36,0.87,0,0,0.5,0.39,0.66,0,0.19,0.32,0,0
2006,5,11,23.69,0,9.6,9.18,9.24,8.89,9.06,8.73,9.58,8.47,8.86,7.58,7.98,8.52,4.2
2006,5,12,3.74,0,3.57,3.34,3.94,2.1,3.6,2.75,3.74,3.36,3.39,2.79,3.13,3.24,0
2006,5,13,9.78,0,1.33,1.47,2.05,0.42,1.49,1.18,1.69,1.66,1.44,1.18,1.41,1.36,0
2006,5,14,18.37,11.93,7.28,6.85,7.19,6.02,6.98,6.23,7.3,6.46,6.73,5.69,6.09,6.46,0.99
2006,5,15,2.33,6.95,4.59,4.27,4.81,3.07,4.54,3.62,4.72,4.18,4.31,3.58,3.95,4.12,0
2006,5,16,0,13.76,13.47,13.2,12.71,14.06,12.49,13.24,13.38,11.93,12.41,10.77,11.13,11.96,11.73
2006,5,17,0,10.36,8.29,7.87,8.08,7.25,7.89,7.29,8.3,7.32,7.66,6.52,6.92,7.37,2.23
2006,5,18,0,0,2.15,2.11,2.73,0.97,2.27,1.7,2.43,2.26,2.15,1.75,2.03,2.04,0
2006,5,19,0,0,3.35,3.13,3.73,1.9,3.4,2.57,3.54,3.17,3.2,2.63,2.96,3.05,0
2006,5,20,0,0,2.08,2.05,2.67,0.92,2.2,1.66,2.36,2.21,2.09,1.7,1.98,1.98,0
2006,5,21,0,0,1.82,1.85,2.45,0.74,1.95,1.49,2.13,2.01,1.86,1.52,1.78,1.77,0
2006,5,22,0,0,0.43,0.77,1.31,0.1,0.63,0.75,0.88,1.03,0.67,0.56,0.73,0.62,0
2006,5,23,0,1.85,5.06,4.72,5.24,3.53,4.97,4.04,5.17,4.59,4.72,3.94,4.32,4.52,0
2006,5,24,0,0.62,3.76,3.52,4.11,2.26,3.78,2.9,3.93,3.52,3.56,2.94,3.29,3.4,0
2006,5,25,1.69,0,3.11,2.93,3.54,1.7,3.18,2.39,3.32,2.99,2.99,2.45,2.78,2.85,0
2006,5,26,0,10.93,15.28,15.1,14.32,16.6,14.08,15.41,15.18,13.54,14.09,12.3,12.63,13.59,15.66
2006,5,27,0,8.95,14.28,14.03,13.41,15.19,13.2,14.2,14.18,12.62,13.16,11.46,11.81,12.69,13.39
2006,5,28,0,0.11,10.17,9.82,9.79,9.63,9.57,9.37,10.17,9.02,9.4,8.08,8.47,9.05,5.27
2006,5,29,0.1,2.36,4.37,4.07,4.63,2.85,4.34,3.42,4.52,4,4.11,3.41,3.77,3.93,0
2006,5,30,0,7.53,11.64,11.3,11.08,11.57,10.87,11.04,11.6,10.29,10.74,9.27,9.66,10.34,7.95
2006,5,31,0,0,2.39,2.31,2.93,1.13,2.49,1.85,2.64,2.44,2.35,1.92,2.21,2.24,0
2006,6,1,0,0,2.54,2.43,3.03,1.05,2.67,1.74,2.61,2.62,2.43,2.18,2.47,2.43,0
2006,6,2,0,1.91,3.18,2.98,3.63,1.54,3.25,2.18,3.22,3.09,2.99,2.64,2.95,2.94,0
2006,6,3,0,2.11,3.69,3.43,4.12,1.96,3.69,2.55,3.71,3.47,3.43,3.01,3.32,3.35,0
2006,6,4,0,0,2.61,2.48,3.08,1.1,2.73,1.78,2.67,2.66,2.48,2.23,2.51,2.48,0
2006,6,5,0.72,2.51,5.28,4.84,5.68,3.4,5.07,3.83,5.22,4.69,4.8,4.17,4.49,4.6,0.39
2006,6,6,0,0.91,3.68,3.42,4.11,1.95,3.68,2.54,3.7,3.46,3.42,3,3.31,3.34,0
2006,6,7,0,2.92,3.51,3.27,3.94,1.8,3.53,2.41,3.53,3.33,3.27,2.88,3.18,3.2,0
2006,6,8,0,0.74,4.74,4.36,5.15,2.89,4.61,3.38,4.71,4.27,4.34,3.77,4.09,4.17,0.1
2006,6,9,0,6.12,7.84,7.14,8.26,6.03,7.23,6.15,7.68,6.67,7,6.03,6.33,6.58,3.47
2006,6,10,0,0.42,9.73,8.86,10.18,8.12,8.81,7.99,9.49,8.15,8.61,7.4,7.68,8.02,6.74
2006,6,11,7.08,0,0,0,0,0,0,0.19,0,0.35,0,0,0,0,0
2006,6,12,0,0,0,0,0,0,0,0.1,0,0,0,0,0,0,0
2006,6,13,0,0,0,0,0.49,0,0,0.32,0,0.61,0,0,0,0,0
2006,6,14,0,0,2.25,2.18,2.75,0.85,2.41,1.55,2.34,2.41,2.18,1.97,2.25,2.19,0
2006,6,15,11.34,0.36,3.12,2.93,3.57,1.49,3.19,2.13,3.16,3.04,2.93,2.6,2.9,2.89,0
2006,6,16,1.68,0,0,0.36,0.86,0,0,0.47,0,0.92,0,0.4,0.54,0,0
2006,6,17,0,0,0,0.28,0.78,0,0,0.43,0,0.85,0,0.33,0.46,0,0
2006,6,18,0,4.08,8.08,7.36,8.5,6.29,7.44,6.37,7.91,6.86,7.2,6.2,6.51,6.76,3.85
2006,6,19,0,0.43,4.29,3.96,4.7,2.48,4.21,3.01,4.28,3.93,3.94,3.44,3.76,3.82,0
2006,6,20,4.08,0,5.25,4.81,5.65,3.38,5.05,3.81,5.2,4.67,4.78,4.15,4.47,4.57,0.37
2006,6,21,7.02,0.68,3.99,3.69,4.4,2.21,3.95,2.77,3.99,3.69,3.68,3.22,3.54,3.58,0
2006,6,22,0,0.2,4.82,4.43,5.22,2.96,4.67,3.44,4.78,4.33,4.4,3.83,4.15,4.23,0.11
2006,6,23,11.45,1.65,6.34,5.79,6.74,4.45,5.97,4.76,6.24,5.5,5.71,4.93,5.25,5.42,1.4
2006,6,24,0,0.44,3.49,3.26,3.93,1.79,3.52,2.4,3.52,3.33,3.26,2.87,3.18,3.19,0
2006,6,25,0.1,4.95,11.88,10.82,12.39,10.61,10.58,10.18,11.56,9.84,10.44,8.97,9.2,9.66,11.04
2006,6,26,0,0.15,8.75,7.96,9.18,7.02,7.99,7.02,8.55,7.38,7.77,6.69,6.98,7.27,4.97
2006,6,27,0,0,0,0,0,0,0,0.18,0,0.33,0,0,0,0,0
2006,6,28,0,0,0,0,0.42,0,0,0.29,0,0.56,0,0,0,0,0
2006,6,29,0,0,3.85,3.57,4.27,2.09,3.83,2.67,3.86,3.59,3.56,3.12,3.44,3.47,0
2006,6,30,0.52,8.23,9.43,8.58,9.88,7.78,8.56,7.69,9.2,7.91,8.35,7.19,7.47,7.79,6.18
2006,7,1,0,0,2.01,1.99,2.9,0.56,2.09,1.39,2.11,2.16,2.07,1.89,2.05,2.03,0
2006,7,2,0,1.19,5.05,4.33,5.1,2.76,4.72,3.37,4.78,4.16,4.3,3.84,4.12,4.15,0.1
2006,7,3,0,11.14,11.35,9.17,9.66,8.74,9.66,8.58,10.25,8.22,8.61,7.87,8.12,8.15,6.58
2006,7,4,0.64,10.48,10.51,8.53,9.06,7.88,9.02,7.83,9.53,7.69,8.05,7.34,7.6,7.64,5.45
2006,7,5,11.27,16.2,8.4,6.91,7.54,5.8,7.39,6.03,7.7,6.34,6.63,6,6.28,6.32,2.86
2006,7,6,3.83,7.56,4.68,4.05,4.83,2.45,4.41,3.1,4.45,3.92,4.04,3.6,3.87,3.9,0.1
2006,7,7,16.51,0,6.56,5.5,6.21,4.07,5.94,4.52,6.1,5.14,5.36,4.82,5.1,5.14,1.04
2006,7,8,34.71,0.1,1.76,1.79,2.72,0.42,1.84,1.26,1.89,2,1.87,1.73,1.87,1.84,0
2006,7,9,7.12,2.38,4.66,4.03,4.81,2.43,4.39,3.08,4.43,3.9,4.02,3.59,3.85,3.88,0.1
2006,7,10,10.6,7.48,10.8,8.74,9.27,8.17,9.24,8.09,9.78,7.87,8.24,7.52,7.78,7.81,5.83
2006,7,11,17.21,0,3.65,3.25,4.07,1.64,3.54,2.38,3.54,3.23,3.29,2.94,3.18,3.2,0
2006,7,12,4.81,0,5.34,4.56,5.32,3,4.95,3.59,5.03,4.35,4.51,4.03,4.31,4.34,0.22
2006,7,13,0.1,3.79,14.33,11.44,11.79,11.88,11.92,11.29,12.83,10.11,10.57,9.76,9.95,9.97,10.94
2006,7,14,1.63,7.79,10.96,8.87,9.39,8.34,9.37,8.23,9.92,7.98,8.35,7.63,7.88,7.92,6.05
2006,7,15,0.98,0,0,0,0.73,0,0,0.19,0,0,0,0,0,0,0
2006,7,16,0,0,0,0.48,1.6,0,0,0.55,0.38,0.9,0,0.65,0.58,0,0
2006,7,17,2.95,0,3.36,3.02,3.86,1.43,3.29,2.19,3.29,3.04,3.08,2.75,2.98,2.99,0
2006,7,18,7.76,0,0,0,0,0,0,0.1,0,0,0,0,0,0,0
2006,7,19,9.11,0,0,0,0,0,0,0.1,0,0,0,0,0,0,0
2006,7,20,13.77,0.57,0,0.31,1.46,0,0,0.48,0,0.76,0,0.52,0,0,0
2006,7,21,5.82,0,2.07,2.03,2.94,0.59,2.14,1.42,2.16,2.2,2.11,1.93,2.09,2.07,0
2006,7,22,7.95,0.63,4.32,3.77,4.57,2.16,4.11,2.84,4.14,3.68,3.78,3.37,3.63,3.66,0
2006,7,23,1.5,0,6.97,5.81,6.5,4.45,6.26,4.85,6.45,5.41,5.65,5.08,5.36,5.41,1.4
2006,7,24,0,0,0,0,0,0,0,0.1,0,0,0,0,0,0,0
2006,7,25,0,0,0,0,1.34,0,0,0.42,0,0.63,0,0.4,0,0,0
2006,7,26,1.29,13.86,12.92,10.36,10.78,10.37,10.85,10,11.61,9.22,9.65,8.87,9.09,9.12,8.82
2006,7,27,6.95,0,0,0,1.16,0,0,0.35,0,0.47,0,0,0,0,0
2006,7,28,3.43,0,0,0,0.6,0,0,0.14,0,0,0,0,0,0,0
2006,7,29,13.05,0,0,0.52,1.63,0,0,0.57,0.42,0.94,0.48,0.69,0.62,0,0
2006,7,30,1.41,3.31,4.77,4.12,4.9,2.52,4.49,3.16,4.53,3.98,4.1,3.66,3.93,3.96,0.1
2006,7,31,0,3.87,6.87,5.73,6.43,4.35,6.18,4.77,6.36,5.34,5.57,5.01,5.3,5.34,1.3
2006,8,1,0,0,0,0,0,0,0,0.1,0,0,0,0,0,0,0
2006,8,2,0,0.1,8.66,7.17,8.31,5.97,8.03,6.18,8.36,6.95,7.11,6.19,6.78,6.99,2.98
2006,8,3,3.16,0,1.41,1.56,2.64,0.21,1.31,1.12,1.75,1.89,1.65,1.51,1.76,1.72,0
2006,8,4,3.73,0,0,0,1.03,0,0,0.29,0,0,0,0,0,0,0
2006,8,5,4.98,0,0,0,1,0,0,0.27,0,0,0,0,0,0,0
2006,8,6,0,1.03,5.73,4.87,5.94,3.27,5.44,3.82,5.7,4.86,5,4.32,4.82,4.95,0.39
2006,8,7,0,0,3.01,2.75,3.79,1.14,2.94,1.95,3.21,2.95,2.95,2.55,2.93,2.97,0
2006,8,8,2.67,0,0,0,0.52,0,0,0.11,0,0,0,0,0,0,0
2006,8,9,0,0,2.11,2.07,3.13,0.57,2.06,1.45,2.39,2.34,2.24,1.97,2.28,2.28,0
2006,8,10,0,0,2.71,2.52,3.57,0.94,2.65,1.78,2.94,2.74,2.72,2.36,2.71,2.74,0
2006,8,11,0,0,3.65,3.25,4.3,1.6,3.55,2.36,3.8,3.4,3.46,2.98,3.39,3.45,0
2006,8,12,0,0.74,4.43,3.85,4.91,2.19,4.26,2.88,4.51,3.94,4.04,3.48,3.93,4.02,0
2006,8,13,0,0,0,0,1.11,0,0,0.32,0,0.36,0,0,0,0,0
2006,8,14,0,2.94,4.11,3.61,4.65,1.94,3.97,2.66,4.22,3.72,3.8,3.28,3.71,3.79,0
2006,8,15,3.58,11.8,8.08,6.72,7.84,5.41,7.52,5.69,7.83,6.54,6.7,5.82,6.39,6.59,2.34
2006,8,16,0,0,8.64,7.16,8.29,5.95,8.01,6.16,8.34,6.94,7.09,6.18,6.76,6.98,2.95
2006,8,17,20.04,0,5.19,4.45,5.51,2.81,4.95,3.42,5.21,4.48,4.61,3.97,4.45,4.57,0.14
2006,8,18,3.5,0,0,0,0,0,0,0,0,0,0,0,0,0,0
2006,8,19,4.01,0,1.95,1.95,3.01,0.48,1.9,1.37,2.24,2.24,2.11,1.86,2.16,2.16,0
2006,8,20,1.87,9.61,8.73,7.23,8.36,6.03,8.09,6.24,8.42,7,7.16,6.24,6.82,7.03,3.05
2006,8,21,2.75,8.96,10.1,8.3,9.47,7.38,9.27,7.42,9.65,7.97,8.11,7.1,7.71,7.96,4.7
2006,8,22,3.23,9.46,7.9,6.58,7.7,5.24,7.36,5.54,7.67,6.41,6.57,5.71,6.28,6.47,2.16
2006,8,23,2.24,22.37,11.26,9.22,10.42,8.56,10.28,8.45,10.7,8.8,8.92,7.83,8.46,8.74,6.26
2006,8,24,0,99.05,23.18,18.57,20.03,21.57,20.33,19.92,21.3,17.22,16.91,15.17,15.92,16.46,26.15
2006,8,25,0,0,0.76,1.11,2.24,0,0.62,0.87,1.17,1.51,1.08,1.11,1.28,1.18,0
2006,8,26,4.51,0,0,0,0,0,0,0,0,0,0,0,0,0,0
2006,8,27,12.73,0,3.47,3.11,4.15,1.47,3.38,2.24,3.64,3.27,3.32,2.86,3.26,3.32,0
2006,8,28,16.23,0,5.64,4.8,5.87,3.19,5.36,3.75,5.62,4.8,4.94,4.27,4.76,4.89,0.34
2006,8,29,9.32,1.27,1.37,1.53,2.61,0.19,1.26,1.1,1.71,1.86,1.61,1.48,1.74,1.68,0
2006,8,30,0,0.86,4.71,4.08,5.13,2.42,4.53,3.08,4.77,4.15,4.26,3.67,4.13,4.23,0.1
2006,8,31,5.08,2.02,7.23,6.05,7.16,4.62,6.78,5,7.07,5.93,6.1,5.29,5.83,6.01,1.52
2006,9,1,0,7.98,13.92,11.58,13.15,11.92,12.57,11.46,13.51,11.42,11.57,10.72,11.21,11.28,11.98
2006,9,2,0,19.3,12.93,10.76,12.31,10.79,11.7,10.45,12.57,10.63,10.81,9.92,10.46,10.55,10.06
2006,9,3,7.47,2.93,11.62,9.68,11.21,9.34,10.55,9.15,11.32,9.58,9.82,8.88,9.48,9.58,7.67
2006,9,4,0,0,4.91,4.23,5.57,2.7,4.52,3.25,4.97,4.35,4.5,3.7,4.34,4.45,0
2006,9,5,1.49,25.98,19.01,15.79,17.46,17.89,17,16.86,18.36,15.54,15.37,14.83,15.01,14.98,22.9
2006,9,6,5.95,31.83,20.21,16.79,18.47,19.35,18.04,18.17,19.5,16.51,16.26,15.81,15.9,15.84,25.69
2006,9,7,3.72,0,5.39,4.61,5.97,3.11,4.96,3.6,5.42,4.71,4.9,4.06,4.71,4.83,0.1
2006,9,8,5.65,0,8.59,7.2,8.64,6.14,7.87,6.28,8.45,7.18,7.47,6.5,7.18,7.31,2.93
2006,9,9,2.04,55.79,23.09,19.18,20.91,22.9,20.52,21.38,22.25,18.87,18.38,18.17,18.03,17.9,32.6
2006,9,10,0,33.11,18.33,15.23,16.88,17.08,16.41,16.11,17.71,14.98,14.87,14.27,14.5,14.48,21.36
2006,9,11,20.87,19.91,8.57,7.18,8.63,6.12,7.85,6.27,8.43,7.16,7.45,6.48,7.16,7.29,2.91
2006,9,12,6.48,0,1.59,1.75,3.14,0.43,1.09,1.33,2,2.14,1.42,1.5,1.74,1.59,0
2006,9,13,2.35,0,1.96,2,3.36,0.62,1.56,1.48,2.3,2.35,1.84,1.7,2.02,1.95,0
2006,9,14,8.79,0,5.64,4.81,6.18,3.33,5.2,3.8,5.66,4.9,5.11,4.25,4.91,5.03,0.1
2006,9,15,5.02,0,0,0,0.75,0,0,0.21,0,0,0,0,0,0,0
2006,9,16,0,0,0,0,0,0,0,0.13,0,0,0,0,0,0,0
2006,9,17,0,0,1.52,1.71,3.1,0.4,1.02,1.31,1.95,2.11,1.35,1.46,1.69,1.52,0
2006,9,18,0,0,4.18,3.65,4.99,2.11,3.84,2.74,4.3,3.82,3.89,3.18,3.77,3.86,0
2006,9,19,0,0,8.16,6.85,8.28,5.71,7.48,5.9,8.04,6.84,7.13,6.16,6.85,6.98,2.38
2006,9,20,0,0,2.02,2.04,3.4,0.65,1.63,1.51,2.35,2.38,1.9,1.74,2.07,2,0
2006,9,21,0,0,3.53,3.15,4.48,1.62,3.21,2.32,3.7,3.36,3.33,2.72,3.26,3.32,0
2006,9,22,0,0,5.73,4.88,6.25,3.41,5.28,3.87,5.74,4.96,5.18,4.31,4.97,5.1,0.14
2006,9,23,0,13.1,7.48,6.3,7.71,5.04,6.87,5.31,7.4,6.31,6.6,5.64,6.33,6.46,1.59
2006,9,24,2.39,3.17,10.38,8.67,10.16,8.01,9.46,7.95,10.15,8.59,8.86,7.9,8.54,8.66,5.57
2006,9,25,19.81,9.95,23.7,19.69,21.42,23.66,21.05,22.06,22.82,19.35,18.84,18.66,18.49,18.34,34.09
2006,9,26,6.83,15.69,14.57,12.11,13.7,12.65,13.13,12.12,14.13,11.94,12.05,11.23,11.69,11.75,13.27
2006,9,27,2.68,3.38,16.61,13.81,15.43,15.04,14.92,14.27,16.07,13.59,13.59,12.88,13.22,13.24,17.56
2006,9,28,8.93,28.83,18.92,15.72,17.38,17.79,16.92,16.76,18.27,15.46,15.3,14.75,14.94,14.91,22.7
2006,9,29,13.45,43.03,17.17,14.27,15.91,15.7,15.4,14.87,16.61,14.05,14.01,13.34,13.64,13.65,18.78
2006,9,30,5.16,4.91,3.35,3.01,4.34,1.49,3.03,2.2,3.53,3.23,3.16,2.59,3.11,3.17,0
2006,10,1,11.88,0,4.75,4.34,5.27,3.77,4.83,4.39,4.96,4.32,4.12,3.68,3.97,3.97,0.24
2006,10,2,1.72,0,1.97,1.96,3,1.01,2.28,1.79,2.11,2.18,1.62,1.49,1.7,1.68,0
2006,10,3,8.88,0,4.56,4.17,5.11,3.55,4.66,4.19,4.76,4.16,3.94,3.52,3.81,3.8,0.13
2006,10,4,1.26,0,1.96,1.95,2.99,1,2.27,1.78,2.1,2.17,1.61,1.48,1.69,1.67,0
2006,10,5,4.52,0,5.02,4.58,5.51,4.1,5.09,4.71,5.26,4.54,4.38,3.93,4.21,4.21,0.47
2006,10,6,0.57,0.94,6.83,6.28,7.11,6.55,6.81,6.98,7.28,6.11,6.17,5.64,5.84,5.9,3.03
2006,10,7,4.11,2.98,8.39,7.78,8.52,8.88,8.3,9.15,9.08,7.51,7.75,7.21,7.29,7.41,6.27
2006,10,8,0.78,2.57,7.93,7.34,8.11,8.18,7.87,8.5,8.55,7.1,7.28,6.75,6.86,6.96,5.25
2006,10,9,0.28,3.56,6.65,6.1,6.95,6.28,6.63,6.73,7.07,5.95,5.98,5.46,5.67,5.72,2.7
2006,10,10,0,4.68,6.41,5.88,6.74,5.96,6.41,6.43,6.81,5.74,5.75,5.23,5.46,5.5,2.3
2006,10,11,4.68,10.33,10.2,9.56,10.18,11.81,10.04,11.88,11.21,9.18,9.63,9.12,9,9.21,10.87
2006,10,12,0.26,0,3.97,3.64,4.6,2.86,4.1,3.55,4.12,3.68,3.38,3,3.3,3.28,0
2006,10,13,0,0,3.59,3.3,4.28,2.46,3.75,3.17,3.72,3.37,3.03,2.69,2.98,2.96,0
2006,10,14,0,0,4.92,4.49,5.42,3.98,5,4.59,5.15,4.46,4.28,3.83,4.12,4.12,0.38
2006,10,15,0,0,2.39,2.29,3.31,1.33,2.65,2.1,2.51,2.47,1.97,1.77,2.01,1.99,0
2006,10,16,0,0,6.68,6.13,6.98,6.33,6.67,6.78,7.11,5.98,6.01,5.49,5.7,5.75,2.76
2006,10,17,0,0,3.2,2.97,3.96,2.06,3.39,2.79,3.32,3.07,2.68,2.38,2.66,2.63,0
2006,10,18,0,0,8.7,8.08,8.8,9.37,8.6,9.6,9.44,7.79,8.07,7.53,7.58,7.71,7
2006,10,19,0,0,3.4,3.14,4.13,2.26,3.57,2.98,3.53,3.23,2.86,2.54,2.83,2.8,0
2006,10,20,0,0,0.62,1.06,2.14,0.29,1.19,1.04,1.01,1.41,0.65,0.77,0.83,0.85,0
2006,10,21,0,0,0,0,0.96,0,0,0.32,0,0.4,0,0,0,0,0
2006,10,22,1.46,0,0,0.45,1.59,0.1,0.34,0.66,0.24,0.93,0,0.35,0.23,0.32,0
2006,10,23,2.3,0,1.03,1.3,2.36,0.45,1.49,1.22,1.3,1.61,0.91,0.94,1.06,1.06,0
2006,10,24,2.17,0,1.04,1.31,2.37,0.46,1.5,1.23,1.31,1.61,0.92,0.95,1.07,1.07,0
2006,10,25,0.1,0,3.54,3.26,4.24,2.4,3.7,3.11,3.67,3.33,2.98,2.65,2.94,2.91,0
2006,10,26,0,0,4.59,4.19,5.14,3.58,4.69,4.22,4.79,4.19,3.97,3.54,3.84,3.83,0.14
2006,10,27,0,2.95,8.66,8.04,8.77,9.3,8.56,9.54,9.39,7.75,8.02,7.49,7.54,7.67,6.9
2006,10,28,0.65,8.74,18.75,18.22,18.13,27.48,18.3,26.54,21.56,17.36,18.83,18.83,17.38,18.14,39.11
2006,10,29,0,0,6.01,5.51,6.38,5.4,6.03,5.92,6.36,5.39,5.35,4.85,5.1,5.13,1.67
2006,10,30,0,0,0,0.76,1.86,0.12,0.78,0.84,0.63,1.17,0.31,0.55,0.53,0.59,0
2006,10,31,0,0,0,0,1.1,0,0,0.38,0,0.51,0,0.1,0,0,0
2006,11,1,0.1,0,0,0,0.1,0,0,0.1,0,0,0,0,0,0,0
2006,11,2,0.2,0,0,0,0.17,0,0,0.1,0,0.1,0,0,0,0,0
2006,11,3,0,0,0.33,0.57,1.03,0.4,0.43,0.91,0.37,0.63,0.42,0.26,0.35,0.3,0
2006,11,4,0,0,1.07,1.29,1.73,1.31,1.12,2.02,1.12,1.22,1.01,0.7,0.84,0.79,0
2006,11,5,0,0,5.88,6.8,6.71,13.49,5.62,14.54,7.4,5.52,5.02,4.32,4.58,4.53,0
2006,11,6,0.1,6.67,15.33,18.87,17.33,49.03,14.55,50.5,21.53,14.76,13.16,12.55,12.72,12.59,19.51
2006,11,7,0,4.24,9.93,11.88,11.19,27.71,9.44,28.88,13.32,9.42,8.49,7.76,8,7.93,4.79
2006,11,8,0,0.95,9.26,11.02,10.43,25.2,8.81,26.35,12.31,8.76,7.91,7.18,7.42,7.36,3.39
2006,11,9,0,0,1,1.22,1.66,1.21,1.05,1.9,1.04,1.16,0.95,0.65,0.79,0.75,0
2006,11,10,0,0.69,8.04,9.47,9.07,20.78,7.65,21.89,10.51,7.58,6.86,6.13,6.38,6.32,1.3
2006,11,11,0,0,4.25,4.83,4.96,8.53,4.08,9.52,5.12,4,3.63,3,3.24,3.2,0
2006,11,12,0,0,7.72,9.08,8.72,19.67,7.35,20.77,10.04,7.27,6.59,5.86,6.11,6.06,0.89
2006,11,13,0,0,5.55,6.4,6.35,12.45,5.31,13.49,6.93,5.22,4.74,4.05,4.3,4.26,0
2006,11,14,0,1.11,8.99,10.67,10.13,24.2,8.55,25.34,11.91,8.5,7.67,6.94,7.19,7.12,2.87
2006,11,15,0,0,4.69,5.36,5.42,9.8,4.5,10.81,5.72,4.41,4.01,3.35,3.6,3.56,0
2006,11,16,0,0,0,0,0,0,0,0,0,0,0,0,0,0,0
2006,11,17,0.1,0,0,0,0,0,0,0,0,0,0,0,0,0,0
2006,11,18,4.59,0,0,0,0,0,0,0,0,0,0,0,0,0,0
2006,11,19,5.06,0,2.78,3.14,3.43,4.69,2.71,5.61,3.18,2.68,2.41,1.88,2.09,2.05,0
2006,11,20,4.41,0.27,7.6,8.92,8.58,19.24,7.24,20.34,9.87,7.16,6.48,5.75,6.01,5.96,0.75
2006,11,21,4.78,0,0,0,0,0,0,0.1,0,0,0,0,0,0,0
2006,11,22,0.37,2.83,4.56,5.21,5.29,9.43,4.38,10.44,5.55,4.29,3.9,3.25,3.49,3.46,0
2006,11,23,1.06,0,2.59,2.92,3.24,4.25,2.53,5.15,2.93,2.52,2.25,1.74,1.94,1.91,0
2006,11,24,0.66,0,0,0,0.25,0,0,0.11,0,0.1,0,0,0,0,0
2006,11,25,0.73,0,2.98,3.36,3.64,5.17,2.9,6.1,3.43,2.86,2.57,2.03,2.24,2.21,0
2006,11,26,0.1,0,5.08,5.83,5.85,11,4.87,12.02,6.27,4.78,4.34,3.67,3.92,3.88,0
2006,11,27,0,0,0.89,1.11,1.56,1.06,0.95,1.72,0.93,1.08,0.87,0.58,0.71,0.67,0
2006,11,28,0,0,1.61,1.86,2.26,2.22,1.62,3.02,1.74,1.67,1.45,1.05,1.22,1.18,0
2006,11,29,0,0,2.83,3.2,3.49,4.82,2.76,5.74,3.24,2.73,2.45,1.92,2.13,2.09,0
2006,11,30,0,0.15,7.94,9.35,8.96,20.44,7.56,21.54,10.37,7.48,6.78,6.04,6.3,6.24,1.17
2006,12,1,0.3,2.12,17.7,25.68,23.63,83.62,16.69,85.37,25.88,18.41,15.69,9.06,11.19,10.93,11.02
2006,12,2,0.76,0,0.9,1.31,1.61,2.24,1.05,3.06,1.15,1,0.83,0.47,0.6,0.64,0
2006,12,3,0.88,0,0,0,0,0,0,0,0,0,0,0,0,0,0
2006,12,4,0,0,2.94,4.07,4.18,9.68,3.02,10.76,3.93,3.04,2.62,1.54,1.91,1.91,0
2006,12,5,0,0,0,0,0.1,0,0,0,0,0,0,0,0,0,0
2006,12,6,0,3.56,24.29,35.56,32.64,119.74,22.78,121.97,36.02,25.37,21.52,12.4,15.31,14.92,27.49
2006,12,7,0,2.71,18.17,26.33,24.29,85.94,17.11,88.09,26.57,18.88,16.11,9.31,11.49,11.21,12.1
2006,12,8,0,3.76,9.31,13.2,12.44,39.57,8.95,40.93,13.2,9.59,8.22,4.8,5.92,5.8,0
2006,12,9,0,0,0.58,0.89,1.2,1.35,0.73,2.04,0.74,0.68,0.55,0.3,0.39,0.43,0
2006,12,10,0,0,0,0.1,0.16,0.1,0,0.11,0,0.1,0,0,0,0,0
2006,12,11,0,0,0.77,1.14,1.44,1.87,0.92,2.61,0.97,0.87,0.72,0.4,0.52,0.55,0
2006,12,12,0,0,0.22,0.42,0.71,0.47,0.34,0.98,0.3,0.32,0.23,0.11,0.15,0.19,0
2006,12,13,0,0,3.24,4.48,4.54,10.9,3.29,11.95,4.33,3.34,2.87,1.69,2.09,2.09,0
2006,12,14,0,0,0.1,0.15,0.41,0.12,0.11,0.43,0.1,0.11,0.1,0.1,0.1,0.1,0
2006,12,15,0,0,0,0,0.1,0,0,0.1,0,0,0,0,0,0,0
2006,12,16,0,0,0.19,0.37,0.67,0.41,0.31,0.9,0.26,0.29,0.2,0.1,0.13,0.16,0
2006,12,17,0,0,0,0,0,0,0,0,0,0,0,0,0,0,0
2006,12,18,0,0,0,0,0,0,0,0,0,0,0,0,0,0,0
2006,12,19,0.2,0,1.91,2.66,2.87,5.65,2.04,6.64,2.5,2,1.72,1,1.25,1.27,0
2006,12,20,0,0,3.36,4.65,4.71,11.42,3.41,12.52,4.51,3.47,2.98,1.75,2.17,2.17,0
2006,12,21,0,0,3.38,4.67,4.73,11.49,3.43,12.61,4.54,3.48,3,1.76,2.18,2.18,0
2006,12,22,0,0,1.28,1.81,2.08,3.45,1.42,4.33,1.65,1.38,1.17,0.67,0.85,0.88,0
2006,12,23,0,0,2.34,3.24,3.4,7.27,2.44,8.28,3.07,2.43,2.09,1.22,1.52,1.53,0
2006,12,24,0,0,1.18,1.68,1.97,3.13,1.33,4.01,1.52,1.28,1.08,0.62,0.78,0.82,0
2006,12,25,0,0,5.14,7.16,6.99,19.3,5.08,20.51,7.07,5.28,4.55,2.67,3.3,3.26,0
2006,12,26,0,0,8.31,11.75,11.13,34.59,8.03,35.9,11.72,8.56,7.34,4.29,5.3,5.2,0
2006,12,27,0,0,0,0,0.1,0,0,0.1,0,0,0,0,0,0,0
2006,12,28,0,0,0,0,0,0,0,0,0,0,0,0,0,0,0
2006,12,29,0,0,3.92,5.44,5.42,13.84,3.94,14.97,5.31,4.04,3.48,2.04,2.53,2.51,0
2006,12,30,0.1,0,4.26,5.92,5.86,15.32,4.26,16.49,5.8,4.38,3.78,2.22,2.74,2.72,0
2006,12,31,0,0,1.22,1.73,2.01,3.24,1.37,4.12,1.57,1.31,1.11,0.64,0.81,0.84,0
2007,1,1,0,0,2.33,2.93,2.9,8.39,2.3,8.49,3.38,2.3,2.12,1.63,1.77,1.81,0
2007,1,2,0,0,1.61,2.03,2.04,5.16,1.61,5.44,2.3,1.64,1.5,1.12,1.25,1.27,0
2007,1,3,0,2.42,4.5,5.67,5.47,19.09,4.38,18.44,6.68,4.26,3.96,3.18,3.32,3.41,0.5
2007,1,4,0,2.75,5.89,7.43,7.11,26.27,5.71,25.08,8.82,5.49,5.14,4.16,4.29,4.42,6.45
2007,1,5,0,0.1,7.32,9.24,8.8,33.79,7.07,32.06,11.04,6.76,6.34,5.16,5.29,5.45,16.59
2007,1,6,0,0,1.84,2.32,2.32,6.18,1.84,6.41,2.65,1.86,1.7,1.29,1.42,1.44,0
2007,1,7,0,0,0,0,0,0,0,0,0,0,0,0,0,0,0
2007,1,8,0,0,0,0,0,0,0,0,0,0,0,0,0,0,0
2007,1,9,0,0,0,0,0,0,0,0,0,0,0,0,0,0,0
2007,1,10,0,0,1.51,1.9,1.93,4.74,1.51,5.04,2.15,1.55,1.41,1.05,1.18,1.19,0
2007,1,11,0,0.12,6.48,8.17,7.8,29.35,6.27,27.92,9.72,6.01,5.63,4.57,4.7,4.85,10.3
2007,1,12,0,0,0.36,0.47,0.54,0.57,0.38,0.87,0.49,0.46,0.38,0.23,0.31,0.3,0
2007,1,13,0,4.65,4.56,5.75,5.55,19.41,4.44,18.74,6.78,4.31,4.02,3.22,3.36,3.45,0.65
2007,1,14,0,0,2.01,2.54,2.53,6.95,2,7.14,2.91,2.01,1.85,1.41,1.55,1.57,0
2007,1,15,0,0,0,0,0,0,0,0,0,0,0,0,0,0,0
2007,1,16,0,0,0,0,0,0,0,0,0,0,0,0,0,0,0
2007,1,17,0,0,0,0,0,0,0,0,0,0,0,0,0,0,0
2007,1,18,0,0,0.17,0.23,0.3,0.16,0.19,0.37,0.23,0.26,0.2,0.1,0.16,0.15,0
2007,1,19,0,0,0,0,0.1,0,0,0.1,0,0.1,0,0,0,0,0
2007,1,20,0,0,0.18,0.24,0.31,0.18,0.2,0.39,0.24,0.27,0.21,0.1,0.17,0.15,0
2007,1,21,0,0,0.38,0.5,0.57,0.62,0.4,0.93,0.52,0.48,0.4,0.24,0.33,0.32,0
2007,1,22,0,0,1.89,2.37,2.37,6.37,1.88,6.59,2.71,1.9,1.73,1.32,1.45,1.47,0
2007,1,23,0,0,0,0,0,0,0,0,0,0,0,0,0,0,0
2007,1,24,0,0,1.3,1.64,1.68,3.87,1.31,4.21,1.84,1.36,1.23,0.9,1.03,1.03,0
2007,1,25,0,0,0.9,1.14,1.2,2.31,0.92,2.68,1.26,0.99,0.87,0.61,0.73,0.73,0
2007,1,26,0,0.1,1.72,2.16,2.17,5.63,1.71,5.89,2.46,1.74,1.59,1.2,1.33,1.35,0
2007,1,27,0,0,0,0,0,0,0,0,0,0,0,0,0,0,0
2007,1,28,0,0,0,0,0,0,0,0,0,0,0,0,0,0,0
2007,1,29,0,0,0,0,0,0,0,0,0,0,0,0,0,0,0
2007,1,30,0,0,1.44,1.81,1.84,4.41,1.44,4.73,2.05,1.48,1.35,1,1.13,1.14,0
2007,1,31,0,0,1.18,1.5,1.54,3.4,1.2,3.76,1.68,1.25,1.13,0.82,0.94,0.95,0
2007,2,1,0,0,0,0.1,0.1,0,0,0,0.1,0.1,0,0,0,0,0
2007,2,2,0,0,0,0.1,0.1,0,0,0,0.1,0.1,0,0,0,0,0
2007,2,3,1.8,0,0,0,0,0,0,0,0,0,0,0,0,0,0
2007,2,4,0,0,0.49,0.62,0.73,0.29,0.53,0.64,0.63,0.61,0.5,0.38,0.43,0.43,0
2007,2,5,0,0,2.09,2.98,3.22,5.17,2.36,5.91,2.91,2.5,2.26,2,2.07,2.09,0
2007,2,6,0,0,2.21,3.18,3.42,5.64,2.5,6.39,3.1,2.66,2.4,2.13,2.2,2.22,0
2007,2,7,0,0,0,0,0,0,0,0,0,0,0,0,0,0,0
2007,2,8,0,0,0,0,0,0,0,0,0,0,0,0,0,0,0
2007,2,9,0,0,4.81,7.37,7.73,17.44,5.58,17.9,7.05,5.85,5.39,4.93,4.98,5.04,3.48
2007,2,10,0.57,7.27,3.23,4.79,5.09,9.99,3.7,10.68,4.62,3.89,3.56,3.21,3.28,3.31,0.68
2007,2,11,1.42,9.46,8.1,12.84,13.34,34.17,9.51,33.82,12.17,9.96,9.22,8.55,8.55,8.67,10.87
2007,2,12,2.54,0,1.03,1.39,1.55,1.5,1.13,2.09,1.37,1.24,1.08,0.91,0.97,0.98,0
2007,2,13,0.73,0,0.28,0.35,0.44,0.1,0.3,0.25,0.36,0.37,0.28,0.2,0.24,0.23,0
2007,2,14,0.1,0,0,0,0,0,0,0,0,0,0,0,0,0,0
2007,2,15,0,3.39,1.6,2.23,2.44,3.33,1.79,4.04,2.19,1.91,1.71,1.49,1.56,1.57,0
2007,2,16,0,0,2.01,2.86,3.09,4.84,2.26,5.58,2.79,2.4,2.17,1.91,1.98,2,0
2007,2,17,0,0,0,0,0,0,0,0,0,0,0,0,0,0,0
2007,2,18,5.6,0,0.74,0.95,1.09,0.76,0.8,1.24,0.96,0.88,0.76,0.61,0.68,0.67,0
2007,2,19,2,0,0.92,1.22,1.37,1.19,1.01,1.75,1.21,1.1,0.96,0.79,0.86,0.86,0
2007,2,20,0,0,0.72,0.93,1.06,0.72,0.78,1.19,0.94,0.87,0.74,0.6,0.66,0.66,0
2007,2,21,0.1,2.13,1.87,2.64,2.87,4.32,2.1,5.05,2.58,2.24,2.02,1.77,1.84,1.86,0
2007,2,22,0,0,0,0,0,0,0,0,0,0,0,0,0,0,0
2007,2,23,0,0,0,0,0,0,0,0,0,0,0,0,0,0,0
2007,2,24,0,0.1,0.55,0.7,0.82,0.4,0.59,0.78,0.71,0.67,0.56,0.44,0.49,0.49,0
2007,2,25,0,0,1.9,2.69,2.92,4.43,2.14,5.16,2.63,2.28,2.05,1.8,1.87,1.89,0
2007,2,26,0,1.23,0.42,0.52,0.64,0.21,0.45,0.5,0.53,0.53,0.42,0.32,0.37,0.37,0
2007,2,27,0,0.69,0.87,1.15,1.29,1.05,0.95,1.59,1.14,1.04,0.9,0.74,0.8,0.8,0
2007,2,28,0,2.36,2.16,3.1,3.34,5.44,2.44,6.17,3.01,2.59,2.34,2.07,2.14,2.16,0
2007,3,1,0,0,0,0,0,0,0,0,0,0.1,0,0,0,0,0
2007,3,2,0,0,0,0,0,0,0,0,0,0,0,0,0,0,0
2007,3,3,0,0,0,0,0,0,0,0,0,0,0,0,0,0,0
2007,3,4,0.1,0,0,0,0,0,0,0,0,0,0,0,0,0,0
2007,3,5,0,0,0,0,0,0,0,0,0,0,0,0,0,0,0
2007,3,6,0,0,0,0,0,0,0,0,0,0,0,0,0,0,0
2007,3,7,0,0,0.99,0.99,1.13,0.82,0.91,1.22,1.1,1.09,0.93,0.84,0.89,0.88,0
2007,3,8,0.95,0,0,0,0,0,0,0,0,0,0,0,0,0,0
2007,3,9,22.87,0,0,0,0,0,0,0,0,0,0,0,0,0,0
2007,3,10,2.15,0,0,0,0,0,0,0,0,0,0,0,0,0,0
2007,3,11,0.67,0,0,0,0,0,0,0,0,0,0,0,0,0,0
2007,3,12,0.3,0,0,0,0,0,0,0,0,0,0,0,0,0,0
2007,3,13,0,0,0,0.1,0.1,0,0,0.1,0.1,0.1,0.1,0.1,0.1,0.1,0
2007,3,14,0,0,5.04,4.81,5.16,7.77,4.42,7.76,5.95,4.46,4.38,4.93,4.58,4.63,1.05
2007,3,15,0,0.98,15.51,14.89,15.86,30.07,13.39,27.69,19.23,13.24,13.39,16.39,14.57,14.76,57.94
2007,3,16,0,2.83,4.58,4.4,4.73,6.84,4.03,6.97,5.41,4.08,4.01,4.46,4.18,4.22,0.1
2007,3,17,0,0,1.64,1.62,1.79,1.71,1.49,2.15,1.86,1.64,1.5,1.47,1.48,1.48,0
2007,3,18,0.1,0,0,0,0.1,0,0,0.1,0,0.1,0,0,0,0,0
2007,3,19,0.1,4.94,5.76,5.51,5.88,9.2,5.05,9.04,6.86,5.06,5,5.7,5.27,5.33,3.03
2007,3,20,0,1.57,8.76,8.4,8.96,15.39,7.62,14.62,10.64,7.57,7.6,8.95,8.13,8.22,16.82
2007,3,21,0,2.68,6,5.75,6.17,9.69,5.25,9.52,7.15,5.28,5.22,5.96,5.51,5.56,3.8
2007,3,22,0.1,0.1,4.36,4.17,4.5,6.47,3.84,6.6,5.12,3.91,3.81,4.21,3.96,3.99,0.1
2007,3,23,0,15.62,3.54,3.38,3.66,4.92,3.13,5.16,4.1,3.22,3.09,3.36,3.18,3.21,0
2007,3,24,0.19,0,0,0.1,0.1,0,0,0.1,0.1,0.1,0.1,0.1,0.1,0.1,0
2007,3,25,0,0,2.01,1.94,2.11,2.27,1.81,2.65,2.27,1.93,1.79,1.81,1.79,1.8,0
2007,3,26,0.1,0,0,0,0,0,0,0,0,0,0,0,0,0,0
2007,3,27,0.16,0,0.8,0.8,0.9,0.59,0.74,0.92,0.87,0.9,0.75,0.66,0.71,0.71,0
2007,3,28,0.1,0,0,0,0,0,0,0,0,0,0,0,0,0,0
2007,3,29,0.11,0,0,0,0,0,0,0,0,0,0,0,0,0,0
2007,3,30,2.27,0,0,0,0,0,0,0,0,0,0,0,0,0,0
2007,3,31,0.66,0,0,0,0,0,0,0,0,0,0,0,0,0,0
2007,4,1,0.1,0,0.39,0.5,0.81,0.1,0.37,0.56,0.55,0.66,0.57,0.38,0.43,0.46,0
2007,4,2,1.16,0,0,0,0,0,0,0.1,0,0,0,0,0,0,0
2007,4,3,12.31,0,0.1,0.11,0.4,0,0.1,0.29,0.1,0.32,0.2,0.1,0.1,0.1,0
2007,4,4,0,0,1.59,1.47,1.94,0.83,1.5,1.61,1.67,1.58,1.49,1.22,1.32,1.37,0
2007,4,5,0,0,0,0,0,0,0,0,0,0,0,0,0,0,0
2007,4,6,2.92,0,0,0,0,0,0,0,0,0,0,0,0,0,0
2007,4,7,3.42,0,0.1,0.1,0.35,0,0.1,0.26,0.1,0.29,0.16,0.1,0.1,0.1,0
2007,4,8,5.29,3.68,8.37,7.38,8.44,9.57,7.89,9.81,8.11,6.89,6.55,6.37,6.45,6.65,3.9
2007,4,9,2.24,2.04,8.72,7.79,8.86,10.08,8.21,10.35,8.53,7.23,6.89,6.71,6.78,6.99,4.72
2007,4,10,2.7,3.26,3.82,3.4,4.11,3.33,3.6,4.13,3.78,3.35,3.19,2.88,2.99,3.1,0
2007,4,11,24.14,0,1.14,1.06,1.52,0.54,1.08,1.22,1.2,1.23,1.13,0.86,0.94,0.99,0
2007,4,12,0.71,0,0,0,0.1,0,0,0.1,0,0.1,0,0,0,0,0
2007,4,13,0.31,0,0,0,0,0,0,0.1,0,0,0,0,0,0,0
2007,4,14,0.33,14.7,5.6,4.99,5.83,5.58,5.27,6.28,5.52,4.75,4.55,4.27,4.38,4.52,0
2007,4,15,0,0.1,1.37,1.3,1.77,0.69,1.29,1.45,1.48,1.44,1.34,1.07,1.16,1.21,0
2007,4,16,13.29,3.81,7.66,6.8,7.75,8.48,7.21,8.8,7.47,6.32,6.06,5.85,5.94,6.12,2.14
2007,4,17,5.69,0,0.56,0.61,0.94,0.1,0.53,0.64,0.69,0.76,0.69,0.49,0.54,0.57,0
2007,4,18,2.09,0,0,0.1,0.14,0,0,0.12,0.1,0.12,0.1,0.1,0.1,0.1,0
2007,4,19,1.1,0,0,0,0.1,0,0,0.1,0,0.1,0,0,0,0,0
2007,4,20,0,0,0.24,0.39,0.69,0.1,0.23,0.48,0.42,0.56,0.47,0.29,0.32,0.35,0
2007,4,21,0,0,6.23,5.5,6.34,6.46,5.86,6.9,6.08,5.17,4.97,4.72,4.83,4.98,0.1
2007,4,22,5.96,0,1.38,1.31,1.77,0.7,1.3,1.45,1.48,1.44,1.35,1.08,1.17,1.22,0
2007,4,23,0.28,9.4,3.32,2.93,3.54,2.71,3.13,3.44,3.29,2.88,2.78,2.49,2.61,2.7,0
2007,4,24,0,26.75,5.17,4.54,5.37,5.07,4.87,5.73,5.04,4.38,4.17,3.88,4,4.13,0
2007,4,25,0,0.76,2.73,2.46,3.06,1.98,2.57,2.85,2.77,2.49,2.38,2.07,2.19,2.27,0
2007,4,26,0,0,0,0.1,0.1,0,0,0.1,0,0.1,0.1,0,0,0,0
2007,4,27,0,0,0,0,0,0,0,0,0,0,0,0,0,0,0
2007,4,28,0,0,0,0,0,0,0,0,0,0,0,0,0,0,0
2007,4,29,0,0,0,0,0,0,0,0,0,0,0,0,0,0,0
2007,4,30,0,0,3.87,3.46,4.18,3.4,3.65,4.21,3.85,3.4,3.25,2.94,3.05,3.16,0
2007,5,1,0,0,1.61,1.69,2.28,0.61,1.76,1.36,1.94,1.86,1.69,1.38,1.62,1.6,0
2007,5,2,0,0,0,0,0,0,0,0.2,0,0.22,0,0,0,0,0
2007,5,3,0,0,0,0,0,0,0,0.1,0,0,0,0,0,0,0
2007,5,4,0,0.38,7.44,7.03,7.35,6.21,7.12,6.4,7.46,6.61,6.88,5.82,6.23,6.61,1.15
2007,5,5,0,0,3.27,3.06,3.66,1.83,3.32,2.51,3.46,3.1,3.13,2.57,2.9,2.98,0
2007,5,6,2.54,0,4.13,3.86,4.43,2.61,4.12,3.2,4.3,3.82,3.9,3.23,3.59,3.73,0
2007,5,7,25.12,0,1.35,1.49,2.07,0.43,1.51,1.2,1.71,1.68,1.46,1.2,1.43,1.38,0
2007,5,8,15.02,0,0,0.48,1,0,0,0.57,0.54,0.77,0.35,0.3,0.44,0.31,0
2007,5,9,0.45,0,1.97,1.96,2.57,0.84,2.09,1.59,2.26,2.12,1.99,1.62,1.89,1.89,0
2007,5,10,3.48,0.48,4.89,4.55,5.08,3.36,4.81,3.89,4.99,4.44,4.56,3.79,4.17,4.37,0
2007,5,11,1.29,7.08,5.44,5.1,5.58,3.95,5.32,4.39,5.55,4.91,5.08,4.25,4.64,4.87,0
2007,5,12,0,0,4.04,3.78,4.36,2.51,4.04,3.12,4.21,3.75,3.82,3.16,3.52,3.65,0
2007,5,13,0,0,2.6,2.5,3.11,1.27,2.7,1.99,2.85,2.6,2.54,2.08,2.38,2.42,0
2007,5,14,0,0.93,8.18,7.77,7.99,7.11,7.79,7.17,8.2,7.23,7.57,6.43,6.84,7.27,2.09
2007,5,15,5.55,0,2.21,2.17,2.78,1.01,2.33,1.75,2.49,2.31,2.2,1.79,2.08,2.09,0
2007,5,16,3.57,3.09,9.79,9.38,9.42,9.13,9.22,8.94,9.75,8.65,9.03,7.73,8.13,8.68,4.52
2007,5,17,0.35,0,5.22,4.89,5.39,3.69,5.11,4.18,5.34,4.73,4.88,4.08,4.46,4.68,0
2007,5,18,10.55,3.03,5.49,5.14,5.62,4,5.36,4.43,5.6,4.94,5.13,4.29,4.67,4.91,0
2007,5,19,17.27,7.92,12.67,12.39,12.02,12.97,11.79,12.26,12.62,11.23,11.7,10.14,10.51,11.27,10.07
2007,5,20,5.74,7.27,12.12,11.77,11.49,12.22,11.3,11.62,12.05,10.71,11.17,9.65,10.03,10.76,8.88
2007,5,21,4.78,3.27,8.38,7.95,8.15,7.35,7.97,7.39,8.38,7.4,7.74,6.59,6.99,7.44,2.34
2007,5,22,1.38,12.34,12.63,12.35,11.98,12.9,11.75,12.21,12.58,11.19,11.66,10.1,10.47,11.23,9.98
2007,5,23,10.5,9.08,9.76,9.35,9.4,9.1,9.2,8.91,9.73,8.63,9,7.71,8.11,8.66,4.47
2007,5,24,3.76,6.8,10.3,9.94,9.9,9.8,9.68,9.5,10.29,9.12,9.52,8.18,8.57,9.16,5.48
2007,5,25,43.09,1.09,11.36,11.04,10.85,11.19,10.62,10.73,11.33,10.07,10.49,9.05,9.44,10.1,7.46
2007,5,26,41.06,18.8,10.06,9.69,9.69,9.47,9.46,9.25,10.05,8.91,9.29,7.97,8.37,8.94,5.05
2007,5,27,22.43,10.12,17.53,17.49,16.33,19.81,16.06,18.19,17.4,15.58,16.17,14.19,14.47,15.6,20.92
2007,5,28,4.56,34.65,23.21,23.59,21.41,28.23,21.03,25.55,23.04,20.77,21.42,19.02,19.14,20.71,35.21
2007,5,29,0.19,8.11,16.62,16.5,15.5,18.5,15.26,17.07,16.49,14.73,15.32,13.41,13.72,14.78,18.71
2007,5,30,1.97,2.56,6.16,5.78,6.21,4.74,5.97,5.1,6.22,5.52,5.72,4.8,5.19,5.49,0.1
2007,5,31,3.53,8.37,7.87,7.48,7.74,6.74,7.51,6.83,7.91,6.99,7.3,6.2,6.6,7.01,1.71
2007,6,1,0.1,0,0,0.58,1.09,0,0.55,0.57,0.5,1.1,0.45,0.59,0.75,0.57,0
2007,6,2,3.55,0,1.39,1.47,2,0.33,1.61,1.06,1.53,1.81,1.43,1.37,1.6,1.49,0
2007,6,3,2.52,0.73,3.46,3.23,3.9,1.76,3.49,2.38,3.49,3.3,3.23,2.84,3.15,3.16,0
2007,6,4,0.88,2.25,4.53,4.17,4.94,2.7,4.42,3.21,4.51,4.11,4.15,3.62,3.94,4.01,0.1
2007,6,5,2.69,3.66,6.04,5.51,6.44,4.15,5.71,4.49,5.95,5.27,5.45,4.72,5.04,5.18,1.06
2007,6,6,9.02,3.82,5.35,4.9,5.75,3.47,5.13,3.89,5.29,4.74,4.86,4.22,4.54,4.65,0.43
2007,6,7,5.25,14.59,12.13,11.05,12.66,10.9,10.78,10.44,11.8,10.04,10.66,9.15,9.38,9.85,11.57
2007,6,8,0,3.71,5.81,5.31,6.21,3.92,5.52,4.29,5.73,5.09,5.25,4.55,4.87,5.01,0.83
2007,6,9,0,12.61,9.17,8.35,9.61,7.49,8.34,7.43,8.96,7.71,8.13,7,7.29,7.6,5.72
2007,6,10,3.79,6.2,12.4,11.29,12.93,11.22,11,10.71,12.06,10.24,10.88,9.35,9.57,10.05,12.14
2007,6,11,0,18.03,20.93,19.11,21.77,21.79,17.9,20.01,20.24,16.96,18.1,15.54,15.5,16.44,32.57
2007,6,12,4.65,8.61,15.26,13.9,15.88,14.67,13.33,13.75,14.8,12.49,13.31,11.42,11.57,12.2,18.59
2007,6,13,19.95,7.47,7.16,6.52,7.57,5.3,6.66,5.51,7.03,6.14,6.41,5.53,5.85,6.05,2.46
2007,6,14,13.71,5.62,8.35,7.61,8.78,6.59,7.67,6.64,8.17,7.08,7.44,6.4,6.7,6.97,4.3
2007,6,15,0.44,6.78,10.18,9.27,10.65,8.64,9.18,8.44,9.93,8.51,9,7.74,8,8.37,7.6
2007,6,16,11.69,2.38,3.28,3.07,3.72,1.62,3.33,2.24,3.31,3.16,3.07,2.71,3.02,3.02,0
2007,6,17,8.24,2.57,4.52,4.16,4.93,2.68,4.41,3.2,4.49,4.1,4.14,3.61,3.93,4,0.1
2007,6,18,2.8,0,1.69,1.71,2.26,0.49,1.89,1.22,1.81,2.01,1.69,1.58,1.83,1.74,0
2007,6,19,0,0.31,4.93,4.53,5.34,3.07,4.77,3.54,4.89,4.42,4.5,3.91,4.23,4.32,0.17
2007,6,20,0,0,0,0.51,1.02,0,0,0.54,0.43,1.05,0.38,0.54,0.69,0.5,0
2007,6,21,6.72,0,3.33,3.11,3.77,1.66,3.38,2.28,3.36,3.2,3.12,2.75,3.06,3.06,0
2007,6,22,8.56,3.14,9.14,8.32,9.59,7.46,8.32,7.41,8.93,7.69,8.11,6.98,7.27,7.58,5.66
2007,6,23,16.27,3.94,7.18,6.54,7.59,5.32,6.68,5.52,7.04,6.16,6.43,5.55,5.86,6.07,2.49
2007,6,24,17.03,0,3.37,3.14,3.8,1.68,3.41,2.31,3.39,3.23,3.15,2.77,3.08,3.09,0
2007,6,25,9.15,0,2.01,1.98,2.53,0.69,2.19,1.4,2.11,2.23,1.96,1.8,2.07,2,0
2007,6,26,7.05,0,0,0,0.64,0,0,0.37,0,0.73,0,0,0,0,0
2007,6,27,0.5,0,5.73,5.24,6.13,3.85,5.46,4.22,5.66,5.04,5.19,4.5,4.82,4.95,0.76
2007,6,28,0,9.25,11.12,10.12,11.61,9.72,9.95,9.39,10.83,9.24,9.79,8.42,8.67,9.08,9.46
2007,6,29,0,37.23,18.87,17.21,19.62,19.16,16.24,17.71,18.26,15.33,16.36,14.04,14.07,14.9,27.36
2007,6,30,1.21,21.73,8.6,7.83,9.03,6.85,7.87,6.87,8.4,7.26,7.64,6.58,6.88,7.16,4.71
2007,7,1,9.38,6.33,8.63,7.08,7.7,6.01,7.57,6.21,7.89,6.48,6.78,6.14,6.42,6.46,3.12
2007,7,2,16.04,0,1.72,1.77,2.69,0.4,1.81,1.24,1.86,1.98,1.84,1.71,1.85,1.82,0
2007,7,3,1.61,0,1.87,1.88,2.8,0.48,1.95,1.32,1.99,2.07,1.96,1.8,1.95,1.92,0
2007,7,4,1.58,0.79,1.68,1.73,2.66,0.38,1.77,1.22,1.82,1.95,1.81,1.68,1.82,1.78,0
2007,7,5,0,0,0,0,1.35,0,0,0.43,0,0.64,0,0.41,0,0,0
2007,7,6,0,2.8,5.14,4.4,5.16,2.82,4.78,3.43,4.85,4.21,4.36,3.9,4.17,4.2,0.13
2007,7,7,0,0,0.84,1.11,2.12,0.1,0.9,0.85,1.1,1.43,1.13,1.17,1.22,1.12,0
2007,7,8,0.52,3.92,6.71,5.61,6.32,4.21,6.06,4.64,6.23,5.24,5.47,4.91,5.2,5.24,1.17
2007,7,9,0.1,0,5.44,4.63,5.39,3.09,5.04,3.66,5.12,4.41,4.58,4.1,4.37,4.41,0.27
2007,7,10,0,6.72,10.39,8.43,8.97,7.76,8.93,7.73,9.42,7.61,7.96,7.26,7.52,7.56,5.28
2007,7,11,0,0,0,0.39,1.53,0,0,0.52,0,0.83,0,0.59,0.49,0,0
2007,7,12,0,11.01,10.54,8.55,9.08,7.91,9.04,7.86,9.55,7.71,8.07,7.36,7.62,7.66,5.49
2007,7,13,6.87,0,0.42,0.79,1.85,0,0,0.69,0.73,1.17,0.77,0.92,0.89,0.77,0
2007,7,14,26.69,0,0,0,0,0,0,0,0,0,0,0,0,0,0
2007,7,15,21.57,0,0,0,1.03,0,0,0.29,0,0.34,0,0,0,0,0
2007,7,16,0,0,0,0,1.32,0,0,0.41,0,0.61,0,0.38,0,0,0
2007,7,17,0,2.94,5.3,4.53,5.28,2.97,4.92,3.55,4.99,4.32,4.48,4,4.28,4.31,0.2
2007,7,18,2.87,4.19,4.36,3.8,4.6,2.19,4.14,2.87,4.17,3.71,3.81,3.4,3.66,3.69,0
2007,7,19,0,1.02,4.87,4.19,4.97,2.6,4.56,3.23,4.61,4.04,4.17,3.72,3.99,4.02,0.1
2007,7,20,7.64,1.39,11.49,9.28,9.77,8.89,9.77,8.71,10.38,8.32,8.7,7.96,8.21,8.24,6.78
2007,7,21,7.18,28.12,24.14,18.88,18.7,22.8,19.16,20.74,21.28,16.27,16.92,15.93,15.86,15.8,27.41
2007,7,22,8.67,0.1,12.59,10.12,10.55,10.03,10.61,9.7,11.33,9.02,9.43,8.66,8.89,8.92,8.35
2007,7,23,15.51,0,0,0,1,0,0,0.28,0,0,0,0,0,0,0
2007,7,24,4.87,0,2.95,2.71,3.56,1.14,2.93,1.93,2.93,2.77,2.77,2.49,2.7,2.71,0
2007,7,25,2.74,1.56,2.09,2.05,2.95,0.6,2.16,1.43,2.18,2.21,2.13,1.94,2.11,2.09,0
2007,7,26,12.45,0.1,7.9,6.52,7.18,5.31,7,5.6,7.26,6.01,6.28,5.67,5.96,6,2.31
2007,7,27,18.1,0,0,0,0,0,0,0,0,0,0,0,0,0,0
2007,7,28,10.79,0,0.43,0.8,1.86,0,0,0.69,0.74,1.18,0.78,0.92,0.9,0.78,0
2007,7,29,9.3,0,0,0,0.64,0,0,0.15,0,0,0,0,0,0,0
2007,7,30,10.74,0,0,0,0.99,0,0,0.28,0,0,0,0,0,0,0
2007,7,31,1.85,0,1.25,1.41,2.38,0.18,1.33,1.02,1.45,1.68,1.47,1.42,1.51,1.45,0
2007,8,1,0,0.46,2.55,2.41,3.45,0.84,2.5,1.69,2.79,2.64,2.6,2.26,2.6,2.62,0
2007,8,2,2.11,0,0,0,1.35,0,0,0.41,0,0.58,0,0,0,0,0
2007,8,3,17.89,0,0,0.69,1.9,0,0,0.68,0.63,1.18,0.56,0.7,0.81,0.67,0
2007,8,4,0,2.06,8.39,6.96,8.09,5.7,7.79,5.95,8.11,6.75,6.91,6.02,6.59,6.8,2.67
2007,8,5,0.27,7.59,5.02,4.32,5.38,2.67,4.81,3.3,5.06,4.36,4.49,3.87,4.34,4.45,0.1
2007,8,6,9.83,0,2.2,2.14,3.19,0.62,2.14,1.5,2.46,2.4,2.31,2.02,2.34,2.34,0
2007,8,7,0.1,0,4.1,3.6,4.65,1.93,3.96,2.65,4.21,3.71,3.79,3.27,3.7,3.78,0
2007,8,8,1.81,0,0,0.46,1.72,0,0,0.58,0,0.98,0,0.49,0.56,0,0
2007,8,9,14.13,1.15,7.81,6.5,7.62,5.15,7.28,5.46,7.58,6.34,6.5,5.65,6.21,6.4,2.06
2007,8,10,7.08,17.86,12.43,10.13,11.36,9.76,11.27,9.5,11.74,9.62,9.72,8.56,9.21,9.51,7.92
2007,8,11,5.61,0,3.57,3.19,4.23,1.54,3.47,2.3,3.73,3.34,3.39,2.92,3.33,3.39,0
2007,8,12,17.8,0,1.14,1.37,2.47,0.1,1.02,1.01,1.51,1.73,1.43,1.34,1.57,1.51,0
2007,8,13,32.41,3.01,3.58,3.2,4.24,1.54,3.48,2.31,3.74,3.35,3.4,2.93,3.34,3.4,0
2007,8,14,16,17.62,14.26,11.57,12.84,11.68,12.83,11.2,13.37,10.92,10.96,9.69,10.37,10.72,10.7
2007,8,15,5.65,5.06,7.47,6.23,7.35,4.84,6.98,5.19,7.28,6.1,6.26,5.44,5.99,6.17,1.73
2007,8,16,7.1,0,3.29,2.97,4.01,1.34,3.21,2.13,3.47,3.15,3.18,2.74,3.13,3.18,0
2007,8,17,2.28,0.1,3.81,3.38,4.42,1.72,3.7,2.46,3.95,3.51,3.58,3.08,3.5,3.57,0
2007,8,18,0,3.05,7.09,5.94,7.04,4.49,6.65,4.88,6.94,5.83,5.99,5.2,5.74,5.91,1.39
2007,8,19,0.1,0,1.62,1.71,2.78,0.31,1.54,1.21,1.93,2.02,1.83,1.64,1.92,1.89,0
2007,8,20,1.02,0,4.9,4.22,5.28,2.57,4.69,3.21,4.94,4.28,4.4,3.79,4.26,4.36,0.1
2007,8,21,4.39,2.53,4.26,3.72,4.77,2.06,4.11,2.76,4.36,3.83,3.92,3.37,3.81,3.9,0
2007,8,22,8.48,0.1,1.97,1.96,3.02,0.49,1.91,1.38,2.25,2.25,2.12,1.87,2.17,2.17,0
2007,8,23,6.34,0,0.79,1.13,2.26,0,0.65,0.88,1.19,1.53,1.1,1.13,1.31,1.2,0
2007,8,24,0.56,1.43,3.03,2.77,3.81,1.15,2.96,1.97,3.23,2.97,2.97,2.57,2.94,2.99,0
2007,8,25,0,0.69,3.52,3.15,4.19,1.5,3.42,2.27,3.68,3.31,3.35,2.89,3.29,3.35,0
2007,8,26,0,4.62,4.15,3.64,4.68,1.97,4.01,2.69,4.26,3.75,3.83,3.3,3.73,3.82,0
2007,8,27,0,8.64,7.25,6.06,7.17,4.63,6.79,5.01,7.08,5.95,6.11,5.3,5.84,6.02,1.53
2007,8,28,0,12.13,6.79,5.7,6.79,4.21,6.38,4.64,6.66,5.62,5.77,5,5.53,5.7,1.13
2007,8,29,1.38,4.53,7.52,6.28,7.39,4.89,7.03,5.23,7.33,6.14,6.3,5.47,6.02,6.21,1.78
2007,8,30,2.65,1.31,9.57,7.89,9.05,6.86,8.82,6.96,9.18,7.6,7.75,6.77,7.37,7.61,4.05
2007,8,31,6.44,0,0,0,0,0,0,0,0,0,0,0,0,0,0
2007,9,1,3.49,0.14,4.6,3.98,5.33,2.45,4.23,3.03,4.69,4.12,4.24,3.48,4.1,4.2,0
2007,9,2,0.83,0,2.26,2.21,3.56,0.78,1.9,1.62,2.56,2.52,2.15,1.88,2.26,2.23,0
2007,9,3,3.43,0,3.99,3.5,4.84,1.96,3.65,2.61,4.12,3.68,3.72,3.04,3.61,3.7,0
2007,9,4,17.49,0,0,0,0,0,0,0.1,0,0,0,0,0,0,0
2007,9,5,16.37,0,0,0,0,0,0,0,0,0,0,0,0,0,0
2007,9,6,25.51,0,0,0,1.31,0,0,0.4,0,0.45,0,0,0,0,0
2007,9,7,14.1,1.57,5.43,4.64,6,3.15,5,3.64,5.46,4.74,4.93,4.09,4.74,4.86,0.1
2007,9,8,14.5,0,0,0,1.98,0,0,0.67,0,1.06,0,0,0,0,0
2007,9,9,0,0.84,6.96,5.87,7.27,4.54,6.4,4.86,6.9,5.9,6.17,5.24,5.92,6.06,1.05
2007,9,10,0,3.26,12.27,10.22,11.76,10.06,11.13,9.79,11.94,10.1,10.32,9.4,9.97,10.07,8.84
2007,9,11,7.67,1.35,1.86,1.93,3.31,0.57,1.43,1.44,2.23,2.29,1.75,1.65,1.95,1.86,0
2007,9,12,6.77,5.43,8.39,7.04,8.47,5.94,7.69,6.11,8.26,7.02,7.31,6.34,7.02,7.16,2.67
2007,9,13,0.94,0,2.41,2.31,3.66,0.87,2.07,1.69,2.69,2.61,2.29,1.98,2.38,2.36,0
2007,9,14,8.22,0,5.77,4.92,6.28,3.45,5.32,3.9,5.78,5,5.22,4.34,5.01,5.13,0.16
2007,9,15,0.23,7.19,12.58,10.47,12.02,10.4,11.4,10.1,12.23,10.34,10.55,9.64,10.2,10.29,9.4
2007,9,16,2.93,1.33,4.64,4.02,5.36,2.48,4.27,3.06,4.72,4.15,4.28,3.51,4.13,4.23,0
2007,9,17,17.03,0,0,0,0,0,0,0.11,0,0,0,0,0,0,0
2007,9,18,9.23,0.58,2.67,2.5,3.84,1.03,2.34,1.82,2.92,2.78,2.54,2.14,2.58,2.59,0
2007,9,19,3.31,2.53,5.84,4.97,6.34,3.51,5.39,3.96,5.85,5.05,5.28,4.4,5.06,5.19,0.2
2007,9,20,6.96,11.33,13.66,11.36,12.93,11.62,12.34,11.19,13.26,11.21,11.37,10.51,11.01,11.09,11.46
2007,9,21,2.64,47.99,22.38,18.59,20.3,22.02,19.91,20.58,21.57,18.28,17.86,17.58,17.51,17.4,30.87
2007,9,22,2.2,0,0,0,0,0,0,0.1,0,0,0,0,0,0,0
2007,9,23,5.07,0,4.14,3.62,4.96,2.08,3.8,2.71,4.26,3.79,3.85,3.15,3.74,3.83,0
2007,9,24,3.68,0,2.17,2.15,3.5,0.74,1.81,1.58,2.49,2.47,2.06,1.83,2.19,2.15,0
2007,9,25,4.58,0,3.7,3.28,4.62,1.75,3.38,2.43,3.86,3.48,3.48,2.84,3.39,3.47,0
2007,9,26,0,0.25,4.43,3.85,5.19,2.31,4.07,2.91,4.53,4,4.1,3.36,3.96,4.06,0
2007,9,27,0,3.44,8.79,7.37,8.81,6.35,8.05,6.47,8.64,7.34,7.63,6.66,7.33,7.46,3.21
2007,9,28,0,5.66,8.85,7.41,8.86,6.41,8.1,6.52,8.69,7.38,7.67,6.7,7.37,7.51,3.28
2007,9,29,1.39,8.12,7.11,6,7.4,4.69,6.54,4.99,7.05,6.02,6.3,5.36,6.04,6.18,1.2
2007,9,30,4.66,4.45,6.71,5.67,7.06,4.3,6.17,4.65,6.66,5.71,5.97,5.05,5.73,5.86,0.82
2007,10,1,14.02,4.16,10.57,9.92,10.52,12.43,10.4,12.45,11.64,9.52,10.02,9.52,9.36,9.59,11.89
2007,10,2,6.7,7.53,10.23,9.58,10.2,11.86,10.07,11.92,11.24,9.2,9.66,9.15,9.03,9.24,10.94
2007,10,3,30.52,0,0.72,1.12,2.19,0.33,1.27,1.08,1.08,1.46,0.71,0.81,0.88,0.9,0
2007,10,4,17.59,0,0,0,0.54,0,0,0.17,0,0.1,0,0,0,0,0
2007,10,5,15.23,0,0,0,0.38,0,0,0.12,0,0,0,0,0,0,0
2007,10,6,13.62,0,2.14,2.1,3.12,1.14,2.43,1.91,2.27,2.29,1.76,1.6,1.82,1.8,0
2007,10,7,9.58,0,8.03,7.43,8.2,8.33,7.96,8.64,8.66,7.18,7.38,6.84,6.95,7.06,5.46
2007,10,8,0.34,0,0,0,0.73,0,0,0.23,0,0.22,0,0,0,0,0
2007,10,9,0.73,0,0,0.53,1.66,0.1,0.45,0.7,0.33,0.99,0,0.4,0.3,0.38,0
2007,10,10,7.74,0,0,0,0,0,0,0.1,0,0,0,0,0,0,0
2007,10,11,0,0,0,0,0.27,0,0,0.1,0,0,0,0,0,0,0
2007,10,12,0,0,7.48,6.9,7.7,7.5,7.43,7.87,8.03,6.69,6.83,6.29,6.44,6.52,4.29
2007,10,13,0,3.67,14.39,13.76,14.06,19.2,14.09,18.78,16.23,13.14,14.09,13.77,13.07,13.53,23.72
2007,10,14,0,0,5.09,4.65,5.57,4.2,5.16,4.79,5.34,4.61,4.45,3.99,4.28,4.28,0.53
2007,10,15,0,0,6.92,6.36,7.19,6.67,6.89,7.09,7.38,6.19,6.25,5.73,5.92,5.98,3.18
2007,10,16,0,0,0,0.34,1.5,0,0,0.6,0,0.86,0,0.29,0.13,0.23,0
2007,10,17,0,0,1.29,1.47,2.53,0.59,1.7,1.36,1.52,1.75,1.1,1.08,1.23,1.22,0
2007,10,18,0,0,1.78,1.82,2.86,0.88,2.12,1.66,1.94,2.06,1.47,1.37,1.56,1.55,0
2007,10,19,0,0,0,0.67,1.78,0.1,0.64,0.78,0.5,1.09,0.2,0.49,0.44,0.5,0
2007,10,20,0,0,4.44,4.05,5,3.4,4.54,4.05,4.62,4.06,3.82,3.41,3.7,3.69,0.1
2007,10,21,1.68,0,6.45,5.91,6.77,6,6.45,6.47,6.85,5.77,5.78,5.27,5.49,5.53,2.36
2007,10,22,0,0,6.22,5.7,6.57,5.69,6.23,6.18,6.59,5.57,5.56,5.05,5.29,5.32,1.99
2007,10,23,0,0,6.56,6.02,6.87,6.16,6.56,6.62,6.98,5.87,5.9,5.38,5.6,5.64,2.55
2007,10,24,0,0,5.67,5.19,6.08,4.95,5.71,5.49,5.98,5.1,5.02,4.53,4.79,4.81,1.2
2007,10,25,0,0,2.33,2.25,3.27,1.29,2.6,2.05,2.46,2.43,1.92,1.73,1.97,1.95,0
2007,10,26,0,0,2.17,2.12,3.14,1.16,2.45,1.93,2.3,2.31,1.78,1.62,1.85,1.82,0
2007,10,27,0,0,0,0.7,1.81,0.1,0.69,0.8,0.55,1.12,0.24,0.51,0.47,0.53,0
2007,10,28,0,0.22,5.2,4.74,5.66,4.32,5.26,4.91,5.45,4.69,4.55,4.08,4.37,4.37,0.64
2007,10,29,0,1.58,6.43,5.9,6.76,5.98,6.43,6.45,6.83,5.76,5.77,5.25,5.48,5.52,2.33
2007,10,30,0,9.2,15.79,15.18,15.36,21.8,15.44,21.21,17.93,14.49,15.6,15.37,14.44,15,28.48
2007,10,31,0,12.67,14.25,13.62,13.93,18.95,13.96,18.54,16.07,13.01,13.94,13.61,12.93,13.39,23.25
2007,11,1,0,7.21,8.65,10.25,9.75,22.99,8.23,24.12,11.41,8.17,7.39,6.65,6.9,6.84,2.27
2007,11,2,0,0.12,9.63,11.49,10.84,26.57,9.16,27.73,12.86,9.12,8.23,7.5,7.74,7.67,4.14
2007,11,3,0,0,3.56,4.03,4.24,6.65,3.44,7.62,4.2,3.38,3.06,2.47,2.7,2.66,0
2007,11,4,0,0,1.42,1.66,2.07,1.88,1.44,2.65,1.51,1.51,1.29,0.92,1.08,1.04,0
2007,11,5,0,0,0,0,0.1,0,0,0.1,0,0,0,0,0,0,0
2007,11,6,0,0,0,0,0.12,0,0,0.1,0,0,0,0,0,0,0
2007,11,7,0.1,0,3.59,4.07,4.27,6.73,3.47,7.7,4.24,3.41,3.08,2.49,2.72,2.68,0
2007,11,8,0.36,0,3.73,4.23,4.41,7.1,3.6,8.07,4.42,3.53,3.2,2.6,2.83,2.79,0
2007,11,9,1.76,0,6.43,7.47,7.3,15.26,6.13,16.32,8.17,6.04,5.48,4.77,5.03,4.98,0
2007,11,10,0.1,0,0.87,1.1,1.55,1.03,0.94,1.7,0.91,1.07,0.85,0.57,0.7,0.66,0
2007,11,11,0.1,0,0,0,0.1,0,0,0.1,0,0,0,0,0,0,0
2007,11,12,0,0,1.02,1.24,1.68,1.23,1.07,1.93,1.06,1.18,0.97,0.66,0.8,0.76,0
2007,11,13,0,0,5.93,6.86,6.76,13.64,5.66,14.69,7.46,5.57,5.06,4.36,4.61,4.57,0
2007,11,14,0,0,2.25,2.55,2.89,3.49,2.21,4.37,2.51,2.22,1.97,1.49,1.69,1.65,0
2007,11,15,0,0,1.28,1.5,1.93,1.64,1.31,2.38,1.35,1.39,1.18,0.83,0.98,0.94,0
2007,11,16,0,0,3.79,4.3,4.48,7.26,3.66,8.24,4.5,3.59,3.25,2.65,2.88,2.84,0
2007,11,17,0,0,0,0,0,0,0,0,0,0,0,0,0,0,0
2007,11,18,0,0,0.64,0.87,1.32,0.73,0.72,1.34,0.66,0.88,0.67,0.43,0.54,0.5,0
2007,11,19,0,0,0,0,0.3,0,0,0.14,0,0.1,0,0,0,0,0
2007,11,20,0,0,0,0,0.1,0,0,0.1,0,0,0,0,0,0,0
2007,11,21,0,0,0,0,0,0,0,0.1,0,0,0,0,0,0,0
2007,11,22,0,0,0,0,0,0,0,0.1,0,0,0,0,0,0,0
2007,11,23,0,0,2.24,2.53,2.88,3.47,2.2,4.34,2.49,2.21,1.96,1.49,1.68,1.64,0
2007,11,24,0,0,0,0,0,0,0,0,0,0,0,0,0,0,0
2007,11,25,1.23,0,0,0.15,0.56,0.1,0,0.36,0.1,0.26,0.1,0.1,0.1,0.1,0
2007,11,26,0,0,1.36,1.6,2.02,1.78,1.39,2.54,1.44,1.47,1.25,0.88,1.04,1,0
2007,11,27,0,0,0.79,1.01,1.46,0.92,0.85,1.56,0.82,1,0.79,0.52,0.64,0.6,0
2007,11,28,0,0,0.41,0.65,1.11,0.48,0.5,1.02,0.44,0.7,0.49,0.3,0.4,0.36,0
2007,11,29,0,0,0,0,0,0,0,0.1,0,0,0,0,0,0,0
2007,11,30,0,0,3.46,3.91,4.13,6.38,3.34,7.34,4.06,3.29,2.97,2.39,2.61,2.58,0
2007,12,1,0,0,0,0,0.1,0,0,0.1,0,0,0,0,0,0,0
2007,12,2,0,0,0,0,0,0,0,0,0,0,0,0,0,0,0
2007,12,3,0,0,0.15,0.33,0.62,0.34,0.26,0.79,0.21,0.25,0.17,0.1,0.11,0.14,0
2007,12,4,0,0,0,0.1,0.17,0.1,0,0.11,0,0.1,0,0,0,0,0
2007,12,5,0,0,2.12,2.93,3.13,6.43,2.23,7.41,2.77,2.21,1.89,1.11,1.38,1.4,0
2007,12,6,0.28,0,0,0,0.1,0,0,0.1,0,0,0,0,0,0,0
2007,12,7,0.1,0,0,0,0,0,0,0,0,0,0,0,0,0,0
2007,12,8,0,0,0,0,0,0,0,0,0,0,0,0,0,0,0
2007,12,9,0,0,0,0,0.1,0,0,0.1,0,0,0,0,0,0,0
2007,12,10,0,0,0,0,0,0,0,0,0,0,0,0,0,0,0
2007,12,11,0,0,0,0,0.1,0,0,0.1,0,0,0,0,0,0,0
2007,12,12,0,0,0.96,1.39,1.68,2.43,1.11,3.24,1.23,1.06,0.89,0.5,0.64,0.67,0
2007,12,13,0,0,0.1,0.12,0.37,0.1,0.1,0.36,0.1,0.1,0.1,0.1,0.1,0.1,0
2007,12,14,0,0,0,0,0.1,0,0,0.1,0,0,0,0,0,0,0
2007,12,15,0,0,0,0,0.1,0,0,0,0,0,0,0,0,0,0
2007,12,16,0,0,0,0,0.1,0,0,0.1,0,0,0,0,0,0,0
2007,12,17,0,0,0,0,0,0,0,0,0,0,0,0,0,0,0
2007,12,18,0,0,0,0,0,0,0,0,0,0,0,0,0,0,0
2007,12,19,0,0,0,0,0,0,0,0,0,0,0,0,0,0,0
2007,12,20,0,0,0.45,0.73,1.03,1.02,0.6,1.65,0.58,0.56,0.44,0.23,0.31,0.35,0
2007,12,21,0,0,0.29,0.51,0.82,0.64,0.42,1.17,0.38,0.39,0.29,0.14,0.2,0.24,0
2007,12,22,0,0,0.3,0.53,0.83,0.67,0.43,1.21,0.39,0.4,0.31,0.15,0.21,0.24,0
2007,12,23,0,0,0.43,0.7,1,0.96,0.57,1.59,0.56,0.53,0.42,0.22,0.3,0.33,0
2007,12,24,0,0,0,0,0,0,0,0,0,0,0,0,0,0,0
2007,12,25,0,0,0,0,0,0,0,0,0,0,0,0,0,0,0
2007,12,26,0,0,0,0,0,0,0,0,0,0,0,0,0,0,0
2007,12,27,0,0,0,0,0,0,0,0,0,0,0,0,0,0,0
2007,12,28,0,0,0,0,0,0,0,0,0,0,0,0,0,0,0
2007,12,29,0,0,0,0,0,0,0,0,0,0,0,0,0,0,0
2007,12,30,0,0,0,0,0,0,0,0,0,0,0,0,0,0,0
2007,12,31,0.1,0,3.75,5.2,5.21,13.1,3.78,14.22,5.07,3.86,3.33,1.95,2.42,2.41,0
2008,1,1,1.23,0.26,0.36,0.48,0.54,0.58,0.39,0.88,0.5,0.46,0.39,0.23,0.32,0.31,0
2008,1,2,0.28,0,0.78,1,1.06,1.88,0.8,2.26,1.09,0.87,0.77,0.53,0.64,0.64,0
2008,1,3,0.73,0,1.09,1.38,1.43,3.02,1.1,3.38,1.53,1.16,1.04,0.75,0.87,0.87,0
2008,1,4,2.98,0,0,0,0,0,0,0,0,0,0,0,0,0,0
2008,1,5,1.62,0,0,0,0,0,0,0,0,0,0,0,0,0,0
2008,1,6,0.78,0,0,0,0,0,0,0,0,0,0,0,0,0,0
2008,1,7,0.48,0,0.26,0.35,0.41,0.33,0.28,0.59,0.35,0.36,0.29,0.15,0.23,0.22,0
2008,1,8,2.37,0,1.17,1.48,1.52,3.34,1.18,3.7,1.66,1.24,1.11,0.81,0.93,0.93,0
2008,1,9,0.58,0,0,0,0,0,0,0,0,0,0,0,0,0,0
2008,1,10,0.14,0,0,0,0,0,0,0,0,0,0,0,0,0,0
2008,1,11,0.35,0,0,0.1,0.1,0,0,0.1,0,0.1,0,0,0,0,0
2008,1,12,0,0,0,0,0,0,0,0,0,0,0,0,0,0,0
2008,1,13,0,0,0,0,0,0,0,0,0,0,0,0,0,0,0
2008,1,14,0,0,0,0,0,0,0,0,0,0,0,0,0,0,0
2008,1,15,0,0,0,0,0,0,0,0,0,0,0,0,0,0,0
2008,1,16,0,0,0,0,0,0,0,0,0,0,0,0,0,0,0
2008,1,17,0,0,0,0,0,0,0,0,0,0,0,0,0,0,0
2008,1,18,0,0,0,0,0,0,0,0,0,0,0,0,0,0,0
2008,1,19,0,0,0,0,0,0,0,0,0,0,0,0,0,0,0
2008,1,20,0,0,0,0,0,0,0,0,0,0,0,0,0,0,0
2008,1,21,0,0,0,0,0,0,0,0,0,0,0,0,0,0,0
2008,1,22,0,0,0,0,0,0,0,0,0,0,0,0,0,0,0
2008,1,23,0,0,0,0,0,0,0,0,0,0,0,0,0,0,0
2008,1,24,0,0,0.12,0.17,0.23,0.1,0.14,0.25,0.17,0.21,0.15,0.1,0.12,0.1,0
2008,1,25,0,0,1.78,2.24,2.25,5.9,1.77,6.15,2.56,1.8,1.64,1.25,1.37,1.39,0
2008,1,26,0,0,0.45,0.58,0.65,0.81,0.47,1.15,0.61,0.55,0.46,0.29,0.38,0.37,0
2008,1,27,0,0,0.1,0.1,0.13,0.1,0.1,0.1,0.1,0.12,0.1,0.1,0.1,0.1,0
2008,1,28,0,0,0.32,0.43,0.5,0.49,0.34,0.78,0.44,0.43,0.35,0.2,0.28,0.27,0
2008,1,29,0.1,0,0,0,0,0,0,0,0,0,0,0,0,0,0
2008,1,30,0.42,0,0.1,0.15,0.2,0.1,0.11,0.21,0.14,0.19,0.13,0.1,0.1,0.1,0
2008,1,31,6.03,0,0,0,0,0,0,0,0,0,0,0,0,0,0
2008,2,1,0,0,0,0,0,0,0,0,0,0,0,0,0,0,0
2008,2,2,0,0,0,0,0,0,0,0,0,0,0,0,0,0,0
2008,2,3,0,0,0,0,0,0,0,0,0,0,0,0,0,0,0
2008,2,4,0,0,0.17,0.22,0.29,0.1,0.18,0.12,0.23,0.25,0.17,0.11,0.14,0.13,0
2008,2,5,2.19,0,0.1,0.1,0.11,0,0.1,0.1,0.1,0.1,0.1,0.1,0.1,0.1,0
2008,2,6,4.86,0,0,0.1,0.1,0,0,0,0.1,0.1,0,0,0,0,0
2008,2,7,2.87,0,0.12,0.15,0.21,0.1,0.13,0.1,0.15,0.18,0.12,0.1,0.1,0.1,0
2008,2,8,0.89,0,0.1,0.1,0.1,0,0.1,0.1,0.1,0.1,0.1,0.1,0.1,0.1,0
2008,2,9,0,0,0.43,0.53,0.64,0.22,0.45,0.51,0.54,0.53,0.43,0.32,0.37,0.37,0
2008,2,10,2.03,0,0,0,0,0,0,0,0,0,0,0,0,0,0
2008,2,11,6.81,0,0,0,0,0,0,0,0,0,0,0,0,0,0
2008,2,12,3.18,0,0.19,0.23,0.3,0.1,0.2,0.14,0.24,0.26,0.19,0.12,0.15,0.15,0
2008,2,13,1.86,0.33,2.31,3.33,3.58,6.06,2.62,6.79,3.24,2.77,2.51,2.23,2.31,2.32,0
2008,2,14,0,0,1.15,1.55,1.72,1.84,1.27,2.47,1.54,1.37,1.21,1.02,1.09,1.1,0
2008,2,15,0,0,0.1,0.1,0.1,0,0.1,0.1,0.1,0.1,0.1,0,0.1,0.1,0
2008,2,16,0,0,0,0,0,0,0,0,0,0,0,0,0,0,0
2008,2,17,0,0,0,0,0,0,0,0,0,0,0,0,0,0,0
2008,2,18,0.17,0,0,0.1,0.1,0,0,0,0.1,0.1,0,0,0,0,0
2008,2,19,0,0,0.1,0.1,0.1,0,0.1,0.1,0.1,0.1,0.1,0.1,0.1,0.1,0
2008,2,20,0,0,0,0,0,0,0,0,0,0,0,0,0,0,0
2008,2,21,0.1,0,0,0,0,0,0,0,0,0,0,0,0,0,0
2008,2,22,0,0,0,0,0,0,0,0,0,0,0,0,0,0,0
2008,2,23,0,1.37,4.71,7.2,7.57,16.92,5.45,17.4,6.89,5.73,5.27,4.82,4.87,4.93,3.28
2008,2,24,0,25.42,3.88,5.84,6.17,12.99,4.46,13.59,5.61,4.7,4.31,3.92,3.98,4.02,1.71
2008,2,25,0,2.62,6.59,10.32,10.77,26.3,7.69,26.39,9.81,8.07,7.47,6.88,6.91,7,7.33
2008,2,26,0.1,0.25,5.17,7.96,8.35,19.19,6,19.58,7.6,6.3,5.81,5.33,5.38,5.43,4.23
2008,2,27,0,6.1,3.77,5.66,5.98,12.47,4.33,13.09,5.44,4.56,4.18,3.79,3.86,3.9,1.51
2008,2,28,0,0,0.1,0.1,0.1,0,0.1,0.1,0.1,0.1,0.1,0.1,0.1,0.1,0
2008,2,29,0,3.05,0.65,0.84,0.97,0.58,0.7,1.01,0.85,0.79,0.67,0.54,0.59,0.59,0
2008,3,1,0,0,0,0,0,0,0,0,0,0,0,0,0,0,0
2008,3,2,0,0,0.38,0.41,0.49,0.2,0.37,0.44,0.42,0.54,0.39,0.3,0.35,0.34,0
2008,3,3,0.26,0,0.1,0.12,0.2,0.1,0.1,0.17,0.1,0.27,0.13,0.1,0.11,0.1,0
2008,3,4,0,0,0,0,0,0,0,0,0,0,0,0,0,0,0
2008,3,5,0,0,0,0,0,0,0,0,0,0,0,0,0,0,0
2008,3,6,0,0,0,0.1,0.1,0,0,0.1,0.1,0.11,0.1,0.1,0.1,0.1,0
2008,3,7,0,0.15,3.52,3.36,3.64,4.88,3.12,5.12,4.08,3.2,3.08,3.34,3.17,3.2,0
2008,3,8,0,0,0,0,0,0,0,0,0,0,0,0,0,0,0
2008,3,9,0,0,0,0,0,0,0,0,0,0,0,0,0,0,0
2008,3,10,0,0,0,0,0,0,0,0,0,0,0,0,0,0,0
2008,3,11,0.83,0,0,0.1,0.1,0,0.1,0.1,0.1,0.12,0.1,0.1,0.1,0.1,0
2008,3,12,0.3,0,1.69,1.65,1.83,1.76,1.53,2.21,1.91,1.67,1.54,1.51,1.52,1.52,0
2008,3,13,0,0,0,0,0,0,0,0,0,0,0,0,0,0,0
2008,3,14,0,0,0,0,0,0,0,0,0,0,0,0,0,0,0
2008,3,15,0,0,0.73,0.74,0.85,0.52,0.68,0.83,0.81,0.84,0.71,0.61,0.66,0.66,0
2008,3,16,0,0,0.1,0.15,0.23,0.1,0.1,0.19,0.14,0.29,0.16,0.1,0.13,0.12,0
2008,3,17,0,0,0.79,0.79,0.9,0.58,0.73,0.91,0.87,0.89,0.75,0.66,0.7,0.7,0
2008,3,18,0,0,0.1,0.11,0.19,0.1,0.1,0.16,0.1,0.26,0.12,0.1,0.1,0.1,0
2008,3,19,5.99,0,0.1,0.15,0.23,0.1,0.1,0.18,0.13,0.29,0.15,0.1,0.13,0.11,0
2008,3,20,0.71,0,0,0,0,0,0,0,0,0,0,0,0,0,0
2008,3,21,0,0,1.34,1.31,1.45,1.28,1.22,1.65,1.49,1.37,1.22,1.17,1.19,1.19,0
2008,3,22,0,0,0.1,0.12,0.2,0.1,0.1,0.16,0.1,0.26,0.13,0.1,0.1,0.1,0
2008,3,23,0,0,1.59,1.55,1.72,1.63,1.43,2.06,1.78,1.59,1.44,1.4,1.42,1.42,0
2008,3,24,0,0,0.53,0.56,0.67,0.32,0.5,0.64,0.6,0.69,0.54,0.44,0.5,0.49,0
2008,3,25,1.25,1.13,4.04,3.88,4.16,5.84,3.57,5.98,4.73,3.62,3.54,3.89,3.67,3.7,0
2008,3,26,1.27,0.54,1.71,1.67,1.85,1.78,1.55,2.24,1.94,1.69,1.56,1.53,1.54,1.54,0
2008,3,27,0,3.68,1.03,1.03,1.17,0.87,0.94,1.28,1.15,1.12,0.97,0.88,0.93,0.92,0
2008,3,28,0,0,2.2,2.12,2.33,2.58,1.97,2.99,2.49,2.1,1.96,1.99,1.97,1.97,0
2008,3,29,0,0,1.21,1.19,1.33,1.08,1.1,1.48,1.35,1.24,1.12,1.05,1.08,1.08,0
2008,3,30,0,0,0,0,0.1,0,0,0.1,0,0.1,0,0,0,0,0
2008,3,31,0.33,0,1.46,1.42,1.58,1.45,1.33,1.86,1.62,1.48,1.32,1.28,1.29,1.3,0
2008,4,1,1.51,0.74,3.39,2.98,3.59,2.79,3.19,3.53,3.35,2.93,2.83,2.54,2.66,2.75,0
2008,4,2,0,0,1.33,1.28,1.74,0.68,1.25,1.42,1.44,1.41,1.32,1.05,1.14,1.19,0
2008,4,3,0,0,1.08,0.99,1.44,0.49,1.02,1.16,1.15,1.17,1.07,0.82,0.9,0.94,0
2008,4,4,0,0,2.1,1.87,2.38,1.38,1.98,2.14,2.12,1.94,1.85,1.57,1.68,1.74,0
2008,4,5,0,0,1.26,1.2,1.66,0.63,1.19,1.35,1.35,1.35,1.25,0.98,1.06,1.11,0
2008,4,6,1.24,1.82,4.01,3.59,4.31,3.54,3.78,4.36,4,3.51,3.36,3.05,3.17,3.28,0
2008,4,7,0,0,2.45,2.21,2.81,1.75,2.31,2.58,2.49,2.28,2.16,1.85,1.96,2.04,0
2008,4,8,0,0.19,9.88,8.76,9.83,11.8,9.31,11.75,9.58,8.02,7.68,7.56,7.62,7.85,7.62
2008,4,9,0,0.1,4.34,3.86,4.58,3.92,4.09,4.67,4.3,3.73,3.58,3.29,3.41,3.52,0
2008,4,10,0,0.32,4.92,4.32,5.07,4.72,4.64,5.36,4.82,4.13,3.98,3.7,3.82,3.95,0
2008,4,11,0,0,1.68,1.54,2.02,0.93,1.58,1.67,1.75,1.64,1.56,1.28,1.38,1.44,0
2008,4,12,0.64,0,2.63,2.39,2.98,1.91,2.48,2.77,2.68,2.43,2.31,2.01,2.12,2.2,0
2008,4,13,0,0,1.09,1,1.45,0.5,1.03,1.16,1.15,1.18,1.07,0.82,0.9,0.95,0
2008,4,14,0,0,0.89,0.85,1.21,0.34,0.84,0.95,0.98,0.98,0.92,0.69,0.77,0.8,0
2008,4,15,0.52,0.1,1.53,1.43,1.9,0.78,1.44,1.57,1.62,1.54,1.46,1.18,1.28,1.33,0
2008,4,16,0,0,0.31,0.44,0.75,0.1,0.29,0.52,0.48,0.61,0.52,0.33,0.37,0.4,0
2008,4,17,0,0,0,0,0,0,0,0,0,0,0,0,0,0,0
2008,4,18,0,0,0,0,0,0,0,0,0,0,0,0,0,0,0
2008,4,19,0,0,0,0,0,0,0,0.1,0,0,0,0,0,0,0
2008,4,20,26.14,0,0.1,0.28,0.58,0.1,0.1,0.4,0.29,0.47,0.36,0.19,0.22,0.24,0
2008,4,21,4.62,0,0.23,0.38,0.69,0.1,0.22,0.48,0.41,0.56,0.46,0.28,0.32,0.34,0
2008,4,22,1.22,0,1.27,1.21,1.67,0.63,1.2,1.36,1.37,1.36,1.26,0.99,1.08,1.13,0
2008,4,23,0,0,0,0.1,0.1,0,0,0.1,0,0.1,0.1,0,0,0,0
2008,4,24,0,0,0.1,0.15,0.44,0,0.1,0.32,0.13,0.36,0.24,0.1,0.1,0.12,0
2008,4,25,0,0,0,0,0,0,0,0,0,0,0,0,0,0,0
2008,4,26,0,0,0,0.1,0.18,0,0,0.15,0.1,0.15,0.1,0.1,0.1,0.1,0
2008,4,27,2.84,0,0,0,0,0,0,0,0,0,0,0,0,0,0
2008,4,28,16.07,0,0,0,0,0,0,0,0,0,0,0,0,0,0
2008,4,29,6.29,0,0,0,0,0,0,0.1,0,0,0,0,0,0,0
2008,4,30,13.85,0,0,0.1,0.23,0,0,0.18,0.1,0.19,0.1,0.1,0.1,0.1,0
2008,5,1,22.26,0,2.02,2,2.62,0.88,2.15,1.62,2.31,2.16,2.04,1.66,1.93,1.93,0
2008,5,2,6.58,7.47,4.46,4.15,4.7,2.94,4.42,3.5,4.6,4.07,4.19,3.48,3.84,4.01,0
2008,5,3,18.61,14.26,4.49,4.17,4.72,2.96,4.45,3.53,4.62,4.09,4.22,3.5,3.86,4.03,0
2008,5,4,2.06,19.18,16.33,16.22,15.26,18.09,15,16.69,16.22,14.5,15.06,13.18,13.49,14.53,18.1
2008,5,5,0,0.56,3.93,3.68,4.26,2.41,3.93,3.03,4.1,3.66,3.72,3.07,3.43,3.55,0
2008,5,6,2.41,0,6.82,6.42,6.79,5.49,6.57,5.74,6.88,6.07,6.33,5.34,5.74,6.08,0.56
2008,5,7,0.84,0,3.4,3.17,3.77,1.94,3.44,2.61,3.58,3.21,3.24,2.66,3,3.09,0
2008,5,8,0,0,2.71,2.6,3.21,1.35,2.81,2.07,2.96,2.69,2.64,2.16,2.47,2.52,0
2008,5,9,0,0,5.84,5.45,5.91,4.38,5.68,4.78,5.92,5.22,5.44,4.55,4.95,5.21,0
2008,5,10,0,4.34,8.05,7.64,7.88,6.95,7.67,7.02,8.08,7.13,7.45,6.33,6.74,7.16,1.93
2008,5,11,0,0,9.14,8.76,8.87,8.31,8.65,8.21,9.16,8.1,8.46,7.23,7.63,8.13,3.53
2008,5,12,0,0,1.16,1.34,1.91,0.3,1.33,1.08,1.53,1.55,1.3,1.06,1.28,1.22,0
2008,5,13,12.37,0,4.42,4.12,4.67,2.9,4.39,3.47,4.56,4.04,4.16,3.45,3.81,3.98,0
2008,5,14,1.89,0,5.32,4.99,5.48,3.81,5.21,4.27,5.44,4.81,4.98,4.16,4.54,4.77,0
2008,5,15,15.37,3.9,7.2,6.77,7.11,5.94,6.91,6.15,7.24,6.39,6.67,5.63,6.04,6.4,0.92
2008,5,16,6.93,2.8,6.12,5.73,6.17,4.69,5.93,5.06,6.18,5.47,5.68,4.76,5.16,5.45,0.1
2008,5,17,14.69,0,1.65,1.71,2.31,0.63,1.79,1.39,1.97,1.89,1.72,1.4,1.65,1.63,0
2008,5,18,12.77,0,3.73,3.48,4.08,2.23,3.75,2.87,3.89,3.49,3.53,2.91,3.26,3.37,0
2008,5,19,6.05,0,4.38,4.08,4.64,2.86,4.35,3.43,4.53,4.01,4.12,3.42,3.78,3.95,0
2008,5,20,0,0,0.74,1.01,1.56,0.1,0.93,0.89,1.15,1.25,0.93,0.77,0.96,0.87,0
2008,5,21,1.42,0,0,0,0,0,0,0.11,0,0,0,0,0,0,0
2008,5,22,0,0,0,0,0,0,0,0,0,0,0,0,0,0,0
2008,5,23,0,0,0,0,0,0,0,0,0,0,0,0,0,0,0
2008,5,24,0,0,1.58,1.66,2.25,0.58,1.73,1.34,1.91,1.84,1.66,1.35,1.6,1.57,0
2008,5,25,8.41,0,3.23,3.03,3.63,1.8,3.29,2.48,3.43,3.07,3.1,2.54,2.87,2.95,0
2008,5,26,3.28,0,0.81,1.06,1.62,0.1,0.99,0.92,1.21,1.3,0.99,0.82,1.01,0.93,0
2008,5,27,13.39,0,6.69,6.31,6.69,5.34,6.45,5.61,6.76,5.97,6.22,5.24,5.64,5.97,0.44
2008,5,28,14.94,0,7.91,7.52,7.77,6.79,7.55,6.88,7.96,7.03,7.33,6.23,6.63,7.05,1.76
2008,5,29,2.94,5.28,7.13,6.71,7.04,5.85,6.85,6.07,7.17,6.32,6.6,5.58,5.98,6.34,0.86
2008,5,30,0.57,5.53,6.18,5.79,6.23,4.76,5.99,5.12,6.24,5.53,5.73,4.81,5.21,5.5,0.1
2008,5,31,10.24,0,0,0.41,0.93,0,0,0.53,0.45,0.71,0,0.24,0.38,0,0
2008,6,1,2.73,0,0,0,0,0,0,0.13,0,0,0,0,0,0,0
2008,6,2,1.3,0,0,0,0,0,0,0.1,0,0,0,0,0,0,0
2008,6,3,0.1,0,0,0,0,0,0,0.1,0,0,0,0,0,0,0
2008,6,4,1.13,0,0,0,0,0,0,0,0,0,0,0,0,0,0
2008,6,5,0,0,0,0,0,0,0,0.17,0,0.32,0,0,0,0,0
2008,6,6,0,0,0.44,0.69,1.21,0,0.68,0.63,0.64,1.2,0.58,0.7,0.86,0.69,0
2008,6,7,2.36,0,0,0,0.5,0,0,0.32,0,0.62,0,0,0,0,0
2008,6,8,0,0,3.48,3.25,3.92,1.78,3.51,2.39,3.51,3.32,3.25,2.86,3.17,3.18,0
2008,6,9,13.05,0,2.73,2.59,3.2,1.19,2.84,1.86,2.79,2.75,2.59,2.31,2.6,2.58,0
2008,6,10,0,0,2.79,2.64,3.25,1.23,2.89,1.9,2.85,2.8,2.64,2.36,2.65,2.63,0
2008,6,11,1.06,0,1.22,1.33,1.85,0.24,1.44,0.98,1.37,1.7,1.27,1.25,1.48,1.35,0
2008,6,12,8.76,3.5,4.54,4.18,4.95,2.71,4.43,3.22,4.52,4.12,4.16,3.63,3.95,4.02,0.1
2008,6,13,36.36,3.34,7.57,6.9,7.98,5.74,7.01,5.89,7.42,6.46,6.76,5.83,6.14,6.37,3.06
2008,6,14,16.38,0,0.89,1.06,1.59,0.1,1.12,0.82,1.06,1.49,0.98,1.02,1.22,1.07,0
2008,6,15,15.58,0,0,0.29,0.79,0,0,0.44,0,0.86,0,0.34,0.47,0,0
2008,6,16,40.09,0,0,0,0,0,0,0.11,0,0,0,0,0,0,0
2008,6,17,62.32,0,0,0.6,1.12,0,0.58,0.59,0.53,1.12,0.48,0.62,0.78,0.6,0
2008,6,18,32.41,0,0,0.32,0.83,0,0,0.46,0,0.89,0,0.37,0.5,0,0
2008,6,19,42.12,0,2.18,2.12,2.69,0.8,2.34,1.5,2.27,2.36,2.11,1.92,2.19,2.14,0
2008,6,20,15.97,0,4.15,3.83,4.56,2.35,4.09,2.9,4.14,3.82,3.82,3.34,3.66,3.71,0
2008,6,21,7.6,0.89,5.4,4.95,5.8,3.52,5.18,3.94,5.34,4.78,4.91,4.26,4.58,4.69,0.47
2008,6,22,5.28,0,0,0.55,1.06,0,0.51,0.56,0.47,1.08,0.42,0.57,0.72,0.54,0
2008,6,23,25.22,2.19,6.16,5.63,6.56,4.27,5.82,4.6,6.07,5.37,5.56,4.81,5.13,5.28,1.2
2008,6,24,7.53,0,0.84,1.03,1.55,0.1,1.08,0.8,1.02,1.46,0.94,0.99,1.19,1.04,0
2008,6,25,3.35,0,0,0,0.39,0,0,0.28,0,0.54,0,0,0,0,0
2008,6,26,6.89,3.47,5.94,5.43,6.34,4.05,5.64,4.41,5.86,5.2,5.37,4.65,4.97,5.11,0.97
2008,6,27,3.94,3.58,3.74,3.47,4.16,1.99,3.73,2.58,3.75,3.51,3.47,3.04,3.35,3.38,0
2008,6,28,1.66,0.4,2.43,2.34,2.92,0.97,2.57,1.66,2.51,2.54,2.33,2.1,2.38,2.34,0
2008,6,29,0.25,0.11,5.38,4.92,5.78,3.49,5.15,3.91,5.32,4.76,4.88,4.24,4.56,4.67,0.45
2008,6,30,2.01,6.24,5.6,5.13,6,3.72,5.35,4.11,5.53,4.94,5.08,4.4,4.72,4.85,0.64
2008,7,1,0,0,2.27,2.18,3.08,0.7,2.32,1.53,2.34,2.33,2.26,2.05,2.23,2.22,0
2008,7,2,0,1.06,4.3,3.75,4.55,2.14,4.09,2.83,4.12,3.66,3.76,3.36,3.62,3.64,0
2008,7,3,0,1.54,4.37,3.81,4.61,2.2,4.15,2.88,4.18,3.71,3.82,3.41,3.67,3.69,0
2008,7,4,0,0,2.52,2.38,3.26,0.86,2.56,1.68,2.56,2.5,2.46,2.21,2.41,2.4,0
2008,7,5,0,0,1.16,1.35,2.32,0.14,1.24,0.98,1.38,1.63,1.4,1.36,1.45,1.39,0
2008,7,6,0,0,0,0,0.69,0,0,0.17,0,0,0,0,0,0,0
2008,7,7,0,0,1.93,1.92,2.83,0.51,2,1.35,2.04,2.11,2,1.83,1.99,1.97,0
2008,7,8,1.84,0.52,5.59,4.75,5.49,3.21,5.15,3.77,5.24,4.51,4.68,4.19,4.47,4.5,0.35
2008,7,9,11.89,0.1,1.96,1.95,2.86,0.53,2.03,1.36,2.07,2.13,2.02,1.86,2.01,1.99,0
2008,7,10,2.62,0,3.51,3.14,3.97,1.54,3.42,2.29,3.42,3.14,3.19,2.85,3.08,3.1,0
2008,7,11,0.89,2.03,6.61,5.54,6.24,4.12,5.98,4.56,6.14,5.18,5.4,4.85,5.13,5.17,1.08
2008,7,12,0.1,0,0.69,1,2.02,0,0.75,0.79,0.97,1.34,1,1.08,1.1,0.99,0
2008,7,13,0,0.58,4.05,3.56,4.37,1.95,3.88,2.66,3.9,3.5,3.59,3.2,3.45,3.48,0
2008,7,14,0,2.15,5.84,4.94,5.68,3.43,5.36,3.96,5.46,4.67,4.86,4.35,4.63,4.67,0.5
2008,7,15,0,0,0,0,0.47,0,0,0.1,0,0,0,0,0,0,0
2008,7,16,15.95,0,0,0,0.91,0,0,0.25,0,0,0,0,0,0,0
2008,7,17,3.09,0,0,0,0,0,0,0.1,0,0,0,0,0,0,0
2008,7,18,9.66,0.39,3.7,3.29,4.12,1.68,3.59,2.42,3.6,3.27,3.33,2.97,3.22,3.24,0
2008,7,19,19.1,25.55,15.34,12.21,12.51,12.96,12.68,12.23,13.71,10.76,11.24,10.4,10.57,10.58,12.52
2008,7,20,39.53,0.1,0.89,1.15,2.15,0.1,0.95,0.87,1.15,1.46,1.17,1.2,1.26,1.16,0
2008,7,21,11.94,0.66,6.27,5.27,5.99,3.81,5.7,4.29,5.84,4.95,5.16,4.63,4.91,4.95,0.81
2008,7,22,0,0.1,0,0,1.05,0,0,0.3,0,0.36,0,0,0,0,0
2008,7,23,3.04,0,7.52,6.24,6.9,4.96,6.7,5.3,6.93,5.77,6.03,5.43,5.72,5.76,1.93
2008,7,24,5.46,0,1.39,1.52,2.47,0.24,1.48,1.08,1.58,1.77,1.58,1.5,1.61,1.56,0
2008,7,25,0,0,0.82,1.1,2.11,0.1,0.89,0.84,1.09,1.42,1.12,1.17,1.21,1.11,0
2008,7,26,8.56,0,4.58,3.97,4.75,2.37,4.32,3.02,4.36,3.85,3.96,3.54,3.8,3.83,0
2008,7,27,1.55,0,0,0.66,1.75,0,0,0.63,0.58,1.06,0.63,0.81,0.76,0.63,0
2008,7,28,12.62,0,0,0,0,0,0,0,0,0,0,0,0,0,0
2008,7,29,1.12,0,5.97,5.04,5.78,3.55,5.47,4.06,5.58,4.76,4.95,4.44,4.72,4.76,0.59
2008,7,30,0,1.64,4.34,3.78,4.58,2.17,4.12,2.85,4.15,3.69,3.79,3.38,3.64,3.67,0
2008,7,31,0,0,5.99,5.06,5.79,3.56,5.48,4.08,5.6,4.77,4.96,4.45,4.73,4.77,0.6
2008,8,1,3.32,0.25,4.58,3.98,5.03,2.32,4.41,2.99,4.65,4.05,4.16,3.58,4.04,4.13,0
2008,8,2,12.28,1.6,4.34,3.78,4.83,2.12,4.18,2.81,4.43,3.88,3.98,3.42,3.87,3.96,0
2008,8,3,1.16,12.26,7.73,6.44,7.56,5.08,7.21,5.4,7.51,6.29,6.45,5.6,6.16,6.35,1.99
2008,8,4,30.09,0.79,4.09,3.59,4.64,1.92,3.95,2.64,4.2,3.7,3.78,3.26,3.69,3.77,0
2008,8,5,48.21,0,1.43,1.57,2.66,0.22,1.34,1.13,1.77,1.91,1.67,1.53,1.78,1.74,0
2008,8,6,24.01,0,4.56,3.95,5.01,2.3,4.38,2.97,4.63,4.04,4.14,3.57,4.02,4.12,0
2008,8,7,0,4.34,4.07,3.58,4.63,1.91,3.94,2.63,4.19,3.69,3.78,3.25,3.68,3.76,0
2008,8,8,9.11,0,5.67,4.82,5.89,3.22,5.39,3.77,5.64,4.82,4.96,4.28,4.78,4.91,0.36
2008,8,9,8.51,1.06,6.33,5.34,6.43,3.8,5.98,4.28,6.25,5.29,5.45,4.71,5.23,5.38,0.78
2008,8,10,0.1,0,0.5,0.92,2.09,0,0,0.78,0.91,1.36,0.83,0.92,1.06,0.94,0
2008,8,11,0,0.1,3.24,2.94,3.98,1.3,3.16,2.1,3.43,3.11,3.14,2.71,3.1,3.15,0
2008,8,12,4.55,6.55,7.36,6.15,7.26,4.74,6.89,5.1,7.18,6.02,6.19,5.37,5.92,6.09,1.63
2008,8,13,1.43,0,0,0,1.46,0,0,0.46,0,0.7,0,0,0,0,0
2008,8,14,4.37,5.75,3.79,3.36,4.4,1.7,3.67,2.45,3.93,3.49,3.56,3.06,3.48,3.55,0
2008,8,15,2.16,4.71,5.23,4.48,5.54,2.85,4.99,3.45,5.24,4.51,4.64,4,4.48,4.6,0.15
2008,8,16,0,0.59,6.38,5.38,6.47,3.84,6.02,4.32,6.29,5.33,5.48,4.74,5.26,5.41,0.81
2008,8,17,6.26,0.48,5.77,4.9,5.98,3.31,5.48,3.85,5.74,4.89,5.04,4.35,4.85,4.98,0.41
2008,8,18,0,5.37,8.3,6.89,8.02,5.62,7.72,5.88,8.03,6.7,6.86,5.97,6.54,6.74,2.58
2008,8,19,0,13.96,11.01,9.01,10.21,8.29,10.05,8.22,10.46,8.62,8.74,7.67,8.3,8.57,5.91
2008,8,20,11.12,26.26,13.2,10.74,11.98,10.57,11.93,10.22,12.43,10.17,10.25,9.04,9.7,10.02,9.07
2008,8,21,4.82,0.29,0,0,1.08,0,0,0.3,0,0.32,0,0,0,0,0
2008,8,22,1.13,0,0,0,1.3,0,0,0.39,0,0.53,0,0,0,0,0
2008,8,23,5.75,0,0,0,0.42,0,0,0.1,0,0,0,0,0,0,0
2008,8,24,1.72,0,2.16,2.11,3.16,0.6,2.11,1.48,2.43,2.37,2.28,2,2.32,2.32,0
2008,8,25,1.01,13.65,14.97,12.12,13.41,12.44,13.43,11.87,14.01,11.42,11.44,10.13,10.82,11.18,11.82
2008,8,26,15.43,53.45,30.37,24.21,25.8,29.89,26.32,27.27,27.65,22.28,21.61,19.54,20.3,20.99,39.89
2008,8,27,0.1,0,0,0.71,1.92,0,0,0.69,0.65,1.19,0.59,0.72,0.83,0.7,0
2008,8,28,10.22,0.32,2,1.99,3.05,0.51,1.95,1.4,2.29,2.27,2.15,1.89,2.2,2.19,0
2008,8,29,1.28,0,0,0.62,1.85,0,0,0.65,0.54,1.12,0,0.64,0.74,0.6,0
2008,8,30,11.89,0,0,0,0,0,0,0.1,0,0,0,0,0,0,0
2008,8,31,7.21,0,0,0,0,0,0,0.1,0,0,0,0,0,0,0
2008,9,1,6.4,0,0,0,1.06,0,0,0.32,0,0,0,0,0,0,0
2008,9,2,0,0,4.01,3.52,4.86,1.98,3.68,2.63,4.14,3.7,3.75,3.06,3.64,3.72,0
2008,9,3,0,0,0,1.1,2.61,0,0,1,1.16,1.66,0,0.97,0.91,0,0
2008,9,4,0,0,0,0,2.09,0,0,0.72,0,1.17,0,0.4,0,0,0
2008,9,5,11.9,0,0,0,1.13,0,0,0.34,0,0,0,0,0,0,0
2008,9,6,3.1,0,0,0,0.9,0,0,0.26,0,0,0,0,0,0,0
2008,9,7,0,0,2.78,2.58,3.92,1.1,2.46,1.88,3.01,2.85,2.64,2.21,2.67,2.68,0
2008,9,8,7.85,0,0,0.7,2.32,0,0,0.84,0.66,1.39,0,0.64,0,0,0
2008,9,9,8.6,0,1.83,1.91,3.28,0.55,1.38,1.43,2.2,2.27,1.7,1.63,1.92,1.83,0
2008,9,10,0,0,0,0.81,2.4,0,0,0.89,0.79,1.47,0,0.73,0,0,0
2008,9,11,0,0,1.92,1.97,3.34,0.6,1.51,1.47,2.27,2.32,1.8,1.68,2,1.92,0
2008,9,12,0,0,2.62,2.47,3.81,1,2.29,1.8,2.88,2.75,2.5,2.11,2.54,2.55,0
2008,9,13,3.45,0,3.78,3.34,4.67,1.8,3.45,2.47,3.92,3.53,3.54,2.89,3.45,3.52,0
2008,9,14,0,0,4.57,3.96,5.3,2.42,4.21,3.01,4.66,4.1,4.22,3.46,4.07,4.18,0
2008,9,15,0,2.62,4.75,4.1,5.45,2.57,4.38,3.14,4.83,4.23,4.37,3.59,4.22,4.32,0
2008,9,16,4.24,0,0,0,1.69,0,0,0.54,0,0.77,0,0,0,0,0
2008,9,17,0.17,0.1,3.05,2.79,4.12,1.28,2.73,2.03,3.26,3.03,2.89,2.39,2.88,2.92,0
2008,9,18,0,0,1.81,1.9,3.27,0.54,1.36,1.42,2.18,2.26,1.68,1.62,1.91,1.81,0
2008,9,19,11.63,0,3.5,3.13,4.46,1.6,3.18,2.3,3.67,3.34,3.3,2.7,3.24,3.3,0
2008,9,20,11.37,0,0,0,1.56,0,0,0.49,0,0.65,0,0,0,0,0
2008,9,21,0,0,1.77,1.87,3.25,0.52,1.31,1.4,2.15,2.24,1.63,1.59,1.88,1.77,0
2008,9,22,3.39,0,0,0,1.95,0,0,0.66,0,1.03,0,0,0,0,0
2008,9,23,0,0,0.77,1.26,2.72,0.1,0,1.07,1.36,1.77,0,1.09,1.09,0.82,0
2008,9,24,0,0,0,0.61,2.24,0,0,0.8,0,1.32,0,0.56,0,0,0
2008,9,25,39.57,0,5.99,5.09,6.46,3.64,5.52,4.07,5.99,5.16,5.39,4.51,5.18,5.3,0.28
2008,9,26,7.07,4.87,9.46,7.91,9.37,7.03,8.64,7.08,9.27,7.86,8.15,7.17,7.84,7.96,4.15
2008,9,27,0,8.62,8.87,7.43,8.88,6.43,8.12,6.54,8.71,7.4,7.69,6.71,7.39,7.52,3.31
2008,9,28,0,0,4.92,4.24,5.59,2.71,4.53,3.26,4.98,4.36,4.51,3.71,4.35,4.46,0
2008,9,29,0,0,12.1,10.08,11.61,9.87,10.97,9.62,11.78,9.96,10.18,9.26,9.84,9.94,8.52
2008,9,30,0,14.16,11.65,9.71,11.23,9.37,10.58,9.18,11.35,9.6,9.84,8.9,9.5,9.6,7.72
2008,10,1,0,32.01,12.97,12.32,12.74,16.62,12.72,16.36,14.51,11.78,12.56,12.17,11.68,12.05,19.08
2008,10,2,0,0.88,5.05,4.61,5.53,4.14,5.12,4.74,5.29,4.57,4.41,3.95,4.24,4.24,0.49
2008,10,3,0,0,0.97,1.26,2.33,0.43,1.45,1.19,1.26,1.58,0.87,0.92,1.02,1.03,0
2008,10,4,0,0,7.88,7.28,8.06,8.09,7.81,8.42,8.48,7.04,7.22,6.69,6.81,6.91,5.12
2008,10,5,0,9.06,12.05,11.4,11.89,14.99,11.83,14.84,13.41,10.91,11.59,11.14,10.79,11.1,16.24
2008,10,6,0,11.35,8.41,7.8,8.54,8.91,8.32,9.18,9.1,7.53,7.77,7.23,7.3,7.43,6.32
2008,10,7,0,0,0,0,1.02,0,0,0.35,0,0.45,0,0,0,0,0
2008,10,8,0,0,0,0,1,0,0,0.34,0,0.43,0,0,0,0,0
2008,10,9,0,0,0,0.14,1.32,0,0,0.5,0,0.7,0,0.17,0,0.1,0
2008,10,10,0,8.87,13.86,13.22,13.56,18.22,13.57,17.86,15.58,12.63,13.51,13.16,12.54,12.97,21.94
2008,10,11,0,26.1,23.91,23.58,22.99,37.83,23.32,36.28,27.98,22.46,24.54,25.03,22.58,23.74,59.08
2008,10,12,0,75.2,25.37,25.11,24.39,40.84,24.75,39.16,29.81,23.93,26.17,26.8,24.07,25.34,64.93
2008,10,13,9.19,5.73,8.87,8.24,8.96,9.64,8.76,9.85,9.64,7.95,8.24,7.71,7.74,7.88,7.41
2008,10,14,0,12.95,10.18,9.53,10.16,11.77,10.02,11.84,11.17,9.15,9.6,9.1,8.98,9.19,10.8
2008,10,15,0,0,1.89,1.9,2.93,0.95,2.2,1.73,2.03,2.12,1.55,1.43,1.64,1.62,0
2008,10,16,0,0.62,6.24,5.72,6.58,5.71,6.24,6.2,6.61,5.59,5.57,5.06,5.3,5.33,2.01
2008,10,17,3.18,0,0,0,1.25,0,0,0.46,0,0.64,0,0.12,0,0,0
2008,10,18,0,0,0,0,0,0,0,0.1,0,0,0,0,0,0,0
2008,10,19,0,0,0,0,0,0,0,0,0,0,0,0,0,0,0
2008,10,20,0,0,0,0,0,0,0,0,0,0,0,0,0,0,0
2008,10,21,0.1,0,0,0,0,0,0,0.1,0,0,0,0,0,0,0
2008,10,22,0,0,6,5.49,6.37,5.38,6.02,5.9,6.34,5.38,5.34,4.83,5.09,5.11,1.65
2008,10,23,0,23.48,16.65,16.07,16.17,23.43,16.28,22.75,18.99,15.32,16.54,16.37,15.3,15.91,31.51
2008,10,24,0,2.91,15.34,14.73,14.95,20.96,15.01,20.43,17.39,14.05,15.12,14.86,14,14.53,26.94
2008,10,25,0,0,1.72,1.78,2.82,0.84,2.07,1.62,1.89,2.02,1.43,1.33,1.52,1.51,0
2008,10,26,0,0,0.93,1.24,2.31,0.41,1.42,1.17,1.23,1.56,0.85,0.9,1,1.01,0
2008,10,27,0,0,0,0.59,1.71,0.1,0.53,0.74,0.41,1.04,0.12,0.44,0.36,0.44,0
2008,10,28,0,0,0,0.38,1.54,0,0.25,0.62,0.16,0.89,0,0.31,0.17,0.26,0
2008,10,29,0,0,0,0,0.72,0,0,0.23,0,0.21,0,0,0,0,0
2008,10,30,0,0,0,0,0,0,0,0,0,0,0,0,0,0,0
2008,10,31,0,0,0,0,0,0,0,0,0,0,0,0,0,0,0
2008,11,1,0,0,0,0,0,0,0,0,0,0,0,0,0,0,0
2008,11,2,0,0,0.1,0.35,0.79,0.19,0.2,0.61,0.16,0.44,0.23,0.13,0.2,0.15,0
2008,11,3,0,0,0,0,0.22,0,0,0.1,0,0.1,0,0,0,0,0
2008,11,4,0,0,0,0,0,0,0,0.1,0,0,0,0,0,0,0
2008,11,5,0,0,0,0,0,0,0,0,0,0,0,0,0,0,0
2008,11,6,0,0,0,0,0,0,0,0,0,0,0,0,0,0,0
2008,11,7,0,0,1.06,1.28,1.72,1.3,1.11,2.01,1.11,1.22,1,0.69,0.83,0.79,0
2008,11,8,0,0.48,7.51,8.81,8.49,18.93,7.15,20.02,9.74,7.07,6.41,5.68,5.93,5.88,0.65
2008,11,9,0,1.17,9.42,11.22,10.61,25.79,8.96,26.95,12.55,8.92,8.05,7.32,7.56,7.49,3.71
2008,11,10,2.51,0,2.32,2.62,2.97,3.65,2.28,4.53,2.6,2.28,2.03,1.55,1.74,1.7,0
2008,11,11,0.76,0,4,4.54,4.7,7.83,3.85,8.82,4.78,3.78,3.43,2.81,3.04,3.01,0
2008,11,12,0.1,0,4.99,5.72,5.74,10.7,4.78,11.72,6.14,4.69,4.26,3.59,3.84,3.8,0
2008,11,13,5.13,0,1.27,1.49,1.92,1.62,1.3,2.36,1.34,1.39,1.17,0.82,0.97,0.93,0
2008,11,14,0.1,0,2.29,2.59,2.93,3.57,2.25,4.45,2.55,2.25,2,1.52,1.71,1.68,0
2008,11,15,0,0,2.45,2.77,3.1,3.94,2.4,4.83,2.76,2.4,2.14,1.64,1.84,1.81,0
2008,11,16,0,0,0.66,0.88,1.34,0.75,0.73,1.36,0.68,0.89,0.68,0.44,0.56,0.51,0
2008,11,17,0,0,0,0,0.1,0,0,0.1,0,0,0,0,0,0,0
2008,11,18,1.41,0,0,0,0.14,0,0,0.1,0,0,0,0,0,0,0
2008,11,19,0,0,0.56,0.79,1.25,0.64,0.64,1.22,0.58,0.81,0.6,0.39,0.49,0.45,0
2008,11,20,0.33,0,0.88,1.11,1.55,1.04,0.94,1.71,0.92,1.07,0.86,0.58,0.71,0.67,0
2008,11,21,1.36,0,7.33,8.59,8.29,18.32,6.99,19.41,9.48,6.9,6.26,5.53,5.79,5.73,0.47
2008,11,22,0.1,0,2.38,2.69,3.03,3.78,2.34,4.66,2.67,2.33,2.08,1.59,1.79,1.75,0
2008,11,23,0,0,1.39,1.63,2.04,1.83,1.42,2.6,1.48,1.49,1.27,0.9,1.06,1.02,0
2008,11,24,0,0,0,0,0,0,0,0,0,0,0,0,0,0,0
2008,11,25,1.04,0,0,0,0,0,0,0.1,0,0,0,0,0,0,0
2008,11,26,0,0,0.11,0.38,0.83,0.22,0.23,0.65,0.19,0.47,0.26,0.15,0.22,0.18,0
2008,11,27,0,0,0,0.25,0.68,0.12,0.1,0.48,0.1,0.35,0.14,0.1,0.13,0.1,0
2008,11,28,0,0,2.43,2.75,3.08,3.89,2.38,4.77,2.73,2.38,2.12,1.62,1.82,1.79,0
2008,11,29,0,0,0,0.15,0.56,0.1,0,0.36,0.1,0.26,0.1,0.1,0.1,0.1,0
2008,11,30,0,0,3.76,4.26,4.45,7.18,3.63,8.16,4.46,3.56,3.23,2.62,2.85,2.82,0
2008,12,1,0,0.45,13.16,18.89,17.62,59.5,12.53,61.28,19.01,13.63,11.65,6.76,8.35,8.16,2.59
2008,12,2,0,0,0.14,0.32,0.6,0.32,0.25,0.76,0.2,0.24,0.16,0.1,0.1,0.13,0
2008,12,3,0,0,6.96,9.78,9.36,27.92,6.78,29.19,9.73,7.16,6.15,3.6,4.44,4.37,0
2008,12,4,0,0.23,13.36,19.19,17.85,60.52,12.69,62.22,19.28,13.83,11.81,6.86,8.47,8.27,2.85
2008,12,5,0,0,1.14,1.61,1.91,2.98,1.28,3.83,1.45,1.23,1.04,0.59,0.75,0.78,0
2008,12,6,0,0,0.36,0.6,0.91,0.79,0.49,1.38,0.46,0.46,0.35,0.18,0.25,0.28,0
2008,12,7,0,0,0,0,0,0,0,0,0,0,0,0,0,0,0
2008,12,8,0,0,0,0,0.1,0,0,0,0,0,0,0,0,0,0
2008,12,9,0,0,0.1,0.13,0.37,0.1,0.1,0.38,0.1,0.1,0.1,0.1,0.1,0.1,0
2008,12,10,0,0,0.99,1.43,1.72,2.53,1.14,3.34,1.26,1.09,0.91,0.52,0.66,0.69,0
2008,12,11,0.1,0,1.86,2.59,2.82,5.47,1.99,6.47,2.43,1.96,1.68,0.98,1.22,1.24,0
2008,12,12,0,0,3.44,4.76,4.8,11.73,3.48,12.85,4.62,3.54,3.05,1.79,2.22,2.21,0
2008,12,13,0,0,0,0.1,0.15,0.1,0,0.1,0,0,0,0,0,0,0
2008,12,14,0,0,0,0,0,0,0,0,0,0,0,0,0,0,0
2008,12,15,0,1.45,0.46,0.74,1.05,1.05,0.61,1.68,0.6,0.57,0.45,0.24,0.32,0.35,0
2008,12,16,0,0,0.74,1.1,1.41,1.8,0.89,2.52,0.94,0.84,0.69,0.39,0.5,0.53,0
2008,12,17,0,0,0.1,0.17,0.43,0.14,0.12,0.48,0.1,0.13,0.1,0.1,0.1,0.1,0
2008,12,18,0,0,0,0.1,0.2,0.1,0,0.14,0,0.1,0,0,0,0,0
2008,12,19,0,0,1.35,1.9,2.16,3.67,1.48,4.53,1.72,1.44,1.22,0.7,0.89,0.91,0
2008,12,20,0,0,0,0,0,0,0,0,0,0,0,0,0,0,0
2008,12,21,0,0,0,0,0,0,0,0,0,0,0,0,0,0,0
2008,12,22,0,0,0,0,0,0,0,0,0,0,0,0,0,0,0
2008,12,23,0,0,0.23,0.44,0.73,0.5,0.36,1.01,0.31,0.33,0.24,0.11,0.16,0.2,0
2008,12,24,0,0,2.37,3.27,3.44,7.37,2.46,8.38,3.11,2.46,2.11,1.24,1.54,1.55,0
2008,12,25,0,0,0.82,1.2,1.5,2.01,0.97,2.78,1.04,0.92,0.76,0.43,0.55,0.58,0
2008,12,26,0,0,2.24,3.11,3.29,6.89,2.35,7.92,2.95,2.33,2.01,1.17,1.46,1.48,0
2008,12,27,0,0,0.1,0.1,0.33,0.1,0.1,0.3,0.1,0.1,0.1,0,0.1,0.1,0
2008,12,28,0,0,4.89,6.8,6.65,18.14,4.83,19.29,6.68,5.02,4.32,2.54,3.14,3.1,0
2008,12,29,0,0,0.46,0.74,1.04,1.03,0.6,1.66,0.59,0.56,0.45,0.23,0.31,0.35,0
2008,12,30,0,0,0,0.1,0.28,0.1,0.1,0.26,0.1,0.1,0.1,0,0,0.1,0
2008,12,31,0,0,0,0,0,0,0,0,0,0,0,0,0,0,0
2009,1,1,0,0,0,0,0,0,0,0,0,0,0,0,0,0,0
2009,1,2,0,0,0,0,0,0,0,0,0,0,0,0,0,0,0
2009,1,3,0,0,0,0,0.1,0,0,0.1,0,0.1,0,0,0,0,0
2009,1,4,0,0,0,0,0,0,0,0,0,0,0,0,0,0,0
2009,1,5,0,0,0,0,0,0,0,0,0,0,0,0,0,0,0
2009,1,6,0,0,0,0,0,0,0,0,0,0,0,0,0,0,0
2009,1,7,0,0,0,0,0,0,0,0,0,0,0,0,0,0,0
2009,1,8,1.67,0,0,0,0,0,0,0,0,0,0,0,0,0,0
2009,1,9,4.66,0,0,0,0,0,0,0,0,0,0,0,0,0,0
2009,1,10,0.1,0,0,0,0,0,0,0,0,0,0,0,0,0,0
2009,1,11,0,0,0,0,0,0,0,0,0,0,0,0,0,0,0
2009,1,12,0,0,0,0,0,0,0,0,0,0,0,0,0,0,0
2009,1,13,0,0,0,0,0,0,0,0,0,0,0,0,0,0,0
2009,1,14,0,0,0.3,0.41,0.47,0.45,0.33,0.73,0.42,0.41,0.33,0.19,0.27,0.26,0
2009,1,15,0,0,0,0,0,0,0,0,0,0,0,0,0,0,0
2009,1,16,0,0,0,0,0,0,0,0,0,0,0,0,0,0,0
2009,1,17,0,0,0,0,0,0,0,0,0,0,0,0,0,0,0
2009,1,18,0,0,0,0,0,0,0,0,0,0,0,0,0,0,0
2009,1,19,0,0,0,0,0,0,0,0,0,0,0,0,0,0,0
2009,1,20,0,0,0,0,0,0,0,0,0,0,0,0,0,0,0
2009,1,21,0,0,0,0,0.1,0,0,0.1,0,0.1,0,0,0,0,0
2009,1,22,0,0,0,0,0,0,0,0,0,0,0,0,0,0,0
2009,1,23,0,0,0,0,0,0,0,0,0,0,0,0,0,0,0
2009,1,24,0,0,0,0,0,0,0,0,0,0,0,0,0,0,0
2009,1,25,0,0,0,0.1,0.1,0,0,0.1,0.1,0.1,0.1,0,0,0,0
2009,1,26,0,0,0,0,0,0,0,0,0,0,0,0,0,0,0
2009,1,27,0,0,0,0,0,0,0,0,0,0,0,0,0,0,0
2009,1,28,0,0,0,0,0,0,0,0,0,0,0,0,0,0,0
2009,1,29,0,0,0,0,0,0,0,0,0,0,0,0,0,0,0
2009,1,30,0,0,0,0,0,0,0,0,0,0,0,0,0,0,0
2009,1,31,0,0,0,0,0,0,0,0,0,0,0,0,0,0,0
2009,2,1,0,0,0,0,0,0,0,0,0,0,0,0,0,0,0
2009,2,2,0,0,0,0,0,0,0,0,0,0,0,0,0,0,0
2009,2,3,0,0,0,0,0,0,0,0,0,0,0,0,0,0,0
2009,2,4,0,0,0,0,0,0,0,0,0,0,0,0,0,0,0
2009,2,5,0,0,0,0,0.1,0,0,0,0,0.1,0,0,0,0,0
2009,2,6,0,0,0.37,0.45,0.55,0.15,0.39,0.4,0.46,0.46,0.37,0.27,0.32,0.31,0
2009,2,7,0,0,0,0,0,0,0,0,0,0,0,0,0,0,0
2009,2,8,0,0,0,0,0,0,0,0,0,0,0,0,0,0,0
2009,2,9,0,0,0,0,0,0,0,0,0,0,0,0,0,0,0
2009,2,10,0.1,0,0,0,0,0,0,0,0,0,0,0,0,0,0
2009,2,11,0,0,0.1,0.11,0.15,0.1,0.1,0.1,0.12,0.14,0.1,0.1,0.1,0.1,0
2009,2,12,0,0,0,0,0.1,0,0,0,0,0,0,0,0,0,0
2009,2,13,0,0,0,0,0,0,0,0,0,0,0,0,0,0,0
2009,2,14,0.56,0,0.35,0.43,0.52,0.12,0.37,0.36,0.44,0.44,0.35,0.25,0.3,0.29,0
2009,2,15,0,0,0,0,0,0,0,0,0,0,0,0,0,0,0
2009,2,16,1.07,0,0.6,0.76,0.9,0.49,0.65,0.89,0.77,0.73,0.61,0.49,0.54,0.54,0
2009,2,17,0,0,0.1,0.1,0.1,0,0.1,0.1,0.1,0.1,0.1,0.1,0.1,0.1,0
2009,2,18,1.71,0,0.21,0.26,0.33,0.1,0.22,0.17,0.27,0.28,0.21,0.13,0.17,0.17,0
2009,2,19,1.32,0,0.14,0.17,0.24,0.1,0.15,0.1,0.18,0.21,0.14,0.1,0.11,0.11,0
2009,2,20,0.9,2.01,5.04,7.75,8.12,18.55,5.85,18.97,7.41,6.14,5.66,5.18,5.23,5.3,3.95
2009,2,21,0.51,7.73,4.52,6.89,7.24,16.03,5.23,16.54,6.6,5.49,5.05,4.61,4.67,4.72,2.9
2009,2,22,0,0,1.25,1.7,1.88,2.14,1.38,2.78,1.68,1.49,1.32,1.13,1.19,1.2,0
2009,2,23,3.88,0,0,0,0,0,0,0,0,0,0,0,0,0,0
2009,2,24,1.3,0,0,0,0,0,0,0,0,0,0,0,0,0,0
2009,2,25,0.72,0,0,0,0,0,0,0,0,0,0,0,0,0,0
2009,2,26,2.82,0,0,0,0,0,0,0,0,0,0,0,0,0,0
2009,2,27,0,0,0,0,0,0,0,0,0,0,0,0,0,0,0
2009,2,28,0,0,0,0,0,0,0,0,0,0,0,0,0,0,0
2009,3,1,0,0,0,0,0.1,0,0,0.1,0,0.1,0.1,0,0.1,0,0
2009,3,2,0,0,0,0,0,0,0,0,0,0,0,0,0,0,0
2009,3,3,0,0,0,0,0,0,0,0,0,0,0,0,0,0,0
2009,3,4,0,0,0,0,0,0,0,0,0,0,0,0,0,0,0
2009,3,5,0,0,1.29,1.27,1.41,1.21,1.18,1.57,1.44,1.32,1.19,1.13,1.15,1.15,0
2009,3,6,0,0,0,0,0,0,0,0,0,0,0,0,0,0,0
2009,3,7,0,0,0.35,0.38,0.45,0.18,0.34,0.4,0.39,0.51,0.37,0.28,0.33,0.32,0
2009,3,8,0,0,1.3,1.28,1.42,1.22,1.19,1.59,1.45,1.33,1.19,1.13,1.16,1.16,0
2009,3,9,0,0,0.62,0.65,0.76,0.39,0.59,0.73,0.7,0.75,0.62,0.52,0.58,0.57,0
2009,3,10,0,0,0,0,0.1,0,0,0.1,0,0.1,0,0,0,0,0
2009,3,11,0,0.43,4.26,4.07,4.38,6.26,3.75,6.38,4.98,3.81,3.71,4.11,3.85,3.89,0.1
2009,3,12,0,2.1,8.39,8.02,8.58,14.62,7.3,13.93,10.14,7.27,7.26,8.52,7.75,7.84,14.68
2009,3,13,0,0.1,1.32,1.29,1.43,1.24,1.2,1.61,1.47,1.34,1.21,1.15,1.17,1.17,0
2009,3,14,0,0,0.1,0.1,0.11,0.1,0.1,0.1,0.1,0.2,0.1,0.1,0.1,0.1,0
2009,3,15,0,0,0,0,0,0,0,0.1,0,0.1,0,0,0,0,0
2009,3,16,0,0,0,0,0,0,0,0,0,0,0,0,0,0,0
2009,3,17,0,0,0,0,0,0,0,0.1,0,0.1,0,0,0,0,0
2009,3,18,1.59,0,1.79,1.74,1.92,1.91,1.61,2.33,2.02,1.74,1.62,1.61,1.6,1.61,0
2009,3,19,0,0,0,0,0,0,0,0,0,0,0,0,0,0,0
2009,3,20,0,0,0,0,0,0,0,0,0,0,0,0,0,0,0
2009,3,21,0,0,0,0,0,0,0,0,0,0,0,0,0,0,0
2009,3,22,0,0,0,0,0,0,0,0,0,0,0,0,0,0,0
2009,3,23,0,0,0.1,0.1,0.12,0.1,0.1,0.1,0.1,0.2,0.1,0.1,0.1,0.1,0
2009,3,24,0,0.12,3.14,3.02,3.27,4.17,2.79,4.48,3.64,2.87,2.77,2.96,2.84,2.86,0
2009,3,25,0,0,7.41,7.08,7.55,12.56,6.46,12.05,8.91,6.44,6.41,7.47,6.82,6.9,9.8
2009,3,26,0.93,0,0,0,0,0,0,0,0,0,0,0,0,0,0
2009,3,27,2.24,0,0,0,0,0,0,0,0,0,0,0,0,0,0
2009,3,28,0,0,0,0,0,0,0,0,0,0,0,0,0,0,0
2009,3,29,0,0,0,0,0,0,0,0,0,0,0,0,0,0,0
2009,3,30,0,0,0,0,0,0,0,0,0,0,0,0,0,0,0
2009,3,31,0,0,0,0,0,0,0,0,0,0,0,0,0,0,0
2009,4,1,0,0,0,0,0,0,0,0,0,0,0,0,0,0,0
2009,4,2,0,0,0,0,0,0,0,0,0,0,0,0,0,0,0
2009,4,3,0,0,0.52,0.59,0.91,0.1,0.49,0.62,0.66,0.74,0.66,0.46,0.52,0.55,0
2009,4,4,0,0,0,0,0,0,0,0,0,0,0,0,0,0,0
2009,4,5,0,0,0.84,0.82,1.16,0.31,0.79,0.89,0.93,0.94,0.88,0.66,0.73,0.77,0
2009,4,6,0,0,3.25,2.88,3.48,2.62,3.06,3.34,3.23,2.83,2.74,2.44,2.56,2.65,0
2009,4,7,11.18,0,0.87,0.84,1.19,0.33,0.82,0.93,0.96,0.97,0.9,0.68,0.75,0.79,0
2009,4,8,0.86,0,3.41,3,3.61,2.81,3.21,3.55,3.37,2.94,2.84,2.55,2.67,2.76,0
2009,4,9,0.1,0,0,0.1,0.29,0,0,0.22,0.1,0.24,0.11,0.1,0.1,0.1,0
2009,4,10,0.1,0,0.1,0.11,0.4,0,0.1,0.29,0.1,0.33,0.2,0.1,0.1,0.1,0
2009,4,11,0.4,0,2.9,2.59,3.19,2.17,2.73,2.99,2.91,2.6,2.49,2.19,2.3,2.39,0
2009,4,12,0.45,0,0.34,0.46,0.77,0.1,0.32,0.53,0.5,0.63,0.53,0.35,0.39,0.42,0
2009,4,13,0,0,1.77,1.61,2.09,1.03,1.67,1.74,1.83,1.7,1.62,1.35,1.45,1.5,0
2009,4,14,0.1,3.47,7.57,6.72,7.67,8.33,7.13,8.7,7.39,6.26,5.99,5.78,5.87,6.05,2.02
2009,4,15,0.1,0,2.11,1.87,2.4,1.39,1.99,2.15,2.13,1.95,1.85,1.58,1.68,1.75,0
2009,4,16,0,0,2.69,2.43,3.03,1.95,2.53,2.81,2.73,2.46,2.35,2.05,2.16,2.24,0
2009,4,17,0,0,1.24,1.18,1.63,0.61,1.17,1.33,1.33,1.33,1.23,0.96,1.04,1.09,0
2009,4,18,0,0,0.53,0.59,0.92,0.1,0.5,0.63,0.67,0.74,0.67,0.47,0.52,0.55,0
2009,4,19,0,0,0,0,0.1,0,0,0.1,0,0.1,0,0,0,0,0
2009,4,20,0,0,0,0,0,0,0,0,0,0,0,0,0,0,0
2009,4,21,0,0,0,0.1,0.24,0,0,0.18,0.1,0.19,0.1,0.1,0.1,0.1,0
2009,4,22,0,0,0.66,0.69,1.02,0.17,0.62,0.7,0.78,0.83,0.76,0.55,0.61,0.64,0
2009,4,23,0,0,2.08,1.85,2.35,1.35,1.96,2.11,2.1,1.91,1.83,1.55,1.66,1.72,0
2009,4,24,0,0,0.89,0.85,1.22,0.35,0.84,0.95,0.98,0.99,0.92,0.7,0.77,0.81,0
2009,4,25,4.5,0,1.05,0.97,1.41,0.47,0.99,1.12,1.12,1.14,1.03,0.8,0.88,0.92,0
2009,4,26,8.06,0,0,0.1,0.23,0,0,0.18,0.1,0.19,0.1,0.1,0.1,0.1,0
2009,4,27,1.09,0,4.41,3.91,4.63,4.01,4.15,4.73,4.35,3.77,3.63,3.33,3.45,3.57,0
2009,4,28,2.22,0.1,4.57,4.04,4.77,4.24,4.31,4.88,4.5,3.88,3.74,3.45,3.57,3.69,0
2009,4,29,0.94,0,0.75,0.75,1.09,0.24,0.71,0.8,0.86,0.89,0.82,0.61,0.67,0.71,0
2009,4,30,0,0,0.32,0.44,0.76,0.1,0.3,0.52,0.49,0.61,0.52,0.34,0.38,0.4,0
2009,5,1,0,0,0,0,0,0,0,0.1,0,0,0,0,0,0,0
2009,5,2,3.71,0,0,0,0,0,0,0.1,0,0,0,0,0,0,0
2009,5,3,0,0,1.14,1.32,1.89,0.29,1.3,1.07,1.51,1.53,1.28,1.05,1.26,1.2,0
2009,5,4,0,0.97,5.81,5.43,5.88,4.35,5.65,4.75,5.89,5.19,5.41,4.53,4.92,5.19,0
2009,5,5,0,0,4.77,4.42,4.97,3.24,4.7,3.78,4.88,4.33,4.46,3.7,4.08,4.27,0
2009,5,6,0,0,2.17,2.13,2.74,0.98,2.29,1.72,2.45,2.28,2.16,1.76,2.05,2.06,0
2009,5,7,0,0,0,0.57,1.09,0,0,0.62,0.64,0.85,0.45,0.38,0.53,0.41,0
2009,5,8,0,0.1,15.2,15.03,14.26,16.49,14.02,15.31,15.11,13.48,14.02,12.24,12.57,13.52,15.51
2009,5,9,0,30.52,21.54,21.74,19.87,25.73,19.57,23.35,21.35,19.19,19.87,17.56,17.75,19.2,30.85
2009,5,10,0,29.18,20.08,20.2,18.59,23.55,18.29,21.45,19.92,17.87,18.52,16.33,16.55,17.88,27.1
2009,5,11,0,0,0.56,0.87,1.41,0.1,0.75,0.8,0.99,1.12,0.78,0.65,0.82,0.72,0
2009,5,12,0,0,0,0.53,1.05,0,0,0.6,0.59,0.81,0.4,0.34,0.49,0.36,0
2009,5,13,0,0,5.19,4.86,5.37,3.67,5.09,4.16,5.31,4.71,4.85,4.05,4.44,4.65,0
2009,5,14,0,0.42,5.35,5.01,5.51,3.84,5.24,4.3,5.47,4.84,5,4.18,4.57,4.79,0
2009,5,15,0,4.26,10,9.63,9.63,9.4,9.41,9.19,9.99,8.86,9.23,7.92,8.32,8.88,4.95
2009,5,16,0,0,8.62,8.21,8.39,7.65,8.18,7.65,8.61,7.63,7.96,6.77,7.18,7.65,2.66
2009,5,17,1.32,1.76,14.59,14.36,13.7,15.62,13.47,14.59,14.47,12.92,13.44,11.7,12.05,12.96,14.15
2009,5,18,0,19.57,11.22,10.88,10.72,11,10.49,10.58,11.18,9.94,10.35,8.93,9.31,9.96,7.18
2009,5,19,0,8.18,13.42,13.14,12.66,13.99,12.45,13.17,13.32,11.88,12.36,10.73,11.09,11.92,11.61
2009,5,20,0,0.99,13.37,13.08,12.61,13.92,12.4,13.11,13.28,11.83,12.32,10.69,11.05,11.87,11.49
2009,5,21,0,0,0.67,0.96,1.5,0.1,0.86,0.86,1.09,1.2,0.88,0.72,0.91,0.82,0
2009,5,22,0,0,1.02,1.23,1.79,0.21,1.2,1.02,1.41,1.45,1.18,0.97,1.18,1.11,0
2009,5,23,0,0,1.07,1.27,1.83,0.24,1.24,1.04,1.45,1.48,1.22,1,1.21,1.15,0
2009,5,24,0,0,9.36,8.96,9.04,8.59,8.84,8.45,9.35,8.26,8.65,7.39,7.8,8.32,3.84
2009,5,25,0,2.12,0,0,0,0,0,0.2,0,0.21,0,0,0,0,0
2009,5,26,0,3.39,0.89,1.13,1.68,0.12,1.07,0.96,1.29,1.35,1.06,0.87,1.07,1,0
2009,5,27,0,0,0,0.42,0.93,0,0,0.53,0.47,0.71,0,0.24,0.38,0,0
2009,5,28,0,0,0,0,0,0,0,0.1,0,0,0,0,0,0,0
2009,5,29,0,0,0,0,0,0,0,0.1,0,0,0,0,0,0,0
2009,5,30,0,0,2.68,2.57,3.18,1.32,2.77,2.04,2.93,2.67,2.61,2.14,2.45,2.49,0
2009,5,31,2.56,0,6.71,6.32,6.7,5.36,6.47,5.63,6.78,5.98,6.23,5.26,5.66,5.98,0.46
2009,6,1,0,0,0,0,0,0,0,0,0,0,0,0,0,0,0
2009,6,2,0,12.98,15.81,14.4,16.45,15.34,13.77,14.34,15.32,12.93,13.77,11.82,11.95,12.61,19.87
2009,6,3,0,8.89,8.38,7.63,8.81,6.61,7.68,6.66,8.2,7.09,7.46,6.42,6.72,6.99,4.34
2009,6,4,0,4.56,7.41,6.75,7.82,5.57,6.87,5.74,7.27,6.34,6.63,5.72,6.03,6.24,2.82
2009,6,5,0,0,0,0,0,0,0,0.1,0,0,0,0,0,0,0
2009,6,6,0.81,0,2.88,2.72,3.34,1.3,2.98,1.96,2.93,2.87,2.72,2.42,2.72,2.7,0
2009,6,7,8.89,0,3.52,3.27,3.95,1.81,3.54,2.42,3.54,3.34,3.28,2.88,3.19,3.21,0
2009,6,8,1.98,0,0,0,0,0,0,0.14,0,0,0,0,0,0,0
2009,6,9,3.15,0,0,0,0.32,0,0,0.25,0,0.47,0,0,0,0,0
2009,6,10,2.18,0,2.42,2.33,2.91,0.96,2.56,1.66,2.5,2.53,2.33,2.1,2.38,2.33,0
2009,6,11,0,6.32,5.02,4.61,5.43,3.16,4.85,3.62,4.98,4.49,4.58,3.98,4.3,4.4,0.22
2009,6,12,13.56,3.09,10.8,9.83,11.28,9.35,9.69,9.07,10.52,8.99,9.52,8.18,8.44,8.84,8.82
2009,6,13,38.64,11.32,10.84,9.87,11.32,9.4,9.72,9.11,10.56,9.02,9.55,8.21,8.47,8.87,8.89
2009,6,14,33.75,0,1.81,1.81,2.35,0.56,2,1.28,1.92,2.09,1.79,1.66,1.91,1.83,0
2009,6,15,30.62,1.12,3.36,3.13,3.79,1.68,3.4,2.3,3.38,3.22,3.14,2.77,3.07,3.08,0
2009,6,16,0.9,0,1.49,1.54,2.08,0.38,1.7,1.11,1.62,1.87,1.51,1.43,1.68,1.57,0
2009,6,17,0,0,0,0,0,0,0,0.14,0,0,0,0,0,0,0
2009,6,18,0,0,0.6,0.83,1.35,0,0.84,0.7,0.79,1.3,0.73,0.82,0.99,0.83,0
2009,6,19,0,0,0,0.48,0.99,0,0,0.53,0.39,1.02,0,0.51,0.65,0.47,0
2009,6,20,4.05,0.48,4.07,3.76,4.48,2.28,4.02,2.84,4.06,3.76,3.75,3.28,3.6,3.64,0
2009,6,21,0.94,0.41,2.82,2.67,3.28,1.25,2.92,1.92,2.88,2.82,2.67,2.38,2.67,2.65,0
2009,6,22,1.71,0,3.79,3.52,4.22,2.04,3.78,2.63,3.8,3.55,3.51,3.08,3.4,3.43,0
2009,6,23,0.24,0,2.35,2.27,2.85,0.92,2.5,1.61,2.43,2.48,2.26,2.04,2.32,2.28,0
2009,6,24,0,1.67,11.55,10.52,12.06,10.22,10.31,9.84,11.24,9.58,10.16,8.73,8.97,9.41,10.35
2009,6,25,0,0,2.93,2.77,3.39,1.34,3.02,2,2.98,2.91,2.77,2.46,2.76,2.74,0
2009,6,26,0,0,4.42,4.07,4.83,2.6,4.33,3.12,4.4,4.03,4.06,3.54,3.86,3.92,0.1
2009,6,27,0,0.93,5.69,5.2,6.09,3.8,5.42,4.18,5.62,5,5.15,4.46,4.78,4.92,0.72
2009,6,28,0,3.19,13.36,12.17,13.92,12.37,11.79,11.73,12.98,11,11.7,10.05,10.25,10.78,14.26
2009,6,29,0,10.22,9.95,9.06,10.41,8.37,8.99,8.21,9.7,8.33,8.8,7.57,7.84,8.19,7.16
2009,6,30,0,0,0,0,0,0,0,0.2,0,0.38,0,0,0,0,0
2009,7,1,0.57,4.74,6.82,5.69,6.39,4.3,6.14,4.73,6.32,5.31,5.54,4.98,5.26,5.3,1.26
2009,7,2,1.45,5.05,4.16,3.65,4.45,2.03,3.98,2.73,4,3.57,3.67,3.27,3.53,3.55,0
2009,7,3,0,7.88,7.96,6.57,7.22,5.37,7.04,5.65,7.31,6.05,6.32,5.71,5.99,6.04,2.38
2009,7,4,0,7.98,9.28,7.58,8.17,6.65,8.07,6.76,8.46,6.9,7.22,6.55,6.83,6.87,3.88
2009,7,5,0,2.96,4.96,4.26,5.03,2.68,4.64,3.3,4.7,4.1,4.24,3.78,4.05,4.09,0.1
2009,7,6,0,0.1,3.58,3.19,4.02,1.59,3.48,2.33,3.48,3.19,3.24,2.89,3.13,3.15,0
2009,7,7,2.9,6.26,5.6,4.76,5.5,3.22,5.16,3.78,5.26,4.52,4.69,4.2,4.48,4.51,0.36
2009,7,8,0,25.87,20.29,15.97,16,18.43,16.34,16.97,17.97,13.87,14.45,13.52,13.56,13.54,20.68
2009,7,9,3.63,26.93,14.09,11.26,11.61,11.61,11.74,11.06,12.63,9.96,10.42,9.61,9.81,9.83,10.57
2009,7,10,0,53.76,36.25,28.23,27.16,36.96,27.91,33.06,31.7,23.84,24.6,23.52,23.03,22.84,49.85
2009,7,11,0,34.33,20.91,16.44,16.43,19.12,16.8,17.56,18.5,14.25,14.85,13.91,13.93,13.9,21.75
2009,7,12,0,12.24,15.12,12.04,12.35,12.72,12.51,12.03,13.52,10.62,11.1,10.26,10.44,10.45,12.17
2009,7,13,4,7.7,9.7,7.9,8.47,7.06,8.39,7.12,8.82,7.17,7.5,6.82,7.09,7.13,4.4
2009,7,14,12.05,0,1.95,1.94,2.85,0.52,2.02,1.36,2.06,2.12,2.02,1.85,2.01,1.98,0
2009,7,15,2.97,0,0.85,1.12,2.13,0.1,0.92,0.85,1.11,1.44,1.14,1.18,1.23,1.13,0
2009,7,16,4.79,0,4.67,4.04,4.82,2.44,4.4,3.09,4.44,3.91,4.03,3.6,3.86,3.89,0.1
2009,7,17,1.33,18.84,13.11,10.51,10.93,10.58,11,10.18,11.78,9.35,9.78,8.99,9.21,9.23,9.11
2009,7,18,27.41,22.52,17.1,13.54,13.75,14.87,13.98,13.89,15.22,11.86,12.38,11.51,11.63,11.64,15.34
2009,7,19,0,13.96,11.07,8.95,9.46,8.45,9.45,8.33,10.01,8.04,8.42,7.69,7.94,7.98,6.19
2009,7,20,3.31,16.82,14.21,11.34,11.7,11.75,11.83,11.17,12.73,10.04,10.5,9.68,9.88,9.9,10.75
2009,7,21,0,27.31,13.74,11,11.37,11.24,11.47,10.75,12.33,9.75,10.19,9.39,9.6,9.62,10.05
2009,7,22,0,18.07,13.06,10.47,10.89,10.53,10.96,10.13,11.74,9.31,9.74,8.96,9.18,9.2,9.03
2009,7,23,0,0,7.3,6.06,6.74,4.75,6.52,5.11,6.74,5.62,5.87,5.29,5.57,5.61,1.7
2009,7,24,10.93,0,0.37,0.75,1.82,0,0,0.67,0.68,1.14,0.73,0.88,0.85,0.72,0
2009,7,25,0,0,3.19,2.9,3.74,1.31,3.15,2.09,3.15,2.94,2.96,2.65,2.87,2.88,0
2009,7,26,0,5.72,7.03,5.85,6.54,4.5,6.31,4.89,6.5,5.45,5.68,5.11,5.4,5.44,1.45
2009,7,27,0,14.34,15.98,12.69,12.96,13.65,13.15,12.83,14.25,11.16,11.66,10.8,10.96,10.97,13.52
2009,7,28,3.92,8.82,10.9,8.82,9.34,8.28,9.32,8.18,9.86,7.94,8.31,7.58,7.84,7.88,5.96
2009,7,29,0,0.21,3.68,3.27,4.1,1.67,3.57,2.4,3.58,3.26,3.32,2.96,3.2,3.22,0
2009,7,30,0,3.1,2.99,2.74,3.6,1.17,2.97,1.96,2.97,2.8,2.81,2.51,2.73,2.74,0
2009,7,31,9.62,0,2.3,2.21,3.1,0.73,2.35,1.55,2.37,2.35,2.29,2.07,2.25,2.24,0
2009,8,1,41.37,0,0,0,0.41,0,0,0.1,0,0,0,0,0,0,0
2009,8,2,3.22,0,4.62,4.01,5.06,2.35,4.44,3.01,4.69,4.08,4.19,3.61,4.06,4.16,0.1
2009,8,3,7.59,4.21,3.2,2.9,3.94,1.27,3.12,2.07,3.38,3.08,3.1,2.68,3.06,3.11,0
2009,8,4,1.76,2.43,6.36,5.37,6.46,3.83,6.01,4.31,6.28,5.32,5.47,4.73,5.25,5.4,0.8
2009,8,5,0,0,2.14,2.09,3.14,0.59,2.08,1.47,2.41,2.36,2.26,1.98,2.3,2.3,0
2009,8,6,13.89,0,2.74,2.55,3.6,0.96,2.68,1.8,2.97,2.77,2.75,2.38,2.74,2.77,0
2009,8,7,6.78,2.68,8.43,6.99,8.12,5.74,7.82,5.98,8.15,6.78,6.94,6.05,6.62,6.83,2.72
2009,8,8,11.3,4.8,6.74,5.66,6.75,4.16,6.34,4.6,6.62,5.58,5.74,4.97,5.5,5.66,1.09
2009,8,9,1.09,7.15,2.87,2.65,3.69,1.05,2.81,1.88,3.09,2.86,2.85,2.47,2.83,2.87,0
2009,8,10,6.7,0,3.04,2.78,3.82,1.16,2.97,1.97,3.24,2.97,2.98,2.58,2.95,2.99,0
2009,8,11,5.51,0,3.67,3.26,4.31,1.61,3.56,2.37,3.81,3.41,3.46,2.99,3.4,3.46,0
2009,8,12,0,0,6.44,5.43,6.52,3.9,6.08,4.37,6.35,5.37,5.53,4.78,5.3,5.46,0.86
2009,8,13,1.91,0,1.59,1.69,2.76,0.29,1.52,1.2,1.91,2,1.81,1.63,1.9,1.87,0
2009,8,14,0,0,0,0,1.36,0,0,0.41,0,0.59,0,0,0,0,0
2009,8,15,1.52,2.37,1.74,1.8,2.87,0.37,1.68,1.27,2.05,2.1,1.93,1.73,2.01,1.99,0
2009,8,16,4.74,0,4.29,3.74,4.79,2.08,4.14,2.78,4.38,3.84,3.94,3.39,3.83,3.92,0
2009,8,17,0,0.64,0.82,1.15,2.28,0,0.68,0.89,1.22,1.55,1.13,1.14,1.33,1.23,0
2009,8,18,8.16,10.36,10.61,8.7,9.88,7.89,9.71,7.87,10.11,8.33,8.47,7.42,8.04,8.3,5.37
2009,8,19,17.27,0,0,0.51,1.76,0,0,0.6,0,1.02,0,0.53,0.61,0,0
2009,8,20,6.09,9.11,7.4,6.18,7.29,4.77,6.92,5.13,7.21,6.05,6.21,5.39,5.94,6.12,1.66
2009,8,21,3.36,0,0.98,1.26,2.38,0.1,0.85,0.95,1.38,1.64,1.28,1.24,1.46,1.37,0
2009,8,22,0.13,0,1.42,1.57,2.65,0.21,1.32,1.13,1.76,1.9,1.66,1.52,1.77,1.73,0
2009,8,23,3.88,4.4,8.75,7.24,8.38,6.06,8.11,6.25,8.44,7.01,7.17,6.25,6.83,7.05,3.08
2009,8,24,0,9.92,11.89,9.71,10.92,9.2,10.81,9.02,11.26,9.24,9.35,8.22,8.86,9.16,7.14
2009,8,25,7.13,6.05,9.55,7.87,9.03,6.83,8.8,6.94,9.16,7.58,7.73,6.75,7.36,7.59,4.02
2009,8,26,19.81,3.64,3.56,3.18,4.22,1.53,3.46,2.3,3.71,3.33,3.38,2.91,3.32,3.38,0
2009,8,27,5.33,0,0,0,1.21,0,0,0.35,0,0.45,0,0,0,0,0
2009,8,28,2.7,6.44,5.26,4.5,5.57,2.87,5.02,3.47,5.27,4.53,4.66,4.02,4.5,4.62,0.16
2009,8,29,0,7.75,7.38,6.16,7.27,4.75,6.9,5.11,7.2,6.04,6.2,5.38,5.93,6.11,1.65
2009,8,30,9.47,11.99,10.91,8.94,10.13,8.2,9.97,8.14,10.38,8.55,8.68,7.61,8.24,8.51,5.78
2009,8,31,8.32,21,16.91,13.65,14.98,14.55,15.07,13.72,15.74,12.8,12.75,11.33,12.03,12.44,15.01
2009,9,1,4.28,28.12,14.4,11.97,13.56,12.46,12.99,11.95,13.97,11.81,11.93,11.1,11.57,11.63,12.93
2009,9,2,1.84,20.68,11.59,9.66,11.18,9.32,10.53,9.12,11.3,9.56,9.8,8.86,9.46,9.56,7.62
2009,9,3,0,0,2.03,2.05,3.41,0.66,1.65,1.51,2.37,2.39,1.91,1.75,2.08,2.02,0
2009,9,4,1.12,0,0,0,1.88,0,0,0.63,0,0.97,0,0,0,0,0
2009,9,5,12.03,0,4.78,4.13,5.47,2.6,4.4,3.16,4.85,4.26,4.4,3.61,4.24,4.35,0
2009,9,6,5.92,2.81,10.29,8.59,10.08,7.91,9.38,7.86,10.06,8.52,8.79,7.83,8.47,8.59,5.43
2009,9,7,13.61,8.46,11.81,9.84,11.37,9.56,10.72,9.34,11.51,9.73,9.96,9.03,9.62,9.73,8.01
2009,9,8,9.58,0,3.17,2.87,4.21,1.36,2.85,2.1,3.37,3.11,3,2.47,2.97,3.02,0
2009,9,9,5.48,0,2.64,2.48,3.82,1.01,2.31,1.81,2.89,2.76,2.51,2.12,2.55,2.56,0
2009,9,10,5.6,4.25,8.18,6.86,8.29,5.73,7.5,5.92,8.05,6.85,7.14,6.18,6.86,6.99,2.4
2009,9,11,5.53,4.31,9.02,7.55,9.01,6.58,8.25,6.68,8.85,7.52,7.81,6.83,7.51,7.64,3.52
2009,9,12,0,10.41,8.3,6.96,8.4,5.85,7.61,6.03,8.17,6.95,7.24,6.27,6.95,7.09,2.56
2009,9,13,10.79,0,7.83,6.58,8,5.39,7.19,5.61,7.73,6.58,6.87,5.91,6.6,6.73,1.98
2009,9,14,0,0,1.94,1.99,3.35,0.61,1.53,1.47,2.29,2.33,1.82,1.69,2.01,1.93,0
2009,9,15,0,0,1.43,1.66,3.06,0.36,0.92,1.28,1.88,2.07,1.25,1.42,1.62,1.43,0
2009,9,16,4.21,0,2.57,2.43,3.77,0.97,2.24,1.77,2.83,2.72,2.45,2.08,2.5,2.5,0
2009,9,17,5.97,0,0,0,1.46,0,0,0.46,0,0.57,0,0,0,0,0
2009,9,18,6.22,0,2.43,2.33,3.67,0.88,2.09,1.7,2.71,2.62,2.31,1.99,2.39,2.38,0
2009,9,19,9.8,0,0,0,0,0,0,0,0,0,0,0,0,0,0
2009,9,20,18.23,0,3.39,3.04,4.37,1.52,3.07,2.23,3.57,3.26,3.2,2.62,3.15,3.2,0
2009,9,21,0,2.23,7.3,6.15,7.56,4.87,6.71,5.16,7.23,6.17,6.45,5.5,6.19,6.33,1.4
2009,9,22,6.93,9.29,10.61,8.86,10.35,8.25,9.66,8.17,10.37,8.78,9.04,8.08,8.71,8.83,5.95
2009,9,23,7.18,0,0,0,1.92,0,0,0.64,0,1,0,0,0,0,0
2009,9,24,0,0,0,0,1.25,0,0,0.38,0,0.4,0,0,0,0,0
2009,9,25,0.1,0,3.76,3.33,4.66,1.79,3.43,2.46,3.91,3.52,3.53,2.88,3.44,3.51,0
2009,9,26,14.05,9.24,11.41,9.51,11.02,9.11,10.37,8.94,11.12,9.41,9.65,8.71,9.32,9.42,7.29
2009,9,27,4.45,7.42,4.31,3.75,5.09,2.21,3.96,2.82,4.41,3.91,4,3.27,3.87,3.96,0
2009,9,28,13.04,3.32,1.4,1.64,3.04,0.35,0.9,1.27,1.87,2.06,1.23,1.4,1.61,1.41,0
2009,9,29,19.61,5.81,5.63,4.8,6.16,3.32,5.19,3.79,5.65,4.89,5.1,4.24,4.9,5.02,0.1
2009,9,30,10.91,16.82,14.61,12.15,13.73,12.7,13.17,12.17,14.17,11.97,12.08,11.27,11.72,11.78,13.35
2009,10,1,6.37,25.53,19.63,19.13,18.96,29.22,19.16,28.18,22.65,18.23,19.8,19.88,18.27,19.1,42.43
2009,10,2,4.31,21.72,16.39,15.8,15.93,22.94,16.03,22.29,18.67,15.07,16.26,16.07,15.04,15.64,30.6
2009,10,3,32.24,8.8,10.84,10.19,10.77,12.89,10.66,12.89,11.96,9.77,10.3,9.81,9.62,9.86,12.66
2009,10,4,1.87,16.92,11.79,11.14,11.65,14.54,11.58,14.42,13.1,10.67,11.31,10.86,10.54,10.84,15.45
2009,10,5,1.44,4.08,10.6,9.95,10.54,12.48,10.42,12.5,11.67,9.54,10.04,9.55,9.38,9.61,11.96
2009,10,6,23.55,0,0,0.19,1.37,0,0,0.53,0,0.74,0,0.2,0,0.1,0
2009,10,7,14.55,0,3.72,3.42,4.4,2.6,3.88,3.3,3.86,3.48,3.16,2.8,3.09,3.07,0
2009,10,8,3.47,0,4.55,4.16,5.1,3.53,4.65,4.17,4.74,4.15,3.93,3.51,3.8,3.79,0.12
2009,10,9,3.12,0,1.19,1.41,2.46,0.53,1.62,1.3,1.44,1.7,1.03,1.03,1.16,1.16,0
2009,10,10,6.06,0,6.81,6.26,7.1,6.52,6.8,6.96,7.27,6.1,6.15,5.62,5.83,5.88,3
2009,10,11,2.79,0,0,0,0,0,0,0,0,0,0,0,0,0,0
2009,10,12,0,0,0,0,0,0,0,0,0,0,0,0,0,0,0
2009,10,13,1.36,1.33,3.64,3.35,4.33,2.51,3.8,3.22,3.78,3.42,3.08,2.73,3.03,3,0
2009,10,14,0,0,2.42,2.32,3.33,1.36,2.68,2.12,2.54,2.49,1.99,1.79,2.03,2.01,0
2009,10,15,0,0,0,0.57,1.69,0.1,0.5,0.72,0.38,1.02,0.1,0.42,0.34,0.42,0
2009,10,16,0.21,0,0,0.73,1.83,0.1,0.73,0.82,0.58,1.14,0.27,0.53,0.5,0.55,0
2009,10,17,0,0,0,0,0.6,0,0,0.19,0,0.12,0,0,0,0,0
2009,10,18,0,0,0,0,0,0,0,0.1,0,0,0,0,0,0,0
2009,10,19,0,0,2.69,2.54,3.55,1.59,2.92,2.34,2.8,2.69,2.23,1.99,2.25,2.22,0
2009,10,20,0,0,5.17,4.72,5.64,4.29,5.23,4.88,5.42,4.67,4.52,4.06,4.34,4.34,0.61
2009,10,21,0,1.21,7.27,6.69,7.51,7.18,7.23,7.57,7.78,6.5,6.61,6.07,6.24,6.32,3.86
2009,10,22,0,3.78,6.61,6.07,6.92,6.23,6.6,6.69,7.04,5.92,5.95,5.43,5.64,5.69,2.64
2009,10,23,0,40.45,26.96,26.75,25.84,44.07,26.3,42.17,31.76,25.47,27.91,28.72,25.65,27.05,71.32
2009,10,24,0,20.74,21.62,21.19,20.83,33.17,21.09,31.9,25.12,20.19,21.99,22.26,20.26,21.24,50.04
2009,10,25,0,9.47,13.36,12.72,13.1,17.31,13.09,17.01,14.98,12.15,12.98,12.6,12.06,12.45,20.33
2009,10,26,0,0,2.58,2.45,3.46,1.49,2.82,2.25,2.7,2.61,2.13,1.91,2.16,2.14,0
2009,10,27,0,0,0,0.17,1.36,0,0,0.52,0,0.73,0,0.19,0,0.1,0
2009,10,28,4.47,0,1.01,1.29,2.35,0.44,1.48,1.21,1.29,1.6,0.9,0.94,1.05,1.05,0
2009,10,29,6.2,0,1.14,1.37,2.43,0.51,1.58,1.28,1.39,1.67,0.99,1,1.13,1.13,0
2009,10,30,6.3,0,3.91,3.59,4.56,2.8,4.05,3.49,4.06,3.63,3.33,2.96,3.26,3.24,0
2009,10,31,0,4.31,9.85,9.21,9.86,11.23,9.71,11.34,10.79,8.85,9.27,8.75,8.67,8.86,9.93
2009,11,1,0,9.58,17.08,21.16,19.34,56.28,16.21,57.83,24.25,16.51,14.68,14.14,14.27,14.12,25.03
2009,11,2,0,4.57,12.58,15.3,14.18,37.98,11.95,39.21,17.33,12.03,10.79,10.1,10.31,10.21,11.42
2009,11,3,0.77,0.63,7.11,8.31,8.04,17.55,6.77,18.63,9.15,6.69,6.06,5.34,5.6,5.54,0.28
2009,11,4,1.5,9.78,17.53,21.75,19.85,58.17,16.62,59.73,24.93,16.97,15.07,14.54,14.66,14.51,26.49
2009,11,5,8.11,2.56,13.03,15.84,14.67,39.63,12.36,40.93,17.99,12.45,11.16,10.48,10.68,10.58,12.62
2009,11,6,8.87,0.36,7.45,8.74,8.42,18.72,7.1,19.82,9.65,7.01,6.36,5.63,5.88,5.83,0.59
2009,11,7,7.94,0,0.52,0.75,1.21,0.59,0.61,1.16,0.54,0.78,0.57,0.37,0.47,0.42,0
2009,11,8,0.1,0,1.01,1.23,1.67,1.22,1.06,1.91,1.05,1.17,0.96,0.66,0.79,0.75,0
2009,11,9,0,0,4.2,4.77,4.9,8.38,4.03,9.38,5.05,3.96,3.59,2.96,3.2,3.16,0
2009,11,10,0,0.33,7.97,9.39,9,20.55,7.59,21.66,10.41,7.52,6.8,6.07,6.33,6.27,1.22
2009,11,11,0,0,0.29,0.54,0.99,0.36,0.4,0.86,0.33,0.61,0.39,0.24,0.32,0.28,0
2009,11,12,0.67,0,5.91,6.83,6.73,13.56,5.64,14.61,7.43,5.55,5.04,4.34,4.59,4.55,0
2009,11,13,0.14,0,2.22,2.51,2.86,3.42,2.18,4.29,2.46,2.19,1.94,1.47,1.66,1.63,0
2009,11,14,0,0,8.69,10.3,9.79,23.11,8.27,24.25,11.47,8.21,7.42,6.68,6.94,6.87,2.33
2009,11,15,0,2.22,19.52,24.42,22.17,66.72,18.52,68.36,28.06,18.99,16.82,16.37,16.45,16.27,33.13
2009,11,16,0.29,3.25,15.22,18.73,17.21,48.59,14.45,50.05,21.37,14.65,13.07,12.45,12.62,12.49,19.18
2009,11,17,0.24,0,2.87,3.24,3.53,4.91,2.79,5.84,3.29,2.76,2.49,1.95,2.16,2.12,0
2009,11,18,0,0,2.9,3.27,3.55,4.97,2.82,5.9,3.33,2.79,2.51,1.97,2.18,2.15,0
2009,11,19,0,0,3.65,4.14,4.33,6.89,3.53,7.86,4.32,3.46,3.14,2.54,2.77,2.73,0
2009,11,20,0,0,1.67,1.91,2.31,2.32,1.67,3.12,1.8,1.72,1.49,1.09,1.26,1.22,0
2009,11,21,0,0,4.67,5.34,5.4,9.75,4.48,10.76,5.7,4.39,3.99,3.34,3.58,3.54,0
2009,11,22,0.32,0,0.75,0.98,1.43,0.87,0.82,1.51,0.78,0.97,0.76,0.5,0.62,0.58,0
2009,11,23,0,0.16,2.17,2.46,2.81,3.32,2.14,4.18,2.41,2.15,1.91,1.44,1.63,1.59,0
2009,11,24,0,0,6.81,7.94,7.72,16.54,6.49,17.61,8.72,6.4,5.81,5.09,5.35,5.3,0.1
2009,11,25,0,0,0,0,0.31,0.1,0,0.15,0,0.1,0,0,0,0,0
2009,11,26,0,0,0.81,1.04,1.49,0.95,0.88,1.6,0.84,1.02,0.81,0.54,0.66,0.62,0
2009,11,27,0,0,0,0.1,0.42,0.1,0,0.24,0,0.15,0,0,0.1,0,0
2009,11,28,1.24,0,0,0,0.18,0,0,0.1,0,0.1,0,0,0,0,0
2009,11,29,0.7,7.96,13.89,16.98,15.67,43.15,13.18,44.5,19.31,13.32,11.91,11.25,11.44,11.33,15.15
2009,11,30,0,14.72,10.64,12.78,11.98,30.39,10.11,31.6,14.38,10.11,9.1,8.38,8.62,8.54,6.42
2009,12,1,0,0.72,6.04,8.45,8.16,23.52,5.92,24.76,8.38,6.21,5.34,3.13,3.87,3.81,0
2009,12,2,0,0,5.2,7.25,7.07,19.58,5.14,20.79,7.16,5.34,4.6,2.7,3.34,3.3,0
2009,12,3,0,4,4.39,6.09,6.01,15.88,4.37,17.03,5.97,4.51,3.88,2.28,2.82,2.8,0
2009,12,4,0,0,1.51,2.12,2.38,4.23,1.65,5.17,1.96,1.61,1.37,0.79,1,1.02,0
2009,12,5,0,0,0,0,0,0,0,0,0,0,0,0,0,0,0
2009,12,6,0,0,0,0,0,0,0,0,0,0,0,0,0,0,0
2009,12,7,0,0,0,0,0,0,0,0,0,0,0,0,0,0,0
2009,12,8,0,0,0.1,0.1,0.33,0.1,0.1,0.31,0.1,0.1,0.1,0,0.1,0.1,0
2009,12,9,0,0.94,4.83,6.72,6.58,17.88,4.78,19.05,6.61,4.96,4.27,2.51,3.1,3.07,0
2009,12,10,0,0,0,0.1,0.13,0,0,0.1,0,0,0,0,0,0,0
2009,12,11,0,0,0,0,0,0,0,0,0,0,0,0,0,0,0
2009,12,12,0,0.16,2.68,3.7,3.84,8.61,2.76,9.66,3.55,2.77,2.39,1.4,1.74,1.75,0
2009,12,13,0,0,0.31,0.54,0.85,0.69,0.44,1.24,0.4,0.41,0.31,0.15,0.22,0.25,0
2009,12,14,0,0,0,0,0.1,0,0,0.1,0,0,0,0,0,0,0
2009,12,15,1.8,0,0,0,0,0,0,0,0,0,0,0,0,0,0
2009,12,16,0,0,0,0.1,0.27,0.1,0.1,0.23,0.1,0.1,0.1,0,0,0.1,0
2009,12,17,0.1,0,0,0,0.1,0,0,0.1,0,0,0,0,0,0,0
2009,12,18,0.1,0,2.62,3.62,3.76,8.35,2.71,9.42,3.47,2.71,2.33,1.37,1.7,1.71,0
2009,12,19,0,0,0.7,1.04,1.35,1.66,0.84,2.39,0.89,0.8,0.66,0.36,0.47,0.51,0
2009,12,20,0,0,1.29,1.82,2.09,3.49,1.43,4.36,1.66,1.39,1.17,0.67,0.85,0.88,0
2009,12,21,0,0,0.1,0.17,0.43,0.14,0.12,0.47,0.1,0.12,0.1,0.1,0.1,0.1,0
2009,12,22,0,5.09,12.19,17.48,16.28,54.5,11.64,55.94,17.55,12.63,10.79,6.26,7.74,7.57,1.37
2009,12,23,0,0,0.54,0.83,1.14,1.23,0.68,1.9,0.68,0.64,0.51,0.28,0.36,0.4,0
2009,12,24,0,0.24,10.08,14.33,13.47,43.47,9.67,44.93,14.36,10.4,8.91,5.19,6.41,6.28,0.1
2009,12,25,0,0,0,0,0,0,0,0,0,0,0,0,0,0,0
2009,12,26,0,0,0,0.1,0.14,0,0,0.1,0,0,0,0,0,0,0
2009,12,27,0,0.2,8.78,12.43,11.74,36.93,8.46,38.27,12.42,9.05,7.76,4.53,5.59,5.48,0
2009,12,28,0,0,5.45,7.61,7.39,20.77,5.37,21.93,7.52,5.61,4.82,2.83,3.5,3.45,0
2009,12,29,0,0,1.36,1.91,2.18,3.7,1.49,4.57,1.74,1.45,1.23,0.71,0.9,0.92,0
2009,12,30,0,0,0,0,0,0,0,0,0,0,0,0,0,0,0
2009,12,31,0,0,1.59,2.22,2.46,4.49,1.72,5.42,2.05,1.68,1.43,0.83,1.04,1.07,0
2010,1,1,0.65,0,0.44,0.58,0.65,0.8,0.46,1.13,0.61,0.55,0.46,0.29,0.38,0.37,0
2010,1,2,2.52,0,2.48,3.12,3.08,9.1,2.45,9.16,3.61,2.44,2.25,1.74,1.88,1.92,0
2010,1,3,0.1,0,1.87,2.36,2.36,6.3,1.86,6.53,2.69,1.88,1.72,1.31,1.44,1.46,0
2010,1,4,0,0,1.68,2.12,2.13,5.46,1.68,5.73,2.41,1.71,1.56,1.17,1.3,1.32,0
2010,1,5,0,0,1.63,2.06,2.07,5.25,1.63,5.53,2.34,1.66,1.52,1.14,1.27,1.28,0
2010,1,6,0,0,1.8,2.28,2.28,6.01,1.8,6.26,2.59,1.82,1.67,1.26,1.39,1.41,0
2010,1,7,0,0,1.49,1.87,1.9,4.64,1.49,4.95,2.12,1.53,1.39,1.04,1.16,1.18,0
2010,1,8,0,0,0.86,1.09,1.14,2.13,0.88,2.51,1.2,0.94,0.83,0.58,0.7,0.69,0
2010,1,9,0.1,0,0.29,0.38,0.45,0.4,0.31,0.67,0.39,0.39,0.31,0.17,0.26,0.24,0
2010,1,10,0,0,0.18,0.25,0.31,0.18,0.2,0.4,0.24,0.28,0.21,0.1,0.17,0.16,0
2010,1,11,0,0,0,0.1,0.1,0,0,0.1,0.1,0.1,0.1,0,0,0,0
2010,1,12,0,0,0,0,0,0,0,0,0,0,0,0,0,0,0
2010,1,13,0,0,0,0,0,0,0,0,0,0,0,0,0,0,0
2010,1,14,0,0,0,0,0,0,0,0,0,0,0,0,0,0,0
2010,1,15,0,0,0.88,1.11,1.17,2.2,0.89,2.58,1.23,0.96,0.85,0.6,0.71,0.71,0
2010,1,16,0,0,0.1,0.1,0.1,0.1,0.1,0.1,0.1,0.1,0.1,0,0.1,0.1,0
2010,1,17,0.36,0,0.1,0.1,0.13,0.1,0.1,0.1,0.1,0.12,0.1,0.1,0.1,0.1,0
2010,1,18,9.07,0,0.72,0.92,0.98,1.65,0.74,2.03,1,0.81,0.71,0.48,0.59,0.59,0
2010,1,19,2.3,0,0,0,0,0,0,0,0,0,0,0,0,0,0
2010,1,20,0,0,1.86,2.34,2.34,6.24,1.85,6.47,2.67,1.87,1.71,1.3,1.43,1.45,0
2010,1,21,0,0,0,0,0,0,0,0,0,0,0,0,0,0,0
2010,1,22,0.16,0,0,0,0,0,0,0,0,0,0,0,0,0,0
2010,1,23,0.11,0,0,0,0,0,0,0,0,0,0,0,0,0,0
2010,1,24,0,0,0,0,0,0,0,0,0,0,0,0,0,0,0
2010,1,25,0,0,0,0,0,0,0,0,0,0,0,0,0,0,0
2010,1,26,0,0,0,0,0,0,0,0,0,0,0,0,0,0,0
2010,1,27,0,0,0,0,0,0,0,0,0,0,0,0,0,0,0
2010,1,28,0,0,0,0,0,0,0,0,0,0,0,0,0,0,0
2010,1,29,0,0,0.5,0.65,0.72,0.97,0.53,1.31,0.69,0.6,0.52,0.33,0.43,0.42,0
2010,1,30,0,0,0,0,0,0,0,0,0,0,0,0,0,0,0
2010,1,31,0,0,0,0,0,0,0,0,0,0,0,0,0,0,0
2010,2,1,0.83,0,0,0,0.1,0,0,0,0,0.1,0,0,0,0,0
2010,2,2,1.22,0,0,0,0,0,0,0,0,0,0,0,0,0,0
2010,2,3,0.15,0,0.95,1.26,1.42,1.28,1.04,1.85,1.26,1.14,0.99,0.83,0.89,0.89,0
2010,2,4,0,0.91,1.49,2.06,2.26,2.92,1.66,3.61,2.03,1.78,1.58,1.37,1.44,1.45,0
2010,2,5,0,0,0,0,0.1,0,0,0,0,0.1,0,0,0,0,0
2010,2,6,0,0,0,0,0,0,0,0,0,0,0,0,0,0,0
2010,2,7,0,0,0,0,0,0,0,0,0,0,0,0,0,0,0
2010,2,8,0,0,0,0,0,0,0,0,0,0,0,0,0,0,0
2010,2,9,0,0,0,0,0,0,0,0,0,0,0,0,0,0,0
2010,2,10,0,0,0,0.1,0.1,0,0,0,0.1,0.1,0.1,0,0,0,0
2010,2,11,0,0,0,0,0,0,0,0,0,0,0,0,0,0,0
2010,2,12,0,0,1.92,2.72,2.94,4.48,2.15,5.21,2.65,2.29,2.06,1.82,1.89,1.9,0
2010,2,13,0,0,0.1,0.1,0.13,0,0.1,0.1,0.1,0.12,0.1,0.1,0.1,0.1,0
2010,2,14,0.17,0,0.47,0.59,0.71,0.27,0.5,0.59,0.6,0.59,0.47,0.36,0.41,0.41,0
2010,2,15,1.09,0,1.43,1.97,2.16,2.73,1.59,3.41,1.93,1.71,1.52,1.31,1.38,1.39,0
2010,2,16,0.55,0,0.28,0.34,0.43,0.1,0.29,0.25,0.35,0.37,0.27,0.2,0.24,0.23,0
2010,2,17,3.35,0,1.96,2.79,3.02,4.64,2.21,5.38,2.72,2.35,2.12,1.87,1.93,1.95,0
2010,2,18,0.31,0,2.5,3.63,3.89,6.84,2.84,7.58,3.53,3,2.73,2.43,2.51,2.52,0.1
2010,2,19,0,0,0,0,0,0,0,0,0,0,0,0,0,0,0
2010,2,20,0,0,3.52,5.26,5.56,11.32,4.04,11.97,5.06,4.25,3.9,3.52,3.59,3.63,1.1
2010,2,21,0,3.76,2.72,3.99,4.25,7.77,3.1,8.5,3.86,3.27,2.98,2.67,2.74,2.76,0.13
2010,2,22,0,0,0.1,0.1,0.11,0,0.1,0.1,0.1,0.1,0.1,0.1,0.1,0.1,0
2010,2,23,0,0,0,0,0,0,0,0,0,0,0,0,0,0,0
2010,2,24,0,0,0.1,0.1,0.1,0,0.1,0.1,0.1,0.1,0.1,0.1,0.1,0.1,0
2010,2,25,0,0,0.31,0.39,0.48,0.1,0.33,0.31,0.4,0.41,0.31,0.23,0.27,0.26,0
2010,2,26,0,0,0.41,0.5,0.61,0.2,0.43,0.48,0.51,0.51,0.41,0.31,0.36,0.35,0
2010,2,27,0,0,0.63,0.81,0.94,0.54,0.68,0.96,0.82,0.77,0.64,0.52,0.57,0.57,0
2010,2,28,0,0,0.25,0.3,0.39,0.1,0.26,0.21,0.31,0.33,0.24,0.17,0.21,0.2,0
2010,3,1,0,0,0.1,0.17,0.25,0.1,0.1,0.2,0.15,0.3,0.17,0.1,0.14,0.13,0
2010,3,2,0,0,1.65,1.63,1.8,1.72,1.5,2.17,1.88,1.65,1.51,1.48,1.49,1.49,0
2010,3,3,0,0,1.21,1.2,1.34,1.09,1.11,1.49,1.35,1.25,1.12,1.05,1.09,1.09,0
2010,3,4,0,0.95,0.1,0.1,0.1,0,0.1,0.1,0.1,0.14,0.1,0.1,0.1,0.1,0
2010,3,5,0,0,0.49,0.51,0.62,0.29,0.46,0.59,0.53,0.65,0.5,0.39,0.45,0.44,0
2010,3,6,0,0,0,0,0,0,0,0,0,0,0,0,0,0,0
2010,3,7,0,0,0,0,0,0,0,0,0,0.1,0,0,0,0,0
2010,3,8,0,0,0,0.1,0.1,0,0,0.1,0.1,0.1,0.1,0,0.1,0.1,0
2010,3,9,0,0,0,0,0,0,0,0,0,0,0,0,0,0,0
2010,3,10,0,0,0.1,0.1,0.15,0.1,0.1,0.13,0.1,0.23,0.1,0.1,0.1,0.1,0
2010,3,11,0.17,0,0.1,0.1,0.1,0,0.1,0.1,0.1,0.15,0.1,0.1,0.1,0.1,0
2010,3,12,1.48,0,0.33,0.36,0.43,0.16,0.31,0.36,0.36,0.48,0.35,0.26,0.31,0.3,0
2010,3,13,1.07,0,1.12,1.12,1.26,0.96,1.03,1.39,1.26,1.19,1.05,0.98,1.02,1.01,0
2010,3,14,0,0,0,0,0,0,0,0,0,0,0,0,0,0,0
2010,3,15,0,0,0,0,0,0,0,0,0,0,0,0,0,0,0
2010,3,16,0,0,0.1,0.1,0.1,0.1,0.1,0.1,0.1,0.17,0.1,0.1,0.1,0.1,0
2010,3,17,0,0,0,0,0,0,0,0,0,0,0,0,0,0,0
2010,3,18,0,1.42,3.3,3.17,3.42,4.47,2.93,4.71,3.82,3,2.9,3.12,2.98,3,0
2010,3,19,0,0,4.68,4.49,4.82,7.05,4.12,7.13,5.53,4.16,4.09,4.57,4.27,4.31,0.28
2010,3,20,0,0.13,4.02,3.85,4.14,5.79,3.55,5.94,4.7,3.59,3.52,3.87,3.64,3.68,0
2010,3,21,0,0,0.97,0.96,1.1,0.8,0.89,1.19,1.06,1.07,0.91,0.81,0.86,0.86,0
2010,3,22,0,0,0,0,0,0,0,0,0,0,0,0,0,0,0
2010,3,23,0.11,0,0,0,0,0,0,0,0,0,0,0,0,0,0
2010,3,24,1.18,0,0.1,0.1,0.1,0.1,0.1,0.1,0.1,0.16,0.1,0.1,0.1,0.1,0
2010,3,25,0,0,0.85,0.85,0.96,0.66,0.79,1.01,0.93,0.95,0.8,0.71,0.75,0.75,0
2010,3,26,0,0,0.2,0.26,0.33,0.1,0.2,0.26,0.25,0.37,0.25,0.18,0.22,0.21,0
2010,3,27,0,0,0.17,0.23,0.3,0.1,0.17,0.24,0.22,0.35,0.23,0.15,0.2,0.18,0
2010,3,28,0,0,0.76,0.76,0.87,0.54,0.7,0.86,0.83,0.86,0.72,0.63,0.68,0.67,0
2010,3,29,0,0,1.33,1.3,1.44,1.25,1.21,1.63,1.48,1.35,1.21,1.16,1.18,1.18,0
2010,3,30,0,0,0,0,0,0,0,0.1,0,0.1,0,0,0,0,0
2010,3,31,0,0,0.46,0.48,0.59,0.27,0.44,0.55,0.49,0.62,0.46,0.36,0.42,0.41,0
2010,4,1,0.27,0,4.08,3.64,4.36,3.59,3.84,4.42,4.06,3.56,3.4,3.1,3.22,3.33,0
2010,4,2,0.1,0,1.29,1.23,1.69,0.65,1.22,1.38,1.39,1.38,1.28,1.01,1.1,1.15,0
2010,4,3,1.08,0,0,0,0.1,0,0,0.1,0,0.1,0,0,0,0,0
2010,4,4,0,0,0,0,0,0,0,0,0,0,0,0,0,0,0
2010,4,5,0,4.2,4.82,4.24,4.97,4.58,4.54,5.2,4.72,4.05,3.91,3.63,3.75,3.87,0
2010,4,6,0,15.32,5.51,4.92,5.75,5.5,5.19,6.19,5.44,4.69,4.48,4.2,4.31,4.46,0
2010,4,7,0,0,0.29,0.42,0.73,0.1,0.27,0.51,0.46,0.6,0.5,0.32,0.36,0.38,0
2010,4,8,0,0,5.15,4.51,5.35,5.04,4.85,5.7,5.02,4.36,4.15,3.86,3.98,4.11,0
2010,4,9,2.11,0,0,0,0,0,0,0,0,0,0,0,0,0,0
2010,4,10,9.48,0,0,0,0.1,0,0,0.1,0,0.1,0.1,0,0,0,0
2010,4,11,1.34,0,0.1,0.13,0.42,0,0.1,0.3,0.11,0.34,0.22,0.1,0.1,0.1,0
2010,4,12,0.1,0,0,0,0.1,0,0,0.1,0,0.1,0,0,0,0,0
2010,4,13,0,0,0,0,0.1,0,0,0.1,0,0.1,0,0,0,0,0
2010,4,14,0,0,1.3,1.24,1.7,0.65,1.22,1.39,1.4,1.38,1.29,1.02,1.1,1.15,0
2010,4,15,0,0,0.34,0.46,0.77,0.1,0.32,0.53,0.51,0.63,0.54,0.35,0.4,0.42,0
2010,4,16,0,9.08,9.08,8.09,9.16,10.53,8.55,10.74,8.86,7.47,7.14,6.97,7.04,7.26,5.42
2010,4,17,0,4.67,3.42,3.01,3.63,2.83,3.22,3.57,3.38,2.95,2.85,2.56,2.68,2.77,0
2010,4,18,0,3,4.51,3.99,4.72,4.15,4.25,4.82,4.45,3.84,3.7,3.41,3.53,3.64,0
2010,4,19,13.66,0,0,0,0,0,0,0,0,0,0,0,0,0,0
2010,4,20,0,0,0,0,0,0,0,0,0,0,0,0,0,0,0
2010,4,21,0,0,0,0,0,0,0,0,0,0,0,0,0,0,0
2010,4,22,0,7.6,6.82,6.02,6.97,7.34,6.42,7.82,6.62,5.69,5.42,5.15,5.26,5.42,0.96
2010,4,23,0,0,5.13,4.49,5.32,5.01,4.83,5.67,5,4.34,4.13,3.85,3.97,4.1,0
2010,4,24,0,0,1.85,1.68,2.15,1.12,1.75,1.83,1.91,1.75,1.68,1.4,1.5,1.56,0
2010,4,25,0,0,1.93,1.73,2.21,1.19,1.82,1.92,1.97,1.8,1.73,1.45,1.55,1.62,0
2010,4,26,0,0.55,5.38,4.79,5.63,5.35,5.06,6.04,5.3,4.59,4.38,4.09,4.2,4.34,0
2010,4,27,0,0,2.88,2.58,3.18,2.15,2.72,2.98,2.9,2.59,2.48,2.18,2.3,2.38,0
2010,4,28,5.85,0,3.83,3.41,4.13,3.35,3.61,4.15,3.8,3.36,3.21,2.89,3.01,3.12,0
2010,4,29,2.6,0,0.1,0.19,0.48,0,0.1,0.34,0.18,0.39,0.28,0.11,0.14,0.16,0
2010,4,30,3.48,0,0.9,0.86,1.22,0.35,0.85,0.96,0.99,1,0.92,0.7,0.78,0.81,0
2010,5,1,6.21,0,1.23,1.39,1.96,0.35,1.39,1.12,1.59,1.59,1.35,1.11,1.33,1.28,0
2010,5,2,0,1.82,6.56,6.19,6.58,5.19,6.34,5.48,6.64,5.87,6.11,5.15,5.54,5.86,0.32
2010,5,3,0,0,3.98,3.73,4.3,2.45,3.98,3.07,4.15,3.7,3.77,3.11,3.47,3.6,0
2010,5,4,0,0,0,0,0.47,0,0,0.27,0,0.32,0,0,0,0,0
2010,5,5,0,0,3.31,3.1,3.7,1.87,3.36,2.55,3.51,3.14,3.17,2.6,2.93,3.02,0
2010,5,6,0,0.6,2.1,2.07,2.69,0.93,2.22,1.67,2.39,2.22,2.11,1.72,1.99,2,0
2010,5,7,0,0,0,0.2,0.7,0,0,0.4,0,0.51,0,0,0,0,0
2010,5,8,0,0,2.29,2.23,2.85,1.06,2.41,1.8,2.56,2.37,2.27,1.85,2.14,2.16,0
2010,5,9,0.93,0,3.36,3.14,3.74,1.91,3.41,2.58,3.55,3.18,3.21,2.63,2.97,3.06,0
2010,5,10,11.22,0,7.17,6.74,7.08,5.89,6.88,6.11,7.2,6.36,6.64,5.61,6.01,6.37,0.89
2010,5,11,50.09,0.1,7.66,7.28,7.56,6.47,7.32,6.63,7.71,6.82,7.1,6.03,6.43,6.82,1.43
2010,5,12,20.56,0,2.94,2.79,3.39,1.54,3.01,2.25,3.16,2.86,2.84,2.33,2.64,2.71,0
2010,5,13,44.14,0,0,0.14,0.64,0,0,0.36,0,0.46,0,0,0,0,0
2010,5,14,52.26,0,4.16,3.89,4.45,2.63,4.15,3.23,4.32,3.84,3.93,3.25,3.61,3.75,0
2010,5,15,15.72,0,7.33,6.91,7.24,6.09,7.03,6.28,7.36,6.51,6.78,5.73,6.14,6.51,1.04
2010,5,16,12.84,6.24,8.86,8.48,8.63,7.95,8.4,7.92,8.88,7.87,8.2,7,7.4,7.88,3.09
2010,5,17,8.71,4.93,8.75,8.36,8.52,7.81,8.3,7.8,8.76,7.76,8.08,6.9,7.3,7.77,2.9
2010,5,18,17.17,0.1,6.6,6.22,6.61,5.23,6.37,5.51,6.68,5.9,6.14,5.17,5.57,5.89,0.36
2010,5,19,7.22,0,2.43,2.35,2.97,1.16,2.54,1.88,2.69,2.47,2.39,1.95,2.25,2.27,0
2010,5,20,3.44,0,2.77,2.65,3.26,1.4,2.86,2.12,3.01,2.73,2.7,2.21,2.52,2.57,0
2010,5,21,4.03,1.33,9.47,9.06,9.13,8.72,8.94,8.57,9.45,8.35,8.74,7.48,7.88,8.41,4
2010,5,22,1.27,3.35,12.97,12.68,12.26,13.38,12.05,12.62,12.9,11.47,11.97,10.38,10.74,11.53,10.62
2010,5,23,0,21.11,12.45,12.15,11.82,12.65,11.58,12.01,12.39,11.03,11.48,9.94,10.32,11.06,9.61
2010,5,24,0,6.7,13.91,13.68,13.11,14.67,12.88,13.73,13.84,12.33,12.84,11.16,11.52,12.37,12.67
2010,5,25,0.74,13.24,10.96,10.58,10.46,10.66,10.26,10.27,10.9,9.68,10.1,8.69,9.08,9.72,6.62
2010,5,26,0,21.55,10.83,10.43,10.33,10.48,10.15,10.11,10.78,9.55,9.98,8.59,8.98,9.61,6.34
2010,5,27,1.17,23.46,11.68,11.34,11.11,11.62,10.91,11.09,11.63,10.32,10.78,9.31,9.69,10.38,8.02
2010,5,28,1.53,11.17,5.03,4.7,5.22,3.51,4.94,4.02,5.14,4.57,4.69,3.92,4.29,4.49,0
2010,5,29,3.78,10.85,7.57,7.18,7.47,6.36,7.24,6.53,7.61,6.73,7,5.94,6.35,6.73,1.29
2010,5,30,23.88,4.3,12.72,12.44,12.06,13.04,11.83,12.31,12.67,11.27,11.74,10.18,10.55,11.32,10.16
2010,5,31,0.62,55.34,26.39,26.96,24.19,33.06,23.79,29.72,26.14,23.63,24.35,21.66,21.73,23.54,43.52
2010,6,1,1.25,0,0,0,0,0,0,0.17,0,0.32,0,0,0,0,0
2010,6,2,0,0,3.87,3.59,4.29,2.11,3.85,2.69,3.88,3.61,3.58,3.14,3.45,3.49,0
2010,6,3,0.18,0,1.58,1.62,2.16,0.43,1.79,1.16,1.71,1.94,1.59,1.5,1.75,1.65,0
2010,6,4,15.03,0,3.24,3.03,3.68,1.58,3.29,2.21,3.27,3.13,3.03,2.68,2.98,2.99,0
2010,6,5,6.66,0,0.4,0.66,1.17,0,0.64,0.61,0.6,1.17,0.54,0.67,0.83,0.65,0
2010,6,6,0,0,0,0,0,0,0,0.1,0,0,0,0,0,0,0
2010,6,7,3.97,1.56,5.75,5.26,6.15,3.86,5.47,4.24,5.67,5.05,5.2,4.51,4.83,4.96,0.78
2010,6,8,8.97,0,2.59,2.47,3.06,1.08,2.71,1.76,2.65,2.65,2.47,2.21,2.5,2.46,0
2010,6,9,0.14,0,2.57,2.45,3.04,1.07,2.69,1.75,2.63,2.63,2.45,2.2,2.48,2.45,0
2010,6,10,1.08,0,0,0,0,0,0,0.1,0,0,0,0,0,0,0
2010,6,11,0,0,0,0,0,0,0,0,0,0,0,0,0,0,0
2010,6,12,3.53,0,0,0,0,0,0,0.17,0,0.31,0,0,0,0,0
2010,6,13,12.18,0.86,5.56,5.09,5.96,3.67,5.31,4.07,5.49,4.9,5.04,4.37,4.69,4.81,0.61
2010,6,14,2.25,16.72,15.06,13.72,15.67,14.43,13.17,13.54,14.61,12.33,13.14,11.28,11.43,12.05,18.11
2010,6,15,0,15.99,17.65,16.1,18.36,17.64,15.26,16.36,17.09,14.37,15.33,13.16,13.23,13.99,24.33
2010,6,16,0,18.21,19.64,17.93,20.42,20.13,16.86,18.56,19,15.94,17.01,14.6,14.61,15.47,29.26
2010,6,17,21.5,5.23,7.33,6.68,7.74,5.48,6.81,5.67,7.19,6.28,6.56,5.66,5.97,6.18,2.71
2010,6,18,1.17,0,0,0,0,0,0,0,0,0,0,0,0,0,0
2010,6,19,19.19,15.19,16.17,14.74,16.82,15.79,14.07,14.73,15.68,13.21,14.08,12.09,12.2,12.89,20.73
2010,6,20,1.43,0,0.36,0.63,1.15,0,0.61,0.6,0.57,1.14,0.51,0.64,0.8,0.63,0
2010,6,21,0.37,2.76,4.6,4.24,5.01,2.76,4.49,3.27,4.58,4.17,4.22,3.67,3.99,4.07,0.1
2010,6,22,3.08,7.42,10.02,9.12,10.48,8.45,9.04,8.27,9.77,8.38,8.85,7.61,7.88,8.24,7.28
2010,6,23,4.77,0,7.95,7.24,8.37,6.14,7.32,6.25,7.78,6.76,7.09,6.11,6.41,6.66,3.64
2010,6,24,21.32,0,0,0,0,0,0,0,0,0,0,0,0,0,0
2010,6,25,8.68,0,0,0,0,0,0,0,0,0,0,0,0,0,0
2010,6,26,7.93,5.89,9.7,8.83,10.15,8.08,8.78,7.96,9.46,8.13,8.58,7.38,7.66,8,6.68
2010,6,27,0,0,0,0,0,0,0,0.1,0,0,0,0,0,0,0
2010,6,28,0,0,1.36,1.44,1.97,0.32,1.58,1.04,1.5,1.79,1.4,1.35,1.58,1.47,0
2010,6,29,0,3.79,7.35,6.7,7.76,5.5,6.82,5.69,7.21,6.29,6.58,5.67,5.98,6.2,2.73
2010,6,30,0,8.02,8.52,7.76,8.95,6.77,7.8,6.8,8.33,7.21,7.58,6.53,6.82,7.1,4.58
2010,7,1,0,0,1.58,1.66,2.59,0.33,1.66,1.17,1.73,1.88,1.73,1.62,1.74,1.7,0
2010,7,2,3.87,0,2.36,2.25,3.14,0.76,2.4,1.58,2.41,2.39,2.33,2.11,2.29,2.28,0
2010,7,3,0,0,0,0.28,1.43,0,0,0.47,0,0.73,0,0.49,0,0,0
2010,7,4,0,0,0,0,1.23,0,0,0.38,0,0.53,0,0.31,0,0,0
2010,7,5,9,0,1.05,1.27,2.25,0.1,1.12,0.93,1.29,1.56,1.31,1.3,1.37,1.3,0
2010,7,6,0.26,8.21,8.84,7.24,7.86,6.22,7.73,6.39,8.08,6.62,6.92,6.27,6.55,6.59,3.36
2010,7,7,5.41,7.84,8.96,7.34,7.94,6.33,7.82,6.49,8.18,6.69,7,6.35,6.62,6.67,3.5
2010,7,8,2.08,0,3.01,2.76,3.61,1.19,2.99,1.97,2.99,2.82,2.82,2.53,2.75,2.75,0
2010,7,9,21.94,0,0,0,0,0,0,0.1,0,0,0,0,0,0,0
2010,7,10,9.26,0,0,0.42,1.56,0,0,0.53,0.32,0.85,0,0.61,0.52,0,0
2010,7,11,0,6.22,9.05,7.41,8.01,6.43,7.9,6.57,8.26,6.75,7.07,6.41,6.69,6.73,3.61
2010,7,12,1.53,21.83,21.13,16.6,16.59,19.38,16.96,17.78,18.69,14.39,14.99,14.04,14.06,14.03,22.13
2010,7,13,0,0,0,0,0,0,0,0.1,0,0,0,0,0,0,0
2010,7,14,1.14,0,1.27,1.43,2.39,0.19,1.35,1.03,1.47,1.69,1.49,1.43,1.53,1.47,0
2010,7,15,7.99,0.1,0,0.36,1.5,0,0,0.5,0,0.8,0,0.56,0.46,0,0
2010,7,16,2.22,0,0,0,0,0,0,0,0,0,0,0,0,0,0
2010,7,17,0,0,0,0,1.31,0,0,0.41,0,0.6,0,0.37,0,0,0
2010,7,18,0,0,4.22,3.69,4.5,2.08,4.03,2.78,4.05,3.62,3.71,3.31,3.57,3.59,0
2010,7,19,21.75,0,0.35,0.73,1.81,0,0,0.66,0.66,1.12,0.7,0.87,0.83,0.7,0
2010,7,20,0.7,0,2.03,2,2.9,0.56,2.1,1.4,2.12,2.17,2.08,1.9,2.06,2.04,0
2010,7,21,0.4,0,0,0,0,0,0,0,0,0,0,0,0,0,0
2010,7,22,4.33,0,0,0,0,0,0,0.1,0,0,0,0,0,0,0
2010,7,23,11.84,4.65,7.72,6.39,7.05,5.14,6.85,5.46,7.1,5.89,6.16,5.56,5.84,5.88,2.12
2010,7,24,0,1.44,6.02,5.08,5.81,3.59,5.5,4.1,5.62,4.79,4.98,4.47,4.75,4.79,0.62
2010,7,25,0,9.47,8.38,6.9,7.53,5.78,7.37,6.01,7.68,6.32,6.61,5.98,6.26,6.3,2.84
2010,7,26,0,0,0,0,1.24,0,0,0.38,0,0.54,0,0.31,0,0,0
2010,7,27,8.02,0,1.81,1.84,2.76,0.45,1.9,1.29,1.94,2.03,1.91,1.76,1.91,1.88,0
2010,7,28,5.07,4.25,7.43,6.16,6.84,4.87,6.63,5.22,6.85,5.71,5.96,5.37,5.66,5.7,1.83
2010,7,29,0,4.14,5.87,4.96,5.7,3.45,5.38,3.98,5.49,4.69,4.88,4.37,4.65,4.69,0.52
2010,7,30,0.44,8.97,5.29,4.52,5.27,2.95,4.91,3.54,4.98,4.31,4.47,4,4.27,4.31,0.19
2010,7,31,0,0,1.85,1.86,2.78,0.47,1.93,1.31,1.97,2.06,1.94,1.78,1.94,1.91,0
2010,8,1,0,0,0.53,0.94,2.1,0,0,0.79,0.94,1.38,0.86,0.94,1.08,0.96,0
2010,8,2,0,0.1,2.59,2.43,3.48,0.86,2.53,1.71,2.83,2.66,2.62,2.28,2.63,2.65,0
2010,8,3,0,20.24,15.36,12.43,13.72,12.86,13.76,12.24,14.35,11.7,11.71,10.37,11.06,11.43,12.45
2010,8,4,0,0,0,0,1.16,0,0,0.33,0,0.4,0,0,0,0,0
2010,8,5,16.86,0,0,0,0,0,0,0.1,0,0,0,0,0,0,0
2010,8,6,50.79,3.38,5.87,4.98,6.06,3.4,5.57,3.93,5.83,4.97,5.11,4.42,4.92,5.06,0.48
2010,8,7,15.78,0,5.44,4.64,5.71,3.02,5.18,3.6,5.43,4.66,4.79,4.14,4.62,4.75,0.24
2010,8,8,2.33,0.1,9.52,7.85,9.01,6.81,8.78,6.92,9.13,7.56,7.71,6.74,7.34,7.57,3.99
2010,8,9,10.78,0,0,0,0.79,0,0,0.2,0,0,0,0,0,0,0
2010,8,10,8.01,0,0,0,1.44,0,0,0.45,0,0.68,0,0,0,0,0
2010,8,11,0,2.22,6.4,5.39,6.48,3.86,6.04,4.33,6.31,5.34,5.49,4.75,5.27,5.43,0.83
2010,8,12,1.84,1.47,2.26,2.18,3.23,0.66,2.2,1.53,2.52,2.44,2.35,2.06,2.39,2.39,0
2010,8,13,0,0.2,3.63,3.23,4.28,1.58,3.53,2.34,3.78,3.38,3.44,2.96,3.37,3.44,0
2010,8,14,0,0,2.52,2.38,3.43,0.82,2.46,1.67,2.76,2.62,2.57,2.23,2.58,2.6,0
2010,8,15,17.02,0.18,4.01,3.53,4.58,1.87,3.88,2.59,4.13,3.65,3.73,3.21,3.64,3.72,0
2010,8,16,15.85,4.18,7.67,6.4,7.51,5.03,7.16,5.35,7.46,6.25,6.41,5.57,6.12,6.31,1.93
2010,8,17,5.2,0,5.76,4.89,5.97,3.3,5.47,3.84,5.72,4.88,5.03,4.34,4.84,4.97,0.41
2010,8,18,0.25,6.48,12.35,10.07,11.29,9.67,11.2,9.43,11.67,9.57,9.66,8.51,9.16,9.46,7.8
2010,8,19,8.07,7.03,4.38,3.81,4.87,2.15,4.22,2.84,4.47,3.91,4,3.45,3.89,3.98,0
2010,8,20,5.11,3.12,5.93,5.03,6.11,3.45,5.63,3.98,5.89,5.01,5.16,4.45,4.96,5.1,0.51
2010,8,21,11.8,0,4.35,3.79,4.85,2.13,4.19,2.82,4.44,3.89,3.98,3.43,3.88,3.97,0
2010,8,22,2.84,10.53,8.8,7.28,8.42,6.1,8.15,6.29,8.48,7.05,7.2,6.28,6.86,7.08,3.12
2010,8,23,14.07,0.44,6.22,5.26,6.34,3.71,5.88,4.2,6.15,5.22,5.37,4.64,5.16,5.3,0.7
2010,8,24,0,11.35,15.42,12.49,13.78,12.94,13.82,12.3,14.42,11.75,11.75,10.42,11.11,11.48,12.56
2010,8,25,0,0,0.84,1.16,2.29,0,0.69,0.9,1.24,1.56,1.14,1.15,1.34,1.24,0
2010,8,26,0,2.66,3.33,3,4.04,1.36,3.24,2.15,3.5,3.17,3.2,2.76,3.16,3.21,0
2010,8,27,0,6.73,7.94,6.61,7.73,5.28,7.4,5.58,7.71,6.44,6.6,5.74,6.3,6.5,2.2
2010,8,28,0,6.69,5.7,4.85,5.92,3.25,5.41,3.8,5.67,4.84,4.98,4.3,4.8,4.93,0.37
2010,8,29,0,14.29,14.31,11.61,12.88,11.74,12.88,11.25,13.42,10.96,11,9.73,10.4,10.75,10.78
2010,8,30,0,42.83,11.36,9.29,10.5,8.66,10.36,8.54,10.79,8.87,8.99,7.89,8.53,8.81,6.4
2010,8,31,0,0,0,0,0.87,0,0,0.23,0,0,0,0,0,0,0
2010,9,1,0.1,0.34,9.04,7.57,9.02,6.6,8.27,6.7,8.87,7.53,7.82,6.85,7.52,7.65,3.55
2010,9,2,1.6,0,1.71,1.83,3.21,0.49,1.24,1.38,2.1,2.21,1.56,1.56,1.84,1.72,0
2010,9,3,2.99,0,8,6.72,8.15,5.55,7.34,5.76,7.89,6.72,7.01,6.04,6.73,6.86,2.19
2010,9,4,0,4.05,7.29,6.14,7.55,4.86,6.7,5.14,7.21,6.16,6.44,5.49,6.18,6.31,1.38
2010,9,5,0,0,0,0.94,2.49,0,0,0.94,0.95,1.55,0,0.84,0.72,0,0
2010,9,6,0,0.97,10.47,8.74,10.23,8.1,9.54,8.04,10.23,8.66,8.93,7.97,8.61,8.73,5.72
2010,9,7,0,3.85,9.94,8.3,9.78,7.54,9.07,7.53,9.72,8.24,8.52,7.55,8.2,8.33,4.87
2010,9,8,0,0,8.11,6.81,8.23,5.66,7.44,5.85,7.99,6.8,7.09,6.12,6.81,6.94,2.31
2010,9,9,0,34.9,28.65,23.81,25.58,29.89,25.29,27.73,27.54,23.39,22.44,22.73,22.13,21.84,46.64
2010,9,10,2.55,65.53,25.16,20.91,22.65,25.48,22.31,23.73,24.22,20.55,19.9,19.87,19.56,19.38,37.74
2010,9,11,11.12,8.17,9.06,7.58,9.04,6.62,8.29,6.71,8.89,7.55,7.84,6.86,7.53,7.67,3.58
2010,9,12,20.43,4.84,7.05,5.95,7.35,4.63,6.48,4.94,6.99,5.97,6.25,5.31,5.99,6.13,1.14
2010,9,13,17.57,0,3.65,3.24,4.57,1.71,3.32,2.39,3.8,3.44,3.43,2.8,3.35,3.42,0
2010,9,14,5.39,0,5.26,4.5,5.86,3,4.85,3.51,5.3,4.61,4.79,3.96,4.61,4.73,0
2010,9,15,11.59,4.62,6.63,5.61,7,4.23,6.1,4.59,6.59,5.65,5.91,4.99,5.67,5.8,0.75
2010,9,16,4.17,3.53,8.96,7.5,8.96,6.52,8.2,6.62,8.8,7.47,7.76,6.79,7.46,7.59,3.44
2010,9,17,17.1,0,5.89,5.01,6.38,3.55,5.43,3.99,5.89,5.08,5.31,4.43,5.1,5.22,0.22
2010,9,18,17.65,0,0,0,2.04,0,0,0.7,0,1.13,0,0.35,0,0,0
2010,9,19,16.8,0,1.84,1.92,3.29,0.56,1.41,1.43,2.21,2.28,1.73,1.64,1.94,1.84,0
2010,9,20,9.76,0,2.46,2.35,3.69,0.9,2.12,1.71,2.73,2.64,2.34,2.01,2.42,2.41,0
2010,9,21,20.01,0,0,0,1.5,0,0,0.47,0,0.6,0,0,0,0,0
2010,9,22,13.4,0,0,0,1.04,0,0,0.31,0,0,0,0,0,0,0
2010,9,23,0,0.12,6.17,5.23,6.61,3.8,5.68,4.21,6.15,5.3,5.54,4.64,5.31,5.44,0.4
2010,9,24,0,1.24,7.32,6.17,7.57,4.89,6.73,5.17,7.24,6.18,6.47,5.52,6.2,6.34,1.41
2010,9,25,2.16,2.47,10.52,8.78,10.27,8.15,9.58,8.08,10.28,8.7,8.97,8.01,8.64,8.76,5.8
2010,9,26,0.63,3.41,10.34,8.63,10.12,7.96,9.42,7.9,10.1,8.56,8.83,7.86,8.5,8.62,5.5
2010,9,27,0,0,4.66,4.03,5.37,2.49,4.28,3.07,4.74,4.16,4.29,3.52,4.14,4.24,0
2010,9,28,5.25,0,10.11,8.44,9.93,7.72,9.22,7.69,9.89,8.38,8.66,7.69,8.33,8.46,5.15
2010,9,29,0,9.08,13.06,10.87,12.43,10.94,11.82,10.58,12.69,10.73,10.92,10.03,10.56,10.65,10.31
2010,9,30,0,18.72,13.48,11.21,12.78,11.41,12.18,11.01,13.09,11.07,11.23,10.36,10.88,10.95,11.11
2010,10,1,3.78,0,15.4,14.78,15,21.06,15.06,20.53,17.46,14.11,15.17,14.92,14.06,14.59,27.12
2010,10,2,4.92,0,0,0.37,1.52,0,0,0.62,0.14,0.88,0,0.31,0.15,0.25,0
2010,10,3,6.34,0,0,0,0,0,0,0,0,0,0,0,0,0,0
2010,10,4,5.39,0,0,0.62,1.73,0.1,0.57,0.75,0.44,1.06,0.15,0.46,0.39,0.46,0
2010,10,5,0.93,0,1.24,1.44,2.49,0.56,1.66,1.33,1.48,1.73,1.06,1.06,1.19,1.19,0
2010,10,6,3.2,0,2.89,2.71,3.71,1.77,3.11,2.52,3.01,2.84,2.4,2.14,2.41,2.38,0
2010,10,7,4.54,0,4.41,4.03,4.98,3.37,4.52,4.02,4.59,4.04,3.8,3.38,3.68,3.67,0.1
2010,10,8,7,0,0.29,0.87,1.96,0.18,0.94,0.91,0.77,1.25,0.43,0.63,0.64,0.68,0
2010,10,9,1.34,0,0,0.28,1.45,0,0,0.57,0,0.81,0,0.25,0,0.18,0
2010,10,10,9.14,0,0,0,1.22,0,0,0.44,0,0.61,0,0.1,0,0,0
2010,10,11,1.8,0,0,0,1.05,0,0,0.36,0,0.47,0,0,0,0,0
2010,10,12,3.56,0,5.4,4.94,5.84,4.59,5.45,5.16,5.68,4.87,4.75,4.28,4.55,4.56,0.86
2010,10,13,5.8,6.77,13.28,12.64,13.03,17.17,13.01,16.88,14.89,12.08,12.89,12.51,11.98,12.37,20.07
2010,10,14,18.81,12.76,15.85,15.24,15.42,21.91,15.5,21.32,18,14.54,15.66,15.44,14.5,15.06,28.68
2010,10,15,1.75,9.96,17.06,16.49,16.55,24.22,16.67,23.48,19.49,15.72,16.98,16.85,15.7,16.35,32.97
2010,10,16,0,7.82,14.73,14.1,14.37,19.82,14.41,19.36,16.64,13.46,14.45,14.15,13.4,13.88,24.84
2010,10,17,6.23,0,4.08,3.73,4.7,2.99,4.21,3.66,4.24,3.77,3.49,3.1,3.39,3.38,0
2010,10,18,1.5,0,5.46,4.99,5.9,4.67,5.51,5.23,5.75,4.92,4.81,4.33,4.6,4.61,0.93
2010,10,19,2.67,0,5.25,4.8,5.71,4.4,5.31,4.98,5.52,4.74,4.61,4.14,4.42,4.42,0.7
2010,10,20,11.01,0,6.16,5.64,6.51,5.6,6.17,6.1,6.52,5.52,5.49,4.99,5.23,5.26,1.89
2010,10,21,0.83,0.4,6.11,5.6,6.47,5.53,6.12,6.04,6.47,5.48,5.45,4.94,5.18,5.22,1.82
2010,10,22,3.3,1.63,7.23,6.66,7.47,7.13,7.19,7.52,7.74,6.47,6.57,6.04,6.21,6.28,3.79
2010,10,23,1.81,0,11.01,10.36,10.93,13.18,10.82,13.16,12.17,9.93,10.48,10,9.78,10.04,13.14
2010,10,24,7.36,0,14.83,14.2,14.46,20,14.51,19.53,16.76,13.56,14.56,14.27,13.49,13.98,25.17
2010,10,25,1.32,1.43,8.78,8.16,8.88,9.5,8.68,9.73,9.54,7.87,8.15,7.62,7.66,7.8,7.21
2010,10,26,1.02,0.33,6.25,5.73,6.6,5.73,6.26,6.22,6.63,5.6,5.59,5.08,5.31,5.35,2.04
2010,10,27,3.02,0.45,5.28,4.83,5.74,4.44,5.34,5.02,5.55,4.77,4.64,4.17,4.45,4.45,0.73
2010,10,28,3.45,0,1.74,1.79,2.83,0.85,2.08,1.63,1.9,2.03,1.44,1.34,1.53,1.52,0
2010,10,29,2.96,0,3.93,3.6,4.57,2.82,4.06,3.51,4.08,3.64,3.35,2.97,3.27,3.25,0
2010,10,30,1.99,0,5.86,5.36,6.25,5.19,5.88,5.72,6.19,5.26,5.2,4.7,4.96,4.98,1.45
2010,10,31,0.28,0,2.85,2.67,3.68,1.73,3.07,2.48,2.96,2.81,2.37,2.11,2.38,2.35,0
2010,11,1,12.43,0.16,3.33,3.76,3.99,6.04,3.22,6.99,3.89,3.17,2.86,2.29,2.51,2.48,0
2010,11,2,5.69,0,1.82,2.08,2.47,2.62,1.82,3.45,1.99,1.85,1.62,1.19,1.37,1.34,0
2010,11,3,1.45,0,0,0.1,0.35,0.1,0,0.18,0,0.1,0,0,0,0,0
2010,11,4,3.38,0,0,0.17,0.59,0.1,0.1,0.39,0.1,0.28,0.1,0.1,0.1,0.1,0
2010,11,5,0.75,0,0,0,0,0,0,0,0,0,0,0,0,0,0
2010,11,6,0.31,0,0,0,0,0,0,0,0,0,0,0,0,0,0
2010,11,7,0.58,0,1.6,1.85,2.25,2.2,1.61,3,1.72,1.67,1.44,1.04,1.21,1.17,0
2010,11,8,7.07,0.1,3.77,4.28,4.46,7.22,3.64,8.2,4.48,3.57,3.24,2.63,2.87,2.83,0
2010,11,9,7.62,0,7.57,8.89,8.55,19.14,7.21,20.23,9.82,7.13,6.46,5.73,5.98,5.93,0.71
2010,11,10,0.49,0,0.77,1,1.45,0.9,0.84,1.53,0.8,0.98,0.77,0.51,0.63,0.59,0
2010,11,11,0.18,0,4.93,5.65,5.68,10.53,4.72,11.54,6.06,4.63,4.21,3.55,3.79,3.75,0
2010,11,12,0,0,1.13,1.36,1.8,1.41,1.18,2.13,1.19,1.28,1.06,0.74,0.88,0.84,0
2010,11,13,0,0,3.88,4.41,4.58,7.52,3.74,8.5,4.63,3.67,3.33,2.72,2.95,2.92,0
2010,11,14,0.1,0,4.85,5.56,5.6,10.3,4.65,11.32,5.95,4.56,4.15,3.48,3.73,3.69,0
2010,11,15,0.16,3.93,12.8,15.56,14.42,38.78,12.16,40.05,17.66,12.23,10.97,10.29,10.5,10.4,12.01
2010,11,16,1.96,0,3.14,3.55,3.81,5.57,3.05,6.52,3.65,3.01,2.71,2.15,2.37,2.33,0
2010,11,17,0,0,0.97,1.19,1.64,1.17,1.02,1.85,1.01,1.14,0.93,0.63,0.77,0.73,0
2010,11,18,0,0,1.29,1.51,1.94,1.65,1.32,2.4,1.36,1.4,1.18,0.83,0.99,0.95,0
2010,11,19,0,0,3.92,4.45,4.61,7.61,3.77,8.59,4.67,3.7,3.36,2.74,2.98,2.94,0
2010,11,20,0,0,2.93,3.3,3.58,5.04,2.85,5.97,3.36,2.81,2.53,1.99,2.2,2.17,0
2010,11,21,0,0.13,7.19,8.42,8.14,17.83,6.85,18.92,9.27,6.76,6.13,5.41,5.67,5.61,0.35
2010,11,22,0,0,0.71,0.94,1.39,0.82,0.79,1.44,0.74,0.94,0.72,0.48,0.59,0.55,0
2010,11,23,0,0,0,0,0,0,0,0,0,0,0,0,0,0,0
2010,11,24,0,0,0,0,0,0,0,0.1,0,0,0,0,0,0,0
2010,11,25,0,0,1.69,1.93,2.33,2.36,1.69,3.16,1.82,1.74,1.51,1.1,1.27,1.23,0
2010,11,26,0,0,0,0,0.27,0,0,0.12,0,0.1,0,0,0,0,0
2010,11,27,0,0,1.41,1.65,2.06,1.86,1.43,2.63,1.5,1.51,1.29,0.92,1.07,1.04,0
2010,11,28,0,0,0,0.16,0.57,0.1,0,0.37,0.1,0.26,0.1,0.1,0.1,0.1,0
2010,11,29,0,0,0.1,0.37,0.81,0.2,0.22,0.63,0.17,0.46,0.24,0.14,0.21,0.16,0
2010,11,30,0,0,0,0.22,0.64,0.1,0.1,0.44,0.1,0.32,0.11,0.1,0.11,0.1,0
2010,12,1,0,0,1.83,2.54,2.78,5.36,1.96,6.34,2.39,1.93,1.65,0.96,1.2,1.22,0
2010,12,2,0,2.94,18.65,27.08,24.99,88.9,17.59,90.81,27.32,19.4,16.53,9.55,11.78,11.49,13.34
2010,12,3,0,0,6.51,9.14,8.78,25.79,6.37,27.04,9.08,6.7,5.76,3.37,4.17,4.1,0
2010,12,4,0,0,1.46,2.04,2.31,4.04,1.6,4.96,1.88,1.55,1.32,0.76,0.96,0.99,0
2010,12,5,0,0,8.58,12.13,11.48,35.87,8.28,37.24,12.12,8.83,7.58,4.42,5.46,5.36,0
2010,12,6,0,0,3.84,5.32,5.31,13.44,3.86,14.59,5.19,3.95,3.4,2,2.47,2.46,0
2010,12,7,0,0.12,2.56,3.53,3.69,8.13,2.65,9.18,3.39,2.66,2.28,1.34,1.66,1.67,0
2010,12,8,0,0,11.25,16.06,15.06,49.51,10.75,51.13,16.11,11.62,9.95,5.79,7.15,6.99,0.53
2010,12,9,0,0,8.38,11.84,11.22,34.91,8.09,36.21,11.82,8.63,7.4,4.32,5.34,5.24,0
2010,12,10,0,0,2.02,2.8,3.01,6.06,2.13,7.02,2.63,2.11,1.81,1.06,1.32,1.34,0
2010,12,11,0,0,10.18,14.48,13.6,43.98,9.76,45.43,14.5,10.5,8.99,5.24,6.47,6.34,0.1
2010,12,12,0,0,2.08,2.88,3.09,6.29,2.19,7.26,2.72,2.17,1.86,1.09,1.36,1.37,0
2010,12,13,0,0,3.34,4.62,4.68,11.34,3.4,12.44,4.49,3.45,2.97,1.74,2.16,2.16,0
2010,12,14,0,0.37,6.08,8.51,8.21,23.69,5.96,24.94,8.44,6.25,5.38,3.15,3.89,3.84,0
2010,12,15,0,0,7.56,10.65,10.14,30.82,7.33,32.15,10.61,7.77,6.68,3.9,4.82,4.74,0
2010,12,16,0,0.52,7.45,10.49,10,30.32,7.23,31.61,10.45,7.67,6.58,3.85,4.75,4.67,0
2010,12,17,0,0,1.18,1.67,1.96,3.1,1.32,3.98,1.51,1.27,1.07,0.62,0.78,0.81,0
2010,12,18,0,0,8.85,12.54,11.84,37.29,8.53,38.61,12.53,9.12,7.82,4.57,5.64,5.53,0
2010,12,19,0,0,1.1,1.56,1.85,2.85,1.24,3.69,1.4,1.19,1,0.57,0.73,0.76,0
2010,12,20,0,0,2.93,4.04,4.16,9.62,3,10.69,3.9,3.03,2.6,1.53,1.9,1.9,0
2010,12,21,0,0,1.82,2.53,2.76,5.32,1.95,6.3,2.37,1.91,1.64,0.95,1.19,1.21,0
2010,12,22,0,1.16,6.36,8.91,8.56,25.02,6.21,26.23,8.83,6.53,5.61,3.29,4.07,4,0
2010,12,23,0,0,5.9,8.25,7.97,22.85,5.79,24.03,8.16,6.06,5.21,3.06,3.78,3.72,0
2010,12,24,0,0,2.42,3.35,3.51,7.59,2.52,8.58,3.18,2.52,2.15,1.26,1.58,1.58,0
2010,12,25,0,0,7.78,10.97,10.42,31.93,7.53,33.22,10.92,8.01,6.87,4.02,4.96,4.87,0
2010,12,26,0,0,0.38,0.63,0.94,0.85,0.52,1.46,0.5,0.49,0.38,0.2,0.26,0.3,0
2010,12,27,0,0,0,0,0.1,0,0,0.1,0,0,0,0,0,0,0
2010,12,28,0,0.41,0.19,0.38,0.67,0.42,0.31,0.91,0.26,0.29,0.2,0.1,0.14,0.17,0
2010,12,29,0,0,0.11,0.28,0.56,0.27,0.22,0.67,0.17,0.21,0.14,0.1,0.1,0.11,0
2010,12,30,0,0,0.1,0.13,0.38,0.1,0.1,0.38,0.1,0.1,0.1,0.1,0.1,0.1,0
2010,12,31,0,0,1.75,2.43,2.67,5.06,1.87,6,2.26,1.84,1.56,0.91,1.14,1.16,0
2011,1,1,0,0,0,0,0,0,0,0,0,0,0,0,0,0,0
2011,1,2,0,0,0,0,0,0,0,0,0,0,0,0,0,0,0
2011,1,3,0,0,0.42,0.55,0.62,0.74,0.45,1.07,0.58,0.53,0.44,0.27,0.37,0.35,0
2011,1,4,0,0.1,3.48,4.38,4.27,13.95,3.41,13.68,5.13,3.34,3.1,2.46,2.6,2.66,0
2011,1,5,0,0,0,0,0,0,0,0,0,0,0,0,0,0,0
2011,1,6,0,0,0.3,0.4,0.47,0.43,0.32,0.71,0.41,0.4,0.32,0.18,0.27,0.26,0
2011,1,7,0,0,2.36,2.97,2.94,8.56,2.34,8.66,3.43,2.33,2.15,1.66,1.8,1.83,0
2011,1,8,0,0,0.27,0.36,0.43,0.37,0.3,0.64,0.37,0.38,0.3,0.16,0.25,0.23,0
2011,1,9,0,0,1.24,1.57,1.6,3.6,1.25,3.95,1.76,1.3,1.17,0.86,0.98,0.99,0
2011,1,10,0,0,0,0,0,0,0,0,0,0,0,0,0,0,0
2011,1,11,0,0,0.48,0.63,0.69,0.92,0.51,1.26,0.67,0.59,0.5,0.32,0.41,0.4,0
2011,1,12,0,0,1.94,2.44,2.44,6.63,1.93,6.84,2.79,1.95,1.78,1.36,1.49,1.52,0
2011,1,13,0,0,1.15,1.46,1.5,3.28,1.16,3.63,1.63,1.22,1.1,0.8,0.92,0.92,0
2011,1,14,0,0,0,0,0,0,0,0,0,0,0,0,0,0,0
2011,1,15,0,0,0,0,0,0,0,0,0,0,0,0,0,0,0
2011,1,16,0,0,0.62,0.81,0.87,1.36,0.65,1.72,0.87,0.73,0.63,0.42,0.52,0.51,0
2011,1,17,0,0,2.96,3.73,3.65,11.39,2.91,11.3,4.34,2.87,2.66,2.09,2.23,2.28,0
2011,1,18,0,0.2,2.22,2.8,2.77,7.9,2.2,8.04,3.22,2.2,2.03,1.56,1.7,1.72,0
2011,1,19,0,0,1.05,1.33,1.38,2.86,1.07,3.23,1.48,1.13,1.01,0.72,0.84,0.84,0
2011,1,20,0,0,1.91,2.41,2.41,6.5,1.9,6.71,2.75,1.92,1.76,1.34,1.47,1.5,0
2011,1,21,0,0,0.11,0.16,0.22,0.1,0.13,0.23,0.16,0.2,0.14,0.1,0.11,0.1,0
2011,1,22,0,0,2.38,3,2.97,8.65,2.35,8.74,3.46,2.35,2.16,1.68,1.81,1.85,0
2011,1,23,0,0,0.14,0.2,0.26,0.11,0.16,0.29,0.19,0.23,0.17,0.1,0.14,0.12,0
2011,1,24,0,0,0.96,1.22,1.28,2.54,0.98,2.92,1.35,1.05,0.93,0.66,0.78,0.78,0
2011,1,25,0,0,0,0,0,0,0,0,0,0,0,0,0,0,0
2011,1,26,0,0,0,0,0,0,0,0,0,0,0,0,0,0,0
2011,1,27,0,0,0,0,0,0,0,0,0,0,0,0,0,0,0
2011,1,28,0,0,0,0,0,0,0,0,0,0,0,0,0,0,0
2011,1,29,0,0,0.13,0.19,0.25,0.1,0.15,0.28,0.19,0.23,0.16,0.1,0.13,0.12,0
2011,1,30,0,0,0,0,0,0,0,0,0,0,0,0,0,0,0
2011,1,31,0,0,0.12,0.18,0.24,0.1,0.14,0.25,0.17,0.21,0.15,0.1,0.12,0.11,0
2011,2,1,0,0,0,0,0,0,0,0,0,0,0,0,0,0,0
2011,2,2,0,0,0,0,0,0,0,0,0,0,0,0,0,0,0
2011,2,3,0,0,0,0,0,0,0,0,0,0,0,0,0,0,0
2011,2,4,0,0,0,0,0,0,0,0,0,0,0,0,0,0,0
2011,2,5,0,0,1.04,1.4,1.56,1.52,1.14,2.11,1.39,1.25,1.09,0.92,0.98,0.98,0
2011,2,6,0,0.1,2.27,3.27,3.51,5.89,2.57,6.63,3.18,2.72,2.47,2.19,2.26,2.28,0
2011,2,7,0,0,1.41,1.93,2.13,2.66,1.57,3.34,1.9,1.68,1.5,1.29,1.36,1.37,0
2011,2,8,0,0.1,3.31,4.91,5.21,10.35,3.79,11.03,4.74,3.99,3.65,3.3,3.36,3.4,0.78
2011,2,9,0,4.39,2.43,3.53,3.78,6.55,2.76,7.28,3.43,2.92,2.65,2.37,2.43,2.46,0
2011,2,10,0.27,20.83,4,6.04,6.37,13.55,4.61,14.14,5.8,4.85,4.45,4.04,4.11,4.15,1.93
2011,2,11,0,0,0.18,0.23,0.3,0.1,0.19,0.13,0.24,0.26,0.18,0.11,0.15,0.14,0
2011,2,12,0.6,0,0.52,0.66,0.77,0.35,0.56,0.71,0.67,0.64,0.53,0.41,0.46,0.46,0
2011,2,13,0.68,0,4.07,6.14,6.48,13.86,4.69,14.45,5.9,4.92,4.53,4.12,4.18,4.22,2.03
2011,2,14,0.95,0,1.19,1.61,1.79,1.96,1.31,2.6,1.59,1.42,1.25,1.07,1.14,1.14,0
2011,2,15,0,0,0.58,0.73,0.86,0.45,0.62,0.84,0.74,0.7,0.59,0.46,0.52,0.52,0
2011,2,16,0,0,0,0,0,0,0,0,0,0,0,0,0,0,0
2011,2,17,2.23,0,0,0,0,0,0,0,0,0,0,0,0,0,0
2011,2,18,1.18,0,0,0,0,0,0,0,0,0,0,0,0,0,0
2011,2,19,0.81,0,0,0,0,0,0,0,0,0,0,0,0,0,0
2011,2,20,0,0,0,0,0,0,0,0,0,0,0,0,0,0,0
2011,2,21,0,0,0.1,0.1,0.11,0,0.1,0.1,0.1,0.1,0.1,0.1,0.1,0.1,0
2011,2,22,0,0,0,0,0,0,0,0,0,0,0,0,0,0,0
2011,2,23,0,0,0,0,0,0,0,0,0,0,0,0,0,0,0
2011,2,24,0,0,1.61,2.25,2.46,3.37,1.8,4.08,2.2,1.93,1.73,1.5,1.57,1.58,0
2011,2,25,0,5.76,2.62,3.82,4.09,7.34,2.98,8.07,3.7,3.15,2.86,2.56,2.63,2.65,0.1
2011,2,26,0,0,1.22,1.65,1.83,2.04,1.34,2.68,1.63,1.45,1.28,1.09,1.16,1.16,0
2011,2,27,0.1,0.1,3.71,5.58,5.9,12.21,4.27,12.83,5.36,4.5,4.12,3.74,3.8,3.84,1.43
2011,2,28,0,0,1.73,2.44,2.65,3.79,1.94,4.52,2.39,2.08,1.86,1.63,1.7,1.71,0
2011,3,1,0.1,10.95,8.9,8.53,9.09,15.69,7.74,14.85,10.82,7.67,7.71,9.1,8.26,8.35,17.55
2011,3,2,0,1.09,4.45,4.27,4.6,6.62,3.91,6.75,5.24,3.98,3.9,4.32,4.05,4.09,0.1
2011,3,3,0.1,3.06,6.47,6.19,6.61,10.64,5.66,10.31,7.74,5.65,5.62,6.47,5.94,6.01,5.67
2011,3,4,0.1,9.74,7.49,7.16,7.65,12.74,6.53,12.23,9.01,6.51,6.48,7.55,6.9,6.98,10.17
2011,3,5,0,4.2,16.87,16.2,17.22,33.1,14.54,30.31,20.98,14.35,14.57,17.85,15.9,16.1,67.55
2011,3,6,0,0.28,6.41,6.14,6.56,10.51,5.6,10.2,7.67,5.59,5.57,6.4,5.89,5.95,5.42
2011,3,7,0,0,0.44,0.45,0.56,0.25,0.42,0.52,0.47,0.59,0.43,0.34,0.39,0.38,0
2011,3,8,0,0,0.25,0.29,0.37,0.1,0.25,0.29,0.3,0.4,0.29,0.21,0.25,0.24,0
2011,3,9,0,0,0,0,0,0,0,0,0,0,0,0,0,0,0
2011,3,10,0,0,0,0,0,0,0,0,0,0,0,0,0,0,0
2011,3,11,0,0,2.22,2.15,2.36,2.62,1.99,3.03,2.53,2.12,1.98,2.02,1.99,2,0
2011,3,12,3.69,3.89,2.63,2.53,2.74,3.3,2.35,3.62,3.02,2.45,2.33,2.44,2.36,2.38,0
2011,3,13,0.75,0,0,0,0,0,0,0,0,0,0,0,0,0,0
2011,3,14,0,0,0,0,0,0,0,0,0,0.1,0,0,0,0,0
2011,3,15,0,0,0,0,0,0,0,0,0,0,0,0,0,0,0
2011,3,16,7.06,0,0.3,0.33,0.41,0.13,0.29,0.32,0.34,0.45,0.33,0.24,0.29,0.28,0
2011,3,17,0,0,0.25,0.29,0.37,0.1,0.24,0.29,0.29,0.4,0.29,0.21,0.25,0.24,0
2011,3,18,0,0,0,0,0,0,0,0,0,0.1,0,0,0,0,0
2011,3,19,0,0,0,0,0,0,0,0,0,0,0,0,0,0,0
2011,3,20,0.52,0,0.86,0.85,0.97,0.67,0.8,1.02,0.94,0.96,0.81,0.72,0.76,0.76,0
2011,3,21,8.04,2.04,3.1,2.99,3.24,4.09,2.75,4.43,3.59,2.85,2.74,2.92,2.8,2.82,0
2011,3,22,1.71,0,0,0.1,0.1,0,0,0.1,0.1,0.1,0.1,0.1,0.1,0.1,0
2011,3,23,0.36,0,0,0,0.1,0,0,0.1,0,0.1,0,0,0,0,0
2011,3,24,1.61,0.1,1.6,1.57,1.74,1.65,1.45,2.09,1.8,1.6,1.46,1.42,1.44,1.44,0
2011,3,25,3.53,4.84,3.34,3.2,3.45,4.54,2.96,4.77,3.87,3.03,2.93,3.16,3.01,3.04,0
2011,3,26,8.5,6.68,3.24,3.11,3.36,4.35,2.87,4.62,3.76,2.94,2.85,3.06,2.92,2.95,0
2011,3,27,12.46,9.18,3.58,3.42,3.71,4.99,3.17,5.24,4.15,3.25,3.13,3.4,3.23,3.25,0
2011,3,28,1.85,11.69,2.41,2.33,2.54,2.9,2.15,3.3,2.76,2.27,2.15,2.22,2.17,2.18,0
2011,3,29,0.28,0,0.14,0.2,0.28,0.1,0.14,0.22,0.19,0.33,0.21,0.13,0.17,0.16,0
2011,3,30,0,0,0,0.1,0.1,0,0,0.1,0.1,0.1,0.1,0.1,0.1,0.1,0
2011,3,31,0,0,0,0,0,0,0,0,0,0,0,0,0,0,0
2011,4,1,0,0,0,0,0,0,0,0,0,0,0,0,0,0,0
2011,4,2,0,0,1.03,0.95,1.38,0.45,0.97,1.1,1.1,1.12,1.01,0.78,0.86,0.9,0
2011,4,3,0,0,0,0,0.1,0,0,0.1,0,0.1,0.1,0,0,0,0
2011,4,4,0,0,0.1,0.24,0.53,0.1,0.1,0.38,0.24,0.43,0.32,0.15,0.18,0.2,0
2011,4,5,0,0.1,2.7,2.44,3.04,1.96,2.55,2.83,2.74,2.47,2.36,2.06,2.17,2.25,0
2011,4,6,0,0,0,0,0,0,0,0.1,0,0.1,0,0,0,0,0
2011,4,7,0,0,0,0,0.1,0,0,0.1,0,0.1,0,0,0,0,0
2011,4,8,0.8,0,0.64,0.67,1.01,0.16,0.61,0.68,0.77,0.82,0.75,0.54,0.6,0.63,0
2011,4,9,0,0,1.63,1.51,1.98,0.88,1.54,1.64,1.71,1.61,1.53,1.25,1.35,1.41,0
2011,4,10,0,0,2.21,1.95,2.51,1.49,2.08,2.27,2.21,2.04,1.92,1.64,1.75,1.82,0
2011,4,11,0,0,2.76,2.49,3.08,2,2.6,2.87,2.79,2.51,2.4,2.09,2.21,2.29,0
2011,4,12,1.36,0,0.47,0.55,0.87,0.1,0.44,0.6,0.61,0.71,0.62,0.43,0.48,0.51,0
2011,4,13,0,0,0,0,0,0,0,0.1,0,0,0,0,0,0,0
2011,4,14,0,0,2.47,2.24,2.83,1.77,2.33,2.61,2.51,2.3,2.18,1.87,1.98,2.06,0
2011,4,15,0,0.98,0.16,0.33,0.63,0.1,0.15,0.44,0.35,0.51,0.41,0.24,0.27,0.29,0
2011,4,16,0.26,0,0.99,0.92,1.33,0.42,0.93,1.06,1.07,1.09,0.99,0.76,0.84,0.88,0
2011,4,17,15.81,0.4,0,0,0,0,0,0.1,0,0,0,0,0,0,0
2011,4,18,6.84,0,1.58,1.47,1.93,0.82,1.49,1.6,1.66,1.57,1.49,1.22,1.31,1.37,0
2011,4,19,9.78,0,0.99,0.92,1.33,0.42,0.93,1.05,1.06,1.08,0.98,0.76,0.83,0.87,0
2011,4,20,1.01,1.5,2.8,2.52,3.12,2.05,2.64,2.91,2.83,2.54,2.43,2.12,2.24,2.32,0
2011,4,21,0,0.1,4.68,4.13,4.85,4.38,4.4,4.99,4.59,3.95,3.81,3.52,3.64,3.76,0
2011,4,22,0,0,2.44,2.2,2.79,1.74,2.3,2.57,2.47,2.28,2.15,1.84,1.95,2.03,0
2011,4,23,0.1,0,0,0,0.1,0,0,0.1,0,0.1,0,0,0,0,0
2011,4,24,10.33,0,0,0,0.1,0,0,0.1,0,0.1,0.1,0,0,0,0
2011,4,25,3.03,0,0.1,0.13,0.42,0,0.1,0.3,0.11,0.34,0.22,0.1,0.1,0.1,0
2011,4,26,0.1,0,0,0.1,0.1,0,0,0.1,0,0.1,0.1,0,0,0,0
2011,4,27,1.46,0,0.61,0.65,0.98,0.14,0.58,0.67,0.74,0.8,0.72,0.52,0.58,0.61,0
2011,4,28,0,0,3.38,2.97,3.58,2.78,3.18,3.52,3.34,2.92,2.82,2.53,2.65,2.74,0
2011,4,29,0,3.89,7.28,6.49,7.44,7.89,6.86,8.4,7.13,6.07,5.8,5.57,5.67,5.84,1.66
2011,4,30,0,3.31,9.67,8.58,9.64,11.45,9.1,11.39,9.38,7.86,7.53,7.4,7.46,7.69,7.02
2011,5,1,0,0,7,6.59,6.94,5.7,6.73,5.94,7.05,6.21,6.49,5.48,5.88,6.23,0.74
2011,5,2,1.51,0,0,0.55,1.07,0,0,0.61,0.61,0.83,0.42,0.35,0.51,0.38,0
2011,5,3,0,0,3.62,3.38,3.98,2.14,3.65,2.79,3.79,3.4,3.43,2.82,3.17,3.28,0
2011,5,4,0.63,0,3.29,3.08,3.68,1.85,3.34,2.53,3.49,3.12,3.15,2.58,2.91,3,0
2011,5,5,1.59,0,1.28,1.43,2.01,0.39,1.44,1.16,1.65,1.63,1.4,1.15,1.37,1.33,0
2011,5,6,2.09,0,1.75,1.79,2.39,0.7,1.89,1.45,2.07,1.96,1.8,1.47,1.73,1.71,0
2011,5,7,0,2.98,4.29,4,4.56,2.77,4.27,3.35,4.44,3.94,4.04,3.35,3.71,3.87,0
2011,5,8,0,25.13,11.44,11.11,10.92,11.3,10.69,10.81,11.41,10.13,10.56,9.12,9.5,10.17,7.6
2011,5,9,0,0.19,10.66,10.28,10.19,10.27,10,9.92,10.63,9.4,9.84,8.46,8.85,9.47,6.07
2011,5,10,0,16.29,12.77,12.49,12.1,13.11,11.88,12.37,12.72,11.31,11.79,10.22,10.59,11.36,10.25
2011,5,11,0,8.88,6.21,5.83,6.26,4.79,6.02,5.15,6.27,5.56,5.76,4.84,5.23,5.53,0.1
2011,5,12,0,3.55,5.27,4.94,5.44,3.76,5.17,4.23,5.4,4.78,4.94,4.12,4.51,4.73,0
2011,5,13,0,0.76,5.92,5.52,5.98,4.47,5.75,4.86,5.99,5.29,5.5,4.61,5,5.28,0.1
2011,5,14,0,0.1,6.62,6.24,6.63,5.25,6.39,5.53,6.7,5.91,6.15,5.19,5.59,5.9,0.38
2011,5,15,0.34,0,0,0.29,0.79,0,0,0.45,0,0.59,0,0,0,0,0
2011,5,16,5.92,0,0,0.56,1.07,0,0,0.61,0.62,0.83,0.43,0.36,0.51,0.39,0
2011,5,17,0,4.85,9.22,8.83,8.93,8.42,8.72,8.3,9.23,8.16,8.53,7.29,7.69,8.2,3.65
2011,5,18,1.07,0,3.06,2.88,3.49,1.65,3.12,2.34,3.27,2.94,2.94,2.41,2.73,2.8,0
2011,5,19,0.88,1.31,5.11,4.78,5.29,3.59,5.02,4.09,5.23,4.64,4.77,3.98,4.36,4.57,0
2011,5,20,0.1,0,3.63,3.39,3.99,2.15,3.66,2.8,3.8,3.41,3.44,2.83,3.18,3.29,0
2011,5,21,0,1.65,5.96,5.56,6.02,4.52,5.79,4.9,6.04,5.33,5.54,4.65,5.04,5.32,0.1
2011,5,22,0,0.68,3.83,3.59,4.17,2.32,3.84,2.96,4,3.58,3.63,3,3.35,3.46,0
2011,5,23,0,2.68,6.78,6.39,6.76,5.45,6.53,5.71,6.85,6.04,6.3,5.31,5.71,6.04,0.53
2011,5,24,0,0,3.95,3.7,4.28,2.43,3.95,3.05,4.13,3.68,3.74,3.09,3.45,3.58,0
2011,5,25,4.48,11.43,13.97,13.74,13.16,14.76,12.93,13.81,13.89,12.38,12.89,11.21,11.57,12.42,12.79
2011,5,26,0,3.47,8.82,8.43,8.58,7.89,8.36,7.87,8.83,7.82,8.15,6.96,7.36,7.83,3.02
2011,5,27,0,20.34,10.2,9.85,9.82,9.67,9.6,9.4,10.2,9.04,9.43,8.1,8.5,9.08,5.32
2011,5,28,0,0,7.29,6.87,7.2,6.04,6.99,6.24,7.32,6.48,6.75,5.7,6.11,6.48,1.01
2011,5,29,0.59,0,7.51,7.11,7.42,6.3,7.19,6.48,7.55,6.68,6.95,5.89,6.29,6.67,1.22
2011,5,30,0,17.06,14.47,14.21,13.58,15.45,13.37,14.43,14.36,12.8,13.33,11.6,11.95,12.85,13.85
2011,5,31,0,6.39,4.86,4.52,5.06,3.34,4.79,3.86,4.97,4.41,4.54,3.77,4.15,4.35,0
2011,6,1,0,3.91,6.24,5.7,6.64,4.35,5.89,4.67,6.14,5.43,5.63,4.86,5.18,5.34,1.29
2011,6,2,0,0,1.13,1.26,1.78,0.2,1.36,0.94,1.29,1.64,1.19,1.19,1.41,1.28,0
2011,6,3,2.47,0,0,0,0,0,0,0,0,0,0,0,0,0,0
2011,6,4,0,0,0,0,0,0,0,0.1,0,0,0,0,0,0,0
2011,6,5,4.21,3.44,5.17,4.74,5.57,3.3,4.98,3.74,5.12,4.6,4.71,4.09,4.41,4.51,0.31
2011,6,6,0,0.19,3.16,2.97,3.61,1.52,3.23,2.16,3.2,3.08,2.97,2.63,2.93,2.93,0
2011,6,7,0,0,2.67,2.54,3.14,1.14,2.78,1.82,2.73,2.71,2.54,2.27,2.56,2.53,0
2011,6,8,0,0,2.83,2.68,3.29,1.26,2.93,1.93,2.89,2.83,2.68,2.39,2.68,2.66,0
2011,6,9,0,7.01,7.31,6.66,7.72,5.46,6.79,5.65,7.17,6.26,6.54,5.64,5.96,6.17,2.68
2011,6,10,22.51,6.28,2.21,2.15,2.72,0.82,2.37,1.52,2.3,2.38,2.14,1.94,2.22,2.16,0
2011,6,11,0,0.17,1.95,1.92,2.48,0.65,2.13,1.36,2.05,2.19,1.91,1.76,2.02,1.95,0
2011,6,12,3.69,26.7,4.95,4.54,5.35,3.08,4.78,3.55,4.91,4.43,4.51,3.92,4.24,4.33,0.18
2011,6,13,2.78,0,1.87,1.86,2.41,0.6,2.06,1.32,1.98,2.13,1.84,1.7,1.96,1.88,0
2011,6,14,5.36,0,3.83,3.55,4.25,2.07,3.81,2.65,3.83,3.58,3.54,3.11,3.42,3.45,0
2011,6,15,20.96,1.59,4.92,4.52,5.32,3.06,4.76,3.53,4.88,4.41,4.49,3.9,4.22,4.31,0.16
2011,6,16,27.51,1.93,3.97,3.68,4.39,2.2,3.94,2.77,3.97,3.69,3.67,3.22,3.53,3.57,0
2011,6,17,22.3,6.16,10.69,9.73,11.16,9.22,9.6,8.95,10.41,8.9,9.43,8.1,8.36,8.75,8.58
2011,6,18,2.04,20.7,16.04,14.63,16.7,15.64,13.97,14.6,15.56,13.11,13.97,12,12.12,12.79,20.43
2011,6,19,0,43.63,27.97,25.6,29.12,30.92,23.52,28.06,27,22.51,24.03,20.63,20.34,21.66,51.22
2011,6,20,0,22.29,13.1,11.93,13.66,12.06,11.58,11.45,12.73,10.8,11.48,9.86,10.06,10.58,13.68
2011,6,21,0,15.33,7.73,7.05,8.15,5.91,7.15,6.05,7.58,6.59,6.9,5.95,6.26,6.49,3.31
2011,6,22,0,8.44,9.2,8.37,9.64,7.52,8.37,7.46,8.98,7.74,8.16,7.02,7.31,7.62,5.77
2011,6,23,0,2.42,2.12,2.07,2.64,0.76,2.29,1.47,2.21,2.31,2.06,1.88,2.15,2.09,0
2011,6,24,2.15,0,0,0,0,0,0,0,0,0,0,0,0,0,0
2011,6,25,0,0,0,0,0,0,0,0,0,0,0,0,0,0,0
2011,6,26,0,3.52,6.43,5.87,6.84,4.55,6.05,4.85,6.33,5.58,5.79,5.01,5.32,5.49,1.52
2011,6,27,0,10.86,9.31,8.48,9.76,7.65,8.46,7.57,9.09,7.82,8.25,7.1,7.39,7.7,5.97
2011,6,28,0,0,7.93,7.22,8.34,6.12,7.31,6.23,7.76,6.74,7.07,6.09,6.4,6.64,3.61
2011,6,29,0,8.67,9.01,8.2,9.45,7.31,8.21,7.27,8.8,7.59,8,6.88,7.17,7.47,5.42
2011,6,30,0,19.79,17.15,15.64,17.84,17.01,14.86,15.81,16.61,13.98,14.9,12.8,12.88,13.62,23.12
2011,7,1,6.98,11.86,10.24,8.32,8.86,7.61,8.81,7.59,9.29,7.51,7.86,7.16,7.43,7.47,5.09
2011,7,2,0,8.07,5.69,4.83,5.57,3.3,5.24,3.85,5.33,4.58,4.75,4.25,4.53,4.57,0.41
2011,7,3,2.11,0.1,1.31,1.46,2.42,0.2,1.39,1.04,1.5,1.71,1.51,1.45,1.55,1.5,0
2011,7,4,8.19,5.48,6.83,5.71,6.4,4.32,6.15,4.74,6.33,5.32,5.55,4.99,5.27,5.32,1.27
2011,7,5,6.32,0.24,3.97,3.5,4.31,1.88,3.81,2.6,3.83,3.45,3.52,3.14,3.39,3.42,0
2011,7,6,0.6,8.46,8.93,7.32,7.92,6.31,7.8,6.47,8.16,6.68,6.98,6.33,6.61,6.65,3.47
2011,7,7,0,7.09,6.4,5.37,6.09,3.93,5.81,4.39,5.95,5.04,5.25,4.71,4.99,5.03,0.91
2011,7,8,0,10.11,13.92,11.13,11.49,11.42,11.6,10.9,12.48,9.85,10.31,9.5,9.7,9.72,10.3
2011,7,9,0.12,13.5,11.88,9.57,10.04,9.28,10.06,9.05,10.71,8.56,8.96,8.21,8.45,8.48,7.32
2011,7,10,0,14.15,15.89,12.63,12.9,13.56,13.08,12.75,14.18,11.1,11.6,10.75,10.91,10.92,13.39
2011,7,11,0,3.05,7.01,5.84,6.53,4.48,6.29,4.88,6.49,5.43,5.67,5.1,5.39,5.43,1.43
2011,7,12,2.63,0.64,0.9,1.16,2.16,0.1,0.97,0.87,1.16,1.47,1.18,1.21,1.27,1.17,0
2011,7,13,0,5.65,6.78,5.67,6.37,4.27,6.11,4.7,6.29,5.29,5.51,4.96,5.24,5.28,1.23
2011,7,14,0,13.06,10.48,8.5,9.04,7.85,9,7.81,9.5,7.67,8.03,7.32,7.58,7.62,5.41
2011,7,15,0,0.49,2.42,2.3,3.19,0.8,2.46,1.62,2.47,2.43,2.38,2.15,2.34,2.33,0
2011,7,16,0,0.28,1.06,1.28,2.26,0.1,1.14,0.94,1.3,1.57,1.32,1.31,1.38,1.31,0
2011,7,17,0,0,0,0,0.71,0,0,0.18,0,0,0,0,0,0,0
2011,7,18,0,1.22,6.92,5.77,6.47,4.4,6.22,4.81,6.41,5.38,5.61,5.05,5.33,5.37,1.35
2011,7,19,0,0,0,0.35,1.49,0,0,0.5,0,0.79,0,0.55,0.45,0,0
2011,7,20,0.68,0,0,0,0,0,0,0.1,0,0,0,0,0,0,0
2011,7,21,0.1,0,2.71,2.53,3.39,0.98,2.72,1.79,2.73,2.62,2.6,2.34,2.54,2.54,0
2011,7,22,0,4.86,6.46,5.42,6.13,3.99,5.86,4.45,6.01,5.08,5.29,4.75,5.04,5.08,0.96
2011,7,23,1.86,0,2.66,2.48,3.35,0.95,2.67,1.76,2.68,2.58,2.56,2.3,2.5,2.5,0
2011,7,24,9.78,0,3.86,3.41,4.23,1.8,3.72,2.52,3.73,3.37,3.45,3.07,3.32,3.34,0
2011,7,25,5.36,0,2.31,2.22,3.11,0.73,2.36,1.56,2.38,2.36,2.3,2.08,2.26,2.25,0
2011,7,26,1.66,0.38,8.56,7.03,7.66,5.95,7.51,6.16,7.84,6.44,6.73,6.1,6.38,6.42,3.04
2011,7,27,0.34,0,4.31,3.76,4.56,2.15,4.1,2.84,4.13,3.67,3.77,3.37,3.63,3.65,0
2011,7,28,0,0,1.9,1.9,2.82,0.5,1.98,1.33,2.02,2.09,1.98,1.82,1.97,1.95,0
2011,7,29,9.86,0,0,0,0.88,0,0,0.24,0,0,0,0,0,0,0
2011,7,30,0.47,0,0,0,0.87,0,0,0.24,0,0,0,0,0,0,0
2011,7,31,3.7,0,0.8,1.09,2.09,0.1,0.86,0.83,1.07,1.41,1.1,1.15,1.19,1.09,0
2011,8,1,0,36.75,27.6,22.05,23.59,26.65,24.02,24.42,25.21,20.34,19.82,17.87,18.63,19.26,34.5
2011,8,2,12.43,17.17,12.55,10.23,11.46,9.88,11.38,9.62,11.85,9.71,9.8,8.63,9.29,9.59,8.09
2011,8,3,7.73,0,0,0,1.4,0,0,0.43,0,0.64,0,0,0,0,0
2011,8,4,12.48,0,0.54,0.95,2.11,0,0,0.8,0.95,1.38,0.87,0.95,1.1,0.98,0
2011,8,5,17.62,12.33,8.06,6.7,7.82,5.39,7.5,5.67,7.81,6.52,6.68,5.81,6.38,6.58,2.32
2011,8,6,10.5,1.51,1.98,1.97,3.03,0.5,1.92,1.38,2.27,2.25,2.13,1.88,2.18,2.17,0
2011,8,7,20.27,2.32,0,0.41,1.67,0,0,0.56,0,0.93,0,0.44,0,0,0
2011,8,8,25.56,24.14,15.64,12.65,13.95,13.16,14,12.5,14.6,11.9,11.9,10.55,11.24,11.62,12.9
2011,8,9,7.38,0,9.68,7.97,9.13,6.96,8.91,7.05,9.27,7.67,7.82,6.83,7.44,7.68,4.17
2011,8,10,0,4.37,6.48,5.46,6.54,3.93,6.11,4.4,6.38,5.4,5.55,4.8,5.33,5.48,0.88
2011,8,11,0,0,13.48,10.96,12.21,10.86,12.17,10.48,12.68,10.37,10.44,9.21,9.88,10.21,9.5
2011,8,12,2.19,0,0,0,0,0,0,0,0,0,0,0,0,0,0
2011,8,13,2.02,0,12.19,9.95,11.16,9.51,11.07,9.29,11.53,9.46,9.56,8.41,9.06,9.36,7.57
2011,8,14,0.81,3.74,17.78,14.34,15.68,15.51,15.81,14.57,16.51,13.41,13.33,11.87,12.58,13.01,16.49
2011,8,15,23.66,16.52,13.78,11.19,12.45,11.18,12.42,10.75,12.95,10.58,10.64,9.4,10.07,10.4,9.95
2011,8,16,21.14,28.57,14.54,11.79,13.07,11.99,13.07,11.47,13.63,11.12,11.16,9.87,10.55,10.9,11.14
2011,8,17,33.84,24.8,14.37,11.66,12.93,11.8,12.92,11.31,13.47,11,11.04,9.76,10.44,10.79,10.87
2011,8,18,4.25,29.23,31.8,26.1,27.09,31.55,27.46,28.8,28.96,23.31,22.55,20.43,21.18,21.89,42.7
2011,8,19,5.58,0,2.89,2.66,3.7,1.06,2.82,1.88,3.1,2.87,2.86,2.47,2.84,2.88,0
2011,8,20,19.59,0,0,0,0.63,0,0,0.15,0,0,0,0,0,0,0
2011,8,21,0.36,0,0.47,0.89,2.07,0,0,0.77,0.88,1.34,0.8,0.89,1.03,0.91,0
2011,8,22,0.22,4.02,7.04,5.9,7,4.44,6.61,4.84,6.89,5.8,5.96,5.16,5.7,5.88,1.34
2011,8,23,0.14,0,0,0.47,1.73,0,0,0.59,0,0.99,0,0.5,0.57,0,0
2011,8,24,5.44,0,0.97,1.25,2.37,0.1,0.83,0.95,1.36,1.63,1.26,1.23,1.45,1.36,0
2011,8,25,10.02,3.92,3.74,3.32,4.36,1.66,3.63,2.41,3.88,3.46,3.52,3.03,3.45,3.52,0
2011,8,26,10.74,0,0,0,1.57,0,0,0.51,0,0.81,0,0,0,0,0
2011,8,27,9.65,1.02,1.82,1.85,2.92,0.41,1.76,1.31,2.12,2.15,1.99,1.77,2.07,2.05,0
2011,8,28,0,5.89,1.73,1.79,2.86,0.36,1.66,1.26,2.04,2.09,1.92,1.72,2,1.98,0
2011,8,29,0,0,0,0,0,0,0,0.1,0,0,0,0,0,0,0
2011,8,30,2.39,1.88,3.7,3.29,4.33,1.63,3.59,2.39,3.85,3.43,3.49,3.01,3.42,3.49,0
2011,8,31,0,0,0.69,1.06,2.2,0,0.54,0.85,1.09,1.47,1.01,1.05,1.22,1.11,0
2011,9,1,0.99,0,0,0,0,0,0,0.16,0,0,0,0,0,0,0
2011,9,2,0,2,3.46,3.1,4.43,1.57,3.14,2.27,3.63,3.31,3.26,2.67,3.2,3.26,0
2011,9,3,6.72,0,4.49,3.89,5.24,2.36,4.13,2.95,4.58,4.04,4.15,3.4,4.01,4.11,0
2011,9,4,2.58,0,4.85,4.18,5.53,2.65,4.47,3.21,4.92,4.31,4.46,3.66,4.29,4.4,0
2011,9,5,3.03,0,6.08,5.16,6.54,3.72,5.6,4.14,6.07,5.23,5.47,4.57,5.24,5.37,0.34
2011,9,6,12.94,0,3.01,2.75,4.09,1.25,2.69,2.01,3.22,3,2.85,2.36,2.84,2.88,0
2011,9,7,6.02,5.24,3.68,3.26,4.59,1.73,3.35,2.41,3.83,3.46,3.45,2.82,3.37,3.44,0
2011,9,8,6.51,27.89,18.57,15.43,17.09,17.37,16.62,16.38,17.94,15.18,15.05,14.48,14.68,14.66,21.91
2011,9,9,10.05,30.66,15.83,13.16,14.77,14.12,14.24,13.45,15.33,12.96,13,12.25,12.64,12.68,15.89
2011,9,10,14.16,0.54,5.96,5.07,6.44,3.62,5.49,4.05,5.96,5.14,5.37,4.49,5.15,5.28,0.27
2011,9,11,34.24,0,6.06,5.15,6.52,3.71,5.59,4.13,6.06,5.22,5.45,4.56,5.23,5.36,0.33
2011,9,12,27.07,0.23,4.71,4.07,5.42,2.54,4.34,3.11,4.79,4.2,4.34,3.56,4.18,4.29,0
2011,9,13,12.08,0,4.35,3.79,5.12,2.25,4,2.85,4.45,3.94,4.03,3.3,3.9,4,0
2011,9,14,0.57,0,6.34,5.38,6.76,3.97,5.84,4.36,6.32,5.43,5.68,4.77,5.45,5.58,0.53
2011,9,15,2.37,0,9.7,8.11,9.58,7.29,8.86,7.31,9.5,8.05,8.34,7.37,8.02,8.15,4.52
2011,9,16,0,26.38,13.34,11.1,12.66,11.25,12.06,10.86,12.96,10.95,11.12,10.25,10.77,10.85,10.83
2011,9,17,8.69,0,1.79,1.88,3.26,0.53,1.34,1.41,2.16,2.25,1.66,1.61,1.89,1.79,0
2011,9,18,12.12,0,5.32,4.55,5.91,3.05,4.9,3.55,5.35,4.65,4.84,4,4.65,4.77,0.1
2011,9,19,6.61,6.09,5.08,4.36,5.71,2.84,4.68,3.37,5.13,4.47,4.64,3.83,4.47,4.58,0
2011,9,20,0.93,1.15,5.7,4.86,6.22,3.38,5.25,3.84,5.71,4.94,5.16,4.29,4.95,5.08,0.13
2011,9,21,8,16.43,15,12.48,14.07,13.16,13.52,12.58,14.54,12.3,12.38,11.59,12.02,12.07,14.17
2011,9,22,0,0,0,0,1.11,0,0,0.33,0,0,0,0,0,0,0
2011,9,23,0,0,4.03,3.53,4.87,1.99,3.69,2.64,4.15,3.71,3.76,3.07,3.65,3.73,0
2011,9,24,12.4,0,2.21,2.17,3.52,0.76,1.84,1.59,2.52,2.49,2.1,1.85,2.22,2.18,0
2011,9,25,46.97,0,1.16,1.5,2.92,0.25,0,1.19,1.68,1.95,0.99,1.29,1.43,1.18,0
2011,9,26,8.06,0,0,0.99,2.53,0,0,0.96,1.02,1.59,0,0.89,0.78,0,0
2011,9,27,8.73,0,3.75,3.32,4.65,1.78,3.42,2.45,3.89,3.51,3.51,2.87,3.43,3.5,0
2011,9,28,18.85,0,0,0,0,0,0,0.1,0,0,0,0,0,0,0
2011,9,29,18.49,0,0.7,1.22,2.69,0.1,0,1.05,1.29,1.73,0,1.05,1.03,0,0
2011,9,30,0.2,0,5.9,5.02,6.39,3.57,5.44,4,5.9,5.1,5.32,4.44,5.11,5.24,0.23
2011,10,1,12.28,0,2.08,2.05,3.08,1.1,2.38,1.87,2.22,2.26,1.71,1.56,1.78,1.76,0
2011,10,2,13.81,0,4.13,3.78,4.74,3.05,4.26,3.72,4.3,3.81,3.54,3.14,3.44,3.42,0
2011,10,3,3.88,2.21,7.43,6.85,7.65,7.42,7.38,7.79,7.97,6.64,6.77,6.24,6.39,6.47,4.18
2011,10,4,8.93,0.66,7.13,6.56,7.38,6.97,7.09,7.38,7.62,6.37,6.46,5.93,6.11,6.18,3.58
2011,10,5,19.4,1.51,8.43,7.82,8.56,8.95,8.34,9.21,9.12,7.54,7.79,7.25,7.32,7.45,6.37
2011,10,6,31.34,0,4.34,3.97,4.92,3.28,4.45,3.94,4.52,3.98,3.73,3.32,3.62,3.61,0.1
2011,10,7,4.6,0,3.83,3.52,4.49,2.71,3.98,3.41,3.98,3.57,3.26,2.89,3.19,3.16,0
2011,10,8,6.41,0,0,0,0.93,0,0,0.31,0,0.38,0,0,0,0,0
2011,10,9,4.19,0,7.47,6.88,7.69,7.47,7.42,7.84,8.01,6.68,6.81,6.27,6.43,6.51,4.25
2011,10,10,6.52,0,2.1,2.06,3.09,1.11,2.39,1.88,2.23,2.27,1.73,1.57,1.79,1.77,0
2011,10,11,19.2,0,3.28,3.04,4.03,2.14,3.46,2.87,3.4,3.13,2.75,2.44,2.73,2.7,0
2011,10,12,25.01,0,2.96,2.76,3.76,1.83,3.17,2.57,3.07,2.89,2.46,2.19,2.46,2.44,0
2011,10,13,27.32,0,4.79,4.37,5.31,3.82,4.87,4.44,5.01,4.35,4.16,3.72,4.01,4.01,0.28
2011,10,14,2.25,5.92,12.78,12.14,12.57,16.28,12.54,16.05,14.29,11.6,12.36,11.96,11.5,11.86,18.5
2011,10,15,0,14.37,13.52,12.88,13.25,17.61,13.25,17.29,15.18,12.31,13.15,12.78,12.21,12.62,20.85
2011,10,16,0,18.52,9.56,8.93,9.6,10.76,9.43,10.9,10.45,8.59,8.97,8.44,8.4,8.57,9.17
2011,10,17,29.81,5.5,17.13,16.56,16.62,24.35,16.74,23.61,19.58,15.79,17.06,16.93,15.77,16.42,33.22
2011,10,18,25.43,47.71,33.55,33.72,32.09,58.07,32.69,55.38,40.1,32.13,35.35,36.94,32.42,34.37,99.29
2011,10,19,11.29,10.41,9.36,8.72,9.41,10.42,9.23,10.58,10.21,8.39,8.75,8.22,8.2,8.37,8.63
2011,10,20,13.91,15.64,10.13,9.48,10.11,11.69,9.97,11.76,11.12,9.11,9.55,9.04,8.93,9.14,10.66
2011,10,21,0,0.29,7.54,6.96,7.75,7.58,7.49,7.94,8.09,6.74,6.88,6.35,6.49,6.58,4.41
2011,10,22,0,0,4.54,4.14,5.09,3.51,4.63,4.16,4.73,4.14,3.92,3.49,3.79,3.78,0.11
2011,10,23,0,0.1,5.24,4.79,5.7,4.38,5.3,4.96,5.5,4.73,4.59,4.12,4.41,4.41,0.68
2011,10,24,0,0,3.79,3.48,4.45,2.67,3.94,3.37,3.93,3.53,3.22,2.86,3.15,3.13,0
2011,10,25,0.1,0,0.56,1.03,2.11,0.27,1.15,1.02,0.97,1.38,0.61,0.74,0.8,0.82,0
2011,10,26,3.22,0,1.59,1.68,2.72,0.76,1.95,1.53,1.77,1.93,1.32,1.25,1.43,1.42,0
2011,10,27,0.69,0,0,0.47,1.61,0.1,0.38,0.67,0.27,0.95,0,0.37,0.25,0.34,0
2011,10,28,1.29,1.03,5.9,5.4,6.29,5.25,5.93,5.78,6.24,5.3,5.24,4.75,5,5.02,1.51
2011,10,29,0,0,4.12,3.77,4.73,3.03,4.24,3.71,4.28,3.8,3.52,3.13,3.43,3.41,0
2011,10,30,0,0,0,0.51,1.65,0.1,0.43,0.69,0.31,0.98,0,0.39,0.29,0.37,0
2011,10,31,2.6,0,2.97,2.77,3.77,1.84,3.18,2.59,3.09,2.9,2.48,2.2,2.47,2.45,0
2011,11,1,0,0,1.57,1.81,2.22,2.15,1.58,2.94,1.69,1.64,1.42,1.02,1.19,1.15,0
2011,11,2,1.2,1.49,8.44,9.98,9.52,22.22,8.03,23.34,11.1,7.97,7.21,6.47,6.72,6.66,1.91
2011,11,3,3.07,1.56,7.16,8.38,8.1,17.74,6.83,18.82,9.23,6.74,6.11,5.39,5.64,5.59,0.33
2011,11,4,0.6,3.64,12.73,15.48,14.34,38.51,12.09,39.77,17.55,12.16,10.91,10.23,10.43,10.34,11.81
2011,11,5,2.92,3.18,10.21,12.23,11.49,28.73,9.7,29.92,13.73,9.69,8.73,8,8.24,8.16,5.4
2011,11,6,0.9,1.29,9.76,11.65,10.99,27.05,9.28,28.21,13.06,9.25,8.34,7.61,7.85,7.78,4.41
2011,11,7,1.28,0,3.23,3.65,3.89,5.79,3.13,6.73,3.75,3.08,2.78,2.21,2.43,2.4,0
2011,11,8,0,0,1.46,1.7,2.11,1.95,1.48,2.73,1.56,1.55,1.33,0.95,1.11,1.07,0
2011,11,9,0,0,3.02,3.41,3.68,5.27,2.93,6.2,3.48,2.9,2.61,2.06,2.27,2.24,0
2011,11,10,0,0,3.43,3.88,4.1,6.3,3.32,7.26,4.02,3.26,2.95,2.37,2.59,2.56,0
2011,11,11,0.4,0,3.55,4.01,4.22,6.61,3.43,7.58,4.18,3.37,3.05,2.46,2.69,2.65,0
2011,11,12,0.37,1.67,14.42,17.68,16.28,45.32,13.69,46.7,20.14,13.86,12.37,11.74,11.92,11.8,16.74
2011,11,13,0.39,7.5,16.14,19.94,18.27,52.42,15.31,53.88,22.79,15.57,13.87,13.29,13.44,13.3,22.04
2011,11,14,0,0.1,9.1,10.82,10.25,24.62,8.66,25.76,12.08,8.61,7.77,7.04,7.29,7.22,3.08
2011,11,15,0.25,0,5.1,5.86,5.87,11.06,4.89,12.08,6.3,4.8,4.36,3.69,3.94,3.89,0
2011,11,16,9.83,0,6.58,7.65,7.46,15.76,6.27,16.83,8.39,6.18,5.61,4.89,5.15,5.1,0.1
2011,11,17,2.23,0.1,4.95,5.67,5.7,10.59,4.74,11.6,6.08,4.65,4.23,3.56,3.81,3.77,0
2011,11,18,5.87,0,4.8,5.49,5.54,10.13,4.6,11.15,5.87,4.51,4.1,3.44,3.69,3.65,0
2011,11,19,10.11,8.28,10.7,12.85,12.04,30.58,10.16,31.8,14.46,10.16,9.15,8.43,8.66,8.58,6.54
2011,11,20,0.82,7.35,17.23,21.36,19.51,56.9,16.35,58.45,24.47,16.66,14.81,14.26,14.39,14.24,25.51
2011,11,21,0.13,0,0.94,1.17,1.61,1.13,1,1.81,0.98,1.12,0.91,0.62,0.75,0.71,0
2011,11,22,3.1,0,1.18,1.41,1.84,1.49,1.22,2.21,1.24,1.32,1.1,0.77,0.91,0.87,0
2011,11,23,0,0,4.13,4.7,4.83,8.2,3.97,9.19,4.96,3.9,3.54,2.91,3.15,3.11,0
2011,11,24,0,0,5.62,6.48,6.42,12.65,5.37,13.69,7.02,5.28,4.8,4.1,4.36,4.31,0
2011,11,25,3.55,0,0,0,0.21,0,0,0.1,0,0.1,0,0,0,0,0
2011,11,26,0.1,0,1.12,1.34,1.78,1.38,1.16,2.1,1.17,1.26,1.05,0.73,0.87,0.83,0
2011,11,27,0,0,0.38,0.62,1.08,0.45,0.48,0.98,0.41,0.67,0.46,0.29,0.38,0.34,0
2011,11,28,0,0,3.37,3.81,4.04,6.15,3.26,7.11,3.94,3.21,2.9,2.32,2.55,2.51,0
2011,11,29,0,0.1,4.09,4.66,4.8,8.11,3.94,9.09,4.91,3.87,3.51,2.88,3.12,3.08,0
2011,11,30,0,0,1.2,1.43,1.86,1.51,1.24,2.25,1.26,1.33,1.12,0.78,0.92,0.89,0
2011,12,1,0,0.34,7.35,10.35,9.86,29.83,7.14,31.08,10.3,7.56,6.49,3.8,4.69,4.61,0
2011,12,2,0,0,0.61,0.92,1.24,1.42,0.76,2.13,0.78,0.71,0.58,0.32,0.41,0.45,0
2011,12,3,0,0,2.49,3.44,3.6,7.86,2.59,8.88,3.29,2.59,2.22,1.3,1.62,1.63,0
2011,12,4,0,0,2.09,2.9,3.1,6.33,2.21,7.31,2.74,2.19,1.87,1.09,1.37,1.38,0
2011,12,5,0,0,0.3,0.52,0.83,0.66,0.43,1.2,0.39,0.4,0.3,0.15,0.21,0.24,0
2011,12,6,0,0,0.4,0.66,0.97,0.88,0.54,1.51,0.52,0.5,0.4,0.21,0.28,0.31,0
2011,12,7,0,0,0,0,0,0,0,0,0,0,0,0,0,0,0
2011,12,8,0,0,5.27,7.34,7.15,19.88,5.19,21.07,7.24,5.41,4.66,2.73,3.38,3.34,0
2011,12,9,0,1.23,11.13,15.88,14.9,48.87,10.64,50.46,15.94,11.49,9.84,5.73,7.07,6.92,0.44
2011,12,10,0,0.89,6.87,9.65,9.23,27.49,6.69,28.71,9.59,7.06,6.07,3.55,4.39,4.31,0
2011,12,11,0.1,0,0,0,0.1,0,0,0.1,0,0,0,0,0,0,0
2011,12,12,0.1,0,0,0,0,0,0,0,0,0,0,0,0,0,0
2011,12,13,0,0,1.95,2.71,2.92,5.79,2.07,6.77,2.54,2.04,1.75,1.02,1.27,1.29,0
2011,12,14,0,0.55,2.33,3.22,3.39,7.21,2.43,8.23,3.06,2.42,2.07,1.21,1.51,1.53,0
2011,12,15,0,0,0,0,0,0,0,0,0,0,0,0,0,0,0
2011,12,16,0,0,0,0.1,0.19,0.1,0,0.13,0,0.1,0,0,0,0,0
2011,12,17,0,0,0,0,0.1,0,0,0.1,0,0,0,0,0,0,0
2011,12,18,0.53,0,0,0,0,0,0,0,0,0,0,0,0,0,0
2011,12,19,0.1,0,0,0,0,0,0,0,0,0,0,0,0,0,0
2011,12,20,0,0,0,0.1,0.31,0.1,0.1,0.29,0.1,0.1,0.1,0,0.1,0.1,0
2011,12,21,0.45,0.51,5.93,8.3,8.02,23.02,5.82,24.21,8.22,6.1,5.24,3.07,3.8,3.74,0
2011,12,22,2.66,0,0,0,0.1,0,0,0.1,0,0,0,0,0,0,0
2011,12,23,1.47,0,0,0,0.1,0,0,0.1,0,0,0,0,0,0,0
2011,12,24,1.66,0,0,0,0,0,0,0,0,0,0,0,0,0,0
2011,12,25,0.1,0,0,0,0.1,0,0,0.1,0,0,0,0,0,0,0
2011,12,26,0.81,0,0,0,0,0,0,0,0,0,0,0,0,0,0
2011,12,27,1.39,0,0,0,0,0,0,0,0,0,0,0,0,0,0
2011,12,28,0.4,0,0,0.1,0.14,0.1,0,0.1,0,0,0,0,0,0,0
2011,12,29,0.42,0,0.41,0.67,0.98,0.91,0.55,1.54,0.53,0.51,0.41,0.21,0.28,0.32,0
2011,12,30,0,0,0,0,0,0,0,0,0,0,0,0,0,0,0
2011,12,31,0.12,0,0,0,0.1,0,0,0,0,0,0,0,0,0,0
2012,1,1,0,0,0,0,0,0,0,0,0,0,0,0,0,0,0
2012,1,2,0,0,0.77,0.99,1.05,1.86,0.79,2.24,1.08,0.87,0.76,0.53,0.64,0.63,0
2012,1,3,0.4,0,2.94,3.7,3.62,11.27,2.89,11.19,4.3,2.85,2.64,2.07,2.21,2.26,0
2012,1,4,0,0,0,0,0,0,0,0,0,0,0,0,0,0,0
2012,1,5,0,0,0,0,0,0,0,0,0,0,0,0,0,0,0
2012,1,6,0,0,0,0,0,0,0,0,0,0,0,0,0,0,0
2012,1,7,0,0,0,0,0,0,0,0,0,0,0,0,0,0,0
2012,1,8,0,0,0,0,0,0,0,0,0,0,0,0,0,0,0
2012,1,9,0,0,0,0,0,0,0,0,0,0,0,0,0,0,0
2012,1,10,0,0,0,0,0,0,0,0,0,0,0,0,0,0,0
2012,1,11,0,0,0,0,0,0,0,0,0,0,0,0,0,0,0
2012,1,12,0,0,0,0,0,0,0,0,0,0,0,0,0,0,0
2012,1,13,0,0,0,0,0,0,0,0,0,0,0,0,0,0,0
2012,1,14,0,0,0,0,0,0,0,0,0,0,0,0,0,0,0
2012,1,15,0,0,0,0,0,0,0,0,0,0,0,0,0,0,0
2012,1,16,0,0,0,0,0,0,0,0,0,0,0,0,0,0,0
2012,1,17,0,0,0,0,0,0,0,0,0,0,0,0,0,0,0
2012,1,18,0,0,0.1,0.1,0.1,0.1,0.1,0.1,0.1,0.1,0.1,0,0.1,0.1,0
2012,1,19,0,0,0.73,0.93,0.99,1.7,0.75,2.07,1.01,0.83,0.72,0.49,0.6,0.6,0
2012,1,20,0,0,0.1,0.1,0.13,0.1,0.1,0.1,0.1,0.12,0.1,0.1,0.1,0.1,0
2012,1,21,0,0,0,0,0,0,0,0,0,0,0,0,0,0,0
2012,1,22,0,0,0,0,0,0,0,0,0,0,0,0,0,0,0
2012,1,23,0.24,0,0,0,0,0,0,0,0,0,0,0,0,0,0
2012,1,24,0,0,0,0,0,0,0,0,0,0,0,0,0,0,0
2012,1,25,0,0,0,0,0,0,0,0,0,0,0,0,0,0,0
2012,1,26,0,0,0,0,0,0,0,0,0,0,0,0,0,0,0
2012,1,27,0.1,0,0,0,0,0,0,0,0,0,0,0,0,0,0
2012,1,28,0,0,0,0,0,0,0,0,0,0,0,0,0,0,0
2012,1,29,0,0,0,0,0.1,0,0,0.1,0,0.1,0,0,0,0,0
2012,1,30,1.02,0,0,0,0,0,0,0,0,0,0,0,0,0,0
2012,1,31,0,0,0.1,0.1,0.1,0,0.1,0.1,0.1,0.1,0.1,0,0.1,0.1,0
2012,2,1,0.1,0,0,0,0,0,0,0,0,0,0,0,0,0,0
2012,2,2,0,0,0,0,0,0,0,0,0,0,0,0,0,0,0
2012,2,3,0,0,0,0,0,0,0,0,0,0,0,0,0,0,0
2012,2,4,0,0,0,0,0,0,0,0,0,0,0,0,0,0,0
2012,2,5,0,0,0,0,0,0,0,0,0,0,0,0,0,0,0
2012,2,6,0,0,0,0,0,0,0,0,0,0,0,0,0,0,0
2012,2,7,0,0,0.16,0.2,0.26,0.1,0.16,0.1,0.21,0.23,0.15,0.1,0.12,0.12,0
2012,2,8,0,0,0,0.1,0.1,0,0,0,0.1,0.1,0,0,0,0,0
2012,2,9,0.18,0,0.68,0.88,1.01,0.62,0.73,1.08,0.88,0.82,0.69,0.56,0.62,0.61,0
2012,2,10,7.21,0,0,0,0,0,0,0,0,0,0,0,0,0,0
2012,2,11,1.57,0,0,0.1,0.1,0,0.1,0,0.1,0.1,0.1,0,0,0,0
2012,2,12,0,0,0,0,0,0,0,0,0,0,0,0,0,0,0
2012,2,13,0,0,0,0.1,0.1,0,0.1,0.1,0.1,0.1,0.1,0,0,0,0
2012,2,14,0,0,0,0,0,0,0,0,0,0,0,0,0,0,0
2012,2,15,0,0,0.1,0.1,0.1,0,0.1,0.1,0.1,0.1,0.1,0,0.1,0.1,0
2012,2,16,0,0,0.37,0.46,0.55,0.15,0.39,0.41,0.47,0.46,0.37,0.27,0.32,0.31,0
2012,2,17,0,0,0.97,1.29,1.45,1.34,1.07,1.91,1.28,1.16,1.01,0.85,0.91,0.91,0
2012,2,18,0,0,0.71,0.92,1.05,0.7,0.77,1.17,0.92,0.85,0.73,0.58,0.65,0.65,0
2012,2,19,0,0,0,0,0,0,0,0,0,0,0,0,0,0,0
2012,2,20,0,0,0,0,0,0,0,0,0,0,0,0,0,0,0
2012,2,21,0,0,0.41,0.5,0.61,0.19,0.43,0.47,0.51,0.51,0.41,0.3,0.35,0.35,0
2012,2,22,0,0,0,0.1,0.1,0,0.1,0,0.1,0.1,0.1,0,0,0,0
2012,2,23,0,0,0.1,0.1,0.15,0,0.1,0.1,0.11,0.13,0.1,0.1,0.1,0.1,0
2012,2,24,0,0,0.16,0.19,0.26,0.1,0.16,0.1,0.2,0.23,0.15,0.1,0.12,0.12,0
2012,2,25,0,0,0,0,0,0,0,0,0,0,0,0,0,0,0
2012,2,26,0,0,0,0,0,0,0,0,0,0,0,0,0,0,0
2012,2,27,1.46,0,0.1,0.1,0.1,0,0.1,0.1,0.1,0.1,0.1,0.1,0.1,0.1,0
2012,2,28,3.79,0,0.1,0.1,0.1,0,0.1,0.1,0.1,0.1,0.1,0.1,0.1,0.1,0
2012,2,29,1.24,0,0.1,0.1,0.11,0,0.1,0.1,0.1,0.1,0.1,0.1,0.1,0.1,0
2012,3,1,1.8,0,0.45,0.46,0.57,0.25,0.43,0.53,0.48,0.61,0.45,0.35,0.4,0.39,0
2012,3,2,1.28,0,1.83,1.78,1.96,1.98,1.65,2.38,2.07,1.77,1.65,1.65,1.64,1.65,0
2012,3,3,0,0,0.41,0.42,0.51,0.22,0.39,0.47,0.44,0.56,0.41,0.32,0.37,0.36,0
2012,3,4,0,0,0.64,0.67,0.77,0.41,0.6,0.75,0.72,0.76,0.64,0.54,0.59,0.58,0
2012,3,5,0,0,0.61,0.64,0.75,0.37,0.57,0.72,0.68,0.74,0.61,0.51,0.56,0.56,0
2012,3,6,0,0,0.34,0.37,0.44,0.17,0.33,0.38,0.38,0.5,0.36,0.27,0.32,0.31,0
2012,3,7,0.61,0,0.1,0.14,0.22,0.1,0.1,0.18,0.12,0.28,0.15,0.1,0.12,0.11,0
2012,3,8,0,0,0,0,0.1,0,0,0.1,0,0.1,0,0,0,0,0
2012,3,9,0,0,0,0,0,0,0,0,0,0,0,0,0,0,0
2012,3,10,0,0,0,0,0,0,0,0,0,0,0,0,0,0,0
2012,3,11,0,0,0.22,0.27,0.35,0.1,0.22,0.28,0.27,0.38,0.27,0.19,0.24,0.23,0
2012,3,12,0,0,0,0,0,0,0,0,0,0.1,0,0,0,0,0
2012,3,13,0,0,0.11,0.18,0.26,0.1,0.12,0.21,0.17,0.31,0.19,0.11,0.16,0.14,0
2012,3,14,0,0,0,0,0,0,0,0,0,0,0,0,0,0,0
2012,3,15,0.11,0,0,0,0,0,0,0,0,0,0,0,0,0,0
2012,3,16,1.68,0,0,0,0,0,0,0,0,0.1,0,0,0,0,0
2012,3,17,0,0,0,0,0,0,0,0,0,0,0,0,0,0,0
2012,3,18,0,0,0.14,0.21,0.28,0.1,0.15,0.23,0.2,0.33,0.21,0.13,0.18,0.16,0
2012,3,19,0,0,1.51,1.46,1.64,1.52,1.37,1.94,1.67,1.52,1.36,1.32,1.33,1.34,0
2012,3,20,0,0,0.1,0.1,0.16,0.1,0.1,0.13,0.1,0.23,0.1,0.1,0.1,0.1,0
2012,3,21,0,0,0.69,0.71,0.82,0.47,0.65,0.79,0.77,0.8,0.68,0.58,0.63,0.62,0
2012,3,22,0,0,0,0,0,0,0,0,0,0,0,0,0,0,0
2012,3,23,0,0,0.28,0.32,0.4,0.12,0.28,0.31,0.32,0.44,0.32,0.23,0.28,0.27,0
2012,3,24,0,0,1.85,1.8,1.98,2.02,1.67,2.41,2.1,1.79,1.67,1.67,1.66,1.67,0
2012,3,25,0,0,0.1,0.13,0.21,0.1,0.1,0.17,0.11,0.27,0.14,0.1,0.11,0.1,0
2012,3,26,0,0,0,0,0,0,0,0.1,0,0.1,0,0,0,0,0
2012,3,27,6.82,0,0.26,0.3,0.38,0.1,0.26,0.3,0.31,0.41,0.3,0.22,0.26,0.25,0
2012,3,28,0.55,0,1.52,1.47,1.65,1.54,1.38,1.95,1.68,1.53,1.37,1.33,1.34,1.34,0
2012,3,29,0,0,2.27,2.2,2.41,2.69,2.03,3.11,2.59,2.16,2.03,2.08,2.04,2.05,0
2012,3,30,0,0,0.43,0.44,0.55,0.24,0.41,0.51,0.46,0.59,0.43,0.34,0.38,0.38,0
2012,3,31,0.59,0.17,4.1,3.92,4.21,5.95,3.61,6.07,4.8,3.67,3.58,3.95,3.71,3.75,0
2012,4,1,0.93,0,0.75,0.75,1.09,0.24,0.7,0.8,0.86,0.88,0.82,0.6,0.67,0.7,0
2012,4,2,0.21,0,0.1,0.28,0.59,0.1,0.1,0.41,0.3,0.48,0.37,0.2,0.23,0.25,0
2012,4,3,0,0,1.11,1.02,1.47,0.51,1.04,1.18,1.17,1.2,1.09,0.83,0.92,0.96,0
2012,4,4,0,0,0,0.1,0.15,0,0,0.12,0.1,0.12,0.1,0.1,0.1,0.1,0
2012,4,5,0,0,0,0,0.1,0,0,0.1,0,0.1,0,0,0,0,0
2012,4,6,0,0,2.44,2.19,2.78,1.73,2.29,2.56,2.46,2.27,2.14,1.83,1.94,2.02,0
2012,4,7,0,0,1.22,1.15,1.61,0.59,1.15,1.3,1.3,1.31,1.2,0.94,1.02,1.07,0
2012,4,8,0,0,2.27,2,2.58,1.56,2.14,2.35,2.27,2.1,1.98,1.68,1.79,1.86,0
2012,4,9,0,0,0.22,0.37,0.68,0.1,0.21,0.47,0.4,0.55,0.45,0.27,0.31,0.34,0
2012,4,10,0,0,0.67,0.69,1.02,0.18,0.63,0.71,0.79,0.83,0.76,0.55,0.62,0.65,0
2012,4,11,0,0,2.23,1.97,2.54,1.52,2.1,2.3,2.24,2.07,1.94,1.66,1.77,1.84,0
2012,4,12,0,0.79,3.74,3.3,4.01,3.23,3.52,4.01,3.67,3.27,3.11,2.79,2.91,3.01,0
2012,4,13,0,0.84,5.34,4.74,5.58,5.3,5.03,5.97,5.24,4.54,4.34,4.04,4.16,4.3,0
2012,4,14,0,7.26,9.74,8.64,9.7,11.57,9.17,11.51,9.45,7.91,7.58,7.45,7.52,7.74,7.22
2012,4,15,0,0,0,0,0.1,0,0,0.1,0,0.1,0,0,0,0,0
2012,4,16,0,0,0.43,0.52,0.84,0.1,0.4,0.58,0.58,0.68,0.6,0.4,0.45,0.48,0
2012,4,17,3.68,0.86,9.81,8.7,9.76,11.68,9.24,11.63,9.52,7.96,7.63,7.51,7.57,7.79,7.42
2012,4,18,0.32,0,2.65,2.4,2.99,1.92,2.5,2.78,2.69,2.44,2.32,2.02,2.13,2.21,0
2012,4,19,0,0.73,4.2,3.74,4.46,3.72,3.96,4.53,4.17,3.64,3.49,3.19,3.3,3.42,0
2012,4,20,0,0.61,3.6,3.15,3.84,3.06,3.39,3.82,3.54,3.13,2.97,2.68,2.8,2.9,0
2012,4,21,0,5.45,3.53,3.09,3.76,2.97,3.32,3.73,3.48,3.06,2.92,2.63,2.75,2.85,0
2012,4,22,0,6.36,6.91,6.14,7.09,7.48,6.51,7.96,6.74,5.78,5.51,5.26,5.36,5.53,1.13
2012,4,23,0,0,3.57,3.13,3.81,3.02,3.36,3.78,3.51,3.1,2.95,2.66,2.78,2.88,0
2012,4,24,0,0,5.82,5.17,6.01,5.87,5.48,6.5,5.72,4.9,4.7,4.43,4.54,4.68,0
2012,4,25,0,0,4.43,3.93,4.65,4.04,4.17,4.74,4.37,3.79,3.64,3.35,3.47,3.58,0
2012,4,26,0,0,0.76,0.76,1.1,0.25,0.72,0.81,0.87,0.89,0.83,0.61,0.68,0.71,0
2012,4,27,0,0,0,0.1,0.19,0,0,0.15,0.1,0.15,0.1,0.1,0.1,0.1,0
2012,4,28,0,0,0.1,0.17,0.46,0,0.1,0.33,0.16,0.38,0.26,0.1,0.12,0.14,0
2012,4,29,0,0,0.5,0.57,0.89,0.1,0.47,0.61,0.64,0.73,0.64,0.45,0.5,0.53,0
2012,4,30,0,0,0,0,0,0,0,0,0,0,0,0,0,0,0
2012,5,1,0,0,0,0,0,0,0,0,0,0,0,0,0,0,0
2012,5,2,0,0,3.81,3.57,4.15,2.3,3.82,2.94,3.98,3.56,3.6,2.98,3.33,3.44,0
2012,5,3,0,14.38,4.66,4.32,4.87,3.14,4.6,3.68,4.78,4.24,4.37,3.62,4,4.18,0
2012,5,4,0,0,0.57,0.88,1.42,0.1,0.76,0.81,1,1.13,0.79,0.65,0.83,0.73,0
2012,5,5,0,5.88,8.47,8.03,8.24,7.46,8.04,7.48,8.47,7.49,7.82,6.65,7.06,7.52,2.45
2012,5,6,0,9.15,12.36,12.06,11.73,12.54,11.51,11.92,12.3,10.95,11.39,9.87,10.24,10.97,9.43
2012,5,7,0,12.03,12,11.65,11.37,12.05,11.19,11.48,11.93,10.59,11.06,9.56,9.94,10.66,8.61
2012,5,8,1.2,31.43,20.46,20.57,18.91,24.11,18.62,21.95,20.28,18.22,18.86,16.63,16.85,18.21,28.12
2012,5,9,6.97,3.01,4.74,4.39,4.94,3.22,4.68,3.75,4.86,4.31,4.44,3.68,4.06,4.25,0
2012,5,10,0,0,1.7,1.76,2.36,0.67,1.84,1.42,2.03,1.93,1.76,1.44,1.69,1.67,0
2012,5,11,0,2.18,5.73,5.36,5.82,4.27,5.58,4.68,5.82,5.13,5.34,4.47,4.86,5.12,0
2012,5,12,0,1.88,5.93,5.54,5.99,4.49,5.76,4.87,6.01,5.3,5.52,4.62,5.02,5.29,0.1
2012,5,13,0,5.93,9.84,9.45,9.48,9.2,9.27,9,9.8,8.71,9.07,7.77,8.17,8.73,4.63
2012,5,14,0,0.1,4.9,4.56,5.09,3.38,4.82,3.9,5,4.45,4.58,3.8,4.18,4.38,0
2012,5,15,0,0,1.08,1.28,1.84,0.25,1.25,1.05,1.46,1.49,1.23,1.01,1.22,1.16,0
2012,5,16,0,0,7.35,6.93,7.26,6.11,7.04,6.3,7.37,6.53,6.8,5.75,6.15,6.53,1.06
2012,5,17,0,6.65,4.63,4.3,4.84,3.11,4.58,3.66,4.76,4.21,4.34,3.61,3.98,4.16,0
2012,5,18,0,0.64,0.39,0.74,1.27,0.1,0.59,0.72,0.83,1,0.63,0.53,0.69,0.58,0
2012,5,19,0,0,3.79,3.54,4.13,2.28,3.8,2.92,3.96,3.54,3.58,2.96,3.31,3.42,0
2012,5,20,0,0,2.03,2.01,2.63,0.89,2.16,1.63,2.32,2.17,2.05,1.67,1.94,1.94,0
2012,5,21,0,12.24,9.25,8.86,8.95,8.45,8.75,8.33,9.26,8.18,8.55,7.31,7.71,8.22,3.69
2012,5,22,0,1.23,5.87,5.48,5.93,4.42,5.71,4.81,5.95,5.25,5.46,4.58,4.97,5.24,0.1
2012,5,23,10.77,0.1,4.36,4.06,4.62,2.83,4.33,3.41,4.5,3.99,4.1,3.4,3.76,3.92,0
2012,5,24,8.24,0,1.09,1.28,1.85,0.26,1.26,1.05,1.47,1.5,1.24,1.02,1.23,1.17,0
2012,5,25,0.13,5.38,11.12,10.77,10.62,10.87,10.41,10.46,11.07,9.84,10.24,8.83,9.22,9.86,6.97
2012,5,26,7.88,8.43,8.07,7.66,7.9,6.98,7.69,7.05,8.1,7.15,7.47,6.35,6.75,7.18,1.96
2012,5,27,5.83,0,3.53,3.29,3.89,2.06,3.56,2.72,3.7,3.32,3.35,2.75,3.1,3.2,0
2012,5,28,24.28,0,2.65,2.54,3.15,1.3,2.74,2.02,2.89,2.64,2.58,2.11,2.42,2.46,0
2012,5,29,20.01,2.5,0,0.3,0.8,0,0,0.46,0.32,0.6,0,0.13,0,0,0
2012,5,30,18.49,11.33,7.15,6.72,7.06,5.87,6.86,6.09,7.19,6.34,6.62,5.59,6,6.36,0.87
2012,5,31,7.96,0,1.26,1.42,1.99,0.37,1.42,1.14,1.63,1.62,1.38,1.13,1.36,1.31,0
2012,6,1,1.37,0,0,0,0,0,0,0.22,0,0.42,0,0,0,0,0
2012,6,2,1.46,0.6,1.52,1.57,2.1,0.4,1.73,1.13,1.65,1.89,1.53,1.46,1.7,1.6,0
2012,6,3,7.22,0,1.5,1.55,2.08,0.39,1.71,1.11,1.63,1.88,1.52,1.44,1.68,1.58,0
2012,6,4,13.94,0,4.11,3.8,4.53,2.32,4.06,2.87,4.11,3.79,3.79,3.32,3.63,3.68,0
2012,6,5,17.85,0,0,0,0.51,0,0,0.32,0,0.63,0,0,0,0,0
2012,6,6,3.17,1.01,4.03,3.73,4.45,2.25,3.99,2.81,4.03,3.73,3.72,3.26,3.57,3.61,0
2012,6,7,12.77,2.71,5.76,5.27,6.16,3.87,5.48,4.25,5.69,5.06,5.22,4.52,4.84,4.97,0.79
2012,6,8,18.63,1.99,2.3,2.22,2.8,0.88,2.45,1.58,2.38,2.44,2.22,2.01,2.29,2.23,0
2012,6,9,21.13,0,0.53,0.77,1.29,0,0.77,0.67,0.72,1.25,0.66,0.76,0.93,0.77,0
2012,6,10,4.23,0.32,5.42,4.96,5.82,3.54,5.19,3.95,5.36,4.79,4.92,4.27,4.59,4.7,0.48
2012,6,11,3.21,0,4.34,4,4.75,2.52,4.26,3.05,4.32,3.96,3.98,3.48,3.8,3.86,0
2012,6,12,11.11,0,0.94,1.11,1.63,0.1,1.17,0.85,1.11,1.52,1.03,1.06,1.27,1.12,0
2012,6,13,0,0,1.65,1.68,2.22,0.47,1.85,1.2,1.77,1.99,1.65,1.55,1.8,1.71,0
2012,6,14,3.36,0,2.41,2.32,2.9,0.96,2.55,1.65,2.49,2.52,2.32,2.09,2.37,2.32,0
2012,6,15,3.82,4.72,3.55,3.3,3.98,1.84,3.57,2.44,3.57,3.37,3.3,2.91,3.22,3.23,0
2012,6,16,0,0.78,4.41,4.06,4.82,2.59,4.32,3.11,4.39,4.02,4.05,3.53,3.85,3.91,0
2012,6,17,0,0,2.51,2.4,3,1.03,2.65,1.72,2.59,2.6,2.4,2.16,2.44,2.41,0
2012,6,18,0.1,0,0,0,0.47,0,0,0.31,0,0.6,0,0,0,0,0
2012,6,19,6.2,0,1.59,1.63,2.17,0.44,1.8,1.16,1.72,1.94,1.6,1.51,1.75,1.66,0
2012,6,20,0.22,3.29,3.54,3.29,3.97,1.83,3.56,2.43,3.56,3.36,3.3,2.9,3.21,3.22,0
2012,6,21,5.3,0,3.57,3.32,4,1.86,3.59,2.46,3.59,3.38,3.32,2.92,3.23,3.25,0
2012,6,22,10.02,0,1.03,1.18,1.7,0.15,1.26,0.89,1.2,1.58,1.11,1.12,1.34,1.19,0
2012,6,23,3,4.47,3.76,3.49,4.18,2.01,3.75,2.6,3.77,3.52,3.49,3.06,3.37,3.4,0
2012,6,24,5.88,0.56,3.09,2.9,3.54,1.46,3.16,2.11,3.13,3.02,2.91,2.58,2.87,2.87,0
2012,6,25,3.57,0.65,5.55,5.08,5.95,3.66,5.3,4.06,5.48,4.89,5.03,4.36,4.68,4.8,0.6
2012,6,26,4.14,0.12,2.69,2.55,3.16,1.16,2.8,1.83,2.75,2.72,2.56,2.28,2.57,2.54,0
2012,6,27,2.12,0,0,0,0.7,0,0,0.4,0,0.79,0,0,0,0,0
2012,6,28,0.13,0,1.08,1.23,1.75,0.18,1.31,0.91,1.25,1.61,1.16,1.16,1.38,1.24,0
2012,6,29,5.77,8.07,8.8,8.01,9.23,7.08,8.03,7.07,8.6,7.42,7.82,6.73,7.02,7.31,5.06
2012,6,30,1.19,0,2.39,2.3,2.88,0.94,2.54,1.64,2.47,2.51,2.3,2.07,2.35,2.31,0
2012,7,1,1.28,0,1.36,1.49,2.45,0.22,1.44,1.07,1.55,1.74,1.55,1.48,1.59,1.53,0
2012,7,2,0,0.67,11.61,9.36,9.85,9,9.86,8.81,10.48,8.39,8.78,8.04,8.28,8.31,6.94
2012,7,3,0,0,4.14,3.63,4.43,2.02,3.96,2.72,3.98,3.56,3.65,3.25,3.51,3.53,0
2012,7,4,1.23,4.16,8.36,6.88,7.51,5.76,7.36,5.99,7.66,6.31,6.6,5.97,6.25,6.29,2.81
2012,7,5,0.74,3.63,9.54,7.78,8.36,6.9,8.27,6.99,8.68,7.06,7.39,6.72,6.99,7.03,4.2
2012,7,6,0,0,0.86,1.13,2.13,0.1,0.93,0.86,1.13,1.45,1.15,1.19,1.24,1.14,0
2012,7,7,15.77,0,1.82,1.85,2.76,0.45,1.91,1.29,1.95,2.04,1.92,1.77,1.92,1.89,0
2012,7,8,0,1.04,2.46,2.33,3.21,0.82,2.49,1.64,2.5,2.45,2.41,2.17,2.36,2.36,0
2012,7,9,0,4.59,4.1,3.6,4.41,1.99,3.93,2.69,3.94,3.53,3.62,3.23,3.48,3.51,0
2012,7,10,0.35,2.51,3.98,3.5,4.32,1.89,3.82,2.61,3.84,3.45,3.53,3.15,3.4,3.43,0
2012,7,11,11.12,2.61,2.91,2.68,3.54,1.12,2.9,1.91,2.9,2.75,2.75,2.46,2.68,2.68,0
2012,7,12,4.35,0,0,0,1.39,0,0,0.45,0,0.68,0,0.45,0,0,0
2012,7,13,0.61,1.18,4.25,3.71,4.51,2.1,4.05,2.79,4.07,3.63,3.73,3.33,3.58,3.61,0
2012,7,14,3.14,8.31,8.25,6.8,7.43,5.65,7.27,5.9,7.57,6.24,6.52,5.9,6.18,6.22,2.69
2012,7,15,0.85,2.57,7.28,6.05,6.73,4.73,6.51,5.1,6.72,5.61,5.86,5.28,5.56,5.6,1.69
2012,7,16,0.38,9.35,11.53,9.31,9.79,8.93,9.8,8.74,10.41,8.34,8.73,7.99,8.23,8.27,6.83
2012,7,17,0.1,0,0,0,0.94,0,0,0.26,0,0,0,0,0,0,0
2012,7,18,2.18,0,0.41,0.78,1.85,0,0,0.69,0.72,1.16,0.76,0.91,0.88,0.76,0
2012,7,19,24.09,0,0,0,0.62,0,0,0.15,0,0,0,0,0,0,0
2012,7,20,8.46,0,0,0.57,1.67,0,0,0.59,0.48,0.98,0.53,0.73,0.67,0.53,0
2012,7,21,9.19,2.3,2.68,2.5,3.37,0.96,2.69,1.77,2.7,2.6,2.57,2.31,2.52,2.52,0
2012,7,22,0.71,0,0,0,0,0,0,0,0,0,0,0,0,0,0
2012,7,23,0,0,2.39,2.28,3.16,0.78,2.43,1.6,2.44,2.41,2.36,2.13,2.32,2.31,0
2012,7,24,6.06,0,0,0,0.81,0,0,0.21,0,0,0,0,0,0,0
2012,7,25,3.61,0.88,1.75,1.79,2.71,0.41,1.83,1.25,1.88,1.99,1.86,1.72,1.86,1.83,0
2012,7,26,9.58,0,0,0,1.1,0,0,0.33,0,0.41,0,0,0,0,0
2012,7,27,31.72,0,0,0,0,0,0,0.1,0,0,0,0,0,0,0
2012,7,28,44.03,0,0,0,1.2,0,0,0.37,0,0.5,0,0.28,0,0,0
2012,7,29,52.65,1.88,3.88,3.43,4.25,1.82,3.74,2.54,3.75,3.39,3.46,3.09,3.34,3.36,0
2012,7,30,26.04,0,0,0,0,0,0,0,0,0,0,0,0,0,0
2012,7,31,9.34,0,0,0.54,1.65,0,0,0.58,0.44,0.95,0.5,0.7,0.64,0.5,0
2012,8,1,0.64,0.34,4.49,3.9,4.96,2.24,4.32,2.92,4.57,3.99,4.09,3.52,3.97,4.07,0
2012,8,2,9.25,0,5.45,4.65,5.72,3.04,5.19,3.61,5.45,4.67,4.8,4.15,4.63,4.76,0.25
2012,8,3,22.39,1,8.04,6.68,7.81,5.37,7.49,5.66,7.8,6.51,6.67,5.8,6.37,6.56,2.3
2012,8,4,21.54,15.73,14.9,12.08,13.36,12.38,13.38,11.81,13.95,11.38,11.4,10.09,10.78,11.14,11.72
2012,8,5,18.65,6.09,3.28,2.96,4.01,1.33,3.2,2.12,3.46,3.14,3.17,2.73,3.12,3.17,0
2012,8,6,42.6,13.34,9.07,7.49,8.64,6.36,8.38,6.52,8.72,7.24,7.39,6.45,7.04,7.27,3.44
2012,8,7,19.92,0,1.54,1.65,2.73,0.27,1.46,1.18,1.87,1.97,1.76,1.59,1.86,1.83,0
2012,8,8,7.24,35.49,8.69,7.19,8.33,5.99,8.05,6.2,8.38,6.97,7.13,6.21,6.79,7,3
2012,8,9,8.84,0.1,1.3,1.48,2.57,0.16,1.19,1.07,1.65,1.82,1.56,1.44,1.68,1.63,0
2012,8,10,15.29,0.1,1.46,1.59,2.67,0.23,1.37,1.14,1.8,1.92,1.69,1.54,1.8,1.76,0
2012,8,11,0,4.74,4.78,4.13,5.19,2.48,4.59,3.12,4.83,4.19,4.31,3.71,4.17,4.28,0.1
2012,8,12,12.84,0,0,0,0,0,0,0,0,0,0,0,0,0,0
2012,8,13,17.1,6.58,5.79,4.91,5.99,3.32,5.49,3.86,5.75,4.9,5.05,4.36,4.86,4.99,0.42
2012,8,14,1.6,13.04,9.8,8.07,9.23,7.09,9.02,7.16,9.39,7.76,7.91,6.91,7.52,7.76,4.33
2012,8,15,0.89,0,0,0,0.75,0,0,0.19,0,0,0,0,0,0,0
2012,8,16,0,0,0,0,0.67,0,0,0.16,0,0,0,0,0,0,0
2012,8,17,0,8.05,6.46,5.44,6.53,3.92,6.09,4.38,6.36,5.38,5.54,4.79,5.32,5.47,0.87
2012,8,18,6.21,11.17,8.62,7.14,8.28,5.93,7.99,6.14,8.32,6.92,7.08,6.17,6.75,6.96,2.93
2012,8,19,3.86,22.74,12.31,10.04,11.26,9.63,11.17,9.39,11.63,9.54,9.64,8.48,9.13,9.43,7.74
2012,8,20,2.52,2.16,6.07,5.14,6.22,3.57,5.75,4.08,6.01,5.11,5.26,4.54,5.05,5.2,0.6
2012,8,21,7.79,0.27,5.48,4.68,5.75,3.06,5.22,3.63,5.47,4.69,4.82,4.16,4.65,4.78,0.26
2012,8,22,6.51,0,0.43,0.86,2.04,0,0,0.76,0.84,1.31,0.76,0.86,1,0.87,0
2012,8,23,24.95,0,0,0.34,1.62,0,0,0.53,0,0.87,0,0.37,0,0,0
2012,8,24,19.48,1.84,6.62,5.57,6.66,4.06,6.24,4.51,6.51,5.5,5.66,4.9,5.42,5.58,1
2012,8,25,9.58,2.26,9.05,7.47,8.62,6.34,8.36,6.5,8.7,7.22,7.38,6.44,7.03,7.25,3.41
2012,8,26,0.24,0.5,1.23,1.43,2.53,0.12,1.11,1.05,1.59,1.78,1.5,1.4,1.63,1.57,0
2012,8,27,14.95,0,0.72,1.08,2.22,0,0.57,0.86,1.12,1.49,1.03,1.08,1.25,1.14,0
2012,8,28,4.43,0,0,0,1.56,0,0,0.5,0,0.8,0,0,0,0,0
2012,8,29,8.1,0,2.6,2.44,3.49,0.87,2.55,1.72,2.84,2.67,2.63,2.29,2.64,2.66,0
2012,8,30,0,0,1.58,1.68,2.75,0.29,1.51,1.19,1.9,2,1.8,1.62,1.89,1.86,0
2012,8,31,8.29,0,2.28,2.2,3.25,0.67,2.23,1.54,2.54,2.45,2.37,2.08,2.4,2.41,0
2012,9,1,0,0,0,0,1.54,0,0,0.48,0,0.64,0,0,0,0,0
2012,9,2,0,0,0,0,0,0,0,0.18,0,0,0,0,0,0,0
2012,9,3,9.33,0,2.36,2.28,3.63,0.84,2.02,1.67,2.65,2.58,2.25,1.95,2.34,2.32,0
2012,9,4,32.25,0,0,0.88,2.45,0,0,0.92,0.89,1.51,0,0.79,0.66,0,0
2012,9,5,33.39,5.58,2.3,2.23,3.58,0.8,1.94,1.63,2.59,2.54,2.18,1.91,2.29,2.26,0
2012,9,6,7.79,1.62,3.94,3.47,4.8,1.93,3.61,2.58,4.08,3.65,3.68,3.01,3.58,3.66,0
2012,9,7,8.86,0.74,4.89,4.21,5.56,2.69,4.51,3.24,4.96,4.34,4.49,3.69,4.32,4.43,0
2012,9,8,0,10.29,10.16,8.48,9.96,7.77,9.26,7.73,9.93,8.41,8.69,7.72,8.37,8.49,5.22
2012,9,9,10.2,2.21,9.36,7.83,9.29,6.93,8.55,6.98,9.17,7.78,8.07,7.09,7.76,7.89,4
2012,9,10,7.05,5.69,11.79,9.82,11.34,9.52,10.7,9.31,11.48,9.71,9.94,9.01,9.6,9.7,7.96
2012,9,11,4.4,3.66,6.77,5.72,7.11,4.36,6.23,4.7,6.72,5.76,6.02,5.1,5.78,5.91,0.88
2012,9,12,0.6,0,5.24,4.49,5.85,2.99,4.83,3.5,5.29,4.6,4.78,3.95,4.6,4.72,0
2012,9,13,6.69,0,0,0,0,0,0,0,0,0,0,0,0,0,0
2012,9,14,3.25,0,1.69,1.82,3.2,0.48,1.21,1.37,2.08,2.2,1.54,1.55,1.82,1.7,0
2012,9,15,5.18,1.1,5.47,4.67,6.04,3.18,5.04,3.67,5.5,4.77,4.97,4.12,4.77,4.9,0.1
2012,9,16,0.88,0,0,0,0,0,0,0.12,0,0,0,0,0,0,0
2012,9,17,1.99,0,0,0,2.1,0,0,0.73,0,1.18,0,0.41,0,0,0
2012,9,18,1.62,0,3.02,2.76,4.1,1.26,2.7,2.01,3.23,3.01,2.87,2.37,2.86,2.89,0
2012,9,19,0,0,0,0.9,2.46,0,0,0.92,0.91,1.53,0,0.81,0.68,0,0
2012,9,20,2.88,0,0,0,0,0,0,0.1,0,0,0,0,0,0,0
2012,9,21,2.09,0,2.24,2.19,3.55,0.77,1.88,1.61,2.55,2.51,2.13,1.87,2.25,2.21,0
2012,9,22,21.1,0,4.63,4,5.35,2.47,4.26,3.05,4.71,4.14,4.27,3.5,4.12,4.22,0
2012,9,23,3.06,0,3.69,3.27,4.6,1.74,3.36,2.42,3.84,3.47,3.46,2.83,3.38,3.45,0
2012,9,24,0.45,0,2.23,2.18,3.54,0.76,1.86,1.6,2.53,2.5,2.12,1.86,2.23,2.19,0
2012,9,25,1.79,0,0,0,1.35,0,0,0.42,0,0.49,0,0,0,0,0
2012,9,26,4.34,0,0,0,1.58,0,0,0.5,0,0.67,0,0,0,0,0
2012,9,27,9.37,0.86,6.68,5.64,7.03,4.27,6.15,4.63,6.63,5.69,5.95,5.03,5.71,5.84,0.79
2012,9,28,2.27,3.6,7.87,6.61,8.03,5.42,7.22,5.64,7.76,6.61,6.9,5.94,6.62,6.76,2.02
2012,9,29,7.73,14.74,11.28,9.4,10.91,8.97,10.25,8.81,11,9.31,9.55,8.61,9.22,9.33,7.07
2012,9,30,11.03,13.02,10.85,9.05,10.55,8.51,9.88,8.4,10.59,8.97,9.23,8.27,8.9,9.01,6.35
2012,10,1,0,22.57,15.18,14.57,14.8,20.67,14.86,20.15,17.19,13.9,14.94,14.68,13.85,14.36,26.39
2012,10,2,0,23.01,16.21,15.61,15.75,22.59,15.84,21.95,18.44,14.89,16.05,15.86,14.86,15.44,29.94
2012,10,3,0,13.44,27.7,27.56,26.56,45.67,27,43.67,32.73,26.24,28.77,29.67,26.44,27.9,74.51
2012,10,4,0,0,1.11,1.35,2.41,0.49,1.56,1.26,1.37,1.65,0.97,0.99,1.11,1.11,0
2012,10,5,0,0,4.72,4.31,5.25,3.73,4.81,4.36,4.93,4.29,4.09,3.66,3.95,3.94,0.22
2012,10,6,0,1.01,7.78,7.19,7.97,7.95,7.72,8.28,8.37,6.96,7.13,6.59,6.72,6.81,4.92
2012,10,7,0,9.68,14.16,13.53,13.85,18.78,13.87,18.38,15.96,12.92,13.84,13.51,12.84,13.29,22.95
2012,10,8,0,46.18,20.19,19.71,19.48,30.32,19.71,29.21,23.35,18.78,20.41,20.54,18.83,19.69,44.53
2012,10,9,0,4.72,9.61,8.98,9.64,10.84,9.48,10.97,10.51,8.63,9.01,8.49,8.44,8.62,9.3
2012,10,10,0,0,0.7,1.11,2.18,0.32,1.25,1.07,1.07,1.45,0.7,0.8,0.87,0.89,0
2012,10,11,3.06,0,0,0,0.83,0,0,0.27,0,0.29,0,0,0,0,0
2012,10,12,1.15,0,5.43,4.96,5.87,4.63,5.48,5.2,5.71,4.89,4.78,4.3,4.58,4.59,0.9
2012,10,13,0.13,0.38,6.35,5.82,6.68,5.86,6.35,6.34,6.74,5.69,5.69,5.17,5.4,5.44,2.19
2012,10,14,3.97,0,2.04,2.02,3.05,1.06,2.34,1.84,2.18,2.23,1.68,1.53,1.75,1.73,0
2012,10,15,0.49,0,0,0,0,0,0,0,0,0,0,0,0,0,0
2012,10,16,1.22,0,3.45,3.19,4.17,2.32,3.62,3.03,3.58,3.27,2.91,2.58,2.87,2.84,0
2012,10,17,1.59,0,0,0.82,1.92,0.15,0.87,0.88,0.71,1.21,0.37,0.59,0.59,0.64,0
2012,10,18,2.03,0,0.83,1.19,2.25,0.37,1.35,1.13,1.16,1.51,0.79,0.86,0.95,0.96,0
2012,10,19,0,0,3.41,3.15,4.14,2.27,3.59,3,3.54,3.24,2.87,2.55,2.84,2.81,0
2012,10,20,0,0,2.73,2.57,3.58,1.62,2.96,2.38,2.84,2.72,2.26,2.02,2.28,2.25,0
2012,10,21,0,12.48,17.81,17.25,17.25,25.65,17.39,24.83,20.4,16.44,17.8,17.72,16.45,17.14,35.67
2012,10,22,0.89,4.8,10.93,10.28,10.85,13.04,10.74,13.02,12.07,9.85,10.39,9.91,9.7,9.95,12.9
2012,10,23,0,7.09,9.93,9.28,9.93,11.36,9.78,11.45,10.88,8.92,9.34,8.83,8.74,8.94,10.13
2012,10,24,0.67,19.16,17.97,17.42,17.4,25.96,17.55,25.12,20.6,16.6,17.97,17.91,16.6,17.31,36.25
2012,10,25,0.1,10.56,8.61,8,8.73,9.24,8.52,9.48,9.34,7.71,7.98,7.45,7.5,7.63,6.8
2012,10,26,0,0,1.83,1.86,2.89,0.91,2.15,1.69,1.98,2.08,1.51,1.4,1.59,1.58,0
2012,10,27,0,0,1.54,1.65,2.69,0.73,1.91,1.5,1.73,1.9,1.29,1.22,1.39,1.39,0
2012,10,28,0,0,0,0,0,0,0,0.1,0,0,0,0,0,0,0
2012,10,29,0,0,0,0,0.7,0,0,0.22,0,0.2,0,0,0,0,0
2012,10,30,0,0,0.32,0.89,1.98,0.19,0.97,0.92,0.79,1.27,0.45,0.64,0.66,0.7,0
2012,10,31,0,0,0.42,0.95,2.03,0.22,1.04,0.96,0.87,1.32,0.52,0.68,0.72,0.75,0
2012,11,1,0,0,6.4,7.44,7.27,15.18,6.11,16.24,8.14,6.01,5.46,4.75,5.01,4.96,0
2012,11,2,0,0,5.24,6.03,6.02,11.48,5.02,12.51,6.5,4.92,4.48,3.8,4.05,4.01,0
2012,11,3,0,0,0,0,0.23,0,0,0.1,0,0.1,0,0,0,0,0
2012,11,4,0,0,0,0,0,0,0,0,0,0,0,0,0,0,0
2012,11,5,0,0,0,0,0.1,0,0,0.1,0,0,0,0,0,0,0
2012,11,6,0,0,1.23,1.46,1.88,1.56,1.26,2.3,1.29,1.35,1.14,0.8,0.95,0.91,0
2012,11,7,0,0,1.33,1.56,1.99,1.73,1.36,2.48,1.41,1.44,1.22,0.87,1.02,0.98,0
2012,11,8,0,0,0.61,0.84,1.29,0.69,0.69,1.29,0.63,0.85,0.64,0.41,0.52,0.48,0
2012,11,9,0,0,2.33,2.64,2.98,3.67,2.29,4.55,2.61,2.29,2.04,1.55,1.75,1.71,0
2012,11,10,0,0.1,10.4,12.47,11.71,29.45,9.88,30.64,14.01,9.87,8.89,8.17,8.4,8.33,5.84
2012,11,11,0,1.95,12.25,14.86,13.8,36.65,11.63,37.86,16.8,11.71,10.49,9.79,10.01,9.91,10.5
2012,11,12,0,0,0.18,0.44,0.89,0.27,0.29,0.72,0.23,0.52,0.31,0.18,0.25,0.21,0
2012,11,13,0.1,0,0,0.1,0.48,0.1,0,0.28,0,0.2,0,0.1,0.1,0,0
2012,11,14,0.1,0,1.94,2.21,2.59,2.86,1.93,3.69,2.13,1.96,1.72,1.28,1.46,1.42,0
2012,11,15,0,0,0.1,0.33,0.77,0.17,0.17,0.58,0.14,0.42,0.21,0.12,0.18,0.14,0
2012,11,16,0.11,0,0.36,0.6,1.06,0.43,0.46,0.95,0.39,0.66,0.44,0.28,0.36,0.32,0
2012,11,17,0,0,0,0,0,0,0,0,0,0,0,0,0,0,0
2012,11,18,0,0,0,0,0.12,0,0,0.1,0,0,0,0,0,0,0
2012,11,19,0,0,7.05,8.24,7.98,17.36,6.72,18.44,9.07,6.63,6.02,5.29,5.55,5.5,0.24
2012,11,20,8.28,0,0,0,0,0,0,0,0,0,0,0,0,0,0
2012,11,21,16.75,0,0,0,0,0,0,0,0,0,0,0,0,0,0
2012,11,22,3.5,0,4.63,5.29,5.37,9.64,4.44,10.65,5.65,4.36,3.96,3.31,3.55,3.51,0
2012,11,23,0,0,1.14,1.37,1.8,1.43,1.19,2.14,1.2,1.28,1.07,0.74,0.89,0.85,0
2012,11,24,0,2.67,8.73,10.34,9.83,23.25,8.3,24.38,11.52,8.24,7.45,6.72,6.97,6.9,2.4
2012,11,25,0,0.35,6.21,7.2,7.06,14.54,5.93,15.6,7.86,5.83,5.3,4.59,4.84,4.8,0
2012,11,26,0,3.51,12.65,15.39,14.26,38.25,12.02,39.49,17.44,12.09,10.85,10.17,10.37,10.28,11.61
2012,11,27,0,0.18,6.3,7.32,7.16,14.86,6.02,15.92,8,5.92,5.38,4.67,4.92,4.88,0
2012,11,28,0,0,2.4,2.72,3.05,3.83,2.36,4.72,2.7,2.35,2.1,1.61,1.8,1.77,0
2012,11,29,0,0,0,0,0.26,0,0,0.11,0,0.1,0,0,0,0,0
2012,11,30,0,0,0,0,0.11,0,0,0.1,0,0,0,0,0,0,0
2012,12,1,0,0,0,0,0.1,0,0,0.1,0,0,0,0,0,0,0
2012,12,2,0,0,0,0,0,0,0,0,0,0,0,0,0,0,0
2012,12,3,0,0,0,0,0,0,0,0,0,0,0,0,0,0,0
2012,12,4,0,0,0,0,0,0,0,0,0,0,0,0,0,0,0
2012,12,5,0,0,0,0,0,0,0,0,0,0,0,0,0,0,0
2012,12,6,0,0.1,5.76,8.05,7.78,22.18,5.65,23.39,7.96,5.91,5.09,2.98,3.69,3.64,0
2012,12,7,0,0,13.75,19.8,18.37,62.71,13.08,64.24,19.91,14.27,12.17,7.06,8.72,8.52,3.44
2012,12,8,0,0,5.3,7.39,7.18,20.03,5.22,21.22,7.29,5.44,4.68,2.75,3.4,3.35,0
2012,12,9,0,1.62,8.25,11.66,11.04,34.28,7.97,35.6,11.63,8.5,7.29,4.26,5.26,5.16,0
2012,12,10,0,0.13,3.25,4.5,4.57,10.98,3.31,12.04,4.36,3.36,2.88,1.7,2.1,2.1,0
2012,12,11,0,0,0,0,0,0,0,0,0,0,0,0,0,0,0
2012,12,12,0,0,0,0,0,0,0,0,0,0,0,0,0,0,0
2012,12,13,1.24,0,0,0,0.1,0,0,0.1,0,0,0,0,0,0,0
2012,12,14,0.21,0,0,0,0,0,0,0,0,0,0,0,0,0,0
2012,12,15,0.68,0,0.2,0.39,0.69,0.44,0.32,0.94,0.27,0.3,0.21,0.1,0.14,0.18,0
2012,12,16,0,0,0,0,0,0,0,0,0,0,0,0,0,0,0
2012,12,17,0.1,0,0.1,0.24,0.51,0.21,0.19,0.6,0.14,0.18,0.11,0.1,0.1,0.1,0
2012,12,18,0,0.1,3.4,4.7,4.75,11.57,3.45,12.69,4.57,3.5,3.02,1.77,2.2,2.19,0
2012,12,19,0,0,0,0,0.11,0,0,0.1,0,0,0,0,0,0,0
2012,12,20,0.71,0,0.13,0.31,0.59,0.31,0.24,0.74,0.19,0.23,0.16,0.1,0.1,0.13,0
2012,12,21,0,0,0,0.1,0.21,0.1,0,0.15,0,0.1,0,0,0,0,0
2012,12,22,0,0,0,0,0,0,0,0,0,0,0,0,0,0,0
2012,12,23,0,0,0.1,0.25,0.52,0.22,0.19,0.61,0.14,0.18,0.11,0.1,0.1,0.1,0
2012,12,24,0,0,0,0,0,0,0,0,0,0,0,0,0,0,0
2012,12,25,0,0,0.39,0.64,0.96,0.87,0.53,1.48,0.51,0.5,0.39,0.2,0.27,0.31,0
2012,12,26,0,0,0.1,0.16,0.41,0.13,0.11,0.45,0.1,0.12,0.1,0.1,0.1,0.1,0
2012,12,27,0,0,0.1,0.12,0.36,0.1,0.1,0.36,0.1,0.1,0.1,0,0.1,0.1,0
2012,12,28,0,0.1,5.62,7.85,7.61,21.51,5.53,22.74,7.76,5.77,4.97,2.91,3.6,3.55,0
2012,12,29,0,1.99,7.05,9.91,9.48,28.36,6.86,29.66,9.87,7.25,6.23,3.65,4.51,4.43,0
2012,12,30,0,0,0.27,0.5,0.8,0.61,0.4,1.13,0.36,0.38,0.28,0.14,0.19,0.23,0
2012,12,31,0.58,0,0,0,0,0,0,0,0,0,0,0,0,0,0
2013,1,1,0.27,0,0,0,0,0,0,0,0,0,0,0,0,0,0
2013,1,2,0,0,1.56,1.97,1.99,4.97,1.56,5.26,2.24,1.6,1.46,1.09,1.22,1.23,0
2013,1,3,0,0,0.57,0.73,0.8,1.18,0.59,1.54,0.79,0.67,0.58,0.38,0.48,0.47,0
2013,1,4,0,0,0.33,0.45,0.51,0.52,0.36,0.81,0.46,0.44,0.36,0.21,0.3,0.28,0
2013,1,5,0,0,0.97,1.24,1.29,2.59,0.99,2.97,1.37,1.06,0.94,0.67,0.79,0.79,0
2013,1,6,0,0,1.36,1.73,1.76,4.14,1.37,4.47,1.95,1.42,1.29,0.95,1.07,1.08,0
2013,1,7,0,0,0,0,0.1,0,0,0.1,0,0.1,0,0,0,0,0
2013,1,8,0,0,0,0,0.1,0,0,0.1,0,0.1,0,0,0,0,0
2013,1,9,0,0,0.34,0.45,0.52,0.54,0.37,0.83,0.47,0.45,0.37,0.22,0.3,0.29,0
2013,1,10,0,0,0.6,0.77,0.84,1.28,0.62,1.64,0.83,0.7,0.6,0.4,0.5,0.5,0
2013,1,11,0,0,2.4,3.02,2.99,8.74,2.37,8.83,3.49,2.37,2.18,1.69,1.82,1.86,0
2013,1,12,0,0,0.33,0.44,0.51,0.51,0.36,0.8,0.46,0.44,0.36,0.21,0.29,0.28,0
2013,1,13,0,0,0.75,0.96,1.02,1.78,0.77,2.15,1.04,0.85,0.74,0.51,0.62,0.61,0
2013,1,14,0,0,0.78,1,1.06,1.9,0.81,2.28,1.1,0.88,0.77,0.53,0.64,0.64,0
2013,1,15,0,0,0.63,0.82,0.88,1.39,0.66,1.76,0.88,0.74,0.64,0.43,0.53,0.52,0
2013,1,16,0,0,0,0,0,0,0,0,0,0,0,0,0,0,0
2013,1,17,0,0,0,0,0,0,0,0,0,0,0,0,0,0,0
2013,1,18,0,0,0,0,0,0,0,0,0,0,0,0,0,0,0
2013,1,19,0,0,2.88,3.63,3.56,11.03,2.84,10.97,4.22,2.8,2.59,2.03,2.17,2.22,0
2013,1,20,0,5.11,8.75,11.08,10.52,41.55,8.43,39.19,13.24,8.05,7.54,6.17,6.28,6.5,28.88
2013,1,21,0,1.59,5.34,6.73,6.46,23.41,5.19,22.44,7.97,5,4.67,3.77,3.9,4.02,3.45
2013,1,22,0,0,0.67,0.86,0.92,1.5,0.7,1.87,0.94,0.77,0.67,0.45,0.56,0.55,0
2013,1,23,0,0,0,0,0,0,0,0,0,0,0,0,0,0,0
2013,1,24,0,0,0,0,0,0,0,0,0,0,0,0,0,0,0
2013,1,25,0,0,0,0,0,0,0,0,0,0,0,0,0,0,0
2013,1,26,0,0,0,0,0,0,0,0,0,0,0,0,0,0,0
2013,1,27,0,0,0,0,0,0,0,0,0,0,0,0,0,0,0
2013,1,28,1.82,0,0,0,0,0,0,0,0,0,0,0,0,0,0
2013,1,29,0,0,0.1,0.1,0.15,0.1,0.1,0.12,0.1,0.14,0.1,0.1,0.1,0.1,0
2013,1,30,0,0,0.1,0.14,0.2,0.1,0.11,0.2,0.13,0.18,0.12,0.1,0.1,0.1,0
2013,1,31,0,0,0,0,0.1,0,0,0.1,0,0.1,0,0,0,0,0
2013,2,1,0,0,0.31,0.39,0.48,0.1,0.33,0.3,0.4,0.4,0.31,0.22,0.26,0.26,0
2013,2,2,1.83,0,0,0,0,0,0,0,0,0,0,0,0,0,0
2013,2,3,4.37,0,1.17,1.57,1.75,1.89,1.29,2.52,1.56,1.39,1.23,1.04,1.11,1.11,0
2013,2,4,1.05,0,0,0,0,0,0,0,0,0,0,0,0,0,0
2013,2,5,0.49,0,1.08,1.46,1.63,1.64,1.2,2.26,1.45,1.3,1.14,0.96,1.03,1.03,0
2013,2,6,0,0,0.1,0.1,0.1,0,0.1,0.1,0.1,0.1,0.1,0.1,0.1,0.1,0
2013,2,7,6,0,0.3,0.37,0.46,0.1,0.31,0.27,0.38,0.39,0.3,0.21,0.25,0.25,0
2013,2,8,0,0,0.4,0.49,0.6,0.19,0.43,0.46,0.5,0.5,0.4,0.3,0.35,0.35,0
2013,2,9,0,0,0.62,0.8,0.93,0.53,0.67,0.94,0.8,0.76,0.63,0.51,0.56,0.56,0
2013,2,10,0,0,0,0,0,0,0,0,0,0,0,0,0,0,0
2013,2,11,0,0,0.1,0.1,0.12,0,0.1,0.1,0.1,0.11,0.1,0.1,0.1,0.1,0
2013,2,12,0,0,0.1,0.1,0.12,0,0.1,0.1,0.1,0.11,0.1,0.1,0.1,0.1,0
2013,2,13,0,0,0.7,0.91,1.04,0.68,0.76,1.15,0.92,0.85,0.72,0.58,0.64,0.64,0
2013,2,14,0,0,0,0,0,0,0,0,0,0,0,0,0,0,0
2013,2,15,0,0,0,0,0,0,0,0,0,0,0,0,0,0,0
2013,2,16,0,0,0,0,0,0,0,0,0,0,0,0,0,0,0
2013,2,17,0,0,0,0,0,0,0,0,0,0,0,0,0,0,0
2013,2,18,0,0,0.6,0.76,0.89,0.48,0.64,0.88,0.76,0.73,0.61,0.48,0.54,0.54,0
2013,2,19,0.74,0,0,0,0,0,0,0,0,0,0,0,0,0,0
2013,2,20,0,0,1.12,1.51,1.67,1.74,1.23,2.36,1.49,1.33,1.17,0.99,1.06,1.06,0
2013,2,21,0.25,0,3.09,4.56,4.85,9.37,3.53,10.06,4.4,3.72,3.4,3.06,3.13,3.16,0.48
2013,2,22,0,0,0.51,0.65,0.76,0.33,0.55,0.69,0.66,0.63,0.52,0.4,0.45,0.45,0
2013,2,23,0,0,0.34,0.42,0.51,0.11,0.36,0.35,0.43,0.43,0.34,0.24,0.29,0.28,0
2013,2,24,0,3.56,1.2,1.62,1.8,1.99,1.32,2.62,1.6,1.43,1.26,1.08,1.14,1.15,0
2013,2,25,0,0,1.65,2.3,2.51,3.5,1.84,4.21,2.25,1.97,1.76,1.54,1.61,1.62,0
2013,2,26,0,0,0,0,0,0,0,0,0,0,0,0,0,0,0
2013,2,27,0,0,0,0,0,0,0,0,0,0,0,0,0,0,0
2013,2,28,0,0,0.2,0.25,0.32,0.1,0.21,0.15,0.26,0.27,0.2,0.12,0.16,0.16,0
2013,3,1,0,0,0.47,0.49,0.6,0.27,0.45,0.56,0.51,0.63,0.47,0.37,0.43,0.41,0
2013,3,2,0,0,0.15,0.22,0.3,0.1,0.16,0.24,0.21,0.34,0.22,0.14,0.19,0.17,0
2013,3,3,0.52,0,0,0.1,0.1,0,0,0.1,0.1,0.1,0.1,0.1,0.1,0.1,0
2013,3,4,2.53,0,4.2,4.02,4.31,6.15,3.71,6.28,4.92,3.76,3.67,4.05,3.81,3.85,0
2013,3,5,3.75,0,3.18,3.06,3.31,4.24,2.82,4.54,3.69,2.9,2.81,3,2.87,2.89,0
2013,3,6,0,1.31,4.18,3.99,4.28,6.1,3.68,6.23,4.89,3.74,3.65,4.03,3.78,3.82,0
2013,3,7,3.48,5.62,5.21,5,5.38,8.12,4.58,8.12,6.19,4.63,4.55,5.13,4.77,4.82,1.44
2013,3,8,6.38,0,1.13,1.13,1.27,0.97,1.04,1.4,1.27,1.19,1.06,0.98,1.02,1.02,0
2013,3,9,5.89,0.74,1.11,1.11,1.25,0.94,1.02,1.37,1.24,1.18,1.04,0.96,1,1,0
2013,3,10,46.64,0,1.16,1.16,1.3,1.02,1.07,1.43,1.3,1.22,1.09,1.01,1.05,1.04,0
2013,3,11,7.18,0,0.7,0.71,0.82,0.47,0.65,0.8,0.77,0.81,0.68,0.58,0.63,0.63,0
2013,3,12,4.92,0,2.54,2.45,2.66,3.14,2.27,3.48,2.92,2.36,2.26,2.35,2.28,2.3,0
2013,3,13,4.12,0,2.03,1.96,2.13,2.31,1.83,2.69,2.29,1.95,1.81,1.83,1.81,1.82,0
2013,3,14,2.07,0,0.15,0.21,0.29,0.1,0.15,0.23,0.2,0.34,0.21,0.14,0.18,0.17,0
2013,3,15,0.43,0,0,0,0,0,0,0,0,0,0,0,0,0,0
2013,3,16,0.1,0.1,0.1,0.1,0.17,0.1,0.1,0.15,0.1,0.25,0.1,0.1,0.1,0.1,0
2013,3,17,0.12,0,0,0,0.1,0,0,0.1,0,0.1,0,0,0,0,0
2013,3,18,0.68,0,3.7,3.56,3.85,5.22,3.27,5.47,4.33,3.36,3.26,3.55,3.37,3.39,0
2013,3,19,1.21,0,0,0,0,0,0,0,0,0.1,0,0,0,0,0
2013,3,20,4.33,0,0.1,0.18,0.25,0.1,0.11,0.21,0.16,0.31,0.18,0.11,0.15,0.14,0
2013,3,21,2.12,0,0.1,0.17,0.25,0.1,0.11,0.2,0.16,0.3,0.18,0.1,0.15,0.13,0
2013,3,22,0,0,0.1,0.15,0.23,0.1,0.1,0.19,0.14,0.29,0.16,0.1,0.13,0.12,0
2013,3,23,0,0.19,0.8,0.8,0.91,0.6,0.74,0.93,0.88,0.9,0.76,0.67,0.71,0.71,0
2013,3,24,0,0.1,2.1,2.02,2.21,2.42,1.88,2.81,2.37,2.01,1.86,1.9,1.86,1.88,0
2013,3,25,0,0,1.59,1.56,1.73,1.64,1.44,2.07,1.79,1.6,1.45,1.41,1.43,1.43,0
2013,3,26,0,0,0,0,0.1,0,0,0.1,0,0.1,0.1,0,0.1,0,0
2013,3,27,0,0.1,1.49,1.44,1.61,1.49,1.35,1.9,1.65,1.5,1.34,1.3,1.31,1.32,0
2013,3,28,0.21,0.39,1.01,1,1.14,0.84,0.92,1.24,1.11,1.1,0.95,0.85,0.9,0.9,0
2013,3,29,0.36,0.41,1.45,1.4,1.56,1.43,1.31,1.83,1.6,1.46,1.31,1.26,1.28,1.28,0
2013,3,30,0,2.75,2.93,2.83,3.08,3.83,2.61,4.18,3.39,2.72,2.6,2.75,2.65,2.66,0
2013,3,31,0,0,3.75,3.61,3.9,5.29,3.32,5.55,4.39,3.4,3.31,3.6,3.41,3.44,0
2013,4,1,0.22,0,2.09,1.85,2.36,1.36,1.96,2.12,2.11,1.92,1.84,1.56,1.66,1.73,0
2013,4,2,0,22.77,23.4,21.23,23.08,33.29,21.98,30.8,22.68,18.84,17.76,18.34,18.16,18.67,52.18
2013,4,3,0,9.24,9.59,8.51,9.58,11.34,9.03,11.28,9.32,7.81,7.48,7.35,7.41,7.63,6.82
2013,4,4,0,0.45,3.28,2.9,3.5,2.66,3.09,3.38,3.26,2.85,2.75,2.46,2.58,2.67,0
2013,4,5,7.52,3.37,3.34,2.94,3.55,2.73,3.14,3.46,3.31,2.89,2.79,2.5,2.62,2.71,0
2013,4,6,9,0,0,0,0,0,0,0.1,0,0,0,0,0,0,0
2013,4,7,7.82,0,1.56,1.45,1.92,0.8,1.47,1.59,1.65,1.56,1.48,1.2,1.3,1.35,0
2013,4,8,28.32,0,1.27,1.21,1.66,0.63,1.19,1.36,1.36,1.35,1.26,0.99,1.07,1.12,0
2013,4,9,12.78,0,1.94,1.74,2.22,1.2,1.83,1.93,1.98,1.81,1.73,1.46,1.56,1.62,0
2013,4,10,1.27,0,0.91,0.86,1.23,0.36,0.85,0.97,0.99,1,0.93,0.71,0.78,0.82,0
2013,4,11,1.67,0,0,0,0.1,0,0,0.1,0,0.1,0,0,0,0,0
2013,4,12,4.18,0,0,0,0,0,0,0,0,0,0,0,0,0,0
2013,4,13,2.81,0,0,0,0,0,0,0,0,0,0,0,0,0,0
2013,4,14,0.1,0,0,0,0,0,0,0,0,0,0,0,0,0,0
2013,4,15,0.1,0,0.65,0.68,1.01,0.16,0.61,0.69,0.77,0.82,0.75,0.54,0.6,0.64,0
2013,4,16,0,0,1.44,1.36,1.82,0.73,1.36,1.5,1.54,1.48,1.39,1.12,1.21,1.27,0
2013,4,17,0,0,3.13,2.78,3.38,2.46,2.95,3.19,3.12,2.75,2.65,2.35,2.47,2.56,0
2013,4,18,3.72,0,1.85,1.67,2.15,1.11,1.74,1.81,1.9,1.75,1.67,1.4,1.5,1.56,0
2013,4,19,10.44,0,7.85,6.95,7.91,8.77,7.39,8.99,7.64,6.45,6.19,5.99,6.08,6.26,2.61
2013,4,20,1.69,0,0.3,0.43,0.74,0.1,0.28,0.51,0.47,0.6,0.51,0.32,0.37,0.39,0
2013,4,21,2.52,0,0,0,0,0,0,0,0,0,0,0,0,0,0
2013,4,22,17.5,0,0,0,0,0,0,0,0,0,0,0,0,0,0
2013,4,23,7.9,0,0.62,0.66,0.99,0.14,0.58,0.67,0.74,0.8,0.73,0.52,0.58,0.61,0
2013,4,24,2.95,0,2.12,1.88,2.41,1.4,2,2.16,2.14,1.96,1.86,1.58,1.69,1.76,0
2013,4,25,1.71,0,0.86,0.83,1.18,0.33,0.81,0.92,0.96,0.96,0.9,0.68,0.75,0.79,0
2013,4,26,0.14,0,0,0,0,0,0,0.1,0,0,0,0,0,0,0
2013,4,27,0,0,0,0.1,0.1,0,0,0.1,0,0.1,0.1,0,0,0,0
2013,4,28,0.49,0,0.54,0.6,0.93,0.1,0.51,0.63,0.68,0.75,0.67,0.47,0.53,0.56,0
2013,4,29,2.55,0,1.01,0.94,1.36,0.44,0.95,1.08,1.08,1.1,1,0.77,0.85,0.89,0
2013,4,30,0.98,0,0.85,0.82,1.17,0.32,0.8,0.91,0.95,0.95,0.89,0.67,0.74,0.78,0
2013,5,1,0.42,0,4.65,4.31,4.86,3.12,4.59,3.67,4.77,4.22,4.36,3.61,3.99,4.17,0
2013,5,2,0,0,3.85,3.6,4.18,2.33,3.86,2.97,4.02,3.59,3.64,3.01,3.36,3.48,0
2013,5,3,0,0,4.62,4.29,4.83,3.1,4.57,3.65,4.75,4.2,4.33,3.6,3.97,4.15,0
2013,5,4,0,0,1.48,1.58,2.17,0.51,1.63,1.28,1.82,1.77,1.57,1.28,1.52,1.48,0
2013,5,5,0,0,0,0,0,0,0,0,0,0,0,0,0,0,0
2013,5,6,0,0,0,0,0,0,0,0,0,0,0,0,0,0,0
2013,5,7,0,0,0,0,0,0,0,0,0,0,0,0,0,0,0
2013,5,8,0,0,1.01,1.22,1.79,0.2,1.19,1.02,1.4,1.44,1.17,0.96,1.17,1.1,0
2013,5,9,0,0,0,0,0,0,0,0.17,0,0.16,0,0,0,0,0
2013,5,10,36.05,0,4.18,3.91,4.48,2.66,4.17,3.25,4.34,3.86,3.95,3.27,3.63,3.78,0
2013,5,11,12.57,0,0,0,0,0,0,0.1,0,0,0,0,0,0,0
2013,5,12,8.89,0,0,0,0,0,0,0.1,0,0,0,0,0,0,0
2013,5,13,4.69,0,0,0,0.39,0,0,0.22,0,0.25,0,0,0,0,0
2013,5,14,1.56,0,0,0,0,0,0,0.1,0,0,0,0,0,0,0
2013,5,15,5.95,0,0,0,0,0,0,0.13,0,0,0,0,0,0,0
2013,5,16,20.14,0,0,0,0,0,0,0.11,0,0,0,0,0,0,0
2013,5,17,27.27,0,0,0,0,0,0,0.1,0,0,0,0,0,0,0
2013,5,18,5.23,0,0,0,0,0,0,0.1,0,0,0,0,0,0,0
2013,5,19,0,0,3.87,3.62,4.21,2.35,3.88,2.99,4.04,3.61,3.66,3.03,3.38,3.5,0
2013,5,20,0.61,2.3,6.8,6.41,6.78,5.47,6.55,5.73,6.86,6.05,6.31,5.33,5.73,6.06,0.55
2013,5,21,0,0,8.02,7.62,7.86,6.92,7.65,7,8.06,7.11,7.43,6.31,6.72,7.14,1.9
2013,5,22,0,0,5.58,5.22,5.69,4.1,5.45,4.52,5.68,5.01,5.21,4.36,4.74,4.99,0
2013,5,23,0,0,8.33,7.91,8.11,7.3,7.93,7.34,8.34,7.36,7.7,6.55,6.96,7.4,2.29
2013,5,24,0,10.61,13.17,12.87,12.42,13.65,12.23,12.87,13.09,11.64,12.14,10.53,10.9,11.7,11.02
2013,5,25,0.24,0.95,7.46,7.05,7.36,6.23,7.14,6.42,7.49,6.63,6.89,5.84,6.24,6.62,1.16
2013,5,26,0.1,0,4.82,4.48,5.02,3.3,4.75,3.83,4.93,4.38,4.51,3.74,4.12,4.31,0
2013,5,27,0.55,0,0,0,0.41,0,0,0.24,0,0.27,0,0,0,0,0
2013,5,28,8.16,0,2.75,2.63,3.24,1.38,2.84,2.1,2.99,2.72,2.68,2.19,2.5,2.55,0
2013,5,29,7.56,1.48,7.39,6.97,7.29,6.15,7.07,6.34,7.41,6.56,6.83,5.77,6.18,6.56,1.1
2013,5,30,0,0.13,6.73,6.34,6.72,5.38,6.48,5.65,6.8,6,6.25,5.27,5.67,6,0.48
2013,5,31,0.2,0,1.24,1.4,1.97,0.35,1.4,1.13,1.6,1.6,1.36,1.12,1.34,1.29,0
2013,6,1,0,0,0,0,0,0,0,0.1,0,0,0,0,0,0,0
2013,6,2,0,2.89,4.1,3.79,4.52,2.31,4.05,2.86,4.1,3.78,3.78,3.31,3.62,3.67,0
2013,6,3,0,0,1.76,1.76,2.31,0.53,1.95,1.25,1.87,2.06,1.74,1.62,1.88,1.79,0
2013,6,4,0,0,0,0,0,0,0,0.15,0,0.28,0,0,0,0,0
2013,6,5,0.38,0,0.58,0.81,1.33,0,0.82,0.69,0.77,1.29,0.71,0.8,0.98,0.81,0
2013,6,6,9.37,0,0.41,0.67,1.18,0,0.65,0.62,0.61,1.17,0.55,0.67,0.84,0.66,0
2013,6,7,21.7,0,2.26,2.19,2.76,0.85,2.42,1.55,2.35,2.41,2.18,1.98,2.26,2.2,0
2013,6,8,47.68,3.36,7.47,6.81,7.88,5.63,6.92,5.8,7.32,6.38,6.68,5.76,6.07,6.29,2.91
2013,6,9,5.99,0,1.48,1.53,2.07,0.38,1.69,1.1,1.61,1.87,1.5,1.43,1.67,1.56,0
2013,6,10,0,0,0.42,0.68,1.19,0,0.66,0.62,0.62,1.18,0.56,0.68,0.85,0.67,0
2013,6,11,0,0,1.28,1.38,1.91,0.28,1.51,1.01,1.44,1.74,1.33,1.29,1.52,1.41,0
2013,6,12,0,0,3.73,3.46,4.15,1.98,3.72,2.58,3.74,3.5,3.46,3.04,3.35,3.37,0
2013,6,13,0,0,2.47,2.37,2.96,1,2.61,1.69,2.55,2.57,2.37,2.13,2.41,2.37,0
2013,6,14,0,11.98,6.92,6.31,7.32,5.05,6.46,5.29,6.8,5.96,6.21,5.36,5.67,5.87,2.13
2013,6,15,0.83,10.08,10.22,9.3,10.69,8.68,9.21,8.48,9.96,8.54,9.03,7.76,8.03,8.39,7.67
2013,6,16,1.03,0.24,7.03,6.41,7.43,5.16,6.55,5.39,6.9,6.04,6.3,5.44,5.75,5.95,2.28
2013,6,17,0,1.83,3.43,3.2,3.87,1.74,3.46,2.35,3.46,3.28,3.2,2.82,3.13,3.14,0
2013,6,18,16.7,0,0,0,0,0,0,0.12,0,0,0,0,0,0,0
2013,6,19,0,0,0.45,0.7,1.22,0,0.7,0.64,0.65,1.2,0.59,0.7,0.87,0.7,0
2013,6,20,15.39,4.11,6.17,5.64,6.58,4.29,5.83,4.61,6.08,5.38,5.57,4.82,5.14,5.29,1.22
2013,6,21,2.71,2.73,8.62,7.85,9.05,6.88,7.89,6.9,8.43,7.28,7.66,6.6,6.89,7.18,4.75
2013,6,22,6.23,1.2,2.63,2.5,3.1,1.11,2.75,1.79,2.69,2.68,2.5,2.24,2.53,2.5,0
2013,6,23,2.43,0.47,2.33,2.25,2.83,0.9,2.48,1.6,2.41,2.47,2.25,2.03,2.31,2.26,0
2013,6,24,8.48,1.14,6.57,5.99,6.97,4.69,6.17,4.97,6.46,5.68,5.91,5.1,5.42,5.6,1.68
2013,6,25,4.37,0,3.14,2.95,3.59,1.5,3.21,2.15,3.18,3.06,2.95,2.61,2.91,2.91,0
2013,6,26,6.08,9.19,12.63,11.49,13.16,11.49,11.19,10.95,12.27,10.42,11.07,9.51,9.72,10.22,12.62
2013,6,27,6.57,11.24,15.58,14.2,16.21,15.06,13.59,14.11,15.11,12.75,13.58,11.66,11.79,12.44,19.33
2013,6,28,0.29,0,8.1,7.38,8.52,6.31,7.45,6.4,7.93,6.88,7.22,6.22,6.52,6.78,3.89
2013,6,29,0,0,2.06,2.02,2.58,0.72,2.23,1.43,2.16,2.27,2.01,1.84,2.1,2.04,0
2013,6,30,0.8,0.1,3.77,3.5,4.19,2.02,3.76,2.61,3.78,3.53,3.5,3.07,3.38,3.41,0
2013,7,1,1.49,0,1.34,1.48,2.44,0.22,1.43,1.06,1.54,1.74,1.54,1.47,1.58,1.52,0
2013,7,2,5.39,0,2.72,2.53,3.4,0.99,2.73,1.8,2.73,2.63,2.61,2.34,2.55,2.55,0
2013,7,3,7.79,0,1.88,1.89,2.8,0.48,1.96,1.32,2,2.08,1.96,1.81,1.96,1.93,0
2013,7,4,17.32,0,1.64,1.71,2.64,0.36,1.73,1.2,1.79,1.93,1.78,1.66,1.79,1.75,0
2013,7,5,4.19,0,2.41,2.29,3.18,0.79,2.45,1.61,2.46,2.42,2.37,2.14,2.33,2.32,0
2013,7,6,0.36,0,0,0,0.92,0,0,0.25,0,0,0,0,0,0,0
2013,7,7,6.56,13.41,9.89,8.05,8.61,7.26,8.54,7.29,8.99,7.29,7.63,6.94,7.21,7.25,4.64
2013,7,8,0.2,32.87,32.92,25.5,24.78,33.03,25.53,29.58,28.79,21.72,22.5,21.4,21.03,20.9,43.48
2013,7,9,0,0,0,0,0.57,0,0,0.13,0,0,0,0,0,0,0
2013,7,10,0,0.31,2.7,2.52,3.39,0.98,2.71,1.78,2.72,2.61,2.59,2.33,2.53,2.53,0
2013,7,11,0,4.9,8.43,6.93,7.56,5.82,7.41,6.04,7.72,6.35,6.64,6.01,6.29,6.33,2.89
2013,7,12,10.51,0,1.18,1.36,2.33,0.14,1.25,0.99,1.39,1.63,1.41,1.37,1.46,1.39,0
2013,7,13,0.56,49.43,48,36.7,34.68,51.32,36.37,44.26,41.58,30.72,31.88,30.57,29.72,29.48,73.18
2013,7,14,0,23.26,17.76,14.05,14.22,15.61,14.47,14.52,15.79,12.28,12.81,11.93,12.04,12.03,16.42
2013,7,15,1.75,0,1.62,1.69,2.62,0.35,1.71,1.19,1.77,1.91,1.76,1.64,1.78,1.74,0
2013,7,16,0,0,4.19,3.67,4.47,2.05,4,2.75,4.02,3.59,3.68,3.29,3.54,3.57,0
2013,7,17,0,0,0.31,0.7,1.78,0,0,0.65,0.63,1.1,0.67,0.84,0.8,0.67,0
2013,7,18,0,6.11,7.51,6.22,6.89,4.94,6.69,5.28,6.92,5.76,6.01,5.42,5.71,5.75,1.91
2013,7,19,0,17.63,18.13,14.32,14.47,16.01,14.75,14.87,16.11,12.51,13.05,12.15,12.26,12.25,17.03
2013,7,20,0,0,0,0,0,0,0,0,0,0,0,0,0,0,0
2013,7,21,0,0,0,0,0.65,0,0,0.16,0,0,0,0,0,0,0
2013,7,22,0,0,2.85,2.63,3.49,1.07,2.84,1.87,2.84,2.71,2.7,2.42,2.63,2.63,0
2013,7,23,0,0,0,0,1.28,0,0,0.4,0,0.58,0,0.35,0,0,0
2013,7,24,0,0,1.54,1.63,2.57,0.31,1.63,1.15,1.7,1.86,1.7,1.59,1.72,1.68,0
2013,7,25,6.01,6.04,6.94,5.79,6.48,4.42,6.24,4.82,6.42,5.39,5.62,5.06,5.34,5.38,1.37
2013,7,26,12.16,0,1.21,1.39,2.35,0.16,1.29,1,1.42,1.66,1.44,1.39,1.49,1.42,0
2013,7,27,2.82,0.13,8.81,7.23,7.84,6.19,7.71,6.37,8.06,6.6,6.9,6.26,6.54,6.58,3.33
2013,7,28,0,0,0,0,0.56,0,0,0.13,0,0,0,0,0,0,0
2013,7,29,0.28,0,2.1,2.06,2.96,0.61,2.17,1.44,2.19,2.22,2.14,1.95,2.12,2.1,0
2013,7,30,7.7,0.73,1.46,1.57,2.52,0.27,1.55,1.11,1.63,1.81,1.64,1.54,1.66,1.62,0
2013,7,31,13.97,0,0,0,0,0,0,0.1,0,0,0,0,0,0,0
2013,8,1,0,0,0,0.5,1.75,0,0,0.6,0,1.01,0,0.52,0.6,0,0
2013,8,2,0.46,0,0,0.63,1.86,0,0,0.66,0.56,1.13,0,0.65,0.75,0.61,0
2013,8,3,0,0,1.88,1.9,2.96,0.44,1.82,1.34,2.18,2.19,2.05,1.81,2.11,2.1,0
2013,8,4,11.48,9.71,9.14,7.55,8.69,6.43,8.44,6.58,8.79,7.29,7.44,6.49,7.09,7.31,3.52
2013,8,5,0,21.17,12.93,10.53,11.76,10.28,11.7,9.97,12.19,9.98,10.06,8.87,9.53,9.85,8.66
2013,8,6,0,10.24,8.49,7.04,8.17,5.8,7.88,6.03,8.2,6.83,6.99,6.09,6.66,6.87,2.78
2013,8,7,4.09,6.77,10.82,8.87,10.06,8.1,9.89,8.05,10.3,8.48,8.61,7.55,8.18,8.44,5.65
2013,8,8,9.43,0,3.15,2.86,3.9,1.24,3.07,2.04,3.34,3.05,3.06,2.65,3.03,3.08,0
2013,8,9,8.71,0,4.31,3.76,4.81,2.1,4.16,2.8,4.41,3.86,3.96,3.41,3.85,3.94,0
2013,8,10,9.87,1.97,7.15,5.98,7.09,4.54,6.7,4.93,6.99,5.87,6.03,5.23,5.77,5.95,1.44
2013,8,11,3.3,11.05,10.88,8.92,10.11,8.17,9.95,8.11,10.35,8.53,8.66,7.59,8.22,8.49,5.73
2013,8,12,0,13.57,11.04,9.04,10.23,8.33,10.08,8.25,10.49,8.64,8.76,7.69,8.32,8.59,5.95
2013,8,13,21.27,3.54,6.3,5.32,6.4,3.77,5.95,4.26,6.22,5.27,5.42,4.69,5.21,5.36,0.76
2013,8,14,1.85,30.3,21.88,17.55,18.98,20.08,19.24,18.62,20.15,16.3,16.05,14.38,15.12,15.63,23.75
2013,8,15,4.76,1.55,2.72,2.53,3.58,0.95,2.66,1.79,2.95,2.75,2.73,2.37,2.72,2.75,0
2013,8,16,20.63,1.39,7.16,6,7.1,4.55,6.72,4.94,7,5.88,6.04,5.24,5.79,5.96,1.45
2013,8,17,34.93,7.92,13.88,11.27,12.53,11.29,12.51,10.85,13.04,10.66,10.71,9.46,10.13,10.47,10.11
2013,8,18,22.1,1.68,10.04,8.26,9.43,7.32,9.22,7.37,9.6,7.93,8.07,7.06,7.68,7.92,4.63
2013,8,19,4.41,0,1.67,1.74,2.81,0.33,1.6,1.23,1.98,2.05,1.87,1.68,1.95,1.93,0
2013,8,20,0,0,0,0.72,1.93,0,0,0.7,0.67,1.2,0.6,0.73,0.85,0.71,0
2013,8,21,9.8,0,0,0,0.66,0,0,0.16,0,0,0,0,0,0,0
2013,8,22,7.76,6.15,13.11,10.67,11.91,10.47,11.85,10.13,12.35,10.11,10.18,8.98,9.64,9.96,8.93
2013,8,23,3.59,50.84,29.28,23.35,24.95,28.58,25.39,26.16,26.7,21.53,20.9,18.9,19.64,20.32,37.74
2013,8,24,0,0,0,0.73,1.94,0,0,0.7,0.68,1.21,0.62,0.75,0.86,0.73,0
2013,8,25,0,0,0,0,1.53,0,0,0.49,0,0.77,0,0,0,0,0
2013,8,26,0,7.19,6.57,5.53,6.62,4.02,6.19,4.47,6.47,5.46,5.62,4.87,5.39,5.55,0.96
2013,8,27,0,0,0,0,1.26,0,0,0.37,0,0.49,0,0,0,0,0
2013,8,28,0,0,0,0,1.06,0,0,0.29,0,0,0,0,0,0,0
2013,8,29,0,10.64,7.06,5.91,7.01,4.46,6.62,4.86,6.91,5.81,5.97,5.18,5.72,5.89,1.36
2013,8,30,3.34,10.81,6.94,5.82,6.92,4.35,6.52,4.76,6.8,5.72,5.88,5.1,5.64,5.8,1.26
2013,8,31,13.72,9.66,10.18,8.36,9.54,7.46,9.34,7.49,9.72,8.03,8.17,7.15,7.76,8.02,4.81
2013,9,1,1.33,0,3.21,2.91,4.24,1.4,2.9,2.13,3.41,3.14,3.04,2.5,3.01,3.06,0
2013,9,2,15.49,0,0,0,0,0,0,0,0,0,0,0,0,0,0
2013,9,3,21.69,0,4.74,4.09,5.44,2.56,4.36,3.13,4.82,4.22,4.36,3.58,4.2,4.31,0
2013,9,4,0.97,5.93,7.88,6.62,8.05,5.44,7.23,5.66,7.78,6.62,6.91,5.95,6.63,6.77,2.04
2013,9,5,0,0,5.4,4.62,5.98,3.12,4.98,3.61,5.43,4.72,4.91,4.07,4.72,4.84,0.1
2013,9,6,7.76,0,4.42,3.84,5.18,2.3,4.06,2.9,4.52,3.99,4.09,3.35,3.95,4.05,0
2013,9,7,0.74,6.88,5.13,4.4,5.76,2.89,4.73,3.41,5.18,4.52,4.69,3.87,4.51,4.63,0
2013,9,8,4.89,0,5.3,4.54,5.9,3.04,4.89,3.54,5.34,4.64,4.83,3.99,4.64,4.76,0.1
2013,9,9,0,8.87,11.07,9.23,10.74,8.75,10.07,8.61,10.8,9.14,9.4,8.45,9.06,9.18,6.72
2013,9,10,5.85,18.49,15.68,13.03,14.64,13.94,14.11,13.28,15.18,12.84,12.89,12.13,12.52,12.56,15.57
2013,9,11,0,0,0,0,1.82,0,0,0.6,0,0.9,0,0,0,0,0
2013,9,12,1.74,0,0,0,1.65,0,0,0.53,0,0.73,0,0,0,0,0
2013,9,13,5.13,0,3.26,2.94,4.27,1.43,2.94,2.15,3.45,3.17,3.08,2.53,3.04,3.09,0
2013,9,14,0,0,4.24,3.7,5.04,2.16,3.89,2.78,4.35,3.86,3.94,3.22,3.81,3.91,0
2013,9,15,4.51,7.37,8.14,6.83,8.26,5.69,7.47,5.89,8.02,6.83,7.12,6.15,6.83,6.97,2.36
2013,9,16,18.76,0,3.87,3.41,4.75,1.88,3.54,2.53,4.01,3.6,3.62,2.96,3.53,3.61,0
2013,9,17,11.76,1.04,4.8,4.14,5.48,2.61,4.42,3.17,4.87,4.27,4.41,3.62,4.25,4.36,0
2013,9,18,4.86,13.47,11.76,9.8,11.32,9.49,10.67,9.28,11.45,9.69,9.92,8.99,9.58,9.68,7.91
2013,9,19,3.12,11.78,14.28,11.87,13.45,12.32,12.88,11.82,13.85,11.71,11.83,11,11.47,11.54,12.68
2013,9,20,0,27.22,11.98,9.98,11.51,9.74,10.87,9.5,11.67,9.87,10.09,9.17,9.75,9.85,8.31
2013,9,21,0,36.1,17.24,14.32,15.96,15.78,15.46,14.94,16.67,14.1,14.05,13.39,13.69,13.7,18.93
2013,9,22,2.13,15.25,9.98,8.34,9.82,7.58,9.1,7.57,9.77,8.27,8.55,7.58,8.23,8.36,4.94
2013,9,23,12.69,0,6.55,5.55,6.93,4.16,6.03,4.53,6.52,5.59,5.85,4.93,5.61,5.75,0.69
2013,9,24,4.75,0,0,0,0,0,0,0,0,0,0,0,0,0,0
2013,9,25,10.13,0,0.63,1.16,2.65,0,0,1.03,1.22,1.7,0,1.01,0.97,0,0
2013,9,26,8.31,0,2.59,2.44,3.78,0.98,2.26,1.78,2.85,2.73,2.47,2.09,2.52,2.52,0
2013,9,27,6.38,0,6.66,5.63,7.02,4.26,6.13,4.62,6.62,5.68,5.94,5.01,5.7,5.83,0.78
2013,9,28,7.13,0.99,5.34,4.57,5.93,3.07,4.92,3.57,5.38,4.67,4.86,4.03,4.67,4.79,0.1
2013,9,29,44.13,8.51,8.61,7.21,8.66,6.16,7.88,6.3,8.46,7.19,7.48,6.51,7.19,7.32,2.96
2013,9,30,24.33,24.31,9.26,7.74,9.2,6.82,8.46,6.89,9.08,7.7,7.99,7.02,7.68,7.81,3.86
2013,10,1,9.81,38.72,20.55,20.08,19.82,31.03,20.05,29.88,23.79,19.13,20.8,20.97,19.19,20.08,45.9
2013,10,2,3.41,30.66,22.57,22.18,21.72,35.1,22.02,33.7,26.3,21.13,23.05,23.4,21.22,22.28,53.77
2013,10,3,0,26.4,21.92,21.51,21.11,33.78,21.39,32.47,25.49,20.48,22.33,22.62,20.57,21.57,51.21
2013,10,4,0,29.84,11.19,10.53,11.09,13.48,10.99,13.43,12.37,10.09,10.67,10.19,9.95,10.21,13.65
2013,10,5,0,14.05,11.07,10.42,10.98,13.28,10.88,13.25,12.23,9.99,10.54,10.06,9.84,10.09,13.31
2013,10,6,0,10.79,7.69,7.1,7.89,7.81,7.63,8.15,8.27,6.87,7.03,6.5,6.63,6.72,4.72
2013,10,7,0,0.35,5.34,4.88,5.79,4.51,5.4,5.09,5.61,4.82,4.69,4.22,4.5,4.51,0.8
2013,10,8,0,17.91,15.24,14.62,14.85,20.76,14.91,20.24,17.26,13.95,15,14.74,13.9,14.42,26.57
2013,10,9,0,20.37,11.48,10.83,11.36,13.99,11.28,13.91,12.73,10.37,10.98,10.51,10.23,10.52,14.52
2013,10,10,0,6.26,12.22,11.57,12.04,15.28,11.99,15.12,13.61,11.07,11.76,11.33,10.95,11.27,16.75
2013,10,11,0,17.76,12.82,12.17,12.6,16.35,12.57,16.11,14.33,11.64,12.4,12,11.53,11.89,18.61
2013,10,12,0,22.14,22.08,21.67,21.26,34.1,21.54,32.76,25.69,20.64,22.5,22.8,20.73,21.74,51.82
2013,10,13,0,16.65,12.53,11.88,12.33,15.83,12.29,15.63,13.99,11.37,12.1,11.68,11.25,11.59,17.71
2013,10,14,0,2.33,7.71,7.12,7.9,7.84,7.65,8.18,8.29,6.89,7.05,6.51,6.65,6.74,4.76
2013,10,15,0,0.1,5.95,5.45,6.33,5.32,5.97,5.84,6.29,5.34,5.29,4.79,5.04,5.07,1.58
2013,10,16,0,0.86,9.45,8.81,9.49,10.57,9.32,10.72,10.32,8.48,8.84,8.32,8.29,8.46,8.87
2013,10,17,0,0,0.64,1.07,2.15,0.3,1.21,1.05,1.03,1.42,0.66,0.77,0.84,0.86,0
2013,10,18,0,0,0,0,1.07,0,0,0.37,0,0.49,0,0.1,0,0,0
2013,10,19,0,0,5.69,5.2,6.1,4.97,5.72,5.51,6,5.11,5.03,4.54,4.81,4.82,1.22
2013,10,20,0,0,3.71,3.41,4.38,2.58,3.86,3.29,3.85,3.47,3.14,2.79,3.08,3.06,0
2013,10,21,0,0,6.53,5.99,6.84,6.12,6.52,6.58,6.94,5.85,5.86,5.35,5.57,5.61,2.49
2013,10,22,0,0,7.06,6.49,7.32,6.87,7.03,7.28,7.54,6.31,6.39,5.86,6.05,6.11,3.45
2013,10,23,0,0.1,3.82,3.5,4.48,2.7,3.96,3.4,3.96,3.56,3.24,2.88,3.17,3.15,0
2013,10,24,0,0,0,0.8,1.89,0.14,0.83,0.86,0.68,1.2,0.35,0.58,0.57,0.62,0
2013,10,25,0.1,0,0,0.36,1.51,0,0,0.61,0.13,0.87,0,0.3,0.14,0.24,0
2013,10,26,0,0,0,0.12,1.31,0,0,0.49,0,0.69,0,0.16,0,0,0
2013,10,27,0,0,0,0,0,0,0,0,0,0,0,0,0,0,0
2013,10,28,0,0,3.47,3.2,4.18,2.33,3.64,3.05,3.6,3.28,2.92,2.59,2.88,2.86,0
2013,10,29,0,12.85,17.89,17.33,17.33,25.8,17.47,24.98,20.5,16.52,17.88,17.82,16.52,17.23,35.95
2013,10,30,0,0,13.01,12.36,12.77,16.68,12.75,16.43,14.56,11.82,12.6,12.21,11.71,12.09,19.2
2013,10,31,0,0,0,0,1.19,0,0,0.43,0,0.59,0,0.1,0,0,0
2013,11,1,0,0,0.1,0.33,0.77,0.17,0.18,0.59,0.14,0.42,0.21,0.12,0.18,0.14,0
2013,11,2,0,0,1.05,1.27,1.72,1.28,1.1,1.99,1.1,1.21,1,0.68,0.82,0.78,0
2013,11,3,0,0,0,0,0,0,0,0,0,0,0,0,0,0,0
2013,11,4,0,0,0,0,0,0,0,0,0,0,0,0,0,0,0
2013,11,5,0,0,0,0,0,0,0,0,0,0,0,0,0,0,0
2013,11,6,0,0,0,0,0,0,0,0,0,0,0,0,0,0,0
2013,11,7,4.92,0,5.14,5.91,5.91,11.18,4.93,12.2,6.36,4.83,4.39,3.72,3.97,3.93,0
2013,11,8,0.1,0,2.15,2.43,2.79,3.27,2.12,4.13,2.38,2.13,1.89,1.42,1.61,1.57,0
2013,11,9,0,0,1.43,1.67,2.08,1.9,1.45,2.67,1.52,1.52,1.3,0.93,1.09,1.05,0
2013,11,10,0,0,2.82,3.18,3.47,4.79,2.75,5.7,3.22,2.72,2.44,1.91,2.12,2.08,0
2013,11,11,0,0,9.5,11.33,10.7,26.1,9.04,27.26,12.68,9,8.12,7.39,7.63,7.56,3.88
2013,11,12,0,3.44,16.8,20.8,19.01,55.14,15.93,56.62,23.8,16.23,14.44,13.88,14.02,13.87,24.12
2013,11,13,0,1.46,12.95,15.74,14.58,39.33,12.3,40.63,17.88,12.38,11.09,10.41,10.62,10.52,12.42
2013,11,14,0,0,11.17,13.46,12.58,32.4,10.61,33.62,15.17,10.63,9.55,8.84,9.07,8.99,7.7
2013,11,15,3.34,0,1.21,1.44,1.87,1.53,1.25,2.26,1.27,1.34,1.12,0.78,0.93,0.89,0
2013,11,16,2.39,0,0,0.1,0.4,0.1,0,0.22,0,0.14,0,0,0.1,0,0
2013,11,17,6.06,0,1.93,2.2,2.58,2.84,1.92,3.67,2.12,1.95,1.71,1.27,1.45,1.41,0
2013,11,18,1.17,0,3.74,4.24,4.43,7.14,3.61,8.11,4.44,3.55,3.21,2.61,2.84,2.8,0
2013,11,19,0,0,1.76,2.01,2.41,2.5,1.76,3.31,1.91,1.8,1.57,1.15,1.32,1.29,0
2013,11,20,0,0,1.72,1.97,2.36,2.42,1.72,3.23,1.86,1.76,1.53,1.12,1.29,1.26,0
2013,11,21,0,0,2.36,2.67,3,3.73,2.31,4.6,2.64,2.31,2.06,1.57,1.77,1.73,0
2013,11,22,0,0,3.95,4.48,4.64,7.7,3.8,8.68,4.72,3.73,3.39,2.77,3,2.97,0
2013,11,23,0,0,3.52,3.98,4.19,6.53,3.4,7.5,4.14,3.34,3.02,2.43,2.66,2.63,0
2013,11,24,0,0,3.36,3.79,4.02,6.11,3.25,7.07,3.92,3.2,2.89,2.31,2.54,2.5,0
2013,11,25,0,1,11.34,13.67,12.77,33.04,10.77,34.3,15.42,10.8,9.7,8.99,9.21,9.13,8.11
2013,11,26,0,7.8,18,22.4,20.42,60.23,17.08,61.81,25.69,17.45,15.49,14.98,15.09,14.93,28.07
2013,11,27,0,0,0,0,0.15,0,0,0.1,0,0,0,0,0,0,0
2013,11,28,0,0,0,0,0.28,0,0,0.13,0,0.1,0,0,0,0,0
2013,11,29,0,0,2.18,2.47,2.83,3.35,2.15,4.21,2.42,2.16,1.91,1.45,1.64,1.6,0
2013,11,30,0,0.1,4.31,4.92,5.03,8.72,4.15,9.72,5.21,4.07,3.69,3.06,3.3,3.26,0
2013,12,1,0.1,0,0.1,0.18,0.44,0.15,0.13,0.48,0.1,0.13,0.1,0.1,0.1,0.1,0
2013,12,2,0,0,1.04,1.49,1.78,2.68,1.18,3.48,1.32,1.14,0.95,0.54,0.69,0.72,0
2013,12,3,0.46,0,0.1,0.25,0.52,0.22,0.19,0.61,0.15,0.18,0.12,0.1,0.1,0.1,0
2013,12,4,0.36,0,3.11,4.31,4.38,10.38,3.17,11.46,4.16,3.21,2.76,1.62,2.02,2.01,0
2013,12,5,0.11,0,0.35,0.59,0.9,0.78,0.49,1.36,0.45,0.45,0.35,0.18,0.24,0.28,0
2013,12,6,0.43,0,0.17,0.36,0.65,0.39,0.29,0.86,0.24,0.27,0.19,0.1,0.12,0.15,0
2013,12,7,0.47,0,0.21,0.4,0.7,0.45,0.33,0.95,0.28,0.31,0.22,0.1,0.15,0.18,0
2013,12,8,0.5,0,0.68,1.02,1.32,1.61,0.83,2.33,0.86,0.78,0.64,0.35,0.46,0.49,0
2013,12,9,0,0,0.67,1.01,1.31,1.59,0.82,2.32,0.86,0.77,0.63,0.35,0.45,0.49,0
2013,12,10,0,0,3.79,5.25,5.26,13.27,3.82,14.4,5.13,3.91,3.36,1.98,2.45,2.43,0
2013,12,11,0,0,4.1,5.69,5.65,14.63,4.11,15.73,5.56,4.22,3.63,2.13,2.64,2.62,0
2013,12,12,0,0,1.72,2.39,2.63,4.94,1.84,5.87,2.22,1.81,1.54,0.9,1.12,1.14,0
2013,12,13,0,0,0.36,0.61,0.92,0.81,0.5,1.4,0.47,0.47,0.36,0.19,0.25,0.29,0
2013,12,14,0,0,0,0,0.1,0,0,0.1,0,0,0,0,0,0,0
2013,12,15,0,0,0.19,0.38,0.68,0.43,0.31,0.92,0.27,0.29,0.21,0.1,0.14,0.17,0
2013,12,16,0,0,2.06,2.85,3.05,6.2,2.17,7.16,2.68,2.15,1.84,1.08,1.34,1.36,0
2013,12,17,0,0,1.96,2.72,2.93,5.83,2.08,6.81,2.56,2.05,1.76,1.02,1.28,1.3,0
2013,12,18,0,0,0.1,0.16,0.42,0.13,0.11,0.45,0.1,0.12,0.1,0.1,0.1,0.1,0
2013,12,19,0,0.12,7.67,10.81,10.28,31.38,7.43,32.68,10.76,7.89,6.77,3.96,4.89,4.8,0
2013,12,20,0,0,1.3,1.84,2.11,3.52,1.44,4.39,1.67,1.4,1.18,0.68,0.86,0.89,0
2013,12,21,0,0,0.1,0.14,0.39,0.1,0.1,0.4,0.1,0.1,0.1,0.1,0.1,0.1,0
2013,12,22,0,0,0,0,0.1,0,0,0.1,0,0,0,0,0,0,0
2013,12,23,0,0,0,0,0,0,0,0,0,0,0,0,0,0,0
2013,12,24,0,0,0,0,0,0,0,0,0,0,0,0,0,0,0
2013,12,25,0,0,0,0,0,0,0,0,0,0,0,0,0,0,0
2013,12,26,0,0,0,0,0.1,0,0,0.1,0,0,0,0,0,0,0
2013,12,27,0,0,0,0,0,0,0,0,0,0,0,0,0,0,0
2013,12,28,0,0,0,0,0,0,0,0,0,0,0,0,0,0,0
2013,12,29,0,0,0,0,0,0,0,0,0,0,0,0,0,0,0
2013,12,30,0.1,0,1.65,2.3,2.54,4.71,1.78,5.64,2.13,1.74,1.48,0.86,1.08,1.11,0
2013,12,31,2.38,0,4.75,6.6,6.48,17.49,4.71,18.67,6.49,4.87,4.2,2.46,3.05,3.02,0
2014,1,1,3.34,0,1.22,1.54,1.58,3.53,1.23,3.88,1.73,1.28,1.16,0.85,0.97,0.97,0
2014,1,2,1.71,0,0,0,0,0,0,0,0,0.1,0,0,0,0,0
2014,1,3,0.27,0,3.79,4.77,4.63,15.5,3.7,15.12,5.59,3.62,3.36,2.68,2.81,2.89,0
2014,1,4,0,0,2.62,3.31,3.25,9.8,2.59,9.81,3.83,2.57,2.37,1.85,1.98,2.03,0
2014,1,5,0,0,0.1,0.16,0.21,0.1,0.12,0.22,0.15,0.19,0.14,0.1,0.11,0.1,0
2014,1,6,0,0,0.1,0.13,0.19,0.1,0.1,0.19,0.12,0.17,0.11,0.1,0.1,0.1,0
2014,1,7,0,0,1.33,1.68,1.71,3.98,1.33,4.32,1.89,1.39,1.25,0.92,1.05,1.05,0
2014,1,8,0,0,0,0,0,0,0,0,0,0,0,0,0,0,0
2014,1,9,0,0,0,0,0,0,0,0,0,0,0,0,0,0,0
2014,1,10,0,0,0.35,0.47,0.53,0.56,0.38,0.86,0.49,0.46,0.38,0.22,0.31,0.3,0
2014,1,11,0,0,0,0,0,0,0,0,0,0,0,0,0,0,0
2014,1,12,0,0,0.61,0.79,0.86,1.33,0.64,1.69,0.85,0.72,0.62,0.41,0.51,0.51,0
2014,1,13,0,0,0,0,0,0,0,0,0,0,0,0,0,0,0
2014,1,14,0,0,0,0,0,0,0,0,0,0,0,0,0,0,0
2014,1,15,0,0,3.83,4.83,4.68,15.71,3.75,15.32,5.66,3.66,3.4,2.71,2.84,2.92,0
2014,1,16,0,0,0.8,1.03,1.08,1.97,0.82,2.34,1.13,0.9,0.79,0.55,0.66,0.65,0
2014,1,17,0,0,2.24,2.82,2.79,7.98,2.22,8.11,3.25,2.22,2.04,1.57,1.71,1.74,0
2014,1,18,0,0,2.26,2.84,2.81,8.06,2.23,8.18,3.27,2.23,2.06,1.59,1.72,1.75,0
2014,1,19,0,0,1.14,1.44,1.48,3.21,1.15,3.57,1.6,1.21,1.08,0.79,0.91,0.91,0
2014,1,20,0,0,2.69,3.39,3.33,10.11,2.65,10.11,3.93,2.63,2.43,1.9,2.03,2.07,0
2014,1,21,0,0,0.68,0.88,0.94,1.54,0.71,1.91,0.95,0.78,0.68,0.46,0.57,0.56,0
2014,1,22,0,0,0.13,0.19,0.25,0.1,0.15,0.27,0.18,0.22,0.16,0.1,0.13,0.11,0
2014,1,23,0,0,0.1,0.1,0.1,0.1,0.1,0.1,0.1,0.1,0.1,0.1,0.1,0.1,0
2014,1,24,0,0,0,0,0,0,0,0,0,0,0,0,0,0,0
2014,1,25,0,0,0,0,0,0,0,0,0,0,0,0,0,0,0
2014,1,26,0,0,0,0,0,0,0,0,0,0,0,0,0,0,0
2014,1,27,0,0,0.47,0.62,0.69,0.9,0.5,1.24,0.66,0.58,0.49,0.31,0.41,0.4,0
2014,1,28,0,0,0.1,0.12,0.18,0.1,0.1,0.17,0.11,0.16,0.11,0.1,0.1,0.1,0
2014,1,29,0,0,2.14,2.69,2.68,7.52,2.12,7.68,3.09,2.13,1.95,1.5,1.64,1.66,0
2014,1,30,0,0,0.66,0.85,0.91,1.47,0.69,1.84,0.92,0.76,0.66,0.45,0.55,0.54,0
2014,1,31,0,0,0.42,0.54,0.62,0.73,0.44,1.06,0.57,0.52,0.44,0.27,0.36,0.35,0
2014,2,1,0.1,0,0,0,0,0,0,0,0,0,0,0,0,0,0
2014,2,2,0.16,0,1.48,2.05,2.25,2.89,1.64,3.58,2.01,1.77,1.57,1.36,1.43,1.44,0
2014,2,3,1.1,0,0.1,0.1,0.11,0,0.1,0.1,0.1,0.1,0.1,0.1,0.1,0.1,0
2014,2,4,0.1,0,0.1,0.1,0.1,0,0.1,0.1,0.1,0.1,0.1,0.1,0.1,0.1,0
2014,2,5,0,0,1,1.33,1.5,1.41,1.1,1.99,1.32,1.2,1.04,0.88,0.94,0.94,0
2014,2,6,0,0,0.69,0.9,1.03,0.66,0.75,1.12,0.9,0.84,0.71,0.57,0.63,0.63,0
2014,2,7,0.98,0,0,0,0,0,0,0,0,0,0,0,0,0,0
2014,2,8,0,0,0,0.1,0.1,0,0,0,0.1,0.1,0,0,0,0,0
2014,2,9,0.12,0,0.1,0.1,0.14,0,0.1,0.1,0.11,0.13,0.1,0.1,0.1,0.1,0
2014,2,10,0,0,0,0,0,0,0,0,0,0,0,0,0,0,0
2014,2,11,0,0,1.39,1.9,2.1,2.59,1.54,3.27,1.88,1.66,1.47,1.27,1.34,1.34,0
2014,2,12,0,0,0.75,0.97,1.12,0.8,0.82,1.28,0.98,0.91,0.78,0.63,0.69,0.69,0
2014,2,13,0,0,0.1,0.1,0.11,0,0.1,0.1,0.1,0.1,0.1,0.1,0.1,0.1,0
2014,2,14,0,0,1.42,1.95,2.15,2.69,1.58,3.37,1.92,1.69,1.51,1.3,1.37,1.38,0
2014,2,15,0,0,1.95,2.76,2.99,4.59,2.19,5.32,2.7,2.33,2.1,1.85,1.92,1.93,0
2014,2,16,0,0,2.03,2.89,3.11,4.9,2.28,5.65,2.81,2.42,2.19,1.93,2,2.02,0
2014,2,17,0,0,0,0,0,0,0,0,0,0,0,0,0,0,0
2014,2,18,0,0,0,0,0,0,0,0,0,0,0,0,0,0,0
2014,2,19,0,0,0.29,0.35,0.44,0.1,0.3,0.26,0.36,0.37,0.28,0.2,0.24,0.24,0
2014,2,20,0,0,1.18,1.59,1.78,1.94,1.31,2.57,1.58,1.41,1.24,1.06,1.13,1.13,0
2014,2,21,0,0,0.86,1.14,1.29,1.03,0.94,1.57,1.13,1.04,0.89,0.74,0.8,0.8,0
2014,2,22,0,0,0,0,0,0,0,0,0,0,0,0,0,0,0
2014,2,23,0,0,0,0,0.1,0,0,0,0,0.1,0,0,0,0,0
2014,2,24,0,0,0,0,0,0,0,0,0,0,0,0,0,0,0
2014,2,25,0,0,0,0,0,0,0,0,0,0,0,0,0,0,0
2014,2,26,0,0,0,0,0,0,0,0,0,0,0,0,0,0,0
2014,2,27,0,0,0.1,0.1,0.1,0,0.1,0.1,0.1,0.1,0.1,0.1,0.1,0.1,0
2014,2,28,0,0,2.18,3.13,3.37,5.5,2.46,6.24,3.04,2.61,2.36,2.09,2.16,2.18,0
2014,3,1,0.1,0,0,0,0.1,0,0,0.1,0,0.1,0,0,0,0,0
2014,3,2,2.59,0,0,0,0,0,0,0,0,0,0,0,0,0,0
2014,3,3,2.74,0,1.02,1.02,1.16,0.85,0.93,1.26,1.13,1.11,0.96,0.87,0.92,0.91,0
2014,3,4,5.22,0,0.73,0.74,0.85,0.51,0.68,0.82,0.8,0.83,0.7,0.61,0.66,0.65,0
2014,3,5,2.85,0,0,0,0,0,0,0,0,0.1,0,0,0,0,0
2014,3,6,0.86,0,0,0,0,0,0,0.1,0,0.1,0,0,0,0,0
2014,3,7,2.97,0,0.91,0.89,1.03,0.72,0.84,1.09,0.99,1.01,0.84,0.76,0.8,0.8,0
2014,3,8,3.39,0,0.93,0.91,1.05,0.74,0.85,1.12,1,1.02,0.86,0.77,0.81,0.81,0
2014,3,9,0.77,0,0,0.1,0.1,0,0,0.1,0.1,0.1,0.1,0.1,0.1,0.1,0
2014,3,10,0.48,0,2.14,2.06,2.26,2.49,1.92,2.89,2.42,2.05,1.9,1.94,1.9,1.91,0
2014,3,11,0,0,0.58,0.62,0.73,0.35,0.55,0.7,0.66,0.73,0.59,0.49,0.55,0.54,0
2014,3,12,0,0,1.14,1.14,1.28,0.98,1.05,1.41,1.28,1.2,1.07,0.99,1.03,1.02,0
2014,3,13,0,0,0,0,0,0,0,0,0,0.1,0,0,0,0,0
2014,3,14,0,0.24,5.07,4.84,5.21,7.84,4.45,7.83,5.99,4.5,4.41,4.96,4.61,4.66,1.13
2014,3,15,0,0,0.1,0.1,0.18,0.1,0.1,0.15,0.1,0.25,0.11,0.1,0.1,0.1,0
2014,3,16,0,6.5,4.28,4.09,4.41,6.31,3.78,6.44,5.01,3.84,3.73,4.13,3.88,3.92,0.1
2014,3,17,0,0,2.47,2.39,2.6,3.01,2.21,3.38,2.83,2.31,2.2,2.28,2.22,2.23,0
2014,3,18,0,0,1.2,1.19,1.33,1.07,1.1,1.47,1.34,1.24,1.11,1.04,1.07,1.07,0
2014,3,19,0,0.5,3.5,3.35,3.61,4.84,3.1,5.08,4.05,3.18,3.06,3.32,3.15,3.18,0
2014,3,20,0,0,0,0,0,0,0,0,0,0,0,0,0,0,0
2014,3,21,0,0,0,0,0,0,0,0,0,0,0,0,0,0,0
2014,3,22,0,0,0,0,0,0,0,0,0,0,0,0,0,0,0
2014,3,23,0.17,0,0,0,0,0,0,0,0,0,0,0,0,0,0
2014,3,24,2.33,0,0,0,0,0,0,0,0,0,0,0,0,0,0
2014,3,25,0,0,0,0,0,0,0,0,0,0,0,0,0,0,0
2014,3,26,0,0,0,0,0,0,0,0,0,0,0,0,0,0,0
2014,3,27,0,0,0,0,0,0,0,0,0,0,0,0,0,0,0
2014,3,28,0,0,0,0,0,0,0,0,0,0,0,0,0,0,0
2014,3,29,0,0,0,0,0.1,0,0,0.1,0,0.1,0,0,0,0,0
2014,3,30,0,0,1.56,1.52,1.69,1.59,1.41,2.02,1.74,1.57,1.42,1.37,1.39,1.39,0
2014,3,31,0,0,1.39,1.35,1.49,1.35,1.26,1.73,1.54,1.41,1.26,1.21,1.23,1.23,0
2014,4,1,0,6.59,10.25,9.12,10.3,12.37,9.65,12.36,9.94,8.4,7.99,7.86,7.91,8.15,8.62
2014,4,2,0,18.79,5.98,5.3,6.14,6.1,5.63,6.65,5.86,5,4.8,4.54,4.65,4.8,0.1
2014,4,3,0,0,0.14,0.31,0.61,0.1,0.13,0.43,0.33,0.5,0.39,0.22,0.25,0.28,0
2014,4,4,0,0,0,0,0,0,0,0.1,0,0,0,0,0,0,0
2014,4,5,0,0,1.17,1.09,1.55,0.56,1.1,1.25,1.23,1.26,1.15,0.89,0.97,1.01,0
2014,4,6,0,3.16,6.76,5.94,6.89,7.25,6.36,7.72,6.56,5.62,5.35,5.1,5.21,5.37,0.84
2014,4,7,0.17,0.82,6.41,5.65,6.49,6.74,6.04,7.18,6.25,5.29,5.1,4.85,4.96,5.12,0.19
2014,4,8,0.18,17.82,15.56,13.91,15.43,20.6,14.69,19.65,15.04,12.59,11.92,12.04,11.99,12.32,24.97
2014,4,9,0.1,3.42,3.61,3.16,3.86,3.07,3.4,3.84,3.55,3.15,2.98,2.69,2.81,2.91,0
2014,4,10,4.92,0,0,0,0.1,0,0,0.1,0,0.1,0,0,0,0,0
2014,4,11,16.9,0,0.1,0.21,0.5,0.1,0.1,0.36,0.2,0.41,0.29,0.13,0.15,0.17,0
2014,4,12,2.68,1.08,6.04,5.35,6.19,6.19,5.69,6.71,5.91,5.04,4.84,4.58,4.69,4.84,0.1
2014,4,13,1.98,0,0.45,0.53,0.85,0.1,0.42,0.59,0.6,0.69,0.61,0.42,0.47,0.49,0
2014,4,14,1.13,0,3.06,2.72,3.33,2.38,2.88,3.13,3.06,2.71,2.6,2.31,2.42,2.51,0
2014,4,15,9.68,0,1.32,1.26,1.72,0.67,1.24,1.41,1.43,1.4,1.31,1.03,1.12,1.17,0
2014,4,16,15.1,0,1.25,1.18,1.64,0.62,1.18,1.34,1.34,1.34,1.24,0.97,1.05,1.1,0
2014,4,17,1.63,0,1.07,0.98,1.43,0.48,1.01,1.14,1.13,1.16,1.05,0.81,0.89,0.93,0
2014,4,18,0.48,0,0.12,0.3,0.6,0.1,0.12,0.42,0.32,0.49,0.39,0.21,0.24,0.27,0
2014,4,19,0,0,0.4,0.5,0.82,0.1,0.38,0.56,0.56,0.66,0.58,0.39,0.43,0.46,0
2014,4,20,0,0,0.1,0.21,0.51,0.1,0.1,0.36,0.21,0.41,0.3,0.13,0.16,0.18,0
2014,4,21,0,0,0,0.1,0.16,0,0,0.13,0.1,0.13,0.1,0.1,0.1,0.1,0
2014,4,22,0,0,0.43,0.53,0.85,0.1,0.41,0.58,0.59,0.69,0.6,0.41,0.46,0.49,0
2014,4,23,0,0,0,0.1,0.26,0,0,0.2,0.1,0.21,0.1,0.1,0.1,0.1,0
2014,4,24,0.75,0,0,0.1,0.1,0,0,0.1,0,0.1,0.1,0.1,0,0.1,0
2014,4,25,0,0,0,0,0,0,0,0.1,0,0,0,0,0,0,0
2014,4,26,0,0,0.48,0.56,0.88,0.1,0.45,0.6,0.62,0.71,0.63,0.44,0.49,0.52,0
2014,4,27,0,0,1.35,1.29,1.75,0.68,1.27,1.43,1.46,1.42,1.33,1.06,1.15,1.2,0
2014,4,28,1.78,0,4.74,4.17,4.9,4.47,4.46,5.08,4.65,3.99,3.85,3.57,3.69,3.81,0
2014,4,29,5.39,0,1.54,1.44,1.91,0.78,1.45,1.57,1.63,1.55,1.46,1.19,1.28,1.34,0
2014,4,30,2.48,0,1.22,1.16,1.61,0.6,1.15,1.31,1.31,1.31,1.21,0.94,1.03,1.07,0
2014,5,1,0,0,0.68,0.97,1.51,0.1,0.87,0.86,1.1,1.21,0.89,0.73,0.92,0.83,0
2014,5,2,2.39,0,2.69,2.58,3.19,1.33,2.78,2.05,2.94,2.67,2.62,2.15,2.45,2.5,0
2014,5,3,0.89,3.7,9.57,9.16,9.21,8.86,9.03,8.7,9.55,8.45,8.84,7.56,7.96,8.5,4.16
2014,5,4,0,0,0,0.67,1.2,0,0,0.68,0.75,0.94,0.55,0.46,0.63,0.51,0
2014,5,5,0,0,0,0,0,0,0,0.1,0,0,0,0,0,0,0
2014,5,6,0,0,1.52,1.62,2.21,0.55,1.67,1.31,1.86,1.8,1.61,1.31,1.56,1.52,0
2014,5,7,0,0,2.96,2.8,3.41,1.57,3.04,2.27,3.18,2.87,2.86,2.34,2.66,2.73,0
2014,5,8,0,0,1.72,1.77,2.36,0.68,1.86,1.43,2.04,1.94,1.77,1.45,1.7,1.68,0
2014,5,9,0,0,0,0,0,0,0,0.1,0,0,0,0,0,0,0
2014,5,10,63.69,0,0,0,0,0,0,0.1,0,0,0,0,0,0,0
2014,5,11,6.55,0,0,0,0,0,0,0.14,0,0,0,0,0,0,0
2014,5,12,10.94,0,3.19,2.99,3.59,1.76,3.24,2.44,3.39,3.04,3.05,2.51,2.83,2.91,0
2014,5,13,9.88,0,0,0.4,0.91,0,0,0.52,0.43,0.69,0,0.22,0.36,0,0
2014,5,14,16.47,0,0,0.6,1.12,0,0,0.64,0.67,0.87,0.48,0.4,0.56,0.43,0
2014,5,15,13.11,0,1.5,1.6,2.19,0.53,1.65,1.29,1.84,1.78,1.59,1.3,1.54,1.5,0
2014,5,16,10.39,0,0,0,0.43,0,0,0.25,0,0.28,0,0,0,0,0
2014,5,17,0.65,0,3.2,3,3.6,1.77,3.25,2.45,3.4,3.05,3.07,2.51,2.84,2.92,0
2014,5,18,0.64,0,0,0,0,0,0,0.1,0,0,0,0,0,0,0
2014,5,19,11.45,0.33,4.22,3.94,4.51,2.7,4.21,3.29,4.38,3.89,3.99,3.3,3.66,3.81,0
2014,5,20,20.42,12.64,7.98,7.58,7.83,6.87,7.61,6.95,8.02,7.08,7.39,6.28,6.69,7.1,1.85
2014,5,21,32.59,20.92,8.58,8.16,8.35,7.6,8.14,7.61,8.57,7.59,7.92,6.74,7.14,7.61,2.59
2014,5,22,4.97,0.72,5.1,4.77,5.28,3.57,5,4.08,5.21,4.62,4.76,3.97,4.35,4.56,0
2014,5,23,6.51,0,3.49,3.25,3.86,2.03,3.53,2.69,3.67,3.29,3.32,2.73,3.07,3.17,0
2014,5,24,29.29,0,1.76,1.8,2.4,0.71,1.9,1.46,2.08,1.97,1.81,1.48,1.74,1.72,0
2014,5,25,26.26,2.41,6.89,6.49,6.85,5.57,6.63,5.82,6.95,6.12,6.39,5.4,5.8,6.14,0.63
2014,5,26,12.12,2.59,11.84,11.5,11.24,11.84,11.05,11.28,11.78,10.45,10.92,9.43,9.81,10.52,8.3
2014,5,27,1.96,0,3.17,2.98,3.58,1.75,3.23,2.43,3.38,3.03,3.04,2.5,2.82,2.9,0
2014,5,28,2.15,0,0,0.51,1.03,0,0,0.59,0.57,0.79,0.38,0.32,0.47,0.34,0
2014,5,29,9.49,0,4,3.75,4.32,2.47,4,3.09,4.17,3.72,3.79,3.13,3.49,3.62,0
2014,5,30,3.24,18,14.03,13.8,13.21,14.84,12.99,13.88,13.95,12.43,12.95,11.26,11.61,12.48,12.91
2014,5,31,4.43,6.54,6.85,6.46,6.82,5.53,6.6,5.78,6.92,6.1,6.36,5.37,5.77,6.11,0.6
2014,6,1,3.5,0,3.08,2.89,3.53,1.45,3.15,2.1,3.12,3.01,2.9,2.57,2.87,2.86,0
2014,6,2,10.12,0,1.66,1.69,2.23,0.48,1.86,1.2,1.78,1.99,1.66,1.56,1.81,1.72,0
2014,6,3,1.04,0,1.6,1.64,2.17,0.44,1.81,1.17,1.73,1.95,1.61,1.51,1.76,1.67,0
2014,6,4,0,3.63,5.39,4.94,5.79,3.51,5.16,3.93,5.33,4.77,4.89,4.25,4.57,4.68,0.46
2014,6,5,2.96,0,0.43,0.69,1.2,0,0.67,0.63,0.63,1.19,0.57,0.69,0.85,0.68,0
2014,6,6,7.46,0,0.72,0.93,1.45,0.1,0.96,0.75,0.91,1.38,0.83,0.9,1.09,0.93,0
2014,6,7,11.93,0,0.87,1.05,1.57,0.1,1.1,0.81,1.04,1.47,0.96,1,1.21,1.05,0
2014,6,8,14.43,6.92,8.19,7.46,8.62,6.41,7.53,6.48,8.02,6.95,7.3,6.29,6.59,6.85,4.03
2014,6,9,17.73,0,7.43,6.77,7.84,5.59,6.89,5.76,7.28,6.35,6.64,5.73,6.04,6.26,2.85
2014,6,10,13.79,0,7.12,6.49,7.53,5.26,6.63,5.47,6.99,6.11,6.38,5.5,5.82,6.02,2.41
2014,6,11,14.59,5.81,4.89,4.49,5.3,3.04,4.74,3.51,4.86,4.39,4.47,3.88,4.21,4.29,0.15
2014,6,12,7.71,0,5.72,5.23,6.12,3.83,5.45,4.21,5.65,5.03,5.18,4.48,4.81,4.94,0.75
2014,6,13,27.14,4.2,4.63,4.26,5.03,2.79,4.51,3.29,4.6,4.19,4.24,3.69,4.01,4.09,0.1
2014,6,14,6.79,0.1,3.63,3.37,4.05,1.9,3.64,2.5,3.64,3.42,3.37,2.96,3.27,3.29,0
2014,6,15,3.63,0,1.63,1.66,2.2,0.46,1.84,1.19,1.75,1.97,1.63,1.53,1.78,1.69,0
2014,6,16,0,0,1.45,1.51,2.04,0.36,1.66,1.09,1.58,1.85,1.47,1.4,1.64,1.54,0
2014,6,17,3.23,0,1.53,1.58,2.11,0.4,1.74,1.13,1.66,1.9,1.54,1.46,1.71,1.61,0
2014,6,18,2.83,0,1.21,1.32,1.85,0.24,1.43,0.97,1.36,1.69,1.26,1.24,1.47,1.34,0
2014,6,19,4.03,0,0.71,0.92,1.44,0.1,0.95,0.75,0.9,1.37,0.82,0.89,1.08,0.92,0
2014,6,20,16.81,0,0.9,1.07,1.59,0.1,1.13,0.83,1.07,1.5,0.99,1.03,1.23,1.08,0
2014,6,21,26.45,0,2.7,2.56,3.17,1.16,2.81,1.84,2.76,2.73,2.56,2.29,2.58,2.55,0
2014,6,22,14.18,0,3.25,3.04,3.69,1.59,3.3,2.22,3.28,3.14,3.04,2.69,2.99,2.99,0
2014,6,23,18.91,3.26,6.05,5.53,6.45,4.16,5.73,4.5,5.96,5.28,5.46,4.73,5.05,5.19,1.08
2014,6,24,8.4,2.01,6.97,6.36,7.38,5.11,6.51,5.34,6.85,6,6.25,5.4,5.71,5.91,2.2
2014,6,25,3.09,0,7.06,6.44,7.47,5.2,6.58,5.42,6.94,6.07,6.33,5.46,5.78,5.98,2.33
2014,6,26,0.1,0,0,0,0,0,0,0.1,0,0,0,0,0,0,0
2014,6,27,0,0,0,0.33,0.84,0,0,0.46,0,0.89,0,0.38,0.51,0,0
2014,6,28,1.18,0,0.64,0.86,1.38,0.1,0.88,0.72,0.82,1.32,0.75,0.84,1.02,0.86,0
2014,6,29,1.93,0,2.23,2.16,2.74,0.83,2.39,1.54,2.32,2.39,2.16,1.96,2.23,2.18,0
2014,6,30,0.2,0,0.66,0.87,1.4,0.1,0.9,0.72,0.84,1.34,0.77,0.85,1.04,0.88,0
2014,7,1,6.54,0,0,0,0.67,0,0,0.16,0,0,0,0,0,0,0
2014,7,2,0,0,5.01,4.3,5.07,2.72,4.68,3.34,4.74,4.13,4.27,3.82,4.09,4.12,0.1
2014,7,3,0,2.05,7.19,5.98,6.66,4.65,6.44,5.02,6.64,5.55,5.79,5.22,5.5,5.54,1.6
2014,7,4,0.62,2.72,5.33,4.55,5.31,2.99,4.94,3.57,5.02,4.34,4.5,4.02,4.3,4.33,0.21
2014,7,5,0,0,0.67,0.99,2.01,0,0.73,0.79,0.96,1.33,0.99,1.07,1.09,0.98,0
2014,7,6,1.24,13.14,10.83,8.77,9.29,8.21,9.27,8.12,9.81,7.89,8.26,7.54,7.8,7.83,5.87
2014,7,7,3.26,7.01,0,0,1.4,0,0,0.45,0,0.69,0,0.46,0,0,0
2014,7,8,8.49,5.31,7.1,5.91,6.59,4.56,6.36,4.95,6.56,5.49,5.73,5.16,5.44,5.49,1.51
2014,7,9,0.29,0,4.89,4.21,4.99,2.62,4.58,3.25,4.64,4.05,4.19,3.74,4.01,4.04,0.1
2014,7,10,0,0,0,0,0.44,0,0,0.1,0,0,0,0,0,0,0
2014,7,11,15.43,0,0,0,0.77,0,0,0.2,0,0,0,0,0,0,0
2014,7,12,29.05,0,0,0,0,0,0,0.1,0,0,0,0,0,0,0
2014,7,13,23.85,0,1.37,1.5,2.45,0.23,1.46,1.07,1.56,1.75,1.56,1.49,1.6,1.54,0
2014,7,14,4.58,0,4.79,4.13,4.91,2.53,4.5,3.17,4.54,3.98,4.11,3.67,3.94,3.97,0.1
2014,7,15,4.1,0,0.79,1.08,2.09,0.1,0.85,0.83,1.06,1.4,1.09,1.14,1.18,1.08,0
2014,7,16,1.98,0,0,0.32,1.47,0,0,0.49,0,0.76,0,0.53,0,0,0
2014,7,17,0.1,0,0,0.5,1.62,0,0,0.56,0.4,0.92,0.45,0.67,0.6,0,0
2014,7,18,0,0.1,2.67,2.49,3.36,0.96,2.68,1.76,2.69,2.59,2.56,2.31,2.51,2.51,0
2014,7,19,0,0,0.52,0.87,1.92,0,0.58,0.73,0.82,1.23,0.86,0.98,0.97,0.85,0
2014,7,20,0,0,0,0.44,1.57,0,0,0.54,0.34,0.87,0,0.63,0.54,0,0
2014,7,21,0,0,1.86,1.87,2.79,0.47,1.94,1.31,1.98,2.06,1.95,1.79,1.94,1.92,0
2014,7,22,1.59,5.44,3.4,3.06,3.89,1.46,3.33,2.22,3.33,3.07,3.11,2.78,3.01,3.03,0
2014,7,23,0,1.6,9.43,7.7,8.28,6.8,8.19,6.9,8.59,7,7.32,6.65,6.92,6.96,4.07
2014,7,24,1.81,0,5.76,4.88,5.62,3.36,5.29,3.9,5.4,4.62,4.8,4.3,4.58,4.62,0.45
2014,7,25,2.01,0,0,0,0,0,0,0,0,0,0,0,0,0,0
2014,7,26,0.1,0,2.64,2.47,3.35,0.94,2.66,1.75,2.67,2.58,2.55,2.29,2.49,2.49,0
2014,7,27,1.06,0.55,6.37,5.35,6.06,3.9,5.78,4.37,5.93,5.02,5.23,4.69,4.97,5.01,0.88
2014,7,28,0,0,1.23,1.4,2.36,0.16,1.3,1.01,1.43,1.66,1.45,1.4,1.5,1.43,0
2014,7,29,0,0,0,0,1.3,0,0,0.41,0,0.59,0,0.36,0,0,0
2014,7,30,0,0.91,5.9,4.99,5.72,3.48,5.4,4.01,5.52,4.71,4.9,4.39,4.67,4.71,0.54
2014,7,31,6.12,0,2.48,2.35,3.23,0.83,2.52,1.65,2.52,2.47,2.42,2.19,2.38,2.37,0
2014,8,1,0,0,0,0.76,1.96,0,0,0.71,0.71,1.23,0.64,0.77,0.88,0.75,0
2014,8,2,8.22,0,4.83,4.17,5.23,2.52,4.63,3.16,4.88,4.23,4.35,3.75,4.21,4.32,0.1
2014,8,3,0,0,2.42,2.31,3.36,0.76,2.37,1.62,2.67,2.55,2.49,2.17,2.51,2.52,0
2014,8,4,2.79,0,2.8,2.6,3.64,1,2.74,1.83,3.02,2.81,2.79,2.42,2.78,2.81,0
2014,8,5,0,0,0.56,0.96,2.12,0,0,0.8,0.97,1.39,0.89,0.96,1.11,0.99,0
2014,8,6,0,0,0,0,0.68,0,0,0.16,0,0,0,0,0,0,0
2014,8,7,0,0,0,0,1.01,0,0,0.28,0,0,0,0,0,0,0
2014,8,8,2.57,0,0.6,0.99,2.15,0,0,0.82,1.01,1.42,0.93,0.99,1.15,1.03,0
2014,8,9,4.33,0,2.39,2.28,3.33,0.74,2.34,1.6,2.64,2.53,2.46,2.15,2.48,2.49,0
2014,8,10,0,2.87,6.26,5.28,6.37,3.73,5.91,4.22,6.18,5.24,5.39,4.66,5.18,5.33,0.72
2014,8,11,3.8,0.1,1.89,1.91,2.97,0.45,1.83,1.34,2.19,2.2,2.06,1.82,2.12,2.11,0
2014,8,12,9.5,0,0.88,1.19,2.32,0,0.74,0.92,1.28,1.58,1.18,1.18,1.38,1.28,0
2014,8,13,0.51,0,0,0,0.91,0,0,0.24,0,0,0,0,0,0,0
2014,8,14,10.62,0,2.93,2.7,3.74,1.09,2.87,1.91,3.14,2.9,2.9,2.51,2.88,2.91,0
2014,8,15,8.25,0,0,0,0,0,0,0,0,0,0,0,0,0,0
2014,8,16,3.67,0,1.5,1.62,2.7,0.25,1.42,1.16,1.83,1.95,1.73,1.57,1.83,1.79,0
2014,8,17,4.91,7.67,13.25,10.77,12.02,10.61,11.97,10.26,12.47,10.2,10.28,9.07,9.73,10.05,9.14
2014,8,18,12.23,0,0,0,1.33,0,0,0.4,0,0.56,0,0,0,0,0
2014,8,19,4.27,0,0,0,0,0,0,0.1,0,0,0,0,0,0,0
2014,8,20,4.64,0,0,0,0,0,0,0,0,0,0,0,0,0,0
2014,8,21,18.55,0,1.2,1.41,2.51,0.11,1.08,1.03,1.56,1.77,1.48,1.38,1.61,1.55,0
2014,8,22,14.82,1.08,2.86,2.64,3.69,1.04,2.8,1.87,3.08,2.85,2.84,2.46,2.82,2.86,0
2014,8,23,17.19,2.92,2.44,2.32,3.36,0.77,2.38,1.63,2.68,2.56,2.5,2.18,2.52,2.53,0
2014,8,24,1.62,16.02,17.89,14.42,15.77,15.62,15.9,14.68,16.61,13.49,13.41,11.93,12.65,13.08,16.68
2014,8,25,3.82,11.61,17,13.72,15.05,14.65,15.15,13.81,15.81,12.86,12.81,11.39,12.09,12.5,15.16
2014,8,26,13.38,0,4.77,4.12,5.17,2.46,4.57,3.12,4.82,4.18,4.3,3.7,4.16,4.27,0.1
2014,8,27,3.18,5.24,4.54,3.94,5,2.29,4.37,2.96,4.62,4.03,4.13,3.56,4.01,4.11,0
2014,8,28,9.15,0,0.78,1.12,2.25,0,0.63,0.88,1.18,1.52,1.09,1.12,1.29,1.19,0
2014,8,29,8.91,0,4.33,3.77,4.82,2.11,4.17,2.81,4.42,3.87,3.97,3.42,3.86,3.95,0
2014,8,30,12.53,9.87,12.76,10.39,11.62,10.1,11.55,9.81,12.03,9.86,9.94,8.76,9.42,9.73,8.4
2014,8,31,5.94,0,0,0,1.02,0,0,0.28,0,0,0,0,0,0,0
2014,9,1,0,0,1.75,1.86,3.24,0.51,1.29,1.4,2.13,2.23,1.61,1.58,1.87,1.76,0
2014,9,2,4.95,0,2.9,2.67,4.01,1.18,2.58,1.95,3.13,2.93,2.76,2.29,2.76,2.79,0
2014,9,3,0,0,3.07,2.8,4.13,1.29,2.75,2.04,3.27,3.04,2.91,2.4,2.89,2.93,0
2014,9,4,0,0,0,1.03,2.56,0,0,0.97,1.07,1.61,0,0.92,0.82,0,0
2014,9,5,8.83,0,2.65,2.49,3.83,1.02,2.33,1.81,2.9,2.77,2.53,2.13,2.57,2.57,0
2014,9,6,2.41,0,9.16,7.66,9.12,6.72,8.37,6.8,8.98,7.62,7.91,6.94,7.61,7.74,3.71
2014,9,7,2.62,0,2.81,2.6,3.94,1.12,2.49,1.9,3.04,2.87,2.67,2.23,2.69,2.71,0
2014,9,8,8.76,13.93,7.85,6.59,8.02,5.4,7.2,5.63,7.74,6.6,6.89,5.92,6.61,6.74,2
2014,9,9,14.68,2.9,3.49,3.12,4.45,1.59,3.17,2.29,3.66,3.33,3.29,2.69,3.23,3.29,0
2014,9,10,0,0,0,1.12,2.62,0,0,1.01,1.18,1.67,0,0.98,0.93,0,0
2014,9,11,15.75,0,0,0,1.17,0,0,0.35,0,0,0,0,0,0,0
2014,9,12,14.27,0,3.32,2.99,4.32,1.47,3,2.19,3.5,3.21,3.13,2.57,3.09,3.14,0
2014,9,13,7.61,0,2.75,2.56,3.9,1.08,2.42,1.86,2.99,2.83,2.61,2.19,2.64,2.66,0
2014,9,14,5.32,0,1.09,1.46,2.89,0.22,0,1.17,1.63,1.91,0.92,1.25,1.36,1.12,0
2014,9,15,0,0,2,2.02,3.39,0.64,1.6,1.5,2.34,2.37,1.88,1.73,2.05,1.99,0
2014,9,16,4.32,1.82,3.27,2.95,4.28,1.44,2.96,2.16,3.46,3.18,3.09,2.54,3.05,3.11,0
2014,9,17,10.55,3.56,5.71,4.87,6.24,3.4,5.27,3.86,5.73,4.95,5.17,4.3,4.96,5.09,0.13
2014,9,18,13.99,0,3.18,2.89,4.22,1.38,2.87,2.11,3.38,3.12,3.02,2.48,2.98,3.03,0
2014,9,19,1.82,2.42,2.95,2.71,4.04,1.21,2.63,1.97,3.17,2.96,2.8,2.32,2.8,2.83,0
2014,9,20,6.27,8.97,11.02,9.19,10.7,8.7,10.03,8.57,10.76,9.1,9.36,8.41,9.03,9.14,6.64
2014,9,21,9.06,6.93,6.24,5.29,6.67,3.87,5.75,4.27,6.22,5.35,5.6,4.7,5.37,5.5,0.45
2014,9,22,0,0,0.87,1.32,2.77,0.13,0,1.1,1.45,1.81,0,1.14,1.18,0.91,0
2014,9,23,0.86,0,0,0.86,2.44,0,0,0.91,0.86,1.5,0,0.78,0,0,0
2014,9,24,20.12,0,0,0.92,2.48,0,0,0.93,0.93,1.54,0,0.82,0.7,0,0
2014,9,25,8.47,0,0.75,1.25,2.71,0.1,0,1.06,1.34,1.75,0,1.07,1.07,0.8,0
2014,9,26,15.55,6.71,12.52,10.42,11.96,10.33,11.34,10.04,12.18,10.29,10.5,9.59,10.15,10.25,9.28
2014,9,27,0,14.9,18.66,15.5,17.16,17.47,16.69,16.47,18.02,15.25,15.11,14.54,14.75,14.72,22.1
2014,9,28,0,0,0,0,1.78,0,0,0.59,0,0.87,0,0,0,0,0
2014,9,29,9.65,0,3.37,3.03,4.36,1.51,3.06,2.22,3.55,3.25,3.19,2.61,3.13,3.19,0
2014,9,30,0,1.42,7.16,6.04,7.44,4.73,6.58,5.03,7.09,6.06,6.34,5.39,6.08,6.21,1.25
2014,10,1,5.24,0,4.8,4.39,5.32,3.84,4.89,4.46,5.02,4.36,4.17,3.73,4.02,4.02,0.29
2014,10,2,0,0,0.58,1.04,2.12,0.28,1.16,1.03,0.98,1.39,0.63,0.75,0.81,0.83,0
2014,10,3,0,0,5.22,4.77,5.69,4.36,5.28,4.95,5.48,4.72,4.58,4.11,4.39,4.4,0.67
2014,10,4,0,8.55,15.03,14.41,14.65,20.38,14.7,19.88,17.01,13.75,14.78,14.5,13.69,14.2,25.86
2014,10,5,0,0,5.45,4.98,5.88,4.65,5.49,5.21,5.73,4.91,4.8,4.32,4.59,4.6,0.92
2014,10,6,0.63,0,3.51,3.23,4.22,2.37,3.67,3.09,3.64,3.31,2.96,2.62,2.91,2.89,0
2014,10,7,9.69,0,0,0.79,1.88,0.13,0.81,0.85,0.66,1.19,0.33,0.57,0.56,0.61,0
2014,10,8,0,0.64,1.41,1.55,2.6,0.65,1.8,1.42,1.61,1.82,1.18,1.14,1.3,1.3,0
2014,10,9,0,7.42,8.59,7.98,8.71,9.2,8.5,9.45,9.32,7.69,7.96,7.42,7.48,7.61,6.75
2014,10,10,2.06,24.72,14.58,13.96,14.24,19.55,14.27,19.1,16.46,13.32,14.29,13.99,13.25,13.73,24.35
2014,10,11,1.54,44.8,28.13,28,26.96,46.56,27.42,44.51,33.26,26.66,29.25,30.19,26.86,28.36,76.28
2014,10,12,4.87,5.32,32.52,32.65,31.12,55.9,31.69,53.3,38.79,31.1,34.2,35.67,31.37,33.24,94.76
2014,10,13,1.09,0,8.21,7.6,8.36,8.6,8.13,8.89,8.87,7.34,7.56,7.03,7.12,7.23,5.86
2014,10,14,1.89,8.18,6.33,5.81,6.67,5.84,6.34,6.32,6.72,5.67,5.67,5.16,5.39,5.43,2.17
2014,10,15,5.07,0,4.3,3.93,4.88,3.24,4.41,3.9,4.47,3.94,3.69,3.29,3.58,3.57,0.1
2014,10,16,5.7,24.21,10.52,9.87,10.47,12.34,10.35,12.37,11.58,9.47,9.96,9.46,9.3,9.53,11.74
2014,10,17,53.19,6.21,9.15,8.52,9.22,10.09,9.04,10.28,9.97,8.21,8.54,8.01,8.01,8.16,8.12
2014,10,18,0.96,10.95,12.5,11.85,12.3,15.77,12.26,15.57,13.94,11.33,12.06,11.64,11.22,11.56,17.6
2014,10,19,3.83,7.64,13.09,12.44,12.85,16.82,12.83,16.55,14.65,11.89,12.68,12.29,11.79,12.17,19.45
2014,10,20,4.9,32.49,11.42,10.77,11.31,13.89,11.22,13.81,12.66,10.32,10.92,10.45,10.18,10.45,14.34
2014,10,21,1.31,15.04,13.24,12.6,12.99,17.1,12.98,16.81,14.84,12.04,12.85,12.47,11.94,12.33,19.94
2014,10,22,0.9,22.79,13.73,13.09,13.44,17.98,13.45,17.64,15.43,12.5,13.37,13.02,12.42,12.84,21.52
2014,10,23,12.2,18.21,20.67,20.21,19.94,31.28,20.17,30.11,23.94,19.25,20.94,21.11,19.31,20.21,46.37
2014,10,24,3.99,31.54,12.15,11.5,11.98,15.16,11.93,15.01,13.53,11.01,11.69,11.25,10.88,11.2,16.54
2014,10,25,0,11.11,11.58,10.92,11.45,14.15,11.37,14.06,12.84,10.46,11.08,10.62,10.32,10.61,14.79
2014,10,26,3.54,29.45,14.44,13.81,14.1,19.29,14.13,18.86,16.29,13.19,14.14,13.82,13.11,13.58,23.87
2014,10,27,0,98.63,26.29,26.06,25.2,42.72,25.65,40.83,30.95,24.8,27.18,27.92,24.99,26.33,68.56
2014,10,28,0,26.7,23.3,22.94,22.41,36.58,22.73,35.1,27.21,21.85,23.86,24.28,21.96,23.07,56.64
2014,10,29,0.33,37.94,14.12,13.49,13.81,18.7,13.82,18.31,15.9,12.88,13.79,13.46,12.8,13.24,22.81
2014,10,30,0,24.46,23.7,23.36,22.79,37.4,23.12,35.87,27.71,22.25,24.3,24.77,22.37,23.51,58.24
2014,10,31,0,0,2.28,2.21,3.23,1.24,2.55,2.01,2.4,2.39,1.88,1.69,1.93,1.91,0
2014,11,1,0.1,0,0,0.11,0.5,0.1,0,0.31,0,0.22,0.1,0.1,0.1,0.1,0
2014,11,2,0,0,0.1,0.37,0.82,0.21,0.22,0.64,0.18,0.46,0.25,0.15,0.21,0.17,0
2014,11,3,2.2,0,1.25,1.47,1.9,1.59,1.28,2.33,1.31,1.37,1.15,0.81,0.96,0.92,0
2014,11,4,0.1,0,2.65,2.99,3.3,4.39,2.59,5.3,3.01,2.57,2.3,1.79,1.99,1.96,0
2014,11,5,0.15,0,2.2,2.5,2.85,3.4,2.17,4.26,2.45,2.18,1.93,1.46,1.65,1.62,0
2014,11,6,3.03,0,2.99,3.38,3.65,5.2,2.91,6.13,3.45,2.87,2.59,2.04,2.25,2.22,0
2014,11,7,0.1,0,6.55,7.62,7.43,15.67,6.25,16.74,8.35,6.16,5.59,4.87,5.13,5.08,0.1
2014,11,8,1.15,1.6,7.91,9.31,8.93,20.33,7.53,21.43,10.32,7.45,6.75,6.02,6.27,6.21,1.13
2014,11,9,0,0,0,0.27,0.71,0.13,0.11,0.51,0.1,0.37,0.16,0.1,0.14,0.11,0
2014,11,10,0,0,4.08,4.64,4.78,8.06,3.93,9.05,4.89,3.85,3.49,2.87,3.11,3.07,0
2014,11,11,0,0,0.92,1.14,1.59,1.09,0.98,1.76,0.95,1.1,0.89,0.6,0.73,0.69,0
2014,11,12,0,0,2.04,2.32,2.69,3.06,2.02,3.91,2.25,2.04,1.8,1.35,1.53,1.5,0
2014,11,13,0.1,0,2,2.27,2.64,2.97,1.98,3.81,2.2,2,1.77,1.32,1.5,1.46,0
2014,11,14,0,0,3.01,3.39,3.66,5.24,2.92,6.17,3.47,2.88,2.6,2.05,2.26,2.23,0
2014,11,15,0.1,0,0,0.13,0.53,0.1,0,0.33,0,0.24,0.1,0.1,0.1,0.1,0
2014,11,16,0,0,0,0,0.14,0,0,0.1,0,0,0,0,0,0,0
2014,11,17,0,0,5.39,6.2,6.17,11.93,5.15,12.96,6.69,5.06,4.6,3.91,4.17,4.12,0
2014,11,18,0,0,4.76,5.45,5.5,10.02,4.56,11.04,5.82,4.48,4.07,3.41,3.65,3.62,0
2014,11,19,0,0,2.1,2.38,2.75,3.18,2.08,4.03,2.32,2.09,1.85,1.39,1.58,1.54,0
2014,11,20,0,0,0.21,0.47,0.92,0.29,0.32,0.77,0.27,0.54,0.33,0.2,0.28,0.23,0
2014,11,21,0,0,2.76,3.11,3.41,4.63,2.69,5.55,3.14,2.66,2.39,1.86,2.07,2.03,0
2014,11,22,0.1,0,1.37,1.61,2.03,1.8,1.4,2.56,1.46,1.47,1.25,0.89,1.05,1.01,0
2014,11,23,0,0,3.87,4.39,4.56,7.48,3.73,8.46,4.61,3.66,3.32,2.71,2.94,2.9,0
2014,11,24,0.1,0,0.74,0.96,1.42,0.85,0.81,1.48,0.76,0.96,0.74,0.49,0.61,0.57,0
2014,11,25,0,0,0,0.1,0.37,0.1,0,0.19,0,0.12,0,0,0,0,0
2014,11,26,0,0,0.69,0.91,1.37,0.79,0.76,1.41,0.71,0.92,0.7,0.46,0.58,0.54,0
2014,11,27,0,0,0.85,1.07,1.52,0.99,0.91,1.66,0.88,1.04,0.83,0.56,0.68,0.64,0
2014,11,28,0,0,0,0,0,0,0,0,0,0,0,0,0,0,0
2014,11,29,0,0,4.06,4.62,4.76,8.01,3.91,9,4.87,3.84,3.48,2.86,3.09,3.06,0
2014,11,30,0,0,4.01,4.56,4.71,7.88,3.86,8.86,4.8,3.79,3.44,2.82,3.06,3.02,0
2014,12,1,0,0,2.18,3.01,3.21,6.65,2.29,7.67,2.86,2.27,1.95,1.14,1.42,1.44,0
2014,12,2,0,0,5.08,7.08,6.92,19.04,5.03,20.22,6.98,5.22,4.5,2.64,3.26,3.22,0
2014,12,3,0,0,1.9,2.64,2.86,5.61,2.02,6.6,2.48,1.99,1.71,0.99,1.24,1.26,0
2014,12,4,0,0,2.14,2.96,3.16,6.52,2.26,7.52,2.81,2.24,1.91,1.12,1.4,1.41,0
2014,12,5,0,0,0.1,0.11,0.35,0.1,0.1,0.33,0.1,0.1,0.1,0,0.1,0.1,0
2014,12,6,0,0,0,0,0,0,0,0,0,0,0,0,0,0,0
2014,12,7,0,0,1.24,1.75,2.03,3.3,1.38,4.18,1.59,1.33,1.13,0.65,0.82,0.85,0
2014,12,8,0,0,0.66,0.99,1.3,1.55,0.81,2.28,0.84,0.76,0.62,0.34,0.44,0.48,0
2014,12,9,0,0,1.49,2.08,2.34,4.14,1.63,5.07,1.92,1.58,1.34,0.78,0.98,1,0
2014,12,10,0,0,1.32,1.86,2.13,3.58,1.46,4.44,1.69,1.41,1.2,0.69,0.87,0.9,0
2014,12,11,0,1.71,9,12.74,12.04,38,8.67,39.38,12.75,9.27,7.95,4.64,5.73,5.62,0
2014,12,12,0,0,1.05,1.5,1.79,2.71,1.19,3.51,1.33,1.15,0.96,0.55,0.7,0.73,0
2014,12,13,0,0,0,0.1,0.25,0.1,0.1,0.22,0.1,0.1,0.1,0,0,0.1,0
2014,12,14,0,0,0,0,0.11,0,0,0.1,0,0,0,0,0,0,0
2014,12,15,0,0,0.21,0.41,0.7,0.46,0.34,0.96,0.29,0.31,0.23,0.1,0.15,0.18,0
2014,12,16,0,0,0.26,0.49,0.79,0.59,0.4,1.1,0.35,0.37,0.28,0.13,0.19,0.22,0
2014,12,17,0.1,0,0,0,0.1,0,0,0,0,0,0,0,0,0,0
2014,12,18,0,0,0,0,0,0,0,0,0,0,0,0,0,0,0
2014,12,19,0,0,0,0.1,0.21,0.1,0,0.16,0,0.1,0,0,0,0,0
2014,12,20,0,0,0,0.1,0.29,0.1,0.1,0.27,0.1,0.1,0.1,0,0,0.1,0
2014,12,21,0,0,0,0.1,0.25,0.1,0.1,0.21,0.1,0.1,0.1,0,0,0.1,0
2014,12,22,0,0,0,0,0,0,0,0,0,0,0,0,0,0,0
2014,12,23,0,0,3.08,4.26,4.34,10.24,3.14,11.32,4.11,3.18,2.74,1.6,1.99,1.99,0
2014,12,24,0,0.36,2.85,3.94,4.05,9.3,2.93,10.34,3.79,2.95,2.53,1.49,1.85,1.85,0
2014,12,25,0,0,0,0,0,0,0,0,0,0,0,0,0,0,0
2014,12,26,0,0,0.59,0.9,1.22,1.38,0.74,2.08,0.75,0.7,0.56,0.31,0.4,0.44,0
2014,12,27,0,0,0,0.1,0.19,0.1,0,0.14,0,0.1,0,0,0,0,0
2014,12,28,0,0,3.71,5.14,5.15,12.93,3.74,14.03,5.01,3.82,3.29,1.93,2.4,2.38,0
2014,12,29,0,0,4.34,6.02,5.95,15.65,4.33,16.81,5.9,4.46,3.84,2.25,2.79,2.77,0
2014,12,30,0,0,0,0,0.1,0,0,0.1,0,0,0,0,0,0,0
2014,12,31,0,0,0.56,0.87,1.18,1.31,0.71,1.99,0.72,0.67,0.53,0.29,0.38,0.42,0
